tree
version=v4
num_class=1
num_tree_per_iteration=1
label_index=0
max_feature_idx=27
objective=regression
feature_names=ghi dni dhi temp_ambiente nubosidad viento_velocidad generacion_teorica_mw angulo_cenital_solar azimut_solar elevacion_solar es_de_dia temp_panel hora_sin hora_cos dia_anio_sin dia_anio_cos ghi_cielo_despejado indice_cielo_despejado generacion_teorica_mw_lag_1h generacion_teorica_mw_lag_24h generacion_teorica_mw_lag_168h ghi_lag_1h ghi_lag_24h ghi_lag_168h generacion_horaria_estimada_mw_lag_1h generacion_horaria_estimada_mw_lag_24h generacion_horaria_estimada_mw_lag_168h nubosidad_media_movil
feature_infos=[0:1043] [0:957.10000000000002] [0:437] [7:38.899999999999999] [0:100] [0.40000000000000002:32.899999999999999] [0:0.00086146000000000009] [4.5570677088313687:174.09833613644111] [0.012081198961823247:359.99014538747406] [-84.098336136441091:85.442932291168631] [0:1] [7:68.462500000000006] [-1:1] [-1:1] [-0.9999994220246925:0.99998555065071859] [-0.99997919295908233:0.99054538760918331] [0:1039] [0:1.2] [0:0.00086146000000000009] [0:0.00086146000000000009] [0:0.00086146000000000009] [0:1043] [0:1043] [0:1043] [0:0.00084115571566731144] [0:0.00084115571566731144] [0:0.00084115571566731144] [0:100]
tree_sizes=3041 3051 3030 3023 3057 3041 3031 3043 3039 3032 3047 3054 3065 3051 3045 3035 3044 3070 3042 3021 3040 3060 3031 3048 3055 3017 3047 3045 3058 3054 3068 3070 3056 3050 3043 3053 3068 3079 3045 3052 3052 3062 3026 3029 3056 3027 3002 3054 3034 3037 3047 3053 3038 3032 3052 3060 3054 3016 3026 3053 2786 3027 2576 2951 2398 2504 1654 2577 2123 2700 2489 2308 2217 1576 2584 3045 1945 2305 2645 1938 2322 2401 2382 3009 3036 1932 2112 1947 2215 1922 1958 1736 1466 1731 1567 1934 1910 2117 1819 1914 2051 1673 2120 1634 1940 1830 1287 1564 1641 1844 1925 1832 2014 1933 3029 1638 1649 1657 2008 1649 2388 1717 2222 1760 895 1544 1913 2099 1739 1731 1920 1862 1570 1736 2213 1726 811 2024 1831 1831 1728 2211 1090 1932 1734 1184 2124 901 1732 1741 2292 2869 2020 2393 1716 2296 1724 2389 2935 1740 1724 1745 2608 1078 807 1837 2122 1931 1659 1076 1549 2299 2968 1090 2311 1632 3029 3036 2118 3059 2242 3030 3059 1101 2044 2293 1925 1945 1645 2057 908 1732 1372 3024 2515 2015 1837 2670 1746 3066 1260 2121 2946 2404 2314 2413 2115 3049 2766 1952 2474 2685 2297 2213 2332 2024 3037 2592 3046 1638 2285 988 3032 1450 1175 2319 1912 2960 2489 3058 1341 3041 1727 1626 1743 2494 2888 2317 2026 1446 1710 2684 991 2671 2393 2520 1927 1100 2198 3065 992 1709 1660 3057 2934 3020 2394 1762 2318 1441 1193 992 2234 2565 2401 2949 1178 1709 1524 1465 3056 3061 2868 2199 2290 2759 3057 2404 1709 2201 2209 1167 3037 2002 3065 2558 996 1829 2133 2289 3049 2011 2876 1708 1910 1843 2040 1371 1707 1809

Tree=0
num_leaves=31
num_cat=0
split_feature=9 6 9 6 9 14 6 6 3 8 6 6 6 17 19 14 25 14 14 8 24 2 4 9 24 17 8 4 9 6
split_gain=0.000320869 1.97294e-05 1.88465e-05 4.32195e-06 2.66807e-06 1.82031e-06 1.72756e-06 1.2336e-06 9.54867e-07 9.28975e-07 6.30892e-07 5.16661e-07 5.14156e-07 4.96243e-07 4.68514e-07 4.39269e-07 3.89923e-07 3.87862e-07 3.82932e-07 3.23805e-07 2.94075e-07 2.81435e-07 2.80084e-07 2.51518e-07 2.39366e-07 2.38403e-07 2.34781e-07 2.29381e-07 2.15987e-07 1.74356e-07
threshold=28.732299191336956 0.00056696000000000014 12.23882233335158 0.00069368500000000009 42.560949672883339 0.67802080537253973 0.00021684000000000002 0.00039525000000000004 21.850000000000005 215.01485218476412 0.00041987500000000006 4.2610000000000007e-05 0.00076159500000000011 0.88655657882574068 0.00033561499999999999 0.9916835347852474 0.00051100662678713038 0.78857998149907527 0.85226249403558707 175.33705740607022 0.00036951993722481833 179.50000000000003 22.500000000000004 63.271824967706152 0.00064168694323259395 0.87244288156085525 178.2231062025443 1.5000000000000002 21.299782673864563 0.00052046000000000004
decision_type=2 2 2 2 2 2 2 2 2 2 2 2 2 2 2 2 2 2 2 2 2 2 2 2 2 2 2 2 2 2
left_child=2 4 11 13 7 12 28 19 10 27 16 -1 -5 25 -8 18 -6 23 -7 -2 -21 -11 -9 -15 -14 -3 -19 -10 -4 -24
right_child=1 3 6 5 8 15 14 22 9 21 -12 -13 24 17 -16 -17 -18 26 -20 20 -22 -23 29 -25 -26 -27 -28 -29 -30 -31
leaf_value=0.00017320394242920166 0.00019075669257109999 0.00019775300060873119 0.00017901946791112807 0.00020522822071534789 0.00019199335351468061 0.00019746177266472396 0.00018378283397033426 0.00019333822819916154 0.00020288658900440801 0.00019300166840719818 0.00019659799605619384 0.00017612280061356708 0.00020510805830737254 0.00020034097537116794 0.00018846935643765717 0.00019396047438182554 0.00018430212993382622 0.00019927014602861296 0.0002032564582866459 0.00018418729958513371 0.00018857227490760728 0.00019741071583330419 0.00019018977734244338 0.00020440074197166483 0.00020956279208432304 0.00019214605661727931 0.00019320168713148108 0.00019872310788518003 0.00018213614900888512 0.00019433361718720286
leaf_weight=3747 60 195 270 218 45 39 297 258 58 89 48 158 37 287 65 21 26 37 106 75 78 61 165 44 163 21 28 77 70 30
leaf_count=3747 60 195 270 218 45 39 297 258 58 89 48 158 37 287 65 21 26 37 106 75 78 61 165 44 163 21 28 77 70 30
internal_value=0.000182255 0.000197659 0.000174678 0.000202072 0.000192726 0.000205149 0.000182221 0.000190782 0.000195932 0.000197503 0.00019217 0.000173322 0.000206908 0.000199136 0.000184624 0.000200719 0.000189177 0.000200187 0.000201698 0.000187644 0.000186423 0.000194795 0.000192257 0.000200881 0.000208739 0.000197208 0.000196656 0.000200512 0.000179661 0.000190827
internal_weight=6873 2266 4607 1196 1070 584 702 666 404 285 119 3905 418 612 362 166 71 396 145 213 153 150 453 331 200 216 65 135 340 195
internal_count=6873 2266 4607 1196 1070 584 702 666 404 285 119 3905 418 612 362 166 71 396 145 213 153 150 453 331 200 216 65 135 340 195
is_linear=0
shrinkage=1


Tree=1
num_leaves=31
num_cat=0
split_feature=7 7 7 19 14 19 19 18 7 18 3 7 14 7 19 26 0 20 19 17 13 14 9 1 17 9 18 21 16 7
split_gain=0.000289809 1.76205e-05 1.51079e-05 5.17323e-06 1.71951e-06 1.21227e-06 1.15462e-06 9.42772e-07 9.09799e-07 6.40722e-07 9.0409e-07 6.29747e-07 7.20068e-07 5.24634e-07 4.84229e-07 4.42927e-07 3.80588e-07 3.65836e-07 3.62003e-07 3.33976e-07 2.77782e-07 2.02297e-07 1.89033e-07 1.74932e-07 1.68766e-07 1.23247e-07 1.23019e-07 1.21764e-07 1.11812e-07 1.04785e-07
threshold=62.685165110427157 47.203792385979789 77.466421487095516 0.00067355000000000008 0.23537774960157334 0.00042486500000000002 0.00020991000000000003 0.00022925500000000001 21.162751577311308 0.0005496600000000001 22.650000000000002 36.648386270988794 0.72695311118111527 81.652206078507589 0.00072842000000000013 0.00063707238152824143 681.50000000000011 0.00035437000000000006 0.00033227000000000007 0.84159778343358294 -0.70710678118654757 -0.73354686966117377 21.299782673864563 583.30000000000007 0.96372183738970463 32.465369184801879 0.00045977499999999999 279.50000000000006 644.95000000000016 54.683928545597077
decision_type=2 2 2 2 2 2 2 2 2 2 2 2 2 2 2 2 2 2 2 2 2 2 2 2 2 2 2 2 2 2
left_child=1 3 6 7 8 17 22 16 23 10 -6 12 -9 -4 -11 -13 -1 26 -8 25 29 -10 -2 -5 28 -7 -3 -27 -19 -21
right_child=2 5 13 4 9 19 18 11 21 14 -12 15 -14 -15 -16 -17 -18 24 -20 20 -22 -23 -24 -25 -26 27 -28 -29 -30 -31
leaf_value=1.361995568004204e-05 -3.0748676762982539e-06 1.9259182085749529e-06 -6.2257219765585882e-06 2.0981278669296444e-05 5.1318992642667254e-06 4.7056766413013726e-06 9.9354403534675439e-07 1.9137353159540447e-05 1.8964854500999801e-05 1.6125783398213876e-05 1.8140157313904209e-05 1.4576799588561553e-05 1.4259669677805731e-05 -8.6246084401170698e-06 2.0820080680360461e-05 7.162865228390761e-06 4.7155140123322787e-06 7.1564990661591505e-06 5.3170094275856179e-06 1.3398000558515727e-05 9.367592660047737e-06 2.2153260799314012e-05 3.8132890406746388e-07 2.5924869872088658e-05 9.595501774574765e-06 1.0255436678342062e-05 5.4921694073294977e-06 7.1822994673059133e-06 4.5887293759588076e-06 1.0009570617292976e-05
leaf_weight=20 250 57 243 20 22 22 293 183 99 90 34 495 129 3672 141 21 30 139 58 107 119 100 47 170 51 66 42 63 61 29
leaf_count=20 250 57 243 20 22 22 293 183 99 90 34 495 129 3672 141 21 30 139 58 107 119 100 47 170 51 66 42 63 61 29
internal_value=1.64045e-13 1.44302e-05 -7.30522e-06 1.7476e-05 2.07638e-05 8.16926e-06 -2.33487e-07 1.49447e-05 2.29298e-05 1.78279e-05 1.30298e-05 1.53473e-05 1.71206e-05 -8.47571e-06 1.89911e-05 1.42751e-05 8.27729e-06 6.01281e-06 1.70796e-06 1.00283e-05 1.11318e-05 2.05671e-05 -2.52793e-06 2.54045e-05 7.02803e-06 8.16469e-06 3.43887e-06 8.7546e-06 6.37333e-06 1.26755e-05
internal_weight=6873 2310 4563 1554 676 756 648 878 389 287 56 828 312 3915 231 516 50 350 351 406 255 199 297 190 251 151 99 129 200 136
internal_count=6873 2310 4563 1554 676 756 648 878 389 287 56 828 312 3915 231 516 50 350 351 406 255 199 297 190 251 151 99 129 200 136
is_linear=0
shrinkage=0.05


Tree=2
num_leaves=31
num_cat=0
split_feature=7 6 7 6 7 14 6 6 3 8 6 6 21 7 17 14 14 14 11 1 19 8 24 11 13 17 8 1 25 23
split_gain=0.000261552 1.75135e-05 1.36349e-05 3.54501e-06 2.41305e-06 1.50456e-06 1.33431e-06 1.24345e-06 8.19315e-07 8.15135e-07 5.50528e-07 4.83519e-07 4.82605e-07 4.5361e-07 4.20053e-07 3.82993e-07 3.39595e-07 3.36319e-07 2.98968e-07 2.96849e-07 2.76617e-07 2.53762e-07 2.81251e-07 2.18311e-07 2.3987e-07 2.1631e-07 2.13771e-07 1.88652e-07 1.75134e-07 1.69397e-07
threshold=62.685165110427157 0.00056696000000000014 77.466421487095516 0.00069368500000000009 47.203792385979789 0.67802080537253973 0.00039525000000000004 0.00021684000000000002 21.850000000000005 215.01485218476412 0.00041987500000000006 3.0185e-05 670.50000000000011 21.162751577311308 0.88655657882574068 0.9916835347852474 0.85226249403558707 0.78857998149907527 54.62187500000001 800.25000000000011 0.00033561499999999999 175.33705740607022 0.00036951993722481833 32.003125000000004 -0.78656609248549325 0.87244288156085525 178.2231062025443 529.75000000000011 0.00014195922677899097 397.50000000000006
decision_type=2 2 2 2 2 2 2 2 2 2 2 2 2 2 2 2 2 2 2 2 2 2 2 2 2 2 2 2 2 2
left_child=1 4 7 14 8 13 21 28 10 -10 12 -4 -1 27 25 16 -7 18 -16 -11 -9 29 -23 -8 -25 -3 -19 -5 -2 -6
right_child=2 3 11 5 6 15 23 20 9 19 -12 -13 -14 -15 17 -17 -18 26 -20 -21 -22 22 -24 24 -26 -27 -28 -29 -30 -31
leaf_value=9.9461065240625939e-06 -3.3819650543128758e-06 1.3996833338125452e-05 -8.1904272361835e-06 1.9034474110100064e-05 5.4442922964023276e-06 1.3594607947034558e-05 7.1419220224648286e-06 1.3477353500758693e-06 1.6623508571840772e-05 1.3078897703385068e-05 1.291534467782185e-05 -5.8226143172319364e-06 1.5750080833778626e-06 2.0345866433128595e-05 1.6072099830076647e-05 1.035902000369658e-05 1.905155385995969e-05 1.5424899096172808e-05 1.9714438076334775e-05 8.5179830277108224e-06 5.4919669663193305e-06 1.3975863821676339e-06 5.419080521993708e-06 1.1549796968653688e-05 8.7559628693630497e-06 8.6560103573858574e-06 9.634327953124609e-06 2.4102707654297513e-05 -9.8785247373490121e-07 1.0750581722753678e-05
leaf_weight=36 194 195 3686 20 53 39 115 281 133 88 48 229 33 174 259 21 106 37 72 60 47 85 89 113 240 21 28 224 126 21
leaf_count=36 194 195 3686 20 53 39 115 281 133 88 48 229 33 174 259 21 106 37 72 60 47 85 89 113 240 21 28 224 126 21
internal_value=-1.01979e-13 1.37087e-05 -6.93996e-06 1.79104e-05 9.19767e-06 2.0697e-05 7.46268e-06 -2.21813e-07 1.23189e-05 1.37827e-05 8.80318e-06 -8.05193e-06 5.94254e-06 2.22964e-05 1.52512e-05 1.66698e-05 1.75838e-05 1.62187e-05 1.68644e-05 1.12299e-05 1.94157e-06 4.49759e-06 3.45456e-06 9.03393e-06 9.65031e-06 1.34776e-05 1.29305e-05 2.36873e-05 -2.43928e-06 6.95013e-06
internal_weight=6873 2310 4563 1196 1114 584 716 648 398 281 117 3915 69 418 612 166 145 396 331 148 328 248 174 468 353 216 65 244 320 74
internal_count=6873 2310 4563 1196 1114 584 716 648 398 281 117 3915 69 418 612 166 145 396 331 148 328 248 174 468 353 216 65 244 320 74
is_linear=0
shrinkage=0.05


Tree=3
num_leaves=31
num_cat=0
split_feature=7 6 6 6 7 14 6 6 3 8 9 6 21 7 17 14 14 14 1 19 8 24 4 14 17 8 4 1 0 6
split_gain=0.000236051 1.58059e-05 1.23217e-05 3.19937e-06 2.17778e-06 1.35787e-06 1.20421e-06 9.24656e-07 7.39432e-07 7.35659e-07 6.32521e-07 4.96852e-07 4.35551e-07 4.09383e-07 3.79098e-07 3.45652e-07 3.06485e-07 3.03528e-07 2.67907e-07 2.49647e-07 2.2902e-07 2.53829e-07 2.08543e-07 2.06174e-07 1.9522e-07 1.92928e-07 1.89313e-07 1.70258e-07 1.67201e-07 1.54776e-07
threshold=62.685165110427157 0.00056696000000000014 0.00010911 0.00069368500000000009 47.203792385979789 0.67802080537253973 0.00039525000000000004 0.00021684000000000002 21.850000000000005 215.01485218476412 9.1999481305695152 0.00041987500000000006 670.50000000000011 21.162751577311308 0.88655657882574068 0.9916835347852474 0.85226249403558707 0.78857998149907527 800.25000000000011 0.00033561499999999999 175.33705740607022 0.00036951993722481833 22.500000000000004 -0.94139628442229062 0.87244288156085525 178.2231062025443 1.5000000000000002 529.75000000000011 321.50000000000006 0.00043110000000000007
decision_type=2 2 2 2 2 2 2 2 2 2 2 2 2 2 2 2 2 2 2 2 2 2 2 2 2 2 2 2 2 2
left_child=1 4 10 14 8 13 20 -4 11 26 -2 12 -1 27 24 16 -7 23 -11 -9 28 -22 29 -16 -3 -19 -10 -5 -6 -8
right_child=2 3 7 5 6 15 22 19 9 18 -12 -13 -14 -15 17 -17 -18 25 -20 -21 21 -23 -24 -25 -26 -27 -28 -29 -30 -31
leaf_value=9.4488011680166688e-06 -7.7707442491827769e-06 1.3296991470759587e-05 -2.0750632255662129e-06 1.8082749955965483e-05 4.2259284352464446e-06 1.2914877266340252e-05 7.6843318593979004e-06 1.2803485980050133e-06 1.7937448457563861e-05 1.2424953186560764e-05 -5.1274579564843749e-06 1.2269577317169934e-05 1.4962577510728312e-06 1.9328572746197663e-05 1.3754731673260097e-05 9.8410691818918126e-06 1.809897585614551e-05 1.465365398134226e-05 8.0920838011403855e-06 5.2173685501057146e-06 1.3277070746319036e-06 5.1481265477939796e-06 7.360441284617992e-06 1.6708241892190455e-05 8.2232097456978548e-06 9.1526115970249789e-06 1.4133443818839927e-05 2.2897571836771085e-05 8.9793207169694495e-06 1.0291837448891383e-05
leaf_weight=36 3716 195 278 20 37 39 82 281 58 88 241 48 33 174 77 21 106 37 60 47 85 89 200 254 21 28 75 224 37 186
leaf_count=36 3716 195 278 20 37 39 82 281 58 88 241 48 33 174 77 21 106 37 60 47 85 89 200 254 21 28 75 224 37 186
internal_value=-7.50592e-14 1.30232e-05 -6.59296e-06 1.70149e-05 8.73778e-06 1.96622e-05 7.08955e-06 4.64137e-08 1.1703e-05 1.30936e-05 -7.60976e-06 8.36302e-06 5.64541e-06 2.11815e-05 1.44887e-05 1.58364e-05 1.67046e-05 1.54077e-05 1.06684e-05 1.84449e-06 4.27271e-06 3.28183e-06 8.58223e-06 1.60212e-05 1.28037e-05 1.2284e-05 1.57923e-05 2.25029e-05 6.60262e-06 9.49402e-06
internal_weight=6873 2310 4563 1196 1114 584 716 606 398 281 3957 117 69 418 612 166 145 396 148 328 248 174 468 331 216 65 133 244 74 268
internal_count=6873 2310 4563 1196 1114 584 716 606 398 281 3957 117 69 418 612 166 145 396 148 328 248 174 468 331 216 65 133 244 74 268
is_linear=0
shrinkage=0.05


Tree=4
num_leaves=31
num_cat=0
split_feature=7 7 7 7 14 19 14 24 19 19 27 27 23 7 26 7 15 15 11 21 22 7 13 18 27 27 24 8 18 8
split_gain=0.000213099 1.36389e-05 1.13061e-05 2.54921e-06 2.45081e-06 1.19898e-06 1.12917e-06 8.50007e-07 6.08823e-07 5.57902e-07 5.00285e-07 4.22454e-07 4.20039e-07 4.09633e-07 3.89447e-07 3.85208e-07 3.25546e-07 2.95402e-07 2.90026e-07 2.58751e-07 2.50794e-07 2.44992e-07 2.38545e-07 2.31638e-07 1.85067e-07 2.62065e-07 1.53413e-07 1.36578e-07 2.9189e-07 1.10546e-07
threshold=60.210662054902265 77.466421487095516 36.648386270988794 47.203792385979789 0.21862473630160603 0.00029693500000000007 -0.73354686966117377 0.00026819532660266114 0.00072842000000000013 0.00042779000000000005 30.833333333333339 22.833333333333339 742.50000000000011 72.045776063657641 0.00045477677173186981 81.652206078507589 0.61913436964878354 -0.99938741687870725 32.271875000000001 928.50000000000011 862.50000000000011 25.332262939788325 -0.78656609248549325 0.00043979000000000007 1.0000000180025095e-35 23.833333333333339 0.00053664085700321287 175.33705740607022 0.00053712500000000017 242.84748527535143
decision_type=2 2 2 2 2 2 2 2 2 2 2 2 2 2 2 2 2 2 2 2 2 2 2 2 2 2 2 2 2 2
left_child=2 5 4 10 6 13 24 20 11 27 16 -9 23 29 -10 -3 19 -8 -11 -4 -6 -19 -20 -12 -1 -26 -14 -5 -29 -2
right_child=1 15 3 9 7 -7 17 8 14 18 12 -13 26 -15 -16 -17 -18 21 22 -21 -22 -23 -24 -25 25 -27 -28 28 -30 -31
leaf_value=1.221142340318693e-05 9.8793638443339664e-07 -5.34082885869681e-06 1.298887379887816e-05 7.4473000987107013e-06 1.1078306480764393e-05 3.7211255611187728e-06 1.5167053413733811e-05 1.1049506026072619e-05 2.0457527183279419e-05 6.5018699948892192e-06 7.85481890535067e-06 1.5060317683890306e-05 5.3909608677063918e-06 -2.8662147765503529e-06 1.5380664966263187e-05 -7.396383365282016e-06 1.7094736445553441e-05 2.2650220710852276e-05 1.1098295565626144e-05 7.3588287736211816e-06 3.5962703328723801e-06 1.965783279350338e-05 8.173431073703266e-06 1.2659913631429438e-05 1.8168336415527383e-05 1.4137710669184925e-05 1.0587478166144138e-05 3.1922340985388205e-06 7.0132712321926459e-06 -7.7532818591130589e-07
leaf_weight=25 160 243 282 86 24 180 20 115 59 109 32 153 49 189 105 3672 46 171 131 22 21 114 149 116 119 61 20 102 98 200
leaf_count=25 160 243 282 86 24 180 20 115 59 109 32 153 49 189 105 3672 46 171 131 22 21 114 149 116 119 61 20 102 98 200
internal_value=1.36087e-13 -6.09954e-06 1.27081e-05 9.53359e-06 1.67027e-05 1.79825e-07 1.91122e-05 1.41264e-05 1.48076e-05 7.45748e-06 1.20052e-05 1.33393e-05 1.01189e-05 -9.81258e-07 1.72071e-05 -7.2688e-06 1.31746e-05 2.10411e-05 8.69003e-06 1.25814e-05 7.58669e-06 2.14533e-05 9.54185e-06 1.1621e-05 1.62425e-05 1.68024e-05 6.8972e-06 5.78104e-06 5.06454e-06 8.34496e-09
internal_weight=6873 4644 2229 1242 987 729 510 477 432 675 567 268 217 549 164 3915 350 305 389 304 45 285 280 148 205 180 69 286 200 360
internal_count=6873 4644 2229 1242 987 729 510 477 432 675 567 268 217 549 164 3915 350 305 389 304 45 285 280 148 205 180 69 286 200 360
is_linear=0
shrinkage=0.05


Tree=5
num_leaves=31
num_cat=0
split_feature=7 6 6 6 13 14 11 6 6 6 22 6 15 14 6 5 14 19 14 11 19 1 25 12 11 14 0 4 7 0
split_gain=0.000192322 1.238e-05 1.12458e-05 2.64111e-06 1.38786e-06 1.11999e-06 9.81158e-07 9.67234e-07 6.06058e-07 5.30553e-07 4.18644e-07 3.70444e-07 3.67677e-07 3.04907e-07 3.00355e-07 2.89733e-07 2.73433e-07 2.72354e-07 2.6173e-07 3.45142e-07 2.54052e-07 2.38579e-07 2.23621e-07 2.21486e-07 2.07487e-07 2.06196e-07 1.88798e-07 1.71717e-07 1.26747e-07 1.21409e-07
threshold=60.210662054902265 0.00010911 0.00056696000000000014 0.00069368500000000009 -0.78656609248549325 0.67802080537253973 41.096875000000004 0.00023904500000000001 0.00037342500000000009 3.0185e-05 987.00000000000011 0.00078878500000000007 1.0000000180025095e-35 0.9916835347852474 0.00054587500000000003 16.550000000000004 0.85226249403558707 0.00033561499999999999 0.78325454425165997 54.62187500000001 0.00066749500000000015 604.75000000000011 0.00015042491163533243 -0.9159756150367534 46.081250000000004 -0.99630266176052629 811.00000000000011 35.500000000000007 72.045776063657641 445.50000000000006
decision_type=2 2 2 2 2 2 2 2 2 2 2 2 2 2 2 2 2 2 2 2 2 2 2 2 2 2 2 2 2 2
left_child=2 9 4 18 6 11 15 22 12 -2 24 21 23 16 27 29 -7 -9 19 25 26 -5 -3 -6 -8 -4 -20 -10 -11 -1
right_child=1 7 3 5 8 13 10 17 14 28 -12 -13 -14 -15 -16 -17 -18 -19 20 -21 -22 -23 -24 -25 -26 -27 -28 -29 -30 -31
leaf_value=7.4634281534713412e-06 -7.0220702387237777e-06 -2.4754360214215532e-06 1.7054362057630594e-05 1.5344282836562535e-05 3.3822998815236638e-06 1.1539866911774857e-05 1.1966787768155233e-05 1.5586147742872645e-06 8.0277142083652678e-06 -1.8813882898130299e-06 6.6895711907735945e-06 2.1633841352668898e-05 3.8244095637512347e-07 8.6730970116106975e-06 1.1876719439669615e-05 5.1263214514950632e-06 1.6436460189755243e-05 4.8488679160802101e-06 1.1132050874746508e-05 1.6802351228392161e-05 1.5172325164037443e-05 1.8928939395686939e-05 -2.9388499238536964e-09 7.464265619490431e-06 1.5554326783175339e-05 1.2737519685233694e-05 5.9125129761620579e-06 5.7789488160904706e-06 -5.1441240419351378e-06 1.0237962837891246e-05
leaf_weight=60 3690 194 30 57 61 39 70 227 274 34 22 111 45 21 40 55 106 87 99 74 33 250 173 73 95 355 21 123 239 115
leaf_count=60 3690 194 30 57 61 39 70 227 274 34 22 111 45 21 40 55 106 87 99 74 33 250 173 73 95 355 21 123 239 115
internal_value=-8.09791e-14 -5.79456e-06 1.20727e-05 1.53733e-05 8.25123e-06 1.77785e-05 1.04787e-05 4.3306e-07 6.74334e-06 -6.86471e-06 1.31685e-05 1.91584e-05 4.29286e-06 1.43039e-05 7.74708e-06 8.29182e-06 1.51194e-05 2.47025e-06 1.3078e-05 1.3675e-05 1.12871e-05 1.82634e-05 -1.30993e-06 5.60606e-06 1.40323e-05 1.30739e-05 1.02186e-05 7.33099e-06 -4.73778e-06 9.28669e-06
internal_weight=6873 4644 2229 1196 1033 584 417 681 616 3963 187 418 179 166 437 230 145 314 612 459 153 307 367 134 165 385 120 397 273 175
internal_count=6873 4644 2229 1196 1033 584 417 681 616 3963 187 418 179 166 437 230 145 314 612 459 153 307 367 134 165 385 120 397 273 175
is_linear=0
shrinkage=0.05


Tree=6
num_leaves=31
num_cat=0
split_feature=7 6 6 6 9 6 6 14 3 12 9 6 14 4 9 14 14 17 6 14 3 19 1 1 14 0 3 14 27 6
split_gain=0.000173578 1.17179e-05 9.09025e-06 2.38465e-06 1.58358e-06 8.9982e-07 7.83163e-07 7.47817e-07 5.90852e-07 5.85635e-07 5.74821e-07 4.09341e-07 3.88242e-07 3.86292e-07 3.74685e-07 3.05966e-07 2.98191e-07 2.59479e-07 2.50212e-07 2.39256e-07 2.29736e-07 2.29104e-07 2.23234e-07 2.02544e-07 1.96687e-07 1.74554e-07 1.52176e-07 1.4766e-07 1.44786e-07 1.38257e-07
threshold=62.685165110427157 0.00056696000000000014 0.00010323000000000001 0.00072882500000000011 42.560949672883339 0.00041987500000000006 0.00019629000000000003 0.67802080537253973 21.850000000000005 -0.5 55.426072796747803 0.00030462500000000005 -0.015050995721668367 80.500000000000014 8.6689542338693464 -0.94139628442229062 0.97314989601849466 0.89629321288474972 0.0003117350000000001 0.23537774960157334 25.850000000000005 0.00033227000000000007 517.50000000000011 554.95000000000016 0.23537774960157334 981.50000000000011 21.950000000000003 -0.91289842852956904 34.166666666666679 0.00079657000000000003
decision_type=2 2 2 2 2 2 2 2 2 2 2 2 2 2 2 2 2 2 2 2 2 2 2 2 2 2 2 2 2 2
left_child=1 4 14 10 5 18 -4 22 11 19 17 13 15 -6 -2 -12 -14 27 24 -10 26 -8 -5 -7 -1 -11 -9 -3 -20 -24
right_child=2 3 6 7 8 23 21 20 9 25 12 -13 16 -15 -16 -17 -18 -19 28 -21 -22 -23 29 -25 -26 -27 -28 -29 -30 -31
leaf_value=5.4961923597950191e-06 -6.6717171811844698e-06 6.9476706921705056e-06 -2.3725107336289546e-06 1.4895027374975678e-05 -1.4621032982311342e-06 6.3050794968707915e-06 8.0299456905447584e-07 1.4219987570259838e-05 1.1037491579276991e-05 1.38400647738633e-05 1.2676233688828441e-05 9.3456433800483488e-06 1.1393898312855362e-05 7.7104439715943353e-06 -4.6524999215205534e-06 1.7009776217439753e-05 1.8030982109848994e-05 1.2953361026807309e-05 6.1382321958295247e-06 6.6454673351338853e-06 1.9028995734515777e-05 4.307476809925801e-06 1.8728042174473421e-05 8.6845490379579726e-06 9.7305263890195709e-07 8.8464337432014878e-06 9.2584649087257274e-06 1.1044407161569554e-05 3.4717703745457135e-06 2.1176992193110944e-05
leaf_weight=34 3689 25 233 29 22 148 342 68 57 140 55 73 110 24 245 157 20 245 140 68 20 54 179 226 82 20 20 183 80 85
leaf_count=34 3689 25 233 29 22 148 342 68 57 140 55 73 110 24 245 157 20 245 140 68 20 54 179 226 82 20 20 183 80 85
internal_value=-8.53888e-14 1.11677e-05 -5.6536e-06 1.46046e-05 7.47783e-06 6.0558e-06 -7.24437e-08 1.77482e-05 9.97694e-06 1.12125e-05 1.3019e-05 7.01778e-06 1.45663e-05 3.32357e-06 -6.54597e-06 1.58855e-05 1.2415e-05 1.18508e-05 4.17784e-06 8.64823e-06 1.41917e-05 1.28088e-06 1.90591e-05 7.74294e-06 2.2988e-06 1.32159e-05 1.30924e-05 1.0552e-05 5.16861e-06 1.95165e-05
internal_weight=6873 2310 4563 1196 1114 710 629 401 404 285 795 119 342 46 3934 212 130 453 336 125 108 396 293 374 116 160 88 208 220 264
internal_count=6873 2310 4563 1196 1114 710 629 401 404 285 795 119 342 46 3934 212 130 453 336 125 108 396 293 374 116 160 88 208 220 264
is_linear=0
shrinkage=0.05


Tree=7
num_leaves=31
num_cat=0
split_feature=7 9 7 19 15 3 19 25 19 18 25 27 0 27 13 24 8 20 0 15 9 15 18 15 1 15 25 21 23 15
split_gain=0.000156721 1.00642e-05 8.40482e-06 1.87872e-06 1.5158e-06 9.34192e-07 6.80273e-07 6.45783e-07 6.37995e-07 5.0401e-07 4.58235e-07 4.13723e-07 6.64126e-07 4.07296e-07 3.66157e-07 2.89204e-07 2.60316e-07 2.52982e-07 2.51719e-07 2.34687e-07 2.20218e-07 2.04996e-07 2.14523e-07 2.00615e-07 1.89099e-07 1.7691e-07 1.75568e-07 1.73641e-07 1.67596e-07 1.66353e-07
threshold=60.210662054902265 15.614369762864852 36.648386270988794 0.00049566500000000017 -0.68432604233786842 24.050000000000004 0.00029693500000000007 3.7401102281219637e-05 0.00064308000000000008 0.00073238000000000003 0.00066255616537437242 27.833333333333339 928.50000000000011 30.166666666666668 -0.78656609248549325 0.00028524219531598133 264.98143754926701 0.00057593000000000021 445.50000000000006 -0.6391983530350368 44.842781067115048 -0.97111920233974802 0.00017539000000000001 0.61913436964878354 775.25000000000011 -0.99465740988130902 0.00013759838525218744 899.50000000000011 738.50000000000011 0.61913436964878354
decision_type=2 2 2 2 2 2 2 2 2 2 2 2 2 2 2 2 2 2 2 2 2 2 2 2 2 2 2 2 2 2
left_child=2 7 4 14 5 9 26 -2 11 10 -1 12 -6 20 18 -10 25 -13 -4 -17 23 -16 -23 -5 28 -7 -3 -11 -15 -22
right_child=1 6 3 13 8 16 -8 -9 15 27 -12 17 -14 24 21 19 -18 -19 -20 -21 29 22 -24 -25 -26 -27 -28 -29 -30 -31
leaf_value=1.2724331181094125e-05 -6.31377567302933e-06 -1.9073707822085622e-06 5.2770973057805456e-06 7.8954809776117085e-06 9.9449290615893915e-06 1.5157063858168842e-05 3.2377622865137966e-06 -3.6389302189121513e-06 7.8712964329952223e-06 1.7693178814821011e-05 4.207933445534516e-06 1.6508992792716108e-05 -4.9337326117893105e-07 8.5980913486634693e-06 8.3859481852620248e-06 8.9583893078443435e-06 1.2623532418067707e-05 1.0618891256168265e-05 9.8016979425609095e-06 1.4425991160446e-05 1.1493598180627718e-05 1.1503479747432267e-06 5.4161886647434047e-06 1.175750746385842e-05 1.1658651237667074e-05 1.8725278776841924e-05 2.4675058614761451e-07 1.2196181585295563e-05 5.0809633583255516e-06 1.5525635861759555e-05
leaf_weight=56 3773 135 45 82 64 40 180 240 20 51 22 26 20 175 53 21 22 61 97 300 217 32 373 57 40 264 316 20 42 29
leaf_count=56 3773 135 45 82 64 40 180 240 20 51 22 26 20 175 53 21 22 61 97 300 217 32 373 57 40 264 316 20 42 29
internal_value=-3.69767e-14 -5.23082e-06 1.08981e-05 8.16112e-06 1.43423e-05 1.63766e-05 6.39105e-07 -6.1538e-06 1.2455e-05 1.30967e-05 1.03223e-05 9.96254e-06 7.45962e-06 1.00411e-05 6.14956e-06 1.37048e-05 1.78757e-05 1.23792e-05 8.36785e-06 1.40683e-05 1.107e-05 5.4618e-06 5.07913e-06 9.47919e-06 8.49966e-06 1.82558e-05 -3.98053e-07 1.61447e-05 7.91736e-06 1.19689e-05
internal_weight=6873 4644 2229 1242 987 475 631 4013 512 149 78 171 84 642 600 341 326 87 142 321 385 458 405 139 257 304 451 71 217 246
internal_count=6873 4644 2229 1242 987 475 631 4013 512 149 78 171 84 642 600 341 326 87 142 321 385 458 405 139 257 304 451 71 217 246
is_linear=0
shrinkage=0.05


Tree=8
num_leaves=31
num_cat=0
split_feature=7 6 6 15 7 7 6 6 8 14 19 6 14 13 27 14 4 27 26 14 26 17 4 14 13 6 18 6 6 14
split_gain=0.000141441 9.1422e-06 8.40748e-06 1.51747e-06 1.45728e-06 7.27347e-07 5.8884e-07 5.71306e-07 4.66628e-07 4.76403e-07 3.99989e-07 3.87722e-07 3.06439e-07 3.01596e-07 2.95256e-07 2.95057e-07 2.74396e-07 2.52229e-07 2.19714e-07 2.1488e-07 3.27022e-07 2.07631e-07 1.96511e-07 1.76093e-07 1.5651e-07 1.51087e-07 1.26699e-07 1.22456e-07 1.21794e-07 1.67278e-07
threshold=60.210662054902265 0.00010911 0.00060489000000000007 -0.73284120334876357 47.203792385979789 69.619048494915845 0.00042770500000000007 0.00072308000000000008 195.46759593166385 0.23537774960157334 0.0007098400000000001 2.7925000000000005e-05 -0.99630266176052629 -0.5 99.166666666666671 -0.94705910369513524 1.5000000000000002 65.500000000000014 0.00040160075427799375 -0.015050995721668367 0.00063707238152824143 0.84159778343358294 17.500000000000004 0.23537774960157334 -0.9159756150367534 0.0003117350000000001 0.00068722500000000008 0.00019629000000000003 0.00079657000000000003 -0.015050995721668367
decision_type=2 2 2 2 2 2 2 2 2 2 2 2 2 2 2 2 2 2 2 2 2 2 2 2 2 2 2 2 2 2
left_child=2 11 4 7 8 13 23 19 16 22 12 -2 -5 -3 -11 -14 24 26 -18 -4 -21 -8 -10 -6 -1 -25 -12 -7 29 -9
right_child=1 5 3 10 6 27 21 28 9 14 17 -13 15 -15 -16 -17 18 -19 -20 20 -22 -23 -24 25 -26 -27 -28 -29 -30 -31
leaf_value=1.511253717035288e-05 -6.0270952954229471e-06 3.4916423901848171e-06 1.5469888032959336e-05 1.6102280040223408e-05 5.5648220009813798e-06 -2.3600686802497243e-06 5.8060984042195788e-06 1.7993301785003385e-05 1.1881200621191747e-05 5.7496059492775747e-06 1.2623871887813157e-05 -4.1189414884615951e-06 7.4928529545167266e-06 6.7372385793104203e-07 1.2060017011858041e-05 1.1385465086364457e-05 1.3698076274463786e-05 1.0430215995950819e-05 9.0714896237256239e-06 1.393837841709272e-05 7.0644353362088927e-06 8.1923015226307673e-06 7.0371697055244513e-06 1.2321831630537246e-06 1.0822956067607487e-05 4.4796956016047681e-06 1.5993416952499373e-05 -1.4333512156364981e-07 1.8972236296746646e-05 1.4722057474920384e-05
leaf_weight=50 3676 152 95 29 139 181 147 98 83 158 39 287 58 253 21 303 31 38 149 62 24 240 28 63 37 83 98 95 91 65
leaf_count=50 3676 152 95 29 139 181 147 98 83 158 39 287 58 253 21 303 31 38 149 62 24 240 28 63 37 83 98 95 91 65
internal_value=1.26741e-14 -4.96928e-06 1.03532e-05 1.37575e-05 7.58328e-06 3.82368e-07 6.01578e-06 1.59773e-05 9.47441e-06 8.08579e-06 1.20485e-05 -5.88891e-06 1.11573e-05 1.73131e-06 6.48993e-06 1.07601e-05 1.09827e-05 1.40345e-05 9.86829e-06 1.38307e-05 1.20201e-05 7.28591e-06 1.06593e-05 4.29106e-06 1.32882e-05 3.07837e-06 1.50342e-05 -1.59706e-06 1.75069e-05 1.66888e-05
internal_weight=6873 4644 2229 1000 1229 681 672 435 557 290 565 3963 390 405 179 361 267 175 180 181 86 387 111 285 87 146 137 276 254 163
internal_count=6873 4644 2229 1000 1229 681 672 435 557 290 565 3963 390 405 179 361 267 175 180 181 86 387 111 285 87 146 137 276 254 163
is_linear=0
shrinkage=0.05


Tree=9
num_leaves=31
num_cat=0
split_feature=7 6 6 6 13 6 15 15 1 6 9 9 15 1 9 2 4 6 17 20 0 6 27 20 21 1 13 4 6 23
split_gain=0.000127651 8.25083e-06 7.60004e-06 1.7949e-06 9.64027e-07 6.65012e-07 5.03014e-07 4.76966e-07 4.67276e-07 4.50381e-07 4.20062e-07 3.5278e-07 3.07104e-07 2.74787e-07 2.37303e-07 2.36066e-07 2.28321e-07 2.2818e-07 2.09112e-07 1.987e-07 2.44558e-07 1.92583e-07 1.7505e-07 1.65872e-07 1.60624e-07 1.55026e-07 1.45265e-07 1.36801e-07 1.1921e-07 1.10402e-07
threshold=60.210662054902265 0.00010911 0.00056696000000000014 0.00072882500000000011 -0.78656609248549325 0.00023904500000000001 0.04621408538533487 -0.73284120334876357 680.1500000000002 0.00037342500000000009 55.426072796747803 9.1999481305695152 1.0000000180025095e-35 860.1500000000002 43.189676557012227 199.50000000000003 98.500000000000014 0.00054587500000000003 0.89629321288474972 0.00061117500000000015 876.50000000000011 0.00035874000000000002 7.166666666666667 0.00054612000000000009 773.50000000000011 517.50000000000011 -0.9159756150367534 35.500000000000007 0.00019218000000000002 742.50000000000011
decision_type=2 2 2 2 2 2 2 2 2 2 2 2 2 2 2 2 2 2 2 2 2 2 2 2 2 2 2 2 2 2
left_child=2 11 4 10 6 28 16 25 23 12 18 -2 15 22 -10 -6 26 27 29 24 -21 -7 -12 -8 -9 -5 -1 -11 -3 -4
right_child=1 5 3 7 9 21 8 19 14 17 13 -13 -14 -15 -16 -17 -18 -19 -20 20 -22 -23 -24 -25 -26 -27 -28 -29 -30 -31
leaf_value=1.1269265404934004e-05 -5.7160858663860213e-06 -1.8742606125583635e-06 9.5967810375441347e-06 1.2552523254444603e-05 3.6203498647645441e-06 1.4630451547814617e-06 5.8615974012354854e-06 1.2954715314733151e-05 7.9184318488882832e-06 6.5618066270242794e-06 1.4010932957780985e-05 -3.7646805482858595e-06 -2.4892661814293306e-07 7.9254337151724034e-06 1.3903482497632714e-05 9.3932046746929347e-06 1.4796945303411727e-05 9.902034327069488e-06 1.11644522179427e-05 1.2369684533150032e-05 1.7167665791103818e-05 4.6539221729886026e-06 1.1631238535204482e-05 1.6748882192782084e-06 6.994624450271659e-06 1.7046238476947688e-05 8.4997457484680861e-06 4.5546470744053238e-06 -5.7013830452312684e-08 6.7522270131935648e-06
leaf_weight=80 3716 207 165 21 113 256 73 26 67 274 171 247 45 30 22 21 24 40 245 67 44 58 141 35 20 223 116 123 160 43
leaf_count=80 3716 207 165 21 113 256 73 26 67 274 171 247 45 30 22 21 24 40 245 67 44 58 141 35 20 223 116 123 160 43
internal_value=7.56211e-14 -4.72082e-06 9.83557e-06 1.25489e-05 6.69406e-06 3.63249e-07 8.55052e-06 1.52762e-05 6.71538e-06 5.43733e-06 1.11733e-05 -5.59446e-06 3.32489e-06 1.2496e-05 9.39788e-06 4.52505e-06 1.01938e-05 6.3026e-06 1.01746e-05 1.31265e-05 1.42716e-05 2.05244e-06 1.29355e-05 4.50479e-06 1.03634e-05 1.66595e-05 9.63016e-06 5.93994e-06 -1.082e-06 9.00872e-06
internal_weight=6873 4644 2229 1196 1033 681 417 401 197 616 795 3963 179 342 89 134 220 437 453 157 111 314 312 108 46 244 196 397 367 208
internal_count=6873 4644 2229 1196 1033 681 417 401 197 616 795 3963 179 342 89 134 220 437 453 157 111 314 312 108 46 244 196 397 367 208
is_linear=0
shrinkage=0.05


Tree=10
num_leaves=31
num_cat=0
split_feature=6 6 25 6 0 19 6 8 15 24 22 11 6 6 2 0 3 27 15 20 25 6 3 6 23 27 15 19 15 15
split_gain=0.000111261 1.00002e-05 5.95385e-06 2.05182e-06 1.50486e-06 1.19205e-06 8.16642e-07 7.30752e-07 6.73724e-07 3.70719e-07 3.03537e-07 2.87851e-07 2.81817e-07 2.16545e-07 2.11604e-07 2.09572e-07 2.00399e-07 1.92607e-07 2.7253e-07 2.50851e-07 1.75462e-07 1.72777e-07 1.83949e-07 1.52145e-07 1.46328e-07 1.30528e-07 1.25953e-07 1.70538e-07 1.2229e-07 8.90758e-08
threshold=0.00024357 0.00053712500000000017 7.3392301621859804e-05 0.00069368500000000009 606.50000000000011 0.00030069500000000007 0.00035874000000000002 226.39009706154982 -0.73284120334876357 0.00018272449108594781 614.50000000000011 42.415625000000006 5.5955000000000009e-05 0.00019629000000000003 122.50000000000001 654.50000000000011 28.850000000000005 11.833333333333334 -0.28519997588938989 0.00066767500000000017 0.0003180499730827352 0.00079657000000000003 27.750000000000004 0.00062180000000000015 795.50000000000011 17.833333333333339 -0.97111920233974802 0.00067355000000000008 -0.97507822412530132 -0.99465740988130902
decision_type=2 2 2 2 2 2 2 2 2 2 2 2 2 2 2 2 2 2 2 2 2 2 2 2 2 2 2 2 2 2
left_child=2 4 12 16 6 10 20 17 21 -7 13 24 -1 -4 -13 -11 26 18 -6 -19 -2 22 -5 -18 -10 -8 29 -28 -9 -3
right_child=1 3 5 8 7 9 25 28 11 15 -12 14 -14 -15 -16 -17 23 19 -20 -21 -22 -23 -24 -25 -26 -27 27 -29 -30 -31
leaf_value=-5.4111098352701738e-06 1.3749623951251606e-06 9.7496582020539795e-06 -2.0818523312844679e-06 1.3119840071631798e-05 1.7170329540575675e-05 1.710734856601448e-06 6.209948401050269e-06 9.2393298868758041e-06 1.0780654191775184e-05 4.5790152360799162e-06 3.8663465730337526e-06 7.9283321701950628e-06 -3.0523828379570059e-06 2.488009189223535e-07 1.3345093927947331e-05 1.0847572096584676e-05 1.0275761038818538e-05 1.2008737846707319e-05 1.0239461433328059e-05 6.3005348504947723e-06 4.5367252497735026e-06 1.7186126501905825e-05 1.594080146854295e-05 1.3953606352554336e-05 5.6047619585280543e-06 4.5022241918476056e-06 8.9058453194329398e-06 1.122408081085412e-05 5.3149351376093585e-06 1.3929677152191289e-05
leaf_weight=3800 255 25 259 109 23 40 200 23 36 24 32 20 131 162 183 30 70 38 37 39 53 91 123 47 22 254 481 95 145 26
leaf_count=3800 255 25 259 109 23 40 200 23 36 24 32 20 131 162 183 30 70 38 37 39 53 91 123 47 22 254 481 95 145 26
internal_value=8.77085e-14 8.69875e-06 -4.65241e-06 1.15948e-05 5.0943e-06 2.35068e-07 3.90632e-06 8.0623e-06 1.38131e-05 5.35907e-06 -8.28192e-07 1.19239e-05 -5.33251e-06 -1.18502e-06 1.28114e-05 8.06155e-06 9.85354e-06 1.07725e-05 1.28963e-05 9.11757e-06 1.91903e-06 1.53397e-05 1.46154e-05 1.17532e-05 8.81738e-06 5.25453e-06 9.49906e-06 9.28819e-06 5.8522e-06 1.18806e-05
internal_weight=6873 2395 4478 1328 1067 547 762 305 584 94 453 261 3931 421 203 54 744 137 60 77 308 323 232 117 58 454 627 576 168 51
internal_count=6873 2395 4478 1328 1067 547 762 305 584 94 453 261 3931 421 203 54 744 137 60 77 308 323 232 117 58 454 627 576 168 51
is_linear=0
shrinkage=0.05


Tree=11
num_leaves=31
num_cat=0
split_feature=7 9 6 15 7 19 6 6 6 6 19 13 27 27 23 11 27 27 6 6 1 22 11 20 8 6 27 8 15 6
split_gain=0.000104045 6.72898e-06 6.21117e-06 1.13537e-06 1.09759e-06 4.65224e-07 4.54064e-07 4.46686e-07 4.15543e-07 3.82996e-07 3.16125e-07 3.15139e-07 2.90477e-07 2.65899e-07 2.25985e-07 2.15097e-07 2.10472e-07 2.0637e-07 1.92691e-07 1.89351e-07 1.87794e-07 1.45104e-07 1.36371e-07 1.31057e-07 1.21333e-07 1.60209e-07 1.15525e-07 1.05625e-07 9.55424e-08 8.71845e-08
threshold=60.210662054902265 15.614369762864852 0.00060489000000000007 -0.73284120334876357 47.203792385979789 0.00029693500000000007 0.00042770500000000007 5.9025000000000005e-05 0.00072308000000000008 0.00018883500000000002 0.0007098400000000001 -0.9159756150367534 10.500000000000002 59.500000000000007 909.50000000000011 47.162500000000009 65.500000000000014 39.500000000000007 0.00019629000000000003 0.00065943000000000002 661.6500000000002 616.50000000000011 55.537500000000009 0.00080648500000000012 175.33705740607022 0.00037342500000000009 0.83333333333333337 263.47423577758337 0.080547328232315238 0.00033550000000000002
decision_type=2 2 2 2 2 2 2 2 2 2 2 2 2 2 2 2 2 2 2 2 2 2 2 2 2 2 2 2 2 2
left_child=2 7 4 8 9 18 24 -2 15 13 14 12 -11 -1 19 21 26 -13 -3 -5 28 -4 23 -10 -6 -26 -12 -17 -8 -7
right_child=1 5 3 10 6 29 20 -9 22 11 16 17 -14 -15 -16 27 -18 -19 -20 -21 -22 -23 -24 -25 25 -27 -28 -29 -30 -31
leaf_value=1.2385065787157147e-06 -5.1391407972372109e-06 -1.7070607541520872e-06 1.1383211643657309e-05 8.6438565927511628e-06 5.2334516129187523e-06 1.657380985401839e-06 6.2174035242100629e-06 -2.7431757158277523e-06 1.4622212330662069e-05 1.3434002386458343e-05 1.0376203591988542e-05 8.5181959786409393e-06 8.8500577283490142e-06 8.1206011500398749e-06 4.9363133221049799e-06 1.3825495724884924e-05 8.8006115555273074e-06 5.8141490528994063e-06 4.5007358632519442e-07 1.0925284723176786e-05 7.5382473122461806e-06 6.1408939075136009e-06 1.6170799662804642e-05 1.0443989464439929e-05 1.62265944147362e-06 4.4423475252131086e-06 1.3807811821087464e-05 1.038631969001064e-05 4.129793165168277e-06 3.863102843668219e-06
leaf_weight=32 3808 161 33 172 83 96 126 205 102 54 32 252 96 25 25 97 38 98 290 193 164 22 129 23 106 96 105 29 97 84
leaf_count=32 3808 161 33 172 83 96 126 205 102 54 32 252 96 25 25 97 38 98 290 193 164 22 129 23 106 96 105 29 97 84
internal_value=4.04449e-14 -4.26204e-06 8.87972e-06 1.18057e-05 6.49891e-06 5.37708e-07 5.13854e-06 -5.01675e-06 1.37258e-05 8.14015e-06 1.03275e-05 8.58283e-06 1.05003e-05 4.25697e-06 9.53521e-06 1.18951e-05 1.2093e-05 7.76106e-06 -3.1999e-07 9.8502e-06 6.25389e-06 9.28628e-06 1.50304e-05 1.38534e-05 3.62401e-06 2.96271e-06 1.30063e-05 1.30339e-05 5.30934e-06 2.68672e-06
internal_weight=6873 4644 2229 1000 1229 631 672 4013 435 557 565 500 150 57 390 181 175 350 451 365 387 55 254 125 285 202 137 126 223 180
internal_count=6873 4644 2229 1000 1229 631 672 4013 435 557 565 500 150 57 390 181 175 350 451 365 387 55 254 125 285 202 137 126 223 180
is_linear=0
shrinkage=0.05


Tree=12
num_leaves=31
num_cat=0
split_feature=9 6 6 6 13 11 6 14 6 19 0 14 0 23 15 11 9 11 15 15 14 6 8 18 14 14 4 20 6 17
split_gain=9.38443e-05 5.97161e-06 5.73448e-06 1.34142e-06 7.87679e-07 5.92959e-07 4.88024e-07 4.54936e-07 3.59246e-07 3.31134e-07 3.11032e-07 3.07331e-07 2.78971e-07 2.78409e-07 2.71904e-07 2.14703e-07 2.48199e-07 2.10463e-07 1.989e-07 2.91376e-07 1.97515e-07 1.80964e-07 1.6285e-07 1.32516e-07 1.26409e-07 1.21042e-07 1.10272e-07 1.06284e-07 9.7799e-08 9.69694e-08
threshold=29.5306279080372 0.00015179500000000003 0.00056696000000000014 0.00072882500000000011 -0.78656609248549325 44.74687500000001 4.2610000000000007e-05 0.98213580174693105 0.00037342500000000009 0.00029693500000000007 981.50000000000011 0.78325454425165997 707.50000000000011 742.50000000000011 1.0000000180025095e-35 52.725000000000009 55.426072796747803 56.478125000000013 0.04621408538533487 0.11478523713130606 -0.94139628442229062 0.00054587500000000003 260.35379677215627 0.00079657000000000003 0.78325454425165997 0.81428061195174062 35.500000000000007 0.00016742500000000004 0.00019629000000000003 0.87497399084477745
decision_type=2 2 2 2 2 2 2 2 2 2 2 2 2 2 2 2 2 2 2 2 2 2 2 2 2 2 2 2 2 2
left_child=1 6 4 11 5 18 -1 17 14 28 24 12 13 -4 22 16 -13 23 25 -20 -14 26 -6 -5 -7 -2 -10 -8 -3 -11
right_child=2 9 3 7 8 10 27 -9 21 29 -12 15 20 -15 -16 -17 -18 -19 19 -21 -22 -23 -24 -25 -26 -27 -28 -29 -30 -31
leaf_value=-4.8927554267914979e-06 6.7826898514424646e-06 -1.2549382914085819e-06 9.6636083674395843e-06 1.1897638192569929e-05 6.0868536490720461e-06 1.017231325302618e-05 -3.197446214307189e-06 7.2036180165468988e-06 5.5771824361354388e-06 1.6545792612112984e-06 4.800219849957185e-06 7.3628846266055246e-06 8.7849344508508935e-06 5.285321966160458e-06 -5.2327920248747739e-07 3.2525586200129264e-06 1.1486745930596953e-05 1.5143475349118456e-05 -1.6022650411089318e-07 5.8681063272057709e-06 1.1660184295627701e-05 8.5505355809800675e-06 2.5050103580443174e-06 1.4501040988566925e-05 1.3901328422820592e-05 1.0500574874943899e-05 3.7841770654084387e-06 -6.2533821534316311e-07 4.3070680289396049e-07 4.1655853085073626e-06
leaf_weight=3761 81 122 188 162 51 73 246 30 278 104 22 135 76 45 48 22 50 139 23 156 279 40 84 70 33 30 124 48 292 61
leaf_count=3761 81 122 188 162 51 73 246 30 278 104 22 135 76 45 48 22 50 139 23 156 279 40 84 70 33 30 124 48 292 61
internal_value=3.34409e-15 -4.06116e-06 8.40527e-06 1.07683e-05 5.69562e-06 7.37579e-06 -4.73939e-06 1.3126e-05 4.57192e-06 6.88844e-07 1.02104e-05 9.57903e-06 1.01623e-05 8.81802e-06 2.70892e-06 7.92214e-06 8.47744e-06 1.36049e-05 6.12467e-06 5.09352e-06 1.10446e-05 5.34325e-06 3.85815e-06 1.26831e-05 1.13332e-05 7.78752e-06 5.02412e-06 -2.77751e-06 -6.60292e-08 2.58289e-06
internal_weight=6873 4634 2239 1196 1043 418 4055 401 625 579 128 795 588 233 183 207 185 371 290 179 355 442 135 232 106 111 402 294 414 165
internal_count=6873 4634 2239 1196 1043 418 4055 401 625 579 128 795 588 233 183 207 185 371 290 179 355 442 135 232 106 111 402 294 414 165
is_linear=0
shrinkage=0.05


Tree=13
num_leaves=31
num_cat=0
split_feature=7 6 9 6 13 14 3 6 6 0 15 14 14 2 6 1 0 6 17 17 14 8 14 0 25 14 14 3 6 4
split_gain=8.47645e-05 5.83736e-06 4.49154e-06 1.21333e-06 8.63525e-07 5.66515e-07 4.93189e-07 4.48052e-07 4.23023e-07 2.84632e-07 2.72821e-07 2.37264e-07 2.20874e-07 2.14878e-07 1.95737e-07 1.85216e-07 2.22917e-07 1.69553e-07 1.67376e-07 1.74176e-07 1.71858e-07 1.68505e-07 1.6009e-07 1.59348e-07 1.50377e-07 1.43128e-07 1.30737e-07 1.27511e-07 1.04108e-07 9.68903e-08
threshold=62.685165110427157 0.00056696000000000014 12.23882233335158 0.00069368500000000009 -0.78656609248549325 0.67802080537253973 21.850000000000005 0.00037342500000000009 0.00021684000000000002 591.50000000000011 1.0000000180025095e-35 0.9916835347852474 0.85226249403558707 199.50000000000003 0.00079657000000000003 680.1500000000002 670.50000000000011 0.00054587500000000003 0.88655657882574068 0.87244288156085525 0.78857998149907527 178.2231062025443 0.97696484778429815 981.50000000000011 1.2695670468966917e-05 -0.94139628442229062 0.41398981800788198 27.750000000000004 0.00033550000000000002 35.500000000000007
decision_type=2 2 2 2 2 2 2 2 2 2 2 2 2 2 2 2 2 2 2 2 2 2 2 2 2 2 2 2 2 2
left_child=1 4 24 18 6 14 15 10 -4 -8 13 12 -7 -6 27 16 -1 29 19 -3 25 -22 -12 -11 -2 -20 -17 -5 -10 -9
right_child=2 3 8 5 7 11 9 17 28 23 22 -13 -14 -15 -16 26 -18 -19 20 -21 21 -23 -24 -25 -26 -27 -28 -29 -30 -31
leaf_value=5.024260750559741e-06 -4.6863248661072366e-06 8.0205171459860695e-06 -1.3931609433456923e-06 1.1298391088081212e-05 2.7520642631623677e-06 6.8911516616655994e-06 6.2470683152791882e-06 5.2275131487782041e-06 7.5572949468795452e-07 1.0659654525303117e-05 1.8081918369716734e-06 4.4218396256144934e-06 1.1292048221325529e-05 8.1784343560035017e-06 1.4892555447039452e-05 4.2049526547045738e-06 -5.5636872470391352e-07 8.1230088221673229e-06 7.8580670372520651e-06 3.2279978898129362e-06 9.1489602267314268e-06 4.0078880894205735e-06 -2.9533250903290125e-06 5.8390549793330144e-06 -3.5436296936638018e-06 1.031890970506803e-05 9.0179545136485362e-06 1.3273318007797785e-05 3.1946185360381535e-06 3.5768582099445924e-06
leaf_weight=121 3592 195 330 166 139 39 81 286 276 120 41 21 106 21 91 21 21 40 77 21 37 28 31 20 313 254 43 161 52 129
leaf_count=121 3592 195 330 166 139 39 81 286 276 120 41 21 106 21 91 21 21 40 77 21 37 28 31 20 313 254 43 161 52 129
internal_value=-2.58142e-14 7.8041e-06 -3.95079e-06 1.02299e-05 5.19978e-06 1.18602e-05 6.96553e-06 4.10229e-06 -1.29243e-07 8.60612e-06 2.31408e-06 9.38898e-06 1.01084e-05 3.46428e-06 1.28415e-05 5.20548e-06 4.19896e-06 5.01407e-06 8.67418e-06 7.55458e-06 9.28487e-06 6.93434e-06 -2.41906e-07 9.971e-06 -4.59473e-06 9.74645e-06 7.43869e-06 1.22708e-05 1.14238e-06 4.71442e-06
internal_weight=6873 2310 4563 1196 1114 584 427 687 658 221 232 166 145 160 418 206 142 455 612 216 396 65 72 140 3905 331 64 327 328 415
internal_count=6873 2310 4563 1196 1114 584 427 687 658 221 232 166 145 160 418 206 142 455 612 216 396 65 72 140 3905 331 64 327 328 415
is_linear=0
shrinkage=0.05


Tree=14
num_leaves=31
num_cat=0
split_feature=7 6 6 15 7 7 6 3 6 21 25 19 6 5 20 11 20 22 24 3 14 25 13 17 14 14 3 11 5 25
split_gain=7.65109e-05 4.97399e-06 4.62774e-06 8.52079e-07 8.23293e-07 4.89013e-07 3.51528e-07 3.20386e-07 4.33716e-07 3.48107e-07 3.40674e-07 3.19782e-07 3.07673e-07 3.01094e-07 2.41883e-07 2.50367e-07 8.47121e-07 2.66259e-07 2.09405e-07 1.75334e-07 1.71942e-07 1.65137e-07 1.59251e-07 1.42382e-07 1.24045e-07 1.19618e-07 1.12666e-07 1.08865e-07 1.39493e-07 9.47084e-08
threshold=60.210662054902265 0.00010055000000000002 0.00060489000000000007 -0.73284120334876357 47.203792385979789 69.049966150872635 0.00042770500000000007 21.850000000000005 0.00041987500000000006 923.50000000000011 0.00051100662678713038 0.00064070000000000023 0.00072308000000000008 9.3500000000000032 0.00069608500000000015 53.034375000000004 0.00062761000000000013 868.00000000000011 0.00072429492301114397 22.650000000000002 -0.75648915189404875 1.1423863392030888e-05 -0.5 0.84159778343358294 0.23537774960157334 0.41398981800788198 20.550000000000004 55.537500000000009 13.350000000000003 0.00013759838525218744
decision_type=2 2 2 2 2 2 2 2 2 2 2 2 2 2 2 2 2 2 2 2 2 2 2 2 2 2 2 2 2 2
left_child=2 21 4 12 7 22 24 8 10 11 -1 -9 19 -11 15 17 -17 -5 20 -4 -16 -2 -3 -8 -6 -26 -10 28 -14 -7
right_child=1 5 3 14 6 29 23 9 26 13 -12 -13 27 -15 18 16 -18 -19 -20 -21 -22 -23 -24 -25 25 -27 -28 -29 -30 -31
leaf_value=4.8262071221299355e-06 -4.4540952847089798e-06 2.671536353261672e-06 7.2096021157401422e-06 8.173467535987318e-06 4.1178773440085991e-06 -1.9554967724347561e-06 4.1373380349486861e-06 7.5991870022470898e-06 9.11096406565301e-06 8.4436603614790325e-06 -2.4238744502396846e-06 1.1344459423489261e-05 1.2895591869862106e-05 2.3198390965485395e-06 1.1339628284311753e-05 -2.3988451630430067e-06 1.1324933237851245e-05 1.3447996017991779e-05 1.4769473953334534e-05 1.1030647349699549e-05 8.1659916112881415e-06 -3.3146869300745338e-06 5.810215938151231e-07 6.113348122482876e-06 -7.2551636314470207e-07 2.7740537946200401e-06 5.4047852736894625e-06 1.3945156485512366e-05 9.142054691705305e-06 -2.5343936731481166e-07
leaf_weight=43 3580 150 38 300 139 189 147 248 46 34 26 74 91 49 82 22 23 26 23 143 89 349 232 240 31 115 37 129 34 144
leaf_count=43 3580 150 38 300 139 189 147 248 46 34 26 74 91 49 82 22 23 26 23 143 89 349 232 240 31 115 37 129 34 144
internal_value=5.68316e-14 -3.65483e-06 7.61465e-06 1.01403e-05 5.55959e-06 1.8104e-07 4.3814e-06 6.98103e-06 5.0236e-06 7.71567e-06 2.09429e-06 8.4599e-06 1.18037e-05 4.82839e-06 8.85966e-06 8.11156e-06 4.61553e-06 8.59414e-06 1.02903e-05 1.02284e-05 9.68785e-06 -4.35289e-06 1.4019e-06 5.36277e-06 3.04881e-06 2.03099e-06 7.45881e-06 1.29262e-05 1.18746e-05 -1.21947e-06
internal_weight=6873 4644 2229 1000 1229 715 672 557 152 405 69 322 435 83 565 371 45 326 194 181 171 3929 382 387 285 146 83 254 125 333
internal_count=6873 4644 2229 1000 1229 715 672 557 152 405 69 322 435 83 565 371 45 326 194 181 171 3929 382 387 285 146 83 254 125 333
is_linear=0
shrinkage=0.05


Tree=15
num_leaves=31
num_cat=0
split_feature=7 6 19 6 7 12 3 11 1 6 22 6 8 11 14 19 14 21 17 6 1 25 11 15 17 8 15 20 20 17
split_gain=6.90717e-05 5.84722e-06 2.41676e-06 1.2576e-06 8.57292e-07 4.7737e-07 4.66933e-07 4.35039e-07 2.92469e-07 2.9159e-07 2.57754e-07 2.15845e-07 1.70506e-07 1.63715e-07 1.6324e-07 1.52107e-07 1.74053e-07 1.77823e-07 1.56557e-07 1.37684e-07 1.32296e-07 1.14555e-07 1.13039e-07 1.03254e-07 7.40583e-08 5.45784e-08 5.41896e-08 4.40034e-08 3.77835e-08 3.5626e-08
threshold=66.07676128634192 0.00053712500000000017 9.5280000000000009e-05 0.00068245500000000011 57.292237129449141 -0.5 25.250000000000004 46.081250000000004 579.9000000000002 0.00078558000000000002 883.50000000000011 0.00019629000000000003 236.497761277433 52.003125000000004 0.98372640911059162 0.00071493500000000009 0.78325454425165997 905.50000000000011 0.88003921141487862 0.00075141500000000007 788.00000000000011 6.4958449396471698e-06 51.37187500000001 -0.97111920233974802 0.96831970523576349 258.44490064136215 0.21652257995689161 0.00016292500000000004 0.00030589000000000007 0.79745276082266048
decision_type=2 2 2 2 2 2 2 2 2 2 2 2 2 2 2 2 2 2 2 2 2 2 2 2 2 2 2 2 2 2
left_child=1 4 21 15 5 14 9 20 -8 22 -9 -4 24 -11 23 16 18 -18 -3 -10 -7 -2 -5 -1 -6 26 -14 -23 29 -13
right_child=2 3 11 6 12 7 8 10 19 13 -12 28 25 -15 -16 -17 17 -19 -20 -21 -22 27 -24 -25 -26 -27 -28 -29 -30 -31
leaf_value=6.6050973360046665e-06 -4.2374187822932267e-06 6.5189896203649439e-06 -1.5721043365033438e-06 8.5913619444866971e-06 2.558604264698212e-06 4.9043381656464717e-06 6.6242365719517692e-06 1.1700475992408127e-05 1.1119353026159032e-05 1.2873117086042291e-05 6.5956036772096175e-06 -4.9005057016771054e-07 -1.9337023503377773e-06 7.9444484806794723e-06 1.9115137612451302e-08 1.0825534280394841e-05 6.6244713891187347e-06 1.9803238653063697e-06 8.4384363922786716e-06 1.3196704736201672e-05 8.254081197981467e-06 -3.4438989984957461e-06 5.3549843102018713e-06 3.6957490847440399e-06 5.2100985062826386e-06 1.5461824573105245e-06 1.0472254233161128e-06 -1.0327084419259337e-06 2.0826856399480675e-06 7.6052498518005714e-07
leaf_weight=34 3539 156 250 172 175 276 25 48 148 63 51 96 30 23 28 33 146 24 333 173 33 351 32 296 31 84 31 20 32 140
leaf_count=34 3539 156 250 172 175 276 25 48 148 63 51 96 30 23 28 33 146 24 333 173 33 351 32 296 31 84 31 20 32 140
internal_value=1.71906e-14 6.74546e-06 -3.72462e-06 8.98796e-06 4.07935e-06 5.01701e-06 1.05929e-05 6.18623e-06 1.18332e-05 9.11311e-06 9.07069e-06 -5.1535e-07 2.03305e-06 1.1555e-05 3.6845e-06 7.51287e-06 7.34698e-06 5.96883e-06 7.8261e-06 1.22389e-05 5.26208e-06 -4.14979e-06 8.08369e-06 3.9955e-06 2.95762e-06 7.19533e-07 -4.18805e-07 -3.31392e-06 4.70428e-07 2.51816e-07
internal_weight=6873 2445 4428 1328 1117 766 636 408 346 290 99 518 351 86 358 692 659 170 489 321 309 3910 204 330 206 145 61 371 268 236
internal_count=6873 2445 4428 1328 1117 766 636 408 346 290 99 518 351 86 358 692 659 170 489 321 309 3910 204 330 206 145 61 371 268 236
is_linear=0
shrinkage=0.05


Tree=16
num_leaves=31
num_cat=0
split_feature=7 9 6 15 7 6 19 18 6 6 13 3 11 25 14 14 15 11 1 22 6 1 14 14 3 9 6 17 3 22
split_gain=6.23395e-05 4.05776e-06 3.78662e-06 7.22701e-07 6.82173e-07 2.92207e-07 2.85181e-07 2.83719e-07 2.67805e-07 2.50324e-07 2.36387e-07 2.29248e-07 2.24121e-07 2.1269e-07 1.98769e-07 2.94531e-07 1.66779e-07 1.51752e-07 1.34265e-07 1.32297e-07 1.1574e-07 1.1077e-07 1.10333e-07 1.13936e-07 8.9548e-08 6.95598e-08 6.5854e-08 6.37514e-08 6.04078e-08 5.81791e-08
threshold=60.210662054902265 15.614369762864852 0.00060489000000000007 -0.73284120334876357 47.203792385979789 0.00042770500000000007 0.00029693500000000007 0.00014862500000000002 5.9025000000000005e-05 0.00072308000000000008 -0.9159756150367534 23.950000000000003 43.328125000000007 0.00069681105718388044 -0.99630266176052629 -0.94705910369513524 -0.52034141052533245 47.162500000000009 661.6500000000002 616.50000000000011 0.00018008500000000002 517.50000000000011 0.23537774960157334 0.41398981800788198 17.550000000000004 33.952003068837669 0.00079657000000000003 0.87497399084477745 25.150000000000002 351.50000000000006
decision_type=2 2 2 2 2 2 2 2 2 2 2 2 2 2 2 2 2 2 2 2 2 2 2 2 2 2 2 2 2 2
left_child=2 8 4 9 7 22 20 -1 -2 17 12 -12 -9 14 -5 -16 -15 19 24 -4 -3 -11 25 -24 -7 -6 -23 29 -20 -8
right_child=1 6 3 13 5 18 27 10 -10 21 11 -13 -14 16 15 -17 -18 -19 28 -21 -22 26 23 -25 -26 -27 -28 -29 -30 -31
leaf_value=2.0778694825772569e-06 -3.9798774652422833e-06 -1.5019779990902513e-06 9.0799746871969983e-06 1.142817749268943e-05 2.6086616571980315e-06 2.3480908866751071e-06 1.9088735481948729e-06 5.5640234738466123e-06 -2.1246853685228438e-06 8.3116438459414482e-06 4.2660396059091e-06 6.8766648615206018e-06 9.5091413540002482e-06 7.9362797208659682e-06 4.1461938838350052e-06 7.8486149323054817e-06 1.2865623717221457e-05 1.0225549902546817e-05 6.3581148546464802e-06 4.0743545744186868e-06 2.664025944092762e-07 1.138337412671377e-05 -9.2316040190285691e-07 2.4922838072489354e-06 4.6320816411273631e-06 4.8457493841981757e-06 1.3131758631275529e-05 3.3183730065268397e-06 3.8078222262681394e-06 -1.0665818024335749e-06
leaf_weight=37 3808 130 33 32 69 58 92 54 205 22 135 223 108 32 62 402 37 126 136 22 321 147 31 115 165 70 85 68 28 20
leaf_count=37 3808 130 33 32 69 58 92 54 205 22 135 223 108 32 62 402 37 126 136 22 321 147 31 115 165 70 85 68 28 20
internal_value=-5.72621e-14 -3.29904e-06 6.87337e-06 9.158e-06 5.01443e-06 3.94196e-06 4.28197e-07 6.30833e-06 -3.88511e-06 1.06899e-05 6.60934e-06 5.89221e-06 8.1941e-06 7.97858e-06 7.61675e-06 7.35389e-06 1.05796e-05 9.26903e-06 4.83671e-06 7.07773e-06 -2.4333e-07 1.17024e-05 2.727e-06 1.76709e-06 4.03804e-06 3.73525e-06 1.20239e-05 2.11074e-06 5.9227e-06 1.37754e-06
internal_weight=6873 4644 2229 1000 1229 672 631 557 4013 435 520 358 162 565 496 464 69 181 387 55 451 254 285 146 223 139 232 180 164 112
internal_count=6873 4644 2229 1000 1229 672 631 557 4013 435 520 358 162 565 496 464 69 181 387 55 451 254 285 146 223 139 232 180 164 112
is_linear=0
shrinkage=0.05


Tree=17
num_leaves=31
num_cat=0
split_feature=7 7 19 18 12 25 14 11 14 27 12 21 18 22 20 7 23 19 17 23 25 18 20 9 27 25 25 22 5 20
split_gain=5.62952e-05 4.58625e-06 1.96931e-06 1.08133e-06 4.91296e-07 4.85197e-07 4.52677e-07 3.06353e-07 3.02613e-07 1.92508e-07 1.87733e-07 1.78738e-07 1.74044e-07 1.68118e-07 1.54173e-07 1.27302e-07 1.22201e-07 1.15403e-07 1.14808e-07 2.09546e-07 9.62042e-08 9.23451e-08 9.17469e-08 8.70128e-08 5.59923e-08 5.36157e-08 5.11743e-08 5.07161e-08 4.3995e-08 3.55685e-08
threshold=66.07676128634192 47.203792385979789 9.5280000000000009e-05 0.00072882500000000011 -0.25881904510252113 0.00033212759289415748 0.98213580174693105 45.737500000000004 0.23537774960157334 70.833333333333357 1.0000000180025095e-35 928.50000000000011 0.00052982000000000007 883.50000000000011 0.00022739500000000003 57.292237129449141 987.00000000000011 0.00071752000000000014 0.70860110314628921 556.50000000000011 6.4958449396471698e-06 0.00053712500000000017 0.00048741000000000002 37.864445962529594 4.5000000000000009 0.00036336099241837303 0.00013459131105398461 361.50000000000006 12.65 0.00016292500000000004
decision_type=2 2 2 2 2 2 2 2 2 2 2 2 2 2 2 2 2 2 2 2 2 2 2 2 2 2 2 2 2 2
left_child=1 3 20 4 8 10 16 12 9 -1 21 -10 -6 -9 26 18 17 -5 19 -7 -2 24 -12 -20 -3 -17 -4 -27 -23 -22
right_child=2 5 14 6 7 15 -8 13 11 -11 22 -13 -14 -15 -16 25 -18 -19 23 -21 29 28 -24 -25 -26 27 -28 -29 -30 -31
leaf_value=7.8795024783239067e-06 -3.8266416113316839e-06 1.7646600946614615e-06 -1.6489995316959495e-06 9.60719952066332e-06 5.6924288905761962e-06 5.4118339998391697e-06 4.0582306948522279e-06 9.2874866333374161e-06 5.2777439076526266e-06 3.0426517109087097e-06 2.8072797482732783e-06 2.2521608035972082e-06 7.882567064349045e-06 6.7722307327384503e-06 7.8500197307328811e-07 3.8320373793112593e-06 7.7960155982882737e-06 1.1511985010201898e-05 4.3856699291443131e-06 -1.5178801612591997e-06 -3.0971974668751308e-06 1.6880777762295907e-06 6.2034940431961632e-06 6.024185761551356e-06 -6.0221387999403178e-09 2.871623254624614e-06 -4.4114292066732627e-07 -3.5478577133506498e-07 4.5200257166773863e-06 -9.2938624845828605e-07
leaf_weight=144 3539 68 180 132 200 24 30 292 173 24 116 68 166 86 167 50 39 200 227 20 351 32 24 126 130 29 171 21 24 20
leaf_count=144 3539 68 180 132 200 24 30 292 173 24 116 68 166 86 167 50 39 200 227 20 351 32 24 126 130 29 171 21 24 20
internal_value=-9.01521e-14 6.08971e-06 -3.36254e-06 7.72944e-06 6.95162e-06 3.22984e-06 9.96593e-06 7.71687e-06 5.55958e-06 7.18852e-06 1.91939e-06 4.42405e-06 6.68577e-06 8.71523e-06 -4.6556e-07 4.26871e-06 1.04436e-05 1.07547e-05 4.67033e-06 2.26196e-06 -3.74634e-06 1.10911e-06 3.38949e-06 4.97052e-06 6.02091e-07 2.67428e-06 -1.06056e-06 1.51653e-06 2.90177e-06 -2.98033e-06
internal_weight=6873 2445 4428 1554 1153 891 401 744 409 168 394 241 366 378 518 497 371 332 397 44 3910 254 140 353 198 100 351 50 56 371
internal_count=6873 2445 4428 1554 1153 891 401 744 409 168 394 241 366 378 518 497 371 332 397 44 3910 254 140 353 198 100 351 50 56 371
is_linear=0
shrinkage=0.05


Tree=18
num_leaves=31
num_cat=0
split_feature=7 7 19 18 13 25 2 15 4 15 25 18 22 12 15 7 1 27 5 7 25 18 20 24 21 25 25 5 1 2
split_gain=5.08064e-05 4.13909e-06 1.7773e-06 9.77743e-07 4.77426e-07 4.3789e-07 3.75388e-07 3.39675e-07 2.11883e-07 2.53753e-07 2.47024e-07 1.94925e-07 1.71012e-07 1.69429e-07 1.61997e-07 1.40273e-07 1.27839e-07 1.21832e-07 1.05689e-07 9.9033e-08 8.68253e-08 8.33415e-08 8.28016e-08 6.41067e-08 4.97014e-08 4.39127e-08 4.20163e-08 3.97055e-08 3.92682e-08 3.62695e-08
threshold=66.07676128634192 47.203792385979789 9.5280000000000009e-05 0.00070094500000000013 -0.9159756150367534 0.00033212759289415748 120.50000000000001 -0.40613878790836594 5.5000000000000009 -0.67801649466304881 0.00070347241682268923 0.00014862500000000002 851.50000000000011 1.0000000180025095e-35 -0.97507822412530132 69.619048494915845 845.45000000000016 61.833333333333336 18.750000000000004 57.292237129449141 1.2695670468966917e-05 0.00053712500000000017 0.00048741000000000002 0.00034942539307771485 264.50000000000006 0.0004741293382238098 0.00013759838525218744 12.65 392.35000000000008 75.500000000000014
decision_type=2 2 2 2 2 2 2 2 2 2 2 2 2 2 2 2 2 2 2 2 2 2 2 2 2 2 2 2 2 2
left_child=1 3 20 4 8 13 -5 17 9 -1 -10 -6 -9 21 -13 29 18 -8 19 -7 -2 23 28 -3 -20 -18 -17 -23 -15 -4
right_child=2 5 15 6 11 16 7 12 10 -11 -12 14 -14 22 -16 26 25 -19 24 -21 -22 27 -24 -25 -26 -27 -28 -29 -30 -31
leaf_value=1.0669646439453757e-05 -3.6288876277962341e-06 -3.4605835092819338e-07 2.2855078155030411e-06 3.1866134214908471e-06 1.0527726387338659e-06 4.4619539646471544e-06 1.0322593572473427e-05 5.4609070238835031e-06 6.9830888160074939e-06 7.286836140958813e-06 1.6952599745915604e-06 8.501434400031717e-06 9.3901026816133204e-06 4.1902323445238811e-06 5.2032716806384151e-06 -1.5980450731179783e-06 5.1327009627822831e-06 7.4146879581604713e-06 3.228889829074433e-06 2.579504248094023e-06 -2.76441977778184e-06 1.6036739342695228e-06 5.8933194130380199e-06 1.4536729351010368e-06 -2.1502727659853093e-07 8.4063522081123665e-06 -4.263324827095498e-07 4.2940244838973745e-06 2.1113532613312335e-06 3.1813198021937638e-07
leaf_weight=89 3594 97 27 26 26 325 362 72 277 147 24 41 45 31 405 182 21 40 20 89 316 32 24 101 22 20 132 24 85 177
leaf_count=89 3594 97 27 26 26 325 362 72 277 147 24 41 45 31 405 182 21 40 20 89 316 32 24 101 22 20 132 24 85 177
internal_value=-1.25943e-14 5.78523e-06 -3.19442e-06 7.34297e-06 6.42123e-06 3.06835e-06 9.04946e-06 9.34317e-06 7.4409e-06 8.56256e-06 6.56147e-06 5.26114e-06 6.97214e-06 1.82342e-06 5.50647e-06 -4.42282e-07 4.05528e-06 1.00332e-05 3.81482e-06 4.05727e-06 -3.55902e-06 1.05365e-06 3.22001e-06 5.71986e-07 1.42493e-06 6.7296e-06 -1.10548e-06 2.75668e-06 2.66692e-06 5.7852e-07
internal_weight=6873 2445 4428 1554 1009 891 545 519 537 236 301 472 117 394 446 518 497 402 456 414 3910 254 140 198 42 41 314 56 116 204
internal_count=6873 2445 4428 1554 1009 891 545 519 537 236 301 472 117 394 446 518 497 402 456 414 3910 254 140 198 42 41 314 56 116 204
is_linear=0
shrinkage=0.05


Tree=19
num_leaves=31
num_cat=0
split_feature=9 9 9 14 19 23 1 14 11 19 19 4 14 19 15 27 12 27 14 15 15 14 23 1 9 14 22 1 27 25
split_gain=4.5806e-05 2.93362e-06 2.65919e-06 7.57227e-07 6.75794e-07 3.10523e-07 6.63494e-07 3.05296e-07 2.92045e-07 2.69053e-07 2.29984e-07 2.20955e-07 2.0151e-07 1.98501e-07 1.85709e-07 1.61456e-07 1.4838e-07 1.36505e-07 1.32028e-07 1.31185e-07 1.71501e-07 1.5176e-07 1.28853e-07 1.23815e-07 1.17227e-07 1.02705e-07 8.99913e-08 7.0945e-08 5.9445e-08 5.325e-08
threshold=29.5306279080372 16.305809141037315 53.852877163165466 0.21862473630160603 0.00049194500000000003 883.50000000000011 905.15000000000009 -0.73354686966117377 44.35625000000001 0.00018903500000000002 9.5280000000000009e-05 25.500000000000004 0.54219432480460406 0.00029693500000000007 -0.99938741687870725 1.0000000180025095e-35 -0.5 23.833333333333339 0.97875492728876534 0.61913436964878354 0.29137697329261131 0.7090011537757156 494.50000000000006 680.1500000000002 36.66508201347397 0.39036257410962044 606.50000000000011 826.05000000000007 1.1666666666666667 5.0696786338577401e-06
decision_type=2 2 2 2 2 2 2 2 2 2 2 2 2 2 2 2 2 2 2 2 2 2 2 2 2 2 2 2 2 2
left_child=1 10 4 7 16 9 8 15 -7 -5 29 19 -11 -3 -9 -4 18 -17 24 20 -6 -21 28 25 -2 -13 -24 -16 -18 -1
right_child=2 13 3 5 11 6 -8 14 -10 12 -12 23 -14 -15 27 17 22 -19 -20 21 -22 -23 26 -25 -26 -27 -28 -29 -30 -31
leaf_value=-3.4561801507159002e-06 1.9501636655155184e-06 -1.3995805337507508e-07 3.8147149856134396e-06 1.8362910543601176e-06 6.0741386285622198e-06 9.6800640392302739e-07 -2.4476840474529095e-06 5.5256331506825521e-06 6.9640470464740008e-06 4.6733861403308334e-06 -1.455888623051275e-06 2.1882256119296372e-06 8.4487933545430114e-06 1.8752719197066675e-06 1.0244359516065061e-05 9.2013666684770705e-06 5.2097085355509649e-06 6.2386554439676813e-06 -4.1508406714759376e-07 6.4088008321848243e-06 1.7562634347996209e-06 1.0802300318270378e-05 7.6285172225551741e-06 6.0779874605335265e-06 3.9644823200176455e-06 4.5695622632967464e-06 3.9205963381997815e-06 1.2853721097505106e-05 2.9922234769273791e-06 -2.825534825511319e-06
leaf_weight=3511 173 422 24 20 287 24 27 20 132 42 159 72 223 172 256 114 37 59 36 57 25 30 36 75 124 122 30 29 165 370
leaf_count=3511 173 422 24 20 287 24 27 20 132 42 159 72 223 172 256 114 37 59 36 57 25 30 36 75 124 122 30 29 165 370
internal_value=7.32773e-14 -2.83731e-06 5.87231e-06 7.8432e-06 4.3658e-06 6.39634e-06 4.78906e-06 9.19206e-06 6.04158e-06 7.42838e-06 -3.3197e-06 5.46024e-06 7.85043e-06 4.43577e-07 1.0183e-05 7.65782e-06 3.14934e-06 8.19096e-06 2.44454e-06 6.2069e-06 5.72816e-06 7.9238e-06 4.02508e-06 4.35274e-06 2.79116e-06 3.68577e-06 5.9431e-06 1.05099e-05 3.3984e-06 -3.39606e-06
internal_weight=6873 4634 2239 970 1269 468 183 502 156 285 4040 668 265 594 305 197 601 173 333 399 312 87 268 269 297 194 66 285 202 3881
internal_count=6873 4634 2239 970 1269 468 183 502 156 285 4040 668 265 594 305 197 601 173 333 399 312 87 268 269 297 194 66 285 202 3881
is_linear=0
shrinkage=0.05


Tree=20
num_leaves=31
num_cat=0
split_feature=7 6 25 6 13 11 6 14 14 14 3 14 15 15 0 24 23 23 14 14 26 6 15 6 14 0 3 27 9 17
split_gain=4.14083e-05 3.61278e-06 1.44884e-06 7.93747e-07 5.63552e-07 3.36289e-07 2.79608e-07 2.72029e-07 2.04306e-07 3.17427e-07 3.919e-07 3.05219e-07 1.80228e-07 2.72381e-07 1.76114e-07 1.50329e-07 2.58798e-07 1.39554e-07 1.33732e-07 1.18896e-07 1.26867e-07 1.1501e-07 1.02973e-07 9.49045e-08 9.32629e-08 9.02388e-08 6.56873e-08 5.64855e-08 3.33103e-08 3.2721e-08
threshold=66.07676128634192 0.00053712500000000017 9.0510047918843927e-05 0.00072882500000000011 -0.78656609248549325 46.081250000000004 0.00036998500000000003 0.98213580174693105 -0.99630266176052629 -0.94705910369513524 23.450000000000003 -0.015050995721668367 0.04621408538533487 0.11478523713130606 879.50000000000011 0.00064168694323259395 914.50000000000011 932.50000000000011 0.81428061195174062 0.98372640911059162 0.00041434550949085005 5.3375000000000003e-05 -0.30982845708428081 0.00019629000000000003 -0.95244167294248061 463.50000000000006 25.350000000000005 6.166666666666667 53.852877163165466 0.7925369743887799
decision_type=2 2 2 2 2 2 2 2 2 2 2 2 2 2 2 2 2 2 2 2 2 2 2 2 2 2 2 2 2 2
left_child=1 4 21 8 5 12 19 15 28 10 -10 -11 18 -14 22 16 -5 -16 -1 20 -6 -2 -7 -4 -8 -21 -17 -26 -3 -25
right_child=2 3 23 7 6 14 24 -9 9 11 -12 -13 13 -15 17 26 -18 -19 -20 25 -22 -23 -24 29 27 -27 -28 -29 -30 -31
leaf_value=4.504918202451015e-06 -3.2492258639309291e-06 7.8959156962810094e-06 -1.0679702651587331e-06 8.8602302398190737e-06 1.1359873764653272e-06 1.220515064915162e-05 8.7924332118606043e-07 4.2644485491412826e-06 7.2112648805724922e-06 7.619002291803538e-06 5.5594170925649623e-07 5.5822194339462173e-06 -2.4779257381894804e-06 3.5923404014183337e-06 7.3234231835654512e-06 8.7437212594504843e-06 2.8536600728495447e-06 2.1094153423529773e-06 8.891819000026494e-06 1.1055296123562255e-06 3.842013583721382e-06 -1.969180899191977e-06 7.3917341651394971e-06 -2.7860343657057128e-07 4.2171829204874005e-06 -3.4231361248451073e-06 1.0466698555747452e-05 2.959729379968656e-06 1.0610084217870072e-05 8.5232129952782715e-07
leaf_weight=71 3789 20 189 97 237 20 39 30 37 292 55 497 21 154 33 82 22 21 23 22 53 184 25 107 146 22 170 230 26 159
leaf_count=71 3789 20 189 97 237 20 39 30 37 292 55 497 21 154 33 82 22 21 23 22 53 184 25 107 146 22 170 230 26 159
internal_value=-7.37224e-14 5.22282e-06 -2.88387e-06 6.98552e-06 3.12714e-06 4.72938e-06 2.33993e-06 8.84409e-06 6.18154e-06 6.01192e-06 3.23254e-06 6.33601e-06 3.81243e-06 2.86391e-06 7.22088e-06 9.21441e-06 7.74977e-06 5.29575e-06 5.57831e-06 1.26308e-06 1.63054e-06 -3.18994e-06 9.53103e-06 -2.11292e-07 3.2066e-06 -1.1588e-06 9.90605e-06 3.448e-06 9.43001e-06 3.974e-07
internal_weight=6873 2445 4428 1328 1117 368 749 401 927 881 92 789 269 175 99 371 119 54 94 334 290 3973 45 455 415 44 252 376 46 266
internal_count=6873 2445 4428 1328 1117 368 749 401 927 881 92 789 269 175 99 371 119 54 94 334 290 3973 45 455 415 44 252 376 46 266
is_linear=0
shrinkage=0.05


Tree=21
num_leaves=31
num_cat=0
split_feature=7 6 6 15 7 24 7 6 27 25 14 23 6 14 23 9 25 23 2 6 17 6 25 14 14 3 15 7 9 25
split_gain=3.73749e-05 2.45201e-06 2.34262e-06 4.79013e-07 3.92228e-07 2.80461e-07 2.53338e-07 2.19682e-07 2.56053e-07 2.19633e-07 2.0608e-07 2.09742e-07 1.88894e-07 1.69542e-07 3.35094e-07 1.65219e-07 2.64737e-07 1.77352e-07 1.62283e-07 1.125e-07 1.12093e-07 8.10433e-08 8.09063e-08 7.86428e-08 1.0371e-07 7.26049e-08 6.23753e-08 5.54758e-08 4.83747e-08 4.82667e-08
threshold=60.210662054902265 0.00010055000000000002 0.00060489000000000007 -0.42958798411962301 47.203792385979789 0.00064168694323259395 69.049966150872635 0.00018883500000000002 59.500000000000007 0.00069681105718388044 -0.99630266176052629 761.50000000000011 0.00042770500000000007 -0.066607572871769438 911.50000000000011 68.374430841104427 0.00064855887501202066 883.50000000000011 129.50000000000003 0.00079298500000000007 0.96598130769356716 1.8685000000000005e-05 0.00028981150124017893 0.23537774960157334 0.41398981800788198 16.850000000000005 0.14888728888808328 21.162751577311308 33.952003068837669 0.00013759838525218744
decision_type=2 2 2 2 2 2 2 2 2 2 2 2 2 2 2 2 2 2 2 2 2 2 2 2 2 2 2 2 2 2
left_child=2 21 4 5 7 13 22 8 -1 10 -5 -12 23 27 -15 17 -17 -9 -7 -20 25 -2 -3 28 -25 -14 -22 -4 -6 -8
right_child=1 6 3 9 12 18 29 15 -10 -11 11 -13 20 14 -16 16 -18 -19 19 -21 26 -23 -24 24 -26 -27 -28 -29 -30 -31
leaf_value=-1.0619909097897563e-06 -3.1139984221525461e-06 6.1941776172041963e-07 9.8798580839844807e-06 9.2079296962310771e-06 1.9815589433146736e-06 4.7948630005769456e-06 -1.3946870653595794e-06 5.0972489429468854e-06 5.6914859378593977e-06 9.9832596398690452e-06 5.9583644609691012e-06 3.2905104009604775e-06 1.5176350370646344e-06 6.6950594065767032e-06 2.6079528758771175e-07 1.0277708173382976e-05 3.6172791876651903e-06 9.8429667819540824e-07 8.6454431157468638e-06 1.0742842292284275e-05 4.3174933781839087e-06 -2.3019699746892492e-06 2.3475539497300445e-06 -1.3072636656558292e-06 1.9512999024399232e-06 3.668388831889483e-06 7.2741795111141983e-06 7.5263524214326599e-06 3.8471349172855953e-06 -1.7960966366538223e-07
leaf_weight=32 3593 294 34 32 69 22 189 410 25 28 205 115 46 129 24 37 25 28 227 89 44 336 88 31 115 267 30 95 70 144
leaf_count=32 3593 294 34 32 69 22 189 410 25 28 205 115 46 129 24 37 25 28 227 89 44 336 88 31 115 267 30 95 70 144
internal_value=7.25933e-14 -2.55444e-06 5.32204e-06 7.11901e-06 3.85989e-06 7.97574e-06 1.38789e-07 4.84101e-06 1.90006e-06 5.72121e-06 5.38218e-06 4.9996e-06 3.04668e-06 6.81149e-06 5.68576e-06 5.17628e-06 7.59205e-06 4.83432e-06 8.94709e-06 9.23617e-06 3.76606e-06 -3.04456e-06 1.01752e-06 2.06983e-06 1.25941e-06 3.3523e-06 5.51615e-06 8.14666e-06 2.92106e-06 -8.69248e-07
internal_weight=6873 4644 2229 1000 1229 620 715 557 57 380 352 320 672 282 153 500 62 438 338 316 387 3929 382 285 146 313 74 129 139 333
internal_count=6873 4644 2229 1000 1229 620 715 557 57 380 352 320 672 282 153 500 62 438 338 316 387 3929 382 285 146 313 74 129 139 333
is_linear=0
shrinkage=0.05


Tree=22
num_leaves=31
num_cat=0
split_feature=9 6 6 9 14 2 0 6 27 6 15 8 6 6 1 9 17 9 8 11 23 3 25 20 22 14 17 11 4 6
split_gain=3.36818e-05 2.20661e-06 2.16017e-06 6.05447e-07 3.04485e-07 2.28998e-07 2.61566e-07 2.28837e-07 2.31088e-07 1.99877e-07 1.80149e-07 1.84498e-07 1.68925e-07 1.36959e-07 1.12293e-07 9.57541e-08 8.29299e-08 8.21889e-08 6.94774e-08 8.11385e-08 7.14758e-08 6.29594e-08 5.45877e-08 5.07376e-08 4.64012e-08 4.20931e-08 3.94261e-08 4.5613e-08 3.39262e-08 2.80411e-08
threshold=29.5306279080372 0.00015179500000000003 0.00067115000000000002 42.560949672883339 0.9916835347852474 119.50000000000001 791.50000000000011 0.00018883500000000002 59.500000000000007 0.00042770500000000007 -0.97111920233974802 201.31954222287254 4.2610000000000007e-05 0.00033550000000000002 661.6500000000002 55.426072796747803 0.98357959447799848 60.593465619351157 175.33705740607022 44.10625000000001 397.50000000000006 17.550000000000004 0.00013759838525218744 0.00016742500000000004 380.00000000000006 0.42958674266195179 0.97706638747441221 29.503125000000004 37.500000000000007 0.00023904500000000001
decision_type=2 2 2 2 2 2 2 2 2 2 2 2 2 2 2 2 2 2 2 2 2 2 2 2 2 2 2 2 2 2
left_child=1 12 3 9 5 -4 15 8 -5 18 17 -12 -1 22 21 -7 -8 -9 20 -20 -2 -11 -3 -14 -25 -16 27 -15 29 -24
right_child=2 13 4 7 -6 6 16 10 -10 14 11 -13 23 26 25 -17 -18 -19 19 -21 -22 -23 28 24 -26 -27 -28 -29 -30 -31
leaf_value=-2.9355222065147889e-06 2.1958881646799712e-06 -8.658395013109536e-07 2.9721109180732479e-06 -1.0088913486860918e-06 1.9505412301441536e-06 4.1001686817684168e-06 8.1544978323825381e-06 6.3831595147397939e-06 5.4069116158643744e-06 1.460509270445025e-06 5.5310949071006027e-06 3.9397151283382876e-06 -1.9811882689025869e-06 2.5695344119037106e-06 3.719670951340959e-06 6.8533028951986539e-06 9.9311819961413446e-06 1.0051065986599064e-05 7.2632862922136425e-07 2.8823147353871302e-06 5.3954842655912216e-06 3.3926001622022442e-06 1.9836634697051529e-07 1.1669604700896512e-06 -1.9667832973590567e-06 5.3376855595950597e-06 4.1525025213082876e-06 -1.9854552109873939e-07 -3.2896817258573609e-07 1.2155881446214027e-06
leaf_weight=3761 64 108 26 32 25 38 330 56 25 57 421 321 246 46 72 187 82 21 142 63 24 162 135 27 21 91 21 22 111 136
leaf_count=3761 64 108 26 32 25 38 330 56 25 57 421 321 246 46 72 187 82 21 142 63 24 162 135 27 21 91 21 22 111 136
internal_value=4.01736e-14 -2.43301e-06 5.03553e-06 4.00116e-06 7.36737e-06 7.57163e-06 7.75936e-06 4.86833e-06 1.80506e-06 2.87578e-06 5.08152e-06 4.84264e-06 -2.84529e-06 4.54415e-07 3.62931e-06 6.38833e-06 8.50811e-06 7.3835e-06 1.89335e-06 1.3889e-06 3.06851e-06 2.88973e-06 1.2668e-07 -1.69104e-06 -2.04052e-07 4.62298e-06 2.2588e-06 1.67398e-06 4.07288e-07 7.08854e-07
internal_weight=6873 4634 2239 1551 688 663 637 876 57 675 819 742 4055 579 382 225 412 77 293 205 88 219 490 294 48 163 89 68 382 271
internal_count=6873 4634 2239 1551 688 663 637 876 57 675 819 742 4055 579 382 225 412 77 293 205 88 219 490 294 48 163 89 68 382 271
is_linear=0
shrinkage=0.05


Tree=23
num_leaves=31
num_cat=0
split_feature=9 6 6 6 13 4 25 15 23 15 23 19 2 17 6 19 15 0 11 23 22 15 1 21 1 11 6 17 15 20
split_gain=3.03987e-05 2.53444e-06 1.25585e-06 6.02078e-07 4.21474e-07 2.25313e-07 1.99155e-07 2.18022e-07 1.634e-07 1.50342e-07 2.65625e-07 1.4215e-07 1.61304e-07 1.36219e-07 1.35236e-07 1.27575e-07 1.19589e-07 2.56819e-07 1.18287e-07 2.03168e-07 1.84891e-07 1.11387e-07 1.37661e-07 9.33512e-08 9.23133e-08 7.12006e-08 6.60989e-08 6.2521e-08 5.91121e-08 5.0029e-08
threshold=24.498439080104948 0.00053712500000000017 0.00015179500000000003 0.00072882500000000011 -0.9159756150367534 1.5000000000000002 0.00033212759289415748 -0.68432604233786842 649.50000000000011 -0.46800559042974538 880.50000000000011 0.0006591250000000001 124.50000000000001 0.94306961040577553 2.3320000000000004e-05 0.00039222500000000011 -0.67801649466304881 897.50000000000011 50.79375000000001 720.50000000000011 923.50000000000011 -0.52034141052533245 517.50000000000011 396.50000000000006 780.95000000000016 41.581250000000004 0.00024791500000000008 0.93262414780896008 -0.26867065956352881 0.00016742500000000004
decision_type=2 2 2 2 2 2 2 2 2 2 2 2 2 2 2 2 2 2 2 2 2 2 2 2 2 2 2 2 2 2
left_child=2 4 14 11 5 28 7 8 -6 21 24 16 -13 -14 -1 -7 25 -18 19 -8 -20 22 -5 -9 -11 -3 -4 -17 -2 -16
right_child=1 3 26 9 6 15 18 23 -10 10 -12 12 13 -15 29 27 17 -19 20 -21 -22 -23 -24 -25 -26 -27 -28 -29 -30 -31
leaf_value=-2.8068281764005709e-06 9.9091774609405563e-06 4.0830699581752795e-06 -3.3725717021194543e-07 4.875767733340451e-06 2.4433655165590943e-06 6.9645472876800346e-06 3.0228175990060818e-06 2.0081887876110591e-06 7.7208949539908649e-06 5.6775189720307635e-06 8.1881451240492645e-07 1.8157491058445886e-06 5.5344733142620124e-06 7.7087773116545567e-06 -2.0230287421055863e-06 2.3426125513746136e-06 4.6738856951135123e-06 -9.9632141622610747e-07 6.8688773096493526e-06 -4.1932030493777957e-07 1.0279160778736697e-06 1.1510155854921323e-05 8.2078580278255523e-06 1.9842164376551688e-07 9.941662371850477e-06 6.4465979563350753e-06 9.5122139867407031e-07 5.2653698526583529e-06 6.3999023859651068e-06 -1.1744414642204281e-07
leaf_weight=3635 20 41 275 35 55 26 401 111 20 30 21 20 170 125 368 77 407 21 42 48 20 22 271 199 22 143 156 24 30 38
leaf_count=3635 20 41 275 35 55 26 401 111 20 30 21 20 170 125 368 77 407 21 42 48 20 22 271 199 22 143 156 24 30 38
internal_value=1.95965e-14 4.53816e-06 -2.43652e-06 5.99837e-06 2.73092e-06 4.9605e-06 2.29048e-06 1.43168e-06 3.85071e-06 7.61706e-06 5.56489e-06 5.29816e-06 6.16118e-06 6.45579e-06 -2.71016e-06 3.84117e-06 4.85395e-06 4.39567e-06 2.93752e-06 2.65484e-06 4.9847e-06 8.0738e-06 7.82674e-06 8.46435e-07 7.48158e-06 5.91994e-06 1.29106e-07 3.03713e-06 7.80361e-06 -1.84467e-06
internal_weight=6873 2401 4472 1328 1073 177 896 385 75 401 73 927 315 295 4041 127 612 428 511 449 62 328 306 310 52 184 431 101 50 406
internal_count=6873 2401 4472 1328 1073 177 896 385 75 401 73 927 315 295 4041 127 612 428 511 449 62 328 306 310 52 184 431 101 50 406
is_linear=0
shrinkage=0.05


Tree=24
num_leaves=31
num_cat=0
split_feature=7 7 19 19 15 15 27 11 22 23 26 19 12 18 11 15 23 1 24 25 15 20 20 23 9 26 1 4 18 23
split_gain=2.74989e-05 2.28853e-06 9.68293e-07 6.49619e-07 3.3479e-07 4.1523e-07 3.15115e-07 2.77519e-07 2.79324e-07 2.53984e-07 2.41873e-07 1.62389e-07 1.60726e-07 1.83281e-07 1.54095e-07 1.27823e-07 1.23821e-07 1.23375e-07 1.08539e-07 8.69739e-08 6.96221e-08 6.70317e-08 5.74107e-08 5.44543e-08 3.97186e-08 2.89035e-08 2.71914e-08 2.36024e-08 2.0755e-08 1.72598e-08
threshold=66.07676128634192 36.648386270988794 0.00013456500000000004 0.00049194500000000003 -0.42958798411962301 -0.39036009226888674 95.833333333333357 56.478125000000013 966.50000000000011 880.50000000000011 0.00063707238152824143 0.00080633000000000018 -0.5 0.00054587500000000003 41.581250000000004 0.61913436964878354 635.50000000000011 832.40000000000009 0.00021491195048250108 1.4076008416253892e-05 -0.67801649466304881 0.00061924000000000018 0.00022739500000000003 686.50000000000011 83.112798390738405 0.00014120942360721861 392.35000000000008 4.5000000000000009 9.5280000000000009e-05 257.50000000000006
decision_type=2 2 2 2 2 2 2 2 2 2 2 2 2 2 2 2 2 2 2 2 2 2 2 2 2 2 2 2 2 2
left_child=1 4 19 12 7 -6 9 8 11 -7 14 -1 13 17 16 -16 -5 -3 26 -2 24 -20 27 -15 -9 -21 -14 -4 -24 -30
right_child=2 3 22 10 5 6 -8 20 -10 -11 -12 -13 18 23 15 -17 -18 -19 21 25 -22 -23 28 -25 -26 -27 -28 -29 29 -31
leaf_value=6.0395726559257166e-06 -2.6694994894299668e-06 2.2411701142961999e-07 6.0771489877563968e-08 4.0659564373511502e-06 -1.3745457054028521e-06 5.6208310644638222e-06 1.0194122781589006e-05 8.3000318947061756e-06 1.9955923498389147e-06 2.0089316790073922e-06 -8.7045538560667656e-07 9.0640212018864565e-06 2.887308544341494e-06 2.9792913905861238e-06 4.5420078264690742e-06 6.8427243739946961e-06 1.6102986915994377e-06 3.7306074651561562e-06 3.3561768847229474e-06 -2.0049178740401255e-06 6.1558995711103693e-06 6.1715598749287897e-06 1.352975325504812e-07 2.0810936121051782e-07 1.0440368467243389e-05 -3.6406590232939477e-07 1.6314609153788458e-06 -9.1669067211494998e-07 1.8681283438581888e-06 2.8701109359628522e-07
leaf_weight=342 3608 241 98 231 25 214 30 163 39 63 23 51 64 156 256 79 66 28 137 360 35 25 93 20 25 29 132 167 45 28
leaf_count=342 3608 241 98 231 25 214 30 163 39 63 23 51 64 156 256 79 66 28 137 360 35 25 93 20 25 29 132 167 45 28
internal_value=1.51999e-14 4.25617e-06 -2.35012e-06 2.99757e-06 6.11538e-06 4.82193e-06 5.32653e-06 6.77099e-06 6.03154e-06 4.79935e-06 4.16614e-06 6.43206e-06 2.04437e-06 1.40989e-06 4.34944e-06 5.08456e-06 3.52025e-06 5.89105e-07 2.83303e-06 -2.59292e-06 8.20346e-06 3.79065e-06 -9.84849e-08 2.66438e-06 8.58465e-06 -1.88259e-06 2.04153e-06 -5.55214e-07 6.30631e-07 1.26167e-06
internal_weight=6873 2445 4428 1458 987 332 307 655 432 277 655 393 803 445 632 335 297 269 358 3997 223 162 431 176 188 389 196 265 166 73
internal_count=6873 2445 4428 1458 987 332 307 655 432 277 655 393 803 445 632 335 297 269 358 3997 223 162 431 176 188 389 196 265 166 73
is_linear=0
shrinkage=0.05


Tree=25
num_leaves=31
num_cat=0
split_feature=7 6 6 7 14 21 1 5 4 26 0 7 6 1 1 6 0 23 3 11 14 4 11 8 6 1 20 7 4 6
split_gain=2.48193e-05 1.63241e-06 1.5964e-06 4.40331e-07 2.59505e-07 2.26292e-07 2.57207e-07 3.58905e-07 2.16055e-07 2.53704e-07 1.80981e-07 1.72819e-07 1.35616e-07 1.33131e-07 1.32036e-07 1.31665e-07 1.31337e-07 1.12195e-07 1.03664e-07 3.98105e-07 1.09277e-07 8.58437e-08 6.83097e-08 6.2967e-08 5.42045e-08 4.00838e-08 3.29299e-08 2.9701e-08 2.82068e-08 2.38928e-08
threshold=60.210662054902265 0.00010055000000000002 0.00067115000000000002 47.203792385979789 0.9916835347852474 928.50000000000011 810.30000000000007 9.6500000000000004 3.5000000000000004 0.00060228045005232696 794.50000000000011 69.619048494915845 0.0003117350000000001 770.30000000000007 848.70000000000016 0.00031518500000000011 510.50000000000006 911.50000000000011 25.350000000000005 52.003125000000004 -0.91289842852956904 22.500000000000004 41.096875000000004 236.497761277433 1.3425000000000001e-05 493.20000000000005 0.00015891500000000001 50.286584254455086 6.5000000000000009 0.00019218000000000002
decision_type=2 2 2 2 2 2 2 2 2 2 2 2 2 2 2 2 2 2 2 2 2 2 2 2 2 2 2 2 2 2
left_child=2 24 3 5 10 8 -7 -8 15 -10 13 23 16 17 21 -1 -5 -4 19 -12 -20 -14 -18 25 -2 -3 -26 -16 -25 -13
right_child=1 11 4 12 -6 6 7 -9 9 -11 18 29 14 -15 27 -17 22 -19 20 -21 -22 -23 -24 28 26 -27 -28 -29 -30 -31
leaf_value=8.7002466504297148e-06 -2.542106356067439e-06 8.2739781074710636e-07 6.1651147092591933e-06 2.944949199965257e-06 1.3387726230575937e-06 6.037308009952001e-06 4.0474680007939627e-06 -3.1715145528071139e-06 4.5535641566396877e-06 2.0190182572546093e-06 8.1055445477162075e-06 -1.087593230564072e-06 3.1186491406876765e-06 1.7102312499032864e-06 6.765654959616812e-06 5.1983989288647414e-06 -3.133451129790708e-06 2.2309420637611763e-06 4.1410942685615735e-06 2.7474201569280661e-06 7.9759806621828752e-06 1.8626211839744403e-06 6.1987312457639989e-07 6.7501245663050356e-07 -2.0493214233182382e-06 2.1934116953981324e-06 -3.22844240372433e-07 4.1367856200932607e-06 -5.866868626127138e-07 -1.5187430603071016e-07
leaf_weight=30 3551 143 193 35 25 27 33 36 347 138 91 206 297 22 21 255 22 20 20 56 261 251 27 95 348 86 30 22 83 102
leaf_count=30 3551 143 193 35 25 27 33 36 347 138 91 206 297 22 21 255 22 20 20 56 261 251 27 95 348 86 30 22 83 102
internal_value=-2.92675e-14 -2.08162e-06 4.33693e-06 3.44285e-06 6.33953e-06 4.18904e-06 1.89999e-06 2.81042e-07 4.47443e-06 3.83239e-06 6.52809e-06 1.1587e-07 2.48551e-06 5.41324e-06 2.7527e-06 5.56701e-06 6.05641e-07 5.79571e-06 7.14022e-06 6.06435e-06 7.70304e-06 2.54335e-06 -1.06529e-06 7.92095e-07 -2.48151e-06 1.3404e-06 -1.9123e-06 5.42065e-06 8.6692e-08 -7.77712e-07
internal_weight=6873 4644 2229 1541 688 866 96 69 770 485 663 715 675 235 591 285 84 213 428 147 281 548 49 407 3929 229 378 43 178 308
internal_count=6873 4644 2229 1541 688 866 96 69 770 485 663 715 675 235 591 285 84 213 428 147 281 548 49 407 3929 229 378 43 178 308
is_linear=0
shrinkage=0.05


Tree=26
num_leaves=31
num_cat=0
split_feature=7 6 19 6 12 11 14 22 27 14 14 27 14 6 1 0 24 23 14 2 14 22 6 24 0 6 17 9 6 25
split_gain=2.24061e-05 2.01556e-06 7.89819e-07 4.57127e-07 3.19131e-07 3.11248e-07 1.80239e-07 1.78511e-07 1.85391e-07 1.68449e-07 2.5464e-07 4.61163e-07 2.16101e-07 1.51143e-07 1.2432e-07 2.22292e-07 1.00209e-07 2.00008e-07 9.86177e-08 1.21565e-07 8.64206e-08 7.91457e-08 7.31245e-08 5.77503e-08 5.16866e-08 4.73819e-08 3.02677e-08 2.39372e-08 2.21795e-08 1.49846e-08
threshold=66.07676128634192 0.00053712500000000017 0.00013456500000000004 0.00072882500000000011 -0.5 46.081250000000004 0.98213580174693105 883.50000000000011 30.833333333333339 -0.99630266176052629 -0.94139628442229062 0.83333333333333337 -0.10088855117215338 0.00037342500000000009 788.00000000000011 674.50000000000011 0.00064168694323259395 925.50000000000011 0.98372640911059162 222.50000000000003 -0.95500086777008153 812.50000000000011 5.3375000000000003e-05 0.00038711936567417481 778.50000000000011 0.00019218000000000002 0.7925369743887799 53.852877163165466 0.00030069500000000007 1.8725235927594661e-06
decision_type=2 2 2 2 2 2 2 2 2 2 2 2 2 2 2 2 2 2 2 2 2 2 2 2 2 2 2 2 2 2
left_child=1 4 22 9 13 14 16 24 -9 27 11 -11 -12 18 15 -6 17 -5 19 -1 -15 -18 29 -22 -7 -4 -27 -3 -28 -2
right_child=2 3 25 6 5 7 -8 8 -10 10 12 -13 -14 20 -16 -17 21 -19 -20 -21 23 -23 -24 -25 -26 26 28 -29 -30 -31
leaf_value=6.081732126487621e-07 -2.421091393482744e-06 6.1975686730875171e-06 -7.7008034008230205e-07 6.6234603748073687e-06 2.6237365614874208e-06 5.8920468018186518e-06 2.8411779824940218e-06 1.1637091230084245e-06 7.3382396612942102e-06 -4.7672268328824438e-06 5.8637599003930067e-06 3.7109069683640397e-06 4.104949340287384e-06 -1.0077205303941008e-07 5.4342142539098865e-06 -2.0576349824194847e-06 9.8455251281848172e-06 1.2464047748445801e-06 -1.7505022487267315e-06 4.5946748157023521e-06 4.6856779465150766e-06 7.1093309966354442e-06 -1.4301775066828026e-06 2.2996336412288119e-06 9.2200626828084099e-06 -3.2426027511240303e-07 5.1832263409732729e-07 8.4983967413931027e-06 2.2269220894796411e-06 -2.0635031264581994e-06
leaf_weight=214 3468 20 160 98 417 20 30 31 20 20 264 81 516 34 35 27 30 21 39 21 29 222 209 202 28 110 139 26 22 320
leaf_count=214 3468 20 160 98 417 20 30 31 20 20 264 81 516 34 35 27 30 21 39 21 29 222 209 202 28 110 139 26 22 320
internal_value=-1.43077e-14 3.84189e-06 -2.12137e-06 5.15849e-06 2.27657e-06 3.0927e-06 6.56894e-06 5.64487e-06 3.58509e-06 4.54837e-06 4.39435e-06 2.03207e-06 4.70024e-06 1.4014e-06 2.56522e-06 2.33906e-06 6.87038e-06 5.67457e-06 5.77984e-07 9.64414e-07 2.25277e-06 7.43507e-06 -2.34065e-06 2.59918e-06 7.83339e-06 -8.78013e-08 3.1502e-07 7.49804e-06 7.51796e-07 -2.39088e-06
internal_weight=6873 2445 4428 1328 1117 578 401 99 51 927 881 101 780 539 479 444 371 119 274 235 265 252 3997 231 48 431 271 46 161 3788
internal_count=6873 2445 4428 1328 1117 578 401 99 51 927 881 101 780 539 479 444 371 119 274 235 265 252 3997 231 48 431 271 46 161 3788
is_linear=0
shrinkage=0.05


Tree=27
num_leaves=31
num_cat=0
split_feature=7 6 6 15 13 11 22 6 7 24 25 20 15 6 3 15 21 15 20 11 24 25 15 21 4 15 15 25 23 23
split_gain=2.02402e-05 1.32547e-06 1.32167e-06 2.96018e-07 2.46189e-07 1.95454e-07 2.08495e-07 1.70271e-07 1.40695e-07 1.25335e-07 3.05594e-07 1.24633e-07 1.25649e-07 1.21696e-07 1.23963e-07 1.47936e-07 1.21452e-07 1.21037e-07 1.14573e-07 8.45704e-07 1.599e-07 1.50135e-07 1.2408e-07 8.24448e-08 6.82988e-08 6.16727e-08 5.02782e-08 4.9119e-08 4.67753e-08 4.47256e-08
threshold=60.210662054902265 0.00010055000000000002 0.00060489000000000007 -0.73284120334876357 -0.9159756150367534 43.328125000000007 883.50000000000011 0.00053712500000000017 69.049966150872635 0.00043196643959788348 0.0005180374786556461 0.00014016500000000001 -0.97111920233974802 0.00079657000000000003 23.750000000000004 -0.83849291496497236 648.50000000000011 -0.99761278905001471 0.00060282000000000011 52.51250000000001 0.00072006010827437852 0.00058264333007580608 0.04621408538533487 928.50000000000011 57.500000000000007 -0.42958798411962301 -0.99273797715557011 0.0003180499730827352 876.50000000000011 472.50000000000006
decision_type=2 2 2 2 2 2 2 2 2 2 2 2 2 2 2 2 2 2 2 2 2 2 2 2 2 2 2 2 2 2
left_child=2 -2 4 13 5 9 16 11 27 10 -1 -6 -13 14 15 -4 -7 -16 19 21 22 -5 -20 24 -9 -8 -15 29 -22 -3
right_child=1 8 3 18 7 6 25 23 -10 -11 -12 12 -14 26 17 -17 -18 -19 20 -21 28 -23 -24 -25 -26 -27 -28 -29 -30 -31
leaf_value=3.3125223777269163e-06 -2.2401553123286245e-06 6.7594522978814713e-07 2.7562821078506313e-06 3.70499951554723e-06 5.0639800305978527e-06 5.8505368603332749e-06 4.6680851369274025e-06 4.4045396202264094e-06 -6.5088301302263197e-07 5.4099865291134808e-06 -3.4875623725838524e-06 3.9763178054089175e-06 1.6977695227847443e-06 5.8518093520314839e-06 2.9175415726928374e-06 7.0686449438047326e-06 1.0101800705797359e-05 6.7202287963323608e-06 5.4015837647275988e-06 -5.4935626987729771e-06 9.6281890728278101e-06 7.2356410158312833e-06 3.5296838335042192e-06 7.805116025417153e-07 2.1860370762541689e-06 7.4148795832229557e-07 8.5561549787919786e-06 2.1678055879756615e-06 6.2871897129794391e-06 -1.7638406734477031e-06
leaf_weight=95 3929 309 59 91 33 56 20 164 333 39 20 67 624 23 23 30 24 232 212 23 20 45 152 23 44 20 68 53 22 20
leaf_count=95 3929 309 59 91 33 56 20 164 333 39 20 67 624 23 23 30 24 232 212 23 20 45 152 23 44 20 68 53 22 20
internal_value=2.91283e-14 -1.87981e-06 3.91648e-06 5.26622e-06 2.81823e-06 4.13939e-06 5.65221e-06 2.43918e-06 1.00336e-07 2.96057e-06 2.1299e-06 2.06206e-06 1.9187e-06 6.24664e-06 5.8165e-06 4.20989e-06 7.12592e-06 6.37724e-06 4.51139e-06 3.37363e-06 4.95697e-06 4.87323e-06 4.61991e-06 3.62113e-06 3.93524e-06 2.70479e-06 7.87264e-06 7.55194e-07 7.87814e-06 5.2763e-07
internal_weight=6873 4644 2229 1000 1229 274 120 955 715 154 115 724 691 435 344 89 80 255 565 159 406 136 364 231 208 40 91 382 42 329
internal_count=6873 4644 2229 1000 1229 274 120 955 715 154 115 724 691 435 344 89 80 255 565 159 406 136 364 231 208 40 91 382 42 329
is_linear=0
shrinkage=0.05


Tree=28
num_leaves=31
num_cat=0
split_feature=7 6 6 15 13 19 11 6 14 14 14 3 14 24 25 11 23 21 15 14 1 6 23 25 17 14 6 1 25 20
split_gain=1.82668e-05 1.19942e-06 1.1928e-06 2.67157e-07 2.22185e-07 1.91393e-07 1.76397e-07 1.23674e-07 1.24686e-07 1.1634e-07 2.18453e-07 3.45948e-07 1.47352e-07 1.13115e-07 2.75798e-07 1.11586e-07 1.24055e-07 1.11653e-07 1.10314e-07 3.41275e-07 1.16997e-07 9.94862e-08 9.80863e-08 1.19145e-07 8.98803e-08 8.43003e-08 7.21125e-08 6.23694e-08 4.05072e-08 3.80219e-08
threshold=60.210662054902265 0.00015179500000000003 0.00060489000000000007 -0.73284120334876357 -0.9159756150367534 0.00049566500000000017 43.328125000000007 0.00018883500000000002 0.90162119223771331 -0.99630266176052629 -0.94705910369513524 23.550000000000004 -0.75648915189404875 0.00043196643959788348 0.0005180374786556461 51.065625000000004 484.50000000000006 923.50000000000011 -0.84313311835787952 0.40614137006726808 517.50000000000011 4.2610000000000007e-05 775.50000000000011 0.00062369639297372352 0.99845780339954082 0.83376496542330847 0.00035874000000000002 831.35000000000002 0.00013759838525218744 0.00016742500000000004
decision_type=2 2 2 2 2 2 2 2 2 2 2 2 2 2 2 2 2 2 2 2 2 2 2 2 2 2 2 2 2 2
left_child=2 21 4 18 6 7 13 8 -6 -5 11 -11 -12 14 -1 16 -7 -17 19 20 -4 -2 25 -24 -9 -8 28 -20 -3 -23
right_child=1 26 3 9 5 15 22 24 -10 10 12 -13 -14 -15 -16 17 -18 -19 27 -21 -22 29 23 -25 -26 -27 -28 -29 -30 -31
leaf_value=3.1468962714298917e-06 -2.1611189795887869e-06 -7.127065889666152e-07 2.8656268852955693e-06 7.0361655806057875e-06 1.7933048051569739e-06 4.3636306379567145e-06 5.4843451202348504e-06 1.7963474177676922e-06 -3.3584952847298201e-06 5.7049207577200348e-06 6.1179823814784737e-06 -1.8639939905066666e-06 3.9905398355173583e-06 5.1394871976439252e-06 -3.313184322522034e-06 6.0128504581621993e-06 2.0964854774046305e-06 2.2131327725595651e-06 6.6265723387093008e-06 -4.2022575231525338e-08 6.2659990094862011e-06 -1.4609231436876104e-06 5.7365920613783317e-06 9.5669435970855625e-07 4.7595924359955931e-06 9.3726704972141309e-06 1.9984286772232109e-06 9.3967081948693921e-06 3.651308382791015e-07 6.4297181993146188e-08
leaf_weight=95 3761 110 28 36 24 83 46 490 23 26 105 36 362 39 20 58 221 29 93 26 262 246 32 22 27 20 58 26 420 49
leaf_count=95 3761 110 28 36 24 83 46 490 23 26 105 36 362 39 20 58 221 29 93 26 262 246 32 22 27 20 58 26 420 49
internal_value=6.30463e-15 -1.78582e-06 3.72065e-06 5.00291e-06 2.67732e-06 2.31722e-06 3.93242e-06 1.72786e-06 -7.27789e-07 4.28582e-06 4.09865e-06 1.31007e-06 4.46887e-06 2.81254e-06 2.0234e-06 3.16734e-06 2.71548e-06 4.74628e-06 5.9343e-06 5.44569e-06 5.93769e-06 -2.09177e-06 5.3696e-06 3.78923e-06 1.9511e-06 6.66263e-06 3.24602e-07 7.23181e-06 1.41429e-07 -1.20758e-06
internal_weight=6873 4644 2229 1000 1229 955 274 564 47 565 529 62 467 154 115 391 304 87 435 316 290 4056 120 54 517 66 588 119 530 295
internal_count=6873 4644 2229 1000 1229 955 274 564 47 565 529 62 467 154 115 391 304 87 435 316 290 4056 120 54 517 66 588 119 530 295
is_linear=0
shrinkage=0.05


Tree=29
num_leaves=31
num_cat=0
split_feature=7 6 25 6 13 15 14 4 22 14 14 14 4 14 6 0 14 17 18 23 23 0 14 25 15 20 9 15 4 3
split_gain=1.64888e-05 1.48713e-06 5.85286e-07 3.53398e-07 2.69995e-07 1.9186e-07 2.17602e-07 1.475e-07 1.53661e-07 1.46629e-07 1.41863e-07 2.03175e-07 3.73164e-07 1.50191e-07 1.23433e-07 1.21609e-07 8.91599e-08 8.71159e-08 8.24648e-08 1.13558e-07 9.6147e-08 7.95742e-08 6.73015e-08 4.81409e-08 4.69639e-08 4.13439e-08 2.04793e-08 1.73636e-08 1.62744e-08 2.19723e-08
threshold=66.07676128634192 0.00053712500000000017 9.0510047918843927e-05 0.00072882500000000011 -0.78656609248549325 0.04621408538533487 0.98049069993378934 99.500000000000014 981.50000000000011 0.98213580174693105 -0.99630266176052629 -0.94705910369513524 1.5000000000000002 -0.10088855117215338 0.00036998500000000003 445.50000000000006 0.98372640911059162 0.66224187626364184 0.00073238000000000003 895.50000000000011 987.00000000000011 463.50000000000006 -0.95244167294248061 5.5996656527138525e-06 -0.065537083312030994 0.00022739500000000003 53.852877163165466 0.63255009372278048 4.5000000000000009 19.450000000000003
decision_type=2 2 2 2 2 2 2 2 2 2 2 2 2 2 2 2 2 2 2 2 2 2 2 2 2 2 2 2 2 2
left_child=1 4 23 10 5 7 15 8 -1 18 26 12 -12 -13 16 -7 17 -6 19 -5 -20 -18 -16 -2 -24 28 -3 -27 -4 -30
right_child=2 3 25 9 14 6 -8 -9 -10 -11 11 13 -14 -15 22 -17 21 -19 20 -21 -22 -23 24 -25 -26 27 -28 -29 29 -31
leaf_value=4.3297034611577726e-06 -2.0763957109398267e-06 5.3942602517054193e-06 1.131790259865671e-09 5.5723703074670228e-06 -2.0925482615330979e-06 1.164198449297388e-06 -2.5035919425893857e-06 8.1653816301869015e-06 -1.7202213691482692e-07 2.304535134953767e-06 -4.5166914605943023e-06 4.9565806580925867e-06 3.2035758951880985e-06 3.5063915595886057e-06 5.095362736868153e-09 3.8905221310605427e-06 7.1990498533771401e-07 1.2511877829461594e-06 6.8909445921551954e-06 1.5569800520357343e-06 4.0220028966707426e-06 -3.5327468744774459e-06 1.871463855235932e-06 -1.5261360769474359e-06 3.1761399107601173e-06 2.9587451561357768e-07 7.5224220329171381e-06 1.749239164420639e-06 -2.8667297341247709e-07 -1.3998644998916038e-06
leaf_weight=137 3525 20 108 109 21 78 24 21 22 30 20 273 72 516 39 86 22 269 207 21 34 22 285 448 91 143 26 24 101 79
leaf_count=137 3525 20 108 109 21 78 24 21 22 30 20 273 72 516 39 86 22 269 207 21 34 22 285 448 91 143 26 24 101 79
internal_value=1.89676e-14 3.29576e-06 -1.81981e-06 4.42668e-06 1.95121e-06 3.06023e-06 1.94312e-06 4.22699e-06 3.70682e-06 5.66682e-06 3.89022e-06 3.74889e-06 1.52526e-06 4.00817e-06 1.40633e-06 2.59386e-06 6.90849e-07 1.00906e-06 5.9387e-06 4.92373e-06 6.4862e-06 -1.40642e-06 1.98216e-06 -2.01435e-06 2.18722e-06 -1.21163e-07 6.59713e-06 5.04741e-07 -4.84101e-07 -7.7524e-07
internal_weight=6873 2445 4428 1328 1117 368 188 180 159 401 927 881 92 789 749 164 334 290 371 130 241 44 415 3973 376 455 46 167 288 180
internal_count=6873 2445 4428 1328 1117 368 188 180 159 401 927 881 92 789 749 164 334 290 371 130 241 44 415 3973 376 455 46 167 288 180
is_linear=0
shrinkage=0.05


Tree=30
num_leaves=31
num_cat=0
split_feature=7 7 6 14 6 26 6 26 4 25 16 4 7 26 25 24 26 25 24 0 23 15 6 23 26 27 2 3 25 25
split_gain=1.48869e-05 9.93348e-07 9.79428e-07 3.45196e-07 2.76321e-07 2.44152e-07 2.60255e-07 1.91619e-07 1.52996e-07 3.28701e-07 2.11281e-07 1.38806e-07 1.25714e-07 1.24151e-07 1.15717e-07 1.11047e-07 1.05332e-07 1.88633e-07 1.16049e-07 9.72498e-08 9.07496e-08 9.51083e-08 9.05155e-08 8.6481e-08 8.14076e-08 6.68844e-08 7.83963e-08 6.56158e-08 6.55015e-08 6.16621e-08
threshold=60.210662054902265 36.648386270988794 0.00015179500000000003 0.21862473630160603 0.00053712500000000017 0.00059386013001965973 0.00074650500000000006 0.00069466358981070959 22.500000000000004 0.00042011638849560857 1007.1050000000001 22.500000000000004 21.162751577311308 0.00053731291720059344 0.00074109323310950486 0.0006865855857647597 0.00060228045005232696 0.00054090262624432062 0.00042405285586309937 738.50000000000011 600.50000000000011 0.28313308994381586 0.00065673500000000009 883.50000000000011 3.5871131658398853e-05 12.16666666666667 243.50000000000003 24.950000000000003 0.00054744560381110206 0.00028981150124017893
decision_type=2 2 2 2 2 2 2 2 2 2 2 2 2 2 2 2 2 2 2 2 2 2 2 2 2 2 2 2 2 2
left_child=1 3 24 12 11 8 7 -7 9 -5 -10 13 14 19 -1 -16 18 -18 28 -3 -13 -22 -20 -8 -2 27 -27 -14 -6 -4
right_child=2 4 29 5 16 6 23 -9 10 -11 -12 20 25 -15 15 -17 17 -19 22 -21 21 -23 -24 -25 -26 26 -28 -29 -30 -31
leaf_value=7.4766098008598254e-06 -1.9499801836025083e-06 2.3422968500099122e-06 8.1557349878503982e-08 -1.9843102885867366e-06 3.0587802759902463e-06 -3.9243625598735513e-07 7.0859201145892801e-06 3.1324887086409742e-06 4.5710177734682609e-06 4.6170359792344335e-06 8.9241928558417509e-06 1.6344147763690086e-06 7.3369079142470259e-06 5.3058554686578974e-06 1.7922324968822067e-06 6.0037253060782649e-06 4.0275446517625823e-06 -2.3205943183380773e-06 3.8590270806847776e-06 -1.2422371287357239e-06 -1.0288688403963736e-06 2.1907245734809069e-06 6.8040915274305639e-06 3.2872971235431782e-06 -1.0707252477898487e-06 4.6465471335804548e-06 1.4668249865020958e-06 4.9126158106717731e-06 7.7290556668759383e-07 1.5236371481655989e-06
leaf_weight=113 3773 351 501 24 133 83 29 72 113 88 37 214 33 34 20 72 25 22 260 20 81 32 29 31 283 63 28 181 41 87
leaf_count=113 3773 351 501 24 133 83 29 72 113 88 37 214 33 34 20 72 25 22 260 20 81 32 29 31 283 63 28 181 41 87
internal_value=-8.05795e-15 3.35885e-06 -1.61216e-06 4.54289e-06 2.41791e-06 3.57602e-06 2.32728e-06 1.24495e-06 4.60075e-06 3.20246e-06 5.6448e-06 1.7954e-06 5.44721e-06 2.41408e-06 6.40473e-06 5.08818e-06 3.31139e-06 1.05608e-06 3.54033e-06 2.14906e-06 1.02914e-06 -1.17126e-07 4.15455e-06 5.1233e-06 -1.88863e-06 4.80362e-06 3.66817e-06 5.28646e-06 2.52015e-06 2.94926e-07
internal_weight=6873 2229 4644 987 1242 477 215 155 262 112 150 732 510 405 205 92 510 47 463 371 327 113 289 60 4056 305 91 214 174 588
internal_count=6873 2229 4644 987 1242 477 215 155 262 112 150 732 510 405 205 92 510 47 463 371 327 113 289 60 4056 305 91 214 174 588
is_linear=0
shrinkage=0.05


Tree=31
num_leaves=31
num_cat=0
split_feature=9 9 6 13 14 19 14 17 25 9 18 11 11 26 3 25 14 19 22 3 14 6 20 5 8 17 24 19 20 19
split_gain=1.34525e-05 1.15312e-06 7.47121e-07 2.1542e-07 1.88461e-07 1.75834e-07 1.65207e-07 1.47335e-07 2.63384e-07 2.83812e-07 1.26843e-07 1.23166e-07 1.71798e-07 1.13062e-07 1.12226e-07 1.05836e-07 1.0288e-07 1.01576e-07 1.57361e-07 1.01456e-07 9.49914e-08 9.37274e-08 7.79577e-08 7.13023e-08 7.03041e-08 6.40337e-08 4.05519e-08 2.6897e-08 4.56738e-08 2.27642e-08
threshold=32.465369184801879 17.712286693720703 0.00067115000000000002 -0.9159756150367534 0.9916835347852474 0.00049566500000000017 0.98372640911059162 0.94469267424238235 0.00066255616537437242 67.00408929750823 0.00078878500000000007 54.62187500000001 52.003125000000004 0.00048464190990169892 26.150000000000002 0.00015967273393431957 -0.73354686966117377 0.00067075000000000001 894.50000000000011 19.550000000000004 0.85226249403558707 0.00010055000000000002 0.00072308000000000008 13.350000000000003 238.25064773721266 0.96831970523576349 0.0003457544925689929 0.00043983500000000002 0.00034993000000000009 0.00011812500000000001
decision_type=2 2 2 2 2 2 2 2 2 2 2 2 2 2 2 2 2 2 2 2 2 2 2 2 2 2 2 2 2 2
left_child=1 21 3 7 10 6 15 8 9 -2 11 12 -4 19 -15 -5 -13 18 -9 -7 23 -1 -19 -12 25 27 29 28 -3 -26
right_child=2 24 4 5 -6 13 -8 17 -10 -11 20 16 -14 14 -16 -17 -18 22 -20 -21 -22 -23 -24 -25 26 -27 -28 -29 -30 -31
leaf_value=-1.8390658273894638e-06 2.8607890816035092e-06 3.6116459413200048e-07 4.5113043005736321e-06 4.1065410486942013e-06 4.2044139627250845e-07 1.8106010723489095e-06 -1.572040208118683e-06 5.0342163716300648e-06 -2.3045373754112835e-06 8.9625496219100789e-06 6.2380935706906095e-06 2.798537558798368e-06 1.7840812433860264e-06 1.4516267722046325e-06 3.3887189336103175e-06 1.5963335854854477e-06 5.9892762942581614e-06 9.0206300559326671e-06 1.8333451927381766e-07 4.2979670540503496e-06 8.9462483665556649e-06 -7.2657385260906632e-07 4.8573998415320053e-06 3.3984680816627528e-06 5.7096389127764269e-07 2.5344913080748394e-06 3.8246395892853785e-07 -9.4438751614234202e-07 1.674832291978658e-06 -1.1389493019216337e-06
leaf_weight=3895 206 218 251 47 25 53 38 82 22 21 93 30 75 176 130 394 160 22 21 181 25 199 23 29 24 51 159 25 95 103
leaf_count=3895 206 218 251 47 25 53 38 82 22 21 93 30 75 176 130 394 160 22 21 181 25 199 23 29 24 51 159 25 95 103
internal_value=3.95848e-14 -1.46929e-06 3.33035e-06 2.67359e-06 4.68205e-06 2.28865e-06 1.59128e-06 3.66163e-06 2.91902e-06 3.42527e-06 4.84274e-06 4.47361e-06 3.88388e-06 2.90725e-06 2.27457e-06 1.86386e-06 5.48548e-06 4.91101e-06 4.0452e-06 3.73459e-06 6.13847e-06 -1.78499e-06 6.89276e-06 5.5631e-06 4.45475e-07 8.83014e-07 -1.49639e-07 6.33826e-07 7.59882e-07 -8.15816e-07
internal_weight=6873 4769 2104 1416 688 1019 479 397 249 227 663 516 326 540 306 441 190 148 103 234 147 4094 45 122 675 389 286 338 313 127
internal_count=6873 4769 2104 1416 688 1019 479 397 249 227 663 516 326 540 306 441 190 148 103 234 147 4094 45 122 675 389 286 338 313 127
is_linear=0
shrinkage=0.05


Tree=32
num_leaves=31
num_cat=0
split_feature=9 9 6 13 14 19 14 17 0 9 1 20 20 19 22 15 15 0 22 19 9 1 20 8 17 24 19 20 19 5
split_gain=1.21409e-05 1.04069e-06 6.74277e-07 1.94416e-07 1.70086e-07 1.5869e-07 1.49099e-07 1.3297e-07 1.18004e-07 1.08543e-07 1.05561e-07 9.41286e-08 9.36586e-08 9.16726e-08 1.42018e-07 8.7452e-08 2.72336e-07 8.64358e-08 1.29729e-07 8.50259e-08 8.45023e-08 8.27554e-08 7.03568e-08 6.34495e-08 5.77904e-08 3.678e-08 2.42746e-08 4.12206e-08 2.19175e-08 3.29773e-08
threshold=32.465369184801879 17.712286693720703 0.00067115000000000002 -0.9159756150367534 0.9916835347852474 0.00049566500000000017 0.98372640911059162 0.94469267424238235 794.50000000000011 67.00408929750823 770.30000000000007 0.0004395300000000001 0.00024197500000000004 0.00067075000000000001 894.50000000000011 -0.16799793862756093 -0.39827153806311183 928.50000000000011 833.50000000000011 9.5280000000000009e-05 61.53310538342641 874.20000000000016 0.00072308000000000008 238.25064773721266 0.96831970523576349 0.00033859065994544031 0.00043983500000000002 0.00034993000000000009 0.00011812500000000001 9.8500000000000032
decision_type=2 2 2 2 2 2 2 2 2 2 2 2 2 2 2 2 2 2 2 2 2 2 2 2 2 2 2 2 2 2
left_child=1 19 3 7 8 6 12 9 10 20 11 -4 -5 14 -9 16 -10 18 -7 -1 -2 -17 -15 24 26 28 27 -3 -25 -30
right_child=2 23 4 5 -6 17 -8 13 15 -11 -12 -13 -14 22 -16 21 -18 -19 -20 -21 -22 -23 -24 25 -26 -27 -28 -29 29 -31
leaf_value=-1.7479216726780332e-06 2.7256510741235806e-06 3.4310636447502433e-07 7.137991468136369e-06 -6.7332908157722067e-07 3.9941927752806812e-07 2.6223156789802913e-06 -1.493438175633568e-06 4.7825055416036245e-06 5.1567607095859918e-06 5.5414023013473798e-06 4.0303171276305386e-07 3.684228628118316e-06 1.9879125260275281e-06 8.5695985531360346e-06 1.7416774816021127e-07 5.5043317615854907e-06 -5.7843727538718008e-07 -3.0765538047655192e-07 5.2117021722450672e-06 -7.0072138523770348e-07 -4.1938836830013316e-07 9.5157315854521588e-06 4.6145298542994529e-06 5.4241573508306831e-07 2.4077667368808707e-06 3.399339779281332e-07 -8.9716808906814564e-07 1.5910907070878909e-06 -2.1543531588331566e-06 -2.9447135350306573e-07
leaf_weight=3890 194 218 22 36 25 464 38 82 350 31 22 191 405 22 21 36 22 22 54 204 24 20 23 24 51 166 25 95 44 52
leaf_count=3890 194 218 22 36 25 464 38 82 350 31 22 191 405 22 21 36 22 22 54 204 24 20 23 24 51 166 25 95 44 52
internal_value=-1.32654e-14 -1.39583e-06 3.16383e-06 2.53991e-06 4.44795e-06 2.17422e-06 1.51172e-06 3.47855e-06 4.60061e-06 2.77307e-06 3.70038e-06 4.04096e-06 1.77067e-06 4.66546e-06 3.84294e-06 5.09489e-06 4.81758e-06 2.76189e-06 2.89225e-06 -1.69574e-06 2.37941e-06 6.93697e-06 6.54812e-06 4.23201e-07 8.38863e-07 -1.42157e-07 6.02135e-07 7.21888e-07 -8.09051e-07 -1.14692e-06
internal_weight=6873 4769 2104 1416 688 1019 479 397 663 249 235 213 441 148 103 428 372 540 518 4094 218 56 45 675 389 286 338 313 120 96
internal_count=6873 4769 2104 1416 688 1019 479 397 663 249 235 213 441 148 103 428 372 540 518 4094 218 56 45 675 389 286 338 313 120 96
is_linear=0
shrinkage=0.05


Tree=33
num_leaves=31
num_cat=0
split_feature=7 7 19 19 2 4 16 15 21 26 22 17 15 15 15 8 18 1 27 1 1 1 19 11 9 26 7 2 17 26
split_gain=1.0964e-05 9.84008e-07 3.9187e-07 2.59814e-07 2.10876e-07 2.11574e-07 2.03309e-07 2.70742e-07 2.2859e-07 1.97997e-07 1.52067e-07 1.0824e-07 1.23734e-07 9.58556e-08 2.9236e-07 9.45711e-08 8.84231e-08 8.29345e-08 7.65454e-08 7.01548e-08 6.47261e-08 6.13216e-08 6.07163e-08 5.36139e-08 3.93854e-08 3.26359e-08 2.86339e-08 1.97379e-08 1.8933e-08 1.45028e-08
threshold=66.07676128634192 36.648386270988794 0.00013456500000000004 0.00049194500000000003 120.50000000000001 5.5000000000000009 928.56000000000006 -0.33426211444629356 674.50000000000011 0.00063707238152824143 897.50000000000011 0.75115837123395901 0.61913436964878354 -0.67801649466304881 -0.61236746317008228 222.25121069428295 0.00054587500000000003 832.40000000000009 3.5000000000000004 730.10000000000014 291.60000000000008 780.95000000000016 0.00048907000000000019 57.640625000000007 5.0173166676857939 0.00044778728179642631 69.619048494915845 75.500000000000014 0.95193104322987265 0.00014120942360721861
decision_type=2 2 2 2 2 2 2 2 2 2 2 2 2 2 2 2 2 2 2 2 2 2 2 2 2 2 2 2 2 2
left_child=1 4 24 15 10 13 8 -8 -7 11 -1 20 -13 22 -15 18 17 -17 19 -3 -5 -20 -6 -12 -2 -18 27 -4 -28 -26
right_child=2 3 26 9 5 6 7 -9 -10 -11 23 12 -14 14 -16 16 25 -19 21 -21 -22 -23 -24 -25 29 -27 28 -29 -30 -31
leaf_value=4.4226340750438711e-06 -1.6956938730990483e-06 1.9935803120810865e-06 1.6500314451924943e-06 2.9150510699321052e-06 7.8617611803644614e-06 3.4744872972303679e-06 3.5652348958940503e-06 7.8657630991882702e-06 1.9229148496795309e-07 -1.9557290967065418e-06 -2.5832793357949417e-06 2.6195751549533518e-06 4.3906212737559171e-06 -1.4780595351608513e-06 4.7377894398542362e-06 -1.0490563387770056e-07 1.9480311787783255e-06 3.1740726052746706e-06 1.6023903273930926e-06 4.6979678640319002e-06 4.0669260785590808e-07 -1.2699478045874458e-06 5.1871441169052802e-06 1.0777962575048151e-06 -1.27966689670484e-06 -8.632783330698579e-08 -6.1461196297265671e-07 1.9415920082429321e-07 6.3143783929970402e-07 -1.2534538588373961e-07
leaf_weight=22 3527 65 27 41 23 147 196 45 83 23 20 390 132 22 135 236 138 21 262 38 69 20 274 20 441 23 199 169 36 29
leaf_count=22 3527 65 27 41 23 147 196 45 83 23 20 390 132 22 135 236 138 21 262 38 69 20 274 20 441 23 199 169 36 29
internal_value=-1.74686e-14 2.68748e-06 -1.48394e-06 1.86219e-06 3.90661e-06 4.09582e-06 3.35341e-06 4.36824e-06 2.29004e-06 2.60121e-06 1.08368e-06 2.76705e-06 3.06743e-06 4.86604e-06 3.86678e-06 1.25937e-06 7.38614e-07 1.63026e-07 1.82476e-06 2.99132e-06 1.34163e-06 1.39868e-06 5.39427e-06 -7.52742e-07 -1.6384e-06 1.65741e-06 -5.15366e-08 3.94713e-07 -4.23728e-07 -1.20844e-06
internal_weight=6873 2445 4428 1458 987 925 471 241 230 655 62 632 522 454 157 803 418 257 385 103 110 282 297 40 3997 161 431 196 235 470
internal_count=6873 2445 4428 1458 987 925 471 241 230 655 62 632 522 454 157 803 418 257 385 103 110 282 297 40 3997 161 431 196 235 470
is_linear=0
shrinkage=0.05


Tree=34
num_leaves=31
num_cat=0
split_feature=9 9 19 24 4 15 3 15 8 21 3 0 9 17 2 15 15 0 25 8 17 15 11 18 24 19 20 19 2 9
split_gain=9.90036e-06 8.43679e-07 5.26517e-07 2.00835e-07 3.19503e-07 1.97762e-07 1.4256e-07 1.76498e-07 1.40037e-07 1.72426e-07 1.37248e-07 1.61809e-07 2.3229e-07 1.2577e-07 7.97403e-08 7.41176e-08 1.89605e-07 7.29835e-08 7.23651e-08 5.18919e-08 5.03652e-08 3.8703e-08 1.16065e-07 8.24639e-08 3.2292e-08 2.29593e-08 3.32839e-08 1.88438e-08 1.91326e-08 1.46772e-08
threshold=32.465369184801879 17.712286693720703 0.00061219500000000006 0.00026819532660266114 27.500000000000004 -0.99938741687870725 23.750000000000004 -0.83849291496497236 175.33705740607022 468.50000000000006 25.850000000000005 928.50000000000011 65.589244318420782 0.99341602515407457 119.50000000000001 -0.86548532668110156 -0.24372464231556024 916.50000000000011 4.7217227634882927e-05 238.25064773721266 0.96831970523576349 -0.68432604233786842 39.868750000000013 0.00032419000000000008 0.0003457544925689929 0.00043983500000000002 0.00034993000000000009 0.00011812500000000001 127.50000000000001 21.299782673864563
decision_type=2 2 2 2 2 2 2 2 2 2 2 2 2 2 2 2 2 2 2 2 2 2 2 2 2 2 2 2 2 2
left_child=1 18 8 4 -4 -5 7 -7 9 21 11 12 -10 -8 -12 -11 -17 -16 -1 20 25 23 -23 -2 27 26 -3 -21 -29 -26
right_child=2 19 3 5 -6 6 13 -9 10 15 14 -13 -14 -15 17 16 -18 -19 -20 24 -22 22 -24 -25 29 -27 -28 28 -30 -31
leaf_value=-1.5872424822629957e-06 1.8677185982630398e-06 3.0835775015389994e-07 4.3980273443119819e-06 -9.2128987792724135e-07 -4.2429540042121524e-06 8.9981079754715442e-07 4.210558017694736e-06 3.7462224873461529e-06 1.1361077011621879e-06 6.8878900947311195e-06 9.120578852161999e-08 -2.7278033467155184e-06 6.2989622145560929e-06 6.5105735837492188e-06 2.7741823892313281e-06 1.1393822876470951e-06 5.6140811874025412e-06 5.9294301752829821e-06 -7.516741606141782e-07 5.3333089908846889e-07 2.2179097866272987e-06 2.4292220223413208e-06 -2.7125036458706815e-07 4.3500601617651815e-06 -8.9056238859966252e-07 -9.258579038942117e-07 1.4297798140648269e-06 -1.7239936947817116e-06 -3.605018661552204e-07 5.2830279086818563e-07
leaf_weight=3816 81 218 23 21 20 67 472 291 413 24 24 25 23 68 144 40 58 21 278 24 51 181 51 57 21 25 95 50 53 138
leaf_count=3816 81 218 23 21 20 67 472 291 413 24 24 25 23 68 144 40 58 21 278 24 51 181 51 57 21 25 95 50 53 138
internal_value=3.53775e-15 -1.26047e-06 2.85702e-06 3.7188e-06 3.78966e-07 3.87507e-06 3.98724e-06 3.21351e-06 2.13107e-06 2.76747e-06 1.64936e-06 1.18415e-06 1.40846e-06 4.50019e-06 2.78407e-06 4.39755e-06 3.78767e-06 3.17576e-06 -1.5305e-06 3.77357e-07 7.5326e-07 2.22998e-06 1.83558e-06 2.89303e-06 -1.33924e-07 5.32262e-07 6.48725e-07 -7.28396e-07 -1.02239e-06 3.40906e-07
internal_weight=6873 4769 2104 962 43 919 898 358 1142 492 650 461 436 540 189 122 98 165 4094 675 389 370 232 138 286 338 313 127 103 159
internal_count=6873 4769 2104 962 43 919 898 358 1142 492 650 461 436 540 189 122 98 165 4094 675 389 370 232 138 286 338 313 127 103 159
is_linear=0
shrinkage=0.05


Tree=35
num_leaves=31
num_cat=0
split_feature=9 9 6 6 1 3 14 7 6 19 17 25 5 0 18 23 25 22 1 24 16 1 24 22 24 19 14 22 27 23
split_gain=8.93507e-06 7.61421e-07 5.1345e-07 1.52896e-07 1.64099e-07 1.55278e-07 1.51754e-07 1.15462e-07 1.13389e-07 1.73005e-07 1.05965e-07 1.60576e-07 1.05219e-07 7.25857e-08 6.96771e-08 1.32976e-07 6.53095e-08 5.96985e-08 5.42003e-08 4.99589e-08 3.98713e-08 3.83775e-08 2.75246e-08 2.60857e-08 2.1358e-08 2.05543e-08 1.96224e-08 2.90275e-08 1.84605e-08 1.33972e-08
threshold=32.465369184801879 17.712286693720703 0.00067115000000000002 0.00018883500000000002 478.25000000000006 21.550000000000004 0.9916835347852474 47.203792385979789 0.00078878500000000007 0.0008001350000000001 0.99966540723221564 0.00066255616537437242 18.750000000000004 794.50000000000011 0.00078878500000000007 911.50000000000011 4.7217227634882927e-05 919.50000000000011 864.05000000000007 0.00039081062986754002 393.08500000000004 554.95000000000016 0.00035982759250399455 432.50000000000006 0.00013789843484721554 0.00020991000000000003 -0.94139628442229062 468.50000000000006 2.5000000000000004 122.50000000000001
decision_type=2 2 2 2 2 2 2 2 2 2 2 2 2 2 2 2 2 2 2 2 2 2 2 2 2 2 2 2 2 2
left_child=1 16 3 4 -2 -6 8 10 9 13 11 -5 18 -4 15 -10 -1 -16 -9 -14 21 25 23 24 -22 -3 -24 -28 -27 -18
right_child=2 20 6 7 5 -7 -8 12 14 -11 -12 -13 19 -15 17 -17 29 -19 -20 -21 22 -23 26 -25 -26 28 27 -29 -30 -31
leaf_value=-1.5078803403791273e-06 3.8517260649810357e-06 1.9474254585198334e-06 3.1030586941979248e-06 2.7624355710608851e-06 -3.9466251808205148e-06 1.0179747334859714e-06 1.0593945262371563e-08 1.8285394727821955e-06 5.8726266065922434e-06 -8.1772690724132456e-07 5.4077430858716768e-06 4.8633919659088428e-08 -1.918256690361078e-06 4.3323383851754119e-06 8.1408977604479777e-06 1.5352851793674442e-06 -4.353342413744306e-07 5.212846892799443e-06 4.2675969666561285e-06 1.2528852296426244e-06 1.3656364103553642e-06 1.9873350431294484e-06 -1.0131060206287571e-06 -1.6411820113078011e-06 -4.0584088095766011e-07 1.4684212701735415e-06 1.6314000657719492e-07 1.6388144636891866e-06 2.1500345267118825e-07 -1.146290457620528e-06
leaf_weight=3816 22 23 207 716 28 36 25 447 43 21 34 59 27 286 27 30 169 49 24 23 20 53 21 37 114 34 109 48 216 109
leaf_count=3816 22 23 207 716 28 36 25 447 43 21 34 59 27 286 27 30 169 49 24 23 20 53 21 37 114 34 109 48 216 109
internal_value=1.32874e-14 -1.19744e-06 2.71417e-06 2.16972e-06 1.26506e-07 -1.15404e-06 3.83472e-06 2.30183e-06 3.97892e-06 3.62687e-06 2.67569e-06 2.55584e-06 1.72131e-06 3.81619e-06 5.19339e-06 4.09016e-06 -1.45398e-06 6.25308e-06 1.95282e-06 -4.59531e-07 3.58489e-07 7.56094e-07 -1.29133e-08 -4.65947e-07 -1.41441e-07 5.17062e-07 4.22304e-07 6.14302e-07 3.85468e-07 -7.1409e-07
internal_weight=6873 4769 2104 1416 86 64 688 1330 663 514 809 775 521 493 149 73 4094 76 471 50 675 326 349 171 134 273 178 157 250 278
internal_count=6873 4769 2104 1416 86 64 688 1330 663 514 809 775 521 493 149 73 4094 76 471 50 675 326 349 171 134 273 178 157 250 278
is_linear=0
shrinkage=0.05


Tree=36
num_leaves=31
num_cat=0
split_feature=9 9 6 12 14 15 15 14 14 2 17 25 9 18 27 19 0 22 23 3 6 23 19 19 20 9 6 18 25 5
split_gain=8.0639e-06 6.87182e-07 4.63388e-07 1.38155e-07 1.67304e-07 2.15629e-07 2.69517e-07 2.21805e-07 1.36958e-07 1.42059e-07 1.32734e-07 2.02598e-07 2.5771e-07 1.21964e-07 1.18741e-07 1.12687e-07 1.11416e-07 1.04022e-07 1.03057e-07 8.86247e-08 5.94058e-08 5.34323e-08 3.74826e-08 3.09602e-08 2.41323e-08 5.80973e-08 2.11835e-08 1.9585e-08 2.91768e-08 2.63685e-08
threshold=32.465369184801879 17.712286693720703 0.00067115000000000002 -0.25881904510252113 0.23537774960157334 0.18281312110578132 1.0000000180025095e-35 0.41398981800788198 0.9916835347852474 119.50000000000001 0.94469267424238235 0.00066255616537437242 67.00408929750823 0.00075141500000000007 65.833333333333357 0.00067075000000000001 674.50000000000011 674.50000000000011 909.50000000000011 20.850000000000005 0.00010055000000000002 854.50000000000011 0.00029693500000000007 0.00043983500000000002 0.00034505500000000009 26.113617984028142 0.00024791500000000008 0.00047709000000000006 0.00027725910483375178 3.5500000000000003
decision_type=2 2 2 2 2 2 2 2 2 2 2 2 2 2 2 2 2 2 2 2 2 2 2 2 2 2 2 2 2 2
left_child=1 20 3 4 16 6 -6 -7 9 -4 11 12 -5 18 15 -12 17 -2 -11 -15 -1 -18 24 27 25 26 -3 29 -29 -24
right_child=2 22 8 10 5 7 -8 -9 -10 13 14 -13 -14 19 -16 -17 21 -19 -20 -21 -22 -23 23 -25 -26 -27 -28 28 -30 -31
leaf_value=-1.4243307071271739e-06 2.0347878206748975e-06 -1.7854270857184641e-07 1.5729299932970138e-07 2.019860239733477e-06 6.0348452174602489e-07 -2.2488556639514585e-06 -4.3819576992445364e-06 3.1891048151704839e-06 1.0064253729069606e-08 3.6354746749683514e-06 2.6769820597867998e-06 -2.6305115738978202e-06 7.6918262147089634e-06 7.4107319489013645e-06 7.176350585211822e-06 5.7253837256767941e-06 2.9323434323639343e-06 -1.6408840802677849e-06 1.1168548108469894e-06 4.4032014062794945e-06 -5.3864818917230854e-07 5.3110080381006345e-06 -4.3250989007071399e-07 -8.7792597233041874e-07 1.5513584173731944e-06 -2.3627098589538669e-06 6.7914680850359831e-07 -1.4237087660262659e-06 9.152319648642049e-07 1.364248873838423e-06
leaf_weight=3895 118 229 26 432 216 22 31 127 25 299 192 22 21 27 20 36 127 23 47 264 199 29 23 26 24 26 105 20 40 182
leaf_count=3895 118 229 26 432 216 22 31 127 25 299 192 22 21 27 20 36 127 23 47 264 199 29 23 26 24 26 105 20 40 182
internal_value=1.132e-14 -1.13757e-06 2.57846e-06 2.06123e-06 1.55677e-06 8.83973e-07 -2.22188e-08 2.38618e-06 3.64299e-06 3.77998e-06 2.54476e-06 2.05524e-06 2.2828e-06 3.92784e-06 3.48234e-06 3.15831e-06 2.45384e-06 1.43521e-06 3.29335e-06 4.68225e-06 -1.38128e-06 3.37453e-06 3.40564e-07 7.68572e-07 1.62143e-08 -8.61287e-08 9.10902e-08 9.30116e-07 1.35585e-07 1.16266e-06
internal_weight=6873 4769 2104 1416 693 396 247 149 688 663 723 475 453 637 248 228 297 141 346 291 4094 156 675 291 384 360 334 265 60 205
internal_count=6873 4769 2104 1416 693 396 247 149 688 663 723 475 453 637 248 228 297 141 346 291 4094 156 675 291 384 360 334 265 60 205
is_linear=0
shrinkage=0.05


Tree=37
num_leaves=31
num_cat=0
split_feature=7 6 19 6 13 3 25 11 23 26 14 14 27 25 25 19 6 1 17 6 14 25 19 20 17 1 8 26 25 26
split_gain=7.29275e-06 6.79935e-07 2.60742e-07 1.88875e-07 1.46948e-07 1.26714e-07 1.90778e-07 1.08944e-07 1.44077e-07 1.06887e-07 9.83307e-08 9.74013e-08 1.50875e-07 1.10155e-07 7.46031e-08 9.5455e-08 7.38662e-08 5.64636e-08 5.09849e-08 4.84556e-08 4.48907e-08 2.85911e-08 2.50641e-08 2.25247e-08 2.32269e-08 1.19768e-08 1.07605e-08 9.95697e-09 9.3997e-09 9.30308e-09
threshold=66.07676128634192 0.00053712500000000017 0.00013456500000000004 0.00078878500000000007 -0.78656609248549325 19.150000000000002 0.00050481185993998335 56.478125000000013 953.50000000000011 0.00045477677173186981 -0.73354686966117377 0.74443451080969758 27.500000000000004 0.00064855887501202066 0.00054318366725269204 0.00054044500000000018 0.00051345500000000001 672.25000000000011 0.9763827272954374 0.00064482000000000005 0.82414472752956958 5.5996656527138525e-06 0.00077376500000000015 0.00030589000000000007 0.95193104322987265 664.35000000000002 84.347994971280301 0.00021991121521710514 0.00021049696542308266 0.00014120942360721861
decision_type=2 2 2 2 2 2 2 2 2 2 2 2 2 2 2 2 2 2 2 2 2 2 2 2 2 2 2 2 2 2
left_child=1 4 21 7 5 6 17 8 9 -3 -9 13 -13 -7 15 16 -6 -1 20 -12 22 -2 -5 24 26 -26 27 -4 -28 -23
right_child=2 3 23 18 14 11 -8 10 -10 -11 19 12 -14 -15 -16 -17 -18 -19 -20 -21 -22 29 -24 -25 25 -27 28 -29 -30 -31
leaf_value=8.7181545316553015e-07 -1.3851839678070664e-06 3.4560415080512322e-06 6.0147433191559692e-07 2.9520663929361037e-06 9.6014857902539094e-07 2.557383356574836e-06 -3.7231018177408261e-06 1.3006635378698059e-06 -1.0803879444278278e-06 2.2840819323567639e-06 2.2526667380589059e-06 2.5605051002292551e-06 7.4246550173029388e-06 -1.2874488263713873e-06 -1.9228785830542306e-06 4.2127293165156681e-06 -1.9834306282394787e-06 3.5860163515516672e-06 2.753305298028863e-06 4.6373682332993365e-06 6.7722729282054237e-06 -1.0275959281252522e-06 4.9441700786019288e-06 1.2134587477979068e-06 1.0663454821864431e-06 -2.6537721532804423e-07 -4.0928467461144792e-07 -4.6441282232733967e-07 -1.4955849554677446e-06 -1.0320952677328275e-07
leaf_weight=66 3525 274 50 20 682 165 20 33 27 671 25 44 25 21 23 22 22 27 30 144 29 443 75 33 52 25 210 39 22 29
leaf_count=66 3525 274 50 20 682 165 20 33 27 671 25 44 25 21 23 22 22 27 30 144 29 443 75 33 52 25 210 39 22 29
internal_value=7.56177e-15 2.19183e-06 -1.21026e-06 2.95653e-06 1.28268e-06 2.10084e-06 7.07082e-07 2.74057e-06 2.52099e-06 2.62389e-06 3.79713e-06 2.71847e-06 4.32288e-06 2.12329e-06 8.80694e-07 9.69512e-07 8.68162e-07 1.65981e-06 4.60292e-06 4.2846e-06 5.0504e-06 -1.33625e-06 4.52478e-06 -4.18361e-08 -1.45918e-07 6.33968e-07 -3.32994e-07 1.344e-07 -5.12296e-07 -9.70801e-07
internal_weight=6873 2445 4428 1328 1117 368 113 1174 972 945 202 255 69 186 749 726 704 93 154 169 124 3997 95 431 398 77 321 89 232 472
internal_count=6873 2445 4428 1328 1117 368 113 1174 972 945 202 255 69 186 749 726 704 93 154 169 124 3997 95 431 398 77 321 89 232 472
is_linear=0
shrinkage=0.05


Tree=38
num_leaves=31
num_cat=0
split_feature=7 9 7 14 27 23 17 15 14 14 15 14 14 15 15 25 15 3 15 15 16 14 16 14 25 25 8 17 24 24
split_gain=6.59249e-06 5.6206e-07 3.88181e-07 2.26631e-07 2.07175e-07 3.86013e-07 2.37212e-07 1.89746e-07 3.45893e-07 2.10355e-07 1.24707e-07 3.32292e-07 2.62283e-07 1.12493e-07 1.71872e-07 1.57625e-07 1.23e-07 9.96996e-08 9.12225e-08 9.02661e-08 1.00251e-07 6.28863e-08 6.22728e-08 5.13466e-08 4.91357e-08 4.43516e-08 4.17121e-08 4.66032e-08 3.41847e-08 2.72376e-08
threshold=57.292237129449141 17.712286693720703 36.648386270988794 0.21862473630160603 20.500000000000004 698.50000000000011 0.9752786032485391 1.0000000180025095e-35 0.9916835347852474 0.82414472752956958 0.61913436964878354 0.41398981800788198 0.31799963745711152 0.04621408538533487 0.13185577213185923 0.00054090262624432062 -0.10837475778693638 23.650000000000002 -0.97111920233974802 -0.99938741687870725 949.15000000000009 0.74443451080969758 715.43000000000018 -0.99630266176052629 4.7217227634882927e-05 0.00074109323310950486 238.25064773721266 0.96831970523576349 0.00051645546050845556 0.00031862751493104939
decision_type=2 2 2 2 2 2 2 2 2 2 2 2 2 2 2 2 2 2 2 2 2 2 2 2 2 2 2 2 2 2
left_child=2 24 3 19 5 -5 -7 9 -9 -6 13 12 -12 16 22 -16 18 21 -4 -1 23 -13 -15 -21 -2 -22 27 -3 -18 -28
right_child=1 26 10 4 7 6 -8 8 -10 -11 11 17 -14 14 15 -17 28 -19 -20 20 25 -23 -24 -25 -26 -27 29 -29 -30 -31
leaf_value=5.005480943509611e-07 -1.2935960489457443e-06 4.234385507470241e-07 2.8404620700988356e-06 5.5206137355861236e-06 2.496655200593523e-06 1.7086764832545516e-06 -2.2280031499307575e-06 3.608606032396826e-06 -3.8533174156327736e-06 5.6274118420826705e-06 2.2233162381853204e-06 4.0979021388354727e-06 -4.1900097853044829e-06 -3.6765522509085719e-07 1.8906106524395172e-06 -1.3834634491634766e-06 4.7761644215427174e-06 9.8914270707113743e-07 1.2522315664837676e-06 5.4199106458933487e-06 5.7402811149205628e-06 6.9399116152150487e-06 -4.222594004297455e-06 3.2526503870958137e-06 -6.050772075868916e-07 4.0244136383066756e-06 -8.028038914394878e-07 2.0297423182350591e-06 2.284951200895843e-06 2.0756487306084882e-07
leaf_weight=20 3816 343 112 38 125 83 71 41 25 94 44 103 25 20 157 48 40 22 469 30 86 24 22 307 278 67 104 52 21 186
leaf_count=20 3816 343 112 38 125 83 71 41 25 94 44 103 25 20 157 48 40 22 469 30 86 24 22 307 278 67 104 52 21 186
internal_value=1.1835e-14 -1.02504e-06 2.33939e-06 3.06035e-06 2.27693e-06 1.00737e-06 -1.06286e-07 3.13221e-06 7.8212e-07 3.84045e-06 1.69657e-06 2.76825e-06 -1.00353e-07 1.43378e-06 5.27002e-07 1.124e-06 1.78265e-06 4.09666e-06 1.5584e-06 3.79308e-06 3.92747e-06 4.63497e-06 -2.38691e-06 3.44558e-06 -1.24684e-06 4.98889e-06 3.00586e-07 6.34901e-07 3.91853e-06 -1.54774e-07
internal_weight=6873 4779 2094 987 477 192 154 285 66 219 1107 218 69 889 247 205 642 149 581 510 490 127 42 337 4094 153 685 395 61 290
internal_count=6873 4779 2094 987 477 192 154 285 66 219 1107 218 69 889 247 205 642 149 581 510 490 127 42 337 4094 153 685 395 61 290
is_linear=0
shrinkage=0.05


Tree=39
num_leaves=31
num_cat=0
split_feature=7 9 7 14 27 23 17 26 14 26 6 27 6 2 26 23 27 7 14 14 11 26 18 8 17 18 5 25 26 21
split_gain=5.94972e-06 5.07259e-07 3.50334e-07 2.04534e-07 1.88273e-07 3.03173e-07 2.43852e-07 1.76124e-07 2.35674e-07 1.13354e-07 1.20477e-07 1.08741e-07 9.77593e-08 1.13802e-07 8.53863e-08 9.94926e-08 8.33807e-08 7.59361e-08 7.35127e-08 1.10859e-07 7.12063e-08 4.5415e-08 4.24204e-08 3.76452e-08 4.20594e-08 2.53328e-08 2.06553e-08 2.03261e-08 2.73682e-08 1.96977e-08
threshold=57.292237129449141 17.712286693720703 36.648386270988794 0.21862473630160603 23.833333333333339 698.50000000000011 0.9752786032485391 0.00045477677173186981 0.99053107487289871 0.00063707238152824143 0.00055524000000000014 6.8333333333333348 0.00046638000000000002 268.50000000000006 0.00056234532705241825 516.50000000000011 58.833333333333336 21.162751577311308 -0.73354686966117377 -0.96463499255812291 41.581250000000004 5.6225000000000016e-06 0.00036183000000000011 238.25064773721266 0.96831970523576349 0.00037342500000000009 8.6500000000000004 0.00038420231649894933 0.00030004247099267659 526.50000000000011
decision_type=2 2 2 2 2 2 2 2 2 2 2 2 2 2 2 2 2 2 2 2 2 2 2 2 2 2 2 2 2 2
left_child=2 21 3 12 5 11 -7 16 -9 10 14 -5 -1 17 15 -4 -6 -14 19 -12 -20 -2 -16 24 27 29 -26 28 -3 -25
right_child=1 23 9 4 7 6 -8 8 -10 -11 18 -13 13 -15 22 -17 -18 -19 20 -21 -22 -23 -24 25 26 -27 -28 -29 -30 -31
leaf_value=6.9439061116143068e-06 -1.2505860049333541e-06 1.9789840623868968e-07 1.8144587692155061e-06 7.0938899269727386e-06 3.0005951305867029e-06 1.7502865427618618e-06 -2.134744778459208e-06 2.9060026985529546e-06 -2.2221407107281268e-06 -1.3691094284607267e-06 2.3641858312677214e-06 2.1174512030917131e-06 4.4362690071643728e-06 5.774373221356655e-07 1.3804255718241623e-06 5.2245145082306302e-07 6.2820934730627091e-06 3.1254293498216578e-06 1.818883899629751e-06 -1.7047453813854821e-06 3.2682124173793411e-06 -7.6485201780812754e-07 4.2986798882449161e-06 2.5544536124645957e-07 1.0056611448102817e-06 1.4887882716399635e-07 3.0046149163354131e-06 -1.1049227036134349e-06 1.2026153154978996e-06 -1.4052598129260811e-06
leaf_weight=21 3537 225 271 23 32 92 72 162 26 31 47 21 187 32 20 331 49 270 146 26 202 557 33 26 28 207 24 21 97 57
leaf_count=21 3537 225 271 23 32 92 72 162 26 31 47 21 187 32 20 331 49 270 146 26 202 557 33 26 28 207 24 21 97 57
internal_value=1.36918e-14 -9.73789e-07 2.22242e-06 2.90733e-06 2.16308e-06 1.03342e-06 4.4663e-08 3.03657e-06 2.19679e-06 1.61174e-06 1.69762e-06 4.71877e-06 3.60343e-06 3.45997e-06 1.27346e-06 1.10407e-06 4.9857e-06 3.66181e-06 2.35755e-06 9.14977e-07 2.66016e-06 -1.1845e-06 3.19745e-06 2.85557e-07 6.03156e-07 -1.47036e-07 1.92826e-06 4.02267e-07 5.00562e-07 -8.85039e-07
internal_weight=6873 4779 2094 987 477 208 164 269 188 1107 1076 44 510 489 655 602 81 457 421 73 348 4094 53 685 395 290 52 343 322 83
internal_count=6873 4779 2094 987 477 208 164 269 188 1107 1076 44 510 489 655 602 81 457 421 73 348 4094 53 685 395 290 52 343 322 83
is_linear=0
shrinkage=0.05


Tree=40
num_leaves=31
num_cat=0
split_feature=7 7 19 6 14 27 19 14 14 26 14 14 14 22 6 17 14 15 14 0 27 27 21 8 7 3 14 18 27 25
split_gain=5.37087e-06 5.13853e-07 1.92599e-07 1.84866e-07 1.84592e-07 1.69916e-07 2.48204e-07 4.23573e-07 2.46354e-07 1.58952e-07 2.12695e-07 1.17145e-07 3.18482e-07 9.72107e-08 8.82277e-08 8.82077e-08 8.35265e-08 7.64897e-08 1.07002e-07 9.62889e-08 7.52511e-08 6.46882e-08 8.54864e-08 6.57118e-08 7.71412e-08 6.45627e-08 5.96025e-08 5.61367e-08 4.49578e-08 2.13275e-08
threshold=66.07676128634192 36.648386270988794 0.00013456500000000004 0.00041987500000000006 0.21862473630160603 23.833333333333339 0.0007098400000000001 0.55656748448714433 0.70290292807158616 0.00045477677173186981 0.99053107487289871 -0.94975917145599731 -0.96689237009891416 685.50000000000011 0.00046638000000000002 0.8662101906326648 0.78857998149907527 -0.99465740988130902 -0.73354686966117377 814.50000000000011 58.833333333333336 3.5000000000000004 380.00000000000006 254.62635741609648 53.674036994083139 25.650000000000002 0.23537774960157334 0.00051697000000000006 13.833333333333334 1.0127600831006199e-06
decision_type=2 2 2 2 2 2 2 2 2 2 2 2 2 2 2 2 2 2 2 2 2 2 2 2 2 2 2 2 2 2
left_child=1 4 29 21 14 6 8 -8 -6 20 -11 12 13 -5 -1 27 -17 19 -19 -16 -7 23 28 24 -3 -24 -25 -13 -23 -2
right_child=2 3 -4 11 5 9 7 -9 -10 10 -12 15 -14 -15 17 16 -18 18 -20 -21 -22 22 25 26 -26 -27 -28 -29 -30 -31
leaf_value=6.5967107860030551e-06 -1.1926455064629111e-06 4.3759289921278351e-06 -3.4412046170585433e-08 2.3194521785020093e-06 2.6085503365218182e-06 2.8505654485977417e-06 -3.6799839560330844e-06 4.4761598048399974e-06 -2.3675354877165474e-06 2.7607025725237579e-06 -2.1110336932067115e-06 7.450923524652596e-07 -5.4923447123655933e-06 -1.2807455132133328e-06 -1.1316485305152518e-06 2.7062913360441001e-06 1.0757178383434135e-06 2.6322813251196134e-06 4.2121610766539322e-06 3.174512273276645e-06 5.9679887787139277e-06 -8.5472252112595031e-07 -8.0426091571974238e-07 1.1614260138909711e-06 1.2435470210404452e-06 1.7710644864824384e-06 -1.6722605187169395e-06 2.1257984091924993e-06 1.4649283457625702e-06 -8.5529335351148595e-07
leaf_weight=21 3455 30 431 75 38 32 20 78 72 162 26 188 20 25 21 380 99 193 241 34 49 25 186 72 57 28 25 121 127 542
leaf_count=21 3455 30 431 75 38 32 20 78 72 162 26 188 20 25 21 380 99 193 241 34 49 25 186 72 57 28 25 121 127 542
internal_value=1.47051e-14 1.88098e-06 -1.03862e-06 1.28459e-06 2.76197e-06 2.05493e-06 9.81746e-07 2.81164e-06 -6.48524e-07 2.88475e-06 2.08695e-06 1.72277e-06 2.67445e-07 1.4194e-06 3.42326e-06 1.9444e-06 2.36928e-06 3.28697e-06 3.50959e-06 1.53034e-06 4.73641e-06 5.61184e-07 1.76708e-07 1.32596e-06 2.32368e-06 -4.67302e-07 4.31094e-07 1.28576e-06 1.08341e-06 -1.1469e-06
internal_weight=6873 2445 4428 1458 987 477 208 98 110 269 188 908 120 100 510 788 479 489 434 55 81 550 366 184 87 214 97 309 152 3997
internal_count=6873 2445 4428 1458 987 477 208 98 110 269 188 908 120 100 510 788 479 489 434 55 81 550 366 184 87 214 97 309 152 3997
is_linear=0
shrinkage=0.05


Tree=41
num_leaves=31
num_cat=0
split_feature=9 9 19 24 27 15 6 26 5 13 14 15 15 22 3 24 18 20 15 6 21 24 1 19 27 3 19 5 19 2
split_gain=4.84808e-06 4.07034e-07 2.84064e-07 1.36733e-07 2.49092e-07 1.67811e-07 1.17722e-07 1.07334e-07 1.02491e-07 1.29623e-07 1.22763e-07 1.1356e-07 1.35124e-07 8.35036e-08 8.24406e-08 1.21831e-07 6.11781e-08 5.49697e-08 4.92367e-08 3.77678e-08 2.5817e-08 2.93448e-08 2.7767e-08 2.13105e-08 1.76388e-08 1.979e-08 1.63917e-08 2.93485e-08 1.63041e-08 1.40867e-08
threshold=32.465369184801879 17.712286693720703 0.00061219500000000006 0.00026819532660266114 30.500000000000004 -0.99938741687870725 0.00078274500000000016 0.00033433696297875372 16.550000000000004 -0.9159756150367534 0.90892735371523092 -0.68432604233786842 -0.23537842981696178 710.50000000000011 27.450000000000003 0.00068954845129393083 0.00078274500000000016 0.00061626500000000006 0.91245913578114801 0.00010055000000000002 340.50000000000006 0.00031862751493104939 554.95000000000016 0.00020991000000000003 31.500000000000004 23.650000000000002 0.00011812500000000001 9.8500000000000032 0.00043129000000000008 127.50000000000001
decision_type=2 2 2 2 2 2 2 2 2 2 2 2 2 2 2 2 2 2 2 2 2 2 2 2 2 2 2 2 2 2
left_child=1 19 8 4 -4 -5 7 -7 9 11 13 -2 -13 18 15 -11 -8 -16 -10 -1 22 26 23 -3 25 -23 -22 -28 -25 -26
right_child=2 20 3 5 -6 6 16 -9 10 14 -12 12 -14 -15 17 -17 -18 -19 -20 -21 21 24 -24 28 29 -27 27 -29 -30 -31
leaf_value=-1.1039359517015525e-06 5.3358992233500299e-06 1.7026053609680714e-06 3.4251854977494235e-06 -1.6570422650104211e-06 -4.2044780411742978e-06 4.5010502564015478e-06 3.151218658473085e-06 2.417477393556237e-06 9.5366859339761979e-07 1.2172994044422502e-06 -2.8264429916956804e-06 -1.2185887597930244e-07 2.993584111454861e-06 3.413016001677197e-06 1.9670957093530384e-06 -2.7522958225745244e-06 5.1644580772468497e-06 4.5337358715187294e-06 -1.3437022857942794e-06 -3.9774085978094792e-07 3.2308866879989017e-07 1.1418679941096196e-06 1.5980562692663871e-06 3.4587637213037657e-07 -1.4685041757964905e-06 2.6576930498205997e-08 -2.1604373924017433e-06 -2.3543956763980778e-07 -1.0753178220180748e-06 1.1381984651192257e-07
leaf_weight=3895 35 27 23 21 20 68 77 679 86 576 26 46 143 27 126 20 74 25 32 199 27 74 54 244 22 86 36 44 22 39
leaf_count=3895 35 27 23 21 20 68 77 679 86 576 26 46 143 27 126 20 74 25 32 199 27 74 54 244 22 86 36 44 22 39
internal_value=-2.19502e-14 -8.82045e-07 1.99927e-06 2.63227e-06 -1.23495e-07 2.76121e-06 2.86453e-06 2.60715e-06 1.46605e-06 1.66483e-06 3.37315e-07 2.71979e-06 2.23533e-06 9.0461e-07 1.34848e-06 1.08409e-06 4.13784e-06 2.39204e-06 3.30653e-07 -1.06961e-06 2.55565e-07 -6.24877e-08 5.56202e-07 3.64188e-07 2.66587e-07 5.42399e-07 -7.42165e-07 -1.10169e-06 2.28334e-07 -4.56854e-07
internal_weight=6873 4769 2104 962 43 919 898 747 1142 971 171 224 189 145 747 596 151 151 118 4094 675 328 347 293 221 160 107 80 266 61
internal_count=6873 4769 2104 962 43 919 898 747 1142 971 171 224 189 145 747 596 151 151 118 4094 675 328 347 293 221 160 107 80 266 61
is_linear=0
shrinkage=0.05


Tree=42
num_leaves=31
num_cat=0
split_feature=7 7 6 14 27 5 17 26 14 14 6 14 14 6 2 17 11 27 7 26 21 5 6 7 3 11 7 17 18 17
split_gain=4.38077e-06 3.24349e-07 2.84576e-07 1.63669e-07 1.53867e-07 1.9904e-07 1.89469e-07 1.41748e-07 1.85571e-07 1.21492e-07 1.07564e-07 1.08605e-07 1.42641e-07 8.10284e-08 9.64966e-08 7.2092e-08 6.943e-08 6.55029e-08 9.40168e-08 8.87482e-08 8.04409e-08 6.43357e-08 6.20797e-08 6.07613e-08 5.46829e-08 5.23661e-08 3.98275e-08 2.48078e-08 3.25711e-08 2.53443e-08
threshold=60.210662054902265 36.648386270988794 0.00010055000000000002 0.21862473630160603 23.833333333333339 10.15 0.9752786032485391 0.00045477677173186981 0.99053107487289871 0.48314048284850658 0.00055524000000000014 -0.73354686966117377 -0.96463499255812291 0.00046638000000000002 268.50000000000006 0.89789833657832385 41.581250000000004 32.500000000000007 42.129393261406214 0.00053731291720059344 858.50000000000011 16.650000000000002 0.00065673500000000009 21.162751577311308 24.050000000000004 40.353125000000013 67.990363345414593 0.96598130769356716 0.00017011500000000003 0.99634487001629535
decision_type=2 2 2 2 2 2 2 2 2 2 2 2 2 2 2 2 2 2 2 2 2 2 2 2 2 2 2 2 2 2
left_child=1 3 -2 13 5 9 -7 15 -9 -5 17 12 24 -1 23 -6 25 19 -19 20 -3 -20 -18 -15 -12 -13 27 28 -4 -29
right_child=2 10 26 4 7 6 -8 8 -10 -11 11 16 -14 14 -16 -17 22 18 21 -21 -22 -23 -24 -25 -26 -27 -28 29 -30 -31
leaf_value=6.1625595099896958e-06 -1.0415116419552525e-06 1.2385531713186158e-06 8.5603767793738524e-07 -2.8957181873086788e-07 3.3163687151971785e-06 1.5135577834899455e-06 -2.3798279443099092e-06 2.498483495204665e-06 -2.0520225951678679e-06 3.9298383468368398e-06 3.6843240030231591e-06 1.8703951051260237e-06 -2.6355426411685456e-06 3.8693580693732773e-06 3.3640286574154747e-07 6.4806668921880407e-06 2.6035925678435569e-06 -1.9861999522323165e-06 1.0932198622968698e-06 3.3014842556440273e-06 -1.8010021805188761e-06 -7.2940470503116592e-07 5.5383341816650507e-06 2.6967877894574285e-06 4.0242292698167148e-07 -7.0654537753596189e-07 -3.0349506573805012e-07 2.0556714019903666e-06 -2.6568141931756223e-07 6.9332888257961787e-08
leaf_weight=21 3929 406 115 24 54 62 63 162 26 59 22 138 28 187 32 27 182 37 221 50 23 62 20 270 30 23 384 42 148 26
leaf_count=21 3929 406 115 24 54 62 63 162 26 59 22 138 28 187 32 27 182 37 221 50 23 62 20 270 30 23 384 42 148 26
internal_value=1.3652e-14 1.82206e-06 -8.74543e-07 2.49865e-06 1.83288e-06 8.11645e-07 -4.48709e-07 2.62254e-06 1.86916e-06 2.70977e-06 1.28439e-06 1.90929e-06 2.41658e-07 3.12134e-06 2.99073e-06 4.37113e-06 2.27682e-06 9.37913e-07 3.84028e-07 1.30794e-06 1.07559e-06 6.93917e-07 2.89416e-06 3.17659e-06 1.79092e-06 1.50226e-06 4.29682e-08 4.44907e-07 2.24804e-07 1.29619e-06
internal_weight=6873 2229 4644 987 477 208 125 269 188 83 1242 443 80 510 489 81 363 799 320 479 429 283 202 457 52 161 715 331 263 68
internal_count=6873 2229 4644 987 477 208 125 269 188 83 1242 443 80 510 489 81 363 799 320 479 429 283 202 457 52 161 715 331 263 68
is_linear=0
shrinkage=0.05


Tree=43
num_leaves=31
num_cat=0
split_feature=7 9 7 14 23 17 11 17 22 5 4 1 15 15 14 15 22 14 6 15 14 0 14 22 6 17 25 25 5 26
split_gain=3.95757e-06 3.36717e-07 2.35171e-07 1.47712e-07 1.63858e-07 4.49221e-07 2.10964e-07 1.83095e-07 1.77313e-07 1.61487e-07 1.10733e-07 1.18718e-07 1.02598e-07 1.2568e-07 1.12163e-07 9.42647e-08 7.49217e-08 1.70741e-07 7.31281e-08 6.70992e-08 8.77324e-08 8.28863e-08 6.42669e-08 5.70513e-08 3.1755e-08 3.26993e-08 2.78629e-08 3.51637e-08 2.51894e-08 2.35061e-08
threshold=57.292237129449141 15.614369762864852 36.648386270988794 0.21862473630160603 883.50000000000011 0.97452269190847207 46.081250000000004 0.99341602515407457 685.50000000000011 11.15 25.500000000000004 154.50000000000003 0.61913436964878354 0.35041260675351149 0.74443451080969758 0.22491561436810906 648.50000000000011 0.52033990680116082 0.00046638000000000002 -0.99465740988130902 -0.73354686966117377 814.50000000000011 -0.96689237009891416 619.50000000000011 0.00023904500000000001 0.96965711648407893 0.00036336099241837303 0.0003180499730827352 7.5500000000000007 4.4820302333882316e-05
decision_type=2 2 2 2 2 2 2 2 2 2 2 2 2 2 2 2 2 2 2 2 2 2 2 2 2 2 2 2 2 2
left_child=2 29 3 18 7 6 -6 8 -5 -7 12 -12 13 15 23 -4 22 -18 -1 21 -21 -20 -13 -14 -3 26 27 -26 -27 -2
right_child=1 24 10 4 5 9 -8 -9 -10 -11 11 16 14 -15 -16 -17 17 -19 19 20 -22 -23 -24 -25 25 28 -28 -29 -30 -31
leaf_value=5.8544315574441242e-06 -1.0059303506310037e-06 -2.0559183354775747e-07 1.3915311739630543e-06 4.0553062809841641e-06 -1.6855324921725069e-06 6.4733444560260985e-09 3.1371021949465874e-06 5.7110153606069955e-06 1.1525618713921386e-06 -5.7937877916932251e-06 4.1186307290293681e-06 2.8979880078673484e-06 1.0160606564705669e-06 -2.3749644393925947e-06 6.0730494093756228e-06 4.1155272677261729e-06 -3.0770889558224622e-06 9.0478824937968574e-07 -1.2738660708626933e-06 2.2553045485065628e-06 3.685869931905095e-06 2.7213804467946295e-06 6.4749281351515149e-07 3.3651783674315539e-06 1.8404747487879383e-07 2.0876853975930014e-07 -9.985459839958237e-07 1.5569626910405534e-06 2.2577261535827734e-06 -4.6130085073069694e-07
leaf_weight=21 3804 328 482 74 29 20 104 38 182 30 24 36 48 21 24 34 43 72 21 193 241 34 267 56 279 24 39 56 40 209
leaf_count=21 3804 328 482 74 29 20 104 38 182 30 24 36 48 21 24 34 43 72 21 193 241 34 267 56 279 24 39 56 40 209
internal_value=1.05448e-14 -7.94202e-07 1.81255e-06 2.37372e-06 1.74124e-06 5.66634e-07 2.08555e-06 2.47237e-06 1.99164e-06 -3.47368e-06 1.31222e-06 6.98835e-07 1.71992e-06 1.41671e-06 2.99199e-06 1.57102e-06 5.02483e-07 -5.84088e-07 2.96527e-06 2.84119e-06 3.0497e-06 1.19592e-06 9.14878e-07 2.28097e-06 1.66425e-07 4.45012e-07 2.66299e-07 4.1355e-07 1.48937e-06 -9.77566e-07
internal_weight=6873 4779 2094 987 477 183 133 294 256 50 1107 442 665 537 128 516 418 115 510 489 434 55 303 104 766 438 374 335 64 4013
internal_count=6873 4779 2094 987 477 183 133 294 256 50 1107 442 665 537 128 516 418 115 510 489 434 55 303 104 766 438 374 335 64 4013
is_linear=0
shrinkage=0.05


Tree=44
num_leaves=31
num_cat=0
split_feature=7 6 26 6 20 8 14 1 15 14 14 14 4 14 7 18 11 21 26 20 15 15 20 3 17 17 21 18 7 25
split_gain=3.57236e-06 3.53217e-07 1.29604e-07 1.25951e-07 1.07995e-07 1.33226e-07 1.78241e-07 1.47845e-07 1.17389e-07 1.0419e-07 8.72358e-08 1.60365e-07 3.44334e-07 1.15814e-07 6.8683e-08 6.23053e-08 6.69523e-08 5.7355e-08 5.24489e-08 4.78689e-08 3.83755e-08 3.08357e-08 1.83139e-08 1.51297e-08 1.15105e-08 1.49164e-08 1.25707e-08 1.42765e-08 1.16991e-08 9.43968e-09
threshold=66.07676128634192 0.00053712500000000017 6.4350247476790666e-05 0.00078878500000000007 0.00014627000000000002 175.33705740607022 0.97875492728876534 788.00000000000011 0.04621408538533487 0.93845596220871974 -0.99630266176052629 -0.94705910369513524 1.5000000000000002 -0.10088855117215338 52.466597660281543 0.00078878500000000007 54.62187500000001 935.50000000000011 0.00062058274066632303 0.00071508500000000018 0.29958852271690523 -0.88620506325989179 0.00030589000000000007 26.250000000000004 0.95920564391323726 0.98995068185107316 30.500000000000004 0.00041556000000000009 69.619048494915845 1.0127600831006199e-06
decision_type=2 2 2 2 2 2 2 2 2 2 2 2 2 2 2 2 2 2 2 2 2 2 2 2 2 2 2 2 2 2
left_child=1 4 29 10 14 7 9 19 -8 -7 23 12 -12 -13 -1 16 18 21 -5 -6 -9 -17 24 -3 26 -26 28 -28 -4 -2
right_child=2 3 22 15 5 6 8 20 -10 -11 11 13 -14 -15 -16 17 -18 -19 -20 -21 -22 -23 -24 -25 25 -27 27 -29 -30 -31
leaf_value=5.1091372053791854e-06 -9.7544434728109662e-07 4.9614059166329262e-06 5.7152369788183387e-07 2.8134622493780626e-06 9.5504349568653215e-07 3.4161565513046332e-07 1.2515219235932886e-07 5.0922546718841964e-06 -4.3203388741224472e-06 2.8570948224013494e-06 -5.9844238444384246e-06 2.6778366956993805e-06 1.4316263010035376e-06 1.5860556985809489e-06 1.5713754013337595e-06 4.019504733689785e-06 3.9751239645132354e-06 2.1886363832717981e-06 -8.0761840507648227e-07 3.2543971353031035e-06 2.2647299964262402e-06 6.3486251777552144e-06 1.0201166419116788e-06 3.1798145816817576e-06 1.0726248105859333e-06 -3.1071242950986294e-07 -7.8449610490383553e-07 3.8667752962297648e-07 -2.5097914093365863e-07 -7.2779123657854787e-07
leaf_weight=23 3455 22 57 20 398 483 27 30 33 45 20 390 72 644 34 27 36 21 20 24 20 30 33 26 38 40 162 31 179 433
leaf_count=23 3455 22 57 20 398 483 27 30 33 45 20 390 72 644 34 27 36 21 20 24 20 30 33 26 38 40 162 31 179 433
internal_value=5.72329e-15 1.53405e-06 -8.47053e-07 2.08521e-06 8.78773e-07 7.64767e-07 2.62547e-07 1.39041e-06 -2.31987e-06 5.56003e-07 1.90885e-06 1.81986e-06 -1.80559e-07 1.99785e-06 2.99889e-06 3.42966e-06 2.41081e-06 4.42239e-06 1.00292e-06 1.08581e-06 3.96124e-06 5.24536e-06 -1.21212e-07 3.99638e-06 -1.955e-07 3.63221e-07 -2.97086e-07 -5.9638e-07 -5.23238e-08 -9.47864e-07
internal_weight=6873 2445 4428 1328 1117 1060 588 472 60 528 1174 1126 92 1034 57 154 76 78 40 422 50 57 540 48 507 78 429 193 236 3888
internal_count=6873 2445 4428 1328 1117 1060 588 472 60 528 1174 1126 92 1034 57 154 76 78 40 422 50 57 540 48 507 78 429 193 236 3888
is_linear=0
shrinkage=0.05


Tree=45
num_leaves=31
num_cat=0
split_feature=7 9 6 14 14 6 27 14 27 3 22 5 8 22 26 2 8 19 18 14 6 24 22 5 22 3 1 19 26 19
split_gain=3.23341e-06 2.7091e-07 1.92792e-07 1.06009e-07 2.35722e-07 1.06738e-07 1.80954e-07 9.5445e-08 7.74442e-08 1.12797e-07 6.15394e-08 1.63943e-07 4.24322e-08 8.56595e-08 4.51283e-08 3.26428e-08 3.21554e-08 2.42449e-08 3.76782e-08 2.34327e-08 1.97201e-08 1.88252e-08 1.88274e-08 1.60364e-08 1.25965e-08 1.23469e-08 2.70914e-08 1.8857e-08 7.84347e-09 6.29647e-09
threshold=57.292237129449141 15.614369762864852 0.00072882500000000011 -0.99630266176052629 -0.99275805973510278 0.00018883500000000002 59.500000000000007 -0.98523971305672675 51.166666666666679 22.350000000000005 966.50000000000011 13.15 140.62689592947231 886.50000000000011 0.00061554845190937434 126.50000000000001 233.17242719103459 0.00043983500000000002 0.00020409500000000003 0.36648264796514479 1.1550000000000001e-05 0.00033859065994544031 432.50000000000006 14.15 238.50000000000003 23.750000000000004 638.60000000000002 0.00022915000000000004 0.00052319587211217583 0.00013114500000000002
decision_type=2 2 2 2 2 2 2 2 2 2 2 2 2 2 2 2 2 2 2 2 2 2 2 2 2 2 2 2 2 2
left_child=2 20 3 15 -5 6 -6 -7 10 -10 12 -12 13 -4 -14 -1 17 18 23 -20 -2 22 24 -3 -18 27 -27 -23 -17 -22
right_child=1 16 8 4 5 7 -8 -9 9 -11 11 -13 14 -15 -16 28 21 -19 19 -21 29 25 -24 -25 -26 26 -28 -29 -30 -31
leaf_value=1.7001019278679798e-06 -9.2372873517493802e-07 4.7390494453125601e-07 3.1093006650551599e-06 -3.2240353147829282e-06 -2.5822086764640328e-06 3.8771406718474399e-06 2.1871967917192977e-06 1.4314345440743825e-06 -9.9988746042485731e-07 3.2743451309466641e-06 3.3943580808374611e-06 -2.2243742068894791e-06 2.4975120277304087e-06 -4.7825436581661048e-07 4.3016274027880961e-06 3.3207701949322653e-06 -1.5419097010749285e-06 -1.0124118750388369e-06 6.9110599418936986e-07 2.4047085545182774e-06 -6.6330205623627191e-07 -2.555192847353283e-07 -1.8944179738393058e-06 -4.0307590912410278e-07 -1.8735300902235847e-07 3.542457783834827e-07 -1.4713300002298521e-06 1.2009872822318357e-06 4.6271705691146465e-06 -1.7348134454445806e-07
leaf_weight=21 3522 248 99 28 43 41 37 1476 33 29 37 20 50 20 113 20 20 27 42 38 413 40 24 66 121 59 31 50 27 78
leaf_count=21 3522 248 99 28 43 41 37 1476 33 29 37 20 50 20 113 20 20 27 42 38 413 40 24 66 121 59 31 50 27 78
internal_value=-2.20648e-15 -7.17872e-07 1.63835e-06 1.40486e-06 1.32393e-06 1.40366e-06 -3.76359e-07 1.49753e-06 2.62414e-06 9.9935e-07 2.92129e-06 1.42287e-06 3.22417e-06 2.50635e-06 3.74822e-06 3.33899e-06 1.43785e-07 4.37044e-07 5.36373e-07 1.50507e-06 -8.82344e-07 -2.14076e-07 -5.99842e-07 2.89571e-07 -3.79489e-07 1.39544e-07 -2.74564e-07 5.53651e-07 4.07126e-06 -5.85489e-07
internal_weight=6873 4779 2094 1693 1625 1597 80 1517 401 62 339 57 282 119 163 68 766 421 394 80 4013 345 165 314 141 180 90 90 47 491
internal_count=6873 4779 2094 1693 1625 1597 80 1517 401 62 339 57 282 119 163 68 766 421 394 80 4013 345 165 314 141 180 90 90 47 491
is_linear=0
shrinkage=0.05


Tree=46
num_leaves=31
num_cat=0
split_feature=7 7 19 24 4 20 19 14 22 16 21 5 16 23 21 0 19 21 25 22 18 27 20 14 22 11 5 16 1 17
split_gain=2.91815e-06 2.45806e-07 1.81989e-07 1.06205e-07 2.24735e-07 9.13014e-08 1.21911e-07 1.19649e-07 1.10655e-07 1.35903e-07 9.09528e-08 2.03102e-07 1.48697e-07 2.23144e-07 1.66874e-07 1.02711e-07 9.71447e-08 8.1445e-08 3.56345e-08 2.66712e-08 4.28372e-08 2.06545e-08 2.02326e-08 1.52926e-08 1.86011e-08 1.26384e-08 1.95125e-08 1.10468e-08 1.4264e-08 9.02701e-09
threshold=57.292237129449141 69.619048494915845 0.00061219500000000006 0.00026819532660266114 27.500000000000004 0.0004794200000000001 0.00076997000000000014 0.69056404122701587 974.50000000000011 964.80000000000007 928.50000000000011 11.15 936.04000000000008 836.50000000000011 876.50000000000011 814.50000000000011 0.00041213500000000005 735.50000000000011 1.2695670468966917e-05 370.50000000000006 0.00033227000000000007 2.5000000000000004 0.00023383 -0.94139628442229062 477.50000000000006 21.771875000000005 14.750000000000002 169.78 341.90000000000003 0.96965711648407893
decision_type=2 2 2 2 2 2 2 2 2 2 2 2 2 2 2 2 2 2 2 2 2 2 2 2 2 2 2 2 2 2
left_child=2 19 10 4 -4 6 7 -5 9 -7 12 16 13 15 17 -1 -12 -14 -3 21 22 29 -21 -22 -25 -23 -27 28 -20 -2
right_child=1 18 3 5 -6 8 -8 -9 -10 -11 11 -13 14 -15 -16 -17 -18 -19 27 20 23 25 -24 24 -26 26 -28 -29 -30 -31
leaf_value=1.1280174548078681e-06 9.7353748932012744e-07 -8.7385117764116142e-07 3.0040620841824105e-06 4.0071366465781469e-06 -4.2429704035384938e-06 1.778458644749897e-06 6.0576014413637692e-06 1.281189270230243e-07 -6.4722347767536505e-07 3.4285711873070895e-06 3.4769469399028217e-06 -4.5934353501954982e-06 2.7896015913597695e-06 -3.0905180826647994e-06 2.7566394885946432e-07 4.150086097697254e-06 -7.9091378590116317e-07 6.9993324426899632e-06 -3.7953393740588892e-07 -3.0190942058280514e-07 -8.6593821627637369e-07 1.2855537351847652e-06 -2.3445913387621222e-06 2.232076523180527e-08 1.15452694322877e-06 2.7153692089546815e-08 1.1234134332127609e-06 -6.8188639772918068e-07 6.6439661141375107e-07 2.2593443433260337e-06
leaf_weight=922 39 3594 23 50 20 608 33 33 38 157 24 22 20 31 27 29 30 27 283 22 27 35 27 103 56 185 52 298 37 21
leaf_count=922 39 3594 23 50 20 608 33 33 38 157 24 22 20 31 27 29 30 27 283 22 27 35 27 103 56 185 52 298 37 21
internal_value=-1.40763e-14 -6.81978e-07 1.55643e-06 2.06207e-06 -3.66651e-07 2.17571e-06 3.48694e-06 2.46488e-06 1.98629e-06 2.11711e-06 1.12673e-06 -5.43898e-07 1.24697e-06 1.08409e-06 3.40834e-06 1.22017e-06 1.10591e-06 5.20796e-06 -8.13544e-07 2.95372e-07 -1.12229e-07 5.83884e-07 -1.42747e-06 2.34259e-07 4.21085e-07 3.98659e-07 2.67683e-07 -4.62828e-07 -2.58829e-07 1.42357e-06
internal_weight=6873 4779 2094 962 43 919 116 83 803 765 1132 76 1056 982 74 951 54 47 4212 567 235 332 49 186 159 272 237 618 320 60
internal_count=6873 4779 2094 962 43 919 116 83 803 765 1132 76 1056 982 74 951 54 47 4212 567 235 332 49 186 159 272 237 618 320 60
is_linear=0
shrinkage=0.05


Tree=47
num_leaves=31
num_cat=0
split_feature=13 11 18 9 24 6 6 22 26 16 20 11 15 15 1 1 15 18 15 24 16 6 8 22 25 15 16 26 6 17
split_gain=2.64189e-06 2.59495e-07 1.9468e-07 1.56916e-07 1.35535e-07 1.0195e-07 8.44697e-08 1.0137e-07 1.94452e-07 1.23816e-07 8.64522e-08 7.53771e-08 7.01679e-08 1.57652e-07 1.01632e-07 4.1643e-08 7.63885e-08 4.07303e-08 3.9791e-08 3.27215e-08 2.75903e-08 1.85814e-08 1.35208e-08 1.34252e-08 1.33961e-08 6.89976e-09 4.89006e-09 7.04005e-09 4.71091e-09 3.91928e-09
threshold=-0.5 41.581250000000004 0.00013114500000000002 17.712286693720703 0.00057638505298942893 0.00060788500000000017 0.00079657000000000003 971.50000000000011 0.00060477260810965991 964.80000000000007 0.00065290000000000009 52.003125000000004 0.91245913578114801 0.94975093725139803 687.80000000000007 524.90000000000009 -0.17646730165275518 0.00058292500000000009 -0.88620506325989179 0.000428927637875475 644.95000000000016 0.00024791500000000008 268.16576738323027 432.50000000000006 1.0127600831006199e-06 -0.91249077947840473 312.71500000000009 6.7179256805556409e-05 8.7105000000000014e-05 0.66224187626364184
decision_type=2 2 2 2 2 2 2 2 2 2 2 2 2 2 2 2 2 2 2 2 2 2 2 2 2 2 2 2 2 2
left_child=1 4 -3 24 5 12 7 9 -9 -4 11 -8 14 -14 -1 16 -7 20 -12 -17 21 23 -23 -5 -2 -19 27 -26 -28 -29
right_child=3 2 6 17 -6 15 10 8 -10 -11 18 -13 13 -15 -16 19 -18 25 -20 -21 -22 22 -24 -25 26 -27 28 29 -30 -31
leaf_value=5.5470592207091227e-07 -8.3679315307780413e-07 -3.0566302081069807e-06 1.6945702164027709e-06 -6.1889095119030648e-08 -3.2128104153560433e-06 1.2185090592877606e-06 3.2838780062623609e-06 3.3746051561441471e-06 -2.3455573484217245e-06 3.2692180123152662e-06 3.173792387979223e-06 -8.7231349425564992e-07 -2.7257012703785223e-06 9.439175490039512e-07 2.3252514327509748e-06 -8.0686028923082633e-07 3.7737798236478209e-06 2.1347476060485784e-06 5.4512158777112403e-06 1.8220193124244392e-06 -1.3377470573637717e-06 2.2394214386855645e-07 1.2156716833673768e-06 -1.1433767113113859e-06 -6.2070571229284069e-07 9.2284852044599579e-07 -1.4086686121572712e-06 -8.0987110891328478e-07 -6.4307262869499906e-07 -3.9062096029641561e-08
leaf_weight=552 3455 20 983 220 21 59 24 24 39 143 44 20 48 75 95 20 58 23 34 29 37 157 44 33 392 24 32 20 54 94
leaf_count=552 3455 20 983 220 21 59 24 24 39 143 44 20 48 75 95 20 58 23 34 29 37 157 44 33 392 24 32 20 54 94
internal_value=-6.55912e-16 1.3877e-06 1.83922e-06 -6.92488e-07 7.59729e-07 8.48856e-07 1.91391e-06 1.78534e-06 -1.66448e-07 1.89455e-06 3.16684e-06 1.3947e-06 6.06567e-07 -4.88129e-07 8.14678e-07 1.97273e-06 2.48522e-06 1.09763e-07 4.16652e-06 7.49007e-07 -2.48375e-08 8.21618e-08 4.41037e-07 -2.02953e-07 -7.99138e-07 1.51591e-06 -5.79374e-07 -5.2013e-07 -9.27946e-07 -1.74292e-07
internal_weight=6873 2288 1331 4585 957 936 1311 1189 63 1126 122 44 770 123 647 166 117 538 78 49 491 454 201 253 4047 47 592 506 86 114
internal_count=6873 2288 1331 4585 957 936 1311 1189 63 1126 122 44 770 123 647 166 117 538 78 49 491 454 201 253 4047 47 592 506 86 114
is_linear=0
shrinkage=0.05


Tree=48
num_leaves=31
num_cat=0
split_feature=13 11 24 9 24 6 2 23 1 22 8 22 15 15 21 22 20 15 21 24 15 15 25 21 16 9 6 3 2 8
split_gain=2.3843e-06 2.34194e-07 1.65364e-07 1.41617e-07 1.2232e-07 9.20096e-08 8.08737e-08 2.1733e-07 1.77728e-07 1.06849e-07 9.63857e-08 6.54732e-08 1.96866e-07 7.24074e-08 4.21167e-08 6.93674e-08 5.17779e-08 3.38272e-08 3.4619e-08 3.88185e-08 3.60273e-08 2.12761e-08 1.209e-08 7.55901e-09 4.41328e-09 5.22234e-09 4.25159e-09 3.51203e-09 2.78824e-09 2.10908e-09
threshold=-0.5 41.581250000000004 0.00011838567860309955 17.712286693720703 0.00057638505298942893 0.00060788500000000017 120.50000000000001 883.50000000000011 900.6500000000002 1000.5000000000001 226.39009706154982 697.50000000000011 0.04621408538533487 0.91245913578114801 380.00000000000006 548.50000000000011 0.00069368500000000009 -0.97111920233974802 791.50000000000011 0.00051889496322921654 -0.93543596745397617 -0.99465740988130902 1.0127600831006199e-06 636.50000000000011 312.71500000000009 11.493536316360972 8.7105000000000014e-05 18.350000000000005 40.500000000000007 79.192532473836891
decision_type=2 2 2 2 2 2 2 2 2 2 2 2 2 2 2 2 2 2 2 2 2 2 2 2 2 2 2 2 2 2
left_child=1 4 -3 22 5 11 7 10 9 -8 -4 13 -13 -1 15 -7 -16 21 19 20 -19 -5 -2 -23 25 29 -26 -28 -27 -24
right_child=3 2 6 17 -6 14 8 -9 -10 -11 -12 12 -14 -15 16 -17 -18 18 -20 -21 -22 23 24 -25 26 28 27 -29 -30 -31
leaf_value=9.1586259016309558e-07 -7.9495348649217575e-07 -2.7649371290294766e-06 2.2299879225911141e-06 1.0714426016041519e-07 -3.0521699045493736e-06 2.5427595119253968e-06 1.9638425712430016e-06 -3.471441306828638e-06 6.5383735417190984e-06 -1.6375193375833553e-06 -4.20343354669077e-07 2.4230797953350704e-06 -4.232364970448543e-06 -4.1978475295201087e-07 1.8566455964994171e-06 -1.6215965797528042e-06 4.5265722457605246e-06 -1.6467442251536449e-06 -1.6518161910283881e-06 1.624242115738639e-06 5.7644124980397884e-08 1.1379621941369597e-06 -4.1100726442273874e-07 2.3972499899503998e-06 -1.33823518071452e-06 1.8819549430218379e-07 -1.1366659853706551e-06 -3.0165606395538659e-07 -3.5421953346365901e-07 -6.6138617355625316e-07
leaf_weight=603 3455 20 127 36 21 20 1070 25 21 21 47 20 25 122 104 20 22 34 32 36 352 26 123 22 32 33 20 34 84 266
leaf_count=603 3455 20 127 36 21 20 1070 25 21 21 47 20 25 122 104 20 22 34 32 36 352 26 123 22 32 33 20 34 84 266
internal_value=3.26045e-15 1.31831e-06 1.74726e-06 -6.57864e-07 7.21742e-07 8.06413e-07 1.81609e-06 8.8777e-07 1.98222e-06 1.89452e-06 1.51409e-06 5.76239e-07 -1.27439e-06 6.91105e-07 1.87409e-06 4.60581e-07 2.32282e-06 1.04275e-07 -6.62643e-08 5.39672e-08 -9.24833e-08 1.026e-06 -7.59181e-07 1.71514e-06 -5.50405e-07 -4.94124e-07 -8.81548e-07 -6.10919e-07 -2.01231e-07 -5.82218e-07
internal_weight=6873 2288 1331 4585 957 936 1311 199 1112 1091 174 770 45 725 166 40 126 538 454 422 386 84 4047 48 592 506 86 54 117 389
internal_count=6873 2288 1331 4585 957 936 1311 199 1112 1091 174 770 45 725 166 40 126 538 454 422 386 84 4047 48 592 506 86 54 117 389
is_linear=0
shrinkage=0.05


Tree=49
num_leaves=31
num_cat=0
split_feature=7 7 4 14 16 3 27 14 20 19 14 20 0 1 20 25 5 2 19 5 7 22 11 27 15 18 18 2 27 25
split_gain=2.15398e-06 1.80201e-07 1.48e-07 1.50969e-07 1.42157e-07 2.63449e-07 1.84512e-07 1.38373e-07 3.96174e-07 1.36603e-07 1.28283e-07 1.27338e-07 2.06939e-07 1.5824e-07 8.28726e-08 8.71483e-08 1.06743e-07 6.49707e-08 6.33977e-08 4.96757e-08 2.53849e-08 2.18772e-08 3.76831e-08 1.78289e-08 2.07045e-08 2.34665e-08 2.21975e-08 1.63708e-08 2.76826e-08 1.58826e-08
threshold=57.292237129449141 69.619048494915845 5.5000000000000009 -0.98523971305672675 928.56000000000006 20.750000000000004 19.500000000000004 0.9916835347852474 0.00057593000000000021 0.00070075000000000009 -0.94139628442229062 0.00073888000000000003 928.50000000000011 900.6500000000002 0.00033254000000000004 0.00065323579648343363 13.550000000000002 167.50000000000003 0.00060166000000000006 12.250000000000002 84.721802527210016 370.50000000000006 30.178125000000005 2.5000000000000004 0.53493525241775031 0.00025548500000000001 0.00019654500000000004 124.50000000000001 24.500000000000004 0.00028981150124017893
decision_type=2 2 2 2 2 2 2 2 2 2 2 2 2 2 2 2 2 2 2 2 2 2 2 2 2 2 2 2 2 2
left_child=2 21 9 18 7 19 -7 10 -9 11 -5 12 13 -1 -11 -16 -17 -13 -4 -6 -3 23 -23 -2 25 -25 -26 28 -24 -29
right_child=1 20 3 4 5 6 -8 8 -10 14 -12 17 -14 -15 15 16 -18 -19 -20 -21 -22 22 27 24 26 -27 -28 29 -30 -31
leaf_value=1.253285340529722e-06 1.2923418164826711e-06 -4.1758594526678889e-07 2.0739316039845137e-06 -1.0733238141664915e-06 3.3172831622539978e-06 -1.4982115343487889e-06 1.9522249928814375e-06 1.7763710161489145e-06 -5.6245829122844677e-06 5.7866025599651045e-06 9.4727602965056121e-07 1.8302772105016631e-06 -2.6530492794501531e-06 5.576865512259908e-06 4.6488983839364477e-06 2.765177928898667e-06 4.3923068190359625e-07 5.5695012751864576e-06 5.6333706280301246e-06 6.5342844663973665e-06 -7.5219128832241687e-07 -2.1394409316482802e-06 4.0746415755444522e-08 3.9604875873067163e-07 3.5937527408586229e-07 -8.8051750825318075e-07 2.5571018068148987e-06 1.6379230681169149e-07 -1.9691554896217852e-06 1.5831367801621566e-06
leaf_weight=556 60 675 29 89 21 52 152 40 33 20 669 21 33 22 39 173 69 26 22 28 3537 21 93 180 27 45 20 73 21 27
leaf_count=556 60 675 29 89 21 52 152 40 33 20 669 21 33 22 39 173 69 26 22 28 3537 21 93 180 27 45 20 73 21 27
internal_value=-1.08566e-14 -5.8592e-07 1.33721e-06 9.50817e-07 8.25738e-07 1.86345e-06 1.0727e-06 5.09802e-07 -1.56927e-06 1.79451e-06 7.10029e-07 1.3909e-06 1.19798e-06 1.41785e-06 2.67682e-06 2.45548e-06 2.10199e-06 3.89878e-06 3.60938e-06 5.15557e-06 -6.98569e-07 2.50902e-07 -1.18254e-07 5.12202e-07 3.40113e-07 1.40736e-07 1.29458e-06 8.00873e-08 -3.29499e-07 5.47015e-07
internal_weight=6873 4779 2094 1135 1084 253 204 831 73 959 758 658 611 578 301 281 242 47 51 49 4212 567 235 332 272 225 47 214 114 100
internal_count=6873 4779 2094 1135 1084 253 204 831 73 959 758 658 611 578 301 281 242 47 51 49 4212 567 235 332 272 225 47 214 114 100
is_linear=0
shrinkage=0.05


Tree=50
num_leaves=31
num_cat=0
split_feature=13 11 24 9 24 14 14 27 4 4 19 14 14 14 2 1 14 3 7 1 24 19 20 20 9 2 26 20 14 16
split_gain=1.94861e-06 1.93956e-07 1.43905e-07 1.14227e-07 1.0767e-07 1.01419e-07 1.5948e-07 2.71116e-07 9.33143e-08 1.166e-07 9.40308e-08 7.41453e-08 2.04388e-07 9.97138e-08 9.89888e-08 1.04531e-07 7.73888e-08 6.84646e-08 4.39471e-08 2.39578e-08 2.79135e-08 2.11484e-08 1.88452e-08 1.01558e-08 9.46619e-09 5.00287e-09 7.57614e-09 5.82117e-09 2.9312e-09 2.45382e-09
threshold=-0.5 41.581250000000004 0.00011838567860309955 17.712286693720703 0.00057638505298942893 -0.94139628442229062 -0.99630266176052629 1.0000000180025095e-35 5.5000000000000009 9.5000000000000018 0.00034037000000000005 0.41398981800788198 0.31799963745711152 0.3504237462291826 245.50000000000003 680.1500000000002 0.83849049182116964 20.950000000000003 41.751533809633536 775.25000000000011 0.00051889496322921654 0.00038796000000000007 0.00030874000000000006 0.00039185000000000007 5.0173166676857939 58.500000000000007 9.7029647956570108e-05 0.00017140000000000002 -0.4149550716684644 153.04000000000005
decision_type=2 2 2 2 2 2 2 2 2 2 2 2 2 2 2 2 2 2 2 2 2 2 2 2 2 2 2 2 2 2
left_child=1 4 -3 24 11 6 18 -8 10 -10 -7 12 17 -14 15 -13 -16 -1 -4 20 21 22 -5 -22 -2 27 28 29 -27 -26
right_child=3 2 5 19 -6 8 7 -9 9 -11 -12 14 13 -15 16 -17 -18 -19 -20 -21 23 -23 -24 -25 25 26 -28 -29 -30 -31
leaf_value=1.6602469307165431e-06 -7.1508270098180581e-07 -2.6271108532682775e-06 3.678388615849384e-06 -1.8599516232426257e-08 -2.8918186347125034e-06 4.8997720774247187e-06 -5.389036238304233e-06 6.4889493533958079e-07 -8.9524242925849485e-07 1.5706909435022013e-06 2.0779109171733073e-06 3.6996297770015898e-07 -5.2961917617722072e-06 -1.0382843276540205e-06 8.2957102726190047e-07 2.2102300252948107e-06 3.7764041191426914e-06 1.938253714733569e-07 8.7032082311886614e-07 -1.2596005923855516e-06 2.0827236648117488e-06 -1.4379017220958108e-06 9.2443731896383418e-07 7.0605061068818038e-07 -3.5173659567596621e-07 -8.3001534889604045e-07 -1.3700179494897445e-06 3.2930489121933232e-07 -4.3546707150893825e-07 -8.6948368876759419e-07
leaf_weight=122 3527 20 38 364 21 31 23 97 54 427 619 327 20 44 37 101 56 229 22 31 21 23 62 37 191 64 31 30 178 26
leaf_count=122 3527 20 38 364 21 31 23 97 54 427 619 327 20 44 37 101 56 229 22 31 21 23 62 37 191 64 31 30 178 26
internal_value=-1.16766e-14 1.19179e-06 1.58215e-06 -5.94727e-07 6.48886e-07 1.64636e-06 5.44004e-07 -5.08375e-07 1.82181e-06 1.29385e-06 2.21249e-06 7.28324e-07 2.29706e-07 -2.36888e-06 1.1255e-06 8.04232e-07 2.60401e-06 7.03522e-07 2.64876e-06 8.9752e-08 1.72257e-07 3.89157e-08 1.1865e-07 1.2045e-06 -6.8572e-07 -4.86565e-07 -6.34083e-07 -3.23519e-07 -5.3981e-07 -4.13771e-07
internal_weight=6873 2288 1331 4585 957 1311 180 120 1131 481 650 936 415 64 521 428 93 351 60 538 507 449 426 58 4047 520 273 247 242 217
internal_count=6873 2288 1331 4585 957 1311 180 120 1131 481 650 936 415 64 521 428 93 351 60 538 507 449 426 58 4047 520 273 247 242 217
is_linear=0
shrinkage=0.05


Tree=51
num_leaves=31
num_cat=0
split_feature=13 11 18 25 24 14 14 18 14 15 15 15 14 23 15 2 14 7 18 16 23 7 22 25 20 9 17 20 19 9
split_gain=1.75862e-06 1.75045e-07 1.40007e-07 1.042e-07 9.71722e-08 8.89839e-08 1.41493e-07 2.50019e-07 9.13782e-08 1.60693e-07 7.72115e-08 7.43434e-08 1.27654e-07 8.17061e-08 6.73939e-08 5.56771e-08 3.99885e-08 3.96623e-08 2.83821e-08 2.56292e-08 3.98382e-08 1.90842e-08 1.96389e-08 1.0549e-08 1.28214e-08 2.56939e-08 3.61962e-09 1.97435e-09 1.35821e-11 1.51961e-11
threshold=-0.5 41.581250000000004 0.00013114500000000002 0.00013759838525218744 0.00057638505298942893 -0.94139628442229062 -0.99630266176052629 0.00050788000000000016 0.21862473630160603 0.18281312110578132 -0.99938741687870725 0.91245913578114801 0.31799963745711152 472.50000000000006 0.89014232404703397 298.00000000000006 0.25206111083856975 41.751533809633536 0.00059955000000000002 644.95000000000016 610.50000000000011 56.350722750165112 548.50000000000011 1.0127600831006199e-06 0.00023764000000000004 21.299782673864563 0.97133449029196905 0.00042280500000000006 1.0000000180025095e-35 1.2066106155752674
decision_type=2 2 2 2 2 2 2 2 2 2 2 2 2 2 2 2 2 2 2 2 2 2 2 2 2 2 2 2 2 2
left_child=1 4 -3 23 11 6 17 -8 10 -10 -7 14 16 -14 15 -1 -13 -4 19 21 -21 27 -23 28 25 26 -25 -5 -2 -30
right_child=3 2 5 18 -6 8 7 -9 9 -11 -12 12 13 -15 -16 -17 -18 -19 -20 20 -22 22 -24 24 -26 -27 -28 -29 29 -31
leaf_value=6.8942836877610528e-07 -6.8218766257886648e-07 -2.6488121295642487e-06 3.494469179163149e-06 1.5436971773397089e-06 -2.7472277516998086e-06 -5.7892411196765656e-07 2.5966085276153071e-06 -2.1629584578819615e-06 7.9763242491154433e-07 2.6804723297396045e-06 2.3212896563781425e-06 -5.6231368807615621e-08 -5.6960557493277101e-07 -4.709790620567715e-06 3.6609153149973807e-06 2.5196088327819862e-06 2.3307024881244081e-06 8.2680479481082747e-07 1.8022845238145164e-06 4.070249360665912e-07 -2.7488520743190748e-06 1.3295809296489584e-07 -1.4056514539168512e-06 -5.2271296978934484e-07 -1.6203136871571705e-06 1.3448817962569138e-06 -1.4699623751344394e-07 8.4113977663946578e-07 -6.8225558607082355e-07 -6.2203644574765353e-07
leaf_weight=748 3413 20 38 20 21 24 43 77 429 154 524 47 26 22 21 44 28 22 24 20 20 362 22 526 23 20 73 20 22 20
leaf_count=748 3413 20 38 20 21 24 43 77 429 154 524 47 26 22 21 44 28 22 24 20 20 362 22 526 23 20 73 20 22 20
internal_value=-5.30481e-15 1.1322e-06 1.50304e-06 -5.64991e-07 6.16441e-07 1.56638e-06 5.33811e-07 -4.57447e-07 1.73071e-06 1.29499e-06 2.19427e-06 6.91908e-07 -4.53726e-07 -2.46719e-06 8.65233e-07 7.91105e-07 8.34891e-07 2.51633e-06 1.25659e-07 3.89368e-08 -1.17091e-06 1.53074e-07 4.48086e-08 -6.47255e-07 -4.61133e-07 -4.18062e-07 -4.76924e-07 1.19242e-06 -6.8184e-07 -6.5358e-07
internal_weight=6873 2288 1331 4585 957 1311 180 120 1131 583 548 936 123 48 813 792 75 60 488 464 40 424 384 4097 642 619 599 40 3455 42
internal_count=6873 2288 1331 4585 957 1311 180 120 1131 583 548 936 123 48 813 792 75 60 488 464 40 424 384 4097 642 619 599 40 3455 42
is_linear=0
shrinkage=0.05


Tree=52
num_leaves=31
num_cat=0
split_feature=7 7 6 14 14 14 14 3 14 14 23 25 1 25 7 19 21 8 5 23 14 21 25 22 25 6 22 26 7 6
split_gain=1.59416e-06 1.31378e-07 1.19476e-07 8.89072e-08 2.05554e-07 1.2082e-07 1.63608e-07 2.29113e-07 1.18697e-07 1.58393e-07 1.17532e-07 1.62006e-07 1.48454e-07 1.12132e-07 1.11291e-07 8.39073e-08 3.34785e-08 3.09971e-08 2.95013e-08 2.55978e-08 4.61971e-08 2.74584e-08 1.86911e-08 2.48387e-08 2.32143e-08 1.80646e-08 1.50582e-08 1.62877e-08 1.59682e-08 1.12479e-08
threshold=57.292237129449141 69.619048494915845 0.00078878500000000007 0.23537774960157334 0.3744682635859638 -0.94139628442229062 -0.99630266176052629 25.550000000000004 0.31799963745711152 0.26866988313759588 883.50000000000011 0.00026459832423140578 900.6500000000002 0.00075189565443834589 23.867453531484674 0.00058432500000000023 939.50000000000011 180.34803477399399 14.350000000000003 911.50000000000011 -0.015050995721668367 710.50000000000011 0.00036336099241837303 361.50000000000006 0.0003180499730827352 5.3375000000000003e-05 176.50000000000003 0.00029641360761377606 67.63680383502728 0.00035874000000000002
decision_type=2 2 2 2 2 2 2 2 2 2 2 2 2 2 2 2 2 2 2 2 2 2 2 2 2 2 2 2 2 2
left_child=2 22 3 5 8 6 18 -8 9 -5 12 -12 -6 14 -7 -10 17 19 -1 21 -21 -4 24 -24 26 -3 28 -28 -2 -26
right_child=1 25 16 4 10 13 7 -9 15 -11 11 -13 -14 -15 -16 -17 -18 -19 -20 20 -22 -23 23 -25 29 -27 27 -29 -30 -31
leaf_value=3.3084308249291354e-06 1.7631464746362521e-06 -6.3457063445417676e-07 1.9149695989339168e-06 -3.0139747687704025e-06 1.0148456464059122e-06 3.3019205135028626e-06 6.4418184935835267e-07 -3.5505144377553987e-06 -5.4368502511035494e-06 2.0242300741721502e-06 3.2918584081372779e-06 -1.370991938178846e-06 3.8834356502093216e-06 -9.80354669276754e-07 1.598274277827018e-06 -1.0086705469802836e-06 5.8264806739316561e-07 4.1618522983856476e-06 1.1230502685105856e-06 3.2010266977522407e-06 8.7876959425487331e-08 4.1526753800122482e-06 2.3567542292578861e-07 -2.02225538092058e-06 4.0330025541379655e-07 -2.8787016092893748e-07 -1.3596009721717042e-07 6.6125473646515857e-07 1.9811382569784178e-07 1.6413170719596736e-06
leaf_weight=47 28 3795 26 26 747 119 158 41 23 39 23 98 48 35 493 20 20 31 23 22 26 29 29 21 32 417 293 82 39 43
leaf_count=47 28 3795 26 26 747 119 158 41 23 39 23 98 48 35 493 20 20 31 23 22 26 29 29 21 32 417 293 82 39 43
internal_value=-9.44054e-15 -5.04061e-07 1.15039e-06 1.04398e-06 7.23839e-07 1.40186e-06 5.11286e-07 -2.20052e-07 -1.33925e-06 8.94814e-09 9.67085e-07 -4.84665e-07 1.18804e-06 1.77213e-06 1.92954e-06 -3.37723e-06 2.49087e-06 2.77568e-06 2.59038e-06 2.35849e-06 1.51474e-06 3.09485e-06 2.1046e-07 -7.12656e-07 2.99736e-07 -6.00246e-07 1.61722e-07 3.83642e-08 8.52157e-07 1.1131e-06
internal_weight=6873 4779 2094 1940 1024 916 269 199 108 65 916 121 795 647 612 43 154 134 70 103 48 55 567 50 517 4212 442 375 67 75
internal_count=6873 4779 2094 1940 1024 916 269 199 108 65 916 121 795 647 612 43 154 134 70 103 48 55 567 50 517 4212 442 375 67 75
is_linear=0
shrinkage=0.05


Tree=53
num_leaves=31
num_cat=0
split_feature=13 7 2 4 27 5 23 2 20 25 4 17 14 14 21 17 23 22 17 17 17 18 21 20 23 5 14 20 9 25
split_gain=1.43916e-06 1.37281e-07 1.0716e-07 8.61955e-08 1.39736e-07 2.05893e-07 9.86844e-08 9.91779e-08 8.69147e-08 8.36541e-08 8.15035e-08 7.7423e-08 6.86649e-08 1.34724e-07 7.79066e-08 1.01583e-07 6.32062e-08 8.82493e-08 6.97212e-08 5.80357e-08 3.20377e-08 2.3654e-08 3.02593e-08 2.71755e-08 3.40627e-08 2.04359e-08 1.4685e-08 8.90857e-09 2.75115e-08 7.13483e-09
threshold=-0.5 36.648386270988794 115.50000000000001 5.5000000000000009 25.166666666666668 16.250000000000004 710.50000000000011 145.50000000000003 0.00046761500000000006 0.00013759838525218744 25.500000000000004 0.47716978822377293 -0.95995996396290595 -0.99630266176052629 928.50000000000011 0.97985361765660828 635.50000000000011 553.50000000000011 0.92932853156795714 0.92606098876130916 0.9752786032485391 0.00059955000000000002 791.50000000000011 0.00031301500000000009 500.50000000000006 12.950000000000001 0.55656748448714433 0.00023764000000000004 21.299782673864563 1.0127600831006199e-06
decision_type=2 2 2 2 2 2 2 2 2 2 2 2 2 2 2 2 2 2 2 2 2 2 2 2 2 2 2 2 2 2
left_child=1 2 -1 6 5 -5 20 -8 -6 27 12 -12 13 25 15 -14 18 -18 -13 -15 -4 22 23 24 -11 -3 -25 28 29 -2
right_child=9 10 3 4 8 -7 7 -9 -10 21 11 16 14 19 -16 -17 17 -19 -20 -21 -22 -23 -24 26 -26 -27 -28 -29 -30 -31
leaf_value=-1.9815998955023544e-06 -6.1601937296418933e-07 2.6590558612887048e-06 2.9336248770321501e-06 6.5813235199998193e-07 3.3342108025169825e-06 -4.2647470396472137e-06 1.1289533800570494e-07 2.093642389870102e-06 1.2500601593013236e-06 6.4820329357754261e-08 2.7934531465640639e-06 1.9383548343857346e-07 9.9168832671433144e-07 1.3927029741629985e-07 -1.6967468003382568e-06 2.5486971326872936e-06 1.4501425792130047e-06 -1.3593782327916415e-06 2.2549544300613405e-06 -3.1127373664971589e-06 5.1210166825162911e-06 1.6383339380846945e-06 -1.4073872718841706e-06 5.1881187598862911e-07 -2.0617502372033414e-06 5.9568794984529852e-07 1.9510272586558132e-06 -1.5660815930952706e-06 1.2706045663435362e-06 -4.2909486142006438e-07
leaf_weight=22 3455 28 47 116 61 26 78 333 278 322 28 323 480 23 22 134 36 125 47 34 26 24 34 63 20 21 25 23 20 599
leaf_count=22 3455 28 47 116 61 26 78 333 278 322 28 323 480 23 22 134 36 125 47 34 26 24 34 63 20 21 25 23 20 599
internal_value=-7.34887e-15 1.02422e-06 1.46888e-06 1.54754e-06 1.07352e-06 -2.4324e-07 2.01863e-06 1.71773e-06 1.62508e-06 -5.11105e-07 6.86881e-07 2.30932e-07 1.03038e-06 -1.478e-07 1.22674e-06 1.33149e-06 9.5809e-08 -7.31162e-07 4.55653e-07 -1.80052e-06 3.7127e-06 1.07719e-07 2.85491e-08 1.42088e-07 -5.95405e-08 1.77476e-06 9.25691e-07 -5.84814e-07 -5.79274e-07 -5.884e-07
internal_weight=6873 2288 987 965 481 142 484 411 339 4585 1301 559 742 106 636 614 531 161 370 57 73 488 464 430 342 49 88 4097 4074 4054
internal_count=6873 2288 987 965 481 142 484 411 339 4585 1301 559 742 106 636 614 531 161 370 57 73 488 464 430 342 49 88 4097 4074 4054
is_linear=0
shrinkage=0.05


Tree=54
num_leaves=31
num_cat=0
split_feature=7 7 11 0 15 5 19 26 8 1 11 2 9 15 18 25 22 25 27 27 26 11 23 1 1 26 25 20 2 25
split_gain=1.30909e-06 1.04566e-07 9.96664e-08 1.48426e-07 8.46596e-08 1.28125e-07 1.09667e-07 7.90838e-08 8.04301e-08 8.41443e-08 7.87647e-08 4.43868e-08 3.28011e-08 2.02044e-08 1.84064e-08 1.77296e-08 2.19579e-08 1.99755e-08 1.64116e-08 1.55364e-08 1.42844e-08 1.42642e-08 1.42414e-08 1.07365e-08 1.01943e-08 7.16619e-09 7.06796e-09 6.97303e-09 4.2056e-09 3.72165e-10
threshold=57.292237129449141 69.619048494915845 56.478125000000013 981.50000000000011 -0.67801649466304881 16.050000000000004 0.00054044500000000018 0.00011030537635980818 201.31954222287254 890.05000000000007 49.421875000000007 157.50000000000003 83.112798390738405 -0.8611288361322974 0.00076492500000000007 0.00036336099241837303 361.50000000000006 0.0003180499730827352 2.8333333333333335 1.0000000180025095e-35 5.6225000000000016e-06 31.325000000000006 257.50000000000006 439.65000000000003 544.35000000000002 0.00019701207028379795 0.00012227057673838601 0.00017140000000000002 65.500000000000014 1.0000000180025095e-35
decision_type=2 2 2 2 2 2 2 2 2 2 2 2 2 2 2 2 2 2 2 2 2 2 2 2 2 2 2 2 2 2
left_child=2 15 3 7 12 6 -6 11 9 -9 -10 -1 13 19 -15 17 -17 18 21 -4 29 -2 -20 -19 -25 26 27 -22 -28 -3
right_child=1 20 4 -5 5 -7 -8 8 10 -11 -12 -13 -14 14 -16 16 -18 23 22 -21 25 -23 -24 24 -26 -27 28 -29 -30 -31
leaf_value=1.2342178632707146e-06 1.8134224222064534e-06 -5.8551845129928994e-07 2.5079095154170422e-06 -3.0836052167654525e-06 1.7673607544566041e-06 3.2898907862646515e-06 -2.9770803266160329e-06 1.081873119807036e-06 7.2099245303265725e-08 3.2680794301699201e-06 1.187205243849121e-06 4.3673172088941875e-06 4.1588914027670401e-06 3.8243944133379654e-06 2.1676483127844462e-06 1.732652402426601e-07 -1.9496954074665632e-06 1.8681513817000453e-06 3.6090368467995181e-07 1.2914980077636886e-06 -4.274491719739208e-07 3.8478167435714776e-07 -3.2391172258042471e-07 -2.3987870896408345e-07 1.2066462862149225e-06 -1.129927906723188e-06 2.7400620992337382e-07 4.4577732367656613e-07 -2.7069450927583336e-07 -4.8570774676311623e-07
leaf_weight=20 21 3441 45 23 21 27 29 1019 432 46 250 26 25 30 38 29 21 25 126 63 482 104 191 21 29 27 74 24 68 96
leaf_count=20 21 3441 45 23 21 27 29 1019 432 46 250 26 25 30 38 29 21 25 126 63 482 104 191 21 29 27 74 24 68 96
internal_value=5.59642e-15 -4.56774e-07 1.04246e-06 9.075e-07 1.92411e-06 5.14368e-07 -9.84415e-07 9.58697e-07 9.04813e-07 1.1763e-06 4.80862e-07 3.0051e-06 2.46415e-06 2.22342e-06 2.89857e-06 1.80681e-07 -7.18378e-07 2.6763e-07 1.39606e-07 1.79834e-06 -5.42585e-07 6.24793e-07 -5.17138e-08 1.02212e-06 5.99106e-07 -3.31808e-07 -2.98553e-07 -3.86031e-07 1.31636e-08 -5.82809e-07
internal_weight=6873 4779 2094 1816 278 77 50 1793 1747 1065 682 46 201 176 68 567 50 517 442 108 4212 125 317 75 50 675 648 506 142 3537
internal_count=6873 4779 2094 1816 278 77 50 1793 1747 1065 682 46 201 176 68 567 50 517 442 108 4212 125 317 75 50 675 648 506 142 3537
is_linear=0
shrinkage=0.05


Tree=55
num_leaves=31
num_cat=0
split_feature=7 6 7 26 26 22 5 16 20 11 3 5 25 25 22 25 27 17 8 11 23 6 20 14 26 25 9 6 22 26
split_gain=1.18145e-06 1.02701e-07 9.43708e-08 7.56344e-08 1.49105e-07 1.03329e-07 3.05056e-07 1.10785e-07 4.46993e-08 3.23498e-08 9.09058e-08 4.90389e-08 3.02512e-08 1.6001e-08 1.9817e-08 1.80279e-08 1.48115e-08 1.34462e-08 1.45845e-08 1.28735e-08 1.28528e-08 9.08656e-09 6.32405e-09 5.93725e-09 5.85253e-09 3.69204e-09 2.81817e-09 2.58719e-09 1.4708e-09 2.60667e-09
threshold=57.292237129449141 0.00078878500000000007 69.619048494915845 0.00011030537635980818 0.00015518516185706945 987.00000000000011 10.550000000000002 964.80000000000007 0.00010439000000000001 52.003125000000004 25.650000000000002 11.850000000000003 0.00076328470760311112 0.00036336099241837303 361.50000000000006 0.0003180499730827352 2.8333333333333335 0.76224887237515304 244.03129762188402 31.325000000000006 257.50000000000006 0.00035874000000000002 0.00021613500000000003 0.40614137006726808 0.00014120942360721861 0.00033798106254243613 15.614369762864852 0.00018008500000000002 351.50000000000006 0.00010774964572960554
decision_type=2 2 2 2 2 2 2 2 2 2 2 2 2 2 2 2 2 2 2 2 2 2 2 2 2 2 2 2 2 2
left_child=1 3 13 8 -5 7 -7 -6 -1 11 -11 -3 -12 15 -15 16 19 22 23 -2 -18 -17 24 27 -4 -23 -25 -19 29 -20
right_child=2 9 17 4 5 6 -8 -9 -10 10 12 -13 -14 14 -16 21 20 18 28 -21 -22 25 -24 26 -26 -27 -28 -29 -30 -31
leaf_value=1.5279530989923494e-06 1.7227512909725886e-06 1.5720343353746495e-06 -5.4999058584663714e-07 -2.7146509951151154e-06 8.394055206303603e-07 2.9156270375096938e-06 -5.6165101051936453e-06 2.2709631364977505e-06 4.6720612999706651e-06 -1.0901109520921676e-06 3.5998093258793982e-06 4.3523703074502658e-06 1.4746943110587767e-06 1.6460195171013203e-07 -1.8522106601148197e-06 3.3304782220966445e-07 3.428584959927263e-07 -3.1364668708842823e-07 -4.8527419481201123e-07 3.6554259385236122e-07 -3.0771613202148573e-07 9.4893979337484783e-07 -1.4142243563648143e-06 1.2253478089974124e-07 1.2916352791769726e-07 1.8778171119779673e-06 7.2797058538600221e-07 2.2632292227846789e-07 -8.7990968044068943e-07 1.0464008155963711e-07
leaf_weight=26 21 29 3638 29 1676 20 22 147 20 23 34 35 33 29 21 32 126 78 294 104 191 20 21 40 32 23 37 31 21 20
leaf_count=26 21 29 3638 29 1676 20 22 147 20 23 34 35 33 29 21 32 126 78 294 104 191 20 21 40 32 23 37 31 21 20
internal_value=-1.5384e-15 9.90342e-07 -4.33935e-07 8.91684e-07 8.4303e-07 8.98351e-07 -1.55359e-06 9.54841e-07 2.89496e-06 2.23317e-06 1.62207e-06 3.09253e-06 2.55311e-06 1.71647e-07 -6.82459e-07 2.54249e-07 1.32626e-07 -5.15456e-07 -2.77674e-07 5.93554e-07 -4.91281e-08 9.71015e-07 -5.4902e-07 7.73541e-08 -5.44069e-07 1.44578e-06 4.13458e-07 -1.60077e-07 -4.74794e-07 -4.477e-07
internal_weight=6873 2094 4779 1940 1894 1865 42 1823 46 154 90 64 67 567 50 517 442 4212 521 125 317 75 3691 186 3670 43 77 109 335 314
internal_count=6873 2094 4779 1940 1894 1865 42 1823 46 154 90 64 67 567 50 517 442 4212 521 125 317 75 3691 186 3670 43 77 109 335 314
is_linear=0
shrinkage=0.05


Tree=56
num_leaves=31
num_cat=0
split_feature=9 7 15 15 15 8 25 15 15 14 15 14 0 14 1 8 17 5 15 0 25 11 17 8 1 5 20 14 26 1
split_gain=1.06929e-06 1.1165e-07 8.78577e-08 2.00038e-07 1.22467e-07 9.37273e-08 1.16684e-07 1.08652e-07 1.34773e-07 1.29916e-07 4.26125e-08 3.19969e-08 2.64329e-08 5.73967e-08 2.38484e-08 2.29919e-08 1.94647e-08 1.97741e-08 1.77434e-08 1.38308e-08 2.42247e-08 2.3567e-08 1.21352e-08 1.31625e-08 8.48648e-09 8.40837e-09 5.70745e-09 5.35837e-09 5.2819e-09 4.67944e-09
threshold=35.165963156738449 69.619048494915845 -0.97111920233974802 -0.96234030595689413 -0.99938741687870725 271.78126056529027 0.00040114966991971335 -0.73865259438682551 -0.6391983530350368 0.54219432480460406 -0.99465740988130902 -0.049434980436038223 595.50000000000011 0.77244481603295057 813.50000000000011 170.49118502915374 0.96598130769356716 9.3500000000000032 -0.54940789553007929 279.50000000000006 0.00019172097498897168 36.315625000000004 0.76224887237515304 244.03129762188402 659.75000000000011 7.5500000000000007 0.00021613500000000003 0.40614137006726808 0.00014120942360721861 341.90000000000003
decision_type=2 2 2 2 2 2 2 2 2 2 2 2 2 2 2 2 2 2 2 2 2 2 2 2 2 2 2 2 2 2
left_child=1 12 4 -4 -2 7 -7 9 -9 -5 11 -6 16 -14 15 -12 19 24 -19 20 -1 -21 26 27 -18 -13 28 -24 -3 -29
right_child=2 22 3 5 10 6 -8 8 -10 -11 14 25 13 -15 -16 -17 17 18 -20 21 -22 -23 23 -25 -26 -27 -28 29 -30 -31
leaf_value=1.5305934249850952e-06 -9.6834240395082824e-07 -5.2249105858091207e-07 -2.9272524389177627e-06 1.2807629018532621e-06 -1.4104485425529372e-07 8.1458364755181896e-07 -3.7965698024693314e-06 -8.5275102416441462e-07 9.5254406464651796e-07 3.5378015008546984e-06 3.2475128276645163e-06 1.4239431283158412e-06 7.7733583501477768e-07 -2.9653268870788452e-06 4.4146878059066132e-06 1.8309216652101913e-06 6.8307488716625915e-07 4.7504841315263292e-07 2.3700212310965679e-06 -3.5711938176906588e-07 1.8832996489634328e-07 4.5620536139818292e-07 -1.5207348073653243e-07 -4.5105408112639551e-07 -5.9529131362978666e-07 2.8564385220739672e-06 -1.3435131563710458e-06 2.7543290887079798e-08 1.2270534979208492e-07 8.0875592547929252e-07
leaf_weight=43 32 3638 34 314 24 34 23 114 1110 80 61 20 21 20 21 54 37 21 30 226 154 147 109 335 20 21 21 41 32 36
leaf_count=43 32 3638 34 314 24 34 23 114 1110 80 61 20 21 20 21 54 37 21 30 226 154 147 109 335 20 21 21 41 32 36
internal_value=-8.07231e-16 -3.91383e-07 9.93775e-07 8.69597e-07 1.90459e-06 9.46668e-07 -1.04606e-06 1.01687e-06 7.84404e-07 1.73904e-06 2.36197e-06 1.30891e-06 1.8447e-07 -1.04835e-06 2.86527e-06 2.58233e-06 2.59021e-07 8.74487e-07 1.58974e-06 1.42406e-07 4.81311e-07 -3.65866e-08 -4.89683e-07 -2.6379e-07 2.34525e-07 2.15766e-06 -5.21569e-07 7.34864e-08 -5.16865e-07 3.92786e-07
internal_weight=6873 4931 1942 1709 233 1675 57 1618 1224 394 201 65 719 41 136 115 678 108 51 570 197 373 4212 521 57 41 3691 186 3670 77
internal_count=6873 4931 1942 1709 233 1675 57 1618 1224 394 201 65 719 41 136 115 678 108 51 570 197 373 4212 521 57 41 3691 186 3670 77
is_linear=0
shrinkage=0.05


Tree=57
num_leaves=31
num_cat=0
split_feature=7 19 26 19 21 5 16 23 21 19 18 16 6 0 21 25 9 20 4 27 11 6 6 25 19 9 6 20 18 6
split_gain=9.66666e-07 9.40282e-08 9.56251e-08 1.04314e-07 8.09644e-08 1.62524e-07 1.04185e-07 1.73834e-07 1.4164e-07 8.22412e-08 7.56393e-08 1.7399e-07 7.58279e-08 7.54983e-08 7.38837e-08 6.40129e-08 5.85496e-08 5.76502e-08 2.58261e-08 2.1e-08 1.58582e-08 2.5529e-08 2.11605e-08 1.68109e-08 1.2932e-08 1.21664e-08 9.963e-09 1.11334e-08 6.22005e-09 1.07718e-08
threshold=59.506877376266651 0.00061219500000000006 0.00033433696297875372 0.00075879500000000015 928.50000000000011 11.15 936.04000000000008 836.50000000000011 876.50000000000011 0.00041213500000000005 0.00079657000000000003 1016.975 0.00077006000000000004 814.50000000000011 735.50000000000011 0.00053523255773279112 11.493536316360972 0.00030276000000000006 2.5000000000000004 5.166666666666667 29.503125000000004 0.00033550000000000002 0.00034419500000000005 0.00025928758003027362 0.00024357 26.977393158034193 0.00025860500000000008 0.00032766000000000007 0.00018014000000000005 0.00016074000000000001
decision_type=2 2 2 2 2 2 2 2 2 2 2 2 2 2 2 2 2 2 2 2 2 2 2 2 2 2 2 2 2 2
left_child=1 4 3 17 6 9 7 13 14 -6 11 15 -12 -1 -8 -4 -2 -3 -14 26 21 23 24 -21 -22 -23 28 -28 29 -18
right_child=16 2 10 -5 5 -7 8 -9 -10 -11 12 -13 18 -15 -16 -17 19 -19 -20 20 22 25 -24 -25 -26 -27 27 -29 -30 -31
leaf_value=5.9303102421745069e-07 -4.8882122441470405e-07 3.9845595058283697e-07 2.135282103628687e-06 5.2490823471653754e-06 2.6521093493177736e-06 -4.6277948823361931e-06 1.8492008780413018e-06 -3.1347193872798313e-06 -3.9153310314393111e-07 -1.274750181134247e-06 -7.9907466050082648e-08 -3.2753006924698036e-06 2.1574143626626861e-06 3.1798671827722319e-06 5.8587573137090125e-06 8.5447471968663256e-07 1.3317375338426877e-06 3.4900242972071283e-06 4.1586604610481455e-06 -7.9363407306404125e-08 -7.0727277692067486e-07 1.8423644926694278e-06 -1.8817319595722507e-06 -1.4523073668115671e-06 2.8346284249009306e-07 2.9515358577285682e-07 1.3455207010792947e-06 1.1980572605096996e-07 -6.0848245186286281e-08 3.7394857900909377e-09
leaf_weight=1030 3851 38 115 29 24 22 20 31 27 30 22 24 28 29 27 643 26 25 38 314 93 24 27 24 51 27 44 32 121 37
leaf_count=1030 3851 38 115 29 24 22 20 31 27 30 22 24 28 29 27 643 26 25 38 314 93 24 27 24 51 27 44 32 121 37
internal_value=-4.08631e-15 8.63637e-07 1.23459e-06 2.76756e-06 5.75853e-07 -1.00531e-06 6.7909e-07 5.55837e-07 2.49458e-06 4.70521e-07 1.07248e-06 9.16084e-07 2.46226e-06 6.6387e-07 4.15256e-06 1.04879e-06 -4.07135e-07 1.62527e-06 3.30965e-06 -2.35104e-08 -1.95922e-07 -1.95105e-08 -5.97231e-07 -1.76851e-07 -3.56387e-07 1.02325e-06 3.47837e-07 8.2943e-07 1.48918e-07 5.51802e-07
internal_weight=6873 2202 962 92 1240 76 1164 1090 74 54 870 782 88 1059 47 758 4671 63 66 820 560 389 171 338 144 51 260 76 184 63
internal_count=6873 2202 962 92 1240 76 1164 1090 74 54 870 782 88 1059 47 758 4671 63 66 820 560 389 171 338 144 51 260 76 184 63
is_linear=0
shrinkage=0.05


Tree=58
num_leaves=31
num_cat=0
split_feature=9 7 4 14 14 14 18 14 14 14 14 17 14 21 22 18 9 21 5 14 17 17 15 15 15 14 0 17 21 1
split_gain=8.75245e-07 9.04929e-08 8.74249e-08 1.37896e-07 1.05021e-07 2.09299e-07 2.52643e-07 1.01889e-07 1.6597e-07 1.54976e-07 1.90378e-07 1.32856e-07 1.25004e-07 5.62573e-08 6.13576e-08 7.5265e-08 6.90439e-08 5.54769e-08 3.73129e-08 2.30536e-08 1.74654e-08 2.42794e-08 2.68321e-08 1.5576e-08 1.21907e-08 1.42714e-08 1.13703e-08 1.01763e-08 9.9004e-09 6.16087e-09
threshold=35.165963156738449 69.619048494915845 5.5000000000000009 -0.98523971305672675 -0.95995996396290595 -0.99630266176052629 0.00050788000000000016 0.54219432480460406 0.61237135649459018 0.31799963745711152 0.3504237462291826 0.5420105766062554 -0.94139628442229062 1000.5000000000001 971.50000000000011 0.00077672500000000014 50.389779895275041 775.50000000000011 12.950000000000001 -0.9905448150984083 0.96598130769356716 0.99634487001629535 0.27487873330147788 0.78855491365589059 0.97693379145244141 0.36648264796514479 427.50000000000006 0.76224887237515304 90.500000000000014 341.90000000000003
decision_type=2 2 2 2 2 2 2 2 2 2 2 2 2 2 2 2 2 2 2 2 2 2 2 2 2 2 2 2 2 2
left_child=1 17 4 19 5 18 -7 9 23 12 -11 -10 -5 14 16 -16 -6 20 -2 -4 24 22 -22 -9 25 -1 -23 -3 29 -29
right_child=2 27 3 7 13 6 -8 8 11 10 -12 -13 -14 -15 15 -17 -18 -19 -20 -21 21 26 -24 -25 -26 -27 -28 28 -30 -31
leaf_value=-1.6485189286795178e-07 3.2049794739918982e-06 -4.7179037805036544e-07 2.0277614567021376e-06 -1.1300039371407961e-06 1.053860978461833e-06 8.44045311168884e-07 -6.4171875927197265e-06 4.756201358601254e-06 3.9480956949209317e-06 -5.4078904755582563e-06 -5.9518624678041625e-07 4.6554555504277549e-07 1.0977108144161002e-06 -8.797357804724015e-07 -2.3516322740265012e-06 1.7390674903926201e-06 2.0485250755424581e-06 -2.2516952004976263e-06 4.1687681654626177e-07 4.2008952067800026e-06 7.5160338235085494e-07 6.1307765949178168e-07 2.8473498224186536e-06 2.8727640970568507e-06 1.3432830201054458e-06 3.41335388469075e-07 -1.0341501172206336e-06 -5.0719727527726668e-08 -3.8411900075677905e-07 7.7515036288652347e-07
leaf_weight=280 28 3691 23 87 295 25 23 23 29 26 98 492 228 25 22 23 427 23 21 26 56 22 21 21 20 277 20 138 356 27
leaf_count=280 28 3691 23 87 295 25 23 23 29 26 98 492 228 25 22 23 427 23 21 26 56 22 21 21 20 277 20 138 356 27
internal_value=6.72202e-15 -3.54094e-07 8.99093e-07 5.90845e-07 1.2642e-06 -2.88663e-07 -2.6353e-06 4.6444e-07 9.08432e-07 -1.06983e-07 -1.6043e-06 6.59392e-07 4.82437e-07 1.45439e-06 1.53047e-06 -2.6083e-07 1.64212e-06 1.64335e-07 2.01008e-06 3.18085e-06 2.44175e-07 7.95705e-07 1.32317e-06 3.85729e-06 1.30428e-07 8.68786e-08 -1.71317e-07 -4.42591e-07 -2.35732e-07 8.44227e-08
internal_weight=6873 4931 1942 1053 889 97 48 1004 565 439 124 521 315 792 767 45 722 719 49 49 696 119 77 44 577 557 42 4212 521 165
internal_count=6873 4931 1942 1053 889 97 48 1004 565 439 124 521 315 792 767 45 722 719 49 49 696 119 77 44 577 557 42 4212 521 165
is_linear=0
shrinkage=0.05


Tree=59
num_leaves=31
num_cat=0
split_feature=9 14 15 24 14 14 4 14 1 7 24 15 1 14 7 5 27 1 22 22 26 26 6 2 27 25 14 25 1 7
split_gain=7.89908e-07 8.24394e-08 3.6981e-07 1.89032e-07 1.46642e-07 1.40309e-07 1.16448e-07 1.10834e-07 8.49204e-08 8.16698e-08 3.98474e-08 1.76779e-08 4.95983e-08 2.4164e-08 1.79054e-08 1.86461e-08 1.70295e-08 1.79629e-08 1.47181e-08 1.33564e-08 9.12726e-09 6.31742e-09 6.53253e-09 6.083e-09 3.6003e-09 2.79974e-10 2.89355e-10 1.89821e-10 1.70008e-12 1.17803e-12
threshold=35.165963156738449 0.9916835347852474 0.04621408538533487 0.00057342216463600207 0.98522604642031408 0.98049069993378934 91.500000000000014 0.96465729447553372 911.1500000000002 69.619048494915845 0.00059497286394466227 0.63255009372278048 761.10000000000014 0.69676570133721638 61.819746476828286 13.450000000000001 2.8333333333333335 304.00000000000006 310.50000000000006 294.50000000000006 5.6225000000000016e-06 0.00019701207028379795 0.00015179500000000003 102.50000000000001 26.833333333333339 1.0000000180025095e-35 0.92273069556937592 2.9637978819287972e-06 46.050000000000004 86.881978096355994
decision_type=2 2 2 2 2 2 2 2 2 2 2 2 2 2 2 2 2 2 2 2 2 2 2 2 2 2 2 2 2 2
left_child=9 4 3 6 5 7 -3 8 -2 11 -9 12 16 14 15 -13 19 -18 -16 -1 25 22 23 -22 -24 28 27 -27 -11 -30
right_child=1 2 -4 -5 -6 -7 -8 10 -10 20 -12 13 -14 -15 18 -17 17 -19 -20 -21 21 -23 24 -25 -26 26 -28 -29 29 -31
leaf_value=1.6197072764296334e-06 8.9247886640231463e-07 1.2628663049933191e-06 -4.7049017579021375e-06 -2.5185268918903603e-06 4.1374664371167981e-06 -3.1933383958121776e-06 6.1883074204160955e-06 1.9517504426858067e-06 -1.8362389133816861e-06 -4.5467047312397047e-07 4.6469029409005692e-06 1.6947315218105262e-06 -1.849479684606746e-06 2.2202943996706471e-06 3.7976136137529422e-07 -1.1817108923858779e-07 5.6585688824527845e-07 -2.0991292013150277e-07 -1.2150014724640009e-06 3.8293495647105395e-07 -2.5913887468580967e-07 -1.0013416987175317e-06 2.5418057751961389e-07 -8.7625134487335681e-07 -2.0485745076214273e-07 -4.2007664908603399e-07 -4.8299382699821903e-07 -2.3639580115869672e-07 -4.4757145701623817e-07 -4.602817170962226e-07
leaf_weight=27 1696 30 35 20 35 21 20 32 29 3215 24 37 33 21 39 23 99 303 23 114 432 27 93 44 79 22 35 39 20 206
leaf_count=27 1696 30 35 20 35 21 20 32 29 3215 24 37 33 21 39 23 99 303 23 114 432 27 93 44 79 22 35 39 20 206
internal_value=7.06361e-15 8.54138e-07 -5.08476e-07 1.58974e-06 9.32023e-07 8.69764e-07 3.23304e-06 9.17673e-07 8.46605e-07 -3.36389e-07 3.10682e-06 1.56118e-07 3.25869e-08 6.53699e-07 3.84039e-07 9.99786e-07 1.46967e-07 -1.88651e-08 -2.11844e-07 6.19764e-07 -4.20462e-07 -2.51977e-07 -2.20753e-07 -3.16183e-07 4.33433e-08 -4.52615e-07 -3.68395e-07 -3.02641e-07 -4.54965e-07 -4.59157e-07
internal_weight=6873 1942 105 70 1837 1802 50 1781 1725 4931 56 719 576 143 122 60 543 402 62 141 4212 675 648 476 172 3537 96 61 3441 226
internal_count=6873 1942 105 70 1837 1802 50 1781 1725 4931 56 719 576 143 122 60 543 402 62 141 4212 675 648 476 172 3537 96 61 3441 226
is_linear=0
shrinkage=0.05


Tree=60
num_leaves=28
num_cat=0
split_feature=7 11 22 25 14 14 14 14 14 17 6 27 11 14 6 14 25 9 9 14 6 7 19 9 6 9 9
split_gain=7.14171e-07 8.10187e-08 1.23884e-07 7.56252e-08 7.76787e-08 6.89848e-08 1.2335e-07 1.2049e-07 6.49117e-08 4.32232e-08 4.25482e-08 1.58155e-08 1.14041e-08 2.61663e-08 2.31005e-08 1.38009e-08 1.11701e-08 1.1103e-08 9.62788e-09 9.08788e-09 6.99379e-09 3.66724e-09 2.88944e-09 3.09257e-09 1.13855e-09 8.27862e-10 6.66051e-11
threshold=59.506877376266651 56.478125000000013 997.50000000000011 0.00044278007939447785 -0.73354686966117377 0.99966190462023474 0.99865421017599998 0.9916835347852474 0.95752911693909493 0.99179799185624007 4.2610000000000007e-05 5.166666666666667 29.503125000000004 -0.95995996396290595 0.00033550000000000002 0.21862473630160603 0.00025928758003027362 26.977393158034193 25.212235042139152 0.41398981800788198 0.00026386500000000006 66.603735482630853 5.3375000000000003e-05 10.047786788428658 8.2450000000000015e-06 8.6689542338693464 4.3406222994017361
decision_type=2 2 2 2 2 2 2 2 2 2 2 2 2 2 2 2 2 2 2 2 2 2 2 2 2 2 2
left_child=1 2 5 -3 -5 6 7 -1 9 -6 22 18 14 -14 16 -15 -13 -16 20 -20 21 -12 23 24 26 -26 -2
right_child=10 3 -4 4 8 -7 -8 -9 -10 -11 11 12 13 15 17 -17 -18 -19 19 -21 -22 -23 -24 -25 25 -27 -28
leaf_value=7.3855561209728156e-07 -4.3226469953857005e-07 4.1076049211159654e-06 -2.8697346169792582e-06 -1.1127037396363448e-06 1.529805258657702e-06 -2.1767781076743542e-06 4.5155018034122239e-06 -1.4528689240041086e-06 -8.5772624866346332e-07 3.387310608524366e-06 -4.5550341205569116e-07 -1.1359375239336871e-07 -2.0609603244755212e-06 3.2027968561108321e-07 1.7336227908337776e-06 -6.6877190424147808e-07 -1.2480760705349657e-06 2.555789840833448e-07 2.1401603248705216e-07 1.7032691503226532e-06 8.0096097032570208e-07 1.2716091861439101e-07 -1.0235585739337693e-06 1.7009733142003827e-07 -2.7314610549967351e-07 -5.2890993659179669e-07 -3.6737205107328922e-07
leaf_weight=1792 3452 26 25 30 159 21 21 65 24 39 32 383 24 58 24 90 23 27 20 21 35 173 20 22 189 38 40
leaf_count=1792 3452 26 25 30 159 21 21 65 24 39 32 383 24 58 24 90 23 27 20 21 35 173 20 22 189 38 40
internal_value=-5.82749e-15 7.42325e-07 6.2704e-07 1.5402e-06 1.27531e-06 6.73074e-07 7.04942e-07 6.6185e-07 1.59801e-06 1.89568e-06 -3.49947e-07 -4.31599e-08 -1.82482e-07 -5.29513e-07 -5.187e-08 -2.81171e-07 -1.77862e-07 9.51129e-07 2.68702e-07 9.76804e-07 1.47735e-07 3.62084e-08 -4.24176e-07 -4.20971e-07 -4.24468e-07 -3.15961e-07 -4.31521e-07
internal_weight=6873 2202 1924 278 252 1899 1878 1857 222 198 4671 910 629 172 457 148 406 51 281 41 240 205 3761 3741 3719 227 3492
internal_count=6873 2202 1924 278 252 1899 1878 1857 222 198 4671 910 629 172 457 148 406 51 281 41 240 205 3761 3741 3719 227 3492
is_linear=0
shrinkage=0.05


Tree=61
num_leaves=31
num_cat=0
split_feature=13 11 21 23 22 19 3 2 4 3 19 5 2 24 2 3 15 1 23 20 20 19 1 15 24 16 7 15 17 2
split_gain=6.49403e-07 9.62443e-08 1.40296e-07 1.12618e-07 8.8635e-08 1.42734e-07 9.69645e-08 7.81203e-08 7.53091e-08 1.08785e-07 1.18759e-07 9.56687e-08 1.9283e-07 7.24274e-08 6.81629e-08 1.05787e-07 5.83717e-08 5.42431e-08 5.36243e-08 4.66986e-08 4.60183e-08 4.49338e-08 4.278e-08 3.72461e-08 3.37379e-08 3.34054e-08 3.00573e-08 2.12967e-08 1.92354e-08 4.4391e-08
threshold=-0.60355339059327384 41.581250000000004 670.50000000000011 752.50000000000011 681.50000000000011 0.00064460500000000013 24.250000000000004 118.50000000000001 5.5000000000000009 27.750000000000004 0.00033227000000000007 10.15 149.50000000000003 0.00058882721858827724 218.50000000000003 21.650000000000002 -0.67801649466304881 848.70000000000016 603.50000000000011 0.00070094500000000013 0.0005499350000000002 0.00065152000000000016 654.65000000000009 -0.6523320455745395 0.00038439240050847003 804.0200000000001 51.832663191931253 0.011826144619637555 0.96237878288251688 101.50000000000001
decision_type=2 2 2 2 2 2 2 2 2 2 2 2 2 2 2 2 2 2 2 2 2 2 2 2 2 2 2 2 2 2
left_child=1 2 14 -4 5 6 27 18 11 10 -10 17 -13 20 21 19 -8 -6 28 -16 25 24 -7 -11 -1 26 -9 -3 -2 -30
right_child=7 4 3 -5 8 22 16 13 9 23 -12 12 -14 -15 15 -17 -18 -19 -20 -21 -22 -23 -24 -25 -26 -27 -28 -29 29 -31
leaf_value=2.2306082961299497e-07 -3.9073419403844235e-07 3.2992281124474435e-06 -1.9384584548889608e-07 -5.144085507708951e-06 1.6043856948168636e-06 1.8645125462626311e-06 1.4132076711101275e-06 -1.5154434860657301e-06 -3.1203966955217767e-06 8.3315664816272423e-07 1.9565785446797301e-07 -8.4619612785504183e-07 1.5908269888023688e-06 1.467459350468764e-06 1.5095594895748427e-06 -1.4849332816223838e-06 -9.6287094926715239e-07 3.6072875223091649e-06 -2.5623171879374243e-06 3.7761888573437197e-06 -1.944705923149521e-06 -1.6426480334726438e-06 4.3453032170666054e-06 3.2723271168740267e-06 1.2961097007077759e-06 1.9266839975292291e-06 1.3516042420796861e-07 1.684370620435458e-06 -2.4469789471718666e-07 1.6476668316787063e-06
leaf_weight=530 4111 35 27 20 109 25 46 30 30 29 270 124 235 101 105 26 59 49 28 29 29 29 57 34 85 24 342 49 168 38
leaf_count=530 4111 35 27 20 109 25 46 30 30 29 270 124 235 101 105 26 59 49 28 29 29 29 57 34 85 24 342 49 168 38
internal_value=-5.04387e-15 7.58108e-07 3.54929e-07 -2.30033e-06 1.0562e-06 1.84686e-06 1.09103e-06 -3.11585e-07 8.12713e-07 2.60706e-07 -1.35948e-07 1.20029e-06 7.4907e-07 2.63914e-07 5.10149e-07 1.43378e-06 7.80778e-08 2.22554e-06 -3.81255e-07 2.0001e-06 -2.21047e-08 2.80675e-07 3.58896e-06 2.14953e-06 3.71368e-07 1.18692e-07 2.04721e-09 2.35723e-06 -3.67108e-07 1.04379e-07
internal_weight=6873 2002 851 47 1151 271 189 4871 880 363 300 517 359 526 804 160 105 158 4345 134 425 644 82 63 615 396 372 84 4317 206
internal_count=6873 2002 851 47 1151 271 189 4871 880 363 300 517 359 526 804 160 105 158 4345 134 425 644 82 63 615 396 372 84 4317 206
is_linear=0
shrinkage=0.05


Tree=62
num_leaves=26
num_cat=0
split_feature=9 15 14 15 15 15 17 3 14 3 18 25 14 21 18 3 18 14 17 13 22 25 22 17 2
split_gain=5.86164e-07 7.03088e-08 1.4092e-07 1.38948e-07 1.16031e-07 2.98922e-07 1.70672e-07 1.25051e-07 1.20851e-07 8.50824e-08 8.10233e-08 5.96955e-08 5.09809e-08 4.12368e-08 1.96261e-08 2.57279e-08 2.52604e-08 1.67921e-08 1.47472e-08 9.32164e-09 1.03674e-08 9.92576e-09 7.84646e-09 6.46786e-09 3.88877e-09
threshold=35.165963156738449 0.91245913578114801 0.31799963745711152 0.61913436964878354 0.04621408538533487 0.13185577213185923 0.97834756105101872 17.850000000000005 0.23537774960157334 23.250000000000004 0.00049566500000000017 0.00013759838525218744 0.74443451080969758 775.50000000000011 0.00053712500000000017 21.950000000000003 0.00050788000000000016 0.50557357885840837 0.88655657882574068 -0.5 400.50000000000006 0.00010529621990732113 289.50000000000006 0.76028910295997842 102.50000000000001
decision_type=2 2 2 2 2 2 2 2 2 2 2 2 2 2 2 2 2 2 2 2 2 2 2 2 2
left_child=11 3 -3 4 7 10 -7 -2 -9 12 -6 19 17 14 16 -16 18 -5 -13 21 22 -1 24 -24 -21
right_child=1 2 -4 9 5 6 -8 8 -10 -11 -12 13 -14 -15 15 -17 -18 -19 -20 20 -22 -23 23 -25 -26
leaf_value=1.0451222574185219e-06 3.7757469208877914e-06 1.1258509995527814e-06 -3.9095236578153473e-06 3.5432927347756049e-06 -1.6773200747372136e-06 9.0073636047705219e-08 3.9372881157319311e-06 1.1836759391500708e-06 2.3941895595877658e-07 -6.170304493480217e-07 -5.2422553543302846e-06 -4.5318068637670852e-08 5.2119975862296998e-06 -2.0265146738231786e-06 2.4025805027411647e-06 2.0818322555522388e-07 -1.3218509877788165e-06 1.9924479392585684e-06 4.2238576596486778e-07 -3.7188861868933573e-07 -1.5094351815037044e-06 -4.2520428299946451e-07 9.282618992756398e-07 -1.6009501055493254e-07 -8.5554607688701858e-07
leaf_weight=24 36 33 24 24 37 228 33 815 580 20 28 383 20 22 22 34 30 64 301 3968 20 22 20 43 42
leaf_count=24 36 33 24 24 37 228 33 815 580 20 28 383 20 22 22 34 30 64 301 3968 20 22 20 43 42
internal_value=-1.7382e-15 7.35782e-07 -9.94307e-07 7.88098e-07 6.72231e-07 -1.7907e-07 5.76503e-07 8.66168e-07 7.91082e-07 2.37855e-06 -3.21298e-06 -2.89777e-07 2.93329e-06 1.07926e-07 1.6891e-07 1.07027e-06 9.82154e-08 2.41541e-06 1.60499e-07 -3.65877e-07 -3.73832e-07 3.41923e-07 -3.68256e-07 1.85415e-07 -3.76954e-07
internal_weight=6873 1942 57 1885 1757 326 261 1431 1395 128 65 4931 108 792 770 56 714 88 684 4139 4093 46 4073 63 4010
internal_count=6873 1942 57 1885 1757 326 261 1431 1395 128 65 4931 108 792 770 56 714 88 684 4139 4093 46 4073 63 4010
is_linear=0
shrinkage=0.05


Tree=63
num_leaves=30
num_cat=0
split_feature=13 11 21 23 18 22 19 18 18 14 2 14 22 4 25 24 27 22 19 26 21 14 4 19 23 14 24 26 24
split_gain=5.36231e-07 8.06568e-08 1.23569e-07 9.91622e-08 8.04861e-08 8.01544e-08 1.29322e-07 8.80352e-08 1.52211e-07 8.32275e-08 6.12831e-08 1.15789e-07 9.08827e-08 9.01711e-08 7.59389e-08 6.24047e-08 4.52108e-08 4.0918e-08 3.641e-08 5.36543e-08 4.22366e-08 3.38843e-08 3.01835e-08 5.30931e-08 2.9892e-08 2.89037e-08 2.85727e-08 1.88816e-08 1.4017e-08
threshold=-0.60355339059327384 41.581250000000004 670.50000000000011 752.50000000000011 0.00069368500000000009 681.50000000000011 0.00064460500000000013 0.00022925500000000001 0.00031518500000000011 -0.94705910369513524 218.50000000000003 0.83849049182116964 566.50000000000011 70.500000000000014 0.00053523255773279112 0.00038439240050847003 15.16666666666667 654.50000000000011 0.00056896000000000019 0.00041085213219771666 823.50000000000011 0.39036257410962044 36.500000000000007 0.00040543500000000005 565.50000000000011 0.99700008544936913 0.00051645546050845556 0.00049868119142812558 0.00054815533833116803
decision_type=2 2 2 2 2 2 2 2 2 2 2 2 2 2 2 2 2 2 2 2 2 2 2 2 2 2 2 2 2
left_child=1 2 10 -4 18 6 17 -7 -9 -10 14 12 -12 -13 25 -16 -6 24 19 20 26 28 23 -21 -3 -1 -2 -23 -8
right_child=4 5 3 -5 16 7 21 8 9 -11 11 13 -14 -15 15 -17 -18 -19 -20 22 -22 27 -24 -25 -26 -27 -28 -29 -30
leaf_value=3.4172675809901653e-07 -3.2550431889933516e-07 -9.2941240996930299e-08 -1.9550773652520514e-07 -4.8406085261376578e-06 5.6121107582440252e-07 -2.2564451379973134e-06 1.5090820573442961e-06 4.5084357393702873e-06 -8.0831039418538805e-07 8.6075077108670083e-07 2.5616950404912196e-06 6.117270736467617e-07 -7.9646485329950196e-07 4.439625787426849e-06 -3.7690358612962881e-06 -2.2951389906445529e-07 3.4851600639740356e-06 2.6551240998448904e-06 -2.3830459256368205e-06 3.2073995097334778e-06 -2.1917784450427768e-06 3.327066133351764e-06 -6.6413085383269048e-07 4.2843591005107972e-07 1.2896299628256862e-06 2.1887530620419556e-06 6.583751861626298e-07 5.4997157030811652e-06 3.338004788702165e-06
leaf_weight=569 4580 71 27 20 39 24 22 27 83 746 29 25 66 40 20 33 20 31 21 25 30 20 26 55 87 22 75 20 20
leaf_count=569 4580 71 27 20 39 24 22 27 83 746 29 25 66 40 20 33 20 31 21 25 30 20 26 55 87 22 75 20 20
internal_value=1.99907e-15 6.8889e-07 3.198e-07 -2.17215e-06 -2.83136e-07 9.61778e-07 1.71367e-06 7.30231e-07 8.1397e-07 6.93643e-07 4.65474e-07 1.34125e-06 2.28658e-07 2.96736e-06 2.47889e-07 -1.56518e-06 1.55238e-06 9.94221e-07 -3.05642e-07 -2.96536e-07 -3.21704e-07 3.3719e-06 8.15864e-07 1.29686e-06 6.68348e-07 4.10482e-07 -3.09652e-07 4.41339e-06 2.38e-06
internal_weight=6873 2002 851 47 4871 1151 271 880 856 829 804 160 95 65 644 53 59 189 4812 4791 4685 82 106 80 158 591 4655 40 42
internal_count=6873 2002 851 47 4871 1151 271 880 856 829 804 160 95 65 644 53 59 189 4812 4791 4685 82 106 80 158 591 4655 40 42
is_linear=0
shrinkage=0.05


Tree=64
num_leaves=24
num_cat=0
split_feature=13 11 21 23 26 22 5 24 16 14 21 18 14 20 14 4 19 26 21 4 19 25 25
split_gain=4.83948e-07 7.27927e-08 1.11521e-07 8.94939e-08 7.63206e-08 8.02756e-08 1.6072e-07 2.3302e-07 7.96225e-08 9.91736e-08 7.70137e-08 7.26387e-08 5.58067e-08 5.12189e-08 4.72627e-08 3.9008e-08 3.286e-08 4.8423e-08 3.81185e-08 2.72406e-08 4.79166e-08 2.71184e-08 1.48873e-08
threshold=-0.60355339059327384 41.581250000000004 670.50000000000011 752.50000000000011 0.00011030537635980818 971.50000000000011 10.450000000000001 0.0006865855857647597 964.80000000000007 0.98213580174693105 833.50000000000011 0.00069368500000000009 0.99466373373798567 0.00070094500000000013 0.9893236546938301 7.5000000000000009 0.00056896000000000019 0.00041085213219771666 823.50000000000011 36.500000000000007 0.00040543500000000005 0.00013459131105398461 0.00039491761461448366
decision_type=2 2 2 2 2 2 2 2 2 2 2 2 2 2 2 2 2 2 2 2 2 2 2
left_child=1 2 12 -4 -3 8 -7 -8 9 -6 -10 16 13 14 -1 -13 17 18 21 20 -19 -2 -14
right_child=11 4 3 -5 5 6 7 -9 10 -11 -12 15 22 -15 -16 -17 -18 19 -20 -21 -22 -23 -24
leaf_value=3.2678301483171498e-07 -3.3879795897412542e-07 3.5918886554169989e-06 -1.8573238473133341e-07 -4.5985780525370501e-06 8.7456448605365942e-07 2.0915081216710262e-06 -6.6163532892460353e-06 3.9901467595161101e-07 3.4397954997140394e-06 -1.7392816530266492e-06 1.2545823811950365e-06 4.1014718882641841e-07 1.2635582399288189e-06 2.365500956784672e-06 -2.0801643369763734e-06 3.0273234202127243e-06 -2.2638935349695271e-06 3.0470295823761264e-06 -2.0821895266938856e-06 -6.309242315602695e-07 4.0701411248536796e-07 3.2174181933289756e-08 3.0828749645066142e-06
leaf_weight=708 4095 26 27 20 806 32 20 29 56 38 144 35 23 30 21 24 21 25 30 26 55 560 22
leaf_count=708 4095 26 27 20 806 32 20 29 56 38 144 35 23 30 21 24 21 25 30 26 55 560 22
internal_value=-5.34451e-15 6.54445e-07 3.0381e-07 -2.06354e-06 9.13689e-07 8.51793e-07 -6.64536e-07 -2.4644e-06 9.69439e-07 7.56879e-07 1.86644e-06 -2.6898e-07 4.422e-07 3.40769e-07 2.57447e-07 1.47476e-06 -2.9036e-07 -2.81709e-07 -3.05619e-07 7.75071e-07 1.23202e-06 -2.9417e-07 2.153e-06
internal_weight=6873 2002 851 47 1151 1125 81 49 1044 844 200 4871 804 759 729 59 4812 4791 4685 106 80 4655 45
internal_count=6873 2002 851 47 1151 1125 81 49 1044 844 200 4871 804 759 729 59 4812 4791 4685 106 80 4655 45
is_linear=0
shrinkage=0.05


Tree=65
num_leaves=25
num_cat=0
split_feature=9 14 14 14 15 14 14 7 21 17 17 15 0 25 11 17 12 20 1 20 3 19 0 18
split_gain=4.33783e-07 6.84623e-08 9.71501e-08 1.13208e-07 2.35004e-07 1.40884e-07 1.14628e-07 4.57918e-08 4.21849e-08 1.34495e-08 2.16779e-08 1.78382e-08 1.2099e-08 2.1923e-08 2.12838e-08 6.68144e-09 7.19238e-09 6.22161e-09 4.31459e-09 3.59189e-09 2.27215e-09 2.22928e-09 5.17762e-09 1.40823e-09
threshold=35.165963156738449 0.99966190462023474 0.99865421017599998 0.9916835347852474 0.04621408538533487 0.98522604642031408 0.98049069993378934 69.619048494915845 775.50000000000011 0.96598130769356716 1.0057309573050304 0.63255009372278048 279.50000000000006 0.00019172097498897168 36.315625000000004 0.76224887237515304 0.60355339059327384 0.00021613500000000003 341.90000000000003 0.00017934500000000003 19.750000000000004 0.00016074000000000001 315.50000000000006 0.00029360500000000001
decision_type=2 2 2 2 2 2 2 2 2 2 2 2 2 2 2 2 2 2 2 2 2 2 2 2
left_child=7 2 3 5 -5 6 -2 8 9 12 11 -11 13 -1 -14 17 21 19 20 23 -18 22 -17 -9
right_child=1 -3 -4 4 -6 -7 -8 15 -10 10 -12 -13 14 -15 -16 16 18 -19 -20 -21 -22 -23 -24 -25
leaf_value=1.4054915325470237e-06 6.8036959203019027e-07 -2.206432223569469e-06 4.0461660838835615e-06 1.956749315468187e-06 -4.1888547185310796e-06 3.8399752851806362e-06 -3.0354252944995269e-06 -3.3761037202685506e-07 -1.9873012096537503e-06 6.1768260553589099e-07 -8.2832395264631498e-07 2.2320654476392188e-06 -3.8443628535109017e-07 1.2858760988524152e-07 3.7776799121711995e-07 -3.0021136250417845e-07 1.6570612246552852e-07 -1.1940628622499259e-06 7.0629704943577834e-07 2.6629518634990746e-07 -2.5826420870562657e-07 -6.692241777850328e-07 3.5197115601155983e-07 4.6658654776858084e-08
leaf_weight=43 1781 21 21 28 35 35 21 3621 23 77 20 22 226 154 154 290 89 21 27 25 49 32 34 24
leaf_count=43 1781 21 21 28 35 35 21 3621 23 77 20 22 226 154 154 290 89 21 27 25 49 32 34 24
internal_value=-7.00334e-16 6.32959e-07 6.63999e-07 6.26617e-07 -1.45748e-06 6.98091e-07 6.37067e-07 -2.49281e-07 1.19506e-07 1.89128e-07 6.73114e-07 9.76434e-07 8.93107e-08 4.07303e-07 -7.5543e-08 -3.12235e-07 -1.44619e-07 -3.35894e-07 1.2826e-07 -3.30984e-07 1.51659e-08 -2.71094e-07 -2.31772e-07 -3.3508e-07
internal_weight=6873 1942 1921 1900 63 1837 1802 4931 719 696 119 99 577 197 380 4212 521 3691 165 3670 138 356 324 3645
internal_count=6873 1942 1921 1900 63 1837 1802 4931 719 696 119 99 577 197 380 4212 521 3691 165 3670 138 356 324 3645
is_linear=0
shrinkage=0.05


Tree=66
num_leaves=16
num_cat=0
split_feature=13 18 14 14 14 14 14 14 25 27 0 0 27 18 18
split_gain=3.99865e-07 6.20393e-08 6.0426e-08 8.56179e-08 6.56865e-08 2.22933e-07 1.27474e-07 9.90636e-08 9.54081e-08 3.74256e-08 3.27921e-08 3.50624e-08 4.14504e-08 2.49941e-08 3.04931e-08
threshold=-0.60355339059327384 0.00069368500000000009 0.99966190462023474 0.99865421017599998 0.9916835347852474 0.99466373373798567 0.98522604642031408 0.98049069993378934 0.00039801261844502116 15.16666666666667 791.50000000000011 702.50000000000011 4.8333333333333348 0.00063531500000000012 0.00060489000000000007
decision_type=2 2 2 2 2 2 2 2 2 2 2 2 2 2 2
left_child=2 10 3 4 6 -6 7 -1 -7 -3 11 13 -13 14 -2
right_child=1 9 -4 -5 5 8 -8 -9 -10 -11 -12 12 -14 -15 -16
leaf_value=6.2464582095881049e-07 -2.7245186833620949e-07 4.6520325370239334e-07 -2.0730988505116938e-06 3.7987831308869536e-06 -5.2055119470294037e-06 -1.2791215708386432e-06 3.6314157218190045e-06 -2.82902008003865e-06 3.4870320805999832e-06 3.1255174678790355e-06 -2.0704048019979383e-06 2.1171122744528309e-06 -7.2449812424089213e-07 -1.9904080748541937e-06 1.2303580227106014e-06
leaf_weight=1841 4678 39 21 21 21 21 35 21 21 20 25 33 21 21 34
leaf_count=1841 4678 39 21 21 21 21 35 21 21 20 25 33 21 21 34
internal_value=-1.68098e-15 -2.44499e-07 5.94882e-07 6.23164e-07 5.8914e-07 -9.992e-07 6.41889e-07 5.85695e-07 1.10396e-06 1.367e-06 -2.64257e-07 -2.54825e-07 1.01204e-06 -2.69279e-07 -2.61608e-07
internal_weight=6873 4871 2002 1981 1960 63 1897 1862 42 59 4812 4787 54 4733 4712
internal_count=6873 4871 2002 1981 1960 63 1897 1862 42 59 4812 4787 54 4733 4712
is_linear=0
shrinkage=0.05


Tree=67
num_leaves=26
num_cat=0
split_feature=13 11 21 23 22 3 18 18 14 14 18 14 16 17 16 20 14 11 11 21 11 18 22 1 24
split_gain=3.60878e-07 6.19149e-08 9.90645e-08 7.85368e-08 7.20695e-08 1.09786e-07 7.37204e-08 1.38855e-07 7.49052e-08 5.65854e-08 5.59905e-08 5.39195e-08 4.97022e-08 6.29542e-08 4.8134e-08 4.44502e-08 4.14233e-08 3.39792e-08 2.96898e-08 9.53197e-08 4.07415e-08 7.08474e-08 5.78757e-08 2.1493e-08 1.05631e-08
threshold=-0.60355339059327384 41.581250000000004 670.50000000000011 752.50000000000011 681.50000000000011 24.450000000000003 0.00022925500000000001 0.00031518500000000011 -0.94705910369513524 -0.77853607112676126 0.00069368500000000009 0.99466373373798567 928.56000000000006 0.97985361765660828 715.43000000000018 0.00070094500000000013 0.9893236546938301 51.618750000000006 51.065625000000004 902.50000000000011 45.265625000000007 0.00045370500000000005 648.50000000000011 478.25000000000006 0.00061271849382225462
decision_type=2 2 2 2 2 2 2 2 2 2 2 2 2 2 2 2 2 2 2 2 2 2 2 2 2
left_child=1 2 11 -4 5 12 -6 -8 -9 -7 18 15 13 -3 -11 16 -1 -12 19 20 22 -22 -2 -13 -20
right_child=10 4 3 -5 6 9 7 8 -10 14 17 23 -14 -15 -16 -17 -18 -19 24 -21 21 -23 -24 -25 -26
leaf_value=2.5978196070291154e-07 -2.5232313130606138e-07 1.4779550492170935e-06 -2.3036278536084056e-07 -4.3642507444019433e-06 -2.1484190204053752e-06 -1.1956296914503482e-06 4.1899566322509029e-06 -8.7851080715187127e-07 7.0490409340158937e-07 3.1468736876316684e-07 2.4784015613477099e-06 3.2755257643657388e-06 4.6327237036482833e-06 4.3600471106704695e-06 2.6426684067192746e-06 2.1586982768440068e-06 -1.9935737154377249e-06 7.8226403622959971e-08 2.912540511798315e-07 -3.6240295955957706e-06 3.4373975358903413e-06 4.0407096131020535e-08 -2.2648893635235368e-06 1.0764539410956786e-06 1.8590109649927572e-06
leaf_weight=708 4626 90 27 20 24 36 27 83 746 64 30 20 23 24 34 30 21 29 22 21 20 66 36 25 21
leaf_count=708 4626 90 27 20 24 36 27 83 746 64 30 20 23 24 34 30 21 29 22 21 20 66 36 25 21
internal_value=-4.0231e-16 5.65137e-07 2.41761e-07 -1.98946e-06 8.04228e-07 1.51719e-06 5.84669e-07 6.61298e-07 5.46372e-07 4.99612e-07 -2.32274e-07 3.72193e-07 2.51248e-06 2.08471e-06 1.12235e-06 2.72492e-07 1.9487e-07 1.29865e-06 -2.51044e-07 -2.62838e-07 -2.47971e-07 8.30405e-07 -2.67864e-07 2.05382e-06 1.0569e-06
internal_weight=6873 2002 851 47 1151 271 880 856 829 134 4871 804 137 114 98 759 729 59 4812 4769 4748 86 4662 45 43
internal_count=6873 2002 851 47 1151 271 880 856 829 134 4871 804 137 114 98 759 729 59 4812 4769 4748 86 4662 45 43
is_linear=0
shrinkage=0.05


Tree=68
num_leaves=21
num_cat=0
split_feature=2 15 15 15 11 16 1 22 7 6 26 14 26 15 3 23 26 0 14 22
split_gain=3.26902e-07 2.76124e-07 1.5073e-07 1.87558e-07 8.66496e-08 7.85052e-08 7.54687e-08 6.3763e-08 4.21072e-08 3.22541e-08 3.15142e-08 2.94604e-08 2.83216e-08 2.48462e-08 2.36016e-08 1.66601e-08 3.03529e-08 2.09121e-08 1.23745e-08 6.2196e-09
threshold=109.50000000000001 -0.99983123799342477 -0.97111920233974802 -0.96234030595689413 45.265625000000007 922.47000000000014 533.25000000000011 690.50000000000011 53.674036994083139 0.00050526000000000011 0.00046494800223604004 0.20180702842483325 0.00064527107422591361 -0.99465740988130902 27.550000000000004 472.50000000000006 0.00018836186498089464 445.50000000000006 -0.049434980436038223 374.50000000000006
decision_type=2 2 2 2 2 2 2 2 2 2 2 2 2 2 2 2 2 2 2 2
left_child=7 -2 11 14 5 -5 -6 8 9 -1 -11 12 13 -3 -4 16 19 -18 -14 -10
right_child=1 2 3 4 6 -7 -8 -9 15 10 -12 -13 18 -15 -16 -17 17 -19 -20 -21
leaf_value=2.6407783577399514e-06 -5.3605973016601642e-06 4.1543627182031392e-07 -4.2106181348344764e-06 5.5983549596609812e-08 3.1372055258650695e-06 1.9173284155726833e-06 7.3526329853671695e-07 -3.0603791287830973e-06 -2.6725108612898325e-07 1.5617519367246449e-06 -1.0852475725187105e-06 3.5166615475645814e-06 1.7461678046884396e-06 1.6463804861835933e-06 -1.7815456232028737e-06 -1.2919009434067689e-06 1.1695355421745567e-07 1.5164921285304445e-06 3.1373551689372816e-06 -8.4568076863191942e-07
leaf_weight=21 20 65 20 1014 34 60 857 20 4145 23 22 20 33 111 20 38 242 30 31 47
leaf_count=21 20 65 20 1014 34 60 857 20 4145 23 22 20 33 111 20 38 242 30 31 47
internal_value=-5.96284e-15 4.88623e-07 5.40272e-07 3.93391e-07 4.62388e-07 1.59969e-07 8.2692e-07 -2.43353e-07 -2.31019e-07 1.02275e-06 2.67663e-07 1.67295e-06 1.5193e-06 1.19177e-06 -2.99608e-06 -2.494e-07 -2.40525e-07 2.71314e-07 2.42002e-06 -2.73736e-07
internal_weight=6873 2285 2265 2005 1965 1074 891 4588 4568 66 45 260 240 176 40 4502 4464 272 64 4192
internal_count=6873 2285 2265 2005 1965 1074 891 4588 4568 66 45 260 240 176 40 4502 4464 272 64 4192
is_linear=0
shrinkage=0.05


Tree=69
num_leaves=27
num_cat=0
split_feature=9 15 14 15 15 14 14 14 26 14 4 21 25 14 14 21 23 25 0 17 26 11 20 19 6 24
split_gain=2.94193e-07 6.08745e-08 1.23273e-07 1.23231e-07 9.67952e-08 6.89391e-08 6.08733e-08 1.68888e-07 3.26096e-08 2.89783e-08 3.54369e-08 2.53731e-08 1.87125e-08 1.75148e-08 3.06576e-08 2.23041e-08 1.45634e-08 6.26093e-09 1.25254e-08 1.00598e-08 8.8582e-09 1.22419e-08 8.65616e-09 7.81168e-09 4.08658e-09 2.10552e-09
threshold=35.165963156738449 0.91245913578114801 0.31799963745711152 0.61913436964878354 0.54938884295715751 0.74443451080969758 -0.99630266176052629 -0.99275805973510278 0.00017466924250936398 0.50557357885840837 3.5000000000000004 773.50000000000011 8.1672832208138082e-05 -0.73354686966117377 -0.98214942551678475 707.50000000000011 773.50000000000011 0.0001017832400468014 305.50000000000006 0.72011862731252663 9.3548340926940412e-05 23.009375000000002 0.00014627000000000002 0.00021292500000000001 0.00022602000000000003 0.00023774359820274952
decision_type=2 2 2 2 2 2 2 2 2 2 2 2 2 2 2 2 2 2 2 2 2 2 2 2 2 2
left_child=8 3 -3 4 6 9 16 -8 17 -5 -11 12 -10 14 -14 -15 -2 18 22 23 24 -22 25 -19 -21 -1
right_child=1 2 -4 5 -6 -7 7 -9 11 10 -12 -13 13 15 -16 -17 -18 19 -20 20 21 -23 -24 -25 -26 -27
leaf_value=-2.7347900353214476e-07 1.4174602920435931e-06 8.9439262579258916e-07 -3.815153036157426e-06 3.1006449830783825e-06 -2.455458127315069e-06 4.7642076606280176e-06 -3.5487769799566685e-06 5.1287796554852858e-07 1.6802952580974306e-06 -6.4815160412546822e-07 1.7235361267936128e-06 -1.5912438530427782e-06 8.1141130735318268e-07 1.922619610383965e-07 -8.2183986915883817e-07 1.7556018689172488e-06 2.9558227697634723e-06 -1.8421253424736797e-07 -1.3452048565172679e-06 3.3070481378220089e-07 6.6149639728689926e-07 -3.8145621622553641e-07 6.8206672215372545e-07 -1.4050260494968825e-06 1.1440712113327487e-06 1.6164963318386429e-07
leaf_weight=3915 40 33 24 24 28 20 26 1638 20 21 63 21 40 462 102 24 25 38 27 47 39 101 24 20 23 28
leaf_count=3915 40 33 24 24 28 20 26 1638 20 21 63 21 40 462 102 24 25 38 27 47 39 101 24 20 23 28
internal_value=2.71534e-15 5.21261e-07 -1.08857e-06 5.69941e-07 4.60824e-07 2.06774e-06 5.08051e-07 4.49415e-07 -2.05291e-07 1.5684e-06 1.13061e-06 1.1925e-07 1.74682e-07 1.26733e-07 -3.61769e-07 2.69464e-07 2.00914e-06 -2.56234e-07 -2.71932e-07 -2.22856e-08 1.38705e-07 -9.09194e-08 -2.64627e-07 -6.05183e-07 5.97954e-07 -2.70389e-07
internal_weight=6873 1942 57 1885 1757 128 1729 1664 4931 108 84 669 648 628 142 486 65 4262 3994 268 210 140 3967 58 70 3943
internal_count=6873 1942 57 1885 1757 128 1729 1664 4931 108 84 669 648 628 142 486 65 4262 3994 268 210 140 3967 58 70 3943
is_linear=0
shrinkage=0.05


Tree=70
num_leaves=25
num_cat=0
split_feature=2 15 15 15 24 17 26 16 1 23 2 26 26 15 15 2 25 3 3 8 1 15 2 17
split_gain=2.712e-07 2.52381e-07 1.20793e-07 1.73192e-07 1.11194e-07 9.38882e-08 7.79307e-08 7.65331e-08 4.80235e-08 6.82726e-08 5.12358e-08 5.20972e-08 3.61325e-08 2.54139e-08 5.48702e-08 2.52112e-08 2.34856e-08 2.16768e-08 2.12591e-08 1.98168e-08 1.95986e-08 2.08703e-08 1.95098e-08 1.60226e-08
threshold=117.50000000000001 -0.99983123799342477 -0.97111920233974802 -0.96234030595689413 0.00068954845129393083 0.99341602515407457 0.00078476268688999079 778.50000000000011 845.45000000000016 603.50000000000011 109.50000000000001 0.00046494800223604004 0.00030004247099267659 -0.99465740988130902 -0.99864786094873803 113.50000000000001 0.00040788276083072132 24.650000000000002 27.550000000000004 201.31954222287254 813.50000000000011 -0.98801846520836312 188.50000000000003 0.87320694888354022
decision_type=2 2 2 2 2 2 2 2 2 2 2 2 2 2 2 2 2 2 2 2 2 2 2 2
left_child=4 -2 13 18 8 6 -5 -7 9 12 11 19 23 14 22 -12 -14 -16 -4 -10 21 -15 -3 -1
right_child=1 2 3 5 -6 7 -8 -9 10 -11 15 -13 16 20 17 -17 -18 -19 -20 -21 -22 -23 -24 -25
leaf_value=-2.6315700364078611e-07 -5.115005156994812e-06 1.259666699411355e-06 -4.0202843763381681e-06 3.2226606225499423e-07 -3.8380853484774161e-06 4.4226939083986314e-08 2.9824822320279057e-06 2.848863141160007e-06 1.8738991976923509e-06 -2.7727910071243623e-06 2.8040074559773915e-06 -2.2622752919146264e-06 9.0882703695111309e-07 2.5107263555722829e-06 9.891581673368169e-07 7.8749369696461433e-07 -3.288721444006801e-07 -9.158174893997284e-07 -1.7149061221743978e-06 -2.9826145518676469e-07 3.3726511430489028e-06 1.2271676750922703e-06 3.4681593933783007e-06 5.0972335540660812e-08
leaf_weight=3983 20 20 20 1642 21 37 28 71 21 26 31 21 117 52 28 31 57 32 20 21 21 81 20 452
leaf_count=3983 20 20 20 1642 21 37 28 71 21 26 31 21 117 52 28 31 57 32 20 21 21 81 20 452
internal_value=-7.21804e-15 4.7481e-07 5.28766e-07 3.86068e-07 -2.07761e-07 4.59267e-07 3.66868e-07 1.88802e-06 -1.91744e-07 -2.17825e-07 7.75337e-07 -2.28879e-07 -2.03412e-07 1.55012e-06 9.29468e-07 1.79575e-06 5.03374e-07 -2.68288e-08 -2.8676e-06 7.87819e-07 1.95314e-06 1.72901e-06 2.36391e-06 -2.31142e-07
internal_weight=6873 2092 2072 1818 4781 1778 1670 108 4760 4635 125 63 4609 254 100 62 174 60 40 42 154 133 40 4435
internal_count=6873 2092 2072 1818 4781 1778 1670 108 4760 4635 125 63 4609 254 100 62 174 60 40 42 154 133 40 4435
is_linear=0
shrinkage=0.05


Tree=71
num_leaves=23
num_cat=0
split_feature=13 2 22 24 20 22 22 26 22 5 24 15 15 19 25 5 14 0 0 26 1 14
split_gain=2.50616e-07 5.84331e-08 9.91721e-08 5.8694e-08 7.44446e-08 7.90744e-08 8.03995e-08 4.74612e-08 5.65023e-08 1.44244e-07 1.61846e-07 7.23113e-08 2.55434e-07 8.47689e-08 8.3421e-08 5.42008e-08 4.1098e-08 3.39868e-08 2.39863e-08 1.8048e-08 1.76727e-08 1.38842e-08
threshold=-0.78656609248549325 117.50000000000001 769.50000000000011 0.00066501223656836189 0.00065943000000000002 833.50000000000011 802.50000000000011 0.00011316256046282536 971.50000000000011 10.450000000000001 0.0006865855857647597 -0.68432604233786842 -0.6523320455745395 0.00037847500000000002 0.00072006010827437852 16.450000000000003 0.54219432480460406 665.50000000000011 599.50000000000011 0.00018836186498089464 804.75000000000011 -0.50648480199892099
decision_type=2 2 2 2 2 2 2 2 2 2 2 2 2 2 2 2 2 2 2 2 2 2
left_child=7 2 17 4 5 6 -3 -1 11 -10 -11 13 -13 -9 -14 -15 20 18 19 -2 21 -5
right_child=1 3 -4 16 -6 -7 -8 8 9 10 -12 12 14 15 -16 -17 -18 -19 -20 -21 -22 -23
leaf_value=2.4929763106307235e-06 -2.3321834570232388e-07 1.5636560847037229e-07 -3.3056627330552149e-06 1.7512774648922561e-06 -2.1764933617557997e-06 3.1767552903667297e-06 -3.0616156635687731e-06 4.2640915883869949e-06 1.8989882509038471e-06 -5.3491126474606673e-06 2.0167115866931048e-07 -4.9486353506464099e-06 4.0644970679016398e-07 1.1993707998082003e-06 2.8981176624906118e-06 -7.4098776870812354e-07 2.7316752159833871e-06 1.6677564720642597e-06 -1.453429052990265e-06 1.9218905070263061e-07 -6.5009360241674594e-07 4.7390296410517643e-07
leaf_weight=32 4214 658 26 36 36 21 20 21 33 24 29 22 835 359 35 40 32 24 39 265 20 52
leaf_count=32 4214 658 26 36 36 21 20 21 33 24 29 22 835 359 35 40 32 24 39 265 20 52
internal_value=7.891e-16 -1.54757e-07 -2.26457e-07 2.1956e-07 4.08359e-08 1.55033e-07 6.14399e-08 5.8905e-07 5.4547e-07 -6.96089e-07 -2.31189e-06 6.26852e-07 3.72141e-07 1.16781e-06 5.06689e-07 1.00485e-06 1.15786e-06 -2.08831e-07 -2.18799e-07 -2.08049e-07 6.91547e-07 9.96465e-07
internal_weight=6873 5443 4568 875 735 699 678 1430 1398 86 53 1312 892 420 870 399 140 4542 4518 4479 108 88
internal_count=6873 5443 4568 875 735 699 678 1430 1398 86 53 1312 892 420 870 399 140 4542 4518 4479 108 88
is_linear=0
shrinkage=0.05


Tree=72
num_leaves=22
num_cat=0
split_feature=13 18 20 0 0 27 26 15 15 19 3 15 26 2 23 2 2 16 11 21 18
split_gain=2.26181e-07 5.29093e-08 5.20999e-08 7.34088e-08 5.67747e-08 5.25958e-08 4.28338e-08 4.1273e-08 3.23569e-07 8.3002e-08 7.81883e-08 1.01139e-07 7.86182e-08 6.18352e-08 6.89862e-08 3.85605e-08 4.012e-08 3.24412e-08 1.58025e-08 3.95003e-08 9.89147e-09
threshold=-0.78656609248549325 0.00066491500000000008 0.00065124500000000006 807.50000000000011 735.50000000000011 8.5000000000000018 0.00011316256046282536 -0.68432604233786842 -0.65883892954715351 0.00044664500000000002 23.750000000000004 -0.99465740988130902 0.00063707238152824143 321.50000000000006 971.50000000000011 122.50000000000001 268.50000000000006 766.53000000000009 52.51250000000001 914.50000000000011 0.00078043500000000011
decision_type=2 2 2 2 2 2 2 2 2 2 2 2 2 2 2 2 2 2 2 2 2
left_child=6 2 3 4 17 -6 -1 9 -9 -8 12 -12 -11 14 -10 -3 18 -2 19 -17 -20
right_child=1 15 -4 -5 5 -7 7 8 13 10 11 -13 -14 -15 -16 16 -18 -19 20 -21 -22
leaf_value=2.3683274946506575e-06 -1.7919942680254243e-07 -1.5460360759789183e-06 -2.2590008014352256e-06 2.7808949100393056e-06 -3.9161990663671989e-07 -3.8633939232113341e-06 3.2061875003819296e-06 -5.9664355944732961e-06 4.7514702471310324e-07 5.4510368057051384e-07 -1.1483949559233891e-06 1.5242871855536112e-06 -2.0245860890161736e-06 2.9152212928238444e-06 -2.0046739235050184e-06 8.631236744349735e-07 -1.3986132580612321e-06 1.0309071737221335e-06 7.5021712099738446e-07 3.2142708159485867e-06 -4.8034505624627858e-07
leaf_weight=32 5040 20 30 21 24 20 36 20 852 92 41 259 44 25 29 80 20 56 89 23 20
leaf_count=32 5040 20 30 21 24 20 36 20 852 92 41 259 44 25 29 80 20 56 89 23 20
internal_value=-4.03296e-15 -1.47019e-07 -1.81366e-07 -1.69289e-07 -1.81343e-07 -1.9697e-06 5.59598e-07 5.18196e-07 3.24235e-07 8.98722e-07 7.08197e-07 1.15902e-06 -2.86267e-07 4.63102e-07 3.93518e-07 5.60506e-07 7.42105e-07 -1.65902e-07 9.44059e-07 1.38814e-06 5.24426e-07
internal_weight=6873 5443 5191 5161 5140 44 1430 1398 926 472 436 300 136 906 881 252 232 5096 212 103 109
internal_count=6873 5443 5191 5161 5140 44 1430 1398 926 472 436 300 136 906 881 252 232 5096 212 103 109
is_linear=0
shrinkage=0.05


Tree=73
num_leaves=15
num_cat=0
split_feature=13 14 14 14 14 14 14 25 18 19 19 6 11 22
split_gain=2.05372e-07 5.76887e-08 7.11894e-08 5.87718e-08 1.94949e-07 1.18076e-07 8.71238e-08 8.03313e-08 4.01156e-08 3.33057e-08 3.31627e-08 4.02699e-08 3.20272e-08 2.74501e-08
threshold=-0.60355339059327384 0.99966190462023474 0.99865421017599998 0.9916835347852474 0.99466373373798567 0.98522604642031408 0.98049069993378934 0.00039801261844502116 0.00069368500000000009 0.00056896000000000019 0.00054044500000000018 0.00050788000000000016 51.618750000000006 690.50000000000011
decision_type=2 2 2 2 2 2 2 2 2 2 2 2 2 2
left_child=1 2 3 5 -5 6 -1 -6 9 10 11 13 -10 -2
right_child=8 -3 -4 4 7 -7 -8 -9 12 -11 -12 -13 -14 -15
leaf_value=4.5527821538274557e-07 -1.9079395323026995e-07 -2.1805218661289214e-06 3.349664276746418e-06 -5.0129429317686509e-06 -1.2994376972875173e-06 3.3500546006897431e-06 -2.7835779562900872e-06 3.0739481926069684e-06 2.2659859958669887e-06 -2.1779836420895054e-06 1.5333037440866195e-06 -2.1179895081028615e-06 -6.4227335848233359e-08 1.3793901282659654e-06
leaf_weight=1841 4708 21 21 21 21 35 21 21 30 21 28 27 29 28
leaf_count=1841 4708 21 21 21 21 35 21 21 30 21 28 27 29 28
internal_value=-1.67747e-15 4.26328e-07 4.53963e-07 4.22937e-07 -1.07948e-06 4.72833e-07 4.1875e-07 8.87255e-07 -1.75223e-07 -1.91111e-07 -1.82402e-07 -1.92488e-07 1.12063e-06 -1.81511e-07
internal_weight=6873 2002 1981 1960 63 1897 1862 42 4871 4812 4791 4763 59 4736
internal_count=6873 2002 1981 1960 63 1897 1862 42 4871 4812 4791 4763 59 4736
is_linear=0
shrinkage=0.05


Tree=74
num_leaves=26
num_cat=0
split_feature=2 15 15 15 24 4 15 22 13 3 25 4 15 15 8 23 15 1 20 23 3 2 1 8 20
split_gain=1.8908e-07 2.19493e-07 1.05132e-07 1.55294e-07 9.80529e-08 6.7069e-08 5.79747e-08 5.28717e-08 3.94191e-08 7.22699e-08 4.41177e-08 2.82683e-08 2.08691e-08 4.72555e-08 2.10159e-08 2.0097e-08 4.80778e-08 3.69506e-08 2.4839e-08 3.04684e-08 1.86545e-08 1.71614e-08 1.5964e-08 1.90979e-08 4.28127e-09
threshold=117.50000000000001 -0.99983123799342477 -0.97111920233974802 -0.96234030595689413 0.00068954845129393083 14.500000000000002 1.0000000180025095e-35 969.50000000000011 -0.78656609248549325 25.850000000000005 0.00057336054889525138 52.500000000000007 -0.99465740988130902 -0.99864786094873803 164.85053926467569 472.50000000000006 -0.38243420677835349 834.40000000000009 0.00022739500000000003 351.50000000000006 27.550000000000004 188.50000000000003 813.50000000000011 170.49118502915374 0.00021613500000000003
decision_type=2 2 2 2 2 2 2 2 2 2 2 2 2 2 2 2 2 2 2 2 2 2 2 2 2
left_child=4 -2 12 20 8 7 -7 -5 9 10 11 -1 13 21 -15 18 -17 -18 24 -20 -4 -3 23 -14 -10
right_child=1 2 3 5 -6 6 -8 -9 15 -11 -12 -13 22 14 -16 16 17 -19 19 -21 -22 -23 -24 -25 -26
leaf_value=8.7690947175700793e-07 -4.8164431132136092e-06 1.1327371095148919e-06 -3.8470797775858044e-06 8.4142729275204594e-07 -3.5825376774785891e-06 4.3915001666160798e-07 -3.2391027499640655e-07 -9.8401850707540746e-07 -2.0051015237163423e-07 -2.0531588509934791e-06 2.863586251085811e-06 -8.782014328444024e-07 2.1572146496129875e-06 -1.0847962055617314e-06 7.9616872708908029e-07 -3.0961425591158337e-06 -1.8663342317544764e-06 6.605214506495171e-07 2.5783516259636585e-08 1.3500528825505644e-06 -1.6875353648515556e-06 3.20405122693046e-06 3.0459742577347374e-06 9.5887720706596994e-07 -7.9995961878391122e-07
leaf_weight=127 20 20 20 714 21 593 429 42 4169 24 24 28 67 27 33 20 23 39 222 54 20 20 21 66 30
leaf_count=127 20 20 20 714 21 593 429 42 4169 24 24 28 67 27 33 20 23 39 222 54 20 20 21 66 30
internal_value=-2.91066e-15 3.96459e-07 4.46777e-07 3.1365e-07 -1.73477e-07 3.82963e-07 1.18844e-07 7.40014e-07 -1.58437e-07 5.23291e-07 8.68737e-07 5.59857e-07 1.39962e-06 8.37198e-07 -5.02655e-08 -1.88806e-07 -9.6449e-07 -2.7686e-07 -1.74592e-07 2.8488e-07 -2.76731e-06 2.16839e-06 1.76484e-06 1.56255e-06 -2.04793e-07
internal_weight=6873 2092 2072 1818 4781 1778 1022 756 4760 203 179 155 254 100 60 4557 82 62 4475 276 40 40 154 133 4199
internal_count=6873 2092 2072 1818 4781 1778 1022 756 4760 203 179 155 254 100 60 4557 82 62 4475 276 40 40 154 133 4199
is_linear=0
shrinkage=0.05


Tree=75
num_leaves=31
num_cat=0
split_feature=7 23 2 6 2 3 17 19 5 19 15 24 24 15 6 3 17 17 15 16 26 25 16 23 2 26 1 1 3 19
split_gain=1.71482e-07 7.66287e-08 1.41375e-07 1.39243e-07 9.36717e-08 9.89978e-08 8.32945e-08 1.25651e-07 8.04557e-08 7.99163e-08 7.84086e-08 7.78815e-08 6.78922e-08 5.17089e-08 5.04652e-08 4.47386e-08 4.36921e-08 6.30966e-08 7.3127e-08 4.01751e-08 3.39576e-08 2.88982e-08 4.29555e-08 5.74922e-08 5.55331e-08 3.42991e-08 2.31359e-08 1.59188e-08 1.37323e-08 9.98792e-09
threshold=44.452117565242439 724.50000000000011 123.50000000000001 0.0004430350000000001 288.50000000000006 21.650000000000002 0.98898729732587942 0.00013456500000000004 18.250000000000004 0.00075457500000000006 -0.23537842981696178 0.00039081062986754002 0.00058882721858827724 -0.39036009226888674 0.00049871500000000016 26.450000000000003 0.96598130769356716 1.0057309573050304 0.097680735332368748 435.35000000000002 0.00020697457026859964 0.00053806001279488606 766.53000000000009 665.50000000000011 169.50000000000003 0.00043387589184935572 767.50000000000011 714.60000000000014 26.850000000000005 0.00044664500000000002
decision_type=2 2 2 2 2 2 2 2 2 2 2 2 2 2 2 2 2 2 2 2 2 2 2 2 2 2 2 2 2 2
left_child=1 4 3 -3 5 8 7 -4 11 14 -5 -1 -9 15 -7 -8 21 18 26 -19 -20 22 23 25 -24 -2 27 -18 -28 -22
right_child=16 2 6 10 -6 9 13 12 -10 -11 -12 -13 -14 -15 -16 -17 17 19 20 -21 29 -23 24 -25 -26 -27 28 -29 -30 -31
leaf_value=-2.4472455432292658e-06 -1.794410271136432e-07 1.3316145372221439e-06 4.0489368378378765e-06 -5.5144334945235526e-06 4.3494170733993089e-06 2.7909490683715636e-06 -8.0262135838893299e-07 -4.4827738820623314e-07 2.2002533576899926e-06 3.8854294966704363e-06 -1.5416855043676385e-06 1.557148819459214e-07 5.2156770724725185e-07 4.0798857958179729e-06 8.4883329743371042e-07 1.9876112611539202e-06 2.6944308154985765e-07 -1.7304233788302311e-07 8.6477899725291229e-07 -2.841096151466142e-06 3.6560266661567199e-06 -1.6883700006763819e-06 -3.3905893003934167e-07 -2.189986921783722e-06 3.2556136245278011e-06 5.9334634128516441e-07 -1.819271334397854e-06 1.7281512316999614e-06 3.3585863548069029e-08 2.1818162268674416e-06
leaf_weight=42 4811 23 21 23 20 39 20 304 30 29 27 91 444 20 235 51 171 43 43 21 20 31 22 35 21 148 20 21 20 27
leaf_count=42 4811 23 21 23 20 39 20 304 30 29 27 91 444 20 235 51 171 43 43 21 20 31 22 35 21 148 20 21 20 27
internal_value=3.21372e-15 4.89635e-07 2.24449e-07 -1.88809e-06 9.98728e-07 8.54922e-07 4.03768e-07 2.34496e-07 -1.38691e-07 1.38944e-06 -3.36915e-06 -6.66273e-07 1.27406e-07 1.83421e-06 1.12527e-06 1.20163e-06 -1.27391e-07 3.85398e-07 6.70395e-07 -1.0485e-06 1.88017e-06 -1.66448e-07 -1.57081e-07 -1.7063e-07 1.41648e-06 -1.56377e-07 2.01087e-07 4.28989e-07 -8.92843e-07 2.80914e-06
internal_weight=6873 1419 933 73 486 466 860 769 163 303 50 133 748 91 274 71 5454 386 322 64 90 5068 5037 4994 43 4959 232 192 40 47
internal_count=6873 1419 933 73 486 466 860 769 163 303 50 133 748 91 274 71 5454 386 322 64 90 5068 5037 4994 43 4959 232 192 40 47
is_linear=0
shrinkage=0.05


Tree=76
num_leaves=19
num_cat=0
split_feature=13 14 14 14 14 14 17 24 25 2 19 24 26 23 2 2 19 3
split_gain=1.59357e-07 3.94861e-08 1.63871e-07 8.74743e-08 1.2618e-07 1.97469e-07 7.06979e-08 3.744e-08 6.77691e-08 6.56287e-08 3.49058e-08 8.37754e-08 5.32479e-08 3.07834e-08 2.993e-08 4.06386e-08 2.80859e-08 2.07697e-08
threshold=-0.78656609248549325 -0.99630266176052629 -0.99275805973510278 -0.98523971305672675 -0.95244167294248061 -0.96463499255812291 0.99179799185624007 0.00059497286394466227 0.00054318366725269204 119.50000000000001 0.00051697000000000006 0.0005218109769491488 0.00057996457832986184 752.50000000000011 137.50000000000003 148.50000000000003 0.00059914000000000007 26.250000000000004
decision_type=2 2 2 2 2 2 2 2 2 2 2 2 2 2 2 2 2 2
left_child=1 17 -3 -4 5 -5 -6 8 10 -9 12 -12 13 -2 -11 -16 -17 -1
right_child=7 2 3 4 6 -7 -8 9 -10 14 11 -13 -14 -15 15 16 -18 -19
leaf_value=2.8291142226722653e-06 -1.5184269450049609e-07 -4.07329138397472e-06 3.1557440919035195e-06 1.7526615326088093e-07 4.1201195473739829e-07 -5.1840988335243316e-06 1.5827701117183557e-06 -1.8210893659085871e-06 -2.4465142608676161e-06 2.1878335341933699e-06 2.4422402906892764e-06 -1.4165351486057759e-06 -2.7275023671791135e-06 1.4818644774158171e-06 -1.411827716424341e-06 1.6267615053258909e-06 3.0712727903749386e-07 7.8935767930943259e-07
leaf_weight=26 5043 20 30 55 1104 25 146 28 32 31 39 22 20 29 24 63 112 24
leaf_count=26 5043 20 30 55 1104 25 146 28 32 31 39 22 20 29 24 63 112 24
internal_value=1.33364e-15 4.69714e-07 4.19702e-07 4.85776e-07 4.25551e-07 -1.49954e-06 5.48757e-07 -1.23405e-07 -1.52656e-07 4.64468e-07 -1.38412e-07 1.05055e-06 -1.52655e-07 -1.42502e-07 7.4271e-07 5.1759e-07 7.82196e-07 1.85003e-06
internal_weight=6873 1430 1380 1360 1330 80 1250 5443 5185 258 5153 61 5092 5072 230 199 175 50
internal_count=6873 1430 1380 1360 1330 80 1250 5443 5185 258 5153 61 5092 5072 230 199 175 50
is_linear=0
shrinkage=0.05


Tree=77
num_leaves=23
num_cat=0
split_feature=13 11 0 1 20 25 17 15 17 0 22 22 14 21 17 21 20 17 9 25 6 22
split_gain=1.4382e-07 3.70207e-08 1.18678e-07 5.51675e-08 6.44929e-08 5.93869e-08 3.91818e-08 4.68312e-08 1.13821e-07 3.69171e-08 5.22813e-08 6.49494e-08 5.56668e-08 4.40093e-08 4.11734e-08 3.7182e-08 3.14915e-08 2.87534e-08 2.54485e-08 1.84306e-08 1.75142e-08 9.2253e-09
threshold=-0.78656609248549325 56.478125000000013 981.50000000000011 890.05000000000007 0.00016742500000000004 0.00075189565443834589 0.99944150187651604 -0.67801649466304881 0.9763827272954374 928.50000000000011 827.50000000000011 876.50000000000011 0.20180702842483325 928.50000000000011 0.96598130769356716 833.50000000000011 0.00070749000000000018 0.98807414995054443 83.112798390738405 0.00076955878311510157 0.00054587500000000003 909.50000000000011
decision_type=2 2 2 2 2 2 2 2 2 2 2 2 2 2 2 2 2 2 2 2 2 2
left_child=1 2 3 4 -1 -6 7 18 -9 10 13 12 -12 14 20 -16 21 -5 19 -3 -2 -13
right_child=9 6 -4 17 5 -7 -8 8 -10 -11 11 16 -14 -15 15 -17 -18 -19 -20 -21 -22 -23
leaf_value=2.6667262165480274e-06 -1.7040538011794897e-07 1.3679804846072392e-06 -3.2163998659361036e-06 7.3623588743588621e-07 3.5123678965979024e-07 -1.5436461187037333e-06 3.1668575115872961e-06 1.8454578159727525e-06 -2.7044454891775212e-06 -1.9614942596456752e-06 6.9442090619986632e-07 1.3895783846843795e-06 4.3350250442537277e-06 -1.897853813456355e-06 2.1728261072297623e-07 1.8197870753194764e-06 -1.4394033845140562e-06 3.1420056748848527e-06 2.9000603944950853e-06 -2.2164880469379413e-07 4.7343100272241233e-07 -2.7233876949139812e-08
leaf_weight=29 4810 88 23 23 1077 43 20 28 27 27 21 27 21 35 309 41 24 27 22 23 108 20
leaf_count=29 4810 88 23 23 1077 43 20 28 27 27 21 27 21 35 309 41 24 27 22 23 108 20
internal_value=-4.09303e-15 4.46228e-07 3.41269e-07 4.09514e-07 3.38764e-07 2.78487e-07 1.06286e-06 8.39034e-07 -3.88131e-07 -1.17234e-07 -1.0804e-07 9.56165e-07 2.51472e-06 -1.30717e-07 -1.18976e-07 4.05005e-07 3.42008e-08 2.03535e-06 1.34651e-06 1.0386e-06 -1.56267e-07 7.8668e-07
internal_weight=6873 1430 1222 1199 1149 1120 208 188 55 5443 5416 113 42 5303 5268 350 71 50 133 111 4918 47
internal_count=6873 1430 1222 1199 1149 1120 208 188 55 5443 5416 113 42 5303 5268 350 71 50 133 111 4918 47
is_linear=0
shrinkage=0.05


Tree=78
num_leaves=27
num_cat=0
split_feature=2 23 4 4 24 6 25 16 2 5 1 5 1 23 8 20 5 18 9 6 2 8 26 18 6 23
split_gain=1.337e-07 5.82616e-08 5.73343e-08 5.76175e-08 8.3384e-08 6.96427e-08 8.12419e-08 7.44285e-08 4.9937e-08 5.65706e-08 9.25732e-08 9.13193e-08 1.17481e-07 6.57014e-08 5.05503e-08 3.21344e-08 3.06668e-08 2.32759e-08 2.10681e-08 3.44656e-08 1.54334e-08 3.00427e-08 2.05613e-08 1.2634e-08 1.006e-08 7.91308e-09
threshold=109.50000000000001 647.50000000000011 5.5000000000000009 7.5000000000000009 0.0004506238748571625 0.00078558000000000002 0.00075189565443834589 964.80000000000007 233.50000000000003 10.15 856.25000000000011 15.950000000000001 898.10000000000014 880.50000000000011 238.25064773721266 0.00065290000000000009 7.5500000000000007 0.00078274500000000016 38.6701895283705 0.00056991500000000005 105.50000000000001 228.4487711701731 0.00030004247099267659 0.00071782500000000017 0.00038837000000000002 420.50000000000006
decision_type=2 2 2 2 2 2 2 2 2 2 2 2 2 2 2 2 2 2 2 2 2 2 2 2 2 2
left_child=1 18 8 4 -4 6 7 -5 9 10 14 12 -11 -13 -2 -12 -7 -18 20 -20 22 -22 25 -10 -24 -1
right_child=2 -3 3 5 -6 16 -8 -9 23 11 15 13 -14 -15 -16 -17 17 -19 19 -21 21 -23 24 -25 -26 -27
leaf_value=-1.5702656898303228e-07 1.3478464863757799e-06 -2.8483896454645219e-06 5.138860041142835e-07 1.988896882151738e-08 -4.0518570841641125e-06 -4.0134132177627186e-08 -3.0164008497498194e-06 1.6676772330910891e-06 2.940627875432256e-06 5.8927533654276925e-08 4.5808937784386222e-06 2.0501272075235695e-06 -3.6909055862369399e-06 -6.008122087927581e-07 4.3219735193556304e-08 1.9757052823792788e-06 1.0771878036071788e-06 3.1512335461288345e-06 2.418565562341731e-06 -2.6104705962585025e-07 -2.5307376756700252e-06 -4.5152260688775147e-08 1.0237449701752718e-06 1.3510392727766886e-06 7.4638941638205969e-08 -1.0156665735676311e-06
leaf_weight=4329 148 20 20 1119 20 20 21 73 25 413 20 95 22 31 149 29 24 31 21 28 20 31 53 25 59 27
leaf_count=4329 148 20 20 1119 20 20 21 73 25 413 20 95 22 31 149 29 24 31 21 28 20 31 53 25 59 27
internal_value=-5.67634e-15 -1.5563e-07 3.12486e-07 9.98723e-08 -1.76899e-06 1.57911e-07 6.64895e-08 1.20802e-07 6.07524e-07 5.22722e-07 1.02553e-06 2.1261e-07 -1.30719e-07 1.39791e-06 6.93337e-07 3.03905e-06 1.63651e-06 2.2462e-06 -1.4384e-07 8.87358e-07 -1.55022e-07 -1.01989e-06 -1.4515e-07 2.14583e-06 5.23769e-07 -1.62349e-07
internal_weight=6873 4588 2285 1328 40 1288 1213 1192 957 907 346 561 435 126 297 49 75 55 4568 49 4519 51 4468 50 112 4356
internal_count=6873 4588 2285 1328 40 1288 1213 1192 957 907 346 561 435 126 297 49 75 55 4568 49 4519 51 4468 50 112 4356
is_linear=0
shrinkage=0.05


Tree=79
num_leaves=19
num_cat=0
split_feature=13 14 14 14 14 14 17 0 22 22 14 22 25 6 20 21 5 22
split_gain=1.18793e-07 3.51577e-08 1.48752e-07 7.98497e-08 1.1167e-07 2.50817e-07 6.46688e-08 3.34094e-08 4.58758e-08 5.80223e-08 4.92997e-08 4.09443e-08 3.05286e-08 2.92137e-08 2.86648e-08 2.69679e-08 1.82441e-08 8.31897e-09
threshold=-0.78656609248549325 -0.99630266176052629 -0.99275805973510278 -0.98523971305672675 -0.95995996396290595 -0.96902457013955734 0.99179799185624007 928.50000000000011 827.50000000000011 876.50000000000011 0.20180702842483325 802.50000000000011 0.00033212759289415748 0.00051697000000000006 0.00070749000000000018 916.50000000000011 14.250000000000002 909.50000000000011
decision_type=2 2 2 2 2 2 2 2 2 2 2 2 2 2 2 2 2 2
left_child=1 16 -3 -4 5 -5 -6 8 11 10 -10 12 13 -2 17 -14 -1 -11
right_child=7 2 3 4 6 -7 -8 -9 9 14 -12 -13 15 -15 -16 -17 -18 -19
leaf_value=2.4878466355933902e-06 -1.3643714017732047e-07 -3.9223600356308455e-06 2.9722631279582857e-06 4.1322714069893771e-07 3.3799265769456959e-07 -6.3162891092360954e-06 1.4535276852972849e-06 -1.861003833828026e-06 6.5914377685095095e-07 1.3181012327044705e-06 4.0852251697201394e-06 -1.8235339562774502e-06 3.5839131338315897e-07 -1.7282245576568349e-06 -1.3782449116206409e-06 -1.296790640026302e-06 5.3826954967917121e-07 -2.7315590784837696e-08
leaf_weight=30 4753 20 30 45 1118 20 147 27 21 27 21 35 460 29 24 26 20 20
leaf_count=30 4753 20 30 45 1118 20 147 27 21 27 21 35 460 29 24 26 20 20
internal_value=-1.31827e-15 4.05549e-07 3.58358e-07 4.2131e-07 3.6377e-07 -1.65739e-06 4.67624e-07 -1.06547e-07 -9.78006e-08 8.99082e-07 2.37218e-06 -1.19043e-07 -1.07718e-07 -1.4609e-07 2.76696e-08 2.69842e-07 1.70802e-06 7.45583e-07
internal_weight=6873 1430 1380 1360 1330 65 1265 5443 5416 113 42 5303 5268 4782 71 486 50 47
internal_count=6873 1430 1380 1360 1330 65 1265 5443 5416 113 42 5303 5268 4782 71 486 50 47
is_linear=0
shrinkage=0.05


Tree=80
num_leaves=23
num_cat=0
split_feature=2 15 15 15 24 14 14 17 15 24 2 5 14 26 5 22 15 20 22 20 26 19
split_gain=1.13025e-07 1.91217e-07 8.71692e-08 1.40629e-07 8.12211e-08 7.16493e-08 7.88625e-08 2.65558e-08 6.76204e-08 5.78971e-08 5.29451e-08 3.43123e-08 1.77811e-08 2.09785e-08 2.06625e-08 1.7175e-08 1.11655e-08 1.09107e-08 1.01106e-08 9.72865e-09 1.72885e-08 1.32811e-08
threshold=117.50000000000001 -0.99983123799342477 -0.97111920233974802 -0.96234030595689413 0.00068954845129393083 0.99966190462023474 0.99865421017599998 0.97706638747441221 0.63255009372278048 0.00051645546050845556 109.50000000000001 9.2500000000000018 0.13398903995667991 0.00064527107422591361 10.450000000000001 788.50000000000011 -0.99465740988130902 0.00035983000000000006 916.50000000000011 0.00057234000000000007 0.00049366878401483803 0.00045395500000000008
decision_type=2 2 2 2 2 2 2 2 2 2 2 2 2 2 2 2 2 2 2 2 2 2
left_child=4 -2 12 15 7 6 -5 19 9 10 -9 -10 13 16 -14 -4 -3 -13 -15 20 21 -1
right_child=1 2 3 5 -6 -7 -8 8 11 -11 -12 17 14 18 -16 -17 -18 -19 -20 -21 -22 -23
leaf_value=-1.6040683791536024e-07 -4.5590273248308219e-06 1.9337354437162992e-07 -1.6635436413992012e-06 2.9348515245685008e-07 -3.2368170780370877e-06 -2.5374780420861501e-06 3.1219383527059112e-06 -1.1617481638861235e-07 3.1791585973484909e-07 -2.0494061942599731e-06 2.1050191406857267e-06 1.7573164228679163e-06 3.0784995469730347e-06 2.421331190259568e-06 1.1321888254656188e-06 -3.7356809818334118e-06 1.0832933037142078e-06 3.3709096070114443e-06 1.0843406139079329e-06 8.9783483397034373e-07 -1.6229491052399681e-06 5.4379988194555429e-07
leaf_weight=4351 20 65 20 1731 21 22 25 166 27 32 32 20 25 31 30 20 77 22 26 22 20 68
leaf_count=4351 20 65 20 1731 21 22 25 166 27 32 32 20 25 31 30 20 77 22 26 22 20 68
internal_value=-4.14706e-15 3.06523e-07 3.53488e-07 2.32267e-07 -1.34124e-07 2.98227e-07 3.33754e-07 -1.20436e-07 3.35735e-07 -7.61105e-08 2.42806e-07 1.70855e-06 1.22112e-06 1.00119e-06 2.01688e-06 -2.69961e-06 6.75936e-07 2.60253e-06 1.81148e-06 -1.51011e-07 -1.56209e-07 -1.4957e-07
internal_weight=6873 2092 2072 1818 4781 1778 1756 4760 299 230 198 69 254 199 55 40 142 42 57 4461 4439 4419
internal_count=6873 2092 2072 1818 4781 1778 1756 4760 299 230 198 69 254 199 55 40 142 42 57 4461 4439 4419
is_linear=0
shrinkage=0.05


Tree=81
num_leaves=24
num_cat=0
split_feature=11 15 15 2 18 5 16 15 26 1 15 15 17 25 15 17 17 13 26 21 1 18 26
split_gain=1.05964e-07 7.00659e-08 1.26672e-07 1.06196e-07 1.15644e-07 9.89069e-08 6.62892e-08 1.91209e-07 7.37007e-08 1.19027e-07 6.02892e-08 3.73053e-07 1.75703e-07 1.28072e-07 7.44013e-08 3.53851e-08 6.40043e-08 5.78391e-08 5.37531e-08 4.83996e-08 6.75995e-08 3.42463e-08 3.39424e-08
threshold=45.265625000000007 0.22491561436810906 0.29137697329261131 118.50000000000001 0.00040528500000000007 9.6500000000000004 922.47000000000014 -0.69676771491221523 0.00066501223656836189 487.05000000000007 -0.68432604233786842 -0.65883892954715351 0.84368460989301031 0.00030128044581446755 -0.85225707553516283 0.97452269190847207 0.99966540723221564 -0.70710678118654757 0.00028728970058987841 798.50000000000011 683.05000000000007 0.00053712500000000017 0.00047104223526006948
decision_type=2 2 2 2 2 2 2 2 2 2 2 2 2 2 2 2 2 2 2 2 2 2 2
left_child=6 3 -3 4 -2 -6 8 -8 15 -10 13 -12 -13 -5 -15 19 17 -17 -18 21 -21 -1 -4
right_child=1 2 22 10 5 -7 7 -9 9 -11 11 12 -14 14 -16 16 18 -19 -20 20 -22 -23 -24
leaf_value=-1.3555992626820081e-07 1.6274557174750477e-06 4.7281441189065496e-06 1.928667873366626e-06 4.0443303434805227e-06 3.2310542693543857e-08 -4.1430518182538877e-06 -2.2803992855474896e-06 3.6373716674722221e-06 6.0038646097382299e-07 -4.7291762929159056e-06 -6.176851583523271e-06 3.8677598860720698e-06 4.5400455228540116e-08 2.34208403045468e-07 1.5015100941562025e-06 2.3175015553533742e-06 -3.950481420223983e-09 4.2696360366083764e-07 -2.8744962178063274e-06 -3.9171162961793016e-06 1.8815584231409352e-08 4.2513226130333795e-07 -4.5631786926086148e-07
leaf_weight=5007 23 26 26 29 23 37 21 39 20 22 23 33 338 368 169 55 73 153 21 20 24 288 35
leaf_count=5007 23 26 26 29 23 37 21 39 20 22 23 33 338 368 169 55 73 153 21 20 24 288 35
internal_value=-3.56617e-15 4.42594e-07 1.80582e-06 3.28883e-07 -1.38697e-06 -2.5425e-06 -8.70853e-08 1.56615e-06 -1.0454e-07 -2.19129e-06 4.77233e-07 2.3194e-09 3.85395e-07 8.07826e-07 6.33043e-07 -8.9003e-08 4.37534e-07 9.26865e-07 -6.45243e-07 -1.18787e-07 -1.77024e-06 -1.05063e-07 5.60233e-07
internal_weight=6873 1130 87 1043 83 60 5743 60 5683 42 960 394 371 566 537 5641 302 208 94 5339 44 5295 61
internal_count=6873 1130 87 1043 83 60 5743 60 5683 42 960 394 371 566 537 5641 302 208 94 5339 44 5295 61
is_linear=0
shrinkage=0.05


Tree=82
num_leaves=24
num_cat=0
split_feature=11 24 24 2 14 2 26 14 3 16 14 22 0 8 14 14 24 1 0 20 14 14 3
split_gain=9.56321e-08 6.17561e-08 1.74656e-07 8.06092e-08 6.81671e-08 6.20148e-08 1.27686e-07 1.40305e-07 6.20035e-08 5.9826e-08 1.39102e-07 7.90683e-08 5.38427e-08 5.02721e-08 4.01442e-08 1.13767e-07 6.60312e-08 3.47701e-08 1.12554e-07 6.66732e-08 4.55879e-08 5.89787e-08 5.19636e-08
threshold=45.265625000000007 0.00031071311120463931 0.00018573527440514969 268.50000000000006 0.71503381463111937 119.50000000000001 0.00047319919515740108 0.96465729447553372 25.950000000000003 922.47000000000014 0.71503381463111937 775.50000000000011 670.50000000000011 236.497761277433 0.95998215779580554 0.70290292807158616 0.0006591994033307056 693.55000000000007 690.50000000000011 0.00070488000000000007 0.41398981800788198 0.21862473630160603 18.750000000000004
decision_type=2 2 2 2 2 2 2 2 2 2 2 2 2 2 2 2 2 2 2 2 2 2 2
left_child=9 2 -2 5 -4 6 13 -8 -5 11 -11 17 -13 -3 15 -7 -16 18 19 -1 21 -19 -22
right_child=1 3 4 8 -6 14 7 -9 -10 10 -12 12 -14 -15 16 -17 -18 20 -20 -21 22 -23 -24
leaf_value=-1.0722470803170047e-07 -1.2975439231326918e-06 2.3742539816851151e-06 1.9147150834652606e-06 1.3884262841656892e-07 5.6641187417095686e-06 6.6999610073925487e-07 -3.7693619691182469e-06 1.2813786224796787e-06 -3.7511207318900799e-06 -1.3607112391582632e-06 3.5225267388990949e-06 -4.6613126519682392e-07 -3.7159698968025626e-06 -5.5530832233435589e-07 3.5597013980545203e-06 -1.2214241803704182e-06 6.0445101833185909e-08 4.4420961700097908e-07 -3.1670039569083504e-06 2.6510922907618808e-06 2.3939608041007711e-06 -2.1157097623674623e-06 4.4323745883872899e-07
leaf_weight=5239 29 32 27 20 22 745 44 20 21 25 35 26 25 27 28 89 26 60 30 22 41 36 204
leaf_count=5239 29 32 27 20 22 745 44 20 21 25 35 26 25 27 28 89 26 60 30 22 41 36 204
internal_value=-1.84286e-15 4.20464e-07 1.77794e-06 3.19815e-07 3.59812e-06 4.07955e-07 -6.4424e-07 -2.19101e-06 -1.85358e-06 -8.27311e-08 1.48784e-06 -9.93129e-08 -2.05919e-06 1.03361e-06 5.53698e-07 4.68154e-07 1.87487e-06 -8.15654e-08 -1.13105e-07 -9.56902e-08 4.078e-07 -5.1576e-07 7.69685e-07
internal_weight=6873 1130 78 1052 49 1011 123 64 41 5743 60 5683 51 59 888 834 54 5632 5291 5261 341 96 245
internal_count=6873 1130 78 1052 49 1011 123 64 41 5743 60 5683 51 59 888 834 54 5632 5291 5261 341 96 245
is_linear=0
shrinkage=0.05


Tree=83
num_leaves=31
num_cat=0
split_feature=7 23 2 22 22 2 3 22 16 17 17 14 14 5 15 3 14 26 0 22 22 26 0 22 26 4 0 24 0 3
split_gain=8.70957e-08 6.59137e-08 1.02369e-07 8.28813e-08 1.83488e-07 8.1814e-08 7.98903e-08 7.99923e-08 6.21798e-08 6.03909e-08 6.94202e-08 1.2895e-07 6.40378e-08 5.31647e-08 4.68912e-08 3.5684e-08 3.19212e-08 2.54647e-08 5.84761e-08 8.54785e-08 6.70221e-08 3.24749e-08 2.42583e-08 3.52684e-08 3.83789e-08 3.41607e-08 1.37416e-08 8.69339e-09 2.52231e-08 2.41232e-08
threshold=44.452117565242439 724.50000000000011 123.50000000000001 816.50000000000011 919.50000000000011 288.50000000000006 21.650000000000002 720.50000000000011 957.75000000000011 0.98898729732587942 0.97452269190847207 0.23537774960157334 0.85226249403558707 17.850000000000005 -0.39036009226888674 26.450000000000003 0.96465729447553372 0.00049868119142812558 616.50000000000011 557.50000000000011 484.50000000000006 0.00018836186498089464 702.50000000000011 648.50000000000011 0.00047853017035135885 25.500000000000004 681.50000000000011 0.00039322977622850659 396.50000000000006 22.450000000000003
decision_type=2 2 2 2 2 2 2 2 2 2 2 2 2 2 2 2 2 2 2 2 2 2 2 2 2 2 2 2 2 2
left_child=1 5 3 -3 -5 6 7 13 16 10 12 -12 -4 -1 15 -11 -8 21 19 20 -19 27 23 24 -23 -25 -20 28 -2 -30
right_child=17 2 9 4 -6 -7 8 -9 -10 14 11 -13 -14 -15 -16 -17 -18 18 26 -21 -22 22 -24 25 -26 -27 -28 -29 29 -31
leaf_value=-1.8962216292475387e-07 -1.3031571098790225e-07 -4.1019242885909085e-06 4.611502117907814e-08 3.017462690227798e-06 -3.1653030175350849e-06 3.9525449210486846e-06 7.6579009379737596e-07 -2.4043185979308244e-06 3.4569403127264836e-06 -9.1877798297446139e-07 1.1147947908342604e-07 -4.4574682286348313e-06 1.3237235831276572e-06 2.2391889062638604e-06 3.612094028540014e-06 1.5731527997452171e-06 2.575806036862492e-06 -2.3422046865562152e-06 1.294440672268138e-06 -4.4380092994683335e-06 1.5768822456152523e-06 1.3790267282114764e-07 1.4229633915805918e-06 8.8681427712344887e-08 1.826731663965932e-06 -2.639011652470138e-06 -3.805433356281659e-07 4.1906669525003188e-07 -2.616127216583664e-06 -2.6490848146210057e-07
leaf_weight=101 4241 24 581 21 28 20 249 33 27 20 47 23 118 29 20 51 27 24 25 21 20 866 38 24 35 22 24 70 20 24
leaf_count=101 4241 24 581 21 28 20 249 33 27 20 47 23 118 29 20 51 27 24 25 21 20 866 38 24 35 22 24 70 20 24
internal_value=-2.54185e-15 3.48949e-07 1.03e-07 -1.69463e-06 -5.15546e-07 8.21109e-07 6.86712e-07 -2.05877e-07 1.16688e-06 2.5559e-07 1.11456e-07 -1.38975e-06 2.61791e-07 3.5219e-07 1.47359e-06 8.712e-07 9.42857e-07 -9.07881e-08 -8.30224e-07 -1.81344e-06 -5.60802e-07 -7.50024e-08 1.84266e-07 1.34561e-07 2.03506e-07 -1.21587e-06 4.7404e-07 -1.33643e-07 -1.42672e-07 -1.33364e-06
internal_weight=6873 1419 933 73 49 486 466 163 303 860 769 70 699 130 91 71 276 5454 114 65 44 5340 985 947 901 46 49 4355 4285 44
internal_count=6873 1419 933 73 49 486 466 163 303 860 769 70 699 130 91 71 276 5454 114 65 44 5340 985 947 901 46 49 4355 4285 44
is_linear=0
shrinkage=0.05


Tree=84
num_leaves=31
num_cat=0
split_feature=11 15 14 2 6 3 15 15 17 19 14 17 26 2 14 7 21 20 26 3 24 26 0 11 26 24 7 0 1 2
split_gain=8.0919e-08 6.16489e-08 1.26427e-07 8.66396e-08 1.02511e-07 6.01095e-08 5.26867e-08 3.31571e-07 1.5956e-07 1.0465e-07 7.45604e-08 4.06201e-08 3.80701e-08 8.78329e-08 1.60705e-07 4.68757e-08 6.50339e-08 1.35556e-07 6.47065e-08 5.36112e-08 4.81452e-08 2.99254e-08 6.47672e-08 8.05675e-08 2.93146e-08 2.69236e-08 2.67423e-08 2.58794e-08 1.64861e-08 6.39898e-09
threshold=45.265625000000007 0.22491561436810906 0.95998215779580554 118.50000000000001 0.00043979000000000007 23.350000000000005 -0.68432604233786842 -0.65883892954715351 0.84368460989301031 0.00034037000000000005 0.54219432480460406 0.99557882484531046 0.00063707238152824143 241.50000000000003 0.83849049182116964 44.452117565242439 670.50000000000011 0.00056167000000000012 0.00056827234361075962 18.650000000000002 0.00055767581698774242 0.00049868119142812558 574.50000000000011 37.02812500000001 0.00047646225586766671 0.00031330789361642145 46.596207378756681 654.50000000000011 541.80000000000007 138.50000000000003
decision_type=2 2 2 2 2 2 2 2 2 2 2 2 2 2 2 2 2 2 2 2 2 2 2 2 2 2 2 2 2 2
left_child=12 3 5 4 -2 -3 9 -8 -9 -5 -11 -6 15 27 -15 16 18 -18 19 -1 -19 24 23 -23 26 -26 -17 -14 -20 -24
right_child=1 2 -4 6 11 -7 7 8 -10 10 -12 -13 13 14 -16 21 17 20 28 -21 -22 22 29 -25 25 -27 -28 -29 -30 -31
leaf_value=1.5950179191705622e-06 7.3805644357586673e-07 2.1038496704990863e-06 4.8449704793355245e-06 3.5969328867698402e-06 -1.4865521909366811e-06 -9.623016319093233e-07 -5.8553552346142098e-06 3.6498234866292367e-06 7.2918637208584779e-09 3.7735440720799145e-07 2.4426199312680793e-06 -4.4431556402525447e-06 -1.5619494047314219e-06 -2.5854703301814406e-06 3.3251911388462128e-06 1.6472521785069397e-06 1.7114047280604913e-06 -4.4671784098682106e-06 1.4502189095656664e-06 -1.8108547104028968e-07 -1.0393923708934813e-06 -4.6623044559405225e-07 -1.8291922373236958e-07 -4.6873450952489301e-06 2.561731282639812e-06 2.6980471933380947e-08 -9.9700524285525881e-08 -4.1055376323129169e-06 2.9359669531803585e-06 1.0818905445830752e-06
leaf_weight=62 36 31 23 30 26 33 23 33 338 488 48 21 20 23 23 22 30 20 43 135 21 26 20 20 20 22 5163 20 33 20
leaf_count=62 36 31 23 30 26 33 23 33 338 488 48 21 20 23 23 22 30 20 43 135 21 26 20 20 20 22 5163 20 33 20
internal_value=-1.71772e-16 3.86769e-07 1.66549e-06 2.80107e-07 -1.26972e-06 5.22865e-07 4.14102e-07 -2.98587e-08 3.31291e-07 7.2315e-07 5.62304e-07 -2.80759e-06 -7.61012e-08 -1.12019e-06 3.6986e-07 -6.02286e-08 5.05413e-07 -8.42657e-07 8.56011e-07 3.77891e-07 -2.71148e-06 -9.68522e-08 -1.02197e-06 -2.3015e-06 -8.16312e-08 1.234e-06 -9.22882e-08 -2.83374e-06 2.09535e-06 4.49486e-07
internal_weight=6873 1130 87 1043 83 64 960 394 371 566 536 47 5743 86 46 5657 344 71 273 197 41 5313 86 46 5227 42 5185 40 76 40
internal_count=6873 1130 87 1043 83 64 960 394 371 566 536 47 5743 86 46 5657 344 71 273 197 41 5313 86 46 5227 42 5185 40 76 40
is_linear=0
shrinkage=0.05


Tree=85
num_leaves=19
num_cat=0
split_feature=15 11 17 6 15 14 14 14 14 16 15 26 1 14 16 17 17 25
split_gain=7.54774e-08 9.20123e-08 1.13925e-07 8.88769e-08 6.09879e-08 1.25282e-07 1.20852e-07 1.04774e-07 8.89849e-08 4.96675e-08 1.51038e-07 6.28012e-08 9.44679e-08 3.48389e-08 3.17432e-08 3.01151e-08 4.64553e-08 2.28872e-08
threshold=-0.99983123799342477 45.265625000000007 0.8334630956088448 0.00025860500000000008 0.19969739736768838 0.70290292807158616 0.82414472752956958 0.54219432480460406 0.95998215779580554 922.47000000000014 -0.69676771491221523 0.00066501223656836189 487.05000000000007 0.77788564761185042 949.15000000000009 0.95920564391323726 1.0057309573050304 0.00053806001279488606
decision_type=2 2 2 2 2 2 2 2 2 2 2 2 2 2 2 2 2 2
left_child=3 9 14 -1 5 7 -7 -4 13 11 -11 15 -13 -6 -3 17 -17 -2
right_child=1 2 4 -5 8 6 -8 -9 -10 10 -12 12 -14 -15 -16 16 -18 -19
leaf_value=-1.574084592448344e-07 -8.1978362126521296e-08 1.6137712675807615e-06 3.5038027112771835e-07 -4.5214716487862459e-06 1.3172533069412871e-06 -2.9747450981814768e-06 -1.9141916815156853e-07 2.8371633364561909e-06 3.9604861380363825e-06 -2.0550632728242946e-06 3.204458263821718e-06 4.7825031742831928e-07 -4.2697479536648393e-06 -1.1908042625918826e-06 4.1011041265965504e-06 5.8105929583163185e-07 -9.2933412418005904e-07 -7.0666995865652954e-07
leaf_weight=28 5058 29 721 20 45 52 156 45 27 21 39 20 22 20 23 336 60 151
leaf_count=28 5058 29 721 20 45 52 156 45 27 21 39 20 22 20 23 336 60 151
internal_value=-3.9438e-15 1.38955e-08 4.28682e-07 -1.97577e-06 3.17206e-07 2.00974e-07 -8.87251e-07 4.96471e-07 1.54775e-06 -6.73611e-08 1.36363e-06 -8.25655e-08 -2.0088e-06 5.45543e-07 2.71394e-06 -6.81316e-08 3.52212e-07 -1.00087e-07
internal_weight=6873 6825 1118 48 1066 974 208 766 92 5707 60 5647 42 65 52 5605 396 5209
internal_count=6873 6825 1118 48 1066 974 208 766 92 5707 60 5647 42 65 52 5605 396 5209
is_linear=0
shrinkage=0.05


Tree=86
num_leaves=21
num_cat=0
split_feature=2 15 15 15 14 14 22 14 17 15 7 6 3 22 23 7 17 14 27 17
split_gain=6.89004e-08 1.5137e-07 8.09275e-08 1.24239e-07 6.03223e-08 1.26102e-07 5.60574e-08 1.77945e-08 1.59477e-08 1.7791e-08 1.52404e-08 2.75977e-08 2.17367e-08 1.47183e-08 1.4227e-08 1.23101e-08 1.18338e-08 1.18182e-08 1.02905e-08 6.44617e-09
threshold=109.50000000000001 -0.99983123799342477 -0.97111920233974802 -0.96234030595689413 -0.99630266176052629 -0.99275805973510278 690.50000000000011 0.20180702842483325 0.88156082354646959 -0.99465740988130902 53.674036994083139 0.00050526000000000011 22.350000000000005 788.50000000000011 472.50000000000006 57.842416749406382 0.82398527834959245 0.58481550752069722 6.8333333333333348 0.79745276082266048
decision_type=2 2 2 2 2 2 2 2 2 2 2 2 2 2 2 2 2 2 2 2
left_child=6 -2 7 13 18 -6 10 8 16 -10 11 -1 -13 -4 15 17 -3 -12 -5 -17
right_child=1 2 3 4 5 -7 -8 -9 9 -11 14 12 -14 -15 -16 19 -18 -19 -20 -21
leaf_value=2.1508145081162141e-06 -4.1064528977585723e-06 1.073479887908792e-06 -1.6445813093923791e-06 1.2649728186412783e-06 -3.1731045581295803e-06 2.0743437211638908e-07 -2.7530523348673343e-06 2.52542217140217e-06 1.0294654941844784e-07 1.1248256094039503e-06 -6.9058216381346857e-08 9.385658327119018e-07 -1.2729422815027647e-06 -3.5628045904445575e-06 -1.0745867484729388e-06 -1.3635584935564546e-07 2.5156586575576511e-06 1.6292387067551316e-06 2.6031593665720722e-06 3.2738317684686315e-08
leaf_weight=21 20 33 20 51 28 1866 20 20 68 114 21 25 20 20 38 3760 25 20 20 663
leaf_count=21 20 33 20 51 28 1866 20 20 68 114 21 25 20 20 38 3760 25 20 20 663
internal_value=-1.27602e-15 2.24324e-07 2.62565e-07 1.5494e-07 2.11095e-07 1.57458e-07 -1.11722e-07 1.09252e-06 9.73112e-07 7.43025e-07 -1.00158e-07 6.54127e-07 -4.43267e-08 -2.60369e-06 -1.11216e-07 -1.03015e-07 1.69511e-06 7.59379e-07 1.64193e-06 -1.11009e-07
internal_weight=6873 2285 2265 2005 1965 1894 4588 260 240 182 4568 66 45 40 4502 4464 58 41 71 4423
internal_count=6873 2285 2265 2005 1965 1894 4588 260 240 182 4568 66 45 40 4502 4464 58 41 71 4423
is_linear=0
shrinkage=0.05


Tree=87
num_leaves=19
num_cat=0
split_feature=13 14 14 14 14 14 17 0 11 18 14 3 25 18 11 18 18 3
split_gain=6.54793e-08 2.98407e-08 1.17928e-07 7.38267e-08 9.71674e-08 1.68623e-07 4.83325e-08 2.9629e-08 2.70276e-08 4.36647e-08 7.87863e-08 4.37649e-08 3.55888e-08 6.65982e-08 5.66957e-08 3.11215e-08 2.11288e-08 1.7697e-08
threshold=-0.78656609248549325 -0.99630266176052629 -0.99275805973510278 -0.98523971305672675 -0.95244167294248061 -0.96463499255812291 0.99179799185624007 928.50000000000011 49.421875000000007 0.00039966500000000006 0.70290292807158616 25.550000000000004 0.00050016939967352601 0.00063531500000000012 47.162500000000009 0.00070991500000000009 0.00063816500000000011 26.250000000000004
decision_type=2 2 2 2 2 2 2 2 2 2 2 2 2 2 2 2 2 2
left_child=1 17 -3 -4 5 -5 -6 8 12 -10 11 -11 15 -14 -15 16 -2 -1
right_child=7 2 3 4 6 -7 -8 -9 9 10 -12 -13 13 14 -16 -17 -18 -19
leaf_value=2.4047991714199343e-06 -7.6674968753167886e-08 -3.5538557767722523e-06 2.7665258812703541e-06 1.1665827556002609e-07 2.5339222888574172e-07 -4.8358170943174628e-06 1.2214106047398151e-06 -1.7313187198750609e-06 2.6926256168735565e-06 2.5342500080682839e-06 -2.1714333578184497e-06 3.1645124573521112e-07 -3.56132594601734e-06 1.0773018188111908e-06 -2.1165878299219306e-06 1.8427095645685248e-06 -1.1897283909177554e-06 5.2196207604993112e-07
leaf_weight=26 5045 20 30 55 1104 25 146 27 20 26 29 154 21 33 24 21 43 24
leaf_count=26 5045 20 30 55 1104 25 146 27 20 26 29 154 21 33 24 21 43 24
internal_value=-3.27882e-15 3.01093e-07 2.57616e-07 3.13667e-07 2.5834e-07 -1.43099e-06 3.66457e-07 -7.91039e-08 -7.08672e-08 4.6072e-07 2.47141e-07 6.368e-07 -9.43362e-08 -1.15429e-06 -2.67494e-07 -7.81536e-08 -8.60817e-08 1.50104e-06
internal_weight=6873 1430 1380 1360 1330 80 1250 5443 5416 229 209 180 5187 78 57 5109 5088 50
internal_count=6873 1430 1380 1360 1330 80 1250 5443 5416 229 209 180 5187 78 57 5109 5088 50
is_linear=0
shrinkage=0.05


Tree=88
num_leaves=22
num_cat=0
split_feature=15 7 6 15 8 15 14 17 17 15 16 20 1 19 15 15 16 23 19 0 5
split_gain=6.16297e-08 7.44823e-08 7.40468e-08 5.8802e-08 7.40205e-08 7.25233e-08 5.68786e-08 2.1392e-08 4.61118e-08 4.65753e-08 3.7911e-08 2.16711e-08 1.8677e-08 1.78367e-08 1.74558e-08 3.36887e-08 1.63848e-08 4.48898e-08 2.67215e-08 1.30733e-08 5.13961e-09
threshold=-0.99983123799342477 44.452117565242439 0.00025860500000000008 -0.97507822412530132 271.78126056529027 -0.96234030595689413 0.9916835347852474 0.96598130769356716 1.0057309573050304 0.097680735332368748 435.35000000000002 0.00022519500000000006 767.50000000000011 0.00053709000000000016 -0.99864786094873803 -0.99465740988130902 766.53000000000009 665.50000000000011 0.00053709000000000016 654.50000000000011 8.0500000000000025
decision_type=2 2 2 2 2 2 2 2 2 2 2 2 2 2 2 2 2 2 2 2 2
left_child=2 3 -1 13 5 -5 -7 16 9 12 20 -11 -9 -2 -15 -16 17 19 -18 -3 -10
right_child=1 7 -4 4 -6 6 -8 8 10 11 -12 -13 -14 14 15 -17 18 -19 -20 -21 -22
leaf_value=-1.2561342665711502e-07 2.6161869311636109e-06 -8.9746014077303337e-08 -4.1089751198342131e-06 -1.8539567596083847e-06 -2.7993424396299815e-06 4.2817969790547835e-07 -9.9479982903479453e-07 3.6182919868200013e-07 -6.2144560011099459e-07 5.0117551182057361e-07 -2.6791580125634919e-06 2.1014646067360084e-06 -8.2635404254460818e-07 2.3606780164949933e-06 -3.5399613287674063e-07 1.3769347152373591e-06 1.9173774481154959e-06 -1.8674357947803504e-06 -3.4950354137645964e-07 -1.2595489588799562e-06 4.7212868619930132e-07
leaf_weight=28 20 4923 20 39 20 1103 75 191 22 34 21 56 40 21 42 85 26 36 26 24 21
leaf_count=28 20 4923 20 39 20 1103 75 191 22 34 21 56 40 21 42 85 26 36 26 24 21
internal_value=-2.72768e-15 1.25563e-08 -1.78535e-06 3.36976e-07 2.1777e-07 2.67352e-07 3.37583e-07 -7.15413e-08 2.87683e-07 5.32016e-07 -9.37803e-07 1.49691e-06 1.56083e-07 1.2147e-06 1.02531e-06 8.04501e-07 -9.90093e-08 -1.08223e-07 7.83937e-07 -9.54212e-08 -8.73744e-08
internal_weight=6873 6825 48 1405 1237 1217 1178 5420 385 321 64 90 231 168 148 127 5035 4983 52 4947 43
internal_count=6873 6825 48 1405 1237 1217 1178 5420 385 321 64 90 231 168 148 127 5035 4983 52 4947 43
is_linear=0
shrinkage=0.05


Tree=89
num_leaves=19
num_cat=0
split_feature=15 11 17 6 15 14 21 14 14 16 15 26 1 21 14 21 20 0
split_gain=5.56209e-08 6.79899e-08 1.01827e-07 6.68272e-08 5.58946e-08 1.07808e-07 1.30318e-07 1.0372e-07 9.36515e-08 4.31576e-08 1.37875e-07 5.8662e-08 8.2837e-08 3.00943e-08 2.96549e-08 2.51968e-08 1.05622e-07 3.62764e-08
threshold=-0.99983123799342477 45.265625000000007 0.8334630956088448 0.00025860500000000008 0.22491561436810906 0.70290292807158616 773.50000000000011 0.95998215779580554 0.54219432480460406 922.47000000000014 -0.69676771491221523 0.00066501223656836189 487.05000000000007 720.50000000000011 0.77788564761185042 735.50000000000011 0.00056167000000000012 603.50000000000011
decision_type=2 2 2 2 2 2 2 2 2 2 2 2 2 2 2 2 2 2
left_child=3 9 13 -1 5 8 -7 14 -4 11 -11 15 -13 -3 -6 17 -17 -2
right_child=1 2 4 -5 7 6 -8 -9 -10 10 -12 12 -14 -15 -16 16 -18 -19
leaf_value=-1.1933276401318186e-07 -6.737041567071401e-08 1.3715604769391509e-06 2.9307776646162393e-07 -3.9035264194353658e-06 1.1683113914852006e-06 1.2516177204960597e-06 -1.5765781605779603e-06 4.3574542755579944e-06 2.6440644705871822e-06 -1.9903356403682708e-06 3.0347873607985471e-06 3.9515217849839249e-07 -4.0509603546855612e-06 3.779034519538982e-06 -1.1537119490867553e-06 -6.4621765840967241e-08 -3.5962236954499258e-06 5.9233529800244704e-07
leaf_weight=28 5248 27 722 20 44 55 157 23 45 21 39 20 22 25 20 114 26 217
leaf_count=28 5248 27 722 20 44 55 157 23 45 21 39 20 22 25 20 114 26 217
internal_value=1.14562e-15 1.19285e-08 3.68481e-07 -1.69608e-06 2.6309e-07 1.5516e-07 -8.42848e-07 1.47762e-06 4.3101e-07 -5.79202e-08 1.27599e-06 -7.20931e-08 -1.93376e-06 2.529e-06 4.42679e-07 -5.81431e-08 -7.20491e-07 -4.11753e-08
internal_weight=6873 6825 1118 48 1066 979 212 87 767 5707 60 5647 42 52 64 5605 140 5465
internal_count=6873 6825 1118 48 1066 979 212 87 767 5707 60 5647 42 52 64 5605 140 5465
is_linear=0
shrinkage=0.05


Tree=90
num_leaves=19
num_cat=0
split_feature=2 15 24 14 14 15 15 13 23 26 17 17 26 26 14 14 11 26
split_gain=5.19147e-08 1.13352e-07 6.18569e-08 5.868e-08 6.30989e-08 5.90044e-08 1.07672e-07 1.59472e-08 2.50133e-08 2.47573e-08 4.84226e-08 4.66982e-08 4.19595e-08 3.77687e-08 1.80829e-08 1.43531e-08 7.90436e-09 2.81065e-09
threshold=117.50000000000001 -0.99983123799342477 0.00068954845129393083 0.99966190462023474 0.99865421017599998 -0.97111920233974802 -0.96234030595689413 -0.3794095225512602 484.50000000000006 0.00047319919515740108 0.96598130769356716 0.95974877598228381 0.0005293927921243217 0.00042011638849560857 -0.99630266176052629 -0.049434980436038223 38.975000000000009 0.0001773336334628381
decision_type=2 2 2 2 2 2 2 2 2 2 2 2 2 2 2 2 2 2
left_child=2 -2 7 4 5 15 -7 9 16 10 14 -11 -13 -12 -1 -3 17 -9
right_child=1 3 -4 -5 -6 6 -8 8 -10 11 13 12 -14 -15 -16 -17 -18 -19
leaf_value=1.4535951319907153e-06 -3.5383922947573869e-06 5.2327710188199664e-07 -2.7985875325005811e-06 -2.3246359846366844e-06 2.7680500079441116e-06 -2.4262342915903902e-06 1.9769361113531199e-07 -1.1127069832590483e-07 -1.8001222563477563e-06 6.7449878130039577e-07 7.0672185275888394e-07 -3.1621295069802126e-06 -2.8881893675353006e-07 2.9617970436778378e-06 -4.36422436918763e-08 1.2818224797841696e-06 8.1471203141903888e-07 -6.0532175658753941e-07
leaf_weight=21 20 110 21 22 25 40 1731 3927 22 38 119 24 27 22 508 144 23 29
leaf_count=21 20 110 21 22 25 40 1731 3927 22 38 119 24 27 22 508 144 23 29
internal_value=-9.56249e-16 2.0774e-07 -9.08999e-08 2.439e-07 2.71465e-07 2.40643e-07 1.38429e-07 -7.89543e-08 -1.18815e-07 1.31168e-07 2.35246e-07 -6.5234e-07 -1.64097e-06 1.05858e-06 1.57944e-08 9.53319e-07 -1.09519e-07 -1.14892e-07
internal_weight=6873 2092 4781 2072 2050 2025 1771 4760 4001 759 670 89 51 141 529 254 3979 3956
internal_count=6873 2092 4781 2072 2050 2025 1771 4760 4001 759 670 89 51 141 529 254 3979 3956
is_linear=0
shrinkage=0.05


Tree=91
num_leaves=17
num_cat=0
split_feature=11 22 25 11 16 6 11 5 15 17 21 17 23 15 2 18
split_gain=4.98505e-08 7.47578e-08 5.81017e-08 5.36062e-08 6.93786e-08 1.02611e-07 9.98045e-08 5.18993e-08 1.21367e-07 2.83016e-08 6.79773e-08 3.03592e-08 1.75847e-08 1.33335e-08 9.89578e-09 8.39049e-09
threshold=56.478125000000013 997.50000000000011 0.00044278007939447785 56.037500000000009 964.80000000000007 0.00064704500000000006 52.003125000000004 16.750000000000004 -0.67801649466304881 0.94427869787543084 928.50000000000011 0.94129205808797278 886.50000000000011 -0.96234030595689413 156.50000000000003 0.00076492500000000007
decision_type=2 2 2 2 2 2 2 2 2 2 2 2 2 2 2 2
left_child=1 3 -2 4 9 -6 -7 8 13 11 -11 -1 -9 15 -15 -4
right_child=2 -3 7 -5 5 6 -8 12 -10 10 -12 -13 -14 14 -16 -17
leaf_value=-6.4888559414881073e-08 2.9062471666153356e-06 -2.7566468288569018e-06 -8.3012253298875299e-07 -2.5394227112060654e-06 3.3667684877744594e-06 1.7308123483881176e-06 -1.6588474640235665e-06 2.9433295521579855e-06 -2.4733651907868801e-06 3.4858325937990066e-07 -1.4225889448629585e-06 -1.633991547761628e-06 1.0226251545803348e-06 1.9257225216863714e-06 7.2968240675286745e-07 5.2106551943661885e-07
leaf_weight=5514 26 25 20 21 37 49 39 22 38 821 58 31 26 21 98 27
leaf_count=5514 26 25 20 21 37 49 39 22 38 821 58 31 26 21 98 27
internal_value=4.87481e-16 -2.76469e-08 6.55868e-07 -1.72626e-08 -9.17504e-09 1.15748e-06 2.28577e-07 4.23686e-07 7.5625e-08 -3.18762e-08 2.31714e-07 -7.36608e-08 1.90295e-06 6.59129e-07 9.40748e-07 -5.39081e-08
internal_weight=6873 6595 278 6570 6549 125 88 252 204 6424 879 5545 48 166 119 47
internal_count=6873 6595 278 6570 6549 125 88 252 204 6424 879 5545 48 166 119 47
is_linear=0
shrinkage=0.05


Tree=92
num_leaves=14
num_cat=0
split_feature=15 19 19 0 16 22 20 20 4 20 22 5 27
split_gain=4.50901e-08 5.73045e-08 5.53353e-08 5.01114e-08 8.02149e-08 5.53088e-08 5.0654e-08 5.02311e-08 4.98913e-08 4.42988e-08 6.52657e-08 3.81655e-08 3.8443e-08
threshold=-0.99983123799342477 0.00061219500000000006 0.00028692500000000005 969.50000000000011 962.25000000000011 886.50000000000011 0.00067993000000000014 0.00061924000000000018 91.500000000000014 0.00014627000000000002 1000.5000000000001 23.550000000000004 35.833333333333336
decision_type=2 2 2 2 2 2 2 2 2 2 2 2 2
left_child=2 3 -1 4 5 7 -7 -2 -6 -3 11 12 -11
right_child=1 9 -4 -5 8 6 -8 -9 -10 10 -12 -13 -14
leaf_value=-9.2318435106010709e-08 -6.442137779025381e-08 2.6994820200343384e-06 -3.535801301666197e-06 -2.1207967163577292e-06 3.5482724117628094e-06 -4.0568720578448846e-08 -3.5173325365824648e-06 8.7814252271433866e-07 2.8352318085208855e-07 5.3025519823591703e-07 -2.5042153765753031e-06 2.4900787745233782e-06 -2.1651691594650044e-07
leaf_weight=28 5613 20 20 29 25 20 22 145 22 654 20 21 234
leaf_count=28 5613 20 20 29 25 20 22 145 22 654 20 21 234
internal_value=-2.36118e-15 1.07401e-08 -1.5271e-06 -4.74843e-08 -3.72011e-08 -5.38723e-08 -1.86173e-06 -4.06854e-08 2.02009e-06 3.71253e-07 3.21129e-07 3.83293e-07 3.33471e-07
internal_weight=6873 6825 48 5876 5847 5800 42 5758 47 949 929 909 888
internal_count=6873 6825 48 5876 5847 5800 42 5758 47 949 929 909 888
is_linear=0
shrinkage=0.05


Tree=93
num_leaves=17
num_cat=0
split_feature=11 0 25 14 15 5 16 21 20 15 1 18 5 14 0 8
split_gain=4.4049e-08 8.13914e-08 5.4007e-08 4.65439e-08 3.94429e-08 4.30158e-08 4.2976e-08 1.16508e-07 7.04041e-08 6.49385e-08 3.27768e-08 4.78223e-08 3.219e-08 3.66568e-08 2.68544e-08 1.55946e-08
threshold=56.478125000000013 981.50000000000011 0.00044278007939447785 -0.73354686966117377 -0.99983123799342477 15.550000000000002 964.80000000000007 836.50000000000011 0.00077006000000000004 -0.69676771491221523 890.05000000000007 0.00061284500000000021 18.350000000000005 0.83376496542330847 851.50000000000011 249.18193451645695
decision_type=2 2 2 2 2 2 2 2 2 2 2 2 2 2 2 2
left_child=1 4 -2 -4 5 -1 10 9 -9 -8 14 -12 13 15 -6 -5
right_child=2 -3 3 12 6 -7 7 8 -10 -11 11 -13 -14 -15 -16 -17
leaf_value=-1.0813235667228583e-07 2.7861569474925305e-06 -2.9951695464462873e-06 -1.4558166907363557e-06 9.7296409367047541e-07 -2.0543375100215559e-08 -3.2191703093076286e-06 5.991291389434012e-07 4.9167374221234738e-07 -2.9990758321218891e-06 3.8980000668483889e-06 2.3157481677237181e-06 -3.6336214179755191e-07 2.5559068495795147e-06 -1.5788335939248556e-06 -7.4126800503842627e-07 -4.5769552461676527e-08
leaf_weight=25 26 23 30 129 6195 20 26 52 20 35 36 31 20 20 132 53
leaf_count=25 26 23 30 129 6195 20 26 52 20 35 36 31 20 20 132 53
internal_value=1.78872e-15 -2.59884e-08 6.16524e-07 3.92673e-07 -1.55972e-08 -1.49082e-06 -5.42638e-09 8.84157e-07 -4.77979e-07 2.49192e-06 -2.39304e-08 1.07616e-06 6.42469e-07 4.53019e-07 -3.55798e-08 6.763e-07
internal_weight=6873 6595 278 252 6572 45 6527 133 72 61 6394 67 222 202 6327 182
internal_count=6873 6595 278 252 6572 45 6527 133 72 61 6394 67 222 202 6327 182
is_linear=0
shrinkage=0.05


Tree=94
num_leaves=15
num_cat=0
split_feature=2 15 24 14 14 14 15 14 1 17 15 17 15 11
split_gain=4.07747e-08 8.84035e-08 5.53744e-08 5.32725e-08 5.54465e-08 5.67406e-08 2.07432e-07 7.79342e-08 1.81935e-08 1.59634e-08 3.78113e-08 2.62896e-08 4.40942e-08 1.78771e-08
threshold=117.50000000000001 -0.99983123799342477 0.00068954845129393083 0.99966190462023474 0.99865421017599998 0.9916835347852474 0.04621408538533487 0.93845596220871974 900.6500000000002 1.0057309573050304 0.04621408538533487 0.97834756105101872 0.097680735332368748 43.109375000000007
decision_type=2 2 2 2 2 2 2 2 2 2 2 2 2 2
left_child=2 -2 8 4 5 7 -7 -3 9 11 -11 13 -13 -1
right_child=1 3 -4 -5 -6 6 -8 -9 -10 10 -12 12 -14 -15
leaf_value=-8.1574066813610206e-08 -3.1241843282714397e-06 1.673130385455876e-07 -2.6424408999792791e-06 -2.2312884869858283e-06 2.5826111177593702e-06 2.168880403353847e-06 -3.5030887457310205e-06 1.3091773419328763e-06 1.2760298541252269e-06 2.6901994445438507e-07 -2.2716606258233732e-06 -3.0417133114344478e-08 1.4938820171004999e-06 -1.0517424064696949e-06
leaf_weight=4414 20 1795 21 22 25 27 40 163 25 32 27 143 71 48
leaf_count=4414 20 1795 21 22 25 27 40 163 25 32 27 143 71 48
internal_value=-4.04737e-15 1.84107e-07 -8.05589e-08 2.16041e-07 2.42305e-07 2.13412e-07 -1.21737e-06 2.62371e-07 -6.92565e-08 -7.63594e-08 -8.93664e-07 -6.6047e-08 4.75308e-07 -9.20107e-08
internal_weight=6873 2092 4781 2072 2050 2025 67 1958 4760 4735 59 4676 214 4462
internal_count=6873 2092 4781 2072 2050 2025 67 1958 4760 4735 59 4676 214 4462
is_linear=0
shrinkage=0.05


Tree=95
num_leaves=19
num_cat=0
split_feature=11 0 25 5 15 15 5 25 24 4 7 14 14 25 23 15 2 18
split_gain=3.84427e-08 7.32767e-08 4.78816e-08 4.41679e-08 1.01381e-07 3.25585e-08 3.86621e-08 3.60011e-08 3.7044e-08 5.4858e-08 5.0353e-08 3.52825e-08 1.49025e-07 1.38085e-07 1.56544e-08 1.13222e-08 9.67008e-09 7.96748e-09
threshold=56.478125000000013 981.50000000000011 0.00044278007939447785 16.750000000000004 -0.67801649466304881 -0.99983123799342477 15.550000000000002 0.00033212759289415748 0.0004908114078720705 50.500000000000007 42.129393261406214 0.83376496542330847 0.78857998149907527 0.00072006010827437852 886.50000000000011 -0.96234030595689413 156.50000000000003 0.00076492500000000007
decision_type=2 2 2 2 2 2 2 2 2 2 2 2 2 2 2 2 2 2
left_child=1 5 -2 4 15 6 -1 8 10 -10 -7 12 -9 -13 -5 17 -17 -4
right_child=2 -3 3 14 -6 7 -8 11 9 -11 -12 13 -14 -15 -16 16 -18 -19
leaf_value=-4.388004572319915e-08 2.6188479121349073e-06 -2.8415604822879214e-06 -8.3606786006384946e-07 2.7114395537223986e-06 -2.2855805593212009e-06 1.3118300958284189e-06 -2.9932808840271719e-06 1.8458270635253379e-07 -1.3084086240672185e-07 -2.3180032777266509e-06 -6.8478592916163121e-08 3.817665493749433e-07 -2.6876930531487117e-06 4.3826403982719691e-06 8.992188952561265e-07 1.8105759861122179e-06 6.2825388665390032e-07 4.8061884269954032e-07
leaf_weight=25 26 23 20 22 38 67 20 1153 79 45 4767 346 47 23 26 21 98 27
leaf_count=25 26 23 20 22 38 67 20 1153 79 45 4767 346 47 23 26 21 98 27
internal_value=-7.72959e-16 -2.42783e-08 5.75956e-07 3.65181e-07 4.40895e-08 -1.44187e-08 -1.35472e-06 -5.17806e-09 -7.12367e-08 -9.24569e-07 -4.93473e-08 2.03565e-07 7.20852e-08 6.31144e-07 1.72982e-06 5.77388e-07 8.36899e-07 -7.96734e-08
internal_weight=6873 6595 278 252 204 6572 45 6527 4958 124 4834 1569 1200 369 48 166 119 47
internal_count=6873 6595 278 252 204 6572 45 6527 4958 124 4834 1569 1200 369 48 166 119 47
is_linear=0
shrinkage=0.05


Tree=96
num_leaves=19
num_cat=0
split_feature=6 18 23 25 26 5 25 8 3 3 7 0 14 25 5 3 27 14
split_gain=3.49495e-08 4.11206e-08 4.63102e-08 3.90051e-08 1.18289e-07 1.05305e-07 5.47771e-08 5.60364e-08 5.32042e-08 3.20506e-08 6.59066e-08 6.47626e-08 4.71357e-08 3.77455e-08 3.0964e-08 2.6505e-08 2.12824e-08 1.26729e-08
threshold=0.00078878500000000007 0.00079298500000000007 911.50000000000011 0.00075189565443834589 0.0006591994033307056 12.350000000000003 0.00072006010827437852 140.62689592947231 28.750000000000004 28.150000000000002 23.867453531484674 981.50000000000011 -0.73354686966117377 0.00066255616537437242 8.9500000000000011 23.250000000000004 4.8333333333333348 0.54219432480460406
decision_type=2 2 2 2 2 2 2 2 2 2 2 2 2 2 2 2 2 2
left_child=3 2 17 6 -5 -6 9 -8 -9 11 16 13 -12 -1 -3 -16 -11 -2
right_child=1 14 -4 4 5 -7 7 8 -10 10 12 -13 -14 -15 15 -17 -18 -19
leaf_value=-2.0868480639665845e-08 2.1943560304699921e-07 2.4483150035073913e-07 -1.553496957740208e-06 2.0221738782311153e-06 -4.0034787634095456e-07 -5.1005554966691724e-06 -7.0395013835877766e-07 4.2912292103989919e-06 7.3206151249732585e-07 1.2438592654007152e-06 -9.3643177790152302e-07 -2.8199364426958102e-06 4.402286592627866e-07 -9.0921725259818231e-07 3.6906409983809375e-06 1.3023547493363507e-06 3.2095070753798827e-06 1.844298779880254e-06
leaf_weight=6014 28 27 31 20 26 22 20 21 21 40 79 21 292 122 21 26 21 21
leaf_count=6014 28 27 31 20 26 22 20 21 21 40 79 21 292 122 21 26 21 21
internal_value=-3.00208e-15 7.44748e-07 -4.10492e-08 -1.70697e-08 -1.2085e-06 -2.55461e-06 -4.8885e-09 1.47436e-06 2.51165e-06 -1.88076e-08 3.97506e-07 -4.80179e-08 1.47085e-07 -3.85312e-08 1.59426e-06 2.36946e-06 1.92056e-06 9.15806e-07
internal_weight=6873 154 80 6719 68 48 6651 62 42 6589 432 6157 371 6136 74 47 61 49
internal_count=6873 154 80 6719 68 48 6651 62 42 6589 432 6157 371 6136 74 47 61 49
is_linear=0
shrinkage=0.05


Tree=97
num_leaves=21
num_cat=0
split_feature=26 14 14 14 3 8 4 14 14 14 14 5 14 1 0 17 6 9 17 11
split_gain=3.39679e-08 3.78083e-08 8.53271e-08 3.01111e-07 2.26053e-07 7.17263e-08 3.99398e-08 4.4892e-08 4.04332e-08 2.06651e-07 1.15336e-07 3.46356e-08 3.35679e-08 3.25315e-08 7.84653e-08 2.56085e-08 1.51533e-08 1.70319e-08 1.50642e-08 9.64896e-09
threshold=0.00018836186498089464 -0.99630266176052629 -0.95995996396290595 -0.96689237009891416 25.550000000000004 212.58762223568516 5.5000000000000009 -0.91289842852956904 0.54219432480460406 0.50557357885840837 0.61237135649459018 14.250000000000002 0.96465729447553372 860.1500000000002 769.50000000000011 0.96293748546512192 0.00050788000000000016 36.66508201347397 0.91643220058781616 39.628125000000004
decision_type=2 2 2 2 2 2 2 2 2 2 2 2 2 2 2 2 2 2 2 2
left_child=13 15 3 4 5 -3 7 11 9 -8 -10 -4 -9 14 16 18 17 19 -2 -1
right_child=1 2 6 -5 -6 -7 8 12 10 -11 -12 -13 -14 -15 -16 -17 -18 -19 -20 -21
leaf_value=-8.0206652074398484e-08 7.9737828218640058e-07 1.4642420490086688e-06 2.9742320596900148e-06 -5.9038556068676722e-06 -4.6988980072811778e-06 -9.3665647549390454e-07 -1.2599724367504044e-07 2.7585925815653396e-07 2.2966008774998289e-06 -5.3113467892274009e-06 5.4577677042342211e-08 3.6230414211373005e-07 1.4545127178367835e-06 -1.7237096229412904e-06 3.0530628566793894e-06 -3.311412672246661e-07 -1.2893818131068167e-06 1.3770513760391623e-06 2.404374751319795e-06 -1.1545862486443748e-06
leaf_weight=4303 25 92 30 26 23 47 489 855 63 20 641 22 65 30 20 20 26 20 35 21
leaf_count=4303 25 92 30 26 23 47 489 855 63 20 641 22 65 30 20 20 26 20 35 21
internal_value=-6.19786e-17 1.49209e-07 1.13166e-07 -9.08976e-07 -1.07329e-07 6.52427e-07 2.01113e-07 4.39918e-07 9.75314e-09 -3.29744e-07 2.55213e-07 1.86919e-06 3.59134e-07 -8.28073e-08 -7.15939e-08 1.21831e-06 -8.58944e-08 -7.86912e-08 1.73479e-06 -8.54245e-08
internal_weight=6873 2453 2373 188 162 139 2185 972 1213 509 704 52 920 4420 4390 80 4370 4344 60 4324
internal_count=6873 2453 2373 188 162 139 2185 972 1213 509 704 52 920 4420 4390 80 4370 4344 60 4324
is_linear=0
shrinkage=0.05


Tree=98
num_leaves=18
num_cat=0
split_feature=11 0 19 5 15 15 19 16 21 16 15 0 23 23 8 19 3
split_gain=3.25387e-08 6.46959e-08 4.00505e-08 4.06249e-08 9.35619e-08 2.85858e-08 3.64723e-08 3.24566e-08 1.02336e-07 6.29e-08 5.54807e-08 2.85778e-08 4.75745e-08 1.47056e-08 9.94642e-09 1.83414e-08 1.15829e-08
threshold=56.478125000000013 981.50000000000011 0.00048318500000000007 16.750000000000004 -0.67801649466304881 -0.99983123799342477 7.2795000000000024e-05 964.80000000000007 836.50000000000011 1028.7600000000002 -0.69676771491221523 932.50000000000011 935.50000000000011 886.50000000000011 249.18193451645695 0.00078539500000000004 32.350000000000001
decision_type=2 2 2 2 2 2 2 2 2 2 2 2 2 2 2 2 2
left_child=1 5 -2 4 14 6 -1 11 10 -10 -9 12 -7 -5 15 -4 -16
right_child=2 -3 3 13 -6 7 -8 8 9 -11 -12 -13 -14 -15 16 -17 -18
leaf_value=4.2332053453719707e-09 2.4390434018641829e-06 -2.669531275624531e-06 1.2792945199180396e-06 2.5469358399238015e-06 -2.2468656243905278e-06 -2.1472817369001742e-08 -2.8604267686205277e-06 5.2594295469204485e-07 4.7235385622457218e-07 -2.7358736918937543e-06 3.5751386128270368e-06 -1.643736792781662e-06 2.3623012252539323e-06 8.2645190020600609e-07 -6.5285448947120581e-07 -2.5778633883863562e-08 8.9050600891482647e-07
leaf_weight=25 25 23 72 23 37 6346 20 26 50 22 35 27 21 27 31 43 20
leaf_count=25 25 23 72 23 37 6346 20 26 50 22 35 27 21 27 31 43 20
internal_value=-1.98841e-15 -2.23363e-08 5.29885e-07 3.41233e-07 2.67898e-08 -1.3072e-08 -1.26895e-06 -4.41339e-09 7.68668e-07 -5.07938e-07 2.27548e-06 -2.04941e-08 -1.36105e-08 1.61787e-06 5.33568e-07 7.91311e-07 -4.76151e-08
internal_weight=6873 6595 278 253 203 6572 45 6527 133 72 61 6394 6367 50 166 115 51
internal_count=6873 6595 278 253 203 6572 45 6527 133 72 61 6394 6367 50 166 115 51
is_linear=0
shrinkage=0.05


Tree=99
num_leaves=19
num_cat=0
split_feature=6 18 23 25 2 20 2 20 25 23 11 20 21 16 21 25 5 21
split_gain=2.99873e-08 3.71495e-08 4.14872e-08 3.3825e-08 1.37035e-07 5.84915e-08 5.36113e-08 4.4891e-08 3.95527e-08 5.65436e-08 3.91249e-08 4.23751e-08 3.13796e-08 4.32241e-08 3.10269e-08 2.76258e-08 1.5993e-08 1.16313e-08
threshold=0.00078878500000000007 0.00079298500000000007 911.50000000000011 0.00075189565443834589 207.50000000000003 0.00076492500000000007 194.50000000000003 0.00077006000000000004 0.00072006010827437852 953.50000000000011 58.084375000000001 0.00078558000000000002 804.50000000000011 928.56000000000006 935.50000000000011 0.00066255616537437242 9.3500000000000032 710.50000000000011
decision_type=2 2 2 2 2 2 2 2 2 2 2 2 2 2 2 2 2 2
left_child=3 2 17 5 7 8 10 -5 9 15 11 -7 13 -8 16 -1 -3 -2
right_child=1 14 -4 4 -6 6 12 -9 -10 -11 -12 -13 -14 -15 -16 -17 -18 -19
leaf_value=-9.1416778325705128e-09 9.3841367970526335e-08 1.069593578168202e-06 -1.4885625238357828e-06 1.9535327688256236e-06 -4.4832271950803082e-06 5.9765435118854595e-07 1.3856145887984894e-06 -1.1376811670515963e-06 1.7266102119606332e-06 -2.2384495674361525e-06 1.2983488671933527e-06 -2.5424101359644305e-06 5.6228399625979365e-07 4.5041767873499345e-06 -1.2918670520212757e-07 -6.7446033914286839e-07 2.845371913506867e-06 1.6348551042710825e-06
leaf_weight=6281 25 21 31 23 21 22 25 24 32 29 36 21 25 20 21 160 32 24
leaf_count=6281 25 21 31 23 21 22 25 24 32 29 36 21 25 20 21 160 32 24
internal_value=-3.39648e-16 6.89854e-07 -5.7036e-08 -1.58115e-08 -1.12531e-06 -4.468e-09 9.75029e-07 3.75041e-07 -2.69142e-08 -3.5587e-08 8.22575e-08 -9.35866e-07 1.98259e-06 2.77164e-06 1.4973e-06 -2.56688e-08 2.14176e-06 8.48624e-07
internal_weight=6873 154 80 6719 68 6651 149 47 6502 6470 79 43 70 45 74 6441 53 49
internal_count=6873 154 80 6719 68 6651 149 47 6502 6470 79 43 70 45 74 6441 53 49
is_linear=0
shrinkage=0.05


Tree=100
num_leaves=20
num_cat=0
split_feature=26 15 19 22 15 15 26 14 22 23 21 15 15 12 14 24 12 25 19
split_gain=2.95694e-08 6.34634e-08 5.65018e-08 7.00443e-08 5.11364e-08 9.07102e-08 5.73568e-08 3.95011e-08 2.70233e-08 2.52949e-08 1.96119e-08 1.95351e-08 3.34596e-08 2.11791e-08 1.35525e-08 1.35495e-08 1.23726e-08 1.22244e-08 1.02751e-08
threshold=0.00018836186498089464 -0.99983123799342477 0.00067957500000000008 766.50000000000011 -0.97111920233974802 -0.96234030595689413 0.00078476268688999079 0.99053107487289871 754.50000000000011 647.50000000000011 766.50000000000011 -0.99465740988130902 -0.99864786094873803 -0.25881904510252113 -0.15207348400340251 0.00040350214870999893 -0.25881904510252113 0.00045042996792981829 0.00050169000000000006
decision_type=2 2 2 2 2 2 2 2 2 2 2 2 2 2 2 2 2 2 2
left_child=2 -2 3 9 11 8 7 -7 -6 10 15 12 18 -14 16 -1 -13 -16 -3
right_child=1 4 -4 -5 5 6 -8 -9 -10 -11 -12 14 13 -15 17 -17 -18 -19 -20
leaf_value=-8.4992814640993836e-08 -2.5341881382701105e-06 5.8971840395488903e-07 2.5742982256815594e-06 -2.8413502911422734e-06 -9.0599824433400592e-07 1.4931215943274622e-07 2.3390499556061796e-06 -8.5474971516985147e-07 -3.4135655689417696e-06 1.6162946291263904e-06 -1.5724780520930506e-06 -3.1000825490833534e-07 5.7870531160612403e-07 -1.2317398916041255e-06 2.3027282785343625e-06 7.7772943337999616e-07 1.2550919474766229e-06 1.1304770730541097e-06 2.1194538753068469e-06
leaf_weight=4287 22 21 20 23 21 2000 29 103 22 22 22 23 30 35 35 46 28 61 23
leaf_count=4287 22 21 20 23 21 2000 29 103 22 22 22 23 30 35 35 46 28 61 23
internal_value=-4.45782e-16 1.39213e-07 -7.72601e-08 -8.93127e-08 1.63407e-07 8.47325e-08 1.3059e-07 1.00136e-07 -2.18894e-06 -7.48514e-08 -8.33945e-08 8.31831e-07 3.24604e-07 -3.9615e-07 1.20794e-06 -7.5834e-08 5.49262e-07 1.55786e-06 1.38935e-06
internal_weight=6873 2453 4420 4400 2431 2175 2132 2103 43 4377 4355 256 109 65 147 4333 51 96 44
internal_count=6873 2453 4420 4400 2431 2175 2132 2103 43 4377 4355 256 109 65 147 4333 51 96 44
is_linear=0
shrinkage=0.05


Tree=101
num_leaves=16
num_cat=0
split_feature=17 25 20 19 25 25 27 2 14 14 17 14 14 17 23
split_gain=2.75556e-08 7.85028e-08 9.49361e-08 3.67064e-08 3.57836e-08 5.35697e-08 9.66928e-08 5.65272e-08 3.27924e-08 1.44864e-07 5.04353e-08 3.44787e-08 7.67333e-08 1.38266e-08 5.90238e-09
threshold=0.88655657882574068 0.00075189565443834589 0.00080030500000000007 0.00082175000000000011 0.0007081188164824282 0.00054090262624432062 31.500000000000004 245.50000000000003 -0.99630266176052629 -0.99275805973510278 0.98898729732587942 -0.98523971305672675 -0.95995996396290595 0.91480929556445811 644.50000000000011
decision_type=2 2 2 2 2 2 2 2 2 2 2 2 2 2 2
left_child=1 2 4 8 5 7 -7 -1 10 -10 13 -11 -13 -2 -15
right_child=3 -3 -4 -5 -6 6 -8 -9 9 11 -12 12 -14 14 -16
leaf_value=-6.8044352005596416e-08 6.588591185163751e-07 -3.0409976261580596e-06 2.9658021091449883e-06 1.9297770042361792e-06 2.0472578862040792e-06 2.8480998296284306e-07 -1.8748693125820121e-06 9.3797913021849898e-07 -3.2977218838383243e-06 1.8034565612417225e-06 -1.1097570180140793e-06 -1.7515449062900513e-06 1.8180432881684369e-07 1.7368429179389121e-06 2.8793547062377915e-06
leaf_weight=4602 20 22 26 29 20 98 110 144 31 31 20 53 1621 26 20
leaf_count=4602 20 22 26 29 20 98 110 144 31 31 20 53 1621 26 20
internal_value=3.86544e-16 -6.07808e-08 -4.76679e-08 1.64906e-07 -6.34198e-08 -7.19409e-08 -8.57328e-07 -3.75203e-08 1.36815e-07 8.96029e-08 1.08985e-06 1.51191e-07 1.20593e-07 1.7564e-06 2.23359e-06
internal_weight=6873 5022 5000 1851 4974 4954 208 4746 1822 1736 86 1705 1674 66 46
internal_count=6873 5022 5000 1851 4974 4954 208 4746 1822 1736 86 1705 1674 66 46
is_linear=0
shrinkage=0.05


Tree=102
num_leaves=21
num_cat=0
split_feature=2 23 5 19 14 19 23 21 15 14 14 4 14 21 26 20 17 9 19 27
split_gain=2.55151e-08 7.43435e-08 2.16383e-07 1.08471e-07 5.62616e-08 5.92949e-08 9.03133e-08 5.05379e-08 4.58121e-08 1.50768e-07 1.24035e-07 9.43201e-08 5.32634e-08 3.92916e-08 3.55476e-08 4.42316e-08 5.19505e-08 4.86167e-08 3.29359e-08 2.80336e-08
threshold=152.50000000000003 872.50000000000011 10.050000000000002 0.00071293000000000018 -0.98523971305672675 0.00013456500000000004 649.50000000000011 928.50000000000011 1.0000000180025095e-35 0.9916835347852474 0.94138322595482449 83.500000000000014 0.41398981800788198 791.50000000000011 0.00064855887501202066 0.00062973000000000011 0.99557882484531046 54.635561652241087 0.00060166000000000006 92.166666666666671
decision_type=2 2 2 2 2 2 2 2 2 2 2 2 2 2 2 2 2 2 2 2
left_child=1 3 -3 14 18 6 -6 -4 10 12 11 -7 -10 -5 15 17 -17 -1 -2 -12
right_child=4 2 7 13 5 8 -8 -9 9 -11 19 -13 -14 -15 -16 16 -18 -19 -20 -21
leaf_value=-4.9113093153531807e-08 3.4012294473422631e-07 2.0511294263332485e-06 -2.1200521762064177e-06 9.9766307150937128e-07 -1.4456614920803718e-07 2.9586020907187272e-07 4.1191171555471127e-06 -5.3761796772794863e-06 -1.2769195722685525e-06 -3.467160568844348e-06 1.4861746026636783e-06 -1.0793459866451773e-06 3.5506444788058486e-07 4.0213236848969595e-06 -2.100092219084867e-06 1.6256274904534408e-06 -1.0824157149490139e-06 -2.4597056750846625e-06 2.8373428192700827e-06 3.557009527045151e-06
leaf_weight=5226 23 26 26 22 27 764 23 22 67 37 44 149 197 21 21 77 23 21 31 26
leaf_count=5226 23 26 26 22 27 764 23 22 67 37 44 149 197 21 21 77 23 21 31 26
internal_value=1.07956e-16 -4.84621e-08 -1.62254e-06 -2.69353e-08 1.91509e-07 1.27462e-07 1.81673e-06 -3.61244e-06 6.16805e-08 -4.78043e-07 2.26947e-07 7.1429e-08 -5.91133e-08 2.47433e-06 -4.69715e-08 -3.8908e-08 1.00278e-06 -5.8761e-08 1.77371e-06 2.25534e-06
internal_weight=6873 5485 74 5411 1388 1334 50 48 1284 301 983 913 264 43 5368 5347 100 5247 54 70
internal_count=6873 5485 74 5411 1388 1334 50 48 1284 301 983 913 264 43 5368 5347 100 5247 54 70
is_linear=0
shrinkage=0.05


Tree=103
num_leaves=16
num_cat=0
split_feature=11 0 25 14 1 18 22 16 6 23 23 1 0 3 22
split_gain=2.52199e-08 5.39005e-08 3.93255e-08 3.40593e-08 2.62938e-08 4.77213e-08 2.13281e-08 4.0287e-08 9.85615e-08 2.92046e-08 1.75836e-08 4.62422e-08 4.45612e-08 1.21103e-08 9.3485e-09
threshold=56.478125000000013 981.50000000000011 0.00044015300728353558 -0.73354686966117377 890.05000000000007 0.00061284500000000021 987.00000000000011 964.80000000000007 0.00064704500000000006 785.50000000000011 880.50000000000011 852.00000000000011 953.50000000000011 33.650000000000013 890.50000000000011
decision_type=2 2 2 2 2 2 2 2 2 2 2 2 2 2 2
left_child=1 4 -2 -4 6 -6 7 9 -9 -1 12 13 14 -12 -5
right_child=2 -3 3 10 5 -7 -8 8 -10 -11 11 -13 -14 -15 -16
leaf_value=-6.6828818124197303e-09 2.3583006513945292e-06 -2.4359262249123753e-06 -1.3021160725656957e-06 8.4689614985628795e-07 2.1855861142228151e-06 -4.2968951509630475e-07 -1.575757710270409e-06 3.2690932570744739e-06 -2.6227511795422033e-08 -4.7337827556754147e-07 1.7293352236523745e-07 -2.0753854619215419e-06 3.1251738892024148e-06 1.2453505280227082e-06 -4.4514706479233048e-07
leaf_weight=6015 25 23 30 42 37 33 22 32 78 355 81 20 20 39 21
leaf_count=6015 25 23 30 42 37 33 22 32 78 355 81 20 20 39 21
internal_value=2.0804e-15 -1.96645e-08 4.66502e-07 2.79566e-07 -1.12084e-08 9.5267e-07 -2.15854e-08 -1.63089e-08 9.32411e-07 -3.26918e-08 4.92348e-07 1.5049e-07 1.06898e-06 5.21469e-07 4.16215e-07
internal_weight=6873 6595 278 253 6572 70 6502 6480 110 6370 223 140 83 120 63
internal_count=6873 6595 278 253 6572 70 6502 6480 110 6370 223 140 83 120 63
is_linear=0
shrinkage=0.05


Tree=104
num_leaves=19
num_cat=0
split_feature=13 14 14 14 14 14 19 14 5 15 25 25 21 23 11 26 7 21
split_gain=2.35417e-08 3.17324e-08 8.3371e-08 5.48598e-08 1.12034e-07 2.19854e-07 4.76976e-08 3.47904e-08 1.73564e-08 1.39913e-08 1.22101e-08 1.86749e-08 1.90646e-08 1.46276e-08 1.44884e-08 1.09302e-08 9.61396e-09 6.93806e-09
threshold=-0.3794095225512602 -0.99630266176052629 -0.99275805973510278 -0.98523971305672675 -0.95995996396290595 -0.96689237009891416 0.00057926500000000014 0.21862473630160603 15.250000000000002 1.0000000180025095e-35 0.00040788276083072132 0.00028981150124017893 648.50000000000011 530.50000000000011 41.865625000000001 0.00025008399285915227 53.162958385954276 626.50000000000011
decision_type=2 2 2 2 2 2 2 2 2 2 2 2 2 2 2 2 2 2
left_child=1 8 -3 6 5 -5 -4 -6 9 -1 11 12 15 -14 -13 17 -16 -2
right_child=10 2 3 4 7 -7 -8 -9 -10 -11 -12 14 13 -15 16 -17 -18 -19
leaf_value=8.0045890688878882e-07 -7.8630561773853079e-08 -2.3025275633396332e-06 5.1184746653096667e-07 -2.360769495781925e-07 4.1296829394437119e-07 -5.3803910338535426e-06 3.56008202591814e-06 1.0346483924959979e-08 -2.1675808143516494e-07 2.2367101034130129e-06 -1.060353445741531e-06 1.5136047863961721e-06 -1.6020727691233738e-06 -7.8311891879171278e-08 9.6588539041217055e-07 8.85116962384321e-07 -4.3885977365564169e-07 6.4930148937492058e-07
leaf_weight=39 4058 36 33 90 865 27 21 1413 21 30 31 32 36 28 21 30 29 33
leaf_count=39 4058 36 33 90 865 27 21 1413 21 30 31 32 36 28 21 30 29 33
internal_value=-1.18098e-15 1.19553e-07 8.61494e-08 1.21263e-07 8.57285e-08 -1.42323e-06 1.69727e-06 1.6323e-07 1.04186e-06 1.42492e-06 -7.1626e-08 -6.44429e-08 -7.90848e-08 -9.35427e-07 6.82829e-07 -6.57856e-08 1.51133e-07 -7.27587e-08
internal_weight=6873 2575 2485 2449 2395 117 54 2278 90 69 4298 4267 4185 64 82 4121 50 4091
internal_count=6873 2575 2485 2449 2395 117 54 2278 90 69 4298 4267 4185 64 82 4121 50 4091
is_linear=0
shrinkage=0.05


Tree=105
num_leaves=18
num_cat=0
split_feature=15 1 26 15 23 15 17 3 17 1 15 15 8 3 16 8 9
split_gain=2.36584e-08 4.00234e-08 3.98629e-08 2.61706e-08 4.09085e-08 3.07407e-08 5.07823e-08 5.04985e-08 2.19482e-08 2.29563e-08 1.80337e-08 2.81234e-08 1.1231e-08 2.0153e-09 7.22396e-10 3.45796e-10 2.55354e-10
threshold=-0.99983123799342477 335.15000000000003 0.00078476268688999079 -0.97111920233974802 109.50000000000001 -0.96234030595689413 0.86362342112691637 25.750000000000004 1.0188627020362733 672.25000000000011 -0.99465740988130902 -0.99864786094873803 170.49118502915374 19.650000000000002 39.550000000000004 295.74347121946806 -2.6339268764671138
decision_type=2 2 2 2 2 2 2 2 2 2 2 2 2 2 2 2 2
left_child=1 -1 3 4 14 6 13 -8 9 -7 11 -6 -12 -5 16 -16 -2
right_child=2 -3 -4 5 10 8 7 -9 -10 -11 12 -13 -14 -15 15 -17 -18
leaf_value=1.1406612289631215e-07 -7.9952576470532227e-08 -2.8144919963324355e-06 1.7155532330882714e-06 -2.1146425049003238e-07 1.1661606058292288e-06 -5.6863009322547444e-08 -3.9416464314204604e-06 -5.5038030604523758e-07 -1.2664069316161073e-06 1.9507967539948449e-07 1.4133871495785139e-06 -4.0519841687926475e-07 6.4242408420178707e-07 4.2315673253228698e-07 -4.3879391455448056e-07 -1.4477180997118923e-07 8.4782897256620631e-08
leaf_weight=28 247 20 34 22 48 4934 21 23 35 1107 93 70 96 29 20 20 26
leaf_count=28 247 20 34 22 48 4934 21 23 35 1107 93 70 96 29 20 20 26
internal_value=-1.09431e-15 -1.10617e-06 7.77963e-09 -7.70554e-10 3.08894e-07 -3.18825e-08 -9.24358e-07 -2.16894e-06 -1.79284e-08 -1.06951e-08 7.18989e-07 2.33998e-07 1.02179e-06 1.49399e-07 -9.33394e-08 -2.91783e-07 -6.42635e-08
internal_weight=6873 48 6825 6791 620 6171 95 44 6076 6041 307 118 189 51 313 40 273
internal_count=6873 48 6825 6791 620 6171 95 44 6076 6041 307 118 189 51 313 40 273
is_linear=0
shrinkage=0.05


Tree=106
num_leaves=12
num_cat=0
split_feature=6 15 1 26 15 23 15 6 6 14 16
split_gain=2.21302e-08 2.10888e-08 3.61212e-08 3.08391e-08 2.19913e-08 3.52596e-08 2.74506e-08 4.80866e-08 2.28632e-08 1.73246e-08 6.51962e-10
threshold=0.00082834000000000011 -0.99983123799342477 335.15000000000003 0.00078476268688999079 -0.97111920233974802 109.50000000000001 -0.96234030595689413 0.00030069500000000007 0.00081085500000000019 0.20180702842483325 39.550000000000004
decision_type=2 2 2 2 2 2 2 2 2 2 2
left_child=1 2 -1 4 5 10 7 -6 -8 -7 -3
right_child=-2 3 -4 -5 6 9 8 -9 -10 -11 -12
leaf_value=1.0836281977130318e-07 1.2364347321004568e-06 -6.1050311215185104e-08 -2.6737674077281783e-06 1.5494043320352092e-06 -5.7446104999796018e-08 5.5942466213275991e-07 -1.5699811689379378e-08 -2.4200494918301107e-06 -1.6304947419857026e-06 1.9612317790536813e-06 -2.7719372170054157e-07
leaf_weight=28 36 273 20 32 62 270 6033 33 22 24 40
leaf_count=28 36 273 20 32 62 270 6033 33 22 24 40
internal_value=-3.72901e-16 -6.51041e-09 -1.05086e-06 8.73403e-10 -6.46017e-09 2.80659e-07 -3.47986e-08 -8.7814e-07 -2.15669e-08 6.73858e-07 -8.86725e-08
internal_weight=6873 6837 48 6789 6757 607 6150 95 6055 294 313
internal_count=6873 6837 48 6789 6757 607 6150 95 6055 294 313
is_linear=0
shrinkage=0.05


Tree=107
num_leaves=15
num_cat=0
split_feature=18 18 24 19 2 11 25 3 16 21 22 20 19 18
split_gain=1.94242e-08 5.26135e-08 3.2417e-08 2.86895e-08 2.82101e-08 3.68662e-08 2.75545e-08 4.17417e-08 2.98404e-08 9.36991e-08 4.03962e-08 2.41848e-08 2.30337e-08 7.31612e-09
threshold=0.00078878500000000007 0.00078043500000000011 0.00072945381651665596 0.00057216000000000005 160.50000000000003 48.800000000000004 0.00075916684973125717 26.650000000000002 964.80000000000007 872.50000000000011 928.50000000000011 0.00065642500000000009 0.0006978650000000001 0.00080360000000000013
decision_type=2 2 2 2 2 2 2 2 2 2 2 2 2 2
left_child=1 2 6 -2 -5 -6 8 -8 10 -10 -1 -7 -4 -13
right_child=3 -3 12 4 5 11 7 -9 9 -11 -12 13 -14 -15
leaf_value=-1.0805190148943452e-08 -1.1164394984255275e-06 -1.8438676788398367e-06 2.2699678696041633e-06 2.1531903477748969e-06 2.1399210917631233e-06 -1.4212702931596748e-06 3.2021112777632279e-07 -2.7962979567581157e-06 2.253986885473356e-06 -5.0388194152341679e-07 -1.881141867576436e-06 -2.3331389984026007e-07 3.1693421141830595e-07 9.6774300502033843e-07
leaf_weight=6422 22 39 26 31 24 24 21 22 57 67 29 21 36 32
leaf_count=6422 22 39 26 31 24 24 21 22 57 67 29 21 36 32
internal_value=-1.78663e-15 -1.27256e-08 -2.03476e-09 5.55215e-07 8.33824e-07 4.28869e-07 -1.26958e-08 -1.27428e-06 -4.44515e-09 7.63848e-07 -1.92132e-08 -1.04445e-07 1.13595e-06 4.91853e-07
internal_weight=6873 6719 6680 154 132 101 6618 43 6575 124 6451 77 62 53
internal_count=6873 6719 6680 154 132 101 6618 43 6575 124 6451 77 62 53
is_linear=0
shrinkage=0.05


Tree=108
num_leaves=16
num_cat=0
split_feature=11 0 25 5 15 1 18 17 14 22 14 15 18 3 1
split_gain=1.96385e-08 5.07662e-08 3.52499e-08 3.48337e-08 7.09057e-08 2.30107e-08 4.40057e-08 2.25714e-08 2.1409e-08 4.75745e-08 2.77563e-08 9.10112e-09 1.24293e-08 7.78324e-09 7.5967e-09
threshold=56.478125000000013 981.50000000000011 0.00044015300728353558 17.250000000000004 -0.67801649466304881 890.05000000000007 0.00061284500000000021 1.0188627020362733 -0.99630266176052629 238.50000000000003 -0.99275805973510278 -0.8611288361322974 0.00076492500000000007 31.550000000000004 810.30000000000007
decision_type=2 2 2 2 2 2 2 2 2 2 2 2 2 2 2
left_child=1 5 -2 4 11 7 -7 8 9 -1 -10 13 -13 -4 -5
right_child=2 -3 3 14 -6 6 -8 -9 10 -11 -12 12 -14 -15 -16
leaf_value=-7.2703038550040821e-08 2.202745421527652e-06 -2.362308655194837e-06 -3.3991613375879603e-07 9.0852125305735343e-07 -1.9519495895227198e-06 2.0764968929917224e-06 -4.3490166180245895e-07 -1.2502810054922362e-06 -8.7301422146227974e-07 1.4192331892857795e-06 -1.6200713358173962e-08 1.728083063531253e-06 2.8484742680991357e-07 5.0520858737385543e-07 2.2549422055817561e-06
leaf_weight=150 25 23 48 22 39 37 33 37 96 83 6136 26 35 63 20
leaf_count=150 25 23 48 22 39 37 33 37 96 83 6136 26 35 63 20
internal_value=-1.47962e-15 -1.73527e-08 4.11658e-07 2.34673e-07 -2.70808e-08 -9.14605e-09 8.92552e-07 -1.88537e-08 -1.1806e-08 4.58759e-07 -2.93994e-08 4.09372e-07 8.99997e-07 1.39749e-07 1.54967e-06
internal_weight=6873 6595 278 253 211 6572 70 6502 6465 233 6232 172 61 111 42
internal_count=6873 6595 278 253 211 6572 70 6502 6465 233 6232 172 61 111 42
is_linear=0
shrinkage=0.05


Tree=109
num_leaves=18
num_cat=0
split_feature=14 2 23 5 1 5 11 23 19 26 14 19 23 14 24 26 19
split_gain=1.9339e-08 2.15337e-08 6.64675e-08 1.86556e-07 1.03746e-07 8.95454e-08 6.83803e-08 5.76861e-08 7.27273e-08 5.92572e-08 4.69575e-08 5.22443e-08 8.04395e-08 5.40764e-08 1.8357e-07 3.49114e-08 2.55386e-08
threshold=0.99995780822346225 152.50000000000003 872.50000000000011 10.050000000000002 900.6500000000002 14.450000000000001 54.62187500000001 732.50000000000011 0.00064460500000000013 0.00054661041210009602 -0.98214942551678475 0.00013456500000000004 649.50000000000011 -0.95995996396290595 0.00044470161913248306 0.00010774964572960554 0.00060166000000000006
decision_type=2 2 2 2 2 2 2 2 2 2 2 2 2 2 2 2 2
left_child=1 2 4 -4 7 -6 -5 8 -1 -9 16 12 -12 14 -13 -15 -3
right_child=-2 10 3 6 5 -7 -8 9 -10 -11 11 13 -14 15 -16 -17 -18
leaf_value=-3.6973376565187979e-08 -1.4168439565291162e-06 3.3470047903257958e-07 1.8831409988706583e-06 -1.1426609660247778e-06 6.1620660484810026e-07 4.8101630864039189e-06 -4.9705752465862524e-06 -2.7376995959480738e-06 1.7588468403729214e-06 -3.2359698715082818e-07 -1.4862406277205556e-07 1.2086574897693937e-06 3.8752443742851028e-06 1.7213905983115901e-06 -5.2180978991600572e-06 7.2711077802894666e-08 2.3571392489429856e-06
leaf_weight=5169 24 27 26 20 35 20 28 39 57 73 27 25 23 33 20 1190 37
leaf_count=5169 24 27 26 20 35 20 28 39 57 73 27 25 23 33 20 1190 37
internal_value=-1.82339e-15 4.96485e-09 -3.96106e-08 -1.52794e-06 -1.91885e-08 2.14128e-06 -3.37561e-06 -4.14489e-08 -1.73864e-08 -1.16422e-06 1.81299e-07 1.17075e-07 1.70236e-06 5.45635e-08 -1.64768e-06 1.17197e-07 1.50392e-06
internal_weight=6873 6849 5467 74 5393 55 48 5338 5226 112 1382 1318 50 1268 45 1223 64
internal_count=6873 6849 5467 74 5393 55 48 5338 5226 112 1382 1318 50 1268 45 1223 64
is_linear=0
shrinkage=0.05


Tree=110
num_leaves=19
num_cat=0
split_feature=6 4 25 1 5 25 8 3 5 18 23 25 6 17 15 13 6 18
split_gain=1.99947e-08 3.14823e-08 2.97116e-08 7.55324e-08 4.8341e-08 3.42825e-08 4.50944e-08 4.49472e-08 2.64637e-08 3.1261e-08 2.55705e-08 2.40574e-08 7.01893e-08 1.12798e-07 5.4132e-08 5.32514e-08 5.04325e-08 4.11924e-08
threshold=0.00079298500000000007 26.500000000000004 0.00075189565443834589 813.50000000000011 11.950000000000001 0.00072006010827437852 140.62689592947231 28.750000000000004 7.3500000000000005 0.00079298500000000007 911.50000000000011 0.00066255616537437242 0.00069368500000000009 0.94129205808797278 -0.36648370705903521 -0.98296291314453399 0.00041787000000000004 0.00078043500000000011
decision_type=2 2 2 2 2 2 2 2 2 2 2 2 2 2 2 2 2 2
left_child=2 8 5 4 -4 11 -7 -8 -2 10 -10 15 13 -13 -14 16 -1 -17
right_child=1 -3 3 -5 -6 6 7 -9 9 -11 -12 12 14 -15 -16 17 -18 -19
leaf_value=3.1235824466917126e-06 -1.3592433748746535e-06 1.8193172017414616e-06 -7.432644292748592e-07 7.2394769073097827e-07 -4.2196503000013766e-06 -7.3223444425301368e-07 3.7411450561887164e-06 4.6979857004425005e-07 8.5877251844327212e-07 1.6043055899516685e-06 -1.6086583062111633e-06 -3.8920723200670401e-06 6.849769116493795e-07 -3.8239565139181569e-08 -1.7918084998720068e-06 -8.365593978892058e-09 5.4964422222399427e-07 -1.6596296994090443e-06
leaf_weight=22 23 38 20 34 20 21 21 21 21 38 21 34 104 43 28 6185 141 38
leaf_count=22 23 38 20 34 20 21 21 21 21 38 21 34 104 43 28 6185 141 38
internal_value=1.32339e-15 5.89273e-07 -1.23422e-08 -1.0087e-06 -2.48146e-06 -1.26816e-09 1.15957e-06 2.10547e-06 1.3547e-07 5.652e-07 -3.74943e-07 -1.23573e-08 -5.40229e-07 -1.73993e-06 1.59598e-07 4.91881e-09 8.97047e-07 -1.84488e-08
internal_weight=6873 141 6732 74 40 6658 63 42 103 80 42 6595 209 77 132 6386 163 6223
internal_count=6873 141 6732 74 40 6658 63 42 103 80 42 6595 209 77 132 6386 163 6223
is_linear=0
shrinkage=0.05


Tree=111
num_leaves=18
num_cat=0
split_feature=15 1 26 15 23 15 1 6 6 20 14 25 26 8 16 7 7
split_gain=1.85995e-08 3.177e-08 3.09437e-08 2.09896e-08 3.22455e-08 2.40782e-08 4.24508e-08 1.74641e-08 4.13605e-08 3.14578e-08 1.61084e-08 1.3921e-08 9.55577e-09 3.9135e-09 5.89692e-10 3.96713e-10 2.61647e-10
threshold=-0.99983123799342477 335.15000000000003 0.00078476268688999079 -0.97111920233974802 109.50000000000001 -0.96234030595689413 576.45000000000016 0.00079657000000000003 0.00081085500000000019 0.00078274500000000016 0.13398903995667991 0.00043083862498527475 0.00064527107422591361 92.203949671462325 39.550000000000004 90.376520929277845 92.478246296160094
decision_type=2 2 2 2 2 2 2 2 2 2 2 2 2 2 2 2 2
left_child=1 -1 3 4 14 6 13 9 -9 -7 12 -12 -6 -5 16 -16 -2
right_child=2 -3 -4 5 10 7 -8 8 -10 -11 11 -13 -14 -15 15 -17 -18
leaf_value=1.0636604628189162e-07 1.0351246923316165e-07 -2.5028213215705366e-06 1.5115370239434069e-06 -4.8009722520297213e-07 2.6824964407119869e-07 -1.1374997576024336e-08 -2.4128590016046257e-06 2.1774211025634334e-06 -2.4154355424946328e-07 -9.53250461432415e-07 1.9903551639622999e-06 5.998601515165723e-07 1.0311416232866578e-06 2.9135602168876622e-07 -4.1717975193478194e-07 -1.022538246786553e-07 -6.9351351493858523e-08
leaf_weight=28 24 20 34 35 182 5913 29 30 43 90 36 36 53 31 20 20 249
leaf_count=28 24 20 34 35 182 5913 29 30 43 90 36 36 53 31 20 20 249
internal_value=-5.39758e-16 -9.80795e-07 6.8979e-09 -6.35265e-10 2.76688e-07 -2.8498e-08 -8.18361e-07 -1.61482e-08 7.52552e-07 -2.54961e-08 6.40781e-07 1.29511e-06 4.40306e-07 -1.17748e-07 -8.04245e-08 -2.59717e-07 -5.41545e-08
internal_weight=6873 48 6825 6791 620 6171 95 6076 73 6003 307 72 235 66 313 40 273
internal_count=6873 48 6825 6791 620 6171 95 6076 73 6003 307 72 235 66 313 40 273
is_linear=0
shrinkage=0.05


Tree=112
num_leaves=20
num_cat=0
split_feature=17 20 17 15 27 14 7 14 7 9 17 17 11 21 6 23 14 26 26
split_gain=1.73782e-08 2.82849e-08 2.56699e-08 7.46279e-08 6.72758e-08 1.05495e-07 1.40955e-07 6.84586e-08 5.39624e-08 5.10943e-08 4.10273e-08 2.79078e-08 4.65916e-08 3.49215e-08 2.15127e-08 2.81005e-08 2.25096e-08 2.01038e-08 1.95363e-08
threshold=1.0133872625401985 0.00030874000000000006 0.96461151633324482 0.22491561436810906 39.833333333333336 0.84313847884979054 22.469928186234622 0.54219432480460406 42.586444662509138 50.389779895275041 0.99557882484531046 0.96060534441303547 46.646875000000009 963.50000000000011 0.00078878500000000007 987.00000000000011 0.82414472752956958 0.00023438256971017549 0.00056234532705241825
decision_type=2 2 2 2 2 2 2 2 2 2 2 2 2 2 2 2 2 2 2
left_child=2 -2 11 4 5 7 -7 -4 18 10 17 13 -13 14 15 -1 -16 -5 -6
right_child=1 -3 3 9 8 6 -8 -9 -10 -11 -12 12 -14 -15 16 -17 -18 -19 -20
leaf_value=-2.9617530031691807e-08 1.1317338474703399e-08 -2.3856319793935655e-06 7.6658443648997486e-10 7.1694088338366181e-07 3.8258507436239599e-06 -5.0898693003050134e-06 -6.2522986439716991e-07 1.9959994881209769e-06 1.0708760246649409e-07 3.7128775602468525e-06 -3.8441167921396178e-07 3.0698727922593688e-07 -2.273978183432569e-06 1.8872460159968797e-06 2.4876537187187628e-07 -1.8199500573246041e-06 1.9353821901151809e-06 2.4483954856996689e-06 1.6158568814717002e-06
leaf_weight=5828 32 20 412 30 20 22 90 48 39 20 37 34 36 24 74 22 27 38 20
leaf_count=5828 32 20 412 30 20 22 90 48 39 20 37 34 36 24 74 22 27 38 20
internal_value=2.51499e-16 -9.10586e-07 6.94187e-09 2.77665e-07 6.28058e-08 -1.26091e-07 -1.50221e-06 2.08965e-07 1.43051e-06 1.39665e-06 9.55467e-07 -2.7811e-08 -1.02037e-06 -1.61828e-08 -2.38592e-08 -3.63504e-08 6.99643e-07 1.68452e-06 2.72085e-06
internal_weight=6873 52 6821 776 651 572 112 460 79 125 105 6045 70 5975 5951 5850 101 68 40
internal_count=6873 52 6821 776 651 572 112 460 79 125 105 6045 70 5975 5951 5850 101 68 40
is_linear=0
shrinkage=0.05


Tree=113
num_leaves=19
num_cat=0
split_feature=14 2 23 5 2 5 27 19 14 15 14 14 14 5 14 18 19 18
split_gain=1.70247e-08 1.91573e-08 5.82897e-08 1.37589e-07 9.68259e-08 8.23811e-08 8.83097e-08 7.83247e-08 4.30129e-08 5.08847e-08 1.42117e-07 1.231e-07 1.02692e-07 9.89838e-08 5.50759e-08 3.38495e-08 2.33308e-08 1.88586e-08
threshold=0.99995780822346225 152.50000000000003 791.50000000000011 9.6500000000000004 140.50000000000003 15.250000000000002 5.5000000000000009 0.00072637000000000016 -0.98214942551678475 0.04621408538533487 0.9916835347852474 0.82414472752956958 0.67802080537253973 10.350000000000003 0.41398981800788198 0.00069368500000000009 0.00060166000000000006 0.00060249500000000009
decision_type=2 2 2 2 2 2 2 2 2 2 2 2 2 2 2 2 2 2
left_child=1 2 7 4 -4 6 -5 15 16 11 14 12 -10 -13 -11 17 -3 -1
right_child=-2 8 3 5 -6 -7 -8 -9 9 10 -12 13 -14 -15 -16 -17 -18 -19
leaf_value=-2.0155919938581376e-08 -1.3293662799303739e-06 3.1928745085207524e-07 3.0980930200522985e-06 -4.2710884256248777e-06 -1.4919616398856307e-06 3.2703443650916599e-07 -3.0422130635088253e-07 2.7809693451672503e-06 2.3579542321646351e-07 -1.269087828623989e-06 -3.4064314535145164e-06 -4.0625571357552342e-08 -1.5405741800029299e-06 2.5807055623030656e-06 3.6046546918555583e-07 1.6231014122299273e-06 2.2523343530436349e-06 -6.8177295764309582e-07
leaf_weight=5163 24 27 27 47 20 24 20 25 768 70 36 58 91 95 200 31 37 110
leaf_count=5163 24 27 27 47 20 24 20 25 768 70 36 58 91 95 200 31 37 110
internal_value=-6.59474e-16 4.65831e-09 -3.73856e-08 -1.05194e-06 1.14488e-06 -2.18656e-06 -3.08695e-06 -1.11127e-08 1.70978e-07 1.0951e-07 -4.55473e-07 2.80345e-07 4.76119e-08 1.587e-06 -6.20113e-08 -2.4273e-08 1.43683e-06 -3.39579e-08
internal_weight=6873 6849 5467 138 47 91 67 5329 1382 1318 306 1012 859 153 270 5304 64 5273
internal_count=6873 6849 5467 138 47 91 67 5329 1382 1318 306 1012 859 153 270 5304 64 5273
is_linear=0
shrinkage=0.05


Tree=114
num_leaves=31
num_cat=0
split_feature=3 21 1 3 3 21 17 25 5 21 1 25 19 5 21 21 25 25 16 26 5 16 16 22 9 25 25 25 3 23
split_gain=1.64381e-08 2.761e-08 6.39612e-08 3.38892e-08 2.31043e-08 2.30205e-08 7.61772e-08 1.14522e-07 8.9405e-08 7.16748e-08 4.69418e-08 4.55159e-08 3.323e-08 4.94524e-08 3.76105e-08 3.16739e-08 2.88171e-08 8.5663e-08 6.65137e-08 6.54761e-08 5.784e-08 5.57803e-08 2.14245e-08 2.57267e-08 2.02993e-08 2.87754e-08 1.77629e-08 1.66607e-08 1.79662e-08 9.88807e-09
threshold=28.050000000000004 775.50000000000011 800.25000000000011 29.250000000000004 33.95000000000001 928.50000000000011 0.95597047074488939 0.00052357139638622117 8.6500000000000004 953.50000000000011 845.45000000000016 0.00067495304033764853 0.00048673000000000005 16.550000000000004 769.50000000000011 851.50000000000011 0.00054090262624432062 0.00055558474194411977 928.56000000000006 0.0004365606590787027 12.450000000000001 853.50000000000011 962.25000000000011 816.50000000000011 44.298457943683374 0.00040114966991971335 0.00071671852856419218 0.00053016478425068746 31.550000000000004 876.50000000000011
decision_type=2 2 2 2 2 2 2 2 2 2 2 2 2 2 2 2 2 2 2 2 2 2 2 2 2 2 2 2 2 2
left_child=5 2 4 22 24 10 9 -8 -9 -7 16 -10 14 15 -12 -14 18 -18 21 -19 -20 -1 23 -3 25 -2 -26 -5 29 -29
right_child=1 3 -4 27 -6 6 7 8 11 -11 12 -13 13 -15 -16 -17 17 19 20 -21 -22 -23 -24 -25 26 -27 -28 28 -30 -31
leaf_value=-4.1083243234622876e-09 1.6894972371043574e-07 2.2900136491443848e-06 -2.7883819700491587e-06 1.3409287274415958e-06 -1.3484516358630572e-06 -9.967956577838777e-07 -3.8738296151308306e-06 2.4643473266007189e-06 -3.2625467247271449e-06 3.1855572588245283e-06 7.739524633620932e-07 -3.2884798706334099e-08 2.8653623497898868e-07 3.3099025190692731e-06 -1.9900368920389157e-06 2.316666368642473e-06 -2.6480206499330124e-06 1.1435370657485086e-06 -3.137140285818734e-09 -4.7409389354377823e-07 2.7434060811861946e-06 -1.576509522923867e-06 3.0262460131780246e-06 -2.4605999101368068e-07 1.1204456521407041e-06 -1.8632401503282381e-06 -5.015871990854933e-07 1.3163869255095052e-07 4.6518318714425904e-07 -1.3351849338084356e-06
leaf_weight=5376 135 20 20 33 24 20 32 21 20 21 32 24 83 23 20 25 39 75 36 377 41 57 20 20 86 20 21 20 105 27
leaf_count=5376 135 20 20 33 24 20 32 21 20 21 32 24 83 23 20 25 39 75 36 377 41 57 20 20 86 20 21 20 105 27
internal_value=1.26842e-15 2.61923e-07 -5.4778e-08 6.57476e-07 1.36383e-07 -2.28282e-08 -6.61526e-07 -1.42527e-06 -2.19829e-07 1.14539e-06 -8.57518e-09 -1.50091e-06 7.80288e-07 1.20479e-06 -2.8912e-07 7.56474e-07 -3.26315e-08 -3.99676e-07 7.61013e-11 -2.05682e-07 1.45931e-06 -2.06051e-08 1.69007e-06 1.02198e-06 2.72398e-07 -9.32683e-08 8.02103e-07 3.22582e-07 1.01494e-07 -7.11005e-07
internal_weight=6873 551 306 245 286 6322 138 97 65 41 6184 44 183 131 52 108 6001 491 5510 452 77 5433 60 40 262 155 107 185 152 47
internal_count=6873 551 306 245 286 6322 138 97 65 41 6184 44 183 131 52 108 6001 491 5510 452 77 5433 60 40 262 155 107 185 152 47
is_linear=0
shrinkage=0.05


Tree=115
num_leaves=16
num_cat=0
split_feature=11 0 25 5 15 1 3 25 2 20 0 25 1 25 21
split_gain=1.64279e-08 4.06555e-08 3.16066e-08 3.2378e-08 7.65879e-08 1.63188e-08 3.90126e-08 1.92066e-08 7.07806e-08 3.11781e-08 6.77517e-08 2.82242e-08 1.43397e-08 8.19987e-09 5.82329e-09
threshold=56.478125000000013 981.50000000000011 0.00044015300728353558 16.050000000000004 -0.67801649466304881 890.05000000000007 24.050000000000004 0.00075189565443834589 207.50000000000003 0.00076682000000000009 905.50000000000011 0.00072006010827437852 820.35000000000002 0.0007782154805874847 894.50000000000011
decision_type=2 2 2 2 2 2 2 2 2 2 2 2 2 2 2
left_child=1 5 -2 4 13 7 -7 9 -9 11 -11 -1 -5 14 -4
right_child=2 -3 3 12 -6 6 -8 8 -10 10 -12 -13 -14 -15 -16
leaf_value=-2.8868355079578671e-08 2.072509683785029e-06 -2.1143618695255692e-06 8.9984169103932539e-07 6.5376835430691473e-07 -2.2558503647975588e-06 -4.2956519304685313e-07 1.9312021726948712e-06 1.0738134430236339e-06 -2.901012791056701e-06 1.6281848765626388e-06 -1.5995347331183786e-06 1.8072002923136532e-06 2.289619512685888e-06 -4.7646278233060003e-07 2.3505131237833155e-07
leaf_weight=6343 25 23 56 37 34 35 35 21 24 72 21 21 21 25 80
leaf_count=6343 25 23 56 37 34 35 35 21 24 72 21 21 21 25 80
internal_value=-4.52489e-16 -1.5871e-08 3.76507e-07 2.08918e-07 -9.95653e-08 -8.52687e-09 7.50818e-07 -1.67019e-08 -1.04609e-06 -9.52791e-09 8.99345e-07 -2.28097e-08 1.24606e-06 3.55799e-07 5.08789e-07
internal_weight=6873 6595 278 253 195 6572 70 6502 45 6457 93 6364 58 161 136
internal_count=6873 6595 278 253 195 6572 70 6502 45 6457 93 6364 58 161 136
is_linear=0
shrinkage=0.05


Tree=116
num_leaves=16
num_cat=0
split_feature=6 17 20 17 25 5 20 5 18 5 1 21 6 23 1
split_gain=1.5585e-08 1.50845e-08 2.45891e-08 2.44278e-08 4.24045e-08 7.01901e-08 5.51984e-08 3.92736e-08 5.59344e-08 4.61495e-08 1.14297e-07 5.55577e-08 3.85475e-08 2.45155e-08 2.23306e-08
threshold=0.00082834000000000011 1.0133872625401985 0.00030874000000000006 0.98294275291265609 0.00075189565443834589 12.250000000000002 0.00076492500000000007 14.750000000000002 0.00028158000000000008 9.6500000000000004 864.05000000000007 804.50000000000011 0.00055855500000000018 720.50000000000011 520.85000000000014
decision_type=2 2 2 2 2 2 2 2 2 2 2 2 2 2 2
left_child=1 3 -3 4 6 -6 13 9 -9 11 -11 -5 -10 -1 -8
right_child=-2 2 -4 7 5 -7 14 8 12 10 -12 -13 -14 -15 -16
leaf_value=-1.2796829671912142e-09 1.0376043146859756e-06 5.7523085794652933e-09 -2.2291226758852648e-06 8.5167402961285767e-08 3.6069752649677256e-07 -2.6793593128524247e-06 2.509395148990734e-06 -9.0956038136590956e-07 3.819210423032582e-06 3.2428742360612335e-07 -2.3992986106637582e-06 1.8126654312744034e-06 1.1955718673697275e-06 -3.4280846524389157e-07 7.0795346179413245e-07
leaf_weight=5495 36 32 20 143 37 39 20 21 21 141 53 69 42 581 123
leaf_count=5495 36 32 20 143 37 39 20 21 21 141 53 69 42 581 123
internal_value=-4.97169e-16 -5.46347e-09 -8.53815e-07 1.03826e-09 -2.54308e-08 -1.19933e-06 -1.1085e-08 3.41084e-07 1.3252e-06 1.37474e-07 -4.19785e-07 6.47419e-07 2.07012e-06 -3.39374e-08 9.59903e-07
internal_weight=6873 6837 52 6785 6295 76 6219 490 84 406 194 212 63 6076 143
internal_count=6873 6837 52 6785 6295 76 6219 490 84 406 194 212 63 6076 143
is_linear=0
shrinkage=0.05


Tree=117
num_leaves=16
num_cat=0
split_feature=14 13 17 14 14 14 25 25 21 1 11 26 17 26 7
split_gain=1.50814e-08 1.66377e-08 2.89714e-08 4.25833e-08 7.04597e-08 4.63217e-08 1.23526e-08 1.69364e-08 1.77677e-08 1.69983e-08 1.61232e-08 9.75356e-09 8.7258e-09 9.94377e-09 8.06164e-09
threshold=0.99995780822346225 -0.3794095225512602 1.0188627020362733 -0.99630266176052629 -0.99275805973510278 -0.98523971305672675 0.00040788276083072132 0.00028981150124017893 648.50000000000011 684.95000000000016 41.865625000000001 0.00025008399285915227 0.91643220058781616 0.00044374303062393565 53.162958385954276
decision_type=2 2 2 2 2 2 2 2 2 2 2 2 2 2 2
left_child=1 2 3 12 -5 -6 7 8 11 -10 -9 -3 -1 -14 -12
right_child=-2 6 -4 4 5 -7 -8 10 9 -11 14 -13 13 -15 -16
leaf_value=5.6007320381468162e-07 -1.2511962242574746e-06 -5.6318136017809515e-08 -1.7015832342663503e-06 -2.1133364769967658e-06 1.5630637350825425e-06 8.2042113299981907e-08 -1.05040260346949e-06 1.5632896414048916e-06 -4.8536540108920415e-08 -1.6790526153658214e-06 8.5802160720320554e-07 8.4854514471525524e-07 7.5148848715062266e-07 2.1432852906166253e-06 -4.2832512086721997e-07
leaf_weight=32 24 4077 22 36 54 2368 31 31 31 33 21 30 21 33 29
leaf_count=32 24 4077 22 36 54 2368 31 31 31 33 21 30 21 33 29
internal_value=-6.12253e-16 4.38439e-09 1.05066e-07 1.20689e-07 8.24252e-08 1.15062e-07 -5.5935e-08 -4.86846e-08 -6.25908e-08 -8.89271e-07 6.67395e-07 -4.97085e-08 1.21433e-06 1.60203e-06 1.11941e-07
internal_weight=6873 6849 2566 2544 2458 2422 4283 4252 4171 64 81 4107 86 54 50
internal_count=6873 6849 2566 2544 2458 2422 4283 4252 4171 64 81 4107 86 54 50
is_linear=0
shrinkage=0.05


Tree=118
num_leaves=20
num_cat=0
split_feature=15 6 19 19 2 14 18 1 18 18 2 9 21 0 2 6 2 23 9
split_gain=1.59207e-08 2.79682e-08 2.06098e-08 5.39708e-08 4.99492e-08 5.29973e-08 5.00289e-08 4.32179e-08 4.07181e-08 3.9094e-08 8.85629e-08 5.55385e-08 5.024e-08 4.07212e-08 3.23794e-08 2.72139e-08 2.21688e-08 1.23037e-08 9.83943e-09
threshold=-0.99983123799342477 0.00025860500000000008 0.00072637000000000016 0.00071982000000000014 181.50000000000003 0.54219432480460406 0.00053712500000000017 730.10000000000014 0.00074650500000000006 0.00078043500000000011 233.50000000000003 70.729311908826915 872.50000000000011 928.50000000000011 153.50000000000003 0.00072882500000000011 128.50000000000003 798.50000000000011 74.781373722236921
decision_type=2 2 2 2 2 2 2 2 2 2 2 2 2 2 2 2 2 2 2
left_child=1 -1 3 9 5 14 -6 15 -9 11 -11 13 -13 -2 -4 -8 -7 -18 -16
right_child=2 -3 4 -5 6 16 7 8 -10 10 -12 12 -14 -15 18 -17 17 -19 -20
leaf_value=1.1261944796408281e-07 -2.4194108191922362e-09 -2.3354770496553104e-06 -1.4770503087545098e-06 -2.288926608483822e-06 -2.5259598305638065e-06 9.933239780444826e-07 2.1317033408443175e-06 -2.6723424165690329e-06 1.5814491521100369e-07 -2.9611795512072136e-06 1.1924353830614738e-06 2.3936718632641084e-06 -6.3093750668485882e-08 -1.7126896588186875e-06 2.4218250743791831e-07 2.3624971540377429e-07 1.9543832985662102e-06 3.6872083683192614e-06 1.314256569285913e-06
leaf_weight=28 6219 20 21 26 20 29 22 24 27 33 21 46 38 35 49 136 21 20 38
leaf_count=28 6219 20 21 26 20 29 22 24 27 33 21 46 38 35 49 136 21 20 38
internal_value=-3.87613e-17 -9.07421e-07 6.38186e-09 -1.54984e-08 3.51413e-07 9.79681e-07 -1.36935e-07 9.168e-08 -1.17385e-06 -6.25108e-09 -1.34588e-06 5.16265e-09 1.28228e-06 -1.19908e-08 2.85098e-07 5.00174e-07 2.05132e-06 2.79966e-06 7.10445e-07
internal_weight=6873 48 6825 6418 407 178 229 209 51 6392 54 6338 84 6254 108 158 70 41 87
internal_count=6873 48 6825 6418 407 178 229 209 51 6392 54 6338 84 6254 108 158 70 41 87
is_linear=0
shrinkage=0.05


Tree=119
num_leaves=16
num_cat=0
split_feature=11 22 11 25 16 3 18 23 2 11 19 25 7 18 17
split_gain=1.45683e-08 4.2217e-08 3.80624e-08 2.85475e-08 2.60824e-08 4.84611e-08 3.70925e-08 2.67184e-08 5.36063e-08 5.04293e-08 2.08892e-08 2.87682e-08 2.55015e-08 1.80435e-08 1.20254e-08
threshold=56.478125000000013 997.50000000000011 56.037500000000009 0.00044015300728353558 964.80000000000007 21.350000000000005 0.00075618000000000007 785.50000000000011 237.50000000000003 42.93437500000001 0.00060166000000000006 0.00064168694323259395 21.162751577311308 0.00075618000000000007 0.99179799185624007
decision_type=2 2 2 2 2 2 2 2 2 2 2 2 2 2 2
left_child=1 2 4 -2 7 -6 -7 8 -1 -9 -5 -12 14 -14 -13
right_child=3 -3 -4 10 5 6 -8 9 -10 -11 11 12 13 -15 -16
leaf_value=-1.2995077717429986e-08 1.9663964394567301e-06 -2.0657258828578051e-06 -2.1324076012011314e-06 -1.0926183124736003e-06 2.5062164146722103e-06 1.312228038741745e-06 -6.7466899023119461e-07 -1.5853720960876672e-06 9.41051622449801e-07 -1.3082390657065593e-07 1.7969814715949423e-06 2.7088218294878927e-07 -1.7349077289999023e-06 7.904335466617278e-08 1.4625220409505767e-06
leaf_weight=5908 25 25 21 28 29 41 55 75 151 290 30 114 26 29 26
leaf_count=5908 25 25 21 28 29 41 55 75 151 290 30 114 26 29 26
internal_value=1.1858e-16 -1.49457e-08 -7.14211e-09 3.54557e-07 -3.27246e-10 7.14999e-07 1.73902e-07 -1.42463e-08 1.07813e-08 -4.29704e-07 1.95284e-07 3.55557e-07 1.33799e-07 -7.78461e-07 4.92187e-07
internal_weight=6873 6595 6570 278 6549 125 96 6424 6059 365 253 225 195 55 140
internal_count=6873 6595 6570 278 6549 125 96 6424 6059 365 253 225 195 55 140
is_linear=0
shrinkage=0.05


Tree=120
num_leaves=24
num_cat=0
split_feature=15 5 15 23 15 1 13 25 14 19 2 2 14 5 15 15 19 8 25 16 7 7 7
split_gain=1.42993e-08 2.90875e-08 1.86542e-08 2.82667e-08 2.81712e-08 4.93513e-08 1.69655e-08 4.08719e-08 5.63911e-08 4.68816e-08 1.70836e-08 1.80572e-08 1.56529e-08 1.97861e-08 8.14423e-09 1.97649e-08 9.95479e-09 3.50422e-09 2.12973e-09 5.37628e-10 3.57488e-10 2.33723e-10 4.49819e-15
threshold=-0.99983123799342477 15.550000000000002 -0.97111920233974802 109.50000000000001 -0.96234030595689413 576.45000000000016 -0.9159756150367534 0.0005213296286234781 0.92602006027323147 0.00058204500000000011 329.00000000000006 216.50000000000003 0.13398903995667991 10.450000000000001 -0.99864786094873803 -0.99465740988130902 0.00050169000000000006 92.203949671462325 0.00045042996792981829 39.550000000000004 90.376520929277845 92.478246296160094 101.82111155020696
decision_type=2 2 2 2 2 2 2 2 2 2 2 2 2 2 2 2 2 2 2 2 2 2 2
left_child=1 -1 3 19 5 17 7 8 -6 -9 11 -8 14 -14 16 -16 -5 -4 -15 21 -21 -2 -23
right_child=2 -3 4 12 6 -7 10 9 -10 -11 -12 -13 13 18 15 -17 -18 -19 -20 20 -22 22 -24
leaf_value=1.8028054617401171e-07 1.0528346917245319e-07 -2.3163264006598186e-06 -4.4860046021507777e-07 3.0111467879123667e-07 3.4757281901983332e-07 -2.5515291713418266e-06 -2.4691623494304657e-08 -2.437275670672534e-06 2.14376992954823e-06 3.5687955219537146e-08 1.4202917443384423e-06 -4.8834768402024548e-07 2.1772126018504422e-06 8.7399414795186213e-07 -3.9802383373049635e-07 6.544575857366416e-07 1.7424752701592059e-06 2.8139935411232848e-07 1.443136585876914e-07 -3.8948642369973648e-07 -9.0534967966959812e-08 -5.8778299593210582e-08 -5.8029502270073865e-08
leaf_weight=28 24 20 35 25 229 30 5104 20 54 459 20 219 32 20 71 120 23 31 20 20 20 22 227
leaf_count=28 24 20 35 25 229 30 5104 20 54 459 20 219 32 20 71 120 23 31 20 20 20 22 227
internal_value=4.44008e-16 -8.59972e-07 6.04816e-09 2.66631e-07 -2.0174e-08 -8.70037e-07 -6.81005e-09 2.13902e-07 6.9031e-07 -6.75673e-08 -3.82872e-08 -4.37675e-08 6.04235e-07 1.25051e-06 4.0954e-07 2.63221e-07 9.91767e-07 -1.05722e-07 5.09154e-07 -6.88161e-08 -2.40011e-07 -4.37327e-08 -5.80957e-08
internal_weight=6873 48 6825 624 6201 96 6105 762 283 479 5343 5323 311 72 239 191 48 66 40 313 40 273 249
internal_count=6873 48 6825 624 6201 96 6105 762 283 479 5343 5323 311 72 239 191 48 66 40 313 40 273 249
is_linear=0
shrinkage=0.05


Tree=121
num_leaves=17
num_cat=0
split_feature=14 21 14 21 14 5 1 14 22 14 1 14 0 14 4 5
split_gain=1.37203e-08 6.0148e-08 3.80255e-08 6.21083e-08 1.86882e-08 9.3839e-08 5.30168e-08 4.61046e-08 4.5073e-08 3.0898e-08 1.53719e-07 8.37574e-08 1.1156e-07 2.49324e-08 1.16298e-08 3.68574e-09
threshold=0.99966190462023474 505.50000000000006 0.99907018497641664 145.50000000000003 0.9916835347852474 16.550000000000004 517.50000000000011 0.99700008544936913 340.50000000000006 0.98522604642031408 520.85000000000014 0.98213580174693105 222.50000000000003 0.96465729447553372 65.500000000000014 5.3500000000000005
decision_type=2 2 2 2 2 2 2 2 2 2 2 2 2 2 2 2
left_child=2 15 4 -4 9 6 8 -8 -6 11 14 13 -13 -1 -11 -2
right_child=1 -3 3 -5 5 -7 7 -9 -10 10 -12 12 -14 -15 -16 -17
leaf_value=-4.5181054674564276e-09 -2.2780834160585074e-07 -3.0168341913849876e-06 -1.1046296849924277e-07 3.537675100915294e-06 -8.7489734996956001e-09 -3.7150847344946674e-06 -2.6193141806629683e-06 4.0609754819342931e-07 2.4697504554318411e-06 4.0520410539939585e-07 4.4832258857280505e-06 -4.5198365228316109e-08 -4.9345403220968365e-06 5.4205261520486923e-07 -7.0309430508108951e-07 6.1471569734708159e-07
leaf_weight=6129 25 20 28 20 145 20 34 20 21 56 23 28 20 216 41 27
leaf_count=6129 25 20 28 20 145 20 34 20 21 56 23 28 20 216 41 27
internal_value=-3.68024e-16 -6.86591e-07 7.26872e-09 1.40959e-06 -2.69894e-09 -4.36001e-07 -1.37903e-07 -1.49879e-06 3.04796e-07 1.3268e-08 8.08156e-07 -1.6525e-09 -2.08242e-06 1.40886e-08 -6.32519e-08 2.09656e-07
internal_weight=6873 72 6801 48 6753 240 220 54 166 6513 120 6393 48 6345 97 52
internal_count=6873 72 6801 48 6753 240 220 54 166 6513 120 6393 48 6345 97 52
is_linear=0
shrinkage=0.05


Tree=122
num_leaves=22
num_cat=0
split_feature=17 25 20 15 15 17 14 14 27 12 6 15 24 14 17 15 22 2 24 17 5
split_gain=1.36082e-08 5.65e-08 5.77884e-08 2.99938e-08 5.33825e-08 4.73408e-08 3.5459e-08 2.93672e-08 2.87823e-08 6.87874e-08 7.79955e-08 4.41231e-08 7.66409e-08 3.5191e-08 2.81509e-08 8.10495e-08 3.03981e-08 2.60492e-08 2.57782e-08 2.11848e-08 1.82907e-08
threshold=0.88655657882574068 0.00075189565443834589 0.00080030500000000007 0.91245913578114801 0.22491561436810906 1.0057309573050304 0.95998215779580554 0.78857998149907527 53.500000000000007 -0.25881904510252113 0.00053311500000000013 0.080547328232315238 0.00050222355003430011 0.23537774960157334 0.8767488667011748 0.011826144619637555 888.50000000000011 98.500000000000014 0.00050923492149978426 0.93459818332452382 8.3500000000000032
decision_type=2 2 2 2 2 2 2 2 2 2 2 2 2 2 2 2 2 2 2 2 2
left_child=1 2 14 4 8 6 7 -6 11 10 -10 13 -13 -2 16 20 18 -5 -1 -11 -16
right_child=3 -3 -4 17 5 -7 -8 -9 9 19 -12 12 -14 -15 15 -17 -18 -19 -20 -21 -22
leaf_value=-1.7487896952459992e-08 2.1241141265856988e-07 -2.5710196919962158e-06 2.3195130928308157e-06 2.6052233351947509e-07 1.038372750842829e-06 -1.3208638507992513e-06 2.4794413450633461e-06 -4.9749847544501933e-07 6.6232526406008137e-07 6.3297026058093154e-07 -3.0696671555709879e-06 -9.6830791427410521e-08 -3.7962743710923387e-06 -3.3072334329583001e-07 1.2705608168874147e-06 -3.2115934724667265e-06 1.3998924382699566e-06 -2.1020958746882052e-06 -6.6483769024244487e-07 2.1988384956043944e-06 -5.4403360474136604e-07
leaf_weight=4689 862 22 26 20 172 24 35 38 42 36 21 42 21 456 21 27 37 28 159 54 41
leaf_count=4689 862 22 26 20 172 24 35 38 42 36 21 42 21 456 21 27 37 28 159 54 41
internal_value=9.412e-16 -4.27132e-08 -3.15886e-08 1.15886e-07 1.48727e-07 7.9842e-07 1.00602e-06 7.60453e-07 3.47973e-08 6.85483e-07 -5.81672e-07 -3.72917e-08 -1.32998e-06 2.44983e-08 -4.38783e-08 -9.25131e-07 -2.78227e-08 -1.11767e-06 -3.8719e-08 1.57249e-06 7.05871e-08
internal_weight=6873 5022 5000 1851 1803 269 245 210 1534 153 63 1381 63 1318 4974 89 4885 48 4848 90 62
internal_count=6873 5022 5000 1851 1803 269 245 210 1534 153 63 1381 63 1318 4974 89 4885 48 4848 90 62
is_linear=0
shrinkage=0.05


Tree=123
num_leaves=17
num_cat=0
split_feature=14 2 23 27 25 14 14 17 14 14 24 19 18 18 19 14
split_gain=1.29033e-08 1.42437e-08 4.7059e-08 7.65818e-08 6.07582e-08 4.44621e-08 5.86913e-08 4.04376e-08 3.95444e-08 4.30428e-08 1.41137e-07 3.89523e-08 2.73548e-08 2.66102e-08 2.03272e-08 1.58489e-08
threshold=0.99995780822346225 152.50000000000003 791.50000000000011 7.166666666666667 0.00069681105718388044 0.95998215779580554 0.73865729060996166 0.42951662130809792 -0.98214942551678475 -0.95995996396290595 0.00044470161913248306 0.00013456500000000004 0.00068453500000000011 0.00063816500000000011 0.00061219500000000006 -0.9905448150984083
decision_type=2 2 2 2 2 2 2 2 2 2 2 2 2 2 2 2
left_child=1 2 4 5 12 6 -4 -3 15 10 -10 -11 13 -1 -14 -9
right_child=-2 7 3 -5 -6 -7 -8 8 9 11 -12 -13 14 -15 -16 -17
leaf_value=-1.976297902257624e-08 -1.1573251534002794e-06 2.2264673727635375e-06 -1.3437939836125772e-06 1.2910405886638427e-06 2.5557107105471562e-06 3.3338584728426216e-07 -4.3960180803315739e-06 6.2042921041772986e-07 1.0895546874962749e-06 1.5873387089709997e-06 -4.4706299940160193e-06 5.5907269197647623e-08 9.7108820574205655e-08 -1.2545461893089603e-06 2.2487074305820936e-06 2.2268057323669512e-06
leaf_weight=5218 24 23 63 30 23 24 21 34 25 43 21 1208 21 44 23 28
leaf_count=5218 24 23 63 30 23 24 21 34 25 43 21 1208 21 44 23 28
internal_value=7.98899e-16 4.05545e-09 -3.21978e-08 -9.43789e-07 -8.59117e-09 -1.56458e-06 -2.10685e-06 1.47468e-07 1.12283e-07 5.33132e-08 -1.44879e-06 1.08546e-07 -1.97067e-08 -3.0088e-08 1.22181e-06 1.34589e-06
internal_weight=6873 6849 5467 138 5329 108 84 1382 1359 1297 46 1251 5306 5262 44 62
internal_count=6873 6849 5467 138 5329 108 84 1382 1359 1297 46 1251 5306 5262 44 62
is_linear=0
shrinkage=0.05


Tree=124
num_leaves=8
num_cat=0
split_feature=6 22 23 23 9 0 0
split_gain=1.28884e-08 1.35536e-08 2.53771e-08 4.70871e-08 2.64096e-08 2.79935e-08 2.38817e-08
threshold=0.00082834000000000011 1000.5000000000001 1003.5000000000001 981.50000000000011 75.184002745712988 868.00000000000011 928.50000000000011
decision_type=2 2 2 2 2 2 2
left_child=1 2 3 4 6 -6 -1
right_child=-2 -3 -4 -5 5 -7 -8
leaf_value=9.3239957374037875e-10 9.4357764276588174e-07 -9.7257692838563035e-07 1.5902419227131762e-06 -1.9822138635087566e-06 2.4672172054351906e-06 3.9490940760732553e-07 -8.6820884341420885e-07
leaf_weight=6558 36 36 25 30 20 88 80
leaf_count=6558 36 36 25 30 20 88 80
internal_value=-1.76072e-16 -4.96838e-09 1.53503e-10 -5.71312e-09 3.07654e-09 7.7867e-07 -9.54234e-09
internal_weight=6873 6837 6801 6776 6746 108 6638
internal_count=6873 6837 6801 6776 6746 108 6638
is_linear=0
shrinkage=0.05


Tree=125
num_leaves=15
num_cat=0
split_feature=11 22 23 23 25 14 0 16 26 23 1 14 11 25
split_gain=1.29032e-08 4.86094e-08 2.45509e-08 4.35351e-08 2.40768e-08 2.64477e-08 2.32709e-08 6.57632e-08 5.22245e-08 1.86638e-08 3.31454e-08 2.84614e-08 8.80615e-09 4.02159e-09
threshold=57.112500000000004 1000.5000000000001 1003.5000000000001 981.50000000000011 0.00050815714420566474 -0.73354686966117377 932.50000000000011 964.80000000000007 0.00053731291720059344 880.50000000000011 813.50000000000011 0.1051661082335764 63.034375000000004 0.00069292071768410212
decision_type=2 2 2 2 2 2 2 2 2 2 2 2 2 2
left_child=1 2 3 6 -2 -6 7 -1 -8 10 13 12 -11 -7
right_child=4 -3 -4 -5 5 9 8 -9 -10 11 -12 -13 -14 -15
leaf_value=-1.013088139560284e-08 1.9393230486870877e-06 -2.3592404638541418e-06 1.662453723838553e-06 -2.1362758786835913e-06 -1.4396691355500481e-06 7.7233004689829119e-07 5.7438755389270117e-07 1.5094105975776984e-06 -2.2253182022622141e-06 7.4064601946972568e-08 2.7789107787157264e-06 -1.6362935085789149e-06 1.0562243412068436e-06 -2.0731167225562787e-07
leaf_weight=6432 22 22 22 24 22 22 31 72 36 74 20 21 33 20
leaf_count=6432 22 22 22 24 22 22 31 72 36 74 20 21 33 20
internal_value=1.85993e-15 -1.28618e-08 -5.06065e-09 -1.06232e-08 3.64913e-07 2.01531e-07 -2.85949e-09 6.69061e-09 -9.29932e-07 3.91565e-07 1.1036e-06 4.6672e-08 3.76974e-07 3.05834e-07
internal_weight=6873 6639 6617 6595 234 212 6571 6504 67 190 62 128 107 42
internal_count=6873 6639 6617 6595 234 212 6571 6504 67 190 62 128 107 42
is_linear=0
shrinkage=0.05


Tree=126
num_leaves=19
num_cat=0
split_feature=15 5 26 15 23 15 14 9 18 20 5 25 14 5 5 16 8 9
split_gain=1.23134e-08 2.55783e-08 2.33194e-08 1.63114e-08 2.38267e-08 2.20276e-08 7.61618e-08 9.6545e-08 2.68941e-08 2.48381e-08 4.77914e-08 4.51517e-08 1.53729e-08 1.78424e-08 7.49169e-09 5.03068e-10 2.80054e-10 1.86569e-10
threshold=-0.99983123799342477 15.550000000000002 0.00078476268688999079 -0.97111920233974802 109.50000000000001 -0.93543596745397617 0.31799963745711152 22.561051314123336 0.00057629000000000003 0.00078274500000000016 10.15 0.00072006010827437852 0.13398903995667991 10.450000000000001 8.4500000000000011 39.550000000000004 295.74347121946806 -2.6339268764671138
decision_type=2 2 2 2 2 2 2 2 2 2 2 2 2 2 2 2 2 2
left_child=1 -1 3 4 15 6 8 -8 -5 11 -11 -7 14 -14 -6 17 -17 -2
right_child=2 -3 -4 5 12 9 7 -9 -10 10 -12 -13 13 -15 -16 16 -18 -19
leaf_value=1.7746133126804256e-07 -5.2576619513318823e-08 -2.1637062522472662e-06 1.3117989799879713e-06 -3.3297491584875405e-07 1.7965048441151578e-08 -7.689689895792531e-09 -2.0118078378590537e-07 -4.701646266043595e-06 9.5523327269004277e-07 7.23614875548237e-07 -1.6384242249174708e-06 1.1089630734711196e-06 2.0757395290615933e-06 4.9172943357156389e-07 5.9323001203941722e-07 -3.6133117503389656e-07 -9.6730399086197856e-08 8.8234086730993181e-08
leaf_weight=28 247 20 34 234 95 5654 26 22 49 33 61 92 32 40 140 20 20 26
leaf_count=28 247 20 34 234 95 5654 26 22 49 33 61 92 32 40 140 20 20 26
internal_value=2.83238e-16 -7.98025e-07 5.61248e-09 -9.27103e-10 2.43545e-07 -2.54892e-08 -4.22286e-07 -2.26389e-06 -1.09928e-07 -2.99957e-09 -8.09198e-07 1.01892e-08 5.5652e-07 1.19573e-06 3.60676e-07 -6.34299e-08 -2.29031e-07 -3.91661e-08
internal_weight=6873 48 6825 6791 620 6171 331 48 283 5840 94 5746 307 72 235 313 40 273
internal_count=6873 48 6825 6791 620 6171 331 48 283 5840 94 5746 307 72 235 313 40 273
is_linear=0
shrinkage=0.05


Tree=127
num_leaves=21
num_cat=0
split_feature=17 14 3 15 14 11 4 7 17 14 14 17 1 21 17 23 23 25 26 1
split_gain=1.20001e-08 4.9657e-08 7.34367e-08 5.49376e-08 9.97382e-08 7.28271e-08 7.00487e-08 8.09269e-08 5.26804e-08 4.96657e-08 5.09286e-08 2.24061e-08 6.15787e-08 2.82661e-08 4.25919e-08 2.90791e-08 2.61535e-08 3.47826e-08 2.11881e-08 6.84216e-09
threshold=0.96461151633324482 -0.95995996396290595 26.950000000000003 -0.16799793862756093 0.84313847884979054 51.065625000000004 21.500000000000004 22.469928186234622 1.0057309573050304 -0.91978325482952472 0.54219432480460406 0.96060534441303547 771.70000000000016 944.50000000000011 0.93459818332452382 987.00000000000011 948.50000000000011 0.00075189565443834589 0.00020697457026859964 732.55000000000007
decision_type=2 2 2 2 2 2 2 2 2 2 2 2 2 2 2 2 2 2 2 2
left_child=11 2 19 4 9 8 7 -6 18 -3 -11 13 -13 15 -15 16 17 -1 -5 -2
right_child=1 3 -4 5 6 -7 -8 -9 -10 10 -12 12 -14 14 -16 -17 -18 -19 -20 -21
leaf_value=-1.5297597219085045e-08 -4.7340850130694888e-07 2.3917950549165936e-06 -3.2739553007559155e-06 3.3174507583267697e-07 -4.4826493461197257e-06 3.6399611682706258e-06 9.3880533442407857e-07 -1.0385513262738671e-06 -1.3258052073413016e-06 3.381806404336358e-08 1.528349425132007e-06 4.470729533666504e-07 -2.5298503555148958e-06 2.8118288174606611e-06 -2.0465715374484719e-07 -1.5268933339029901e-06 1.2919343813983257e-06 -1.7221865305809086e-06 1.6955642770292745e-06 8.3446742451087639e-07
leaf_weight=5828 20 29 25 49 23 24 28 66 27 382 67 38 32 22 25 32 38 30 68 20
leaf_count=5828 20 29 25 49 23 24 28 66 27 382 67 38 32 22 25 32 38 30 68 20
internal_value=-1.21646e-15 1.78514e-07 -1.14812e-06 2.9153e-07 6.6086e-08 1.08998e-06 -1.24238e-06 -1.9286e-06 6.6498e-07 3.8636e-07 2.56833e-07 -2.44516e-08 -9.13806e-07 -1.40323e-08 1.20732e-06 -2.37158e-08 -1.55574e-08 -2.40389e-08 1.12439e-06 1.80529e-07
internal_weight=6873 828 65 763 595 168 117 89 144 478 449 6045 70 5975 47 5928 5896 5858 117 40
internal_count=6873 828 65 763 595 168 117 89 144 478 449 6045 70 5975 47 5928 5896 5858 117 40
is_linear=0
shrinkage=0.05


Tree=128
num_leaves=17
num_cat=0
split_feature=15 15 2 5 25 15 15 15 25 7 3 0 15 2 2 9
split_gain=1.18631e-08 1.40433e-08 7.37324e-08 3.48722e-08 6.45795e-08 2.87202e-08 2.57644e-08 8.09053e-08 1.13055e-07 6.76222e-08 6.91268e-08 1.74455e-08 1.63164e-08 1.10691e-08 1.03397e-08 4.26227e-09
threshold=0.98929220549296726 0.91245913578114801 175.50000000000003 23.550000000000004 0.00044751683252412089 0.53493525241775031 0.61913436964878354 0.59175731018202693 1.7239940284795594e-05 62.685165110427157 23.650000000000002 643.50000000000011 0.04621408538533487 117.50000000000001 98.500000000000014 15.614369762864852
decision_type=2 2 2 2 2 2 2 2 2 2 2 2 2 2 2 2
left_child=1 3 11 6 5 -5 7 12 -9 10 -8 13 -1 14 -3 -11
right_child=-2 2 -4 4 -6 -7 9 8 -10 15 -12 -13 -14 -15 -16 -17
leaf_value=2.7846303476734575e-08 1.1096967213575227e-06 -5.2566654825209473e-08 -3.1081147219744956e-06 -1.005213752373143e-06 3.4442133104069707e-06 1.4494161743786293e-06 1.5493299353806066e-06 -2.6048488369464654e-08 -4.9480523647105206e-06 -5.2813496855394285e-08 -1.3971029226883294e-06 -1.5621994585046652e-06 -1.8123101186038613e-07 8.4243936400163481e-07 -1.154358499602297e-06 4.0676726614532398e-07
leaf_weight=4504 24 287 22 26 21 22 148 28 20 439 23 20 1177 32 23 57
leaf_count=4504 24 287 22 26 21 22 148 28 20 439 23 20 1177 32 23 57
internal_value=-1.82295e-15 -3.88856e-09 -2.9766e-07 1.35605e-08 1.1316e-06 1.19825e-07 1.49914e-09 -3.27421e-08 -2.07688e-06 2.95604e-07 1.15303e-06 -1.26859e-07 -1.54707e-08 -4.29205e-08 -1.34313e-07 1.22792e-12
internal_weight=6873 6849 384 6465 69 48 6396 5729 48 667 171 362 5681 342 310 496
internal_count=6873 6849 384 6465 69 48 6396 5729 48 667 171 362 5681 342 310 496
is_linear=0
shrinkage=0.05


Tree=129
num_leaves=17
num_cat=0
split_feature=14 3 14 21 14 5 1 25 14 14 1 14 20 14 5 5
split_gain=1.19279e-08 5.54375e-08 3.38146e-08 5.49294e-08 1.64427e-08 8.39923e-08 4.7344e-08 5.30328e-08 3.98074e-08 2.70656e-08 1.35259e-07 7.30563e-08 9.83807e-08 2.24696e-08 8.80413e-09 3.45566e-09
threshold=0.99966190462023474 17.650000000000002 0.99907018497641664 145.50000000000003 0.9916835347852474 16.550000000000004 517.50000000000011 0.00019388092711125488 0.99700008544936913 0.98522604642031408 520.85000000000014 0.98213580174693105 0.00010766000000000002 0.93845596220871974 17.650000000000002 5.3500000000000005
decision_type=2 2 2 2 2 2 2 2 2 2 2 2 2 2 2 2
left_child=2 15 4 -4 9 6 7 -6 -8 11 14 13 -13 -1 -11 -2
right_child=1 -3 3 -5 5 -7 8 -9 -10 10 -12 12 -14 -15 -16 -17
leaf_value=-1.3091321607841534e-08 -2.0332912686171768e-07 -2.8773125904990596e-06 -1.0033233405997472e-07 3.3304959879387752e-06 -3.9459962943611894e-08 -3.5113353899085543e-06 -2.4542479742288326e-06 2.7059354442826592e-06 3.5697039379556373e-07 -3.0386727461985166e-07 4.2036625453202641e-06 -3.1806362902183795e-08 -4.6232743920882063e-06 3.5122634277921125e-07 8.7357267265275605e-07 6.1247359200125275e-07
leaf_weight=5889 25 20 28 20 146 20 34 20 20 77 23 28 20 456 20 27
leaf_count=5889 25 20 28 20 146 20 34 20 20 77 23 28 20 456 20 27
internal_value=1.43502e-15 -6.40176e-07 6.77734e-09 1.32918e-06 -2.62223e-09 -4.09059e-07 -1.27034e-07 2.91311e-07 -1.41306e-06 1.23547e-08 7.56316e-07 -1.60983e-09 -1.94492e-06 1.30913e-08 -6.10962e-08 2.20261e-07
internal_weight=6873 72 6801 48 6753 240 220 166 54 6513 120 6393 48 6345 97 52
internal_count=6873 72 6801 48 6753 240 220 166 54 6513 120 6393 48 6345 97 52
is_linear=0
shrinkage=0.05


Tree=130
num_leaves=19
num_cat=0
split_feature=18 3 14 17 14 2 17 20 22 14 20 23 8 23 3 14 18 24
split_gain=1.16255e-08 1.13399e-08 3.68728e-08 1.13393e-07 1.07317e-07 2.4974e-08 2.43842e-08 2.32809e-08 5.83977e-08 6.698e-08 3.11447e-08 2.6833e-08 4.6951e-08 3.87481e-08 1.75677e-08 4.56599e-08 2.06839e-08 1.54397e-08
threshold=0.00083425500000000011 28.050000000000004 -0.73354686966117377 0.97334520283919235 -0.75648915189404875 149.50000000000003 0.99944150187651604 0.00078878500000000007 886.50000000000011 0.54219432480460406 0.00076682000000000009 953.50000000000011 224.72111322930317 935.50000000000011 29.250000000000004 -0.16905184689101435 0.00071298500000000007 0.00054166930187642874
decision_type=2 2 2 2 2 2 2 2 2 2 2 2 2 2 2 2 2 2
left_child=1 7 3 4 5 -3 14 10 -9 -10 11 13 -13 -1 16 -16 -4 -12
right_child=-2 2 6 -5 -6 -7 -8 8 9 -11 17 12 -14 -15 15 -17 -18 -19
leaf_value=-2.0241966828422766e-08 1.0985262027437179e-06 2.6258095196305059e-07 5.2909773654188021e-07 -3.8159843210327045e-06 -2.29316604125235e-06 2.3346135392468128e-06 1.7252510002491005e-06 8.9340600979426203e-07 -3.3530528012746686e-06 5.3333939865330682e-08 1.7552542885823641e-07 2.0676806434494213e-07 -3.0434592991923642e-06 1.9927582798118237e-06 3.2425320974186809e-07 -1.7026125146546088e-06 2.3085631891817119e-06 1.9813396820295726e-06
leaf_weight=6090 24 26 89 22 29 33 33 32 31 27 20 25 20 24 268 31 20 29
leaf_count=6090 24 26 89 22 29 33 33 32 31 27 20 25 20 24 268 31 20 29
internal_value=-6.81644e-16 -3.84941e-09 2.13664e-07 -6.0531e-07 1.97358e-07 1.42151e-06 4.17944e-07 -2.28793e-08 -8.21285e-07 -1.76732e-06 -1.13044e-08 -2.12936e-08 -1.23778e-06 -1.23401e-08 3.12205e-07 1.1411e-07 8.55605e-07 1.24427e-06
internal_weight=6873 6849 551 110 88 59 441 6298 90 58 6208 6159 45 6114 408 299 109 49
internal_count=6873 6849 551 110 88 59 441 6298 90 58 6208 6159 45 6114 408 299 109 49
is_linear=0
shrinkage=0.05


Tree=131
num_leaves=18
num_cat=0
split_feature=14 13 6 6 19 1 17 14 14 20 7 4 18 19 4 1 26
split_gain=1.09469e-08 1.19632e-08 3.14398e-08 7.27158e-08 6.99811e-08 5.2621e-08 5.01281e-08 3.7228e-08 3.50311e-08 6.44719e-08 4.93143e-08 2.99826e-08 5.44788e-09 2.34135e-08 9.78741e-09 9.27522e-09 1.97146e-08
threshold=0.99995780822346225 -0.3794095225512602 0.00050788000000000016 0.00053712500000000017 0.00045395500000000008 160.85000000000002 0.8071027934020466 0.99907018497641664 0.98372640911059162 0.00054390500000000023 53.674036994083139 97.500000000000014 0.00058292500000000009 0.00040330999999999999 2.5000000000000004 758.10000000000014 0.00029641360761377606
decision_type=2 2 2 2 2 2 2 2 2 2 2 2 2 2 2 2 2
left_child=1 2 7 4 -4 -5 -6 8 10 -10 -1 -7 13 15 -14 16 -3
right_child=-2 12 3 5 6 11 -8 -9 9 -11 -12 -13 14 -15 -16 -17 -18
leaf_value=8.315973584920668e-07 -1.0659850206688286e-06 -4.9163607736121454e-08 -4.0204512799846274e-06 2.1741300705408713e-06 -2.8637929244723638e-06 6.2412042788199915e-08 3.9086805553120818e-08 2.3704460112466699e-06 1.0664753017791257e-07 -3.2338023754618923e-06 8.9441231237168568e-08 -7.4639232467434777e-07 -2.1840104563371675e-07 -1.4452258541079272e-06 1.2249874593497067e-06 -9.6716999333121182e-07 9.7001916046224332e-07
leaf_weight=324 24 4131 20 28 20 1172 58 21 52 20 724 127 24 30 23 27 48
leaf_count=324 24 4131 20 28 20 1172 58 21 52 20 724 127 24 30 23 27 48
internal_value=5.90778e-16 3.73538e-09 8.91095e-08 -6.74997e-08 -1.38181e-06 2.95635e-08 -7.05241e-07 2.84699e-07 2.45592e-07 -8.21255e-07 3.18886e-07 -1.66627e-08 -4.74133e-08 -5.33532e-08 4.87938e-07 -4.34255e-08 -3.74573e-08
internal_weight=6873 6849 2566 1425 98 1327 78 1141 1120 72 1048 1299 4283 4236 47 4206 4179
internal_count=6873 6849 2566 1425 98 1327 78 1141 1120 72 1048 1299 4283 4236 47 4206 4179
is_linear=0
shrinkage=0.05


Tree=132
num_leaves=15
num_cat=0
split_feature=6 25 26 2 0 22 15 20 14 22 6 23 7 6
split_gain=1.08738e-08 1.20304e-08 7.60412e-08 6.54956e-08 7.58317e-08 4.95106e-08 4.26407e-08 4.24206e-08 8.62185e-08 5.55782e-08 5.83616e-08 3.49473e-08 3.86147e-08 3.50845e-08
threshold=0.00082834000000000011 0.00066255616537437242 0.00033058737889244468 250.50000000000003 720.50000000000011 769.50000000000011 -0.84313311835787952 0.00069608500000000015 0.9893236546938301 658.50000000000011 0.00028692500000000005 932.50000000000011 18.765624240646662 0.00076492500000000007
decision_type=2 2 2 2 2 2 2 2 2 2 2 2 2 2
left_child=1 7 -3 5 -5 -4 -7 11 9 -9 -11 12 -1 -14
right_child=-2 2 3 4 -6 6 -8 8 -10 10 -12 -13 13 -15
leaf_value=1.9956602353469562e-06 8.6670096663965526e-07 2.0395475172390984e-06 -1.9683730152387906e-06 -2.8915009021478579e-08 -4.017493382399642e-06 -6.9942285780832951e-07 5.0285837871222446e-07 2.6502873770308918e-06 -2.5213438919990952e-06 3.1342311194748622e-06 2.9101653359168416e-07 -1.7458083904926001e-06 -6.8186574675725146e-09 -2.0540484608015204e-06
leaf_weight=24 36 33 36 22 26 128 174 38 20 20 185 29 6081 21
leaf_count=24 36 33 36 22 26 128 174 38 20 20 185 29 6081 21
internal_value=6.59059e-17 -4.56359e-09 -2.64143e-07 -4.61091e-07 -2.18939e-06 -2.15651e-07 -6.71777e-09 1.23831e-08 6.34246e-07 8.93965e-07 5.68403e-07 -1.41888e-08 -5.99142e-09 -1.38642e-08
internal_weight=6873 6837 419 386 48 338 302 6418 263 243 205 6155 6126 6102
internal_count=6873 6837 419 386 48 338 302 6418 263 243 205 6155 6126 6102
is_linear=0
shrinkage=0.05


Tree=133
num_leaves=17
num_cat=0
split_feature=15 15 23 5 22 15 15 1 22 3 15 17 7 26 18 8
split_gain=1.08068e-08 1.2512e-08 4.47459e-08 3.07937e-08 7.42725e-08 2.37195e-08 7.26772e-08 1.02542e-07 6.56404e-08 7.24416e-08 1.39031e-08 1.19268e-08 1.39769e-08 1.32089e-08 6.9311e-09 4.34428e-09
threshold=0.98929220549296726 0.91245913578114801 573.50000000000011 23.550000000000004 432.50000000000006 0.61913436964878354 0.59175731018202693 214.80000000000004 471.50000000000006 23.650000000000002 0.42957308670649791 0.90839217322536248 58.392773423741637 0.0001245246115948587 0.00039525000000000004 230.71074127603376
decision_type=2 2 2 2 2 2 2 2 2 2 2 2 2 2 2 2
left_child=1 3 11 5 15 6 10 -8 14 -10 -1 12 -3 -14 -7 -5
right_child=-2 2 -4 4 -6 8 7 -9 9 -11 -12 -13 13 -15 -16 -17
leaf_value=3.4032028005183106e-10 1.0591390600704168e-06 1.2185372248668933e-06 -1.985357184415599e-06 -8.5447347842659847e-07 2.9899764128991781e-06 5.4875821221515726e-08 -1.5687253299542397e-08 -4.7032527044166274e-06 1.6527958484901727e-06 -1.4513803850232679e-06 -4.123426003092871e-07 -1.1623358807355545e-06 -3.8928764506069727e-09 -1.0932222560387022e-06 -8.3311492596255019e-07 1.8767354251991721e-07
leaf_weight=5469 24 21 35 20 29 493 28 20 129 22 212 25 272 31 23 20
leaf_count=5469 24 21 35 20 29 493 28 20 129 22 212 25 272 31 23 20
internal_value=1.93546e-16 -3.71139e-09 -2.81004e-07 1.27589e-08 1.06338e-06 1.42475e-09 -3.14295e-08 -1.96884e-06 2.83617e-07 1.20053e-06 -1.50599e-08 -1.1008e-07 -2.88873e-08 -1.15342e-07 1.52948e-08 -3.334e-07
internal_weight=6873 6849 384 6465 69 6396 5729 48 667 151 5681 349 324 303 516 40
internal_count=6873 6849 384 6465 69 6396 5729 48 667 151 5681 349 324 303 516 40
is_linear=0
shrinkage=0.05


Tree=134
num_leaves=22
num_cat=0
split_feature=14 2 14 3 14 20 21 27 14 3 11 19 16 3 15 14 5 15 7 0 15
split_gain=1.04354e-08 3.6212e-08 2.5227e-08 2.11899e-07 1.23685e-07 5.81582e-08 6.95407e-08 3.63328e-08 2.41652e-08 1.39911e-08 2.87432e-08 1.00463e-07 2.92814e-08 2.08057e-08 4.78792e-08 3.41574e-08 9.63419e-09 7.89498e-09 5.86965e-09 3.87075e-11 1.8053e-13
threshold=-0.99630266176052629 113.50000000000001 -0.95995996396290595 25.550000000000004 -0.96235977360714686 0.00053014000000000013 616.50000000000011 99.500000000000014 -0.95754239937548935 27.750000000000004 52.003125000000004 0.00053709000000000016 928.56000000000006 29.250000000000004 -0.67801649466304881 0.96465729447553372 17.850000000000005 1.0000000180025095e-35 78.331832891933843 24.500000000000004 0.029024409397335523
decision_type=2 2 2 2 2 2 2 2 2 2 2 2 2 2 2 2 2 2 2 2 2
left_child=1 16 3 4 5 7 -7 -2 -4 10 12 -12 -10 15 -15 -11 18 -3 -1 20 -20
right_child=2 17 8 -5 -6 6 -8 -9 9 13 11 -13 -14 14 -16 -17 -18 -19 19 -21 -22
leaf_value=7.7376251749683436e-07 1.6895242713214025e-08 7.6192607272840936e-07 1.6010981016889582e-06 -4.2843985774254632e-06 -3.5979453489431992e-06 3.1319534400608973e-06 -9.2958340636479476e-08 -1.5153209140640515e-06 -1.129217079526058e-08 3.7223023257284795e-07 -2.5180533618688917e-06 8.7754755689507717e-09 6.5016166192929963e-07 3.3007198002915299e-07 -1.0258397759549466e-06 2.1685254857573001e-06 -1.0939013453992174e-06 1.8394355314111474e-06 -5.3536196885163783e-08 -1.2824289115087596e-07 -4.8536616843549666e-08
leaf_weight=25 386 34 24 32 24 32 35 43 5091 153 51 172 173 302 83 32 20 34 84 20 23
leaf_count=25 386 34 24 32 24 32 35 43 5091 153 51 172 173 302 83 32 20 34 84 20 23
internal_value=-2.64517e-16 3.23892e-07 -1.17193e-08 -3.35362e-07 -9.23441e-08 7.72817e-08 1.4473e-06 -1.36684e-07 1.76592e-08 1.13851e-08 -1.31077e-08 -5.69109e-07 1.04463e-08 2.4716e-07 3.77585e-08 6.82941e-07 -6.22803e-08 1.30068e-06 7.34594e-08 -6.43956e-08 -5.24615e-08
internal_weight=6873 240 6633 552 520 496 67 429 6081 6057 5487 223 5264 570 385 185 172 68 152 127 107
internal_count=6873 240 6633 552 520 496 67 429 6081 6057 5487 223 5264 570 385 185 172 68 152 127 107
is_linear=0
shrinkage=0.05


Tree=135
num_leaves=17
num_cat=0
split_feature=14 3 14 21 14 21 14 24 19 14 1 14 0 14 4 5
split_gain=1.03212e-08 4.91215e-08 2.90967e-08 4.84027e-08 1.30641e-08 7.49785e-08 3.61044e-08 5.92423e-08 4.88477e-08 2.36631e-08 1.18474e-07 6.43797e-08 8.67576e-08 1.96133e-08 9.79249e-09 2.98742e-09
threshold=0.99966190462023474 17.650000000000002 0.99907018497641664 145.50000000000003 0.9916835347852474 702.50000000000011 0.99466373373798567 5.8171020556690697e-05 0.00026799000000000001 0.98522604642031408 520.85000000000014 0.98213580174693105 222.50000000000003 0.93845596220871974 65.500000000000014 5.3500000000000005
decision_type=2 2 2 2 2 2 2 2 2 2 2 2 2 2 2 2
left_child=2 15 4 -4 9 6 7 -6 -8 11 14 13 -13 -1 -11 -2
right_child=1 -3 3 -5 5 -7 8 -9 -10 10 -12 12 -14 -15 -16 -17
leaf_value=-1.278368120636427e-08 -1.7940758033319071e-07 -2.7013448516299833e-06 -1.0890887607623818e-07 3.1116495620153728e-06 5.486439720964594e-08 -2.5781023988670453e-06 -4.0331540445820862e-08 -3.2644172776485904e-06 2.251995376692039e-06 3.7141021558590688e-07 3.9329284133956488e-06 -2.9835328924881265e-08 -4.341553684525934e-06 3.2759136473434057e-07 -6.4557928397573233e-07 5.7911378266655649e-07
leaf_weight=5889 25 20 28 20 41 33 117 20 29 56 23 28 20 456 41 27
leaf_count=5889 25 20 28 20 41 33 117 20 29 56 23 28 20 456 41 27
internal_value=-6.84529e-16 -5.955e-07 6.30437e-09 1.23299e-06 -2.41486e-09 -3.64697e-07 -1.18349e-08 -1.03342e-06 4.14994e-07 1.0935e-08 7.06563e-07 -2.12231e-09 -1.82638e-06 1.16783e-08 -5.84513e-08 2.1444e-07
internal_weight=6873 72 6801 48 6753 240 207 61 146 6513 120 6393 48 6345 97 52
internal_count=6873 72 6801 48 6753 240 207 61 146 6513 120 6393 48 6345 97 52
is_linear=0
shrinkage=0.05


Tree=136
num_leaves=7
num_cat=0
split_feature=18 22 2 2 26 9
split_gain=1.01712e-08 1.11525e-08 1.37469e-08 1.37111e-08 1.62692e-08 1.20499e-08
threshold=0.00083425500000000011 1000.5000000000001 340.50000000000006 312.50000000000006 0.00078476268688999079 80.306238309890503
decision_type=2 2 2 2 2 2
left_child=1 2 3 4 5 -1
right_child=-2 -3 -4 -5 -6 -7
leaf_value=-9.5776137456917488e-09 1.0275227045516053e-06 -8.8132927342283242e-07 1.2488755208489074e-06 -1.0695604150138631e-06 1.0927114455729653e-06 7.6952788457695939e-07
leaf_weight=6677 24 36 22 30 34 50
leaf_count=6677 24 36 22 30 34 50
internal_value=-5.13223e-16 -3.60061e-09 1.03733e-09 -3.00515e-09 1.72739e-09 -3.78673e-09
internal_weight=6873 6849 6813 6791 6761 6727
internal_count=6873 6849 6813 6791 6761 6727
is_linear=0
shrinkage=0.05


Tree=137
num_leaves=20
num_cat=0
split_feature=14 6 14 14 9 17 20 18 18 17 5 14 14 14 18 6 22 23 23
split_gain=9.53653e-09 1.58691e-08 1.03663e-08 1.5753e-07 2.31972e-07 5.23614e-08 4.471e-08 6.04464e-08 3.10309e-08 2.2042e-08 5.15392e-08 2.82402e-08 1.22271e-07 4.06235e-08 2.63571e-08 2.83336e-08 1.81471e-08 2.38549e-08 2.03555e-08
threshold=-0.99985146406598202 0.00015179500000000003 -0.95995996396290595 -0.96463499255812291 13.938003119836084 0.99252627801315862 0.00054173000000000014 0.00061284500000000021 0.00044980500000000001 0.98575735913108165 15.050000000000002 0.77788564761185042 0.96465729447553372 0.54219432480460406 0.0003117350000000001 0.00055855500000000018 1000.5000000000001 1003.5000000000001 987.00000000000011
decision_type=2 2 2 2 2 2 2 2 2 2 2 2 2 2 2 2 2 2 2
left_child=1 -1 3 5 -5 6 8 -8 -2 16 11 13 -13 -11 -12 -16 17 18 -4
right_child=2 -3 9 4 -6 -7 7 -9 -10 10 14 12 -14 -15 15 -17 -18 -19 -20
leaf_value=-6.6053532675271395e-08 3.8266433658432024e-08 1.7779948034046813e-06 -5.4756893460051361e-09 -1.3884868264670202e-08 -7.0642880768900798e-06 -2.0699072047920772e-06 2.3801352275565111e-06 -3.2473031626131131e-08 -1.2787122955160158e-06 1.7345822925878768e-07 2.3196725464913473e-08 -2.1291645128265804e-06 1.1036762894933717e-06 2.0774224353203864e-06 3.6384250608989531e-06 1.2534335782578582e-06 -1.513640954726725e-06 1.5061557239557891e-06 -1.4354039485624527e-06
leaf_weight=28 513 20 5563 28 20 29 47 58 49 225 20 59 58 32 20 33 20 26 25
leaf_count=28 513 20 5563 28 20 29 47 58 49 225 20 59 58 32 20 33 20 26 25
internal_value=1.82144e-16 7.023e-07 -4.93925e-09 -1.81109e-07 -2.95155e-06 9.95602e-09 1.00385e-07 1.04746e-06 -7.65591e-08 1.66148e-08 3.54572e-07 1.17375e-07 -5.2656e-07 4.10528e-07 1.5698e-06 2.15343e-06 -1.01986e-08 -4.84259e-09 -1.1873e-08
internal_weight=6873 48 6825 744 48 696 667 105 562 6081 447 374 117 257 73 53 5634 5614 5588
internal_count=6873 48 6825 744 48 696 667 105 562 6081 447 374 117 257 73 53 5634 5614 5588
is_linear=0
shrinkage=0.05


Tree=138
num_leaves=18
num_cat=0
split_feature=15 6 26 15 15 14 7 18 20 5 20 11 14 5 17 23 22
split_gain=1.00498e-08 2.24777e-08 1.93167e-08 1.41801e-08 2.05488e-08 6.7884e-08 8.71993e-08 2.40004e-08 2.32586e-08 4.14835e-08 3.70322e-08 2.04214e-08 1.40168e-08 1.53525e-08 8.0659e-09 1.01805e-09 4.25458e-10
threshold=-0.99983123799342477 0.00025860500000000008 0.00078476268688999079 -0.97111920233974802 -0.93543596745397617 0.31799963745711152 78.796326880801601 0.00057629000000000003 0.00078274500000000016 10.15 0.00076492500000000007 28.993750000000002 0.13398903995667991 10.450000000000001 0.88156082354646959 109.50000000000001 22.500000000000004
decision_type=2 2 2 2 2 2 2 2 2 2 2 2 2 2 2 2 2
left_child=1 -1 3 11 5 7 -7 -5 10 -10 -6 15 14 -14 -13 16 -2
right_child=2 -3 -4 4 8 6 -8 -9 9 -11 -12 12 13 -15 -16 -17 -18
leaf_value=1.9349960529118402e-07 -3.1501974633472322e-08 -2.0011868923575092e-06 1.1938793657945473e-06 -3.2284009585317528e-07 -2.9814288082249444e-09 -4.4624415016352776e-06 -1.8534396494155422e-07 8.9409114800256091e-07 6.4587284386465344e-07 -1.5547707302302431e-06 1.1882503895257267e-06 9.720008566998416e-07 2.1112575297963673e-06 5.0359127137446853e-07 2.0455325846914177e-07 2.2600047147294492e-07 -2.0083990780539204e-07
leaf_weight=28 270 20 34 234 5680 22 26 49 33 61 66 43 27 33 168 36 43
leaf_count=28 270 20 34 234 5680 22 26 49 33 61 66 43 27 33 168 36 43
internal_value=-8.83946e-16 -7.20953e-07 5.07044e-09 -8.81484e-10 -2.37829e-08 -4.0703e-07 -2.14568e-06 -1.12135e-07 -2.06116e-09 -7.82204e-07 1.07014e-08 2.27061e-07 5.52706e-07 1.22704e-06 3.60953e-07 -2.58041e-08 -5.47657e-08
internal_weight=6873 48 6825 6791 6171 331 48 283 5840 94 5746 620 271 60 211 349 313
internal_count=6873 48 6825 6791 6171 331 48 283 5840 94 5746 620 271 60 211 349 313
is_linear=0
shrinkage=0.05


Tree=139
num_leaves=18
num_cat=0
split_feature=15 15 2 5 25 15 15 25 2 17 17 15 0 0 18 27 25
split_gain=9.79398e-09 1.10999e-08 6.66482e-08 2.72709e-08 4.72965e-08 2.13149e-08 6.37338e-08 9.08549e-08 5.9382e-08 3.71966e-08 1.84047e-08 1.32148e-08 9.94529e-09 1.29317e-08 1.07038e-08 9.18279e-09 5.8119e-09
threshold=0.98929220549296726 0.91245913578114801 175.50000000000003 23.650000000000002 0.00037218747747383565 0.61913436964878354 0.59175731018202693 1.7239940284795594e-05 152.50000000000003 0.8662101906326648 0.91235872504674465 0.42957308670649791 321.50000000000006 186.50000000000003 0.00047285500000000005 64.166666666666671 0.00047725081633004759
decision_type=2 2 2 2 2 2 2 2 2 2 2 2 2 2 2 2 2
left_child=1 3 10 5 15 6 11 -8 9 -7 12 -1 13 -3 -14 -5 -10
right_child=-2 2 -4 4 -6 8 7 -9 16 -11 -12 -13 14 -15 -16 -17 -18
leaf_value=7.064385685326205e-10 1.0082876675217753e-06 -1.129147212439595e-08 -2.9367403013483539e-06 -8.3352936371738909e-07 2.6324325723955419e-06 -9.9912837697217416e-08 -5.4749496111331354e-09 -4.4178344228384957e-06 1.4608917795158049e-06 7.6664242819309668e-07 -1.2883328078790632e-06 -4.0072005048228942e-07 1.3281466808452766e-06 -1.3004592116230707e-06 -1.9798373614321467e-07 6.81626610585795e-07 2.5751775100698898e-06
leaf_weight=5470 24 264 22 20 27 449 28 20 25 171 30 213 27 21 20 20 22
leaf_count=5470 24 264 22 20 27 449 28 20 25 171 30 213 27 21 20 20 22
internal_value=4.50638e-16 -3.5332e-09 -2.6471e-07 1.19798e-08 1.01549e-06 1.47109e-09 -2.96631e-08 -1.84396e-06 2.68982e-07 1.39089e-07 -1.02321e-07 -1.43391e-08 4.84847e-09 -1.06283e-07 6.78729e-07 -7.59514e-08 1.98247e-06
internal_weight=6873 6849 384 6465 67 6398 5731 48 667 620 362 5683 332 285 47 40 47
internal_count=6873 6849 384 6465 67 6398 5731 48 667 620 362 5683 332 285 47 40 47
is_linear=0
shrinkage=0.05


Tree=140
num_leaves=17
num_cat=0
split_feature=14 21 14 21 14 5 1 15 22 14 1 14 20 14 5 5
split_gain=9.45656e-09 4.43067e-08 2.5892e-08 4.32337e-08 1.18643e-08 7.16652e-08 3.66177e-08 3.88398e-08 3.39063e-08 2.12322e-08 1.06818e-07 5.80566e-08 7.89837e-08 1.73463e-08 7.22409e-09 2.68266e-09
threshold=0.99966190462023474 505.50000000000006 0.99907018497641664 145.50000000000003 0.9916835347852474 16.550000000000004 583.30000000000007 -0.048362832084465616 441.50000000000006 0.98522604642031408 520.85000000000014 0.98213580174693105 0.00010766000000000002 0.93845596220871974 17.650000000000002 5.3500000000000005
decision_type=2 2 2 2 2 2 2 2 2 2 2 2 2 2 2 2
left_child=2 15 4 -4 9 6 8 -8 -6 11 14 13 -13 -1 -11 -2
right_child=1 -3 3 -5 5 -7 7 -9 -10 10 -12 12 -14 -15 -16 -17
leaf_value=-1.1736410251365575e-08 -1.7400739113782038e-07 -2.5699896218611686e-06 -1.0502886991860449e-07 2.9387140421022198e-06 -2.6697526237071005e-08 -3.2130310572142662e-06 4.2417701953799343e-08 -2.9317226779399099e-06 2.0717347648645626e-06 -2.7685423418503959e-07 3.7329948969747187e-06 -2.0027895735503473e-08 -4.1340385814692129e-06 3.0836347668591749e-07 7.8971052118959052e-07 5.4478360438123575e-07
leaf_weight=5889 25 20 28 20 154 20 23 21 22 77 23 28 20 456 20 27
leaf_count=5889 25 20 28 20 154 20 23 21 22 77 23 28 20 456 20 27
internal_value=-3.13132e-16 -5.70011e-07 6.03453e-09 1.1632e-06 -2.19053e-09 -3.47435e-07 -8.69265e-08 -1.37706e-06 2.35607e-07 1.05315e-08 6.69461e-07 -1.83694e-09 -1.7342e-06 1.12684e-08 -5.6944e-08 1.99211e-07
internal_weight=6873 72 6801 48 6753 240 220 44 176 6513 120 6393 48 6345 97 52
internal_count=6873 72 6801 48 6753 240 220 44 176 6513 120 6393 48 6345 97 52
is_linear=0
shrinkage=0.05


Tree=141
num_leaves=22
num_cat=0
split_feature=14 2 14 3 14 26 23 27 14 17 3 22 15 22 23 17 24 17 17 15 11
split_gain=9.38146e-09 3.19159e-08 2.10681e-08 1.82497e-07 1.03189e-07 3.97874e-08 9.67159e-08 2.67334e-08 2.18784e-08 1.98024e-08 5.4382e-08 1.00715e-07 3.79883e-08 1.56719e-08 2.13906e-08 1.01855e-08 5.42239e-09 5.17382e-09 4.22445e-09 1.4927e-11 7.26831e-12
threshold=-0.99630266176052629 113.50000000000001 -0.95995996396290595 25.550000000000004 -0.96235977360714686 0.00051688068973866099 791.50000000000011 99.500000000000014 -0.95754239937548935 0.99252627801315862 23.650000000000002 761.50000000000011 -0.25206183926700709 1003.5000000000001 1003.5000000000001 0.92219777930934976 0.00015042491163533243 0.9567654386262624 0.71652453325675958 0.04621408538533487 19.506250000000005
decision_type=2 2 2 2 2 2 2 2 2 2 2 2 2 2 2 2 2 2 2 2 2
left_child=1 16 3 4 5 7 -7 -2 -4 13 11 -11 -12 14 -10 -3 18 -17 19 20 -1
right_child=2 15 8 -5 -6 6 -8 -9 9 10 12 -13 -14 -15 -16 17 -18 -19 -20 -21 -22
leaf_value=-4.9535739502785133e-08 4.4440647276441528e-08 2.7610947881839822e-07 1.5223900715917913e-06 -3.971715077710769e-06 -3.2833400702259044e-06 3.0196331074287577e-06 -1.1259720300434613e-06 -1.2296848621024706e-06 -1.3043707265473099e-08 2.1150566942565368e-07 6.2854432797316882e-07 -3.5959590832135293e-06 2.4828401582713664e-06 -1.3749215938895803e-06 1.4243778729486132e-06 2.0966298332216237e-06 -7.5259119303912787e-07 1.0547961472504788e-06 7.3340490018836142e-07 -1.2438469276787601e-08 -8.2462927880875396e-08
leaf_weight=83 392 20 24 32 24 34 24 46 5692 132 131 20 35 21 26 26 24 22 20 24 21
leaf_count=83 392 20 24 32 24 34 24 46 5692 132 131 20 35 21 26 26 24 22 20 24 21
internal_value=-1.17116e-15 3.07101e-07 -1.11118e-08 -3.06876e-07 -8.13476e-08 7.35876e-08 1.30421e-06 -8.93716e-08 1.57361e-08 9.76622e-09 3.93831e-07 -2.89477e-07 1.01951e-06 -1.1515e-08 -6.50769e-09 1.22412e-06 -5.54407e-08 1.61912e-06 5.76107e-08 -4.79821e-08 -5.61845e-08
internal_weight=6873 240 6633 552 520 496 58 438 6081 6057 318 152 166 5739 5718 68 172 48 148 128 104
internal_count=6873 240 6633 552 520 496 58 438 6081 6057 318 152 166 5739 5718 68 172 48 148 128 104
is_linear=0
shrinkage=0.05


Tree=142
num_leaves=10
num_cat=0
split_feature=15 5 26 20 2 22 15 11 22
split_gain=9.07775e-09 2.13417e-08 1.7193e-08 1.2876e-08 1.66578e-08 6.31364e-08 1.47944e-08 2.13732e-08 1.92723e-08
threshold=-0.99983123799342477 15.550000000000002 0.00078476268688999079 0.00082834000000000011 321.50000000000006 794.50000000000011 -0.97111920233974802 28.993750000000002 747.50000000000011
decision_type=2 2 2 2 2 2 2 2 2
left_child=1 -1 3 4 6 -6 7 -2 -8
right_child=2 -3 -4 -5 5 -7 8 -9 -10
leaf_value=2.0584599258149137e-07 -2.3599749829103998e-08 -1.9326621242043983e-06 1.1263781997887932e-06 -1.0905143634924267e-06 -1.1602500160279306e-06 2.5764394754682705e-06 5.2194109901837424e-09 5.7524455795124973e-07 -2.7606119864133756e-07
leaf_weight=28 349 20 34 27 20 26 5423 260 686
leaf_count=28 349 20 34 27 20 26 5423 260 686
internal_value=-2.56495e-16 -6.85199e-07 4.81898e-09 -7.96246e-10 3.5536e-09 9.51792e-07 -2.93924e-09 2.32064e-07 -2.63665e-08
internal_weight=6873 48 6825 6791 6764 46 6718 609 6109
internal_count=6873 48 6825 6791 6764 46 6718 609 6109
is_linear=0
shrinkage=0.05


Tree=143
num_leaves=19
num_cat=0
split_feature=17 14 2 14 3 14 20 17 3 22 15 14 27 15 17 17 16 5
split_gain=9.00476e-09 1.41719e-08 2.951e-08 1.76144e-08 1.52007e-07 9.30812e-08 4.46586e-08 2.04946e-08 5.41639e-08 8.96305e-08 2.92755e-08 2.03152e-08 1.45094e-08 1.05647e-08 7.86969e-09 5.5359e-10 9.01623e-11 1.0131e-11
threshold=1.0188627020362733 -0.99630266176052629 90.500000000000014 -0.95995996396290595 25.550000000000004 -0.96235977360714686 0.00053014000000000013 0.99252627801315862 23.650000000000002 761.50000000000011 -0.25206183926700709 -0.95754239937548935 99.500000000000014 1.0000000180025095e-35 0.91896877316083603 0.71652453325675958 3.5649999999999999 16.550000000000004
decision_type=2 2 2 2 2 2 2 2 2 2 2 2 2 2 2 2 2 2
left_child=1 2 15 4 5 6 -3 11 9 -9 -10 -5 -13 14 -4 16 17 -1
right_child=-2 3 13 7 -6 -7 -8 8 10 -11 -12 12 -14 -15 -16 -17 -18 -19
leaf_value=-4.6799739520115799e-08 -7.5759658860382233e-07 -1.1747947205231939e-07 -4.4380100854885482e-08 1.4465955861927192e-06 -3.6812249079283052e-06 -3.118262097245861e-06 1.2705463195370205e-06 2.3644319797904766e-07 6.9629044852283848e-07 -3.4023580110442711e-06 2.3568562282354619e-06 -3.1128446585915595e-08 3.05165849677772e-07 1.7510266023015367e-06 1.3260190328878708e-06 2.2490203917868713e-07 -1.5502226176522528e-07 -7.6101579082887839e-09
leaf_weight=94 39 429 22 24 31 24 67 110 121 20 34 5398 341 39 20 20 20 20
leaf_count=94 39 429 22 24 31 24 67 110 121 20 34 5398 341 39 20 20 20 20
internal_value=-7.28462e-16 4.32342e-09 3.85874e-07 -9.26413e-09 -2.79906e-07 -7.71353e-08 7.00159e-08 1.53926e-08 4.29284e-07 -3.23372e-07 1.06054e-06 -5.07574e-09 -1.11465e-08 1.15845e-06 6.08191e-07 -2.04791e-08 -5.71032e-08 -3.99244e-08
internal_weight=6873 6834 235 6599 551 520 496 6048 285 130 155 5763 5739 81 42 154 134 114
internal_count=6873 6834 235 6599 551 520 496 6048 285 130 155 5763 5739 81 42 154 134 114
is_linear=0
shrinkage=0.05


Tree=144
num_leaves=17
num_cat=0
split_feature=15 15 2 5 25 15 15 1 2 17 17 13 15 3 27 3
split_gain=8.78249e-09 1.00969e-08 6.03463e-08 2.43545e-08 4.18431e-08 1.96999e-08 5.57099e-08 7.97577e-08 5.33966e-08 3.41568e-08 1.65145e-08 1.21397e-08 1.18122e-08 9.16327e-09 8.21423e-09 6.91747e-09
threshold=0.98929220549296726 0.91245913578114801 175.50000000000003 23.650000000000002 0.00037218747747383565 0.61913436964878354 0.59175731018202693 214.80000000000004 152.50000000000003 0.90437548698576486 0.91235872504674465 -0.9159756150367534 0.42957308670649791 20.850000000000005 64.166666666666671 21.050000000000004
decision_type=2 2 2 2 2 2 2 2 2 2 2 2 2 2 2 2
left_child=1 3 10 5 14 6 12 -8 9 -7 11 -3 -1 -13 -5 -10
right_child=-2 2 -4 4 -6 8 7 -9 15 -11 -12 13 -14 -15 -16 -17
leaf_value=1.3900678669070531e-10 9.5480281553742916e-07 1.1385405209971759e-06 -2.795011980600231e-06 -7.8331882491511351e-07 2.48065389924974e-06 -5.7492137318448571e-08 -2.1099420369604821e-09 -4.1362294984281789e-06 1.2085860069938854e-06 8.4909101179312412e-07 -1.2213816890020251e-06 -1.5022751293927554e-07 -3.7938652321568969e-07 9.3149897192493623e-07 6.4970548208975752e-07 2.4286887065290314e-06
leaf_weight=5470 24 22 22 20 27 488 28 20 21 132 30 289 213 21 20 26
leaf_count=5470 24 22 22 20 27 488 28 20 21 132 30 289 213 21 20 26
internal_value=-1.05044e-15 -3.34578e-09 -2.52443e-07 1.14498e-08 9.59782e-07 1.51882e-09 -2.84126e-08 -1.72466e-06 2.58696e-07 1.35522e-07 -9.79222e-08 3.59524e-09 -1.40857e-08 -7.69493e-08 -6.68067e-08 1.88354e-06
internal_weight=6873 6849 384 6465 67 6398 5731 48 667 620 362 332 5683 310 40 47
internal_count=6873 6849 384 6465 67 6398 5731 48 667 620 362 332 5683 310 40 47
is_linear=0
shrinkage=0.05


Tree=145
num_leaves=11
num_cat=0
split_feature=15 1 26 20 19 1 19 0 4 24
split_gain=8.15372e-09 2.12235e-08 1.54711e-08 1.1735e-08 1.5504e-08 5.38264e-08 3.87559e-08 4.41456e-08 3.46906e-08 2.61588e-08
threshold=-0.99983123799342477 335.15000000000003 0.00078476268688999079 0.00082834000000000011 0.00072637000000000016 813.50000000000011 0.00071982000000000014 971.50000000000011 54.500000000000007 0.00062660670358882277
decision_type=2 2 2 2 2 2 2 2 2 2
left_child=1 -1 3 4 6 8 7 -2 -6 -7
right_child=2 -3 -4 -5 5 9 -8 -9 -10 -11
leaf_value=2.3918483650829459e-07 2.1623981800071825e-09 -1.8933939512422173e-06 1.0684802158025645e-06 -1.0410730288709954e-06 2.1451735817553878e-07 2.7002803685368585e-06 -2.020212997422277e-06 -1.8596333234199848e-06 -1.3045735113337288e-06 8.3561072385156662e-07
leaf_weight=28 6341 20 34 27 228 26 24 32 45 68
leaf_count=28 6341 20 34 27 228 26 24 32 45 68
internal_value=1.30727e-15 -6.4939e-07 4.56714e-09 -7.59478e-10 3.39316e-09 3.19436e-07 -1.47384e-08 -7.18602e-09 -3.58822e-08 1.35137e-06
internal_weight=6873 48 6825 6791 6764 367 6397 6373 273 94
internal_count=6873 48 6825 6791 6764 367 6397 6373 273 94
is_linear=0
shrinkage=0.05


Tree=146
num_leaves=21
num_cat=0
split_feature=6 25 0 19 19 20 5 11 20 14 22 6 21 1 17 25 25 27 14 20
split_gain=8.30354e-09 1.24197e-08 4.75306e-08 5.99623e-08 5.45965e-08 4.32526e-08 4.71666e-08 7.85589e-08 3.46076e-08 7.02309e-08 4.88374e-08 5.32992e-08 3.99943e-08 4.48757e-08 6.51542e-08 4.25273e-08 3.20589e-08 3.1e-08 1.69038e-08 5.17253e-09
threshold=0.00082834000000000011 0.00066255616537437242 791.50000000000011 0.00072637000000000016 0.00075879500000000015 0.00033254000000000004 13.350000000000003 56.478125000000013 0.00069608500000000015 0.9893236546938301 658.50000000000011 0.00028692500000000005 928.50000000000011 790.35000000000002 0.98738362150907644 0.00063365167530476691 0.00054090262624432062 7.166666666666667 -0.6850858595978212 0.00064190500000000001
decision_type=2 2 2 2 2 2 2 2 2 2 2 2 2 2 2 2 2 2 2 2
left_child=1 8 3 17 -5 -4 18 -8 12 10 -10 -12 15 -14 -15 16 -1 -3 -7 -17
right_child=-2 2 5 4 -6 6 7 -9 9 -11 11 -13 13 14 -16 19 -18 -19 -20 -21
leaf_value=1.9339280511831883e-08 7.5737323583050897e-07 -1.4199269425522031e-06 2.2201984842511249e-06 1.6324829139193755e-06 -1.6719536197342679e-06 1.2557503540714758e-06 -2.9409492495752992e-06 1.4762492855879828e-07 2.4556944744721189e-06 -2.2731136300535583e-06 2.9561609539996428e-06 2.3905569659786055e-07 6.0900179662964476e-07 -4.192775809030991e-06 -6.3344099316964279e-07 2.1066675179264909e-06 -5.0922536890371718e-07 -3.9972997069526175e-06 6.8330923491274203e-08 1.0095964192996257e-06
leaf_weight=5728 36 28 21 25 25 36 35 50 38 20 20 185 26 20 36 22 302 20 179 21
leaf_count=5728 36 28 21 25 25 36 35 50 38 20 20 185 26 20 36 22 302 20 179 21
internal_value=2.83317e-16 -3.98792e-09 -2.67733e-07 -1.23154e-06 -1.97354e-08 2.65123e-08 -1.27046e-07 -1.12414e-06 1.32307e-08 5.74915e-07 8.09321e-07 5.04139e-07 -1.07697e-08 -1.10763e-06 -1.90463e-06 4.04043e-09 -7.13278e-09 -2.49383e-06 2.67155e-07 1.57089e-06
internal_weight=6873 6837 419 98 50 321 300 85 6418 263 243 205 6155 82 56 6073 6030 48 215 43
internal_count=6873 6837 419 98 50 321 300 85 6418 263 243 205 6155 82 56 6073 6030 48 215 43
is_linear=0
shrinkage=0.05


Tree=147
num_leaves=8
num_cat=0
split_feature=18 22 23 23 16 21 0
split_gain=7.94855e-09 9.21826e-09 1.62358e-08 2.57286e-08 1.51688e-08 2.69633e-08 1.45138e-08
threshold=0.00083425500000000011 1000.5000000000001 1003.5000000000001 981.50000000000011 964.80000000000007 833.50000000000011 928.50000000000011
decision_type=2 2 2 2 2 2 2
left_child=1 2 3 4 6 -6 -1
right_child=-2 -3 -4 -5 5 -7 -8
leaf_value=-3.2277560645644003e-09 9.0834049875828295e-07 -8.0117557862043531e-07 1.3571361560852068e-06 -1.417775507661645e-06 1.3420271333453411e-06 5.1577394481397794e-08 -8.9449529151801998e-07
leaf_weight=6521 24 36 22 32 58 134 46
leaf_count=6521 24 36 22 32 58 134 46
internal_value=-8.41518e-16 -3.18297e-09 1.03363e-09 -3.35957e-09 3.33688e-09 4.41401e-07 -9.47084e-09
internal_weight=6873 6849 6813 6791 6759 192 6567
internal_count=6873 6849 6813 6791 6759 192 6567
is_linear=0
shrinkage=0.05


Tree=148
num_leaves=17
num_cat=0
split_feature=14 3 14 21 14 5 1 26 14 14 1 14 20 18 4 5
split_gain=8.0756e-09 3.85416e-08 2.31658e-08 3.89008e-08 1.02563e-08 6.32344e-08 3.23514e-08 3.25943e-08 3.22842e-08 1.94209e-08 9.70203e-08 5.19212e-08 7.07594e-08 1.42771e-08 8.37733e-09 2.45365e-09
threshold=0.99966190462023474 17.650000000000002 0.99907018497641664 145.50000000000003 0.9916835347852474 16.550000000000004 517.50000000000011 0.00025346327473106472 0.99700008544936913 0.98522604642031408 520.85000000000014 0.98213580174693105 0.00010766000000000002 0.00073238000000000003 66.500000000000014 5.3500000000000005
decision_type=2 2 2 2 2 2 2 2 2 2 2 2 2 2 2 2
left_child=2 15 4 -4 9 6 7 -6 -8 11 14 13 -13 -1 -11 -2
right_child=1 -3 3 -5 5 -7 8 -9 -10 10 -12 12 -14 -15 -16 -17
leaf_value=-8.1510177422775389e-09 -1.6624850707103179e-07 -2.3920774762586919e-06 -1.0287189543386637e-07 2.7843224097523491e-06 -6.5298787266243612e-09 -3.014968591514844e-06 -2.0792229787837321e-06 2.0598138979204864e-06 4.5244817329148653e-07 3.2043959870638207e-07 3.5594846058697643e-06 -1.7999509793753534e-08 -3.9119348957683544e-06 3.1690653883483163e-07 -6.3145954587334455e-07 5.2117709538345447e-07
leaf_weight=5987 25 20 28 20 144 20 34 22 20 59 23 28 20 358 38 27
leaf_count=5987 25 20 28 20 144 20 34 22 20 59 23 28 20 358 38 27
internal_value=1.56636e-16 -5.2675e-07 5.57653e-09 1.10013e-06 -2.20347e-09 -3.23202e-07 -7.84955e-08 2.67323e-07 -1.14157e-06 9.62511e-09 6.39822e-07 -2.20402e-09 -1.64047e-06 1.01895e-08 -5.24693e-08 1.90684e-07
internal_weight=6873 72 6801 48 6753 240 220 166 54 6513 120 6393 48 6345 97 52
internal_count=6873 72 6801 48 6753 240 220 166 54 6513 120 6393 48 6345 97 52
is_linear=0
shrinkage=0.05


Tree=149
num_leaves=17
num_cat=0
split_feature=15 15 23 5 25 15 15 6 9 3 3 26 15 27 6 9
split_gain=7.91736e-09 9.1516e-09 3.73614e-08 2.16716e-08 3.70398e-08 1.79352e-08 4.96866e-08 7.22288e-08 4.58534e-08 5.29041e-08 1.37047e-08 2.6129e-08 1.06535e-08 7.34574e-09 7.33508e-09 3.06375e-09
threshold=0.98929220549296726 0.91245913578114801 573.50000000000011 23.650000000000002 0.00037218747747383565 0.61913436964878354 0.59175731018202693 2.4510000000000004e-05 26.977393158034193 23.650000000000002 21.950000000000003 0.00028127876903214194 0.42957308670649791 64.166666666666671 0.00025860500000000008 15.614369762864852
decision_type=2 2 2 2 2 2 2 2 2 2 2 2 2 2 2 2
left_child=1 3 10 5 13 6 12 -8 15 -10 11 14 -1 -5 -3 -7
right_child=-2 2 -4 4 -6 8 7 -9 9 -11 -12 -13 -14 -15 -16 -17
leaf_value=2.1149063666303811e-11 9.0655653934845763e-07 -9.9487606572432897e-08 -1.7977069688056093e-06 -7.3796344310039788e-07 2.3364016897176045e-06 -4.247571300022093e-08 1.0286617120008096e-08 -3.92387052926324e-06 1.2983866981725008e-06 -1.2311373652096337e-06 1.068853690829504e-06 -1.6015968632363465e-06 -3.6040982189163428e-07 6.1718764129636841e-07 8.4943710150624119e-07 3.5338857514943814e-07
leaf_weight=5470 24 274 35 20 27 439 28 20 149 24 24 29 213 20 22 55
leaf_count=5470 24 274 35 20 27 439 28 20 149 24 24 29 213 20 22 55
internal_value=-4.22082e-16 -3.17672e-09 -2.40327e-07 1.09092e-08 9.05483e-07 1.54124e-09 -2.70181e-08 -1.62895e-06 2.46929e-07 9.4747e-07 -8.41427e-08 -1.69287e-07 -1.34879e-08 -6.03879e-08 -2.89594e-08 1.59825e-09
internal_weight=6873 6849 384 6465 67 6398 5731 48 667 173 349 325 5683 40 296 494
internal_count=6873 6849 384 6465 67 6398 5731 48 667 173 349 325 5683 40 296 494
is_linear=0
shrinkage=0.05


Tree=150
num_leaves=23
num_cat=0
split_feature=25 26 5 20 18 25 6 2 26 1 0 1 15 9 27 27 3 27 5 2 22 19
split_gain=7.63894e-09 5.42882e-08 4.62868e-08 8.39046e-08 6.37787e-08 5.62917e-08 6.22635e-08 3.84832e-08 3.2059e-08 2.78496e-08 2.77695e-08 5.93797e-08 4.90406e-08 2.60096e-08 4.01919e-08 6.07382e-08 4.00038e-08 2.49927e-08 2.43662e-08 1.41583e-08 4.79095e-08 2.64153e-08
threshold=0.00066255616537437242 0.00033058737889244468 13.350000000000003 0.00080360000000000013 0.00060788500000000017 0.00067721665555572094 0.00070991500000000009 155.50000000000003 0.00069466358981070959 721.25000000000011 928.50000000000011 900.6500000000002 -0.88220415136009767 60.593465619351157 8.5000000000000018 66.833333333333357 26.950000000000003 0.83333333333333337 9.3500000000000032 295.50000000000006 720.50000000000011 0.00075457500000000006
decision_type=2 2 2 2 2 2 2 2 2 2 2 2 2 2 2 2 2 2 2 2 2 2
left_child=8 -2 5 4 -4 6 -3 17 10 -6 11 19 -12 -10 16 -16 -15 -7 -9 21 -21 -1
right_child=1 2 3 -5 9 7 -8 18 13 -11 12 -13 -14 14 15 -17 -18 -19 -20 20 -22 -23
leaf_value=-1.4796834467341029e-08 1.6885536890803062e-06 -3.6202217405020967e-06 -2.9292587444358462e-06 -4.1302559012024181e-06 1.0927239773966196e-06 6.2325770180393655e-07 2.7788862581701325e-07 -7.4569981999654082e-07 2.3532947965498393e-06 -7.5534628818941391e-07 9.3233172037798806e-07 2.5450621649270034e-06 -2.1129428555118818e-06 3.0544770300945281e-06 -2.2213241055304424e-06 1.4262174101445236e-06 -3.5240352929122314e-08 2.8764003741343915e-06 4.16745781391741e-07 -6.9657399323879312e-07 2.1307571937394378e-06 1.472487790200224e-06
leaf_weight=6148 35 21 23 20 36 32 20 75 23 47 20 23 39 22 25 21 20 20 113 29 31 30
leaf_count=6148 35 21 23 20 36 32 20 75 23 47 20 23 39 22 25 21 20 20 113 29 31 30
internal_value=9.52243e-17 -2.01067e-07 -3.63565e-07 -1.15985e-06 -5.99398e-07 -6.5119e-09 -1.7187e-06 2.85988e-07 1.38193e-08 4.62264e-08 -9.75504e-10 9.19868e-09 -1.08065e-06 8.56189e-07 4.64899e-07 -5.56142e-07 1.58318e-06 1.48985e-06 -4.69958e-08 -1.51247e-10 7.64214e-07 -7.57467e-09
internal_weight=6873 442 407 126 106 281 41 240 6431 83 6320 6261 59 111 88 46 42 52 188 6238 60 6178
internal_count=6873 442 407 126 106 281 41 240 6431 83 6320 6261 59 111 88 46 42 52 188 6238 60 6178
is_linear=0
shrinkage=0.05


Tree=151
num_leaves=29
num_cat=0
split_feature=8 1 24 25 3 17 27 15 15 24 17 26 13 17 1 1 18 1 25 15 8 0 1 4 26 20 8 26
split_gain=7.24662e-09 2.39673e-08 1.50485e-08 7.85731e-08 3.05785e-08 1.46421e-08 3.93774e-08 3.35838e-08 5.12523e-08 6.98065e-08 3.81829e-08 3.21807e-08 2.62553e-08 2.30897e-08 2.781e-08 2.02091e-08 3.48093e-08 3.04559e-08 2.61226e-08 1.60308e-08 1.43691e-08 1.28379e-08 2.10074e-08 1.13265e-08 9.04805e-09 8.76884e-09 5.57207e-09 4.02858e-09
threshold=263.47423577758337 818.70000000000016 0.00053857850618053711 0.00040788276083072132 24.450000000000003 0.96461151633324482 66.166666666666671 0.18281312110578132 -0.67801649466304881 0.00056899936841910777 0.99845780339954082 0.00023438256971017549 -0.78656609248549325 0.96060534441303547 771.70000000000016 818.70000000000016 0.00066329000000000008 800.25000000000011 0.00075189565443834589 -0.84313311835787952 173.83259981978213 595.50000000000011 724.60000000000002 1.5000000000000002 0.00025008399285915227 0.00042740500000000006 273.06941131118424 0.00029641360761377606
decision_type=2 2 2 2 2 2 2 2 2 2 2 2 2 2 2 2 2 2 2 2 2 2 2 2 2 2 2 2
left_child=5 2 3 21 25 13 7 8 19 -10 11 -9 -8 15 -15 17 20 18 -1 -7 -17 24 -23 26 -2 -4 -6 -12
right_child=1 -3 4 -5 23 6 12 10 9 -11 27 -13 -14 14 -16 16 -18 -19 -20 -21 -22 22 -24 -25 -26 -27 -28 -29
leaf_value=2.5124653439407305e-08 -5.0268357535066618e-08 -1.3352964322627265e-06 8.2218207836604056e-07 -2.9907857286003572e-06 6.7807429218191837e-07 1.4256799265927661e-07 2.988930935186675e-06 2.8276044682152625e-07 7.6728546013269968e-08 -1.7650711295455375e-06 1.1049475910402345e-07 2.1898880107652408e-06 4.8867626707944858e-07 1.5544025336566848e-07 -2.1588612187147022e-06 1.216245163959684e-06 2.1017844515412316e-06 -1.4325548511044111e-06 -1.0628818835860848e-06 9.9914878249795058e-07 -2.8449012265339443e-07 -2.0879681665064707e-06 1.7627779725227727e-07 -8.9104777032389395e-07 6.7460245570704167e-07 2.2687518480779546e-06 -3.4842070533613884e-07 -8.463675953862549e-07
leaf_weight=3717 1994 37 20 23 39 144 21 37 141 81 22 55 21 25 27 22 31 37 56 88 58 20 21 28 44 22 20 22
leaf_count=3717 1994 37 20 23 39 144 21 37 141 81 22 55 21 25 27 22 31 37 56 88 58 20 21 28 44 22 20 22
internal_value=-7.58781e-16 -7.31573e-08 -5.22254e-08 -8.4395e-08 4.71964e-07 3.60306e-08 2.59572e-07 1.54271e-07 -5.21964e-08 -5.95279e-07 8.43506e-07 1.42289e-06 1.7388e-06 4.71044e-10 -1.04622e-06 1.43521e-08 6.7939e-07 -5.02299e-09 8.97613e-09 4.67478e-07 1.28212e-07 -5.22415e-08 -9.28232e-07 -6.29064e-08 -3.46185e-08 1.57991e-06 3.3011e-07 -3.67936e-07
internal_weight=6873 2268 2231 2102 129 4605 632 590 454 222 136 92 42 3973 52 3921 111 3810 3773 232 80 2079 41 87 2038 42 59 44
internal_count=6873 2268 2231 2102 129 4605 632 590 454 222 136 92 42 3973 52 3921 111 3810 3773 232 80 2079 41 87 2038 42 59 44
is_linear=0
shrinkage=0.05


Tree=152
num_leaves=20
num_cat=0
split_feature=14 6 14 17 18 14 0 4 18 22 14 26 17 14 1 22 2 23 5
split_gain=7.65347e-09 1.25105e-08 8.2537e-09 5.35273e-08 3.84539e-08 9.98168e-08 5.76613e-08 5.65297e-08 3.11315e-08 2.65504e-08 2.10285e-08 5.29188e-08 1.09416e-08 4.52828e-08 3.70461e-08 1.37136e-08 1.69413e-08 8.88623e-09 1.52144e-09
threshold=-0.99985146406598202 0.00015179500000000003 -0.94139628442229062 0.99252627801315862 0.00058484500000000018 -0.96463499255812291 603.50000000000011 1.0000000180025095e-35 0.00049871500000000016 471.50000000000006 -0.91978325482952472 0.00031224881460076423 0.99252627801315862 0.96465729447553372 911.1500000000002 1000.5000000000001 218.50000000000003 590.50000000000011 9.9500000000000011
decision_type=2 2 2 2 2 2 2 2 2 2 2 2 2 2 2 2 2 2 2
left_child=1 -1 3 4 6 7 9 -6 -8 -2 11 18 15 14 -14 16 -12 -15 -4
right_child=2 -3 10 -5 5 -7 8 -9 -10 -11 12 -13 13 17 -16 -17 -18 -19 -20
leaf_value=-5.306262624214599e-08 -1.0419404128215455e-09 1.584256149413932e-06 -2.8811797715755759e-07 -2.1864856018011427e-06 -2.5422860096568916e-06 -4.0502551260466309e-06 2.4036855201733203e-06 4.8682847910409941e-07 1.0347180392500377e-07 -1.3117664288651345e-06 -3.0461255946182378e-08 2.7299964822304902e-06 2.1847174782689866e-07 1.0173827445472937e-06 -1.9722789277563738e-06 -1.17843028237985e-06 2.943471719574107e-07 2.4085864789450778e-06 2.3344875109564279e-07
leaf_weight=28 670 20 29 31 20 21 38 67 24 41 5066 25 238 22 21 25 436 24 27
leaf_count=28 670 20 29 31 20 21 38 67 24 41 5066 25 238 22 21 25 436 24 27
internal_value=5.99627e-16 6.29154e-07 -4.42482e-09 -1.44432e-07 -7.25774e-08 -9.56329e-07 5.08963e-08 -2.0952e-07 1.51328e-06 -7.66252e-08 1.71694e-08 8.17254e-07 6.05706e-09 2.97596e-07 4.08433e-08 -1.00311e-08 -4.72217e-09 1.74323e-06 -3.66483e-08
internal_weight=6873 48 6825 912 881 108 773 87 62 711 5913 81 5832 305 259 5527 5502 46 56
internal_count=6873 48 6825 912 881 108 773 87 62 711 5913 81 5832 305 259 5527 5502 46 56
is_linear=0
shrinkage=0.05


Tree=153
num_leaves=24
num_cat=0
split_feature=14 2 14 14 7 1 20 24 27 14 17 14 1 25 24 2 17 23 24 17 17 13 11
split_gain=7.92666e-09 2.69667e-08 1.66995e-08 1.06352e-07 1.93545e-07 6.47759e-08 3.39437e-08 4.59366e-08 2.89696e-08 1.69806e-08 1.50902e-08 3.705e-08 3.62445e-08 1.2662e-08 6.83009e-08 2.65994e-08 8.7339e-09 8.01982e-09 4.83107e-09 3.69981e-09 3.6675e-09 1.09206e-11 6.67713e-12
threshold=-0.99630266176052629 113.50000000000001 -0.95995996396290595 -0.96463499255812291 78.331832891933843 798.25000000000011 0.00053014000000000013 0.00045548430020461191 99.500000000000014 -0.95754239937548935 0.99252627801315862 0.96465729447553372 911.1500000000002 0.00066255616537437242 0.00041707431961194918 237.50000000000003 0.92219777930934976 590.50000000000011 0.00015042491163533243 0.9567654386262624 0.71652453325675958 0.1294095225512602 20.853125000000002
decision_type=2 2 2 2 2 2 2 2 2 2 2 2 2 2 2 2 2 2 2 2 2 2 2
left_child=1 18 3 5 -5 6 8 -8 -2 -4 13 12 -12 15 -15 -11 -3 -13 20 -18 21 -1 -23
right_child=2 16 9 4 -6 -7 7 -9 -10 10 11 17 -14 14 -16 -17 19 -19 -20 -21 -22 22 -24
leaf_value=-7.469598932113348e-08 2.9341535985909564e-08 2.4735053330005033e-07 1.3410301695178836e-06 -6.2791066306999722e-06 1.6091849265161988e-07 -2.8478449564772748e-06 2.4697026901776555e-06 -1.5136135808851188e-07 -1.3410320302365256e-06 -1.447416947158074e-08 2.8870070723534388e-07 9.6651360582778909e-07 -1.8736649638283e-06 -2.7648551928485598e-06 -1.0570245606129481e-07 5.3172764189832294e-07 1.894783519254326e-06 2.2881571164627229e-06 -7.0900193994323975e-07 1.0137702594968025e-06 6.8541916448339185e-07 -4.2222544858064156e-08 -1.0737906157893512e-08
leaf_weight=22 374 20 24 20 28 20 32 35 43 5141 251 22 21 26 339 233 26 24 24 22 20 85 21
leaf_count=22 374 20 24 20 28 20 32 35 43 5141 251 22 21 26 339 233 26 24 24 22 20 85 21
internal_value=-3.75586e-16 2.82287e-07 -1.02139e-08 -2.73535e-07 -2.52243e-06 -5.93546e-08 5.58723e-08 1.10049e-06 -1.11968e-07 1.36889e-08 8.42949e-09 3.43698e-07 1.21753e-07 -1.01479e-08 -2.95122e-07 9.20745e-09 1.12521e-06 1.65607e-06 -5.09616e-08 1.49099e-06 5.57477e-08 -4.26385e-08 -3.5985e-08
internal_weight=6873 240 6633 552 48 504 484 67 417 6081 6057 318 272 5739 365 5374 68 46 172 48 148 128 106
internal_count=6873 240 6633 552 48 504 484 67 417 6081 6057 318 272 5739 365 5374 68 46 172 48 148 128 106
is_linear=0
shrinkage=0.05


Tree=154
num_leaves=17
num_cat=0
split_feature=14 3 14 0 14 0 3 25 14 1 14 0 14 1 17 8
split_gain=7.78246e-09 3.56524e-08 2.02315e-08 3.45261e-08 9.32592e-09 6.01526e-08 7.56415e-08 2.41805e-08 1.74245e-08 8.93311e-08 4.537e-08 6.26373e-08 1.23421e-08 1.2056e-08 6.43215e-09 2.3344e-09
threshold=0.99966190462023474 17.650000000000002 0.99907018497641664 145.50000000000003 0.9916835347852474 553.50000000000011 19.050000000000004 0.00026182328039982359 0.98522604642031408 520.85000000000014 0.98213580174693105 222.50000000000003 0.93845596220871974 335.15000000000003 0.58498003824604972 92.65431507020655
decision_type=2 2 2 2 2 2 2 2 2 2 2 2 2 2 2 2
left_child=2 15 4 -4 8 7 -7 13 10 14 12 -12 -1 -6 -10 -2
right_child=1 -3 3 -5 5 6 -8 -9 9 -11 11 -13 -14 -15 -16 -17
leaf_value=-9.5410746295844122e-09 -2.5083676788995037e-07 -2.311153110667874e-06 -1.0498076028803944e-07 2.6150278449676993e-06 8.8001698890544897e-08 -3.790883123656386e-06 -6.6960402402097923e-08 1.679678662598731e-06 -2.8487340853343013e-07 3.4079879894662833e-06 -6.6347406045354416e-09 -3.6702765373775037e-06 2.6046693108120445e-07 -1.1471972015897337e-06 6.7243986515069562e-07 4.3776634258696493e-07
leaf_weight=5889 20 20 28 20 140 25 30 22 74 23 28 20 456 23 23 32
leaf_count=5889 20 20 28 20 140 25 30 22 74 23 28 20 456 23 23 32
internal_value=9.37543e-17 -5.17101e-07 5.47438e-09 1.02836e-06 -1.79621e-09 -3.07889e-07 -1.75965e-06 1.23717e-07 9.4831e-09 6.0641e-07 -1.72153e-09 -1.53315e-06 9.86376e-09 -8.62902e-08 -5.78816e-08 1.72919e-07
internal_weight=6873 72 6801 48 6753 240 55 185 6513 120 6393 48 6345 163 97 52
internal_count=6873 72 6801 48 6753 240 55 185 6513 120 6393 48 6345 163 97 52
is_linear=0
shrinkage=0.05


Tree=155
num_leaves=23
num_cat=0
split_feature=14 2 14 3 14 19 3 14 14 27 19 6 2 25 19 26 5 6 14 5 5 7
split_gain=7.17928e-09 2.43375e-08 1.50118e-08 1.31014e-07 7.55708e-08 3.49095e-08 5.5959e-08 4.40548e-08 1.53381e-08 9.98097e-09 4.16455e-08 4.62709e-08 2.2996e-08 4.09161e-08 2.2337e-08 2.105e-08 7.84507e-09 4.62661e-09 4.09472e-09 8.47355e-09 4.99052e-11 2.41302e-11
threshold=-0.99630266176052629 113.50000000000001 -0.95995996396290595 25.550000000000004 -0.96235977360714686 0.00042779000000000005 22.850000000000005 -0.98523971305672675 -0.95754239937548935 99.500000000000014 0.00047329000000000007 0.00054368500000000013 275.50000000000006 0.0005997891692007053 0.00082175000000000011 0.00038459406401821866 17.850000000000005 0.00015502500000000001 -0.99866806308218525 11.250000000000002 13.350000000000003 92.478246296160094
decision_type=2 2 2 2 2 2 2 2 2 2 2 2 2 2 2 2 2 2 2 2 2 2
left_child=1 16 3 4 5 6 -2 -7 -4 12 15 -12 14 -14 -10 -11 17 20 19 -3 21 -1
right_child=2 18 8 -5 -6 7 -8 -9 9 10 11 -13 13 -15 -16 -17 -18 -19 -20 -21 -22 -23
leaf_value=-9.9711168637384166e-08 3.1094716870779235e-08 1.4743492675690851e-06 1.2744557002027554e-06 -3.3645573553897634e-06 -2.8084816506179779e-06 2.0853191937352346e-06 -2.1804492724464994e-06 -7.3999878810247863e-08 -4.1001663652267593e-09 1.2257523938005992e-07 3.0940097731217975e-06 3.6481862647350703e-07 1.2475042726304734e-07 -2.1333378215006505e-06 1.1816693732669137e-06 -1.5614712606293325e-06 -9.7885339961578671e-07 7.6353109918835845e-07 1.562561818629477e-06 5.395759704437556e-08 3.09794271318068e-08 -3.8868788850136715e-08
leaf_weight=20 370 21 24 32 24 44 31 51 5592 257 25 41 47 35 40 20 20 21 26 21 23 88
leaf_count=20 370 21 24 32 24 44 31 51 5592 257 25 41 47 35 40 20 20 21 26 21 23 88
internal_value=1.0403e-15 2.6865e-07 -9.72049e-09 -2.59381e-07 -6.82931e-08 6.42967e-08 -1.39873e-07 9.26106e-07 1.29423e-08 7.94375e-09 2.69913e-07 1.3986e-06 -7.78175e-09 -8.39068e-07 4.32149e-09 9.83434e-10 -4.79364e-08 7.45527e-08 1.06943e-06 7.64153e-07 -3.58943e-08 -5.01359e-08
internal_weight=6873 240 6633 552 520 496 401 95 6081 6057 343 66 5714 82 5632 277 172 152 68 42 131 108
internal_count=6873 240 6633 552 520 496 401 95 6081 6057 343 66 5714 82 5632 277 172 152 68 42 131 108
is_linear=0
shrinkage=0.05


Tree=156
num_leaves=17
num_cat=0
split_feature=15 15 2 5 22 15 2 15 1 3 21 6 2 22 3 8
split_gain=7.21723e-09 8.17104e-09 5.41e-08 1.85614e-08 5.25436e-08 1.52429e-08 4.47757e-08 4.38881e-08 6.41906e-08 2.88494e-08 1.31901e-08 1.11711e-08 7.33729e-09 7.91856e-09 6.24017e-09 5.17251e-09
threshold=0.98929220549296726 0.91245913578114801 175.50000000000003 23.650000000000002 432.50000000000006 0.61913436964878354 152.50000000000003 0.59175731018202693 214.80000000000004 23.650000000000002 643.50000000000011 0.00050788000000000016 117.50000000000001 186.50000000000003 21.050000000000004 230.71074127603376
decision_type=2 2 2 2 2 2 2 2 2 2 2 2 2 2 2 2
left_child=1 3 10 5 15 7 9 11 -9 -7 12 -1 13 -3 -8 -5
right_child=-2 2 -4 4 -6 6 14 8 -10 -11 -12 -13 -14 -15 -16 -17
leaf_value=2.5219787331902239e-08 8.6554582594544633e-07 2.3249959796973819e-08 -2.6345057557881033e-06 -8.807928963960876e-07 2.5424521996658066e-06 1.8198109700807418e-07 1.0746771868937122e-06 1.5053646608618822e-08 -3.6937363501010627e-06 -1.6226284437290975e-06 -1.3288818638557134e-06 -1.4402006574300688e-07 7.129998243371461e-07 -6.876245551082953e-07 2.2335098527456957e-06 2.5636506766346657e-07
leaf_weight=4433 24 264 22 20 27 597 21 28 20 23 20 1250 32 46 26 20
leaf_count=4433 24 264 22 20 27 597 21 28 20 23 20 1250 32 46 26 20
internal_value=-1.31885e-15 -3.03301e-09 -2.27119e-07 1.02769e-08 8.38174e-07 1.60718e-09 2.27829e-07 -2.47215e-08 -1.53028e-06 1.15036e-07 -8.08132e-08 -1.20052e-08 -7.82674e-09 -8.22346e-08 1.71573e-06 -3.12214e-07
internal_weight=6873 6849 384 6465 67 6398 667 5731 48 620 362 5683 342 310 47 40
internal_count=6873 6849 384 6465 67 6398 667 5731 48 620 362 5683 342 310 47 40
is_linear=0
shrinkage=0.05


Tree=157
num_leaves=24
num_cat=0
split_feature=1 5 8 14 26 18 18 20 6 0 16 19 2 6 21 7 16 0 8 25 24 20 15
split_gain=7.24934e-09 3.74557e-08 4.52107e-08 8.7298e-08 4.80698e-08 3.82901e-08 6.04406e-08 3.2892e-08 2.97146e-08 2.5003e-08 4.37603e-08 8.91648e-08 4.38617e-08 5.5169e-08 3.71119e-08 3.26295e-08 3.09977e-08 2.71535e-08 2.46132e-08 1.89181e-08 7.36977e-08 3.59476e-08 1.26507e-08
threshold=724.60000000000002 6.7500000000000009 264.98143754926701 0.23537774960157334 0.00038246399895872785 0.00020620500000000002 0.00031518500000000011 0.00041048500000000009 0.00049871500000000016 851.50000000000011 922.47000000000014 0.00068984000000000016 250.50000000000003 0.00077672500000000014 690.50000000000011 19.890174420139271 919.35000000000014 902.50000000000011 262.77088913376446 0.00053806001279488606 0.00043196643959788348 0.00070488000000000007 -0.21862536810265826
decision_type=2 2 2 2 2 2 2 2 2 2 2 2 2 2 2 2 2 2 2 2 2 2 2
left_child=9 7 5 -4 -5 -3 -7 -2 -8 10 16 14 -13 -14 -12 17 19 -11 22 21 -21 -1 -9
right_child=1 2 3 4 -6 6 8 18 -10 15 11 12 13 -15 -16 -17 -18 -19 -20 20 -22 -23 -24
leaf_value=-9.7411139152179901e-09 -4.5289415402294253e-07 -1.7432774307315832e-06 9.1605171129620961e-07 -7.729692489040949e-07 -3.7297998387332755e-06 2.3014986199444994e-06 7.2081133923429524e-07 2.4613051531711485e-07 -4.6335882850292788e-08 6.3537941059621521e-07 6.8186295100696786e-07 1.6430762985784159e-06 -2.7568831719690936e-06 5.0273842317791505e-07 3.2623341985452282e-06 -2.521913102720481e-06 -1.9943365595054274e-06 -1.366377790629203e-06 3.1410391989084024e-06 -1.5403014717295855e-06 1.4763776443215677e-07 1.9297036232046593e-06 1.906055936987369e-06
leaf_weight=5317 25 26 35 27 28 33 160 24 598 36 22 21 25 27 38 22 20 32 20 97 194 24 22
leaf_count=5317 25 26 35 27 28 33 160 24 598 36 22 21 25 27 38 22 20 32 20 97 194 24 22
internal_value=-2.767e-16 1.2459e-07 2.75661e-08 -1.03603e-06 -2.27826e-06 1.44731e-07 2.06789e-07 1.09164e-06 1.15595e-07 -2.11645e-08 -8.29883e-09 8.88167e-07 -2.85528e-07 -1.06439e-06 2.31616e-06 -8.48139e-07 -2.9394e-08 -3.06624e-07 1.67668e-06 -2.24162e-08 -4.15009e-07 -1.02614e-09 1.04001e-06
internal_weight=6873 998 907 90 55 817 791 91 758 5875 5785 133 73 52 60 90 5652 68 66 5632 291 5341 46
internal_count=6873 998 907 90 55 817 791 91 758 5875 5785 133 73 52 60 90 5652 68 66 5632 291 5341 46
is_linear=0
shrinkage=0.05


Tree=158
num_leaves=30
num_cat=0
split_feature=3 14 14 27 18 14 18 4 17 23 23 17 26 27 22 0 21 21 15 15 17 26 17 6 18 9 8 15 0
split_gain=7.07351e-09 1.84923e-08 1.01791e-07 2.46372e-08 1.79355e-08 5.98876e-08 5.28902e-08 1.13874e-07 4.67e-08 8.66243e-08 3.83171e-08 3.7818e-08 3.53502e-08 7.48269e-08 6.34931e-08 4.87822e-08 5.11595e-08 4.97766e-08 3.35464e-08 2.56666e-08 1.42843e-08 1.35982e-08 9.86773e-09 1.50161e-08 2.65937e-08 1.38824e-08 7.40413e-09 6.23243e-09 1.15505e-10
threshold=28.250000000000004 -0.73354686966117377 -0.75648915189404875 0.83333333333333337 0.00063816500000000011 0.9916835347852474 0.00066491500000000008 97.500000000000014 0.9752786032485391 677.50000000000011 928.50000000000011 0.94469267424238235 0.0006591994033307056 57.833333333333336 766.50000000000011 811.00000000000011 923.50000000000011 851.50000000000011 0.42957308670649791 -0.35042475891464198 0.99944150187651604 0.00062369639297372352 0.92606098876130916 0.0004430350000000001 0.00060489000000000007 23.712640418858232 266.80853237446945 -0.93543596745397617 33.500000000000007
decision_type=2 2 2 2 2 2 2 2 2 2 2 2 2 2 2 2 2 2 2 2 2 2 2 2 2 2 2 2 2
left_child=4 2 3 -2 10 6 7 19 18 -10 12 -12 15 14 -14 17 -17 -1 -8 -6 22 -5 25 26 -25 28 -24 -27 -3
right_child=1 20 -4 21 5 -7 8 -9 9 -11 11 -13 13 -15 -16 16 -18 -19 -20 -21 -22 -23 23 24 -26 27 -28 -29 -30
leaf_value=1.2408008815642606e-08 -8.151408738399369e-07 -1.2456709791527269e-07 -2.7604974004447058e-06 3.9620534242045404e-07 5.7770081500368384e-07 -2.4892632407515741e-06 4.6454907684550945e-07 -4.0229300964256255e-06 1.7544677430753778e-06 -1.776231525351285e-06 2.8208983006076476e-06 -1.2301373317313846e-07 -2.288469817279332e-07 1.1204997208507778e-06 -3.7743315212018004e-06 2.735251710515568e-06 -4.6953382025094472e-07 -2.1010794569065185e-06 -1.4324056592158741e-06 -1.0606189749416767e-06 1.3725450014590024e-06 2.0808065272035493e-06 1.5064198180425594e-06 -1.1788093932777206e-06 1.7210044422762465e-07 4.1906558362825315e-07 3.7335199680067825e-07 1.3961817086404134e-06 3.5258674060401059e-08
leaf_weight=5533 20 26 32 23 45 29 344 26 23 71 24 20 23 26 28 33 20 28 25 51 30 25 21 47 162 25 46 47 20
leaf_count=5533 20 26 32 23 45 29 344 26 23 71 24 20 23 26 28 33 20 28 25 51 30 25 21 47 162 25 46 47 20
internal_value=-7.99039e-16 1.76564e-07 -4.35058e-07 6.59266e-07 -1.45723e-08 -2.71408e-07 -1.61464e-07 -1.08763e-06 8.25811e-08 -9.12337e-07 1.29251e-08 1.48276e-06 1.56109e-09 -1.06249e-06 -2.17539e-06 1.61553e-08 1.5259e-06 1.76646e-09 3.36029e-07 -2.92657e-07 3.20814e-07 1.2736e-06 2.40733e-07 7.71204e-08 -1.31693e-07 6.2342e-07 7.28493e-07 1.05691e-06 -5.50776e-08
internal_weight=6873 524 100 68 6349 614 585 122 463 94 5735 44 5691 77 51 5614 53 5561 369 96 424 48 394 276 209 118 67 72 46
internal_count=6873 524 100 68 6349 614 585 122 463 94 5735 44 5691 77 51 5614 53 5561 369 96 424 48 394 276 209 118 67 72 46
is_linear=0
shrinkage=0.05


Tree=159
num_leaves=17
num_cat=0
split_feature=17 17 27 21 22 19 3 23 19 21 15 21 8 17 25 21
split_gain=7.04014e-09 9.69076e-09 4.29843e-08 3.73855e-08 3.65355e-08 6.64143e-08 7.59942e-08 3.3278e-08 3.08453e-08 3.28012e-08 2.78177e-08 2.72694e-08 3.71547e-08 2.34991e-08 2.0516e-08 1.9758e-08
threshold=1.0188627020362733 0.94427869787543084 53.500000000000007 944.50000000000011 886.50000000000011 0.00067355000000000008 27.150000000000002 987.00000000000011 0.00031518500000000011 775.50000000000011 -0.84313311835787952 845.50000000000011 257.47764452810685 0.94129205808797278 0.00054090262624432062 823.50000000000011
decision_type=2 2 2 2 2 2 2 2 2 2 2 2 2 2 2 2
left_child=1 3 4 7 11 6 -6 13 -4 -10 -7 15 -13 14 -1 -3
right_child=-2 2 8 -5 5 10 -8 -9 9 -11 -12 12 -14 -15 -16 -17
leaf_value=1.3320385443376726e-08 -6.6987333837413391e-07 1.3556792621175311e-07 -2.6652440078578363e-07 1.7380088983524428e-06 -3.2039257266092135e-06 -6.0554774906999389e-07 5.1044738115922975e-07 -1.721134282206549e-06 3.0775415065623492e-06 7.5082408247081647e-07 7.2399820857532864e-07 1.7949525095068336e-06 6.8184420146363586e-08 -1.2461543836030987e-06 -3.4155740493059047e-07 -1.2207650623200348e-06
leaf_weight=5182 39 654 25 30 40 84 21 29 28 33 74 59 66 39 442 28
leaf_count=5182 39 654 25 30 40 84 21 29 28 33 74 59 66 39 442 28
internal_value=-4.18431e-16 3.82281e-09 1.38885e-07 -2.24248e-08 4.88836e-08 -5.23871e-07 -1.92521e-06 -3.17033e-08 1.21262e-06 1.81883e-06 1.7151e-08 2.04315e-07 8.83219e-07 -2.30518e-08 -1.45701e-08 7.98827e-08
internal_weight=6873 6834 1112 5722 1026 219 61 5692 86 61 158 807 125 5663 5624 682
internal_count=6873 6834 1112 5722 1026 219 61 5692 86 61 158 807 125 5663 5624 682
is_linear=0
shrinkage=0.05


Tree=160
num_leaves=17
num_cat=0
split_feature=14 21 14 21 14 21 14 7 25 14 1 14 0 18 4 5
split_gain=6.87079e-09 3.18165e-08 1.76842e-08 3.05382e-08 7.77317e-09 5.32047e-08 2.97e-08 4.71472e-08 3.82985e-08 1.573e-08 7.97525e-08 4.08558e-08 5.62856e-08 1.19121e-08 7.33697e-09 2.25089e-09
threshold=0.99966190462023474 505.50000000000006 0.99907018497641664 145.50000000000003 0.9916835347852474 702.50000000000011 0.99466373373798567 77.466421487095516 0.00021247959199887707 0.98522604642031408 520.85000000000014 0.98213580174693105 222.50000000000003 0.00073238000000000003 66.500000000000014 5.3500000000000005
decision_type=2 2 2 2 2 2 2 2 2 2 2 2 2 2 2 2
left_child=2 15 4 -4 9 6 7 -6 -8 11 14 13 -13 -1 -11 -2
right_child=1 -3 3 -5 5 -7 8 -9 -10 10 -12 12 -14 -15 -16 -17
leaf_value=-7.7609333135470357e-09 -1.7589446103727369e-07 -2.1806622216757889e-06 -1.0441234980110689e-07 2.4536934949992433e-06 -2.900683816733363e-06 -2.1456271559310897e-06 9.1128421048508184e-11 6.0434319168535234e-08 2.0298547120734745e-06 2.9712272681397245e-07 3.2229225642209792e-06 -8.1991518844201242e-09 -3.4811218165486935e-06 2.8915564238079229e-07 -5.9371080058817346e-07 4.8251639197116202e-07
leaf_weight=5987 25 20 28 20 20 33 117 41 29 59 23 28 20 358 38 27
leaf_count=5987 25 20 28 20 20 33 117 41 29 59 23 28 20 358 38 27
internal_value=-1.00577e-15 -4.8587e-07 5.14375e-09 9.61465e-07 -1.65373e-09 -2.81105e-07 1.61381e-08 -9.10424e-07 4.03263e-07 8.64386e-09 5.75804e-07 -2.00203e-09 -1.45525e-06 8.99181e-09 -5.18636e-08 1.65973e-07
internal_weight=6873 72 6801 48 6753 240 207 61 146 6513 120 6393 48 6345 97 52
internal_count=6873 72 6801 48 6753 240 207 61 146 6513 120 6393 48 6345 97 52
is_linear=0
shrinkage=0.05


Tree=161
num_leaves=17
num_cat=0
split_feature=15 15 2 5 22 15 22 3 15 6 17 22 25 6 18 8
split_gain=6.50704e-09 7.48675e-09 4.86963e-08 1.719e-08 4.77617e-08 1.36847e-08 4.30174e-08 6.01344e-08 3.87139e-08 5.74592e-08 1.33923e-08 1.27259e-08 1.24059e-08 1.01165e-08 5.7948e-09 4.54618e-09
threshold=0.98929220549296726 0.91245913578114801 175.50000000000003 23.650000000000002 432.50000000000006 0.61913436964878354 484.50000000000006 23.650000000000002 0.59175731018202693 2.4510000000000004e-05 0.91235872504674465 471.50000000000006 0.00023115688523938377 0.00050788000000000016 0.00039525000000000004 230.71074127603376
decision_type=2 2 2 2 2 2 2 2 2 2 2 2 2 2 2 2
left_child=1 3 10 5 15 8 14 -8 13 -10 11 12 -3 -1 -7 -5
right_child=-2 2 -4 4 -6 6 7 -9 9 -11 -12 -13 -14 -15 -16 -17
leaf_value=2.3938121716296338e-08 8.2185721907990236e-07 2.0751980854878325e-08 -2.5013735776982767e-06 -8.2325191186782831e-07 2.4314636018769103e-06 4.4178299356545383e-08 1.4165999408486047e-06 -1.4819012209597662e-06 2.4606958857832852e-08 -3.4843363789605068e-06 -1.0902724473756583e-06 1.1218053900141633e-06 -1.1412234371164232e-06 -1.3711546391903083e-07 -7.3585616147298089e-07 2.4283691622883909e-07
leaf_weight=4433 24 283 22 20 27 500 121 21 28 20 30 24 25 1250 25 20
leaf_count=4433 24 283 22 20 27 500 121 21 28 20 30 24 25 1250 25 20
internal_value=-5.43885e-16 -2.87992e-09 -2.17377e-07 9.86052e-09 8.06585e-07 1.5172e-09 2.15864e-07 9.87948e-07 -2.34295e-08 -1.43745e-06 -7.85708e-08 1.28481e-08 -7.35642e-08 -1.14863e-08 7.0338e-09 -2.90207e-07
internal_weight=6873 6849 384 6465 67 6398 667 142 5731 48 362 332 308 5683 525 40
internal_count=6873 6849 384 6465 67 6398 667 142 5731 48 362 332 308 5683 525 40
is_linear=0
shrinkage=0.05


Tree=162
num_leaves=26
num_cat=0
split_feature=13 6 6 19 8 0 25 4 8 24 27 25 19 24 24 5 25 15 25 25 0 22 22 11 21
split_gain=6.77497e-09 3.0315e-08 5.96493e-08 5.74078e-08 4.02514e-08 3.87511e-08 4.6997e-08 3.33291e-08 4.68933e-08 3.09635e-08 2.79642e-08 4.51363e-08 4.31569e-08 3.28977e-08 3.28093e-08 2.24369e-08 2.21059e-08 2.84646e-08 1.23885e-08 1.04274e-08 1.69943e-08 1.24379e-08 1.24299e-08 7.94523e-09 9.18828e-09
threshold=-0.3794095225512602 0.00050788000000000016 0.00053712500000000017 0.00045395500000000008 215.01485218476412 423.50000000000006 0.0004741293382238098 57.500000000000007 233.17242719103459 0.00037730209112520676 3.5000000000000004 0.00068954845129393083 0.00058432500000000023 0.00055077238339201653 0.00049347065868453495 12.950000000000001 0.00047107569782620182 -0.86974577485258975 0.00040788276083072132 0.00028981150124017893 595.50000000000011 603.50000000000011 560.50000000000011 42.415625000000006 648.50000000000011
decision_type=2 2 2 2 2 2 2 2 2 2 2 2 2 2 2 2 2 2 2 2 2 2 2 2 2
left_child=1 10 3 -3 15 6 -4 9 -9 -7 12 13 16 14 -12 -5 17 -1 19 20 23 22 -21 24 -2
right_child=18 2 5 4 -6 7 -8 8 -10 -11 11 -13 -14 -15 -16 -17 -18 -19 -20 21 -22 -23 -24 -25 -26
leaf_value=1.7299012109914556e-06 -3.3567797870121469e-08 -3.6701506047620569e-06 2.9516491020823806e-06 1.0013132700512342e-06 -2.2285379166667689e-06 -9.0246327385114604e-07 -2.8724032398756776e-07 -2.7122027157979971e-07 -2.1473715037245711e-06 1.4563245855161794e-07 1.7679509773729339e-07 -2.2388215887758636e-06 2.2210621190984406e-06 2.1187232570290301e-06 -1.5083387120284898e-06 -1.1467185117908231e-06 -8.6353245925407174e-07 3.2994169275767303e-07 -1.034349804007023e-06 8.6802028698868173e-07 -1.4609247294910825e-06 1.576724935689743e-06 -5.5964832237502073e-07 8.3634304071613142e-07 -8.4714254675028715e-07
leaf_weight=45 4103 20 24 31 27 76 21 199 40 968 777 20 39 21 30 20 29 188 31 31 21 21 30 26 35
leaf_count=45 4103 20 24 31 27 76 21 199 40 968 777 20 39 21 30 20 29 188 31 31 21 21 30 26 35
internal_value=1.30422e-15 6.4135e-08 -8.98614e-08 -1.28028e-06 -6.6749e-07 -2.01442e-09 1.44017e-06 -5.25976e-08 -5.8522e-07 6.93343e-08 2.55257e-07 1.08298e-07 6.69281e-07 1.64991e-07 1.14151e-07 1.58948e-07 4.38291e-07 6.0032e-07 -3.84243e-08 -3.11888e-08 -4.21298e-08 5.272e-07 1.65888e-07 -3.49745e-08 -4.04492e-08
internal_weight=6873 2575 1426 98 78 1328 45 1283 239 1044 1149 848 301 828 807 51 262 233 4298 4267 4185 82 61 4164 4138
internal_count=6873 2575 1426 98 78 1328 45 1283 239 1044 1149 848 301 828 807 51 262 233 4298 4267 4185 82 61 4164 4138
is_linear=0
shrinkage=0.05


Tree=163
num_leaves=10
num_cat=0
split_feature=2 2 17 2 2 16 16 21 6
split_gain=6.76261e-09 8.61093e-09 6.1614e-08 1.54386e-08 8.97043e-09 4.93492e-08 9.17587e-09 2.63702e-08 1.46958e-08
threshold=347.50000000000006 308.50000000000006 0.68656871680296128 295.50000000000006 279.50000000000006 845.34000000000003 964.80000000000007 833.50000000000011 0.00081085500000000019
decision_type=2 2 2 2 2 2 2 2 2
left_child=1 3 -3 4 6 -6 8 -8 -1
right_child=-2 2 -4 -5 5 -7 7 -9 -10
leaf_value=-5.1009657539829329e-09 9.1807769649676633e-07 1.1976274999656397e-06 -2.3882571949798147e-06 1.2952562391764451e-06 -2.4447126201093419e-06 9.8308566380399599e-07 1.3249499763787754e-06 4.9578774610992444e-08 -1.2712221619089494e-06
leaf_weight=6453 20 23 25 23 21 21 50 214 23
leaf_count=6453 20 23 25 23 21 21 50 214 23
internal_value=-1.71013e-16 -2.67935e-09 -6.70021e-07 2.02784e-09 -2.35793e-09 -7.30813e-07 2.18141e-09 2.91126e-07 -9.59769e-09
internal_weight=6873 6853 48 6805 6782 42 6740 264 6476
internal_count=6873 6853 48 6805 6782 42 6740 264 6476
is_linear=0
shrinkage=0.05


Tree=164
num_leaves=7
num_cat=0
split_feature=18 1 22 23 23 22
split_gain=6.31544e-09 9.2398e-09 1.47463e-08 1.39616e-08 2.08215e-08 1.4442e-08
threshold=0.00083425500000000011 926.50000000000011 1000.5000000000001 1003.5000000000001 981.50000000000011 939.50000000000011
decision_type=2 2 2 2 2 2
left_child=1 2 3 4 5 -1
right_child=-2 -3 -4 -5 -6 -7
leaf_value=-9.0031457289931782e-09 8.0966722263061312e-07 9.9763944475576549e-07 -1.194699683428378e-06 1.2558763340951953e-06 -1.2986000586484043e-06 5.8200663477778327e-07
leaf_weight=6642 24 23 26 22 31 105
leaf_count=6642 24 23 26 22 31 105
internal_value=1.31748e-15 -2.8372e-09 -6.20828e-09 -1.66405e-09 -5.74577e-09 1.94428e-10
internal_weight=6873 6849 6826 6800 6778 6747
internal_count=6873 6849 6826 6800 6778 6747
is_linear=0
shrinkage=0.05


Tree=165
num_leaves=18
num_cat=0
split_feature=17 14 17 14 6 1 14 19 14 3 17 20 5 20 12 5 16
split_gain=6.28078e-09 1.09467e-08 2.23459e-08 1.38182e-08 1.17545e-07 1.82266e-08 1.2596e-08 5.32007e-08 2.44366e-08 1.16738e-07 1.29889e-08 6.07239e-09 5.3176e-09 2.09014e-09 5.10627e-10 4.06154e-11 2.66712e-11
threshold=1.0188627020362733 -0.99630266176052629 0.91480929556445811 -0.99275805973510278 0.00030069500000000007 222.05000000000004 -0.98523971305672675 0.00038796000000000007 -0.95995996396290595 23.450000000000003 0.99252627801315862 0.00046073000000000007 10.950000000000001 0.00013722500000000002 0.60355339059327384 16.550000000000004 3.5649999999999999
decision_type=2 2 2 2 2 2 2 2 2 2 2 2 2 2 2 2 2
left_child=1 2 13 4 5 14 7 12 9 -8 -10 -4 -5 15 -3 16 -1
right_child=-2 3 11 6 -6 -7 8 -9 10 -11 -12 -13 -14 -15 -16 -17 -18
leaf_value=-3.9245603275919575e-08 -6.3271621062326996e-07 6.5578603658522644e-11 4.9819808690575551e-07 8.3850728723457531e-08 -3.8126128443268087e-06 1.6395417492276467e-06 -1.3212471441029003e-08 2.1588899268668424e-06 -4.0800339987279253e-09 -2.6294922005887451e-06 3.4171224481189971e-07 1.5370914426080745e-06 -8.1840798088705929e-07 3.8371907503214731e-07 -3.1285373438549871e-07 2.6048173253911955e-08 -9.9315426730892961e-08
leaf_weight=94 39 32 22 89 22 20 260 35 5763 51 285 39 20 37 22 20 23
leaf_count=94 39 32 22 89 22 20 260 35 5763 51 285 39 20 37 22 20 23
internal_value=2.2853e-17 3.61076e-09 3.38945e-07 -8.33099e-09 -6.03826e-07 3.50137e-07 4.59959e-10 4.62887e-07 -1.00117e-08 -4.42249e-07 1.22147e-08 1.16241e-06 -8.17013e-08 5.02599e-08 -1.2742e-07 -3.97984e-08 -5.10542e-08
internal_weight=6873 6834 235 6599 96 74 6503 144 6359 311 6048 61 109 174 54 137 117
internal_count=6873 6834 235 6599 96 74 6503 144 6359 311 6048 61 109 174 54 137 117
is_linear=0
shrinkage=0.05


Tree=166
num_leaves=21
num_cat=0
split_feature=14 13 18 18 24 11 11 27 2 23 0 1 8 23 18 27 0 21 19 0
split_gain=6.29676e-09 6.75765e-09 1.8472e-08 4.58154e-08 9.37963e-08 8.41576e-08 4.37031e-08 4.58291e-08 3.18147e-08 5.46748e-08 7.53334e-08 5.09632e-08 1.14225e-08 4.75403e-09 1.73673e-08 1.494e-08 1.42126e-08 4.96081e-09 1.41595e-08 7.4435e-09
threshold=0.99995780822346225 -0.3794095225512602 0.00049194500000000003 0.00053712500000000017 0.00040160075427799375 48.065625000000004 33.271875000000009 61.166666666666679 240.50000000000003 902.50000000000011 766.50000000000011 431.85000000000008 222.25121069428295 596.50000000000011 0.00054587500000000003 1.1666666666666667 614.50000000000011 648.50000000000011 0.00029360500000000001 432.50000000000006
decision_type=2 2 2 2 2 2 2 2 2 2 2 2 2 2 2 2 2 2 2 2
left_child=1 2 8 4 -4 -6 12 -8 9 10 -1 -10 -5 16 -15 -16 17 19 -19 -3
right_child=-2 13 3 6 5 -7 7 -9 11 -11 -12 -13 -14 14 15 -17 -18 18 -20 -21
leaf_value=1.0220361194480004e-07 -8.084689864536662e-07 -3.3251174823615392e-08 -3.4542699218075635e-06 2.3192877790734202e-06 5.0775565886474728e-07 -2.9147204021801769e-06 1.2204992545869897e-07 -6.9866232524238684e-07 -2.0779280021088198e-07 -1.8263083561845742e-06 1.7968767032730936e-06 2.6196143759407546e-06 7.0137157592853328e-07 -1.4468026624517396e-06 -7.3742374794960597e-07 9.9116229057472089e-07 1.301227781596026e-06 -1.378150488143057e-06 8.7498217958960199e-08 7.8476552626430665e-07
leaf_weight=1038 24 4087 29 24 82 23 976 206 30 34 70 34 20 27 25 25 20 26 45 28
leaf_count=1038 24 4087 29 24 82 23 976 206 30 34 70 34 20 27 25 25 20 26 45 28
internal_value=2.12219e-15 2.83301e-09 6.69983e-08 -5.93307e-08 -9.37138e-07 -2.4193e-07 3.66123e-08 -2.09845e-08 2.09459e-07 1.48664e-07 2.09268e-07 1.29427e-06 1.58387e-06 -3.56092e-08 -4.24938e-07 1.26869e-07 -2.84817e-08 -3.48348e-08 -4.49218e-07 -2.76851e-08
internal_weight=6873 6849 2566 1360 134 105 1226 1182 1206 1142 1108 64 44 4283 77 50 4206 4186 71 4115
internal_count=6873 6849 2566 1360 134 105 1226 1182 1206 1142 1108 64 44 4283 77 50 4206 4186 71 4115
is_linear=0
shrinkage=0.05


Tree=167
num_leaves=19
num_cat=0
split_feature=25 26 6 25 15 14 23 0 3 14 0 13 6 14 14 22 19 26
split_gain=6.20374e-09 4.54041e-08 3.86916e-08 7.4221e-08 7.57004e-08 3.54562e-08 2.77978e-08 2.65648e-08 5.22502e-08 6.76641e-08 2.91181e-08 3.20049e-08 5.75893e-08 2.3127e-08 4.32857e-08 2.60369e-08 1.74124e-08 1.11699e-08
threshold=0.00066255616537437242 0.00038459406401821866 0.00069368500000000009 0.00067721665555572094 -0.59177783207548873 0.83376496542330847 997.50000000000011 928.50000000000011 26.150000000000002 0.70290292807158616 914.50000000000011 -0.98296291314453399 0.00041787000000000004 0.92922379131507438 0.54219432480460406 966.50000000000011 0.00079291500000000005 0.00072006010827437852
decision_type=2 2 2 2 2 2 2 2 2 2 2 2 2 2 2 2 2 2
left_child=6 5 3 -3 -5 -2 7 10 9 -9 11 12 -1 14 15 -4 -16 -13
right_child=1 2 13 4 -6 -7 -8 8 -10 -11 -12 17 -14 -15 16 -17 -18 -19
leaf_value=3.2081238850878436e-06 1.1159783497305399e-08 -3.954280501829999e-06 8.5931131397166876e-09 -2.0621179778067421e-06 1.2801969017317561e-06 2.8244027362234195e-06 1.8736135154995281e-06 -2.3779062369537011e-07 7.0598974491139385e-07 -4.175601616225322e-06 1.5462129044771423e-06 -4.6803991054584518e-09 3.5069162375189906e-07 -1.4324915809993401e-06 2.6168055978814665e-06 -1.4848796758863446e-06 5.3039718295622151e-07 -1.1598046772373243e-06
leaf_weight=20 24 20 206 36 32 21 20 24 29 20 31 6117 149 29 20 34 20 21
leaf_count=20 24 20 206 36 32 21 20 24 29 20 31 6117 149 29 20 34 20 21
internal_value=5.42056e-16 -1.81197e-07 -3.51812e-07 -1.27677e-06 -4.89264e-07 1.32401e-06 1.24536e-08 6.64747e-09 -9.41717e-07 -2.0277e-06 1.75706e-08 1.0057e-08 6.88849e-07 -8.83946e-08 5.08155e-08 -2.02982e-07 1.5736e-06 -8.63244e-09
internal_weight=6873 442 397 88 68 45 6431 6411 73 44 6338 6307 169 309 280 240 40 6138
internal_count=6873 442 397 88 68 45 6431 6411 73 44 6338 6307 169 309 280 240 40 6138
is_linear=0
shrinkage=0.05


Tree=168
num_leaves=16
num_cat=0
split_feature=20 19 15 15 17 13 26 0 15 14 17 0 11 9 5
split_gain=6.5143e-09 9.74164e-09 7.23086e-09 1.99243e-08 3.91442e-08 1.55166e-08 1.39509e-08 1.01992e-08 1.85815e-08 1.55622e-08 9.7537e-09 7.81664e-09 2.78346e-09 5.2669e-10 3.40066e-10
threshold=0.00083425500000000011 0.00082739500000000019 -0.97111920233974802 -0.96234030595689413 0.86362342112691637 -0.60355339059327384 0.00078476268688999079 137.50000000000003 -0.99465740988130902 -0.066607572871769438 0.97834756105101872 981.50000000000011 24.153125000000003 9.1999481305695152 16.950000000000003
decision_type=2 2 2 2 2 2 2 2 2 2 2 2 2 2 2
left_child=1 2 7 4 12 -6 11 13 9 -9 -10 -5 -4 14 -1
right_child=-2 -3 3 6 5 -7 -8 8 10 -11 -12 -13 -14 -15 -16
leaf_value=-3.1505960411371144e-08 -8.2231573300302809e-07 8.5988050662336101e-07 -9.3360221361156933e-08 -6.5738936563496674e-09 -2.7156040311598667e-06 -8.5823080915113011e-07 1.2223790156934664e-06 -1.2800667763179302e-06 4.7123315940896592e-07 1.5842843916413018e-07 1.3052063651756839e-06 -6.8311780469600292e-07 6.5718608314433553e-07 -2.7434703489299344e-07 1.5393736755750408e-07
leaf_weight=293 24 33 30 6002 23 22 23 23 138 103 47 43 21 21 27
leaf_count=293 24 33 30 6002 23 22 23 23 138 103 47 43 21 21 27
internal_value=-7.16083e-16 2.88153e-09 -1.26768e-09 -1.80168e-08 -7.32707e-07 -1.80755e-06 -6.70993e-09 1.57079e-07 3.64153e-07 -1.04154e-07 6.83107e-07 -1.13864e-08 2.15688e-07 -3.17778e-08 -1.58592e-08
internal_weight=6873 6849 6816 6164 96 45 6068 652 311 126 185 6045 51 341 320
internal_count=6873 6849 6816 6164 96 45 6068 652 311 126 185 6045 51 341 320
is_linear=0
shrinkage=0.05


Tree=169
num_leaves=10
num_cat=0
split_feature=2 2 17 2 2 16 19 14 6
split_gain=6.08132e-09 7.6644e-09 5.44691e-08 1.40542e-08 8.52744e-09 4.39976e-08 1.83094e-08 1.29548e-08 1.09953e-08
threshold=347.50000000000006 308.50000000000006 0.68656871680296128 295.50000000000006 279.50000000000006 845.34000000000003 0.00082175000000000011 0.16799745313369893 0.00080648500000000012
decision_type=2 2 2 2 2 2 2 2 2
left_child=1 3 -3 4 6 -6 8 -8 -1
right_child=-2 2 -4 -5 5 -7 7 -9 -10
leaf_value=6.4324989299506327e-10 8.7060468786148707e-07 1.1238873135564221e-06 -2.247679769425304e-06 1.2357832242346574e-06 -2.3308291366404213e-06 9.0577821354253554e-07 1.6470807644336241e-07 1.9209749325455049e-06 -8.2068074494661296e-07
leaf_weight=6657 20 23 25 23 21 21 21 21 41
leaf_count=6657 20 23 25 23 21 21 21 21 41
internal_value=-4.51972e-17 -2.5408e-09 -6.32137e-07 1.90015e-09 -2.28436e-09 -7.12525e-07 2.14148e-09 1.04284e-06 -4.38426e-09
internal_weight=6873 6853 48 6805 6782 42 6740 42 6698
internal_count=6873 6853 48 6805 6782 42 6740 42 6698
is_linear=0
shrinkage=0.05


Tree=170
num_leaves=15
num_cat=0
split_feature=15 15 2 5 22 15 1 17 13 5 25 1 26 5
split_gain=5.95336e-09 6.67059e-09 4.29506e-08 1.45027e-08 4.08038e-08 1.27048e-08 1.98286e-08 1.2044e-08 1.12617e-08 7.3259e-09 4.6609e-08 1.09894e-08 6.19189e-09 3.88815e-09
threshold=0.98929220549296726 0.91245913578114801 175.50000000000003 23.650000000000002 432.50000000000006 0.89784768270548698 188.05000000000004 0.91235872504674465 -0.9159756150367534 19.950000000000003 0.00049482349192463485 724.60000000000002 0.00026131693850768681 26.250000000000004
decision_type=2 2 2 2 2 2 2 2 2 2 2 2 2 2
left_child=1 3 7 5 13 9 -7 8 -3 11 -11 -1 -10 -5
right_child=-2 2 -4 4 -6 6 -8 -9 12 10 -12 -13 -14 -15
leaf_value=-2.2463739837001458e-08 7.8611434825385613e-07 1.1049642753588077e-06 -2.3502472523453187e-06 2.2027552972758713e-07 2.2429400291701787e-06 -4.6870546555055626e-08 2.0144339191574546e-06 -1.034285943054177e-06 -3.9834678635910748e-09 1.5379308031033329e-07 -1.6051657430758569e-06 1.6732568170173213e-07 -8.7425544899650218e-07 -7.6564370729670386e-07
leaf_weight=5263 24 22 22 20 27 28 20 30 288 144 51 892 22 20
leaf_count=5263 24 22 22 20 27 28 20 30 288 144 51 892 22 20
internal_value=-2.54682e-16 -2.75467e-09 -2.05223e-07 9.27129e-09 7.41075e-07 1.60783e-09 8.12006e-07 -7.48625e-08 1.18324e-08 -4.51802e-09 -3.06242e-07 5.04108e-09 -6.57447e-08 -2.72684e-07
internal_weight=6873 6849 384 6465 67 6398 48 362 332 6350 195 6155 310 40
internal_count=6873 6849 384 6465 67 6398 48 362 332 6350 195 6155 310 40
is_linear=0
shrinkage=0.05


Tree=171
num_leaves=23
num_cat=0
split_feature=25 26 5 20 25 6 18 2 2 5 26 5 17 26 2 0 1 16 13 6 2 17
split_gain=5.89059e-09 3.99269e-08 4.1512e-08 6.65987e-08 5.20811e-08 5.68534e-08 4.8787e-08 3.44667e-08 3.00405e-08 2.45161e-08 2.43975e-08 2.26671e-08 2.55226e-08 2.25216e-08 2.24622e-08 1.90263e-08 4.73949e-08 3.17228e-08 1.34866e-08 2.77078e-08 1.93275e-08 1.23223e-08
threshold=0.00066255616537437242 0.00038459406401821866 13.350000000000003 0.00080360000000000013 0.00067721665555572094 0.00070991500000000009 0.00060788500000000017 165.50000000000003 155.50000000000003 9.3500000000000032 0.00069466358981070959 11.250000000000002 0.96965711648407893 0.00074109323310950486 161.50000000000003 928.50000000000011 900.6500000000002 1001.9250000000001 -0.98296291314453399 0.00072669500000000008 329.00000000000006 0.99105892234432724
decision_type=2 2 2 2 2 2 2 2 2 2 2 2 2 2 2 2 2 2 2 2 2 2
left_child=10 14 4 6 5 -3 -4 -8 21 -10 15 12 -12 -13 -2 16 18 -17 19 -1 -20 -6
right_child=1 2 3 -5 8 -7 7 -9 9 -11 11 13 -14 -15 -16 17 -18 -19 20 -21 -22 -23
leaf_value=8.0862630090594947e-07 2.2798813905211548e-06 -3.5463233825794308e-06 -2.6164607871608143e-06 -3.7399676108407224e-06 2.0832728975303132e-06 2.2373557470700689e-07 -1.801077376626381e-06 5.9568213430338799e-07 -7.0298937611664161e-07 4.6981984078391704e-07 2.5835654892287292e-06 9.3592323328512326e-07 2.2697444137520507e-07 -9.6330301428477277e-07 4.0709387793044918e-08 -2.4540513853329077e-06 2.2731946234236365e-06 -3.2575224838039599e-08 -1.7766603308297687e-08 -9.149456805493299e-07 1.4039393950800636e-06 4.5831595087975078e-07
leaf_weight=119 24 20 23 20 28 20 20 60 74 112 27 37 20 27 21 21 23 38 6066 29 24 20
leaf_count=119 24 20 23 20 28 20 20 60 74 112 27 37 20 27 21 21 23 38 6066 29 24 20
internal_value=2.79005e-16 -1.76565e-07 -3.36559e-07 -1.09966e-06 6.00296e-09 -1.66129e-06 -5.86983e-07 -3.50774e-09 2.91011e-07 3.21832e-09 1.21352e-08 7.46989e-07 1.58076e-06 1.34687e-07 1.23493e-06 -7.71207e-10 7.65036e-09 -8.94457e-07 -7.0288e-10 4.70899e-07 -1.21638e-08 1.40621e-06
internal_weight=6873 442 397 123 274 40 103 80 234 186 6431 111 47 64 45 6320 6261 59 6238 148 6090 48
internal_count=6873 442 397 123 274 40 103 80 234 186 6431 111 47 64 45 6320 6261 59 6238 148 6090 48
is_linear=0
shrinkage=0.05


Tree=172
num_leaves=30
num_cat=0
split_feature=6 6 19 1 9 20 0 16 26 3 17 11 22 8 25 20 23 26 20 22 25 6 26 2 23 21 6 26 11
split_gain=6.0877e-09 5.16059e-08 5.15695e-08 3.8248e-08 3.6199e-08 3.63012e-08 4.73923e-08 3.9418e-08 8.38955e-08 1.03598e-07 3.61199e-08 3.71066e-08 3.05058e-08 2.92514e-08 3.63422e-08 2.29627e-08 2.14864e-08 2.72772e-08 5.61317e-08 5.12858e-08 1.48721e-08 3.03517e-08 2.02405e-08 2.13672e-08 1.25635e-08 2.3406e-08 1.15667e-08 1.31474e-08 8.28762e-09
threshold=0.00050788000000000016 0.00053712500000000017 0.00045395500000000008 160.85000000000002 36.66508201347397 0.00065290000000000009 807.50000000000011 853.50000000000011 0.00066501223656836189 24.050000000000004 0.8071027934020466 43.328125000000007 914.50000000000011 226.39009706154982 0.00046494800223604004 0.00061924000000000018 420.50000000000006 0.00045477677173186981 0.00060545000000000011 816.50000000000011 0.00040788276083072132 0.00042477500000000007 0.00041434550949085005 138.50000000000003 340.50000000000006 218.50000000000003 0.00043110000000000007 0.00037353245537303424 29.962500000000002
decision_type=2 2 2 2 2 2 2 2 2 2 2 2 2 2 2 2 2 2 2 2 2 2 2 2 2 2 2 2 2
left_child=4 2 -2 -3 20 6 13 -7 -9 -10 -4 -12 -8 15 -15 -6 -5 19 -19 -18 22 -22 26 -24 -23 -26 27 -1 -28
right_child=1 3 10 16 5 7 12 8 9 -11 11 -13 -14 14 -16 -17 17 18 -20 -21 21 24 23 -25 25 -27 28 -29 -30
leaf_value=-1.2233685906436317e-08 -3.4643113770016501e-06 1.8181269427129467e-06 -2.4507194984835227e-06 -1.2210749724473366e-06 7.6002354892095341e-07 1.1730802064846558e-06 3.528696080810851e-06 -3.6149314252855093e-06 -2.270945950099391e-06 1.9781689829301285e-06 1.1533674819874663e-06 -1.3896412737652169e-06 8.5866433664705254e-07 4.1183775017765008e-07 -1.5723445930516703e-06 2.6071578696473807e-06 8.7608384957774172e-07 -8.241569762273558e-07 6.9934303930380496e-08 -5.8038671320239456e-07 -2.3618101455724628e-06 5.8174817421097211e-07 1.6766766381601152e-07 2.2638696680132854e-06 -1.9891202055077883e-06 3.0573040430681435e-07 -1.4375171590670462e-07 -8.1932050081787561e-07 1.0186777228435188e-06
leaf_weight=4757 20 28 20 38 106 32 23 21 26 32 32 26 20 113 29 20 193 229 752 88 20 32 31 20 20 25 23 51 46
leaf_count=4757 20 28 20 38 106 32 23 21 26 32 32 26 20 113 29 20 193 229 752 88 20 32 31 20 20 25 23 51 46
internal_value=-5.81458e-17 -9.19692e-08 -1.19922e-06 -1.02594e-08 2.40771e-08 4.68864e-07 7.45912e-07 -3.07371e-07 -9.07047e-07 7.33933e-08 -6.18427e-07 1.3398e-08 2.28682e-06 4.98677e-07 6.61741e-09 1.05322e-06 -4.964e-08 -1.4367e-08 -1.38778e-07 4.19965e-07 -1.32761e-08 -6.26386e-07 -1.208e-09 9.89708e-07 -1.75626e-07 -7.14203e-07 -1.15702e-08 -2.07947e-08 6.31201e-07
internal_weight=6873 1426 98 1328 5447 422 311 111 79 58 78 58 43 268 142 126 1300 1262 981 281 5025 97 4928 51 77 45 4877 4808 69
internal_count=6873 1426 98 1328 5447 422 311 111 79 58 78 58 43 268 142 126 1300 1262 981 281 5025 97 4928 51 77 45 4877 4808 69
is_linear=0
shrinkage=0.05


Tree=173
num_leaves=10
num_cat=0
split_feature=20 19 16 22 2 22 19 19 20
split_gain=5.72321e-09 7.62254e-09 7.85947e-09 2.51175e-08 1.69807e-08 3.36907e-08 8.5706e-09 4.8875e-08 2.18457e-08
threshold=0.00083425500000000011 0.00082739500000000019 1028.7600000000002 966.50000000000011 316.00000000000006 816.50000000000011 0.00072637000000000016 0.00071982000000000014 0.0004934850000000001
decision_type=2 2 2 2 2 2 2 2 2
left_child=1 2 4 -4 6 -6 7 -1 -8
right_child=-2 -3 3 -5 5 -7 8 -9 -10
leaf_value=-6.8650489516917445e-09 -7.7077003245070361e-07 7.6077941767752319e-07 -1.8616867446429421e-06 5.2756472696687105e-07 -4.205885034025414e-07 2.4815946198941675e-06 1.4271735621410438e-06 -2.2219626262085516e-06 1.0550672149430306e-07
leaf_weight=6379 24 33 22 22 20 20 35 25 293
leaf_count=6379 24 33 22 22 20 20 35 25 293
internal_value=1.32405e-15 2.7009e-09 -9.69371e-10 -6.67061e-07 3.35845e-09 1.0305e-06 -2.7446e-09 -1.55124e-08 2.46538e-07
internal_weight=6873 6849 6816 44 6772 40 6732 6404 328
internal_count=6873 6849 6816 44 6772 40 6732 6404 328
is_linear=0
shrinkage=0.05


Tree=174
num_leaves=23
num_cat=0
split_feature=25 25 26 21 15 24 1 7 15 2 0 5 21 8 19 23 6 26 24 26 25 6
split_gain=5.88213e-09 5.38276e-08 4.99791e-08 4.62699e-08 4.59094e-08 4.0412e-08 8.3472e-08 4.75766e-08 3.32909e-08 3.67634e-08 3.26492e-08 3.28427e-08 6.55583e-08 4.60834e-08 2.79841e-08 2.80502e-08 1.18487e-08 1.18385e-08 3.68989e-08 2.54501e-08 2.25208e-08 1.18982e-08
threshold=0.00054090262624432062 0.00055041758720124725 0.00033433696297875372 374.50000000000006 -0.72102888505294738 0.00068954845129393083 831.35000000000002 46.030762034436094 0.61913436964878354 119.50000000000001 432.50000000000006 9.3500000000000032 923.50000000000011 264.98143754926701 0.00078237000000000011 766.50000000000011 0.00061284500000000021 0.00049868119142812558 0.00038711936567417481 0.00047646225586766671 0.00043083862498527475 0.00050788000000000016
decision_type=2 2 2 2 2 2 2 2 2 2 2 2 2 2 2 2 2 2 2 2 2 2
left_child=5 -2 14 4 -4 7 -7 10 9 -5 -1 13 -13 -12 15 16 -3 19 -19 21 -21 -9
right_child=1 2 3 8 -6 6 -8 17 -10 -11 11 12 -14 -15 -16 -17 -18 18 -20 20 -22 -23
leaf_value=2.3743513834646865e-06 -1.9341642503907983e-06 2.0299201261658946e-06 -1.5028421313656037e-07 -1.5926233561735789e-06 -3.0939601290268772e-06 2.870758911477367e-07 -3.7137615064156393e-06 -4.8265417102244936e-09 1.4626027436919993e-06 -5.1933269395754289e-08 1.7899119423138754e-06 3.8135868809714232e-07 -2.0888314068166626e-06 -7.5686841979483646e-07 2.643811634091738e-06 -6.118508618631799e-07 4.4636073566618421e-07 -1.9004955953688852e-06 6.2779943453540032e-07 2.3234009404404788e-06 6.102247880335199e-08 -5.5550227938283573e-07
leaf_weight=22 39 27 27 41 26 32 22 5139 34 696 78 364 29 23 21 30 21 31 27 22 22 100
leaf_count=22 39 27 27 41 26 32 22 5139 34 696 78 364 29 23 21 30 21 31 27 22 22 100
internal_value=9.64326e-17 -1.14659e-07 -3.77782e-08 -1.6531e-07 -1.59435e-06 1.86604e-08 -1.34289e-06 3.12136e-08 -6.70747e-08 -1.37643e-07 4.89689e-07 4.05756e-07 1.9908e-07 1.20995e-06 1.0237e-06 5.87511e-07 1.33711e-06 -1.30802e-08 -7.23531e-07 -5.28043e-09 1.19221e-06 -1.53376e-08
internal_weight=6873 962 923 824 53 5911 54 5857 771 737 516 494 393 101 99 78 48 5341 58 5283 44 5239
internal_count=6873 962 923 824 53 5911 54 5857 771 737 516 494 393 101 99 78 48 5341 58 5283 44 5239
is_linear=0
shrinkage=0.05


Tree=175
num_leaves=16
num_cat=0
split_feature=14 21 14 2 14 5 22 23 14 1 14 26 14 4 8
split_gain=5.79524e-09 2.87151e-08 1.51127e-08 2.64455e-08 7.21162e-09 5.16569e-08 2.63251e-08 4.53883e-08 1.36857e-08 7.11813e-08 3.50601e-08 4.90641e-08 1.03671e-08 6.55877e-09 2.15479e-09
threshold=0.99966190462023474 505.50000000000006 0.99907018497641664 91.500000000000014 0.9916835347852474 16.550000000000004 728.50000000000011 510.50000000000006 0.98522604642031408 520.85000000000014 0.98213580174693105 0.00010137232901186496 0.93845596220871974 66.500000000000014 92.65431507020655
decision_type=2 2 2 2 2 2 2 2 2 2 2 2 2 2 2
left_child=2 14 4 -4 8 6 7 -6 10 13 12 -12 -1 -10 -2
right_child=1 -3 3 -5 5 -7 -8 -9 9 -11 11 -13 -14 -15 -16
leaf_value=-9.1716349746055391e-09 -2.3409208409930219e-07 -2.0562966403758766e-06 -1.0309886227284033e-07 2.2774258439994809e-06 8.1722340825057575e-08 -2.703630181031258e-06 1.5912811704765774e-06 -2.0593547882024972e-06 2.7436166115198139e-07 3.0382134898742232e-06 3.2351214786428632e-09 -3.2392538150816111e-06 2.3829243041318616e-07 -5.6790419882035118e-07 4.2748988157148563e-07
leaf_weight=5889 20 20 28 20 169 20 22 29 59 23 28 20 456 38 32
leaf_count=5889 20 20 28 20 169 20 22 29 59 23 28 20 456 38 32
internal_value=7.34932e-16 -4.46224e-07 4.72403e-09 8.88786e-07 -1.55985e-09 -2.70728e-07 -4.95547e-08 -2.3187e-07 8.35882e-09 5.37382e-07 -1.57123e-09 -1.3478e-06 8.61302e-09 -5.55982e-08 1.73035e-07
internal_weight=6873 72 6801 48 6753 240 220 198 6513 120 6393 48 6345 97 52
internal_count=6873 72 6801 48 6753 240 220 198 6513 120 6393 48 6345 97 52
is_linear=0
shrinkage=0.05


Tree=176
num_leaves=31
num_cat=0
split_feature=3 18 14 18 27 2 5 13 8 14 17 23 2 6 22 7 19 23 23 18 27 14 14 2 17 17 7 6 2 8
split_gain=6.21548e-09 1.62666e-08 4.9004e-08 4.2647e-08 9.33298e-08 3.90648e-08 5.74317e-08 4.60484e-08 4.52197e-08 3.89371e-08 3.80915e-08 6.99179e-08 4.51072e-08 3.77642e-08 5.03397e-08 3.52496e-08 3.80435e-08 2.94624e-08 7.7657e-08 2.77412e-08 2.18435e-08 1.55001e-08 8.87819e-08 3.73818e-08 1.15649e-08 9.2423e-09 1.25542e-08 1.19564e-08 3.36605e-08 5.88273e-09
threshold=28.250000000000004 0.00063816500000000011 0.9916835347852474 0.00066491500000000008 95.500000000000014 218.50000000000003 13.850000000000003 -0.78656609248549325 128.39387384897023 -0.94139628442229062 0.9752786032485391 677.50000000000011 161.50000000000003 0.00066329000000000008 759.50000000000011 28.737007641082297 0.00059318500000000009 935.50000000000011 883.50000000000011 0.00047709000000000006 17.500000000000004 -0.73354686966117377 -0.75648915189404875 149.50000000000003 0.99944150187651604 0.92606098876130916 68.506091218711475 0.0004430350000000001 119.50000000000001 268.16576738323027
decision_type=2 2 2 2 2 2 2 2 2 2 2 2 2 2 2 2 2 2 2 2 2 2 2 2 2 2 2 2 2 2
left_child=1 5 3 4 9 13 7 8 -7 -3 12 -12 -5 17 20 -8 -17 18 -1 -9 -15 22 23 -2 25 26 -23 29 -29 -27
right_child=21 2 -4 10 -6 6 15 19 -10 -11 11 -13 -14 14 -16 16 -18 -19 -20 -21 -22 24 -24 -25 -26 27 -28 28 -30 -31
leaf_value=5.7167135725779044e-09 -5.7976502491232109e-07 -2.2554326798334454e-06 -2.2644831985950266e-06 1.4737246106499175e-06 -3.9388801744941954e-06 5.1737070521085122e-07 -1.4937867078604736e-06 1.6627444324512909e-06 3.2154613822140989e-06 1.66872387543536e-07 1.5576726330278768e-06 -1.6143405165185984e-06 3.1233832578755629e-08 8.4141890669779207e-07 -3.0245912228110683e-06 -5.4229501399407003e-07 2.0423251214651827e-06 1.7875434937393394e-06 -3.1156592626757632e-06 -7.7539742164844944e-07 -1.3667003172269601e-06 1.0081058480043086e-06 -2.5662079585764275e-06 1.7658873094563076e-06 1.2439086975746252e-06 1.2964234972811107e-06 -4.9344620061506451e-08 -2.0697745631537147e-06 8.7261927048124776e-08 3.0967464115037238e-07
leaf_weight=5413 33 21 29 66 22 24 35 20 44 79 23 71 303 24 24 35 24 23 20 28 21 72 32 35 30 23 46 20 189 44
leaf_count=5413 33 21 29 66 22 24 35 20 44 79 23 71 303 24 24 35 24 23 20 28 21 72 32 35 30 23 46 20 189 44
internal_value=-1.12722e-15 -1.36599e-08 -2.58255e-07 -1.58801e-07 -9.90463e-07 1.25269e-08 6.81876e-07 1.42622e-06 2.26319e-06 -3.41812e-07 6.03412e-08 -8.3821e-07 2.8924e-07 -1.29144e-08 -1.17532e-06 -2.36671e-07 5.09076e-07 1.78609e-09 -5.77372e-09 2.40495e-07 -1.89037e-07 1.65509e-07 -3.94448e-07 6.27556e-07 2.97574e-07 2.25518e-07 5.95879e-07 6.71755e-08 -1.19153e-07 6.48409e-07
internal_weight=6873 6349 614 585 122 5735 210 116 68 100 463 94 369 5525 69 94 59 5456 5433 48 45 524 100 68 424 394 118 276 209 67
internal_count=6873 6349 614 585 122 5735 210 116 68 100 463 94 369 5525 69 94 59 5456 5433 48 45 524 100 68 424 394 118 276 209 67
is_linear=0
shrinkage=0.05


Tree=177
num_leaves=31
num_cat=0
split_feature=3 18 18 4 15 23 5 26 20 19 1 0 4 19 20 11 17 19 16 3 18 15 15 27 3 5 23 0 22 22
split_gain=5.60947e-09 1.46865e-08 4.35912e-08 5.69311e-08 3.27941e-08 3.15981e-08 3.22618e-08 2.71206e-08 5.47902e-08 3.30299e-08 5.01562e-08 4.58828e-08 2.70089e-08 9.55198e-08 4.08106e-08 3.95483e-08 5.61672e-08 3.14216e-08 2.53173e-08 1.11322e-08 2.41781e-08 2.33543e-08 8.42509e-08 3.60423e-08 1.21741e-08 1.21473e-08 1.04413e-08 1.19729e-08 1.01573e-08 6.07106e-09
threshold=28.250000000000004 0.00064078500000000016 0.00066491500000000008 97.500000000000014 -0.35042475891464198 928.50000000000011 10.550000000000002 0.0006865855857647597 0.00075893500000000019 0.00067075000000000001 816.55000000000007 858.50000000000011 24.500000000000004 0.00046968500000000001 0.00080360000000000013 42.415625000000006 0.66224187626364184 0.00052982000000000007 827.80000000000007 29.250000000000004 0.00072017000000000012 -0.67801649466304881 -0.6523320455745395 1.8333333333333337 31.550000000000004 14.750000000000002 738.50000000000011 595.50000000000011 759.50000000000011 897.50000000000011
decision_type=2 2 2 2 2 2 2 2 2 2 2 2 2 2 2 2 2 2 2 2 2 2 2 2 2 2 2 2 2 2
left_child=1 5 3 4 -3 7 -7 9 -9 11 -11 -1 13 -4 -15 16 -14 -17 -6 20 26 24 -23 28 25 29 27 -2 -24 -21
right_child=19 2 12 -5 18 6 -8 8 -10 10 -12 -13 15 14 -16 17 -18 -19 -20 21 -22 22 23 -25 -26 -27 -28 -29 -30 -31
leaf_value=3.1696816460416747e-09 1.2244164403600264e-07 5.6102594382350501e-07 -3.428754922404788e-06 -3.1838754788046012e-06 -1.7362081646000584e-07 2.5823430936119014e-06 -1.3672544923792884e-07 -2.7817737591249174e-06 7.2932252351165524e-07 2.9247583114511146e-07 2.8986198799429987e-06 -2.3960142277701381e-06 8.0987662136941751e-07 1.5602189667250209e-07 -1.6255242405497631e-06 2.824346702254843e-06 -1.9928985108036254e-06 6.3552680882951667e-07 -2.4509534569006066e-06 2.5941619799273527e-07 2.1585342781804686e-06 -3.0831139462441993e-06 1.5304920204411724e-07 1.7733244872033538e-06 5.074867884147239e-07 -1.2665298837077898e-06 -6.5366393992386904e-07 1.3970695144288821e-06 -1.4020696139163019e-06 -7.0772715673683709e-07
leaf_weight=5534 58 39 23 26 23 24 20 25 20 80 24 20 39 245 37 20 33 91 26 86 20 26 21 25 176 20 24 27 21 20
leaf_count=5534 58 39 23 26 23 24 20 25 20 80 24 20 39 245 37 20 33 91 26 86 20 26 21 25 176 20 24 27 21 20
internal_value=-5.10425e-16 -1.29769e-08 -2.4794e-07 -1.12824e-06 -5.20887e-07 1.16356e-08 1.3464e-06 1.3375e-09 -1.22129e-06 1.10614e-08 8.93894e-07 -5.4698e-09 -4.22971e-08 -3.30428e-07 -7.77271e-08 4.3792e-07 -4.74729e-07 1.02991e-06 -1.382e-06 1.57233e-07 5.60506e-07 2.55318e-08 -6.67283e-07 2.70204e-07 2.38882e-07 -1.36312e-07 2.6729e-07 5.27323e-07 -6.2451e-07 7.69363e-08
internal_weight=6873 6349 602 114 88 5747 44 5703 45 5658 104 5554 488 305 282 183 72 111 49 524 129 395 93 67 302 126 109 85 42 106
internal_count=6873 6349 602 114 88 5747 44 5703 45 5658 104 5554 488 305 282 183 72 111 49 524 129 395 93 67 302 126 109 85 42 106
is_linear=0
shrinkage=0.05


Tree=178
num_leaves=21
num_cat=0
split_feature=25 26 5 20 25 6 18 14 27 23 0 1 14 14 26 26 25 5 14 8
split_gain=5.78333e-09 3.14053e-08 3.69003e-08 5.88589e-08 4.76795e-08 5.16586e-08 4.20964e-08 3.07527e-08 2.94796e-08 2.24821e-08 1.90066e-08 3.12985e-08 2.95423e-08 4.53821e-08 2.3496e-08 4.97167e-08 4.84725e-08 1.77223e-08 2.0254e-08 1.1603e-08
threshold=0.00066255616537437242 0.00038459406401821866 13.350000000000003 0.00080360000000000013 0.00067721665555572094 0.00070991500000000009 0.00060788500000000017 0.83376496542330847 0.83333333333333337 997.50000000000011 928.50000000000011 900.6500000000002 0.70290292807158616 0.95242846126021108 0.00067178885933521029 0.0006591994033307056 0.00034887241038867027 10.850000000000003 0.26866988313759588 241.47447747126355
decision_type=2 2 2 2 2 2 2 2 2 2 2 2 2 2 2 2 2 2 2 2
left_child=9 7 4 6 5 -3 -4 -2 -8 10 11 14 -12 -14 15 -1 -16 19 -19 -6
right_child=1 2 3 -5 17 -7 8 -9 -10 -11 12 -13 13 -15 16 -17 -18 18 -20 -21
leaf_value=5.3966482718043501e-09 -1.4577745197641436e-07 -3.386007244330358e-06 -2.4395356112326344e-06 -3.5184618366201907e-06 -3.0934290729058926e-07 2.0768927642883518e-07 -1.6747970073538454e-06 2.4742295040812769e-06 5.4179289532404103e-07 1.6858006387110435e-06 3.4315750037094976e-07 1.7816867098190417e-06 -3.3885675611600168e-06 -6.0595972075004423e-08 -1.1448703584652063e-06 -2.0019901497899783e-06 1.2167366602292551e-06 4.2711171315774288e-07 2.2083208841650046e-06 9.0308462799744886e-07
leaf_weight=6157 24 20 23 20 111 20 20 21 60 20 32 25 20 21 28 31 97 79 20 24
leaf_count=6157 24 20 23 20 111 20 20 21 60 20 32 25 20 21 28 31 97 79 20 24
internal_value=-1.14461e-16 -1.7495e-07 -3.16847e-07 -1.03632e-06 6.1272e-09 -1.58916e-06 -5.54346e-07 1.07689e-06 -1.23546e-08 1.20242e-08 6.80267e-09 1.60421e-08 -7.95381e-07 -1.684e-06 9.04998e-09 -4.65975e-09 6.87737e-07 2.78826e-07 7.86952e-07 -9.38002e-08
internal_weight=6873 442 397 123 274 40 103 45 80 6431 6411 6338 73 41 6313 6188 125 234 99 135
internal_count=6873 442 397 123 274 40 103 45 80 6431 6411 6338 73 41 6313 6188 125 234 99 135
is_linear=0
shrinkage=0.05


Tree=179
num_leaves=31
num_cat=0
split_feature=5 26 3 14 23 0 25 19 26 14 14 19 21 16 22 27 21 15 22 21 7 0 22 15 11 11 11 23 18 17
split_gain=5.82592e-09 2.9929e-08 4.53585e-08 6.63635e-08 4.07965e-08 7.57213e-08 5.15945e-08 7.47759e-08 2.68745e-08 5.24752e-08 3.01661e-08 2.66778e-08 4.13834e-08 3.3775e-08 3.25664e-08 3.64576e-08 3.9789e-08 2.81195e-08 2.62226e-08 2.30559e-08 2.15338e-08 1.94982e-08 1.79428e-08 2.37483e-08 1.64285e-08 3.87145e-08 6.23966e-08 2.65251e-08 2.50236e-08 2.57595e-08
threshold=12.450000000000001 0.00068954845129393083 26.650000000000002 0.45273815774107123 785.50000000000011 697.50000000000011 0.00027725910483375178 0.00053311500000000013 0.0006865855857647597 -0.015050995721668367 0.65233619298682533 0.00064691000000000011 923.50000000000011 936.04000000000008 681.50000000000011 34.500000000000007 626.50000000000011 0.28313308994381586 824.50000000000011 966.50000000000011 21.162751577311308 899.50000000000011 923.50000000000011 -0.89404254237865755 46.081250000000004 40.353125000000013 40.818750000000001 713.50000000000011 0.00047285500000000005 0.99713837927718252
decision_type=2 2 2 2 2 2 2 2 2 2 2 2 2 2 2 2 2 2 2 2 2 2 2 2 2 2 2 2 2 2
left_child=1 4 3 21 24 -6 -7 -8 11 20 -11 12 13 18 17 19 -17 -13 -2 -16 -10 -3 -4 -24 25 27 -27 -1 -26 -30
right_child=8 2 22 -5 5 6 7 -9 9 10 -12 14 -14 -15 15 16 -18 -19 -20 -21 -22 -23 23 -25 28 26 -28 -29 29 -31
leaf_value=3.6192984366880592e-09 6.6037712792830329e-08 1.1633889817344228e-06 5.3257152343475261e-07 3.080336820302263e-06 -3.0016896993578075e-06 1.9977014593917733e-06 -3.2207859170796382e-06 -2.2787261830359284e-07 7.0839339163815878e-07 -3.1347439975348836e-06 -7.8974380750551638e-07 2.05075514889524e-06 -1.9766969867305307e-06 1.8606743355375191e-06 3.5823388799610806e-07 5.7423969034668225e-07 -2.4059398204675141e-06 -6.4321660757245399e-08 -1.7108160715820088e-06 2.1929978882440081e-06 -8.6660115312795104e-07 -9.7123878276761385e-07 3.8149406642016565e-07 -1.8241414479164703e-06 1.3851033862252105e-06 -3.0774004860253024e-06 -3.9309566541223377e-07 -1.7785429225200677e-06 3.7501624701662437e-07 -1.1758347325141473e-06
leaf_weight=3613 1848 23 54 36 31 21 24 160 60 24 32 55 25 26 119 21 24 22 21 20 34 20 23 26 49 24 221 21 164 32
leaf_count=3613 1848 23 54 36 31 21 24 160 60 24 32 55 25 26 119 21 24 22 21 20 34 20 23 26 49 24 221 21 164 32
internal_value=-2.93258e-16 -3.29782e-08 5.95224e-07 1.49652e-06 -5.92013e-08 -6.98556e-07 -3.50277e-07 -6.18253e-07 6.42586e-08 -5.8311e-07 -1.79474e-06 1.08782e-07 4.43076e-08 7.097e-08 5.83076e-07 2.21773e-07 -1.01519e-06 1.44645e-06 4.60731e-08 6.22229e-07 1.38715e-07 1.70539e-07 -9.60626e-08 -7.88843e-07 -2.26136e-08 -4.76939e-08 -6.56048e-07 -6.67938e-09 3.74474e-07 1.21816e-07
internal_weight=6873 4542 182 79 4360 236 205 184 2331 150 56 2181 1920 1895 261 184 45 77 1869 139 94 43 103 49 4124 3879 245 3634 245 196
internal_count=6873 4542 182 79 4360 236 205 184 2331 150 56 2181 1920 1895 261 184 45 77 1869 139 94 43 103 49 4124 3879 245 3634 245 196
is_linear=0
shrinkage=0.05


Tree=180
num_leaves=22
num_cat=0
split_feature=14 6 6 6 19 17 13 25 19 24 17 11 20 18 20 19 14 4 5 4 4
split_gain=5.6439e-09 8.92233e-09 6.30205e-09 4.38929e-08 4.48487e-08 3.11685e-08 3.10507e-08 3.7932e-08 4.99502e-08 3.22899e-08 3.02544e-08 3.19737e-08 2.67688e-08 2.67634e-08 6.42962e-08 2.76055e-08 2.32364e-08 1.97752e-08 4.14655e-08 3.01361e-08 1.66719e-08
threshold=-0.99985146406598202 0.00015179500000000003 0.00050788000000000016 0.00053712500000000017 0.00045395500000000008 0.51730172756456072 -0.78656609248549325 0.00054318366725269204 0.00049871500000000016 0.00031330789361642145 0.8071027934020466 43.328125000000007 0.00060282000000000011 0.00036183000000000011 0.00077672500000000014 0.00068675500000000016 -0.97509794945709805 57.500000000000007 9.7500000000000018 18.500000000000004 8.5000000000000018
decision_type=2 2 2 2 2 2 2 2 2 2 2 2 2 2 2 2 2 2 2 2 2
left_child=1 -1 6 4 -4 -5 13 8 12 -10 -6 -12 -8 16 15 -15 -2 19 -19 -7 -18
right_child=2 -3 3 5 10 17 7 -9 9 -11 11 -13 -14 14 -16 -17 20 18 -20 -21 -22
leaf_value=-3.5857798558985064e-08 1.6587462794078698e-06 1.3468673105165863e-06 -3.2337989659936283e-06 1.5192016491027971e-06 -2.2494909580927923e-06 -1.1443783758066245e-07 -8.2639651950219817e-09 -2.1302840607296231e-06 3.1602340504832686e-06 4.3998303667081018e-07 1.0952766017673579e-06 -1.2823114966172748e-06 -1.8411546284369254e-06 2.1432755965968646e-06 -1.4761581246602873e-06 2.1128736534592463e-07 5.7420896987360328e-07 -1.620197707841541e-06 -9.6911265408696489e-08 5.2043545876197412e-07 -3.9280780054227801e-07
leaf_weight=28 23 20 20 32 20 799 4997 21 20 24 31 26 20 71 20 25 72 59 184 244 117
leaf_count=28 23 20 20 32 20 799 4997 21 20 24 31 26 20 71 20 25 72 59 184 244 117
internal_value=1.24472e-15 5.40278e-07 -3.79975e-09 -9.77461e-08 -1.12425e-06 -2.21991e-08 2.07722e-08 -9.65955e-09 -8.60275e-10 1.67646e-06 -5.76316e-07 1.07627e-08 -1.55707e-08 4.92278e-07 1.10286e-06 1.64015e-06 1.58187e-07 -6.05544e-08 -4.66763e-07 3.40848e-08 -2.44205e-08
internal_weight=6873 48 6825 1415 97 1318 5410 5082 5061 44 77 57 5017 328 116 96 212 1286 243 1043 189
internal_count=6873 48 6825 1415 97 1318 5410 5082 5061 44 77 57 5017 328 116 96 212 1286 243 1043 189
is_linear=0
shrinkage=0.05


Tree=181
num_leaves=31
num_cat=0
split_feature=17 27 13 15 23 15 15 15 15 22 17 15 25 27 22 5 24 2 16 5 5 17 15 19 5 2 15 16 17 20
split_gain=5.43038e-09 3.84131e-08 2.72851e-08 2.42038e-08 3.10676e-08 2.67004e-08 8.62248e-08 3.35375e-08 4.74479e-08 3.13925e-08 2.57751e-08 1.9919e-08 1.92402e-08 9.22193e-08 5.28345e-08 7.37305e-08 5.82174e-08 4.58443e-08 4.48152e-08 4.05769e-08 5.84156e-08 3.81138e-08 3.49706e-08 5.22608e-08 3.29923e-08 4.12567e-08 2.94402e-08 2.85403e-08 5.64185e-08 4.32941e-08
threshold=0.94427869787543084 53.500000000000007 -0.78656609248549325 0.22491561436810906 681.50000000000011 -0.67801649466304881 -0.63257203029273779 -0.84313311835787952 -0.85225707553516283 751.50000000000011 0.99557882484531046 -0.25206183926700709 0.00054090262624432062 33.833333333333336 886.50000000000011 11.250000000000002 0.00049514744007955942 221.50000000000003 928.56000000000006 12.65 10.15 0.94129205808797278 -0.61236746317008228 0.00075117000000000011 15.450000000000001 178.50000000000003 0.29137697329261131 853.50000000000011 0.75115837123395901 0.00070488000000000007
decision_type=2 2 2 2 2 2 2 2 2 2 2 2 2 2 2 2 2 2 2 2 2 2 2 2 2 2 2 2 2 2
left_child=12 3 11 5 10 7 -7 8 -2 -8 -5 -3 18 22 15 16 -15 -17 21 20 -20 27 24 26 25 -14 -24 29 -29 -1
right_child=1 2 -4 4 -6 6 9 -9 -10 -11 -12 -13 13 14 -16 17 -18 -19 19 -21 -22 -23 23 -25 -26 -27 -28 28 -30 -31
leaf_value=1.2729596141183017e-09 3.4225400916124603e-08 3.0550748120235355e-06 2.4237374027001757e-07 7.3447296461533809e-07 2.2693759673154054e-06 -3.6056678595741689e-06 1.284443522280936e-07 7.9150055284237115e-07 -2.3590654951600633e-06 -8.5151304240527626e-07 -6.8905560770259477e-07 9.0221106759036919e-07 -1.9304293497649879e-06 -1.7629719356110026e-06 5.4721514111122358e-07 -2.0069643334687096e-06 -5.020066365709088e-06 4.3823917244813723e-07 1.746214312229692e-06 2.1292094639319018e-06 -1.8207297030543984e-06 -1.8851390096743775e-06 7.1162612616149096e-07 2.9948901245998887e-06 -1.9780433181040281e-06 3.2191885313171271e-07 -1.3086413962975547e-06 8.5791365390399565e-07 -2.4773789533583114e-06 2.332205057200554e-06
leaf_weight=5037 353 22 45 103 23 20 223 144 22 129 46 21 24 34 32 36 23 41 24 47 22 27 100 22 25 133 22 21 32 20
leaf_count=5037 353 22 45 103 23 20 223 144 22 129 46 21 24 34 32 36 23 41 24 47 22 27 100 22 25 133 22 21 32 20
internal_value=7.27737e-16 9.90942e-08 1.10301e-06 1.59855e-08 5.5901e-07 -8.88409e-08 -4.12138e-07 1.42887e-07 -1.06181e-07 -2.30688e-07 2.94994e-07 2.00368e-06 -1.99331e-08 -3.18863e-07 -1.27816e-06 -1.71407e-06 -3.07724e-06 -7.04973e-07 8.188e-09 1.09598e-06 4.02846e-08 -1.15053e-08 1.69613e-07 7.51806e-07 -2.91023e-07 -2.23892e-08 3.47316e-07 -1.60547e-09 -1.15585e-06 1.04916e-08
internal_weight=6873 1151 88 1063 172 891 372 519 375 352 149 43 5722 492 166 134 57 77 5230 93 46 5137 326 144 182 157 122 5110 53 5057
internal_count=6873 1151 88 1063 172 891 372 519 375 352 149 43 5722 492 166 134 57 77 5230 93 46 5137 326 144 182 157 122 5110 53 5057
is_linear=0
shrinkage=0.05


Tree=182
num_leaves=31
num_cat=0
split_feature=15 15 14 19 15 18 15 17 23 3 24 15 15 22 15 14 15 4 15 25 7 14 0 3 8 21 24 25 14 15
split_gain=5.25672e-09 1.76364e-08 5.72123e-08 7.38211e-08 1.81567e-08 2.50793e-08 1.73077e-08 3.10988e-08 2.43968e-08 2.32715e-08 2.23038e-08 1.69286e-08 1.55353e-08 4.14547e-08 1.60253e-08 6.87492e-08 2.76093e-08 1.32198e-08 1.10896e-08 1.9491e-08 1.94259e-08 1.33562e-08 1.17028e-08 1.01368e-08 1.09282e-08 9.6104e-09 8.9207e-09 6.60863e-09 1.23971e-08 1.17326e-08
threshold=-0.97111920233974802 -0.93543596745397617 0.31799963745711152 0.00023610500000000002 -0.91595872546125101 0.00029693500000000007 -0.96234030595689413 0.86362342112691637 606.50000000000011 25.750000000000004 0.00025781395937432111 -0.95242240592625282 -0.8901731938066898 784.50000000000011 -0.86974577485258975 0.48314048284850658 -0.84313311835787952 35.500000000000007 -0.99465740988130902 0.00072006010827437852 78.153746178772053 -0.066607572871769438 133.50000000000003 29.550000000000004 246.72101321124265 530.50000000000011 0.00038148497018395208 0.00044751683252412089 0.15101559051660998 -0.97874870457683594
decision_type=2 2 2 2 2 2 2 2 2 2 2 2 2 2 2 2 2 2 2 2 2 2 2 2 2 2 2 2 2 2
left_child=18 2 6 -4 5 -3 7 -2 10 -9 -8 -10 13 26 15 -14 -16 -7 19 21 23 22 -1 27 -25 -23 -6 29 -29 -20
right_child=1 4 3 -5 12 17 8 9 11 -11 -12 -13 14 -15 16 -17 -18 -19 20 -21 -22 25 -24 24 -26 -27 -28 28 -30 -31
leaf_value=-4.1373071783349743e-08 1.9684038324710711e-07 4.9178899309430973e-08 -2.3556376076098957e-07 -4.1882225992767853e-06 8.1810877336324789e-08 7.124345964104606e-07 9.8253568297888804e-08 -2.8220843882124991e-06 2.2146767638072824e-06 -5.4293146358001356e-07 -1.7010928741001408e-06 3.218582071545589e-07 -2.0696549688873726e-08 -2.1010551201072758e-06 -6.8956020982113841e-07 2.9712452203511932e-06 1.2136546883883667e-08 2.2868245586948887e-06 7.8484707492728981e-07 -1.6074224106432667e-06 -1.839431594050303e-08 -2.6487787196804466e-08 -1.6790237913255626e-06 7.5743247750873869e-07 -8.2509387173246311e-07 7.2115948591803757e-07 -9.9846756476697766e-07 1.0815524759586673e-06 -3.1275287847165606e-07 2.216159271029028e-06
leaf_weight=24 51 90 27 21 113 30 124 21 21 24 20 27 96 32 144 24 5289 24 41 20 208 166 20 24 20 58 23 44 25 22
leaf_count=24 51 90 27 21 113 30 124 21 21 24 20 27 96 32 144 24 5289 24 41 20 208 166 20 24 20 58 23 44 25 22
internal_value=-1.14201e-15 -1.43949e-08 -3.66691e-07 -1.96485e-06 5.78782e-09 5.60298e-07 -1.00331e-07 -6.48492e-07 1.7375e-07 -1.60654e-06 -1.51656e-07 1.14997e-06 -8.16944e-09 -4.81868e-07 6.16181e-09 5.77692e-07 -6.46171e-09 1.41216e-06 1.32831e-07 -1.01707e-07 3.08735e-07 1.06599e-08 -7.8576e-07 6.95342e-07 3.81023e-08 1.67099e-07 -1.00883e-07 9.14422e-07 5.76369e-07 1.28467e-06
internal_weight=6873 6201 336 48 5865 144 288 96 192 45 144 48 5721 168 5553 120 5433 54 672 288 384 268 44 176 44 224 136 132 69 63
internal_count=6873 6201 336 48 5865 144 288 96 192 45 144 48 5721 168 5553 120 5433 54 672 288 384 268 44 176 44 224 136 132 69 63
is_linear=0
shrinkage=0.05


Tree=183
num_leaves=10
num_cat=0
split_feature=16 18 1 18 19 24 25 19 19
split_gain=5.10967e-09 1.16144e-08 1.00065e-08 1.02437e-08 3.13093e-08 2.04405e-08 1.5196e-08 1.1318e-08 1.01832e-08
threshold=1036.5000000000002 0.00082834000000000011 926.50000000000011 0.00078043500000000011 0.00070747500000000005 0.00072945381651665596 0.00075916684973125717 0.00081510000000000013 0.0006978650000000001
decision_type=2 2 2 2 2 2 2 2 2
left_child=1 2 3 5 -5 6 -1 -6 -7
right_child=-2 -3 -4 4 7 8 -8 -9 -10
leaf_value=1.806845910053117e-09 -6.4047756192240424e-07 1.0576654827988162e-06 1.0886398589112408e-06 -1.7738771248332342e-06 -2.7783133970419014e-07 1.6681269985296102e-06 -1.0282772399882055e-06 9.6785970131547754e-07 3.5362338981231542e-07
leaf_weight=6555 31 26 21 33 88 26 36 23 34
leaf_count=6555 31 26 21 33 88 26 36 23 34
internal_value=-4.65108e-16 2.9019e-09 -1.12155e-09 -4.48947e-09 -4.21711e-07 4.54374e-09 -3.81947e-09 -1.97152e-08 9.23242e-07
internal_weight=6873 6842 6816 6795 144 6651 6591 111 60
internal_count=6873 6842 6816 6795 144 6651 6591 111 60
is_linear=0
shrinkage=0.05


Tree=184
num_leaves=20
num_cat=0
split_feature=26 19 15 11 25 24 15 15 14 15 15 3 20 25 20 25 20 3 3
split_gain=5.28877e-09 3.0028e-08 3.68372e-08 3.69547e-08 2.03984e-08 2.69965e-08 1.97315e-08 3.68261e-08 5.61843e-08 2.76256e-08 5.14556e-08 3.62118e-08 1.59021e-08 6.39949e-09 3.4199e-08 1.12266e-08 9.85611e-09 6.43387e-09 5.24567e-09
threshold=0.00017466924250936398 0.00015790500000000004 -0.63257203029273779 37.243750000000006 0.00057159757834055987 0.00057342216463600207 0.97693379145244141 0.91245913578114801 0.31799963745711152 0.61913436964878354 0.42957308670649791 23.650000000000002 0.00066767500000000017 0.000228217806634243 0.00015672000000000003 0.00018183043223926956 0.00019558000000000002 20.150000000000002 21.650000000000002
decision_type=2 2 2 2 2 2 2 2 2 2 2 2 2 2 2 2 2 2 2
left_child=4 2 -2 -4 5 13 7 9 -9 10 -3 -11 -5 15 18 16 -1 -17 -15
right_child=1 6 3 12 -6 -7 -8 8 -10 11 -12 -13 -14 14 -16 17 -18 -19 -20
leaf_value=-2.4181825396603482e-08 2.607552282540837e-06 4.1472320490335063e-08 1.475927841490888e-06 -1.6830277428425689e-06 1.451687058840395e-06 -1.4659350039313392e-06 1.2360812272135898e-06 2.3167923165749165e-07 -2.5838915917120176e-06 8.8259080195492325e-07 -1.1373565743405821e-06 -1.1586190175876256e-06 2.8696243329509993e-07 -2.9379709795431037e-08 -1.587820789214564e-06 1.3326959583042957e-06 -8.9173147874575853e-07 2.128847458591516e-07 1.0778192728366774e-06
leaf_weight=4129 24 2027 39 20 23 33 33 37 34 166 97 25 21 23 37 23 33 29 20
leaf_count=4129 24 2027 39 20 23 33 33 37 34 166 97 25 21 23 37 23 33 29 20
internal_value=-3.83506e-16 5.75918e-08 8.89501e-07 3.74086e-07 -3.34032e-08 -4.12972e-08 2.18255e-08 5.03153e-09 -1.11662e-06 3.94321e-08 -1.23631e-08 6.15417e-07 -6.74008e-07 -3.03486e-08 -4.73359e-07 -2.19384e-08 -3.10605e-08 7.08186e-07 4.85597e-07
internal_weight=6873 2523 104 80 4350 4327 2419 2386 71 2315 2124 191 41 4294 80 4214 4162 52 43
internal_count=6873 2523 104 80 4350 4327 2419 2386 71 2315 2124 191 41 4294 80 4214 4162 52 43
is_linear=0
shrinkage=0.05


Tree=185
num_leaves=23
num_cat=0
split_feature=14 2 14 6 1 14 19 14 18 23 2 14 17 27 17 5 21 6 17 7 5 7
split_gain=5.00653e-09 1.80834e-08 1.22894e-08 1.04534e-07 1.59843e-08 1.11091e-08 4.50822e-08 2.20273e-08 6.98915e-08 5.88322e-08 2.4402e-08 1.17468e-08 1.03726e-08 7.70185e-09 7.08856e-09 6.80957e-09 6.41312e-09 3.40434e-09 2.85875e-09 5.1093e-10 3.29836e-11 2.81815e-11
threshold=-0.99630266176052629 113.50000000000001 -0.99275805973510278 0.00030069500000000007 222.05000000000004 -0.98523971305672675 0.00057926500000000014 -0.95995996396290595 0.00050788000000000016 720.50000000000011 152.50000000000003 -0.95754239937548935 0.99252627801315862 77.500000000000014 0.92219777930934976 17.850000000000005 77.500000000000014 0.00015502500000000001 0.9567654386262624 116.64618276268648 13.350000000000003 92.478246296160094
decision_type=2 2 2 2 2 2 2 2 2 2 2 2 2 2 2 2 2 2 2 2 2 2
left_child=1 15 3 4 19 6 13 8 10 -10 -7 -9 -13 16 -3 17 -4 20 -16 -2 21 -1
right_child=2 14 5 -5 -6 7 -8 11 9 -11 -12 12 -14 -15 18 -17 -18 -19 -20 -21 -22 -23
leaf_value=-9.4325831980768269e-08 -3.1785308324927541e-07 1.2374491120681341e-07 4.8911579948429822e-08 -3.5957164114237956e-06 1.537380401828159e-06 -2.1531121231049008e-07 2.5755176230697026e-06 1.1153627051877871e-06 -2.7859713327416106e-07 -3.5281562433434983e-06 1.5636207709100009e-06 -8.4061703616205027e-09 2.8496108722595716e-07 6.8394806124811373e-07 1.5990776078594467e-06 -9.1585663454907271e-07 -9.7135069665910112e-07 6.5657317182263975e-07 8.2464995217115068e-07 6.3505442995773705e-10 2.5194256883641294e-08 -2.8574006175316219e-08
leaf_weight=20 20 20 67 22 20 235 21 24 26 30 21 5739 318 36 26 20 20 21 22 34 23 88
leaf_count=20 20 20 67 22 20 235 21 24 26 30 21 5739 318 36 26 20 20 21 22 34 23 88
internal_value=6.53308e-16 2.24344e-07 -8.11738e-09 -5.69725e-07 3.29894e-07 1.30193e-10 4.34431e-07 -9.65227e-09 -4.19392e-07 -2.01943e-06 -6.93832e-08 1.13704e-08 6.99597e-09 6.88796e-08 9.14606e-07 -4.85503e-08 -1.85631e-07 6.55689e-08 1.24413e-06 -1.17324e-07 -2.91722e-08 -4.07503e-08
internal_weight=6873 240 6633 96 74 6537 144 6393 312 56 256 6081 6057 123 68 172 87 152 48 54 131 108
internal_count=6873 240 6633 96 74 6537 144 6393 312 56 256 6081 6057 123 68 172 87 152 48 54 131 108
is_linear=0
shrinkage=0.05


Tree=186
num_leaves=19
num_cat=0
split_feature=17 14 17 14 24 27 14 19 14 3 14 26 24 8 17 14 7 5
split_gain=5.14054e-09 8.47873e-09 1.7532e-08 1.11115e-08 9.89531e-08 1.90661e-08 1.0002e-08 4.18536e-08 1.80302e-08 9.20377e-08 1.06099e-08 6.65652e-09 4.47377e-09 3.6323e-09 1.32857e-09 1.57562e-09 8.62059e-11 3.82955e-11
threshold=1.0188627020362733 -0.99630266176052629 0.91480929556445811 -0.99275805973510278 0.00028524219531598133 2.1666666666666674 -0.98523971305672675 0.00038796000000000007 -0.95995996396290595 23.450000000000003 -0.95754239937548935 0.00044374303062393565 0.00013492598816773575 95.470282820076719 0.71652453325675958 -0.99940763397299126 92.478246296160094 16.150000000000002
decision_type=2 2 2 2 2 2 2 2 2 2 2 2 2 2 2 2 2 2
left_child=1 2 14 4 5 -3 7 12 9 -8 -10 -4 -5 -7 16 -16 -1 -18
right_child=-2 3 11 6 -6 13 8 -9 10 -11 -12 -13 -14 -15 15 -17 17 -19
leaf_value=-1.2854976759513191e-07 -5.7240866669944932e-07 1.1170318520381529e-06 4.6075173055929302e-07 8.1527056941626282e-08 -3.6704941647514032e-06 7.4099568436736269e-09 9.813899764638407e-10 1.9170091517090829e-06 1.0595945383329308e-06 -2.3220829722745029e-06 6.2204486147825964e-09 1.5088998373247512e-06 -7.4605349837497674e-07 -9.4552012354753865e-07 -1.8248575770485333e-08 6.0936956373325298e-07 -2.9372743118139452e-08 4.6820665460245439e-08
leaf_weight=20 39 36 28 89 20 20 260 35 24 51 6024 33 20 20 20 20 94 20
leaf_count=20 39 36 28 89 20 20 260 35 24 51 6024 33 20 20 20 20 94 20
internal_value=6.67433e-16 3.2666e-09 2.9839e-07 -7.24316e-09 -5.41239e-07 2.82249e-07 6.39911e-10 4.12709e-07 -8.69143e-09 -3.79971e-07 1.04005e-08 1.02778e-06 -7.03226e-08 -4.69055e-07 4.26828e-08 2.9556e-07 -3.28031e-08 -1.60055e-08
internal_weight=6873 6834 235 6599 96 76 6503 144 6359 311 6048 61 109 40 174 40 134 114
internal_count=6873 6834 235 6599 96 76 6503 144 6359 311 6048 61 109 40 174 40 134 114
is_linear=0
shrinkage=0.05


Tree=187
num_leaves=19
num_cat=0
split_feature=2 18 17 5 15 4 4 6 26 15 5 2 18 26 21 6 20 0
split_gain=4.93904e-09 4.17691e-08 2.83542e-08 2.50889e-08 2.16804e-08 1.98816e-08 3.52552e-08 2.7928e-08 4.67336e-08 2.9618e-08 2.72044e-08 8.58397e-09 2.05299e-08 7.82047e-09 1.12153e-08 9.36361e-09 1.27994e-08 7.5724e-09
threshold=109.50000000000001 0.00058484500000000018 0.42951662130809792 3.5500000000000003 -0.83849291496497236 37.500000000000007 41.500000000000007 0.00028692500000000005 0.00040350214870999893 0.61913436964878354 25.200000000000006 105.50000000000001 0.00036998500000000003 0.00030004247099267659 648.50000000000011 0.00052982000000000007 0.00048442500000000008 411.50000000000006
decision_type=2 2 2 2 2 2 2 2 2 2 2 2 2 2 2 2 2 2
left_child=1 11 -2 4 -4 7 -7 8 -5 -9 -8 13 -13 14 17 16 -15 -1
right_child=2 -3 3 5 -6 6 10 9 -10 -11 -12 12 -14 15 -16 -17 -18 -19
leaf_value=-2.2651476985314558e-08 1.6707635663974714e-06 -2.3099060649656168e-06 1.5564915249091554e-07 1.8560467076693716e-07 2.144029875895425e-06 -1.6623185589336435e-06 -1.7142810545981872e-07 -1.8703924407474909e-08 2.007274408356352e-06 9.8003493772184713e-07 1.7001145351969173e-06 -1.4210950407037413e-06 3.1721314626614034e-07 2.6189976949162676e-07 -9.8669429310878821e-07 -5.1862902546417907e-07 1.5245663266665152e-06 7.0554386976735061e-07
leaf_weight=4295 27 20 29 119 26 39 666 1230 50 79 20 35 33 88 30 25 26 36
leaf_count=4295 27 20 29 119 26 39 666 1230 50 79 20 35 33 88 30 25 26 36
internal_value=-2.91472e-16 -2.99123e-08 6.00602e-08 4.08002e-08 1.09561e-06 1.44659e-08 -1.99999e-07 1.19667e-07 7.2456e-07 4.15714e-08 -1.16864e-07 -1.99298e-08 -5.77504e-07 -1.15043e-08 -2.3272e-08 3.57699e-07 5.49876e-07 -1.65986e-08
internal_weight=6873 4588 2285 2258 55 2203 725 1478 169 1309 686 4568 68 4500 4361 139 114 4331
internal_count=6873 4588 2285 2258 55 2203 725 1478 169 1309 686 4568 68 4500 4361 139 114 4331
is_linear=0
shrinkage=0.05


Tree=188
num_leaves=16
num_cat=0
split_feature=25 26 25 6 14 24 0 0 23 11 0 16 27 22 25
split_gain=4.99699e-09 2.57227e-08 2.69589e-08 7.43749e-08 2.66666e-08 2.43262e-08 2.95618e-08 2.39336e-08 2.16521e-08 1.69706e-08 5.55002e-08 1.46971e-08 2.38831e-08 2.22747e-08 1.12839e-08
threshold=0.00066255616537437242 0.00038459406401821866 0.00067721665555572094 0.00071782500000000017 0.83376496542330847 0.00041707431961194918 702.50000000000011 784.50000000000011 997.50000000000011 58.084375000000001 953.50000000000011 1007.1050000000001 45.166666666666679 925.50000000000011 0.00055722847962715754
decision_type=2 2 2 2 2 2 2 2 2 2 2 2 2 2 2
left_child=8 4 3 -3 -2 -4 -7 -8 9 10 11 13 -13 -1 -11
right_child=1 2 5 -5 -6 6 7 -9 -10 14 -12 12 -14 -15 -16
leaf_value=7.9948107518398944e-09 -1.6823337419443382e-07 -2.845571096906607e-06 -1.690567014718355e-06 7.6994323876533605e-07 2.2715133993534395e-06 1.806218922086243e-06 -1.2724855287160608e-06 4.2996173150123807e-08 1.6537654926196409e-06 1.7785319928717318e-06 -2.3063132395315315e-06 2.1330496619633604e-06 -2.515780882580051e-07 -1.5508637716266094e-06 2.2590289745494376e-07
leaf_weight=6273 24 33 23 25 21 21 40 255 20 22 26 21 21 23 25
leaf_count=6273 24 33 23 25 21 21 40 255 20 22 26 21 21 23 25
internal_value=3.74969e-17 -1.62622e-07 -2.91041e-07 -1.28716e-06 9.70315e-07 -1.20613e-07 -6.3443e-09 -1.35374e-07 1.11769e-08 6.05266e-09 -9.3835e-10 8.51885e-09 9.40736e-07 2.30012e-09 9.52665e-07
internal_weight=6873 442 397 58 45 339 316 295 6431 6411 6364 6338 42 6296 47
internal_count=6873 442 397 58 45 339 316 295 6431 6411 6364 6338 42 6296 47
is_linear=0
shrinkage=0.05


Tree=189
num_leaves=20
num_cat=0
split_feature=8 1 24 25 11 6 0 2 20 15 17 14 1 16 25 6 25 7 4
split_gain=4.99129e-09 1.63233e-08 1.14875e-08 6.18611e-08 1.88011e-08 1.27649e-08 2.37282e-08 2.11217e-08 1.14259e-08 9.06152e-09 1.00599e-08 2.67431e-08 2.13003e-08 2.02258e-08 3.08863e-08 1.80214e-08 4.66878e-08 2.78608e-08 6.00021e-09
threshold=263.47423577758337 818.70000000000016 0.00053857850618053711 0.00040788276083072132 43.556250000000006 0.00034838500000000005 595.50000000000011 140.50000000000003 0.00059585500000000017 -0.99983123799342477 0.64580015698812743 0.99966190462023474 315.75000000000006 900.10000000000014 0.00049482349192463485 0.00049194500000000003 0.00021247959199887707 44.976804536519872 1.5000000000000002
decision_type=2 2 2 2 2 2 2 2 2 2 2 2 2 2 2 2 2 2 2
left_child=9 2 3 5 -4 7 -7 -2 18 -1 12 15 13 14 -11 17 -17 -12 -6
right_child=1 -3 4 -5 8 6 -8 -9 -10 10 11 -13 -14 -15 -16 16 -18 -19 -20
leaf_value=-9.0089300106053728e-07 -4.8052426686617966e-08 -1.1023155546022403e-06 1.8237224355743821e-06 -2.6503965233606995e-06 1.9070541799059983e-07 1.1240995710133057e-07 -2.1109605800769978e-06 1.0474065331954484e-06 9.8670434188837449e-07 -2.098636246267879e-08 8.4307676389374016e-07 -1.557655361258033e-06 -1.268572119507943e-06 1.4497486636568996e-06 -1.9046244357344802e-06 1.6097936411317153e-06 -6.6053031164524115e-08 1.5916712528488089e-07 -7.0170645563672632e-07
leaf_weight=26 1985 37 20 23 48 28 21 45 30 2017 175 24 35 23 22 43 1241 999 31
leaf_count=26 1985 37 20 23 48 28 21 45 30 2017 175 24 35 23 22 43 1241 999 31
internal_value=2.08369e-16 -6.0715e-08 -4.34406e-08 -7.15474e-08 4.14547e-07 -4.30175e-08 -8.40463e-07 -2.37689e-08 1.55982e-07 2.99027e-08 3.51878e-08 1.03309e-07 -4.54397e-08 -2.46785e-08 -4.13101e-08 1.19526e-07 -9.93044e-09 2.61113e-07 -1.59482e-07
internal_weight=6873 2268 2231 2102 129 2079 49 2030 109 4605 4579 2482 2097 2062 2039 2458 1284 1174 79
internal_count=6873 2268 2231 2102 129 2079 49 2030 109 4605 4579 2482 2097 2062 2039 2458 1284 1174 79
is_linear=0
shrinkage=0.05


Tree=190
num_leaves=8
num_cat=0
split_feature=16 18 23 18 26 20 16
split_gain=5.16802e-09 1.02116e-08 6.7414e-09 4.70872e-08 8.54572e-09 7.06918e-09 1.22233e-08
threshold=1036.5000000000002 0.00082834000000000011 987.00000000000011 0.00074276000000000019 0.00078476268688999079 0.00082834000000000011 964.80000000000007
decision_type=2 2 2 2 2 2 2
left_child=1 2 4 -4 5 6 -1
right_child=-2 -3 3 -5 -6 -7 -8
leaf_value=-7.964323931500803e-09 -6.441242567051074e-07 9.919352613416358e-07 1.0940347661538736e-06 -2.1806857504365641e-06 9.6530142593070676e-07 -8.2299174638277548e-07 4.1545612915732428e-07
leaf_weight=6548 31 26 21 23 23 26 175
leaf_count=6548 31 26 21 23 23 26 175
internal_value=-6.46394e-17 2.91842e-09 -8.54235e-10 -6.17751e-07 3.15395e-09 -1.2496e-10 3.05733e-09
internal_weight=6873 6842 6816 44 6772 6749 6723
internal_count=6873 6842 6816 44 6772 6749 6723
is_linear=0
shrinkage=0.05


Tree=191
num_leaves=17
num_cat=0
split_feature=15 15 22 14 4 5 22 9 15 0 27 22 14 8 26 22
split_gain=4.89112e-09 6.19882e-09 2.71745e-08 7.50465e-08 1.64171e-08 1.18206e-08 3.00649e-08 1.18071e-08 1.02291e-08 1.59148e-08 6.42399e-09 3.91851e-08 1.12159e-08 3.86975e-09 3.39822e-09 5.95037e-10
threshold=0.98929220549296726 0.91245913578114801 374.50000000000006 0.31799963745711152 49.500000000000007 23.550000000000004 432.50000000000006 22.561051314123336 0.89784768270548698 77.500000000000014 99.500000000000014 716.50000000000011 0.89787622492179153 230.71074127603376 9.7029647956570108e-05 77.500000000000014
decision_type=2 2 2 2 2 2 2 2 2 2 2 2 2 2 2 2
left_child=1 5 7 4 -4 8 13 14 10 -10 12 -12 -1 -7 15 -3
right_child=-2 2 3 -5 -6 6 -8 -9 9 -11 11 -13 -14 -15 -16 -17
leaf_value=1.8719451352785747e-08 7.1253971517156369e-07 -3.7793049208981516e-08 8.8217357436803927e-07 -2.8976830037663603e-06 -9.4394858479063255e-07 -7.2044078137878385e-07 1.885790312246235e-06 1.1399372304119674e-06 -4.0222300563235489e-08 1.8064816656249151e-06 -2.5988460591606852e-08 1.5159175288146094e-06 -1.5335016082491645e-07 2.6314358571255529e-07 -6.7489374671259576e-07 2.2367884643751761e-07
leaf_weight=4864 24 233 32 32 20 20 29 22 28 20 259 49 1176 20 21 24
leaf_count=4864 24 233 32 32 20 20 29 22 28 20 259 49 1176 20 21 24
internal_value=-6.00677e-16 -2.49685e-09 -1.97674e-07 -9.92563e-07 1.79819e-07 9.09605e-09 6.60029e-07 2.48945e-08 2.07379e-09 7.29238e-07 -3.42461e-09 2.19315e-07 -1.47828e-08 -2.28649e-07 -6.33462e-08 -1.33754e-08
internal_weight=6873 6849 384 84 52 6465 69 300 6396 48 6348 308 6040 40 278 257
internal_count=6873 6849 384 84 52 6465 69 300 6396 48 6348 308 6040 40 278 257
is_linear=0
shrinkage=0.05


Tree=192
num_leaves=13
num_cat=0
split_feature=16 18 18 18 24 20 9 25 3 16 16 20
split_gain=4.82482e-09 9.21616e-09 6.40778e-09 2.6995e-08 1.73811e-08 1.38789e-08 2.03073e-08 1.35419e-08 1.7438e-08 1.45858e-08 9.81642e-09 9.30726e-09
threshold=1036.5000000000002 0.00082834000000000011 0.00078043500000000011 0.00078878500000000007 0.00072945381651665596 0.00065290000000000009 63.757547555835522 0.00075916684973125717 27.450000000000003 964.80000000000007 1001.9250000000001 0.00073238000000000003
decision_type=2 2 2 2 2 2 2 2 2 2 2 2
left_child=1 2 4 -4 7 6 -5 9 -9 -1 -7 -6
right_child=-2 -3 3 5 11 10 -8 8 -10 -11 -12 -13
leaf_value=-5.6574196519708285e-09 -6.2236918955521454e-07 9.4239522923089687e-07 -1.4959710455286769e-06 5.2193094173702554e-07 3.3618637589087656e-07 9.3134816382944152e-08 -1.6565369180724425e-06 1.2543952067289867e-07 -1.9625041392146158e-06 5.648839794303696e-07 1.3728424842505341e-06 1.5850238287384856e-06
leaf_weight=6451 31 26 37 20 37 47 23 20 20 114 22 25
leaf_count=6451 31 26 37 20 37 47 23 20 20 114 22 25
internal_value=2.73185e-16 2.81985e-09 -7.64206e-10 -3.25052e-07 6.48327e-09 6.17691e-08 -6.43296e-07 -1.33846e-09 -9.18532e-07 4.24993e-09 5.01158e-07 8.3975e-07
internal_weight=6873 6842 6816 149 6667 112 43 6605 40 6565 69 62
internal_count=6873 6842 6816 149 6667 112 43 6605 40 6565 69 62
is_linear=0
shrinkage=0.05


Tree=193
num_leaves=31
num_cat=0
split_feature=3 11 5 19 4 6 24 27 16 15 15 6 5 20 5 20 26 2 19 20 3 15 15 27 25 19 25 3 5 19
split_gain=4.87062e-09 1.42738e-08 4.38469e-08 4.51588e-08 8.02888e-08 4.31084e-08 3.9773e-08 2.50156e-08 1.57392e-08 5.79153e-08 7.72784e-08 4.81047e-08 3.70744e-08 2.33021e-08 5.96407e-08 4.22246e-08 3.83157e-08 3.53173e-08 2.5885e-08 1.47422e-08 9.42213e-09 1.92912e-08 6.90416e-08 3.08663e-08 2.08695e-08 1.63653e-08 1.37773e-08 1.10127e-08 1.04089e-08 8.5004e-09
threshold=28.250000000000004 52.003125000000004 17.950000000000003 0.00053709000000000016 1.0000000180025095e-35 0.00064910000000000011 0.00067721665555572094 1.8333333333333337 922.47000000000014 -0.69676771491221523 -0.46039597980994923 0.00066491500000000008 9.3500000000000032 0.00073603000000000015 15.15 0.00070488000000000007 0.00066501223656836189 231.50000000000003 0.00070444500000000005 0.00076682000000000009 29.250000000000004 -0.67801649466304881 -0.6523320455745395 1.8333333333333337 0.00055983249384027186 0.00064070000000000023 0.00048969386942722046 31.550000000000004 14.65 0.00029360500000000001
decision_type=2 2 2 2 2 2 2 2 2 2 2 2 2 2 2 2 2 2 2 2 2 2 2 2 2 2 2 2 2 2
left_child=1 8 3 4 -3 7 -7 -5 13 11 -11 -10 -12 15 17 16 -1 -15 -17 -13 25 27 -23 24 -24 26 29 28 -22 -2
right_child=20 2 -4 5 -6 6 -8 -9 9 10 12 19 -14 14 -16 18 -18 -19 -20 -21 21 22 23 -25 -26 -27 -28 -29 -30 -31
leaf_value=-4.3587466944496105e-09 1.0820302855386722e-07 8.2818289063817998e-07 -2.5598278257564835e-06 2.330211777916702e-07 -3.1213276315611441e-06 -1.5001066339723564e-06 2.682090278234532e-07 2.4090468130566479e-06 -2.325439681271746e-06 3.6317436454807578e-06 -1.3779705579963776e-06 -2.6482370294254242e-07 1.1551550672860546e-06 -1.168741723981489e-06 -3.2241780360209305e-06 2.5340672375652785e-06 -2.0063325753956934e-06 1.625995898848487e-06 3.0295127981634534e-07 1.3453442804911037e-06 6.5641359065742625e-08 -2.7912512721811186e-06 4.7904240328865524e-07 1.6353457410787089e-06 -1.7525997697021014e-06 1.5188325784448911e-06 -8.4021741623511537e-07 4.7472508119286973e-07 -1.1537788292939478e-06 1.2059449247693732e-06
leaf_weight=5743 45 22 21 25 31 46 103 28 25 26 20 44 52 26 20 26 24 20 26 21 105 26 22 25 20 31 24 176 21 29
leaf_count=5743 45 22 21 25 31 46 103 28 25 26 20 44 52 26 20 26 24 20 26 21 105 26 22 25 20 31 24 176 21 29
internal_value=-2.06763e-19 -1.20921e-08 -3.63761e-07 -1.82909e-07 -1.48191e-06 1.57918e-07 -2.77714e-07 1.38262e-06 3.89021e-09 4.54245e-07 1.29524e-06 -4.61511e-07 4.51509e-07 -1.04966e-08 -9.44711e-07 9.93671e-11 -1.26902e-08 4.63616e-08 1.41851e-06 2.55384e-07 1.46513e-07 2.53485e-08 -6.04322e-07 2.44337e-07 -5.83644e-07 5.1752e-07 2.00779e-07 2.19254e-07 -1.37595e-07 5.38399e-07
internal_weight=6873 6349 276 255 53 202 149 53 6073 188 98 90 72 5885 66 5819 5767 46 52 65 524 395 93 67 42 129 98 302 126 74
internal_count=6873 6349 276 255 53 202 149 53 6073 188 98 90 72 5885 66 5819 5767 46 52 65 524 395 93 67 42 129 98 302 126 74
is_linear=0
shrinkage=0.05


Tree=194
num_leaves=25
num_cat=0
split_feature=25 26 25 27 20 24 24 6 27 24 1 7 0 4 23 0 19 23 6 26 24 26 25 6
split_gain=4.77051e-09 4.21992e-08 4.93742e-08 3.66378e-08 9.42618e-08 4.21671e-08 3.85548e-08 5.08178e-08 3.3684e-08 3.18828e-08 6.79328e-08 3.93275e-08 2.65884e-08 2.69339e-08 4.66965e-08 4.34656e-08 2.04824e-08 2.76202e-08 1.57878e-08 9.90002e-09 3.25559e-08 2.08096e-08 2.10275e-08 1.10044e-08
threshold=0.00054090262624432062 0.00037053585156331337 0.00055041758720124725 61.166666666666679 0.00059125500000000006 0.00056016510526016295 0.000428927637875475 0.00052046000000000004 2.8333333333333335 0.00068954845129393083 834.40000000000009 46.030762034436094 432.50000000000006 1.0000000180025095e-35 826.50000000000011 851.50000000000011 0.00078237000000000011 766.50000000000011 0.00061284500000000021 0.00049868119142812558 0.00038711936567417481 0.00047646225586766671 0.00043083862498527475 0.00057248500000000007
decision_type=2 2 2 2 2 2 2 2 2 2 2 2 2 2 2 2 2 2 2 2 2 2 2 2
left_child=9 16 -3 6 -5 -6 7 -4 -8 11 -11 12 -1 14 -14 -15 17 18 -2 21 -21 23 -23 -13
right_child=1 2 3 4 5 -7 8 -9 -10 10 -12 19 13 15 -16 -17 -18 -19 -20 20 -22 22 -24 -25
leaf_value=2.1455553781958192e-06 1.816192096605525e-06 -2.2240614274930218e-06 2.3445823162744448e-07 -3.7757784127734342e-06 4.2354808300615336e-07 -2.0725564631309521e-06 -2.2379699657239928e-07 -2.0795396112624315e-06 5.2803397485015084e-07 2.2214009196418238e-07 -3.4156693800468931e-06 -9.6806276926086164e-09 5.351429613532723e-07 4.0412648354552131e-07 3.206601663155847e-06 -1.0764746126459738e-06 2.0613169798030147e-06 -6.0950761429432122e-07 2.4249512042236651e-07 -1.7675343740613186e-06 6.0731407929610962e-07 2.1706887196160099e-06 -1.5397545832291309e-08 -1.1565528417295787e-06
leaf_weight=22 34 30 46 24 64 23 321 49 278 33 21 5218 74 341 21 58 24 39 30 31 27 22 22 21
leaf_count=22 34 30 46 24 64 23 321 49 278 33 21 5218 74 341 21 58 24 39 30 31 27 22 22 21
internal_value=-9.62639e-16 -1.03258e-07 -2.32407e-07 -1.58184e-07 -1.00163e-06 -2.36342e-07 -2.32821e-08 -9.59077e-07 1.25133e-07 1.68049e-08 -1.19256e-06 2.7955e-08 4.44793e-07 3.6905e-07 1.12568e-06 1.88901e-07 7.45876e-07 4.39365e-07 1.07852e-06 -1.23162e-08 -6.62001e-07 -5.18355e-09 1.07765e-06 -1.42777e-08
internal_weight=6873 962 835 805 111 87 694 95 599 5911 54 5857 516 494 95 399 127 103 64 5341 58 5283 44 5239
internal_count=6873 962 835 805 111 87 694 95 599 5911 54 5857 516 494 95 399 127 103 64 5341 58 5283 44 5239
is_linear=0
shrinkage=0.05


Tree=195
num_leaves=20
num_cat=0
split_feature=17 14 17 14 24 27 14 19 14 14 17 24 4 17 15 17 14 4 5
split_gain=4.5591e-09 7.48203e-09 1.54134e-08 1.03464e-08 8.91991e-08 1.67479e-08 8.82435e-09 3.74835e-08 1.63402e-08 6.44387e-08 9.36474e-09 4.25375e-09 3.63907e-09 3.46168e-09 1.78816e-09 5.53658e-09 2.21041e-09 3.00216e-10 4.54301e-11
threshold=1.0188627020362733 -0.99630266176052629 0.91480929556445811 -0.99275805973510278 0.00028524219531598133 2.1666666666666674 -0.98523971305672675 0.00038796000000000007 -0.95995996396290595 -0.96463499255812291 1.0004624396259378 0.00013492598816773575 12.500000000000002 0.9567654386262624 -0.022575793296316496 0.71652453325675958 -0.99940763397299126 3.5000000000000004 16.150000000000002
decision_type=2 2 2 2 2 2 2 2 2 2 2 2 2 2 2 2 2 2 2
left_child=1 2 14 4 5 -3 7 11 9 -8 -10 -5 -7 -4 16 18 -1 -18 -16
right_child=-2 3 13 6 -6 12 8 -9 10 -11 -12 -13 -14 -15 15 -17 17 -19 -20
leaf_value=-5.3745290156115295e-07 -5.3906546228086556e-07 1.042157432351587e-06 1.3227842437402161e-06 7.881027085264588e-08 -3.4931066501187047e-06 -9.2128945574310173e-07 -5.3933308891162003e-08 1.8114602784992582e-06 3.2961856953000663e-09 -2.0460975264313675e-06 5.6924248241234118e-07 -7.2816295784150506e-07 3.2527263229553683e-08 5.6855342953785395e-07 -3.190814571471572e-08 9.2456096183468623e-07 -7.1524374829173052e-08 1.6685875834809851e-07 5.5677869994497087e-08
leaf_weight=24 39 36 32 89 20 20 263 35 5974 48 74 20 20 29 57 20 28 25 20
leaf_count=24 39 36 32 89 20 20 263 35 5974 48 74 20 20 29 57 20 28 25 20
internal_value=-1.11627e-15 3.07632e-09 2.80311e-07 -6.79641e-09 -5.2208e-07 2.59769e-07 8.10423e-10 3.87861e-07 -7.95436e-09 -3.61406e-07 1.02208e-08 -6.92582e-08 -4.44381e-07 9.64215e-07 4.05513e-08 1.83361e-07 -1.39352e-07 4.09205e-08 -9.15853e-09
internal_weight=6873 6834 235 6599 96 76 6503 144 6359 311 6048 109 40 61 174 97 77 53 77
internal_count=6873 6834 235 6599 96 76 6503 144 6359 311 6048 109 40 61 174 97 77 53 77
is_linear=0
shrinkage=0.05


Tree=196
num_leaves=18
num_cat=0
split_feature=25 22 15 6 17 25 6 25 24 23 0 3 14 0 20 6 17
split_gain=4.97766e-09 2.39813e-08 3.64167e-08 5.04854e-08 1.09341e-07 4.19131e-08 4.41071e-08 1.94556e-08 2.91968e-08 1.89149e-08 1.59017e-08 3.30445e-08 4.25914e-08 2.02859e-08 1.95762e-08 1.29549e-08 7.75729e-09
threshold=0.00066255616537437242 769.50000000000011 -0.57077231802681661 0.00069368500000000009 0.93459818332452382 0.00072006010827437852 0.00070749000000000018 0.00072945381651665596 0.0007081188164824282 997.50000000000011 928.50000000000011 26.150000000000002 0.70290292807158616 914.50000000000011 0.00080030500000000007 0.00076682000000000009 0.90228836113494582
decision_type=2 2 2 2 2 2 2 2 2 2 2 2 2 2 2 2 2
left_child=9 -2 3 4 -3 6 -4 16 -9 10 13 12 -12 14 15 -1 -5
right_child=1 2 5 7 -6 -7 -8 8 -10 -11 11 -13 -14 -15 -16 -17 -18
leaf_value=8.9495193811669037e-09 -1.3462071629022924e-06 -4.5279116788844393e-06 1.2570631778654955e-06 1.2610710655280855e-06 3.2289277581954737e-07 2.0665243538001291e-06 -1.1682189725242529e-06 -1.2697669622715089e-06 1.81673492007332e-07 1.5464099618611726e-06 -1.7092824672696833e-07 5.829687454244213e-07 -3.2951146386039912e-06 1.2907328687839667e-06 1.4049193105165614e-06 -8.6190152588578935e-07 2.3155124006127688e-07
leaf_weight=6239 39 21 37 24 26 38 38 60 82 20 24 29 20 31 25 43 77
leaf_count=6239 39 21 37 24 26 38 38 60 82 20 24 29 20 31 25 43 77
internal_value=-1.51464e-16 -1.62307e-07 -4.77361e-08 -3.4443e-07 -1.84449e-06 7.1369e-07 2.82536e-08 -5.42948e-08 -4.31611e-07 1.11553e-08 6.36586e-09 -7.27376e-07 -1.59101e-06 1.4817e-08 8.54563e-09 2.98858e-09 4.7619e-07
internal_weight=6873 442 403 290 47 113 75 243 142 6431 6411 73 44 6338 6307 6282 101
internal_count=6873 442 403 290 47 113 75 243 142 6431 6411 73 44 6338 6307 6282 101
is_linear=0
shrinkage=0.05


Tree=197
num_leaves=27
num_cat=0
split_feature=3 23 2 6 3 25 16 25 20 23 25 5 22 25 25 14 14 2 14 27 13 3 23 5 25 2
split_gain=4.64439e-09 1.17863e-08 3.75075e-08 3.58589e-08 5.74248e-08 5.02057e-08 3.64692e-08 3.02561e-08 2.75779e-08 1.91946e-08 1.96413e-08 2.05448e-08 1.80068e-08 1.69502e-08 3.07982e-08 9.66412e-09 5.76912e-08 2.936e-08 1.01947e-08 7.12022e-09 8.63462e-09 7.21611e-09 1.44253e-08 7.56089e-09 4.16903e-09 1.56393e-09
threshold=28.250000000000004 720.50000000000011 295.50000000000006 0.00032666500000000007 23.550000000000004 0.00021247959199887707 778.50000000000011 0.00039491761461448366 0.00058451000000000022 681.50000000000011 0.00055722847962715754 12.850000000000003 879.50000000000011 0.00069292071768410212 0.00065649438484744534 -0.73354686966117377 -0.75648915189404875 149.50000000000003 -0.69751432184420981 14.833333333333334 -0.78656609248549325 31.550000000000004 886.50000000000011 15.450000000000001 0.00059470101046983127 121.50000000000001
decision_type=2 2 2 2 2 2 2 2 2 2 2 2 2 2 2 2 2 2 2 2 2 2 2 2 2 2
left_child=1 2 9 4 8 -5 -7 -8 -3 13 11 -11 -6 14 -1 16 17 -2 -17 21 -21 22 -20 -23 -12 -22
right_child=15 3 -4 5 12 6 7 -9 -10 10 24 -13 -14 -15 -16 18 -18 -19 19 20 25 23 -24 -25 -26 -27
leaf_value=-5.6053974781474257e-09 -5.4520294683739358e-07 9.9274124750081676e-07 2.1737846293490291e-06 1.5017595654041672e-06 3.2006801063744209e-06 -2.0370106814398776e-06 -1.255568387869407e-06 -1.9850240092501695e-07 -1.4382155390814587e-06 -8.3394659479078361e-07 2.0094359478034241e-06 9.6124502461821871e-07 1.0789591181037396e-06 1.4448023813429247e-06 -1.8006611488393295e-06 1.2710721906812425e-06 -2.0497483404824378e-06 1.5335925987918537e-06 6.7066604986825816e-08 1.3475861081904787e-06 -1.0188893010568531e-07 1.2559714902883292e-07 -1.1829284784636441e-06 9.2156817329071468e-07 1.0131297293420565e-06 5.013534317558052e-07
leaf_weight=5470 33 20 20 35 20 34 79 473 28 30 21 34 20 20 24 23 32 35 159 27 21 103 27 42 21 22
leaf_count=5470 33 20 20 35 20 34 79 473 28 30 21 34 20 20 24 23 32 35 159 27 21 103 27 42 21 22
internal_value=-9.77329e-17 -1.18079e-08 1.23461e-08 -2.0395e-07 7.40654e-07 -3.37807e-07 -4.47679e-07 -3.49785e-07 -4.25317e-07 4.65418e-09 6.71111e-07 1.19749e-07 2.13982e-06 -8.15766e-09 -1.34469e-08 1.4307e-07 -2.99079e-07 5.24765e-07 2.4735e-07 1.88633e-07 6.46785e-07 9.17429e-08 -1.14384e-07 3.56154e-07 1.51128e-06 2.06747e-07
internal_weight=6873 6349 5640 709 88 621 586 552 48 5620 106 64 40 5514 5494 524 100 68 424 401 70 331 186 145 42 43
internal_count=6873 6349 5640 709 88 621 586 552 48 5620 106 64 40 5514 5494 524 100 68 424 401 70 331 186 145 42 43
is_linear=0
shrinkage=0.05


Tree=198
num_leaves=17
num_cat=0
split_feature=20 9 15 15 14 7 4 15 11 15 15 20 3 6 14 17
split_gain=4.59306e-09 8.31009e-09 5.42187e-09 1.96073e-08 4.8419e-08 7.28816e-08 1.4355e-08 1.43174e-08 2.21368e-08 1.39179e-08 7.31292e-09 1.81128e-08 1.07636e-08 8.83614e-09 8.99412e-09 1.72782e-09
threshold=0.00083425500000000011 84.835518252050321 -0.97111920233974802 -0.93543596745397617 0.31799963745711152 78.796326880801601 11.500000000000002 -0.91595872546125101 39.321875000000013 -0.8901731938066898 -0.99465740988130902 0.00021996000000000003 29.350000000000005 0.0007546050000000001 -0.066607572871769438 0.96965711648407893
decision_type=2 2 2 2 2 2 2 2 2 2 2 2 2 2 2 2
left_child=1 2 10 4 6 -6 -4 8 -5 -9 13 15 -13 14 -1 -12
right_child=-2 -3 3 7 5 -7 -8 9 -10 -11 11 12 -14 -15 -16 -17
leaf_value=-6.0050962383321411e-07 -6.9048786386360918e-07 9.9552713717934071e-07 -3.9729381410873891e-07 5.3640791299331279e-08 -4.1644075730573608e-06 -1.4967798553409641e-07 3.5879011980818119e-07 -4.5464338907798999e-07 1.3757739690589689e-06 7.3061579041862296e-09 -2.7834734583075682e-08 1.0276400201125747e-06 7.574921105872311e-08 -1.0197688895500919e-06 1.6499389618900637e-07 4.472344160703978e-07
leaf_weight=47 24 21 189 93 20 26 94 168 48 5536 216 96 43 22 209 21
leaf_count=47 24 21 189 93 20 26 94 168 48 5536 216 96 43 22 209 21
internal_value=2.68248e-16 2.41958e-09 -6.34792e-10 -1.5136e-08 -3.90705e-07 -1.89521e-06 -1.46156e-07 6.00386e-09 5.03729e-07 -6.29965e-09 1.36262e-07 2.80027e-07 7.3317e-07 -5.8184e-08 2.44522e-08 1.426e-08
internal_weight=6873 6849 6828 6174 329 46 283 5845 141 5704 654 376 139 278 256 237
internal_count=6873 6849 6828 6174 329 46 283 5845 141 5704 654 376 139 278 256 237
is_linear=0
shrinkage=0.05


Tree=199
num_leaves=31
num_cat=0
split_feature=15 14 14 2 6 14 4 15 18 27 4 3 26 25 22 15 7 2 14 14 27 23 14 22 24 25 18 2 25 5
split_gain=4.58508e-09 4.87099e-08 1.11417e-07 1.26672e-07 6.19906e-08 3.39666e-08 5.51589e-08 2.69328e-08 9.05701e-08 1.22169e-07 6.73944e-08 1.39191e-07 6.40911e-08 5.42174e-08 4.8827e-08 2.28621e-08 5.99383e-08 4.79683e-08 2.90263e-08 2.13167e-08 2.18023e-08 1.86829e-08 1.67927e-08 3.18439e-08 1.58621e-08 1.00077e-08 9.84013e-09 7.35285e-09 3.00232e-09 1.11314e-10
threshold=-0.73865259438682551 0.54219432480460406 0.51297097409535064 88.500000000000014 0.00010323000000000001 0.48314048284850658 4.5000000000000009 -0.57077231802681661 0.00040528500000000007 70.166666666666671 20.500000000000004 26.250000000000004 0.00066742474807920395 0.00072006010827437852 595.50000000000011 -0.42958798411962301 21.162751577311308 122.50000000000001 0.82414472752956958 0.61237135649459018 36.833333333333336 919.50000000000011 0.23537774960157334 619.50000000000011 0.00025781395937432111 0.00074109323310950486 0.00027893500000000007 132.50000000000003 0.00018866762716111257 5.9500000000000011
decision_type=2 2 2 2 2 2 2 2 2 2 2 2 2 2 2 2 2 2 2 2 2 2 2 2 2 2 2 2 2 2
left_child=1 2 5 -4 29 22 -7 8 14 10 11 -10 -11 15 26 17 -17 24 -19 27 -21 -18 25 -24 -9 -1 28 -6 -2 -3
right_child=7 4 3 -5 19 6 -8 13 9 12 -12 -13 -14 -15 -16 16 21 18 -20 20 -22 -23 23 -25 -26 -27 -28 -29 -30 -31
leaf_value=1.1613676544641548e-07 -3.0483153555531152e-08 6.705858321192468e-08 -2.3197714611455923e-07 -5.4419597722699112e-06 1.7922328258431924e-06 3.2723430985286196e-06 -1.4435821082383041e-07 1.0015764260827174e-07 -4.034147536913224e-06 -4.3657961095271662e-06 1.5521363416086609e-06 1.5454492458054439e-07 -8.689542539741524e-07 1.8744923997870406e-06 2.4741649031057023e-06 -2.4312752080172339e-06 -3.0657034833985191e-08 5.2273029658213333e-07 2.0307566169174572e-06 1.4560578023292692e-07 2.2045727814656859e-06 1.4649786072325135e-06 -2.4280622196316647e-08 -1.0986091454821779e-06 -1.2929263629179002e-06 -4.5357311763166035e-07 -9.272502873614031e-07 2.9430704197021325e-06 4.6147373328655226e-07 -5.4601353548543603e-08
leaf_weight=1286 353 23 28 20 35 21 27 287 28 38 33 68 20 39 20 26 3658 78 54 36 20 21 267 93 22 82 30 23 34 103
leaf_count=1286 353 23 28 20 35 21 27 287 28 38 33 68 20 39 20 26 3658 78 54 36 20 21 267 93 22 82 30 23 34 103
internal_value=6.71781e-16 6.23366e-08 -2.57718e-08 -2.4028e-06 7.3196e-07 3.84723e-08 1.35045e-06 -2.67546e-08 -3.3319e-07 -1.25404e-06 -3.97105e-07 -1.06716e-06 -3.15999e-06 1.89362e-08 6.08589e-08 1.48158e-09 -3.90262e-08 3.41802e-07 1.13965e-06 1.57677e-06 8.80951e-07 -2.21198e-08 2.02853e-09 -3.01815e-07 9.73668e-10 8.19875e-08 -5.48872e-08 2.2486e-06 1.27379e-08 -3.23936e-08
internal_weight=6873 2064 1824 48 240 1776 48 4809 624 187 129 96 58 4185 437 4146 3705 441 132 114 56 3679 1728 360 309 1368 417 58 387 126
internal_count=6873 2064 1824 48 240 1776 48 4809 624 187 129 96 58 4185 437 4146 3705 441 132 114 56 3679 1728 360 309 1368 417 58 387 126
is_linear=0
shrinkage=0.05


Tree=200
num_leaves=12
num_cat=0
split_feature=14 14 21 4 21 14 21 14 14 1 14
split_gain=4.3533e-09 3.35613e-08 1.97343e-08 5.38863e-09 6.60111e-09 5.33305e-09 1.43962e-08 7.08508e-09 6.2254e-09 4.2811e-08 1.09531e-08
threshold=0.99939377080793557 0.99907018497641664 582.50000000000011 22.500000000000004 2.5000000000000004 0.99818282439137029 227.50000000000003 0.99761913169647187 0.9916835347852474 520.85000000000014 0.98522604642031408
decision_type=2 2 2 2 2 2 2 2 2 2 2
left_child=1 5 3 -2 -5 7 -7 8 10 -10 -1
right_child=2 -3 -4 4 -6 6 -8 -9 9 -11 -12
leaf_value=-2.3500206690711258e-09 -6.5782509860667916e-07 1.8711729860380428e-06 -1.6891136374126637e-06 -1.1350686540773886e-07 1.0251966808993986e-06 2.0477580225782992e-07 -1.551613449919387e-06 8.5940967668266899e-07 1.5908642370709641e-07 -1.6841989252368096e-06 4.7980338649722406e-07
leaf_weight=6393 20 24 21 35 20 28 20 24 126 42 120
leaf_count=6393 20 24 21 35 20 28 20 24 126 42 120
internal_value=1.61573e-16 4.73612e-09 -3.34341e-07 4.49959e-08 3.00567e-07 -1.89715e-09 -5.27053e-07 1.86236e-09 -1.21819e-09 -3.01735e-07 6.53351e-09
internal_weight=6873 6777 96 75 55 6753 48 6705 6681 168 6513
internal_count=6873 6777 96 75 55 6753 48 6705 6681 168 6513
is_linear=0
shrinkage=0.05


Tree=201
num_leaves=21
num_cat=0
split_feature=25 19 22 2 21 2 23 27 22 3 14 13 20 26 26 23 2 19 25 25
split_gain=4.46538e-09 2.19359e-08 5.87925e-08 3.35691e-08 2.6939e-08 2.21385e-08 1.76282e-08 1.72903e-08 1.5519e-08 4.08979e-08 2.22042e-08 1.45572e-08 2.25487e-08 2.05561e-08 2.20194e-08 1.71604e-08 1.46888e-08 1.81977e-08 1.36709e-08 1.19819e-08
threshold=0.00066255616537437242 0.00072637000000000016 794.50000000000011 217.50000000000003 626.50000000000011 268.50000000000006 997.50000000000011 1.1666666666666667 872.50000000000011 22.650000000000002 0.61237135649459018 -0.98296291314453399 0.00051564500000000012 0.00074495676006362062 0.00069681105718388044 932.50000000000011 139.50000000000003 0.00064308000000000008 0.00059470101046983127 0.00048199306125640013
decision_type=2 2 2 2 2 2 2 2 2 2 2 2 2 2 2 2 2 2 2 2
left_child=6 2 -2 7 -3 8 11 -4 10 -10 -6 12 -1 14 15 -13 19 -18 -16 -14
right_child=1 4 3 -5 5 -7 -8 -9 9 -11 -12 13 16 -15 18 -17 17 -19 -20 -21
leaf_value=-7.397562802163355e-07 -2.5281568946066919e-06 1.3295988556156108e-06 -2.8825631099849151e-07 -1.7304860198857402e-06 5.2651511076554613e-08 -1.6668615019387379e-06 1.4926837084772161e-06 1.3554012507910329e-06 2.2618798146306124e-06 -1.9166157640681115e-08 -1.9532138160436509e-06 -4.3415851555419507e-09 7.7574162506131137e-07 -1.568709234305616e-06 1.8797709435602885e-06 -1.2915991568171684e-06 1.7535780659001948e-06 4.4446701161953077e-07 1.2593202086463862e-07 -8.9399028204504494e-07
leaf_weight=33 33 37 32 22 37 21 20 32 22 184 22 6135 21 21 25 26 47 61 20 22
leaf_count=33 33 37 32 22 37 21 20 32 22 184 22 6135 21 21 25 26 47 61 20 22
internal_value=-3.15297e-16 -1.53728e-07 -7.34044e-07 -4.56053e-08 6.0072e-08 -1.04168e-07 1.05657e-08 5.33572e-07 1.96686e-08 2.24441e-07 -6.95298e-07 5.94202e-09 4.44247e-07 -7.00934e-09 -1.72483e-09 -9.77393e-09 7.03003e-07 1.01417e-06 1.10029e-06 -7.85398e-08
internal_weight=6873 442 119 86 323 286 6431 64 265 206 59 6411 184 6227 6206 6161 151 108 45 43
internal_count=6873 442 119 86 323 286 6431 64 265 206 59 6411 184 6227 6206 6161 151 108 45 43
is_linear=0
shrinkage=0.05


Tree=202
num_leaves=30
num_cat=0
split_feature=3 11 14 15 22 0 18 11 15 27 1 2 24 22 15 23 15 2 17 22 14 14 2 14 7 17 17 7 14
split_gain=4.35275e-09 1.25159e-08 3.85775e-08 1.06688e-07 6.2041e-08 3.69457e-08 2.34178e-08 2.58887e-08 2.15488e-08 2.09438e-08 1.59916e-08 2.72657e-08 2.81594e-08 1.36289e-08 9.81286e-08 1.61969e-08 5.59187e-08 2.82398e-08 1.35037e-08 1.89013e-08 8.40694e-09 5.03578e-08 2.6681e-08 9.23607e-09 8.71539e-09 8.53059e-09 9.56826e-09 9.48388e-09 8.71065e-09
threshold=28.250000000000004 52.003125000000004 0.70290292807158616 -0.21862536810265826 960.50000000000011 923.50000000000011 0.00065455000000000016 53.446875000000006 -0.80926783187727869 3.1666666666666674 832.40000000000009 118.50000000000001 0.00058882721858827724 902.50000000000011 -0.69676771491221523 738.50000000000011 -0.36648370705903521 237.50000000000003 0.99713837927718252 599.50000000000011 -0.73354686966117377 -0.75648915189404875 156.50000000000003 -0.69751432184420981 35.072588358071535 1.0004624396259378 0.92606098876130916 68.506091218711475 -0.64659911526563996
decision_type=2 2 2 2 2 2 2 2 2 2 2 2 2 2 2 2 2 2 2 2 2 2 2 2 2 2 2 2 2
left_child=1 10 6 4 5 -4 -3 8 -8 -9 13 18 -13 15 -15 17 -17 -1 19 -12 21 22 24 -22 -2 26 27 -25 -28
right_child=20 2 3 -5 -6 -7 7 9 -10 -11 11 12 -14 14 -16 16 -18 -19 -20 -21 23 -23 -24 25 -26 -27 28 -29 -30
leaf_value=-1.4646480525283327e-08 5.0399599246020447e-07 1.1963056986255775e-06 -4.8289044960776143e-06 1.6642503368302642e-06 -6.0674826520632702e-08 -1.9281911650266367e-06 -2.4488985832249457e-06 -1.8244239740197124e-07 -1.8122957189089821e-07 1.4707081850247051e-06 -8.5024100189912134e-07 2.8536268403167061e-06 4.4949753146283912e-07 -1.1666879402127961e-06 2.6909839021982409e-06 2.6785988849198361e-07 -1.0307940991793885e-06 7.9105276509008122e-07 -8.8600098300568278e-07 7.2481519190148443e-07 1.2101699721627129e-06 -1.9095045637129716e-06 1.7947358623473521e-06 8.7217911619014951e-07 -9.2315115953466464e-07 1.1864264928362902e-06 -9.9059156933766323e-07 -5.8192950878795579e-08 4.8203684075286252e-08
leaf_weight=5381 20 37 21 24 22 23 20 82 22 25 25 21 29 34 32 172 160 111 28 80 23 32 25 70 23 20 22 45 244
leaf_count=5381 20 37 21 24 22 23 20 82 22 25 25 21 29 34 32 172 160 111 28 80 23 32 25 70 23 20 22 45 244
internal_value=-1.58715e-17 -1.14312e-08 -3.40734e-07 -1.19054e-06 -2.22864e-06 -3.31262e-06 7.04608e-08 -2.09111e-07 -1.26107e-06 2.03808e-07 3.53464e-09 4.6384e-07 1.45923e-06 -1.07669e-08 7.03698e-07 -1.88635e-08 -3.57997e-07 1.63768e-09 8.96328e-08 3.49802e-07 1.38505e-07 -2.73883e-07 4.95821e-07 2.35766e-07 -2.59362e-07 1.79878e-07 1.27041e-07 5.0812e-07 -3.77117e-08
internal_weight=6873 6349 276 90 66 44 186 149 42 107 6073 183 50 5890 66 5824 332 5492 133 105 524 100 68 424 43 401 381 115 266
internal_count=6873 6349 276 90 66 44 186 149 42 107 6073 183 50 5890 66 5824 332 5492 133 105 524 100 68 424 43 401 381 115 266
is_linear=0
shrinkage=0.05


Tree=203
num_leaves=24
num_cat=0
split_feature=6 6 0 3 1 7 20 0 16 26 3 22 21 24 20 4 20 27 19 19 6 7 14
split_gain=4.33475e-09 3.59782e-08 3.77925e-08 3.73622e-08 2.78033e-08 2.55683e-08 2.85757e-08 3.53395e-08 2.88235e-08 6.3198e-08 6.8807e-08 2.61889e-08 2.10221e-08 2.87569e-08 4.49183e-08 2.70107e-08 2.0766e-08 1.7675e-08 1.02672e-08 2.2098e-08 8.86982e-09 9.03631e-09 7.59681e-09
threshold=0.00050788000000000016 0.00053712500000000017 484.50000000000006 23.850000000000005 160.85000000000002 53.162958385954276 0.00065290000000000009 807.50000000000011 853.50000000000011 0.00066501223656836189 23.650000000000002 914.50000000000011 279.50000000000006 0.00039322977622850659 0.00058699000000000012 57.500000000000007 0.00062973000000000011 98.166666666666671 0.00049871500000000016 0.00048673000000000005 0.00048235500000000001 54.368982682724436 0.54940630780725741
decision_type=2 2 2 2 2 2 2 2 2 2 2 2 2 2 2 2 2 2 2 2 2 2 2
left_child=5 2 -2 22 -3 6 7 16 -8 -10 -11 -9 -6 14 -14 -15 17 -1 19 20 21 -7 -4
right_child=1 4 3 -5 12 18 8 11 9 10 -12 -13 13 15 -16 -17 -18 -19 -20 -21 -22 -23 -24
leaf_value=1.303552921212596e-07 -2.5546193277088086e-06 1.5494953865007639e-06 -1.784728453912976e-07 -1.8389015714866994e-06 1.1658241060428867e-06 -6.8733227088122653e-07 9.7766423960976563e-07 3.1279000643774887e-06 -3.1513347667420198e-06 -2.1531308912934513e-06 1.3961278227725417e-06 6.5399080995121039e-07 -1.8660770459953051e-06 1.1285194942973504e-07 2.052096938022309e-08 -5.418161336403799e-07 1.8995799926167161e-06 1.4285669412098893e-06 1.1198656001099038e-06 -1.3914814129011262e-06 9.9448583561277046e-07 -4.9580913506369702e-09 1.1539467698679327e-06
leaf_weight=208 28 28 20 27 35 49 32 23 21 22 36 20 55 947 74 189 22 30 20 29 22 4913 23
leaf_count=208 28 28 20 27 35 49 32 23 21 22 36 20 55 947 74 189 22 30 20 29 22 4913 23
internal_value=3.02283e-17 -7.76064e-08 -1.00213e-06 -3.81129e-07 -9.38134e-09 2.0317e-08 3.98024e-07 6.49449e-07 -2.88298e-07 -8.01093e-07 4.98573e-08 1.97724e-06 -4.29572e-08 -7.64017e-08 -7.83843e-07 3.9327e-09 4.29853e-07 2.93995e-07 -1.07521e-08 -1.52628e-08 -7.25516e-09 -1.16966e-08 5.34217e-07
internal_weight=6873 1426 98 70 1328 5447 414 303 111 79 58 43 1300 1265 129 1136 260 238 5033 5013 4984 4962 43
internal_count=6873 1426 98 70 1328 5447 414 303 111 79 58 43 1300 1265 129 1136 260 238 5033 5013 4984 4962 43
is_linear=0
shrinkage=0.05


Tree=204
num_leaves=23
num_cat=0
split_feature=25 25 26 21 14 0 11 24 1 7 0 5 21 8 18 20 20 26 24 26 20 20
split_gain=4.47303e-09 3.68152e-08 3.28e-08 3.29884e-08 4.41247e-08 2.72157e-08 3.7565e-08 2.64433e-08 6.01974e-08 3.35965e-08 2.32743e-08 2.42771e-08 4.62117e-08 3.52317e-08 1.14556e-08 1.42397e-08 1.91605e-08 8.48595e-09 2.90834e-08 1.87171e-08 1.96963e-08 1.02974e-08
threshold=0.00054090262624432062 0.00055041758720124725 0.00033433696297875372 374.50000000000006 0.43733377705052551 582.50000000000011 42.93437500000001 0.00068954845129393083 831.35000000000002 46.030762034436094 432.50000000000006 9.3500000000000032 923.50000000000011 264.98143754926701 0.00078043500000000011 0.00030589000000000007 0.00020178500000000003 0.00049868119142812558 0.00038711936567417481 0.00047646225586766671 0.00053014000000000013 0.00055524000000000014
decision_type=2 2 2 2 2 2 2 2 2 2 2 2 2 2 2 2 2 2 2 2 2 2
left_child=7 -2 14 4 -4 -5 -7 9 -9 10 -1 13 -13 -12 15 16 -3 19 -19 21 -21 -11
right_child=1 2 3 5 -6 6 -8 8 -10 17 11 12 -14 -15 -16 -17 -18 18 -20 20 -22 -23
leaf_value=2.0029359099928777e-06 -1.6047368338452846e-06 1.5791114234079115e-06 -2.2322419612685211e-07 1.4196173829835364e-06 -3.1995246945371036e-06 -1.2844237791420986e-06 -8.0262896975468899e-09 2.9908910601506025e-07 -3.0984878642150516e-06 -8.0602708884612815e-09 1.539349168684823e-06 3.1617775331593457e-07 -1.7577444145115745e-06 -6.8747612106256426e-07 -1.5419287819895546e-07 1.9219217513466448e-06 -5.0767015409292075e-07 -1.6572058866801761e-06 5.8741986945447198e-07 5.7048280410754161e-08 2.1816018141862515e-06 -1.0461286422014382e-06
leaf_weight=22 39 22 33 30 20 63 678 32 22 5215 78 364 29 23 23 32 22 31 27 24 20 24
leaf_count=22 39 22 33 30 20 63 678 32 22 5215 78 364 29 23 23 32 22 31 27 24 20 24
internal_value=-9.10881e-16 -9.99863e-08 -3.64053e-08 -1.3972e-07 -1.34636e-06 -5.6773e-08 -1.16546e-07 1.62725e-08 -1.08511e-06 2.6427e-08 4.11698e-07 3.40833e-07 1.6314e-07 1.03225e-06 8.23503e-07 1.11938e-06 5.35721e-07 -1.07945e-08 -6.12294e-07 -4.19084e-09 1.02275e-06 -1.28157e-08
internal_weight=6873 962 923 824 53 771 741 5911 54 5857 516 494 393 101 99 76 44 5341 58 5283 44 5239
internal_count=6873 962 923 824 53 771 741 5911 54 5857 516 494 393 101 99 76 44 5341 58 5283 44 5239
is_linear=0
shrinkage=0.05


Tree=205
num_leaves=24
num_cat=0
split_feature=14 6 14 18 14 21 4 14 0 15 14 26 15 0 26 27 22 26 26 14 7 14 5
split_gain=4.17764e-09 6.39844e-09 5.29838e-09 3.42929e-08 6.01157e-08 7.62183e-08 7.20014e-08 6.98357e-08 3.46075e-08 3.05201e-08 1.79145e-08 4.47766e-08 8.05048e-09 1.70562e-08 1.20522e-08 7.05285e-09 3.9723e-08 4.52224e-08 2.11289e-08 9.19154e-09 4.66961e-08 1.68228e-08 1.33659e-09
threshold=-0.99985146406598202 0.00015179500000000003 -0.94139628442229062 0.00034838500000000005 -0.96463499255812291 681.50000000000011 1.0000000180025095e-35 -0.99630266176052629 530.50000000000011 0.13185577213185923 -0.91978325482952472 0.00031224881460076423 -0.24372464231556024 80.500000000000014 0.00020981994967999153 99.500000000000014 677.50000000000011 0.00059671911253290368 0.00042011638849560857 0.89787622492179153 21.162751577311308 0.85226249403558707 9.9500000000000011
decision_type=2 2 2 2 2 2 2 2 2 2 2 2 2 2 2 2 2 2 2 2 2 2 2
left_child=1 -1 3 8 6 -6 7 -5 12 -8 11 22 13 -2 -14 19 18 -18 -17 21 -21 -12 -4
right_child=2 -3 10 4 5 -7 9 -9 -10 -11 15 -13 14 -15 -16 16 17 -19 -20 20 -22 -23 -24
leaf_value=-2.306185045787755e-08 -7.6409104270425128e-08 1.1478758676730649e-06 -2.6866288658605549e-07 9.4013217542190186e-08 -4.124443021282787e-06 -2.2013101863649358e-07 -1.4776902238130181e-07 -3.806040145093448e-06 1.7876764561362637e-06 1.4475776091531708e-06 -4.9510958890517062e-10 2.5119563215412203e-06 -6.2847238805100914e-09 -1.6484183550925413e-06 8.0833485333187128e-07 1.2806318859062222e-07 2.8573276040333442e-06 -2.1209071920089801e-07 -1.4517956910624534e-06 -2.0808669376037872e-06 -8.2675976577140044e-08 4.2208786450714798e-07 2.2019471312314971e-07
leaf_weight=28 80 20 29 22 25 25 99 24 28 43 4064 25 494 22 50 265 28 21 23 30 1151 250 27
leaf_count=28 80 20 29 22 25 25 99 24 28 43 4064 25 494 22 50 265 28 21 23 30 1151 250 27
internal_value=8.36136e-17 4.64829e-07 -3.26913e-09 -1.15444e-07 -6.31405e-07 -2.17229e-06 -2.21596e-07 -1.9408e-06 6.67494e-08 3.35329e-07 1.40324e-08 7.52505e-07 -7.84186e-09 -4.1547e-07 6.85884e-08 3.77581e-09 2.25806e-07 1.54186e-06 1.8939e-09 -9.84099e-09 -1.33434e-07 2.39939e-08 -3.29637e-08
internal_weight=6873 48 6825 912 238 50 188 46 674 142 5913 81 646 102 544 5832 337 49 288 5495 1181 4314 56
internal_count=6873 48 6825 912 238 50 188 46 674 142 5913 81 646 102 544 5832 337 49 288 5495 1181 4314 56
is_linear=0
shrinkage=0.05


Tree=206
num_leaves=21
num_cat=0
split_feature=25 5 14 3 25 23 5 21 15 23 13 6 23 6 26 26 23 25 5 5
split_gain=4.35069e-09 1.78798e-08 2.35027e-08 8.33729e-08 3.39109e-08 2.85538e-08 2.12517e-08 2.42366e-08 2.06311e-08 1.59233e-08 1.28924e-08 2.1146e-08 2.06918e-08 2.11189e-08 1.79135e-08 1.9002e-08 1.43856e-08 1.288e-08 1.05991e-08 7.1626e-09
threshold=0.00066255616537437242 18.750000000000004 0.54219432480460406 23.050000000000004 0.00072006010827437852 902.50000000000011 14.550000000000002 751.50000000000011 1.0000000180025095e-35 997.50000000000011 -0.98296291314453399 0.00043614000000000006 868.00000000000011 0.00058783500000000009 0.00074495676006362062 0.00069681105718388044 932.50000000000011 0.00059470101046983127 12.750000000000002 13.450000000000001
decision_type=2 2 2 2 2 2 2 2 2 2 2 2 2 2 2 2 2 2 2 2
left_child=9 2 3 -2 5 8 18 -8 -4 10 11 -1 13 -13 15 16 -12 -17 -5 -6
right_child=1 -3 4 6 19 -7 7 -9 -10 -11 14 12 -14 -15 -16 17 -18 -19 -20 -21
leaf_value=1.8366743046024807e-06 -3.434907239920904e-06 -1.4237803170020086e-06 1.4126076087869968e-06 -4.4602321573456808e-08 1.0034247158246753e-06 -1.7641640040112961e-06 -2.2110908418589452e-06 -2.0568300637283494e-08 -5.9907360264332964e-07 1.4190527400614884e-06 -3.7239445026860892e-09 -7.7315151209969106e-07 -1.2891257927094558e-06 7.4078161821842882e-07 -1.4640196801402844e-06 1.7791052559914535e-06 -1.1823216132492795e-06 7.6751618962589419e-08 8.389166518373345e-07 2.1958954960510369e-06
leaf_weight=23 20 26 26 177 34 21 23 28 25 20 6135 29 20 112 21 25 26 20 42 20
leaf_count=23 20 26 26 177 34 21 23 28 25 20 6135 29 20 112 21 25 26 20 42 20
internal_value=2.82977e-16 -1.51741e-07 -7.22389e-08 -3.19963e-07 4.9792e-07 -2.12451e-07 -8.92263e-08 -1.00845e-06 4.26489e-07 1.04291e-08 6.03473e-09 4.18517e-07 2.15923e-07 4.29405e-07 -6.15361e-09 -1.22045e-09 -8.69774e-09 1.0225e-06 1.2484e-07 1.44508e-06
internal_weight=6873 442 416 290 126 72 270 51 51 6431 6411 184 161 141 6227 6206 6161 45 219 54
internal_count=6873 442 416 290 126 72 270 51 51 6431 6411 184 161 141 6227 6206 6161 45 219 54
is_linear=0
shrinkage=0.05


Tree=207
num_leaves=31
num_cat=0
split_feature=15 14 14 0 6 14 4 15 24 14 20 25 0 27 2 24 15 7 2 14 14 27 14 5 11 0 3 5 25 5
split_gain=4.2844e-09 4.1339e-08 9.5519e-08 1.0776e-07 5.28844e-08 2.95315e-08 4.9053e-08 2.32991e-08 7.918e-08 1.0635e-07 4.34486e-08 4.27819e-08 4.27757e-08 3.85279e-08 3.37618e-08 2.21139e-08 1.92363e-08 4.85895e-08 4.11143e-08 2.53844e-08 1.88018e-08 1.96839e-08 1.46492e-08 3.09364e-08 1.45425e-08 1.44469e-08 9.32195e-09 6.19476e-09 2.5862e-09 1.00461e-10
threshold=-0.73865259438682551 0.54219432480460406 0.51297097409535064 380.00000000000006 0.00010323000000000001 0.48314048284850658 4.5000000000000009 -0.57077231802681661 0.00032610947719204016 0.72695311118111527 0.00072308000000000008 0.00072006010827437852 403.50000000000006 50.500000000000007 190.50000000000003 0.00019206679577210136 -0.42958798411962301 21.162751577311308 122.50000000000001 0.82414472752956958 0.61237135649459018 36.833333333333336 0.23537774960157334 12.550000000000002 33.593750000000007 905.50000000000011 31.550000000000004 5.8500000000000005 0.00018866762716111257 5.9500000000000011
decision_type=2 2 2 2 2 2 2 2 2 2 2 2 2 2 2 2 2 2 2 2 2 2 2 2 2 2 2 2 2 2
left_child=1 2 5 -4 29 22 -7 8 12 13 -11 16 15 14 -10 28 18 -18 24 -20 27 -22 26 -24 -9 -19 -1 -6 -2 -3
right_child=7 4 3 -5 20 6 -8 11 9 10 -12 -13 -14 -15 -16 -17 17 25 19 -21 21 -23 23 -25 -26 -27 -28 -29 -30 -31
leaf_value=3.1940555249561928e-08 -2.7224205098264063e-08 6.5634431285102243e-08 -2.1959734764566621e-07 -5.0249454551476448e-06 2.7494030746311186e-06 3.0743012844357599e-06 -1.4774540653293031e-07 8.7993719125766023e-08 -5.1600303044728612e-07 -3.9358579903436245e-06 -1.1437605983453317e-06 1.6649274077560853e-06 1.7544572997126928e-06 -2.2896218264837183e-06 1.5045883691496345e-06 -1.422191223221897e-06 -2.1899258312119994e-06 -3.1324109891854524e-08 4.750294862149601e-07 1.8852806455790279e-06 1.052426351103956e-07 2.0616240863091664e-06 -5.269511284706446e-07 5.8793939625823026e-07 -1.3061397351066261e-06 9.1251865297835614e-07 4.3918461357601559e-07 1.684441970262185e-06 4.6412166997909261e-07 -4.9942509819620954e-08
leaf_weight=1209 350 23 28 20 22 21 27 289 72 38 22 39 34 21 29 29 26 3638 78 54 36 20 280 80 20 41 159 36 29 103
leaf_count=1209 350 23 28 20 22 21 27 289 72 38 22 39 34 21 29 29 26 3638 78 54 36 20 280 80 20 41 159 36 29 103
internal_value=-1.1299e-16 6.02579e-08 -2.09107e-08 -2.22183e-06 6.7714e-07 3.85735e-08 1.2619e-06 -2.58624e-08 -3.10877e-07 -1.18861e-06 -2.91209e-06 1.66344e-08 5.05409e-08 -3.40994e-07 6.41668e-08 -9.14522e-08 1.1295e-09 -3.60275e-08 3.13299e-07 1.05195e-06 1.45744e-06 8.0395e-07 4.5922e-09 -2.79198e-07 -2.24146e-09 -2.08056e-08 7.92737e-08 2.08839e-06 1.03722e-08 -2.88451e-08
internal_weight=6873 2064 1824 48 240 1776 48 4809 624 182 60 4185 442 122 101 408 4146 3705 441 132 114 56 1728 360 309 3679 1368 58 379 126
internal_count=6873 2064 1824 48 240 1776 48 4809 624 182 60 4185 442 122 101 408 4146 3705 441 132 114 56 1728 360 309 3679 1368 58 379 126
is_linear=0
shrinkage=0.05


Tree=208
num_leaves=28
num_cat=0
split_feature=6 6 19 8 0 8 9 20 0 20 3 21 22 3 3 22 4 26 8 26 24 16 20 21 22 2 2
split_gain=4.27469e-09 3.16182e-08 3.55348e-08 2.44108e-08 2.36679e-08 2.75951e-08 2.22387e-08 2.54268e-08 3.2597e-08 2.5414e-08 3.75692e-08 5.39391e-08 2.38116e-08 2.14378e-08 2.85196e-08 2.81529e-08 2.61548e-08 2.11405e-08 1.94614e-08 2.35671e-08 2.0181e-08 1.40532e-08 8.22599e-09 6.89223e-09 6.55642e-09 1.08067e-08 1.69433e-08
threshold=0.00050788000000000016 0.00053712500000000017 0.00045395500000000008 215.01485218476412 423.50000000000006 132.56045472450489 36.66508201347397 0.00065290000000000009 807.50000000000011 0.00067683500000000009 24.050000000000004 665.50000000000011 914.50000000000011 17.750000000000004 18.750000000000004 539.50000000000011 96.500000000000014 0.0004686533491854383 226.39009706154982 0.00036466433003843788 0.00029479913678516668 940.67000000000007 0.00054173000000000014 791.50000000000011 619.50000000000011 216.50000000000003 138.50000000000003
decision_type=2 2 2 2 2 2 2 2 2 2 2 2 2 2 2 2 2 2 2 2 2 2 2 2 2 2 2
left_child=6 2 -2 22 5 -3 23 8 18 -9 11 -11 -10 15 17 -6 -16 -15 20 -20 -8 -12 -4 24 25 26 -1
right_child=1 4 3 -5 13 -7 7 9 12 10 21 -13 -14 14 16 -17 -18 -19 19 -21 -22 -23 -24 -25 -26 -27 -28
leaf_value=-1.4096406090213224e-08 -2.8240110623301007e-06 -1.5201512207402795e-07 7.1323399045771422e-07 -1.6773175974338774e-06 -2.5206778177278009e-06 2.3249315478571352e-06 1.5173313880822798e-07 -1.8946529593222295e-06 2.9758011212676219e-06 1.0589251871806483e-06 2.3025421362697008e-07 -2.3669680516036353e-06 6.1684415868512594e-07 2.3052860767465563e-06 1.3351693752729934e-08 -9.8862381510874298e-08 -7.8982509807344425e-07 2.9184893639566668e-07 8.1655492118039155e-07 -5.1031654796867609e-07 1.4230824352791284e-06 2.0174080164798109e-06 -5.7703120026937028e-07 -8.2106574880596711e-07 -8.2930681439089913e-07 -1.0593266447737431e-06 4.7109026434844831e-07
leaf_weight=4764 20 22 30 27 20 23 57 20 23 20 22 27 20 22 1067 30 112 32 54 88 69 22 21 26 24 24 187
leaf_count=4764 20 22 30 27 20 23 57 20 23 20 22 27 20 22 1067 30 112 32 54 88 69 22 21 26 24 24 187
internal_value=-1.25511e-16 -7.70669e-08 -9.4376e-07 -4.61644e-07 -1.31092e-08 1.11398e-06 2.01758e-08 3.688e-07 6.00668e-07 -2.80848e-07 7.38345e-08 -9.09141e-07 1.87861e-06 -5.26408e-08 -1.14831e-08 -1.06759e-06 -6.29467e-08 1.11214e-06 3.95625e-07 -5.73162e-09 8.47948e-07 1.12383e-06 1.81948e-07 -9.10175e-09 -4.8787e-09 -9.01556e-10 4.22917e-09
internal_weight=6873 1426 98 78 1328 45 5447 422 311 111 91 47 43 1283 1233 50 1179 54 268 142 126 44 51 5025 4999 4975 4951
internal_count=6873 1426 98 78 1328 45 5447 422 311 111 91 47 43 1283 1233 50 1179 54 268 142 126 44 51 5025 4999 4975 4951
is_linear=0
shrinkage=0.05


Tree=209
num_leaves=19
num_cat=0
split_feature=25 22 15 6 11 25 6 3 23 25 13 6 23 6 26 26 23 25
split_gain=4.38026e-09 1.82306e-08 2.58397e-08 3.40271e-08 6.94141e-08 2.58129e-08 3.56509e-08 1.6028e-08 1.50822e-08 1.46922e-08 1.13562e-08 1.85877e-08 1.77377e-08 1.90905e-08 1.63137e-08 1.66999e-08 1.24924e-08 1.17853e-08
threshold=0.00066255616537437242 769.50000000000011 -0.57077231802681661 0.00069368500000000009 54.928125000000009 0.00072006010827437852 0.00070749000000000018 22.650000000000002 997.50000000000011 0.00072945381651665596 -0.98296291314453399 0.00043614000000000006 868.00000000000011 0.00058783500000000009 0.00074495676006362062 0.00069681105718388044 932.50000000000011 0.00059470101046983127
decision_type=2 2 2 2 2 2 2 2 2 2 2 2 2 2 2 2 2 2
left_child=8 -2 3 4 -3 6 -4 -5 10 -9 11 -1 13 -13 15 16 -12 -17
right_child=1 2 5 7 -6 -7 -8 9 -10 -11 14 12 -14 -15 -16 17 -18 -19
leaf_value=1.7229230835532097e-06 -1.1844933361806819e-06 -3.4148543041586289e-06 1.1558679133443278e-06 1.1350370300533542e-06 4.2905649123618474e-07 1.6506923558560967e-06 -1.0245667807776284e-06 2.9729798724660713e-07 1.3813799955642027e-06 -5.3932184318449521e-07 -2.9184386339946446e-09 -7.4232129546105393e-07 -1.1901061384378409e-06 6.9707387862652917e-07 -1.3964925074105849e-06 1.6829000669531527e-06 -1.1012286694704718e-06 5.449954414871172e-08
leaf_weight=23 39 24 37 25 23 38 38 88 20 130 6135 29 20 112 21 25 26 20
leaf_count=23 39 24 37 25 23 38 38 88 20 130 6135 29 20 112 21 25 26 20
internal_value=-3.01645e-16 -1.52256e-07 -5.23623e-08 -3.02282e-07 -1.53379e-06 5.89026e-07 5.11143e-08 -6.40893e-08 1.04645e-08 -2.01604e-07 6.18775e-09 3.93316e-07 2.03372e-07 4.01028e-07 -5.25139e-09 -5.43679e-10 -7.55341e-09 9.59167e-07
internal_weight=6873 442 403 290 47 113 75 243 6431 218 6411 184 161 141 6227 6206 6161 45
internal_count=6873 442 403 290 47 113 75 243 6431 218 6411 184 161 141 6227 6206 6161 45
is_linear=0
shrinkage=0.05


Tree=210
num_leaves=25
num_cat=0
split_feature=15 14 14 0 20 14 9 3 14 20 25 0 3 22 1 21 14 22 1 9 5 6 9 5
split_gain=4.21684e-09 3.62438e-08 8.35906e-08 9.37318e-08 4.68709e-08 2.66479e-08 4.41386e-08 2.06403e-08 1.74824e-08 1.8847e-08 1.69563e-08 3.76767e-08 4.77731e-08 3.07072e-08 3.04634e-08 2.82649e-08 1.50138e-08 1.3494e-08 3.10241e-08 1.40689e-08 5.58463e-09 1.01496e-09 3.85831e-11 2.40808e-13
threshold=-0.73865259438682551 0.54219432480460406 0.51297097409535064 380.00000000000006 0.00010439000000000001 0.48314048284850658 22.815373915393831 33.45000000000001 0.61237135649459018 0.0004587350000000001 0.00072006010827437852 928.50000000000011 26.150000000000002 902.50000000000011 900.6500000000002 836.50000000000011 0.83376496542330847 966.50000000000011 777.4000000000002 75.184002745712988 5.8500000000000005 2.2145000000000002e-05 -3.1510350772115125 7.0500000000000007
decision_type=2 2 2 2 2 2 2 2 2 2 2 2 2 2 2 2 2 2 2 2 2 2 2 2
left_child=1 2 5 -4 21 17 -7 10 20 -10 11 13 -13 14 -2 -15 -12 19 -19 -1 -6 22 23 -3
right_child=7 4 3 -5 8 6 -8 -9 9 -11 16 12 -14 15 -16 -17 -18 18 -20 -21 -22 -23 -24 -25
leaf_value=-4.232260114929158e-09 -3.6390361427087872e-08 -3.8607327502133907e-08 -2.0776673623450801e-07 -4.6894383473272688e-06 2.6789441086466904e-06 -7.9935318098023347e-08 2.9954937383536162e-06 -1.5536491621953081e-06 1.5116661028713453e-06 -4.4493516043075948e-07 -1.9692513324982774e-07 -2.7796470216604314e-06 1.1583676323739227e-07 2.1561900813403845e-06 1.7137267636258004e-06 -1.8717067847133381e-07 1.5034633075655995e-06 -2.3257208931681817e-06 2.3406459510216997e-07 6.2534080335145775e-07 1.6418942396633023e-06 3.3898151926337053e-07 -1.1044737107113179e-07 -3.2522185359577332e-08
leaf_weight=1585 4597 21 28 20 21 28 20 22 32 20 21 28 29 31 25 22 34 20 29 94 34 20 20 72
leaf_count=1585 4597 21 28 20 21 28 20 22 32 20 21 28 29 31 25 22 34 20 29 94 34 20 20 72
internal_value=-1.30888e-15 5.9781e-08 -1.6221e-08 -2.07513e-06 6.37397e-07 3.94251e-08 1.20149e-06 -2.56577e-08 1.41642e-06 7.59127e-07 -1.86354e-08 -2.87806e-08 -1.30651e-06 -1.3202e-08 -2.69241e-08 1.18347e-06 8.54224e-07 7.14546e-09 -8.10746e-07 3.10148e-08 2.03786e-06 1.06641e-08 -4.74451e-08 -3.38962e-08
internal_weight=6873 2064 1824 48 240 1776 48 4809 107 52 4787 4732 57 4675 4622 53 55 1728 49 1679 55 133 113 93
internal_count=6873 2064 1824 48 240 1776 48 4809 107 52 4787 4732 57 4675 4622 53 55 1728 49 1679 55 133 113 93
is_linear=0
shrinkage=0.05


Tree=211
num_leaves=27
num_cat=0
split_feature=25 25 14 14 14 22 5 27 26 15 24 2 7 26 23 4 18 4 18 25 2 14 2 26 26 23
split_gain=4.23664e-09 3.22459e-08 2.93489e-08 7.90912e-08 6.33941e-08 3.74509e-08 3.50456e-08 3.08811e-08 5.47378e-08 2.59981e-08 2.2789e-08 4.25379e-08 2.70027e-08 2.05447e-08 5.46896e-08 4.17385e-08 3.47063e-08 2.75589e-08 1.60739e-08 7.52799e-09 1.98656e-08 3.49419e-08 2.91685e-08 1.46225e-08 1.3164e-08 9.88131e-09
threshold=0.00054090262624432062 0.00055041758720124725 0.92922379131507438 0.95752911693909493 0.85226249403558707 812.50000000000011 15.750000000000002 61.833333333333336 0.00066742474807920395 0.61913436964878354 0.00068954845129393083 154.50000000000003 46.030762034436094 0.00058236414509373557 845.50000000000011 95.500000000000014 0.00045370500000000005 77.500000000000014 0.00062180000000000015 0.00044278007939447785 140.50000000000003 0.54940630780725741 104.50000000000001 0.00043387589184935572 0.00050245546814890404 573.50000000000011
decision_type=2 2 2 2 2 2 2 2 2 2 2 2 2 2 2 2 2 2 2 2 2 2 2 2 2 2
left_child=10 -2 4 -4 7 -5 -6 9 -9 -3 12 -12 13 14 16 17 -1 -15 -7 23 22 -22 -21 25 -25 -14
right_child=1 2 3 5 6 18 -8 8 -10 -11 11 -13 19 15 -16 -17 -18 -19 -20 20 21 -23 -24 24 -26 -27
leaf_value=1.3080856980437442e-06 -1.5055857497477868e-06 -8.7458668931426479e-09 -2.9908769971598304e-06 -1.1836134939212338e-06 3.2040404448707705e-06 -1.6993145826355823e-07 3.7008957519901743e-07 -2.0020106006768403e-06 8.8324570924669397e-07 1.3047759352957655e-06 -2.8363393630570502e-06 6.9693836019937676e-08 5.255786924171779e-10 3.9570434718318498e-08 2.6798566154709611e-06 -1.6348736467615016e-06 8.921357873083379e-08 2.0332699054392836e-06 1.6464500755193575e-06 4.3547310164466211e-07 -6.2401419500136596e-07 1.7423459597081932e-06 -1.4429444873133347e-06 8.3161533265538119e-07 -4.0500238774094606e-07 -4.4444761515549658e-07
leaf_weight=79 39 647 30 39 24 21 20 48 25 40 20 34 4934 130 29 34 224 20 29 31 39 26 62 93 28 128
leaf_count=79 39 647 30 39 24 21 20 48 25 40 20 34 4934 130 29 34 224 20 29 31 39 26 62 93 28 128
internal_value=-7.15932e-16 -9.73085e-08 -3.78038e-08 -7.70662e-07 7.06665e-08 -2.22745e-08 1.91588e-06 -3.61617e-08 -1.01391e-06 6.77328e-08 1.58367e-08 -1.00661e-06 2.52634e-08 3.70663e-07 6.05538e-07 -5.31312e-08 4.07005e-07 3.05397e-07 8.8357e-07 -8.10604e-09 -3.48091e-07 3.2253e-07 -8.16805e-07 2.25817e-09 5.45456e-07 -1.07262e-08
internal_weight=6873 962 923 119 804 89 44 760 73 687 5911 54 5857 516 332 184 303 150 50 5341 158 65 93 5183 121 5062
internal_count=6873 962 923 119 804 89 44 760 73 687 5911 54 5857 516 332 184 303 150 50 5341 158 65 93 5183 121 5062
is_linear=0
shrinkage=0.05


Tree=212
num_leaves=23
num_cat=0
split_feature=21 21 17 3 17 6 21 19 24 22 20 0 3 14 14 0 0 21 14 6 9 1
split_gain=4.36477e-09 3.06196e-08 2.35378e-08 2.27866e-08 2.54529e-08 1.50102e-08 1.45202e-08 2.51758e-08 3.38151e-08 1.27395e-08 1.47435e-08 1.10476e-08 5.28624e-08 5.81758e-08 2.65449e-08 3.4133e-08 2.34427e-08 1.42088e-08 2.03315e-08 1.16856e-08 3.54988e-08 3.10725e-08
threshold=928.50000000000011 939.50000000000011 0.93459818332452382 23.950000000000003 0.99867351743339405 0.00066767500000000017 886.50000000000011 0.00047768000000000008 0.00065649438484744534 766.50000000000011 0.00058232500000000018 833.50000000000011 22.350000000000005 0.92922379131507438 -0.93273441465163176 868.00000000000011 791.50000000000011 811.00000000000011 0.71503381463111937 0.00064078500000000016 53.030988997167277 765.45000000000016
decision_type=2 2 2 2 2 2 2 2 2 2 2 2 2 2 2 2 2 2 2 2 2 2
left_child=6 -2 -3 -4 5 -5 11 -8 -9 -10 -11 16 13 -13 -14 -16 19 18 -18 20 -1 -21
right_child=1 2 3 4 -6 -7 7 8 9 10 -12 12 14 -15 15 -17 17 -19 -20 21 -22 -23
leaf_value=-2.8545842871671849e-09 -1.5989541466029443e-06 1.4600497524952517e-06 -1.5145423780103961e-06 -1.0759360167058833e-06 1.5919826093680891e-06 1.583549748446354e-07 -9.0462674750467295e-07 2.0591696075674313e-06 1.4187809460963762e-06 -9.2331051746441519e-07 4.7777054699861912e-07 -4.1793087461883261e-08 -1.4822770487575731e-06 -3.8097706107821852e-06 1.533832271523974e-06 -1.4047969643961315e-07 3.2411781589949196e-07 -3.7523824816658323e-07 1.9029767698659846e-06 -1.246756660646815e-07 9.8722754051263832e-07 -1.6768384101497861e-06
leaf_weight=5681 34 25 27 36 23 78 28 36 20 28 57 20 27 21 38 153 44 22 38 309 92 36
leaf_count=5681 34 25 27 36 23 78 28 36 20 28 57 20 27 21 38 153 44 22 38 309 92 36
internal_value=-4.35702e-16 -2.17589e-07 3.09111e-08 -1.86945e-07 7.46977e-08 -2.31421e-07 7.29658e-09 4.64831e-07 7.3678e-07 2.83389e-07 1.6238e-08 -4.63419e-09 -3.24596e-07 -1.97173e-06 -1.48131e-08 1.92629e-07 8.68469e-09 7.53068e-07 1.05578e-06 -3.96909e-09 1.29236e-08 -2.8664e-07
internal_weight=6873 223 189 164 137 114 6650 169 141 105 85 6481 259 41 218 191 6222 104 82 6118 5773 345
internal_count=6873 223 189 164 137 114 6650 169 141 105 85 6481 259 41 218 191 6222 104 82 6118 5773 345
is_linear=0
shrinkage=0.05


Tree=213
num_leaves=22
num_cat=0
split_feature=25 19 24 23 21 5 20 25 26 5 19 11 3 19 24 26 3 0 3 20 25
split_gain=4.61559e-09 1.73581e-08 3.98086e-08 2.71586e-08 2.50831e-08 1.72943e-08 3.70881e-08 3.19096e-08 1.76797e-08 3.40299e-08 1.30869e-08 4.3694e-08 1.30696e-08 1.0409e-08 2.52515e-08 1.57004e-08 2.46273e-08 1.44143e-08 3.29179e-08 2.71013e-08 9.24389e-09
threshold=0.00066255616537437242 0.00072637000000000016 0.00060827545589921055 735.50000000000011 626.50000000000011 13.350000000000003 0.00080030500000000007 0.00072006010827437852 0.00064855887501202066 9.3500000000000032 0.00075457500000000006 44.10625000000001 26.150000000000002 0.00071982000000000014 0.00057638505298942893 0.00070050730495986092 26.850000000000005 836.50000000000011 24.050000000000004 0.00070094500000000013 0.00067721665555572094
decision_type=2 2 2 2 2 2 2 2 2 2 2 2 2 2 2 2 2 2 2 2 2
left_child=10 2 3 -2 -3 8 7 -7 9 -6 13 -12 -10 15 -15 17 -17 19 -19 -1 -4
right_child=1 4 20 -5 5 6 -8 -9 12 -11 11 -13 -14 14 -16 16 -18 18 -20 -21 -22
leaf_value=2.4216375239617584e-09 -2.1383511693784386e-07 1.2589112515883785e-06 -5.0332185650578878e-07 -2.5358557509742458e-06 -1.5309739898986812e-06 -1.7562122979240615e-06 -2.539744933268854e-06 5.8816120837614693e-07 1.2348254344009873e-06 8.0360114772567478e-07 -9.1813836295683444e-07 1.9035868316517309e-06 1.4606893130881061e-07 -1.8718921170446379e-06 4.465322915522215e-07 1.6147917857697725e-06 -2.6781987969570766e-07 -1.6298205384724828e-06 -4.606697031075e-08 9.7827397618272603e-07 6.9618771227908391e-07
leaf_weight=6012 20 37 29 34 37 21 21 47 39 27 23 34 94 24 23 38 32 44 129 72 36
leaf_count=6012 20 37 29 34 37 21 21 47 39 27 23 34 94 24 23 38 32 44 129 72 36
internal_value=5.49398e-16 -1.56293e-07 -6.72516e-07 -1.67585e-06 3.38949e-08 -1.24586e-07 -7.03051e-07 -1.35836e-07 1.36751e-07 -5.46075e-07 1.07419e-08 7.64996e-07 4.65328e-07 3.99695e-09 -7.37344e-07 9.50399e-09 7.54169e-07 1.17307e-09 -4.48871e-07 1.39702e-08 1.61022e-07
internal_weight=6873 442 119 54 323 286 89 68 197 64 6431 57 133 6374 47 6327 70 6257 173 6084 65
internal_count=6873 442 119 54 323 286 89 68 197 64 6431 57 133 6374 47 6327 70 6257 173 6084 65
is_linear=0
shrinkage=0.05


Tree=214
num_leaves=23
num_cat=0
split_feature=25 19 25 20 15 15 0 19 5 26 6 21 15 20 15 15 27 24 27 14 14 20
split_gain=4.3151e-09 1.95821e-08 1.70338e-08 1.60613e-08 4.22339e-08 5.78658e-08 3.88591e-08 2.68894e-08 6.8581e-08 5.89185e-08 4.07342e-08 2.17653e-08 3.63345e-08 3.06969e-08 1.34929e-08 6.71428e-08 2.96665e-08 2.12403e-08 1.79625e-08 1.73061e-08 4.80645e-08 2.08149e-08
threshold=0.00062369639297372352 0.00075457500000000006 0.00063365167530476691 0.00069608500000000015 0.13185577213185923 -0.091258822863740666 851.50000000000011 0.00065152000000000016 12.550000000000002 0.00046164350660397559 0.00069025500000000019 928.50000000000011 -0.90531874877253482 0.00061117500000000015 -0.61236746317008228 -0.68432604233786842 1.0000000180025095e-35 0.00051889496322921654 23.166666666666668 0.92922379131507438 0.97314989601849466 0.00062761000000000013
decision_type=2 2 2 2 2 2 2 2 2 2 2 2 2 2 2 2 2 2 2 2 2 2
left_child=1 3 -2 7 5 6 -5 11 9 -9 -10 13 -13 -1 15 17 -16 -4 -19 21 -21 -18
right_child=2 -3 14 4 -6 -7 -8 8 10 -11 -12 12 -14 -15 16 -17 19 18 -20 20 -22 -23
leaf_value=-4.0205809578759535e-09 -1.1394017082448746e-06 1.2087762470133277e-06 -1.2568811591924769e-06 1.3448524097111046e-06 2.5746151463646951e-06 -2.3275313594695037e-06 -2.8673584853638405e-07 -6.274850420595613e-08 1.3068651382042164e-06 -3.5662730429445831e-06 -1.1078627602913576e-06 7.941988109277667e-07 -1.7431228290534332e-06 6.5213959922640126e-07 -1.0683747411670029e-06 -3.0568361923144492e-06 2.2423194304397131e-06 -8.2277891136820589e-08 1.1094068646065756e-06 -1.8308115161513872e-06 1.2721385176589069e-06 5.5495993834122651e-07
leaf_weight=5698 39 34 34 74 21 20 72 20 40 30 31 21 43 184 34 20 23 260 36 24 26 89
leaf_count=5698 39 34 34 74 21 20 72 20 40 30 31 21 43 184 34 20 23 260 36 24 26 89
internal_value=-1.06583e-16 1.20841e-08 -1.29889e-07 5.57825e-09 4.61981e-07 1.9472e-07 5.40234e-07 -8.4892e-09 -7.46383e-07 -2.16486e-06 2.52547e-07 6.52679e-09 -9.10564e-07 1.65053e-08 -5.77804e-08 -2.43784e-07 2.74368e-07 -7.32956e-08 6.26567e-08 5.56178e-07 -2.17277e-07 9.01471e-07
internal_weight=6873 6288 585 6254 187 166 146 6067 121 50 71 5946 64 5882 546 350 196 330 296 162 50 112
internal_count=6873 6288 585 6254 187 166 146 6067 121 50 71 5946 64 5882 546 350 196 330 296 162 50 112
is_linear=0
shrinkage=0.05


Tree=215
num_leaves=20
num_cat=0
split_feature=17 17 27 25 24 15 17 15 15 15 21 17 0 27 16 25 0 27 25
split_gain=4.0484e-09 4.85298e-09 2.41827e-08 4.15655e-08 2.74424e-08 3.44886e-08 2.58968e-08 2.23125e-08 1.08601e-07 3.63745e-08 2.20665e-08 2.51714e-08 2.59924e-08 3.18275e-08 2.3206e-08 1.65629e-08 3.01759e-08 8.69934e-09 1.39678e-08
threshold=1.0188627020362733 0.94306961040577553 25.500000000000004 0.00033798106254243613 0.00056899936841910777 -0.57782411410281842 0.9752786032485391 -0.23537842981696178 -0.28519997588938989 -0.39036009226888674 944.50000000000011 0.94129205808797278 851.50000000000011 39.500000000000007 922.47000000000014 0.00066501223656836189 854.50000000000011 73.166666666666671 0.00022372309512148599
decision_type=2 2 2 2 2 2 2 2 2 2 2 2 2 2 2 2 2 2 2
left_child=1 10 7 17 6 -6 -5 8 9 -3 11 12 14 -14 -1 16 -9 18 -4
right_child=-2 2 3 4 5 -7 -8 15 -10 -11 -12 -13 13 -15 -16 -17 -18 -19 -20
leaf_value=-1.5858223883351159e-08 -5.0797639161714869e-07 -1.2494823713254467e-07 3.4922490068779688e-08 3.3135731835424545e-06 1.6856953406064487e-06 -1.0041682463162777e-06 1.0562641229491286e-06 3.4115424241039952e-07 -3.3267985234995376e-06 1.4699242263149198e-06 1.3366685046397228e-06 -1.6060150942394101e-06 -2.3667253503046727e-07 -2.0055620544618643e-06 6.478472888012995e-07 -7.4258576186518138e-07 2.3639366190764124e-06 6.2684479303243283e-07 -1.6396364321025202e-06
leaf_weight=5390 39 604 33 24 26 22 27 236 26 38 30 25 93 35 135 30 20 20 20
leaf_count=5390 39 604 33 24 26 22 27 236 26 38 30 25 93 35 135 30 20 20 20
internal_value=-4.14561e-16 2.8989e-09 9.77647e-08 6.43476e-07 1.31092e-06 4.52841e-07 2.11853e-06 -6.23496e-10 -1.58845e-07 -3.05477e-08 -1.5815e-08 -2.29609e-08 -1.596e-08 -7.20353e-07 3.59015e-10 3.68929e-07 4.99184e-07 -2.6169e-07 -5.96987e-07
internal_weight=6873 6834 1126 172 99 48 51 954 668 642 5708 5678 5653 128 5525 286 256 73 53
internal_count=6873 6834 1126 172 99 48 51 954 668 642 5708 5678 5653 128 5525 286 256 73 53
is_linear=0
shrinkage=0.05


Tree=216
num_leaves=31
num_cat=0
split_feature=3 18 14 18 27 4 14 14 23 14 17 20 22 7 27 19 3 18 15 15 27 25 6 3 2 17 19 24 27 3
split_gain=4.32404e-09 1.10936e-08 3.40061e-08 2.85691e-08 5.25628e-08 2.64873e-08 5.73102e-08 4.51979e-08 2.29354e-08 2.28909e-08 1.86e-08 1.59813e-08 6.11779e-08 2.48346e-08 3.58024e-08 1.78105e-08 8.14949e-09 1.57903e-08 1.45983e-08 4.05739e-08 2.47408e-08 1.88004e-08 8.94445e-09 8.19228e-09 7.55569e-09 8.17877e-09 5.94749e-09 3.68413e-09 5.83372e-09 5.00626e-09
threshold=28.250000000000004 0.00063816500000000011 0.9916835347852474 0.00066491500000000008 95.500000000000014 17.500000000000004 0.89787622492179153 0.93845596220871974 928.50000000000011 -0.94139628442229062 0.94469267424238235 0.00073603000000000015 781.50000000000011 36.648386270988794 78.166666666666671 0.00065152000000000016 29.250000000000004 0.00072017000000000012 -0.67801649466304881 -0.6523320455745395 1.8333333333333337 0.00055983249384027186 0.00059955000000000002 31.550000000000004 179.50000000000003 0.94129205808797278 0.00054044500000000018 0.00067721665555572094 7.166666666666667 33.45000000000001
decision_type=2 2 2 2 2 2 2 2 2 2 2 2 2 2 2 2 2 2 2 2 2 2 2 2 2 2 2 2 2 2
left_child=1 8 3 4 9 6 -5 -7 11 -3 -10 13 -13 14 -1 -15 17 22 23 -20 21 -21 26 24 -18 -26 -2 28 -25 -29
right_child=16 2 -4 5 -6 7 -8 -9 10 -11 -12 12 -14 15 -16 -17 18 -19 19 20 -22 -23 -24 27 25 -27 -28 29 -30 -31
leaf_value=2.5733859334575729e-07 2.3370126075907567e-07 -1.7916963478065944e-06 -1.8846445167080925e-06 -3.7895549687803395e-08 -3.0239067603526401e-06 1.481067932536629e-07 -2.512342224200928e-06 2.1701739101307328e-06 2.0858449834311917e-06 6.5588355827777621e-08 2.1264695533318444e-08 9.6329136042562638e-07 -2.0861056752533172e-06 8.8860141669630891e-10 2.1511581845486709e-06 -9.9795564880069946e-07 1.8490827696346464e-07 1.7745119600931502e-06 -2.1988864983331251e-06 3.9553601583525676e-07 1.3735478530634283e-06 -1.7225885805771669e-06 -7.0933023579300433e-07 9.1948849501477525e-07 -4.80453599670404e-08 -1.3820766342220738e-06 1.1963499480045704e-06 -2.3567561981963082e-07 2.2824360931176322e-08 5.1686573516337496e-07
leaf_weight=128 68 21 29 234 22 170 26 33 24 79 20 29 38 5420 31 45 79 20 26 22 25 20 20 60 27 20 21 39 26 51
leaf_count=128 68 21 29 234 22 170 26 33 24 79 20 29 38 5420 31 45 79 20 26 22 25 20 20 60 27 20 21 39 26 51
internal_value=1.59667e-16 -1.13934e-08 -2.13387e-07 -1.30538e-07 -8.1123e-07 4.88238e-08 -2.8534e-07 4.76817e-07 1.02323e-08 -3.24441e-07 1.1474e-06 1.44033e-09 -7.66217e-07 1.05856e-08 6.26574e-07 -7.3361e-09 1.38047e-07 4.8309e-07 2.53626e-08 -5.22391e-07 1.2819e-07 -6.13095e-07 2.46132e-07 1.94042e-07 -1.13738e-07 -6.15718e-07 4.60843e-07 4.14384e-07 6.48404e-07 1.90764e-07
internal_weight=6873 6349 614 585 122 463 260 203 5735 100 44 5691 67 5624 159 5465 524 129 395 93 67 42 109 302 126 47 89 176 86 90
internal_count=6873 6349 614 585 122 463 260 203 5735 100 44 5691 67 5624 159 5465 524 129 395 93 67 42 109 302 126 47 89 176 86 90
is_linear=0
shrinkage=0.05


Tree=217
num_leaves=26
num_cat=0
split_feature=14 6 6 6 0 7 0 25 3 25 3 9 20 0 16 26 22 24 1 25 6 26 17 20 26
split_gain=4.09276e-09 6.10633e-09 4.64291e-09 2.9269e-08 3.66498e-08 3.48512e-08 2.09405e-08 3.66176e-08 1.83693e-08 3.45737e-08 2.52132e-08 1.69119e-08 2.25781e-08 2.69005e-08 2.24695e-08 4.81577e-08 1.87066e-08 1.65546e-08 1.23305e-08 1.19212e-08 2.01207e-08 1.59159e-08 1.22805e-08 1.17389e-08 1.01464e-08
threshold=-0.99985146406598202 0.00015179500000000003 0.00050788000000000016 0.00053712500000000017 484.50000000000006 43.453701065071037 423.50000000000006 0.0004741293382238098 17.750000000000004 0.00047725081633004759 18.750000000000004 36.66508201347397 0.00065290000000000009 807.50000000000011 853.50000000000011 0.00066501223656836189 914.50000000000011 0.00041446574722171163 736.75000000000011 0.00040788276083072132 0.00042477500000000007 0.00041434550949085005 0.87803595701572179 0.00047458500000000008 0.00038246399895872785
decision_type=2 2 2 2 2 2 2 2 2 2 2 2 2 2 2 2 2 2 2 2 2 2 2 2 2
left_child=1 -1 11 4 -4 -6 7 -5 9 -8 -10 19 13 17 -14 -16 -15 -13 -7 21 -21 24 -23 -22 -2
right_child=2 -3 3 6 5 18 8 -9 10 -11 -12 12 14 16 15 -17 -18 -19 -20 20 23 22 -24 -25 -26
leaf_value=-1.6541216739186994e-08 1.2705502753120746e-09 1.1273555952584503e-06 -2.4870138683278737e-06 2.3720137586262052e-06 -1.645054576642749e-06 1.5082947246014556e-06 -2.212510345021588e-06 -4.8693298789917859e-07 1.0350360467041524e-06 4.2553563421575822e-07 -7.0042188185816642e-08 6.9421035270569123e-07 8.2800686649342483e-07 2.674391354325369e-06 -2.7941033230100792e-06 3.2483779344555184e-10 5.8354476095701102e-07 -1.0174147033475287e-07 -2.26418147316768e-07 -1.9696890268505741e-06 1.7599124979210911e-07 1.8090773264269784e-06 2.3258006171052633e-07 -1.231921695392657e-06 -7.0771993883753054e-07
leaf_weight=28 4790 20 27 24 29 20 27 21 54 23 1169 153 32 23 21 58 20 114 21 20 57 21 30 20 51
leaf_count=28 4790 20 27 24 29 20 27 21 54 23 1169 153 32 23 21 58 20 114 21 20 57 21 30 20 51
internal_value=-7.24383e-16 4.60082e-07 -3.23575e-09 -8.38727e-08 -9.22112e-07 -3.18507e-07 -2.21814e-08 1.03784e-06 -5.96527e-08 -9.99009e-07 -2.12489e-08 1.78551e-08 3.22177e-07 5.41282e-07 -2.8974e-07 -7.42498e-07 1.7019e-06 3.54366e-07 6.19783e-07 -7.82531e-09 -5.56708e-07 3.0581e-09 8.81726e-07 -1.897e-07 -6.19867e-09
internal_weight=6873 48 6825 1415 97 70 1318 45 1273 50 1223 5410 421 310 111 79 43 267 41 4989 97 4892 51 77 4841
internal_count=6873 48 6825 1415 97 70 1318 45 1273 50 1223 5410 421 310 111 79 43 267 41 4989 97 4892 51 77 4841
is_linear=0
shrinkage=0.05


Tree=218
num_leaves=31
num_cat=0
split_feature=3 11 14 14 19 25 11 20 23 1 2 24 17 26 25 14 17 14 16 14 16 3 18 14 14 14 2 6 17 1
split_gain=4.12166e-09 1.05041e-08 3.0946e-08 6.27522e-08 4.27079e-08 1.76601e-08 1.69879e-08 1.83475e-08 1.3365e-08 1.25108e-08 2.45762e-08 2.08115e-08 1.17508e-08 2.19503e-08 1.08601e-08 4.61534e-08 7.14504e-08 5.64152e-08 3.85337e-08 4.55955e-08 2.61727e-08 7.30381e-09 1.42701e-08 8.50277e-09 1.07185e-08 4.35894e-08 9.64582e-09 8.19284e-09 5.39828e-09 4.87874e-09
threshold=28.250000000000004 52.003125000000004 0.70290292807158616 0.82414472752956958 0.00054298000000000009 0.00075189565443834589 53.781250000000007 0.00066491500000000008 836.50000000000011 832.40000000000009 118.50000000000001 0.00058882721858827724 0.99713837927718252 0.00027129413827487494 0.00054090262624432062 0.92922379131507438 0.84368460989301031 0.81428061195174062 928.56000000000006 0.71503381463111937 853.50000000000011 29.250000000000004 0.00072017000000000012 -0.16905184689101435 -0.73354686966117377 -0.75648915189404875 149.50000000000003 0.0005954100000000001 0.99065583073017305 691.6500000000002
decision_type=2 2 2 2 2 2 2 2 2 2 2 2 2 2 2 2 2 2 2 2 2 2 2 2 2 2 2 2 2 2
left_child=1 9 5 -4 -5 6 8 -8 -3 14 12 -12 13 -11 18 17 -17 -16 20 -20 -1 22 27 24 25 26 -23 -2 29 -26
right_child=21 2 3 4 -6 -7 7 -9 -10 10 11 -13 -14 -15 15 16 -18 -19 19 -21 -22 23 -24 -25 28 -27 -28 -29 -30 -31
leaf_value=4.1164856847209289e-09 4.8490721186259719e-07 -1.3324476383232927e-06 -2.9887466223891386e-06 -1.8641351309032988e-06 8.6567897118297159e-07 -1.1018564647611942e-06 1.8488873253090788e-06 2.6790124384140231e-07 1.7342558166779871e-07 -9.9606393678186575e-07 2.5534950769464819e-06 4.8669493664953015e-07 -8.5565531386626908e-07 7.012796541339129e-07 -2.4435537242199281e-07 -1.627297257161955e-08 -3.1688591580980586e-06 1.8032976221978682e-06 -3.1564063817768329e-07 2.2494781044925488e-06 -1.1124685483820324e-06 -2.9088465978366872e-07 1.689112564804418e-06 -7.1589317095848469e-07 3.6608395391368735e-07 -2.0798628104155516e-06 1.1764548595749604e-06 -5.1927320412317018e-07 7.5971054270342267e-07 -7.838073144262499e-08
leaf_weight=5362 82 23 29 23 38 28 25 69 41 25 21 29 28 80 293 41 32 38 30 41 53 21 20 35 125 26 24 27 42 122
leaf_count=5362 82 23 29 23 38 28 25 69 41 25 21 29 28 80 293 41 32 38 30 41 53 21 20 35 125 26 24 27 42 122
internal_value=3.54658e-16 -1.11236e-08 -3.12802e-07 -1.07392e-06 -1.63595e-07 5.54814e-08 2.60579e-07 6.88376e-07 -3.67748e-07 2.5868e-09 4.09727e-07 1.35475e-06 5.44543e-08 2.9715e-07 -1.00629e-08 -2.60251e-07 -1.39823e-06 -9.27739e-09 8.36149e-09 1.16563e-06 -6.81223e-09 1.34778e-07 4.61428e-07 2.81001e-08 1.00433e-07 -4.50001e-07 4.91696e-07 2.36165e-07 2.35661e-07 1.46551e-07
internal_weight=6873 6349 276 90 61 186 158 94 64 6073 183 50 133 105 5890 404 73 331 5486 71 5415 524 129 395 360 71 45 109 289 247
internal_count=6873 6349 276 90 61 186 158 94 64 6073 183 50 133 105 5890 404 73 331 5486 71 5415 524 129 395 360 71 45 109 289 247
is_linear=0
shrinkage=0.05


Tree=219
num_leaves=16
num_cat=0
split_feature=15 15 2 0 15 2 15 6 3 22 25 15 2 22 2
split_gain=3.92422e-09 5.25768e-09 3.3878e-08 1.14895e-08 9.12756e-09 4.43218e-08 2.75702e-08 4.18904e-08 2.21148e-08 2.26853e-08 1.07513e-08 9.06734e-09 8.66369e-09 9.04305e-09 7.7514e-09
threshold=0.98929220549296726 0.91245913578114801 175.50000000000003 643.50000000000011 0.61913436964878354 152.50000000000003 0.59175731018202693 2.4510000000000004e-05 23.650000000000002 484.50000000000006 0.00047725081633004759 0.57780407610161799 117.50000000000001 186.50000000000003 250.50000000000003
decision_type=2 2 2 2 2 2 2 2 2 2 2 2 2 2 2
left_child=1 4 3 12 6 8 11 -8 9 -6 -7 14 13 -3 -1
right_child=-2 2 -4 -5 5 10 7 -9 -10 -11 -12 -13 -14 -15 -16
leaf_value=6.2595842801941811e-09 6.3823651620017092e-07 3.3779410200645958e-08 -2.0870384911507825e-06 -1.2310457709219237e-06 7.0894390310621854e-10 9.0510924997033724e-07 4.3238085213813195e-08 -2.9528457048400014e-06 -1.4525324796404279e-06 8.7388084825865866e-07 2.3866836026324261e-06 9.68005069879041e-07 7.851828546900919e-07 -7.2589491667406997e-07 -2.8462963051694782e-07
leaf_weight=5482 24 264 22 20 513 25 28 20 23 87 24 24 32 46 239
leaf_count=5482 24 264 22 20 513 25 28 20 23 87 24 24 32 46 239
internal_value=1.4025e-15 -2.23648e-09 -1.81988e-07 -6.62112e-08 8.44016e-09 1.82874e-07 -1.17945e-08 -1.20513e-06 6.89937e-08 1.27319e-07 1.63078e-06 -1.82408e-09 1.90775e-09 -7.89465e-08 -5.89258e-09
internal_weight=6873 6849 384 362 6465 672 5793 48 623 600 49 5745 342 310 5721
internal_count=6873 6849 384 362 6465 672 5793 48 623 600 49 5745 342 310 5721
is_linear=0
shrinkage=0.05


Tree=220
num_leaves=23
num_cat=0
split_feature=14 2 14 6 1 14 1 14 3 0 20 21 6 14 27 18 23 22 1 11 3 3
split_gain=3.82009e-09 1.40994e-08 8.508e-09 7.68492e-08 1.3009e-08 7.72134e-09 2.59676e-08 1.91214e-08 9.66971e-08 5.74361e-08 1.4551e-08 1.15327e-08 1.4415e-08 7.38144e-09 6.19974e-09 3.94168e-09 3.8087e-09 2.98255e-09 1.10971e-09 5.81224e-10 3.11697e-11 6.64091e-12
threshold=-0.99630266176052629 113.50000000000001 -0.99275805973510278 0.00030069500000000007 222.05000000000004 -0.98214942551678475 550.85000000000014 -0.95995996396290595 22.850000000000005 685.50000000000011 0.00049075000000000019 451.50000000000006 0.00013456500000000004 -0.95754239937548935 99.500000000000014 0.00021688000000000002 773.50000000000011 629.50000000000011 183.60000000000002 19.706250000000001 21.150000000000002 19.750000000000004
decision_type=2 2 2 2 2 2 2 2 2 2 2 2 2 2 2 2 2 2 2 2 2 2
left_child=1 15 3 4 19 6 11 8 10 -10 -7 12 -4 -9 -15 18 17 -3 20 -2 21 -1
right_child=2 16 5 -5 -6 7 -8 13 9 -11 -12 -13 -14 14 -16 -17 -18 -19 -20 -21 -22 -23
leaf_value=-1.3387520991406856e-08 1.9326967508745572e-08 9.667024221471365e-07 -3.8480836850715178e-08 -3.0689049194424203e-06 1.3862980985379636e-06 -7.9750882550177988e-08 1.4638824172134965e-06 8.835418412900254e-07 -3.7179173571735928e-06 -4.2019093558812294e-07 1.3075958382354916e-06 -1.1008570390913519e-06 1.3890471856419545e-06 -7.45707190234219e-09 2.1140389799714365e-07 -6.8683610739602352e-07 1.2962272453478364e-06 1.3183184114990108e-07 3.9116588538945509e-07 -3.2036400767765375e-07 4.7121015339392957e-08 -4.464655415317577e-08
leaf_weight=89 34 20 112 22 20 189 39 24 31 23 21 20 21 5714 343 21 25 23 20 20 21 21
leaf_count=89 34 20 112 22 20 189 39 24 31 23 21 20 21 5714 343 21 25 23 20 20 21 21
internal_value=-6.6903e-16 1.95967e-07 -7.09062e-09 -4.74376e-07 2.9697e-07 -2.28238e-10 3.12158e-07 -9.68107e-09 -4.26262e-07 -2.31333e-06 5.89838e-08 1.85817e-08 1.86918e-07 8.40435e-09 4.93674e-09 -4.49986e-08 8.05469e-07 5.20144e-07 4.42635e-08 -1.06485e-07 -8.69867e-09 -1.93552e-08
internal_weight=6873 240 6633 96 74 6537 192 6345 264 54 210 153 133 6081 6057 172 68 43 151 54 131 110
internal_count=6873 240 6633 96 74 6537 192 6345 264 54 210 153 133 6081 6057 172 68 43 151 54 131 110
is_linear=0
shrinkage=0.05


Tree=221
num_leaves=9
num_cat=0
split_feature=14 14 14 14 21 23 11 2
split_gain=3.73692e-09 4.901e-09 1.26619e-08 1.0847e-08 2.05425e-08 4.27756e-09 4.09379e-08 2.58668e-08
threshold=0.99995780822346225 0.99983759474438971 0.99966190462023474 0.99907018497641664 145.50000000000003 720.50000000000011 42.675000000000004 295.50000000000006
decision_type=2 2 2 2 2 2 2 2
left_child=1 2 3 5 -5 7 -7 -1
right_child=-2 -3 -4 4 -6 6 -8 -9
leaf_value=8.4994526646591361e-09 -6.2281884710320891e-07 7.1543657978641777e-07 -1.1467582974174682e-06 -1.2150926593790247e-07 1.9765772862001541e-06 -9.2448377800407722e-07 2.8683902095876532e-08 1.8097711608788816e-06
leaf_weight=5759 24 24 24 28 20 130 844 20
leaf_count=5759 24 24 24 28 20 130 844 20
internal_value=8.82563e-16 2.18246e-09 -3.25688e-10 3.71995e-09 7.52693e-07 -1.60372e-09 -9.85356e-08 1.47333e-08
internal_weight=6873 6849 6825 6801 48 6753 974 5779
internal_count=6873 6849 6825 6801 48 6753 974 5779
is_linear=0
shrinkage=0.05


Tree=222
num_leaves=31
num_cat=0
split_feature=3 11 17 19 25 6 24 27 23 0 22 25 23 2 18 2 3 18 15 15 27 25 3 6 2 17 19 17 4 13
split_gain=3.6635e-09 9.51626e-09 2.353e-08 1.64562e-08 6.02059e-08 2.29492e-08 3.89456e-08 1.80137e-08 1.15915e-08 4.79835e-08 2.46271e-08 2.31697e-08 2.08071e-08 2.05895e-08 1.9196e-08 1.89327e-08 6.60233e-09 1.28745e-08 1.18493e-08 3.27194e-08 2.12161e-08 1.67946e-08 7.3785e-09 7.34296e-09 6.53157e-09 7.15892e-09 5.60154e-09 3.4455e-09 6.95609e-09 2.15382e-09
threshold=28.250000000000004 52.003125000000004 0.90699206828123258 0.00053709000000000016 0.00035381870250170193 0.00064910000000000011 0.00067721665555572094 1.8333333333333337 872.50000000000011 738.50000000000011 862.50000000000011 0.00060242761538265618 812.50000000000011 316.00000000000006 0.00076492500000000007 231.50000000000003 29.250000000000004 0.00072017000000000012 -0.67801649466304881 -0.6523320455745395 1.8333333333333337 0.00055983249384027186 31.550000000000004 0.00059955000000000002 179.50000000000003 0.94129205808797278 0.00054044500000000018 0.92836956880853383 2.5000000000000004 -0.3794095225512602
decision_type=2 2 2 2 2 2 2 2 2 2 2 2 2 2 2 2 2 2 2 2 2 2 2 2 2 2 2 2 2 2
left_child=1 8 -3 4 -4 7 -7 -5 10 -10 13 -11 -12 14 -1 -13 17 23 22 -20 21 -21 24 26 29 -26 -2 -24 -29 -18
right_child=16 2 3 5 -6 6 -8 -9 9 11 12 15 -14 -15 -16 -17 18 -19 19 20 -22 -23 27 -25 25 -27 -28 28 -30 -31
leaf_value=1.1800958401322448e-09 1.9777481333161471e-07 -1.5724414987872137e-06 5.3738470276973592e-07 2.7902452799295407e-08 -2.8389192770507932e-06 -1.5946823658361192e-06 2.7900986198462856e-07 1.8379589229360655e-06 -1.2139187399571388e-06 2.0059979123600085e-06 -7.3824489412626952e-08 1.1843145773949097e-06 -2.27416086505369e-06 1.6029020503083303e-06 -1.5504906014029985e-06 -7.3357055870556826e-07 4.2758503429223104e-07 1.6037436500937476e-06 -1.9733552894999425e-06 3.832330715557543e-07 1.2696156026095198e-06 -1.6187175729953654e-06 8.0830925447709264e-07 -6.4204012637958387e-07 -5.010322815400691e-08 -1.2981933450362249e-06 1.1320064326506932e-06 4.8152671515329835e-07 -3.2690009522045533e-07 -9.4601903377622423e-08
leaf_weight=5868 68 32 31 27 23 39 96 28 31 38 21 31 22 20 20 22 39 20 26 22 25 20 38 20 27 20 21 102 36 40
leaf_count=5868 68 32 31 27 23 39 96 28 31 38 21 31 22 20 20 22 39 20 26 22 25 20 38 20 27 20 21 102 36 40
internal_value=4.72776e-16 -1.04872e-08 -2.9763e-07 -1.30441e-07 -9.00671e-07 8.84661e-08 -2.62279e-07 9.49386e-07 2.56262e-09 4.85013e-07 -7.32798e-09 1.06377e-06 -1.19958e-06 1.34953e-09 -4.09052e-09 3.88211e-07 1.27067e-07 4.37635e-07 2.56407e-08 -4.6785e-07 1.16376e-07 -5.70077e-07 1.7761e-07 2.2367e-07 -1.14483e-07 -5.81205e-07 4.18211e-07 3.86722e-07 2.70633e-07 1.63187e-07
internal_weight=6873 6349 276 244 54 190 135 55 6073 122 5951 91 43 5908 5888 53 524 129 395 93 67 42 302 109 126 47 89 176 138 79
internal_count=6873 6349 276 244 54 190 135 55 6073 122 5951 91 43 5908 5888 53 524 129 395 93 67 42 302 109 126 47 89 176 138 79
is_linear=0
shrinkage=0.05


Tree=223
num_leaves=14
num_cat=0
split_feature=14 20 14 18 17 14 17 14 6 14 26 3 15
split_gain=3.52767e-09 2.60997e-08 2.5536e-08 4.30198e-09 4.0672e-09 6.84919e-09 1.36316e-08 7.55174e-09 6.88448e-08 7.05497e-09 5.65077e-09 1.55543e-09 1.23949e-09
threshold=0.99939377080793557 0.00028078000000000006 0.99907018497641664 0.00015203500000000004 1.0188627020362733 -0.99630266176052629 0.91480929556445811 -0.99275805973510278 0.00030069500000000007 -0.98214942551678475 0.00044374303062393565 12.65 -0.022575793296316496
decision_type=2 2 2 2 2 2 2 2 2 2 2 2 2
left_child=2 3 4 11 5 6 12 8 -7 -9 -8 -2 -1
right_child=1 -3 -4 -5 -6 7 10 9 -10 -11 -12 -13 -14
leaf_value=-1.0873131029309325e-07 9.355061839263121e-08 -1.9080745016708532e-06 1.6323235215054412e-06 7.5142312539355781e-07 -5.2430870173769085e-07 2.8164753759969048e-07 3.872459843076318e-07 2.9685547935180225e-07 -2.9041203772935248e-06 -1.0893626551322313e-08 1.3529697519853666e-06 -4.5639887700232864e-07 1.599480973272559e-07
leaf_weight=77 36 20 24 20 37 74 28 192 22 6193 33 20 97
leaf_count=77 36 20 24 20 37 74 28 192 22 6193 33 20 97
internal_value=-5.88126e-16 -3.00971e-07 4.26342e-09 1.21951e-07 -1.52267e-09 1.35748e-09 2.66526e-07 -8.25748e-09 -4.48424e-07 -1.63946e-09 9.09687e-07 -1.0286e-07 4.10497e-08
internal_weight=6873 96 6777 76 6753 6716 235 6481 96 6385 61 56 174
internal_count=6873 96 6777 76 6753 6716 235 6481 96 6385 61 56 174
is_linear=0
shrinkage=0.05


Tree=224
num_leaves=11
num_cat=0
split_feature=11 3 1 21 21 17 21 19 0 0
split_gain=3.44851e-09 1.13347e-08 4.72658e-09 5.91167e-09 2.50865e-08 2.56794e-08 1.09594e-08 2.28536e-08 9.35907e-09 3.38403e-09
threshold=63.034375000000004 35.050000000000004 926.50000000000011 928.50000000000011 942.50000000000011 0.93459818332452382 886.50000000000011 0.00047768000000000008 833.50000000000011 953.50000000000011
decision_type=2 2 2 2 2 2 2 2 2 2
left_child=1 2 3 6 -5 -6 8 -8 -1 -2
right_child=9 -3 -4 4 5 -7 7 -9 -10 -11
leaf_value=8.3258426385051126e-09 8.7960258063901622e-07 -1.1358659928749728e-06 7.3257742356376685e-07 -1.4067968637531383e-06 1.5541420452791499e-06 -2.6607264461785887e-07 -8.9319323856153066e-07 7.1090885556372995e-07 -3.0861833688794794e-07 -1.9036970968500103e-08
leaf_weight=6208 22 22 22 39 23 123 27 125 242 20
leaf_count=6208 22 22 22 39 23 123 27 125 242 20
internal_value=8.69221e-16 -2.77712e-09 8.8391e-10 -1.48787e-09 -2.80253e-07 2.06735e-08 6.32363e-09 4.2597e-07 -3.56571e-09 4.51679e-07
internal_weight=6873 6831 6809 6787 185 146 6602 152 6450 42
internal_count=6873 6831 6809 6787 185 146 6602 152 6450 42
is_linear=0
shrinkage=0.05


Tree=225
num_leaves=23
num_cat=0
split_feature=17 14 19 5 14 22 3 16 25 21 17 25 4 2 14 7 26 22 26 26 21 6
split_gain=3.4749e-09 1.73815e-08 2.5106e-08 2.36592e-08 3.76242e-08 1.89231e-08 3.26991e-08 1.99237e-08 2.30586e-08 1.71183e-08 2.17493e-08 1.71938e-08 4.05587e-08 7.03197e-08 3.12836e-08 1.85071e-08 3.18409e-08 1.75178e-08 1.52919e-08 1.52326e-08 1.2407e-08 9.57251e-09
threshold=0.94306961040577553 0.98522604642031408 0.00043983500000000002 17.950000000000003 0.81428061195174062 886.50000000000011 24.050000000000004 874.85000000000002 0.00066501223656836189 944.50000000000011 0.94129205808797278 0.00054090262624432062 54.500000000000007 221.50000000000003 0.92922379131507438 46.596207378756681 0.00060228045005232696 648.50000000000011 0.00064855887501202066 0.00055519896932579315 754.50000000000011 0.00050526000000000011
decision_type=2 2 2 2 2 2 2 2 2 2 2 2 2 2 2 2 2 2 2 2 2 2
left_child=9 3 -3 5 20 7 -7 18 -9 10 11 15 14 -14 -13 16 -1 -17 -2 -8 21 -5
right_child=1 2 -4 4 -6 6 19 8 -10 -11 -12 12 13 -15 -16 17 -18 -19 -20 -21 -22 -23
leaf_value=6.3216611310455294e-07 1.9068760911254503e-07 -1.1755074536625086e-07 2.3577388901685483e-06 5.9887208863074189e-08 -2.4778338258882919e-06 -1.9334906777725404e-06 7.2964997697353191e-07 1.6099519156426267e-06 -1.5587182565664549e-07 1.1751686650995909e-06 -1.4938709120997374e-06 1.1816572681250567e-07 -2.7531114629450065e-06 -1.7207613049143055e-07 -1.4379659057163331e-06 -7.0327081652532995e-09 -3.8888581233397915e-07 -9.9819308742452343e-07 -8.6598166117508099e-07 -3.2425179848792774e-07 6.4471063777107017e-07 -1.4870866550609208e-06
leaf_weight=273 700 21 20 20 23 27 45 51 29 30 25 314 42 71 36 4766 106 45 36 144 29 20
leaf_count=273 700 21 20 20 23 27 45 51 29 30 25 314 42 71 36 4766 106 45 36 144 29 20
internal_value=-1.52564e-15 7.8695e-08 1.08991e-06 4.18091e-08 -7.26495e-07 1.10301e-07 -3.05844e-07 2.20457e-07 9.69841e-07 -1.60616e-08 -2.23555e-08 -1.58479e-08 -3.07799e-07 -1.1314e-06 -4.18935e-08 1.01971e-08 3.46595e-07 -1.63036e-08 1.39003e-07 -7.33228e-08 -1.42716e-07 -7.136e-07
internal_weight=6873 1165 41 1124 92 1032 216 816 80 5708 5678 5653 463 113 350 5190 379 4811 736 189 69 40
internal_count=6873 1165 41 1124 92 1032 216 816 80 5708 5678 5653 463 113 350 5190 379 4811 736 189 69 40
is_linear=0
shrinkage=0.05


Tree=226
num_leaves=19
num_cat=0
split_feature=15 15 15 19 15 25 15 5 15 15 15 1 22 3 15 5 0 4
split_gain=3.50341e-09 4.8032e-09 2.9727e-08 7.58985e-08 1.46147e-08 3.16808e-08 2.2873e-08 9.31494e-09 2.44749e-08 5.84934e-09 2.44893e-08 3.81586e-08 2.08717e-08 1.29522e-08 8.71289e-09 4.34303e-09 4.44893e-10 9.9403e-11
threshold=0.98929220549296726 0.93234632485081093 0.94975093725139803 0.00015179500000000003 0.96901616890815878 0.00021823597881184394 0.97311896095856321 23.650000000000002 0.53493525241775031 0.61913436964878354 0.59175731018202693 214.80000000000004 735.50000000000011 23.650000000000002 0.42957308670649791 15.850000000000003 5.5000000000000009 50.500000000000007
decision_type=2 2 2 2 2 2 2 2 2 2 2 2 2 2 2 2 2 2
left_child=1 7 3 17 5 16 -6 9 -9 10 14 -12 13 -11 -1 -8 -4 -3
right_child=-2 2 4 -5 6 -7 15 8 -10 12 11 -13 -14 -15 -16 -17 -18 -19
leaf_value=5.6047634035975014e-09 6.0304590571528635e-07 -5.4858928286821971e-08 -3.4258122879374194e-08 -3.4543222694616773e-06 -1.654110803528397e-06 2.1695997150039187e-06 -9.7737523347518615e-08 -2.9323638952089623e-07 1.6233840050235372e-06 1.2740139655455345e-07 5.0719213768551133e-08 -2.8087973220181086e-06 1.6870960794654994e-06 -1.0540567098852686e-06 -3.2034933253413293e-07 7.0938959304100993e-07 2.4250383923174468e-07 8.9047160756194899e-08
leaf_weight=5470 24 21 53 23 24 23 100 36 31 694 28 20 21 24 213 20 20 28
leaf_count=5470 24 21 53 23 24 23 100 36 31 694 28 20 21 24 213 20 20 28
internal_value=2.92687e-16 -2.11317e-09 -1.93774e-07 -1.08484e-06 7.3544e-08 5.51408e-07 -2.45032e-07 7.03449e-09 5.93558e-07 9.60752e-10 -1.6111e-08 -1.14075e-06 1.33353e-07 8.79098e-08 -6.61206e-09 3.67837e-08 4.15671e-08 2.73731e-08
internal_weight=6873 6849 312 72 240 96 144 6537 67 6470 5731 48 739 718 5683 120 73 49
internal_count=6873 6849 312 72 240 96 144 6537 67 6470 5731 48 739 718 5683 120 73 49
is_linear=0
shrinkage=0.05


Tree=227
num_leaves=30
num_cat=0
split_feature=8 21 14 26 17 21 21 14 25 23 7 17 17 8 4 4 5 17 8 14 14 17 22 23 26 27 19 25 17
split_gain=3.44992e-09 1.05233e-08 4.28618e-08 1.70136e-08 1.45288e-08 1.43623e-08 1.04385e-08 1.36175e-08 1.28146e-08 2.58242e-08 8.7808e-09 8.18803e-09 3.20299e-08 6.78186e-08 1.88647e-08 4.32057e-08 2.6649e-08 1.98586e-08 1.95372e-08 1.68336e-08 2.1349e-08 1.60943e-08 1.32853e-08 2.48562e-08 3.42536e-08 2.51474e-08 2.39607e-08 1.32331e-08 1.03241e-08
threshold=254.62635741609648 905.50000000000011 0.73865729060996166 0.00051252951179646367 0.97834756105101872 862.50000000000011 811.00000000000011 0.23537774960157334 0.00040788276083072132 631.50000000000011 40.348793475651583 0.88655657882574068 0.8767488667011748 124.47947363769025 22.500000000000004 13.500000000000002 10.050000000000002 0.92352061485311177 241.47447747126355 0.96465729447553372 0.90162119223771331 0.90027933948235705 890.50000000000011 756.50000000000011 0.0005571612112495873 92.500000000000014 0.00075879500000000015 0.00063049318500310234 0.99845780339954082
decision_type=2 2 2 2 2 2 2 2 2 2 2 2 2 2 2 2 2 2 2 2 2 2 2 2 2 2 2 2 2
left_child=11 5 3 -3 -5 6 8 -8 9 -2 -7 12 22 -14 15 19 -17 -18 21 20 -13 -16 23 24 -1 -25 -24 -21 -23
right_child=1 2 -4 4 -6 10 7 -9 -10 -11 -12 14 13 -15 18 16 17 -19 -20 27 -22 28 26 25 -26 -27 -28 -29 -30
leaf_value=-6.9730950875328053e-09 -3.1838409020154532e-08 8.568261974191542e-07 -2.5560306810456542e-06 3.5395781388932563e-08 -1.5791763574539304e-06 1.3790902213309923e-07 7.8414221036382524e-08 -1.7666794116166784e-06 -9.2820884954282793e-07 1.5840085279705817e-06 1.3683279961234239e-06 1.2519928975673984e-07 6.7960052417350074e-07 -2.643334929577096e-06 1.6560380812920401e-06 -2.4370921264650092e-06 7.4556980109719009e-07 -1.3877213480858095e-06 -7.6576711392257438e-07 1.3887997454276046e-06 -9.0107029940874642e-07 5.8751789293293711e-07 1.7209815079392383e-06 -2.7345416087027691e-07 9.7425925099020367e-07 -1.7846401997682433e-06 -4.2404543839201443e-07 -1.36733076433735e-07 -5.2993577535462661e-07
leaf_weight=2675 2262 33 21 38 22 29 20 20 39 25 29 823 28 34 33 26 20 24 28 44 54 204 30 117 92 36 23 21 23
leaf_count=2675 2262 33 21 38 22 29 20 20 39 25 29 823 28 34 33 26 20 24 28 44 54 204 30 117 92 36 23 21 23
internal_value=1.20196e-15 -4.62967e-08 -5.15774e-07 -5.50707e-08 -5.56614e-07 -2.42173e-08 -4.32729e-08 -8.44133e-07 -2.95006e-08 -1.4175e-08 7.53119e-07 2.71052e-08 -1.78684e-08 -1.14265e-06 1.32101e-07 3.04928e-08 -1.16798e-06 -4.18044e-07 4.89142e-07 1.19551e-07 6.20082e-08 6.24286e-07 5.58831e-09 -8.65149e-09 2.56519e-08 -6.29027e-07 7.90121e-07 8.95935e-07 4.74296e-07
internal_weight=6873 2538 114 93 60 2424 2366 40 2326 2287 58 4335 3035 62 1300 1012 70 44 288 942 877 260 2973 2920 2767 153 53 65 227
internal_count=6873 2538 114 93 60 2424 2366 40 2326 2287 58 4335 3035 62 1300 1012 70 44 288 942 877 260 2973 2920 2767 153 53 65 227
is_linear=0
shrinkage=0.05


Tree=228
num_leaves=25
num_cat=0
split_feature=6 6 0 15 0 8 7 14 15 14 22 19 23 7 2 23 23 22 3 19 19 20 11 7
split_gain=3.4183e-09 2.53555e-08 2.88517e-08 3.08302e-08 1.85502e-08 2.16496e-08 1.67693e-08 1.89661e-08 4.88861e-08 2.57621e-08 4.88155e-08 3.31917e-08 3.1609e-08 2.93192e-08 2.16064e-08 1.66425e-08 1.63011e-08 1.91511e-08 9.92569e-09 9.06977e-09 1.85686e-08 7.89856e-09 1.46286e-08 8.80028e-09
threshold=0.00050788000000000016 0.00053712500000000017 468.50000000000006 0.41397665785662119 423.50000000000006 132.56045472450489 53.162958385954276 0.98372640911059162 0.097680735332368748 0.78325454425165997 923.50000000000011 0.00039525000000000004 766.50000000000011 43.973064953649235 131.50000000000003 420.50000000000006 464.50000000000006 445.50000000000006 23.850000000000005 0.00049871500000000016 0.00048673000000000005 0.0004395300000000001 30.440625000000001 54.368982682724436
decision_type=2 2 2 2 2 2 2 2 2 2 2 2 2 2 2 2 2 2 2 2 2 2 2 2
left_child=6 2 -2 18 5 -3 7 9 -9 11 13 14 -13 -11 -1 -6 -17 -18 -4 20 21 23 -23 -8
right_child=1 4 3 -5 15 -7 19 8 -10 10 -12 12 -14 -15 -16 16 17 -19 -20 -21 -22 22 -24 -25
leaf_value=-2.1818362171188711e-07 -2.4395922702586343e-06 -1.3516963638887154e-07 -2.4234678903667372e-07 1.2462973570239099e-06 -1.0916588155818797e-06 2.0587745834548159e-06 -8.669779155449458e-07 5.2446654745626108e-07 -2.5160070799756796e-06 2.9476523040978683e-06 -4.8009068207064842e-07 2.8959969464375192e-07 -1.1091884741568752e-06 8.3900747824827706e-07 1.743978983308517e-06 1.0808528782724876e-06 -1.1501861799364347e-06 -9.7089686226189918e-09 -1.5967412900130102e-06 1.0555260907096909e-06 -1.2728992722823652e-06 1.4537858895926968e-06 8.6477370538161754e-08 -7.9706596695801283e-09
leaf_weight=20 22 22 24 21 37 23 30 39 20 34 31 133 58 32 47 33 38 1175 31 20 29 26 79 4849
leaf_count=20 22 22 24 21 37 23 30 39 20 34 31 133 58 32 47 33 38 1175 31 20 29 26 79 4849
internal_value=1.33081e-16 -6.89161e-08 -8.45042e-07 -3.83461e-07 -1.16418e-08 9.8618e-07 1.80419e-08 3.2393e-07 -5.06202e-07 4.61895e-07 1.15655e-06 2.00725e-07 -1.35163e-07 1.92528e-06 1.15826e-06 -4.66394e-08 -1.56075e-08 -4.5437e-08 -1.00573e-06 -7.11951e-09 -1.13591e-08 -4.01864e-09 4.25049e-07 -1.32525e-08
internal_weight=6873 1426 98 76 1328 45 5447 414 59 355 97 258 191 66 67 1283 1246 1213 55 5033 5013 4984 105 4879
internal_count=6873 1426 98 76 1328 45 5447 414 59 355 97 258 191 66 67 1283 1246 1213 55 5033 5013 4984 105 4879
is_linear=0
shrinkage=0.05


Tree=229
num_leaves=31
num_cat=0
split_feature=15 15 15 7 4 15 18 4 15 15 15 22 25 25 2 15 7 2 23 3 22 2 9 6 22 11 19 18 1 25
split_gain=3.23848e-09 1.91257e-08 3.41997e-08 2.95495e-08 2.99225e-08 1.76468e-08 6.34438e-08 7.18724e-08 4.34685e-08 6.52935e-08 3.41112e-08 3.2742e-08 2.88294e-08 2.85814e-08 1.61432e-08 1.56279e-08 3.83254e-08 3.13827e-08 1.63923e-08 1.58054e-08 1.242e-08 2.95194e-08 2.11488e-08 2.43034e-08 1.45103e-08 9.52867e-09 8.66918e-09 7.79973e-09 7.43881e-09 2.67087e-09
threshold=-0.73865259438682551 -0.84313311835787952 -0.84774213365954088 68.506091218711475 34.500000000000007 -0.57077231802681661 0.00040528500000000007 83.500000000000014 -0.67801649466304881 -0.6391983530350368 -0.70289845916694649 595.50000000000011 0.00055983249384027186 0.00072006010827437852 149.50000000000003 -0.42958798411962301 21.162751577311308 125.50000000000001 919.50000000000011 23.850000000000005 966.50000000000011 199.50000000000003 75.184002745712988 0.00072308000000000008 781.50000000000011 33.593750000000007 0.00066749500000000015 0.00027893500000000007 793.45000000000016 0.00018866762716111257
decision_type=2 2 2 2 2 2 2 2 2 2 2 2 2 2 2 2 2 2 2 2 2 2 2 2 2 2 2 2 2 2
left_child=1 2 20 4 14 6 11 8 10 -10 -8 27 -9 15 28 17 -17 25 -18 -19 22 -22 24 -24 -1 -7 -16 29 -3 -2
right_child=5 3 -4 -5 -6 13 7 12 9 -11 -12 -13 -14 -15 26 16 18 19 -20 -21 21 -23 23 -25 -26 -27 -28 -29 -30 -31
leaf_value=2.8889236091450806e-08 -1.6070617802453271e-08 6.7800889976088048e-07 -1.9044935250178697e-06 -1.5638742765558637e-08 2.04471920979861e-06 8.685755582760537e-08 -3.3895303471688432e-07 -3.5229667886937935e-06 -2.8975108733675371e-06 8.5303574734140526e-08 2.1877922563362517e-06 2.0354892239993204e-06 -1.2305096115975781e-06 1.3617428686702903e-06 8.6037892389848971e-07 -1.9445877608877012e-06 -2.6142670574728364e-08 1.495448561206203e-06 1.3748110502222386e-06 3.9268526874367078e-07 2.5355029679628514e-07 -2.2615207836906846e-06 1.8447830684790874e-06 1.4515701591526641e-07 -5.005648286957352e-07 -9.9260132112083905e-07 -2.449530906504173e-07 -8.1218215503516446e-07 1.710557703386957e-06 4.4793718078541566e-07
leaf_weight=1277 353 53 24 271 38 289 34 32 32 43 22 20 24 39 24 26 3658 64 21 66 28 20 33 58 144 22 68 30 26 34
leaf_count=1277 353 53 24 271 38 289 34 32 32 43 22 20 24 39 24 26 3658 64 21 66 28 20 33 58 144 22 68 30 26 34
internal_value=-6.32333e-16 5.2389e-08 -3.13963e-08 3.2888e-07 7.75601e-07 -2.24851e-08 -2.70531e-07 -1.04124e-06 -4.00346e-07 -1.18736e-06 6.53697e-07 5.92706e-08 -2.54049e-06 1.44995e-08 4.93575e-07 1.82644e-09 -3.16648e-08 2.83199e-07 -1.81459e-08 9.35584e-07 -2.57938e-09 -7.94396e-07 2.25577e-08 7.61505e-07 -2.47641e-08 1.04971e-08 4.33944e-08 -3.55121e-08 1.01784e-06 2.46949e-08
internal_weight=6873 2064 1584 480 209 4809 624 187 131 75 56 437 56 4185 171 4146 3705 441 3679 130 1560 48 1512 91 1421 311 92 417 79 387
internal_count=6873 2064 1584 480 209 4809 624 187 131 75 56 437 56 4185 171 4146 3705 441 3679 130 1560 48 1512 91 1421 311 92 417 79 387
is_linear=0
shrinkage=0.05


Tree=230
num_leaves=13
num_cat=0
split_feature=14 14 21 5 2 22 2 5 5 9 14 7
split_gain=3.36889e-09 2.26976e-08 1.7278e-08 7.16565e-09 4.2979e-09 2.18601e-08 1.11218e-08 2.18559e-08 3.67001e-08 5.41822e-09 5.16971e-09 3.4947e-09
threshold=0.99939377080793557 0.99907018497641664 582.50000000000011 9.0500000000000025 321.50000000000006 798.50000000000011 279.50000000000006 16.050000000000004 11.450000000000001 84.835518252050321 0.9916835347852474 101.82111155020696
decision_type=2 2 2 2 2 2 2 2 2 2 2 2
left_child=1 4 3 11 6 -6 9 8 -8 10 -1 -2
right_child=2 -3 -4 -5 5 -7 7 -9 -10 -11 -12 -13
leaf_value=8.3131558509918762e-09 -7.5524217709785485e-07 1.5390807173313687e-06 -1.5617771347414029e-06 8.1939132056421924e-07 -7.7771510632373984e-07 1.4032473643510459e-06 -1.5511739224376261e-06 -2.0205967393849281e-06 9.1407905339716909e-07 7.3723124833691145e-07 -2.2903785519596504e-07 7.4854234366483752e-08
leaf_weight=6361 21 24 21 22 20 27 26 20 36 25 238 32
leaf_count=6361 21 24 21 22 20 27 26 20 36 25 238 32
internal_value=-2.73296e-16 4.16637e-09 -2.94119e-07 6.08248e-08 -1.28868e-09 4.75178e-07 -4.62807e-09 -5.83361e-07 -1.19737e-07 2.5362e-09 -2.47162e-10 -2.54052e-07
internal_weight=6873 6777 96 75 6753 47 6706 82 62 6624 6599 53
internal_count=6873 6777 96 75 6753 47 6706 82 62 6624 6599 53
is_linear=0
shrinkage=0.05


Tree=231
num_leaves=31
num_cat=0
split_feature=15 15 22 3 1 26 15 15 15 22 26 0 16 15 15 7 25 18 26 22 25 22 2 5 26 26 15 9 1 22
split_gain=3.25003e-09 1.44961e-08 1.86183e-08 4.76141e-08 5.11343e-08 1.58803e-08 1.536e-08 1.09463e-08 1.04047e-08 1.39747e-08 9.92307e-09 9.82104e-09 2.36761e-08 2.03823e-08 7.62028e-09 1.32301e-08 1.10621e-08 6.80035e-09 8.08681e-09 4.82474e-09 1.21594e-08 9.66049e-09 5.60822e-09 4.07991e-09 5.07878e-09 3.95498e-09 1.64628e-09 8.61883e-10 1.94667e-10 1.60731e-10
threshold=-0.97111920233974802 -0.93543596745397617 151.50000000000003 23.650000000000002 576.45000000000016 0.00078476268688999079 -0.96234030595689413 -0.95242240592625282 -0.91595872546125101 407.50000000000006 0.00050245546814890404 851.50000000000011 922.47000000000014 -0.23537842981696178 -0.99465740988130902 78.153746178772053 0.00072006010827437852 0.00070749000000000018 0.00062660670358882277 720.50000000000011 0.0004099570873029636 830.50000000000011 136.50000000000003 10.15 0.0004686533491854383 0.00028728970058987841 -0.9292178835113839 -0.92145614652911267 154.50000000000003 22.500000000000004
decision_type=2 2 2 2 2 2 2 2 2 2 2 2 2 2 2 2 2 2 2 2 2 2 2 2 2 2 2 2 2 2
left_child=14 2 27 4 -4 8 -5 -8 9 26 -11 12 -10 -13 16 17 19 23 -19 20 22 -21 -1 25 -25 -16 -3 -2 29 -17
right_child=1 5 3 6 -6 -7 7 -9 11 10 -12 13 -14 -15 15 28 -18 18 -20 21 -22 -23 -24 24 -26 -27 -28 -29 -30 -31
leaf_value=-4.9283647616742916e-08 -1.4227163776983911e-08 -2.0982775718418147e-07 -5.8652884249835663e-07 -9.2367981315939168e-07 -3.565337268810254e-06 1.2644602852560639e-06 1.0595215730661274e-06 -2.0654038291586346e-07 -7.5909409330903687e-09 1.8716938860091866e-06 4.1833662104788049e-07 -4.787129825648607e-07 7.4715667270573014e-07 4.8288946836854465e-07 7.0866870116689202e-07 -1.9875330158261214e-08 -1.2243197140904271e-06 -3.2108724927159508e-07 8.5737906176201286e-07 1.2428633121024697e-06 -1.0914541063142577e-06 -2.9259060227104786e-07 8.3328056859954819e-07 2.5895488664401272e-07 1.1657016270676294e-06 1.6463891261702718e-06 2.273221811161501e-07 3.0863600090450899e-07 1.2463556935299061e-07 -1.6986717541911391e-07
leaf_weight=180 149 33 34 35 25 25 31 38 5263 23 24 259 106 70 23 167 20 37 24 21 27 20 20 47 23 22 62 24 21 20
leaf_count=180 149 33 34 35 25 25 31 38 5263 23 24 259 106 70 23 167 20 37 24 21 27 20 20 47 23 22 62 24 21 20
internal_value=4.17199e-16 -1.13186e-08 -3.30715e-07 -7.14157e-07 -1.84874e-06 6.97925e-09 -7.05015e-08 3.6227e-07 1.5962e-09 4.24357e-07 1.12955e-06 -8.93944e-09 7.31002e-09 -2.74117e-07 1.04445e-07 2.5026e-07 -8.99749e-08 5.69312e-07 1.42572e-07 -5.32235e-09 -9.54833e-08 4.93861e-07 3.89728e-08 7.95669e-07 5.56886e-07 1.16711e-06 7.54701e-08 3.05631e-08 -1.97076e-08 -3.59172e-08
internal_weight=6873 6201 336 163 59 5865 104 69 5840 142 47 5698 5369 329 672 384 288 176 61 268 227 41 200 115 70 45 95 173 208 187
internal_count=6873 6201 336 163 59 5865 104 69 5840 142 47 5698 5369 329 672 384 288 176 61 268 227 41 200 115 70 45 95 173 208 187
is_linear=0
shrinkage=0.05


Tree=232
num_leaves=17
num_cat=0
split_feature=11 3 3 6 6 6 15 5 19 5 9 18 15 0 0 15
split_gain=3.33515e-09 9.98437e-09 4.28687e-09 6.46995e-09 2.44836e-08 1.60794e-08 5.10597e-08 1.93385e-08 1.59249e-08 1.15758e-08 4.26272e-09 1.17078e-08 6.03711e-09 3.83693e-09 3.60529e-09 1.8076e-09
threshold=63.034375000000004 35.050000000000004 31.550000000000004 0.00064078500000000016 0.00062883500000000001 0.00064910000000000011 -0.35042475891464198 15.450000000000001 0.00064460500000000013 10.750000000000002 57.643113363774368 0.00069797500000000009 -0.7614016681079937 899.50000000000011 953.50000000000011 -0.91595872546125101
decision_type=2 2 2 2 2 2 2 2 2 2 2 2 2 2 2 2
left_child=1 2 3 4 8 6 -5 -7 -1 -6 12 -12 15 -13 -2 -4
right_child=14 -3 10 5 9 7 -8 -9 -10 -11 11 13 -14 -15 -16 -17
leaf_value=-9.9131177002753356e-09 8.8588507997594039e-07 -1.0661847222143645e-06 4.9165054540687628e-08 3.4714395445885677e-07 3.1662364290241388e-07 6.454370781318753e-08 -2.8901751821173266e-06 -5.8143774005732979e-07 5.6052417330647589e-07 1.8097433044035656e-06 1.4384410178462186e-06 5.0379929149357851e-07 -5.5827626738391695e-07 -3.2606854477334168e-07 -4.1667643699838667e-08 6.977019563150645e-07
leaf_weight=5770 22 22 22 29 25 509 21 150 125 27 24 30 30 26 20 21
leaf_count=5770 22 22 22 29 25 509 21 150 125 27 24 30 30 26 20 21
internal_value=-6.96334e-16 -2.7311e-09 7.04941e-10 -5.31008e-09 1.1711e-08 -1.48081e-07 -1.01253e-06 -8.2493e-08 2.18267e-09 1.0919e-06 2.62378e-07 5.14485e-07 -1.3903e-08 1.18504e-07 4.44193e-07 3.65892e-07
internal_weight=6873 6831 6809 6656 5947 709 50 659 5895 52 153 80 73 56 42 43
internal_count=6873 6831 6809 6656 5947 709 50 659 5895 52 153 80 73 56 42 43
is_linear=0
shrinkage=0.05


Tree=233
num_leaves=16
num_cat=0
split_feature=15 15 1 25 15 15 1 23 5 22 15 14 11 9 4
split_gain=3.26374e-09 2.16187e-08 3.04973e-08 1.30274e-08 1.06112e-08 3.53464e-08 4.8199e-08 2.85063e-08 5.43977e-09 2.18676e-08 4.83605e-09 6.20036e-10 2.95778e-10 1.17656e-10 6.27314e-12
threshold=0.97693379145244141 0.96901616890815878 89.500000000000014 0.00016970745751834578 0.94975093725139803 0.93842613001991437 154.50000000000003 326.50000000000006 23.650000000000002 432.50000000000006 0.61913436964878354 0.16799745313369893 17.203125000000004 -6.9701871433323399 98.500000000000014
decision_type=2 2 2 2 2 2 2 2 2 2 2 2 2 2 2
left_child=1 4 -3 11 5 8 -7 13 10 -10 -1 -2 -13 14 -6
right_child=3 2 -4 -5 7 6 -8 -9 9 -11 -12 12 -14 -15 -16
leaf_value=-1.5256598572710537e-08 -2.2125586431640287e-07 3.229130214015592e-09 -2.5531628293506972e-06 1.1043569257350155e-06 -1.1425091138295919e-08 -1.7413925362015041e-08 -3.2311907390436549e-06 1.9768641183190995e-06 -2.3903361303066208e-07 1.5332293173742074e-06 1.1928650841018906e-07 -4.6952314122682806e-08 1.9967548620769548e-07 1.1639037267308083e-07 -4.6831923938839286e-08
leaf_weight=5731 36 28 20 33 29 28 20 25 46 28 756 31 20 20 22
leaf_count=5731 36 28 20 33 29 28 20 25 46 28 756 31 20 20 22
internal_value=-1.66605e-16 -4.593e-09 -1.06193e-06 2.58471e-07 2.97633e-09 -4.60455e-09 -1.35649e-06 5.24873e-07 5.28577e-09 4.31552e-07 4.23159e-10 -6.23819e-08 4.97645e-08 1.36081e-08 -2.66986e-08
internal_weight=6873 6753 48 120 6705 6609 48 96 6561 74 6487 87 51 71 51
internal_count=6873 6753 48 120 6705 6609 48 96 6561 74 6487 87 51 71 51
is_linear=0
shrinkage=0.05


Tree=234
num_leaves=17
num_cat=0
split_feature=14 6 14 17 9 20 2 14 26 3 11 17 11 17 24 5
split_gain=3.2409e-09 4.90859e-09 4.04813e-09 3.54628e-08 2.38576e-08 2.92008e-08 2.5143e-08 1.5036e-08 3.70935e-08 4.92005e-09 1.1833e-08 3.02972e-08 1.64164e-08 1.01256e-08 8.30277e-09 1.19769e-09
threshold=-0.99985146406598202 0.00015179500000000003 -0.94139628442229062 0.99252627801315862 61.53310538342641 0.00069368500000000009 227.50000000000003 -0.91978325482952472 0.00031224881460076423 27.750000000000004 52.003125000000004 0.90699206828123258 51.065625000000004 0.99944150187651604 0.00058149947175994466 9.9500000000000011
decision_type=2 2 2 2 2 2 2 2 2 2 2 2 2 2 2 2
left_child=1 -1 3 4 5 6 -2 8 15 10 12 -12 -9 14 -11 -4
right_child=2 -3 7 -5 -6 -7 -8 9 -10 13 11 -13 -14 -15 -16 -17
leaf_value=-1.7918897885731739e-08 1.2119266602978762e-08 1.0076744518983107e-06 -2.4923551923903585e-07 -1.7630662331989991e-06 -1.6682952243420666e-06 1.7187201819979238e-06 -1.2576352781379905e-06 -5.2740138377341259e-09 2.2901936790731271e-06 -9.386330769848383e-08 -2.0491796902888383e-06 -1.65458767289657e-07 9.5401383759963199e-07 9.5402129589830232e-07 3.0179484666609359e-07 2.1352372254181386e-07
leaf_weight=28 794 20 29 31 22 24 41 5000 25 289 24 193 45 36 245 27
leaf_count=28 794 20 29 31 22 24 41 5000 25 289 24 193 45 36 245 27
internal_value=9.91881e-16 4.09412e-07 -2.87938e-09 -1.0093e-07 -4.24444e-08 -8.04499e-10 -5.0228e-08 1.22437e-08 6.88792e-07 2.84717e-09 -1.22678e-08 -3.73797e-07 3.28257e-09 1.42382e-07 8.76652e-08 -2.61195e-08
internal_weight=6873 48 6825 912 881 859 835 5913 81 5832 5262 217 5045 570 534 56
internal_count=6873 48 6825 912 881 859 835 5913 81 5832 5262 217 5045 570 534 56
is_linear=0
shrinkage=0.05


Tree=235
num_leaves=25
num_cat=0
split_feature=25 20 15 15 22 25 20 14 25 22 5 2 22 20 7 20 16 18 3 4 17 25 22 27
split_gain=3.24928e-09 1.61904e-08 3.49988e-08 5.29664e-08 2.89145e-08 4.02454e-08 2.49559e-08 2.25106e-08 1.5492e-08 1.35717e-08 2.84462e-08 2.83246e-08 2.02922e-08 5.47862e-08 2.60845e-08 1.18941e-08 3.34275e-08 1.92596e-08 2.18561e-08 9.43069e-08 2.37193e-08 1.39783e-08 3.08126e-09 1.91259e-09
threshold=0.00062369639297372352 0.00069608500000000015 0.13185577213185923 -0.091258822863740666 890.50000000000011 0.00053523255773279112 0.00068453500000000011 0.49812943072827093 0.00063365167530476691 851.50000000000011 9.9500000000000011 181.50000000000003 802.50000000000011 0.00060545000000000011 27.737237546736235 0.00062761000000000013 919.35000000000014 0.00080360000000000013 24.250000000000004 20.500000000000004 0.85735012176796732 0.00072006010827437852 894.50000000000011 3.8333333333333335
decision_type=2 2 2 2 2 2 2 2 2 2 2 2 2 2 2 2 2 2 2 2 2 2 2 2
left_child=1 6 3 4 7 -6 9 -3 -2 12 -11 -12 14 -14 -1 16 -10 18 19 -17 -20 22 -18 -19
right_child=8 2 -4 -5 5 -7 -8 -9 15 10 11 -13 13 -15 -16 17 21 23 20 -21 -22 -23 -24 -25
leaf_value=1.4513161440918926e-06 -1.0754530241030854e-06 1.5034819638357375e-06 2.3836366207909863e-06 -2.1334160746413372e-06 -1.8174304504834884e-06 1.1255046047153884e-06 -1.3753514753206577e-06 2.4113972045824996e-08 1.8127861571590458e-06 2.0484401932208132e-06 -1.4652417942784269e-06 1.0173443090227213e-06 -2.1400472504054149e-06 8.2214148059628552e-07 -2.8725567476691221e-09 -2.5284716532448158e-06 -3.3226369038987161e-07 1.1495886316094005e-06 -1.6781298063235573e-06 5.9109065568918606e-07 6.4140228977850791e-08 6.6500726158362048e-07 -1.1994275395466047e-06 5.0416731672460926e-07
leaf_weight=31 39 72 21 21 26 21 33 40 31 25 20 27 37 27 5887 47 21 22 21 50 280 30 20 24
leaf_count=31 39 72 21 21 26 21 33 40 31 25 20 27 37 27 5887 47 21 22 21 50 280 30 20 24
internal_value=-6.99686e-16 1.04861e-08 4.52001e-07 2.26644e-07 5.3835e-07 -5.02502e-07 -4.09331e-09 9.75136e-07 -1.12712e-07 3.38133e-09 6.85756e-07 -3.90753e-08 -4.83181e-09 -8.90374e-07 4.74486e-09 -4.39444e-08 4.42946e-07 -1.55798e-07 -2.67751e-07 -9.2045e-07 -5.74135e-08 -1.55153e-07 -7.5527e-07 8.12847e-07
internal_weight=6873 6288 201 180 159 47 6087 112 585 6054 72 47 5982 64 5918 546 102 444 398 97 301 71 41 46
internal_count=6873 6288 201 180 159 47 6087 112 585 6054 72 47 5982 64 5918 546 102 444 398 97 301 71 41 46
is_linear=0
shrinkage=0.05


Tree=236
num_leaves=29
num_cat=0
split_feature=6 6 25 23 1 21 24 20 4 26 25 19 3 6 22 22 20 20 8 19 22 26 26 0 27 26 26 21
split_gain=3.45338e-09 2.20794e-08 2.91899e-08 2.60612e-08 1.7345e-08 1.79935e-08 2.34902e-08 3.66556e-08 1.68159e-08 1.49459e-08 2.9022e-08 4.01689e-08 3.3313e-08 5.55683e-08 2.49307e-08 4.03174e-08 2.73715e-08 2.73676e-08 1.65095e-08 1.58315e-08 1.25167e-08 1.05642e-08 2.37587e-08 2.01286e-08 4.91522e-08 1.99201e-08 1.33117e-08 1.03789e-08
threshold=0.00050788000000000016 0.00053712500000000017 0.00041638236215738717 713.50000000000011 160.85000000000002 279.50000000000006 0.00039322977622850659 0.00065124500000000006 57.500000000000007 0.00043387589184935572 0.00046873551491774626 0.00053311500000000013 22.150000000000002 0.00032666500000000007 591.50000000000011 707.50000000000011 0.00051564500000000012 0.00065943000000000002 132.56045472450489 0.00054044500000000018 380.00000000000006 0.00037353245537303424 0.0003275889587354565 326.50000000000006 49.833333333333336 0.00028728970058987841 0.00034417864638391953 445.50000000000006
decision_type=2 2 2 2 2 2 2 2 2 2 2 2 2 2 2 2 2 2 2 2 2 2 2 2 2 2 2 2
left_child=9 2 -2 27 -3 -6 7 -7 -8 19 14 -12 -13 -14 16 -16 20 -17 -18 21 -11 22 25 -23 -25 -1 -24 -4
right_child=1 4 3 -5 5 6 8 -9 -10 10 11 12 13 -15 15 17 18 -19 -20 -21 -22 23 26 24 -26 -27 -28 -29
leaf_value=3.2215474054156992e-10 -2.0046019857766104e-06 1.2154409619467646e-06 -1.8691520499882956e-07 -1.5783590253125693e-06 1.075980628115758e-06 -1.2168920630385498e-06 8.5262729959297645e-08 6.9619043723137386e-07 -4.3128829777733459e-07 1.2681882704048174e-06 -2.1405663434266715e-06 -1.0813209706207595e-06 2.1786739910726896e-06 -4.3699794054595667e-07 -1.2652957190268001e-06 2.4606268698335047e-06 3.2655754282694987e-06 3.8955351604792148e-08 1.3265204701254967e-06 1.0013142648345728e-06 -3.5226671157447114e-07 7.4672145142211514e-07 1.3391280192004064e-06 -1.8905813278359396e-07 -2.5742020136897705e-06 -6.9280698798318661e-07 2.926890037415856e-07 1.370485795177956e-06
leaf_weight=4692 33 28 23 22 35 95 947 34 189 26 22 36 37 45 31 20 21 28 23 39 22 31 47 108 27 106 86 20
leaf_count=4692 33 28 23 22 35 95 947 34 189 26 22 36 37 45 31 20 21 28 23 39 22 31 47 108 27 106 86 20
internal_value=5.85328e-16 -6.92689e-08 -7.93521e-07 -1.78665e-07 -1.58225e-08 -4.2342e-08 -7.32838e-08 -7.12669e-07 -6.77538e-10 1.81343e-08 3.54711e-07 -1.791e-07 1.86597e-07 7.43244e-07 7.9175e-07 1.40242e-07 1.3512e-06 1.04799e-06 2.25198e-06 -2.24646e-09 5.2548e-07 -9.92527e-09 3.28215e-09 -4.02249e-07 -6.66087e-07 -1.49908e-08 6.62483e-07 5.37457e-07
internal_weight=6873 1426 98 65 1328 1300 1265 129 1136 5447 311 140 118 82 171 79 92 48 44 5136 48 5097 4931 166 135 4798 133 43
internal_count=6873 1426 98 65 1328 1300 1265 129 1136 5447 311 140 118 82 171 79 92 48 44 5136 48 5097 4931 166 135 4798 133 43
is_linear=0
shrinkage=0.05


Tree=237
num_leaves=23
num_cat=0
split_feature=25 25 26 21 14 0 11 24 1 7 26 20 14 14 19 19 23 22 26 0 26 26
split_gain=3.32291e-09 2.61248e-08 2.16686e-08 2.40481e-08 3.56298e-08 2.09964e-08 2.80844e-08 1.69962e-08 4.21261e-08 1.93705e-08 1.86063e-08 3.66412e-08 2.30911e-08 2.29113e-08 1.52396e-08 7.88768e-09 1.1814e-08 7.76848e-09 7.0522e-09 2.35196e-08 1.43168e-08 7.42094e-09
threshold=0.00054090262624432062 0.00055041758720124725 0.00037053585156331337 374.50000000000006 0.43733377705052551 582.50000000000011 42.93437500000001 0.00068954845129393083 834.40000000000009 46.030762034436094 0.00024406230295710523 0.00047458500000000008 0.72695311118111527 0.86548282553247169 0.00049194500000000003 0.00078237000000000011 766.50000000000011 798.50000000000011 0.00049868119142812558 616.50000000000011 0.00047853017035135885 0.00047104223526006948
decision_type=2 2 2 2 2 2 2 2 2 2 2 2 2 2 2 2 2 2 2 2 2 2
left_child=7 -2 15 4 -4 -5 -7 9 -9 10 14 13 -13 -12 -1 16 17 -3 20 -20 21 -11
right_child=1 2 3 5 -6 6 -8 8 -10 18 11 12 -14 -15 -16 -17 -18 -19 19 -21 -22 -23
leaf_value=-1.6479830607284474e-06 -1.3537643326344551e-06 3.4902631181038862e-07 -1.4552345298353209e-07 1.2663589984518059e-06 -2.8200242890008555e-06 -1.151156427221071e-06 -1.2842548865318849e-08 2.4507759687511763e-07 -2.6196018796873605e-06 -3.0360677715134027e-09 7.9159864995862365e-07 5.6689563798637884e-07 -1.8028039145671454e-07 2.9305761494296826e-06 2.8053544610884277e-07 1.4091694860477825e-06 -3.1790343292136138e-07 1.523942543949867e-06 -1.3415356562518355e-06 7.3355179960220667e-07 9.9362810956904468e-07 -9.2327485286990523e-07
leaf_weight=21 39 34 33 29 20 59 664 33 21 5225 31 243 180 21 20 24 36 24 36 22 36 22
leaf_count=21 39 34 33 29 20 59 664 33 21 5225 31 243 180 21 20 24 36 24 36 22 36 22
internal_value=1.52068e-17 -8.61786e-08 -3.26186e-08 -1.25371e-07 -1.15477e-06 -5.28208e-08 -1.05734e-07 1.40253e-08 -8.68964e-07 2.21663e-08 3.14709e-07 4.0292e-07 2.48948e-07 1.65542e-06 -7.07242e-07 6.00145e-07 3.93585e-07 8.35199e-07 -6.09662e-09 -5.54434e-07 -7.664e-11 -6.89451e-09
internal_weight=6873 962 923 805 53 752 723 5911 54 5857 516 475 423 52 41 118 94 58 5341 58 5283 5247
internal_count=6873 962 923 805 53 752 723 5911 54 5857 516 475 423 52 41 118 94 58 5341 58 5283 5247
is_linear=0
shrinkage=0.05


Tree=238
num_leaves=20
num_cat=0
split_feature=25 20 15 15 22 25 20 14 23 23 11 21 15 25 25 2 14 14 14
split_gain=3.21371e-09 1.47104e-08 3.2213e-08 4.64399e-08 2.50372e-08 3.5047e-08 2.28609e-08 1.9453e-08 1.70304e-08 2.4317e-08 1.94844e-08 1.57348e-08 1.55032e-08 1.39395e-08 1.11883e-08 1.03609e-08 1.68448e-08 1.9657e-08 3.22873e-08
threshold=0.00062369639297372352 0.00069608500000000015 0.13185577213185923 -0.091258822863740666 890.50000000000011 0.00053523255773279112 0.00068453500000000011 0.49812943072827093 854.50000000000011 932.50000000000011 53.034375000000004 928.50000000000011 -0.70900320270980455 0.00063365167530476691 0.00053806001279488606 117.50000000000001 0.98049069993378934 0.92922379131507438 0.85226249403558707
decision_type=2 2 2 2 2 2 2 2 2 2 2 2 2 2 2 2 2 2 2
left_child=1 6 3 4 7 -6 8 -3 11 10 -10 14 -13 -2 -1 -15 17 18 -17
right_child=13 2 -4 -5 5 -7 -8 -9 9 -11 -12 12 -14 15 -16 16 -18 -19 -20
leaf_value=1.5442652015728429e-08 -1.0253212756138873e-06 1.4045496385012907e-06 2.2844459267833463e-06 -1.9947992833684631e-06 -1.6886774626702671e-06 1.0576245694253538e-06 -1.3159082500075755e-06 2.9317237988379929e-08 1.9399085766436705e-06 -5.9622943717840828e-07 4.216147512384591e-08 5.4440621018632865e-08 -1.8058133240591208e-06 -1.062648559961114e-06 -3.2185541349569335e-07 -7.4220140416325115e-08 1.266253791300187e-06 -1.2625389108344987e-06 1.8882327153009599e-06
leaf_weight=5668 39 72 21 21 26 21 33 40 38 25 21 21 24 24 257 443 25 32 22
leaf_count=5668 39 72 21 21 26 21 33 40 38 25 21 21 24 24 257 443 25 32 22
internal_value=-1.10155e-16 1.04285e-08 4.3128e-07 2.15078e-07 5.06948e-07 -4.61606e-07 -3.46853e-09 9.13395e-07 3.6855e-09 7.10669e-07 1.26444e-06 -6.262e-09 -9.37695e-07 -1.12093e-07 8.12171e-10 -4.68624e-08 -1.59584e-10 -6.38625e-08 1.86271e-08
internal_weight=6873 6288 201 180 159 47 6087 112 6054 84 59 5970 45 585 5925 546 522 497 465
internal_count=6873 6288 201 180 159 47 6087 112 6054 84 59 5970 45 585 5925 546 522 497 465
is_linear=0
shrinkage=0.05


Tree=239
num_leaves=14
num_cat=0
split_feature=15 15 2 0 15 0 5 15 2 22 2 24 2
split_gain=3.0338e-09 3.95995e-09 2.67426e-08 1.02659e-08 8.20552e-09 1.30712e-08 7.81498e-09 2.12601e-08 7.4112e-09 7.74416e-09 4.95402e-09 3.20269e-08 1.90009e-08
threshold=0.98929220549296726 0.91245913578114801 175.50000000000003 643.50000000000011 0.89784768270548698 77.500000000000014 23.650000000000002 0.53493525241775031 117.50000000000001 186.50000000000003 250.50000000000003 0.00040637096108133347 237.50000000000003
decision_type=2 2 2 2 2 2 2 2 2 2 2 2 2
left_child=1 4 3 8 6 -6 10 -8 9 -3 12 -12 -1
right_child=-2 2 -4 -5 5 -7 7 -9 -10 -11 11 -13 -14
leaf_value=-4.8003628147292146e-09 5.6117497895987372e-07 3.8823706536665156e-08 -1.8505440328391902e-06 -1.1561643100321817e-06 -3.8733405562295179e-08 1.6348765642248963e-06 -2.8689988830087211e-07 1.499415739933665e-06 7.3373647353491837e-07 -6.6417911393332556e-07 5.42647476244195e-07 -6.5604968092943195e-07 7.5690765321619079e-07
leaf_weight=6025 24 264 22 20 28 20 36 31 32 46 87 155 83
leaf_count=6025 24 264 22 20 28 20 36 31 32 46 87 155 83
internal_value=-2.8444e-16 -1.96645e-09 -1.57965e-07 -5.51008e-08 7.29935e-09 6.58604e-07 2.4275e-09 5.39604e-07 9.28885e-09 -6.54928e-08 -3.24035e-09 -2.25113e-07 5.55029e-09
internal_weight=6873 6849 384 362 6465 48 6417 67 342 310 6350 242 6108
internal_count=6873 6849 384 362 6465 48 6417 67 342 310 6350 242 6108
is_linear=0
shrinkage=0.05


Tree=240
num_leaves=17
num_cat=0
split_feature=15 2 15 2 15 2 15 3 15 2 15 14 7 5 4 3
split_gain=3.05059e-09 2.31244e-08 1.86797e-08 2.62485e-08 9.47944e-09 3.09557e-08 3.06892e-08 4.1743e-08 4.64198e-09 2.57603e-08 2.10863e-08 2.48854e-09 1.01044e-09 8.29135e-10 3.53384e-10 4.88437e-11
threshold=0.97693379145244141 98.500000000000014 0.96901616890815878 35.500000000000007 0.94975093725139803 104.50000000000001 0.93842613001991437 13.950000000000001 0.61913436964878354 152.50000000000003 0.59175731018202693 0.1849296026015865 109.74863879336955 7.8500000000000005 15.500000000000002 18.750000000000004
decision_type=2 2 2 2 2 2 2 2 2 2 2 2 2 2 2 2
left_child=2 11 4 -4 6 14 8 -8 10 -10 -1 13 -13 -2 -6 -16
right_child=1 -3 3 -5 5 -7 7 -9 9 -11 -12 12 -14 -15 15 -17
leaf_value=-1.9475626805318136e-09 -1.4042547405842702e-07 1.7569224677940622e-06 8.9737993543995532e-10 -2.3707451464360933e-06 1.7990528577559503e-07 2.14255654317309e-06 3.6128896404626956e-08 -2.936160697077282e-06 3.5853759161597055e-08 1.1148838890366147e-06 -1.0542884817018225e-06 4.6437362937824998e-07 -2.0511398276826496e-08 -5.3783024234411145e-07 -2.3571097407248942e-08 -1.2170690262164066e-07
leaf_weight=5745 35 21 28 20 21 22 27 21 708 60 48 21 22 21 32 21
leaf_count=5745 35 21 28 20 21 22 27 21 708 60 48 21 22 21 32 21
internal_value=7.06722e-16 2.49889e-07 -4.44049e-09 -9.87287e-07 2.59555e-09 4.95876e-07 -4.56968e-09 -1.26425e-06 4.64608e-09 1.20153e-07 -1.06671e-08 -6.97852e-08 2.16293e-07 -2.89452e-07 6.32285e-09 -6.24551e-08
internal_weight=6873 120 6753 48 6705 96 6609 48 6561 768 5793 99 43 56 74 53
internal_count=6873 120 6753 48 6705 96 6609 48 6561 768 5793 99 43 56 74 53
is_linear=0
shrinkage=0.05


Tree=241
num_leaves=27
num_cat=0
split_feature=14 2 14 3 6 8 14 20 18 26 23 14 26 5 27 22 20 26 2 20 2 15 6 5 4 7
split_gain=3.03991e-09 1.10054e-08 7.26099e-09 5.11249e-08 3.82663e-08 4.28906e-08 3.51856e-08 1.67866e-08 2.24488e-08 1.83525e-08 1.5698e-08 1.33909e-08 3.29819e-08 5.47771e-09 5.1325e-09 2.94312e-08 4.06171e-08 1.43256e-08 1.38146e-08 2.91331e-08 8.71653e-09 4.71768e-09 2.27625e-09 1.08135e-09 2.18714e-11 3.21978e-11
threshold=-0.99630266176052629 113.50000000000001 -0.94139628442229062 23.550000000000004 0.00034838500000000005 208.74077742930891 -0.96463499255812291 0.00058451000000000022 0.00045977499999999999 0.00030883650989125638 735.50000000000011 -0.91978325482952472 0.00031224881460076423 17.850000000000005 99.500000000000014 677.50000000000011 0.00068722500000000008 0.00042011638849560857 279.50000000000006 0.00059585500000000017 237.50000000000003 1.0000000180025095e-35 0.00015502500000000001 9.9500000000000011 1.0000000180025095e-35 94.078794264647215
decision_type=2 2 2 2 2 2 2 2 2 2 2 2 2 2 2 2 2 2 2 2 2 2 2 2 2 2
left_child=1 13 3 7 -5 6 -6 8 9 -2 -9 12 23 22 18 17 -17 -16 20 -20 -13 -3 24 -4 -1 -26
right_child=2 21 11 4 5 -7 -8 10 -10 -11 -12 14 -14 -15 15 16 -18 -19 19 -21 -22 -23 -24 -25 25 -27
leaf_value=-5.9952104334927627e-08 -4.0612007722402563e-08 2.9683616777647867e-07 -2.3573410356314934e-07 2.6692559936543912e-07 -1.530608648364808e-06 -3.3138036725530484e-07 -4.2205442969134313e-06 2.0157701607104171e-06 -1.3426961723164443e-06 1.100271041266117e-06 3.4737295777631521e-08 -1.0509014313260329e-08 2.1604367429972625e-06 -8.1595580240900751e-07 1.0362246443179937e-07 2.5207587268910016e-06 -4.0816894326667357e-07 -1.1972510274853963e-06 -2.1644024924250476e-06 2.3094391963240925e-08 3.7111208569457007e-07 1.1297685562288294e-06 5.4753943811105964e-07 2.0397569073793422e-07 4.6939923422269675e-08 -1.8557561419335237e-08
leaf_weight=21 487 34 29 37 31 36 20 20 31 38 20 5273 25 20 265 29 20 23 23 45 154 34 21 27 24 86
leaf_count=21 487 34 29 37 31 36 20 20 31 38 20 5273 25 20 265 29 20 23 23 45 154 34 21 27 24 86
internal_value=2.74172e-16 1.74814e-07 -6.32525e-09 -1.56242e-07 -1.07995e-06 -1.65275e-06 -2.58549e-06 3.59376e-08 -3.52362e-08 4.19662e-08 1.02525e-06 1.19295e-08 6.50395e-07 -3.80766e-08 3.0619e-09 1.92468e-07 1.32528e-06 -2.66738e-10 -8.5541e-09 -7.16794e-07 3.20108e-10 7.13302e-07 6.42759e-08 -2.37312e-08 -1.31938e-08 -4.2672e-09
internal_weight=6873 240 6633 720 124 87 51 596 556 525 40 5913 81 172 5832 337 49 288 5495 68 5427 68 152 56 131 110
internal_count=6873 240 6633 720 124 87 51 596 556 525 40 5913 81 172 5832 337 49 288 5495 68 5427 68 152 56 131 110
is_linear=0
shrinkage=0.05


Tree=242
num_leaves=9
num_cat=0
split_feature=14 14 14 14 0 17 14 17
split_gain=2.97138e-09 4.50552e-09 9.923e-09 7.36737e-09 1.74736e-08 3.34018e-09 2.7691e-08 1.38111e-08
threshold=0.99995780822346225 0.99983759474438971 0.99966190462023474 0.99907018497641664 145.50000000000003 0.99713837927718252 -0.94139628442229062 0.99341602515407457
decision_type=2 2 2 2 2 2 2 2
left_child=1 2 3 5 -5 7 -7 -1
right_child=-2 -3 -4 4 -6 6 -8 -9
leaf_value=-1.9446840312534639e-09 -5.5537219149452243e-07 6.8581762976786349e-07 -1.0153531218766907e-06 -1.8587973217774693e-07 1.7491488517862308e-06 -1.7592352484143704e-06 -5.9319647805656572e-09 7.04187703084764e-07
leaf_weight=6431 24 24 24 28 20 25 227 70
leaf_count=6431 24 24 24 28 20 25 227 70
internal_value=-1.27504e-16 1.94611e-09 -4.58709e-10 3.12274e-09 6.20382e-07 -1.26471e-09 -1.79871e-07 5.65865e-09
internal_weight=6873 6849 6825 6801 48 6753 252 6501
internal_count=6873 6849 6825 6801 48 6753 252 6501
is_linear=0
shrinkage=0.05


Tree=243
num_leaves=27
num_cat=0
split_feature=14 2 14 3 21 6 4 27 7 2 20 14 2 5 27 22 20 15 2 20 2 15 6 5 0 15
split_gain=2.96385e-09 1.00638e-08 6.46208e-09 4.59568e-08 3.90898e-08 5.33467e-08 4.44631e-08 2.49602e-08 1.55995e-08 2.39379e-08 2.47722e-08 1.20696e-08 2.97458e-08 4.72066e-09 4.60261e-09 2.65239e-08 3.65775e-08 1.27722e-08 1.24898e-08 2.63683e-08 7.79944e-09 4.47164e-09 2.06591e-09 9.69675e-10 2.68054e-11 1.665e-11
threshold=-0.99630266176052629 113.50000000000001 -0.94139628442229062 23.550000000000004 681.50000000000011 0.00034838500000000005 1.0000000180025095e-35 12.500000000000002 37.523939065315652 243.50000000000003 0.00034993000000000009 -0.91978325482952472 115.50000000000001 17.850000000000005 99.500000000000014 677.50000000000011 0.00068722500000000008 -0.73284120334876357 279.50000000000006 0.00059585500000000017 237.50000000000003 1.0000000180025095e-35 0.00015502500000000001 9.9500000000000011 30.500000000000004 0.029024409397335523
decision_type=2 2 2 2 2 2 2 2 2 2 2 2 2 2 2 2 2 2 2 2 2 2 2 2 2 2
left_child=1 13 3 8 5 -5 -6 -8 -2 10 -10 12 23 22 18 17 -17 -16 20 -20 -13 -3 24 -4 25 -1
right_child=2 21 11 4 6 -7 7 -9 9 -11 -12 14 -14 -15 15 16 -18 -19 19 -21 -22 -23 -24 -25 -26 -27
leaf_value=-8.8137925465961845e-09 1.2833368175553992e-06 2.8209157442367598e-07 -2.2383641239371333e-07 -1.6558390700064747e-07 -2.0265619675476707e-06 -3.2444628262135883e-06 2.0309675685581399e-06 -3.606926985459206e-07 -7.2169640871648408e-08 -1.7171640547530842e-06 1.0119388108632386e-06 -1.0248806174891277e-08 2.0511737893684767e-06 -7.5309463113626404e-07 9.5767262876272032e-07 2.3917988794986241e-06 -3.8766323541494784e-07 -1.16691936979681e-07 -2.0590754156333077e-06 2.2036902009858751e-08 3.5073893394019844e-07 1.0930129578208139e-06 5.2444372803014021e-07 1.9254974985314122e-07 4.2010563019868555e-08 -5.4601326400398448e-08
leaf_weight=84 24 34 29 24 22 34 20 24 493 20 59 5273 25 20 31 29 20 257 23 45 154 34 21 27 21 26
leaf_count=84 24 34 29 24 22 34 20 24 493 20 59 5273 25 20 31 29 20 257 23 45 154 34 21 27 21 26
internal_value=9.90375e-16 1.72613e-07 -6.24562e-09 -1.47675e-07 -1.02345e-06 -1.97044e-06 -1.91237e-07 7.26426e-07 3.45328e-08 -1.78646e-08 4.37043e-08 1.09756e-08 6.17123e-07 -3.09671e-08 2.55687e-09 1.8192e-07 1.25732e-06 -1.04853e-09 -8.44317e-09 -6.81869e-07 -5.18871e-12 6.87552e-07 6.40497e-08 -2.30788e-08 -9.75398e-09 -1.96363e-08
internal_weight=6873 240 6633 720 124 58 66 44 596 572 552 5913 81 172 5832 337 49 288 5495 68 5427 68 152 56 131 110
internal_count=6873 240 6633 720 124 58 66 44 596 572 552 5913 81 172 5832 337 49 288 5495 68 5427 68 152 56 131 110
is_linear=0
shrinkage=0.05


Tree=244
num_leaves=24
num_cat=0
split_feature=25 20 15 15 0 20 23 20 23 23 11 25 20 3 23 4 3 6 15 7 22 1 22
split_gain=3.11553e-09 1.30369e-08 2.85799e-08 4.1663e-08 2.58406e-08 3.02495e-08 2.61347e-08 1.97891e-08 1.50421e-08 2.18497e-08 1.65761e-08 1.26153e-08 1.00387e-08 2.01618e-08 3.20294e-08 1.32872e-08 2.6211e-08 2.80612e-08 1.45256e-08 1.01773e-08 9.82146e-09 4.90291e-08 3.13535e-08
threshold=0.00062369639297372352 0.00069608500000000015 0.13185577213185923 -0.091258822863740666 811.00000000000011 0.00074650500000000006 925.50000000000011 0.00068453500000000011 854.50000000000011 932.50000000000011 53.034375000000004 0.00063365167530476691 0.00055870500000000016 23.250000000000004 928.50000000000011 74.500000000000014 24.150000000000002 0.00069368500000000009 -0.022575793296316496 26.094968005839082 560.50000000000011 374.15000000000003 477.50000000000006
decision_type=2 2 2 2 2 2 2 2 2 2 2 2 2 2 2 2 2 2 2 2 2 2 2
left_child=1 7 3 4 5 -3 -6 8 20 10 -10 -2 13 -13 -15 16 17 -14 -18 -17 22 -22 -1
right_child=11 2 -4 -5 6 -7 -8 -9 9 -11 -12 12 15 14 -16 19 18 -19 -20 -21 21 -23 -24
leaf_value=-8.3763172879883418e-09 -9.7913692185941812e-07 2.1828411011459116e-06 2.1519966524118944e-06 -1.8903238881085555e-06 -7.2505431908690595e-07 4.633024938508849e-08 1.010752228986738e-06 -1.2238986721168851e-06 1.8162205821538108e-06 -5.7054979515669398e-07 6.5827203971344885e-08 1.4406517411913456e-06 -1.9919985764940257e-06 1.0695649519239699e-06 -1.5716664716013508e-06 -6.5681440933726014e-08 -9.6128306796898825e-08 -2.8640290393565067e-07 1.1365018765948556e-06 1.4909727989712944e-06 -1.3879629641451175e-06 -3.9193689476952954e-08 5.7438288144777667e-07
leaf_weight=4990 39 37 21 21 57 30 35 33 38 25 21 32 38 24 22 21 296 66 26 21 75 663 242
leaf_count=4990 39 37 21 21 57 30 35 33 38 25 21 32 38 24 22 21 296 66 26 21 75 663 242
internal_value=-1.12765e-16 1.0268e-08 4.0646e-07 2.02814e-07 4.79266e-07 1.22619e-06 -6.46931e-08 -2.81476e-09 3.8413e-09 6.68274e-07 1.1932e-06 -1.10367e-07 -4.83124e-08 4.76843e-07 -1.93633e-07 -1.35838e-07 -2.19492e-07 -9.09601e-07 3.40084e-09 7.12646e-07 -5.5075e-09 -1.76264e-07 1.85785e-08
internal_weight=6873 6288 201 180 159 67 92 6087 6054 84 59 585 546 78 46 468 426 104 322 42 5970 738 5232
internal_count=6873 6288 201 180 159 67 92 6087 6054 84 59 585 546 78 46 468 426 104 322 42 5970 738 5232
is_linear=0
shrinkage=0.05


Tree=245
num_leaves=25
num_cat=0
split_feature=6 6 25 23 23 23 18 25 0 11 26 25 19 25 7 3 26 26 2 2 20 21 19 25
split_gain=2.96819e-09 1.97206e-08 2.54643e-08 2.18517e-08 1.55685e-08 2.22281e-08 2.1372e-08 2.6039e-08 2.51022e-08 1.89653e-08 1.26451e-08 2.53497e-08 2.89441e-08 2.60151e-08 3.97769e-08 1.88259e-08 2.48991e-08 3.66002e-08 1.2717e-08 1.10586e-08 1.10157e-08 9.02414e-09 6.61373e-09 6.96838e-09
threshold=0.00050788000000000016 0.00053712500000000017 0.00041638236215738717 713.50000000000011 420.50000000000006 505.50000000000006 0.00047709000000000006 0.00021247959199887707 720.50000000000011 36.09062500000001 0.00043387589184935572 0.00042619124051206797 0.00049566500000000017 0.00048969386942722046 43.973064953649235 17.150000000000002 0.00058508799699519417 0.00053731291720059344 237.50000000000003 216.50000000000003 0.00056479500000000021 445.50000000000006 0.00054044500000000018 0.00044015300728353558
decision_type=2 2 2 2 2 2 2 2 2 2 2 2 2 2 2 2 2 2 2 2 2 2 2 2
left_child=10 2 -2 21 -3 9 8 -8 -7 -6 18 15 -13 -14 -15 -12 17 -17 19 22 -11 -4 23 -1
right_child=1 4 3 -5 5 6 7 -9 -10 20 11 12 13 14 -16 16 -18 -19 -20 -21 -22 -23 -24 -25
leaf_value=-4.1590699713961455e-10 -1.8798479300819576e-06 -1.0111713176061848e-06 -1.9411571409601374e-07 -1.4560918089046027e-06 1.904570159730121e-06 -1.1698134821577137e-06 1.4051927668002794e-06 -2.0993788992118148e-08 6.7933885186851244e-07 1.1785257356677903e-06 -4.3880248722416585e-07 -1.8793417683582448e-06 1.7772296623823942e-06 2.6457042081130481e-07 -2.1683661850602218e-06 9.1905722681079558e-07 -3.0001654592454612e-07 3.2877273919699034e-06 1.0803350168889327e-06 -9.4914654876872869e-07 -1.5314983324349836e-07 1.2580901181991068e-06 7.5101683004002808e-07 -5.9959359649825253e-07
leaf_weight=5000 33 38 23 22 26 78 33 1061 24 24 25 20 21 105 20 73 26 21 27 31 44 20 29 49
leaf_count=5000 33 38 23 22 26 78 33 1061 24 24 25 20 21 105 20 73 26 21 27 31 44 20 29 49
internal_value=-2.48694e-16 -6.42187e-08 -7.48692e-07 -1.74414e-07 -1.37079e-08 1.56748e-08 -4.2512e-08 2.20265e-08 -7.34719e-07 7.56009e-07 1.68122e-08 3.264e-07 -9.54966e-08 1.48866e-07 -1.24699e-07 8.094e-07 1.06944e-06 1.44823e-06 -1.93431e-09 -7.65388e-09 3.16853e-07 4.81329e-07 -1.90629e-09 -6.23086e-09
internal_weight=6873 1426 98 65 1328 1290 1196 1094 102 94 5447 311 166 146 125 145 120 94 5136 5109 68 43 5078 5049
internal_count=6873 1426 98 65 1328 1290 1196 1094 102 94 5447 311 166 146 125 145 120 94 5136 5109 68 43 5078 5049
is_linear=0
shrinkage=0.05


Tree=246
num_leaves=19
num_cat=0
split_feature=23 11 3 11 11 11 18 6 15 19 24 23 5 5 7 18 18 6
split_gain=3.07838e-09 2.98353e-08 4.63385e-08 2.92892e-08 2.54101e-08 2.61706e-08 3.96799e-08 2.0693e-08 4.27978e-08 2.74581e-08 3.12149e-08 1.56734e-08 1.24405e-08 1.19422e-08 1.05798e-08 1.206e-08 1.39997e-08 1.14724e-08
threshold=720.50000000000011 42.93437500000001 22.150000000000002 44.10625000000001 34.065625000000004 39.628125000000004 0.00064704500000000006 0.00028692500000000005 -0.39036009226888674 0.00022915000000000004 0.00060827545589921055 702.50000000000011 12.550000000000002 14.250000000000002 26.525217148120088 0.00071782500000000017 0.00069797500000000009 0.00070195500000000009
decision_type=2 2 2 2 2 2 2 2 2 2 2 2 2 2 2 2 2 2
left_child=11 2 4 -3 -2 6 -6 8 -5 -9 -11 14 -13 -7 -1 16 17 -16
right_child=1 3 -4 7 5 13 -8 9 -10 10 -12 12 -14 -15 15 -17 -18 -19
leaf_value=8.2535116059891427e-07 8.4633661141387786e-07 1.5646319536699594e-06 -2.9860335968123764e-06 -3.9262270180328278e-07 -1.4559370036047107e-07 -7.7252910324949146e-07 -3.1157992042529304e-06 1.5401811624542461e-06 2.6038011562625551e-06 -6.2655868555117653e-07 7.4468877921719899e-08 1.0762001951465013e-07 1.4226051901898376e-06 8.7493283289900728e-07 6.2638768117350437e-09 -9.5405796375044639e-07 1.2634054872829769e-06 -7.6209894226227629e-07
leaf_weight=39 31 30 20 26 22 22 23 25 22 231 508 37 35 22 5676 33 22 49
leaf_count=39 31 30 20 26 22 22 23 25 22 231 508 37 35 22 5676 33 22 49
internal_value=9.01271e-17 -8.1959e-08 -7.57841e-07 3.04205e-08 -3.86476e-07 -8.15883e-07 -1.6637e-06 -2.62622e-08 9.80738e-07 -8.95292e-08 -1.44662e-07 1.36622e-08 7.46849e-07 5.12019e-08 4.59024e-09 -9.47764e-10 4.52512e-09 -3.12504e-10
internal_weight=6873 982 140 842 120 89 45 812 48 764 739 5891 72 44 5819 5780 5747 5725
internal_count=6873 982 140 842 120 89 45 812 48 764 739 5891 72 44 5819 5780 5747 5725
is_linear=0
shrinkage=0.05


Tree=247
num_leaves=10
num_cat=0
split_feature=16 18 19 26 20 18 2 20 18
split_gain=3.18394e-09 6.6978e-09 6.15388e-09 2.15233e-08 3.23618e-08 1.74482e-08 9.74993e-09 1.42003e-08 9.09445e-09
threshold=1036.5000000000002 0.00082834000000000011 0.00079291500000000005 0.00048109768438390485 0.00072882500000000011 0.00079657000000000003 316.00000000000006 0.00081700000000000013 0.00078043500000000011
decision_type=2 2 2 2 2 2 2 2 2
left_child=1 2 6 -4 -5 -6 7 8 -1
right_child=-2 -3 3 4 5 -7 -8 -9 -10
leaf_value=3.4910665183986174e-09 -5.0557998600843053e-07 8.0327274995047794e-07 1.045992224714031e-06 -2.4758505526278895e-06 -6.7626667135687902e-07 1.0525530862892651e-06 8.0411323937680305e-07 1.167159362361977e-06 -4.8422808396136257e-07
leaf_weight=6539 31 26 22 20 54 20 38 26 97
leaf_count=6539 31 26 22 20 54 20 38 26 97
internal_value=-3.44333e-16 2.2907e-09 -7.64688e-10 -3.61832e-07 -6.91323e-07 -2.09018e-07 5.48663e-09 9.31267e-10 -3.63804e-09
internal_weight=6873 6842 6816 116 94 74 6700 6662 6636
internal_count=6873 6842 6816 116 94 74 6700 6662 6636
is_linear=0
shrinkage=0.05


Tree=248
num_leaves=22
num_cat=0
split_feature=21 21 11 3 8 21 3 25 24 20 27 23 25 25 15 15 23 15 22 15 22
split_gain=2.90979e-09 1.94871e-08 1.49092e-08 1.60651e-08 1.70878e-08 9.61773e-09 1.54641e-08 1.3738e-08 1.75213e-08 8.72492e-09 8.03794e-09 1.11496e-08 7.30091e-09 2.88564e-08 2.20786e-08 3.9021e-08 1.51154e-08 1.30841e-08 1.18074e-08 4.98029e-08 1.86539e-08
threshold=928.50000000000011 939.50000000000011 53.034375000000004 26.550000000000004 245.33041273304414 886.50000000000011 22.750000000000004 0.00042011638849560857 0.0006591994033307056 0.00058232500000000018 2.8333333333333335 886.50000000000011 0.00054090262624432062 0.00055041758720124725 0.61913436964878354 0.26659387353423869 923.50000000000011 0.70897861563100306 821.00000000000011 -0.42958798411962301 747.50000000000011
decision_type=2 2 2 2 2 2 2 2 2 2 2 2 2 2 2 2 2 2 2 2 2
left_child=5 -2 -3 4 -4 12 -7 -8 -9 -10 11 -5 16 -14 15 -15 18 -16 20 -20 -1
right_child=1 2 3 10 -6 6 7 8 9 -11 -12 -13 13 14 17 -17 -18 -19 19 -21 -22
leaf_value=6.8965715153439923e-09 -1.2796598143689368e-06 9.5210626227526518e-07 -1.9068276429834442e-06 9.7468945632783737e-07 -1.5242326558758837e-07 1.6837986481732515e-06 -9.8222260259630964e-07 1.3511380612791462e-06 -6.6312066754411116e-07 3.7288296383730132e-07 1.0704451147787387e-06 -4.038985497087114e-07 -1.7294194857900687e-06 -6.3835502919773473e-08 1.9188448391105339e-06 -1.6424561368109738e-06 1.3536252719772858e-06 2.4441042326842474e-07 8.4680260902752542e-07 -2.5573609686294473e-06 9.1595251564955877e-07
leaf_weight=5666 34 35 23 20 35 20 21 35 30 63 21 55 28 576 20 42 21 28 22 21 57
leaf_count=5666 34 35 23 20 35 20 21 35 30 63 21 55 28 576 20 42 21 28 22 21 57
internal_value=-2.4792e-17 -1.77659e-07 2.05851e-08 -1.91124e-07 -8.48135e-07 5.95757e-09 3.78326e-07 2.03095e-07 3.97561e-07 3.86882e-08 2.0582e-07 -3.62751e-08 -3.7524e-09 -1.56997e-07 -9.08889e-08 -1.7112e-07 1.46253e-08 9.42091e-07 9.74859e-09 -8.15696e-07 1.59506e-08
internal_weight=6873 223 189 154 58 6650 169 149 128 93 96 75 6481 694 666 618 5787 48 5766 43 5723
internal_count=6873 223 189 154 58 6650 169 149 128 93 96 75 6481 694 666 618 5787 48 5766 43 5723
is_linear=0
shrinkage=0.05


Tree=249
num_leaves=31
num_cat=0
split_feature=8 1 5 19 24 6 6 3 11 25 17 17 8 4 4 15 8 14 14 14 14 1 25 6 23 24 6 6 11 18
split_gain=2.91889e-09 8.23013e-09 2.54682e-08 3.14907e-08 6.61388e-09 3.13585e-08 1.34824e-08 9.7428e-09 9.3194e-09 2.25139e-08 5.52297e-09 2.45655e-08 5.24158e-08 1.68431e-08 4.16025e-08 3.11407e-08 2.22333e-08 3.52703e-08 2.01029e-08 1.55243e-08 1.85313e-08 1.41258e-08 1.29203e-08 1.24602e-08 1.17596e-08 1.07942e-08 3.04646e-08 3.2666e-08 2.13618e-08 1.95184e-08
threshold=254.62635741609648 800.25000000000011 9.3500000000000032 0.00049871500000000016 0.00058149947175994466 0.00046960500000000005 0.00056469000000000018 25.150000000000002 48.800000000000004 0.00040788276083072132 0.88655657882574068 0.8767488667011748 124.47947363769025 21.500000000000004 13.500000000000002 -0.57077231802681661 226.39009706154982 0.80417553764032002 0.79383249484937135 0.96465729447553372 0.91248814248966237 764.00000000000011 0.00063049318500310234 0.00047285500000000005 649.50000000000011 0.00050923492149978426 0.00059756000000000013 0.00064910000000000011 45.503125000000004 0.00052491000000000007
decision_type=2 2 2 2 2 2 2 2 2 2 2 2 2 2 2 2 2 2 2 2 2 2 2 2 2 2 2 2 2 2
left_child=10 4 3 -3 5 8 -6 -8 9 -2 11 25 -13 14 19 -16 18 -18 23 20 -12 -17 -21 -15 -20 28 -27 -28 29 -1
right_child=1 2 -4 -5 6 -7 7 -9 -10 -11 13 12 -14 16 15 21 17 -19 24 22 -22 -23 -24 -25 -26 26 27 -29 -30 -31
leaf_value=-1.6338257897793554e-08 -1.9172643619280135e-08 -1.0076877701563223e-06 -1.5014080332007694e-06 1.7336294951064703e-06 1.1292502601672578e-06 -1.6790496639702786e-06 8.876961299041465e-07 -3.3704484875883163e-07 8.8206226373748512e-07 -1.5279275612556377e-06 8.9828698863229984e-08 6.0496559228795377e-07 -2.3163508299633659e-06 -3.8791502324405274e-07 -2.8602722390758121e-06 4.9967381983151431e-07 6.2702249560824129e-07 -1.9571810750933411e-06 7.4703637291334463e-07 1.3294344791409623e-06 -1.0535286966805379e-06 -1.3172291168619111e-06 -1.779610762414883e-07 6.0221373866260433e-07 1.8575594516789807e-06 1.0952819116027968e-06 -2.1911155499765299e-06 -3.0306431176270397e-07 1.2264135821008164e-06 5.4939077662933085e-07
leaf_weight=2590 2256 22 37 20 37 29 22 62 28 25 840 28 34 48 20 20 31 23 59 44 37 23 21 94 40 30 28 126 37 162
leaf_count=2590 2256 22 37 20 37 29 22 62 28 25 840 28 34 48 20 20 31 23 59 44 37 23 21 94 40 30 28 126 37 162
internal_value=2.63836e-16 -4.25848e-08 -5.44919e-07 2.97701e-07 -2.64464e-08 -4.51011e-08 3.34007e-07 -1.62794e-08 -2.45794e-08 -3.57088e-08 2.4932e-08 -1.20044e-08 -9.97047e-07 1.11164e-07 1.3657e-08 -1.23029e-06 4.4335e-07 -4.73657e-07 6.4882e-07 9.68508e-08 4.15913e-08 -4.72158e-07 8.4243e-07 2.67522e-07 1.19573e-06 8.53806e-09 -3.62385e-07 -6.46346e-07 3.30092e-08 1.69641e-08
internal_weight=6873 2538 79 42 2459 2338 121 84 2309 2281 4335 3035 62 1300 1005 63 295 54 241 942 877 43 65 142 99 2973 184 154 2789 2752
internal_count=6873 2538 79 42 2459 2338 121 84 2309 2281 4335 3035 62 1300 1005 63 295 54 241 942 877 43 65 142 99 2973 184 154 2789 2752
is_linear=0
shrinkage=0.05


Tree=250
num_leaves=9
num_cat=0
split_feature=14 14 14 14 0 14 5 14
split_gain=2.8277e-09 3.95369e-09 8.51134e-09 6.09908e-09 1.47033e-08 3.25037e-09 3.35099e-08 1.17698e-08
threshold=0.99995780822346225 0.99983759474438971 0.99966190462023474 0.99907018497641664 145.50000000000003 0.99053107487289871 16.550000000000004 0.98522604642031408
decision_type=2 2 2 2 2 2 2 2
left_child=1 2 3 5 -5 7 -7 -1
right_child=-2 -3 -4 4 -6 6 -8 -9
leaf_value=-2.2842715593697541e-09 -5.4177807579473367e-07 6.4252289237269155e-07 -9.4029033199660721e-07 -1.7500826712892248e-07 1.6000129221538373e-06 -1.1730262740749336e-08 -2.1405983193290014e-06 5.5548502010023999e-07
leaf_weight=6393 24 24 24 28 20 244 20 96
leaf_count=6393 24 24 24 28 20 244 20 96
internal_value=-2.98462e-16 1.89848e-09 -3.54268e-10 2.96267e-09 5.64584e-07 -1.02931e-09 -1.73008e-07 5.96752e-09
internal_weight=6873 6849 6825 6801 48 6753 264 6489
internal_count=6873 6849 6825 6801 48 6753 264 6489
is_linear=0
shrinkage=0.05


Tree=251
num_leaves=17
num_cat=0
split_feature=15 2 15 0 15 2 15 0 5 22 5 14 13 5 4 8
split_gain=2.74077e-09 2.04292e-08 1.65389e-08 2.33165e-08 8.51984e-09 2.74609e-08 2.705e-08 3.73544e-08 4.28724e-09 1.67758e-08 4.5545e-09 2.23059e-09 9.19553e-10 7.29987e-10 2.08722e-10 4.36695e-11
threshold=0.97693379145244141 98.500000000000014 0.96901616890815878 55.000000000000007 0.94975093725139803 103.50000000000001 0.93842613001991437 50.500000000000007 23.550000000000004 432.50000000000006 18.750000000000004 0.1849296026015865 0.1294095225512602 7.8500000000000005 15.500000000000002 242.84748527535143
decision_type=2 2 2 2 2 2 2 2 2 2 2 2 2 2 2 2
left_child=2 11 4 -4 6 14 8 -8 10 -10 -1 13 -13 -2 -6 -16
right_child=1 -3 3 -5 5 -7 7 -9 9 -11 -12 12 -14 -15 15 -17
leaf_value=9.5511718808407608e-09 -1.3174533511747404e-07 1.6533469745029705e-06 2.3394098467934201e-09 -2.2329237749829647e-06 1.3301717643798838e-07 1.9766288272401892e-06 -8.1706234413201994e-09 -2.8373974640771849e-06 -2.2228500760636805e-07 1.2974888069076467e-06 -1.8194122658564332e-07 4.4389847091219102e-07 -1.8665400483816346e-08 -5.0463302490773763e-07 -1.0643985275393676e-07 -1.5261335306604451e-08
leaf_weight=6158 35 21 28 20 20 23 28 20 46 30 327 21 22 21 24 29
leaf_count=6158 35 21 28 20 20 23 28 20 46 30 327 21 22 21 24 29
internal_value=-4.21883e-16 2.36859e-07 -4.20896e-09 -9.2902e-07 2.41161e-09 4.70059e-07 -4.38127e-09 -1.18702e-06 4.27083e-09 3.77626e-07 -1.04651e-10 -6.36076e-08 2.07238e-07 -2.71578e-07 -4.61358e-09 -5.65497e-08
internal_weight=6873 120 6753 48 6705 96 6609 48 6561 76 6485 99 43 56 73 53
internal_count=6873 120 6753 48 6705 96 6609 48 6561 76 6485 99 43 56 73 53
is_linear=0
shrinkage=0.05


Tree=252
num_leaves=16
num_cat=0
split_feature=20 6 4 26 6 18 19 24 6 23 6 19 19 27 20
split_gain=2.69854e-09 3.56682e-09 1.14162e-08 1.92399e-08 1.75527e-08 1.02047e-08 2.3799e-08 9.7769e-09 1.07239e-08 1.37794e-08 1.31403e-08 8.68104e-09 7.71605e-09 5.97595e-09 3.27511e-09
threshold=0.00083425500000000011 0.00079298500000000007 44.500000000000007 0.00064855887501202066 0.00081085500000000019 0.00078043500000000011 0.00070747500000000005 0.00071118698141538954 0.00076492500000000007 872.50000000000011 0.00073888000000000003 0.00075602000000000015 0.00068984000000000016 3.5000000000000004 0.00073238000000000003
decision_type=2 2 2 2 2 2 2 2 2 2 2 2 2 2 2
left_child=1 5 3 4 -3 7 -7 8 10 -10 -1 -8 -9 -5 -14
right_child=-2 2 -4 13 -6 6 11 12 9 -11 -12 -13 14 -15 -16
leaf_value=-3.4294672950894825e-09 -5.2926052873658591e-07 3.4530271724851567e-07 1.272055711455244e-06 1.196207868454329e-06 -1.5343657722681842e-06 -1.6550205453958987e-06 5.0974730502508841e-07 1.0962854219679722e-06 4.1365336755916364e-08 -1.4774556185719641e-06 6.7583095528789274e-07 -5.5213663711727255e-07 -2.8481480356390422e-07 1.631859563287565e-07 5.7020099033945285e-07
leaf_weight=6399 24 23 23 28 27 31 39 36 32 28 72 38 24 28 21
leaf_count=6399 24 23 23 28 27 31 39 36 32 28 72 38 24 28 21
internal_value=-1.3166e-17 1.85461e-09 2.62282e-07 4.31803e-08 -6.69718e-07 -3.14466e-09 -4.85247e-07 4.72997e-09 -2.0411e-09 -6.67418e-07 4.12837e-09 -1.42993e-08 5.50678e-07 6.79697e-07 1.14193e-07
internal_weight=6873 6849 129 106 50 6720 108 6612 6531 60 6471 77 81 56 45
internal_count=6873 6849 129 106 50 6720 108 6612 6531 60 6471 77 81 56 45
is_linear=0
shrinkage=0.05


Tree=253
num_leaves=31
num_cat=0
split_feature=5 26 7 5 25 20 26 3 23 20 0 20 26 5 24 26 3 11 19 19 21 0 26 21 4 24 18 2 11 20
split_gain=2.77263e-09 1.78714e-08 2.59e-08 3.34897e-08 1.82116e-08 2.35542e-08 1.77588e-08 2.76636e-08 2.10321e-08 4.79472e-08 7.13324e-08 2.32522e-08 2.10163e-08 1.82617e-08 2.24118e-08 1.26535e-08 1.68293e-08 1.51159e-08 1.15628e-08 1.96536e-08 1.7193e-08 1.72787e-08 2.89948e-08 1.62899e-08 2.78648e-08 1.50203e-08 1.00949e-08 1.51084e-08 1.13574e-08 6.16233e-09
threshold=12.450000000000001 0.0006865855857647597 21.162751577311308 14.550000000000002 0.00072945381651665596 0.00078878500000000007 0.00068954845129393083 26.450000000000003 785.50000000000011 0.00048442500000000008 702.50000000000011 0.00029044000000000004 0.00056542635961973205 10.65 0.00060479693033595227 0.00073457243935596422 29.750000000000004 58.843750000000007 0.00064691000000000011 0.00066323500000000019 923.50000000000011 784.50000000000011 0.00058508799699519417 969.50000000000011 1.0000000180025095e-35 0.0006591994033307056 0.00076492500000000007 271.50000000000006 46.081250000000004 0.00079657000000000003
decision_type=2 2 2 2 2 2 2 2 2 2 2 2 2 2 2 2 2 2 2 2 2 2 2 2 2 2 2 2 2 2
left_child=6 18 4 -4 29 -6 8 13 26 11 -11 -10 -12 14 -8 16 -9 -17 20 -20 21 22 -2 24 -21 -23 27 28 -1 -3
right_child=1 2 3 -5 5 -7 7 15 9 10 12 -13 -14 -15 -16 17 -18 -19 19 23 -22 25 -24 -25 -26 -27 -28 -29 -30 -31
leaf_value=-3.7954388371949533e-08 6.1776046152853863e-08 1.3387954244204925e-08 -2.1378509000687001e-08 -2.4731082502664018e-06 3.7811734614479066e-07 -1.9927248143858379e-06 -5.500313332876513e-07 1.6391644480506783e-06 -6.3345909438794491e-07 -3.5741810734180038e-06 -1.74742310326988e-06 1.472789232605608e-06 -2.5562506670566803e-07 2.3608516950384518e-06 1.5230602627980261e-06 -1.5974259471559808e-06 -2.5985547844291952e-07 7.5124873189581983e-08 1.4127392395835159e-06 -1.0261245395465973e-06 -1.2644655707845234e-06 1.4888056577882181e-06 -1.1590043917237835e-06 1.5330639156120796e-06 3.8719725012932097e-07 -2.0403589857664885e-07 -9.9879131006183838e-07 1.2403791184093887e-06 3.2828559833093202e-07 1.1151105779087326e-06
leaf_weight=3850 1787 22 26 30 22 20 22 20 20 22 29 38 127 23 32 22 28 35 40 45 25 38 50 21 155 20 26 24 224 30
leaf_count=3850 1787 22 26 30 22 20 22 20 20 22 29 38 127 23 32 22 28 35 40 45 25 38 50 21 155 20 26 24 224 30
internal_value=2.41141e-16 4.43297e-08 -4.83581e-07 -1.33481e-06 2.35313e-08 -7.50855e-07 -2.27505e-08 4.61155e-07 -4.29502e-08 -5.02012e-07 -9.08829e-07 7.46497e-07 -5.32946e-07 1.181e-06 6.78467e-07 -6.67301e-08 5.31403e-07 -5.70421e-07 8.06372e-08 3.92888e-07 3.81905e-08 5.5376e-08 2.85485e-08 2.083e-07 6.91998e-08 9.05067e-07 -1.66799e-08 -1.04488e-08 -1.78175e-08 6.48997e-07
internal_weight=6873 2331 150 56 94 42 4542 182 4360 236 178 58 156 77 54 105 48 57 2181 261 1920 1895 1837 221 200 58 4124 4098 4074 52
internal_count=6873 2331 150 56 94 42 4542 182 4360 236 178 58 156 77 54 105 48 57 2181 261 1920 1895 1837 221 200 58 4124 4098 4074 52
is_linear=0
shrinkage=0.05


Tree=254
num_leaves=30
num_cat=0
split_feature=22 21 22 1 22 5 18 11 6 6 6 3 14 27 11 21 1 7 3 27 21 9 15 18 2 2 18 27 20
split_gain=2.74353e-09 5.70992e-08 2.85716e-08 3.2355e-08 2.43901e-08 1.94766e-08 1.8857e-08 1.76997e-08 1.76947e-08 4.50607e-08 1.96344e-08 7.69265e-08 1.73497e-08 1.63393e-08 3.18609e-08 1.61497e-08 2.23086e-08 1.89608e-08 1.94684e-08 1.50193e-08 1.48339e-08 1.40756e-08 1.31834e-08 9.51995e-09 8.51253e-09 6.53355e-09 6.45491e-09 5.82662e-09 4.13898e-09
threshold=560.50000000000011 331.50000000000006 477.50000000000006 598.95000000000016 432.50000000000006 11.950000000000001 0.00056469000000000018 31.656250000000004 0.00013892500000000003 0.00018008500000000002 0.00028692500000000005 22.350000000000005 0.39036257410962044 12.833333333333334 39.321875000000013 648.50000000000011 721.25000000000011 54.683928545597077 21.250000000000004 47.500000000000007 361.50000000000006 36.099848592349673 0.61913436964878354 0.00040528500000000007 183.50000000000003 155.50000000000003 0.00043614000000000006 14.16666666666667 0.00053934000000000013
decision_type=2 2 2 2 2 2 2 2 2 2 2 2 2 2 2 2 2 2 2 2 2 2 2 2 2 2 2 2 2
left_child=2 -2 4 5 15 20 24 -6 19 -10 11 -11 23 14 -9 17 -17 18 -1 -3 -4 -15 -12 -5 -7 -19 -14 -28 -25
right_child=1 8 3 12 7 6 -8 13 9 10 22 -13 26 21 -16 16 -18 25 -20 -21 -22 -23 -24 28 -26 -27 27 -29 -30
leaf_value=2.3161221386876959e-07 -2.7120351131770805e-06 1.2873025962807544e-07 2.6365622163991376e-06 -1.3557434423698093e-06 -1.9949594096552964e-06 7.0823145051690525e-07 1.6448016272438631e-06 -1.8599509533673998e-07 -2.3531065207429321e-06 -1.6277248678740027e-06 -1.0935303214142811e-07 2.078603146688216e-06 -2.7411317239090787e-08 -8.0361843632914545e-07 -2.6405790140415775e-06 -1.9715259025332443e-06 2.8953517642094087e-07 -1.9554291101936816e-09 1.771464950858596e-06 1.9265579556390766e-06 9.4255767587962209e-07 7.4306416667911296e-07 3.8403118868540794e-07 2.8866403454230751e-07 -6.8847486911494116e-07 5.4620579843148422e-07 1.5789882468197902e-06 3.8652340208500394e-07 -6.6807550439307314e-07
leaf_weight=65 20 26 28 24 21 20 26 39 21 21 1310 42 27 24 20 24 20 4665 30 21 24 38 151 26 24 55 20 21 20
leaf_count=65 20 26 28 24 21 20 26 39 21 21 1310 42 27 24 20 24 20 4665 30 21 24 38 151 26 24 55 20 21 20
internal_value=1.97787e-16 -5.70694e-08 1.74864e-08 5.28514e-07 -9.08176e-09 1.12173e-06 5.7723e-07 -6.55e-07 -2.37156e-08 -5.27896e-08 -2.10923e-08 8.4316e-07 4.07654e-09 -4.22445e-07 -1.01806e-06 9.79462e-09 -9.43771e-07 1.85084e-08 7.17881e-07 9.32015e-07 1.85471e-06 1.44348e-07 -5.83599e-08 -5.48487e-07 -5.36084e-08 4.43204e-09 5.72892e-07 9.68214e-07 -1.2731e-07
internal_weight=6873 1612 5261 260 5001 122 70 142 1592 1545 1524 63 138 121 59 4859 44 4815 95 47 52 62 1461 70 44 4720 68 41 46
internal_count=6873 1612 5261 260 5001 122 70 142 1592 1545 1524 63 138 121 59 4859 44 4815 95 47 52 62 1461 70 44 4720 68 41 46
is_linear=0
shrinkage=0.05


Tree=255
num_leaves=31
num_cat=0
split_feature=3 11 14 15 22 0 3 14 19 1 2 24 1 3 1 8 14 1 1 5 3 19 15 8 3 3 24 3 20 24
split_gain=2.73173e-09 7.58945e-09 2.22745e-08 5.99231e-08 4.06819e-08 2.77199e-08 1.18904e-08 2.10473e-08 9.76915e-09 8.88933e-09 1.96937e-08 1.69541e-08 8.38531e-09 1.77097e-08 1.74737e-08 8.14702e-09 1.37763e-08 7.41561e-09 2.97631e-08 2.8504e-08 5.48547e-09 9.40609e-09 8.77949e-09 3.378e-08 1.16204e-08 6.48829e-09 5.87418e-09 4.88816e-09 8.46244e-09 4.82062e-09
threshold=28.250000000000004 52.003125000000004 0.70290292807158616 -0.21862536810265826 960.50000000000011 923.50000000000011 24.050000000000004 0.25206111083856975 0.00063213500000000014 832.40000000000009 118.50000000000001 0.00058882721858827724 777.4000000000002 25.550000000000004 788.00000000000011 157.36363400968574 0.77788564761185042 724.60000000000002 714.60000000000014 10.050000000000002 29.250000000000004 0.00064070000000000023 -0.67801649466304881 138.12366642341055 32.250000000000007 29.650000000000002 0.00052507210156754758 28.950000000000003 0.00056479500000000021 0.00067721665555572094
decision_type=2 2 2 2 2 2 2 2 2 2 2 2 2 2 2 2 2 2 2 2 2 2 2 2 2 2 2 2 2 2
left_child=1 9 6 4 5 -4 -3 8 -8 12 15 -12 17 14 -14 -11 -17 18 -1 -19 21 27 25 -24 26 -22 -25 28 -2 -27
right_child=20 2 3 -5 -6 -7 7 -9 -10 10 11 -13 13 -15 -16 16 -18 19 -20 -21 22 -23 23 24 -26 29 -28 -29 -30 -31
leaf_value=8.0211672881407977e-10 3.4400495226283075e-07 -9.2316054936721541e-07 -3.880387832092917e-06 1.2282774482249202e-06 6.6329762789378455e-08 -1.3678151676883673e-06 8.0872211310634164e-07 1.3577374300410838e-06 -2.941624706121569e-07 8.6173038470841827e-07 2.2737086793324039e-06 4.08258549590567e-07 -1.3199441956620225e-06 -1.4168279616200152e-06 1.7545491884686185e-07 1.1872600835390172e-07 -1.3065475113329568e-06 1.0839536411785543e-06 -1.4415565309554444e-06 -1.7718683710752668e-07 -6.787126017406629e-07 1.1519306165228633e-06 -2.0699407988776446e-06 1.1603757152980538e-06 -7.8219200373575368e-07 3.9535080880395737e-07 4.2166623851850704e-08 7.903478464229515e-07 -7.7199387144096713e-07 -2.304936355440692e-08
leaf_weight=5504 49 27 21 24 22 23 25 32 102 24 21 29 24 32 105 88 21 73 36 116 22 31 23 23 23 158 24 23 26 122
leaf_count=5504 49 27 21 24 22 23 25 32 102 24 21 29 24 32 105 88 21 73 36 116 22 31 23 23 23 158 24 23 26 122
internal_value=-1.14034e-16 -9.05585e-09 -2.65486e-07 -9.11222e-07 -1.68922e-06 -2.567e-06 4.69664e-08 2.11705e-07 -7.70592e-08 2.59817e-09 3.45789e-07 1.19175e-06 -8.06462e-09 -3.6394e-07 -1.02759e-07 2.77588e-08 -1.55868e-07 1.93642e-09 -8.57061e-09 3.0992e-07 1.09724e-07 3.92808e-07 1.72742e-08 -4.0751e-07 1.38717e-07 1.48085e-07 5.89375e-07 1.52678e-07 -4.28746e-08 2.13048e-07
internal_weight=6873 6349 276 90 66 44 186 159 127 6073 183 50 5890 161 129 133 109 5729 5540 189 524 129 395 93 70 302 47 98 75 280
internal_count=6873 6349 276 90 66 44 186 159 127 6073 183 50 5890 161 129 133 109 5729 5540 189 524 129 395 93 70 302 47 98 75 280
is_linear=0
shrinkage=0.05


Tree=256
num_leaves=24
num_cat=0
split_feature=14 23 14 24 27 14 19 15 14 3 0 20 3 11 14 17 17 5 6 8 15 13 14
split_gain=2.7488e-09 8.11562e-09 5.98705e-09 5.41123e-08 1.26121e-08 6.03914e-09 2.1967e-08 1.95733e-08 1.36014e-08 6.93407e-08 4.59516e-08 1.02704e-08 5.20472e-09 1.146e-08 9.16026e-09 4.73378e-09 6.733e-09 4.35929e-09 3.18017e-09 3.05136e-09 9.63286e-10 1.73326e-09 1.20274e-09
threshold=-0.99630266176052629 773.50000000000011 -0.99275805973510278 0.00028524219531598133 2.1666666666666674 -0.98214942551678475 0.00038796000000000007 -0.14250536273956091 -0.95995996396290595 22.850000000000005 685.50000000000011 0.00049075000000000019 27.750000000000004 52.003125000000004 -0.81984053431972015 0.96598130769356716 0.92219777930934976 10.950000000000001 0.00013456500000000004 95.470282820076719 1.0000000180025095e-35 0.1294095225512602 -0.99866806308218525
decision_type=2 2 2 2 2 2 2 2 2 2 2 2 2 2 2 2 2 2 2 2 2 2 2
left_child=1 15 3 4 -2 6 17 -8 9 11 -11 -7 13 -10 -14 16 20 18 -4 -6 22 -22 -1
right_child=2 -3 5 -5 19 8 7 -9 12 10 -12 -13 14 -15 -16 -17 -18 -19 -20 -21 21 -23 -24
leaf_value=-2.0675366731166438e-07 8.8990445008047606e-07 1.0188903981998011e-06 -3.3405403060679548e-08 -2.7120622763732173e-06 3.6609566977929834e-08 -6.5604523019007711e-08 3.573804644388258e-08 2.0550848010003619e-06 6.5069117768089096e-09 -3.2142938488919431e-06 -2.646291546704521e-07 1.0999478460927918e-06 1.1060017165220871e-06 -3.5941422017067007e-07 1.0812612887046006e-07 -6.6549681832839279e-07 9.2646459037837303e-07 -6.8448070254977336e-07 6.5669477635310612e-07 -8.3679826744287323e-07 5.5245057226860882e-07 1.5703543870710558e-08 1.5768634266974702e-07
leaf_weight=61 36 25 101 20 20 189 21 28 5283 31 23 21 24 223 551 20 24 22 20 20 21 53 36
leaf_count=61 36 25 101 20 20 189 21 28 5283 31 23 21 24 223 551 20 24 22 20 20 21 53 36
internal_value=-1.84932e-16 1.66233e-07 -6.01477e-09 -3.98005e-07 2.10958e-07 -2.58146e-10 2.76012e-07 1.18965e-06 -8.61808e-09 -3.59962e-07 -1.95796e-06 5.09507e-08 6.63512e-09 -8.31336e-09 1.49777e-07 6.7087e-08 1.42224e-07 -3.70533e-08 8.06607e-08 -4.00094e-07 3.21549e-08 1.68024e-07 -7.14976e-08
internal_weight=6873 240 6633 96 76 6537 192 49 6345 264 54 210 6081 5506 575 215 195 143 121 40 171 74 97
internal_count=6873 240 6633 96 76 6537 192 49 6345 264 54 210 6081 5506 575 215 195 143 121 40 171 74 97
is_linear=0
shrinkage=0.05


Tree=257
num_leaves=17
num_cat=0
split_feature=18 19 26 26 18 22 19 19 18 23 26 0 21 21 24 6
split_gain=2.76647e-09 3.68975e-09 2.80504e-08 3.39868e-08 1.56944e-08 8.38556e-09 7.18047e-09 3.13586e-08 2.00763e-08 2.24446e-08 2.07211e-08 1.13517e-08 1.81732e-08 1.0177e-08 9.80728e-09 1.98647e-08
threshold=0.00083425500000000011 0.00078830000000000013 0.00048109768438390485 0.00064855887501202066 0.00079657000000000003 932.50000000000011 0.00072637000000000016 0.00071982000000000014 0.00078043500000000011 935.50000000000011 0.00055519896932579315 862.50000000000011 788.50000000000011 932.50000000000011 0.00041707431961194918 0.00074276000000000019
decision_type=2 2 2 2 2 2 2 2 2 2 2 2 2 2 2 2
left_child=1 6 -3 -4 5 -5 7 8 9 -1 -10 14 -13 -14 -8 -16
right_child=-2 2 3 4 -6 -7 11 -9 10 -11 -12 12 13 -15 15 -17
leaf_value=-3.1326599536765142e-10 5.3588047563835064e-07 1.2577465763570219e-06 -2.2199857530722509e-06 -1.5331352773443132e-07 8.4654213229181822e-07 -1.3925942850857523e-06 -3.980244010952967e-07 -1.7399441735331214e-06 6.4359862691439365e-08 1.1081453904985805e-06 -2.0151614608039382e-06 -1.1726292212125405e-06 7.5429772311963464e-07 -2.4955777373143782e-07 1.6024105028252094e-06 2.2665448205736119e-07
leaf_weight=6331 24 25 25 39 28 21 21 26 23 46 25 29 50 51 44 65
leaf_count=6331 24 25 25 39 28 21 21 26 23 46 25 29 50 51 44 65
internal_value=2.98158e-17 -1.87781e-09 -2.57801e-07 -5.93099e-07 -1.30915e-07 -5.87062e-07 3.3848e-09 -6.99828e-09 1.44189e-11 7.68252e-09 -1.01872e-06 2.61005e-07 -6.93754e-08 2.474e-07 5.91385e-07 7.82006e-07
internal_weight=6873 6849 138 113 88 60 6711 6451 6425 6377 48 260 130 101 130 109
internal_count=6873 6849 138 113 88 60 6711 6451 6425 6377 48 260 130 101 130 109
is_linear=0
shrinkage=0.05


Tree=258
num_leaves=23
num_cat=0
split_feature=8 1 26 20 25 24 23 17 27 14 20 14 11 17 17 27 14 14 14 9 14 11
split_gain=2.68729e-09 8.84412e-09 6.48312e-09 1.53695e-08 6.8236e-09 2.25409e-08 1.036e-08 5.20663e-09 1.92245e-08 2.12166e-08 2.709e-08 2.31192e-08 1.42601e-08 1.27464e-08 1.01044e-08 8.98003e-09 7.46521e-09 2.26593e-08 1.16241e-08 1.13051e-08 1.01613e-08 2.86902e-10
threshold=263.47423577758337 818.70000000000016 0.00056542635961973205 0.0005499350000000002 0.00040788276083072132 0.00057886501611942082 628.50000000000011 0.96372183738970463 66.166666666666671 -0.95995996396290595 0.0005183500000000001 -0.91289842852956904 43.556250000000006 0.98738362150907644 0.96060534441303547 1.5000000000000002 -0.99467753128998015 -0.99275805973510278 -0.98214942551678475 13.938003119836084 -0.99763297024448894 21.603125000000002
decision_type=2 2 2 2 2 2 2 2 2 2 2 2 2 2 2 2 2 2 2 2 2 2
left_child=7 2 3 4 6 -6 -2 14 9 10 -9 -11 -13 -10 16 -16 19 -18 -19 21 -21 -1
right_child=1 -3 -4 -5 5 -7 -8 8 13 11 -12 12 -14 -15 15 -17 17 18 -20 20 -22 -23
leaf_value=1.6925795080728563e-08 -2.4242750322517205e-08 -8.1124877040663802e-07 6.5331849290995554e-07 -1.0670533544359589e-06 -1.7663350110089358e-06 2.9955959797872871e-07 9.2737020857949308e-07 3.2544833296859518e-07 2.0186830459517131e-06 1.5797456829399641e-06 -1.8041421228076615e-06 5.0103427750980286e-07 -7.1236868399903196e-08 2.7462223613383689e-07 -4.072128314547285e-09 -1.4679582553482492e-06 -1.3749097955676843e-06 4.7108589174538888e-07 -1.2011342432194151e-08 3.493468780106923e-07 1.5390195397709965e-06 -1.9453998675089679e-07
leaf_weight=81 2078 37 34 36 23 31 29 28 22 28 32 157 355 20 20 22 30 129 3583 50 28 20
leaf_count=81 2078 37 34 36 23 31 29 28 22 28 32 157 355 20 20 22 30 129 3583 50 28 20
internal_value=-1.56628e-16 -4.455e-08 -3.18347e-08 -4.24379e-08 -2.53688e-08 -5.80358e-07 -1.11451e-08 2.19412e-08 1.54034e-07 8.16436e-08 -8.10333e-07 1.80752e-07 1.04245e-07 1.18818e-06 5.42443e-10 -7.7087e-07 8.80546e-09 -6.28377e-09 4.77733e-09 3.24246e-07 7.76409e-07 -2.49486e-08
internal_weight=6873 2268 2231 2197 2161 54 2107 4605 642 600 60 540 512 42 3963 42 3921 3742 3712 179 78 101
internal_count=6873 2268 2231 2197 2161 54 2107 4605 642 600 60 540 512 42 3963 42 3921 3742 3712 179 78 101
is_linear=0
shrinkage=0.05


Tree=259
num_leaves=14
num_cat=0
split_feature=14 14 17 19 2 22 2 5 5 19 23 23 5
split_gain=2.64376e-09 1.6276e-08 1.03071e-08 1.08977e-08 3.04343e-09 1.74892e-08 6.96874e-09 1.95455e-08 2.99371e-08 5.03436e-09 7.55435e-09 5.68743e-09 2.53902e-09
threshold=0.99939377080793557 0.99907018497641664 0.64989008968453021 0.00033561499999999999 321.50000000000006 798.50000000000011 279.50000000000006 16.050000000000004 11.450000000000001 0.00082175000000000011 928.50000000000011 987.00000000000011 7.0500000000000007
decision_type=2 2 2 2 2 2 2 2 2 2 2 2 2
left_child=1 4 12 -4 6 -6 9 8 -8 11 -11 -1 -2
right_child=2 -3 3 -5 5 -7 7 -9 -10 10 -12 -13 -14
leaf_value=2.2632964852032811e-09 -7.0039979921229394e-08 1.3034660649206367e-06 -1.6959009898687151e-06 -6.5087147049780467e-08 -7.2063999311922089e-07 1.2301343207144345e-06 -1.316248363554433e-06 -1.8209981567451907e-06 9.1030405652898286e-07 -1.5568932781206968e-07 1.1869734157262971e-06 -5.6810886052037868e-07 6.3617225308121307e-07
leaf_weight=6538 35 24 20 21 20 27 26 20 36 20 22 44 20
leaf_count=6538 35 24 20 21 20 27 26 20 36 20 22 44 20
internal_value=7.02573e-16 3.69084e-09 -2.6055e-07 -8.60606e-07 -9.28532e-10 4.00018e-07 -3.73862e-09 -4.61847e-07 -2.34115e-08 1.93241e-09 5.4761e-07 -1.54958e-09 1.86764e-07
internal_weight=6873 6777 96 41 6753 47 6706 82 62 6624 42 6582 55
internal_count=6873 6777 96 41 6753 47 6706 82 62 6624 42 6582 55
is_linear=0
shrinkage=0.05


Tree=260
num_leaves=11
num_cat=0
split_feature=18 19 26 26 18 20 20 2 23 23
split_gain=2.57099e-09 3.42658e-09 2.51166e-08 3.02589e-08 1.37663e-08 1.24828e-08 7.19917e-09 6.85774e-09 1.09933e-08 9.87075e-09
threshold=0.00083425500000000011 0.00078830000000000013 0.00048109768438390485 0.00064855887501202066 0.00079657000000000003 0.00080360000000000013 0.00081700000000000013 321.50000000000006 987.00000000000011 935.50000000000011
decision_type=2 2 2 2 2 2 2 2 2 2
left_child=1 6 -3 -4 5 -5 7 8 9 -1
right_child=-2 2 3 4 -6 -7 -8 -9 -10 -11
leaf_value=-6.9485967885548904e-09 5.1660070757482872e-07 1.1856652204187413e-06 -2.1007878312957474e-06 5.2691716945219016e-08 7.8583309388591265e-07 -1.4101532974564179e-06 7.7608003266504967e-07 6.8802492978963728e-07 -1.0504550809855574e-06 5.3535415453191437e-07
leaf_weight=6535 24 25 25 35 28 25 30 36 25 85
leaf_count=6535 24 25 25 35 28 25 30 36 25 85
internal_value=7.93095e-17 -1.81025e-09 -2.48437e-07 -5.65717e-07 -1.29617e-07 -5.56827e-07 3.2612e-09 -2.09019e-10 -3.9376e-09 1.4505e-11
internal_weight=6873 6849 138 113 88 60 6711 6681 6645 6620
internal_count=6873 6849 138 113 88 60 6711 6681 6645 6620
is_linear=0
shrinkage=0.05


Tree=261
num_leaves=9
num_cat=0
split_feature=14 14 14 14 21 14 21 14
split_gain=2.48419e-09 3.61373e-09 7.1854e-09 4.84096e-09 1.33783e-08 2.87112e-09 3.04617e-08 1.04392e-08
threshold=0.99995780822346225 0.99983759474438971 0.99966190462023474 0.99907018497641664 145.50000000000003 0.99053107487289871 702.50000000000011 0.98522604642031408
decision_type=2 2 2 2 2 2 2 2
left_child=1 2 3 5 -5 7 -7 -1
right_child=-2 -3 -4 4 -6 6 -8 -9
leaf_value=-2.0785293582780274e-09 -5.078054173897802e-07 6.1424260608215304e-07 -8.6399891555307333e-07 -2.0245390014598084e-07 1.4906997967045754e-06 4.0482250258097972e-08 -1.5835178149962194e-06 5.2321791539355904e-07
leaf_weight=6393 24 24 24 28 20 231 33 96
leaf_count=6393 24 24 24 28 20 231 33 96
internal_value=-1.61443e-16 1.77943e-09 -3.74285e-10 2.67335e-09 5.03027e-07 -8.83134e-10 -1.62518e-07 5.69285e-09
internal_weight=6873 6849 6825 6801 48 6753 264 6489
internal_count=6873 6849 6825 6801 48 6753 264 6489
is_linear=0
shrinkage=0.05


Tree=262
num_leaves=22
num_cat=0
split_feature=8 1 25 17 1 14 25 6 17 6 5 0 22 22 19 26 7 14 22 21 19
split_gain=2.43899e-09 8.04136e-09 1.78946e-08 5.05965e-09 1.41562e-08 1.34161e-08 1.3764e-08 3.79695e-08 2.49646e-08 2.67485e-08 2.01208e-08 1.90917e-08 1.00847e-08 4.86001e-08 2.23619e-08 4.80571e-09 1.02649e-08 2.59944e-08 8.36714e-09 9.09742e-09 1.9997e-09
threshold=263.47423577758337 816.55000000000007 0.0005180374786556461 0.64580015698812743 315.75000000000006 0.99966190462023474 0.000228217806634243 0.00030732500000000006 0.66224187626364184 0.00028692500000000005 11.250000000000002 648.50000000000011 716.50000000000011 619.50000000000011 0.00051697000000000006 0.00056542635961973205 42.586444662509138 0.28519915169571858 629.50000000000011 794.50000000000011 0.00059077500000000009
decision_type=2 2 2 2 2 2 2 2 2 2 2 2 2 2 2 2 2 2 2 2 2
left_child=3 15 -3 4 12 6 7 11 -8 -10 -9 -5 13 14 -1 16 17 20 19 -18 -2
right_child=1 2 -4 5 -6 -7 8 10 9 -11 -12 -13 -14 -15 -16 -17 18 -19 -20 -21 -22
leaf_value=-2.4799089449342377e-08 4.7077122915306111e-07 -1.7557178786037619e-06 3.3405367702243896e-07 1.7335577367303102e-07 -1.0333170618131199e-06 -1.107411660920358e-06 1.5222948992164608e-06 1.8435814301763177e-06 6.9087045624308406e-07 -6.1243311414947059e-08 4.8349385403861036e-07 -1.2441910059806106e-06 9.9968020741414429e-07 -2.3686373636296184e-06 1.4510481502856446e-06 5.692264775199984e-07 -1.983073912743041e-08 -1.8858884511875938e-06 8.3928570323418436e-07 -1.0197362430715104e-06 -2.1924306755257328e-07
leaf_weight=2001 21 21 20 476 35 24 27 52 127 1709 57 25 24 22 26 33 2075 26 28 23 21
leaf_count=2001 21 21 20 476 35 24 27 52 127 1709 57 25 24 22 26 33 2075 26 28 23 21
internal_value=-8.76651e-16 -4.24419e-08 -7.36317e-07 2.0903e-08 -3.61383e-08 6.9058e-08 8.04754e-08 2.8662e-07 1.29778e-08 -9.21801e-09 1.13234e-06 1.0262e-07 -1.93022e-08 -3.12376e-08 -5.86864e-09 -2.96674e-08 -3.86754e-08 -6.43397e-07 -1.93334e-08 -3.07925e-08 1.25764e-07
internal_weight=6873 2268 41 4605 2108 2497 2473 610 1863 1836 109 501 2073 2049 2027 2227 2194 68 2126 2098 42
internal_count=6873 2268 41 4605 2108 2497 2473 610 1863 1836 109 501 2073 2049 2027 2227 2194 68 2126 2098 42
is_linear=0
shrinkage=0.05


Tree=263
num_leaves=26
num_cat=0
split_feature=15 15 14 7 26 18 1 17 23 15 11 20 8 26 20 1 19 1 2 3 14 22 14 8 22
split_gain=2.50908e-09 1.33497e-08 3.2353e-08 4.52299e-08 1.20321e-08 1.05765e-08 3.21355e-08 1.23038e-08 8.8214e-09 8.66034e-09 1.22644e-08 9.02711e-09 1.63723e-08 1.40807e-08 6.89227e-09 6.72494e-09 7.59591e-09 5.2612e-09 5.51102e-09 8.9325e-09 4.53395e-09 4.30114e-09 4.16826e-09 2.15794e-09 2.14176e-09
threshold=-0.97111920233974802 -0.93543596745397617 0.31799963745711152 78.796326880801601 0.00078476268688999079 0.00057629000000000003 576.45000000000016 0.94919111082252716 394.50000000000006 -0.91595872546125101 39.321875000000013 0.00078274500000000016 130.60618432016886 0.00075189565443834589 0.00081700000000000013 732.55000000000007 0.00056665000000000014 674.95000000000016 139.50000000000003 24.650000000000002 0.070897839638973045 775.50000000000011 0.3744682635859638 249.18193451645695 361.50000000000006
decision_type=2 2 2 2 2 2 2 2 2 2 2 2 2 2 2 2 2 2 2 2 2 2 2 2 2
left_child=14 2 5 -4 9 6 8 -7 -2 10 22 13 -13 -11 15 17 -17 18 24 -20 23 -12 -3 -18 -1
right_child=1 4 3 -5 -6 7 -8 -9 -10 11 21 12 -14 -15 -16 16 20 -19 19 -21 -22 -23 -24 -25 -26
leaf_value=-1.1358721092238769e-08 -1.237305737612256e-07 -2.0277368833655517e-07 -3.1867964397943895e-06 -1.0640994208170714e-07 1.1021848085874808e-06 1.4986485808776707e-06 -1.6358641649579416e-06 -6.4254691230470432e-08 9.8377599016430401e-07 -4.0739541458552362e-09 1.4178213512909209e-06 6.8704601558651621e-07 -8.7938072397264482e-07 1.162210803165373e-06 -7.7861589705786507e-07 1.3610162449410945e-06 8.9900726979149956e-07 -5.6384778870377514e-07 9.639364253708686e-07 1.9187973423178283e-08 -3.5908943644358262e-07 4.6470513609619956e-07 4.9228836875205597e-07 1.9869298197053551e-07 4.4087504156615457e-07
leaf_weight=403 178 59 22 26 25 20 36 34 20 5581 29 22 69 26 22 21 22 32 44 58 20 20 34 22 28
leaf_count=403 178 59 22 26 25 20 36 34 20 5581 29 22 69 26 22 21 22 32 44 58 20 20 34 22 28
internal_value=6.74037e-16 -9.94506e-09 -3.16451e-07 -1.51825e-06 7.61435e-09 -1.1615e-07 -2.61708e-07 5.14598e-07 -1.18612e-08 2.92869e-09 3.88627e-07 -6.68331e-09 -5.00684e-07 1.33418e-09 9.17698e-08 1.21229e-07 5.3587e-07 5.88494e-08 9.62346e-08 4.26727e-07 2.65119e-07 1.02879e-06 5.1335e-08 5.4885e-07 1.80207e-08
internal_weight=6873 6201 336 48 5865 288 234 54 198 5840 142 5698 91 5607 672 650 85 565 533 102 64 49 93 44 431
internal_count=6873 6201 336 48 5865 288 234 54 198 5840 142 5698 91 5607 672 650 85 565 533 102 64 49 93 44 431
is_linear=0
shrinkage=0.05


Tree=264
num_leaves=24
num_cat=0
split_feature=15 15 20 14 14 3 14 14 1 19 14 14 2 25 24 2 16 21 3 18 27 9 13
split_gain=2.45027e-09 4.16036e-08 1.07451e-07 1.61024e-08 2.24947e-08 4.5531e-08 2.75844e-08 5.93474e-08 7.01765e-08 3.57443e-08 1.84887e-08 1.68124e-08 1.40442e-08 1.34311e-08 1.52232e-08 3.40511e-08 2.3731e-08 7.7931e-09 2.27633e-09 2.11246e-09 1.32283e-09 2.2134e-10 1.95172e-10
threshold=-0.68432604233786842 -0.65883892954715351 0.00041048500000000009 0.71503381463111937 0.67802080537253973 18.350000000000005 0.54219432480460406 0.51297097409535064 481.80000000000001 0.00010492000000000002 0.48314048284850658 0.61237135649459018 332.50000000000006 0.00070050730495986092 0.00050923492149978426 250.50000000000003 778.50000000000011 876.50000000000011 24.950000000000003 0.00069797500000000009 56.166666666666679 -15.767630539405166 0.25881904510252057
decision_type=2 2 2 2 2 2 2 2 2 2 2 2 2 2 2 2 2 2 2 2 2 2 2
left_child=3 2 18 4 6 20 7 10 -9 22 -1 -11 13 14 16 -16 -3 19 21 -15 -6 -2 -8
right_child=1 12 -4 -5 5 -7 9 8 -10 11 -12 -13 -14 17 15 -17 -18 -19 -20 -21 -22 -23 -24
leaf_value=1.369154877142839e-08 -3.037637676633105e-08 -9.8023708145782011e-09 -3.5321110814834359e-06 1.3306560772955815e-06 -1.5231728832295253e-07 -2.5133296258690494e-06 1.1124457850836077e-07 -1.2561089578001982e-07 -4.0034731398463917e-06 1.8307070595215336e-06 1.0076564256185824e-06 5.9995303362566953e-07 1.3229654970814409e-06 7.7822434519703175e-07 -1.3446197821515712e-07 -1.4840294424035305e-06 5.5610594282976916e-07 -3.0018811969512173e-08 4.6526140232335438e-07 1.50493925389128e-06 3.8444677957469057e-07 -2.599411557536682e-07 -3.6079698844559974e-08
leaf_weight=1848 21 3706 30 24 24 26 29 28 20 56 48 55 20 20 462 52 195 22 24 20 22 21 100
leaf_count=1848 21 3706 30 24 24 26 29 28 20 56 48 55 20 20 462 52 195 22 24 20 22 21 100
internal_value=-5.34001e-16 -2.10341e-08 -1.05098e-06 4.23726e-08 2.86674e-08 -8.40894e-07 5.73343e-08 -5.10138e-09 -1.74139e-06 5.63063e-07 3.88552e-08 1.22087e-06 9.52696e-10 -4.9531e-09 -1.52158e-08 -2.70994e-07 1.84858e-08 7.25853e-07 7.68122e-08 1.14158e-06 1.04396e-07 -1.45159e-07 -2.96029e-09
internal_weight=6873 4593 96 2280 2256 72 2184 1944 48 240 1896 111 4497 4477 4415 514 3901 62 66 40 46 42 129
internal_count=6873 4593 96 2280 2256 72 2184 1944 48 240 1896 111 4497 4477 4415 514 3901 62 66 40 46 42 129
is_linear=0
shrinkage=0.05


Tree=265
num_leaves=30
num_cat=0
split_feature=3 21 21 14 15 14 3 19 21 4 11 18 23 2 26 16 19 25 25 2 22 6 15 4 5 6 25 17 2
split_gain=2.51943e-09 8.38061e-09 4.48189e-08 3.00592e-08 5.78204e-08 4.18636e-08 5.97824e-08 3.483e-08 2.62411e-08 2.69686e-08 2.04786e-08 1.82942e-08 1.32903e-08 2.75045e-08 2.84733e-08 2.11629e-08 1.63457e-08 1.4341e-08 4.8797e-09 1.56515e-08 1.75315e-08 9.93263e-09 9.74484e-09 1.02006e-08 6.71575e-09 4.94629e-09 4.52799e-09 4.97144e-09 1.61277e-09
threshold=28.250000000000004 773.50000000000011 784.50000000000011 0.73865729060996166 -0.56369940867848845 0.54219432480460406 23.350000000000005 0.00023207000000000002 751.50000000000011 5.5000000000000009 47.162500000000009 0.00079657000000000003 720.50000000000011 194.50000000000003 0.00051968405604488831 766.53000000000009 0.00031518500000000011 0.00065649438484744534 0.0005213296286234781 141.50000000000003 781.50000000000011 0.00052491000000000007 -0.6523320455745395 24.500000000000004 12.65 0.00057824000000000016 0.00040114966991971335 0.98075275684229413 129.50000000000003
decision_type=2 2 2 2 2 2 2 2 2 2 2 2 2 2 2 2 2 2 2 2 2 2 2 2 2 2 2 2 2
left_child=1 8 10 5 -5 6 -4 -6 12 -10 -3 -7 13 17 -15 -14 -17 -1 21 20 -20 26 23 24 -21 -23 27 28 -2
right_child=18 2 3 4 7 11 -8 -9 9 -11 -12 -13 15 14 -16 16 -18 -19 19 22 -22 25 -24 -25 -26 -27 -28 -29 -30
leaf_value=-2.4747594917950269e-09 -1.3253224785280004e-08 -6.7534506115407572e-07 -1.8816524661396646e-06 -2.3720334405020873e-06 -1.9881698346001609e-06 2.0569884726776366e-06 2.6247896302164821e-07 1.6069267673808072e-07 5.9014781846918918e-08 2.0412176833239926e-06 -2.9380118397170921e-06 2.2652767050939952e-07 -1.8175680974185196e-06 1.6905074730383131e-07 1.3773830456778296e-06 9.1694338497573282e-07 -3.3605140302015393e-07 -1.281764565936266e-06 -1.9893072625620788e-06 3.7735936467141809e-07 -3.2067532060864323e-09 1.5283715083569406e-06 9.8828764015675465e-07 -9.8326232823044707e-07 -2.0188545871814188e-07 4.8247925559070824e-07 -4.4727322820866298e-07 8.6910971822362629e-07 4.0002273173911366e-07
leaf_weight=5177 90 20 38 36 22 39 225 132 37 32 20 21 22 151 72 29 254 22 20 116 25 20 29 23 88 26 30 25 32
leaf_count=5177 90 20 38 36 22 39 225 132 37 32 20 21 22 151 72 29 254 22 20 116 25 20 29 23 88 26 30 25 32
internal_value=2.60511e-16 -8.69682e-09 -1.94673e-07 -6.89803e-08 -5.68008e-07 2.24565e-07 -4.73195e-08 -1.46288e-07 9.04726e-09 9.78297e-07 -1.80668e-06 1.41633e-06 -2.63045e-09 1.54348e-08 5.59185e-07 -3.23778e-07 -2.07653e-07 -7.88818e-09 1.05374e-07 -2.59576e-08 -8.85918e-07 2.82643e-07 1.25207e-07 1.4946e-08 1.27489e-07 9.37215e-07 1.12528e-07 2.26773e-07 9.5147e-08
internal_weight=6873 6349 553 513 190 323 263 154 5796 69 40 60 5727 5422 223 305 283 5199 524 301 45 223 256 227 204 46 177 147 122
internal_count=6873 6349 553 513 190 323 263 154 5796 69 40 60 5727 5422 223 305 283 5199 524 301 45 223 256 227 204 46 177 147 122
is_linear=0
shrinkage=0.05


Tree=266
num_leaves=11
num_cat=0
split_feature=6 6 6 7 19 2 5 18 19 7
split_gain=2.51451e-09 8.9373e-09 8.52715e-09 1.40111e-08 1.06844e-08 2.26274e-08 8.23786e-09 6.91361e-09 1.99933e-08 1.11187e-08
threshold=0.00081700000000000013 0.00080648500000000012 0.00079298500000000007 14.606327157728112 0.00078539500000000004 181.50000000000003 8.8500000000000032 0.00078043500000000011 0.00070747500000000005 16.817891890575705
decision_type=2 2 2 2 2 2 2 2 2 2
left_child=1 2 4 -4 7 -6 -2 9 -9 -1
right_child=6 -3 3 -5 5 -7 -8 8 -10 -11
leaf_value=5.3963340622503806e-07 -4.0823547825160252e-07 -9.2812879717467483e-07 -1.6537055028070176e-07 1.4608329993192317e-06 3.7097520788620386e-07 -1.4229705968888266e-06 7.7501230539143621e-07 -1.4631092488842466e-06 8.7938147385463552e-08 3.1814100382789244e-10
leaf_weight=97 24 26 27 26 32 39 38 31 63 6470
leaf_count=97 24 26 27 26 32 39 38 31 63 6470
internal_value=4.60814e-16 -2.88545e-09 6.60064e-10 6.3239e-07 -4.31345e-09 -6.14432e-07 3.16981e-07 2.18984e-09 -4.23577e-07 8.28427e-09
internal_weight=6873 6811 6785 53 6732 71 62 6661 94 6567
internal_count=6873 6811 6785 53 6732 71 62 6661 94 6567
is_linear=0
shrinkage=0.05


Tree=267
num_leaves=17
num_cat=0
split_feature=15 2 15 0 15 15 21 2 15 2 15 14 11 27 4 3
split_gain=2.43297e-09 1.80938e-08 1.47465e-08 2.10138e-08 7.4032e-09 2.41547e-08 3.37432e-08 2.38369e-08 3.40184e-09 2.13634e-08 1.747e-08 2.0035e-09 8.56081e-10 6.19018e-10 2.71527e-10 4.29144e-11
threshold=0.97693379145244141 98.500000000000014 0.96901616890815878 55.000000000000007 0.94975093725139803 0.93842613001991437 50.500000000000007 104.50000000000001 0.61913436964878354 152.50000000000003 0.59175731018202693 0.1849296026015865 17.906250000000004 2.8333333333333335 15.500000000000002 18.750000000000004
decision_type=2 2 2 2 2 2 2 2 2 2 2 2 2 2 2 2
left_child=2 11 4 -4 5 8 -7 14 10 -10 -1 13 -13 -2 -6 -16
right_child=1 -3 3 -5 7 6 -8 -9 9 -11 -12 12 -14 -15 15 -17
leaf_value=-1.0425354572840927e-09 -4.7973894009345489e-07 1.5562303994037004e-06 6.9456432605363721e-09 -2.1150698182736961e-06 1.607774241360208e-07 -1.182453785680033e-09 -2.6901765014741842e-06 1.8831974536872374e-06 2.6242399225162896e-08 1.0088794715557014e-06 -9.5890451472513401e-07 -3.1266328829696971e-08 4.1504776016862168e-07 -1.3280293282846857e-07 -1.521909457902204e-08 -1.0720572785907108e-07
leaf_weight=5745 20 21 28 20 21 28 20 22 708 60 48 21 22 36 32 21
leaf_count=5745 20 21 28 20 21 28 20 22 708 60 48 21 22 36 32 21
internal_value=-3.86342e-16 2.23163e-07 -3.96559e-09 -8.77227e-07 2.28595e-09 -4.04615e-09 -1.1216e-06 4.38212e-07 4.1298e-09 1.03011e-07 -8.97925e-09 -5.96083e-08 1.9708e-07 -2.56709e-07 8.62155e-09 -5.16666e-08
internal_weight=6873 120 6753 48 6705 6609 48 96 6561 768 5793 99 43 56 74 53
internal_count=6873 120 6753 48 6705 6609 48 96 6561 768 5793 99 43 56 74 53
is_linear=0
shrinkage=0.05


Tree=268
num_leaves=15
num_cat=0
split_feature=11 3 3 3 2 9 24 11 11 5 15 8 20 16
split_gain=2.43071e-09 7.70689e-09 4.786e-09 5.60481e-09 8.25666e-09 4.57546e-09 1.2035e-08 4.01113e-09 7.94437e-09 5.65395e-09 3.62493e-09 2.72744e-09 2.66524e-09 2.32172e-09
threshold=63.034375000000004 34.650000000000013 31.550000000000004 30.850000000000005 179.50000000000003 57.643113363774368 0.00064168694323259395 56.846875000000004 56.037500000000009 12.750000000000002 -0.7614016681079937 269.6625029065371 0.00072669500000000008 981.60000000000014
decision_type=2 2 2 2 2 2 2 2 2 2 2 2 2 2
left_child=1 2 3 7 -5 10 -7 8 -1 -9 11 -4 -8 -2
right_child=13 -3 5 4 -6 6 12 9 -10 -11 -12 -13 -14 -15
leaf_value=-1.8147536820410824e-09 7.5096112449760517e-07 -8.3015665463140716e-07 7.0133373377584145e-07 -2.4129359132984976e-08 -1.3191711127547024e-06 1.606926873307657e-06 6.3509172218090274e-07 9.821525220764393e-08 -7.6811253460190907e-07 9.843704219747452e-07 -4.2120633641692015e-07 -1.0451391236052759e-07 -8.8462167896961687e-08 7.461598881621154e-09
leaf_weight=6474 21 28 21 32 20 20 20 72 34 24 30 21 35 21
leaf_count=6474 21 28 21 32 20 20 20 72 34 24 30 21 35 21
internal_value=-2.79809e-16 -2.33156e-09 1.07563e-09 -5.15681e-09 -5.22222e-07 2.83274e-07 5.56589e-07 -1.08543e-09 -5.81815e-09 3.19754e-07 -1.43019e-09 2.9841e-07 1.74648e-07 3.79211e-07
internal_weight=6873 6831 6803 6656 52 147 75 6604 6508 96 72 42 55 42
internal_count=6873 6831 6803 6656 52 147 75 6604 6508 96 72 42 55 42
is_linear=0
shrinkage=0.05


Tree=269
num_leaves=14
num_cat=0
split_feature=6 6 1 21 21 1 5 23 20 13 18 23 0
split_gain=2.39083e-09 1.74071e-08 3.54221e-08 2.10247e-08 2.50072e-08 1.81988e-08 1.68363e-08 1.11623e-08 1.20193e-08 1.50868e-08 9.60834e-09 1.05784e-08 4.67119e-09
threshold=0.00050788000000000016 0.00052046000000000004 638.60000000000002 279.50000000000006 305.50000000000006 160.85000000000002 19.950000000000003 928.50000000000011 0.00077672500000000014 -0.98296291314453399 0.00062883500000000001 785.50000000000011 427.50000000000006
decision_type=2 2 2 2 2 2 2 2 2 2 2 2 2
left_child=7 2 -2 12 -5 -6 -7 8 9 -1 11 -11 -3
right_child=1 3 -4 4 5 6 -8 -9 -10 10 -12 -13 -14
leaf_value=1.1509895791771765e-06 -2.5833676272668528e-06 4.866861475064703e-07 3.240383106566986e-07 -1.3284280829700972e-06 1.3987008788841525e-06 -2.2816303886447386e-09 -7.190334408526476e-07 8.6904424376287264e-07 -1.2143711501266809e-06 1.0395626692584355e-08 1.0272328129600364e-06 -6.7442085854676603e-07 1.4740348524355795e-06
leaf_weight=29 20 23 22 38 22 1188 88 38 20 5280 23 57 25
leaf_count=29 20 23 22 38 22 1188 88 38 20 5280 23 57 25
internal_value=9.0686e-16 -5.76355e-08 -1.06044e-06 -2.72036e-08 -6.41425e-08 -2.71295e-08 -5.17128e-08 1.50887e-08 9.0894e-09 1.363e-08 7.47636e-09 3.08168e-09 1.00093e-06
internal_weight=6873 1426 42 1384 1336 1298 1276 5447 5409 5389 5360 5337 48
internal_count=6873 1426 42 1384 1336 1298 1276 5447 5409 5389 5360 5337 48
is_linear=0
shrinkage=0.05


Tree=270
num_leaves=31
num_cat=0
split_feature=5 26 3 14 26 14 22 0 23 3 15 26 14 6 24 18 23 15 18 18 3 21 17 23 15 6 26 3 11 4
split_gain=2.49811e-09 1.52469e-08 2.31838e-08 3.30397e-08 1.74411e-08 2.98625e-08 3.19238e-08 2.93231e-08 2.57782e-08 2.40166e-08 5.75678e-08 1.48011e-08 2.47228e-08 1.94803e-08 1.45273e-08 1.38279e-08 1.16553e-08 1.97153e-08 1.12742e-08 2.41117e-08 1.76767e-08 1.34367e-08 2.47673e-08 1.11546e-08 1.66312e-08 1.57918e-08 1.1035e-08 1.49174e-08 1.17777e-08 9.70971e-09
threshold=12.450000000000001 0.00068954845129393083 26.450000000000003 0.45273815774107123 0.00045876185211527859 0.61237135649459018 773.50000000000011 823.50000000000011 785.50000000000011 20.350000000000005 0.19969739736768838 0.0006865855857647597 -0.015050995721668367 0.00066767500000000017 0.00063049318500310234 0.00064320000000000013 788.50000000000011 -0.52034141052533245 0.00073888000000000003 0.00071782500000000017 21.850000000000005 923.50000000000011 0.96372183738970463 603.50000000000011 -0.35042475891464198 0.00055855500000000018 0.00073457243935596422 29.750000000000004 58.843750000000007 9.5000000000000018
decision_type=2 2 2 2 2 2 2 2 2 2 2 2 2 2 2 2 2 2 2 2 2 2 2 2 2 2 2 2 2 2
left_child=1 4 3 14 16 9 8 -8 -7 -6 -11 18 15 -14 -3 -13 23 -18 19 21 -20 22 -2 25 -25 -1 27 -4 -28 -22
right_child=11 2 26 -5 5 6 7 -9 -10 10 -12 12 13 -15 -16 -17 17 -19 20 -21 29 -23 -24 24 -26 -27 28 -29 -30 -31
leaf_value=-1.3732955994714052e-08 3.6332922768476432e-08 -7.8961219341657684e-07 1.5450400650252049e-06 2.2203446191529762e-06 1.4428874630993961e-06 -1.0245254035260477e-06 1.0027666534866016e-06 -9.595059059898226e-07 -3.0008332683709425e-06 1.5978184173522457e-08 -2.6344461254914431e-06 -1.1093949990481632e-06 -2.3155705366662006e-07 -2.107460591105337e-06 1.0701945928390378e-06 3.7237506755462691e-07 -7.2115671447564265e-09 1.9711882009687544e-06 1.7587617012395641e-06 -1.230200996439458e-06 -3.156939739005486e-07 -9.2578878407452573e-07 6.4614813745993663e-07 -9.599368741579088e-07 1.9411100340591846e-07 6.9654953009035122e-07 -1.4333872524151626e-06 -2.4285760998411988e-07 4.2975276367064806e-08 1.0517030818846252e-06
leaf_weight=3587 1847 21 20 35 25 66 33 45 22 298 22 20 25 31 21 74 34 20 25 36 37 33 183 74 54 80 22 28 35 20
leaf_count=3587 1847 21 20 35 25 66 33 45 22 298 22 20 25 31 21 74 34 20 25 36 37 33 183 74 54 80 22 28 35 20
internal_value=8.86594e-16 -2.15949e-08 4.26784e-07 1.08577e-06 -4.03116e-08 -3.1477e-07 -8.65804e-07 -1.29314e-07 -1.5186e-06 -4.96352e-08 -1.66238e-07 4.2078e-08 -4.38349e-07 -1.27e-06 1.40291e-07 5.71048e-08 -3.87397e-09 7.25529e-07 7.51198e-08 5.26507e-08 6.50274e-07 7.50368e-08 9.13064e-08 -1.42528e-08 -4.73073e-07 1.76271e-09 -5.64723e-08 5.021e-07 -5.26849e-07 1.64094e-07
internal_weight=6873 4542 182 77 4360 511 166 78 88 345 320 2331 150 56 42 94 3849 54 2181 2099 82 2063 2030 3795 128 3667 105 48 57 57
internal_count=6873 4542 182 77 4360 511 166 78 88 345 320 2331 150 56 42 94 3849 54 2181 2099 82 2063 2030 3795 128 3667 105 48 57 57
is_linear=0
shrinkage=0.05


Tree=271
num_leaves=31
num_cat=0
split_feature=15 15 14 7 15 11 27 23 24 20 3 15 18 23 15 14 15 15 20 15 25 8 23 14 19 12 20 18 27 21
split_gain=2.3327e-09 1.22479e-08 2.8501e-08 4.01265e-08 1.00081e-08 1.4543e-08 9.35352e-09 1.98847e-08 1.014e-08 3.53685e-08 9.82492e-09 8.14008e-09 2.66905e-08 1.07638e-08 8.78852e-09 3.21344e-08 1.08376e-08 6.0852e-09 1.11857e-08 8.7491e-09 1.05211e-08 8.17857e-09 7.08901e-09 6.69589e-09 7.3172e-09 6.21366e-09 8.9283e-09 6.50003e-09 5.05608e-09 4.46395e-09
threshold=-0.97111920233974802 -0.93543596745397617 0.31799963745711152 78.796326880801601 -0.91595872546125101 39.321875000000013 21.500000000000004 408.50000000000006 0.00058882721858827724 0.00053631000000000013 31.950000000000003 -0.8901731938066898 0.00056469000000000018 420.50000000000006 -0.86974577485258975 0.48314048284850658 -0.84313311835787952 -0.99465740988130902 0.00021996000000000003 -0.98801846520836312 0.00040114966991971335 170.49118502915374 911.50000000000011 -0.066607572871769438 5.5955000000000009e-05 -0.37940952255126065 0.0004587350000000001 0.00051697000000000006 26.500000000000004 599.50000000000011
decision_type=2 2 2 2 2 2 2 2 2 2 2 2 2 2 2 2 2 2 2 2 2 2 2 2 2 2 2 2 2 2
left_child=17 2 6 -4 5 -3 8 -8 9 -2 -10 12 13 -6 15 -13 -16 22 -19 29 -21 -22 23 24 -1 26 -25 -27 -7 -20
right_child=1 4 3 -5 11 28 7 -9 10 -11 -12 14 -14 -15 16 -17 -18 18 19 20 21 -23 -24 25 -26 27 -28 -29 -30 -31
leaf_value=-3.570502705940726e-09 -1.5754741582410641e-07 4.6815883539722803e-08 -3.0027616544843613e-06 -1.0135645938957027e-07 -2.1063451870185481e-07 6.9757395354852844e-07 -1.2259841329116079e-07 1.7140555536343526e-06 1.1757637805333486e-06 -2.1928532823949354e-06 -3.7270231857178259e-07 2.1383069485440368e-08 -1.5116895054377797e-06 1.0027562821464513e-06 -4.3008499043632286e-07 2.0669080432374662e-06 9.5455350614551724e-09 6.2581469667931265e-09 1.6562213480142421e-06 1.1893104007630547e-06 4.0433498400062024e-07 -7.0423271237375831e-07 -9.933208522383552e-07 8.1132447986247082e-08 -1.2866801282740427e-06 3.3306722071956308e-08 1.2088904261767872e-06 -9.3860808419776737e-07 1.7172592959013855e-06 7.1982026497607884e-07
leaf_weight=25 146 93 22 26 108 31 56 20 21 25 20 96 38 22 144 24 5289 237 20 23 41 28 20 54 20 123 26 20 20 35
leaf_count=25 146 93 22 26 108 31 56 20 21 25 20 96 38 22 144 24 5289 237 20 23 41 28 20 54 20 123 26 20 20 35
internal_value=4.9385e-16 -9.58914e-09 -3.03175e-07 -1.43117e-06 7.23008e-09 4.18916e-07 -1.15176e-07 3.60732e-07 -2.85784e-07 -4.55107e-07 4.20414e-07 -3.13222e-09 -3.46024e-07 -5.29146e-09 7.24161e-09 4.30488e-07 -2.10674e-09 8.84855e-08 2.18788e-07 5.61439e-07 2.63189e-07 -4.55186e-08 -8.52514e-08 -1.74851e-08 -5.73841e-07 9.47842e-08 4.47654e-07 -1.02625e-07 1.09745e-06 1.06033e-06
internal_weight=6873 6201 336 48 5865 144 288 76 212 171 41 5721 168 130 5553 120 5433 672 384 147 92 69 288 268 45 223 80 143 51 55
internal_count=6873 6201 336 48 5865 144 288 76 212 171 41 5721 168 130 5553 120 5433 672 384 147 92 69 288 268 45 223 80 143 51 55
is_linear=0
shrinkage=0.05


Tree=272
num_leaves=29
num_cat=0
split_feature=14 2 14 18 4 24 22 22 22 14 0 14 2 21 5 14 14 24 26 2 26 14 14 6 5 19 4 9
split_gain=2.28497e-09 7.8246e-09 5.42156e-09 3.24889e-08 4.58636e-08 5.34093e-08 3.60686e-08 2.82584e-08 1.0067e-08 6.0611e-08 1.4278e-08 9.95128e-09 2.5086e-08 9.746e-09 3.92479e-09 3.47698e-09 1.82601e-08 5.79384e-08 1.10395e-08 8.80332e-09 1.56158e-08 1.51273e-08 3.34548e-09 1.70377e-09 8.35669e-10 5.58904e-10 2.72662e-11 4.78291e-11
threshold=-0.99630266176052629 113.50000000000001 -0.94139628442229062 0.00050788000000000016 1.0000000180025095e-35 0.00053664085700321287 646.50000000000011 720.50000000000011 463.50000000000006 -0.97509794945709805 407.50000000000006 -0.91978325482952472 115.50000000000001 759.50000000000011 17.850000000000005 0.21862473630160603 0.3504237462291826 0.00025781395937432111 0.00070050730495986092 139.50000000000003 0.00040637096108133347 0.13398903995667991 -0.99940763397299126 0.00015502500000000001 9.9500000000000011 0.00058432500000000023 1.0000000180025095e-35 -3.7318478318254713
decision_type=2 2 2 2 2 2 2 2 2 2 2 2 2 2 2 2 2 2 2 2 2 2 2 2 2 2 2 2
left_child=1 14 3 7 -5 6 -6 8 10 -10 -2 12 24 -7 23 19 17 -17 -18 20 -13 -21 -3 26 -4 -24 -1 -28
right_child=2 22 11 4 5 13 -8 -9 9 -11 -12 15 -14 -15 -16 16 18 -19 -20 21 -22 -23 25 -25 -26 -27 27 -29
leaf_value=-6.0541461757051847e-08 -4.2042206726902718e-08 1.8643692141852496e-07 -2.1360935322483219e-07 -2.7080624197087338e-06 -1.4684058283383668e-07 1.71884723757668e-06 -2.9176966289968655e-06 1.8595220504380449e-06 1.2425628498298782e-06 -2.1450808120452196e-06 1.2060337856685996e-06 1.8564463023389179e-08 1.877624954431667e-06 1.7661226877407899e-07 -6.8639525579783372e-07 6.8381115521201811e-09 -3.4329304774486773e-09 -1.4018757286516937e-06 5.7039944695173837e-07 1.4292436855930705e-07 -8.4827452371672308e-07 1.1037421323578656e-06 1.0859346980396368e-06 4.7678938780596325e-07 1.7293584312062228e-07 7.1213515099088916e-07 -1.5319183490063728e-08 6.5756183292611911e-08
leaf_weight=21 507 28 29 27 24 21 23 20 23 31 24 1372 25 20 20 286 3298 98 86 594 54 44 20 21 27 20 87 23
leaf_count=21 507 28 29 27 24 21 23 20 23 31 24 1372 25 20 20 286 3298 98 86 594 54 44 20 21 27 20 87 23
internal_value=-1.88547e-16 1.51561e-07 -5.48388e-09 -1.35027e-07 -9.05399e-07 -3.52309e-07 -1.50279e-06 1.14071e-08 -5.17763e-08 -7.02196e-07 1.4368e-08 1.029e-08 5.60682e-07 9.66537e-07 -2.79481e-08 2.64571e-09 -2.59277e-08 -3.52677e-07 1.11503e-08 5.48088e-08 -1.42611e-08 2.09188e-07 6.05612e-07 5.86897e-08 -2.72393e-08 8.99035e-07 -8.33395e-09 1.63294e-09
internal_weight=6873 240 6633 720 115 88 47 605 585 54 531 5913 81 41 172 5832 3768 384 3384 2064 1426 638 68 152 56 40 131 110
internal_count=6873 240 6633 720 115 88 47 605 585 54 531 5913 81 41 172 5832 3768 384 3384 2064 1426 638 68 152 56 40 131 110
is_linear=0
shrinkage=0.05


Tree=273
num_leaves=22
num_cat=0
split_feature=21 21 6 24 14 15 26 21 3 14 2 24 21 2 24 20 3 22 15 22 26
split_gain=2.28807e-09 1.62094e-08 1.44374e-08 1.80666e-08 2.27245e-08 2.40956e-08 1.43096e-08 8.37514e-09 1.28147e-08 1.33304e-08 3.18659e-08 1.61104e-08 6.53764e-09 3.62973e-08 2.8494e-08 9.40992e-09 8.23615e-09 7.58652e-09 3.06678e-08 8.88985e-09 3.07558e-09
threshold=928.50000000000011 939.50000000000011 0.00041556000000000009 0.00065649438484744534 0.54219432480460406 -0.89404254237865755 0.0003617090011224662 886.50000000000011 22.750000000000004 0.3342611484689354 147.50000000000003 0.0006591994033307056 851.50000000000011 182.50000000000003 0.00067178885933521029 0.00059585500000000017 33.95000000000001 902.50000000000011 -0.76696334127844745 854.50000000000011 0.00059386013001965973
decision_type=2 2 2 2 2 2 2 2 2 2 2 2 2 2 2 2 2 2 2 2 2
left_child=7 -2 -3 -4 5 -5 -6 12 -9 11 -11 -10 16 15 -15 -14 17 19 -19 -1 -13
right_child=1 2 3 4 6 -7 -8 8 9 10 -12 20 13 14 -16 -17 -18 18 -20 -21 -22
leaf_value=6.7807620842272191e-09 -1.1626000433212166e-06 1.0711601151851814e-06 -1.3658903223374024e-06 2.6160644406002313e-07 9.8550412985787272e-08 -1.3943256723385797e-06 1.9673021922374446e-06 1.541156022994983e-06 1.7831824027325639e-06 7.4553659340873921e-07 -1.8889458668912665e-06 -1.2887078325643655e-07 -2.8195062382278763e-07 -2.6746793527427539e-06 -2.9954122557589769e-07 9.5285959924338052e-07 -7.619524768642805e-07 -5.334225246246127e-07 1.195338125296922e-06 -5.3381568032411408e-07 4.8203519635118641e-07
leaf_weight=6151 34 28 26 59 20 35 21 20 20 24 22 38 27 23 28 36 35 46 58 77 45
leaf_count=6151 34 28 26 59 20 35 21 20 20 24 22 38 27 23 28 36 35 46 58 77 45
internal_value=-1.40783e-16 -1.5754e-07 2.32649e-08 -1.58978e-07 7.34647e-08 -3.54964e-07 1.05572e-06 5.28291e-09 3.52765e-07 1.9325e-07 -5.14433e-07 5.09302e-07 -3.77812e-09 -3.79075e-07 -1.37068e-06 4.23655e-07 2.94149e-09 7.16943e-09 4.30694e-07 9.70874e-11 2.02343e-07
internal_weight=6873 223 189 161 135 94 41 6650 169 149 46 103 6481 114 51 63 6367 6332 104 6228 83
internal_count=6873 223 189 161 135 94 41 6650 169 149 46 103 6481 114 51 63 6367 6332 104 6228 83
is_linear=0
shrinkage=0.05


Tree=274
num_leaves=23
num_cat=0
split_feature=3 14 0 1 6 15 15 5 23 0 14 27 11 0 26 26 22 17 14 14 2 14
split_gain=2.39573e-09 1.52603e-08 1.01196e-08 1.78624e-08 2.2517e-08 1.45188e-08 2.42436e-08 2.23375e-08 1.36139e-08 8.65944e-09 2.16127e-08 2.07269e-08 1.88525e-08 1.49468e-08 1.76059e-08 1.39987e-08 1.27354e-08 7.33731e-09 7.80421e-09 1.89944e-08 8.47396e-09 6.33242e-09
threshold=27.750000000000004 -0.95995996396290595 851.50000000000011 717.9000000000002 0.00078878500000000007 1.0000000180025095e-35 -0.46800559042974538 11.550000000000002 969.50000000000011 804.50000000000011 0.92922379131507438 13.16666666666667 50.196875000000013 759.50000000000011 0.00064855887501202066 0.00064855887501202066 804.50000000000011 0.99944150187651604 -0.75648915189404875 -0.73354686966117377 156.50000000000003 -0.69751432184420981
decision_type=2 2 2 2 2 2 2 2 2 2 2 2 2 2 2 2 2 2 2 2 2 2
left_child=2 -2 9 4 -4 6 8 -8 -5 12 11 16 13 15 -15 -1 -11 18 20 -20 -3 -21
right_child=1 17 3 5 -6 -7 7 -9 -10 10 -12 -13 -14 14 -16 -17 -18 -19 19 21 -22 -23
leaf_value=2.255277481193218e-09 -1.2280926323374585e-06 1.3485451961360996e-07 -2.1301768990050967e-06 -1.5283170247531969e-07 8.331233857461485e-08 1.1663160167074695e-06 7.9285197784884087e-08 -1.8899902020703191e-06 9.7844395881882953e-07 -7.4338388148217671e-07 -8.0374631303519496e-07 1.7449420285231553e-06 -1.1606647184083028e-06 2.8201534367203904e-07 1.9237499316204778e-06 -6.1624023739461092e-07 7.6113535196024422e-07 8.3526243450648967e-07 -1.1100317727689744e-06 9.8570727175228972e-07 1.3127206469877051e-06 7.5176098417429955e-08
leaf_weight=5619 21 37 27 137 20 20 24 36 33 22 28 35 35 89 20 93 39 36 34 20 26 422
leaf_count=5619 21 37 27 137 20 20 24 36 33 22 28 35 35 89 20 93 39 36 34 20 26 422
internal_value=-6.67071e-17 9.58007e-08 -9.09626e-09 -2.93967e-07 -1.18827e-06 -1.25839e-07 -2.382e-07 -1.10228e-06 6.67689e-08 5.05202e-09 4.18532e-07 7.75029e-07 -3.70335e-09 3.25312e-09 5.83251e-07 -7.81477e-09 2.18522e-07 1.44152e-07 9.79921e-08 2.8776e-08 6.20958e-07 1.16377e-07
internal_weight=6873 596 6277 297 47 250 230 60 170 5980 124 96 5856 5821 109 5712 61 575 539 476 63 442
internal_count=6873 596 6277 297 47 250 230 60 170 5980 124 96 5856 5821 109 5712 61 575 539 476 63 442
is_linear=0
shrinkage=0.05


Tree=275
num_leaves=28
num_cat=0
split_feature=14 23 14 24 27 14 4 15 2 6 1 14 26 15 17 17 27 22 20 21 2 4 2 15 13 21 4
split_gain=2.2166e-09 7.42159e-09 4.76065e-09 2.90927e-08 4.4179e-08 3.54374e-08 4.68058e-08 4.47062e-08 2.30929e-08 1.20937e-08 9.96046e-09 8.88899e-09 2.25286e-08 4.29798e-09 4.07335e-09 5.33502e-09 3.81276e-09 2.13495e-08 2.84016e-08 1.10942e-08 8.41657e-09 2.2406e-08 8.52638e-09 9.84783e-10 1.45685e-09 1.25246e-09 4.49058e-10
threshold=-0.99630266176052629 773.50000000000011 -0.94139628442229062 0.00030620759694116427 1.0000000180025095e-35 -0.96463499255812291 10.500000000000002 0.13185577213185923 145.50000000000003 0.00033550000000000002 378.10000000000008 -0.91978325482952472 0.00031224881460076423 -0.10837475778693638 0.96598130769356716 0.92219777930934976 99.500000000000014 677.50000000000011 0.00068722500000000008 463.50000000000006 275.50000000000006 99.500000000000014 237.50000000000003 1.0000000180025095e-35 0.1294095225512602 414.50000000000006 10.500000000000002
decision_type=2 2 2 2 2 2 2 2 2 2 2 2 2 2 2 2 2 2 2 2 2 2 2 2 2 2 2
left_child=1 14 3 8 -5 7 -7 -6 9 13 -10 12 26 -2 15 23 20 19 -19 -18 22 -22 -13 25 -25 -1 -4
right_child=2 -3 11 4 5 6 -8 -9 10 -11 -12 16 -14 -15 -16 -17 17 18 -20 -21 21 -23 -24 24 -26 -27 -28
leaf_value=1.2948561375794695e-08 -1.5854573463256149e-07 9.6465959734359799e-07 9.5037210368076341e-08 -2.5953864184093446e-06 -7.22757850626652e-07 8.964118042076308e-08 -3.3310978699319098e-06 1.3900012289371132e-06 3.4633755888080489e-07 -1.2192168902575283e-06 1.8720229387208352e-06 -1.0797514711221131e-08 1.7775770593289055e-06 1.4042219051493543e-07 -6.2509785664133238e-07 8.2225524261995507e-07 1.2223866671092766e-07 2.1299027813601524e-06 -3.1930349166486847e-07 -7.9472663850011541e-07 7.6127300019379618e-09 -1.8755765950118076e-06 3.7916400400023821e-07 5.1600489766336803e-07 2.3913670527225082e-08 -4.3114881577821505e-07 -1.9107389720810867e-07
leaf_weight=77 218 25 32 26 62 20 20 42 20 21 23 5273 25 268 20 24 250 29 20 38 56 22 144 21 53 20 24
leaf_count=77 218 25 32 26 62 20 20 42 20 21 23 5273 25 268 20 24 250 29 20 38 56 22 144 21 53 20 24
internal_value=-1.11626e-15 1.49276e-07 -5.40121e-09 -1.26792e-07 -6.98471e-07 -3.55973e-07 -1.62073e-06 1.30472e-07 4.99089e-08 -4.44445e-08 1.1624e-06 9.38e-09 5.29566e-07 6.31724e-09 5.4464e-08 1.24163e-07 2.1552e-09 1.65404e-07 1.13023e-06 1.25019e-09 -7.85661e-09 -5.23543e-07 -4.31176e-10 2.61847e-08 1.63561e-07 -7.86179e-08 -2.75818e-08
internal_weight=6873 240 6633 720 170 144 40 104 550 507 43 5913 81 486 215 195 5832 337 49 288 5495 78 5417 171 74 97 56
internal_count=6873 240 6633 720 170 144 40 104 550 507 43 5913 81 486 215 195 5832 337 49 288 5495 78 5417 171 74 97 56
is_linear=0
shrinkage=0.05


Tree=276
num_leaves=31
num_cat=0
split_feature=5 26 14 2 26 3 14 26 25 14 15 15 20 4 22 20 4 2 24 18 17 5 15 14 17 14 8 26 3 11
split_gain=2.38925e-09 1.31133e-08 2.18016e-08 1.79254e-08 1.28951e-08 1.96679e-08 2.90231e-08 1.53954e-08 3.06659e-08 2.8846e-08 3.92044e-08 3.16858e-08 1.28474e-08 2.59319e-08 1.79847e-08 1.2473e-08 1.70183e-08 1.39572e-08 1.23681e-08 1.15044e-08 9.67221e-09 3.08415e-08 2.03555e-08 3.14009e-08 3.05409e-08 1.58987e-08 2.91866e-08 9.65745e-09 1.2757e-08 1.04206e-08
threshold=12.450000000000001 0.0006865855857647597 -0.015050995721668367 239.50000000000003 0.00068954845129393083 26.450000000000003 0.45273815774107123 0.00045876185211527859 0.00023760422879465359 0.23537774960157334 0.18281312110578132 0.63255009372278048 0.00051564500000000012 41.500000000000007 591.50000000000011 0.00048442500000000008 6.5000000000000009 154.50000000000003 0.00063049318500310234 0.00064320000000000013 0.94469267424238235 17.550000000000004 -0.16799793862756093 0.74443451080969758 0.97896325175995658 -0.1350501201252472 126.35412499881853 0.00073457243935596422 29.750000000000004 58.843750000000007
decision_type=2 2 2 2 2 2 2 2 2 2 2 2 2 2 2 2 2 2 2 2 2 2 2 2 2 2 2 2 2 2
left_child=4 20 19 -4 7 6 18 12 -9 10 -10 -11 15 14 -14 17 -17 -1 -6 -3 -2 25 24 -24 -23 -22 -27 28 -7 -29
right_child=1 2 3 -5 5 27 -8 8 9 11 -12 -13 13 -15 -16 16 -18 -19 -20 -21 21 22 23 -25 -26 26 -28 29 -30 -31
leaf_value=-3.1033836891786859e-08 2.8589533566268753e-08 -1.0097879658133025e-06 -1.9388546465134741e-06 -1.2050584993640651e-07 -7.4597370214524702e-07 1.4331359869856897e-06 2.0615702987925034e-06 1.090167217558406e-06 1.4479787120206371e-07 -1.0784121880259466e-06 -2.1623678912874312e-06 5.6075879484751567e-07 1.3079897062847781e-06 2.1797955668034773e-06 -4.8409102930691012e-07 1.3544496805906194e-07 -1.927219004755898e-06 4.0245233071916617e-07 9.7006728927746223e-07 3.4177352590078857e-07 1.3896216547829948e-07 -2.6757131297472374e-06 -1.0979942181486216e-06 1.5171943677690556e-06 -4.1434349362174074e-09 2.2731776463539671e-06 5.624875193316881e-07 -1.3466222007061582e-06 -2.2023528864727791e-07 4.2075969141868495e-08
leaf_weight=3530 1861 20 33 23 21 20 35 37 232 187 20 35 21 20 42 20 20 196 21 74 96 20 22 24 23 33 102 22 28 35
leaf_count=3530 1861 20 33 23 21 20 35 37 232 187 20 35 21 20 42 20 20 196 21 74 96 20 22 24 23 33 102 22 28 35
internal_value=-1.38632e-16 4.1151e-08 -4.11056e-07 -1.19203e-06 -2.11191e-08 3.91231e-07 9.98194e-07 -3.83319e-08 -2.96193e-07 -4.04411e-07 -3.83105e-08 -8.19984e-07 -4.09779e-09 6.11227e-07 1.13269e-07 -1.76591e-08 -8.95887e-07 -8.23102e-09 1.12047e-07 5.42073e-08 7.22519e-08 3.26176e-07 -4.64638e-07 2.66452e-07 -1.24673e-06 6.30861e-07 9.80656e-07 -5.38752e-08 4.68669e-07 -4.93913e-07
internal_weight=6873 2331 150 56 4542 182 77 4360 511 474 252 222 3849 83 63 3766 40 3726 42 94 2181 320 89 46 43 231 135 105 48 57
internal_count=6873 2331 150 56 4542 182 77 4360 511 474 252 222 3849 83 63 3766 40 3726 42 94 2181 320 89 46 43 231 135 105 48 57
is_linear=0
shrinkage=0.05


Tree=277
num_leaves=24
num_cat=0
split_feature=6 6 4 21 24 27 15 19 24 17 27 19 19 19 3 6 6 24 23 25 23 27 0
split_gain=2.2508e-09 1.54027e-08 2.28565e-08 1.82694e-08 1.83711e-08 3.4287e-08 2.34534e-08 2.25184e-08 1.3595e-08 3.57318e-08 1.78966e-08 1.16377e-08 2.99208e-08 2.41332e-08 1.7641e-08 4.20509e-08 2.72421e-08 1.86936e-08 1.57341e-08 1.39292e-08 8.35095e-09 5.29177e-09 4.0204e-09
threshold=0.00050788000000000016 0.00052046000000000004 21.500000000000004 271.00000000000006 0.0003791911620605254 58.833333333333336 -0.099822328936730861 0.0005485100000000001 0.0004506238748571625 0.6952003095212973 61.166666666666679 0.00054044500000000018 0.00052046000000000004 0.00049871500000000016 22.150000000000002 0.00041556000000000009 0.00032666500000000007 0.00029479913678516668 775.50000000000011 0.00046494800223604004 876.50000000000011 31.500000000000004 427.50000000000006
decision_type=2 2 2 2 2 2 2 2 2 2 2 2 2 2 2 2 2 2 2 2 2 2 2
left_child=11 2 -2 22 5 7 -7 -5 9 -6 -10 12 13 19 15 -13 17 -16 -18 20 -1 -15 -3
right_child=1 3 -4 4 8 6 -8 -9 10 -11 -12 14 -14 21 16 -17 18 -19 -20 -21 -22 -23 -24
leaf_value=1.2725408624524864e-09 1.1290005995140911e-07 4.750295613034507e-07 -2.2225647717277753e-06 9.608983339643127e-08 2.4171479294921031e-06 -6.4514959406012546e-07 1.4588341883836621e-06 -1.7398125389270896e-06 2.4600425714046569e-08 1.4341486211303458e-07 -5.5860749471830852e-07 -1.4884469178908941e-06 -1.72378370871229e-06 6.7252260188989456e-07 7.8220109855919873e-07 1.4522287513329958e-06 8.1180997080930352e-07 2.824913374324535e-06 -7.5916129113855802e-07 -1.2550991160961448e-06 9.1731416932816506e-07 1.7845765181334629e-06 1.4319098965480093e-06
leaf_weight=5171 22 21 20 23 20 27 26 61 902 127 154 31 25 23 24 20 37 21 28 22 25 20 23
leaf_count=5171 22 21 20 23 20 27 26 61 902 127 154 31 25 23 24 20 37 21 28 22 25 20 23
internal_value=2.71122e-16 -5.59222e-08 -9.99226e-07 -2.7296e-08 -6.02143e-08 -6.08816e-07 3.86993e-07 -1.23712e-06 2.26158e-09 4.52766e-07 -6.04507e-08 1.46402e-08 1.88535e-09 1.00856e-08 4.33411e-07 -3.35241e-07 7.89786e-07 1.73547e-06 1.35084e-07 3.64312e-10 5.67998e-09 1.18976e-06 9.75217e-07
internal_weight=6873 1426 42 1384 1340 137 53 84 1203 147 1056 5447 5286 5261 161 51 110 45 65 5218 5196 43 44
internal_count=6873 1426 42 1384 1340 137 53 84 1203 147 1056 5447 5286 5261 161 51 110 45 65 5218 5196 43 44
is_linear=0
shrinkage=0.05


Tree=278
num_leaves=17
num_cat=0
split_feature=15 2 15 1 15 2 15 1 5 22 5 15 7 5 4 8
split_gain=2.22023e-09 1.55832e-08 1.27772e-08 1.80651e-08 6.89661e-09 2.19465e-08 2.07991e-08 2.92169e-08 3.67275e-09 1.45743e-08 3.53474e-09 1.92524e-09 9.02413e-10 6.64861e-10 2.86029e-10 4.06557e-11
threshold=0.97693379145244141 98.500000000000014 0.96901616890815878 89.500000000000014 0.94975093725139803 104.50000000000001 0.93842613001991437 154.50000000000003 23.550000000000004 477.50000000000006 18.750000000000004 0.98369513783825568 109.74863879336955 7.8500000000000005 15.500000000000002 242.84748527535143
decision_type=2 2 2 2 2 2 2 2 2 2 2 2 2 2 2 2
left_child=2 11 4 -4 6 14 8 -8 10 -10 -1 12 -2 -13 -6 -16
right_child=1 -3 3 -5 5 -7 7 -9 9 -11 -12 13 -14 -15 15 -17
leaf_value=7.9627718901651203e-09 4.3683137006058003e-07 1.4503153449498184e-06 3.1408851456201804e-09 -1.9643675739189348e-06 1.6673957814884404e-07 1.8092834579874763e-06 1.4590521299088063e-09 -2.5006910914271431e-06 -1.6490286739377664e-07 1.2818369480922029e-06 -1.6073518391617505e-07 -1.0900099588135554e-07 -2.1401159632329261e-08 -4.6486652164070444e-07 -9.9441877872881906e-08 -1.1465953019224615e-08
leaf_weight=6158 21 21 28 20 21 22 28 20 49 27 327 35 22 21 24 29
leaf_count=6158 21 21 28 20 21 22 28 20 49 27 327 35 22 21 24 29
internal_value=-8.79698e-17 2.13184e-07 -3.78825e-09 -8.16654e-07 2.03093e-09 4.22778e-07 -4.08069e-09 -1.0411e-06 3.50613e-09 3.4907e-07 -5.43663e-10 -4.92384e-08 2.02387e-07 -2.42451e-07 1.05732e-08 -5.13041e-08
internal_weight=6873 120 6753 48 6705 96 6609 48 6561 76 6485 99 43 56 74 53
internal_count=6873 120 6753 48 6705 96 6609 48 6561 76 6485 99 43 56 74 53
is_linear=0
shrinkage=0.05


Tree=279
num_leaves=22
num_cat=0
split_feature=21 21 6 24 14 1 26 21 19 24 22 26 21 24 1 1 3 22 15 22 17
split_gain=2.19262e-09 1.42736e-08 1.26102e-08 1.55413e-08 2.03878e-08 2.14353e-08 1.29499e-08 7.10191e-09 1.28857e-08 1.55854e-08 7.17522e-09 8.63827e-09 5.92901e-09 3.30538e-08 1.40315e-08 1.38663e-08 7.63011e-09 6.69487e-09 2.69351e-08 8.07605e-09 7.14017e-10
threshold=928.50000000000011 939.50000000000011 0.00041556000000000009 0.00065649438484744534 0.54219432480460406 828.95000000000016 0.0003617090011224662 886.50000000000011 0.00047768000000000008 0.0006591994033307056 766.50000000000011 0.00066255616537437242 851.50000000000011 0.00061554845190937434 786.05000000000007 706.85000000000014 33.95000000000001 902.50000000000011 -0.76696334127844745 854.50000000000011 0.95597047074488939
decision_type=2 2 2 2 2 2 2 2 2 2 2 2 2 2 2 2 2 2 2 2 2
left_child=7 -2 -3 -4 5 -5 -6 12 -9 -10 -11 -12 16 -14 15 -15 17 19 -19 -1 -16
right_child=1 2 3 4 6 -7 -8 8 9 10 11 -13 13 14 20 -17 -18 18 -20 -21 -22
leaf_value=7.0229216870130428e-09 -1.097356979287537e-06 9.9478637355535482e-07 -1.2742638930901125e-06 5.9875471000763454e-08 8.0538513316241734e-08 -1.7528324304651376e-06 1.8582851442347636e-06 -6.5458767457877393e-07 1.4010343847616783e-06 1.0572924566076836e-06 -3.9424276000369441e-07 6.4986763158580991e-07 -1.8888643433422625e-06 2.9976898917337936e-07 5.9078052458971799e-07 -1.4276731300404728e-06 -7.3298784968756087e-07 -4.9838601475347906e-07 1.1217552708268189e-06 -5.0823607672519791e-07 1.0132782190908074e-06
leaf_weight=6151 34 28 26 73 20 21 21 28 37 20 52 32 27 26 20 21 35 46 58 77 20
leaf_count=6151 34 28 26 73 20 21 21 28 37 20 52 32 27 26 20 21 35 46 58 77 20
internal_value=-4.3316e-16 -1.54219e-07 1.54463e-08 -1.54874e-07 6.07125e-08 -3.45091e-07 9.91092e-07 5.17155e-09 3.25153e-07 5.19711e-07 2.06163e-07 3.51358e-09 -3.17235e-09 -3.60573e-07 1.13725e-07 -4.72067e-07 3.22684e-09 7.29625e-09 4.05154e-07 6.52507e-10 8.02029e-07
internal_weight=6873 223 189 161 135 94 41 6650 169 141 104 84 6481 114 87 47 6367 6332 104 6228 40
internal_count=6873 223 189 161 135 94 41 6650 169 141 104 84 6481 114 87 47 6367 6332 104 6228 40
is_linear=0
shrinkage=0.05


Tree=280
num_leaves=22
num_cat=0
split_feature=15 15 20 14 14 23 14 14 1 6 14 14 2 25 2 22 25 3 4 7 5
split_gain=2.32947e-09 3.45788e-08 9.00089e-08 1.33345e-08 1.88905e-08 3.8942e-08 2.15105e-08 4.8823e-08 5.98052e-08 2.85499e-08 1.55205e-08 1.37835e-08 1.23719e-08 1.09645e-08 1.48681e-08 9.87017e-09 4.99766e-09 2.25657e-09 9.65056e-10 2.55281e-10 7.87897e-11
threshold=-0.68432604233786842 -0.65883892954715351 0.00041048500000000009 0.71503381463111937 0.67802080537253973 412.50000000000006 0.54219432480460406 0.51297097409535064 481.80000000000001 0.00010323000000000001 0.48314048284850658 0.61237135649459018 332.50000000000006 0.00072006010827437852 310.50000000000006 925.50000000000011 0.00075189565443834589 24.950000000000003 54.500000000000007 105.53359605974309 5.9500000000000011
decision_type=2 2 2 2 2 2 2 2 2 2 2 2 2 2 2 2 2 2 2 2 2
left_child=3 2 17 4 6 18 7 10 -9 20 -1 -11 13 14 15 -3 -15 19 -6 -2 -8
right_child=1 12 -4 -5 5 -7 9 8 -10 11 -12 -13 -14 16 -16 -17 -18 -19 -20 -21 -22
leaf_value=1.6791921008748709e-08 -2.7756837628345465e-07 -3.8897531953691433e-10 -3.2303311895987013e-06 1.2136565790576983e-06 -9.465949020182052e-08 -2.3147139560163713e-06 6.6656262175535583e-08 -8.3239462002536272e-08 -3.6630988006436383e-06 1.6152578859677746e-06 9.2748070590342735e-07 5.155061767173461e-07 1.2403439671970774e-06 1.3273551249291077e-06 -1.3742610292410974e-06 -7.530220616109256e-07 2.902898881547327e-07 4.5948322481651856e-07 3.6732084016222191e-07 -3.0749872950960627e-08 -3.5698377835668231e-08
leaf_weight=1848 20 4366 30 24 26 26 23 28 20 58 48 56 20 21 20 44 26 24 20 22 103
leaf_count=1848 20 4366 30 24 26 26 23 28 20 58 48 56 20 21 20 44 26 24 20 22 103
internal_value=8.65493e-16 -2.0509e-08 -9.59481e-07 4.13148e-08 2.88431e-08 -7.68018e-07 5.51132e-08 -2.16754e-11 -1.57485e-06 5.01706e-07 3.98473e-08 1.07503e-06 -4.64217e-10 -6.00725e-09 -1.40669e-08 -7.89824e-09 7.53659e-07 7.27232e-08 1.06202e-07 -1.48282e-07 -1.70146e-08
internal_weight=6873 4593 96 2280 2256 72 2184 1944 48 240 1896 114 4497 4477 4430 4410 47 66 46 42 126
internal_count=6873 4593 96 2280 2256 72 2184 1944 48 240 1896 114 4497 4477 4430 4410 47 66 46 42 126
is_linear=0
shrinkage=0.05


Tree=281
num_leaves=11
num_cat=0
split_feature=9 23 1 26 23 0 21 9 26 23
split_gain=2.3018e-09 3.5614e-09 1.46635e-08 5.09254e-09 4.37149e-09 1.39471e-08 1.22493e-08 9.53146e-09 7.74291e-09 5.88827e-09
threshold=84.835518252050321 987.00000000000011 750.60000000000014 0.00078476268688999079 935.50000000000011 932.50000000000011 935.50000000000011 72.689990532419998 0.00075506969401958033 916.50000000000011
decision_type=2 2 2 2 2 2 2 2 2 2
left_child=1 3 -3 4 8 7 -7 -6 9 -1
right_child=-2 2 -4 -5 5 6 -8 -9 -10 -11
leaf_value=1.7674398149092862e-09 4.6956326466093183e-07 -1.2338997524668432e-06 3.9918825913381236e-07 7.6095058703499909e-07 1.590112681020956e-06 5.2941844899123678e-07 -8.7690872145884675e-07 2.2276742413396282e-07 -8.359536084055566e-07 -4.9581230503766474e-07
leaf_weight=6569 26 27 28 22 26 30 32 25 28 60
leaf_count=6569 26 27 28 22 26 30 32 25 28 60
internal_value=-2.56865e-16 -1.78307e-09 -4.02509e-07 1.46192e-09 -1.00614e-09 3.07377e-07 -1.96428e-07 9.19845e-07 -6.24082e-09 -2.73622e-09
internal_weight=6873 6847 55 6792 6770 113 62 51 6657 6629
internal_count=6873 6847 55 6792 6770 113 62 51 6657 6629
is_linear=0
shrinkage=0.05


Tree=282
num_leaves=31
num_cat=0
split_feature=5 26 0 6 6 27 21 21 6 19 6 25 25 7 26 21 26 2 23 14 2 14 2 14 0 23 0 14 8 5
split_gain=2.28585e-09 1.18409e-08 1.70262e-08 1.91015e-08 1.35915e-08 2.48495e-08 2.63039e-08 2.87146e-08 2.16624e-08 4.92521e-08 2.07543e-08 1.84552e-08 1.50132e-08 2.47538e-08 2.2872e-08 1.35609e-08 1.15165e-08 1.58112e-08 1.12545e-08 1.1521e-08 4.26738e-08 1.65369e-08 5.5958e-08 2.33498e-08 7.7889e-08 1.19398e-08 8.16881e-09 1.37805e-08 8.09824e-09 7.5042e-09
threshold=12.450000000000001 0.00068954845129393083 899.50000000000011 0.00068722500000000008 0.00064320000000000013 19.500000000000004 595.50000000000011 814.50000000000011 0.00068245500000000011 0.00065152000000000016 0.00060249500000000009 0.00060827545589921055 0.00056351040490734228 28.737007641082297 0.00041085213219771666 923.50000000000011 0.00049119415141495135 179.50000000000003 981.50000000000011 0.9916835347852474 170.50000000000003 0.95998215779580554 109.50000000000001 0.89787622492179153 685.50000000000011 895.50000000000011 923.50000000000011 0.43733377705052551 143.0625881313654 18.450000000000003
decision_type=2 2 2 2 2 2 2 2 2 2 2 2 2 2 2 2 2 2 2 2 2 2 2 2 2 2 2 2 2 2
left_child=1 4 3 -3 10 8 11 -8 9 -6 12 -7 13 -1 -14 -10 -12 -18 19 21 -21 23 29 25 -25 -2 -4 -28 -5 -23
right_child=18 2 26 28 5 6 7 -9 15 -11 16 -13 14 -15 -16 -17 17 -19 -20 20 -22 22 -24 24 -26 -27 27 -29 -30 -31
leaf_value=1.5513077560171952e-06 4.4599578971489292e-08 2.0003665636320673e-06 -9.6354047627755792e-07 -1.1688538141684012e-07 8.0536321377167054e-07 -8.6330388308445783e-07 -2.590450020534263e-06 -3.162033886322283e-07 6.3831262264700764e-07 -2.6229529980396777e-06 1.3299076514832514e-06 1.0018113525369526e-06 7.8331145459742411e-07 -2.7114285125379834e-08 -1.1538091691853937e-06 -4.4060327479939198e-07 -4.9730244886525556e-07 1.1809023299065303e-06 -9.9420302080561059e-07 1.1254087575079688e-06 -1.7256171988070233e-06 1.8076635088212138e-07 2.2282568777068503e-06 3.048115582870992e-07 -2.7817316139032389e-06 6.0756394570186493e-07 -2.4585365702807461e-07 1.2004746177689928e-06 1.1391318584450633e-06 -9.2677522824047286e-07
leaf_weight=25 1936 27 20 33 20 36 35 23 95 22 42 21 20 3858 64 42 32 25 26 21 35 65 38 60 31 99 58 23 21 20
leaf_count=25 1936 27 20 33 20 36 35 23 95 22 42 21 20 3858 64 42 32 25 26 21 35 65 38 60 31 99 58 23 21 20
internal_value=7.24659e-17 -2.06571e-08 3.74478e-07 9.14499e-07 -3.71512e-08 -3.65451e-07 -9.38951e-07 -1.68859e-06 2.9981e-09 -9.90421e-07 -1.34129e-08 -1.76156e-07 -3.12583e-08 -1.69519e-08 -6.9259e-07 3.0755e-07 7.01667e-07 2.38752e-07 4.02507e-08 5.19192e-08 -6.56482e-07 6.95583e-08 6.33236e-07 3.69467e-08 -7.46648e-07 7.1987e-08 -5.8608e-08 1.64832e-07 3.71566e-07 -7.98317e-08
internal_weight=6873 4542 182 81 4360 294 115 58 179 42 4066 57 3967 3883 84 137 99 57 2331 2305 56 2249 123 2126 91 2035 101 81 54 85
internal_count=6873 4542 182 81 4360 294 115 58 179 42 4066 57 3967 3883 84 137 99 57 2331 2305 56 2249 123 2126 91 2035 101 81 54 85
is_linear=0
shrinkage=0.05


Tree=283
num_leaves=20
num_cat=0
split_feature=3 14 3 6 19 5 20 3 17 14 26 23 1 17 17 2 1 2 15
split_gain=2.34233e-09 9.454e-09 5.42723e-09 9.58431e-09 5.09762e-09 4.93565e-09 4.0591e-09 4.17968e-09 3.82527e-09 2.96531e-08 2.92166e-08 4.94054e-08 1.0876e-08 9.29258e-09 5.74895e-09 1.19128e-08 7.17186e-09 2.5854e-09 1.81209e-09
threshold=31.550000000000004 -0.73354686966117377 30.850000000000005 0.00068722500000000008 0.00078539500000000004 11.450000000000001 0.00068722500000000008 34.20000000000001 0.99713837927718252 0.96465729447553372 0.00047319919515740108 735.50000000000011 911.1500000000002 0.99867351743339405 0.99341602515407457 109.50000000000001 860.1500000000002 158.50000000000003 -0.92272482904738262
decision_type=2 2 2 2 2 2 2 2 2 2 2 2 2 2 2 2 2 2 2
left_child=2 -2 8 -4 5 17 18 -8 12 10 13 -12 14 -10 16 -16 -1 -3 -7
right_child=1 4 3 -5 -6 6 7 -9 9 -11 11 -13 -14 -15 15 -17 -18 -19 -20
leaf_value=4.5535552664170018e-09 -6.176332206564439e-07 -2.0998504563715069e-07 2.2568179858240002e-08 -1.3727140171226893e-06 -2.721542982087044e-07 -3.3626578499479366e-09 1.5555973266145885e-06 5.3338408902980914e-07 -8.5140036937311248e-07 1.2688370812459957e-06 -3.3634644637459133e-06 -3.5546211667975133e-07 1.0074308310895166e-06 1.7934541467768818e-07 -4.7122832061826815e-07 1.0058759305418509e-06 -3.8733749492445646e-07 4.0271845836375381e-07 6.4738844833339933e-07
leaf_weight=6163 33 33 32 20 32 20 20 20 27 30 20 43 27 115 21 39 119 36 23
leaf_count=6163 33 33 32 20 32 20 20 20 27 30 20 43 27 115 21 39 119 36 23
internal_value=-2.73553e-16 1.61658e-07 -5.27041e-09 -5.14079e-07 3.01422e-07 4.22175e-07 6.81956e-07 1.04449e-06 -1.26404e-09 -1.99371e-07 -4.1423e-07 -1.31038e-06 6.0456e-09 -1.66415e-08 1.78237e-09 4.88889e-07 -2.87004e-09 1.09686e-07 3.44714e-07
internal_weight=6873 217 6656 52 184 152 83 40 6604 235 205 63 6369 142 6342 60 6282 69 43
internal_count=6873 217 6656 52 184 152 83 40 6604 235 205 63 6369 142 6342 60 6282 69 43
is_linear=0
shrinkage=0.05


Tree=284
num_leaves=31
num_cat=0
split_feature=8 19 24 3 1 23 0 3 2 27 3 15 15 6 27 3 24 15 22 15 0 0 1 19 15 1 15 23 1 20
split_gain=2.19136e-09 7.11342e-09 2.42536e-08 2.33456e-08 1.9595e-08 1.6899e-08 1.81301e-08 1.41348e-08 6.96881e-09 7.53159e-09 6.09493e-09 4.65187e-09 1.68484e-08 3.33495e-08 3.4539e-08 3.36789e-08 2.10713e-08 1.68162e-08 5.27702e-08 1.59767e-08 1.02441e-08 2.14278e-08 9.44898e-09 2.48138e-08 1.31022e-08 2.76395e-08 1.89068e-08 7.02006e-09 5.13907e-09 3.84249e-09
threshold=263.47423577758337 0.00039969000000000002 0.00054166930187642874 25.250000000000004 818.70000000000016 631.50000000000011 606.50000000000011 24.950000000000003 140.50000000000003 16.833333333333339 27.150000000000002 -0.36648370705903521 -0.22700609751797865 0.00035288000000000002 81.833333333333357 27.750000000000004 0.00015259184925122725 -0.39036009226888674 423.50000000000006 -0.21022037796396451 879.50000000000011 830.50000000000011 852.00000000000011 0.00067355000000000008 -0.56369940867848845 341.90000000000003 -0.68432604233786842 89.500000000000014 893.80000000000007 0.00023099000000000001
decision_type=2 2 2 2 2 2 2 2 2 2 2 2 2 2 2 2 2 2 2 2 2 2 2 2 2 2 2 2 2 2
left_child=11 5 3 -3 7 6 8 -4 29 -10 -9 17 13 16 15 -15 27 22 -19 -14 21 -21 24 -24 26 -26 -1 -13 -25 -2
right_child=1 2 4 -5 -6 -7 -8 10 9 -11 -12 12 19 14 -16 -17 -18 18 -20 20 -22 -23 23 28 25 -27 -28 -29 -30 -31
leaf_value=9.501906562189148e-08 -2.1688669164606901e-08 -2.0575686590112155e-06 1.0818258264883321e-06 1.0733463710721482e-07 -1.331687799289615e-06 1.1446915847603035e-06 -1.4591291875118176e-06 -8.536718648688435e-07 -1.4734048105227969e-07 1.0706473509950835e-06 1.7909755365508318e-07 -3.7979311028307049e-08 1.1286705734248061e-06 -2.0528079090384911e-06 8.0401308991895345e-07 2.0192525011256378e-07 1.3925336859301751e-06 -4.6025022089469095e-07 2.8816513414702577e-06 1.2123666262606848e-08 8.2899512922513419e-07 -1.089924829974128e-06 -1.6378778707740852e-06 7.6439819563149848e-07 -7.1086145477953073e-08 8.4268108908659377e-07 -3.6697858221433519e-07 -1.0516406788951827e-06 -3.3149384876196569e-07 -5.5027381474051901e-07
leaf_weight=1275 1945 33 38 20 22 31 22 20 22 30 50 117 32 67 20 22 25 27 21 2225 37 45 29 23 175 157 268 20 20 35
leaf_count=1275 1945 33 38 20 22 31 22 20 22 30 50 117 32 67 20 22 25 27 21 2225 37 45 29 23 175 157 268 20 20 35
internal_value=5.15488e-16 -4.02297e-08 -3.39122e-07 -1.24062e-06 2.8413e-08 -1.39959e-08 -3.14834e-08 3.05471e-07 -1.60266e-08 5.55345e-07 -1.15979e-07 1.98134e-08 -2.41225e-08 -3.97338e-07 -1.07354e-06 -1.49546e-06 5.76355e-08 7.72936e-08 1.00183e-06 1.91188e-08 3.72837e-09 -9.72311e-09 5.45006e-08 -5.076e-07 7.60853e-08 3.61027e-07 1.47758e-08 -1.85959e-07 2.54681e-07 -3.10323e-08
internal_weight=6873 2268 183 53 130 2085 2054 108 2032 52 70 4605 2610 271 109 89 162 1995 48 2339 2307 2270 1947 72 1875 332 1543 137 43 1980
internal_count=6873 2268 183 53 130 2085 2054 108 2032 52 70 4605 2610 271 109 89 162 1995 48 2339 2307 2270 1947 72 1875 332 1543 137 43 1980
is_linear=0
shrinkage=0.05


Tree=285
num_leaves=26
num_cat=0
split_feature=14 2 17 14 6 1 14 17 2 14 3 11 20 15 16 3 11 17 5 4 17 17 4 11 7
split_gain=2.1253e-09 6.87467e-09 4.72968e-09 4.43542e-09 4.38309e-08 8.86961e-09 4.59461e-09 1.79192e-08 2.50236e-08 9.9132e-09 5.35113e-08 4.3079e-08 1.01806e-08 4.06336e-09 9.40162e-09 3.90677e-09 1.00687e-08 6.34705e-09 3.01587e-09 2.68528e-09 2.03881e-09 1.40677e-09 7.09312e-10 1.16532e-10 2.97139e-11
threshold=-0.99630266176052629 113.50000000000001 0.92219777930934976 -0.99275805973510278 0.00030069500000000007 222.05000000000004 -0.98214942551678475 0.78334889666105789 126.50000000000001 -0.95995996396290595 22.350000000000005 41.581250000000004 0.00037185000000000007 0.13185577213185923 324.04000000000002 27.750000000000004 52.003125000000004 0.99944150187651604 17.850000000000005 62.500000000000007 0.84667915456685805 0.95371595633346395 5.5000000000000009 21.603125000000002 102.93724120015294
decision_type=2 2 2 2 2 2 2 2 2 2 2 2 2 2 2 2 2 2 2 2 2 2 2 2 2
left_child=1 18 -3 4 5 22 7 13 -9 10 12 -12 -8 14 -5 16 -11 -17 20 -15 23 -4 -2 24 -1
right_child=3 2 21 6 -6 -7 9 8 -10 15 11 -13 -14 19 -16 17 -18 -19 -20 -21 -22 -23 -24 -25 -26
leaf_value=5.6269145325416045e-08 -2.8134221921050088e-07 -7.4238969318685122e-08 1.1005669553298958e-06 1.0626051759891877e-08 -2.3021085357041475e-06 1.1393239121559874e-06 -3.4104773734638482e-08 5.1870143832647135e-08 2.1259567334324786e-06 6.3365202667890459e-09 -3.1958628555912584e-06 -5.0911046025434542e-07 1.1289046415727388e-06 -4.0069744500215167e-08 -1.2018287944350786e-06 8.6479650706812246e-08 -3.366544466999053e-07 7.7219552218189678e-07 -5.9928031532763275e-07 7.3722597818459697e-07 5.1121987195437039e-07 5.5873138698505344e-07 8.1334624470384507e-08 -1.2739268676567475e-07 -1.110754934153925e-08
leaf_weight=20 26 20 25 67 22 20 181 33 26 5283 25 37 21 25 21 539 223 36 20 20 21 23 28 21 90
leaf_count=20 26 20 25 67 22 20 181 33 26 5283 25 37 21 25 21 539 223 36 20 20 21 23 28 21 90
internal_value=-9.1176e-16 1.4617e-07 5.71768e-07 -5.28881e-09 -3.42682e-07 2.39851e-07 -3.33984e-10 2.4064e-07 9.65874e-07 -7.62587e-09 -3.07574e-07 -1.59248e-06 8.68021e-08 -8.10803e-08 -2.7871e-07 5.39606e-09 -7.55505e-09 1.29411e-07 -2.20903e-08 3.05395e-07 5.38558e-08 8.40937e-07 -9.32876e-08 -1.94622e-08 1.14276e-09
internal_weight=6873 240 68 6633 96 74 6537 192 59 6345 264 62 202 133 88 6081 5506 575 172 45 152 48 54 131 110
internal_count=6873 240 68 6633 96 74 6537 192 59 6345 264 62 202 133 88 6081 5506 575 172 45 152 48 54 131 110
is_linear=0
shrinkage=0.05


Tree=286
num_leaves=9
num_cat=0
split_feature=14 14 14 14 21 17 14 17
split_gain=2.10908e-09 3.43269e-09 6.05038e-09 4.15208e-09 1.17626e-08 2.83048e-09 1.77114e-08 7.74793e-09
threshold=0.99995780822346225 0.99983759474438971 0.99966190462023474 0.99907018497641664 145.50000000000003 0.99713837927718252 -0.94139628442229062 0.99341602515407457
decision_type=2 2 2 2 2 2 2 2
left_child=1 2 3 5 -5 7 -7 -1
right_child=-2 -3 -4 4 -6 6 -8 -9
leaf_value=-2.7821939961828072e-10 -4.6789848651140886e-07 5.9856446507448409e-07 -7.9294427268727929e-07 -1.9578531639094116e-07 1.3918384763655923e-06 -1.4284743740518024e-06 -2.6263295599380207e-08 5.2861080973798374e-07
leaf_weight=6431 24 24 24 28 20 25 227 70
leaf_count=6431 24 24 24 28 20 25 227 70
internal_value=2.73497e-16 1.63959e-09 -4.59484e-10 2.33711e-09 4.65725e-07 -9.56627e-10 -1.65372e-07 5.41663e-09
internal_weight=6873 6849 6825 6801 48 6753 252 6501
internal_count=6873 6849 6825 6801 48 6753 252 6501
is_linear=0
shrinkage=0.05


Tree=287
num_leaves=18
num_cat=0
split_feature=9 0 25 19 24 1 11 22 7 21 26 26 4 6 2 21 25
split_gain=2.18657e-09 3.09116e-09 1.2946e-08 1.89884e-08 2.62707e-08 1.39846e-08 2.24465e-08 1.02049e-08 9.68372e-09 2.14535e-08 1.42212e-08 2.38881e-08 1.75452e-08 2.56252e-08 1.19607e-08 1.15497e-08 8.88679e-09
threshold=84.835518252050321 851.50000000000011 0.00021247959199887707 0.00053311500000000013 0.00059497286394466227 777.4000000000002 54.093750000000007 854.50000000000011 23.867453531484674 690.50000000000011 0.0006865855857647597 0.00067178885933521029 56.500000000000007 0.00070488000000000007 295.50000000000006 591.50000000000011 0.0006591994033307056
decision_type=2 2 2 2 2 2 2 2 2 2 2 2 2 2 2 2 2
left_child=1 8 -3 4 -4 6 -5 -7 9 15 11 14 13 -12 -10 -1 -11
right_child=-2 2 3 5 -6 7 -8 -9 10 16 12 -13 -14 -15 -16 -17 -18
leaf_value=7.9593921896048416e-07 4.5765868627803193e-07 1.0343610437965492e-06 -2.1651371521666414e-06 -1.2597342947199925e-06 -1.3622200094541533e-07 7.7927739394826031e-07 2.703596615802742e-08 7.6774154319171377e-09 -4.7253662301927791e-09 2.0021583364640802e-06 -2.0964976472221736e-06 1.4916058572848839e-06 5.5107198519976925e-07 1.9908379499611329e-07 8.3210175370413505e-07 -6.9540143017179251e-07 6.3674211197359497e-07
leaf_weight=20 26 23 27 53 39 55 94 194 6116 22 31 27 20 20 43 37 26
leaf_count=20 26 23 27 53 39 55 94 194 6116 22 31 27 20 20 43 37 26
internal_value=-1.20277e-16 -1.73786e-09 -1.23414e-07 -1.81052e-07 -9.66233e-07 -5.0189e-08 -4.36902e-07 1.78111e-07 7.53801e-09 4.83731e-07 -4.53079e-10 7.6226e-09 -7.04061e-07 -1.19627e-06 1.11707e-09 -1.72124e-07 1.26256e-06
internal_weight=6873 6847 485 462 66 396 147 249 6362 105 6257 6186 71 51 6159 57 48
internal_count=6873 6847 485 462 66 396 147 249 6362 105 6257 6186 71 51 6159 57 48
is_linear=0
shrinkage=0.05


Tree=288
num_leaves=21
num_cat=0
split_feature=6 24 24 21 4 17 23 23 19 19 19 1 14 14 15 6 19 26 14 27
split_gain=2.2057e-09 1.37827e-08 2.27379e-08 3.45448e-08 3.17889e-08 1.45073e-08 1.25606e-08 1.63215e-08 1.08988e-08 2.51758e-08 2.15951e-08 1.66834e-08 2.43096e-08 2.53408e-08 2.48476e-08 1.50096e-08 1.1966e-08 1.52134e-08 1.13323e-08 4.74199e-09
threshold=0.00050788000000000016 0.00025956027487058933 0.00033859065994544031 279.50000000000006 81.500000000000014 0.52342361186389896 420.50000000000006 454.00000000000006 0.00054044500000000018 0.00052046000000000004 0.00049871500000000016 793.45000000000016 0.95752911693909493 0.75014288946266361 -0.89787881968372518 0.00031518500000000011 0.00048673000000000005 0.00041434550949085005 0.47559651477048942 31.500000000000004
decision_type=2 2 2 2 2 2 2 2 2 2 2 2 2 2 2 2 2 2 2 2
left_child=8 -2 3 -3 -5 -4 -7 -8 9 10 16 12 13 14 -10 -13 17 -1 -18 -12
right_child=1 2 5 4 -6 6 7 -9 11 -11 19 15 -14 -15 -16 -17 18 -19 -20 -21
leaf_value=-8.9129397105114365e-09 9.7060746586663535e-07 4.2686073597638718e-07 1.3110158845108799e-06 -2.4622562745133948e-06 -2.6628506637799935e-08 -9.9427720266726952e-07 1.2993681472696906e-06 -4.5022410741997112e-08 1.3046275831757591e-06 -1.5807808713361738e-06 6.3595703858996071e-07 2.2311704262989455e-06 -1.506962791957278e-06 1.7720811620165479e-06 -7.9362903848896385e-07 4.8508297361138381e-07 -1.6615754821898354e-06 4.6277080670751399e-07 1.4389354419108715e-09 1.6886596705489865e-06
leaf_weight=5000 32 34 20 37 21 34 23 1225 21 25 23 20 20 25 43 32 21 177 20 20
leaf_count=5000 32 34 20 37 21 34 23 1225 21 25 23 20 20 25 43 32 21 177 20 20
internal_value=1.30649e-15 -5.53591e-08 -7.89107e-08 -8.38581e-07 -1.58039e-06 -2.5232e-08 -4.60783e-08 -2.0246e-08 1.44928e-08 2.14947e-09 9.67148e-09 4.19751e-07 6.8201e-08 4.2217e-07 -1.05139e-07 1.15666e-06 4.75552e-10 7.21378e-09 -8.50349e-07 1.12559e-06
internal_weight=6873 1426 1394 92 58 1302 1282 1248 5447 5286 5261 161 109 89 64 52 5218 5177 41 43
internal_count=6873 1426 1394 92 58 1302 1282 1248 5447 5286 5261 161 109 89 64 52 5218 5177 41 43
is_linear=0
shrinkage=0.05


Tree=289
num_leaves=23
num_cat=0
split_feature=14 23 14 6 1 14 19 15 14 3 9 20 5 3 14 17 20 26 4 15 1 20
split_gain=2.05728e-09 6.63287e-09 3.89355e-09 3.91857e-08 8.05193e-09 4.14413e-09 1.68179e-08 1.49749e-08 8.85937e-09 4.79576e-08 3.7819e-08 8.98243e-09 4.22114e-09 3.76291e-09 3.60083e-09 3.60836e-09 3.58651e-09 2.02277e-09 6.40154e-10 3.20432e-10 5.64204e-10 2.07775e-10
threshold=-0.99630266176052629 773.50000000000011 -0.99275805973510278 0.00030069500000000007 222.05000000000004 -0.98214942551678475 0.00035288000000000002 -0.14250536273956091 -0.95995996396290595 22.350000000000005 51.288673805568017 0.00037185000000000007 10.950000000000001 26.250000000000004 -0.95754239937548935 1.0004624396259378 0.00035437000000000006 2.6054711581793606e-05 5.5000000000000009 1.0000000180025095e-35 105.7 7.325000000000001e-06
decision_type=2 2 2 2 2 2 2 2 2 2 2 2 2 2 2 2 2 2 2 2 2 2
left_child=1 13 3 4 18 6 12 -8 9 11 -11 -7 17 16 -10 -16 19 -4 -2 21 -21 -1
right_child=2 -3 5 -5 -6 8 7 -9 14 10 -12 -13 -14 -15 15 -17 -18 -19 -20 20 -22 -23
leaf_value=3.254514097643514e-09 -2.6657928301049722e-07 9.1465170589799526e-07 -3.7945898011968193e-08 -2.1740060591665414e-06 1.0864943006083649e-06 -3.1262620105679495e-08 6.2267924742324496e-08 1.7507038862653457e-06 6.1605709807584696e-07 -2.5569011503831818e-06 -5.4350457590911767e-08 1.0611674292974949e-06 -7.1380717876595987e-07 -5.9897485712667734e-07 -2.773182306201213e-09 2.9018341313907637e-07 6.1437629615430789e-07 5.1382212021167114e-07 7.7963719188492831e-08 2.3340328987105311e-08 3.287508972693587e-07 -1.8208270736508324e-07
leaf_weight=62 26 25 98 22 20 181 24 29 24 36 26 21 21 20 5950 107 31 20 28 62 20 20
leaf_count=62 26 25 98 22 20 181 24 29 24 36 26 21 21 20 5950 107 31 20 28 62 20 20
internal_value=8.85756e-16 1.43811e-07 -5.20348e-09 -3.21316e-07 2.29484e-07 -5.61171e-10 2.28295e-07 9.86129e-07 -7.48637e-09 -2.91044e-07 -1.50744e-06 8.23068e-08 -6.06634e-08 5.41787e-08 4.82397e-09 2.40205e-09 1.21169e-07 5.55741e-08 -8.79274e-08 2.79405e-08 9.78307e-08 -4.19497e-08
internal_weight=6873 240 6633 96 74 6537 192 53 6345 264 62 202 139 215 6081 6057 195 118 54 164 82 82
internal_count=6873 240 6633 96 74 6537 192 53 6345 264 62 202 139 215 6081 6057 195 118 54 164 82 82
is_linear=0
shrinkage=0.05


Tree=290
num_leaves=31
num_cat=0
split_feature=18 18 24 11 21 25 6 27 18 8 24 11 11 17 16 21 15 14 7 18 6 24 19 8 11 5 11 4 2 27
split_gain=2.08596e-09 3.38906e-08 3.43444e-08 3.91639e-08 3.19386e-08 3.12486e-08 3.01331e-08 1.89185e-08 3.59242e-08 3.49456e-08 1.81684e-08 1.59216e-08 3.06065e-08 2.39739e-08 2.4493e-08 1.70984e-08 1.61032e-08 1.51661e-08 1.45042e-08 1.57781e-08 2.35802e-08 2.01787e-08 1.4966e-08 1.36522e-08 1.1018e-08 9.77796e-09 9.73846e-09 9.29216e-09 8.39598e-09 7.17279e-09
threshold=0.00049194500000000003 0.00053712500000000017 0.00040160075427799375 48.065625000000004 432.50000000000006 0.00052357139638622117 0.00045977499999999999 98.500000000000014 0.00072017000000000012 218.20996162009871 0.00044809638155487882 45.065625000000004 43.837500000000006 0.91896877316083603 919.35000000000014 574.50000000000011 -0.85225707553516283 0.9916835347852474 44.976804536519872 0.00041121000000000002 0.0005496600000000001 0.00012609853894701996 0.00055752999999999998 130.60618432016886 56.037500000000009 12.950000000000001 48.800000000000004 14.500000000000002 139.50000000000003 0.83333333333333337
decision_type=2 2 2 2 2 2 2 2 2 2 2 2 2 2 2 2 2 2 2 2 2 2 2 2 2 2 2 2 2 2
left_child=11 2 -2 6 5 -3 27 10 9 -9 -6 12 18 16 15 29 -13 -12 19 21 -21 -1 28 -8 -16 -24 -17 -4 -20 -15
right_child=1 4 3 -5 7 -7 23 8 -10 -11 17 13 -14 14 24 26 -18 -19 22 20 -22 -23 25 -25 -26 -27 -28 -29 -30 -31
leaf_value=1.1425104038277244e-06 -2.066490392388226e-06 2.3357800328889079e-06 -1.2649651527961117e-07 -2.1668067641182159e-06 1.2938831844167e-06 -1.9678899091009804e-07 1.8487239727123368e-06 -2.7917963138585916e-07 9.0196719024030853e-07 -2.680749202811837e-06 4.033838228832393e-08 3.6614095044740225e-07 -1.6219954910286167e-06 4.2135485087287218e-07 -1.4916426012999952e-06 4.2342158954917456e-07 2.2380203088485157e-06 -9.1650215672204881e-07 -1.2021721995744645e-08 2.2722988797596603e-06 3.4933071136384285e-07 -7.6027096515405769e-07 -1.7465559335505533e-06 2.407277491065415e-07 6.9343621476036795e-08 -2.1901659734298434e-07 1.6912018777888578e-06 -1.4632661381378618e-06 3.1552352489529994e-07 -8.8696053603953837e-07
leaf_weight=22 37 29 26 24 28 21 22 33 24 28 1122 20 29 22 26 28 27 43 4777 25 44 38 20 33 20 22 33 26 204 20
leaf_count=22 37 29 26 24 28 21 22 33 24 28 1122 20 29 22 26 28 27 43 4777 25 44 38 20 33 20 22 33 26 204 20
internal_value=-2.91931e-16 -5.22221e-08 -7.21318e-07 -3.41384e-07 3.24226e-08 1.2721e-06 6.80571e-08 -1.60782e-08 -7.36785e-07 -1.38154e-06 3.52714e-08 1.45293e-08 -2.20524e-09 4.56886e-07 1.4631e-07 5.74719e-07 1.44148e-06 5.02152e-09 6.91237e-09 5.30411e-07 1.04606e-06 -6.25845e-08 -6.53204e-09 8.83926e-07 -8.12953e-07 -9.46416e-07 1.10927e-06 -7.94881e-07 1.3931e-09 -2.01652e-07
internal_weight=6873 1496 168 131 1328 50 107 1278 85 61 1193 5377 5181 196 149 103 47 1165 5152 129 69 60 5023 55 46 42 61 52 4981 42
internal_count=6873 1496 168 131 1328 50 107 1278 85 61 1193 5377 5181 196 149 103 47 1165 5152 129 69 60 5023 55 46 42 61 52 4981 42
is_linear=0
shrinkage=0.05


Tree=291
num_leaves=20
num_cat=0
split_feature=6 14 6 25 24 14 0 27 21 14 5 21 5 1 2 21 24 21 18
split_gain=2.11891e-09 2.51748e-08 1.82005e-08 1.03115e-08 4.03363e-08 3.30057e-08 2.39937e-08 2.84992e-08 1.76119e-08 1.66593e-08 9.52383e-09 6.18699e-09 2.25822e-08 3.42158e-08 2.80011e-08 1.11638e-08 1.49273e-08 8.90485e-09 1.0842e-08
threshold=0.00064078500000000016 0.9916835347852474 0.00062883500000000001 0.0005213296286234781 0.00038439240050847003 0.94138322595482449 582.50000000000011 61.833333333333336 427.50000000000006 0.82899317702918729 10.750000000000002 911.50000000000011 9.6500000000000004 852.00000000000011 143.50000000000003 883.50000000000011 0.00061554845190937434 858.50000000000011 0.00070749000000000018
decision_type=2 2 2 2 2 2 2 2 2 2 2 2 2 2 2 2 2 2 2
left_child=2 3 11 5 -5 8 -6 -8 -2 -10 -4 15 13 -13 -14 17 -17 18 -1
right_child=1 -3 10 4 6 -7 7 -9 9 -11 -12 12 14 -15 -16 16 -18 -19 -20
leaf_value=3.4850408552734907e-09 1.2314043390167977e-06 -1.521843046640274e-06 2.3856079315009996e-07 -2.2186793418396438e-06 1.5099451777208136e-06 2.084088045312851e-06 1.996228255213375e-09 -1.2450853280938647e-06 1.3690602744616072e-07 -1.2033145028930627e-06 1.5928938999557569e-06 -8.1742902361488984e-07 -1.9057323708832679e-06 1.773237765519298e-06 8.036796495097016e-08 1.8074309485882626e-06 1.0374810952069109e-07 -8.1616336186388328e-07 1.1696613725575845e-06
leaf_weight=5746 26 29 25 22 24 23 547 50 92 31 27 26 36 25 35 20 36 33 20
leaf_count=5746 26 29 25 22 24 23 547 50 92 31 27 26 36 25 35 20 36 33 20
internal_value=-8.89458e-16 -7.42001e-08 1.03873e-08 -2.26889e-08 -1.14673e-07 3.21181e-07 -4.01347e-08 -1.02449e-07 4.90545e-08 -2.00873e-07 9.41772e-07 2.28421e-09 -3.50129e-07 4.52506e-07 -9.26669e-07 9.6274e-09 7.12206e-07 2.84271e-09 7.53005e-09
internal_weight=6873 844 6029 815 643 172 621 597 149 123 52 5977 122 51 71 5855 56 5799 5766
internal_count=6873 844 6029 815 643 172 621 597 149 123 52 5977 122 51 71 5855 56 5799 5766
is_linear=0
shrinkage=0.05


Tree=292
num_leaves=29
num_cat=0
split_feature=6 19 23 23 20 11 14 14 5 14 26 20 14 6 27 19 19 19 23 14 14 22 24 25 26 23 21 27
split_gain=2.02479e-09 1.25412e-08 6.30938e-08 2.55524e-08 2.07602e-08 2.06477e-08 1.6557e-08 3.46059e-08 2.57096e-08 2.60592e-08 2.22914e-08 4.19956e-08 2.14691e-08 1.76744e-08 1.70496e-08 9.74207e-09 2.26376e-08 1.85596e-08 1.65348e-08 1.95944e-08 2.85189e-08 1.46112e-08 1.26132e-08 1.09971e-08 2.17781e-08 1.3329e-08 8.14018e-09 4.09029e-09
threshold=0.00050788000000000016 0.00042779000000000005 560.50000000000011 805.50000000000011 0.00059789000000000012 53.446875000000006 0.98522604642031408 0.92922379131507438 18.750000000000004 0.85226249403558707 0.00045477677173186981 0.00065124500000000006 0.9916835347852474 0.00067993000000000014 14.16666666666667 0.00054044500000000018 0.00052046000000000004 0.00049871500000000016 635.50000000000011 0.96234642434711437 0.75014288946266361 816.50000000000011 0.00029479913678516668 0.00040788276083072132 0.00041434550949085005 370.50000000000006 836.50000000000011 31.500000000000004
decision_type=2 2 2 2 2 2 2 2 2 2 2 2 2 2 2 2 2 2 2 2 2 2 2 2 2 2 2 2
left_child=15 2 -2 4 -4 -5 7 8 9 -3 -9 -12 -8 -14 -10 16 17 23 22 20 21 -20 -17 24 -1 -25 -22 -19
right_child=1 6 3 5 -6 -7 12 10 14 -11 11 -13 13 -15 -16 18 -18 27 19 -21 26 -23 -24 25 -26 -27 -28 -29
leaf_value=-5.6845987206546738e-09 -3.0307636821124195e-06 4.0278127969803341e-08 -5.4059449420644045e-07 -1.9929558289811175e-06 1.3284423538642352e-06 1.2568245559261571e-07 1.9573699669687509e-06 8.5343710011467483e-08 1.4250687813844894e-07 1.0602949169987736e-06 -3.1606820111088989e-06 -4.8908743448655992e-07 1.0359468307263381e-06 -9.9640092685149287e-07 -1.1587466202230881e-06 3.4117683412659971e-07 -1.498801513662329e-06 5.8912576706837216e-07 3.8905282862849103e-07 -1.331458308868605e-06 2.0366993758422971e-06 -1.2181963326768779e-06 2.0761055509410654e-06 2.3408461793866559e-07 6.0195431605373979e-07 -8.2252802595034521e-07 6.4294814478227385e-07 1.5668183425532334e-06
leaf_weight=4935 21 957 24 23 39 23 24 33 39 67 24 38 23 20 71 20 25 23 31 20 22 26 22 46 152 85 20 20
leaf_count=4935 21 957 24 23 39 23 24 33 39 67 24 38 23 20 71 20 25 23 31 20 22 26 22 46 152 85 20 20
internal_value=3.8242e-16 -5.30402e-08 -5.21218e-07 -3.77276e-08 6.16428e-07 -9.33637e-07 -6.07795e-09 -4.78053e-08 2.89883e-08 1.07018e-07 -9.64477e-07 -1.52325e-06 7.59338e-07 9.06688e-08 -6.97393e-07 1.38857e-08 2.21581e-09 9.34857e-09 3.97035e-07 9.6006e-08 3.84383e-07 -3.44078e-07 1.24995e-06 8.23413e-10 1.24717e-08 -4.51504e-07 1.37301e-06 1.04387e-06
internal_weight=6873 1426 130 109 63 46 1296 1229 1134 1024 95 62 67 43 110 5447 5286 5261 161 119 99 57 42 5218 5087 131 42 43
internal_count=6873 1426 130 109 63 46 1296 1229 1134 1024 95 62 67 43 110 5447 5286 5261 161 119 99 57 42 5218 5087 131 42 43
is_linear=0
shrinkage=0.05


Tree=293
num_leaves=17
num_cat=0
split_feature=15 2 15 0 15 2 15 3 5 15 2 14 13 5 4 3
split_gain=2.06064e-09 1.37603e-08 1.13552e-08 1.61289e-08 6.12057e-09 1.94009e-08 1.81066e-08 2.57689e-08 3.11724e-09 1.53452e-08 2.94258e-09 1.776e-09 8.87338e-10 5.82466e-10 1.72778e-10 3.94412e-11
threshold=0.97693379145244141 98.500000000000014 0.96901616890815878 55.000000000000007 0.94975093725139803 103.50000000000001 0.93842613001991437 13.950000000000001 24.900000000000002 0.53493525241775031 250.50000000000003 0.1849296026015865 0.1294095225512602 7.8500000000000005 15.500000000000002 18.750000000000004
decision_type=2 2 2 2 2 2 2 2 2 2 2 2 2 2 2 2
left_child=2 11 4 -4 6 14 8 -8 10 -10 -1 13 -13 -2 -6 -16
right_child=1 -3 3 -5 5 -7 7 -9 9 -11 -12 12 -14 -15 15 -17
leaf_value=6.7546614439837049e-09 -1.0188231596787643e-07 1.3678996018435491e-06 4.6693208410886203e-09 -1.854412843016462e-06 1.2444783962450858e-07 1.6645239700506943e-06 5.0206592476869183e-08 -2.2851168301669877e-06 -5.2737390869121259e-07 1.2102398041288664e-06 -1.6988217199742415e-07 4.3293732119309427e-07 -2.1451550297707009e-08 -4.3496766092435537e-07 -1.3084530892364804e-08 -1.0127022419325643e-07
leaf_weight=6265 35 21 28 20 20 23 27 21 24 27 245 21 22 21 32 21
leaf_count=6265 35 21 28 20 20 23 27 21 24 27 245 21 22 21 32 21
internal_value=-1.24743e-16 2.05379e-07 -3.64955e-09 -7.69948e-07 1.83625e-09 3.98204e-07 -3.92125e-09 -9.71497e-07 3.15749e-09 3.92539e-07 1.07039e-10 -4.12167e-08 2.00459e-07 -2.26789e-07 -7.72916e-10 -4.8026e-08
internal_weight=6873 120 6753 48 6705 96 6609 48 6561 51 6510 99 43 56 73 53
internal_count=6873 120 6753 48 6705 96 6609 48 6561 51 6510 99 43 56 73 53
is_linear=0
shrinkage=0.05


Tree=294
num_leaves=19
num_cat=0
split_feature=9 0 3 22 23 20 4 3 7 21 23 26 5 26 26 23 26 5
split_gain=1.98399e-09 2.66234e-09 1.11633e-08 2.96027e-08 2.36326e-08 1.19923e-08 1.50216e-08 1.50049e-08 8.83046e-09 1.90451e-08 1.4243e-08 1.30489e-08 3.91704e-08 3.10881e-08 2.08227e-08 9.75796e-09 9.05819e-09 7.95039e-09
threshold=84.835518252050321 851.50000000000011 24.050000000000004 802.50000000000011 909.50000000000011 0.00038186500000000006 83.500000000000014 24.750000000000004 23.867453531484674 690.50000000000011 889.50000000000011 0.0006865855857647597 14.550000000000002 0.00070050730495986092 0.00067178885933521029 880.50000000000011 0.00064855887501202066 10.550000000000002
decision_type=2 2 2 2 2 2 2 2 2 2 2 2 2 2 2 2 2 2
left_child=1 8 3 -3 -5 -4 7 -7 9 10 -1 14 13 -13 16 -11 -10 -6
right_child=-2 2 5 4 17 6 -8 -9 11 15 -12 12 -14 -15 -16 -17 -18 -19
leaf_value=4.2483325743789368e-07 4.3594298441226221e-07 7.8854772758469558e-07 -8.6207360021875158e-07 -2.1674084485590768e-06 -1.0330542090741801e-06 1.4722101804225186e-06 -1.2002396025374247e-06 9.087455728293462e-08 6.3013481284868494e-09 4.5224261434075583e-07 -1.2312897720789807e-06 -1.4042731902463856e-06 -2.4273568778260765e-06 1.1581511367647432e-06 1.3925577065863225e-06 1.8792830262555071e-06 -6.9049401850919672e-07 3.7676776344142126e-07
leaf_weight=37 26 28 36 31 20 21 21 308 6112 23 20 20 22 29 27 25 47 20
leaf_count=37 26 28 36 31 20 21 21 308 6112 23 20 20 22 29 27 25 47 20
internal_value=-4.35313e-16 -1.6554e-09 -1.14577e-07 -5.88243e-07 -1.1312e-06 6.90698e-09 9.62878e-08 1.79045e-07 6.95307e-09 4.61683e-07 -1.56263e-07 -6.77841e-10 -6.74661e-07 1.12264e-07 7.05782e-09 1.19549e-06 9.84027e-10 -3.28143e-07
internal_weight=6873 6847 485 99 71 386 350 329 6362 105 57 6257 71 49 6186 48 6159 40
internal_count=6873 6847 485 99 71 386 350 329 6362 105 57 6257 71 49 6186 48 6159 40
is_linear=0
shrinkage=0.05


Tree=295
num_leaves=18
num_cat=0
split_feature=17 1 4 19 24 25 9 17 20 3 14 15 12 14 14 26 6
split_gain=1.97435e-09 1.66644e-08 2.39759e-08 1.0404e-08 2.14232e-08 1.80311e-08 9.08423e-09 8.90127e-09 1.6853e-08 8.05495e-09 1.28414e-08 4.35854e-08 3.45401e-08 2.09279e-08 4.24005e-08 2.17115e-08 2.59594e-09
threshold=0.58498003824604972 222.05000000000004 77.500000000000014 0.00051697000000000006 0.00024181023264689371 0.00049270571643550258 22.268972029622383 0.61488449241734289 0.00020549000000000004 13.15 0.9916835347852474 0.097680735332368748 1.0000000180025095e-35 0.98522604642031408 0.98213580174693105 0.00037784024743725705 8.3015000000000017e-05
decision_type=2 2 2 2 2 2 2 2 2 2 2 2 2 2 2 2 2
left_child=1 3 -3 4 6 -5 16 8 -2 -9 13 12 -12 14 -11 -15 -1
right_child=7 2 -4 5 -6 -7 -8 9 -10 10 11 -13 -14 15 -16 -17 -18
leaf_value=-1.6943749018766351e-08 -1.0315059916316776e-07 -2.2673654630978034e-06 1.5157393521901345e-07 1.8488688243678554e-06 -1.6554265761214994e-06 -2.7428409595131601e-07 9.1682916405488876e-07 7.6002783960681261e-07 1.5594533238072472e-06 3.0981925114013723e-08 -7.7614281968863003e-07 -2.5001209100074884e-06 9.0073465759570138e-07 1.0868004096664665e-09 -2.1238718213950387e-06 2.3308647450903665e-06 -4.5605672349157593e-07
leaf_weight=3342 35 20 21 20 20 20 26 36 27 3060 75 22 52 20 23 20 34
leaf_count=3342 35 20 21 20 20 20 26 36 27 3060 75 22 52 20 23 20 34
internal_value=-2.28076e-16 -2.62847e-08 -1.0284e-06 -1.44169e-08 -2.37881e-08 7.87292e-07 -1.41959e-08 2.73221e-08 6.20887e-07 1.61972e-08 8.01329e-09 -4.45471e-07 -8.95473e-08 2.96493e-08 1.49061e-08 1.16598e-06 -2.13661e-08
internal_weight=6873 3503 41 3462 3422 40 3402 3370 62 3308 3272 149 127 3123 3083 40 3376
internal_count=6873 3503 41 3462 3422 40 3402 3370 62 3308 3272 149 127 3123 3083 40 3376
is_linear=0
shrinkage=0.05


Tree=296
num_leaves=20
num_cat=0
split_feature=6 6 15 21 21 17 17 15 19 19 19 26 3 22 25 26 26 2 6
split_gain=1.93976e-09 1.16521e-08 1.90079e-08 1.40565e-08 1.80409e-08 9.79442e-09 3.07454e-08 2.05636e-08 9.05705e-09 2.07677e-08 1.65397e-08 1.47338e-08 1.3273e-08 1.11718e-08 1.05384e-08 1.2222e-08 9.30212e-09 3.72488e-09 3.71703e-09
threshold=0.00050788000000000016 0.00052046000000000004 0.2499757677084001 279.50000000000006 305.50000000000006 0.9752786032485391 0.98294275291265609 0.42957308670649791 0.00054044500000000018 0.00052046000000000004 0.00049871500000000016 0.00054251396024208192 23.250000000000004 778.50000000000011 0.00046494800223604004 0.00043387589184935572 0.00066501223656836189 174.50000000000003 0.00048673000000000005
decision_type=2 2 2 2 2 2 2 2 2 2 2 2 2 2 2 2 2 2 2
left_child=8 2 -2 17 -5 7 -7 -6 9 10 14 13 -13 -10 15 -1 -14 -3 -12
right_child=1 3 -4 4 5 6 -8 -9 11 -11 18 12 16 -15 -16 -17 -18 -19 -20
leaf_value=-7.2923408766660558e-09 -1.8865548079040971e-06 3.3482070669130985e-07 2.432308156130603e-07 -1.1310641907046278e-06 1.3632427714797615e-07 -1.2489992417041852e-06 -9.3867926477791648e-09 -5.3326505920811984e-07 1.5018117704662951e-06 -1.4353505957842571e-06 1.4399563021153225e-06 -8.6495300379851878e-07 -2.5629134454532138e-07 2.6367852285602566e-07 -1.0908917003989286e-06 4.56746044397921e-07 1.033365020440403e-06 1.2188133312590185e-06 5.0996047856902549e-07
leaf_weight=5050 22 22 20 38 873 64 229 132 38 25 22 32 27 35 22 146 29 26 21
leaf_count=5050 22 22 20 38 873 64 229 132 38 25 22 32 27 35 22 146 29 26 21
internal_value=-1.75316e-16 -5.19146e-08 -8.72371e-07 -2.70164e-08 -5.722e-08 -2.57823e-08 -2.80155e-07 4.83782e-08 1.3591e-08 2.3389e-09 9.17073e-09 3.83024e-07 -5.26225e-08 9.08186e-07 1.12284e-09 5.74646e-09 4.11566e-07 8.1365e-07 9.85772e-07
internal_weight=6873 1426 42 1384 1336 1298 293 1005 5447 5286 5261 161 88 73 5218 5196 56 48 43
internal_count=6873 1426 42 1384 1336 1298 293 1005 5447 5286 5261 161 88 73 5218 5196 56 48 43
is_linear=0
shrinkage=0.05


Tree=297
num_leaves=13
num_cat=0
split_feature=16 18 19 2 6 27 19 24 7 24 20 2
split_gain=1.91789e-09 4.23046e-09 4.14186e-09 1.11581e-08 2.76454e-08 1.72647e-08 7.75453e-09 1.20185e-08 1.22712e-08 8.32862e-09 6.55404e-09 7.43339e-09
threshold=1036.5000000000002 0.00082834000000000011 0.00079291500000000005 199.50000000000003 0.00079657000000000003 2.8333333333333335 0.00076656500000000008 0.00062660670358882277 21.162751577311308 0.00070347241682268923 0.00081700000000000013 316.00000000000006
decision_type=2 2 2 2 2 2 2 2 2 2 2 2
left_child=1 2 6 5 -5 -4 10 8 -8 -9 11 -1
right_child=-2 -3 3 4 -6 -7 7 9 -10 -11 -12 -13
leaf_value=-8.7814568295958236e-09 -3.9239127032935302e-07 6.3835375538719047e-07 -4.7995951458454871e-07 -2.2405048168496122e-06 8.0156000721713516e-08 1.2472677378414316e-06 1.9883283187027702e-06 -6.5413928790871147e-07 2.3681549976117822e-07 5.6616939155932858e-07 8.4055706407604667e-07 7.3244144787435407e-07
leaf_weight=6547 31 26 39 21 33 23 20 27 20 29 23 34
leaf_count=6547 31 26 39 21 33 23 20 27 20 29 23 34
internal_value=5.55866e-16 1.77786e-09 -6.50391e-10 -2.96868e-07 -8.22323e-07 1.60786e-07 4.47816e-09 4.50625e-07 1.11257e-06 -2.21937e-08 -2.00733e-09 -4.95201e-09
internal_weight=6873 6842 6816 116 54 62 6700 96 40 56 6604 6581
internal_count=6873 6842 6816 116 54 62 6700 96 40 56 6604 6581
is_linear=0
shrinkage=0.05


Tree=298
num_leaves=17
num_cat=0
split_feature=15 2 15 1 15 2 15 21 5 27 2 14 7 27 4 3
split_gain=1.89317e-09 1.22245e-08 1.01906e-08 1.45295e-08 5.52123e-09 1.74197e-08 1.60348e-08 2.30874e-08 2.87128e-09 1.50643e-08 3.02947e-09 1.6022e-09 8.18732e-10 5.13396e-10 2.32399e-10 3.64943e-11
threshold=0.97693379145244141 98.500000000000014 0.96901616890815878 89.500000000000014 0.94975093725139803 104.50000000000001 0.93842613001991437 50.500000000000007 24.900000000000002 67.833333333333357 250.50000000000003 0.1849296026015865 109.74863879336955 2.8333333333333335 15.500000000000002 18.750000000000004
decision_type=2 2 2 2 2 2 2 2 2 2 2 2 2 2 2 2
left_child=2 11 4 -4 6 14 8 -8 10 -10 -1 13 -13 -2 -6 -16
right_child=1 -3 3 -5 5 -7 7 -9 9 -11 -12 12 -14 -15 15 -17
leaf_value=6.7092754037707458e-09 -4.1494275954789827e-07 1.2925831074859334e-06 5.7716642259159863e-09 -1.7587279413433522e-06 1.5168675431487784e-07 1.6134222877636522e-06 1.2465459712071186e-08 -2.2117877568916811e-06 -4.9975198453466875e-07 1.219238272653911e-06 -1.7251627617283983e-07 4.1728603800298259e-07 -1.91837436279808e-08 -9.8988723943686343e-08 -1.1244262061727019e-08 -9.6071624966498356e-08
leaf_weight=6265 20 21 28 20 21 22 28 20 25 26 245 21 22 36 32 21
leaf_count=6265 20 21 28 20 21 22 28 20 25 26 245 21 22 36 32 21
internal_value=-6.07138e-16 1.96856e-07 -3.49811e-09 -7.29437e-07 1.69876e-09 3.7816e-07 -3.76959e-09 -9.14307e-07 2.89186e-09 3.76596e-07 -3.57722e-11 -3.55706e-08 1.93976e-07 -2.11829e-07 1.09203e-08 -4.48551e-08
internal_weight=6873 120 6753 48 6705 96 6609 48 6561 51 6510 99 43 56 74 53
internal_count=6873 120 6753 48 6705 96 6609 48 6561 51 6510 99 43 56 74 53
is_linear=0
shrinkage=0.05


Tree=299
num_leaves=18
num_cat=0
split_feature=3 14 3 2 19 5 3 3 17 14 17 23 11 22 13 3 15
split_gain=1.89166e-09 7.66536e-09 5.06189e-09 6.54042e-09 4.62102e-09 4.3792e-09 3.31606e-09 6.61182e-09 3.63711e-09 1.99693e-08 7.84193e-09 2.83253e-09 4.7694e-09 2.59688e-09 2.47914e-09 2.49675e-09 2.16719e-09
threshold=31.550000000000004 -0.73354686966117377 30.850000000000005 179.50000000000003 0.00078539500000000004 11.450000000000001 29.850000000000005 29.550000000000004 0.99713837927718252 0.96465729447553372 0.99341602515407457 404.50000000000006 53.446875000000006 894.50000000000011 -0.78656609248549325 33.050000000000004 -0.90892157495189674
decision_type=2 2 2 2 2 2 2 2 2 2 2 2 2 2 2 2 2
left_child=2 -2 6 -4 5 13 7 8 10 -10 -1 -8 -13 16 15 -7 -3
right_child=1 4 3 -5 -6 14 11 -9 9 -11 -12 12 -14 -15 -16 -17 -18
leaf_value=4.275336206893027e-10 -5.564346401232604e-07 -2.5442352986309354e-10 -5.2807083683603652e-08 -1.205422680277124e-06 -2.7497905144002747e-07 1.2627126724592844e-06 -1.1585684247124433e-07 -7.4503274409683709e-07 -3.7843648462918343e-07 1.0268784472859337e-06 5.6108855151900831e-07 1.1267049477022998e-06 9.4911501591354874e-08 -3.8837635770505589e-07 3.3342571501443197e-07 5.1765677144628528e-07 6.7168214497671992e-07
leaf_weight=6218 33 28 32 20 32 22 22 30 197 29 63 21 24 20 38 23 21
leaf_count=6218 33 28 32 20 32 22 22 30 197 29 63 21 24 20 38 23 21
internal_value=9.75988e-18 1.45276e-07 -4.73632e-09 -4.96121e-07 2.71127e-07 3.86096e-07 -8.67154e-10 -4.45411e-09 -1.03973e-09 -1.98108e-07 6.0511e-09 3.49102e-07 5.76415e-07 9.17489e-08 6.30795e-07 8.81906e-07 2.87718e-07
internal_weight=6873 217 6656 52 184 152 6604 6537 6507 226 6281 67 45 69 83 45 49
internal_count=6873 217 6656 52 184 152 6604 6537 6507 226 6281 67 45 69 83 45 49
is_linear=0
shrinkage=0.05


end of trees

feature_importances:
dia_anio_sin=777
dia_anio_cos=538
generacion_teorica_mw=405
generacion_horaria_estimada_mw_lag_24h=332
indice_cielo_despejado=295
generacion_teorica_mw_lag_24h=273
generacion_horaria_estimada_mw_lag_168h=270
dhi=265
temp_ambiente=260
ghi_lag_24h=248
ghi_lag_168h=246
generacion_teorica_mw_lag_168h=238
viento_velocidad=234
dni=228
ghi_lag_1h=207
ghi=203
angulo_cenital_solar=203
generacion_teorica_mw_lag_1h=202
temp_panel=186
generacion_horaria_estimada_mw_lag_1h=180
nubosidad_media_movil=167
nubosidad=136
elevacion_solar=133
azimut_solar=116
ghi_cielo_despejado=97
hora_cos=74
hora_sin=17

parameters:
[boosting: gbdt]
[objective: regression]
[metric: l2]
[tree_learner: serial]
[device_type: cpu]
[data_sample_strategy: bagging]
[data: ]
[valid: ]
[num_iterations: 300]
[learning_rate: 0.05]
[num_leaves: 31]
[num_threads: 12]
[seed: 42]
[deterministic: 0]
[force_col_wise: 0]
[force_row_wise: 0]
[histogram_pool_size: -1]
[max_depth: 6]
[min_data_in_leaf: 20]
[min_sum_hessian_in_leaf: 0.001]
[bagging_fraction: 0.8]
[pos_bagging_fraction: 1]
[neg_bagging_fraction: 1]
[bagging_freq: 0]
[bagging_seed: 400]
[bagging_by_query: 0]
[feature_fraction: 0.8]
[feature_fraction_bynode: 1]
[feature_fraction_seed: 30056]
[extra_trees: 0]
[extra_seed: 12879]
[early_stopping_round: 0]
[early_stopping_min_delta: 0]
[first_metric_only: 0]
[max_delta_step: 0]
[lambda_l1: 0]
[lambda_l2: 0]
[linear_lambda: 0]
[min_gain_to_split: 0]
[drop_rate: 0.1]
[max_drop: 50]
[skip_drop: 0.5]
[xgboost_dart_mode: 0]
[uniform_drop: 0]
[drop_seed: 17869]
[top_rate: 0.2]
[other_rate: 0.1]
[min_data_per_group: 100]
[max_cat_threshold: 32]
[cat_l2: 10]
[cat_smooth: 10]
[max_cat_to_onehot: 4]
[top_k: 20]
[monotone_constraints: ]
[monotone_constraints_method: basic]
[monotone_penalty: 0]
[feature_contri: ]
[forcedsplits_filename: ]
[refit_decay_rate: 0.9]
[cegb_tradeoff: 1]
[cegb_penalty_split: 0]
[cegb_penalty_feature_lazy: ]
[cegb_penalty_feature_coupled: ]
[path_smooth: 0]
[interaction_constraints: ]
[verbosity: -1]
[saved_feature_importance_type: 0]
[use_quantized_grad: 0]
[num_grad_quant_bins: 4]
[quant_train_renew_leaf: 0]
[stochastic_rounding: 1]
[linear_tree: 0]
[max_bin: 255]
[max_bin_by_feature: ]
[min_data_in_bin: 3]
[bin_construct_sample_cnt: 200000]
[data_random_seed: 175]
[is_enable_sparse: 1]
[enable_bundle: 1]
[use_missing: 1]
[zero_as_missing: 0]
[feature_pre_filter: 1]
[pre_partition: 0]
[two_round: 0]
[header: 0]
[label_column: ]
[weight_column: ]
[group_column: ]
[ignore_column: ]
[categorical_feature: ]
[forcedbins_filename: ]
[precise_float_parser: 0]
[parser_config_file: ]
[objective_seed: 16083]
[num_class: 1]
[is_unbalance: 0]
[scale_pos_weight: 1]
[sigmoid: 1]
[boost_from_average: 1]
[reg_sqrt: 0]
[alpha: 0.9]
[fair_c: 1]
[poisson_max_delta_step: 0.7]
[tweedie_variance_power: 1.5]
[lambdarank_truncation_level: 30]
[lambdarank_norm: 1]
[label_gain: ]
[lambdarank_position_bias_regularization: 0]
[eval_at: ]
[multi_error_top_k: 1]
[auc_mu_weights: ]
[num_machines: 1]
[local_listen_port: 12400]
[time_out: 120]
[machine_list_filename: ]
[machines: ]
[gpu_platform_id: -1]
[gpu_device_id: -1]
[gpu_device_id_list: ]
[gpu_use_dp: 0]
[num_gpu: 1]

end of parameters

pandas_categorical:[]
