tree
version=v4
num_class=1
num_tree_per_iteration=1
label_index=0
max_feature_idx=27
objective=regression
feature_names=ghi dni dhi temp_ambiente nubosidad viento_velocidad generacion_teorica_mw angulo_cenital_solar azimut_solar elevacion_solar es_de_dia temp_panel hora_sin hora_cos dia_anio_sin dia_anio_cos ghi_cielo_despejado indice_cielo_despejado generacion_teorica_mw_lag_1h generacion_teorica_mw_lag_24h generacion_teorica_mw_lag_168h ghi_lag_1h ghi_lag_24h ghi_lag_168h generacion_horaria_estimada_mw_lag_1h generacion_horaria_estimada_mw_lag_24h generacion_horaria_estimada_mw_lag_168h nubosidad_media_movil
feature_infos=[0:1043] [0:957.10000000000002] [0:437] [7:38.899999999999999] [0:100] [0.40000000000000002:32.899999999999999] [0:0.00086146000000000009] [4.5570677088313687:174.09833613644111] [0.012081198961823247:359.99014538747406] [-84.098336136441091:85.442932291168631] [0:1] [7:68.462500000000006] [-1:1] [-1:1] [-0.9999994220246925:0.99998555065071859] [-0.99997919295908233:0.99054538760918331] [0:1039] [0:1.2] [0:0.00086146000000000009] [0:0.00086146000000000009] [0:0.00086146000000000009] [0:1043] [0:1043] [0:1043] [0:0.00084115571566731144] [0:0.00084115571566731144] [0:0.00084115571566731144] [0:100]
tree_sizes=2994 3034 3031 3023 3026 3048 3004 3034 3030 3026 3041 3037 3022 3025 3058 3007 3025 3052 3030 3045 3044 3018 3018 3035 3032 3002 3025 3032 3018 3032 3023 3012 3022 3040 3010 3022 3035 2987 3031 3039 3023 3026 3052 3040 3028 3004 3030 3019 3040 3007 3011 3025 3010 3045 3007 3018 3025 3016 3043 3035 3024 3002 3024 3038 3022 3034 3010 3022 3050 2759 3023 3043 3026 3013 2990 2529 2732 2603 2988 2366 2822 2676 3028 2569 2534 2188 2075 2166 1889 2611 2091 1754 2892 1899 2108 2098 2169 1984 2113 1616 1567 1894 1700 2186 2390 1723 2838 3013 2853 1826 1715 2938 2673 2172 2179 2102 2369 3009 1914 2190 1921 2461 2942 1443 2093 3012 3023 1819 1983 1622 3028 1661 3036 1928 3040 1621 2991 1697 2009 1808 3029 1530 3009 1883 1931 2170 2390 1620 1730 2726 2429 3002 2369 1906 2450 2088 1733 2451 1991 2382 2446 3050 1992 2178 2174 2449 1723 2657 2377 1414 2459 2805 1798 3011 2485 1787 2546 3013 1702 2733 2287 3004 2850 1896 2795 3052 3002 2029 2742 1996 2744 2743 3021 3029 2184 1699 2922 2821 2160 1989 1988 3019 3033 2182 2296 2167 2747 3026 2097 1741 2735 2272 1904 2992 1640 2210 2203 2380 2385 1823 2190 2368 1831 3021 2546 2528 3005 2445 2457 2914 2524 2627 2724 2356 2992 3018 3037 3044 2458 2926 3033 2723 2377 2439 3017 2746 2463 2761 1802 2458 3022 3041 2629 1984 3026 3007 2564 1813 2814 3003 1650 2454 3004 2565 2824 1538 1644 2467 2932 3040 2556 1619 3016 2733 2453 2087 2641 3034 2639 2377 2442 2548 2174 2754 1988 2266 2931 2368 2916 2170 2428 2947 3018 2396 2997 2263 2366 2845 2935 2579

Tree=0
num_leaves=31
num_cat=0
split_feature=13 13 8 15 12 8 12 12 8 15 14 8 9 15 14 3 12 9 8 14 27 3 14 14 8 8 8 3 8 9
split_gain=0.00028604 3.55106e-05 1.66323e-05 6.96912e-06 4.60446e-06 2.91292e-06 2.17246e-06 1.88268e-06 1.83669e-06 1.46368e-06 1.4369e-06 1.33235e-06 1.4124e-06 1.17613e-06 1.06852e-06 8.42395e-07 7.4216e-07 6.68509e-07 5.86982e-07 5.53145e-07 4.61153e-07 4.24792e-07 4.07703e-07 4.04155e-07 3.29996e-07 2.99382e-07 2.24785e-07 2.01666e-07 1.92079e-07 1.84637e-07
threshold=0.25881904510252057 0.78656609248549303 58.636634256885976 -0.42958798411962301 -0.78656609248549292 68.636046773892375 -0.37940952255126065 -0.37940952255126065 44.449389694931376 0.13185577213185923 0.21862473630160603 291.61291884830638 -41.080504213044314 0.91245913578114801 0.21862473630160603 10.350000000000003 0.98296291314453421 -24.138091778613834 286.52344826832297 0.67802080537253973 6.8333333333333348 14.050000000000002 0.31799963745711152 -0.7217484125045438 79.041956903033608 288.14476638188802 37.05353881563304 15.65 285.57773149842563 -35.796588535445593
decision_type=2 2 2 2 2 2 2 2 2 2 2 2 2 2 2 2 2 2 2 2 2 2 2 2 2 2 2 2 2 2
left_child=5 2 8 6 9 -1 -3 18 14 25 23 12 -6 15 26 -9 28 19 -5 -10 -12 -16 -15 -8 -18 -4 -2 -19 -7 -20
right_child=1 3 4 7 11 16 10 13 17 -11 20 -13 -14 22 21 -17 24 27 29 -21 -22 -23 -24 -25 -26 -27 -28 -29 -30 -31
leaf_value=0.0001820284584113553 0.00020594399153908591 0.0001981229498209231 0.00017993507841488029 0.00018802266116746391 0.00019068565232191451 0.00017337974752140598 0.00020426849186256233 0.00018990486985967129 0.00019863995393263812 0.00017452176035046189 0.00019635992337013093 0.00019166223387226207 0.00018478352124224589 0.00019476319579494908 0.00020156582733789428 0.00019929825721555318 0.0001794367265976444 0.00018847916222213828 0.00019262322554779716 0.00019304244103048615 0.00020306113922765126 0.00019383217543183964 0.00018666171274131857 0.00020845233096156027 0.00017507701377901863 0.00018388946993570877 0.00020128122708244566 0.00019299827896310392 0.00017582686528480317 0.00019712867771261858
leaf_weight=105 59 131 81 59 136 3629 76 25 93 88 30 147 398 44 26 527 68 47 59 84 178 56 24 240 120 117 46 52 82 37
leaf_count=105 59 131 81 59 136 3629 76 25 93 88 30 147 398 44 26 527 68 47 59 84 178 56 24 240 120 117 46 52 82 37
internal_value=0.000182437 0.000194514 0.000188942 0.000200085 0.000185211 0.00017381 0.000203882 0.000196876 0.000196735 0.000179887 0.000205322 0.000187447 0.000186287 0.000198108 0.000200561 0.000198873 0.000173589 0.000194143 0.000191948 0.000195984 0.000202095 0.000196284 0.000191904 0.000207446 0.000176654 0.000182272 0.000203901 0.000190853 0.000173434 0.00019436
internal_weight=6864 2860 1430 1430 967 4004 655 775 463 286 524 681 534 620 187 552 3899 276 155 177 208 82 68 316 188 198 105 99 3711 96
internal_count=6864 2860 1430 1430 967 4004 655 775 463 286 524 681 534 620 187 552 3899 276 155 177 208 82 68 316 188 198 105 99 3711 96
is_linear=0
shrinkage=1


Tree=1
num_leaves=31
num_cat=0
split_feature=13 13 12 15 15 7 9 12 12 12 23 14 15 15 9 14 3 15 15 3 12 14 15 9 15 15 15 14 9 7
split_gain=0.000258151 3.20483e-05 1.05824e-05 6.28963e-06 5.91535e-06 3.73606e-06 2.86239e-06 2.58553e-06 1.96065e-06 1.69912e-06 1.32705e-06 1.2968e-06 1.27395e-06 1.06146e-06 9.46952e-07 8.91298e-07 7.60262e-07 6.93893e-07 5.21206e-07 4.10954e-07 3.97461e-07 3.67952e-07 2.40629e-07 1.48994e-07 1.44163e-07 1.42936e-07 1.20343e-07 9.70464e-08 8.83342e-08 8.80451e-08
threshold=0.25881904510252057 0.78656609248549303 -0.78656609248549292 -0.42958798411962301 -0.42958798411962301 113.28961803638258 -39.873496590104615 0.98296291314453421 -0.37940952255126065 -0.37940952255126065 2.5000000000000004 0.21862473630160603 0.04621408538533487 0.91245913578114801 -10.082793480688997 0.21862473630160603 10.350000000000003 0.91245913578114801 0.31595530242620651 14.15 -1.0000000180025095e-35 0.31799963745711152 0.30778899014954286 -35.796588535445593 -0.97111920233974802 -0.68432604233786842 -0.70900320270980455 0.7090011537757156 -44.609007639831653 77.98501034830889
decision_type=2 2 2 2 2 2 2 2 2 2 2 2 2 2 2 2 2 2 2 2 2 2 2 2 2 2 2 2 2 2
left_child=7 2 10 8 5 24 17 29 26 18 22 20 -8 16 27 -7 -11 -6 23 -13 -10 -15 -2 -5 -4 -16 -3 -9 -20 -1
right_child=1 3 4 9 6 15 12 14 11 13 -12 19 -14 21 25 -17 -18 -19 28 -21 -22 -23 -24 -25 -26 -27 -28 -29 -30 -31
leaf_value=-8.6689877207390971e-06 -3.9341974615290682e-06 1.5906563551122949e-05 1.0337946036997891e-05 9.8063181980023731e-06 1.041220460889435e-05 1.8866703186764034e-05 5.4883155111538386e-06 -7.6728460548308123e-06 2.0687421728544458e-05 7.0946461992207336e-06 6.4334924554404838e-07 2.2336439397869463e-05 -3.1597199196035633e-07 1.1710056097316821e-05 3.2478133831366573e-07 1.28346826586494e-05 1.6018364134569236e-05 2.6996413586911169e-06 2.8941412068661523e-06 1.7325920838118238e-05 2.4782601486455523e-05 4.013647170827047e-06 -8.2747664549318493e-06 1.3957263205599235e-05 7.4827665704495825e-06 -2.9161695726139992e-06 1.261603390162236e-05 -4.9646578157659279e-06 6.8744113750950507e-06 -8.0602097121378622e-06
leaf_weight=2976 61 91 56 52 205 158 174 83 79 25 158 56 207 44 95 100 527 34 20 152 237 24 67 37 210 53 40 55 46 742
leaf_count=2976 61 91 56 52 205 158 174 83 79 25 158 56 207 44 95 100 527 34 20 152 237 24 67 37 210 53 40 55 46 742
internal_value=-2.18475e-13 1.14731e-05 6.18029e-06 1.6766e-05 8.33091e-06 1.22418e-05 5.02557e-06 -8.1951e-06 2.0373e-05 1.37175e-05 -2.42219e-06 2.17408e-05 2.3348e-06 1.48881e-05 -3.614e-06 1.65287e-05 1.56142e-05 9.31502e-06 9.03518e-06 1.86749e-05 2.37588e-05 8.99368e-06 -6.20621e-06 1.1532e-05 8.08386e-06 -8.35829e-07 1.49018e-05 -6.5935e-06 5.66827e-06 -8.54749e-06
internal_weight=6864 2860 1430 1430 1144 524 620 4004 655 775 286 524 381 620 286 258 552 239 155 208 316 68 128 89 266 148 131 138 66 3718
internal_count=6864 2860 1430 1430 1144 524 620 4004 655 775 286 524 381 620 286 258 552 239 155 208 316 68 128 89 266 148 131 138 66 3718
is_linear=0
shrinkage=0.05


Tree=2
num_leaves=31
num_cat=0
split_feature=13 13 8 15 13 8 8 8 7 15 7 14 17 14 3 8 8 8 7 14 14 13 13 8 15 3 3 7 14 7
split_gain=0.000232981 2.89236e-05 1.36317e-05 5.67639e-06 2.40755e-06 2.37755e-06 2.36509e-06 1.54493e-06 1.51873e-06 1.25401e-06 1.18565e-06 9.54631e-07 9.10013e-07 8.71645e-07 7.5614e-07 6.89448e-07 9.39858e-07 6.83857e-07 5.30902e-07 4.86625e-07 4.76855e-07 4.73554e-07 4.61302e-07 4.68611e-07 4.36414e-07 3.82216e-07 3.21408e-07 3.07926e-07 2.35275e-07 3.30307e-07
threshold=0.25881904510252057 0.78656609248549303 58.636634256885976 -0.42958798411962301 0.60355339059327384 68.636046773892375 85.979836981783237 44.449389694931376 125.9948803317818 0.91245913578114801 139.65694609264884 0.21862473630160603 0.38540468242345322 0.21862473630160603 10.350000000000003 296.48308970019144 75.91984864997805 299.53796960419334 114.28060669583631 -0.7217484125045438 0.98213580174693105 0.37940952255126048 1.0000000180025095e-35 79.041956903033608 -0.72102888505294738 14.050000000000002 14.250000000000002 118.353626780215 0.31799963745711152 161.15337734159209
decision_type=2 2 2 2 2 2 2 2 2 2 2 2 2 2 2 2 2 2 2 2 2 2 2 2 2 2 2 2 2 2
left_child=5 2 7 8 6 -1 21 13 24 10 17 19 -8 -2 -12 16 -6 -5 -9 -10 -20 -4 -7 -24 27 -15 -13 -3 29 -11
right_child=1 3 4 9 15 22 12 18 11 28 14 26 -14 25 -16 -17 -18 -19 20 -21 -22 -23 23 -25 -26 -27 -28 -29 -30 -31
leaf_value=-3.6080042350693561e-07 1.9451904442705978e-05 1.5122393676847423e-05 2.3594755569974337e-06 8.1794481113206542e-06 1.0761389769161017e-05 -8.1876122626819293e-06 -4.3489721312166372e-06 7.6397065109858887e-06 1.9552146616325971e-05 4.4984122558327563e-06 5.9082952074753675e-06 2.1353803994024243e-05 8.5415096607820329e-07 1.758221846662659e-05 1.5617789277335383e-05 9.0091805695760351e-06 2.7210944046926495e-06 1.3704782705764002e-05 1.3159885140776022e-05 2.4286105929748281e-05 5.1312051525764264e-06 6.5824494736434402e-06 -2.6819023204893712e-06 -7.1667529451148988e-06 1.186255834363692e-05 1.0246366119710209e-05 1.6654052155743181e-05 1.9381019539162859e-05 3.7394365457051512e-06 1.2407784388966375e-05
leaf_weight=105 105 88 163 120 45 3425 198 100 76 22 21 53 146 26 444 114 189 105 155 190 21 112 68 406 50 56 116 82 30 33
leaf_count=105 105 88 163 120 45 3425 198 100 76 22 21 53 146 26 444 114 189 105 155 190 21 112 68 406 50 56 116 82 30 33
internal_value=4.83255e-14 1.08995e-05 5.87128e-06 1.59277e-05 2.49331e-06 -7.78535e-06 6.22679e-07 1.29263e-05 1.93543e-05 1.30316e-05 1.37375e-05 2.10665e-05 -2.14067e-06 1.64352e-05 1.51793e-05 5.82068e-06 4.26731e-06 1.07579e-05 1.05489e-05 2.29335e-05 1.22019e-05 4.07938e-06 -7.98529e-06 -6.52336e-06 1.59688e-05 1.25724e-05 1.81279e-05 1.71766e-05 7.30124e-06 9.24404e-06
internal_weight=6864 2860 1430 1430 967 4004 619 463 655 775 690 435 344 187 465 348 234 225 276 266 176 275 3899 474 220 82 169 170 85 55
internal_count=6864 2860 1430 1430 967 4004 619 463 655 775 690 435 344 187 465 348 234 225 276 266 176 275 3899 474 220 82 169 170 85 55
is_linear=0
shrinkage=0.05


Tree=3
num_leaves=31
num_cat=0
split_feature=13 13 8 8 8 13 8 8 8 14 17 14 7 8 7 8 8 9 9 5 8 14 13 7 4 13 3 14 14 8
split_gain=0.000210266 2.61036e-05 1.23026e-05 3.00869e-06 2.57214e-06 2.17282e-06 2.16813e-06 2.13449e-06 1.3943e-06 1.21008e-06 8.21287e-07 7.8666e-07 6.50194e-07 1.12819e-06 6.40072e-07 6.17647e-07 9.97578e-07 5.07214e-07 4.90381e-07 4.87671e-07 4.462e-07 4.3423e-07 4.27383e-07 3.66856e-07 3.4651e-07 3.04687e-07 2.95018e-07 3.34284e-07 2.50316e-07 2.28699e-07
threshold=0.25881904510252057 0.78656609248549303 58.636634256885976 317.93051008410481 20.948731388919501 0.60355339059327384 71.424042346468738 85.979836981783237 44.449389694931376 0.21862473630160603 0.38540468242345322 0.21862473630160603 113.87962408466828 75.91984864997805 153.97310347240486 303.0895009945126 51.825694037050148 -24.138091778613834 -1.926741258843067 5.4500000000000011 336.99987490389577 0.98213580174693105 0.37940952255126048 138.28011922960249 12.500000000000002 1.0000000180025095e-35 12.750000000000002 0.9916835347852474 0.40614137006726808 87.231841338032652
decision_type=2 2 2 2 2 2 2 2 2 2 2 2 2 2 2 2 2 2 2 2 2 2 2 2 2 2 2 2 2 2
left_child=6 2 8 4 19 7 18 22 11 14 -9 -2 -7 -14 20 16 -6 21 -1 28 -5 -10 -4 -21 -13 -8 27 -11 -3 -27
right_child=1 3 5 9 15 12 25 10 17 26 -12 24 13 -15 -16 -17 -18 -19 -20 23 -22 -23 -24 -25 -26 29 -28 -29 -30 -31
leaf_value=3.0689670522205486e-08 1.8479309106797227e-05 1.7059281330707913e-05 2.2415017413876644e-06 1.8751161400466706e-05 1.3899294299335453e-05 7.7158654824225509e-06 -7.8113391411851585e-06 -4.1315235298262598e-06 1.2533164483112357e-05 1.5422294909788463e-05 8.1144345832815482e-07 6.7380001343300807e-06 1.0223320684872307e-05 1.0468542134801547e-06 1.1708401631267407e-05 1.3795233657154833e-05 8.8312470620485918e-06 7.1554699427842296e-06 -5.3612802397939213e-06 2.0933506212562256e-05 2.2929350571771005e-05 4.8746449113509917e-06 6.2533270819033397e-06 1.4667056912630555e-05 1.3973109285115689e-05 -4.2347385841183378e-06 1.6457439020261502e-05 7.2302276021218861e-06 9.6189622809106368e-06 -7.005126190305011e-06
leaf_weight=111 105 26 163 119 151 172 3372 198 156 33 146 23 45 131 20 245 272 99 68 120 138 21 112 29 59 94 237 20 20 359
leaf_count=111 105 26 163 119 151 172 3372 198 156 33 146 23 45 131 20 245 272 99 68 120 138 21 112 29 59 94 237 20 20 359
internal_value=-1.00685e-13 1.03545e-05 5.57771e-06 1.51313e-05 1.32723e-05 2.36865e-06 -7.39608e-06 5.91545e-07 1.228e-05 1.79608e-05 -2.03364e-06 1.56134e-05 5.52964e-06 3.39311e-06 2.03242e-05 1.17975e-05 1.06404e-05 1.00215e-05 -2.01766e-06 1.83245e-05 2.09947e-05 1.16245e-05 3.87541e-06 1.97139e-05 1.19437e-05 -7.64778e-06 1.57033e-05 1.23309e-05 1.38244e-05 -6.43026e-06
internal_weight=6864 2860 1430 1430 863 967 4004 619 463 567 344 187 348 176 277 668 423 276 179 195 257 177 275 149 82 3825 290 53 46 453
internal_count=6864 2860 1430 1430 863 967 4004 619 463 567 344 187 348 176 277 668 423 276 179 195 257 177 275 149 82 3825 290 53 46 453
is_linear=0
shrinkage=0.05


Tree=4
num_leaves=31
num_cat=0
split_feature=13 13 8 15 12 8 12 12 8 15 14 7 7 15 14 3 7 8 14 27 7 3 14 14 12 8 15 8 8 7
split_gain=0.000189765 2.35585e-05 1.11031e-05 4.67761e-06 3.1253e-06 1.9591e-06 1.45343e-06 1.28298e-06 1.25836e-06 1.07779e-06 9.90914e-07 9.44264e-07 1.301e-06 8.07002e-07 7.09961e-07 6.0504e-07 5.12296e-07 4.51668e-07 4.34157e-07 4.01906e-07 3.58401e-07 3.38341e-07 3.06572e-07 3.04164e-07 2.42196e-07 2.17213e-07 2.17198e-07 2.02028e-07 1.62629e-07 1.47307e-07
threshold=0.25881904510252057 0.78656609248549303 58.636634256885976 -0.42958798411962301 -0.78656609248549292 73.386044648695517 -0.37940952255126065 -0.37940952255126065 44.449389694931376 0.14888728888808328 0.21862473630160603 113.52297680598163 130.8173217959874 0.91245913578114801 0.21862473630160603 10.350000000000003 92.010027899295963 286.52344826832297 -0.18598018461734842 6.8333333333333348 141.26274652926966 14.050000000000002 -0.7217484125045438 0.31799963745711152 0.98296291314453421 288.14476638188802 -0.6905596507703472 37.05353881563304 285.57773149842563 114.92423621988472
decision_type=2 2 2 2 2 2 2 2 2 2 2 2 2 2 2 2 2 2 2 2 2 2 2 2 2 2 2 2 2 2
left_child=5 2 8 6 9 16 -3 17 14 25 22 26 -13 15 27 -9 -1 -5 29 -12 -20 -16 -8 -15 28 -4 -6 -2 -7 -10
right_child=1 3 4 7 11 24 10 13 18 -11 19 12 -14 23 21 -17 -18 -19 20 -21 -22 -23 -24 -25 -26 -27 -28 -29 -30 -31
leaf_value=-5.085692939189661e-06 1.9491916656094827e-05 1.2774743742065349e-05 -2.0796616304008801e-06 4.2341614767268522e-06 8.2913713541992755e-06 -7.4200745183260836e-06 1.7659516992514576e-05 5.7958545012297694e-06 8.5391005441692876e-06 -6.8168252424626659e-06 1.0629346934365459e-05 8.4753657136106244e-07 6.7022023770130668e-06 1.0093124499441978e-05 1.6060106643705624e-05 1.3756645899513001e-05 -1.2874141067928795e-07 9.7929955996297249e-06 6.9422294432211522e-06 1.6885295533036687e-05 1.3327489362451999e-05 9.1581306995587005e-06 2.1303423575886886e-05 3.0955727685485122e-06 -5.3449357177929161e-06 1.264569363220639e-06 5.2770648350954872e-06 1.5071478917335575e-05 -5.167853394196733e-06 1.2980790358781071e-05
leaf_weight=94 59 131 83 59 106 3557 76 25 24 86 30 299 139 44 26 527 117 96 142 178 26 56 240 24 154 117 137 46 82 84
leaf_count=94 59 131 83 59 106 3557 76 25 24 86 30 299 139 44 26 527 117 96 142 178 26 56 240 24 154 117 137 46 82 84
internal_value=-1.01331e-13 9.83679e-06 5.29883e-06 1.43747e-05 2.25022e-06 -7.02628e-06 1.74853e-05 1.17458e-05 1.1666e-05 -2.13603e-06 1.8663e-05 4.09231e-06 2.70552e-06 1.2763e-05 1.48328e-05 1.33961e-05 -2.33705e-06 7.67705e-06 9.52042e-06 1.5983e-05 7.93042e-06 1.13466e-05 2.0427e-05 7.6234e-06 -7.28713e-06 -1.23286e-07 6.59195e-06 1.75553e-05 -7.36932e-06 1.19937e-05
internal_weight=6864 2860 1430 1430 967 4004 655 775 463 286 524 681 438 620 187 552 211 155 276 208 168 82 316 68 3793 200 243 105 3639 108
internal_count=6864 2860 1430 1430 967 4004 655 775 463 286 524 681 438 620 187 552 211 155 276 208 168 82 316 68 3793 200 243 105 3639 108
is_linear=0
shrinkage=0.05


Tree=5
num_leaves=31
num_cat=0
split_feature=13 13 12 15 15 9 9 12 12 12 15 15 14 15 15 11 15 14 15 11 15 12 14 0 9 14 15 15 9 7
split_gain=0.000171263 2.12615e-05 7.13392e-06 4.22154e-06 4.06092e-06 2.50813e-06 1.98188e-06 1.7379e-06 1.31172e-06 1.15789e-06 9.72705e-07 9.33776e-07 8.943e-07 7.28319e-07 6.49544e-07 5.17462e-07 4.69598e-07 4.17477e-07 4.01048e-07 3.27007e-07 3.20367e-07 3.01023e-07 2.74508e-07 1.83688e-07 1.14508e-07 1.14358e-07 9.48199e-08 8.78064e-08 7.08671e-08 6.05036e-08
threshold=0.25881904510252057 0.78656609248549303 -0.78656609248549292 -0.42958798411962301 -0.42958798411962301 -24.138091778613834 -40.710067886046815 0.98296291314453421 -0.37940952255126065 -0.37940952255126065 0.14888728888808328 0.04621408538533487 0.21862473630160603 0.91245913578114801 -0.42958798411962301 10.262500000000001 0.91245913578114801 0.67802080537253973 0.31595530242620651 14.146875000000001 -0.97111920233974802 -1.0000000180025095e-35 0.31799963745711152 10.500000000000002 -35.796588535445593 0.7090011537757156 -0.70900320270980455 -0.97111920233974802 -44.609007639831653 77.98501034830889
decision_type=2 2 2 2 2 2 2 2 2 2 2 2 2 2 2 2 2 2 2 2 2 2 2 2 2 2 2 2 2 2
left_child=7 2 10 8 5 17 16 29 26 18 23 -8 21 15 27 -11 -6 -4 24 -14 -7 -10 -15 -2 -5 -16 -3 -9 -20 -1
right_child=1 3 4 9 6 20 11 14 12 13 -12 -13 19 22 25 -17 -18 -19 28 -21 -22 -23 -24 -25 -26 -27 -28 -29 -30 -31
leaf_value=-7.064586679916829e-06 -2.0122058795999316e-06 1.3027859499193804e-05 1.506891869367182e-05 7.9705373204538216e-06 8.717670641837836e-06 9.932098369821082e-06 4.6085076849454831e-06 2.1555730297352839e-06 1.6732763821627362e-05 5.2123805475771819e-06 -6.4759841163407172e-06 -2.9776053662228861e-07 1.8450058053457293e-05 9.5884679529428311e-06 -6.3746338413014219e-06 1.3038196072105656e-05 2.347362816876472e-06 9.641686637254763e-06 1.8550200206846057e-06 1.398050402051946e-05 6.1022509654488782e-06 2.0296664092807519e-05 2.9407941373330954e-06 1.0944887211824936e-06 1.1609527469723568e-05 -3.6515350447845983e-06 1.0107040692446391e-05 -1.0021293825818879e-06 5.4201102413927685e-06 -6.559929115757518e-06
leaf_weight=2976 78 91 182 52 194 72 176 28 79 22 86 216 56 44 83 530 34 44 20 152 226 237 24 122 37 72 40 103 46 742
leaf_count=2976 78 91 182 52 194 72 176 28 79 22 86 216 56 44 83 530 34 44 20 152 226 237 24 122 37 72 40 103 46 742
internal_value=2.77748e-14 9.34495e-06 5.03389e-06 1.3656e-05 6.79966e-06 1.00401e-05 4.061e-06 -6.67496e-06 1.66111e-05 1.11585e-05 -2.02923e-06 1.90505e-06 1.77298e-05 1.21248e-05 -2.91912e-06 1.27263e-05 7.76771e-06 1.40123e-05 7.2932e-06 1.51838e-05 7.02758e-06 1.94057e-05 7.24223e-06 -1.17122e-07 9.48338e-06 -5.10971e-06 1.2136e-05 -3.27201e-07 4.33978e-06 -6.96387e-06
internal_weight=6864 2860 1430 1430 1144 524 620 4004 655 775 286 392 524 620 286 552 228 226 155 208 298 316 68 200 89 155 131 131 66 3718
internal_count=6864 2860 1430 1430 1144 524 620 4004 655 775 286 392 524 620 286 552 228 226 155 208 298 316 68 200 89 155 131 131 66 3718
is_linear=0
shrinkage=0.05


Tree=6
num_leaves=31
num_cat=0
split_feature=13 13 8 12 8 8 8 8 23 14 9 9 14 7 8 8 5 9 7 14 8 14 3 12 3 14 3 8 8 3
split_gain=0.000154565 1.91885e-05 9.09956e-06 2.53465e-06 2.32093e-06 1.92684e-06 1.62446e-06 1.05856e-06 8.66766e-07 8.57142e-07 7.89836e-07 1.08667e-06 6.04879e-07 4.94807e-07 4.79424e-07 7.09312e-07 4.12142e-07 3.87935e-07 3.60478e-07 3.48204e-07 3.47405e-07 3.34582e-07 3.0849e-07 2.523e-07 2.27625e-07 2.87644e-07 2.15115e-07 1.82228e-07 1.74543e-07 1.73285e-07
threshold=0.25881904510252057 0.78656609248549303 58.636634256885976 -0.78656609248549292 317.93051008410481 20.948731388919501 71.424042346468738 44.449389694931376 2.5000000000000004 0.21862473630160603 -23.42708029761112 -41.080504213044314 0.21862473630160603 153.97310347240486 304.75715934148053 41.872789802189153 5.2500000000000009 -24.138091778613834 92.010027899295963 0.98213580174693105 336.99987490389577 0.69056404122701587 14.050000000000002 0.98296291314453421 12.750000000000002 0.9916835347852474 16.750000000000004 296.48308970019144 37.05353881563304 15.65
decision_type=2 2 2 2 2 2 2 2 2 2 2 2 2 2 2 2 2 2 2 2 2 2 2 2 2 2 2 2 2 2
left_child=6 2 7 8 5 16 18 12 -4 13 11 -5 28 20 15 -7 -3 19 -1 -9 -6 -18 -14 -8 25 -11 -26 -12 -2 -19
right_child=1 4 3 10 9 14 23 17 -10 24 27 -13 22 -15 -16 -17 21 29 -20 -21 -22 -23 -24 -25 26 -27 -28 -29 -30 -31
leaf_value=-4.3279321262161827e-06 1.7763875235933651e-05 1.1325947196469532e-05 -4.9859342287739146e-06 6.1419533870556071e-06 1.6057326868308186e-05 1.2213819059070375e-05 -6.6458444238818027e-06 1.0794034880360434e-05 5.4973716448223887e-07 1.3463733619739123e-05 4.6789560744602778e-06 7.6768953611045609e-07 1.4733755392626335e-05 9.8721553331415635e-06 1.1943515474639653e-05 7.8199547710400062e-06 1.8261659865412068e-05 3.8716401686929682e-06 2.1973380702670162e-07 3.9359710215302629e-06 1.9744056919370306e-05 1.2850049765981902e-05 8.143276186091595e-06 -4.6585407678681085e-06 1.5176318769181578e-05 5.8646085108193802e-06 1.1846028449390226e-05 7.4379199113058063e-06 1.3655115411814263e-05 8.0607049198988531e-06
leaf_weight=75 59 42 128 136 119 130 3658 156 158 33 126 305 26 20 225 313 115 47 104 21 138 38 56 167 169 20 68 114 46 52
leaf_count=75 59 42 128 136 119 130 3658 156 158 33 126 305 26 20 225 313 115 47 104 21 138 38 56 167 169 20 68 114 46 52
internal_value=1.35142e-13 8.8777e-06 4.78219e-06 2.02232e-06 1.29732e-05 1.13405e-05 -6.34121e-06 1.05463e-05 -1.92777e-06 1.54583e-05 3.68124e-06 2.42506e-06 1.34508e-05 1.74475e-05 1.0064e-05 9.10935e-06 1.57132e-05 8.57844e-06 -1.68571e-06 9.98037e-06 1.8037e-05 1.69176e-05 1.02329e-05 -6.55908e-06 1.35584e-05 1.05961e-05 1.42208e-05 5.98946e-06 1.59638e-05 6.07196e-06
internal_weight=6864 2860 1430 967 1430 863 4004 463 286 567 681 441 187 277 668 443 195 276 179 177 257 153 82 3825 290 53 237 240 105 99
internal_count=6864 2860 1430 967 1430 863 4004 463 286 567 681 441 187 277 668 443 195 276 179 177 257 153 82 3825 290 53 237 240 105 99
is_linear=0
shrinkage=0.05


Tree=7
num_leaves=31
num_cat=0
split_feature=13 13 8 15 13 8 8 12 12 15 15 7 7 12 3 8 3 3 8 12 5 12 15 9 15 8 15 8 8 9
split_gain=0.000139495 1.73176e-05 8.29919e-06 3.49509e-06 1.90845e-06 1.69754e-06 1.47097e-06 1.08014e-06 9.64527e-07 8.31888e-07 6.20364e-07 5.56683e-07 5.54425e-07 5.15295e-07 5.05187e-07 4.85426e-07 4.83607e-07 4.45572e-07 3.69925e-07 3.57296e-07 3.09373e-07 2.67786e-07 2.58987e-07 2.74237e-07 2.50165e-07 1.83954e-07 1.60398e-07 1.46953e-07 1.39582e-07 8.88682e-08
threshold=0.25881904510252057 0.78656609248549303 70.532270969341809 -0.42958798411962301 0.60355339059327384 44.449389694931376 68.636046773892375 -0.37940952255126065 -0.37940952255126065 0.31595530242620651 0.91245913578114801 128.96249388644659 152.99587761249464 0.91597561503675362 18.350000000000005 286.52344826832297 10.350000000000003 12.350000000000003 288.89937049360316 0.98296291314453421 6.8500000000000005 -1.0000000180025095e-35 -0.45273527932988084 -32.628875293649905 0.94975093725139803 79.041956903033608 -0.68432604233786842 296.48308970019144 285.57773149842563 -35.796588535445593
decision_type=2 2 2 2 2 2 2 2 2 2 2 2 2 2 2 2 2 2 2 2 2 2 2 2 2 2 2 2 2 2
left_child=6 2 5 7 11 22 -1 -3 18 27 16 15 -11 17 20 -4 -10 -7 -5 28 -9 -16 23 -2 -12 -21 -15 -6 -8 -20
right_child=1 3 4 8 9 13 19 14 10 12 24 -13 -14 26 21 -17 -18 -19 29 25 -22 -23 -24 -25 -26 -27 -28 -29 -30 -31
leaf_value=-1.8422849864561744e-07 1.5409617626165131e-05 1.0952490572891252e-05 -2.7569797291839371e-06 3.8325726955333395e-06 4.4798032524473666e-06 4.5142127157182047e-06 -6.3352475485294287e-06 1.191145059372637e-05 4.6942456683609639e-06 -2.2783208099540249e-06 2.3215058263303948e-06 3.2397269927335925e-06 6.3420675255306734e-06 6.2265489280458787e-06 1.4941493656286704e-05 9.6198279972981039e-07 1.1811465903022326e-05 9.3848750201360709e-06 7.3214776989516401e-06 -1.9771874368125418e-06 1.5626039612283383e-05 1.8556578606162169e-05 8.4350080755782612e-06 1.1209688912366392e-05 8.667583014698722e-06 -5.2322390081371851e-06 3.072264423410941e-06 7.0660239110135371e-06 -4.2491721027234726e-06 1.0582330041624782e-05
leaf_weight=105 89 131 279 70 106 59 3629 81 25 66 24 70 26 95 70 128 527 230 48 68 182 191 29 69 44 120 70 114 82 37
leaf_count=105 89 131 279 70 106 59 3629 81 25 66 24 70 26 95 70 128 527 230 48 68 182 191 29 69 44 120 70 114 82 37
internal_value=1.23667e-13 8.43381e-06 4.54308e-06 1.23245e-05 1.10979e-06 8.76908e-06 -6.02415e-06 1.50134e-05 1.00521e-05 4.15035e-06 1.0934e-05 -8.78999e-07 1.57876e-07 7.11771e-06 1.60286e-05 -1.58738e-06 1.14891e-05 8.39052e-06 6.52424e-06 -6.18142e-06 1.4482e-05 1.7587e-05 1.27783e-05 1.35755e-05 6.42779e-06 -4.05488e-06 4.88837e-06 5.81994e-06 -6.28915e-06 8.74091e-06
internal_weight=6864 2860 1430 1430 789 641 4004 655 775 312 620 477 92 454 524 407 552 289 155 3899 263 261 187 158 68 188 165 220 3711 85
internal_count=6864 2860 1430 1430 789 641 4004 655 775 312 620 477 92 454 524 407 552 289 155 3899 263 261 187 158 68 188 165 220 3711 85
is_linear=0
shrinkage=0.05


Tree=8
num_leaves=31
num_cat=0
split_feature=13 13 8 15 13 8 8 9 8 15 7 14 14 7 7 15 13 14 8 7 15 9 7 8 4 14 7 27 13 14
split_gain=0.000125894 1.56292e-05 7.49002e-06 3.15432e-06 1.72237e-06 1.53203e-06 1.34584e-06 8.76073e-07 8.28403e-07 7.50779e-07 6.11277e-07 5.74897e-07 5.30643e-07 5.02406e-07 5.00369e-07 4.69701e-07 4.65053e-07 5.20478e-07 4.38097e-07 3.84606e-07 3.59918e-07 3.39399e-07 3.17468e-07 3.07165e-07 2.88778e-07 2.3256e-07 2.04056e-07 1.71877e-07 1.64238e-07 1.62511e-07
threshold=0.25881904510252057 0.78656609248549303 70.532270969341809 -0.42958798411962301 0.60355339059327384 44.449389694931376 73.386044648695517 -36.632833526883438 303.0895009945126 0.31595530242620651 139.65694609264884 -0.99630266176052629 0.21862473630160603 128.96249388644659 152.99587761249464 -0.73284120334876357 0.37940952255126048 0.98667101781630195 286.52344826832297 134.27442752181852 -0.72102888505294738 -1.926741258843067 128.38969691279922 286.52344826832297 12.500000000000002 0.23537774960157334 121.9520930013885 51.166666666666679 1.0000000180025095e-35 0.9916835347852474
decision_type=2 2 2 2 2 2 2 2 2 2 2 2 2 2 2 2 2 2 2 2 2 2 2 2 2 2 2 2 2 2
left_child=6 2 5 7 13 12 21 15 10 -6 23 -12 -2 18 -11 22 25 -18 -4 -17 26 -1 -3 -5 -14 -7 -9 29 -8 -10
right_child=1 3 4 8 9 16 28 20 27 14 11 -13 24 -15 -16 19 17 -19 -20 -21 -22 -23 -24 -25 -26 -27 -28 -29 -30 -31
leaf_value=-1.5663781389944675e-07 1.4493135611354819e-05 1.4447497715082138e-05 -2.6191306794563848e-06 3.1680925178294202e-06 5.5289389447404418e-06 6.4650367376623981e-06 -6.0583379694524249e-06 1.1811822581752163e-05 1.2864354153846895e-05 -2.1644047837231608e-06 1.7659190780250357e-05 8.8770083099779921e-06 4.3730702066608028e-06 3.0777407589864326e-06 6.0249642838418644e-06 1.0819797232766754e-05 8.6931520130445246e-06 1.7363488708118288e-06 9.1388365344169395e-07 1.5706650630710758e-05 8.238259840923866e-06 -4.2304042119798099e-06 1.8274389411826198e-05 7.6732072545977943e-06 1.0978015220364612e-05 2.7090437619392563e-06 1.5369942322398983e-05 1.0041337446213539e-05 -5.0309020429169369e-06 8.2136506231715131e-06
leaf_weight=124 105 80 279 71 220 85 3353 132 178 66 20 273 23 70 26 71 259 30 128 93 53 87 168 81 59 80 58 131 440 21
leaf_count=124 105 80 279 71 220 85 3353 132 178 66 20 273 23 70 26 71 259 30 128 93 53 87 168 81 59 80 58 131 440 21
internal_value=-3.18191e-15 8.01212e-06 4.31593e-06 1.17083e-05 1.0543e-06 8.33063e-06 -5.72295e-06 1.42627e-05 9.54946e-06 3.94284e-06 8.14173e-06 9.47647e-06 1.21394e-05 -8.35049e-07 1.49982e-07 1.5667e-05 6.76182e-06 7.97099e-06 -1.50801e-06 1.3591e-05 1.18817e-05 -1.83634e-06 1.70399e-05 5.56884e-06 9.12541e-06 4.64395e-06 1.2898e-05 1.14477e-05 -5.93915e-06 1.23736e-05
internal_weight=6864 2860 1430 1430 789 641 4004 655 775 312 445 293 187 477 92 412 454 289 407 164 243 211 248 152 82 165 190 330 3793 199
internal_count=6864 2860 1430 1430 789 641 4004 655 775 312 445 293 187 477 92 412 454 289 407 164 243 211 248 152 82 165 190 330 3793 199
is_linear=0
shrinkage=0.05


Tree=9
num_leaves=31
num_cat=0
split_feature=13 13 8 15 12 8 12 12 8 15 15 9 15 15 7 5 7 8 7 15 27 15 7 12 15 9 4 8 8 8
split_gain=0.000113619 1.41053e-05 6.76679e-06 2.84858e-06 1.92792e-06 1.2198e-06 8.86331e-07 7.91658e-07 7.81972e-07 7.51755e-07 6.06583e-07 5.68564e-07 5.57934e-07 3.68123e-07 4.91801e-07 4.75059e-07 3.14876e-07 3.14599e-07 2.61772e-07 2.44222e-07 2.37261e-07 2.26094e-07 2.08585e-07 2.07956e-07 1.90244e-07 1.64439e-07 1.57027e-07 1.28924e-07 1.22516e-07 9.70248e-08
threshold=0.25881904510252057 0.78656609248549303 58.636634256885976 -0.45273527932988084 -0.78656609248549292 70.532270969341809 -0.37940952255126065 -0.37940952255126065 43.868451668974394 0.14888728888808328 0.91245913578114801 -60.224164379586931 0.91245913578114801 -0.73284120334876357 134.27442752181852 4.5500000000000007 113.28961803638258 288.89937049360316 92.010027899295963 -0.45273527932988084 45.833333333333336 0.94975093725139803 140.90444300747774 0.98296291314453421 -0.73284120334876357 -32.628875293649905 63.500000000000007 288.14476638188802 285.57773149842563 79.041956903033608
decision_type=2 2 2 2 2 2 2 2 2 2 2 2 2 2 2 2 2 2 2 2 2 2 2 2 2 2 2 2 2 2
left_child=5 2 8 6 9 18 -3 17 19 27 11 -6 20 15 -15 -8 26 -5 -1 25 -9 -14 -12 28 -18 -2 -10 -4 -7 -25
right_child=1 3 4 7 10 23 13 12 16 -11 22 -13 21 14 -16 -17 24 -19 -20 -21 -22 -23 -24 29 -26 -27 -28 -29 -30 -31
leaf_value=-3.6421032447063994e-06 1.3994251919816789e-05 9.8808500538893902e-06 -1.5511032405200524e-06 3.4471421184077499e-06 1.0758069462705561e-05 -5.7398172752721413e-06 1.1598290078456313e-05 1.1304172410242235e-05 6.2306839467827096e-06 -5.6340825849051626e-06 -4.0826449014061572e-06 3.3371255107701835e-06 1.7235008840543744e-06 9.841571964945461e-06 1.5317688873282594e-05 1.633834658906628e-05 1.060894389387326e-05 7.9385950018914552e-06 4.5848992205307149e-07 7.4476680520792099e-06 9.2300014010030892e-06 7.7565514216489241e-06 1.4557843622456217e-06 -2.1669774619576182e-06 7.4977289249780458e-06 1.0312402560964034e-05 1.2666387371090033e-06 1.0253362614763907e-06 -3.7851683595274553e-06 -4.7190819699001931e-06
leaf_weight=65 89 128 83 70 27 3586 65 324 66 86 34 586 24 82 82 283 76 88 97 26 240 44 34 54 139 46 21 117 82 120
leaf_count=65 89 128 83 70 27 3586 65 324 66 86 34 586 24 82 82 283 76 88 97 26 240 44 34 54 139 46 21 117 82 120
internal_value=4.64322e-14 7.61152e-06 4.10013e-06 1.11229e-05 1.72017e-06 -5.4368e-06 1.36023e-05 9.1143e-06 9.07081e-06 -1.72485e-06 3.16698e-06 3.66399e-06 9.9057e-06 1.45326e-05 1.25796e-05 1.5453e-05 7.57049e-06 5.94871e-06 -1.18681e-06 1.18851e-05 1.04215e-05 5.62724e-06 -1.31343e-06 -5.616e-06 8.59751e-06 1.27397e-05 5.03247e-06 -4.38861e-08 -5.69612e-06 -3.92705e-06
internal_weight=6864 2860 1430 1430 967 4004 640 790 463 286 681 613 632 512 164 348 302 158 162 161 564 68 68 3842 215 135 87 200 3668 174
internal_count=6864 2860 1430 1430 967 4004 640 790 463 286 681 613 632 512 164 348 302 158 162 161 564 68 68 3842 215 135 87 200 3668 174
is_linear=0
shrinkage=0.05


Tree=10
num_leaves=31
num_cat=0
split_feature=13 13 8 15 13 8 8 12 15 15 12 3 8 3 27 8 15 12 3 8 0 15 15 12 15 3 12 15 8 8
split_gain=0.000102541 1.27301e-05 6.14078e-06 2.58357e-06 1.43811e-06 1.20868e-06 1.10331e-06 9.12033e-07 6.40645e-07 6.05487e-07 6.00101e-07 4.86966e-07 3.99638e-07 3.88388e-07 5.57675e-07 3.50753e-07 6.95176e-07 3.43481e-07 3.52872e-07 3.27641e-07 2.47727e-07 2.0405e-07 2.01147e-07 1.94443e-07 1.94033e-07 1.80566e-07 1.55899e-07 1.12577e-07 1.11911e-07 1.00509e-07
threshold=0.25881904510252057 0.78656609248549303 69.797124037577774 -0.6905596507703472 0.60355339059327384 44.449389694931376 72.353280273547838 -0.37940952255126065 0.18281312110578132 0.91245913578114801 -0.37940952255126065 10.350000000000003 260.32298033168217 17.050000000000004 6.8333333333333348 93.262171077954676 0.14888728888808328 0.91597561503675362 12.350000000000003 286.52344826832297 9.5000000000000018 0.94975093725139803 -0.99465740988130902 0.91597561503675362 -0.45273527932988084 19.650000000000002 0.98296291314453421 -0.68432604233786842 287.32847083004589 296.48308970019144
decision_type=2 2 2 2 2 2 2 2 2 2 2 2 2 2 2 2 2 2 2 2 2 2 2 2 2 2 2 2 2 2
left_child=6 2 5 10 15 24 20 19 29 11 -3 -9 -10 14 -12 23 -17 18 -7 -5 -1 -11 -15 -4 25 -2 28 -19 -8 -6
right_child=1 3 4 7 8 17 26 9 12 21 13 -13 -14 22 -16 16 -18 27 -20 -21 -22 -23 -24 -25 -26 -27 -28 -29 -30 -31
leaf_value=-1.6306777051795509e-07 1.0564942681006479e-05 1.0030889404062808e-05 2.9899784092660066e-06 2.89632371007783e-06 4.0342335837016844e-06 3.6956850739475237e-06 -5.4575448882708414e-06 3.4352924194536176e-06 5.7067179487343575e-06 1.6373258783157023e-06 4.7660969175922223e-06 1.0541639593793873e-05 -1.2118154897019317e-06 1.2452806490851012e-05 1.372553022849154e-05 -4.1691816207389818e-08 -5.0976680094853454e-06 5.4098842232825098e-06 8.0979882892456493e-06 7.3731293969787551e-06 -3.8781666678135352e-06 7.3687239106137982e-06 1.6487675135252367e-05 -3.3097735512870052e-07 7.1987990224897659e-06 1.4285680323234335e-05 -3.830101110330779e-06 2.709432280356011e-06 -3.379768537398019e-06 6.2694194048321838e-06
leaf_weight=125 112 94 74 59 90 57 3582 25 28 24 20 675 82 37 132 200 103 95 226 133 70 44 187 109 29 46 161 65 66 114
leaf_count=125 112 94 74 59 90 57 3582 25 28 24 20 675 82 37 132 200 103 95 226 133 70 44 187 109 29 46 161 65 66 114
internal_value=4.26427e-15 7.23094e-06 3.89513e-06 1.05668e-05 9.87497e-07 7.58735e-06 -5.16496e-06 9.07971e-06 3.62489e-06 9.85027e-06 1.36041e-05 1.02878e-05 5.49266e-07 1.44974e-05 1.25467e-05 -7.16494e-07 -1.76039e-06 6.16445e-06 7.21131e-06 5.99744e-06 -1.49669e-06 5.34588e-06 1.58212e-05 1.01192e-06 1.09582e-05 1.16482e-05 -5.35275e-06 4.31283e-06 -5.41995e-06 5.28331e-06
internal_weight=6864 2860 1430 1430 800 630 4004 960 314 768 470 700 110 376 152 486 303 443 283 192 195 68 224 183 187 158 3809 160 3648 204
internal_count=6864 2860 1430 1430 800 630 4004 960 314 768 470 700 110 376 152 486 303 443 283 192 195 68 224 183 187 158 3809 160 3648 204
is_linear=0
shrinkage=0.05


Tree=11
num_leaves=31
num_cat=0
split_feature=13 13 8 15 13 8 8 12 8 15 12 11 11 7 7 8 7 11 15 27 8 7 11 11 15 8 12 8 15 15
split_gain=9.25435e-05 1.14889e-05 5.54663e-06 2.35755e-06 1.31018e-06 1.1198e-06 9.98257e-07 7.6169e-07 6.72393e-07 6.12141e-07 4.58895e-07 4.21629e-07 3.98105e-07 3.94489e-07 3.75918e-07 3.51246e-07 2.47799e-07 2.44052e-07 2.42364e-07 2.29652e-07 2.23993e-07 2.19236e-07 2.09342e-07 2.16611e-07 1.80273e-07 1.78131e-07 1.67532e-07 1.6688e-07 1.46483e-07 1.43799e-07
threshold=0.25881904510252057 0.78656609248549303 70.532270969341809 -0.42958798411962301 0.60355339059327384 51.825694037050148 70.532270969341809 -1.0000000180025095e-35 303.0895009945126 0.31595530242620651 -1.0000000180025095e-35 16.415625000000002 18.309375000000006 152.99587761249464 128.96249388644659 288.14476638188802 120.92003185630369 12.115625000000001 -0.60555643346685839 6.8333333333333348 276.95746004101466 92.010027899295963 12.640625000000002 19.506250000000005 0.13185577213185923 43.868451668974394 0.98296291314453421 317.93051008410481 -0.68432604233786842 -0.67801649466304881
decision_type=2 2 2 2 2 2 2 2 2 2 2 2 2 2 2 2 2 2 2 2 2 2 2 2 2 2 2 2 2 2
left_child=6 2 5 7 14 11 21 27 10 -6 20 25 19 -11 15 -4 28 -12 -13 -9 -5 -1 24 -24 -10 -2 -8 -3 -7 -14
right_child=1 3 4 8 9 16 26 12 22 13 17 18 29 -15 -16 -17 -18 -19 -20 -21 -22 -23 23 -25 -26 -27 -28 -29 -30 -31
leaf_value=-3.3089562870932591e-06 9.3381938791542957e-06 9.0161811143790126e-06 -2.2693405485765721e-06 2.1808418150999873e-06 4.84508896829151e-06 5.1393900852609054e-06 -5.14073697794874e-06 7.9737869029862664e-06 4.3262798304307843e-06 -2.0668924014788708e-06 4.2341933597829975e-06 1.2137134178192356e-05 1.6037131880481978e-05 5.2045897833662689e-06 2.6303433935481737e-06 9.7615404683892856e-07 6.5551145022390365e-06 9.0672136986477834e-06 7.4297956195680727e-06 1.2781724344703347e-05 6.0908194665942752e-06 4.4371881391346028e-07 1.1107583112384923e-05 7.0262224916835921e-06 9.5847739360648967e-06 5.8484644230053696e-06 -3.5528906822320813e-06 1.1552480201356442e-05 2.2049813362007795e-06 1.2804311207017033e-05
leaf_weight=65 66 144 290 47 220 95 3668 29 28 66 30 125 146 26 70 117 161 202 35 173 166 97 225 38 39 82 174 118 77 45
leaf_count=65 66 144 290 47 220 95 3668 29 28 66 30 125 146 26 70 117 161 202 35 173 166 97 225 38 39 82 174 118 77 45
internal_value=-5.97104e-14 6.86939e-06 3.70037e-06 1.00384e-05 8.93599e-07 7.15519e-06 -4.90671e-06 1.22467e-05 8.17203e-06 3.4129e-06 6.90377e-06 9.32818e-06 1.36389e-05 -1.19083e-08 -7.54245e-07 -1.33636e-06 5.14534e-06 8.44225e-06 1.11074e-05 1.20915e-05 5.22805e-06 -1.06198e-06 9.88226e-06 1.05179e-05 7.38719e-06 7.4047e-06 -5.06883e-06 1.01585e-05 3.82573e-06 1.52755e-05
internal_weight=6864 2860 1430 1430 789 641 4004 655 775 312 445 308 393 92 477 407 333 232 160 202 213 162 330 263 67 148 3842 262 172 191
internal_count=6864 2860 1430 1430 789 641 4004 655 775 312 445 308 393 92 477 407 333 232 160 202 213 162 330 263 67 148 3842 262 172 191
is_linear=0
shrinkage=0.05


Tree=12
num_leaves=31
num_cat=0
split_feature=13 13 8 15 12 8 14 12 9 15 8 9 8 15 3 14 14 8 14 9 9 3 14 14 14 8 14 13 8 8
split_gain=8.35205e-05 1.03687e-05 5.00992e-06 2.14822e-06 1.29267e-06 9.07897e-07 8.75013e-07 7.72133e-07 6.58151e-07 5.92521e-07 5.7616e-07 6.87693e-07 5.42535e-07 5.36628e-07 4.19241e-07 3.80434e-07 5.72943e-07 2.87833e-07 2.52066e-07 2.25557e-07 1.8873e-07 1.88191e-07 1.82984e-07 1.75225e-07 4.03443e-07 1.38075e-07 1.36873e-07 1.14609e-07 1.10546e-07 1.01437e-07
threshold=0.25881904510252057 0.78656609248549303 62.121740979040858 -0.73284120334876357 -0.78656609248549292 73.386044648695517 0.23537774960157334 -0.37940952255126065 -38.249903098151272 0.14888728888808328 279.76341858091433 -38.249903098151272 48.156894288254172 0.91245913578114801 10.350000000000003 0.54219432480460406 0.67802080537253973 288.89937049360316 0.23537774960157334 -1.926741258843067 -30.771189818335277 15.15 0.31799963745711152 0.54219432480460406 0.21862473630160603 37.05353881563304 0.3504237462291826 1.0000000180025095e-35 296.48308970019144 288.14476638188802
decision_type=2 2 2 2 2 2 2 2 2 2 2 2 2 2 2 2 2 2 2 2 2 2 2 2 2 2 2 2 2 2
left_child=5 2 6 8 9 19 12 17 23 29 11 -6 25 14 -9 21 -17 -5 20 -1 -10 -8 -15 24 -3 -2 -20 -7 -12 -4
right_child=1 3 4 7 10 27 15 13 18 -11 28 -13 -14 22 -16 16 -18 -19 26 -21 -22 -23 -24 -25 -26 -27 -28 -29 -30 -31
leaf_value=-9.9842115065851645e-08 1.3386389412820183e-05 1.5295676659294841e-05 -1.3579964334108394e-06 2.8880023826007218e-06 4.1635544747009588e-06 -4.9385160700751508e-06 -1.0029312551296244e-06 2.9855851321372029e-06 1.3531299358108204e-05 -4.984028059298421e-06 3.4359937578756219e-06 -1.0896297681248429e-07 7.0665764546617993e-06 6.6193625540026097e-06 9.5745937302834237e-06 1.2723341108843064e-05 5.2252910412407697e-06 6.8701987877622117e-06 5.8952288700960965e-06 -3.4208428182498845e-06 1.0176069192918173e-05 4.750999918272741e-06 1.1918752875317296e-06 1.8353898437150446e-05 7.9253638515100729e-06 1.0204788231010154e-05 1.0067198533733697e-05 -4.0802398274752965e-06 5.7136940208573311e-06 9.2734632715351458e-07
leaf_weight=124 60 119 83 70 148 3353 30 25 95 86 100 259 128 44 703 30 169 129 28 87 75 27 24 30 22 79 66 440 114 117
leaf_count=124 60 119 83 70 148 3353 30 25 95 86 100 259 128 44 703 30 169 129 28 87 75 27 24 30 22 79 66 440 114 117
internal_value=2.99343e-14 6.52592e-06 3.51535e-06 9.5365e-06 1.26803e-06 -4.66137e-06 7.41271e-06 8.25513e-06 1.24674e-05 -1.51343e-06 2.54903e-06 1.44468e-06 9.41529e-06 8.95155e-06 9.34832e-06 5.32408e-06 6.35565e-06 5.46943e-06 1.09022e-05 -1.46916e-06 1.20511e-05 1.72262e-06 4.70378e-06 1.4884e-05 1.41457e-05 1.15781e-05 8.82448e-06 -4.83895e-06 4.64935e-06 -2.10709e-08
internal_weight=6864 2860 1430 1430 907 4004 523 995 435 286 621 407 267 796 728 256 199 199 264 211 170 57 68 171 141 139 94 3793 214 200
internal_count=6864 2860 1430 1430 907 4004 523 995 435 286 621 407 267 796 728 256 199 199 264 211 170 57 68 171 141 139 94 3793 214 200
is_linear=0
shrinkage=0.05


Tree=13
num_leaves=31
num_cat=0
split_feature=13 13 8 15 13 8 8 9 8 15 14 14 14 7 14 9 7 17 3 5 3 15 14 3 8 3 7 14 7 8
split_gain=7.53773e-05 9.35776e-06 4.57922e-06 1.95122e-06 1.07067e-06 9.31005e-07 8.26171e-07 6.03556e-07 5.76331e-07 5.14147e-07 4.31962e-07 3.63097e-07 3.39114e-07 3.35152e-07 3.13244e-07 4.59827e-07 2.93568e-07 2.97969e-07 2.881e-07 2.68792e-07 2.55533e-07 2.48267e-07 2.22085e-07 2.10741e-07 1.64261e-07 1.63822e-07 1.45653e-07 1.42357e-07 1.25335e-07 1.23855e-07
threshold=0.25881904510252057 0.78656609248549303 70.532270969341809 -0.42958798411962301 0.60355339059327384 44.449389694931376 68.636046773892375 -36.632833526883438 303.0895009945126 0.31595530242620651 -0.99630266176052629 0.21862473630160603 0.21862473630160603 152.99587761249464 0.9916835347852474 -24.138091778613834 128.96249388644659 0.38540468242345322 18.250000000000004 5.4500000000000011 14.050000000000002 -0.72102888505294738 -0.7217484125045438 10.950000000000001 78.181376658593322 19.550000000000004 95.229515213652007 0.41398981800788198 121.9520930013885 37.05353881563304
decision_type=2 2 2 2 2 2 2 2 2 2 2 2 2 2 2 2 2 2 2 2 2 2 2 2 2 2 2 2 2 2
left_child=6 2 5 7 16 11 -1 12 10 -6 -5 29 22 -11 15 -7 17 -4 -12 -14 -13 28 -3 -10 26 -25 -8 -18 -9 -2
right_child=1 3 4 8 9 14 24 21 23 13 18 20 19 -15 -16 -17 27 -19 -20 -21 -22 -23 -24 25 -26 -27 -28 -29 -30 -31
leaf_value=-5.1674346867089524e-08 1.2911122579125577e-05 1.1142025064863877e-05 -2.2265939063641265e-06 1.1981521638517733e-05 4.3792727103664223e-06 7.0004364832597327e-06 -4.0059536576939472e-06 9.0852333996873778e-06 4.3287933523387162e-06 -1.9661562985771581e-06 6.3208191445914514e-06 1.1050963698485598e-05 7.4524647509540094e-06 4.7361825566510493e-06 6.3971586060313926e-07 3.6330399169475522e-06 -2.9530695107549789e-08 5.9409911937925099e-07 2.625238095005546e-06 1.1831495575214442e-05 5.0527854741387404e-06 6.0664204914606876e-06 1.4384672932508411e-05 9.7250361549409991e-06 -4.6292846439839433e-06 6.2178622598414804e-06 -1.1919191167415253e-06 4.4819288784007467e-06 1.1873807019042191e-05 9.4500102378610208e-06
leaf_weight=105 59 76 261 30 220 249 178 132 23 66 353 26 51 26 34 171 34 146 62 112 56 53 173 269 3659 38 62 36 58 46
leaf_count=105 59 76 261 30 220 249 178 132 23 66 353 26 51 26 34 171 34 146 62 112 56 53 173 269 3659 38 62 36 58 46
internal_value=-6.35662e-14 6.19963e-06 3.33958e-06 9.05967e-06 7.89299e-07 6.4787e-06 -4.42831e-06 1.10687e-05 7.36172e-06 3.06671e-06 6.18755e-06 9.4478e-06 1.22343e-05 -7.20171e-08 5.25575e-06 5.62943e-06 -7.00329e-07 -1.21475e-06 5.76871e-06 1.04614e-05 6.95465e-06 9.09239e-06 1.33949e-05 8.94508e-06 -4.54617e-06 9.29092e-06 -3.27899e-06 2.29065e-06 9.93648e-06 1.13948e-05
internal_weight=6864 2860 1430 1430 789 641 4004 655 775 312 445 187 412 92 454 420 477 407 415 163 82 243 249 330 3899 307 240 70 190 105
internal_count=6864 2860 1430 1430 789 641 4004 655 775 312 445 187 412 92 454 420 477 407 415 163 82 243 249 330 3899 307 240 70 190 105
is_linear=0
shrinkage=0.05


Tree=14
num_leaves=31
num_cat=0
split_feature=13 13 12 15 15 9 9 12 12 14 14 12 14 3 15 15 14 15 15 14 15 14 21 14 14 3 14 14 15 3
split_gain=6.8028e-05 8.44538e-06 2.98788e-06 1.78013e-06 1.73901e-06 1.07249e-06 8.63035e-07 7.28966e-07 6.27231e-07 6.79301e-07 6.23103e-07 6.23602e-07 6.84688e-07 6.0315e-07 5.17495e-07 4.17566e-07 3.27778e-07 3.06595e-07 3.00057e-07 1.86606e-07 1.7197e-07 1.25812e-07 1.10094e-07 7.90789e-08 7.73744e-08 6.36213e-08 5.70757e-08 5.42176e-08 5.16058e-08 3.18158e-08
threshold=0.25881904510252057 0.78656609248549303 -0.78656609248549292 0.04621408538533487 -0.46800559042974538 -28.120797331603821 -40.710067886046815 0.98296291314453421 -0.37940952255126065 0.67802080537253973 0.9916835347852474 -1.0000000180025095e-35 0.42958674266195179 16.350000000000005 0.30778899014954286 0.04621408538533487 0.54219432480460406 0.91245913578114801 -0.68432604233786842 0.23537774960157334 0.93842613001991437 0.21862473630160603 137.50000000000003 -0.7217484125045438 0.80417553764032002 19.050000000000004 -0.083760455055074887 0.23537774960157334 -0.27694043983797384 18.150000000000002
decision_type=2 2 2 2 2 2 2 2 2 2 2 2 2 2 2 2 2 2 2 2 2 2 2 2 2 2 2 2 2 2
left_child=7 2 14 8 5 21 17 -1 23 16 11 20 -13 -11 22 -8 -10 -6 27 -7 -5 -4 -2 25 28 -3 -25 -9 -20 -24
right_child=1 3 4 10 6 19 15 18 9 13 -12 12 -14 -15 -16 -17 -18 -19 24 -21 -22 -23 29 26 -26 -27 -28 -29 -30 -31
leaf_value=-4.3940041219466049e-06 -1.5516016239240633e-06 7.1743390953462096e-06 1.0848652329042564e-05 4.9470348130498108e-06 5.7853103764389899e-06 5.9147449933700055e-06 2.8956662166127304e-06 1.3934088438036857e-06 1.1099913109949661e-05 1.004956374963923e-05 -1.5263872537616407e-06 4.8831978221555585e-06 9.9958860569105364e-06 4.3421061872335558e-06 -5.2436749683693056e-06 -3.0461715732230831e-07 1.580089010531083e-05 6.4386049683996726e-07 -2.0762475775668199e-06 3.5469105204550294e-06 5.6267630664199089e-07 7.8928225026107554e-06 1.9140526252414976e-06 9.4337430016908219e-06 -1.6511911240200249e-06 3.4741493458395347e-06 7.2340462977099561e-06 -1.1152930958566933e-06 -4.3890244933756918e-06 2.013998645199454e-07
leaf_weight=3718 91 26 108 160 197 199 193 62 508 133 25 105 174 71 67 216 40 34 34 143 26 54 39 42 74 21 99 33 83 89
leaf_count=3718 91 26 108 160 197 199 193 62 508 133 25 105 174 71 67 216 40 34 34 143 26 54 39 42 74 21 99 33 83 89
internal_value=-6.28479e-14 5.88965e-06 3.1726e-06 8.60669e-06 4.31536e-06 6.51212e-06 2.58541e-06 -4.20689e-06 9.88037e-06 1.05262e-05 6.1633e-06 6.57672e-06 8.07176e-06 8.06314e-06 -1.39842e-06 1.20554e-06 1.14431e-05 5.02856e-06 -1.77442e-06 4.92469e-06 4.33417e-06 9.86338e-06 -2.22023e-07 7.29722e-06 -2.91659e-06 5.52106e-06 7.88928e-06 5.21965e-07 -3.71694e-06 7.23224e-07
internal_weight=6864 2860 1430 1430 1144 504 640 4004 940 752 490 465 279 204 286 409 548 231 286 342 186 162 219 188 191 47 141 95 117 128
internal_count=6864 2860 1430 1430 1144 504 640 4004 940 752 490 465 279 204 286 409 548 231 286 342 186 162 219 188 191 47 141 95 117 128
is_linear=0
shrinkage=0.05


Tree=15
num_leaves=31
num_cat=0
split_feature=7 15 7 7 15 15 7 7 15 7 15 7 8 14 14 14 5 3 15 7 12 8 14 7 14 8 15 14 3 7
split_gain=5.89469e-05 5.32121e-06 4.64863e-06 3.26507e-06 2.83083e-06 1.03886e-06 8.98448e-07 8.66561e-07 8.33529e-07 5.74797e-07 4.92397e-07 4.18246e-07 3.88645e-07 3.65446e-07 3.48623e-07 3.24186e-07 3.16255e-07 3.43591e-07 3.01806e-07 2.19389e-07 1.91514e-07 1.90451e-07 1.82932e-07 1.646e-07 1.61616e-07 1.47924e-07 1.38691e-07 1.25362e-07 1.23879e-07 1.22764e-07
threshold=112.04273175422459 -0.45273527932988084 90.343440387037958 129.99410616246317 -0.14250536273956091 0.47558139622940165 122.76587418004705 101.78314279498169 0.91245913578114801 141.85670053890806 -0.73284120334876357 134.27442752181852 296.48308970019144 0.23537774960157334 -0.99630266176052629 0.31799963745711152 4.5500000000000007 16.150000000000002 0.063390085881955341 153.97310347240486 0.91597561503675362 269.6457266754839 -0.7217484125045438 127.83576336438848 0.82414472752956958 92.613874070518492 -0.6905596507703472 0.3504237462291826 15.65 106.02644824171743
decision_type=2 2 2 2 2 2 2 2 2 2 2 2 2 2 2 2 2 2 2 2 2 2 2 2 2 2 2 2 2 2
left_child=2 6 -1 5 7 12 13 -4 9 18 16 24 20 22 -11 19 17 -8 -5 -10 -3 -17 -2 -18 -12 -7 28 -15 -9 -28
right_child=1 3 4 8 -6 25 10 26 15 14 11 -13 -14 27 -16 21 23 -19 -20 -21 -22 -23 -24 -25 -26 -27 29 -29 -30 -31
leaf_value=-4.1623718629938737e-06 4.8426896646560643e-06 2.975511887409926e-06 -1.2757209703886755e-08 6.6648549830746204e-06 -3.726648167002926e-06 5.3662085850903211e-07 3.6217658992592826e-06 2.1367459249554154e-06 1.2205580687942998e-06 1.2387869337544546e-05 6.3611389439700165e-06 1.1668300858108995e-05 6.6658818902644938e-06 2.5342968001496049e-06 7.522132570128343e-06 -4.525600732969386e-06 1.1230116083092204e-05 1.1688609717539018e-05 3.6047858054053589e-06 6.6136716813244593e-06 1.2350466164761379e-07 2.2083121707726694e-06 9.4118214932122853e-06 1.3662690512887821e-05 1.0966238234845071e-05 -3.0190885528803396e-06 -1.2182031593965804e-06 6.2714848998407069e-06 5.2519179676993292e-06 3.1040042293469746e-06
leaf_weight=3543 25 182 326 169 376 39 22 41 33 40 111 83 55 28 462 21 123 33 154 44 87 21 177 160 23 117 20 113 144 92
leaf_count=3543 25 182 326 169 376 39 22 41 33 40 111 83 55 28 462 21 123 33 154 44 87 21 177 160 23 117 20 113 144 92
internal_value=3.52474e-14 6.48044e-06 -3.31298e-06 4.57968e-06 -3.00592e-07 1.2221e-06 9.49456e-06 1.76714e-06 6.28692e-06 6.8512e-06 1.07379e-05 8.87917e-06 2.83615e-06 7.48279e-06 7.90984e-06 2.37493e-06 1.19312e-05 8.46187e-06 5.20587e-06 4.30234e-06 2.05312e-06 -1.15864e-06 8.84633e-06 1.26054e-05 7.15157e-06 -2.13016e-06 3.72083e-06 5.52935e-06 4.56153e-06 2.33218e-06
internal_weight=6864 2322 4542 1424 999 480 898 623 944 825 555 217 324 343 502 119 338 55 323 77 269 42 202 283 134 156 297 141 185 112
internal_count=6864 2322 4542 1424 999 480 898 623 944 825 555 217 324 343 502 119 338 55 323 77 269 42 202 283 134 156 297 141 185 112
is_linear=0
shrinkage=0.05


Tree=16
num_leaves=31
num_cat=0
split_feature=13 13 15 7 15 9 15 7 15 13 2 3 9 15 14 9 7 15 14 5 14 7 7 9 13 27 14 7 14 27
split_gain=5.54832e-05 6.8809e-06 1.72777e-06 1.66583e-06 1.45779e-06 1.357e-06 5.74642e-07 5.5268e-07 5.32071e-07 4.07074e-07 3.79502e-07 3.74818e-07 3.70196e-07 2.7854e-07 2.68262e-07 2.65869e-07 2.58213e-07 2.33448e-07 2.32228e-07 2.11789e-07 2.09978e-07 2.00924e-07 1.53155e-07 1.37818e-07 1.34222e-07 1.19691e-07 1.03508e-07 1.5827e-07 8.5626e-08 7.33256e-08
threshold=0.25881904510252057 0.78656609248549303 -0.42958798411962301 113.28961803638258 -0.73284120334876357 -39.873496590104615 0.31595530242620651 128.38969691279922 0.91245913578114801 1.0000000180025095e-35 1.5000000000000002 10.050000000000002 -47.364955395838642 -0.68432604233786842 0.21862473630160603 -28.120797331603821 114.92423621988472 0.91245913578114801 0.23537774960157334 4.2500000000000009 0.54219432480460406 92.010027899295963 120.92003185630369 -60.224164379586931 0.60355339059327384 6.8333333333333348 0.31799963745711152 161.15337734159209 0.28519915169571858 52.500000000000007
decision_type=2 2 2 2 2 2 2 2 2 2 2 2 2 2 2 2 2 2 2 2 2 2 2 2 2 2 2 2 2 2
left_child=9 2 3 10 7 17 15 18 11 -1 29 -6 -13 21 24 -7 -8 23 22 -9 -16 -11 -3 -4 -5 -20 27 -10 -21 -2
right_child=1 4 5 14 8 6 16 19 26 13 -12 12 -14 -15 20 -17 -18 -19 25 28 -22 -23 -24 -25 -26 -27 -28 -29 -30 -31
leaf_value=-4.0050715144159997e-06 4.2571053045961783e-06 8.2237343074713812e-06 8.3669982039417076e-06 7.710166801306114e-06 6.2231477861794049e-07 3.2280889288271147e-06 -4.8209521523720916e-06 7.9752343145114335e-06 9.363786373031955e-07 -2.3864819430937964e-06 5.2135518969671538e-07 8.0504731805807562e-06 5.9602849293102472e-06 -3.3424886170686328e-06 2.8033319286654055e-06 1.8974073497185259e-07 -9.9064943503373643e-07 5.6480075794324336e-07 3.5661920864268641e-06 1.2480203536061448e-05 7.5765985415365836e-06 9.0674492909670339e-07 1.1231361049988451e-05 4.5333916238512735e-06 1.0624799375087789e-05 7.7667739026003036e-06 5.7026440875536845e-07 6.4113508339384388e-06 1.5378152646448918e-05 2.2708759900069707e-06
leaf_weight=3432 206 77 27 79 22 104 66 23 22 110 131 539 349 382 36 234 132 34 22 112 64 80 94 178 79 74 30 33 33 60
leaf_count=3432 206 77 27 79 22 104 66 23 22 110 131 539 349 382 36 234 132 34 22 112 64 80 94 178 79 74 30 33 33 60
internal_value=2.97357e-14 5.31895e-06 2.86645e-06 4.75694e-06 7.77146e-06 1.26868e-06 -1.2841e-07 1.01859e-05 6.7159e-06 -3.79925e-06 2.72422e-06 7.06927e-06 7.22899e-06 -2.56434e-06 7.88482e-06 1.12462e-06 -2.26742e-06 4.40191e-06 8.77218e-06 1.24327e-05 5.85822e-06 -9.9986e-07 9.87705e-06 5.03831e-06 9.16748e-06 6.80414e-06 2.93274e-06 4.22136e-06 1.31397e-05 3.80908e-06
internal_weight=6864 2860 1430 655 1430 775 536 435 995 4004 397 910 888 572 258 338 198 239 267 168 100 190 171 205 158 96 85 55 145 266
internal_count=6864 2860 1430 655 1430 775 536 435 995 4004 397 910 888 572 258 338 198 239 267 168 100 190 171 205 158 96 85 55 145 266
is_linear=0
shrinkage=0.05


Tree=17
num_leaves=31
num_cat=0
split_feature=9 12 7 12 3 12 12 21 3 7 12 14 12 12 23 7 9 12 14 9 9 14 14 14 14 7 7 14 27 27
split_gain=4.80401e-05 3.78477e-06 3.72491e-06 2.04995e-06 1.07773e-06 7.28091e-07 5.95313e-07 9.76546e-07 5.8031e-07 5.09745e-07 4.85588e-07 3.187e-07 2.55271e-07 2.22228e-07 3.69111e-07 2.10805e-07 2.0737e-07 2.05325e-07 1.00787e-07 1.75532e-07 8.11023e-08 9.11872e-08 6.2002e-08 5.90645e-08 5.60079e-08 4.69961e-08 3.50894e-08 3.21449e-08 2.81808e-08 2.72925e-08
threshold=-21.727977670815978 0.91597561503675362 90.343440387037958 -0.60355339059327362 21.250000000000004 0.78656609248549325 -0.78656609248549292 4.5000000000000009 10.050000000000002 103.23823423304056 0.98296291314453421 0.97508442350096236 0.98296291314453421 -0.9159756150367534 2.5000000000000004 122.76587418004705 -36.378017281591276 0.98296291314453421 -0.96689237009891416 -24.869770033133008 -24.138091778613834 0.41398981800788198 0.13398903995667991 -0.98214942551678475 0.68432406471780916 77.98501034830889 83.943686513917001 -0.28622038059279059 63.500000000000007 26.166666666666668
decision_type=2 2 2 2 2 2 2 2 2 2 2 2 2 2 2 2 2 2 2 2 2 2 2 2 2 2 2 2 2 2
left_child=1 3 25 18 5 8 13 9 -5 12 -11 15 -8 -4 22 -6 -7 20 -1 24 21 23 -15 -3 -20 -2 -27 -16 -23 -9
right_child=2 17 6 4 11 16 7 29 -10 10 -12 -13 -14 14 27 -17 -18 -19 19 -21 -22 28 -24 -25 -26 26 -28 -29 -30 -31
leaf_value=3.0808963457692095e-06 -3.8367200346250668e-06 -1.5854355772469055e-07 -4.1388767385797115e-06 -1.0709608886827482e-07 7.9516544826802101e-06 2.3483164575092514e-06 -3.8204531535089388e-06 4.7390020062801262e-06 6.920416799964925e-06 3.2171707360792865e-06 -2.4874148330958143e-06 3.5988277063768781e-06 -6.8914974181068021e-07 -1.5430176393949344e-06 -5.621402475112932e-07 1.0874568040853956e-05 5.2414784779131196e-06 -3.8903184924327597e-06 -2.7187151217308277e-06 2.8342105327861978e-06 2.5354098270851798e-06 -1.3334823537098311e-07 -3.9338571853252519e-06 -3.5693958003927646e-06 6.9301971771276459e-08 -2.9993965382348585e-06 -3.7942259512891286e-06 9.3752550893156029e-07 1.9429178420383462e-06 3.3437126523750251e-06
leaf_weight=30 2976 22 84 30 89 120 99 91 1413 132 52 21 190 39 55 201 128 44 43 33 26 44 89 30 31 324 243 102 26 57
leaf_count=30 2976 22 84 30 89 120 99 91 1413 132 52 21 190 39 55 201 128 44 43 33 26 44 89 30 31 324 243 102 26 57
internal_value=5.77489e-14 5.83317e-06 -2.99959e-06 6.43679e-06 6.84171e-06 6.3442e-06 -2.8813e-07 6.57002e-07 6.77431e-06 -4.52098e-07 1.60501e-06 9.54682e-06 -1.76181e-06 -1.87872e-06 -1.21257e-06 9.97754e-06 3.84156e-06 -8.91535e-07 5.19704e-07 -1.98387e-07 -4.29217e-12 -5.40338e-07 -3.2054e-06 -2.12634e-06 -1.55076e-06 -3.75723e-06 -3.34004e-06 4.12165e-07 6.37836e-07 4.20163e-06
internal_weight=6864 2331 4533 2139 2002 1691 990 621 1443 473 184 311 289 369 285 290 248 192 137 107 148 122 128 52 74 3543 567 157 70 148
internal_count=6864 2331 4533 2139 2002 1691 990 621 1443 473 184 311 289 369 285 290 248 192 137 107 148 122 128 52 74 3543 567 157 70 148
is_linear=0
shrinkage=0.05


Tree=18
num_leaves=31
num_cat=0
split_feature=13 13 12 15 15 7 7 12 12 7 15 15 3 15 7 15 15 3 15 15 15 4 15 15 17 7 15 5 27 3
split_gain=4.51957e-05 5.63455e-06 1.9859e-06 1.34036e-06 1.18794e-06 7.22876e-07 5.42021e-07 4.90743e-07 4.72613e-07 4.61553e-07 4.01287e-07 3.62352e-07 3.17487e-07 2.96389e-07 2.71444e-07 2.59145e-07 2.458e-07 3.48881e-07 2.15209e-07 2.11875e-07 1.95026e-07 1.87953e-07 1.33827e-07 8.58227e-08 8.07021e-08 5.06645e-08 4.79188e-08 6.21637e-08 4.32007e-08 3.43274e-08
threshold=0.25881904510252057 0.78656609248549303 -0.78656609248549292 0.04621408538533487 -0.46800559042974538 118.353626780215 129.99410616246317 0.98296291314453421 -0.37940952255126065 150.5217580147461 -0.73284120334876357 0.30778899014954286 10.950000000000001 0.73281578960684157 128.38969691279922 0.30778899014954286 0.9052873537896472 17.650000000000002 -0.68432604233786842 0.91245913578114801 0.94975093725139803 2.5000000000000004 -0.97111920233974802 -0.67801649466304881 0.38540468242345322 112.79486125834522 -0.72102888505294738 13.750000000000002 45.833333333333336 15.450000000000001
decision_type=2 2 2 2 2 2 2 2 2 2 2 2 2 2 2 2 2 2 2 2 2 2 2 2 2 2 2 2 2 2
left_child=7 2 11 8 5 22 13 -1 26 12 14 24 -5 -6 -10 -14 17 -11 29 -8 -18 -12 -4 -7 -2 -20 28 -28 -3 -9
right_child=1 3 4 9 6 23 19 18 10 16 21 -13 15 -15 -16 -17 20 -19 25 -21 -22 -23 -24 -25 -26 -27 27 -29 -30 -31
leaf_value=-3.5825120917025629e-06 -1.5183057696846584e-06 7.3369106657724738e-06 5.7721829766218692e-06 -2.0461920566958727e-06 1.5936828919042756e-06 8.8632101575772788e-06 4.5651613374938064e-06 -7.911451623868109e-07 8.5810688142373704e-06 8.1708079715265673e-06 5.524437693057895e-06 -4.3629419397164848e-06 6.4193995012169909e-06 -1.9489661303100865e-06 1.1375597332137961e-05 2.6619724410316638e-06 -4.190054304282447e-07 3.0141089942711605e-06 -1.99463146813349e-06 3.0484243258316011e-07 5.744762459223487e-06 8.1703805966009725e-06 3.4765936208403817e-06 6.3362315321076799e-06 5.1778237679412723e-07 -4.0344947736134362e-06 5.7956632812650471e-06 2.7819672347752864e-06 4.742455104178589e-06 1.205033400708544e-06
leaf_weight=3718 73 68 84 25 328 112 206 33 180 164 85 67 69 72 168 137 21 41 153 34 33 319 260 48 146 38 77 22 21 62
leaf_count=3718 73 68 84 25 328 112 206 33 180 164 85 67 69 72 168 137 21 41 153 34 33 319 260 48 146 38 77 22 21 62
internal_value=-6.26333e-14 4.80058e-06 2.58128e-06 7.01988e-06 3.51293e-06 5.32856e-06 2.08311e-06 -3.42899e-06 8.1251e-06 4.89968e-06 8.68567e-06 -1.1453e-06 3.27478e-06 9.56006e-07 9.93015e-06 3.92053e-06 6.34892e-06 7.13947e-06 -1.43316e-06 3.96162e-06 3.34774e-06 7.61368e-06 4.03714e-06 8.10512e-06 -1.60914e-07 -2.40047e-06 5.88282e-06 5.12595e-06 6.72474e-06 5.11624e-07
internal_weight=6864 2860 1430 1430 1144 504 640 4004 940 490 752 286 231 400 348 206 259 205 286 240 54 404 344 160 219 191 188 99 89 95
internal_count=6864 2860 1430 1430 1144 504 640 4004 940 490 752 286 231 400 348 206 259 205 286 240 54 404 344 160 219 191 188 99 89 95
is_linear=0
shrinkage=0.05


Tree=19
num_leaves=31
num_cat=0
split_feature=13 13 12 15 15 9 9 14 14 12 12 14 27 27 15 9 14 15 14 15 15 15 0 14 14 11 14 14 15 14
split_gain=4.07891e-05 5.08518e-06 1.79228e-06 1.20967e-06 1.07304e-06 6.88188e-07 5.12455e-07 4.87473e-07 5.68363e-07 4.42896e-07 4.26533e-07 4.65527e-07 6.05151e-07 4.14351e-07 3.27023e-07 2.89413e-07 2.60618e-07 2.5429e-07 2.08911e-07 1.98577e-07 1.94226e-07 1.41943e-07 7.27079e-08 6.57839e-08 5.98042e-08 5.61715e-08 4.30246e-08 3.66832e-08 3.48321e-08 2.98698e-08
threshold=0.25881904510252057 0.78656609248549303 -0.78656609248549292 0.04621408538533487 -0.42958798411962301 -24.138091778613834 -40.710067886046815 0.9916835347852474 0.9053161325100999 0.98296291314453421 -0.37940952255126065 0.21862473630160603 6.8333333333333348 34.833333333333336 0.30778899014954286 -53.932882344181294 -0.93879691571722779 0.73281578960684157 0.67802080537253973 0.91245913578114801 -0.68432604233786842 -0.97111920233974802 10.500000000000002 0.80417553764032002 -0.7217484125045438 19.087500000000002 0.23537774960157334 -0.083760455055074887 -0.27694043983797384 0.46800856592688472
decision_type=2 2 2 2 2 2 2 2 2 2 2 2 2 2 2 2 2 2 2 2 2 2 2 2 2 2 2 2 2 2
left_child=9 2 14 10 5 18 19 8 15 -1 24 16 -13 -10 22 -5 -12 -8 -4 -6 26 -7 -2 28 25 -3 -11 -26 -22 -24
right_child=1 3 4 7 6 21 17 -9 13 20 11 12 -14 -15 -16 -17 -18 -19 -20 -21 23 -23 29 -25 27 -27 -28 -29 -30 -31
leaf_value=-3.403386405994285e-06 -1.1745904097570583e-06 5.5975436015824718e-06 7.8311396568106827e-06 4.9445657160312731e-06 4.4320940839811887e-06 5.3583162701739992e-06 1.4372727398637154e-06 -2.1467905098688789e-06 1.2468169351893432e-05 1.2623399526539228e-06 6.9758714452607668e-06 2.589435156035357e-06 7.9248754072960359e-06 5.6218360137282783e-06 -4.1447948816896128e-06 1.692190599212514e-06 9.9793897831546026e-06 -1.8515178325826141e-06 3.9919236439251389e-06 2.896002891194418e-07 -1.6704838341250735e-06 2.8090523977175105e-06 9.2612209545706045e-08 -1.1136614077913322e-06 7.3417409523591198e-06 2.1207362914581261e-06 -9.7245481209952382e-07 5.5782582697275129e-06 -3.5705729046694831e-06 1.7392429039578669e-06
leaf_weight=3718 97 26 182 285 194 72 320 25 39 62 92 67 257 51 67 90 336 72 44 34 34 226 80 74 42 21 33 99 83 42
leaf_count=3718 97 26 182 285 194 72 320 25 39 62 92 67 257 51 67 90 336 72 44 34 34 226 80 74 42 21 33 99 83 42
internal_value=-1.97292e-14 4.56055e-06 2.45222e-06 6.66889e-06 3.33728e-06 5.00297e-06 1.9295e-06 4.6547e-06 5.02037e-06 -3.25754e-06 7.71884e-06 8.25138e-06 6.82156e-06 8.58858e-06 -1.08804e-06 4.164e-06 9.33377e-06 8.33209e-07 7.08368e-06 3.81435e-06 -1.36151e-06 3.42498e-06 -1.52868e-07 -2.28044e-06 5.58868e-06 4.04408e-06 4.86043e-07 6.10355e-06 -3.01841e-06 6.59485e-07
internal_weight=6864 2860 1430 1430 1144 524 620 490 465 4004 940 752 324 90 286 375 428 392 226 228 286 298 219 191 188 47 95 141 117 122
internal_count=6864 2860 1430 1430 1144 524 620 490 465 4004 940 752 324 90 286 375 428 392 226 228 286 298 219 191 188 47 95 141 117 122
is_linear=0
shrinkage=0.05


Tree=20
num_leaves=31
num_cat=0
split_feature=13 13 15 7 9 21 15 14 14 15 9 14 15 13 14 14 13 14 13 15 15 7 9 27 15 7 9 9 14 14
split_gain=3.68122e-05 4.59541e-06 1.59072e-06 9.76862e-07 9.4918e-07 9.1143e-07 6.22698e-07 5.11025e-07 5.64782e-07 5.10001e-07 3.4976e-07 3.39398e-07 2.96913e-07 2.82972e-07 2.46254e-07 2.89744e-07 2.38862e-07 2.27366e-07 2.18605e-07 2.09592e-07 1.626e-07 1.29715e-07 1.1514e-07 1.09728e-07 9.59067e-08 8.83894e-08 7.85626e-08 6.32312e-08 6.30756e-08 5.34358e-08
threshold=0.25881904510252057 0.60355339059327384 0.04621408538533487 140.90444300747774 -27.495846359269631 3.5000000000000004 -0.73284120334876357 0.41398981800788198 0.98372640911059162 -0.68432604233786842 -49.425044004087617 0.54219432480460406 0.14888728888808328 1.0000000180025095e-35 0.23537774960157334 0.54219432480460406 0.37940952255126048 0.31799963745711152 0.78656609248549303 -0.68432604233786842 -0.70900320270980455 92.010027899295963 -32.194564435033236 71.500000000000014 0.73281578960684157 113.28961803638258 -17.190763068852839 -24.138091778613834 0.78325454425165997 0.3504237462291826
decision_type=2 2 2 2 2 2 2 2 2 2 2 2 2 2 2 2 2 2 2 2 2 2 2 2 2 2 2 2 2 2
left_child=13 5 4 18 6 9 11 17 -9 14 -8 -3 -7 -1 25 -16 27 -5 22 21 26 29 -4 -18 -20 -2 -6 -11 -22 -15
right_child=1 2 3 7 20 12 10 8 -10 16 -12 -13 -14 19 15 -17 23 -19 24 -21 28 -23 -24 -25 -26 -27 -28 -29 -30 -31
leaf_value=-3.2662617376109242e-06 4.5185940984259608e-06 8.285389600638207e-06 -3.3547220247218606e-06 3.6790997199074942e-06 6.0075708316831546e-06 2.2781229379376102e-08 8.0077461165733401e-06 6.9583437116144917e-06 -9.0207980338163907e-07 -5.6407759667424264e-07 5.4585424169755033e-06 1.2662228287808831e-05 -3.4904257869122382e-06 -2.5435236489987828e-06 -7.7078586960061865e-07 5.9323535424482545e-06 1.9070241915411731e-06 -1.1174937750505857e-06 3.374986610445097e-06 -2.7400576347211085e-06 1.2016509522538854e-06 8.2398692523355533e-07 3.4843107534648633e-07 4.6331848857334993e-06 2.9042003330598874e-07 7.1884592660265504e-06 3.9004782206575334e-06 1.3297823677116727e-06 3.7738716217655177e-06 -1.3871776065061018e-07
leaf_weight=3432 62 388 29 140 87 200 202 266 25 122 403 50 86 77 38 28 141 30 84 382 52 80 76 50 36 62 90 69 44 33
leaf_count=3432 62 388 29 140 87 200 202 266 25 122 403 50 86 77 38 28 141 30 84 382 52 80 76 50 36 62 90 69 44 33
internal_value=-2.45383e-15 4.33253e-06 5.64461e-06 3.69251e-06 6.66219e-06 1.271e-06 7.34918e-06 5.01067e-06 6.28305e-06 2.42332e-06 6.30968e-06 8.78503e-06 -1.03364e-06 -3.09466e-06 4.54028e-06 2.07297e-06 1.37039e-06 2.83264e-06 9.91768e-07 -2.06506e-06 4.0375e-06 -7.07948e-07 -6.74345e-07 2.62068e-06 2.44962e-06 5.85353e-06 4.93617e-06 1.20092e-07 2.38059e-06 -1.82208e-06
internal_weight=6864 2860 2002 686 1316 858 1043 461 291 572 605 438 286 4004 190 66 382 170 225 572 273 190 105 191 120 124 177 191 96 110
internal_count=6864 2860 2002 686 1316 858 1043 461 291 572 605 438 286 4004 190 66 382 170 225 572 273 190 105 191 120 124 177 191 96 110
is_linear=0
shrinkage=0.05


Tree=21
num_leaves=31
num_cat=0
split_feature=9 15 7 7 15 9 15 15 7 9 14 14 4 14 14 14 14 14 7 15 7 7 3 14 14 14 14 3 14 7
split_gain=3.18895e-05 3.10305e-06 2.45963e-06 1.78961e-06 1.58932e-06 6.2617e-07 6.02732e-07 5.32621e-07 4.47674e-07 3.75316e-07 3.44018e-07 6.33377e-07 3.51751e-07 2.90041e-07 2.88748e-07 2.47283e-07 4.40162e-07 2.453e-07 2.4358e-07 1.89805e-07 1.57661e-07 1.19281e-07 1.18668e-07 1.14059e-07 9.82464e-08 9.25734e-08 7.63167e-08 7.5641e-08 6.94187e-08 6.78973e-08
threshold=-21.727977670815978 -0.46800559042974538 90.343440387037958 129.99410616246317 -0.14250536273956091 -32.628875293649905 0.44504239796885176 0.91245913578114801 101.78314279498169 -51.179005292622413 0.67802080537253973 0.85226249403558707 85.500000000000014 0.23537774960157334 -0.99630266176052629 0.54219432480460406 0.40614137006726808 0.31799963745711152 118.353626780215 0.04621408538533487 153.97310347240486 113.87962408466828 12.250000000000002 -0.7217484125045438 0.3504237462291826 -0.78921557292475952 0.41398981800788198 15.750000000000002 0.036545658007091128 120.92003185630369
decision_type=2 2 2 2 2 2 2 2 2 2 2 2 2 2 2 2 2 2 2 2 2 2 2 2 2 2 2 2 2 2
left_child=1 5 -2 6 8 10 18 9 -4 14 15 12 -12 23 -5 16 -1 20 21 -11 -9 -3 -20 -7 -15 -10 -8 -27 -25 -28
right_child=2 3 4 7 -6 13 26 17 25 19 11 -13 -14 24 -16 -17 -18 -19 22 -21 -22 -23 -24 28 -26 27 29 -29 -30 -31
leaf_value=8.746436433153513e-06 -3.0595638351779609e-06 2.5924881352948217e-06 4.0115210025492985e-08 9.8284765044809329e-06 -2.8227168453336849e-06 3.432062661886448e-06 -3.202808643079919e-06 5.2536809520957339e-07 1.9910788954088537e-09 4.8433683657930723e-06 1.2466806412124823e-06 1.3430082572085667e-05 8.3995674378343202e-06 9.6316731799106505e-07 5.5058564545040218e-06 1.2029116878693458e-05 2.1347935195855689e-06 -1.6124431162215355e-06 6.411427795830753e-07 2.3627566890032454e-06 5.097246267640995e-06 -6.5828301381692549e-07 3.7759524792885651e-06 6.4331327068956062e-06 4.2867523704772895e-06 1.6694358483723467e-06 -1.9842880111160677e-06 3.5537696992168765e-06 8.6627939746601146e-06 4.7865550781170006e-07
leaf_weight=372 3543 42 326 42 372 25 51 33 28 161 55 20 25 28 482 50 27 42 37 148 44 86 164 128 108 74 62 190 48 51
leaf_count=372 3543 42 326 42 372 25 51 33 28 161 55 20 25 28 482 50 27 42 37 148 44 86 164 128 108 74 62 190 48 51
internal_value=6.52394e-14 4.75255e-06 -2.4439e-06 3.32407e-06 -2.40569e-07 7.08231e-06 8.7889e-07 4.59032e-06 1.31373e-06 5.03732e-06 8.12373e-06 5.47158e-06 3.48196e-06 5.38574e-06 5.85233e-06 8.71441e-06 8.29903e-06 1.46129e-06 2.11322e-06 3.65524e-06 3.13787e-06 4.08376e-07 3.1989e-06 6.59232e-06 3.60248e-06 2.73565e-06 -1.5973e-06 3.02559e-06 7.04122e-06 -8.72694e-07
internal_weight=6864 2331 4533 1445 990 886 493 952 618 833 549 100 80 337 524 449 399 119 329 309 77 128 201 201 136 292 164 264 176 113
internal_count=6864 2331 4533 1445 990 886 493 952 618 833 549 100 80 337 524 449 399 119 329 309 77 128 201 201 136 292 164 264 176 113
is_linear=0
shrinkage=0.05


Tree=22
num_leaves=31
num_cat=0
split_feature=9 15 8 9 8 9 15 8 14 3 14 5 12 14 5 3 15 15 17 14 15 14 8 12 27 3 14 8 8 8
split_gain=2.87803e-05 2.80092e-06 2.23121e-06 1.59248e-06 1.55269e-06 5.7746e-07 5.19927e-07 4.78781e-07 4.04695e-07 2.91667e-07 2.87381e-07 2.26497e-07 2.1234e-07 2.08887e-07 2.07631e-07 2.96191e-07 2.74385e-07 3.7593e-07 1.66319e-07 1.64603e-07 1.60108e-07 1.5142e-07 1.46591e-07 1.44471e-07 1.34631e-07 2.75717e-07 1.16982e-07 1.13069e-07 1.08132e-07 9.10333e-08
threshold=-21.727977670815978 -0.45273527932988084 290.58315264809681 -39.873496590104615 66.461755999284875 -36.919287031760042 0.44504239796885176 304.05859113804826 -0.99630266176052629 18.250000000000004 0.23537774960157334 13.65 0.91597561503675362 -0.7217484125045438 5.4500000000000011 15.950000000000001 -0.68432604233786842 -0.6391983530350368 0.46396510968901555 0.23537774960157334 -0.99938741687870725 0.54219432480460406 284.80383306264491 0.98296291314453421 51.166666666666679 19.550000000000004 0.54219432480460406 296.48308970019144 93.262171077954676 51.825694037050148
decision_type=2 2 2 2 2 2 2 2 2 2 2 2 2 2 2 2 2 2 2 2 2 2 2 2 2 2 2 2 2 2
left_child=1 5 4 7 19 14 12 8 29 -10 13 21 27 -7 15 -1 -16 -18 -4 -2 -15 -12 23 -6 25 -9 -21 -5 -8 -3
right_child=2 3 18 6 22 10 28 24 9 -11 11 -13 -14 20 16 -17 17 -19 -20 26 -22 -23 -24 -25 -26 -27 -28 -29 -30 -31
leaf_value=1.4452162935817292e-06 2.7628236444835845e-06 1.0792091452458409e-05 3.2966175924640065e-06 2.1436334024124364e-06 -2.9282209853308502e-06 3.1573097801995687e-06 5.2417492019898452e-07 7.6276637002680926e-06 3.6289317086264545e-06 2.7395752211403404e-07 2.9834932238120225e-06 -2.3506431695615769e-07 -1.5116832428723915e-07 2.7634309822133223e-06 9.6558684054654012e-06 8.1895117174520616e-06 1.5100322213112561e-06 8.0714654309463585e-06 6.5007031602674743e-07 -2.1698155197737523e-06 7.4300001960791276e-06 6.0376832960574451e-06 -1.1775952348652321e-06 -1.4033320687646249e-06 4.6984420669105025e-06 2.2365004828169992e-06 1.3756663175475601e-06 4.7373892588935143e-06 -2.3187307135747096e-06 6.0215239864191977e-06
leaf_weight=27 120 20 153 178 3770 40 47 155 520 74 72 27 86 20 214 41 27 114 97 38 227 93 133 162 130 28 60 55 116 20
leaf_count=27 120 20 153 178 3770 40 47 155 520 74 72 27 86 20 214 41 27 114 97 38 227 93 133 162 130 28 60 55 116 20
internal_value=2.55896e-14 4.51492e-06 -2.3217e-06 3.13792e-06 -2.58971e-06 6.69646e-06 7.98311e-07 4.32872e-06 3.53878e-06 3.21097e-06 5.5076e-06 4.01026e-06 1.97217e-06 6.50931e-06 8.04271e-06 5.51163e-06 8.52753e-06 6.81502e-06 2.26976e-06 1.52122e-06 7.05214e-06 4.70495e-06 -2.81017e-06 -2.86539e-06 5.92878e-06 6.80279e-06 8.87646e-10 2.75589e-06 -1.499e-06 8.40681e-06
internal_weight=6864 2331 4533 1429 4283 902 482 947 634 594 479 192 319 287 423 68 355 141 250 218 247 165 4065 3932 313 183 98 233 163 40
internal_count=6864 2331 4533 1429 4283 902 482 947 634 594 479 192 319 287 423 68 355 141 250 218 247 165 4065 3932 313 183 98 233 163 40
is_linear=0
shrinkage=0.05


Tree=23
num_leaves=31
num_cat=0
split_feature=13 13 8 15 12 8 9 12 15 8 15 15 9 8 15 11 27 9 9 9 15 15 27 11 9 8 8 8 9 12
split_gain=2.71618e-05 3.41031e-06 1.71389e-06 8.21122e-07 4.41985e-07 3.56238e-07 3.36512e-07 2.99149e-07 2.55528e-07 2.48963e-07 2.40977e-07 2.40569e-07 2.3339e-07 2.09134e-07 1.82959e-07 2.95686e-07 1.68885e-07 1.57082e-07 1.52268e-07 1.50117e-07 1.46151e-07 1.45212e-07 1.39358e-07 1.34961e-07 1.20929e-07 6.79026e-08 5.62161e-08 5.58889e-08 4.6728e-08 3.61647e-08
threshold=0.25881904510252057 0.78656609248549303 58.636634256885976 0.04621408538533487 -0.78656609248549292 74.342397427950502 -60.224164379586931 -0.37940952255126065 -0.73284120334876357 269.6457266754839 0.32410992729244009 0.91245913578114801 -60.224164379586931 35.129700462559192 0.9052873537896472 17.609375000000004 50.833333333333336 -49.425044004087617 -38.249903098151272 -32.628875293649905 0.94975093725139803 0.94975093725139803 78.833333333333357 20.034375000000004 -33.949386121058545 287.32847083004589 66.461755999284875 288.14476638188802 -35.796588535445593 0.98296291314453421
decision_type=2 2 2 2 2 2 2 2 2 2 2 2 2 2 2 2 2 2 2 2 2 2 2 2 2 2 2 2 2 2
left_child=5 2 13 7 10 26 14 28 18 -8 27 12 -6 19 15 -5 -11 -10 -9 -2 -16 -13 23 -15 -24 29 -1 -4 -3 -7
right_child=1 3 4 6 11 25 9 8 17 16 -12 21 -14 22 20 -17 -18 -19 -20 -21 -22 -23 24 -25 -26 -27 -28 -29 -30 -31
leaf_value=3.3533656626616451e-07 8.824573405205271e-06 2.4686259242419812e-06 -9.0851857430005983e-07 6.6052939521808553e-06 6.3481078575056959e-06 -2.833674568375049e-06 -2.4420632229293917e-06 8.8163092106952463e-06 6.929512475141667e-06 4.2404770926905502e-06 -3.5284404321618452e-06 -4.4601211451814986e-06 1.5935464342368412e-06 3.0082065898242346e-06 -8.4448521690882492e-07 1.8692942315216742e-06 1.3316988555010944e-06 4.9561233751795782e-06 6.7242278768554379e-06 4.5408074887139571e-06 4.4607390544329337e-06 3.7484462196020605e-07 8.1714855261506125e-06 5.315432864060926e-06 3.2716917621655741e-06 -1.1839091599061691e-06 -1.3137104262072545e-06 6.8449416913029611e-07 4.8307897959956541e-06 -2.0360165837537443e-06
leaf_weight=80 43 24 104 168 27 3564 24 171 194 112 65 24 586 241 21 41 90 210 177 39 34 44 34 86 20 66 146 117 164 148
leaf_count=80 43 24 104 168 27 3564 24 171 194 112 65 24 586 241 21 41 90 210 177 39 34 44 34 86 20 66 146 117 164 148
internal_value=1.70177e-15 3.72156e-06 1.99499e-06 5.44813e-06 7.97227e-07 -2.65826e-06 3.78865e-06 6.31318e-06 6.75916e-06 2.37246e-06 -8.52268e-07 1.48997e-06 1.80296e-06 4.49658e-06 5.00099e-06 5.67622e-06 2.94449e-06 5.90374e-06 7.75223e-06 6.78717e-06 2.43511e-06 -1.33161e-06 4.00359e-06 3.615e-06 6.35675e-06 -2.77361e-06 -7.29977e-07 -6.51589e-08 4.52924e-06 -2.80187e-06
internal_weight=6864 2860 1430 1430 967 4004 490 940 752 226 286 681 613 463 264 209 202 404 348 82 55 68 381 327 54 3778 226 221 188 3712
internal_count=6864 2860 1430 1430 967 4004 490 940 752 226 286 681 613 463 264 209 202 404 348 82 55 68 381 327 54 3778 226 221 188 3712
is_linear=0
shrinkage=0.05


Tree=24
num_leaves=31
num_cat=0
split_feature=13 13 12 15 12 15 15 11 15 5 12 15 11 5 9 12 7 11 27 12 12 9 7 9 21 15 21 15 7 9
split_gain=2.45136e-05 3.09578e-06 1.35081e-06 8.29627e-07 5.76129e-07 5.68049e-07 3.67283e-07 2.84109e-07 3.91336e-07 3.29069e-07 2.65282e-07 2.17728e-07 2.168e-07 2.56195e-07 1.77465e-07 1.65914e-07 1.23913e-07 1.16682e-07 9.47062e-08 8.81677e-08 8.71858e-08 7.25184e-08 6.78351e-08 5.3086e-08 4.80523e-08 4.47905e-08 4.14832e-08 3.82713e-08 3.17354e-08 2.87979e-08
threshold=0.25881904510252057 0.60355339059327384 -0.37940952255126065 -0.45273527932988084 0.78656609248549325 0.31595530242620651 -0.73284120334876357 12.528125000000001 0.13185577213185923 20.750000000000004 0.98296291314453421 0.36647099799968202 18.309375000000006 15.850000000000003 -24.138091778613834 0.91597561503675362 101.16942337921763 15.603125 71.500000000000014 0.12940952255126045 -0.60355339059327362 -35.796588535445593 128.05283735922953 -24.138091778613834 137.50000000000003 -0.97111920233974802 12.500000000000002 -0.8611288361322974 132.24013549501075 -28.876124954023336
decision_type=2 2 2 2 2 2 2 2 2 2 2 2 2 2 2 2 2 2 2 2 2 2 2 2 2 2 2 2 2 2
left_child=10 4 5 12 11 20 14 8 -5 -9 -1 24 13 -4 27 18 25 -16 -8 -14 26 -22 29 -17 -2 -12 -3 -6 -24 -7
right_child=1 2 3 7 6 22 15 9 -10 -11 16 -13 19 -15 17 23 -18 -19 -20 -21 21 -23 28 -25 -26 -27 -28 -29 -30 -31
leaf_value=-2.6382207153455804e-06 -9.2947193414498006e-07 1.9862912248400279e-06 6.2236595700967226e-06 -1.1090719317494383e-06 5.1418492556218434e-06 -2.3126735902095767e-06 1.4900972757341886e-06 4.5996088929323525e-06 4.2295356183335524e-06 1.0823101448212665e-05 1.6713727464637681e-06 -3.4318925974085073e-06 6.755160303695435e-06 3.8146783026604681e-07 9.6602079088370373e-07 -5.6855925709042676e-07 -2.2475204972700398e-06 4.1013111208898197e-06 4.004921489467961e-06 8.4390698100633832e-06 2.4940240669261238e-06 4.6307520979179829e-06 2.1028723955802372e-06 1.1081636449938293e-06 5.5035424431082445e-07 -5.274438043311794e-07 3.3622509861813272e-06 7.9073974285909752e-06 -1.2822670882812688e-07 -2.1094705451624967e-07
leaf_weight=3718 96 103 304 52 29 39 149 615 101 22 28 62 138 20 50 122 124 73 50 178 52 168 28 77 128 134 117 22 37 28
leaf_count=3718 96 103 304 52 29 39 149 615 101 22 28 62 138 20 50 122 124 73 50 178 52 168 28 77 128 134 117 22 37 28
internal_value=3.70389e-14 3.53548e-06 4.6124e-06 5.43382e-06 1.02267e-06 2.55885e-06 1.93883e-06 4.34985e-06 2.41511e-06 4.81455e-06 -2.52534e-06 -8.09655e-07 6.77186e-06 5.86303e-06 3.85502e-06 1.10109e-06 -1.05794e-06 2.8268e-06 2.12196e-06 7.70369e-06 3.42188e-06 4.12571e-06 -3.17915e-07 8.0223e-08 -8.3857e-08 -1.47401e-07 2.71805e-06 6.33483e-06 8.32862e-07 -1.43434e-06
internal_weight=6864 2860 2002 1430 858 572 572 790 153 637 4004 286 640 324 174 398 286 123 199 316 440 220 132 199 224 162 220 51 65 67
internal_count=6864 2860 2002 1430 858 572 572 790 153 637 4004 286 640 324 174 398 286 123 199 316 440 220 132 199 224 162 220 51 65 67
is_linear=0
shrinkage=0.05


Tree=25
num_leaves=31
num_cat=0
split_feature=13 13 8 8 8 12 8 14 14 14 14 4 14 7 9 8 8 7 8 3 14 14 3 4 8 14 8 4 3 8
split_gain=2.21235e-05 2.80581e-06 1.39651e-06 5.88532e-07 3.65753e-07 3.56109e-07 2.96587e-07 2.95357e-07 3.21897e-07 3.35526e-07 2.32862e-07 2.26448e-07 2.20304e-07 2.03954e-07 2.18199e-07 2.03232e-07 1.87955e-07 1.58541e-07 1.52288e-07 1.44045e-07 1.43874e-07 1.3678e-07 1.22768e-07 1.14336e-07 9.1219e-08 6.56846e-08 6.13886e-08 5.62427e-08 4.96495e-08 4.90063e-08
threshold=0.25881904510252057 0.78656609248549303 58.636634256885976 317.93051008410481 37.05353881563304 -0.78656609248549292 74.342397427950502 0.23537774960157334 0.54219432480460406 0.67802080537253973 0.21862473630160603 15.500000000000002 -0.94705910369513524 113.87962408466828 -60.224164379586931 297.0434358768623 271.75744651621176 155.79183561926178 48.156894288254172 15.15 0.42958674266195179 0.21862473630160603 16.550000000000004 6.5000000000000009 336.99987490389577 -0.93273441465163176 287.32847083004589 18.500000000000004 17.150000000000002 296.48308970019144
decision_type=2 2 2 2 2 2 2 2 2 2 2 2 2 2 2 2 2 2 2 2 2 2 2 2 2 2 2 2 2 2
left_child=6 2 7 4 10 16 -1 18 19 -10 12 -12 -3 29 -15 23 -4 21 28 -9 -19 24 -23 -6 -5 -17 -8 -22 -2 -7
right_child=1 3 5 17 15 13 26 8 9 -11 11 -13 -14 14 -16 25 -18 20 -20 -21 27 22 -24 -25 -26 -27 -28 -29 -30 -31
leaf_value=-6.3963215242452396e-07 8.1429053019140469e-06 4.5431775730722331e-06 -3.0207733324719555e-06 6.2963032090215903e-06 3.879141706117177e-06 1.828454314868529e-06 -2.5312017314624385e-06 -2.8857427462488282e-06 8.6399620219405433e-06 2.7980219545126522e-06 1.1070735354223872e-06 5.3148080550054765e-06 8.48313073915092e-06 4.010695471895981e-06 2.9488970956966419e-07 2.543320225886062e-06 -3.948659653737515e-08 1.1872259717295363e-06 3.7904837253142553e-06 2.1482591309736394e-06 7.6418934137715659e-06 6.3080708872325222e-06 3.7088875970884175e-06 1.5333911632366261e-06 8.1648879944643102e-06 4.506444135610789e-06 -9.9280267063029521e-07 4.0987072570904578e-06 5.8459059454677173e-06 3.2339964961461753e-06
leaf_weight=226 30 59 70 124 75 136 3712 30 30 136 44 117 89 44 387 51 216 28 101 27 21 170 62 169 138 259 66 24 109 114
leaf_count=226 30 59 70 124 75 136 3712 30 30 136 44 117 89 44 387 51 216 28 101 27 21 170 62 169 138 259 66 24 109 114
internal_value=-6.45689e-16 3.35871e-06 1.79262e-06 4.9248e-06 4.1026e-06 7.11432e-07 -2.39908e-06 4.05074e-06 2.74063e-06 3.85379e-06 5.48087e-06 4.16487e-06 6.91247e-06 1.33324e-06 6.7423e-07 3.33386e-06 -7.69172e-07 6.17621e-06 5.26804e-06 -5.01216e-07 4.00125e-06 6.49761e-06 5.61346e-06 2.25442e-06 7.28052e-06 4.18348e-06 -2.50433e-06 5.75219e-06 6.34166e-06 2.46938e-06
internal_weight=6864 2860 1430 1430 863 967 4004 463 223 166 309 161 148 681 431 554 286 567 240 57 73 494 232 244 262 310 3778 45 139 250
internal_count=6864 2860 1430 1430 863 967 4004 463 223 166 309 161 148 681 431 554 286 567 240 57 73 494 232 244 262 310 3778 45 139 250
is_linear=0
shrinkage=0.05


Tree=26
num_leaves=31
num_cat=0
split_feature=9 15 7 9 15 9 15 15 15 14 14 14 14 14 7 9 15 15 7 14 3 14 27 3 14 9 14 3 14 14
split_gain=1.90861e-05 1.93292e-06 1.48995e-06 1.16302e-06 9.75089e-07 5.60775e-07 4.30942e-07 3.72502e-07 3.63999e-07 3.28827e-07 4.73451e-07 4.14105e-07 2.97901e-07 4.3014e-07 2.58635e-07 2.49145e-07 2.46792e-07 2.3253e-07 1.76303e-07 2.5044e-07 1.67564e-07 2.96229e-07 1.37414e-07 1.2084e-07 8.89093e-08 7.10216e-08 6.57539e-08 1.64016e-07 6.2099e-08 5.59683e-08
threshold=-21.727977670815978 0.04621408538533487 90.343440387037958 -53.932882344181294 -0.14250536273956091 -28.120797331603821 -0.68432604233786842 -0.73284120334876357 -0.65883892954715351 0.42958674266195179 0.98372640911059162 0.9053161325100999 0.21862473630160603 0.54219432480460406 101.78314279498169 -49.425044004087617 0.91245913578114801 -0.99938741687870725 120.92003185630369 0.9893236546938301 18.150000000000002 0.31799963745711152 53.500000000000007 19.050000000000004 0.93845596220871974 -24.138091778613834 0.54219432480460406 15.65 -0.78921557292475952 0.23537774960157334
decision_type=2 2 2 2 2 2 2 2 2 2 2 2 2 2 2 2 2 2 2 2 2 2 2 2 2 2 2 2 2 2
left_child=1 5 -2 9 14 6 12 26 -8 20 11 -11 17 -14 -4 -10 18 -1 24 -20 21 -3 25 -22 -5 -9 27 -7 -16 -30
right_child=2 3 4 16 -6 7 8 22 15 10 -12 -13 13 -15 28 -17 -18 -19 19 -21 23 -23 -24 -25 -26 -27 -28 -29 29 -31
leaf_value=2.0969437719031703e-06 -2.3698565193817653e-06 4.7326782882439747e-06 7.3583307012396519e-08 -1.6565313793328394e-06 -2.198350476608995e-06 -1.0203360337375973e-07 -1.5673077418417354e-06 -2.277018183769122e-06 6.1471791358338019e-06 4.4911348251500041e-06 -1.7607922738231235e-06 9.5040432301655808e-06 2.6361265709056172e-06 7.7464754463107971e-06 -1.1652614263660662e-07 4.0017973020372721e-06 -2.1717077435609744e-06 7.6610965389747089e-06 1.8775972145057552e-06 -3.4505649319764113e-06 -3.3161958229010495e-06 -7.8242348016439285e-07 2.5455667607729992e-06 1.9298048834531552e-06 1.2930606923570545e-06 1.2261807376529287e-06 7.0367604166676759e-06 4.6908199013297475e-06 3.0990136084395861e-06 1.6428199365036425e-06
leaf_weight=20 3543 80 326 88 372 21 24 39 202 185 24 53 100 70 28 410 85 307 272 24 21 35 50 23 36 23 20 119 130 134
leaf_count=20 3543 80 326 88 372 21 24 39 202 185 24 53 100 70 28 410 85 307 272 24 21 35 50 23 36 23 20 119 130 134
internal_value=3.67959e-14 3.67673e-06 -1.89068e-06 1.9032e-06 -1.75809e-07 4.84562e-06 5.33505e-06 2.8069e-06 4.47304e-06 3.84392e-06 4.9325e-06 5.60745e-06 6.43815e-06 4.74039e-06 1.04164e-06 4.70991e-06 2.85293e-07 7.32078e-06 7.82544e-07 1.44558e-06 2.05016e-06 3.05417e-06 5.95328e-07 -5.73968e-07 -8.00198e-07 -9.77444e-07 4.355e-06 3.97189e-06 2.12242e-06 2.35989e-06
internal_weight=6864 2331 4533 926 990 1405 1133 272 636 421 262 238 497 170 618 612 505 327 420 296 159 115 112 44 124 62 160 140 292 264
internal_count=6864 2331 4533 926 990 1405 1133 272 636 421 262 238 497 170 618 612 505 327 420 296 159 115 112 44 124 62 160 140 292 264
is_linear=0
shrinkage=0.05


Tree=27
num_leaves=31
num_cat=0
split_feature=13 13 12 8 15 15 3 8 15 5 3 15 7 3 8 5 5 15 9 8 15 4 8 15 9 7 15 12 8 15
split_gain=1.80435e-05 2.30689e-06 1.00093e-06 7.64057e-07 6.30087e-07 4.44993e-07 3.17428e-07 2.47126e-07 2.1218e-07 1.63688e-07 3.85068e-07 1.45714e-07 1.09768e-07 1.16262e-07 8.53823e-08 8.40962e-08 1.30172e-07 7.95176e-08 1.39988e-07 8.09711e-08 6.43819e-08 5.59629e-08 5.49992e-08 4.78103e-08 8.15225e-08 3.7216e-08 3.98495e-08 3.40256e-08 4.17237e-08 2.98824e-08
threshold=0.25881904510252057 0.60355339059327384 -0.37940952255126065 70.532270969341809 -0.45273527932988084 0.31595530242620651 10.050000000000002 72.353280273547838 -0.39036009226888674 5.1500000000000012 15.250000000000002 -0.99938741687870725 113.28961803638258 12.350000000000003 269.6457266754839 16.650000000000002 13.550000000000002 0.91245913578114801 -48.062832747620064 288.14476638188802 -0.16799793862756093 56.500000000000007 287.32847083004589 -0.97111920233974802 -13.755815834596119 92.010027899295963 -0.73284120334876357 0.98296291314453421 90.044764230342636 0.63255009372278048
decision_type=2 2 2 2 2 2 2 2 2 2 2 2 2 2 2 2 2 2 2 2 2 2 2 2 2 2 2 2 2 2
left_child=7 3 5 12 9 15 -6 25 -8 10 -4 -11 23 21 -7 16 -3 18 -5 -20 -15 -14 27 -2 -25 -1 -27 -9 -29 -16
right_child=1 2 4 17 6 14 8 22 -10 11 -12 -13 13 20 29 -17 -18 -19 19 -21 -22 -23 -24 24 -26 26 -28 28 -30 -31
leaf_value=-1.2163028722678813e-06 3.3994414675220245e-06 3.154006691656656e-06 -1.6991606660509285e-06 3.2382584423531727e-06 -1.6026493451843432e-06 -1.9795137403662013e-06 3.6896465076097231e-07 -2.312665219709142e-06 4.1099459386310487e-06 1.9920965178243934e-06 5.6735879265293734e-06 6.3412120375397987e-06 -8.6225413291820345e-07 3.3860042267376324e-06 -2.4504445974571357e-07 5.5612937479775708e-06 6.8404257858457556e-07 -2.3351974605515461e-06 -9.4061450176706692e-07 6.2398833496246925e-07 5.9568163312084433e-06 2.7921639519945534e-06 -8.2466969738940561e-07 1.6555735986401032e-06 -1.8147418342095988e-06 8.6805214587728753e-07 -1.1332830082647219e-06 -9.737396241532156e-07 -2.6568796056979314e-06 1.6690641054514056e-06
leaf_weight=85 28 348 23 27 27 50 40 3582 723 20 77 520 22 152 44 29 63 51 282 117 29 20 66 110 20 72 38 104 57 38
leaf_count=85 28 348 23 27 27 50 40 3582 723 20 77 520 22 152 44 29 63 51 282 117 29 20 66 110 20 72 38 104 57 38
internal_value=1.64647e-14 3.03324e-06 3.96287e-06 8.64088e-07 4.66996e-06 2.19516e-06 3.72529e-06 -2.1666e-06 3.91383e-06 5.83603e-06 3.97786e-06 6.18013e-06 2.53359e-06 3.24796e-06 -3.51009e-07 2.95901e-06 2.7754e-06 -4.6941e-07 -2.46041e-07 -4.81821e-07 3.7979e-06 8.77945e-07 -2.25548e-06 1.52533e-06 1.12168e-06 -4.30517e-07 1.76682e-07 -2.2807e-06 -1.56963e-06 6.41981e-07
internal_weight=6864 2860 2002 858 1430 572 790 4004 763 640 100 540 381 223 132 440 411 477 426 399 181 42 3809 158 130 195 110 3743 161 82
internal_count=6864 2860 2002 858 1430 572 790 4004 763 640 100 540 381 223 132 440 411 477 426 399 181 42 3809 158 130 195 110 3743 161 82
is_linear=0
shrinkage=0.05


Tree=28
num_leaves=31
num_cat=0
split_feature=13 13 8 15 14 14 12 14 14 14 9 8 14 3 12 9 14 15 15 9 9 14 3 8 14 14 8 3 14 8
split_gain=1.62843e-05 2.11523e-06 1.03184e-06 5.19397e-07 3.52676e-07 4.53881e-07 2.57587e-07 2.36471e-07 2.6402e-07 2.93857e-07 2.3369e-07 2.2309e-07 2.07161e-07 3.09285e-07 3.02033e-07 2.43106e-07 2.11578e-07 1.75423e-07 1.632e-07 1.61525e-07 1.58937e-07 1.27388e-07 1.22295e-07 1.19875e-07 1.00107e-07 9.86311e-08 5.03927e-08 4.76844e-08 4.00823e-08 4.00365e-08
threshold=0.25881904510252057 0.78656609248549303 58.636634256885976 0.04621408538533487 0.9916835347852474 0.9053161325100999 -0.78656609248549292 0.23537774960157334 0.54219432480460406 0.67802080537253973 -50.724818762111546 73.386044648695517 0.21862473630160603 15.750000000000002 -1.0000000180025095e-35 -43.03020306360753 0.54219432480460406 0.91245913578114801 0.32410992729244009 -60.224164379586931 -65.324295465522354 0.31799963745711152 15.15 48.156894288254172 -0.7217484125045438 -0.93879691571722779 285.57773149842563 17.150000000000002 0.23537774960157334 67.592802973739666
decision_type=2 2 2 2 2 2 2 2 2 2 2 2 2 2 2 2 2 2 2 2 2 2 2 2 2 2 2 2 2 2
left_child=11 2 7 12 5 20 18 23 22 -10 -7 28 14 16 24 -15 -14 19 -4 -8 -5 -19 -9 27 -3 -16 -13 -2 29 -1
right_child=1 3 6 4 -6 10 17 8 9 -11 -12 26 13 15 25 -17 -18 21 -20 -21 -22 -23 -24 -25 -26 -27 -28 -29 -30 -31
leaf_value=1.175911536786491e-06 7.2698196349089512e-06 2.8982889936156778e-06 -1.9048014578006115e-08 3.4884237269513432e-06 -2.8636571387323785e-06 8.4064588309372223e-06 5.1697447378063336e-06 -2.8425524252876738e-06 7.7778285170400836e-06 2.3106651005545086e-06 3.1513925568346808e-06 -2.1733850061652068e-06 1.2905822066906175e-06 -6.228153536843214e-07 4.870222143335264e-06 3.5981205376464595e-06 5.9446381109111341e-06 3.1015553017190523e-07 -2.8691480166833992e-06 1.2143478171236502e-06 1.429641256146733e-06 -4.2183704891840536e-06 1.7958656488619659e-06 3.241128027101164e-06 5.077273247025005e-06 7.003781522346092e-06 -9.2026495566274816e-07 5.0187352004326006e-06 -1.2447167167649057e-06 -6.854585850882918e-07
leaf_weight=52 30 94 221 189 25 56 27 30 30 136 34 3711 28 45 69 141 191 44 65 586 186 24 27 101 120 252 82 109 94 65
leaf_count=52 30 94 221 189 25 56 27 30 30 136 34 3711 28 45 69 141 191 44 65 586 186 24 27 101 120 252 82 109 94 65
internal_value=-2.42804e-14 2.88157e-06 1.5218e-06 4.24135e-06 2.92152e-06 3.23255e-06 5.92443e-07 3.46282e-06 2.29057e-06 3.29871e-06 6.42121e-06 -2.05827e-06 4.92934e-06 4.07622e-06 5.57516e-06 2.57693e-06 5.3496e-06 1.12129e-06 -6.66798e-07 1.38857e-06 2.46727e-06 -1.28815e-06 -6.45407e-07 4.55204e-06 4.12015e-06 6.54517e-06 -2.14629e-06 5.50458e-06 -4.7588e-07 1.41817e-07
internal_weight=6864 2860 1430 1430 490 465 967 463 223 166 90 4004 940 405 535 186 219 681 286 613 375 68 57 240 214 321 3793 139 211 117
internal_count=6864 2860 1430 1430 490 465 967 463 223 166 90 4004 940 405 535 186 219 681 286 613 375 68 57 240 214 321 3793 139 211 117
is_linear=0
shrinkage=0.05


Tree=29
num_leaves=31
num_cat=0
split_feature=13 13 12 15 15 9 7 15 12 14 14 12 4 15 15 7 5 15 15 14 3 7 5 7 3 14 27 17 15 5
split_gain=1.46966e-05 1.90899e-06 6.18183e-07 4.72606e-07 4.51776e-07 2.538e-07 2.3095e-07 2.16629e-07 1.96876e-07 1.84988e-07 2.45814e-07 1.71542e-07 1.67674e-07 1.59795e-07 1.47586e-07 1.44442e-07 1.34493e-07 1.21814e-07 1.57189e-07 9.1837e-08 8.18423e-08 7.7308e-08 5.66655e-08 5.97601e-08 5.66602e-08 5.24974e-08 5.00639e-08 3.43162e-08 3.35367e-08 2.6469e-08
threshold=0.25881904510252057 0.78656609248549303 -0.78656609248549292 -0.73284120334876357 -0.68432604233786842 -32.628875293649905 128.38969691279922 0.91245913578114801 0.91597561503675362 -0.99630266176052629 -0.9442364261229238 0.98296291314453421 80.500000000000014 0.91245913578114801 0.30778899014954286 148.75392157052846 4.2500000000000009 -0.97111920233974802 -0.99465740988130902 0.28519915169571858 15.350000000000003 101.16942337921763 9.3500000000000032 163.04565848396837 15.350000000000003 0.7090011537757156 61.166666666666679 0.38540468242345322 -0.97111920233974802 9.1500000000000004
decision_type=2 2 2 2 2 2 2 2 2 2 2 2 2 2 2 2 2 2 2 2 2 2 2 2 2 2 2 2 2 2
left_child=11 2 14 6 5 29 17 9 13 15 -11 -1 -7 -6 27 -5 -8 18 -3 -18 -19 28 23 -9 -24 -23 -10 -2 -13 -4
right_child=1 3 4 7 8 12 16 22 26 10 -12 21 -14 -15 -16 -17 19 20 -20 -21 -22 25 24 -25 -26 -27 -28 -29 -30 -31
leaf_value=-2.0461231139352723e-06 -8.9035875290603945e-07 3.6533075577456965e-06 5.2273325621854385e-06 3.3189150599355345e-06 1.9891498114915918e-06 3.2266415448477488e-06 3.3043006940557543e-06 4.5099417889105098e-07 -7.0686903844337694e-07 1.6047241370901688e-06 3.8625257415829272e-06 1.5176304425982121e-06 -4.8474889541359836e-07 -9.4315547579638004e-07 -2.6869592351322899e-06 8.8045483789755965e-06 6.7368099645851293e-06 7.7915376757366851e-07 7.4921145187545337e-06 9.7380226207226801e-06 4.0645363296573829e-06 -2.5748734801771659e-06 -2.1864492399004121e-06 4.3162259811424527e-06 1.3840619842540038e-06 -4.8411906455075328e-07 1.0015999015203866e-06 4.3735231874907245e-07 -3.8500665728426963e-07 7.4239400603914879e-06
leaf_weight=3718 73 48 24 20 522 290 23 20 126 145 715 28 34 51 67 30 112 22 60 33 137 73 20 20 25 51 65 146 134 32
leaf_count=3718 73 48 24 20 522 290 23 20 126 145 715 28 34 51 67 30 112 22 60 33 137 73 20 20 25 51 65 146 134 32
internal_value=1.18547e-14 2.7375e-06 1.44571e-06 4.02928e-06 1.96551e-06 3.37439e-06 5.40401e-06 3.42826e-06 1.26476e-06 3.65374e-06 3.48185e-06 -1.95535e-06 2.83717e-06 1.72816e-06 -6.33458e-07 6.6103e-06 6.85641e-06 4.49014e-06 5.78598e-06 7.41984e-06 3.60996e-06 -7.7536e-07 1.01432e-06 2.38361e-06 -2.02832e-07 -1.71497e-06 -1.25453e-07 -5.21804e-09 -5.61558e-08 6.48254e-06
internal_weight=6864 2860 1430 1430 1144 380 435 995 764 910 860 4004 324 573 286 50 168 267 108 145 159 286 85 40 45 124 191 219 162 56
internal_count=6864 2860 1430 1430 1144 380 435 995 764 910 860 4004 324 573 286 50 168 267 108 145 159 286 85 40 45 124 191 219 162 56
is_linear=0
shrinkage=0.05


Tree=30
num_leaves=31
num_cat=0
split_feature=13 13 8 15 14 14 27 8 14 27 15 7 8 8 14 27 3 12 12 27 7 8 7 14 8 14 3 8 8 14
split_gain=1.32637e-05 1.72287e-06 8.63884e-07 4.339e-07 3.22844e-07 3.98538e-07 3.50524e-07 2.92996e-07 1.9263e-07 3.09648e-07 2.98403e-07 2.22451e-07 1.99815e-07 1.86082e-07 1.80839e-07 3.5921e-07 3.64759e-07 2.59748e-07 2.5386e-07 1.61286e-07 1.51755e-07 1.17473e-07 1.10783e-07 8.87784e-08 8.46681e-08 8.37289e-08 4.61717e-08 4.58183e-08 4.44188e-08 4.16152e-08
threshold=0.25881904510252057 0.78656609248549303 70.532270969341809 0.04621408538533487 0.9916835347852474 0.9053161325100999 34.833333333333336 281.44158605014519 0.23537774960157334 71.500000000000014 0.20812153622207724 114.28060669583631 48.156894288254172 74.342397427950502 0.21862473630160603 6.8333333333333348 16.550000000000004 -1.0000000180025095e-35 0.12940952255126045 4.8333333333333348 118.353626780215 85.979836981783237 101.78314279498169 -0.99467753128998015 314.3538959504254 -0.93879691571722779 17.150000000000002 285.57773149842563 270.40699820440932 -0.7217484125045438
decision_type=2 2 2 2 2 2 2 2 2 2 2 2 2 2 2 2 2 2 2 2 2 2 2 2 2 2 2 2 2 2
left_child=13 2 8 14 5 19 -7 20 12 10 -10 -11 26 -1 17 18 -17 24 -16 -5 28 -22 -9 -14 -3 -19 -2 -15 -4 -24
right_child=1 3 7 4 -6 6 -8 22 9 11 -12 -13 23 27 15 16 -18 25 -20 -21 21 -23 29 -25 -26 -27 -28 -29 -30 -31
leaf_value=-4.6394309287774102e-07 6.7697426546449907e-06 2.8715232781223678e-06 -2.2977689089505778e-06 4.03382800793754e-06 -2.9136006064618416e-06 9.4753167565077335e-06 3.1783308118600177e-06 3.3614201862311662e-07 7.3901158475326367e-08 3.3029964707035713e-07 4.5998011854761798e-06 5.9871011388615506e-06 5.5603009449051961e-06 -1.966890210579421e-06 2.8311407698889859e-06 5.4517352169630956e-06 1.6274446586387915e-06 4.416352161886449e-06 -2.8267416588102108e-06 1.6150039947485447e-06 1.4088136836676313e-06 -8.8639240176477785e-07 8.3409919579935381e-07 2.1000159716561628e-06 4.8893638217151331e-06 6.3821339116050993e-06 4.5546512704505532e-06 -7.7194557862673336e-07 -7.983884768045143e-07 2.4969938483753115e-06
leaf_weight=226 30 125 111 91 25 39 51 164 191 24 45 63 21 3696 55 234 85 69 31 284 112 111 50 158 89 252 109 82 89 152
leaf_count=226 30 125 111 91 25 39 51 164 191 24 45 63 21 3696 55 234 85 69 31 284 112 111 50 158 89 252 109 82 89 152
internal_value=5.61262e-15 2.60062e-06 1.37343e-06 3.82781e-06 2.62149e-06 2.91908e-06 5.90702e-06 2.65734e-07 2.73688e-06 1.87684e-06 9.36891e-07 4.4266e-06 3.61043e-06 -1.85759e-06 4.45664e-06 3.65956e-06 4.43272e-06 5.06004e-06 7.91672e-07 2.20197e-06 -6.30523e-07 2.66357e-07 1.30157e-06 2.50597e-06 3.71072e-06 5.95958e-06 5.03273e-06 -1.94095e-06 -1.63054e-06 2.08539e-06
internal_weight=6864 2860 1430 1430 490 465 90 789 641 323 236 87 318 4004 940 405 319 535 86 375 423 223 366 179 214 321 139 3778 200 202
internal_count=6864 2860 1430 1430 490 465 90 789 641 323 236 87 318 4004 940 405 319 535 86 375 423 223 366 179 214 321 139 3778 200 202
is_linear=0
shrinkage=0.05


Tree=31
num_leaves=31
num_cat=0
split_feature=13 13 8 15 14 8 8 7 14 14 8 14 9 14 15 5 3 7 3 15 15 14 8 8 14 5 9 3 8 14
split_gain=1.19705e-05 1.55489e-06 7.92837e-07 3.93501e-07 2.43028e-07 2.30646e-07 1.98081e-07 1.95989e-07 1.83103e-07 3.08299e-07 1.69069e-07 1.62367e-07 1.37017e-07 1.31072e-07 1.24072e-07 1.18096e-07 1.09923e-07 1.06561e-07 1.04868e-07 1.03578e-07 1.42391e-07 1.00935e-07 8.79566e-08 8.78924e-08 8.75385e-08 8.63827e-08 4.90996e-08 4.167e-08 4.14218e-08 3.62568e-08
threshold=0.25881904510252057 0.78656609248549303 62.121740979040858 -0.73284120334876357 0.23537774960157334 313.47436551543655 294.7852751162809 128.38969691279922 0.54219432480460406 0.67802080537253973 72.353280273547838 -0.99630266176052629 -38.249903098151272 0.41398981800788198 0.73281578960684157 4.2500000000000009 15.15 148.75392157052846 24.250000000000004 -0.97111920233974802 -0.99465740988130902 0.93544191479114935 307.34699126094887 48.156894288254172 0.28519915169571858 6.9500000000000011 -1.926741258843067 17.150000000000002 287.32847083004589 0.23537774960157334
decision_type=2 2 2 2 2 2 2 2 2 2 2 2 2 2 2 2 2 2 2 2 2 2 2 2 2 2 2 2 2 2
left_child=10 2 4 7 23 11 12 19 16 -10 29 17 13 -4 -14 -9 -6 -5 21 20 -3 -7 -21 27 -17 -13 -8 -2 -12 -1
right_child=1 3 6 5 8 18 26 15 9 -11 28 25 14 -15 -16 24 -18 -19 -20 22 -22 -23 -24 -25 -26 -27 -28 -29 -30 -31
leaf_value=2.7057780432538824e-07 6.4312554983795892e-06 3.2140777496654972e-06 -2.6232683298999648e-07 3.0219582458812515e-06 -2.8271520341149882e-06 3.7857685703627554e-06 2.3343505400167227e-06 2.9002628134153584e-06 7.1411216413252989e-06 1.6409194767860882e-06 -1.8601155093090169e-06 3.0539377999430709e-06 4.3119928869682326e-08 2.7311585533162661e-06 -1.8369941358550342e-06 6.0899158293230885e-06 1.5703829132218273e-06 8.1833756121341144e-06 9.1359938020711216e-07 3.0270582762816714e-07 6.8677313114070181e-06 5.7135713809731695e-06 3.7085996771078048e-06 2.9652044733818886e-06 9.020049688071154e-06 1.8253499976744454e-06 4.0266571831083173e-07 4.3269186996661493e-06 -5.965195210785279e-07 -1.104338647270625e-06
leaf_weight=110 30 48 66 20 30 238 140 23 30 169 3743 237 468 82 108 112 27 20 24 22 60 95 137 128 33 361 43 109 66 85
leaf_count=110 30 48 66 20 30 238 140 23 30 169 3743 237 468 82 108 112 27 20 24 22 60 95 137 128 33 361 43 109 66 85
internal_value=3.5375e-14 2.47059e-06 1.30476e-06 3.63642e-06 2.85517e-06 3.08801e-06 4.1075e-07 4.89084e-06 1.75443e-06 2.4701e-06 -1.76471e-06 2.51856e-06 3.92627e-08 1.39623e-06 -3.09401e-07 6.2288e-06 -7.44109e-07 5.60267e-06 4.10568e-06 4.04898e-06 5.24389e-06 4.33574e-06 3.23734e-06 3.91055e-06 6.75677e-06 2.31227e-06 1.88046e-06 4.78109e-06 -1.83822e-06 -3.28745e-07
internal_weight=6864 2860 1430 1430 523 995 907 435 256 199 4004 638 724 148 576 168 57 40 357 267 108 333 159 267 145 598 183 139 3809 195
internal_count=6864 2860 1430 1430 523 995 907 435 256 199 4004 638 724 148 576 168 57 40 357 267 108 333 159 267 145 598 183 139 3809 195
is_linear=0
shrinkage=0.05


Tree=32
num_leaves=31
num_cat=0
split_feature=13 13 12 8 15 15 14 3 14 14 8 14 27 7 5 5 3 14 8 9 14 8 8 7 8 9 14 7 8 7
split_gain=1.08033e-05 1.42535e-06 6.67727e-07 4.78552e-07 3.9982e-07 3.31707e-07 3.08924e-07 2.40245e-07 2.33097e-07 4.03519e-07 1.52998e-07 1.26965e-07 1.06387e-07 8.76274e-08 7.42075e-08 1.15785e-07 6.3201e-08 5.68254e-08 5.54846e-08 1.19028e-07 9.61093e-08 5.48481e-08 4.75024e-08 3.82444e-08 3.69749e-08 3.29791e-08 3.27589e-08 3.10315e-08 2.96668e-08 3.30625e-08
threshold=0.25881904510252057 0.60355339059327384 -0.37940952255126065 70.532270969341809 -0.45273527932988084 0.31595530242620651 -0.99630266176052629 10.050000000000002 0.85226249403558707 0.67802080537253973 70.532270969341809 0.23537774960157334 69.166666666666671 114.28060669583631 16.650000000000002 13.550000000000002 15.450000000000001 0.3504237462291826 288.14476638188802 -28.120797331603821 0.41398981800788198 51.825694037050148 270.40699820440932 148.75392157052846 287.32847083004589 -2.2307674782581288 0.23537774960157334 128.05283735922953 79.041956903033608 98.641771834518295
decision_type=2 2 2 2 2 2 2 2 2 2 2 2 2 2 2 2 2 2 2 2 2 2 2 2 2 2 2 2 2 2
left_child=10 3 5 11 8 14 23 -8 9 -4 25 21 16 -14 15 -3 -13 -7 19 20 -5 -2 -21 -6 28 -1 -26 -19 29 -12
right_child=1 2 4 18 6 17 7 -9 -10 -11 24 12 13 -15 -16 -17 -18 27 -20 22 -22 -23 -24 -25 26 -27 -28 -29 -30 -31
leaf_value=4.9107636955184343e-07 4.0749233543616962e-06 2.4780734324297521e-06 4.887060798329199e-06 -1.3096702336158487e-06 5.0129503688367555e-06 -2.5636817042595794e-06 -1.9838113058978234e-06 2.8211109750466754e-06 9.316969697465539e-06 1.0797541170859403e-06 -1.468924798456156e-06 9.2995013873357824e-07 8.46493920140087e-07 4.7679691580673663e-06 4.7379818790534107e-06 1.4860620016377883e-07 -1.530159115898439e-06 -8.7325745495628273e-07 5.3259535200160255e-07 -2.2071415775860294e-06 1.3633661623039783e-06 2.2773471445921486e-06 -7.2071513133478731e-07 7.8356414481580331e-06 -1.6473756819751169e-06 -9.3964995069958008e-07 5.8153121180737348e-07 8.5442879277429576e-07 -1.7936768637928875e-06 2.0348491610712294e-07
leaf_weight=87 63 348 535 53 20 28 27 713 25 80 165 95 28 29 29 63 36 53 117 108 92 130 107 30 34 75 32 51 3575 36
leaf_count=87 63 348 535 53 20 28 27 713 25 80 165 95 28 29 29 63 36 53 117 108 92 130 107 30 34 75 32 51 3575 36
internal_value=-1.35108e-14 2.34706e-06 3.07779e-06 6.42017e-07 3.65531e-06 1.63399e-06 2.90281e-06 2.6458e-06 4.58419e-06 4.3918e-06 -1.67647e-06 1.96327e-06 1.03847e-06 2.84163e-06 2.29348e-06 2.121e-06 2.5389e-07 -5.64317e-07 -4.13327e-07 -7.20752e-07 3.86325e-07 2.86412e-06 -1.46739e-06 6.70657e-06 -1.73994e-06 -1.71297e-07 -5.66694e-07 -2.60267e-08 -1.76045e-06 -1.16939e-06
internal_weight=6864 2860 2002 858 1430 572 790 740 640 615 4004 381 188 57 440 411 131 132 477 360 145 193 215 50 3842 162 66 104 3776 201
internal_count=6864 2860 2002 858 1430 572 790 740 640 615 4004 381 188 57 440 411 131 132 477 360 145 193 215 50 3842 162 66 104 3776 201
is_linear=0
shrinkage=0.05


Tree=33
num_leaves=31
num_cat=0
split_feature=13 13 12 8 15 15 15 3 8 3 15 8 9 12 8 8 3 8 9 15 3 15 27 15 15 8 15 7 15 15
split_gain=9.75001e-06 1.28637e-06 6.02624e-07 4.31893e-07 3.61056e-07 3.45532e-07 2.99366e-07 2.60229e-07 1.38612e-07 1.1644e-07 1.46826e-07 7.04943e-08 7.61643e-08 6.54317e-08 5.12077e-08 5.0743e-08 5.14423e-08 5.00749e-08 1.07422e-07 6.07406e-08 4.80907e-08 1.7474e-07 1.11836e-07 4.37686e-08 3.64275e-08 3.44535e-08 3.20087e-08 2.66217e-08 3.25926e-08 2.40509e-08
threshold=0.25881904510252057 0.60355339059327384 -0.37940952255126065 70.532270969341809 -0.42958798411962301 -0.39036009226888674 0.31595530242620651 10.050000000000002 74.342397427950502 18.350000000000005 -0.52034141052533245 51.825694037050148 -28.120797331603821 0.12940952255126045 269.6457266754839 296.48308970019144 19.650000000000002 288.14476638188802 -28.120797331603821 0.91245913578114801 12.350000000000003 -0.17646730165275518 46.833333333333336 0.16587474750015932 -0.77788789561442695 285.57773149842563 -0.99628250747696534 92.010027899295963 -0.73284120334876357 0.63255009372278048
decision_type=2 2 2 2 2 2 2 2 2 2 2 2 2 2 2 2 2 2 2 2 2 2 2 2 2 2 2 2 2 2
left_child=8 3 6 11 9 -6 15 -7 27 10 -4 12 -2 -11 -8 16 -3 18 19 -5 22 -22 -13 -20 -14 -10 -17 -1 -29 -16
right_child=1 2 4 17 5 7 14 -9 25 13 -12 20 24 -15 29 26 -18 -19 23 -21 21 -23 -24 -25 -26 -27 -28 28 -30 -31
leaf_value=-9.8284548214208381e-07 5.5563601646016735e-06 2.0016311637106734e-06 3.220365502352171e-06 9.3338309182738845e-07 -3.0404625467781444e-06 -1.8846207029599573e-06 -1.7972680756770386e-06 3.1148878285031587e-06 -1.687091513306024e-06 4.2101179128432403e-06 5.9835171322024039e-06 -2.7405657755523516e-06 2.8121709741364095e-06 5.6607530120417014e-06 -5.6287850740814484e-07 6.3052751102077316e-07 -8.1310221047238537e-08 5.0596560275903168e-07 -7.7115108657326411e-07 -1.4820357837580185e-06 1.1581776284461548e-06 5.1520243047775695e-06 2.1652790945399132e-06 -2.2111073330203607e-06 3.9257906109924078e-07 -6.5088929602639187e-07 2.703033781452124e-06 7.9177249337665982e-07 -8.6030543885124871e-07 1.1543338470537971e-06
leaf_weight=103 22 107 281 111 25 27 50 723 3696 138 58 21 70 178 44 20 41 117 122 34 190 32 26 93 20 82 272 72 51 38
leaf_count=103 22 107 281 111 25 27 50 723 3696 138 58 21 70 178 44 20 41 117 122 34 190 32 26 93 20 82 272 72 51 38
internal_value=-2.73113e-14 2.22971e-06 2.9239e-06 6.09916e-07 3.47255e-06 2.74215e-06 1.55229e-06 2.93491e-06 -1.59265e-06 4.33676e-06 3.69312e-06 1.86511e-06 2.91914e-06 5.02725e-06 -5.36101e-07 2.17881e-06 1.4246e-06 -3.92661e-07 -6.84714e-07 3.67009e-07 1.42626e-06 1.73387e-06 -2.66941e-08 -1.39402e-06 2.27448e-06 -1.6646e-06 2.56108e-06 -3.89828e-07 1.06765e-07 2.32903e-07
internal_weight=6864 2860 2002 858 1430 775 572 750 4004 655 339 381 112 316 132 440 148 477 360 145 269 222 47 215 90 3778 292 226 123 82
internal_count=6864 2860 2002 858 1430 775 572 750 4004 655 339 381 112 316 132 440 148 477 360 145 269 222 47 215 90 3778 292 226 123 82
is_linear=0
shrinkage=0.05


Tree=34
num_leaves=31
num_cat=0
split_feature=13 13 8 15 27 3 15 15 3 27 8 9 8 8 4 3 27 9 15 8 27 8 15 2 3 8 8 12 8 15
split_gain=8.79938e-06 1.17641e-06 5.9093e-07 3.15497e-07 2.46245e-07 2.20614e-07 1.92279e-07 1.9847e-07 1.85461e-07 1.80525e-07 1.49334e-07 1.48019e-07 1.25147e-07 1.11793e-07 1.19657e-07 1.39832e-07 1.08443e-07 9.96285e-08 9.37012e-08 8.58793e-08 7.7859e-08 6.45544e-08 5.03509e-08 4.51567e-08 4.27728e-08 3.86169e-08 3.07842e-08 2.53477e-08 3.22809e-08 2.46036e-08
threshold=0.25881904510252057 0.78656609248549303 62.121740979040858 0.063390085881955341 45.500000000000007 18.250000000000004 0.13185577213185923 0.41397665785662119 10.65 87.833333333333357 294.7852751162809 -17.190763068852839 72.353280273547838 329.03213541798777 1.0000000180025095e-35 20.550000000000004 71.500000000000014 -38.249903098151272 0.73281578960684157 16.085236471260917 52.500000000000007 4.0086417299859827 -0.97111920233974802 21.500000000000004 21.250000000000004 75.91984864997805 287.32847083004589 0.98296291314453421 90.044764230342636 -0.9260227363677036
decision_type=2 2 2 2 2 2 2 2 2 2 2 2 2 2 2 2 2 2 2 2 2 2 2 2 2 2 2 2 2 2
left_child=12 2 8 13 6 9 -5 -8 -2 -6 17 16 -1 19 15 -15 -10 25 -19 21 -16 -3 -13 -12 -21 -4 27 -14 -29 -28
right_child=1 3 10 4 5 -7 7 -9 11 -11 23 22 26 14 20 -17 -18 18 -20 24 -22 -23 -24 -25 -26 -27 29 28 -30 -31
leaf_value=-2.7757661915582224e-07 -2.2792017870187918e-06 3.5568655229261436e-06 1.8718683196572967e-06 -1.1029938150386444e-06 4.1365325461658053e-07 -3.5426809959062666e-06 5.650449890026721e-06 2.5479480370109956e-06 2.6721039298048973e-06 3.6301717626585629e-06 2.0238486778174032e-06 2.5009261646248762e-06 -1.6227241564901738e-06 -1.0189653028191971e-06 5.4782437434316737e-06 4.1701595315267649e-06 4.8816916632583316e-06 1.8820036803433638e-08 -1.615055466772817e-06 2.7850353109298156e-06 3.6354404935804376e-06 6.186798154885764e-06 -7.3784321646105701e-08 1.2338855547966432e-07 3.8472411074868241e-06 2.4159622453723272e-07 -1.2355715460628181e-06 -4.5726224863292722e-07 -1.9377399918372057e-06 7.7126057836570316e-07
leaf_weight=195 20 56 84 24 137 25 78 152 350 64 143 28 3582 20 176 37 66 468 108 413 85 40 59 40 123 64 42 104 57 24
leaf_count=195 20 56 84 24 137 25 78 152 350 64 143 28 3582 20 176 37 66 468 108 413 85 40 59 40 123 64 42 104 57 24
internal_value=3.47253e-14 2.11822e-06 1.10416e-06 3.13229e-06 2.08747e-06 8.86878e-07 3.15571e-06 3.6001e-06 2.44267e-06 1.43782e-06 3.32334e-07 2.63042e-06 -1.51302e-06 3.6602e-06 4.42484e-06 2.34941e-06 3.02266e-06 9.78023e-09 -2.87532e-07 3.27545e-06 4.8781e-06 4.65267e-06 7.54858e-07 1.60845e-06 3.02879e-06 1.16689e-06 -1.57626e-06 -1.59514e-06 -9.81407e-07 -5.05814e-07
internal_weight=6864 2860 1430 1430 480 226 254 230 523 201 907 503 4004 950 318 57 416 724 576 632 261 96 87 183 536 148 3809 3743 161 66
internal_count=6864 2860 1430 1430 480 226 254 230 523 201 907 503 4004 950 318 57 416 724 576 632 261 96 87 183 536 148 3809 3743 161 66
is_linear=0
shrinkage=0.05


Tree=35
num_leaves=31
num_cat=0
split_feature=7 12 12 7 3 3 14 14 14 14 14 14 9 7 9 14 14 7 14 14 14 4 12 27 5 5 7 7 3 3
split_gain=7.64267e-06 6.25679e-07 6.08351e-07 3.746e-07 3.1878e-07 2.42332e-07 2.35438e-07 1.21956e-07 9.82855e-08 1.26626e-07 8.56846e-08 1.11075e-07 7.20786e-08 6.37852e-08 6.00446e-08 5.47569e-08 5.3264e-08 4.3687e-08 4.12572e-08 3.2218e-08 2.59969e-08 5.34114e-08 3.75752e-08 2.27913e-08 2.09421e-08 2.07867e-08 1.6604e-08 1.58707e-08 1.58209e-08 1.48681e-08
threshold=106.02644824171743 0.91597561503675362 -0.60355339059327362 90.343440387037958 10.050000000000002 21.250000000000004 0.93544191479114935 0.97508442350096236 -0.93879691571722779 0.23537774960157334 0.73283908552571653 0.13398903995667991 -23.42708029761112 101.78314279498169 -28.120797331603821 0.3504237462291826 0.69676570133721638 113.87962408466828 0.42958674266195179 -0.98523971305672675 0.64579916509010216 21.500000000000004 0.98296291314453421 55.500000000000007 10.550000000000002 7.5500000000000007 78.618515643905639 84.536839004643696 16.250000000000004 19.850000000000005
decision_type=2 2 2 2 2 2 2 2 2 2 2 2 2 2 2 2 2 2 2 2 2 2 2 2 2 2 2 2 2 2
left_child=3 2 10 26 -4 6 -6 -7 -5 13 11 29 14 -10 18 28 -17 25 -3 -16 -14 -22 -23 -21 -15 -12 -1 -28 -11 -2
right_child=1 12 4 8 5 7 -8 -9 9 15 17 -13 20 24 19 16 -18 -19 -20 23 21 22 -24 -25 -26 -27 27 -29 -30 -31
leaf_value=-1.5411949141515633e-06 1.1365236283255169e-06 -1.6249525081946105e-06 -1.7875707421329647e-06 -1.7356642111249755e-06 2.3558758694281237e-06 4.3829639391866487e-06 4.0831908427605125e-06 4.3709857588207045e-07 2.2643642808541996e-07 -3.3036094982835929e-06 1.5149116305697895e-06 -1.9617444044760727e-06 1.7497003983997533e-06 1.1447553625032469e-06 1.5840168089198413e-07 3.1077919206132896e-07 -9.1518172504974395e-07 4.5636176009408891e-08 1.0269293027353011e-06 -2.8447343982493514e-06 -1.646592618461303e-06 2.8924768929528001e-06 9.786128721053992e-09 -9.610967411460409e-07 2.6735747997550099e-06 3.5659655360522515e-06 -9.9642849993652774e-07 -1.5597052666820406e-06 -1.3627649747961967e-06 -1.6140558929894016e-07
leaf_weight=3030 57 20 38 102 1424 290 229 21 179 21 30 74 51 48 20 147 223 34 55 42 24 20 26 26 42 21 297 216 21 36
leaf_count=3030 57 20 38 102 1424 290 229 21 179 21 30 74 51 48 20 147 223 34 55 42 24 20 26 26 42 21 297 216 21 36
internal_value=3.21477e-14 2.17822e-06 2.45688e-06 -1.27793e-06 2.74832e-06 2.83608e-06 2.59517e-06 4.11652e-06 -2.88202e-07 -7.14014e-08 1.41613e-07 -5.16155e-07 -3.34394e-08 7.72381e-07 -7.19738e-07 -6.22318e-07 -4.28111e-07 1.43393e-06 3.19761e-07 -1.60567e-06 8.91078e-07 2.65511e-07 1.26313e-06 -2.12452e-06 1.8582e-06 2.35946e-06 -1.49666e-06 -1.2336e-06 -2.33319e-06 6.34099e-07
internal_weight=6864 2538 2254 4326 2002 1964 1653 311 783 681 252 167 284 269 163 412 370 85 75 88 121 70 46 68 90 51 3543 513 42 93
internal_count=6864 2538 2254 4326 2002 1964 1653 311 783 681 252 167 284 269 163 412 370 85 75 88 121 70 46 68 90 51 3543 513 42 93
is_linear=0
shrinkage=0.05


Tree=36
num_leaves=31
num_cat=0
split_feature=9 15 9 9 9 15 14 14 14 14 14 4 14 15 5 15 15 14 12 14 27 9 15 14 3 9 3 14 27 9
split_gain=6.89634e-06 9.26705e-07 6.41054e-07 3.80224e-07 3.26518e-07 3.18156e-07 2.48954e-07 3.3735e-07 3.13112e-07 2.04507e-07 1.72054e-07 3.47271e-07 3.2504e-07 1.63283e-07 1.57315e-07 1.58517e-07 1.26802e-07 1.3527e-07 2.87161e-07 2.41368e-07 8.22513e-08 1.2413e-07 6.76643e-08 6.08019e-08 1.01576e-07 5.59882e-08 5.48809e-08 5.21121e-08 5.11698e-08 4.73877e-08
threshold=-15.812571982020179 0.04621408538533487 -53.932882344181294 -28.120797331603821 1.0000000180025095e-35 -0.29342786347392819 0.41398981800788198 0.98372640911059162 0.93845596220871974 0.99966190462023474 0.98522604642031408 15.500000000000002 0.89404822654372251 -0.73865259438682551 5.9500000000000011 0.94975093725139803 0.73281578960684157 0.98372640911059162 0.60355339059327384 0.95998215779580554 53.500000000000007 -24.138091778613834 -0.97111920233974802 0.54219432480460406 15.65 -34.532023602627511 17.250000000000004 0.78325454425165997 55.500000000000007 -13.755815834596119
decision_type=2 2 2 2 2 2 2 2 2 2 2 2 2 2 2 2 2 2 2 2 2 2 2 2 2 2 2 2 2 2
left_child=1 3 6 9 5 22 14 8 -8 10 12 -12 -1 23 28 -16 17 19 -19 -4 21 -15 26 24 -5 -18 -2 -22 -3 -24
right_child=4 2 16 13 -6 -7 7 -9 -10 -11 11 -13 -14 20 15 -17 25 18 -20 -21 27 -23 29 -25 -26 -27 -28 -29 -30 -31
leaf_value=3.5532121418105284e-06 3.509171627793594e-06 1.7595977616927621e-06 2.3391831810923549e-07 -9.6326759506025287e-07 -1.4220288210880888e-06 -1.4682343845515781e-06 3.1397273344255371e-06 -2.3625865530618739e-06 8.3788257556575861e-06 -1.5832221898952931e-06 2.2857627072880858e-07 8.0242383971835804e-06 7.7670856462527237e-07 -2.5317407500452668e-06 -1.8991697171288021e-06 2.0119703580431553e-06 -3.4690063547652511e-07 1.7664165284259072e-06 -5.9682530263671657e-06 4.4315064602966758e-06 5.647948266703414e-07 7.9396171014423082e-07 1.6747501362601725e-06 5.2067936849198306e-06 2.7511182442607082e-06 -1.9568844322748191e-06 9.8248305832571029e-07 3.1178493838701914e-06 5.0963891132482787e-06 -2.0897246658417309e-08
leaf_weight=923 29 27 281 21 3534 332 210 24 33 21 20 50 119 39 63 44 108 24 24 39 39 100 48 20 149 108 83 41 20 291
leaf_count=923 29 27 281 21 3534 332 210 24 33 21 20 50 119 39 63 44 108 24 24 39 39 100 48 20 149 108 83 41 20 291
internal_value=-4.88199e-15 2.06332e-06 8.81955e-07 2.83328e-06 -1.21735e-06 -2.93531e-07 2.36926e-06 3.29267e-06 3.85121e-06 3.30501e-06 3.39733e-06 5.79691e-06 3.23613e-06 1.52651e-06 7.68285e-07 -2.9085e-07 -1.90228e-07 3.74228e-07 -2.10092e-06 7.45499e-07 5.95969e-07 -1.39149e-07 5.71217e-07 2.59907e-06 2.29228e-06 -1.15189e-06 1.63671e-06 1.87324e-06 3.17951e-06 2.19194e-07
internal_weight=6864 2547 1005 1542 4317 783 421 267 243 1133 1112 70 1042 409 154 107 584 368 48 320 219 139 451 190 170 216 112 80 47 339
internal_count=6864 2547 1005 1542 4317 783 421 267 243 1133 1112 70 1042 409 154 107 584 368 48 320 219 139 451 190 170 216 112 80 47 339
is_linear=0
shrinkage=0.05


Tree=37
num_leaves=31
num_cat=0
split_feature=13 8 8 8 14 27 14 13 8 7 7 14 14 27 27 27 7 7 14 27 7 14 27 5 3 7 5 5 14 27
split_gain=6.4989e-06 9.79285e-07 4.22949e-07 2.86573e-07 1.8215e-07 3.3084e-07 2.60857e-07 1.7043e-07 1.59548e-07 1.52859e-07 1.48676e-07 1.41523e-07 2.50222e-07 1.37368e-07 1.04497e-07 1.31662e-07 1.1604e-07 1.05753e-07 1.14853e-07 9.20825e-08 7.90065e-08 7.62556e-08 7.7967e-08 7.31538e-08 6.73688e-08 6.04891e-08 5.2155e-08 1.0847e-07 5.21008e-08 5.33646e-08
threshold=0.60355339059327384 70.532270969341809 317.93051008410481 44.449389694931376 0.21862473630160603 33.500000000000007 0.54219432480460406 0.25881904510252057 296.48308970019144 146.9483393451942 103.23823423304056 -0.94705910369513524 -0.99630266176052629 4.166666666666667 52.500000000000007 9.8333333333333339 155.79183561926178 146.04853396835134 -0.015050995721668367 77.166666666666671 139.65694609264884 0.23537774960157334 69.166666666666671 11.850000000000003 15.450000000000001 114.28060669583631 15.15 6.3500000000000005 0.036545658007091128 7.8333333333333348
decision_type=2 2 2 2 2 2 2 2 2 2 2 2 2 2 2 2 2 2 2 2 2 2 2 2 2 2 2 2 2 2
left_child=1 10 3 4 11 9 -7 -3 13 -6 -1 12 -2 20 15 17 -17 18 -4 26 -5 28 24 -21 -23 -24 27 -16 29 -12
right_child=2 7 14 8 5 6 -8 -9 -10 -11 21 -13 -14 -15 19 16 -18 -19 -20 23 -22 22 25 -25 -26 -27 -28 -29 -30 -31
leaf_value=-2.1674967009072223e-07 6.7989875242346905e-06 -1.349526250591083e-06 3.5724906871968825e-06 1.165420402202656e-06 -1.2870313205381444e-06 -1.5810625799614092e-06 4.3128111913759429e-06 -3.4745844798056239e-07 2.1456020036312661e-06 3.6126367137967463e-06 3.0482798396025914e-06 4.6933283945922487e-06 2.1813624318138654e-07 3.8346395177291191e-07 -3.4449843112200215e-07 5.3916846677031364e-06 1.7433299990443631e-06 5.6490841409547157e-06 8.5850928088370525e-07 2.4055968542110613e-06 3.7058458647979106e-06 8.8059256432183706e-07 6.2204032377621844e-07 5.2478741508821262e-06 -1.6746336590421783e-06 3.9781512666963707e-06 -9.8105010692961514e-07 4.1030442946129337e-06 4.4415709377669069e-06 1.2319180228536086e-06
leaf_weight=169 20 3842 108 69 78 22 128 477 429 20 67 169 52 393 26 170 25 34 61 56 55 91 25 38 36 29 20 29 24 102
leaf_count=169 20 3842 108 69 78 22 128 477 429 20 67 169 52 393 26 170 25 34 61 56 55 91 25 38 36 29 20 29 24 102
internal_value=1.47125e-14 -9.87247e-07 2.3976e-06 1.94078e-06 2.92355e-06 1.97226e-06 3.44838e-06 -1.23886e-06 1.43277e-06 -2.87099e-07 1.01404e-06 3.90247e-06 2.04615e-06 8.41271e-07 3.55376e-06 3.99607e-06 4.92395e-06 3.10476e-06 2.59289e-06 2.51209e-06 2.29222e-06 1.57019e-06 8.32953e-07 3.5546e-06 1.56276e-07 2.4244e-06 1.20547e-06 2.00057e-06 2.2616e-06 1.95201e-06
internal_weight=6864 4862 2002 1435 489 248 150 4319 946 98 543 241 72 517 567 398 195 203 169 169 124 374 181 94 127 54 75 55 193 169
internal_count=6864 4862 2002 1435 489 248 150 4319 946 98 543 241 72 517 567 398 195 203 169 169 124 374 181 94 127 54 75 55 193 169
is_linear=0
shrinkage=0.05


Tree=38
num_leaves=31
num_cat=0
split_feature=13 8 12 15 14 3 14 14 3 3 15 13 15 7 14 27 3 5 5 15 27 14 27 14 17 9 14 14 14 14
split_gain=5.86526e-06 8.83804e-07 3.91708e-07 2.79012e-07 2.42682e-07 3.75216e-07 2.31495e-07 2.44096e-07 4.89248e-07 2.09498e-07 2.07717e-07 1.53813e-07 1.39456e-07 1.3418e-07 6.88207e-08 7.03652e-08 6.08003e-08 6.06385e-08 1.03376e-07 8.91034e-08 5.71745e-08 4.7021e-08 4.81615e-08 4.4408e-08 4.10079e-08 8.98967e-08 7.83697e-08 4.03314e-08 3.71819e-08 3.42981e-08
threshold=0.60355339059327384 70.532270969341809 -0.37940952255126065 -0.73284120334876357 0.54219432480460406 15.250000000000002 -0.99630266176052629 -0.9442364261229238 18.150000000000002 12.65 0.31595530242620651 0.25881904510252057 -0.99938741687870725 103.23823423304056 0.23537774960157334 69.166666666666671 15.450000000000001 16.650000000000002 13.550000000000002 -0.35846086284744721 92.166666666666671 0.036545658007091128 7.8333333333333348 0.3504237462291826 0.38540468242345322 -28.120797331603821 0.41398981800788198 -0.98214942551678475 0.23537774960157334 0.3504237462291826
decision_type=2 2 2 2 2 2 2 2 2 2 2 2 2 2 2 2 2 2 2 2 2 2 2 2 2 2 2 2 2 2
left_child=1 13 10 4 5 -4 -5 8 -8 -9 17 -3 -7 28 21 16 -16 18 -2 -20 -17 22 -15 -12 25 26 -13 -27 -1 -30
right_child=2 11 3 6 -6 12 7 9 -10 -11 23 24 -14 14 15 20 -18 -19 19 -21 -22 -23 -24 -25 -26 27 -28 -29 29 -31
leaf_value=4.5654688384598905e-07 1.8752441850746837e-06 -1.2820499994399377e-06 -2.4494328718341984e-06 5.5738492046657485e-06 7.0534341175516608e-06 -2.8639675008435007e-07 2.1122695652773492e-06 8.9584802474616614e-07 -4.2050290462921934e-06 2.8530972639850919e-06 -2.335171421918858e-06 -1.2362256886996515e-06 4.0101702586794081e-06 2.8958658565986311e-06 8.3656293298560369e-07 3.7583645401658338e-06 -1.5909019484499572e-06 3.9034983125208691e-06 9.5654977987874726e-07 -3.0830491527922278e-06 4.841911646735753e-07 4.2194923556356427e-06 1.1703221155542843e-06 -9.1847818236482445e-08 3.6795779454235981e-07 -4.2846830261566995e-08 1.1775463797863743e-06 -1.7753639925113536e-06 -2.8093255110661633e-06 -3.9141918891387334e-07
leaf_weight=94 348 3842 26 50 50 20 101 175 44 625 28 53 339 67 91 30 36 29 43 20 24 24 102 104 146 44 92 142 20 55
leaf_count=94 348 3842 26 50 50 20 101 175 44 625 28 53 339 67 91 30 36 29 43 20 24 24 102 104 146 44 92 142 20 55
internal_value=-2.13034e-14 -9.37885e-07 2.27772e-06 2.72005e-06 3.77634e-06 3.35074e-06 2.25826e-06 2.08283e-06 1.95296e-07 2.42495e-06 1.17189e-06 -1.17691e-06 3.77081e-06 9.63335e-07 1.49168e-06 7.91305e-07 1.48463e-07 1.69377e-06 1.53785e-06 -3.25863e-07 2.30318e-06 2.14852e-06 1.85441e-06 -5.67704e-07 -3.30086e-07 -6.37984e-07 2.95271e-07 -1.36552e-06 -2.05912e-07 -1.03619e-06
internal_weight=6864 4862 2002 1430 435 385 995 945 145 800 572 4319 359 543 374 181 127 440 411 63 54 193 169 132 477 331 145 186 169 75
internal_count=6864 4862 2002 1430 435 385 995 945 145 800 572 4319 359 543 374 181 127 440 411 63 54 193 169 132 477 331 145 186 169 75
is_linear=0
shrinkage=0.05


Tree=39
num_leaves=31
num_cat=0
split_feature=13 12 15 8 14 14 14 8 27 8 15 5 12 12 9 14 14 12 8 14 8 14 27 14 8 3 14 3 12 14
split_gain=5.29378e-06 7.49051e-07 3.57202e-07 2.89542e-07 2.65242e-07 6.02087e-07 2.17197e-07 2.2198e-07 2.09857e-07 2.02621e-07 1.63417e-07 1.27666e-07 7.47038e-08 6.73806e-08 6.62451e-08 5.82818e-08 7.52515e-08 5.39416e-08 4.79055e-08 3.28165e-08 2.72975e-08 2.95385e-08 2.54375e-08 4.06094e-08 2.24239e-08 2.11942e-08 2.09215e-08 2.06253e-08 1.982e-08 3.41834e-08
threshold=0.37940952255126048 -0.60355339059327362 -0.73284120334876357 70.532270969341809 0.54219432480460406 0.49812943072827093 -0.99630266176052629 304.75715934148053 74.166666666666671 278.19924303341639 -0.99938741687870725 2.8500000000000001 -1.0000000180025095e-35 -1.0000000180025095e-35 -28.120797331603821 0.23537774960157334 0.3504237462291826 -0.78656609248549292 62.121740979040858 0.42958674266195179 285.57773149842563 0.23537774960157334 22.833333333333339 0.80417553764032002 269.6457266754839 14.250000000000002 0.036545658007091128 20.050000000000004 0.98296291314453421 0.7090011537757156
decision_type=2 2 2 2 2 2 2 2 2 2 2 2 2 2 2 2 2 2 2 2 2 2 2 2 2 2 2 2 2 2
left_child=3 9 4 15 5 10 12 8 -8 24 -3 -9 -4 -6 19 18 -17 -11 26 -5 28 -22 -18 -24 -2 -15 27 -1 -16 -30
right_child=1 2 6 14 13 -7 7 11 -10 17 -12 -13 -14 25 20 16 22 -19 -20 -21 21 -23 23 -25 -26 -27 -28 -29 29 -31
leaf_value=3.2159093122502854e-07 -1.7727288460106695e-06 -4.9605426194635327e-07 1.9385750192668637e-06 -1.456114172242451e-06 3.7013832024968002e-06 -5.4170707742395327e-06 7.6353080403433799e-07 5.6258523692065415e-06 2.5393064844342291e-06 1.6240534742181091e-07 3.4313573803516147e-06 2.3453036958134936e-06 5.5542585232615239e-06 6.2592722315457655e-06 -1.2663798990395023e-06 -3.1522922058900892e-06 -1.0248555319755133e-06 1.3277813417111077e-06 2.3436779866159444e-07 9.0899091617302477e-07 -1.2454678380349617e-06 6.5305663067505292e-07 -2.3737029049837058e-07 1.9977327083654841e-06 -6.1910677032891308e-07 8.3449891549424215e-06 3.113444544548353e-06 2.2609849111177029e-06 -1.3159131244134583e-06 1.042237220996076e-07
leaf_weight=26 93 28 20 20 20 21 664 32 222 179 490 405 50 29 3632 21 37 223 100 55 42 40 59 31 77 21 24 29 101 73
leaf_count=26 93 28 20 20 20 21 664 32 222 179 490 405 50 29 3632 21 37 223 100 55 42 40 59 31 77 21 24 29 101 73
internal_value=3.49311e-15 1.79262e-06 2.24854e-06 -1.07557e-06 3.25863e-06 2.88259e-06 1.80694e-06 1.66333e-06 1.20848e-06 1.96907e-07 3.21906e-06 2.58553e-06 4.52121e-06 6.15416e-06 -1.19357e-06 3.54423e-07 -3.79682e-07 8.0887e-07 9.61393e-07 2.78296e-07 -1.22196e-06 -3.19358e-07 7.87812e-08 5.32499e-07 -1.25021e-06 7.13527e-06 1.88168e-06 1.34418e-06 -1.24141e-06 -7.20109e-07
internal_weight=6864 2574 2002 4290 609 539 1393 1323 886 572 518 437 70 70 3963 327 148 402 179 75 3888 82 127 90 170 50 79 55 3806 174
internal_count=6864 2574 2002 4290 609 539 1393 1323 886 572 518 437 70 70 3963 327 148 402 179 75 3888 82 127 90 170 50 79 55 3806 174
is_linear=0
shrinkage=0.05


Tree=40
num_leaves=31
num_cat=0
split_feature=13 8 12 14 3 14 15 3 14 14 27 15 3 8 9 7 14 14 27 3 14 14 14 27 14 15 14 3 3 7
split_gain=4.79949e-06 7.13786e-07 3.30035e-07 2.38095e-07 5.23619e-07 2.39975e-07 2.49166e-07 2.06599e-07 2.05031e-07 1.97331e-07 1.88939e-07 1.73492e-07 1.43207e-07 1.25909e-07 1.10988e-07 1.08569e-07 6.92036e-08 5.84467e-08 6.09598e-08 5.36569e-08 5.32603e-08 4.04584e-08 3.97506e-08 4.12801e-08 3.96358e-08 3.53931e-08 3.02975e-08 1.25928e-07 7.83395e-08 3.97928e-08
threshold=0.60355339059327384 70.532270969341809 -0.37940952255126065 0.9916835347852474 12.350000000000003 0.96465729447553372 -0.73284120334876357 20.950000000000003 -0.99630266176052629 0.54219432480460406 30.166666666666668 0.31595530242620651 10.550000000000002 288.14476638188802 -28.120797331603821 103.23823423304056 0.41398981800788198 0.23537774960157334 69.166666666666671 15.450000000000001 0.94138322595482449 0.36648264796514479 0.036545658007091128 7.8333333333333348 0.3504237462291826 0.94975093725139803 -0.7217484125045438 19.650000000000002 22.150000000000002 130.42283036674641
decision_type=2 2 2 2 2 2 2 2 2 2 2 2 2 2 2 2 2 2 2 2 2 2 2 2 2 2 2 2 2 2
left_child=1 15 11 5 12 6 9 10 -8 -4 -7 26 -5 14 16 -1 25 22 19 -19 -20 -15 23 -17 -13 -3 27 29 -29 -2
right_child=2 13 3 4 -6 7 8 -9 -10 -11 -12 24 -14 21 -16 17 -18 18 20 -21 -22 -23 -24 -25 -26 -27 -28 28 -30 -31
leaf_value=-1.9157006927686979e-07 1.3766951791005511e-06 -2.2870801958120983e-06 3.039072485183748e-06 -6.5082520420575113e-06 4.7014092454065258e-06 1.0118235964910128e-05 5.0536005674075569e-06 1.1489836403846064e-06 1.752029118204625e-06 6.3779204792808742e-06 4.3556512068651941e-06 -2.2142691282819476e-06 -7.973548798916108e-07 -3.4952668159698476e-07 -1.1676105952221709e-06 2.6345214523847866e-06 1.0696300741439858e-06 7.3808360094607364e-07 8.4456914161516277e-07 -1.5423254265240554e-06 4.0656520479301219e-06 1.2201389742938828e-06 3.8448977193183964e-06 1.0370023232033142e-06 -9.4906503005194497e-08 3.3517582664899237e-07 1.7851390183226221e-06 -3.4270153708927291e-06 8.9671479884145812e-07 3.9317884343859077e-06
leaf_weight=169 64 31 385 23 31 25 50 22 790 50 33 28 21 106 4001 67 92 91 33 36 21 67 24 102 104 22 314 22 20 20
leaf_count=169 64 31 385 23 31 25 50 22 790 50 33 28 21 106 4001 67 92 91 33 36 21 67 24 102 104 22 314 22 20 20
internal_value=1.04682e-14 -8.48406e-07 2.06041e-06 2.46643e-06 -2.75874e-07 2.61822e-06 2.45155e-06 5.27463e-06 1.94855e-06 3.42285e-06 6.83952e-06 1.04536e-06 -3.7826e-06 -1.06322e-06 -1.11836e-06 8.60186e-07 2.40554e-07 1.33544e-06 6.90008e-07 9.16684e-08 2.09721e-06 2.58379e-07 1.94075e-06 1.67034e-06 -5.44468e-07 -1.1986e-06 1.52231e-06 8.67335e-07 -1.3681e-06 1.98505e-06
internal_weight=6864 4862 2002 1430 75 1355 1275 80 840 435 58 572 44 4319 4146 543 145 374 181 127 54 173 193 169 132 53 440 126 42 84
internal_count=6864 4862 2002 1430 75 1355 1275 80 840 435 58 572 44 4319 4146 543 145 374 181 127 54 173 193 169 132 53 440 126 42 84
is_linear=0
shrinkage=0.05


Tree=41
num_leaves=31
num_cat=0
split_feature=13 13 12 14 3 14 15 15 3 27 14 15 15 3 14 9 14 9 12 15 14 5 5 14 14 15 5 27 27 5
split_gain=4.33154e-06 5.79485e-07 2.97856e-07 2.14881e-07 4.72566e-07 2.16578e-07 2.30102e-07 2.9689e-07 1.86455e-07 1.70517e-07 1.60201e-07 1.58703e-07 1.34331e-07 1.29244e-07 9.24912e-08 9.05739e-08 9.5517e-08 8.34827e-08 7.01082e-08 6.37678e-08 1.0923e-07 5.02064e-08 8.42135e-08 7.06944e-08 3.89584e-08 5.49531e-08 3.82611e-08 3.64796e-08 3.49532e-08 3.76425e-08
threshold=0.60355339059327384 0.25881904510252057 -0.37940952255126065 0.9916835347852474 12.350000000000003 0.96465729447553372 -0.42958798411962301 -0.39036009226888674 20.950000000000003 30.166666666666668 0.85226249403558707 0.18281312110578132 1.0000000180025095e-35 10.550000000000002 0.98372640911059162 -28.120797331603821 0.93845596220871974 -28.120797331603821 0.98296291314453421 -0.73865259438682551 0.54219432480460406 16.650000000000002 13.550000000000002 -0.78921557292475952 0.93544191479114935 -0.46800559042974538 3.2500000000000004 49.500000000000007 47.500000000000007 11.250000000000002
decision_type=2 2 2 2 2 2 2 2 2 2 2 2 2 2 2 2 2 2 2 2 2 2 2 2 2 2 2 2 2 2
left_child=1 18 11 5 13 6 10 -8 9 -7 -4 21 17 -5 15 16 -14 24 -1 20 -19 22 26 -24 25 -3 -2 -21 29 -13
right_child=2 12 3 4 -6 8 7 -9 -10 -11 -12 28 14 -15 -16 -17 -18 19 -20 27 -22 -23 23 -25 -26 -27 -28 -29 -30 -31
leaf_value=-1.116698742207883e-06 3.1156556244196714e-06 3.0315716033315871e-06 2.8111587236182347e-06 -6.1828394467758462e-06 4.4663388654308007e-06 9.6123241164605133e-06 -3.6992034220020287e-06 1.8628464594369598e-06 1.0915344298403148e-06 4.1378686463841318e-06 6.5516027272375753e-06 -2.4053630066442443e-07 1.356710089282074e-07 -7.5748719046671236e-07 -2.9575690556763829e-06 -1.2666532576140362e-06 3.8171224468896977e-06 7.2006072963298968e-07 -3.0431028781742876e-07 -5.947901472997143e-07 3.939806749713171e-06 3.6046549397454967e-06 -2.7869209387176854e-06 8.8564704104723395e-07 4.1114610634654779e-06 2.4923161520616432e-07 1.480972697796107e-06 7.6953550555386663e-07 -1.032888549919638e-06 2.18847131195203e-06
leaf_weight=3718 41 36 625 23 31 25 25 595 22 33 30 58 148 21 33 111 20 216 286 129 30 27 20 38 21 35 282 79 84 22
leaf_count=3718 41 36 625 23 31 25 25 595 22 33 30 58 148 21 33 111 20 216 286 129 30 27 20 38 21 35 282 79 84 22
internal_value=-2.0759e-14 -8.05986e-07 1.95739e-06 2.34311e-06 -2.6208e-07 2.48731e-06 2.32897e-06 1.63857e-06 5.01089e-06 6.49755e-06 2.98248e-06 9.93096e-07 3.73213e-07 -3.59347e-06 -4.54412e-07 -1.5834e-07 5.73939e-07 8.46141e-07 -1.05867e-06 5.67825e-07 1.11271e-06 1.52112e-06 1.37347e-06 -3.80756e-07 2.21957e-06 1.66e-06 1.68847e-06 -7.66088e-08 -3.20533e-07 4.27441e-07
internal_weight=6864 4862 2002 1430 75 1355 1275 620 80 58 655 572 858 44 312 279 168 546 4004 454 246 408 381 58 92 71 323 208 164 80
internal_count=6864 4862 2002 1430 75 1355 1275 620 80 58 655 572 858 44 312 279 168 546 4004 454 246 408 381 58 92 71 323 208 164 80
is_linear=0
shrinkage=0.05


Tree=42
num_leaves=31
num_cat=0
split_feature=13 13 12 15 14 14 3 14 14 3 14 15 15 15 7 9 12 14 27 5 5 15 15 27 15 14 15 27 15 9
split_gain=3.90922e-06 5.22985e-07 2.68815e-07 1.95946e-07 1.78091e-07 3.41488e-07 2.58854e-07 1.73311e-07 2.13801e-07 4.40517e-07 1.76975e-07 1.49497e-07 1.43404e-07 1.21988e-07 7.74179e-08 7.64523e-08 6.32726e-08 5.55829e-08 7.34642e-08 4.96636e-08 8.36081e-08 7.19155e-08 4.94786e-08 8.12674e-08 4.80699e-08 3.5163e-08 3.19423e-08 3.04011e-08 2.89973e-08 2.79488e-08
threshold=0.60355339059327384 0.25881904510252057 -0.37940952255126065 -0.73284120334876357 0.54219432480460406 0.21862473630160603 15.250000000000002 -0.99630266176052629 -0.9442364261229238 18.150000000000002 -0.75648915189404875 -0.99938741687870725 0.31595530242620651 0.04621408538533487 113.28961803638258 -28.120797331603821 0.98296291314453421 0.41398981800788198 21.833333333333339 16.650000000000002 13.550000000000002 -0.35846086284744721 -0.73284120334876357 65.833333333333357 -0.84313311835787952 0.3504237462291826 0.94975093725139803 1.0000000180025095e-35 -0.97111920233974802 -60.224164379586931
decision_type=2 2 2 2 2 2 2 2 2 2 2 2 2 2 2 2 2 2 2 2 2 2 2 2 2 2 2 2 2 2
left_child=1 16 12 4 5 11 -7 29 9 -9 -10 -4 19 14 -3 17 -1 26 -19 20 27 -22 24 -24 -16 -14 -15 -2 -18 -5
right_child=2 13 3 7 -6 6 -8 8 10 -11 -12 -13 25 15 22 -17 28 18 -20 -21 21 -23 23 -25 -26 -27 -28 -29 -30 -31
leaf_value=-1.0608637766834226e-06 2.6938022055757607e-06 3.2001116992788486e-07 -5.3978569667378908e-07 5.9381830017931259e-06 5.9184665406064598e-06 -4.7013699627097506e-06 1.5442253892258665e-06 1.7396513162521383e-06 3.869914012181074e-06 -4.2547854597139372e-06 1.7104287515120881e-06 3.9432325796788752e-06 -2.074735406105382e-06 -2.1795097049173436e-06 1.7833899193881792e-06 -1.4353025337951211e-06 1.2391630085468415e-06 2.4542203692722387e-06 -1.2577415585330126e-07 3.3768556210722228e-06 7.1199182018464736e-07 -2.9171350587375856e-06 2.4858488055229231e-07 3.1332906257119934e-06 4.5512255642928978e-06 -7.8533998449669396e-08 3.1163344674082925e-07 1.3502012702143927e-06 -4.5495220521187061e-07 3.5720198971270854e-06
leaf_weight=3718 49 346 20 24 50 21 79 101 110 44 690 265 28 31 62 121 28 43 77 29 43 20 103 32 21 104 22 299 258 26
leaf_count=3718 49 346 20 24 50 21 79 101 110 44 690 265 28 31 62 121 28 43 77 29 43 20 103 32 21 104 22 299 258 26
internal_value=4.64524e-16 -7.65686e-07 1.85952e-06 2.22596e-06 3.11115e-06 2.74656e-06 2.3265e-07 1.83896e-06 1.68718e-06 -7.93502e-08 2.00736e-06 3.62863e-06 9.43441e-07 3.54552e-07 7.84999e-07 -4.71203e-07 -1.00574e-06 2.0311e-07 7.98724e-07 1.37706e-06 1.23596e-06 -4.40112e-07 1.52301e-06 9.32367e-07 2.48369e-06 -5.01971e-07 -1.14545e-06 1.53939e-06 -2.89095e-07 4.70778e-06
internal_weight=6864 4862 2002 1430 435 385 100 995 945 145 800 285 572 858 564 294 4004 173 120 440 411 63 218 135 83 132 53 348 286 50
internal_count=6864 4862 2002 1430 435 385 100 995 945 145 800 285 572 858 564 294 4004 173 120 440 411 63 218 135 83 132 53 348 286 50
is_linear=0
shrinkage=0.05


Tree=43
num_leaves=31
num_cat=0
split_feature=13 13 12 14 15 14 15 15 11 11 14 15 15 9 9 12 14 5 5 15 4 15 5 5 5 27 5 15 7 14
split_gain=3.52807e-06 4.71994e-07 2.42606e-07 1.89912e-07 4.26774e-07 1.99922e-07 1.96566e-07 2.89376e-07 1.68276e-07 1.54507e-07 1.53974e-07 1.30352e-07 1.10094e-07 7.14615e-08 6.89982e-08 5.71036e-08 5.01636e-08 7.07574e-08 4.83389e-08 4.4465e-08 7.1029e-08 5.09828e-08 4.18067e-08 4.89882e-08 5.42965e-08 3.08495e-08 3.42742e-08 2.88279e-08 2.75093e-08 3.66809e-08
threshold=0.60355339059327384 0.25881904510252057 -0.37940952255126065 0.9916835347852474 1.0000000180025095e-35 0.96465729447553372 -0.68432604233786842 -0.65883892954715351 20.853125000000002 13.306250000000002 0.21862473630160603 0.18281312110578132 0.04621408538533487 -17.190763068852839 -28.120797331603821 0.98296291314453421 0.41398981800788198 5.8500000000000005 5.1500000000000012 -0.73284120334876357 17.500000000000004 -0.84313311835787952 3.2500000000000004 16.650000000000002 13.550000000000002 47.500000000000007 11.550000000000002 0.94975093725139803 112.79486125834522 -0.93879691571722779
decision_type=2 2 2 2 2 2 2 2 2 2 2 2 2 2 2 2 2 2 2 2 2 2 2 2 2 2 2 2 2 2
left_child=1 15 11 5 -5 6 10 -8 9 -7 -4 22 13 19 16 -1 27 -18 -6 21 -21 -3 -2 24 -24 26 -13 -14 29 -17
right_child=2 12 3 4 18 8 7 -9 -10 -11 -12 25 14 -15 -16 28 17 -19 -20 20 -22 -23 23 -25 -26 -27 -28 -29 -30 -31
leaf_value=-1.0078205900947659e-06 2.8890857415384879e-06 1.3813831784113653e-06 3.5758582877472465e-06 3.697628191210762e-06 -5.6007626881182661e-06 2.5299625576735707e-06 -4.3189534858356634e-06 1.7719855368103786e-06 9.5143624838039455e-07 7.9593522478286393e-06 1.6979854941008158e-06 -2.0899779128277738e-07 -2.0705342132215819e-06 1.6878414915440359e-07 -1.3635374060424873e-06 -1.4693339119276063e-06 -1.3919477788508161e-06 1.4441868891488633e-06 -2.1244533945719017e-06 -4.6892738152603592e-07 1.5663960034888216e-06 3.7851724940196619e-06 1.3294084553459371e-06 3.2555794742047851e-06 -3.5038913852821652e-07 -9.6348979852223246e-07 2.1431408846356571e-06 2.9605179282622309e-07 -1.5273797568002729e-06 1.8397470053285951e-07
leaf_weight=3718 41 71 305 35 20 20 20 780 22 38 170 59 31 275 121 40 29 91 20 67 119 32 282 27 58 84 21 22 38 208
leaf_count=3718 41 71 305 35 20 20 20 780 22 38 170 59 31 275 121 40 29 91 20 67 119 32 282 27 58 84 21 22 38 208
internal_value=1.1802e-15 -7.27402e-07 1.76655e-06 2.11466e-06 -3.34498e-07 2.25022e-06 2.09809e-06 1.61971e-06 4.67483e-06 6.08715e-06 2.90378e-06 8.96269e-07 3.36825e-07 7.45749e-07 -4.47643e-07 -9.55451e-07 1.92954e-07 7.58788e-07 -3.86261e-06 1.29476e-06 8.33242e-07 2.12819e-06 1.37481e-06 1.20564e-06 1.04285e-06 -2.94256e-07 4.08439e-07 -1.08818e-06 -2.7464e-07 -8.2688e-08
internal_weight=6864 4862 2002 1430 75 1355 1275 800 80 58 475 572 858 564 294 4004 173 120 40 289 186 103 408 367 340 164 80 53 286 248
internal_count=6864 4862 2002 1430 75 1355 1275 800 80 58 475 572 858 564 294 4004 173 120 40 289 186 103 408 367 340 164 80 53 286 248
is_linear=0
shrinkage=0.05


Tree=44
num_leaves=31
num_cat=0
split_feature=13 12 8 8 15 14 14 8 14 4 8 3 14 14 14 14 4 7 14 8 8 14 8 14 7 14 12 3 8 14
split_gain=3.18897e-06 4.68307e-07 2.28791e-07 1.81197e-07 1.74485e-07 3.7105e-07 2.44913e-07 1.25109e-07 1.11579e-07 2.15184e-07 1.09856e-07 6.71076e-08 9.27146e-08 1.60232e-07 4.63815e-08 6.68568e-08 3.97305e-08 3.54941e-08 3.19258e-08 3.1377e-08 2.99239e-08 2.36266e-08 2.21572e-08 2.55861e-08 2.17416e-08 2.76381e-08 2.10126e-08 1.96181e-08 1.75422e-08 1.75345e-08
threshold=0.37940952255126048 -0.60355339059327362 329.03213541798777 69.797124037577774 0.04621408538533487 0.9916835347852474 0.41398981800788198 278.19924303341639 0.21862473630160603 15.500000000000002 37.05353881563304 13.350000000000003 0.96465729447553372 0.90162119223771331 0.23537774960157334 0.3504237462291826 64.500000000000014 118.353626780215 0.39036257410962044 62.121740979040858 296.48308970019144 0.21862473630160603 285.57773149842563 0.23537774960157334 109.62182897068858 0.67802080537253973 -0.78656609248549292 17.250000000000004 269.6457266754839 0.46039464932087154
decision_type=2 2 2 2 2 2 2 2 2 2 2 2 2 2 2 2 2 2 2 2 2 2 2 2 2 2 2 2 2 2
left_child=3 7 4 14 8 6 -6 28 10 -10 -3 16 13 -13 19 -16 -4 22 21 27 -20 26 -5 -24 25 -17 -9 -1 -2 -19
right_child=1 2 11 17 5 -7 -8 18 9 -11 -12 12 -14 -15 15 24 -18 29 20 -21 -22 -23 23 -25 -26 -27 -28 -29 -30 -31
leaf_value=2.8101294541708439e-06 -1.4696702666491724e-06 3.3316497599930464e-06 5.0320802813530466e-08 -9.6251460166718543e-07 -2.5302497352740661e-07 -4.8136498597679231e-06 1.8895780865265358e-06 -1.6799698196217308e-07 -3.9878447495311779e-07 2.0129394110984567e-06 1.8525456605189562e-06 3.1452060338822087e-06 5.9411082562431925e-06 -1.1846127286528075e-06 -2.9447823169989754e-06 6.1987427926044121e-07 2.7747420418840511e-06 -1.0829453287897195e-06 6.8333507504516809e-07 2.5538150876857569e-07 2.1193098391149589e-06 -1.4105136096986828e-06 -9.9378816003081734e-07 7.7316359998746979e-07 1.5777309456444484e-06 -1.0963897706359502e-06 8.2920224617699202e-07 1.0968607667068268e-06 -4.4931920472533557e-07 6.5912629903135236e-07
leaf_weight=24 93 190 32 3830 214 28 354 95 132 309 370 301 26 23 21 49 23 20 115 91 53 20 42 40 21 45 119 55 77 52
leaf_count=24 93 190 32 3830 214 28 354 95 132 309 370 301 26 23 21 49 23 20 115 91 53 20 42 40 21 45 119 55 77 52
internal_value=-9.04726e-15 1.39133e-06 1.75183e-06 -8.34799e-07 1.48265e-06 8.05337e-07 1.08233e-06 1.29607e-07 1.88593e-06 1.29106e-06 2.35438e-06 2.81323e-06 3.06837e-06 2.83784e-06 3.37707e-07 -3.50528e-07 1.18962e-06 -9.24856e-07 6.10478e-07 8.88295e-07 1.13635e-06 2.32928e-07 -9.45103e-07 -1.3186e-07 1.23206e-07 -2.01741e-07 3.8652e-07 1.61735e-06 -1.00751e-06 1.75218e-07
internal_weight=6864 2574 2002 4290 1597 596 568 572 1001 441 560 405 350 324 306 136 55 3984 402 170 168 234 3912 82 115 94 214 79 170 72
internal_count=6864 2574 2002 4290 1597 596 568 572 1001 441 560 405 350 324 306 136 55 3984 402 170 168 234 3912 82 115 94 214 79 170 72
is_linear=0
shrinkage=0.05


Tree=45
num_leaves=31
num_cat=0
split_feature=13 8 8 8 14 27 14 7 27 14 14 8 8 27 27 7 7 14 27 14 14 14 27 14 9 3 27 9 5 3
split_gain=2.88151e-06 4.44023e-07 2.38508e-07 1.4139e-07 1.32488e-07 2.8161e-07 2.22444e-07 1.34236e-07 1.0746e-07 9.5719e-08 1.61796e-07 8.58848e-08 8.38604e-08 7.57617e-08 1.23637e-07 9.98121e-08 8.87647e-08 8.07934e-08 7.47707e-08 7.05855e-08 9.98454e-08 1.17973e-07 1.12667e-07 6.59471e-08 6.50931e-08 6.43562e-08 6.35358e-08 6.01021e-08 5.8967e-08 5.73159e-08
threshold=0.60355339059327384 70.532270969341809 317.93051008410481 44.449389694931376 0.21862473630160603 33.500000000000007 0.54219432480460406 146.9483393451942 11.16666666666667 -0.94705910369513524 -0.99630266176052629 296.48308970019144 288.14476638188802 52.500000000000007 9.8333333333333339 146.04853396835134 155.79183561926178 -0.015050995721668367 77.166666666666671 0.23537774960157334 0.54219432480460406 0.67802080537253973 71.500000000000014 0.84313847884979054 -28.120797331603821 15.15 17.166666666666668 -65.324295465522354 11.850000000000003 18.950000000000003
decision_type=2 2 2 2 2 2 2 2 2 2 2 2 2 2 2 2 2 2 2 2 2 2 2 2 2 2 2 2 2 2
left_child=1 19 3 4 9 7 -7 -6 23 10 -2 26 24 14 15 17 -16 -4 -15 -1 25 -22 -23 27 -3 -21 -10 -5 -20 -13
right_child=2 12 13 8 5 6 -8 -9 11 -11 -12 29 -14 18 16 -17 -18 -19 28 20 21 22 -24 -25 -26 -27 -28 -29 -30 -31
leaf_value=1.2286104581122846e-06 5.0738410027406641e-06 1.6888575173809309e-07 2.3019284777848063e-06 3.6959077733627056e-06 -1.8890937999808208e-06 -2.1500707052010432e-06 3.2925695037544502e-06 2.7024194491787056e-06 -2.4277911115859752e-06 3.4290362915714183e-06 -2.179545580597383e-07 1.6050320792006946e-06 2.5176761824114941e-07 4.0034191988524983e-07 4.1495654148976052e-06 4.4494287154146364e-06 9.5866610354278231e-07 2.5654010448202143e-08 1.485572502904883e-06 -2.9718411519120816e-06 3.5860926891473358e-06 -7.0852915978089532e-07 2.3177632609203591e-06 3.4585124203024252e-06 -9.095242482722309e-07 -4.0189796015382832e-08 1.8657541875802855e-07 1.1274170061637002e-06 4.0374068099050709e-06 -1.0195770805956692e-07
leaf_weight=287 20 145 108 25 78 22 128 20 25 169 52 202 173 75 170 34 25 61 56 36 30 108 43 43 4001 39 330 256 38 65
leaf_count=287 20 145 108 25 78 22 128 20 25 169 52 202 173 75 170 34 25 61 56 36 30 108 43 43 4001 39 330 256 38 65
internal_value=-1.19377e-14 -6.5738e-07 1.59649e-06 1.25344e-06 1.94376e-06 1.13245e-06 2.49432e-06 -9.5205e-07 8.96614e-07 2.77863e-06 1.25199e-06 5.12001e-07 -8.26803e-07 2.4647e-06 2.84132e-06 1.9776e-06 3.74048e-06 1.48031e-06 1.57775e-06 6.90208e-07 8.66085e-08 7.2224e-07 1.53263e-07 1.63498e-06 -8.71809e-07 -1.44738e-06 2.4651e-09 1.35593e-06 2.51717e-06 1.18947e-06
internal_weight=6864 4862 2002 1435 489 248 150 98 946 241 72 622 4319 567 398 203 195 169 169 543 256 181 151 324 4146 75 355 281 94 267
internal_count=6864 4862 2002 1435 489 248 150 98 946 241 72 622 4319 567 398 203 195 169 169 543 256 181 151 324 4146 75 355 281 94 267
is_linear=0
shrinkage=0.05


Tree=46
num_leaves=31
num_cat=0
split_feature=13 12 11 14 5 14 5 11 14 14 11 7 13 27 14 0 14 14 12 7 21 14 20 14 5 27 7 11 14 14
split_gain=2.61106e-06 3.86171e-07 1.6122e-07 2.81706e-07 3.35093e-07 2.97742e-07 2.78317e-07 1.65491e-07 1.5693e-07 1.84633e-07 1.75967e-07 1.1785e-07 1.05427e-07 4.44711e-08 4.03943e-08 4.00496e-08 3.97749e-08 6.31742e-08 3.70694e-08 4.68033e-08 4.39449e-08 3.31073e-08 2.12091e-08 1.99583e-08 1.97139e-08 1.99892e-08 1.66293e-08 1.38875e-08 1.30938e-08 1.20333e-08
threshold=0.37940952255126048 -0.60355339059327362 12.640625000000002 0.9916835347852474 12.15 0.86113431103781346 20.750000000000004 10.262500000000001 0.96465729447553372 0.21862473630160603 23.303125000000005 143.43025076091413 1.0000000180025095e-35 69.166666666666671 -0.9442364261229238 3.5000000000000004 0.23537774960157334 0.3504237462291826 -0.78656609248549292 113.87962408466828 95.500000000000014 -0.96689237009891416 2.3250000000000002e-06 0.23537774960157334 3.9500000000000006 26.166666666666668 112.33436739144402 19.412500000000005 -0.96902457013955734 0.46800856592688472
decision_type=2 2 2 2 2 2 2 2 2 2 2 2 2 2 2 2 2 2 2 2 2 2 2 2 2 2 2 2 2 2
left_child=12 18 3 4 11 -6 8 -5 9 -4 -10 -3 -1 -9 -14 16 26 -18 20 24 28 -21 -17 -24 -20 -26 -16 -22 -2 -29
right_child=1 2 6 7 5 -7 -8 13 10 -11 -12 -13 14 -15 15 22 17 -19 19 21 27 -23 23 -25 25 -27 -28 29 -30 -31
leaf_value=-8.7931309749966586e-07 -4.949569402916841e-08 1.6663592836826305e-06 2.0087992354804761e-06 -5.8109979353621783e-06 -3.9800778029616814e-06 2.6762587022436232e-06 5.9330979836839765e-06 -2.0962551626207247e-06 4.2303894629079493e-06 9.2364331982754468e-07 -8.988197444637081e-07 4.8951718677585636e-06 -1.1230277645579144e-06 1.0861972430662025e-06 8.8956237144487706e-07 -1.1602360985886085e-06 -2.4742416712797424e-06 1.5860408807261417e-08 2.4718523285454942e-06 1.1558657282269756e-06 8.4145240360533267e-07 -7.7914825832673768e-07 -7.2979734125529676e-07 4.9780000208927381e-07 1.2975291726159749e-06 1.1846918050554512e-07 -6.0533728220066452e-07 -4.0109265100340966e-07 -1.258958212702055e-06 9.7731185633165296e-07
leaf_weight=3432 29 65 886 23 42 28 39 23 102 703 20 50 117 21 163 110 28 282 21 30 63 84 81 56 92 59 21 76 98 20
leaf_count=3432 29 65 886 23 42 28 39 23 102 703 20 50 117 21 163 110 28 282 21 30 63 84 81 56 92 59 21 76 98 20
internal_value=-1.9066e-14 1.25897e-06 1.58632e-06 4.03918e-07 1.40997e-06 -1.31754e-06 1.75659e-06 -2.37398e-06 1.66139e-06 1.52871e-06 3.38954e-06 3.07019e-06 -7.5538e-07 -5.77357e-07 -2.59646e-07 -1.23323e-07 1.366e-07 -2.09052e-07 1.13217e-07 5.1573e-07 -2.89296e-07 -2.69934e-07 -6.43169e-07 -2.28006e-07 1.03646e-06 8.36837e-07 7.18949e-07 2.64621e-07 -9.82782e-07 -1.13925e-07
internal_weight=6864 2574 2002 252 185 70 1750 67 1711 1589 122 115 4290 44 858 741 494 310 572 286 286 114 247 137 172 151 184 159 127 96
internal_count=6864 2574 2002 252 185 70 1750 67 1711 1589 122 115 4290 44 858 741 494 310 572 286 286 114 247 137 172 151 184 159 127 96
is_linear=0
shrinkage=0.05


Tree=47
num_leaves=31
num_cat=0
split_feature=13 8 8 15 15 3 15 5 12 8 15 15 7 15 9 7 3 3 5 15 15 9 9 5 3 15 15 15 15 9
split_gain=2.3572e-06 3.60795e-07 2.12969e-07 1.37737e-07 1.38375e-07 1.55485e-07 1.74456e-07 1.59079e-07 1.18276e-07 6.96194e-08 6.94758e-08 1.39894e-07 7.19064e-08 6.28685e-08 6.07743e-08 5.57801e-08 5.54313e-08 7.06295e-08 7.41543e-08 8.79967e-08 7.31721e-08 6.12618e-08 5.23012e-08 4.5989e-08 3.44092e-08 8.52289e-08 6.01254e-08 4.70461e-08 3.0526e-08 3.12926e-08
threshold=0.60355339059327384 70.532270969341809 329.03213541798777 0.063390085881955341 0.13185577213185923 17.750000000000004 0.42957308670649791 5.9500000000000011 -1.0000000180025095e-35 288.14476638188802 -0.97507822412530132 -0.99938741687870725 121.9520930013885 -0.93543596745397617 -17.190763068852839 120.92003185630369 13.350000000000003 14.050000000000002 4.3500000000000005 -0.88220415136009767 -0.68432604233786842 -57.55109063593499 -28.120797331603821 13.65 12.350000000000003 -0.16799793862756093 1.0000000180025095e-35 -0.67168186667784702 0.91245913578114801 -48.062832747620064
decision_type=2 2 2 2 2 2 2 2 2 2 2 2 2 2 2 2 2 2 2 2 2 2 2 2 2 2 2 2 2 2
left_child=1 14 3 10 8 6 -6 -7 -5 22 11 -2 13 -12 24 -13 21 -18 19 -19 -20 -4 28 -14 26 27 -1 -26 29 -3
right_child=2 9 16 4 5 7 -8 -9 -10 -11 12 15 23 -15 -16 -17 17 18 20 -21 -22 -23 -24 -25 25 -27 -28 -29 -30 -31
leaf_value=1.759630118692218e-06 -1.2302188656576618e-06 2.0268293341090344e-06 -3.1905958354293358e-07 4.2722130046968235e-07 2.5782879470918179e-06 1.56015321487036e-06 4.8661819255464761e-07 -3.1886785687776057e-06 -4.5903961741398392e-06 2.3543826061194063e-07 -8.6487472204765944e-07 2.2496781093454488e-06 1.9399492495552217e-06 1.0747661340236221e-06 4.5387617289371147e-08 4.5049056036707323e-06 5.2072429683063929e-06 1.864818782451039e-06 2.9963608851955673e-06 6.2762603105371601e-06 1.3739473052442359e-06 3.1157072563863564e-06 -8.2210779693337318e-07 8.5662862758226777e-07 1.6753559421300091e-06 3.7991114701922456e-06 -1.7498782951336649e-06 1.8737667998608772e-07 -1.1662702957317057e-06 7.0099539599476935e-08
leaf_weight=23 20 27 34 24 145 29 319 45 23 173 50 58 453 254 249 52 26 20 140 26 138 21 4001 125 116 31 26 98 34 84
leaf_count=23 20 27 34 24 145 29 319 45 23 173 50 58 453 254 249 52 26 20 140 26 138 21 4001 125 116 31 26 98 34 84
internal_value=2.48484e-15 -5.94572e-07 1.44396e-06 1.18426e-06 5.73523e-07 8.00812e-07 1.14026e-06 -1.32765e-06 -2.02821e-06 -7.47294e-07 1.53731e-06 2.6164e-06 1.37826e-06 7.55746e-07 6.20171e-07 3.31579e-06 2.46801e-06 2.69989e-06 2.49869e-06 4.35824e-06 2.19099e-06 9.92397e-07 -7.883e-07 1.70567e-06 1.10698e-06 1.34888e-06 -1.02558e-07 9.93945e-07 1.44549e-07 5.46061e-07
internal_weight=6864 4862 2002 1597 585 538 464 74 47 4319 1012 130 882 304 543 110 405 350 324 46 278 55 4146 578 294 245 49 214 145 111
internal_count=6864 4862 2002 1597 585 538 464 74 47 4319 1012 130 882 304 543 110 405 350 324 46 278 55 4146 578 294 245 49 214 145 111
is_linear=0
shrinkage=0.05


Tree=48
num_leaves=31
num_cat=0
split_feature=13 12 15 15 15 15 8 8 27 15 3 3 27 15 3 27 8 9 15 3 9 12 9 12 27 3 15 8 3 4
split_gain=2.12762e-06 3.18892e-07 1.85931e-07 1.54747e-07 3.84583e-07 1.2781e-07 1.19682e-07 1.1612e-07 1.56921e-07 1.25623e-07 1.16614e-07 9.63847e-08 1.36985e-07 9.51239e-08 7.9834e-08 5.13412e-08 4.64774e-08 3.05244e-08 2.97511e-08 2.73096e-08 2.49776e-08 2.46122e-08 2.19828e-08 1.95931e-08 1.84228e-08 3.17977e-08 1.68585e-08 1.55332e-08 1.33249e-08 3.47387e-08
threshold=0.37940952255126048 -0.60355339059327362 -0.73865259438682551 -0.84313311835787952 -0.85674049181790024 -0.99938741687870725 62.121740979040858 313.47436551543655 82.500000000000014 0.19969739736768838 11.450000000000001 24.250000000000004 52.500000000000007 0.36647099799968202 17.550000000000004 61.166666666666679 79.861661080894109 -17.190763068852839 -0.97111920233974802 17.250000000000004 -2.2307674782581288 -0.78656609248549292 -13.755815834596119 -1.0000000180025095e-35 59.500000000000007 12.050000000000002 -0.33426211444629356 285.57773149842563 17.150000000000002 38.500000000000007
decision_type=2 2 2 2 2 2 2 2 2 2 2 2 2 2 2 2 2 2 2 2 2 2 2 2 2 2 2 2 2 2
left_child=6 13 3 4 5 -3 17 8 10 -10 -4 12 -9 21 15 -5 20 -1 19 -19 24 -2 -20 -16 25 -8 -26 -18 -23 -30
right_child=1 2 7 14 -6 -7 16 11 9 -11 -12 -13 -14 -15 23 -17 27 18 22 -21 -22 28 -24 -25 26 -27 -28 -29 29 -31
leaf_value=2.3867361464908755e-06 6.3912163713756144e-08 -1.2268517025404436e-06 -1.4564421170784479e-06 5.74045327539352e-06 -4.8833372039509765e-06 2.2638959987189719e-06 -1.6740794778562652e-06 3.0155089372415885e-06 3.2728772254397023e-06 8.0798700561501857e-07 7.1884608742482609e-07 -9.8124760875685351e-07 9.7016546956653887e-07 -1.1303020808177903e-06 1.221214309184275e-06 2.7252137010691511e-06 -8.0331427362733854e-07 2.5614449422543355e-06 3.9350246972902917e-07 9.245997224146171e-08 -6.3053248908935853e-07 1.3712151172339744e-06 -1.6453692308004975e-06 3.0117865051124684e-06 -6.7236541515366554e-08 1.3753797920613505e-07 1.589511054375822e-06 -1.0737764869565206e-07 1.0210926335753566e-06 -6.4340404332018481e-07
leaf_weight=25 224 28 67 48 21 413 29 188 107 100 766 27 145 124 22 20 3611 24 39 21 230 71 20 50 28 147 34 82 109 44
leaf_count=25 224 28 67 48 21 413 29 188 107 100 766 27 145 124 22 20 3611 24 39 21 230 71 20 50 28 147 34 82 109 44
internal_value=-1.68971e-14 1.13646e-06 1.43393e-06 2.16875e-06 1.72746e-06 2.04226e-06 -6.81874e-07 1.11796e-06 8.50049e-07 2.08211e-06 5.43883e-07 1.89193e-06 2.12489e-06 9.52875e-08 3.62501e-06 4.85362e-06 -7.28374e-07 8.18015e-07 4.40919e-07 1.40925e-06 -2.58957e-07 4.34513e-07 -2.9764e-07 2.46467e-06 1.00128e-07 -1.60967e-07 8.41302e-07 -7.87862e-07 8.05114e-07 5.42414e-07
internal_weight=6864 2574 2002 602 462 441 4290 1400 1040 207 833 360 333 572 140 68 4161 129 104 45 468 448 59 72 238 176 62 3693 224 153
internal_count=6864 2574 2002 602 462 441 4290 1400 1040 207 833 360 333 572 140 68 4161 129 104 45 468 448 59 72 238 176 62 3693 224 153
is_linear=0
shrinkage=0.05


Tree=49
num_leaves=31
num_cat=0
split_feature=13 8 8 15 27 3 14 14 5 14 14 5 14 8 3 14 14 12 3 14 14 7 14 8 3 14 3 15 4 4
split_gain=1.92853e-06 2.91916e-07 1.78478e-07 1.11188e-07 1.4665e-07 2.63791e-07 2.18691e-07 1.49061e-07 1.14185e-07 9.87991e-08 1.8971e-07 2.34757e-07 8.89607e-08 5.81852e-08 5.75627e-08 5.5013e-08 8.3844e-08 5.39892e-08 4.96383e-08 8.10738e-08 1.40506e-07 4.25415e-08 4.20151e-08 4.07473e-08 4.97347e-08 3.71707e-08 9.09591e-08 8.09994e-08 3.7096e-08 3.34575e-08
threshold=0.60355339059327384 70.532270969341809 329.03213541798777 0.063390085881955341 4.166666666666667 18.150000000000002 0.20180702842483325 0.9916835347852474 11.350000000000003 -0.99467753128998015 -0.9442364261229238 12.950000000000001 0.21862473630160603 288.14476638188802 18.950000000000003 0.23537774960157334 0.3504237462291826 -1.0000000180025095e-35 13.350000000000003 0.96465729447553372 0.90162119223771331 118.353626780215 0.41398981800788198 62.121740979040858 16.950000000000003 0.93544191479114935 12.65 -0.42958798411962301 9.5000000000000018 64.500000000000014
decision_type=2 2 2 2 2 2 2 2 2 2 2 2 2 2 2 2 2 2 2 2 2 2 2 2 2 2 2 2 2 2
left_child=1 15 3 9 8 7 -7 -6 17 14 11 -11 -12 21 -2 23 -17 -5 29 20 -20 -3 -23 24 -1 27 -27 -18 -26 -4
right_child=2 13 18 4 5 6 -8 -9 -10 10 12 -13 -14 -15 -16 16 25 -19 19 -21 -22 22 -24 -25 28 26 -28 -29 -30 -31
leaf_value=3.0705213478654514e-06 4.4898516581526613e-06 -7.4282056291922393e-07 -1.9833422015835822e-07 2.7479584200510285e-07 7.7648881017804374e-07 -5.623079165589469e-06 9.6604805264632889e-07 -3.3690555542504981e-06 5.3815295749310671e-06 5.6379319231749387e-07 1.9873145074856546e-06 -5.6203507337418818e-06 9.7821143634631767e-07 2.2324306240729015e-07 1.2429115339987872e-06 -2.5601242285233639e-06 3.5118389778682595e-07 2.5121749576311022e-06 2.5352286944727011e-06 5.1493236172133875e-06 -1.5193163088279898e-06 -1.0110295655036394e-06 7.8168447486689902e-07 3.222924729948748e-07 1.9711774892937424e-06 -9.6302400447274748e-07 2.8357929942046667e-06 -3.0474876507469161e-06 2.6356965681803768e-07 2.3017746936760811e-06
leaf_weight=40 39 4004 32 56 379 34 20 23 21 57 428 21 446 173 21 28 142 52 301 26 23 51 91 119 59 26 40 20 69 23
leaf_count=40 39 4004 32 56 379 34 20 23 21 57 428 21 446 173 21 28 142 52 301 26 23 51 91 119 59 26 40 20 69 23
internal_value=-6.08258e-15 -5.37798e-07 1.30608e-06 1.06834e-06 5.19609e-07 9.85466e-08 -3.18266e-06 5.39306e-07 2.00801e-06 1.38554e-06 1.26151e-06 -1.10117e-06 1.47237e-06 -6.75171e-07 3.35342e-06 5.54857e-07 2.19843e-08 1.35205e-06 2.24355e-06 2.46298e-06 2.24741e-06 -7.12659e-07 1.37822e-07 1.03017e-06 1.53159e-06 3.39085e-07 1.33929e-06 -6.84052e-08 1.05067e-06 8.47166e-07
internal_weight=6864 4862 2002 1597 585 456 54 402 129 1012 952 78 874 4319 60 543 256 108 405 350 324 4146 142 287 168 228 66 162 128 55
internal_count=6864 4862 2002 1597 585 456 54 402 129 1012 952 78 874 4319 60 543 256 108 405 350 324 4146 142 287 168 228 66 162 128 55
is_linear=0
shrinkage=0.05


Tree=50
num_leaves=31
num_cat=0
split_feature=13 12 14 3 14 3 14 5 14 3 14 8 3 8 5 8 5 27 21 9 14 14 9 8 8 9 9 8 14 8
split_gain=1.74186e-06 2.70044e-07 1.52715e-07 3.43832e-07 2.19981e-07 2.81663e-07 2.93112e-07 2.62239e-07 2.07607e-07 5.46869e-07 1.69664e-07 1.32385e-07 1.1183e-07 9.74061e-08 3.8728e-08 3.71882e-08 3.69584e-08 5.80072e-08 3.71322e-08 2.7232e-08 2.7021e-08 2.53899e-08 2.06219e-08 1.99727e-08 1.84753e-08 2.9973e-08 1.37717e-08 1.28675e-08 1.9305e-08 1.10808e-08
threshold=0.37940952255126048 -0.37940952255126065 0.9916835347852474 12.350000000000003 0.93544191479114935 15.450000000000001 0.96465729447553372 3.9500000000000006 0.78857998149907527 13.950000000000001 0.76696112484652046 278.19924303341639 10.050000000000002 79.861661080894109 16.650000000000002 62.121740979040858 13.550000000000002 26.833333333333339 2.5000000000000004 -17.190763068852839 0.23537774960157334 0.036545658007091128 -2.2307674782581288 269.6457266754839 74.342397427950502 -24.138091778613834 -13.755815834596119 284.80383306264491 0.28519915169571858 76.626319791004263
decision_type=2 2 2 2 2 2 2 2 2 2 2 2 2 2 2 2 2 2 2 2 2 2 2 2 2 2 2 2 2 2
left_child=13 11 4 12 8 7 -7 -6 10 -10 -3 23 -4 15 16 19 18 -18 -13 -1 21 -21 24 -2 25 -17 -22 -15 -29 -26
right_child=1 2 3 -5 5 6 -8 -9 9 -11 -12 14 -14 27 -16 22 17 -19 -20 20 26 -23 -24 -25 29 -27 -28 28 -30 -31
leaf_value=2.2089469130150975e-06 -1.2699236756505081e-06 1.4703470204920902e-06 -5.9070961816316758e-06 3.3517340879745247e-06 6.355100786095136e-07 -4.2871169898717194e-06 2.9174174213627188e-06 6.6125699946048605e-06 1.3541318962459114e-06 -4.4838431921124099e-06 5.7151306881072141e-06 1.1711457889774665e-06 -1.2918040869992963e-06 -7.2792742112526696e-07 2.0876563646445654e-06 -1.893121995263672e-06 7.042150926830178e-07 -1.9392354006855487e-06 3.23468221872893e-07 2.1601421346011716e-07 2.3058355236571517e-07 2.3274945481451445e-06 -5.6921340833913868e-07 -2.8960437797051409e-07 1.6234647415121101e-06 7.9843296566503044e-08 -1.5297121231583333e-06 -7.4622960668917097e-07 6.9739744859020911e-07 2.6885597321779641e-07
leaf_weight=25 107 1230 21 34 25 20 48 69 156 54 24 237 35 3598 44 22 49 36 284 35 25 24 230 101 26 154 20 55 40 36
leaf_count=25 107 1230 21 34 25 20 48 69 156 54 24 237 35 3598 44 22 49 36 284 35 25 24 230 101 26 154 20 55 40 36
internal_value=-3.15536e-15 1.02828e-06 1.39042e-06 -6.1448e-07 1.50139e-06 3.24968e-06 7.98437e-07 5.02293e-06 1.30793e-06 -1.47062e-07 1.55159e-06 3.04016e-07 -3.02254e-06 -6.16969e-07 6.5535e-07 -2.4403e-08 5.51354e-07 -4.15364e-07 7.09072e-07 7.27243e-07 3.71065e-07 1.07492e-06 -2.31588e-07 -7.93903e-07 9.46894e-08 -1.66777e-07 -5.5177e-07 -7.12762e-07 -1.38387e-07 8.36918e-07
internal_weight=6864 2574 1716 90 1626 162 68 94 1464 210 1254 858 56 4290 650 597 606 85 521 129 104 59 468 208 238 176 45 3693 95 62
internal_count=6864 2574 1716 90 1626 162 68 94 1464 210 1254 858 56 4290 650 597 606 85 521 129 104 59 468 208 238 176 45 3693 95 62
is_linear=0
shrinkage=0.05


Tree=51
num_leaves=31
num_cat=0
split_feature=13 8 8 15 27 11 14 14 14 14 27 14 13 11 15 27 27 27 27 27 8 14 14 14 11 11 9 14 14 11
split_gain=1.5856e-06 2.35817e-07 1.57074e-07 1.00753e-07 1.31521e-07 2.38737e-07 1.98487e-07 1.29678e-07 8.80079e-08 1.72079e-07 1.33277e-07 7.79325e-08 6.52e-08 5.17687e-08 4.83382e-08 5.9365e-08 1.21828e-07 1.01276e-07 5.63181e-08 7.44061e-08 4.77369e-08 4.71541e-08 7.35388e-08 4.64499e-08 4.53533e-08 3.36405e-08 3.35961e-08 3.96439e-08 3.17447e-08 7.59432e-08
threshold=0.60355339059327384 70.532270969341809 329.03213541798777 0.063390085881955341 4.166666666666667 18.118750000000002 0.20180702842483325 0.13398903995667991 -0.99467753128998015 -0.9442364261229238 57.833333333333336 0.21862473630160603 0.98296291314453421 18.803125000000005 0.89014232404703397 9.8333333333333339 52.500000000000007 67.833333333333357 5.8333333333333348 3.1666666666666674 288.14476638188802 0.23537774960157334 0.3504237462291826 0.69676570133721638 18.012500000000003 15.815625000000002 -28.120797331603821 0.41398981800788198 0.93544191479114935 12.640625000000002
decision_type=2 2 2 2 2 2 2 2 2 2 2 2 2 2 2 2 2 2 2 2 2 2 2 2 2 2 2 2 2 2
left_child=1 21 3 8 12 7 -7 -6 13 10 -10 -11 23 -2 15 18 24 -18 19 -4 26 25 -23 -5 -17 -1 27 -3 -24 -30
right_child=2 20 14 4 5 6 -8 -9 9 11 -12 -13 -14 -15 -16 16 17 -19 -20 -21 -22 22 28 -25 -26 -27 -28 -29 29 -31
leaf_value=2.6143101119184095e-06 4.3196766126938104e-06 -9.8667230818008189e-07 1.2451687832682423e-06 7.1622875831659873e-07 3.0210179186373025e-06 -5.4063061852235372e-06 8.7107374341144356e-07 1.4462533910228571e-07 -2.6507295774536034e-06 1.8289288911422815e-06 1.6578135456159415e-06 8.8444271614934017e-07 4.4726383748638913e-06 1.3217416867069195e-06 -3.3290666578977834e-07 4.4277823838356771e-06 -1.2283828490816869e-06 2.2818095598642082e-06 -5.5889314599729307e-07 4.5611864238924771e-06 2.0264879447467734e-07 -2.4171456471679321e-06 -7.8521883092771872e-08 3.0041830262733486e-06 2.5524218377389238e-06 7.6003664247537021e-07 -6.7216417701179585e-07 7.3009090458675067e-07 -8.8133326873783252e-07 2.5897876484037851e-06
leaf_weight=27 36 53 87 78 44 34 20 358 50 428 28 446 20 24 20 80 27 86 30 21 173 28 162 31 54 260 4001 92 26 40
leaf_count=27 36 53 87 78 44 34 20 358 50 428 28 446 20 24 20 80 27 86 30 21 173 28 162 31 54 260 4001 92 26 40
internal_value=4.23412e-15 -4.87644e-07 1.18428e-06 9.61247e-07 4.38899e-07 4.01485e-08 -3.08135e-06 4.59454e-07 1.2632e-06 1.14614e-06 -1.10407e-06 1.34696e-06 1.84844e-06 3.1205e-06 2.06373e-06 2.18823e-06 2.65232e-06 1.44309e-06 1.35759e-06 1.88995e-06 -6.11113e-07 4.94424e-07 1.07898e-09 1.36693e-06 3.67204e-06 9.3448e-07 -6.45069e-07 1.02584e-07 2.98054e-07 1.22238e-06
internal_weight=6864 4862 2002 1597 585 456 54 402 1012 952 78 874 129 60 405 385 247 113 138 108 4319 543 256 109 134 287 4146 145 228 66
internal_count=6864 4862 2002 1597 585 456 54 402 1012 952 78 874 129 60 405 385 247 113 138 108 4319 543 256 109 134 287 4146 145 228 66
is_linear=0
shrinkage=0.05


Tree=52
num_leaves=31
num_cat=0
split_feature=13 8 8 14 14 5 3 14 14 12 14 12 3 3 14 7 7 8 14 14 14 14 3 8 3 9 14 14 3 9
split_gain=1.431e-06 2.12824e-07 1.42528e-07 8.71264e-08 1.3078e-07 3.37098e-07 6.45214e-07 1.2485e-07 2.29533e-07 1.2589e-07 9.01324e-08 7.98975e-08 5.49765e-08 5.0208e-08 6.64942e-08 9.44519e-08 4.97576e-08 4.30826e-08 4.25565e-08 6.74549e-08 1.05439e-07 7.97042e-08 5.73129e-08 3.25784e-08 4.18051e-08 3.03205e-08 3.57786e-08 2.91023e-08 2.34222e-08 2.23144e-08
threshold=0.60355339059327384 70.532270969341809 339.47302831309213 -0.99630266176052629 -0.9442364261229238 5.9500000000000011 18.450000000000003 0.21862473630160603 0.39036257410962044 0.12940952255126045 -0.98523971305672675 -1.0000000180025095e-35 13.350000000000003 14.450000000000001 0.49812943072827093 141.85670053890806 126.99930710622552 288.14476638188802 0.23537774960157334 0.54219432480460406 0.67802080537253973 0.82414472752956958 15.65 62.121740979040858 16.950000000000003 -28.120797331603821 0.41398981800788198 0.36648264796514479 21.050000000000004 -40.273401791306568
decision_type=2 2 2 2 2 2 2 2 2 2 2 2 2 2 2 2 2 2 2 2 2 2 2 2 2 2 2 2 2 2
left_child=1 18 3 11 5 10 -7 9 -9 -6 -5 -2 -4 -14 16 -16 -15 25 23 22 -21 -22 -20 24 -1 26 29 -19 -26 -3
right_child=2 17 12 4 7 6 -8 8 -10 -11 -12 -13 13 14 15 -17 -18 27 19 20 21 -23 -24 -25 28 -27 -28 -29 -30 -31
leaf_value=2.747029983822813e-06 7.3592008106970755e-07 -1.9828289400545776e-06 4.3067251633482032e-07 3.465164161033774e-06 1.091532252225719e-06 4.3304043064087158e-07 -8.0875762195677396e-06 -1.2676191360023807e-06 1.0170862333671787e-06 2.7218142641637264e-06 4.5527669982327629e-07 4.149380808939896e-06 4.2885962977489918e-06 7.7852824789361988e-07 -1.4028581180927749e-06 2.9080925022147617e-06 3.1523922421856769e-06 -3.2306284721106e-07 -2.0933191805738716e-06 3.2309203133233194e-06 -1.9611216901128687e-06 6.6344543065659836e-07 1.0322605591639445e-06 2.5479805085471734e-07 2.3964179134013236e-07 -6.3855598025453329e-07 6.9358633183469473e-07 1.0082087994556895e-06 1.5930254313212985e-06 6.9429747613698798e-08
leaf_weight=40 30 26 38 43 329 68 33 127 818 185 59 40 33 27 27 24 121 106 55 30 39 112 20 119 66 4001 92 67 62 27
leaf_count=40 30 26 38 43 329 68 33 127 818 185 59 40 33 27 27 24 121 106 55 30 39 112 20 119 66 4001 92 67 62 27
internal_value=-3.75814e-15 -4.63262e-07 1.12506e-06 9.58494e-07 8.85715e-07 -3.03349e-07 -2.35092e-06 1.05116e-06 7.10041e-07 1.67831e-06 1.72415e-06 2.68647e-06 2.19358e-06 2.48233e-06 2.1828e-06 6.25825e-07 2.71932e-06 -5.80557e-07 4.69703e-07 1.02503e-09 5.23479e-07 -1.44229e-08 -1.25983e-06 8.87756e-07 1.3361e-06 -6.12815e-07 9.74551e-08 1.92516e-07 8.95187e-07 -9.37339e-07
internal_weight=6864 4862 2002 1732 1662 203 101 1459 945 514 102 70 270 232 199 51 148 4319 543 256 181 151 75 287 168 4146 145 173 128 53
internal_count=6864 4862 2002 1732 1662 203 101 1459 945 514 102 70 270 232 199 51 148 4319 543 256 181 151 75 287 168 4146 145 173 128 53
is_linear=0
shrinkage=0.05


Tree=53
num_leaves=31
num_cat=0
split_feature=13 12 14 27 14 14 14 14 14 14 14 12 12 5 5 27 21 27 14 13 14 14 14 9 12 14 14 2 7 5
split_gain=1.29284e-06 2.12176e-07 1.3633e-07 2.28585e-07 1.96938e-07 1.79766e-07 3.91931e-07 1.68731e-07 1.98922e-07 1.59559e-07 1.5411e-07 5.30626e-08 3.29567e-08 3.18667e-08 3.73563e-08 4.66647e-08 2.65295e-08 2.31876e-08 2.08667e-08 2.32393e-08 1.96317e-08 1.75168e-08 4.49879e-08 1.40967e-08 1.23182e-08 1.05046e-08 1.0079e-08 9.92431e-09 7.78436e-09 7.29889e-09
threshold=0.37940952255126048 -0.37940952255126065 0.9916835347852474 72.166666666666671 0.93544191479114935 0.78857998149907527 0.81925054981890411 0.94978112945126536 0.95998215779580554 0.99700008544936913 0.76696112484652046 0.91597561503675362 -0.78656609248549292 3.9500000000000006 16.650000000000002 26.166666666666668 95.500000000000014 44.833333333333336 -0.95995996396290595 1.0000000180025095e-35 -0.98214942551678475 0.23537774960157334 0.54219432480460406 -24.869770033133008 -0.60355339059327362 -0.96902457013955734 0.46800856592688472 13.500000000000002 112.79486125834522 10.250000000000002
decision_type=2 2 2 2 2 2 2 2 2 2 2 2 2 2 2 2 2 2 2 2 2 2 2 2 2 2 2 2 2 2
left_child=11 12 4 9 5 10 -7 -6 -9 -4 -3 -1 16 17 15 -15 25 -14 20 -20 23 28 -23 -13 -16 -2 29 -28 -21 -18
right_child=1 2 3 -5 7 6 -8 8 -10 -11 -12 18 13 14 24 -17 26 -19 19 21 -22 22 -24 -25 -26 -27 27 -29 -30 -31
leaf_value=-6.194552956121092e-07 1.0276101632151605e-07 1.2779911182197064e-06 -5.6804972075497064e-06 2.7050280191787126e-06 6.3507592555348923e-06 -4.9740791953449088e-06 7.5728940491588511e-07 -1.9208271183401847e-06 3.1116440496774616e-06 -3.5574875362405748e-07 5.3235236274910371e-06 7.4349798296680102e-07 2.4978705482681111e-06 6.2161493504878844e-07 7.2594129323988458e-07 -4.1400068527198717e-07 -4.7037030908954468e-07 7.1111582567185835e-07 -4.8205273622932949e-07 5.9253259871374493e-07 -1.8583190632687715e-06 -1.1678735451899534e-06 2.2018322868415038e-07 -8.4653813256290571e-07 2.2287206060885488e-06 -9.8054076267848528e-07 2.6471390406691679e-07 1.5414594982318073e-06 -3.6872455950742737e-07 4.4539986561176197e-07
leaf_weight=3432 29 1230 24 32 30 36 174 24 108 34 24 20 30 246 25 195 55 46 253 172 33 78 232 46 30 98 45 23 24 36
leaf_count=3432 29 1230 24 32 30 36 174 24 108 34 24 20 30 246 25 195 55 46 253 172 33 78 232 46 30 98 45 23 24 36
internal_value=2.9447e-15 8.85886e-07 1.20688e-06 -6.87405e-07 1.31173e-06 1.12869e-06 -2.25231e-07 2.96593e-06 2.19665e-06 -2.55909e-06 1.35542e-06 -5.31532e-07 2.43895e-07 4.63015e-07 3.1693e-07 1.6369e-07 -1.94347e-07 1.41641e-06 -1.79837e-07 -9.07836e-08 -8.62579e-07 1.04851e-07 -1.2907e-07 -3.64709e-07 1.54564e-06 -7.33173e-07 2.36036e-07 6.96554e-07 4.74828e-07 -1.08088e-07
internal_weight=6864 2574 1716 90 1626 1464 210 162 132 58 1254 4290 858 572 496 441 286 76 858 759 99 506 310 66 55 127 159 68 196 91
internal_count=6864 2574 1716 90 1626 1464 210 162 132 58 1254 4290 858 572 496 441 286 76 858 759 99 506 310 66 55 127 159 68 196 91
is_linear=0
shrinkage=0.05


Tree=54
num_leaves=31
num_cat=0
split_feature=13 8 8 8 27 27 4 9 5 5 11 15 15 27 15 27 7 7 4 15 5 27 15 8 7 4 11 15 15 27
split_gain=1.17407e-06 1.71713e-07 1.29427e-07 7.95319e-08 6.51541e-08 1.18694e-07 8.98775e-08 8.35518e-08 7.22896e-08 6.50314e-08 9.63229e-08 5.94947e-08 7.76303e-08 4.99034e-08 9.9926e-08 7.7676e-08 1.04081e-07 7.84782e-08 5.50421e-08 6.90238e-08 7.74194e-08 5.684e-08 4.41121e-08 3.63908e-08 3.49586e-08 3.26547e-08 3.13052e-08 4.77548e-08 3.03056e-08 2.96027e-08
threshold=0.60355339059327384 70.532270969341809 317.93051008410481 37.05353881563304 76.833333333333357 53.166666666666679 72.500000000000014 -60.224164379586931 7.6500000000000012 19.150000000000002 13.156250000000002 -0.36648370705903521 -0.26037106507032781 52.500000000000007 -0.99628250747696534 7.166666666666667 146.04853396835134 155.79183561926178 99.500000000000014 1.0000000180025095e-35 9.3500000000000032 81.166666666666671 -0.41399101439218416 287.32847083004589 113.28961803638258 96.500000000000014 12.325000000000001 -0.16799793862756093 -0.73284120334876357 50.833333333333336
decision_type=2 2 2 2 2 2 2 2 2 2 2 2 2 2 2 2 2 2 2 2 2 2 2 2 2 2 2 2 2 2
left_child=1 24 3 4 5 7 -7 -2 -6 11 -11 22 -13 14 -4 16 -16 -17 19 21 -21 -15 -5 -3 25 -1 29 28 -28 -26
right_child=2 23 13 9 8 6 -8 -9 -10 10 -12 12 -14 18 15 17 -18 -19 -20 20 -22 -23 -24 -25 26 -27 27 -29 -30 -31
leaf_value=2.5476991770879401e-07 3.6513890631795224e-06 -5.5593702364637348e-07 -1.3109959964326249e-06 8.4061439232703313e-07 5.1496530018498155e-06 -2.0374480856310624e-06 1.9774408156081335e-06 1.185304601888229e-06 1.5813443877732426e-06 -1.5169107541623817e-07 4.546607160212565e-06 -1.8360663236510141e-06 3.167556282050067e-07 1.9141116649297356e-07 7.7160896221291312e-07 3.1502028387397311e-06 4.0688517385896029e-06 1.6552001216041391e-07 2.5592470865376528e-06 -3.3749789573838441e-06 9.184107782511136e-07 2.7976913967060164e-06 3.2083208983143175e-06 1.5536011545993868e-07 -1.5964792840928898e-06 -1.406039190800529e-06 1.4906095434715402e-06 3.043717455166816e-06 7.5528405804408052e-08 1.0613925131508495e-06
leaf_weight=287 40 4131 22 311 22 46 20 243 40 20 24 45 603 52 137 185 29 25 40 21 21 35 21 188 22 33 81 29 71 20
leaf_count=287 40 4131 22 311 22 46 20 243 40 20 24 45 603 52 137 185 29 25 40 21 21 35 21 188 22 33 81 29 71 20
internal_value=-6.35806e-15 -4.19616e-07 1.01907e-06 7.66361e-07 1.35391e-06 1.08857e-06 -8.20815e-07 1.53387e-06 2.84752e-06 5.30538e-07 2.41102e-06 4.46109e-07 1.67254e-07 1.65863e-06 1.9643e-06 2.15594e-06 1.34763e-06 2.79488e-06 9.38784e-07 4.36315e-07 -1.22828e-06 1.23991e-06 9.90379e-07 -5.24975e-07 4.18406e-07 8.3499e-08 8.98991e-07 1.18436e-06 8.29618e-07 -3.30826e-07
internal_weight=6864 4862 2002 1435 411 349 66 283 62 1024 44 980 648 567 398 376 166 210 169 129 42 87 332 4319 543 320 223 181 152 42
internal_count=6864 4862 2002 1435 411 349 66 283 62 1024 44 980 648 567 398 376 166 210 169 129 42 87 332 4319 543 320 223 181 152 42
is_linear=0
shrinkage=0.05


Tree=55
num_leaves=31
num_cat=0
split_feature=13 8 15 8 27 14 14 14 14 7 5 7 27 27 27 5 3 8 9 3 14 14 15 14 27 3 27 14 8 27
split_gain=1.05959e-06 1.56056e-07 1.22922e-07 1.16165e-07 9.26899e-08 9.79794e-08 2.934e-07 1.05675e-07 7.8191e-08 6.96763e-08 6.79089e-08 6.33988e-08 4.71193e-08 1.03361e-07 8.31881e-08 6.96772e-08 7.82256e-08 4.71099e-08 4.43034e-08 4.21029e-08 3.97884e-08 4.76325e-08 9.36159e-08 3.63395e-08 5.55043e-08 3.82383e-08 3.47478e-08 5.35786e-08 3.33974e-08 2.90791e-08
threshold=0.60355339059327384 62.121740979040858 0.91245913578114801 329.03213541798777 95.166666666666671 -0.9442364261229238 -0.98214942551678475 0.9916835347852474 0.31799963745711152 124.74780099104989 7.2500000000000009 153.97310347240486 9.8333333333333339 52.500000000000007 67.833333333333357 12.950000000000001 16.050000000000004 269.6457266754839 -28.120797331603821 18.050000000000004 0.93845596220871974 -0.98214942551678475 0.38242094458159287 0.23537774960157334 69.166666666666671 16.950000000000003 52.500000000000007 0.67802080537253973 286.52344826832297 7.8333333333333348
decision_type=2 2 2 2 2 2 2 2 2 2 2 2 2 2 2 2 2 2 2 2 2 2 2 2 2 2 2 2 2 2
left_child=1 23 3 4 5 6 -2 -7 11 -6 -11 -4 15 19 -15 16 -5 -10 20 -14 21 -3 -23 25 26 -1 27 -25 -20 -27
right_child=2 18 8 12 9 7 -8 -9 17 10 -12 -13 13 14 -16 -17 -18 -19 28 -21 -22 22 -24 24 -26 29 -28 -29 -30 -31
leaf_value=2.5394820767132845e-06 1.3456936427747121e-06 2.1810002373647627e-06 -1.3004686169634542e-06 -7.5628240301739433e-07 5.0415271649247489e-07 1.0653391065428278e-06 -2.3270743959509424e-06 -8.8710058736142944e-07 -4.0003242637404975e-06 5.062737074307076e-06 1.9012489642092278e-06 1.5986931470928827e-06 3.9211406513572918e-06 -1.2797208304012507e-06 1.8972376767186658e-06 -9.8749366565419728e-07 2.4297345066635163e-06 -6.5119973095577396e-07 -5.3435986924076057e-07 2.1142315703131049e-06 2.2806228413814596e-06 -3.490051194603439e-06 2.0052318744047459e-07 1.3909104872514685e-06 1.7127707977705524e-06 1.5963226341705977e-06 -2.397658640802547e-06 -1.2438711940186021e-06 1.2393851875177092e-07 8.2403150015254933e-08
leaf_weight=40 129 22 33 25 36 1092 94 74 21 29 41 44 80 27 87 31 84 21 4170 54 22 20 122 35 38 58 20 43 202 70
leaf_count=40 129 22 33 25 36 1092 94 74 21 29 41 44 80 27 87 31 84 21 4170 54 22 20 122 35 38 58 20 43 202 70
internal_value=-8.18541e-15 -3.98635e-07 9.68114e-07 1.06661e-06 8.66538e-07 7.57779e-07 -2.02469e-07 9.41428e-07 -5.90378e-07 2.2917e-06 3.21101e-06 3.56195e-07 1.83749e-06 2.25148e-06 1.1448e-06 1.10413e-06 1.699e-06 -2.32576e-06 -4.71792e-07 3.19298e-06 2.8397e-07 1.61269e-08 -3.19276e-07 6.98229e-07 9.06436e-08 1.19008e-06 -5.38345e-07 -6.15974e-08 -5.03944e-07 7.68398e-07
internal_weight=6864 4862 2002 1883 1495 1389 223 1166 119 106 70 77 388 248 114 140 109 42 4558 134 186 164 142 304 136 168 98 78 4372 128
internal_count=6864 4862 2002 1883 1495 1389 223 1166 119 106 70 77 388 248 114 140 109 42 4558 134 186 164 142 304 136 168 98 78 4372 128
is_linear=0
shrinkage=0.05


Tree=56
num_leaves=31
num_cat=0
split_feature=13 8 15 8 27 15 14 3 14 7 5 7 4 27 27 15 8 8 9 9 3 14 8 4 14 8 12 9 14 14
split_gain=9.56284e-07 1.42969e-07 1.10937e-07 1.04839e-07 8.36527e-08 9.07282e-08 2.18573e-07 1.12482e-07 7.05674e-08 6.28828e-08 6.12878e-08 5.72174e-08 4.88916e-08 6.11633e-08 7.50773e-08 6.37921e-08 5.96531e-08 4.25167e-08 3.88074e-08 6.165e-08 3.59532e-08 4.60441e-08 3.41011e-08 6.20401e-08 4.13397e-08 3.29838e-08 3.12133e-08 2.53504e-08 3.67305e-08 1.92903e-08
threshold=0.60355339059327384 76.626319791004263 0.91245913578114801 329.03213541798777 95.166666666666671 -0.73865259438682551 0.54219432480460406 16.450000000000003 0.31799963745711152 124.74780099104989 7.2500000000000009 153.97310347240486 1.0000000180025095e-35 52.500000000000007 67.833333333333357 -0.99273797715557011 357.25307277430142 269.6457266754839 -28.120797331603821 -29.654352408864671 12.350000000000003 0.95752911693909493 62.121740979040858 80.500000000000014 0.69056404122701587 281.44158605014519 0.12940952255126045 -24.138091778613834 0.97112537654464559 0.36648264796514479
decision_type=2 2 2 2 2 2 2 2 2 2 2 2 2 2 2 2 2 2 2 2 2 2 2 2 2 2 2 2 2 2
left_child=1 18 3 4 5 6 -2 -7 11 -6 -11 -4 16 15 -15 -14 26 -10 19 20 -1 -22 23 24 -20 -3 -5 -24 -29 -27
right_child=2 25 8 12 9 7 -8 -9 17 10 -12 -13 13 14 -16 -17 -18 -19 22 -21 21 -23 27 -25 -26 29 -28 28 -30 -31
leaf_value=-8.8082451666747201e-07 8.91592953954517e-07 -5.3663805400769895e-07 -1.235445172782916e-06 5.1043577547749956e-07 4.7894513204798591e-07 9.3930711846985049e-07 4.2674144507063007e-06 -1.4859047244811757e-07 -3.800308050336926e-06 4.809600185863333e-06 1.8061865156729565e-06 1.5187584717130615e-06 -5.4721459202317586e-09 -1.2157348734305103e-06 1.8023758134672371e-06 2.8467384420436147e-06 -1.4035553704161431e-06 -6.1863975458566398e-07 1.1919110434808228e-06 3.4676462270172559e-06 5.1572836893039611e-07 3.1707016273685445e-06 -1.7987792542584204e-06 -1.6835525541494093e-06 -8.2871563032919465e-07 -3.3016204084543494e-07 3.1165386326392762e-06 -2.4662678724817522e-07 1.9614516816091054e-06 4.4259730088924696e-07
leaf_weight=33 374 3777 33 27 36 528 55 432 21 29 41 44 22 27 87 180 25 21 162 21 89 20 24 27 30 201 20 323 20 135
leaf_count=33 374 3777 33 27 36 528 55 432 21 29 41 44 22 27 87 180 25 21 162 21 89 20 24 27 30 201 20 323 20 135
internal_value=-5.05841e-15 -3.78704e-07 9.19709e-07 1.01328e-06 8.23211e-07 7.1989e-07 1.32439e-06 4.49753e-07 -5.60859e-07 2.17711e-06 3.05046e-06 3.38385e-07 1.74561e-06 2.01353e-06 1.08756e-06 2.5361e-06 5.69773e-07 -2.20947e-06 2.56659e-07 9.39063e-07 5.65117e-07 1.00288e-06 6.68431e-08 5.60604e-07 8.76188e-07 -4.94406e-07 1.61942e-06 -2.27799e-07 -1.17876e-07 -1.96784e-08
internal_weight=6864 4862 2002 1883 1495 1389 429 960 119 106 70 77 388 316 114 202 72 42 749 163 142 109 586 219 192 4113 47 367 343 336
internal_count=6864 4862 2002 1883 1495 1389 429 960 119 106 70 77 388 316 114 202 72 42 749 163 142 109 586 219 192 4113 47 367 343 336
is_linear=0
shrinkage=0.05


Tree=57
num_leaves=31
num_cat=0
split_feature=13 12 5 11 11 8 8 5 8 11 5 5 27 11 1 8 4 27 8 8 11 8 7 8 7 8 9 9 5 27
split_gain=8.63736e-07 1.49642e-07 1.0709e-07 1.04074e-07 8.6852e-08 8.48188e-08 8.4062e-08 8.39784e-08 5.34904e-08 5.06181e-08 2.76398e-08 3.39785e-08 6.41273e-08 3.40559e-08 2.02089e-08 1.34936e-08 1.14134e-08 1.6202e-08 1.23002e-08 8.09348e-09 7.37579e-09 7.16253e-09 1.12398e-08 5.85041e-09 5.81454e-09 8.2944e-09 5.80665e-09 2.22927e-08 1.03639e-08 3.68652e-09
threshold=0.37940952255126048 -0.37940952255126065 20.750000000000004 13.681250000000002 9.5500000000000025 339.47302831309213 278.19924303341639 16.450000000000003 79.861661080894109 21.153125000000006 16.650000000000002 13.750000000000002 26.833333333333339 19.625000000000004 42.550000000000004 269.6457266754839 96.500000000000014 77.166666666666671 62.121740979040858 297.0434358768623 15.209375000000001 284.80383306264491 79.187368370444474 272.37207892085706 124.74780099104989 92.115678386621013 -23.42708029761112 -15.154661431034507 12.950000000000001 6.8333333333333348
decision_type=2 2 2 2 2 2 2 2 2 2 2 2 2 2 2 2 2 2 2 2 2 2 2 2 2 2 2 2 2 2
left_child=8 6 4 -4 -3 9 15 -7 14 -6 11 13 -13 -8 16 29 17 18 -1 -12 -17 24 -23 -22 26 -26 28 -28 -10 -2
right_child=1 2 3 -5 5 7 10 -9 21 -11 19 12 -14 -15 -16 20 -18 -19 -20 -21 23 22 -24 -25 25 -27 27 -29 -30 -31
leaf_value=6.0132415468348107e-07 -6.3189637440341788e-07 -1.9376847708722031e-06 8.8366123967326933e-07 5.7521502679699788e-06 6.9634187593825117e-07 2.0789199766294244e-06 8.4028076041019901e-07 -1.2206307961345634e-06 -1.4903614812329837e-06 1.5543034886910229e-06 1.0269532079677367e-06 6.1250567430053915e-07 -2.3153897106498179e-06 1.7547426688390295e-08 -4.7203419482521888e-07 -7.6175132166511619e-07 -6.4563343798714582e-07 1.3786272724776913e-06 -2.4203702865560417e-08 2.384611352789805e-06 7.6321353402266017e-07 -5.7147526052202788e-07 5.2116173928562745e-07 -2.8690825407314456e-07 6.8301293533560671e-07 -6.7765895924562111e-07 6.5799618340633972e-07 -5.2919739739740238e-07 -9.0420428477955284e-08 -1.2729063251034254e-06
leaf_weight=114 32 26 21 23 1188 236 323 21 39 201 23 45 32 206 162 44 38 30 253 21 21 52 43 36 24 21 40 3454 20 75
leaf_count=114 32 26 21 23 1188 236 323 21 39 201 23 45 32 206 162 44 38 30 253 21 21 52 43 36 24 21 40 3454 20 75
internal_value=-3.89147e-16 7.24096e-07 9.9367e-07 3.42855e-06 9.29594e-07 9.74885e-07 1.84948e-07 1.80931e-06 -4.34458e-07 8.20496e-07 4.64912e-07 3.77056e-07 -6.04282e-07 5.19897e-07 4.66101e-09 -6.89937e-07 1.82189e-07 2.61426e-07 1.70102e-07 1.67493e-06 -2.75428e-07 -5.05444e-07 -7.69133e-08 9.99787e-08 -5.16759e-07 4.80327e-08 -5.23912e-07 -5.15606e-07 -1.01581e-06 -1.0812e-06
internal_weight=6864 2574 1716 44 1672 1646 858 257 4290 1389 650 606 77 529 597 208 435 397 367 44 101 3693 95 57 3598 45 3553 3494 59 107
internal_count=6864 2574 1716 44 1672 1646 858 257 4290 1389 650 606 77 529 597 208 435 397 367 44 101 3693 95 57 3598 45 3553 3494 59 107
is_linear=0
shrinkage=0.05


Tree=58
num_leaves=31
num_cat=0
split_feature=13 13 15 15 14 14 14 11 14 15 11 5 15 14 14 9 14 11 4 15 13 15 14 9 2 15 14 7 9 7
split_gain=7.83959e-07 1.01201e-07 1.00367e-07 1.82703e-07 9.13914e-08 1.01337e-07 8.96979e-08 2.3058e-07 1.8443e-07 5.04537e-08 3.97641e-08 3.51404e-08 2.96726e-08 4.63342e-08 5.15473e-08 2.53679e-08 2.22924e-08 3.1538e-08 2.19806e-08 2.11594e-08 1.05994e-08 1.5199e-08 1.79681e-08 1.73231e-08 8.70651e-10 6.6656e-09 2.09375e-09 7.22519e-10 6.64461e-10 5.81515e-10
threshold=0.60355339059327384 0.25881904510252057 -0.97507822412530132 -0.99938741687870725 0.99966190462023474 0.99865421017599998 0.9916835347852474 11.103125 0.98802474685579866 -0.99465740988130902 19.087500000000002 2.1500000000000008 0.04621408538533487 0.98372640911059162 0.89017062131308955 -28.120797331603821 0.16799745313369893 18.706250000000001 16.500000000000004 -0.73865259438682551 1.0000000180025095e-35 0.70897861563100306 -0.93879691571722779 -9.2095067078923325 20.500000000000004 -0.55656394595157355 -0.30265929501515237 114.65794053175996 -12.601730494079911 77.98501034830889
decision_type=2 2 2 2 2 2 2 2 2 2 2 2 2 2 2 2 2 2 2 2 2 2 2 2 2 2 2 2 2 2
left_child=1 20 3 -2 5 6 8 -8 -4 10 -5 -3 15 14 -14 18 17 -11 -13 -17 24 22 28 -24 25 26 -1 -23 -22 -26
right_child=2 11 4 9 -6 -7 7 -9 -10 16 -12 12 13 -15 -16 19 -18 -19 -20 -21 21 27 23 -25 29 -27 -28 -29 -30 -31
leaf_value=2.3056297664699089e-07 -1.7630028452231273e-06 -1.3574046372591634e-06 7.2860990631307401e-07 2.4236095421138595e-06 -2.5586118107683087e-06 4.2120353333259466e-06 -4.743134107124766e-06 1.4010455666303225e-06 5.4432837714557543e-06 5.209444255645698e-06 -3.5702036257134754e-07 2.8278867452158353e-07 -3.5466188822138894e-07 -2.4612484946287409e-06 1.4779510223661419e-06 5.984530541638594e-07 1.8678636586227662e-06 3.0247591583264576e-06 1.8232129741591052e-06 -8.9272349258479346e-08 -1.0685472778442836e-06 -8.1552094327110223e-07 6.8890345588101815e-07 -1.6396933332180195e-07 -4.8557970965627344e-07 -5.4582326408791581e-07 -2.4660154961228137e-07 -1.1656211972876918e-06 -7.4582844815957856e-07 -5.9695650159311495e-07
leaf_weight=39 28 37 1694 36 21 21 26 37 21 24 20 40 209 21 47 238 21 53 55 211 22 56 72 344 2976 239 56 20 58 122
leaf_count=39 28 37 1694 36 21 21 26 37 21 24 20 40 209 21 47 238 21 53 55 211 22 56 72 344 2976 239 56 20 58 122
internal_value=4.53929e-15 -3.42888e-07 8.32729e-07 1.95225e-06 7.20777e-07 7.59057e-07 7.18274e-07 -1.13465e-06 7.86341e-07 2.62775e-06 1.43053e-06 1.49898e-07 2.17828e-07 -2.03418e-07 -1.82056e-08 4.32323e-07 3.31188e-06 3.7057e-06 1.17461e-06 2.75268e-07 -4.48485e-07 -2.49217e-07 -1.48328e-07 -1.63567e-08 -4.81697e-07 -4.04998e-07 -5.0713e-08 -9.07653e-07 -8.34576e-07 -4.89966e-07
internal_weight=6864 4862 2002 182 1820 1799 1778 63 1715 154 56 858 821 277 256 544 98 77 95 449 4004 572 496 416 3432 334 95 76 80 3098
internal_count=6864 4862 2002 182 1820 1799 1778 63 1715 154 56 858 821 277 256 544 98 77 95 449 4004 572 496 416 3432 334 95 76 80 3098
is_linear=0
shrinkage=0.05


Tree=59
num_leaves=31
num_cat=0
split_feature=13 8 15 14 12 15 15 14 15 14 14 7 15 8 9 9 11 14 14 14 9 8 8 11 14 5 8 8 15 7
split_gain=7.07523e-07 1.06373e-07 9.52804e-08 9.29841e-08 1.01139e-07 9.87136e-08 2.71422e-07 1.72264e-07 9.40204e-08 6.37968e-08 5.68386e-08 4.90483e-08 4.09765e-08 3.74134e-08 2.99981e-08 5.3831e-08 2.99697e-08 4.13242e-08 2.68729e-08 3.84992e-08 4.79335e-08 2.92426e-08 2.43335e-08 2.42425e-08 1.67104e-08 1.55279e-08 1.325e-08 6.57673e-09 2.42491e-08 1.75691e-08
threshold=0.60355339059327384 76.626319791004263 0.91245913578114801 0.99966190462023474 -1.0000000180025095e-35 0.61913436964878354 0.54938884295715751 0.7210268013660811 0.30778899014954286 0.31799963745711152 0.99552231814189451 153.97310347240486 0.63255009372278048 269.6457266754839 -28.120797331603821 -29.654352408864671 12.325000000000001 0.95752911693909493 0.23537774960157334 0.3504237462291826 -25.165918451822872 62.121740979040858 281.44158605014519 17.203125000000004 0.36648264796514479 7.9500000000000011 284.80383306264491 85.979836981783237 0.63255009372278048 117.13498875858807
decision_type=2 2 2 2 2 2 2 2 2 2 2 2 2 2 2 2 2 2 2 2 2 2 2 2 2 2 2 2 2 2
left_child=1 14 3 4 8 6 -6 -7 10 11 -2 -4 -10 -11 15 16 -1 -18 21 -20 -21 23 27 -16 -24 -13 -26 28 29 -3
right_child=2 22 9 -5 5 7 -8 -9 12 13 -12 25 -14 -15 18 -17 17 -19 19 20 -22 -23 24 -25 26 -27 -28 -29 -30 -31
leaf_value=-8.4730525307377606e-07 6.5889124033007407e-07 -2.5972010662356799e-07 -1.1831638148302746e-06 -2.4306812671663164e-06 1.1927391323145598e-06 1.6142967136932965e-06 -4.6941815082846015e-06 6.3932102420949377e-06 -1.5338068349763859e-06 -3.640868273924709e-06 3.1384889162211494e-06 2.2243096206390573e-06 1.2431280905846585e-07 -6.5624814981544796e-07 2.060414868133699e-06 3.1850737849752132e-06 4.1101643891318864e-07 2.9262337210411716e-06 -1.8571408734097921e-06 -2.062682479483421e-06 1.7599032078074899e-07 -1.869372447879295e-08 -3.0677011958750427e-07 5.2021664391171443e-07 -3.2464170022281212e-07 3.3791965620366687e-07 7.4534644397466747e-07 -4.833006875276552e-07 1.1822923052622829e-06 -1.5092566534972762e-06
leaf_weight=33 624 304 33 21 932 88 20 24 69 21 24 24 81 21 36 21 89 20 35 27 209 191 201 88 42 20 93 3415 27 31
leaf_count=33 624 304 33 21 932 88 20 24 69 21 24 24 81 21 36 21 89 20 35 27 209 191 201 88 42 20 93 3415 27 31
internal_value=-2.99297e-15 -3.25744e-07 7.91092e-07 8.77806e-07 9.1512e-07 1.23425e-06 1.06906e-06 2.63835e-06 4.8961e-07 -5.81025e-07 7.50728e-07 2.73992e-07 -6.38422e-07 -2.14856e-06 2.22301e-07 8.22274e-07 4.72846e-07 8.72524e-07 5.54149e-08 -3.09632e-07 -8.0129e-08 3.69471e-07 -4.25546e-07 9.67371e-07 -1.77932e-08 1.36686e-06 4.12461e-07 -4.61819e-07 -2.59171e-07 -3.75349e-07
internal_weight=6864 4862 2002 1883 1862 1064 952 112 798 119 648 77 150 42 749 163 142 109 586 271 236 315 4113 124 336 44 135 3777 362 335
internal_count=6864 4862 2002 1883 1862 1064 952 112 798 119 648 77 150 42 749 163 142 109 586 271 236 315 4113 124 336 44 135 3777 362 335
is_linear=0
shrinkage=0.05


Tree=60
num_leaves=31
num_cat=0
split_feature=13 8 8 5 11 14 14 11 14 14 4 5 27 9 9 11 14 4 11 8 14 5 8 14 4 27 5 7 8 11
split_gain=6.3854e-07 9.60015e-08 8.40049e-08 7.6681e-08 9.04991e-08 7.83096e-08 6.68883e-08 3.09239e-07 1.10217e-07 4.2504e-08 6.91459e-08 9.0371e-08 5.95748e-08 2.70733e-08 4.85825e-08 2.70477e-08 3.72951e-08 2.57839e-08 4.16692e-08 2.93882e-08 3.95933e-08 2.53487e-08 2.21353e-08 2.06163e-08 2.02474e-08 1.25054e-08 7.49251e-09 5.92742e-09 5.30264e-09 1.37675e-08
threshold=0.60355339059327384 76.626319791004263 339.47302831309213 19.150000000000002 12.828125000000002 -0.99940763397299126 -0.9442364261229238 19.625000000000004 0.21862473630160603 -0.10088855117215338 1.0000000180025095e-35 12.950000000000001 34.833333333333336 -28.120797331603821 -29.654352408864671 12.325000000000001 0.95752911693909493 96.500000000000014 15.512500000000001 62.121740979040858 0.67802080537253973 20.850000000000005 288.14476638188802 0.36648264796514479 50.500000000000007 1.1666666666666667 11.350000000000003 91.085593251414451 85.979836981783237 16.512500000000003
decision_type=2 2 2 2 2 2 2 2 2 2 2 2 2 2 2 2 2 2 2 2 2 2 2 2 2 2 2 2 2 2
left_child=1 13 3 5 -5 -2 7 -7 -8 25 -11 12 -12 14 15 -1 -17 19 -19 20 -15 -6 28 26 -21 -4 27 -24 29 -3
right_child=2 22 9 4 21 6 8 -9 -10 10 11 -13 -14 17 -16 16 -18 18 -20 24 -22 -23 23 -25 -26 -27 -28 -29 -30 -31
leaf_value=-8.0493997012870925e-07 3.1793527731289422e-06 1.8097753306003671e-07 1.5480904563349085e-06 -3.2323969879722756e-07 2.2896979862707672e-06 4.1130409369987252e-07 1.2336405359297875e-06 -5.1017067570338157e-06 3.1056086491898507e-07 -1.2724242506010342e-06 3.3259973436846243e-06 -6.047405278016079e-07 1.1927237971399843e-06 9.3225458699827858e-07 3.025820045704244e-06 3.9046560955233714e-07 2.7799220521274041e-06 -2.4200558335416226e-06 4.6909517337212492e-07 -3.4175154973571975e-07 -9.5939592483773603e-07 4.6998996502622963e-06 -2.7607247768233009e-07 8.3582652871597534e-07 6.0573002274269229e-07 2.9860349762337274e-06 2.7766990940922132e-07 -1.27392640468894e-06 -4.4702457914047192e-07 -4.6878229708590112e-07
leaf_weight=33 28 124 21 22 20 207 506 29 896 25 60 38 72 171 21 89 20 26 24 260 33 24 46 67 72 54 38 22 3578 238
leaf_count=33 28 124 21 22 20 207 506 29 896 25 60 38 72 171 21 89 20 26 24 260 33 24 46 67 72 54 38 22 3578 238
internal_value=-9.01429e-16 -3.09457e-07 7.51538e-07 6.23659e-07 2.29516e-06 5.57441e-07 5.12622e-07 -2.66142e-07 6.43712e-07 1.57186e-06 1.1828e-06 1.54386e-06 2.16239e-06 2.11186e-07 7.8116e-07 4.49203e-07 8.28898e-07 5.26441e-08 -1.03326e-06 1.53941e-07 6.26252e-07 3.60435e-06 -4.04269e-07 1.49284e-07 -1.36274e-07 2.58341e-06 -2.84663e-07 -5.98908e-07 -4.28574e-07 -2.46213e-07
internal_weight=6864 4862 2002 1732 66 1666 1638 236 1402 270 195 170 132 749 163 142 109 586 50 536 204 44 4113 173 332 75 106 68 3940 362
internal_count=6864 4862 2002 1732 66 1666 1638 236 1402 270 195 170 132 749 163 142 109 586 50 536 204 44 4113 173 332 75 106 68 3940 362
is_linear=0
shrinkage=0.05


Tree=61
num_leaves=31
num_cat=0
split_feature=9 15 15 8 5 3 15 15 15 15 15 3 15 13 15 8 15 15 15 4 15 3 15 3 8 9 11 8 7 3
split_gain=5.76982e-07 1.25002e-07 1.01436e-07 1.03305e-07 9.05669e-08 1.70422e-07 9.42614e-08 1.86656e-07 1.54927e-07 2.35704e-07 1.45854e-07 1.14377e-07 9.69247e-08 8.01223e-08 5.1311e-08 4.49806e-08 2.37368e-08 6.08425e-08 4.21751e-08 4.97324e-08 3.74353e-08 3.35103e-08 2.26484e-08 2.58846e-08 1.53827e-08 1.27886e-08 1.03881e-08 9.03586e-09 7.16912e-09 7.37302e-09
threshold=-28.120797331603821 0.91245913578114801 0.94975093725139803 93.885419420308594 20.750000000000004 13.15 -0.46800559042974538 -0.52034141052533245 -0.39036009226888674 -0.36648370705903521 -0.42958798411962301 16.250000000000004 -0.68432604233786842 0.25881904510252057 0.16587474750015932 95.316684907374892 -0.97111920233974802 -0.99465740988130902 -0.93543596745397617 23.500000000000004 -0.73865259438682551 18.050000000000004 0.96901616890815878 15.65 78.181376658593322 -9.2095067078923325 18.918750000000003 264.23396117118233 81.494746252230598 20.750000000000004
decision_type=2 2 2 2 2 2 2 2 2 2 2 2 2 2 2 2 2 2 2 2 2 2 2 2 2 2 2 2 2 2
left_child=1 4 3 -3 6 -6 7 12 10 -10 -8 -9 -1 24 16 -4 17 21 19 -18 -20 -15 -17 -24 25 -2 -19 -16 -27 -30
right_child=13 2 15 -5 5 -7 8 11 9 -11 -12 -13 -14 14 27 22 18 26 20 -21 -22 -23 23 -25 -26 28 -28 -29 29 -31
leaf_value=1.3477328148285507e-06 1.0002577419334977e-06 -5.2396804971976965e-06 1.7793244684499395e-06 -7.1099561597186361e-07 -4.4270386648680535e-07 5.3510834277403775e-06 4.9705889921369822e-07 6.3061471569726886e-06 5.8892739529948724e-06 5.3530777968444639e-07 -4.0676252202891714e-06 1.4247043753000203e-06 -1.2421811888920085e-07 1.1191167222553608e-06 -1.3348185199660924e-06 7.9613223156001034e-07 5.4565293265663655e-08 2.5137581049724155e-06 8.3382672554622479e-07 -2.683367103970711e-06 -7.0385635156652581e-09 -1.2928866785462864e-06 8.5504028187902551e-08 -2.397035672445435e-06 -4.153012936774938e-07 -4.4062137992813313e-07 1.3368623547194148e-06 -4.6404537113026463e-07 -1.770176941288194e-07 4.8458517541788867e-07
leaf_weight=489 26 20 34 34 22 30 35 28 21 974 35 21 145 24 49 23 43 30 208 27 364 36 21 21 3659 129 50 76 127 63
leaf_count=489 26 20 34 34 22 30 35 28 21 974 35 21 145 24 49 23 43 30 208 27 364 36 21 21 3659 129 50 76 127 63
internal_value=5.62325e-15 7.26936e-07 -6.45108e-07 -2.38829e-06 8.4356e-07 2.89987e-06 7.82389e-07 1.24088e-06 4.88352e-07 6.48306e-07 -1.78528e-06 4.2141e-06 1.01109e-06 -2.89087e-07 1.35244e-07 3.05716e-07 2.85601e-07 8.75505e-07 1.56962e-07 -1.00149e-06 2.98731e-07 -3.28085e-07 -4.65094e-07 -1.15577e-06 -3.85208e-07 -6.60459e-08 1.7782e-06 -8.05388e-07 -1.52955e-07 4.23559e-08
internal_weight=6864 1953 153 54 1800 52 1748 683 1065 995 70 49 634 4911 907 99 782 140 642 70 572 60 65 42 4004 345 80 125 319 190
internal_count=6864 1953 153 54 1800 52 1748 683 1065 995 70 49 634 4911 907 99 782 140 642 70 572 60 65 42 4004 345 80 125 319 190
is_linear=0
shrinkage=0.05


Tree=62
num_leaves=31
num_cat=0
split_feature=13 15 15 15 8 8 14 14 14 8 3 15 12 15 27 14 14 14 27 3 4 8 9 8 27 3 8 15 14 9
split_gain=5.23012e-07 7.84609e-08 1.59873e-07 9.23539e-08 7.82904e-08 7.74267e-08 7.52687e-08 7.69608e-08 5.73908e-08 8.7117e-08 4.42573e-08 4.40304e-08 4.29247e-08 2.95761e-08 2.50596e-08 2.44667e-08 4.98076e-08 8.78952e-08 7.99723e-08 5.16061e-08 3.08825e-08 1.75402e-08 1.78781e-08 1.85577e-08 1.73296e-08 2.09505e-08 3.58592e-08 1.79091e-08 1.37541e-08 1.19149e-08
threshold=0.60355339059327384 -0.97507822412530132 -0.99938741687870725 -0.96234030595689413 339.47302831309213 70.532270969341809 -0.99763297024448894 -0.9442364261229238 0.40614137006726808 354.97372237062882 18.850000000000005 -0.99273797715557011 0.12940952255126045 -0.98801846520836312 1.1666666666666667 0.23537774960157334 0.54219432480460406 0.67802080537253973 71.500000000000014 15.65 81.500000000000014 281.44158605014519 -48.062832747620064 84.988342800080389 3.8333333333333335 16.950000000000003 61.611618467061113 -0.99465740988130902 0.36648264796514479 -39.873496590104615
decision_type=2 2 2 2 2 2 2 2 2 2 2 2 2 2 2 2 2 2 2 2 2 2 2 2 2 2 2 2 2 2
left_child=5 2 -2 14 6 15 10 -8 -6 -10 -5 12 -4 -13 -3 24 19 -18 -19 20 -17 22 23 -7 -1 26 -26 -27 -23 -24
right_child=1 3 11 4 8 21 7 -9 9 -11 -12 13 -14 -15 -16 16 17 18 -20 -21 -22 28 29 -25 25 27 -28 -29 -30 -31
leaf_value=1.1791559158604634e-06 -1.8053811897646354e-06 -4.5529406918376484e-07 3.0347785980211487e-07 3.6722415549367472e-06 2.667084821170549e-06 1.5595840203275202e-06 -4.2230686905753212e-07 5.9492485558242882e-07 1.8050758802069645e-06 -9.5272192603650704e-07 8.5920332727103727e-07 4.4005046325829818e-06 2.8054464640566342e-06 2.4102573897368174e-06 -2.9007233634233261e-06 -1.0514295126995422e-06 2.8481926976079801e-06 -8.4094458022339806e-07 1.7087150467887113e-06 1.0188338825400934e-06 -3.5143964939265969e-06 -2.6606473328518779e-07 -1.5790807884470615e-06 -5.0264954950307587e-07 2.5669359365565471e-06 -1.1457443985431451e-06 3.9603044044156378e-08 2.8638596432485205e-07 3.8644972650348357e-07 -3.8491052316139775e-07
leaf_weight=89 28 20 40 29 74 24 217 1299 90 42 27 28 30 56 22 35 30 108 43 20 20 201 21 20 25 27 32 114 135 3918
leaf_count=89 28 20 40 29 74 24 217 1299 90 42 27 28 30 56 22 35 30 108 43 20 20 201 21 20 25 27 32 114 135 3918
internal_value=-5.46488e-15 6.80163e-07 1.67e-06 5.81179e-07 6.35921e-07 -2.80067e-07 5.15814e-07 4.49318e-07 1.55246e-06 9.27595e-07 2.31596e-06 2.30189e-06 1.37575e-06 3.07367e-06 -1.73623e-06 2.82662e-07 -7.27061e-08 3.76235e-07 -1.14883e-07 -1.15615e-06 -1.94705e-06 -3.50815e-07 -3.80081e-07 6.22205e-07 5.99646e-07 3.3916e-07 1.14808e-06 1.21482e-08 -3.89374e-09 -3.91277e-07
internal_weight=6864 2002 182 1820 1778 4862 1572 1516 206 132 56 154 70 84 42 543 256 181 151 75 55 4319 3983 44 287 198 57 141 336 3939
internal_count=6864 2002 182 1820 1778 4862 1572 1516 206 132 56 154 70 84 42 543 256 181 151 75 55 4319 3983 44 287 198 57 141 336 3939
is_linear=0
shrinkage=0.05


Tree=63
num_leaves=31
num_cat=0
split_feature=9 15 14 12 14 15 12 14 14 11 15 13 15 12 14 11 15 15 15 15 12 14 15 4 15 9 15 20 13 14
split_gain=4.75734e-07 1.11043e-07 9.13218e-08 1.36449e-07 8.64342e-08 2.47365e-07 2.2899e-07 1.65424e-07 1.21348e-07 9.49105e-08 7.63513e-08 6.4022e-08 4.44231e-08 4.05685e-08 3.47108e-08 4.20875e-08 2.08428e-08 4.11509e-08 3.62667e-08 2.14792e-08 1.12561e-08 1.55736e-08 1.40206e-08 7.28466e-09 7.14648e-09 5.67034e-09 6.74965e-09 5.23486e-09 7.056e-09 1.02056e-08
threshold=-28.120797331603821 0.91245913578114801 0.31799963745711152 0.12940952255126045 0.9916835347852474 1.0000000180025095e-35 0.12940952255126045 0.98802474685579866 0.99761913169647187 10.65 -0.46800559042974538 0.25881904510252057 0.16587474750015932 -1.0000000180025095e-35 0.25206111083856975 14.050000000000002 -0.99938741687870725 -0.97111920233974802 -0.93543596745397617 -0.99465740988130902 0.98296291314453421 0.84773968378660736 -0.73284120334876357 53.500000000000007 -0.84313311835787952 -26.303554600752992 0.36647099799968202 1.0000000180025095e-35 0.1294095225512602 0.23537774960157334
decision_type=2 2 2 2 2 2 2 2 2 2 2 2 2 2 2 2 2 2 2 2 2 2 2 2 2 2 2 2 2 2
left_child=1 4 13 -4 7 8 -7 9 -6 -1 -11 20 16 -3 15 -15 -13 19 -19 -18 27 22 24 -23 -22 -14 -27 -2 -29 -30
right_child=11 2 3 -5 5 6 -8 -9 -10 10 -12 12 25 14 -16 -17 17 18 -20 -21 21 23 -24 -25 -26 26 -28 28 29 -31
leaf_value=3.5879288907381125e-06 -5.8369011732658558e-07 -1.1623176052663356e-06 5.229693253265093e-07 -4.5351141526831885e-06 -9.008104365464187e-07 7.9972758536920689e-07 -5.6611556999541797e-06 5.2663820324163507e-06 4.1271904072865645e-06 1.1502145788333112e-06 4.599055008804345e-07 -1.3366247583235237e-06 -1.4675943356965233e-06 1.6271275357708378e-06 2.5016617845115736e-06 -1.5420360992379756e-06 2.023870735001765e-07 -9.345773720984393e-07 2.7113770660402372e-07 1.6214265592395805e-06 -7.6201604918313743e-09 4.4421465739513481e-08 -5.6715155219773069e-07 1.1092535457477324e-06 1.0513753877495176e-06 -2.3293593354831984e-08 -8.8610692882064227e-07 -3.7016537442751821e-07 -3.7692118907298575e-07 4.649342575161669e-07
leaf_weight=30 270 33 24 30 21 24 32 21 28 691 953 20 23 22 24 20 40 70 572 80 66 29 134 36 21 34 68 3301 84 63
leaf_count=30 270 33 24 30 21 24 32 21 28 691 953 20 23 22 24 20 40 70 572 80 66 29 134 36 21 34 68 3301 84 63
internal_value=6.50089e-16 6.60081e-07 -6.33089e-07 -2.28708e-06 7.7e-07 -6.22088e-07 -2.89221e-06 8.56236e-07 1.97233e-06 8.00912e-07 7.50054e-07 -2.625e-07 1.16809e-07 2.69086e-07 9.84787e-07 1.18002e-07 2.5671e-07 2.9853e-07 1.39673e-07 1.14841e-06 -3.48423e-07 -4.61574e-08 -2.46255e-07 6.34175e-07 2.47999e-07 -7.58415e-07 -5.98502e-07 -3.71674e-07 -3.55071e-07 -1.6126e-08
internal_weight=6864 1953 153 54 1800 105 56 1695 49 1674 1644 4911 907 99 66 42 782 762 642 120 4004 286 221 65 87 125 102 3718 3448 147
internal_count=6864 1953 153 54 1800 105 56 1695 49 1674 1644 4911 907 99 66 42 782 762 642 120 4004 286 221 65 87 125 102 3718 3448 147
is_linear=0
shrinkage=0.05


Tree=64
num_leaves=31
num_cat=0
split_feature=9 15 5 11 14 15 12 5 14 7 14 14 12 8 8 4 8 14 15 15 15 15 14 5 14 11 8 14 11 8
split_gain=4.2935e-07 1.00217e-07 8.262e-08 1.51557e-07 1.11416e-07 3.01159e-07 1.4483e-07 1.42763e-07 9.41418e-08 1.97064e-07 1.212e-07 8.24179e-08 1.23145e-07 5.86044e-08 4.19647e-08 4.69055e-08 3.8767e-08 2.70339e-08 4.83318e-08 2.20653e-08 3.49527e-08 3.90973e-08 5.45896e-08 3.11454e-08 1.92723e-08 2.17033e-08 1.14692e-08 1.48726e-08 1.20317e-08 1.16387e-08
threshold=-28.120797331603821 0.91245913578114801 20.750000000000004 13.156250000000002 0.9916835347852474 1.0000000180025095e-35 0.12940952255126045 6.4500000000000011 0.93544191479114935 141.85670053890806 0.92602006027323147 0.31799963745711152 0.12940952255126045 294.7852751162809 62.121740979040858 80.500000000000014 95.316684907374892 0.69056404122701587 -0.84313311835787952 -0.99628250747696534 -0.97507822412530132 -0.91939278948206182 0.25206111083856975 3.5500000000000003 0.25206111083856975 15.603125 281.44158605014519 0.23537774960157334 20.193750000000005 284.80383306264491
decision_type=2 2 2 2 2 2 2 2 2 2 2 2 2 2 2 2 2 2 2 2 2 2 2 2 2 2 2 2 2 2
left_child=1 2 4 -4 8 7 -7 -6 10 -10 -1 16 -13 14 15 17 -3 18 -2 -15 -21 22 -22 -23 25 -18 -16 28 -28 -29
right_child=13 11 3 -5 5 6 -8 -9 9 -11 -12 12 -14 19 26 -17 24 -19 -20 20 21 23 -24 -25 -26 -27 27 29 -30 -31
leaf_value=6.9244055024243349e-07 4.7629950626809334e-07 1.6236772273045707e-06 -4.5662521405244085e-07 5.0070900215359872e-06 4.6282220485712368e-06 -3.8321645877745361e-07 -5.7610926300948189e-06 -7.7060927515049124e-07 7.7169123802310361e-07 4.2777567055932118e-06 -2.9661782244384881e-06 4.9682083063847429e-07 -4.3083584595630477e-06 -8.3459722191037153e-07 -3.4934252849120006e-07 -1.5679321992197232e-06 3.9521935810799257e-08 -7.2090888503832199e-07 2.620632316587958e-06 1.8143474190897752e-06 6.0558115094487414e-07 2.4175645846654611e-06 -2.6181450463624857e-06 4.2148869936270855e-07 7.0346855522984703e-07 -2.2336786019293087e-06 4.730603479531835e-07 -2.9188172534182809e-07 -5.5778488325701519e-07 5.9498209958467359e-07
leaf_weight=1432 129 34 22 30 24 21 31 25 135 57 23 24 30 30 4060 27 21 30 33 48 29 23 24 130 23 21 35 56 148 109
leaf_count=1432 129 34 22 30 24 21 31 25 135 57 23 24 30 30 4060 27 21 30 33 48 29 23 24 130 23 21 35 56 148 109
internal_value=-3.81936e-15 6.27077e-07 7.315e-07 2.69552e-06 6.73074e-07 -9.38904e-07 -3.58926e-06 1.87372e-06 7.71927e-07 1.81255e-06 6.34607e-07 -6.01435e-07 -2.17272e-06 -2.49375e-07 -2.92167e-07 3.83388e-07 2.55631e-07 6.57793e-07 9.13108e-07 4.47798e-07 5.99262e-07 3.16135e-07 -8.54219e-07 7.21552e-07 -4.59962e-07 -1.09708e-06 -3.2573e-07 -5.02511e-08 -3.60629e-07 2.93986e-07
internal_weight=6864 1953 1800 52 1748 101 52 49 1647 192 1455 153 54 4911 4627 219 99 192 162 284 254 206 53 153 65 42 4408 348 183 165
internal_count=6864 1953 1800 52 1748 101 52 49 1647 192 1455 153 54 4911 4627 219 99 192 162 284 254 206 53 153 65 42 4408 348 183 165
is_linear=0
shrinkage=0.05


Tree=65
num_leaves=31
num_cat=0
split_feature=7 3 15 14 14 14 14 12 9 7 14 16 15 14 3 3 15 15 27 21 27 20 7 15 1 14 9 14 9 7
split_gain=3.88083e-07 1.10733e-07 1.09359e-07 8.69608e-08 1.44069e-07 1.11241e-07 6.01953e-08 9.28416e-08 3.99837e-08 3.61426e-08 3.56554e-08 1.40893e-08 2.36925e-08 3.10035e-08 2.41747e-08 1.74827e-08 1.08776e-08 1.12721e-08 8.28488e-09 6.19307e-09 4.31436e-09 2.87572e-09 4.71395e-09 7.23998e-09 3.92425e-09 1.52011e-09 4.48187e-10 1.78441e-09 3.95542e-10 1.23332e-10
threshold=106.02644824171743 8.7500000000000018 0.91245913578114801 0.99966190462023474 0.99761913169647187 0.9916835347852474 0.31799963745711152 0.12940952255126045 -44.609007639831653 140.90444300747774 0.25206111083856975 54.645000000000003 -0.70900320270980455 0.55656748448714433 14.65 14.950000000000001 -0.6523320455745395 -0.022575793296316496 54.500000000000007 145.50000000000003 35.833333333333336 1.0000000180025095e-35 79.187368370444474 -0.30164489695395946 434.65000000000003 0.93237596376505805 11.815644188908911 0.21862473630160603 3.6128648935205727 90.343440387037958
decision_type=2 2 2 2 2 2 2 2 2 2 2 2 2 2 2 2 2 2 2 2 2 2 2 2 2 2 2 2 2 2
left_child=11 -2 3 4 5 -3 9 -8 -6 20 -11 12 13 14 -1 -15 -14 19 -16 -18 -4 28 26 24 -24 -19 27 -23 29 -13
right_child=1 2 6 -5 8 -7 7 -9 -10 10 -12 21 16 15 18 -17 17 25 -20 -21 -22 22 23 -25 -26 -27 -28 -29 -30 -31
leaf_value=-1.6117618336217924e-06 -3.214906070496682e-06 6.4889616148059526e-07 -4.0483931625005982e-07 -2.2075055878400675e-06 5.2020340854141976e-06 -1.6480298500954195e-06 1.9653372874017807e-07 -3.5696483634082041e-06 2.0403993062245719e-06 -7.0206192233291358e-08 2.345667005935563e-06 -5.8321754641794892e-07 -1.1624594320265542e-06 5.1236050708780571e-07 1.9216518590511999e-07 2.3196038336723379e-06 -1.0555511203206944e-07 -5.4561664494538103e-07 -5.3521537757382656e-07 7.5710409747221024e-07 -1.3026208044664146e-06 -6.5642774283925213e-07 3.3998968339764783e-08 -4.4286413761559142e-07 7.8174511319572139e-07 -2.6460507889564202e-07 -3.4019050771862785e-07 -8.4766340577857598e-08 -4.1657091060187667e-07 -7.0512493127863291e-07
leaf_weight=22 20 2210 23 27 20 54 30 36 20 42 24 42 37 32 301 23 218 228 45 23 32 43 74 75 23 61 2993 20 25 41
leaf_count=22 20 2210 23 27 20 54 30 36 20 42 24 42 37 32 301 23 218 228 45 23 32 43 74 75 23 61 2993 20 25 41
internal_value=4.08486e-15 4.90841e-07 5.20276e-07 6.13605e-07 6.46665e-07 5.94111e-07 -6.43097e-07 -1.85775e-06 3.62122e-06 1.94395e-08 8.08293e-07 -2.87969e-07 -1.22329e-07 1.60862e-07 -4.62427e-09 1.26812e-06 -3.33598e-07 -2.75734e-07 9.75637e-08 -2.32266e-08 -9.27185e-07 -3.37125e-07 -3.28634e-07 -7.39462e-08 2.113e-07 -4.86303e-07 -3.42969e-07 -4.74948e-07 -5.90922e-07 -6.43437e-07
internal_weight=6864 2538 2518 2331 2304 2264 187 66 40 121 66 4326 990 423 368 55 567 530 346 241 55 3336 3228 172 97 289 3056 63 108 83
internal_count=6864 2538 2518 2331 2304 2264 187 66 40 121 66 4326 990 423 368 55 567 530 346 241 55 3336 3228 172 97 289 3056 63 108 83
is_linear=0
shrinkage=0.05


Tree=66
num_leaves=31
num_cat=0
split_feature=9 15 14 14 5 14 14 3 15 14 15 14 14 5 8 7 8 4 14 3 4 27 27 4 4 5 27 27 14 8
split_gain=3.55687e-07 8.75381e-08 2.70359e-07 1.69667e-07 2.40124e-07 1.86555e-07 1.73403e-07 2.24029e-07 1.35716e-07 4.11437e-07 2.14879e-07 9.68466e-08 2.19916e-07 2.08364e-07 4.75836e-08 3.57496e-08 3.46744e-08 4.15941e-08 2.99324e-08 2.70605e-08 3.52705e-08 3.47238e-08 2.38431e-08 5.32425e-08 4.79098e-08 4.4981e-08 2.1556e-08 1.7248e-08 1.52795e-08 9.14968e-09
threshold=-28.120797331603821 -0.46800559042974538 0.85226249403558707 0.67802080537253973 13.350000000000003 0.77244481603295057 0.54219432480460406 15.250000000000002 -0.39036009226888674 0.90162119223771331 -0.36648370705903521 -0.98523971305672675 -0.95995996396290595 12.350000000000003 294.7852751162809 135.34873494515995 62.121740979040858 80.500000000000014 0.61237135649459018 15.450000000000001 9.5000000000000018 26.833333333333339 26.833333333333339 45.500000000000007 6.5000000000000009 6.1500000000000012 1.0000000180025095e-35 56.166666666666679 0.49812943072827093 281.44158605014519
decision_type=2 2 2 2 2 2 2 2 2 2 2 2 2 2 2 2 2 2 2 2 2 2 2 2 2 2 2 2 2 2
left_child=1 2 3 6 5 -5 7 -1 9 15 -10 13 -13 -12 16 -3 17 19 -8 21 -21 -2 24 -24 26 -25 -16 -27 -26 -18
right_child=14 8 -4 4 -6 -7 18 -9 10 -11 11 12 -14 -15 22 -17 29 -19 -20 20 -22 -23 23 25 28 27 -28 -29 -30 -31
leaf_value=-3.6727214985778398e-06 4.599386417024877e-09 -5.2621915369012714e-07 5.8357362368001637e-06 -2.6941025615607422e-06 -5.9257695847052327e-06 2.8943961936533926e-06 5.156844134035055e-06 1.0862862247344164e-06 5.4617106538249315e-06 -7.6720677108304309e-06 2.9210749268750822e-06 -2.070234299309254e-06 4.2155061609909769e-07 -8.8078710943687168e-07 1.1172003269166453e-06 2.1890348953299758e-06 -3.1713465255730487e-07 -1.4889810857867917e-06 2.7101152256534535e-06 1.1591127092378027e-06 -5.354649730422465e-07 2.3517383840498955e-06 -2.1693144293959238e-06 -1.5447255009348738e-06 1.223299893006376e-06 1.3907527458979445e-07 -5.0739047293867827e-07 1.9949590868265894e-06 2.7954573806709959e-06 -4.999332784378382e-08
leaf_weight=26 26 27 28 28 21 32 25 506 21 21 98 98 918 57 29 22 4060 27 25 53 73 40 26 20 68 21 69 31 20 348
leaf_count=26 26 27 28 28 21 32 25 506 21 21 98 98 918 57 29 22 4060 27 25 53 73 40 26 20 68 21 69 31 20 348
internal_value=-3.43806e-15 5.70755e-07 1.02314e-06 8.19892e-07 -1.32414e-06 2.8643e-07 1.11829e-06 8.53703e-07 3.23054e-07 -1.81661e-06 4.48705e-07 3.58805e-07 1.81201e-07 1.52297e-06 -2.26977e-07 6.92875e-07 -2.65536e-07 3.48542e-07 3.93348e-06 6.06943e-07 1.77334e-07 1.42711e-06 4.01233e-07 -2.29922e-07 7.33776e-07 4.70414e-07 -2.66442e-08 1.24547e-06 1.58061e-06 -2.96045e-07
internal_weight=6864 1953 691 663 81 60 582 532 1262 70 1192 1171 1016 155 4911 49 4627 219 50 192 126 66 284 98 186 72 98 52 88 4408
internal_count=6864 1953 691 663 81 60 582 532 1262 70 1192 1171 1016 155 4911 49 4627 219 50 192 126 66 284 98 186 72 98 52 88 4408
is_linear=0
shrinkage=0.05


Tree=67
num_leaves=31
num_cat=0
split_feature=7 14 14 3 5 14 14 4 4 3 14 13 3 7 12 3 13 9 27 9 9 12 14 3 4 9 9 7 20 13
split_gain=3.2215e-07 7.6107e-08 1.33994e-07 2.65118e-07 5.86546e-07 1.40972e-07 2.63058e-07 8.93609e-08 6.72608e-08 5.764e-08 1.18043e-07 4.52685e-08 4.47837e-08 4.39292e-08 4.19306e-08 3.43568e-08 2.39745e-08 1.67532e-08 3.07968e-08 1.46893e-08 1.89679e-08 9.4135e-09 1.38374e-08 9.51067e-09 6.54251e-09 6.11427e-09 6.03961e-09 4.86857e-09 4.22517e-09 5.10819e-09
threshold=120.92003185630369 -0.99630266176052629 -0.9442364261229238 18.450000000000003 6.0500000000000007 0.21862473630160603 0.25206111083856975 83.500000000000014 2.5000000000000004 17.650000000000002 -0.015050995721668367 0.25881904510252057 17.550000000000004 120.56909060280769 -1.0000000180025095e-35 14.65 0.78656609248549303 -27.495846359269631 35.833333333333336 -29.654352408864671 -28.120797331603821 0.98296291314453421 0.84773968378660736 19.850000000000005 53.500000000000007 -60.224164379586931 -2.6693031256437885 96.527316096075239 1.0000000180025095e-35 0.1294095225512602
decision_type=2 2 2 2 2 2 2 2 2 2 2 2 2 2 2 2 2 2 2 2 2 2 2 2 2 2 2 2 2 2
left_child=11 14 3 8 -5 9 -7 -8 -3 15 -11 21 -10 16 -2 -4 19 -18 -19 -13 -21 28 23 26 -24 -16 -23 -25 -1 -30
right_child=1 2 5 4 -6 6 7 -9 12 10 -12 13 -14 -15 25 -17 17 18 -20 20 -22 22 24 27 -26 -27 -28 -29 29 -31
leaf_value=-4.9459918399305835e-07 2.4889762244129089e-07 -2.0892798981246114e-06 8.9188431106225791e-07 2.4309108588884398e-06 -8.0370808916541143e-06 -4.6282037168601589e-06 1.9748085041470892e-07 1.2800796016086938e-06 1.327581855102745e-06 1.2807545763704626e-06 -2.3457473635820254e-06 -1.2911038197671588e-06 -6.8607217767030785e-07 -1.9003658524996826e-06 3.5332358720552295e-06 2.7671259348223551e-06 1.6925065021193103e-06 1.0374960247033344e-06 -8.9922491971113549e-07 1.1426198049591108e-06 2.7127000763466042e-08 -5.0061347142810895e-07 7.5943477958358491e-08 1.0542989303985452e-06 1.0850771092110438e-06 2.4265224458129246e-06 2.0187204217318842e-07 -4.8943175130489187e-08 -3.0205094756163608e-07 -8.1579473395797435e-10
leaf_weight=270 20 24 33 23 32 26 773 253 101 345 24 20 38 27 24 94 36 65 30 40 806 142 29 20 36 26 39 20 3301 147
leaf_count=270 20 24 33 23 32 26 773 253 101 345 24 20 38 27 24 94 36 65 30 40 806 142 29 20 36 26 39 20 3301 147
internal_value=2.20504e-15 5.66855e-07 5.02764e-07 -6.57813e-07 -3.65956e-06 6.66204e-07 3.38574e-07 4.64437e-07 3.55045e-07 1.3611e-06 1.04488e-06 -2.0699e-07 7.77087e-07 8.96757e-08 2.18379e-06 2.27986e-06 1.43569e-07 7.73975e-07 4.259e-07 4.82068e-08 7.9869e-08 -2.82861e-07 -6.44004e-09 -1.95054e-07 6.34848e-07 2.95774e-06 -3.49249e-07 5.02678e-07 -3.04124e-07 -2.89208e-07
internal_weight=6864 1836 1766 218 55 1548 1052 1026 163 496 369 5028 139 1024 70 127 997 131 95 866 846 4004 286 221 65 50 181 40 3718 3448
internal_count=6864 1836 1766 218 55 1548 1052 1026 163 496 369 5028 139 1024 70 127 997 131 95 866 846 4004 286 221 65 50 181 40 3718 3448
is_linear=0
shrinkage=0.05


Tree=68
num_leaves=31
num_cat=0
split_feature=7 15 15 3 15 15 27 14 14 12 14 13 15 12 7 7 15 7 12 14 15 7 15 4 4 20 19 15 4 4
split_gain=2.90741e-07 8.30441e-08 1.22065e-07 8.04291e-08 1.05878e-07 7.72477e-08 7.73884e-08 8.58749e-08 7.01383e-08 1.01717e-07 6.75393e-08 4.08548e-08 4.74976e-08 3.28879e-08 2.7661e-08 2.0126e-08 1.87537e-08 1.69266e-08 8.49569e-09 1.24913e-08 1.08989e-08 6.61754e-09 6.37121e-09 6.12047e-09 5.47974e-09 3.81322e-09 4.98122e-09 7.79886e-09 2.85274e-09 3.55287e-09
threshold=120.92003185630369 -0.97507822412530132 -0.96234030595689413 17.650000000000002 -0.99465740988130902 0.91245913578114801 95.166666666666671 0.9916835347852474 0.31799963745711152 0.12940952255126045 0.91596454896554913 0.25881904510252057 0.35041260675351149 -1.0000000180025095e-35 120.56909060280769 118.353626780215 -0.73865259438682551 119.11912633898145 0.98296291314453421 0.85226249403558707 -0.73284120334876357 118.353626780215 -0.84313311835787952 53.500000000000007 21.500000000000004 1.0000000180025095e-35 4.8865000000000007e-05 -0.70900320270980455 50.500000000000007 4.5000000000000009
decision_type=2 2 2 2 2 2 2 2 2 2 2 2 2 2 2 2 2 2 2 2 2 2 2 2 2 2 2 2 2 2
left_child=11 3 -3 24 -5 6 7 -4 13 -10 -8 18 14 -7 15 16 -13 -17 25 20 22 28 -20 -21 -2 -1 27 -27 29 -14
right_child=1 2 5 4 -6 8 10 -9 9 -11 -12 12 21 -15 -16 17 -18 -19 19 23 -22 -23 -24 -25 -26 26 -28 -29 -30 -31
leaf_value=-4.6986922353863958e-07 4.1587261193853924e-06 -2.8826586858317401e-06 6.1524486149422853e-07 -1.5616542260740324e-06 2.407693353320827e-06 -1.0639251334423811e-06 2.447759792373386e-06 -9.0438289612393413e-07 4.1090281873342366e-07 -3.9562356687383727e-06 -3.8614042649795823e-07 4.1350570428736533e-07 -9.0861674921359826e-07 8.6927375638924972e-07 -1.511830408202039e-06 2.2594724012627749e-06 -6.1565468722183718e-08 5.3413114177270812e-07 1.1511175361060093e-08 7.2146278774919757e-08 -4.6477888513731224e-07 -1.7405577136742068e-06 1.0114166032270164e-06 1.0543903295610693e-06 3.016491460324947e-06 2.6079299649461034e-07 -2.9561568541249214e-07 -2.466611073889732e-07 -1.0227937695260283e-06 6.1190906886953279e-10
leaf_weight=270 21 27 1322 28 42 33 95 100 24 30 27 419 21 66 23 21 412 44 66 29 135 20 21 35 21 106 3077 265 42 22
leaf_count=270 21 27 1322 28 42 33 95 100 24 30 27 419 21 66 23 21 412 44 66 29 135 20 21 35 21 106 3077 265 42 22
internal_value=7.88672e-16 5.38512e-07 4.52803e-07 1.85782e-06 8.19954e-07 5.05872e-07 6.12064e-07 5.08379e-07 -5.6577e-07 -2.01529e-06 1.82059e-06 -1.96641e-07 8.51919e-08 2.24874e-07 2.00297e-07 2.44246e-07 1.77971e-07 1.09155e-06 -2.68718e-07 -6.11804e-09 -1.83539e-07 -9.22247e-07 2.52868e-07 6.09311e-07 3.58761e-06 -2.88918e-07 -2.74748e-07 -1.01674e-07 -7.29704e-07 -4.4343e-07
internal_weight=6864 1836 1724 112 70 1697 1544 1422 153 54 122 5028 1024 99 919 896 831 65 4004 286 222 105 87 64 42 3718 3448 371 85 43
internal_count=6864 1836 1724 112 70 1697 1544 1422 153 54 122 5028 1024 99 919 896 831 65 4004 286 222 105 87 64 42 3718 3448 371 85 43
is_linear=0
shrinkage=0.05


Tree=69
num_leaves=28
num_cat=0
split_feature=7 15 15 11 15 14 14 11 15 8 12 8 9 14 15 14 14 11 8 7 27 5 15 15 8 4 9
split_gain=2.62394e-07 7.49473e-08 1.10164e-07 7.25872e-08 9.55553e-08 7.13697e-08 1.17432e-07 2.38833e-07 8.57966e-08 4.28686e-08 3.78424e-08 3.38764e-08 3.64161e-08 2.62359e-08 4.30184e-08 2.79724e-08 9.99879e-08 2.53859e-08 1.71368e-08 1.24347e-08 1.8112e-08 1.19626e-08 1.15392e-08 9.14093e-09 8.79637e-09 4.94547e-09 2.80786e-09
threshold=120.92003185630369 -0.97507822412530132 -0.96234030595689413 17.609375000000004 -0.99465740988130902 -0.99630266176052629 -0.9442364261229238 18.406250000000004 0.91245913578114801 294.7852751162809 -1.0000000180025095e-35 51.825694037050148 -29.654352408864671 0.81428061195174062 -0.70900320270980455 0.39036257410962044 0.25206111083856975 16.015625000000004 79.041956903033608 117.7155872178151 8.1666666666666696 12.050000000000002 1.0000000180025095e-35 -0.16799793862756093 281.44158605014519 21.500000000000004 -37.155406909616318
decision_type=2 2 2 2 2 2 2 2 2 2 2 2 2 2 2 2 2 2 2 2 2 2 2 2 2 2 2
left_child=9 3 -3 25 -5 10 7 -7 -8 11 -4 19 -13 14 15 16 -11 -17 23 20 -1 -22 -12 -14 -20 -2 -6
right_child=1 2 5 4 26 6 8 -9 -10 13 22 12 18 -15 -16 17 -18 -19 24 -21 21 -23 -24 -25 -26 -27 -28
leaf_value=1.6069745069816319e-06 3.9507898907773085e-06 -2.7385257947411516e-06 2.0569048501783981e-07 -1.483571499097788e-06 2.6961299010422194e-06 2.9472580565300387e-07 7.1658319759952344e-07 -3.515671080756213e-06 -5.3748184282709446e-07 5.7715278015296714e-07 2.0195156757836229e-06 -2.2308755611131508e-06 -4.1234219671606717e-08 1.6367833735684043e-06 -1.4659913616429441e-06 -1.4390606224878867e-07 -2.6969811427887988e-06 2.004494886746629e-06 -2.9585577282780579e-07 1.6782136195497121e-06 4.0481568997951067e-07 -1.0699787765133805e-06 3.53867512785655e-06 6.6687600769910205e-07 -3.4791730617393446e-08 2.8656668713925423e-06 1.8784874230602458e-06
leaf_weight=22 21 27 20 28 21 163 1256 55 153 171 25 23 515 36 34 20 27 44 3645 23 44 20 25 50 354 21 21
leaf_count=22 21 27 20 28 21 163 1256 55 153 171 25 23 515 36 34 20 27 44 3645 23 44 20 25 50 354 21 21
internal_value=4.91588e-15 5.11587e-07 4.30163e-07 1.76493e-06 7.78957e-07 4.80578e-07 4.1332e-07 -6.66613e-07 5.80407e-07 -1.86808e-07 2.04384e-06 -2.25628e-07 -2.46329e-07 3.62273e-07 2.07265e-07 4.24406e-07 1.3068e-07 1.33312e-06 -2.36328e-07 6.45547e-07 3.69369e-07 -5.60576e-08 2.7791e-06 2.14304e-08 -2.72746e-07 3.40823e-06 2.28731e-06
internal_weight=6864 1836 1724 112 70 1697 1627 218 1409 5028 70 4696 4587 332 296 262 198 64 4564 109 86 64 50 565 3999 42 42
internal_count=6864 1836 1724 112 70 1697 1627 218 1409 5028 70 4696 4587 332 296 262 198 64 4564 109 86 64 50 565 3999 42 42
is_linear=0
shrinkage=0.05


Tree=70
num_leaves=31
num_cat=0
split_feature=9 15 15 5 3 27 15 15 3 5 15 15 27 3 8 9 27 8 8 4 4 27 3 15 15 15 27 5 3 21
split_gain=2.36889e-07 6.7182e-08 2.76832e-07 8.78237e-08 2.38327e-07 1.01692e-07 8.12891e-08 7.97755e-08 7.66395e-08 2.58798e-07 1.97387e-07 1.54827e-07 1.50211e-07 1.27688e-07 1.25716e-07 4.38549e-08 3.63284e-08 3.28858e-08 2.53328e-08 3.70508e-08 2.61919e-08 6.58408e-08 2.45083e-08 1.95907e-08 2.96982e-08 3.05592e-08 4.75323e-08 2.92714e-08 1.8151e-08 9.1604e-09
threshold=-28.120797331603821 -0.68432604233786842 -0.65883892954715351 6.2500000000000009 15.050000000000002 36.500000000000007 -0.88620506325989179 -0.99938741687870725 16.650000000000002 5.8500000000000005 1.0000000180025095e-35 0.13185577213185923 6.8333333333333348 21.250000000000004 289.63838648767688 -36.919287031760042 7.166666666666667 294.7852751162809 62.121740979040858 80.500000000000014 22.500000000000004 9.1666666666666696 18.750000000000004 -0.99628250747696534 -0.97507822412530132 -0.91939278948206182 23.833333333333339 3.5500000000000003 15.450000000000001 41.500000000000007
decision_type=2 2 2 2 2 2 2 2 2 2 2 2 2 2 2 2 2 2 2 2 2 2 2 2 2 2 2 2 2 2
left_child=1 3 -3 4 -1 6 -6 -5 10 14 12 -12 -4 -11 -10 22 -17 18 19 20 21 -2 -9 -19 29 26 -26 -27 -22 -25
right_child=17 2 8 7 5 -7 -8 15 9 13 11 -13 -14 -15 -16 16 -18 23 -20 -21 28 -23 -24 24 25 27 -28 -29 -30 -31
leaf_value=-4.8860819540343735e-06 1.0088655623574638e-06 -5.0310793530646464e-06 -1.1652864647176638e-06 -1.7003699800000049e-06 5.5214718327079032e-07 -1.5674474365567905e-06 3.8796281593288862e-06 2.8901376758246518e-06 4.8470008561751633e-07 -1.1457797386990657e-06 -2.2211609334744474e-06 4.6498694955210982e-07 2.4269260362736628e-06 1.1775810904810255e-06 3.4888300664685333e-06 -1.7238910746131046e-07 1.4619928084785523e-06 -8.7133181864373915e-07 -2.4336630375298119e-07 -1.4266731374879817e-06 1.8570224991445357e-06 -1.5770492728961474e-06 1.6699351744907588e-06 2.3506700997508937e-06 3.9705592165262264e-07 2.2213798704639056e-06 -2.6643264304549943e-06 2.862869980573963e-07 4.1749336165530511e-07 9.6439353252610367e-07
leaf_weight=22 64 24 34 20 50 32 29 60 83 331 59 591 202 72 60 51 102 30 4408 27 47 40 131 22 32 23 21 130 41 26
leaf_count=22 64 24 34 20 50 32 29 60 83 331 59 591 202 72 60 51 102 30 4408 27 47 40 131 22 32 23 21 130 41 26
internal_value=-3.1628e-15 4.65788e-07 2.94454e-07 9.67723e-07 -1.31846e-07 8.10435e-07 1.77363e-06 1.36949e-06 3.83709e-07 -8.22479e-08 6.70856e-07 2.21167e-07 1.9094e-06 -7.30688e-07 1.74517e-06 1.54797e-06 9.17199e-07 -1.85234e-07 -2.17289e-07 3.07591e-07 5.51472e-07 1.42829e-08 2.05324e-06 3.37018e-07 4.79736e-07 2.18757e-07 -8.15945e-07 5.77183e-07 1.18633e-06 1.59977e-06
internal_weight=6864 1953 1456 497 133 111 79 364 1432 546 886 650 236 403 143 344 153 4911 4627 219 192 104 191 284 254 206 53 153 88 48
internal_count=6864 1953 1456 497 133 111 79 364 1432 546 886 650 236 403 143 344 153 4911 4627 219 192 104 191 284 254 206 53 153 88 48
is_linear=0
shrinkage=0.05


Tree=71
num_leaves=31
num_cat=0
split_feature=13 14 14 14 3 14 3 13 15 14 14 7 9 4 3 14 14 9 5 9 6 0 14 25 15 19 9 6 7 7
split_gain=2.19436e-07 6.14088e-08 7.75625e-08 6.09684e-08 1.95885e-07 1.35985e-07 1.31364e-07 2.1871e-08 2.268e-08 2.33619e-08 4.37161e-08 2.88685e-08 2.22421e-08 1.75059e-08 5.11276e-08 2.38979e-08 3.89544e-08 2.28934e-08 1.88528e-08 1.51477e-08 4.70874e-10 3.07161e-09 2.13344e-09 8.64497e-10 3.64502e-10 1.97351e-10 3.9887e-10 9.38693e-11 7.91697e-11 3.46772e-11
threshold=0.60355339059327384 0.99966190462023474 0.99865421017599998 0.9916835347852474 10.950000000000001 0.98802474685579866 10.950000000000001 1.0000000180025095e-35 0.04621408538533487 0.98372640911059162 0.93845596220871974 105.40333196784904 -14.200484789336649 39.500000000000007 12.65 0.69056404122701587 0.55656748448714433 -11.667342408436626 15.850000000000003 -48.062832747620064 1.6870000000000003e-05 22.500000000000004 -0.30265929501515237 1.838249272894943e-05 -0.21862536810265826 4.5525000000000009e-05 10.047786788428658 4.5525000000000009e-05 92.010027899295963 84.536839004643696
decision_type=2 2 2 2 2 2 2 2 2 2 2 2 2 2 2 2 2 2 2 2 2 2 2 2 2 2 2 2 2 2
left_child=7 2 3 5 -5 6 -2 20 13 10 19 -12 -11 15 -15 16 -9 -17 -16 -10 28 22 23 -22 -24 27 -27 -23 29 -1
right_child=1 -3 -4 4 -6 -7 -8 8 9 12 11 -13 -14 14 18 17 -18 -19 -20 -21 21 25 24 -25 -26 26 -28 -29 -30 -31
leaf_value=-3.4630192966423856e-07 4.4732789410772966e-06 -2.2490235610781555e-06 3.4916171054127133e-06 -4.5308782835604692e-06 1.1678645737028523e-06 4.4887032172049481e-06 3.9929016179570945e-07 1.1201973019843705e-08 5.109857947559572e-07 -2.6299394397710787e-06 -2.079372634289896e-07 2.2262749974617753e-06 -2.7186519389488241e-07 2.3528452512407734e-06 3.3422552391265117e-07 -1.4921526330073568e-06 1.8712456424433791e-06 -1.0249512821521496e-07 -1.1557351186915502e-06 -4.7239621505332634e-07 6.8306599132483833e-08 -3.813171690322551e-07 -7.1400523111719856e-08 5.2763049812451101e-07 -3.2478162149180377e-07 -5.6893571973240312e-08 -2.5357907612176962e-07 -2.614865678651768e-07 -3.6175148430280788e-07 -2.8736265429429868e-07
leaf_weight=31 20 21 21 25 38 21 1856 456 44 20 21 29 20 31 276 49 30 75 23 356 20 44 40 21 22 26 3001 26 73 128
leaf_count=31 20 21 21 25 38 21 1856 456 44 20 21 29 20 31 276 49 30 75 23 356 20 44 40 21 22 26 3001 26 73 128
internal_value=5.29618e-15 4.40566e-07 4.69077e-07 4.36693e-07 -1.09354e-06 4.87512e-07 4.42723e-07 -1.81409e-07 -1.71224e-08 -2.92919e-07 -1.89988e-07 1.20391e-06 -1.4509e-06 1.26644e-07 4.20008e-07 -3.20609e-08 1.26019e-07 -6.51634e-07 2.19613e-07 -3.64224e-07 -2.49862e-07 -2.44875e-07 2.37394e-08 3.0357e-07 -1.6131e-07 -2.53809e-07 -2.5189e-07 -3.36809e-07 -3.18645e-07 -2.98854e-07
internal_weight=6864 2002 1981 1960 63 1897 1876 4862 1430 490 450 50 40 940 330 610 486 124 299 400 3432 3200 103 41 62 3097 3027 70 232 159
internal_count=6864 2002 1981 1960 63 1897 1876 4862 1430 490 450 50 40 940 330 610 486 124 299 400 3432 3200 103 41 62 3097 3027 70 232 159
is_linear=0
shrinkage=0.05


Tree=72
num_leaves=31
num_cat=0
split_feature=13 27 27 15 15 15 15 15 27 15 8 27 15 15 15 3 15 3 15 15 3 15 8 15 8 11 27 27 9 9
split_gain=2.01617e-07 8.17922e-08 1.47125e-07 1.22033e-07 1.02798e-07 1.47678e-07 9.62704e-08 6.97167e-08 6.18808e-08 6.56925e-08 6.18674e-08 8.73365e-08 8.14859e-08 1.06187e-07 7.80115e-08 6.93573e-08 5.66331e-08 6.88431e-08 9.612e-08 4.67586e-08 5.83548e-08 3.73856e-08 2.81144e-08 2.31018e-08 1.71375e-08 1.58326e-08 2.73623e-08 4.22328e-08 1.05312e-08 5.3105e-08
threshold=0.78656609248549303 45.833333333333336 87.166666666666671 -0.98212955754013376 -0.83849291496497236 -0.24372464231556024 -0.99628250747696534 -0.98212955754013376 39.833333333333336 -0.26037106507032781 62.121740979040858 71.500000000000014 -0.67168186667784702 -0.59867820553660911 -0.77788789561442695 12.250000000000002 -0.60555643346685839 13.950000000000001 -0.35042475891464198 -0.84313311835787952 15.65 -0.7614016681079937 49.900203358335098 0.097680735332368748 280.61888718200242 19.412500000000005 25.833333333333339 37.500000000000007 -53.932882344181294 -51.179005292622413
decision_type=2 2 2 2 2 2 2 2 2 2 2 2 2 2 2 2 2 2 2 2 2 2 2 2 2 2 2 2 2 2
left_child=10 6 3 -3 -5 -6 -2 -8 9 -9 11 12 19 -14 -13 -15 -4 -18 -19 20 -1 -21 -16 -10 28 26 -26 -28 -12 -30
right_child=1 2 16 4 5 -7 7 8 23 -11 24 14 13 15 22 -17 17 18 -20 21 -22 -23 -24 -25 25 -27 27 -29 29 -31
leaf_value=-1.2297893804840828e-06 -1.7914125901169802e-06 2.9410914126144592e-06 3.1579260051254706e-06 -3.4724843842606349e-06 1.0875063302693745e-06 -1.3206413675052106e-06 2.6779571193458198e-06 2.606167881223689e-07 3.125229555390231e-06 1.199313979763566e-06 5.5900157408792621e-07 -7.2322618920721162e-07 -4.0798105233296242e-06 -2.1866104066862752e-06 3.9548357129340865e-06 2.8952480233120546e-07 2.6694900485823825e-06 -1.8351339081280644e-06 1.1922892915094963e-06 2.5971176077474766e-06 7.2984764621202974e-07 4.8205445852708624e-07 1.8204557622741253e-06 1.107310540728589e-06 1.2218308700287903e-06 -1.2281988314842893e-07 -1.762514014242495e-06 4.8930521006196212e-07 -2.7448064521368433e-06 -2.2426000071242382e-07
leaf_weight=52 34 23 30 33 95 193 53 414 37 339 42 22 21 37 27 120 37 39 80 45 141 39 36 23 70 378 27 91 21 4265
leaf_count=52 34 23 30 33 95 193 53 414 37 339 42 22 21 37 27 120 37 39 80 45 141 39 36 23 70 378 27 91 21 4265
internal_value=1.96619e-15 5.28246e-07 3.54798e-08 -5.77086e-07 -8.29167e-07 -5.26287e-07 8.18431e-07 9.20896e-07 8.06352e-07 6.83218e-07 -1.39012e-07 3.68886e-07 9.40489e-08 -7.40661e-07 1.84007e-06 -2.94023e-07 1.1684e-06 7.85795e-07 2.00109e-07 6.30433e-07 2.01863e-07 1.61512e-06 2.73519e-06 2.35169e-06 -1.95053e-07 6.36769e-08 4.38655e-07 -2.59416e-08 -2.28889e-07 -2.3661e-07
internal_weight=6864 1430 530 344 321 288 900 866 813 753 5434 540 455 178 85 157 186 156 119 277 193 84 63 60 4894 566 188 118 4328 4286
internal_count=6864 1430 530 344 321 288 900 866 813 753 5434 540 455 178 85 157 186 156 119 277 193 84 63 60 4894 566 188 118 4328 4286
is_linear=0
shrinkage=0.05


Tree=73
num_leaves=31
num_cat=0
split_feature=8 8 27 14 14 15 14 14 4 11 15 15 27 15 8 15 4 27 8 27 27 27 15 15 14 7 9 15 9 4
split_gain=1.83439e-07 1.06211e-07 1.28678e-07 2.3274e-07 9.42582e-08 2.88436e-07 1.73666e-07 8.70607e-08 4.23487e-08 9.3694e-08 1.10095e-07 9.38262e-08 8.84205e-08 1.86744e-07 8.82848e-08 8.73796e-08 6.51853e-08 6.31656e-08 5.59293e-08 5.09029e-08 3.98546e-08 4.83803e-08 3.78837e-08 7.15723e-08 3.70445e-08 2.97396e-08 3.55216e-08 8.60239e-08 3.58243e-08 3.17474e-08
threshold=303.0895009945126 62.121740979040858 71.166666666666671 0.9916835347852474 0.67167992559793654 -0.59177783207548873 0.54219432480460406 0.94138322595482449 29.500000000000004 17.906250000000004 -0.99628250747696534 -0.6905596507703472 7.5000000000000009 -0.79904327102181261 329.03213541798777 -0.26037106507032781 99.500000000000014 99.500000000000014 357.25307277430142 17.166666666666668 28.833333333333339 45.833333333333336 -0.69676771491221523 -0.42179730054635828 -0.23641503605938965 150.5217580147461 -51.179005292622413 0.63255009372278048 -48.062832747620064 4.5000000000000009
decision_type=2 2 2 2 2 2 2 2 2 2 2 2 2 2 2 2 2 2 2 2 2 2 2 2 2 2 2 2 2 2
left_child=1 2 3 4 6 -6 -1 22 9 12 -11 24 13 -2 -15 -13 18 -18 20 -14 -10 -22 -4 -24 -12 26 27 -3 -28 -27
right_child=8 25 7 -5 5 -7 -8 -9 16 10 11 15 19 14 -16 -17 17 -19 -20 -21 21 -23 23 -25 -26 29 28 -29 -30 -31
leaf_value=3.5390345064421867e-07 -2.8188067290102484e-06 -3.3172259881828198e-06 -2.3484641471011656e-07 -4.2637234620432827e-06 -4.692479209703985e-06 3.4065354421219288e-07 3.5353787170413156e-06 4.1742417140304848e-06 -2.0061540916620807e-06 -2.716201523071504e-06 9.4981875934081468e-07 -1.9303180204801988e-06 4.3097450875513077e-06 4.8734688572862768e-06 5.1468224105869576e-07 1.058187076838062e-06 3.1768654025654543e-06 -7.6661526166460069e-08 1.9591766376282919e-06 2.0061226821501176e-06 1.0418593062710394e-06 -4.5422001982446245e-07 3.307608976326603e-06 4.9664896635106371e-07 2.5069738223299452e-06 2.0201276569306147e-06 1.3453360408950749e-06 -4.455218474999001e-08 -1.9581988338577863e-07 -8.7915826078838745e-09
leaf_weight=491 26 31 36 29 36 136 47 29 28 25 125 51 38 21 26 47 35 26 33 65 76 187 39 54 55 31 38 57 4895 51
leaf_count=491 26 31 36 29 36 136 47 29 28 25 125 51 38 21 26 47 35 26 33 65 76 187 39 54 55 31 38 57 4895 51
internal_value=4.22633e-15 -9.80863e-08 4.03674e-07 1.26767e-07 3.06097e-07 -7.12793e-07 6.31839e-07 1.69882e-06 6.81155e-07 9.94986e-07 4.62028e-07 7.4784e-07 1.91252e-06 5.8131e-07 2.46223e-06 -4.97055e-07 2.90701e-07 1.79012e-06 8.40333e-09 2.856e-06 -2.12818e-07 -2.18929e-08 1.14234e-06 1.67544e-06 1.42562e-06 -1.86285e-07 -2.01711e-07 -1.19743e-06 -1.83948e-07 7.58239e-07
internal_weight=6864 6000 897 739 710 172 538 158 864 479 303 278 176 73 47 98 385 61 324 103 291 263 129 93 180 5103 5021 88 4933 82
internal_count=6864 6000 897 739 710 172 538 158 864 479 303 278 176 73 47 98 385 61 324 103 291 263 129 93 180 5103 5021 88 4933 82
is_linear=0
shrinkage=0.05


Tree=74
num_leaves=31
num_cat=0
split_feature=8 8 27 15 15 3 15 3 15 15 3 27 4 15 4 3 27 3 27 27 4 27 8 8 27 7 9 15 9 4
split_gain=1.65554e-07 9.58556e-08 1.16132e-07 7.95066e-08 1.48639e-07 1.74469e-07 9.80689e-08 1.52331e-07 9.47224e-08 6.29321e-08 6.23052e-08 4.56818e-08 9.66774e-08 3.82547e-08 5.71406e-08 7.19704e-08 1.27121e-07 1.25819e-07 6.24127e-08 6.48116e-08 6.20669e-08 5.70069e-08 5.33579e-08 4.83846e-08 3.35346e-08 2.684e-08 3.20582e-08 7.76366e-08 3.23315e-08 2.8652e-08
threshold=303.0895009945126 62.121740979040858 71.166666666666671 -0.73284120334876357 -0.84313311835787952 14.65 0.22491561436810906 11.450000000000001 0.42957308670649791 -0.69676771491221523 19.450000000000003 99.833333333333357 98.500000000000014 -0.99938741687870725 29.500000000000004 24.250000000000004 1.1666666666666667 25.950000000000003 0.83333333333333337 7.5000000000000009 99.500000000000014 99.500000000000014 357.25307277430142 332.69128857788991 28.833333333333339 150.5217580147461 -51.179005292622413 0.63255009372278048 -48.062832747620064 4.5000000000000009
decision_type=2 2 2 2 2 2 2 2 2 2 2 2 2 2 2 2 2 2 2 2 2 2 2 2 2 2 2 2 2 2
left_child=1 2 3 4 5 -1 7 -5 -8 -4 -6 12 -11 -2 15 18 17 -17 23 -20 22 -22 24 -15 -16 26 27 -3 -28 -27
right_child=13 25 9 6 10 -7 8 -9 -10 11 -12 -13 -14 14 20 16 -18 -19 19 -21 21 -23 -24 -25 -26 29 28 -29 -30 -31
leaf_value=-4.405507652336382e-06 -1.5141855419642526e-06 -3.1513647303793934e-06 -2.2310410909338116e-07 -4.4152492574329913e-06 3.8921198781542065e-06 4.5515105028037801e-07 3.3217958105069559e-06 -4.2188620526690027e-07 -2.7087722670795876e-07 2.6706028482608955e-06 1.1830310701167368e-06 4.0150790132779199e-06 -8.2027451964807243e-07 3.6223085471840723e-06 -1.9058463530135279e-06 -5.0494820379753945e-06 1.6801721639839426e-06 3.2020518384949054e-07 3.6453731727053517e-08 1.587408264551627e-06 3.0180221951273521e-06 -7.2828453749724966e-08 1.8612177799778611e-06 1.328473451849277e-06 -8.2955168123839491e-08 1.919121296711432e-06 1.2780692256192676e-06 -4.2324568950566021e-08 -1.8602889496616484e-07 -8.3519979603343192e-09
leaf_weight=20 20 31 36 26 41 240 32 293 43 68 44 26 28 47 28 20 44 24 108 179 35 26 33 45 255 31 38 57 4895 51
leaf_count=20 20 31 36 26 41 240 32 293 43 68 44 26 28 47 28 20 44 24 108 179 35 26 33 45 255 31 38 57 4895 51
internal_value=-1.83109e-15 -9.3182e-08 3.8349e-07 1.20429e-07 6.74656e-07 8.12542e-08 -3.64872e-07 -7.47364e-07 1.262e-06 1.61388e-06 2.48977e-06 2.15595e-06 1.65243e-06 6.47097e-07 6.98313e-07 1.06796e-06 -2.20195e-07 -2.12056e-06 1.36705e-06 1.00377e-06 2.40425e-07 1.70061e-06 -4.14465e-08 2.50032e-06 -2.63312e-07 -1.76971e-07 -1.91625e-07 -1.13755e-06 -1.74751e-07 7.20327e-07
internal_weight=6864 6000 897 739 345 260 394 319 75 158 85 122 96 864 844 467 88 44 379 287 377 61 316 92 283 5103 5021 88 4933 82
internal_count=6864 6000 897 739 345 260 394 319 75 158 85 122 96 864 844 467 88 44 379 287 377 61 316 92 283 5103 5021 88 4933 82
is_linear=0
shrinkage=0.05


Tree=75
num_leaves=26
num_cat=0
split_feature=8 8 27 14 5 3 14 5 5 14 14 14 14 27 7 4 14 7 5 9 15 9 8 7 14
split_gain=1.49412e-07 8.65097e-08 1.04809e-07 1.93775e-07 8.63315e-08 2.60613e-07 7.61422e-08 7.45456e-08 5.1187e-08 3.54818e-08 4.63424e-08 5.57013e-08 5.31129e-08 3.54623e-08 8.51343e-08 3.46574e-08 3.29445e-08 2.42231e-08 5.7476e-08 2.89325e-08 7.0067e-08 2.91792e-08 2.38452e-08 1.64196e-08 4.28027e-09
threshold=303.0895009945126 62.121740979040858 71.166666666666671 0.9916835347852474 5.5500000000000007 14.750000000000002 0.94138322595482449 13.65 2.3500000000000001 0.99700008544936913 0.99053107487289871 0.96904697354198299 0.94978112945126536 90.833333333333357 140.90444300747774 29.500000000000004 0.71503381463111937 150.5217580147461 8.7500000000000018 -51.179005292622413 0.63255009372278048 -48.062832747620064 276.95746004101466 135.34873494515995 0.44505654568748165
decision_type=2 2 2 2 2 2 2 2 2 2 2 2 2 2 2 2 2 2 2 2 2 2 2 2 2
left_child=1 2 3 4 5 -1 13 -6 15 10 11 12 -10 16 -15 -2 -4 19 24 20 -3 -21 -22 -23 -19
right_child=8 17 6 -5 7 -7 -8 -9 9 -11 -12 -13 -14 14 -16 -17 -18 18 -20 21 22 23 -24 -25 -26
leaf_value=-4.2411736745862071e-06 3.8024447326279189e-06 -2.9937965094969487e-06 8.3373125021721908e-07 -3.8917407907539545e-06 9.2563857953419938e-07 4.391042271981076e-07 3.8481848840656938e-06 -3.7691298138381643e-07 5.0404399238020279e-07 2.4175705163997921e-06 -1.9100909526059694e-06 2.3943519576469523e-06 -2.0471665119917555e-06 -1.2776197970710294e-06 2.5072829823595083e-06 1.0339415334433747e-06 3.0845137012906419e-06 1.3061572524935875e-06 -8.885399562158829e-07 1.214165774106397e-06 -1.1972210522799288e-06 -1.6918305957370943e-07 8.6370784586620179e-07 -1.2882674998205733e-06 2.251288380648475e-06
leaf_weight=40 20 31 37 29 403 116 29 151 715 24 20 38 21 39 24 26 29 23 34 38 25 4862 32 33 25
leaf_count=40 20 31 37 29 403 116 29 151 715 24 20 38 21 39 24 26 29 23 34 38 25 4862 32 33 25
internal_value=-5.32467e-17 -8.85229e-08 3.64316e-07 1.14408e-07 2.78039e-07 -7.60967e-07 1.53319e-06 5.70611e-07 6.14743e-07 5.23479e-07 4.66227e-07 5.27631e-07 4.31251e-07 1.01276e-06 1.64248e-07 2.23764e-06 1.82271e-06 -1.68122e-07 6.84311e-07 -1.82044e-07 -1.08068e-06 -1.66013e-07 -4.02083e-08 -1.76727e-07 1.79841e-06
internal_weight=6864 6000 897 739 710 156 158 554 864 818 794 774 736 129 63 46 66 5103 82 5021 88 4933 57 4895 48
internal_count=6864 6000 897 739 710 156 158 554 864 818 794 774 736 129 63 46 66 5103 82 5021 88 4933 57 4895 48
is_linear=0
shrinkage=0.05


Tree=76
num_leaves=28
num_cat=0
split_feature=7 14 14 3 5 14 14 15 14 9 14 3 3 8 7 8 15 15 15 8 5 9 14 9 5 5 15
split_gain=1.36833e-07 6.73106e-08 1.01562e-07 2.07027e-07 3.98032e-07 1.09852e-07 2.13455e-07 7.38789e-08 6.13788e-08 5.92826e-08 4.99061e-08 4.637e-08 3.74031e-08 3.35318e-08 2.65496e-08 3.20036e-08 2.36671e-08 4.32652e-08 1.8965e-08 1.77172e-08 9.98967e-09 9.70847e-09 3.28882e-08 1.61848e-08 9.52736e-09 1.3768e-08 1.46934e-09
threshold=120.92003185630369 -0.99630266176052629 -0.9442364261229238 18.250000000000004 6.0500000000000007 0.21862473630160603 0.25206111083856975 -0.10837475778693638 -0.98523971305672675 -60.224164379586931 -0.91978325482952472 17.150000000000002 18.850000000000005 29.375146660507657 120.56909060280769 294.7852751162809 -0.62587551141915865 -0.70900320270980455 -0.99628250747696534 51.825694037050148 10.250000000000002 -24.138091778613834 -0.99275805973510278 -22.646845496570549 13.65 7.8500000000000005 -0.022575793296316496
decision_type=2 2 2 2 2 2 2 2 2 2 2 2 2 2 2 2 2 2 2 2 2 2 2 2 2 2 2
left_child=14 12 3 7 -5 10 -7 11 -9 -8 -4 -3 26 -12 15 19 17 18 -17 24 -18 22 -21 -23 25 -1 -2
right_child=1 2 5 4 -6 6 9 8 -10 -11 13 -13 -14 -15 -16 16 20 -19 -20 21 -22 23 -24 -25 -26 -27 -28
leaf_value=4.1888183943683549e-08 2.4924704894147e-06 -1.8642729119474925e-06 3.1153240984492316e-06 1.2139354006042898e-06 -6.5841658874256205e-06 -4.3118233581760882e-06 9.8665677195971544e-07 3.0492905693790817e-06 2.3383547080143495e-07 7.2462249427206924e-08 1.8672935677743202e-06 7.6787077718849847e-07 4.314885569766813e-07 7.4856853832173184e-07 -1.6985804736409421e-06 -7.174876059958948e-07 7.2068899802009887e-07 -1.746086170092335e-06 5.7026237598734042e-07 1.1113344321529439e-06 2.2820841576276507e-06 7.8323569823623979e-07 -8.6183177824338076e-07 -1.6986662976052473e-07 -4.5058143727642764e-07 1.3167951917441518e-06 3.0784558950235018e-06
leaf_weight=40 20 44 28 30 36 26 228 32 49 798 81 27 27 387 27 33 21 26 214 25 20 45 136 4374 22 45 23
leaf_count=40 20 44 28 30 36 26 228 32 49 798 81 27 27 387 27 33 21 26 214 25 20 45 136 4374 22 45 23
internal_value=4.07713e-15 3.69435e-07 3.09161e-07 -7.01248e-07 -3.03957e-06 4.51454e-07 1.62239e-07 3.14077e-07 1.34611e-06 2.75617e-07 1.06487e-06 -8.63317e-07 1.89006e-06 9.42194e-07 -1.34901e-07 -1.26459e-07 3.6222e-07 1.93996e-07 3.98215e-07 -1.59197e-07 1.48235e-06 -1.74056e-07 -5.5544e-07 -1.60161e-07 4.76809e-07 7.16839e-07 2.8059e-06
internal_weight=6864 1836 1766 218 66 1548 1052 152 81 1026 496 71 70 468 5028 5001 314 273 247 4687 41 4580 161 4419 107 85 43
internal_count=6864 1836 1766 218 66 1548 1052 152 81 1026 496 71 70 468 5028 5001 314 273 247 4687 41 4580 161 4419 107 85 43
is_linear=0
shrinkage=0.05


Tree=77
num_leaves=26
num_cat=0
split_feature=15 13 3 15 15 27 27 14 15 15 13 15 14 27 3 14 11 12 14 15 15 7 20 19 13
split_gain=1.27978e-07 1.46869e-07 1.40492e-07 1.14341e-07 7.92472e-08 7.3412e-08 1.4143e-07 6.59502e-08 3.24589e-08 4.92434e-08 3.00817e-08 3.75327e-08 4.13192e-08 4.16459e-08 3.8194e-08 2.77959e-08 1.0327e-08 6.74409e-09 1.02668e-08 9.80825e-09 6.70436e-09 3.97867e-09 3.24975e-09 3.95693e-09 9.13044e-10
threshold=-0.99983123799342477 0.78656609248549303 19.750000000000004 -0.97111920233974802 -0.96234030595689413 45.833333333333336 87.166666666666671 -0.98523971305672675 -0.99864786094873803 -0.99465740988130902 0.25881904510252057 -0.97507822412530132 -0.99763297024448894 71.500000000000014 17.250000000000004 0.16799745313369893 22.606250000000006 0.98296291314453421 0.84773968378660736 -0.89404254237865755 1.0000000180025095e-35 105.40333196784904 1.0000000180025095e-35 4.8865000000000007e-05 0.1294095225512602
decision_type=2 2 2 2 2 2 2 2 2 2 2 2 2 2 2 2 2 2 2 2 2 2 2 2 2
left_child=2 10 -1 8 -5 7 -7 -6 -3 -10 17 14 20 -14 -12 -11 -16 22 19 -19 -13 -20 24 -24 -2
right_child=1 3 -4 4 5 6 -8 -9 9 15 11 12 13 -15 16 -17 -18 18 21 -21 -22 -23 23 -25 -26
leaf_value=-5.7733793212833007e-06 -2.6184786279129935e-07 3.7367832510426526e-06 -2.8654590339881127e-07 -2.7947427383878677e-06 2.1027659757950263e-06 -7.4165569766205264e-07 9.9816278089326836e-07 5.3275377510640379e-07 -1.8053410608824078e-07 2.7329437856830436e-06 2.2787069576986904e-06 9.532641446696743e-07 -1.8678784153381914e-07 5.0116317667093618e-07 1.2163061371927038e-08 5.8058526519744191e-07 1.275793401460264e-06 4.9916590278633944e-07 3.4485833824956818e-07 -2.8720590954165885e-07 2.2479027370536644e-06 1.1813466336380294e-06 -2.1727864128683536e-08 -1.9507328538563464e-07 -4.458210722170878e-07
leaf_weight=20 131 20 28 20 74 314 186 696 30 60 37 20 976 284 61 20 22 52 44 167 20 21 369 3053 139
leaf_count=20 131 20 28 20 74 314 186 696 30 60 37 20 976 284 61 20 22 52 44 167 20 21 369 3053 139
internal_value=2.35599e-15 1.81178e-08 -2.57273e-06 4.70558e-07 3.28128e-07 3.77307e-07 -9.44432e-08 6.83638e-07 1.88391e-06 1.54702e-06 -1.00946e-07 9.65988e-08 1.8499e-08 -3.17259e-08 9.4268e-07 2.19485e-06 3.47101e-07 -1.71497e-07 6.32933e-08 -1.00487e-07 1.60058e-06 6.15108e-07 -1.89558e-07 -1.76381e-07 -3.5656e-07
internal_weight=6864 6816 48 1420 1290 1270 500 770 130 110 5396 1420 1300 1260 120 80 83 3976 284 219 40 65 3692 3422 270
internal_count=6864 6816 48 1420 1290 1270 500 770 130 110 5396 1420 1300 1260 120 80 83 3976 284 219 40 65 3692 3422 270
is_linear=0
shrinkage=0.05


Tree=78
num_leaves=31
num_cat=0
split_feature=13 27 27 3 3 5 3 3 4 4 3 5 8 3 5 5 11 8 9 5 8 5 3 8 4 5 5 9 4 27
split_gain=1.17081e-07 5.5546e-08 9.04109e-08 8.37939e-08 8.86962e-08 7.67108e-08 6.9774e-08 5.04023e-08 4.85726e-08 4.8946e-08 6.16166e-08 4.54308e-08 4.51964e-08 6.23245e-08 5.01522e-08 5.8944e-08 7.40179e-08 5.12339e-08 4.1931e-08 4.69428e-08 3.64804e-08 3.52059e-08 3.01883e-08 2.98725e-08 2.39521e-08 1.97565e-08 2.17514e-08 9.22179e-09 2.07822e-08 2.25491e-08
threshold=0.91597561503675351 51.166666666666679 87.166666666666671 17.950000000000003 18.450000000000003 6.0500000000000007 17.350000000000005 21.250000000000004 96.500000000000014 79.500000000000014 17.650000000000002 11.850000000000003 76.626319791004263 9.6500000000000004 19.750000000000004 15.850000000000003 18.212500000000002 16.085236471260917 -35.796588535445593 15.250000000000002 293.82566432558696 10.850000000000003 13.65 286.52344826832297 97.500000000000014 16.650000000000002 13.750000000000002 -37.985564029065138 5.5000000000000009 52.500000000000007
decision_type=2 2 2 2 2 2 2 2 2 2 2 2 2 2 2 2 2 2 2 2 2 2 2 2 2 2 2 2 2 2
left_child=12 3 8 18 -5 -6 11 -7 9 10 -3 -4 13 -1 15 17 -17 -15 19 20 -2 -8 -11 27 25 26 -25 28 -14 -30
right_child=1 2 6 4 5 7 21 -9 -10 22 -12 -13 23 14 -16 16 -18 -19 -20 -21 -22 -23 -24 24 -26 -27 -28 -29 29 -31
leaf_value=-2.3974539001004738e-06 3.1642356033145804e-07 -1.0465893205946488e-06 8.6787955725038267e-07 -2.6004680220327058e-06 2.5662297426188653e-06 -8.8012094913381132e-07 7.7957125402658035e-07 7.570680061644054e-07 1.6036553711273882e-06 -1.0821094556170217e-06 1.8532425320185924e-06 3.4927197887668628e-06 2.792335633621194e-07 2.3188362723184734e-06 2.0952398397509702e-06 -2.4324231085205265e-06 2.4778669574500285e-07 2.2490021098919155e-07 -6.1699289138535587e-07 3.5427842838678908e-06 1.6930592379625074e-06 -1.9670848428177125e-06 -3.6728295900816292e-06 1.3569214968530149e-07 1.2371525386066537e-06 1.310710193490283e-06 -8.2264738757524307e-07 -1.8532572997629854e-07 -2.0670620202167811e-06 -4.047237462814605e-07
leaf_weight=23 64 90 34 26 37 80 28 114 20 22 23 32 43 30 35 47 57 1113 24 27 194 20 23 458 49 31 68 3967 34 51
leaf_count=23 64 90 34 26 37 80 28 114 20 22 23 32 43 30 35 47 57 1113 24 27 194 20 23 458 49 31 68 3967 34 51
internal_value=1.18367e-15 5.46353e-07 -1.37521e-08 8.35312e-07 1.68227e-07 4.79855e-07 1.08562e-06 8.19385e-08 -7.17847e-07 -1.01171e-06 -4.56358e-07 2.14053e-06 -7.80504e-08 1.82277e-07 2.28559e-07 1.76166e-07 -9.63462e-07 2.79859e-07 1.39014e-06 1.55916e-06 1.35157e-06 -3.64869e-07 -2.40626e-06 -1.50317e-07 1.77326e-07 8.40916e-08 1.18003e-08 -1.98804e-07 -6.16515e-07 -1.06966e-06
internal_weight=6864 858 292 566 257 231 114 194 178 158 113 66 6006 1305 1282 1247 104 1143 309 285 258 48 45 4701 606 557 526 4095 128 85
internal_count=6864 858 292 566 257 231 114 194 178 158 113 66 6006 1305 1282 1247 104 1143 309 285 258 48 45 4701 606 557 526 4095 128 85
is_linear=0
shrinkage=0.05


Tree=79
num_leaves=24
num_cat=0
split_feature=15 8 0 8 27 14 14 14 5 15 15 27 27 5 15 7 5 9 15 9 27 7 14
split_gain=1.14237e-07 1.29177e-07 1.27951e-07 7.73985e-08 8.42855e-08 1.74516e-07 9.37493e-08 6.976e-08 4.01496e-08 4.87131e-08 5.27205e-08 4.96255e-08 3.36312e-08 2.68134e-08 3.96251e-08 1.83538e-08 4.98594e-08 2.64149e-08 6.15235e-08 2.54092e-08 1.55371e-08 1.38591e-08 3.46759e-09
threshold=-0.99983123799342477 303.0895009945126 20.500000000000004 62.121740979040858 71.166666666666671 0.9916835347852474 0.21862473630160603 0.94138322595482449 2.3500000000000001 -0.97111920233974802 -0.9575230291762723 50.500000000000007 90.833333333333357 11.450000000000001 -0.99273797715557011 150.5217580147461 8.7500000000000018 -51.179005292622413 0.63255009372278048 -48.062832747620064 40.500000000000007 126.42697836592782 0.44505654568748165
decision_type=2 2 2 2 2 2 2 2 2 2 2 2 2 2 2 2 2 2 2 2 2 2 2
left_child=2 3 -1 4 5 6 -2 12 20 13 -11 -12 -6 14 -10 17 22 18 -5 -19 -3 -15 -17
right_child=1 8 -4 15 7 -7 -8 -9 9 10 11 -13 -14 21 -16 16 -18 19 -20 -21 -22 -23 -24
leaf_value=-5.4851498708785587e-06 8.0025145439300515e-07 3.0317062586012373e-06 -2.4893037391393592e-07 -2.8040597495389869e-06 1.7032131515637767e-06 -3.6620430019583778e-06 -3.6805830374281424e-07 3.6284423458710083e-06 -3.3353641607678394e-07 -1.8645958492085742e-06 7.3895343689823514e-07 -1.8321778647426585e-07 8.8133951979871425e-08 1.6205186847173535e-06 2.1716390474719244e-06 1.1959877457704114e-06 -8.6353812307874355e-07 1.1505470982492147e-06 -3.6393901593743196e-08 -1.4741664268642727e-07 1.1868847614096013e-06 3.206734752547207e-06 2.0466766764002387e-06
leaf_weight=20 398 21 28 31 66 29 302 29 38 26 437 219 63 40 27 23 34 38 57 4867 25 21 25
leaf_count=20 398 21 28 31 66 29 302 29 38 26 437 219 63 40 27 23 34 38 57 4867 25 21 25
internal_value=-2.98867e-16 1.71175e-08 -2.43069e-06 -6.52642e-08 3.65656e-07 1.38748e-07 2.96209e-07 1.41259e-06 5.92246e-07 5.10446e-07 3.43575e-07 4.31094e-07 9.14454e-07 1.41367e-06 7.07075e-07 -1.4058e-07 6.01394e-07 -1.52765e-07 -1.01137e-06 -1.37361e-07 2.02909e-06 2.16659e-06 1.63905e-06
internal_weight=6864 6816 48 5962 887 729 700 158 854 808 682 656 129 126 65 5075 82 4993 88 4905 46 61 48
internal_count=6864 6816 48 5962 887 729 700 158 854 808 682 656 129 126 65 5075 82 4993 88 4905 46 61 48
is_linear=0
shrinkage=0.05


Tree=80
num_leaves=29
num_cat=0
split_feature=15 13 8 8 27 14 15 14 5 5 14 4 3 27 3 14 4 27 8 5 3 9 5 9 15 9 9 14
split_gain=1.03099e-07 1.16745e-07 1.16582e-07 6.98522e-08 7.60676e-08 1.60254e-07 2.62534e-07 1.36863e-07 6.51641e-08 9.52989e-08 8.65876e-08 4.67498e-08 6.93133e-08 1.11054e-07 1.11189e-07 6.65232e-08 5.07014e-08 5.16345e-08 4.42557e-08 3.73857e-08 3.58766e-08 1.57403e-08 4.62403e-08 2.33831e-08 5.60947e-08 2.29318e-08 8.21573e-09 3.1295e-09
threshold=-0.99983123799342477 0.25881904510252057 303.0895009945126 62.121740979040858 71.166666666666671 0.67167992559793654 0.20812153622207724 0.54219432480460406 7.2500000000000009 9.1500000000000004 0.78325454425165997 29.500000000000004 24.250000000000004 1.1666666666666667 25.950000000000003 0.96904697354198299 99.500000000000014 99.500000000000014 357.25307277430142 8.2500000000000018 23.650000000000002 -60.224164379586931 8.7500000000000018 -51.179005292622413 0.63255009372278048 -48.062832747620064 -38.645071333560431 0.44505654568748165
decision_type=2 2 2 2 2 2 2 2 2 2 2 2 2 2 2 2 2 2 2 2 2 2 2 2 2 2 2 2
left_child=1 -1 3 4 5 7 -7 -2 10 -10 -6 12 15 14 -14 20 18 -18 19 -13 -4 22 27 24 -23 -25 -15 -5
right_child=2 -3 11 21 8 6 -8 -9 9 -11 -12 16 13 26 -16 -17 17 -19 -20 -21 -22 23 -24 25 -26 -27 -28 -29
leaf_value=-2.2512065430849558e-07 3.3756993324512333e-07 -5.2268008005285088e-06 8.5995899030661864e-07 1.1361884172283286e-06 7.4628337054199233e-07 -2.0818439841700254e-06 2.1564857135558668e-06 3.1644582398431787e-06 -2.5050314295071988e-06 1.3443597733091184e-06 4.6784664220922425e-06 -1.0693153135033593e-06 -4.9009469876182267e-06 2.1533012676400179e-06 1.4690711793718947e-07 3.4050190254586801e-06 2.7253171089926453e-06 -2.1628764119878517e-07 1.6326705793868645e-06 1.229628011011251e-07 2.9449159672946158e-06 -2.6638568560003712e-06 -8.3271542442681877e-07 1.093019732641216e-06 -1.2820938520365287e-08 -1.4004581210649021e-07 7.81160177136068e-07 1.9443428464001044e-06
leaf_weight=28 481 20 332 23 28 153 48 47 20 82 28 102 20 20 24 31 35 26 33 185 22 31 35 38 56 4867 24 25
leaf_count=28 481 20 332 23 28 153 48 47 20 82 28 102 20 20 24 31 35 26 33 185 22 31 35 38 56 4867 24 25
internal_value=-3.39895e-15 -2.30915e-06 1.62616e-08 -6.2001e-08 3.47373e-07 1.31811e-07 -1.06971e-06 5.89206e-07 1.34196e-06 5.89577e-07 2.71237e-06 5.62634e-07 8.94653e-07 -3.71356e-07 -2.14757e-06 1.18403e-06 1.50443e-07 1.47152e-06 -1.01387e-07 -3.00774e-07 9.89533e-07 -1.33551e-07 5.49348e-07 -1.44905e-07 -9.57443e-07 -1.30493e-07 1.40486e-06 1.5571e-06
internal_weight=6864 48 6816 5962 887 729 201 528 158 102 56 854 473 88 44 385 381 61 320 287 354 5075 83 4992 87 4905 44 48
internal_count=6864 48 6816 5962 887 729 201 528 158 102 56 854 473 88 44 385 381 61 320 287 354 5075 83 4992 87 4905 44 48
is_linear=0
shrinkage=0.05


Tree=81
num_leaves=27
num_cat=0
split_feature=15 0 13 27 27 11 15 11 15 11 15 5 15 27 15 15 11 7 15 15 5 11 9 13 15 6
split_gain=9.30469e-08 1.06055e-07 1.02161e-07 5.72838e-08 8.21864e-08 6.28552e-08 5.72357e-08 9.09955e-08 8.47016e-08 5.19196e-08 6.91472e-08 1.42836e-07 4.88623e-08 1.60495e-07 8.8458e-08 4.40235e-08 3.65747e-08 4.06262e-08 7.92146e-08 3.98053e-08 3.27402e-08 3.00581e-08 1.58249e-08 4.55073e-09 1.2936e-08 4.21786e-10
threshold=-0.99983123799342477 20.500000000000004 0.91597561503675351 51.166666666666679 87.166666666666671 17.331250000000004 0.097680735332368748 14.509375000000002 0.33425052277940587 17.906250000000004 -0.6905596507703472 5.9500000000000011 -0.40613878790836594 6.8333333333333348 0.31595530242620651 0.47558139622940165 8.7500000000000018 106.02644824171743 -0.97507822412530132 0.73281578960684157 10.850000000000003 18.515625000000004 -44.05708191324873 1.0000000180025095e-35 -0.056951011027366626 1.6870000000000003e-05
decision_type=2 2 2 2 2 2 2 2 2 2 2 2 2 2 2 2 2 2 2 2 2 2 2 2 2 2
left_child=1 -1 16 9 6 15 7 -5 -8 12 22 -12 13 -4 -14 -6 -2 23 21 -20 -7 -19 -11 25 -25 -18
right_child=2 -3 3 4 5 20 8 -9 -10 10 11 -13 14 -15 -16 -17 17 18 19 -21 -22 -23 -24 24 -26 -27
leaf_value=-4.9745606838769167e-06 -2.1406927907091381e-06 -2.0736468055052423e-07 -2.7803084776678588e-06 2.275508701643503e-06 2.9827745536403247e-06 7.3231383989228312e-07 -4.2004500106903229e-06 -9.6553630586260712e-07 -6.3051167768645874e-07 2.2659739502593032e-06 2.804874599326507e-06 -1.6479812132504787e-06 2.838871970223492e-06 1.5543516211397939e-06 7.2729711979220507e-07 2.983312825222129e-07 -2.2359843005129702e-07 2.3676581665090281e-06 1.935046002002458e-07 -4.5908720963140886e-07 -1.9164152683970313e-06 5.920042213215414e-07 7.8259577785502191e-07 7.3611991357894043e-08 -3.8383703244848638e-07 -1.5319344028908141e-07
leaf_weight=20 21 28 29 32 42 28 24 67 54 21 23 83 94 81 105 24 228 52 1277 286 20 44 125 680 200 3176
leaf_count=20 21 28 29 32 42 28 24 67 54 21 23 83 94 81 105 24 228 52 1277 286 20 44 125 680 200 3176
internal_value=-1.95432e-15 -2.1937e-06 1.54486e-08 5.27598e-07 -4.16499e-08 1.00538e-06 -7.16006e-07 8.20742e-08 -1.72895e-06 8.22876e-07 2.90237e-07 -6.81796e-07 1.25726e-06 4.11578e-07 1.72472e-06 2.00661e-06 -5.77156e-08 -5.03552e-08 1.59718e-07 7.40924e-08 -3.71323e-07 1.55382e-06 9.95958e-07 -1.31707e-07 -3.03537e-08 -1.57909e-07
internal_weight=6864 48 6816 852 291 114 177 99 78 561 252 106 309 110 199 66 5964 5943 1659 1563 48 96 146 4284 880 3404
internal_count=6864 48 6816 852 291 114 177 99 78 561 252 106 309 110 199 66 5964 5943 1659 1563 48 96 146 4284 880 3404
is_linear=0
shrinkage=0.05


Tree=82
num_leaves=31
num_cat=0
split_feature=13 3 14 27 3 3 27 7 3 14 14 27 3 9 14 7 3 8 14 14 14 9 14 8 8 14 14 14 27 9
split_gain=7.94399e-08 4.88649e-08 6.48046e-08 4.95594e-08 1.27735e-07 9.591e-08 1.18738e-07 8.66603e-08 6.99138e-08 4.82718e-08 8.36869e-08 1.11699e-07 4.30386e-08 3.97706e-08 1.23106e-07 8.08695e-08 3.26929e-08 3.99288e-08 4.61633e-08 2.3278e-07 6.19311e-08 4.69701e-08 2.85819e-08 2.39702e-08 2.28173e-08 2.50692e-08 2.85361e-08 2.66137e-08 2.07744e-08 9.35234e-09
threshold=0.91597561503675351 16.750000000000004 0.036545658007091128 6.166666666666667 24.250000000000004 22.350000000000005 9.8333333333333339 136.41492828012952 25.950000000000003 0.9053161325100999 0.9916835347852474 35.166666666666679 12.350000000000003 -48.062832747620064 0.78857998149907527 130.8173217959874 8.7500000000000018 76.626319791004263 -0.95995996396290595 -0.98214942551678475 -0.91978325482952472 -48.062832747620064 -0.99630266176052629 342.23210573242926 286.52344826832297 0.39036257410962044 0.25206111083856975 0.51297097409535064 1.0000000180025095e-35 -37.985564029065138
decision_type=2 2 2 2 2 2 2 2 2 2 2 2 2 2 2 2 2 2 2 2 2 2 2 2 2 2 2 2 2 2
left_child=16 2 -2 4 23 6 -5 -8 -6 13 11 -11 -12 14 -4 -15 -1 18 19 22 -20 -22 -18 28 29 26 -26 -27 -3 -19
right_child=1 3 9 5 8 -7 7 -9 -10 10 12 -13 -14 15 -16 -17 17 24 20 -21 21 -23 -24 -25 25 27 -28 -29 -30 -31
leaf_value=-2.0336581582926428e-06 2.9925839100997113e-06 1.9266568529019426e-06 6.356914659897064e-07 -3.8761905607821569e-06 -3.5160596336680783e-06 1.7398984321852883e-06 8.6327687868373795e-07 -1.254082774490176e-06 4.7010367800546443e-07 4.939131464856599e-06 -1.7329466417144749e-06 9.7682609471714543e-07 1.4384788352117541e-06 1.5271117585295241e-07 -2.5993919471133959e-06 2.9040984544907759e-06 2.039107768230982e-06 -5.8828286876311257e-07 2.3823715530531499e-06 -4.0192769571714623e-06 9.4691190411508983e-07 7.719094153975506e-08 1.8432663074192882e-08 2.8311309579880947e-06 3.3833495345352166e-08 1.8941357026847073e-06 -1.5306319775643118e-06 3.4860831737057388e-07 3.5798527558374472e-07 -1.5403622385883514e-07
leaf_weight=21 32 46 104 27 22 46 85 112 22 29 23 46 20 96 41 37 30 128 34 37 185 965 42 31 327 32 32 215 39 3958
leaf_count=21 32 46 104 27 22 46 85 112 22 29 23 46 20 96 41 37 30 128 34 37 185 965 42 31 327 32 32 215 39 3958
internal_value=-2.10328e-15 4.50039e-07 8.28252e-07 7.3584e-08 7.70885e-07 -3.39632e-07 -7.66678e-07 -3.40501e-07 -1.52298e-06 6.53357e-07 1.50068e-06 2.50892e-06 -2.57865e-07 2.93701e-07 -2.79056e-07 9.18135e-07 -6.42912e-08 -5.73812e-08 1.88633e-07 -7.96017e-07 2.79281e-07 2.17103e-07 8.60381e-07 1.64097e-06 -1.25177e-07 1.61133e-07 -1.05617e-07 5.48839e-07 1.20691e-06 -1.6764e-07
internal_weight=6864 858 428 430 160 270 224 197 44 396 118 75 43 278 145 133 6006 5985 1293 109 1184 1150 72 116 4692 606 359 247 85 4086
internal_count=6864 858 428 430 160 270 224 197 44 396 118 75 43 278 145 133 6006 5985 1293 109 1184 1150 72 116 4692 606 359 247 85 4086
is_linear=0
shrinkage=0.05


Tree=83
num_leaves=26
num_cat=0
split_feature=15 3 13 27 27 14 3 3 3 15 5 14 14 3 5 14 3 7 15 14 3 9 15 26 13
split_gain=8.30733e-08 1.0079e-07 8.36487e-08 4.75235e-08 7.33734e-08 8.44074e-08 7.03612e-08 5.57815e-08 4.27171e-08 6.12305e-08 1.21905e-07 5.46127e-08 8.85957e-08 8.58582e-08 4.24675e-08 3.87759e-08 2.98055e-08 3.40457e-08 7.16066e-08 4.59912e-08 2.75748e-08 1.41879e-08 3.89121e-09 1.33378e-08 2.86018e-09
threshold=-0.99983123799342477 19.750000000000004 0.91597561503675351 51.166666666666679 87.166666666666671 -0.95995996396290595 17.750000000000004 17.350000000000005 17.950000000000003 -0.6905596507703472 5.9500000000000011 0.91596454896554913 0.9916835347852474 15.15 11.850000000000003 0.21862473630160603 8.7500000000000018 106.02644824171743 -0.97507822412530132 0.93544191479114935 19.150000000000002 -44.05708191324873 -0.29342786347392819 4.8777275024808094e-05 0.1294095225512602
decision_type=2 2 2 2 2 2 2 2 2 2 2 2 2 2 2 2 2 2 2 2 2 2 2 2 2
left_child=1 -1 16 8 5 -5 -7 14 11 21 -11 13 -13 -4 -6 -9 -2 22 20 -20 -19 -10 23 -18 -24
right_child=2 -3 3 4 7 6 -8 15 9 10 -12 12 -14 -15 -16 -17 17 18 19 -21 -22 -23 24 -25 -26
leaf_value=-4.7837465486733068e-06 -1.9319752571586186e-06 -1.3640063148808883e-07 -3.2439490618197292e-07 -3.7368405492088643e-06 6.6160894455017976e-07 -7.0386555522612289e-07 2.405755681896456e-06 1.1335321361279373e-06 2.1304712661384699e-06 2.5702354961417175e-06 -1.543447836751051e-06 3.9960074562603384e-06 -7.0110146885954664e-08 1.5677673667490705e-06 3.1993987334999474e-06 -1.7111758661485511e-06 1.1047602895491025e-07 2.1146973345881247e-06 -5.1566984089904655e-08 6.919837529747952e-07 3.5408762041047991e-07 7.2590899885653924e-07 -1.5015371414346433e-07 -1.5225342538191796e-07 -3.4164515732661792e-07
leaf_weight=20 21 28 99 20 34 136 21 23 21 23 83 37 21 152 32 25 680 61 1316 247 35 125 1716 1668 220
leaf_count=20 21 28 99 20 34 136 21 23 21 23 83 37 21 152 32 25 680 61 1316 247 35 125 1716 1668 220
internal_value=1.77565e-15 -2.07279e-06 1.45971e-08 4.78027e-07 -4.04617e-08 -6.77636e-07 -2.87929e-07 9.48836e-07 7.46976e-07 2.6384e-07 -6.50856e-07 1.14099e-06 2.52379e-06 8.21456e-07 1.89205e-06 -3.48087e-07 -5.16071e-08 -4.49627e-08 1.47346e-07 6.59359e-08 1.47281e-06 9.27935e-07 -1.19435e-07 -7.61648e-08 -1.71914e-07
internal_weight=6864 48 6816 852 291 177 157 114 561 252 106 309 58 251 66 48 5964 5943 1659 1563 96 146 4284 2348 1936
internal_count=6864 48 6816 852 291 177 157 114 561 252 106 309 58 251 66 48 5964 5943 1659 1563 96 146 4284 2348 1936
is_linear=0
shrinkage=0.05


Tree=84
num_leaves=26
num_cat=0
split_feature=15 3 8 8 4 3 27 3 14 4 27 8 27 8 9 14 15 7 8 3 7 3 8 14 7
split_gain=7.49737e-08 9.09628e-08 8.05018e-08 5.58111e-08 3.92767e-08 5.50551e-08 9.55243e-08 9.41249e-08 5.17656e-08 4.17559e-08 4.5057e-08 3.68606e-08 3.55847e-08 3.53015e-08 3.42027e-08 1.03287e-07 7.6868e-08 4.11848e-08 6.63635e-08 3.32277e-08 4.52328e-08 4.29295e-08 2.99543e-08 2.80005e-08 7.67183e-09
threshold=-0.99983123799342477 19.750000000000004 303.0895009945126 16.085236471260917 29.500000000000004 24.250000000000004 1.1666666666666667 25.950000000000003 0.96904697354198299 99.500000000000014 99.500000000000014 357.25307277430142 28.833333333333339 358.4764110538411 -60.224164379586931 0.41398981800788198 0.94422823979932036 145.10776148299135 31.337992276319969 16.850000000000005 133.72444618317914 14.750000000000002 62.121740979040858 0.7090011537757156 128.71185431322951
decision_type=2 2 2 2 2 2 2 2 2 2 2 2 2 2 2 2 2 2 2 2 2 2 2 2 2
left_child=1 -1 3 19 5 8 7 -7 13 11 -11 12 -6 -4 15 16 -5 22 -19 21 -21 -2 -16 -17 -8
right_child=2 -3 4 14 9 6 24 -9 -10 10 -12 -13 -14 -15 17 23 -18 18 -20 20 -22 -23 -24 -25 -26
leaf_value=-4.5445592278525743e-06 3.8933334768184328e-07 -1.2958060356790416e-07 9.9618152681838353e-07 -2.4909080691161635e-06 -2.0137212365917938e-06 -4.5367424422693147e-06 6.885544924746986e-07 1.0764135443726749e-07 2.9893225723020397e-06 2.4601781011110043e-06 -2.8768610123874031e-07 1.4440972267259371e-06 -1.3737066219369908e-07 -9.5276569231828032e-07 2.4507584719422041e-07 9.9593612619281565e-07 7.7778459251783571e-07 -3.6152288170602075e-06 -4.0510454517101131e-07 1.8119482602076331e-06 -8.8426375214112348e-07 3.4288218715188961e-06 -1.1768371303009879e-07 2.7226002077604327e-06 2.0144983136560766e-06
leaf_weight=20 21 28 329 35 28 20 24 24 31 35 26 33 259 25 643 59 37 21 69 28 35 26 4949 39 20
leaf_count=20 21 28 329 35 28 20 24 24 31 35 26 33 259 25 643 59 37 21 69 28 35 26 4949 39 20
internal_value=-8.0596e-16 -1.96916e-06 1.38673e-08 -5.11668e-08 4.67887e-07 7.72214e-07 -3.56093e-07 -2.00344e-06 1.03011e-06 9.00746e-08 1.28896e-06 -1.38462e-07 -3.20429e-07 8.58544e-07 -7.21406e-08 6.26693e-07 -8.11163e-07 -9.30491e-08 -1.15413e-06 1.06464e-06 3.14053e-07 2.07075e-06 -7.59716e-08 1.68308e-06 1.29126e-06
internal_weight=6864 48 6816 5962 854 473 88 44 385 381 61 320 287 354 5852 170 72 5682 90 110 63 47 5592 98 44
internal_count=6864 48 6816 5962 854 473 88 44 385 381 61 320 287 354 5852 170 72 5682 90 110 63 47 5592 98 44
is_linear=0
shrinkage=0.05


Tree=85
num_leaves=22
num_cat=0
split_feature=15 13 8 8 15 15 27 11 11 11 27 15 15 11 11 7 11 9 14 7 15
split_gain=6.76637e-08 8.54532e-08 7.32793e-08 4.94849e-08 3.75635e-08 3.92031e-08 3.59282e-08 4.57829e-08 1.18011e-07 3.59139e-08 9.0151e-08 4.75157e-08 3.28035e-08 3.07354e-08 2.9988e-08 4.08226e-08 3.87439e-08 2.78043e-08 8.19647e-08 2.07345e-08 1.80803e-08
threshold=-0.99983123799342477 0.25881904510252057 313.47436551543655 16.085236471260917 -0.98521978256641018 -0.99273797715557011 45.166666666666679 16.512500000000003 17.609375000000004 17.906250000000004 7.8333333333333348 -0.6905596507703472 0.46038001402560286 8.7500000000000018 16.806250000000002 133.72444618317914 14.715625000000001 -60.224164379586931 0.41398981800788198 148.75392157052846 -0.99761278905001471
decision_type=2 2 2 2 2 2 2 2 2 2 2 2 2 2 2 2 2 2 2 2 2
left_child=1 -1 3 14 5 20 9 12 -9 10 -6 -11 -8 -5 16 -16 -2 18 -15 -19 -4
right_child=2 -3 4 13 6 -7 7 8 -10 11 -12 -13 -14 17 15 -17 -18 19 -20 -21 -22
leaf_value=-8.7704596093577242e-08 3.6986676345155244e-07 -4.3668869506063858e-06 1.7571568510750998e-06 -1.8829783574920325e-06 -4.7497911840433855e-07 3.4359507310455228e-06 8.7039235969126706e-07 -3.4244093590984904e-06 5.1218183656640173e-07 8.3831638006977911e-07 1.9664137389408897e-06 -7.6856997914849989e-07 -1.1252403449081892e-06 -7.706050758492388e-07 1.7213508661890438e-06 -8.4005051251421852e-07 3.2573808128360653e-06 -6.4193357590703766e-08 1.3842656619220761e-06 -1.4044747692015995e-06 -2.5176837945244708e-07
leaf_weight=28 21 20 24 23 55 21 99 32 47 119 121 75 26 72 28 35 26 5828 114 29 21
leaf_count=28 21 20 24 23 55 21 99 32 47 119 121 75 26 72 28 35 26 5828 114 29 21
internal_value=2.61187e-17 -1.8707e-06 1.31739e-08 -3.96016e-08 5.22457e-07 1.65212e-06 3.92566e-07 -1.40176e-07 -1.08239e-06 6.86295e-07 1.20348e-06 2.17097e-07 4.55301e-07 -5.86605e-08 1.01141e-06 2.9835e-07 1.96721e-06 -5.1717e-08 5.50122e-07 -7.08295e-08 8.19658e-07
internal_weight=6864 48 6816 6176 640 66 574 204 79 370 176 194 125 6066 110 63 47 6043 186 5857 45
internal_count=6864 48 6816 6176 640 66 574 204 79 370 176 194 125 6066 110 63 47 6043 186 5857 45
is_linear=0
shrinkage=0.05


Tree=86
num_leaves=21
num_cat=0
split_feature=15 27 8 8 5 3 5 15 5 7 27 5 5 8 15 14 15 8 5 7
split_gain=6.10665e-08 7.9175e-08 6.631e-08 4.54883e-08 3.76384e-08 6.55414e-08 5.76726e-08 3.52531e-08 3.68687e-08 5.20592e-08 3.26502e-08 1.1151e-07 3.50219e-08 2.32594e-08 4.92454e-08 1.38553e-07 1.25102e-07 1.17871e-08 3.73527e-08 1.24753e-08
threshold=-0.99983123799342477 14.16666666666667 303.0895009945126 16.085236471260917 5.2500000000000009 16.650000000000002 11.65 -0.99864786094873803 2.6500000000000008 129.63981966833532 50.500000000000007 6.3500000000000005 5.8500000000000005 76.626319791004263 0.61913436964878354 0.7090011537757156 0.52032336593087203 276.95746004101466 17.850000000000005 117.13498875858807
decision_type=2 2 2 2 2 2 2 2 2 2 2 2 2 2 2 2 2 2 2 2
left_child=1 -1 3 4 -2 -6 -7 -4 9 -9 12 -12 -10 14 16 -16 -5 19 -19 -15
right_child=2 -3 7 13 5 6 -8 8 10 -11 11 -13 -14 17 15 -17 -18 18 -20 -21
leaf_value=-4.1799055338742617e-06 -7.4457071286815339e-07 -6.0917325380874641e-08 2.4990501742649941e-06 1.1285159225373923e-07 3.2052935363357061e-06 1.7268928141059023e-06 -1.6667476378036856e-06 -2.3496565416814483e-07 1.2737532967963617e-06 2.8450496736642144e-06 -2.3315876662810318e-06 3.6037787694692156e-07 2.892233463847166e-07 -1.3251905558512357e-07 1.240655145314425e-07 4.9294878590444575e-06 -3.7811460553408931e-06 -1.9478532223269125e-08 1.6260659562148147e-06 -5.1187397172285119e-07
leaf_weight=20 25 28 20 1158 33 31 21 23 114 34 49 179 435 3506 60 20 21 820 36 231
leaf_count=20 25 28 20 1158 33 31 21 23 114 34 49 179 435 3506 60 20 21 820 36 231
internal_value=6.53582e-16 -1.77716e-06 1.25152e-08 -4.65086e-08 9.6084e-07 1.46243e-06 3.56384e-07 4.24577e-07 3.74829e-07 1.60224e-06 2.84787e-07 -2.18159e-07 4.93661e-07 -6.54438e-08 1.2495e-07 1.32542e-06 4.34929e-08 -1.17633e-07 4.97266e-08 -1.55969e-07
internal_weight=6864 48 6816 5962 110 85 52 854 834 57 777 228 549 5852 1259 80 1179 4593 856 3737
internal_count=6864 48 6816 5962 110 85 52 854 834 57 777 228 549 5852 1259 80 1179 4593 856 3737
is_linear=0
shrinkage=0.05


Tree=87
num_leaves=22
num_cat=0
split_feature=15 3 8 8 5 7 3 15 15 27 5 3 3 3 3 5 3 8 5 9 5
split_gain=5.51125e-08 7.8951e-08 6.03069e-08 4.03268e-08 3.39687e-08 5.93109e-08 5.78998e-08 3.25853e-08 3.6595e-08 3.017e-08 4.25749e-08 5.66241e-08 5.04001e-08 4.18826e-08 1.05671e-07 5.64844e-08 2.8119e-08 2.45163e-08 4.56518e-08 2.1559e-08 1.91544e-08
threshold=-0.99983123799342477 19.750000000000004 313.47436551543655 16.085236471260917 5.2500000000000009 138.28011922960249 17.750000000000004 -0.98521978256641018 -0.99273797715557011 45.166666666666679 5.8500000000000005 17.650000000000002 15.950000000000001 16.550000000000004 17.650000000000002 4.8500000000000005 8.7500000000000018 76.626319791004263 19.750000000000004 -65.324295465522354 10.050000000000002
decision_type=2 2 2 2 2 2 2 2 2 2 2 2 2 2 2 2 2 2 2 2 2
left_child=1 -1 3 4 -2 6 -6 8 20 10 12 -12 -9 15 -15 -11 -5 18 -18 -19 -4
right_child=2 -3 7 16 5 -7 -8 9 -10 13 11 -13 -14 14 -16 -17 17 19 -20 -21 -22
leaf_value=-4.0876459217997766e-06 -7.0734221117163546e-07 2.5511215134039438e-08 -2.8714004023957231e-07 -1.7981345946361178e-06 3.7744167275744281e-06 -4.95146567962885e-07 5.7494294808818199e-07 2.7583886858590428e-08 3.2495226280713853e-06 -1.4571055226042518e-06 1.2099537661214301e-06 -2.7188907698408136e-07 2.3796616308264939e-06 -3.2526462717896721e-06 4.7245119377932617e-07 1.0315621321261029e-06 1.0107530299605437e-07 9.9135564028074438e-07 1.9858776722237575e-06 -1.0822119068155132e-07 1.7765086009934419e-06
leaf_weight=20 25 28 23 23 31 28 26 36 21 30 105 167 62 32 47 95 1214 45 33 4751 22
leaf_count=20 25 28 23 23 31 28 26 36 21 30 105 167 62 32 47 95 1214 45 33 4751 22
internal_value=3.40572e-17 -1.6883e-06 1.18895e-08 -3.59873e-08 9.12798e-07 1.38931e-06 2.31501e-06 4.73901e-07 1.52604e-06 3.52922e-07 6.22086e-07 3.00146e-07 1.51563e-06 -1.35266e-07 -1.03645e-06 4.34282e-07 -5.31925e-08 -4.65511e-08 1.50954e-07 -9.79041e-08 7.21755e-07
internal_weight=6864 48 6816 6176 110 85 57 640 66 574 370 272 98 204 79 125 6066 6043 1247 4796 45
internal_count=6864 48 6816 6176 110 85 57 640 66 574 370 272 98 204 79 125 6066 6043 1247 4796 45
is_linear=0
shrinkage=0.05


Tree=88
num_leaves=19
num_cat=0
split_feature=15 27 8 5 8 5 15 15 3 5 3 5 14 8 27 5 3 8
split_gain=4.97391e-08 7.29655e-08 5.52219e-08 5.443e-08 3.75053e-08 3.49661e-08 4.55438e-08 4.32499e-08 5.4904e-08 3.06568e-08 5.44263e-08 5.12004e-08 2.53177e-08 2.48604e-08 4.59008e-08 2.38086e-08 1.5086e-08 7.22418e-09
threshold=-0.99983123799342477 14.16666666666667 297.0434358768623 20.550000000000004 16.085236471260917 2.6500000000000008 -0.8739740505118182 -0.97111920233974802 16.750000000000004 5.2500000000000009 16.650000000000002 11.65 0.99995780822346225 76.626319791004263 71.500000000000014 11.450000000000001 16.350000000000005 276.95746004101466
decision_type=2 2 2 2 2 2 2 2 2 2 2 2 2 2 2 2 2 2
left_child=1 -1 4 5 9 6 -4 15 -9 -2 -11 -12 13 14 -6 -7 -8 -15
right_child=2 -3 3 -5 12 7 16 8 -10 10 11 -13 -14 17 -16 -17 -18 -19
leaf_value=-3.9104884314156155e-06 -6.7197511634731202e-07 4.3681905026460303e-08 -3.9278992496540676e-07 2.9386348614934834e-06 -9.9913720209704871e-09 4.2881377664473673e-07 1.4912387065297003e-06 5.6239357201490872e-07 -2.8724790521343733e-07 2.9080602713072563e-06 1.6032583091380789e-06 -1.5942968047966133e-06 -1.8407823972665939e-06 -1.4223816541629596e-07 7.5646873686026568e-07 1.7742983339252123e-06 3.4100161502692573e-06 3.0879931663808263e-08
leaf_weight=20 25 28 22 20 1013 70 21 336 438 33 31 21 20 3723 242 62 20 719
leaf_count=20 25 28 22 20 1013 70 21 336 438 33 31 21 20 3723 242 62 20 719
internal_value=-1.24073e-15 -1.60389e-06 1.1295e-08 3.56745e-07 -4.73372e-08 3.03455e-07 1.44246e-06 2.24253e-07 8.15887e-08 8.67158e-07 1.31984e-06 3.11938e-07 -6.49329e-08 -5.86986e-08 1.37804e-07 1.06078e-06 2.42723e-06 -1.14217e-07
internal_weight=6864 48 6816 989 5827 969 63 906 774 110 85 52 5717 5697 1255 132 41 4442
internal_count=6864 48 6816 989 5827 969 63 906 774 110 85 52 5717 5697 1255 132 41 4442
is_linear=0
shrinkage=0.05


Tree=89
num_leaves=26
num_cat=0
split_feature=15 13 7 15 15 14 14 15 15 4 14 11 15 19 11 15 14 13 11 15 7 12 13 19 7
split_gain=4.48895e-08 7.31526e-08 4.74695e-08 8.60705e-08 8.80165e-08 7.2185e-08 5.68795e-08 2.95168e-08 3.07612e-08 2.55942e-08 1.77433e-08 1.48536e-08 2.61042e-09 1.04975e-08 1.05228e-08 1.93834e-08 9.19773e-09 2.73442e-09 1.44334e-09 1.68335e-09 1.23063e-09 3.07859e-09 1.08496e-09 1.1609e-09 3.61857e-10
threshold=-0.99983123799342477 0.25881904510252057 106.02644824171743 -0.97111920233974802 -0.96234030595689413 -0.99763297024448894 -0.9442364261229238 -0.99864786094873803 -0.99465740988130902 27.500000000000004 0.1849296026015865 17.406250000000004 -0.29342786347392819 4.8865000000000007e-05 15.209375000000001 -0.83849291496497236 0.39036257410962044 0.1294095225512602 24.503125000000004 -0.13398942717002907 102.25218636244104 0.98296291314453421 0.1294095225512602 5.9025000000000005e-05 65.019827638173311
decision_type=2 2 2 2 2 2 2 2 2 2 2 2 2 2 2 2 2 2 2 2 2 2 2 2 2
left_child=1 -1 12 7 -5 9 -7 -4 11 -6 -10 -9 13 14 15 -2 -16 20 19 -19 21 -14 24 -24 -15
right_child=2 -3 3 4 5 6 -8 8 10 -11 -12 -13 17 22 16 -17 -18 18 -20 -21 -22 -23 23 -25 -26
leaf_value=1.2598771336667727e-07 -1.2852261549925164e-06 -3.8332498934323667e-06 2.723502529988764e-06 -2.6851113719520267e-06 2.1800751013962216e-06 -5.6390276144117316e-07 1.8127503080801632e-07 7.9089067867244017e-07 1.6937406794035717e-06 1.3814300137666925e-07 8.1366005674897767e-08 -1.0918209503849789e-06 -1.1464525163710372e-07 -1.032590670954805e-07 7.7157792929305147e-08 1.3247769638308281e-07 5.3453840673760032e-07 -7.5242388675178518e-07 1.0567596056887396e-07 -2.8881538662772892e-07 -3.8980117777462004e-07 4.0501165115309618e-07 -1.1577511009991646e-07 -6.4804758352465803e-07 -1.6182808264824706e-07
leaf_weight=28 36 20 28 28 57 295 1941 20 91 21 21 22 1656 1313 404 73 151 22 20 178 39 29 21 20 330
leaf_count=28 36 20 28 28 57 295 1941 20 91 21 21 22 1656 1313 404 73 151 22 20 178 39 29 21 20 330
internal_value=-1.1788e-15 -1.52369e-06 1.07302e-08 1.82797e-07 1.01403e-07 1.3512e-07 8.29622e-08 1.23019e-06 9.58681e-07 1.63032e-06 1.39142e-06 -1.95292e-07 -9.04574e-08 -5.49765e-08 1.13388e-07 -3.35755e-07 2.01598e-07 -1.33312e-07 -2.99313e-07 -3.39812e-07 -1.12128e-07 -1.05702e-07 -1.21363e-07 -3.7542e-07 -1.15023e-07
internal_weight=6864 48 6816 2524 2342 2314 2236 182 154 78 112 42 4292 2348 664 109 555 1944 220 200 1724 1685 1684 41 1643
internal_count=6864 48 6816 2524 2342 2314 2236 182 154 78 112 42 4292 2348 664 109 555 1944 220 200 1724 1685 1684 41 1643
is_linear=0
shrinkage=0.05


Tree=90
num_leaves=21
num_cat=0
split_feature=14 7 14 14 14 27 14 5 27 15 15 27 15 7 15 21 8 11 15 7
split_gain=4.06007e-08 4.76628e-08 1.35091e-07 1.7453e-07 2.1085e-07 1.93308e-07 1.33161e-07 2.0308e-07 1.50948e-07 6.58529e-08 3.86923e-08 6.60498e-08 3.80914e-08 7.4922e-08 4.22679e-08 6.98679e-08 3.16628e-08 2.81164e-08 1.7923e-08 1.53415e-08
threshold=0.99995780822346225 141.85670053890806 0.9053161325100999 0.78857998149907527 0.74443451080969758 69.166666666666671 0.97696484778429815 4.6500000000000012 75.500000000000014 -0.32613736746952143 -0.99983123799342477 14.16666666666667 -0.97111920233974802 120.92003185630369 -0.96687281075841669 20.500000000000004 358.4764110538411 17.203125000000004 -0.99761278905001471 146.04853396835134
decision_type=2 2 2 2 2 2 2 2 2 2 2 2 2 2 2 2 2 2 2 2
left_child=1 10 3 4 9 -5 7 -4 19 -3 11 -1 13 17 15 -14 -16 -12 -15 -8
right_child=-2 2 6 5 -6 -7 8 -9 -10 -11 12 -13 14 18 16 -17 -18 -19 -20 -21
leaf_value=-3.6420786921098623e-06 -2.0529136773639322e-06 2.4246198620403449e-06 2.5075889259989544e-08 -5.812131593756931e-06 5.4377484593715054e-06 -1.2072562216220636e-07 -2.2298686076283047e-07 6.2268599570167924e-06 3.9930774346430556e-06 -1.3627744151910468e-08 1.1371151295111704e-06 1.2003923148183405e-07 -3.7983296386556728e-06 2.7257327417373745e-06 -4.3003074617618403e-08 7.0997011139947323e-08 -1.8264448935951805e-06 -4.1018849947117447e-08 1.186110533156996e-06 -2.0980247389464541e-06
leaf_weight=20 24 30 22 25 20 37 20 33 20 360 57 28 20 24 5504 28 25 454 89 24
leaf_count=20 24 30 22 25 20 37 20 33 20 360 57 28 20 24 5504 28 25 454 89 24
internal_value=1.13973e-15 7.20321e-09 4.36387e-07 5.68166e-08 4.30701e-07 -2.41565e-06 1.94191e-06 3.74615e-06 3.91394e-07 1.7393e-07 -3.33869e-08 -1.44751e-06 -2.24406e-08 3.48036e-07 -6.38925e-08 -1.54122e-06 -5.10671e-08 9.03973e-08 1.51311e-06 -1.24573e-06
internal_weight=6864 6840 591 472 410 62 119 55 64 390 6249 48 6201 624 5577 48 5529 511 113 44
internal_count=6864 6840 591 472 410 62 119 55 64 390 6249 48 6201 624 5577 48 5529 511 113 44
is_linear=0
shrinkage=0.05


Tree=91
num_leaves=17
num_cat=0
split_feature=14 15 3 13 15 15 14 15 15 16 3 14 15 20 13 23
split_gain=3.66422e-08 3.69285e-08 6.99479e-08 4.21717e-08 5.99201e-08 6.69152e-08 5.73068e-08 2.31724e-08 3.87459e-08 3.92482e-09 1.00848e-08 1.58887e-08 4.47846e-09 1.79588e-09 2.1275e-09 2.4418e-10
threshold=0.99995780822346225 -0.99983123799342477 19.750000000000004 0.37940952255126048 -0.97111920233974802 -0.96234030595689413 -0.99763297024448894 -0.99864786094873803 -0.99465740988130902 27.249999999999996 20.050000000000004 0.93544191479114935 -0.6652727025667432 1.0000000180025095e-35 0.1294095225512602 79.500000000000014
decision_type=2 2 2 2 2 2 2 2 2 2 2 2 2 2 2 2
left_child=1 2 -1 9 7 -6 -7 -5 -9 10 11 -3 -12 15 -15 -11
right_child=-2 3 -4 4 5 6 -8 8 -10 13 12 -13 -14 14 -16 -17
leaf_value=-3.633533418394564e-06 -1.9502680740875652e-06 -1.5683057092842311e-07 2.3800775669055191e-07 2.1068085800379777e-06 -2.0385051625579664e-06 1.5222605200272535e-06 8.880605026953682e-08 -4.1441899598895462e-07 1.1560785090224278e-06 -3.377908270147814e-07 6.088051951960354e-07 4.9522345637921136e-07 -4.5097551874691402e-09 -1.0579611723390641e-07 9.0143564457662989e-08 -1.892282796580819e-07
leaf_weight=20 24 620 28 36 36 72 2205 54 144 85 92 110 44 3108 145 41
leaf_count=20 24 620 28 36 36 72 2205 54 144 85 92 110 44 3108 145 41
internal_value=-6.48345e-16 6.84305e-09 -1.37513e-06 1.66097e-08 1.77454e-07 1.00317e-07 1.34133e-07 9.39922e-07 7.27761e-07 -7.9897e-08 1.50708e-08 -5.85759e-08 4.1038e-07 -1.04236e-07 -9.70623e-08 -2.89449e-07
internal_weight=6864 6840 48 6792 2547 2313 2277 234 198 4245 866 730 136 3379 3253 126
internal_count=6864 6840 48 6792 2547 2313 2277 234 198 4245 866 730 136 3379 3253 126
is_linear=0
shrinkage=0.05


Tree=92
num_leaves=30
num_cat=0
split_feature=8 5 5 15 3 15 5 3 5 5 9 7 5 3 5 13 7 8 8 7 15 3 9 5 15 9 4 27 3
split_gain=3.45559e-08 5.04674e-08 3.49604e-08 4.02382e-08 3.37592e-08 7.55454e-08 1.42898e-07 4.58338e-08 6.92711e-08 3.40214e-08 2.30913e-08 8.53344e-08 3.77057e-08 7.11552e-08 5.82429e-08 4.25204e-08 2.29512e-08 5.00377e-08 2.47993e-08 9.13821e-08 8.69227e-08 2.90345e-08 2.71535e-08 2.71725e-08 1.63682e-08 1.59138e-08 1.44862e-08 2.00397e-08 1.33223e-08
threshold=297.0434358768623 20.550000000000004 2.6500000000000008 -0.8739740505118182 16.750000000000004 -0.6905596507703472 5.8500000000000005 16.250000000000004 4.8500000000000005 15.450000000000001 -60.224164379586931 151.80681442505968 12.15 12.950000000000001 16.950000000000003 0.91597561503675351 145.10776148299135 29.375146660507657 62.121740979040858 141.26274652926966 -0.46800559042974538 16.650000000000002 -51.179005292622413 13.750000000000002 -0.86548532668110156 -48.062832747620064 18.500000000000004 72.166666666666671 16.350000000000005
decision_type=2 2 2 2 2 2 2 2 2 2 2 2 2 2 2 2 2 2 2 2 2 2 2 2 2 2 2 2 2
left_child=10 2 3 -2 7 9 -7 8 -4 -6 11 -1 13 -13 -14 -15 18 -18 19 20 -12 -21 23 -20 -9 -24 -19 -28 -5
right_child=1 -3 4 28 5 6 -8 24 -10 -11 16 12 14 15 -16 -17 17 26 22 21 -22 -23 25 -25 -26 -27 27 -29 -30
leaf_value=3.4231630004135449e-06 -3.6469296095343782e-07 2.7582164646844379e-06 -1.2410269206230178e-06 1.4064052677332213e-06 1.9189025159829144e-07 2.0500789220983207e-06 -1.2894435880137762e-06 9.5674848601199547e-07 6.6441537740732218e-07 1.6491125498479498e-06 3.7420824424362843e-07 3.2424768072641677e-06 -2.6167358092371384e-06 -7.2381920119823921e-07 7.6850253284040577e-07 1.4642049102482871e-06 -2.7057006211459969e-06 8.9687706873598436e-07 -2.6927731937576027e-06 3.8129259467366085e-06 -1.0165633082432495e-06 1.151007510884483e-06 1.047740524992121e-06 -8.6408965103146334e-08 2.8098226988067139e-06 -8.8779675338161325e-08 -1.6642737176405955e-06 4.9979272120026509e-07 3.2095359256345549e-06
leaf_weight=22 22 20 59 21 271 38 204 22 249 47 538 21 27 64 24 34 26 23 20 21 142 20 31 20 26 4789 23 20 20
leaf_count=22 22 20 59 21 271 38 204 22 249 47 538 21 27 64 24 34 26 23 20 21 142 20 31 20 26 4789 23 20 20
internal_value=1.27326e-16 2.71828e-07 2.21033e-07 1.36035e-06 1.42674e-07 -9.93445e-08 -7.65056e-07 5.23378e-07 2.99412e-07 4.07266e-07 -4.63011e-08 4.92981e-07 1.13781e-07 6.01265e-07 -1.02368e-06 3.52912e-08 -6.45529e-08 -8.47853e-07 -5.16406e-08 2.22002e-07 8.37824e-08 2.51443e-06 -9.22365e-08 -1.38959e-06 1.9605e-06 -8.14701e-08 -1.15974e-07 -6.57731e-07 2.28598e-06
internal_weight=6864 999 979 63 916 560 242 356 308 318 5865 192 170 119 51 98 5673 92 5581 721 680 41 4860 40 48 4820 66 43 41
internal_count=6864 999 979 63 916 560 242 356 308 318 5865 192 170 119 51 98 5673 92 5581 721 680 41 4860 40 48 4820 66 43 41
is_linear=0
shrinkage=0.05


Tree=93
num_leaves=19
num_cat=0
split_feature=15 13 8 4 8 11 14 14 8 5 11 5 14 5 14 7 15 15
split_gain=3.33962e-08 6.32524e-08 4.11323e-08 3.51922e-08 6.07842e-08 4.48865e-08 3.70916e-08 3.55347e-08 2.76122e-08 2.69812e-08 5.08143e-08 4.4428e-08 1.66037e-08 6.80556e-08 6.79774e-08 8.76191e-08 5.62408e-08 2.05178e-08
threshold=-0.99983123799342477 0.25881904510252057 339.47302831309213 1.0000000180025095e-35 357.25307277430142 13.306250000000002 0.82414472752956958 0.61237135649459018 16.085236471260917 5.2500000000000009 16.603125000000002 11.65 0.93544191479114935 20.850000000000005 0.92922379131507438 96.527316096075239 0.22491561436810906 0.18281312110578132
decision_type=2 2 2 2 2 2 2 2 2 2 2 2 2 2 2 2 2 2
left_child=1 -1 8 4 -4 -5 7 -7 9 -2 -11 -12 14 16 17 -16 -14 -10
right_child=2 -3 3 5 -6 6 -8 -9 12 10 11 -13 13 -15 15 -17 -18 -19
leaf_value=2.1975558987768248e-07 -6.739198352079257e-07 -3.4618311440226534e-06 1.205829708320986e-06 -6.9406277503190182e-07 -2.3169680625869663e-06 1.2982503731196771e-06 3.1415650338121028e-06 -6.6544477184444474e-07 1.7851145063826433e-08 2.7292968160040663e-06 1.4236865841931217e-06 -1.5548938352237331e-06 -9.9992680703492644e-08 2.6371373560660115e-06 -6.2736919823272242e-08 -4.4647031893418898e-06 8.7487647172802902e-07 -1.9345294205457201e-07
leaf_weight=28 25 20 24 37 25 130 22 28 3777 33 31 21 755 27 26 20 184 1651
leaf_count=28 25 20 24 37 25 130 22 28 3777 33 31 21 755 27 26 20 184 1651
internal_value=1.45736e-15 -1.31424e-06 9.2552e-09 6.18759e-07 -5.91516e-07 8.92047e-07 1.21808e-06 9.50254e-07 -1.54972e-08 7.70003e-07 1.19469e-06 2.20798e-07 -2.89141e-08 1.622e-07 -6.26402e-08 -1.97664e-06 9.1036e-08 -4.64199e-08
internal_weight=6864 48 6816 266 49 217 180 158 6550 110 85 52 6440 966 5474 46 939 5428
internal_count=6864 48 6816 266 49 217 180 158 6550 110 85 52 6440 966 5474 46 939 5428
is_linear=0
shrinkage=0.05


Tree=94
num_leaves=21
num_cat=0
split_feature=14 7 14 14 14 27 14 27 27 15 15 27 15 14 11 8 15 11 15 8
split_gain=3.20215e-08 3.80425e-08 1.16001e-07 1.57559e-07 1.89238e-07 1.71394e-07 1.15152e-07 1.30161e-07 7.75954e-08 5.9141e-08 2.87353e-08 6.07115e-08 2.91596e-08 6.94204e-08 2.98302e-07 1.18428e-07 2.99881e-08 1.19428e-07 4.25676e-08 1.33062e-08
threshold=0.99995780822346225 141.85670053890806 0.9053161325100999 0.78857998149907527 0.74443451080969758 69.166666666666671 0.97696484778429815 75.500000000000014 34.833333333333336 -0.32613736746952143 -0.99983123799342477 14.16666666666667 -0.73865259438682551 0.54219432480460406 14.418750000000001 56.13353606821827 -0.6391983530350368 18.406250000000004 -0.46800559042974538 329.03213541798777
decision_type=2 2 2 2 2 2 2 2 2 2 2 2 2 2 2 2 2 2 2 2
left_child=1 10 3 4 9 -5 8 19 -4 -3 11 -1 13 14 -12 -15 17 -14 -18 -8
right_child=-2 2 6 5 -6 -7 7 -9 -10 -11 12 -13 16 15 -16 -17 18 -19 -20 -21
leaf_value=-3.3525424532854232e-06 -1.8231586497089818e-06 2.2829946086252072e-06 5.3752399489221049e-06 -5.509263023668609e-06 5.1368499225645798e-06 -1.5015107759904208e-07 -2.0871336085108505e-06 3.6875612886433374e-06 1.6185221568321141e-06 -2.7658195938960892e-08 -5.3952016478433511e-06 2.5434113004913734e-07 -2.0765554408078834e-06 3.417505992615588e-06 1.0535660516141603e-07 4.3722064228290947e-07 3.4522977682758137e-07 -1.8296935545440399e-08 -1.234243830314305e-07 -3.463306444720492e-07
leaf_weight=20 24 30 27 25 20 37 21 20 28 360 25 28 93 40 1751 200 570 291 3231 23
leaf_count=20 24 30 27 25 20 37 21 20 28 360 25 28 93 40 1751 200 570 291 3231 23
internal_value=-7.92037e-17 6.39705e-09 3.89828e-07 3.8099e-08 3.93341e-07 -2.31108e-06 1.78492e-06 3.4306e-07 3.46273e-06 1.50084e-07 -2.9866e-08 -1.24853e-06 -2.04328e-08 1.35786e-07 2.79276e-08 9.33935e-07 -9.56863e-08 -5.16781e-07 -5.31448e-08 -1.17717e-06
internal_weight=6864 6840 591 472 410 62 119 64 55 390 6249 48 6201 2016 1776 240 4185 384 3801 44
internal_count=6864 6840 591 472 410 62 119 64 55 390 6249 48 6201 2016 1776 240 4185 384 3801 44
is_linear=0
shrinkage=0.05


Tree=95
num_leaves=21
num_cat=0
split_feature=14 7 14 14 14 27 5 14 14 7 15 21 15 11 15 5 9 5 15 13
split_gain=2.88994e-08 3.43333e-08 1.04691e-07 1.42197e-07 1.70787e-07 1.54683e-07 1.09175e-07 1.64224e-07 5.40709e-08 5.01386e-08 2.59336e-08 5.75387e-08 2.83186e-08 5.98971e-08 3.71136e-08 6.98455e-08 2.15409e-08 1.81272e-08 1.70826e-08 1.34849e-08
threshold=0.99995780822346225 141.85670053890806 0.9053161325100999 0.78857998149907527 0.74443451080969758 69.166666666666671 4.8500000000000005 0.97696484778429815 -0.99630266176052629 146.9483393451942 -0.99983123799342477 20.500000000000004 -0.97111920233974802 19.412500000000005 -0.96687281075841669 13.750000000000002 -31.55922528095795 8.6500000000000004 -0.46800559042974538 0.78656609248549303
decision_type=2 2 2 2 2 2 2 2 2 2 2 2 2 2 2 2 2 2 2 2
left_child=1 10 3 4 8 -5 9 -8 -3 -4 11 -1 13 16 15 -14 -12 -9 -16 -15
right_child=-2 2 6 5 -6 -7 7 17 -10 -11 12 -13 14 19 18 -17 -18 -19 -20 -21
leaf_value=-3.2343999509976129e-06 -1.7320006775160363e-06 1.88407999530682e-06 1.7186829916226996e-06 -5.2337998504299326e-06 4.8800075819599443e-06 -1.4264351039929426e-07 5.5890721228024636e-06 -2.8094870685890787e-07 -5.6448453424958904e-08 -1.58431231132757e-06 1.7296324260865397e-06 2.7697031766495327e-07 3.1498072810511359e-07 -1.2353061282067743e-07 6.1077693469804731e-08 -3.5129314834524518e-06 6.2916779325882235e-07 1.8478529028698177e-06 -1.1725316565342701e-07 7.5713247492692941e-07
leaf_weight=20 24 40 20 25 20 37 32 20 350 27 71 28 26 385 2298 22 119 20 3231 49
leaf_count=20 24 40 20 25 20 37 32 20 350 27 71 28 26 385 2298 22 119 20 3231 49
internal_value=3.12583e-16 6.0772e-09 3.70337e-07 3.6194e-08 3.73674e-07 -2.19553e-06 1.69568e-06 2.91928e-06 1.4258e-07 -1.78782e-07 -2.83727e-08 -1.1861e-06 -1.94111e-08 3.00024e-07 -5.51521e-08 -1.43948e-06 1.04039e-06 7.83452e-07 -4.31341e-08 -2.41009e-08
internal_weight=6864 6840 591 472 410 62 119 72 390 47 6249 48 6201 624 5577 48 190 40 5529 434
internal_count=6864 6840 591 472 410 62 119 72 390 47 6249 48 6201 624 5577 48 190 40 5529 434
is_linear=0
shrinkage=0.05


Tree=96
num_leaves=22
num_cat=0
split_feature=3 8 4 27 5 14 5 14 7 14 27 7 7 14 3 4 7 15 27 13 1
split_gain=2.77035e-08 2.8814e-08 6.23901e-08 4.44033e-08 4.33218e-08 3.84487e-08 3.52821e-08 2.21581e-08 4.59082e-08 2.28891e-08 3.99532e-08 7.66204e-08 6.3214e-08 2.99402e-08 6.55964e-08 2.28555e-08 1.9754e-08 1.36789e-08 1.19335e-08 3.00079e-10 1.53204e-12
threshold=8.7500000000000018 342.23210573242926 1.0000000180025095e-35 34.833333333333336 4.8500000000000005 0.25206111083856975 13.65 -0.99763297024448894 106.02644824171743 -0.9442364261229238 91.500000000000014 137.56077128556549 127.83576336438848 -0.91978325482952472 19.350000000000005 27.500000000000004 140.90444300747774 1.0000000180025095e-35 9.8333333333333339 -0.12940952255126037 493.20000000000005
decision_type=2 2 2 2 2 2 2 2 2 2 2 2 2 2 2 2 2 2 2 2 2
left_child=-1 7 -3 5 -5 18 -6 8 19 10 11 -9 -12 14 -11 17 -15 -10 -4 20 -2
right_child=1 2 3 4 6 -7 -8 9 15 13 12 -13 -14 16 -16 -17 -18 -19 -20 -21 -22
leaf_value=-1.5695337938532411e-06 -8.9060102936855409e-08 -1.1605850396825612e-06 1.384798309800317e-07 -1.7464384347931629e-06 1.9813814393434286e-06 3.3895236332807994e-06 -5.5422142457186776e-07 -1.7221377288487828e-07 1.0964193124891609e-06 2.4968118136757171e-06 -5.5798724181505886e-08 -1.5508393329533021e-06 2.5956874600702968e-06 -3.2762807796234954e-08 -1.850878771947145e-07 4.3144988618829913e-08 3.3967794931761274e-07 2.6573646188410295e-06 1.8260138507354317e-06 -2.7023113314219072e-07 -7.3317465876243659e-08
leaf_weight=28 20 39 20 20 34 29 23 474 25 38 114 128 28 5236 57 21 382 32 22 26 68
leaf_count=28 20 39 20 20 34 29 23 474 25 38 114 128 28 5236 57 21 382 32 22 26 68
internal_value=2.02154e-15 6.42875e-09 6.18537e-07 1.08736e-06 2.55729e-07 1.98927e-06 9.58243e-07 -1.07865e-08 5.18539e-07 -2.65261e-08 -2.87391e-07 -4.65343e-07 4.6703e-07 7.44613e-09 8.87672e-07 1.45323e-06 -7.43843e-09 1.97274e-06 1.02243e-06 -1.20989e-07 -7.68953e-08
internal_weight=6864 6836 187 148 77 71 57 6649 192 6457 744 602 142 5713 95 78 5618 57 42 114 88
internal_count=6864 6836 187 148 77 71 57 6649 192 6457 744 602 142 5713 95 78 5618 57 42 114 88
is_linear=0
shrinkage=0.05


Tree=97
num_leaves=20
num_cat=0
split_feature=14 7 14 14 14 4 5 14 5 7 8 8 14 4 5 8 4 7 8
split_gain=2.59659e-08 2.9365e-08 9.30345e-08 1.29261e-07 1.55869e-07 1.17322e-07 9.58163e-08 1.48759e-07 6.62592e-08 4.57769e-08 1.9538e-08 2.29623e-08 1.70145e-08 3.58262e-08 1.66937e-08 1.25238e-08 2.70662e-08 1.51099e-08 5.15927e-09
threshold=0.99995780822346225 141.85670053890806 0.9053161325100999 0.78857998149907527 0.7210268013660811 60.500000000000007 4.8500000000000005 0.97696484778429815 8.6500000000000004 146.9483393451942 359.28908972677465 342.23210573242926 -0.50648480199892099 13.500000000000002 8.6500000000000004 16.085236471260917 20.500000000000004 135.88385556819316 295.7289486671886
decision_type=2 2 2 2 2 2 2 2 2 2 2 2 2 2 2 2 2 2 2
left_child=1 10 3 4 8 -5 9 -8 -3 -4 11 15 -13 -14 -9 16 -1 -17 -7
right_child=-2 2 6 5 -6 18 7 14 -10 -11 -12 12 13 -15 -16 17 -18 -19 -20
leaf_value=-4.3864060046416857e-07 -1.6417441817869378e-06 6.822792427151046e-07 1.6490382773781677e-06 -5.1392503379197429e-06 3.8190794900098513e-06 3.1202089871840149e-08 5.2792931114709068e-06 -3.1590502544531776e-07 -6.4290619325899688e-07 -1.5070230481931638e-06 -1.5135188510322968e-06 1.8588694099609991e-06 -7.4087182159634246e-07 1.7247126375143406e-06 1.7269894081550774e-06 -2.4185821236056335e-08 1.5349897071964254e-06 -4.3649138043682409e-07 -1.0908974515933508e-06
leaf_weight=32 24 206 20 21 30 20 32 20 174 27 22 26 34 26 20 5840 38 231 21
leaf_count=32 24 206 20 21 30 20 32 20 174 27 22 26 34 26 20 5840 38 231 21
internal_value=1.06561e-16 5.76051e-09 3.42635e-07 2.76423e-08 3.49405e-07 -2.10015e-06 1.59202e-06 2.73832e-06 7.54838e-08 -1.64018e-07 -2.60995e-08 -2.08444e-08 7.90506e-07 3.27548e-07 7.05542e-07 -3.22067e-08 6.32759e-07 -3.98739e-08 -5.43532e-07
internal_weight=6864 6840 591 472 410 62 119 72 380 47 6249 6227 86 60 40 6141 70 6071 41
internal_count=6864 6840 591 472 410 62 119 72 380 47 6249 6227 86 60 40 6141 70 6071 41
is_linear=0
shrinkage=0.05


Tree=98
num_leaves=21
num_cat=0
split_feature=3 8 14 5 14 14 8 14 14 14 14 9 5 15 15 15 9 15 8 8
split_gain=2.49728e-08 2.55841e-08 4.18187e-08 3.66267e-08 2.5273e-08 3.63983e-08 2.09474e-08 5.88837e-08 1.11482e-07 1.06076e-07 6.58348e-08 2.00116e-08 1.24832e-08 6.87104e-09 6.19328e-09 1.06479e-08 3.62258e-08 3.1138e-08 9.78667e-09 1.06948e-08
threshold=8.7500000000000018 294.7852751162809 0.99552231814189451 2.3500000000000001 0.98372640911059162 0.96904697354198299 76.626319791004263 -0.99630266176052629 -0.95995996396290595 -0.98214942551678475 -0.91978325482952472 -39.529722761798631 6.1500000000000012 1.0000000180025095e-35 0.73281578960684157 0.63255009372278048 -23.198879681637958 0.60553543375389329 82.02216750287225 249.13287113713864
decision_type=2 2 2 2 2 2 2 2 2 2 2 2 2 2 2 2 2 2 2 2
left_child=-1 6 3 11 5 -5 7 13 9 -9 -10 -3 -4 -2 15 17 -17 -8 -16 -20
right_child=1 2 12 4 -6 -7 14 8 10 -11 -12 -13 -14 -15 18 16 -18 -19 19 -21
leaf_value=-1.490174342474607e-06 1.3698676912099473e-06 2.4050198703662318e-06 9.0231914782634705e-07 9.3363030823782955e-08 -1.3054318676421968e-06 1.9903132685892792e-06 -6.4164972851673838e-08 9.9851627213512177e-09 2.131902740635523e-06 -3.2204508187305693e-06 1.403248856500676e-07 4.418360149429646e-07 2.6477423838449405e-06 2.6805006626773321e-06 -1.3104215474868397e-06 1.7590366896261653e-06 -6.9148953703764479e-08 -1.5033178182253132e-06 -7.3024142049987337e-08 -5.0147190874838541e-07
leaf_weight=28 20 27 20 923 31 26 3443 54 43 48 1186 25 21 20 20 35 120 38 536 200
leaf_count=28 20 27 20 923 31 26 3443 54 43 48 1186 25 21 20 20 35 120 38 536 200
internal_value=-1.95906e-17 6.1037e-09 2.30274e-07 1.68057e-07 9.94427e-08 1.45334e-07 -3.56341e-08 1.34983e-07 7.81778e-08 -1.51022e-06 2.10006e-07 1.46118e-06 1.79632e-06 2.02518e-06 -8.88938e-08 -6.182e-08 3.43667e-07 -7.98753e-08 -2.19105e-07 -1.8945e-07
internal_weight=6864 6836 1073 1032 980 949 5763 1371 1331 102 1229 52 41 40 4392 3636 155 3481 756 736
internal_count=6864 6836 1073 1032 980 949 5763 1371 1331 102 1229 52 41 40 4392 3636 155 3481 756 736
is_linear=0
shrinkage=0.05


Tree=99
num_leaves=16
num_cat=0
split_feature=3 9 9 3 3 3 3 8 8 27 27 8 4 9 5
split_gain=2.2538e-08 2.31824e-08 7.57984e-08 6.12149e-08 4.37222e-08 1.08423e-07 1.02047e-07 2.00381e-08 3.71535e-08 4.45138e-08 1.92823e-08 1.41192e-08 4.68782e-08 1.1006e-08 8.17133e-09
threshold=8.7500000000000018 -44.05708191324873 -45.139998667340755 15.450000000000001 24.250000000000004 21.250000000000004 19.650000000000002 16.085236471260917 29.375146660507657 22.500000000000004 37.833333333333336 294.7852751162809 97.500000000000014 -38.883777232114518 9.5500000000000025
decision_type=2 2 2 2 2 2 2 2 2 2 2 2 2 2 2
left_child=-1 2 4 -4 5 6 -2 10 9 -9 -3 13 -13 -10 -7
right_child=1 7 3 -5 -6 14 -8 8 11 -11 -12 12 -14 -15 -16
leaf_value=-1.4156656232801521e-06 1.6970137933231047e-07 2.0308185840429577e-07 4.2498709660776514e-06 7.6376238466229339e-07 -2.0260711944106533e-06 1.9689676878442698e-06 -2.7103264635286452e-06 3.9104847360249551e-07 -5.3050952686578422e-07 -2.3255528034089943e-06 2.1596360488729263e-06 6.7847927881521243e-08 1.6298284750659012e-06 -4.3941012142501911e-08 3.3811267831836071e-06
leaf_weight=28 792 34 20 34 23 20 32 25 119 38 20 630 52 4976 21
leaf_count=28 792 34 20 34 23 20 32 25 119 38 20 630 52 4976 21
internal_value=2.77271e-16 5.79851e-09 2.36117e-07 2.05491e-06 1.25514e-07 1.82724e-07 5.78556e-08 -3.10117e-08 -3.98768e-08 -1.24754e-06 9.27732e-07 -2.67069e-08 1.86943e-07 -5.53054e-08 2.69227e-06
internal_weight=6864 6836 942 54 888 865 824 5894 5840 63 54 5777 682 5095 41
internal_count=6864 6836 942 54 888 865 824 5894 5840 63 54 5777 682 5095 41
is_linear=0
shrinkage=0.05


Tree=100
num_leaves=15
num_cat=0
split_feature=15 27 14 7 15 15 5 15 15 12 14 15 7 7
split_gain=2.44783e-08 5.57359e-08 2.39785e-08 2.76209e-08 5.10271e-08 6.7119e-08 5.39341e-08 2.24785e-08 2.59074e-08 2.27068e-09 7.07603e-09 6.63009e-09 3.62461e-09 3.22757e-09
threshold=-0.99983123799342477 14.16666666666667 0.99995780822346225 106.02644824171743 -0.97111920233974802 -0.96234030595689413 19.150000000000002 -0.99864786094873803 -0.99465740988130902 0.98296291314453421 0.97112537654464559 -0.28519997588938989 105.40333196784904 103.23823423304056
decision_type=2 2 2 2 2 2 2 2 2 2 2 2 2 2
left_child=1 -1 3 9 7 -6 -7 -5 -9 12 11 -11 13 -2
right_child=2 -3 -4 4 5 6 -8 8 -10 10 -12 -13 -14 -15
leaf_value=-3.1411204372489013e-06 -7.589039004912914e-08 3.1480462731841339e-07 -1.5697223271142018e-06 2.2545004363954442e-06 -2.3511947911661733e-06 6.0135430442983448e-08 1.2473600363591686e-06 -3.4462652387273491e-07 1.1115326756032979e-06 1.3927546795130462e-07 8.5171016863754377e-07 -5.9404746512206122e-07 -6.7235467668069762e-07 1.9993546599275532e-07
leaf_weight=20 3930 28 24 28 28 2205 100 42 112 147 27 39 25 109
leaf_count=20 3930 28 24 28 28 2205 100 42 112 147 27 39 25 109
internal_value=-5.11893e-17 -1.12516e-06 7.92369e-09 1.34984e-08 1.44988e-07 8.20837e-08 1.11642e-07 9.51337e-07 7.14398e-07 -6.38212e-08 9.53137e-08 -1.44858e-08 -7.21617e-08 -6.84467e-08
internal_weight=6864 48 6816 6792 2515 2333 2305 182 154 4277 213 186 4064 4039
internal_count=6864 48 6816 6792 2515 2333 2305 182 154 4277 213 186 4064 4039
is_linear=0
shrinkage=0.05


Tree=101
num_leaves=19
num_cat=0
split_feature=14 7 14 14 14 27 14 5 27 5 8 8 14 7 7 9 14 7
split_gain=2.14232e-08 2.33442e-08 8.17685e-08 1.18694e-07 1.40068e-07 1.29477e-07 8.69803e-08 1.44397e-07 1.12616e-07 5.34086e-08 1.83972e-08 1.9129e-08 1.47518e-08 1.65465e-08 1.09802e-08 6.81153e-08 6.66098e-08 1.09751e-08
threshold=0.99995780822346225 141.85670053890806 0.9053161325100999 0.78857998149907527 0.74443451080969758 69.166666666666671 0.97696484778429815 4.6500000000000012 75.500000000000014 11.65 359.28908972677465 342.23210573242926 -0.50648480199892099 128.96249388644659 135.88385556819316 -44.05708191324873 0.90162119223771331 146.04853396835134
decision_type=2 2 2 2 2 2 2 2 2 2 2 2 2 2 2 2 2 2
left_child=1 10 3 4 9 -5 7 -4 17 -3 11 14 -13 -14 15 -1 -16 -8
right_child=-2 2 6 5 -6 -7 8 -9 -10 -11 -12 12 13 -15 16 -17 -18 -19
leaf_value=1.4160609679016135e-06 -1.4912361043191899e-06 4.9238753229498401e-07 -2.0262494693022084e-07 -4.8083987499012439e-06 4.3995996657031357e-06 -1.504901445981444e-07 -3.2526473091820663e-07 5.0268910799235476e-06 3.3346909458487068e-06 -7.8444404831067461e-07 -1.4665152331293609e-06 1.7172559305086347e-06 1.1790397077707636e-06 -4.8531168825860507e-07 2.1802621962535097e-07 -3.5127872140997827e-08 -1.5604169366503277e-06 -1.9111810947454917e-06
leaf_weight=82 24 273 22 25 20 37 20 33 20 117 22 26 28 32 162 5819 78 24
leaf_count=82 24 273 22 25 20 37 20 33 20 117 22 26 28 32 162 5819 78 24
internal_value=-7.33627e-16 5.23241e-09 3.05593e-07 1.02876e-08 3.18619e-07 -2.02868e-06 1.47689e-06 2.93508e-06 2.23753e-07 1.09338e-07 -2.31743e-08 -1.80749e-08 7.22463e-07 2.91386e-07 -2.84456e-08 -1.49622e-08 -3.59968e-07 -1.19031e-06
internal_weight=6864 6840 591 472 410 62 119 55 64 390 6249 6227 86 60 6141 5901 240 44
internal_count=6864 6840 591 472 410 62 119 55 64 390 6249 6227 86 60 6141 5901 240 44
is_linear=0
shrinkage=0.05


Tree=102
num_leaves=17
num_cat=0
split_feature=15 13 8 5 5 5 4 8 5 9 4 5 5 14 9 14
split_gain=2.20519e-08 5.4098e-08 2.40693e-08 4.01861e-08 2.83584e-08 2.71492e-08 2.46874e-08 2.02687e-08 2.09463e-08 4.45961e-08 2.0133e-08 1.68204e-08 1.6139e-08 1.19482e-08 3.48277e-08 1.60984e-08
threshold=-0.99983123799342477 0.25881904510252057 297.0434358768623 20.550000000000004 2.3500000000000001 3.0500000000000003 29.500000000000004 16.085236471260917 5.2500000000000009 -48.062832747620064 29.500000000000004 12.15 0.8500000000000002 0.99966190462023474 1.0000000180025095e-35 0.93544191479114935
decision_type=2 2 2 2 2 2 2 2 2 2 2 2 2 2 2 2
left_child=1 -1 7 4 10 -6 -7 8 -2 -10 -4 -11 -9 15 -15 -14
right_child=2 -3 3 -5 5 6 -8 12 9 11 -12 -13 13 14 -16 -17
leaf_value=3.5070728269407223e-07 -6.311447123152903e-07 -3.054059106943896e-06 2.5284745339333662e-06 2.4540739639178356e-06 -1.4659785703517406e-06 3.9934070060752059e-07 -1.3237912955108449e-07 -1.0994466178557458e-06 -6.1878289849508813e-07 2.4739796872255387e-06 4.9564699048491531e-07 6.9338431482416736e-07 -6.4161941940245575e-08 -2.3809234378512928e-06 1.4468393604333985e-07 1.7930284756236913e-07
leaf_weight=28 25 20 21 20 26 513 380 36 28 36 29 21 4831 21 39 790
leaf_count=28 25 20 21 20 26 513 380 36 28 36 29 21 4831 21 39 790
internal_value=1.145e-15 -1.06795e-06 7.52074e-09 2.35587e-07 1.89798e-07 1.26705e-07 1.73077e-07 -3.11883e-08 6.41089e-07 1.01528e-06 1.34943e-06 1.81797e-06 -4.41235e-08 -3.7436e-08 -7.39279e-07 -2.99443e-08
internal_weight=6864 48 6816 989 969 919 893 5827 110 85 50 57 5717 5681 60 5621
internal_count=6864 48 6816 989 969 919 893 5827 110 85 50 57 5717 5681 60 5621
is_linear=0
shrinkage=0.05


Tree=103
num_leaves=22
num_cat=0
split_feature=3 14 14 7 11 3 9 27 14 9 7 9 21 14 11 9 9 14 14 11 13
split_gain=2.00047e-08 1.9753e-08 8.32055e-08 1.19263e-07 8.00384e-08 1.3058e-07 1.1764e-07 9.86963e-08 5.47148e-08 5.25937e-08 3.64935e-08 1.27133e-07 2.25215e-08 2.10098e-08 5.58165e-08 6.57229e-08 3.96956e-08 3.80195e-08 8.62356e-08 2.53487e-08 1.04943e-08
threshold=8.7500000000000018 0.93544191479114935 0.92922379131507438 102.25218636244104 15.403125000000001 12.65 -40.710067886046815 35.166666666666679 0.94978112945126536 -35.796588535445593 141.85670053890806 -43.03020306360753 2.5000000000000004 0.21862473630160603 17.506250000000005 -57.55109063593499 -62.565047217481755 0.3504237462291826 0.31799963745711152 11.509375000000002 0.78656609248549303
decision_type=2 2 2 2 2 2 2 2 2 2 2 2 2 2 2 2 2 2 2 2 2
left_child=-1 2 13 -4 5 8 7 -7 -3 -10 11 -6 -8 14 16 -16 -2 18 -15 -19 -13
right_child=1 4 3 -5 10 6 12 -9 9 -11 -12 20 -14 17 15 -17 -18 19 -20 -21 -22
leaf_value=-1.3337357460484004e-06 2.0828351682666835e-06 2.1823705155425571e-06 3.8732627343535904e-09 -5.051450557402859e-06 -3.3034706905621736e-06 6.2653382033637352e-06 1.1687035137244324e-06 2.1683779893965964e-06 -1.5210796656033178e-06 3.8893326348717238e-07 1.8461277608386572e-06 -6.4924072740638094e-08 -5.5800543241100686e-07 -1.4216082544729306e-07 -1.635569619103811e-06 2.5076082952532607e-08 4.3689806113448036e-07 7.9960228571502971e-07 -1.8725627420668191e-06 -7.0284167149920722e-08 9.4397938710244489e-07
leaf_weight=28 40 22 28 20 31 21 69 49 67 78 23 568 26 288 61 2560 435 87 96 2240 27
leaf_count=28 40 22 28 20 31 21 69 49 67 78 23 568 26 288 61 2560 435 87 96 2240 27
internal_value=3.19267e-16 5.46293e-09 -2.93272e-08 -2.10251e-06 2.13105e-07 8.44553e-07 1.84215e-06 3.39747e-06 -1.41098e-07 -4.93624e-07 -1.09917e-07 -1.81784e-07 6.96131e-07 -1.21905e-08 7.68053e-08 -1.35731e-08 5.75503e-07 -1.13825e-07 -5.74761e-07 -3.77616e-08 -1.91419e-08
internal_weight=6864 6836 5855 48 981 332 165 70 167 145 649 626 95 5807 3096 2621 475 2711 384 2327 595
internal_count=6864 6836 5855 48 981 332 165 70 167 145 649 626 95 5807 3096 2621 475 2711 384 2327 595
is_linear=0
shrinkage=0.05


Tree=104
num_leaves=24
num_cat=0
split_feature=15 3 14 7 14 27 7 3 7 14 7 12 14 14 15 4 27 21 15 4 13 7 3
split_gain=2.00017e-08 5.45677e-08 1.86536e-08 3.951e-08 2.21329e-08 3.57231e-08 6.92882e-08 2.67827e-07 5.50097e-08 3.0706e-08 8.77351e-08 4.28642e-08 4.04084e-08 7.78276e-08 2.64951e-08 1.94858e-08 1.81795e-08 1.36404e-08 1.17003e-08 6.89178e-10 2.49224e-10 2.54922e-12 1.39952e-16
threshold=-0.99983123799342477 19.750000000000004 -0.99763297024448894 106.02644824171743 -0.9442364261229238 91.500000000000014 137.56077128556549 16.450000000000003 127.83576336438848 0.21862473630160603 115.3141334358147 0.12940952255126045 0.3504237462291826 0.31799963745711152 -0.91249077947840473 27.500000000000004 50.500000000000007 1.5000000000000002 1.0000000180025095e-35 98.500000000000014 -0.12940952255126037 66.974035413425625 24.750000000000004
decision_type=2 2 2 2 2 2 2 2 2 2 2 2 2 2 2 2 2 2 2 2 2 2 2
left_child=1 -1 3 20 5 6 16 -8 19 10 17 -12 13 -11 -14 18 -4 -6 -5 -7 21 22 -2
right_child=2 -3 4 15 9 8 7 -9 -10 12 11 -13 14 -15 -16 -17 -18 -19 -20 -21 -22 -23 -24
leaf_value=-3.0118054951344676e-06 -5.537437004932144e-08 4.077086990556771e-07 -3.4272322215710881e-07 1.0293392374478572e-06 2.6449420821371496e-07 -2.229132533264939e-07 1.4883024052873377e-06 -3.2359897589984146e-06 2.4352300828565736e-06 -1.3505278363906075e-07 1.8487243430687231e-07 1.0758692665118557e-06 9.4409627872475235e-07 -1.7789345956133648e-06 -2.5423199021701423e-08 5.8127269160953199e-08 3.5301513861220657e-07 -9.388156787797613e-08 2.4729834120051921e-06 4.3613319556105215e-08 -2.3629386698932932e-07 -7.5792501377236485e-08 -5.5531796760988076e-08
leaf_weight=20 20 28 345 25 340 35 48 80 28 288 227 333 72 96 3312 21 129 1212 32 79 26 20 48
leaf_count=20 20 28 345 25 340 35 48 80 28 288 227 333 72 96 3312 21 129 1212 32 79 26 20 48
internal_value=1.71912e-15 -1.01709e-06 7.1626e-09 4.93006e-07 -6.91981e-09 -2.63859e-07 -4.32128e-07 -1.46438e-06 4.49507e-07 2.55909e-08 1.78207e-07 7.14697e-07 -5.99521e-08 -5.46023e-07 -4.79513e-09 1.36012e-06 -1.53377e-07 -1.53714e-08 1.83981e-06 -3.8215e-08 -1.00285e-07 -6.01007e-08 -5.54855e-08
internal_weight=6864 48 6816 192 6624 744 602 128 142 5880 2112 560 3768 384 3384 78 474 1552 57 114 114 88 68
internal_count=6864 48 6816 192 6624 744 602 128 142 5880 2112 560 3768 384 3384 78 474 1552 57 114 114 88 68
is_linear=0
shrinkage=0.05


Tree=105
num_leaves=17
num_cat=0
split_feature=15 27 8 5 5 27 4 3 8 8 5 3 9 3 5 8
split_gain=1.80515e-08 5.13353e-08 2.09658e-08 3.41324e-08 2.94858e-08 3.26496e-08 6.44466e-08 2.50719e-08 2.43611e-08 1.83969e-08 1.80564e-08 4.27206e-08 3.62902e-08 1.47028e-08 1.20845e-08 1.27838e-08
threshold=-0.99983123799342477 14.16666666666667 294.7852751162809 20.750000000000004 17.050000000000004 1.0000000180025095e-35 1.0000000180025095e-35 24.550000000000004 332.69128857788991 16.085236471260917 5.2500000000000009 16.650000000000002 -41.080504213044314 9.1500000000000004 0.8500000000000002 76.626319791004263
decision_type=2 2 2 2 2 2 2 2 2 2 2 2 2 2 2 2
left_child=1 -1 9 4 5 7 -7 -4 -6 10 -2 -12 -13 -11 -15 -16
right_child=2 -3 3 -5 8 6 -8 -9 -10 13 11 12 -14 14 15 -17
leaf_value=-2.9009691297687823e-06 -5.7181031979780533e-07 4.1571898918846277e-07 1.396371839838197e-06 2.206109569496697e-06 -6.2778541943867155e-08 -1.8055705617726056e-06 2.2578215551390197e-07 -2.8534486538209704e-07 -2.0490093666362205e-06 -1.080105332525417e-06 2.3639149110915074e-06 -1.257024814112111e-06 1.3847321029585987e-06 -9.6336772876729326e-07 1.1112654529928157e-07 -7.1650278751730794e-08
leaf_weight=20 25 28 94 21 38 41 819 29 26 34 33 26 26 35 1227 4342
leaf_count=20 25 28 94 21 38 41 819 29 26 34 33 26 26 35 1227 4342
internal_value=-1.9997e-16 -9.66234e-07 6.80447e-09 2.10243e-07 1.70211e-07 2.37916e-07 1.28939e-07 9.9987e-07 -8.69685e-07 -3.09952e-08 6.09403e-07 9.56819e-07 6.38536e-08 -4.34897e-08 -3.72004e-08 -3.13796e-08
internal_weight=6864 48 6816 1068 1047 983 860 123 64 5748 110 85 52 5638 5604 5569
internal_count=6864 48 6816 1068 1047 983 860 123 64 5748 110 85 52 5638 5604 5569
is_linear=0
shrinkage=0.05


Tree=106
num_leaves=29
num_cat=0
split_feature=14 9 14 15 4 5 14 14 4 5 8 5 15 14 14 1 8 14 8 15 11 11 4 15 11 8 14 8
split_gain=1.81007e-08 1.78267e-08 4.52653e-08 1.09875e-07 1.22243e-07 1.19407e-07 1.03183e-07 1.26591e-07 1.01526e-07 6.31195e-08 4.72961e-08 1.81581e-08 1.61016e-08 6.75206e-08 2.69896e-07 3.29016e-07 1.01447e-07 9.32416e-08 2.95706e-08 2.95535e-08 1.0995e-07 8.52759e-08 6.41192e-08 2.8792e-08 1.59701e-07 1.34773e-07 8.5495e-09 8.47919e-09
threshold=0.99995780822346225 -50.079440919398102 0.9053161325100999 0.19126587156512342 80.500000000000014 4.6500000000000012 0.78857998149907527 0.7210268013660811 60.500000000000007 8.6500000000000004 326.12423047573299 9.4500000000000011 -0.73865259438682551 0.54219432480460406 0.51297097409535064 129.15000000000001 64.428322586535174 0.48314048284850658 313.47436551543655 -0.6391983530350368 18.406250000000004 24.312500000000004 80.500000000000014 -0.46800559042974538 15.403125000000001 39.371505767129129 0.86548282553247169 46.670322230074909
decision_type=2 2 2 2 2 2 2 2 2 2 2 2 2 2 2 2 2 2 2 2 2 2 2 2 2 2 2 2
left_child=1 2 6 4 10 -5 7 9 -8 -1 -4 -7 13 14 17 -16 27 -3 -18 20 22 -22 -14 24 -21 -25 -10 -15
right_child=-2 12 3 5 -6 11 8 -9 26 -11 -12 -13 19 16 15 -17 18 -19 -20 23 21 -23 -24 25 -26 -27 -28 -29
leaf_value=6.4721046845222495e-07 -1.3707280487551544e-06 2.7715156767113867e-08 -3.2508352541342556e-06 -4.3780714804597669e-07 3.1759632224748199e-06 5.1929703386122132e-06 -4.692239750001125e-06 3.4360680001555017e-06 -1.1637076444127492e-06 -5.5078177966828682e-07 -3.0765839384026223e-07 3.1330044677393133e-06 -2.6807904763176941e-06 3.3035086062227492e-06 -8.6095409824338275e-06 -2.1291313519863514e-07 8.0290298924537423e-08 2.2618210023731915e-06 1.8975679001169527e-06 2.4925516475507143e-06 1.5313120843822336e-06 -4.9134694984535795e-07 5.146370773445596e-07 -3.9081918479812731e-06 -3.1016022454146765e-08 -6.6732306121062214e-08 2.3023179975015494e-07 1.9988011581517637e-06
leaf_weight=232 24 1728 21 22 20 20 21 30 22 209 39 23 73 33 20 28 161 48 26 72 68 223 20 23 485 3131 22 20
leaf_count=232 24 1728 21 22 20 20 21 30 22 209 39 23 73 33 20 28 161 48 26 72 68 223 20 23 485 3131 22 20
internal_value=-7.29486e-16 4.80957e-09 2.47559e-07 1.03131e-06 -2.09337e-07 2.55826e-06 3.55373e-08 2.93252e-07 -1.8319e-06 7.94545e-08 -1.33777e-06 4.09113e-06 -2.20312e-08 9.18421e-08 -1.18932e-08 -3.71151e-06 8.8023e-07 8.80964e-08 3.3296e-07 -7.94267e-08 -4.96995e-07 -1.86981e-08 -1.9936e-06 -3.62184e-08 2.9519e-07 -9.47455e-08 -4.66738e-07 2.81117e-06
internal_weight=6864 6840 681 145 80 65 536 471 65 441 60 43 6159 2064 1824 48 240 1776 187 4095 384 291 93 3711 557 3154 44 53
internal_count=6864 6840 681 145 80 65 536 471 65 441 60 43 6159 2064 1824 48 240 1776 187 4095 384 291 93 3711 557 3154 44 53
is_linear=0
shrinkage=0.05


Tree=107
num_leaves=31
num_cat=0
split_feature=14 9 11 14 14 7 5 13 13 14 7 3 14 14 3 14 3 14 9 7 14 9 3 7 21 27 13 11 5 27
split_gain=1.84605e-08 4.52767e-08 2.7596e-08 2.25292e-08 9.46163e-08 2.31263e-07 3.20861e-08 9.11545e-08 4.62057e-08 5.87861e-08 2.18927e-08 5.14234e-08 9.66039e-08 1.52016e-07 5.98811e-08 7.90227e-08 6.297e-08 4.04715e-08 2.0588e-08 1.83581e-08 1.61798e-08 4.48893e-08 1.33168e-07 5.65706e-08 3.43398e-08 2.23188e-08 1.01391e-08 3.59776e-09 2.27223e-09 1.71871e-09
threshold=-0.99630266176052629 -60.224164379586931 19.087500000000002 -0.95995996396290595 -0.96689237009891416 127.24074106800991 12.750000000000002 0.60355339059327384 0.78656609248549303 -0.98523971305672675 141.85670053890806 13.15 0.95998215779580554 0.78857998149907527 11.65 0.9916835347852474 12.250000000000002 0.97875492728876534 -40.273401791306568 115.93018444175868 0.21862473630160603 -45.723813439083791 17.050000000000004 134.27442752181852 1.0000000180025095e-35 18.166666666666668 0.60355339059327384 21.771875000000005 10.550000000000002 32.833333333333336
decision_type=2 2 2 2 2 2 2 2 2 2 2 2 2 2 2 2 2 2 2 2 2 2 2 2 2 2 2 2 2 2
left_child=1 -1 19 4 6 29 8 -8 18 -10 20 14 13 -13 15 -12 -16 -14 -2 -3 24 22 -22 -23 25 -5 27 -4 -26 -6
right_child=3 2 26 10 5 -7 7 -9 9 -11 11 12 17 -15 16 -17 -18 -19 -20 -21 21 23 -24 -25 28 -27 -28 -29 -30 -31
leaf_value=2.4910461656683463e-06 -1.6668298225600404e-06 -1.1580698626511591e-08 6.4655179656369908e-07 1.1456624534607239e-07 -5.7701468068918755e-07 -6.5808756704655022e-06 -6.1193946275536351e-08 -3.7993017897298119e-06 2.7348831360995972e-06 6.312089089277606e-08 1.9969318960055569e-06 7.3560959292889906e-07 4.3439013028467389e-06 -3.4363651982024146e-06 -3.0655335810860707e-06 -1.6873852184124357e-06 -2.740386740885603e-07 1.2685136164236612e-06 -4.3631270007742677e-08 1.858385051361568e-06 -2.0406504661618643e-07 -6.7396426608245029e-08 -3.9051872325520289e-06 1.8017835621893073e-06 -1.5171104379183318e-07 6.1751417176644249e-07 -1.1293556148605047e-06 -7.8668488335274484e-08 -1.8320566597431409e-08 1.7605785764129092e-09
leaf_weight=24 21 21 20 522 23 20 73 21 35 50 43 242 23 24 31 22 58 20 280 35 128 3185 30 41 540 382 22 118 781 29
leaf_count=24 21 21 20 522 23 20 73 21 35 50 43 242 23 24 31 22 58 20 280 35 128 3185 30 41 540 382 22 118 781 29
internal_value=1.00367e-15 4.30782e-07 2.01864e-07 -1.5608e-08 -3.21438e-07 -2.01164e-06 -6.79078e-08 -8.96303e-07 1.33826e-07 1.16326e-06 1.21946e-08 3.42645e-07 7.14643e-07 3.59191e-07 -4.03767e-07 7.49932e-07 -1.24636e-06 2.91349e-06 -1.56878e-07 1.15715e-06 -1.50827e-08 -8.39422e-08 -9.0681e-07 -4.36406e-08 8.96457e-08 3.27095e-07 -1.32485e-07 2.64359e-08 -7.28481e-08 -2.54236e-07
internal_weight=6864 240 216 6624 552 72 480 94 386 85 6072 463 309 266 154 65 89 43 301 56 5609 3384 158 3226 2225 904 160 138 1321 52
internal_count=6864 240 216 6624 552 72 480 94 386 85 6072 463 309 266 154 65 89 43 301 56 5609 3384 158 3226 2225 904 160 138 1321 52
is_linear=0
shrinkage=0.05


Tree=108
num_leaves=29
num_cat=0
split_feature=14 7 11 14 4 7 14 14 12 15 5 7 7 14 11 15 3 14 7 14 7 13 11 5 13 15 3 7
split_gain=1.66606e-08 4.00395e-08 2.37593e-08 2.0533e-08 3.74072e-08 6.42039e-08 1.62167e-07 1.51785e-07 1.00579e-07 4.45762e-08 4.07297e-08 6.72367e-08 2.74379e-08 2.32686e-08 5.42212e-08 1.66977e-08 5.08473e-08 1.87469e-08 5.59915e-08 3.61242e-08 1.65251e-08 9.85431e-09 3.24698e-09 1.87994e-09 8.91806e-10 1.76301e-09 3.18805e-10 5.59433e-11
threshold=-0.99630266176052629 149.62101987271549 19.087500000000002 -0.9442364261229238 53.500000000000007 113.87962408466828 -0.96463499255812291 -0.95244167294248061 -1.0000000180025095e-35 -0.27694043983797384 4.0500000000000007 140.90444300747774 129.63981966833532 -0.91978325482952472 19.412500000000005 -0.99983123799342477 19.750000000000004 0.21862473630160603 126.42697836592782 0.3504237462291826 115.93018444175868 0.60355339059327384 21.771875000000005 14.250000000000002 1.0000000180025095e-35 -0.10837475778693638 22.650000000000002 77.98501034830889
decision_type=2 2 2 2 2 2 2 2 2 2 2 2 2 2 2 2 2 2 2 2 2 2 2 2 2 2 2 2
left_child=1 2 20 4 5 24 8 -8 -7 -6 12 -12 -11 14 -5 16 -15 18 -17 -19 -1 22 -4 -16 27 -26 -24 -2
right_child=3 -3 21 13 9 6 7 -9 -10 10 11 -13 -14 15 23 17 -18 19 -20 -21 -22 -23 26 -25 25 -27 -28 -29
leaf_value=-1.1001659350724714e-08 -2.2681814826341909e-08 2.2231559308204816e-06 6.1422420856160902e-07 2.2554879404729516e-06 2.2266917624117848e-06 1.8451070003980671e-06 -7.0301231711969853e-06 -1.0872274422656471e-06 -1.3746862870897233e-06 1.4170274160976406e-07 -4.6524063532995645e-08 -2.920198980717869e-06 2.2082803141153096e-06 -2.8516063730421595e-06 7.3375787869942796e-08 1.5555604930933817e-08 4.4927855843265466e-07 -5.150917694392761e-07 7.2260882381737706e-07 -3.3580276423594376e-09 1.78320421968458e-06 -1.1374917270196811e-06 -2.4176304895431513e-07 -5.0144030512910833e-07 -6.0721156607066659e-07 -1.7923708052573302e-08 -3.429671065041954e-08 -9.3996314602536177e-08
leaf_weight=21 165 27 20 38 24 35 21 22 79 36 177 23 29 20 33 1680 28 384 336 3384 33 21 23 25 22 30 95 33
leaf_count=21 165 27 20 38 24 35 21 22 79 36 177 23 29 20 33 1680 28 384 336 3384 33 21 23 25 22 30 95 33
internal_value=1.01329e-15 4.09243e-07 1.7931e-07 -1.48276e-08 -2.7174e-07 -5.80624e-07 -1.37308e-06 -3.98957e-06 -3.86153e-07 1.63262e-07 -2.36147e-08 -3.76997e-07 1.06371e-06 1.53362e-08 7.87437e-07 2.62669e-09 -9.2609e-07 1.03339e-08 1.33398e-07 -5.55092e-08 1.08546e-06 -1.28438e-07 2.51141e-08 -1.7439e-07 -8.2963e-08 -2.67238e-07 -7.47351e-08 -3.45676e-08
internal_weight=6864 240 213 6624 696 407 157 43 114 289 265 200 65 5928 96 5832 48 5784 2016 3768 54 159 138 58 250 52 118 198
internal_count=6864 240 213 6624 696 407 157 43 114 289 265 200 65 5928 96 5832 48 5784 2016 3768 54 159 138 58 250 52 118 198
is_linear=0
shrinkage=0.05


Tree=109
num_leaves=18
num_cat=0
split_feature=14 14 14 7 11 15 9 14 27 14 8 5 9 3 14 8 15
split_gain=1.58709e-08 1.78642e-08 7.40134e-08 1.07586e-07 6.98723e-08 2.19051e-07 9.58591e-08 7.89462e-08 1.13786e-07 9.25413e-08 3.35542e-08 2.44801e-08 4.5769e-08 1.7159e-08 1.99942e-08 1.99738e-07 3.09727e-08
threshold=0.99995780822346225 0.93544191479114935 0.92922379131507438 102.25218636244104 15.403125000000001 -0.11692317777808843 -40.710067886046815 0.97696484778429815 40.500000000000007 0.99552231814189451 41.872789802189153 1.5500000000000003 -43.03020306360753 10.550000000000002 0.90162119223771331 66.461755999284875 0.18281312110578132
decision_type=2 2 2 2 2 2 2 2 2 2 2 2 2 2 2 2 2
left_child=1 2 13 -4 5 6 -3 8 -7 -9 -6 -12 -13 -1 16 -16 -15
right_child=-2 4 3 -5 10 7 -8 9 -10 -11 11 12 -14 14 15 -17 -18
leaf_value=1.269146857269404e-06 -1.28352498525904e-06 5.81858241905418e-06 1.6673579291851378e-08 -4.7847932364675223e-06 -2.1249296258929463e-06 4.0660518011307055e-06 1.7591157490240008e-06 -1.3176279621598901e-06 -9.2682465660082507e-08 7.3038179370205791e-07 1.6338194156441588e-06 -1.8573306742350075e-06 6.3145423308904713e-09 7.2332978976966772e-08 -5.1181604508851061e-06 8.6184987788099855e-08 -1.8777012145254486e-07
leaf_weight=26 24 26 28 20 20 29 33 106 38 115 21 35 561 4008 21 151 1602
leaf_count=26 24 26 28 20 20 29 33 106 38 115 21 35 561 4008 21 151 1602
internal_value=-5.40283e-16 4.5036e-09 -2.86195e-08 -1.98394e-06 2.01626e-07 7.72487e-07 3.54803e-06 2.03885e-07 1.70737e-06 -2.51922e-07 -1.09345e-07 -4.40096e-08 -1.03128e-07 -1.24598e-08 -1.82229e-08 -5.49229e-07 -1.94245e-09
internal_weight=6864 6840 5856 48 984 347 59 288 67 221 637 617 596 5808 5782 172 5610
internal_count=6864 6840 5856 48 984 347 59 288 67 221 637 617 596 5808 5782 172 5610
is_linear=0
shrinkage=0.05


Tree=110
num_leaves=17
num_cat=0
split_feature=15 3 8 14 14 5 15 14 8 8 5 3 5 3 5 14
split_gain=1.50892e-08 4.58897e-08 1.60244e-08 3.10491e-08 6.28918e-08 3.18061e-08 7.4432e-08 6.10798e-08 2.28831e-08 1.49667e-08 1.59465e-08 3.84081e-08 3.33681e-08 1.21305e-08 1.16038e-08 1.22044e-08
threshold=-0.99983123799342477 19.750000000000004 294.7852751162809 0.99552231814189451 0.99053107487289871 5.8500000000000005 -0.88620506325989179 -0.93879691571722779 329.03213541798777 16.085236471260917 5.2500000000000009 16.650000000000002 11.65 9.1500000000000004 0.8500000000000002 0.93544191479114935
decision_type=2 2 2 2 2 2 2 2 2 2 2 2 2 2 2 2
left_child=1 -1 9 4 5 6 -4 -7 -5 10 -2 -12 -13 -11 -15 -16
right_child=2 -3 3 8 -6 7 -8 -9 -10 13 11 12 -14 14 15 -17
leaf_value=-2.7126427630719265e-06 -5.5926716791532275e-07 4.2319796956949834e-07 -6.7700510461874182e-07 2.5741918926275071e-06 -2.6481228269403799e-06 -1.4551626362102612e-06 1.2329058547006105e-06 1.5923407420613861e-07 2.9132861960707012e-07 -9.7967125486440965e-07 2.2114668133850283e-06 1.0730546366190656e-06 -1.5082965510211061e-06 -9.3994294652637627e-07 -5.7215214816267607e-08 1.52734974376598e-07
leaf_weight=20 25 28 72 23 20 64 175 693 21 34 33 31 21 35 4759 810
leaf_count=20 25 28 72 23 20 64 175 693 21 34 33 31 21 35 4759 810
internal_value=-6.43135e-16 -8.83402e-07 6.22114e-09 1.84078e-07 1.28194e-07 1.83499e-07 6.76171e-07 2.27461e-08 1.48464e-06 -2.68252e-08 5.50793e-07 8.77281e-07 3.05859e-08 -3.80948e-08 -3.23822e-08 -2.66784e-08
internal_weight=6864 48 6816 1068 1024 1004 247 757 44 5748 110 85 52 5638 5604 5569
internal_count=6864 48 6816 1068 1024 1004 247 757 44 5748 110 85 52 5638 5604 5569
is_linear=0
shrinkage=0.05


Tree=111
num_leaves=30
num_cat=0
split_feature=14 8 8 14 14 7 8 3 3 27 8 8 7 15 14 14 14 27 15 3 8 8 14 15 15 16 27 18 6
split_gain=1.5377e-08 3.98943e-08 2.34256e-08 1.82003e-08 7.70029e-08 1.94569e-07 3.41401e-08 3.85189e-08 2.70308e-08 2.12967e-08 6.51614e-08 3.17898e-08 2.03619e-08 5.5758e-08 1.10023e-07 1.13811e-07 1.00977e-07 9.50105e-08 9.31382e-08 6.40592e-08 1.68086e-08 2.06891e-08 1.30216e-08 9.30804e-09 8.86801e-09 4.41648e-09 1.23749e-09 1.96836e-10 1.44862e-10
threshold=-0.99630266176052629 84.197255422740469 292.74888780443831 -0.95995996396290595 -0.96689237009891416 127.24074106800991 279.28182167500222 17.550000000000004 18.550000000000004 70.833333333333357 64.428322586535174 73.386044648695517 141.85670053890806 0.46038001402560286 0.78857998149907527 0.7210268013660811 0.9916835347852474 69.166666666666671 1.0000000180025095e-35 11.550000000000002 358.4764110538411 342.23210573242926 -0.95754239937548935 -0.9575230291762723 1.0000000180025095e-35 1.0000000180025095e-35 32.833333333333336 5.025000000000001e-06 0.00011812500000000001
decision_type=2 2 2 2 2 2 2 2 2 2 2 2 2 2 2 2 2 2 2 2 2 2 2 2 2 2 2 2 2
left_child=1 24 25 4 6 26 9 -8 -9 10 -2 -11 20 16 15 -15 19 -16 -18 -14 21 22 -5 -23 -1 -3 -6 -27 -29
right_child=3 2 -4 12 5 -7 7 8 -10 11 -12 -13 13 14 17 -17 18 -19 -20 -21 -22 23 -24 -25 -26 27 -28 28 -30
leaf_value=9.839214676503617e-07 -2.2321615478814317e-06 -7.0054728162690041e-07 1.4265791403684288e-06 -1.2623162836873582e-06 -4.7584236907089636e-07 -6.0049976264053838e-06 2.1597930153033676e-06 -1.2163507885058304e-06 1.2400013604617147e-06 2.0232840245712613e-06 -1.4701530577805367e-07 -7.1131302876120191e-08 3.9556477149744749e-06 -7.0813846734952858e-08 -4.6723622982757327e-06 3.237255071629382e-06 1.4357299210132625e-06 -4.039502741193246e-07 -3.1842456526950023e-06 1.1630652780440969e-06 -1.0924904233316428e-06 -5.247881577339459e-08 -1.4864892456312904e-08 1.1982717607599411e-06 2.3156883164574538e-06 1.0301098935120275e-07 1.5268535603668013e-08 -1.8576054856112025e-07 -3.7142165672258967e-08
leaf_weight=25 46 31 27 21 23 20 34 24 21 21 202 132 25 195 22 30 20 32 24 115 36 21 5480 51 25 21 29 20 91
leaf_count=25 46 31 27 21 23 20 34 24 21 21 202 132 25 195 22 30 20 32 24 115 36 21 5480 51 25 21 29 20 91
internal_value=1.85835e-15 3.93162e-07 6.24671e-08 -1.4245e-08 -2.89127e-07 -1.81391e-06 -6.0409e-08 8.89627e-07 -7.00531e-08 -2.47573e-07 -5.33776e-07 2.16337e-07 1.07442e-08 3.29432e-07 -1.16163e-07 3.70262e-07 1.00509e-06 -2.14293e-06 -1.08426e-06 1.66174e-06 -1.55622e-08 -8.6055e-09 -1.9627e-08 8.3347e-07 1.6498e-06 -1.6349e-07 -2.01954e-07 -3.7363e-08 -6.39203e-08
internal_weight=6864 240 190 6624 552 72 480 79 45 401 248 153 6072 463 279 225 184 54 44 140 5609 5573 5501 72 50 163 52 132 111
internal_count=6864 240 190 6624 552 72 480 79 45 401 248 153 6072 463 279 225 184 54 44 140 5609 5573 5501 72 50 163 52 132 111
is_linear=0
shrinkage=0.05


Tree=112
num_leaves=27
num_cat=0
split_feature=14 7 14 14 14 27 5 14 15 7 4 15 14 14 0 2 14 14 15 11 27 11 15 11 15 6
split_gain=1.42707e-08 1.54246e-08 5.28172e-08 8.58436e-08 1.04058e-07 9.91146e-08 6.14851e-08 9.90449e-08 4.56411e-08 3.61976e-08 1.41307e-08 1.31027e-08 6.06023e-08 2.44476e-07 2.98725e-07 8.94734e-08 8.33691e-08 3.21855e-08 2.87795e-08 9.92903e-08 8.90009e-08 7.57023e-08 2.73049e-08 1.39603e-07 5.01764e-08 2.83177e-09
threshold=0.99995780822346225 141.85670053890806 0.9053161325100999 0.78857998149907527 0.74443451080969758 69.166666666666671 4.8500000000000005 0.97696484778429815 0.16587474750015932 146.9483393451942 40.500000000000007 -0.73865259438682551 0.54219432480460406 0.51297097409535064 33.500000000000007 15.500000000000002 0.48314048284850658 0.61237135649459018 -0.6391983530350368 18.406250000000004 73.833333333333357 24.153125000000003 -0.46800559042974538 15.403125000000001 -0.39036009226888674 0.00010055000000000002
decision_type=2 2 2 2 2 2 2 2 2 2 2 2 2 2 2 2 2 2 2 2 2 2 2 2 2 2
left_child=1 11 3 4 8 -5 9 -8 -3 -4 -9 12 13 16 -15 17 -1 -14 19 20 -13 -21 23 -20 -24 -17
right_child=-2 2 6 5 -6 -7 7 10 -10 -11 -12 18 15 14 -16 25 -18 -19 22 21 -22 -23 24 -25 -26 -27
leaf_value=2.4066954226228443e-08 -1.2171004376189862e-06 8.3630942539356415e-07 1.3953365836982813e-06 -4.1549713332642566e-06 3.7907966452621624e-06 -7.9632363050788282e-08 4.181412637649373e-06 -4.9040707494896196e-07 -3.0064606622705899e-07 -1.411141847206131e-06 1.3891353455619538e-06 -2.7397457471699405e-06 2.8422850323518196e-06 -8.2022125388903082e-06 -2.0143270416740835e-07 5.513487815989038e-07 2.1365905357839668e-06 1.0659282645074022e-06 2.3489926899995022e-06 1.5222190651889657e-06 9.5966653199346708e-07 -4.4728797633183849e-07 -7.9936885919607408e-07 -6.4609473198570642e-09 -2.9984865478561492e-08 -9.2053159725333376e-08
leaf_weight=1728 24 135 20 25 20 37 32 20 255 27 20 72 51 20 28 20 48 51 72 62 21 229 228 498 3003 118
leaf_count=1728 24 135 20 25 20 37 32 20 255 27 20 72 51 20 28 20 48 51 72 62 21 229 228 498 3003 118
internal_value=8.25764e-16 4.27053e-09 2.48423e-07 1.10853e-08 2.733e-07 -1.72291e-06 1.1898e-06 2.10805e-06 9.29155e-08 -2.16896e-07 4.49364e-07 -1.88202e-08 8.42748e-08 -1.40024e-08 -3.53509e-06 8.31182e-07 8.11622e-08 1.95411e-06 -6.96657e-08 -4.82188e-07 -1.90439e-06 -2.76679e-08 -2.79902e-08 2.9107e-07 -8.42775e-08 1.1935e-09
internal_weight=6864 6840 591 472 410 62 119 72 390 47 40 6249 2064 1824 48 240 1776 102 4185 384 93 291 3801 570 3231 138
internal_count=6864 6840 591 472 410 62 119 72 390 47 40 6249 2064 1824 48 240 1776 102 4185 384 93 291 3801 570 3231 138
is_linear=0
shrinkage=0.05


Tree=113
num_leaves=22
num_cat=0
split_feature=5 14 14 7 7 14 7 15 27 15 7 15 5 14 5 0 8 15 14 0 2
split_gain=1.43125e-08 3.87664e-08 2.89466e-08 4.533e-08 3.93078e-08 1.35701e-08 2.30493e-08 1.28161e-08 4.78801e-08 1.85132e-08 3.92684e-08 3.36062e-08 7.18151e-08 1.34566e-08 1.27958e-08 1.19153e-08 7.9761e-09 6.59777e-09 2.30538e-10 8.14748e-11 3.73201e-12
threshold=19.550000000000004 0.98522604642031408 0.84773968378660736 131.26199886061127 103.50451765700019 -0.99940763397299126 106.02644824171743 -0.99983123799342477 14.16666666666667 -0.97111920233974802 120.92003185630369 -0.96687281075841669 13.15 0.15101559051660998 2.8500000000000001 46.500000000000007 84.988342800080389 1.0000000180025095e-35 0.82899317702918729 238.50000000000003 150.50000000000003
decision_type=2 2 2 2 2 2 2 2 2 2 2 2 2 2 2 2 2 2 2 2 2
left_child=5 2 3 16 20 6 19 8 -7 10 15 12 -11 -12 -13 -9 -2 -8 -18 -1 -4
right_child=1 -3 4 -5 -6 7 17 9 -10 11 13 14 -14 -15 -16 -17 18 -19 -20 -21 -22
leaf_value=-1.6247034757554958e-07 1.0475771343010366e-06 1.8647188887320631e-06 -4.8487742105862715e-08 1.9587531299363876e-06 -2.6262054393555449e-06 -2.7081055327471408e-06 8.4777526240031879e-07 3.7603837738116283e-07 4.9502289211237189e-07 3.7815955352016321e-07 1.3731111370031034e-06 2.6953877479622115e-07 -3.6415912843779098e-06 -6.3678453443571923e-08 -5.4938446672605354e-08 -1.2805092791445816e-07 -2.45474440254799e-08 2.1320816608749739e-06 1.4461564677750847e-07 -3.6604098991372463e-08 -2.1267998922775846e-08
leaf_weight=20 20 36 20 39 20 20 20 185 28 25 88 322 20 20 5386 320 162 20 23 36 34
leaf_count=20 20 36 20 39 20 20 20 185 28 25 88 322 20 20 5386 320 162 20 23 36 34
internal_value=-5.68179e-16 3.09619e-07 1.3357e-07 3.9628e-07 -7.32662e-07 -1.68365e-08 5.73229e-07 -2.56681e-08 -8.39614e-07 -1.95309e-08 2.41682e-07 -4.7364e-08 -1.4084e-06 1.10704e-06 -3.6634e-08 5.66155e-08 9.90293e-08 1.48993e-06 -3.51636e-09 -8.15563e-08 -3.13494e-08
internal_weight=6864 354 318 244 74 6510 96 6414 48 6366 613 5753 45 108 5708 505 205 40 185 56 54
internal_count=6864 354 318 244 74 6510 96 6414 48 6366 613 5753 45 108 5708 505 205 40 185 56 54
is_linear=0
shrinkage=0.05


Tree=114
num_leaves=22
num_cat=0
split_feature=3 5 9 3 3 12 8 4 27 5 5 5 3 8 27 5 3 5 8 6 16
split_gain=1.33579e-08 1.25307e-08 3.48028e-08 6.09066e-08 2.22727e-08 1.48768e-08 1.35281e-08 5.35754e-08 3.19534e-08 3.92894e-08 3.69764e-08 1.07064e-08 4.51801e-08 7.24043e-08 3.3127e-08 1.73591e-08 4.18408e-08 1.55854e-08 3.71214e-10 2.06557e-10 8.72483e-11
threshold=8.7500000000000018 19.550000000000004 -9.2095067078923325 12.750000000000002 17.750000000000004 -1.0000000180025095e-35 342.23210573242926 1.0000000180025095e-35 34.833333333333336 6.9500000000000011 4.8500000000000005 2.8500000000000001 14.950000000000001 60.018757306842453 64.166666666666671 3.0500000000000003 17.850000000000005 3.2500000000000004 246.65179520169571 5.9025000000000005e-05 928.56000000000006
decision_type=2 2 2 2 2 2 2 2 2 2 2 2 2 2 2 2 2 2 2 2 2
left_child=-1 6 3 -3 5 -5 11 -8 9 -9 -10 12 14 -14 -2 16 -13 -17 19 -4 -21
right_child=1 2 18 4 -6 -7 7 8 10 -11 -12 15 13 -15 -16 17 -18 -19 -20 20 -22
leaf_value=-1.0898653325089721e-06 -1.5747820385381141e-06 -7.8751595919968056e-07 1.2813655268434123e-07 1.4516167885858522e-06 7.2315474848163668e-07 3.2508059659987876e-06 -1.2698278218571481e-06 3.2683991857259308e-06 -1.6985550075787616e-06 7.6332756470441801e-07 8.4523424072813205e-07 -2.7064384840969072e-06 2.5446060824663166e-06 2.1034075112417695e-07 5.5733792696177233e-07 7.7742146258180003e-07 4.5342426605285174e-07 -3.9285527447885879e-08 -2.1696665174886222e-07 -1.8734318704019709e-08 -1.265258748058987e-07
leaf_weight=28 49 32 23 20 29 27 37 24 20 45 50 20 40 196 29 59 22 5891 25 177 21
leaf_count=28 49 32 23 20 29 27 37 24 20 45 50 20 40 196 29 59 22 5891 25 177 21
internal_value=4.8329e-16 4.46405e-09 2.94139e-07 1.04236e-06 1.81284e-06 2.48519e-06 -1.13559e-08 4.21013e-07 8.71093e-07 1.63466e-06 1.18437e-07 -2.34233e-08 2.61177e-07 6.05979e-07 -7.82071e-07 -3.83372e-08 -1.05127e-06 -3.11871e-08 -3.43498e-08 -1.36918e-08 -3.01668e-08
internal_weight=6864 6836 354 108 76 47 6482 176 139 69 70 6306 314 236 78 5992 42 5950 246 221 198
internal_count=6864 6836 354 108 76 47 6482 176 139 69 70 6306 314 236 78 5992 42 5950 246 221 198
is_linear=0
shrinkage=0.05


Tree=115
num_leaves=21
num_cat=0
split_feature=14 14 14 7 11 15 7 14 27 14 5 7 7 5 3 14 15 15 15 7
split_gain=1.26816e-08 1.37129e-08 6.64824e-08 9.73346e-08 6.16537e-08 1.93189e-07 8.45079e-08 6.56572e-08 1.01399e-07 8.01993e-08 3.06971e-08 1.1046e-07 3.53366e-08 2.54497e-08 1.4445e-08 1.78475e-08 1.24219e-07 2.5496e-08 4.054e-09 3.38921e-09
threshold=0.99995780822346225 0.93544191479114935 0.92922379131507438 102.25218636244104 15.403125000000001 -0.11692317777808843 130.8173217959874 0.97696484778429815 38.500000000000007 0.99552231814189451 5.3500000000000005 131.69743605451291 121.39466129851606 8.8500000000000032 10.550000000000002 0.90162119223771331 -0.38243420677835349 0.18281312110578132 -0.23537842981696178 96.527316096075239
decision_type=2 2 2 2 2 2 2 2 2 2 2 2 2 2 2 2 2 2 2 2
left_child=1 2 14 -4 5 6 -3 8 -7 -9 12 18 19 -13 -1 17 -17 -16 -12 -6
right_child=-2 4 3 -5 10 7 -8 9 -10 -11 11 13 -14 -15 15 16 -18 -19 -20 -21
leaf_value=1.166213140690021e-06 -1.1473372713529292e-06 1.6968782819289344e-06 2.4747055655487727e-08 -4.5422439234243945e-06 -6.6239889755303511e-08 3.8457382226646839e-06 5.5263166359509345e-06 -1.2287875649961061e-06 -9.8045011152582731e-08 6.7776817991710668e-07 -3.8363715784514123e-07 -4.0840357235083505e-06 1.9329522122207519e-06 -1.5616531401008161e-06 6.7804223973955915e-08 -2.1002117047549024e-06 6.2350048231962777e-07 -1.6818504174932705e-07 -6.976018713702017e-09 5.6895867390137158e-07
leaf_weight=26 24 34 28 20 84 28 25 106 39 115 89 20 34 20 4008 72 100 1602 362 28
leaf_count=26 24 34 28 20 84 28 25 106 39 115 89 20 34 20 4008 72 100 1602 362 28
internal_value=-1.95842e-17 4.02574e-09 -2.49947e-08 -1.87817e-06 1.76733e-07 7.1297e-07 3.31952e-06 1.78989e-07 1.5501e-06 -2.36688e-07 -1.15378e-07 -3.04649e-07 5.21144e-07 -2.82284e-06 -9.67919e-09 -1.49668e-08 -5.16658e-07 4.14776e-10 -8.1306e-08 9.25598e-08
internal_weight=6864 6840 5856 48 984 347 59 288 67 221 637 491 146 40 5808 5782 172 5610 451 112
internal_count=6864 6840 5856 48 984 347 59 288 67 221 637 491 146 40 5808 5782 172 5610 451 112
is_linear=0
shrinkage=0.05


Tree=116
num_leaves=24
num_cat=0
split_feature=5 7 3 3 12 3 8 8 5 3 5 27 27 8 5 27 7 27 7 8 6 0 8
split_gain=1.15719e-08 3.03614e-08 5.36232e-08 1.91558e-08 1.30573e-08 1.10764e-08 1.21605e-08 2.22647e-08 1.62899e-08 3.41883e-08 2.39458e-08 1.04037e-08 9.63484e-09 5.68625e-08 6.08041e-08 1.26894e-08 8.85469e-08 1.99898e-08 9.98814e-09 3.51279e-10 1.86766e-10 8.49099e-11 3.19241e-11
threshold=19.550000000000004 99.486908875464891 12.750000000000002 17.750000000000004 -1.0000000180025095e-35 8.7500000000000018 342.23210573242926 358.4764110538411 8.5500000000000025 15.950000000000001 12.550000000000002 39.500000000000007 78.833333333333357 62.121740979040858 7.5500000000000007 56.500000000000007 124.13007218665588 55.500000000000007 155.79183561926178 246.65179520169571 5.9025000000000005e-05 830.50000000000011 119.60916277620588
decision_type=2 2 2 2 2 2 2 2 2 2 2 2 2 2 2 2 2 2 2 2 2 2 2
left_child=5 19 -3 4 -4 -1 12 8 9 -8 -10 -9 15 14 -14 17 -17 -7 -15 20 -2 22 -22
right_child=1 2 3 -5 -6 6 7 11 10 -11 -12 -13 13 18 -16 16 -18 -19 -20 -21 21 -23 -24
leaf_value=-1.0074651571910311e-06 1.2654783337557486e-07 -7.3973092042933794e-07 1.3554240990742984e-06 6.8963251464992936e-07 3.0409987630264368e-06 -3.0522786603991156e-08 -1.104702766545935e-06 -1.1241154262669234e-06 2.3142983140602275e-06 1.3056199672139575e-06 3.928835921589566e-07 2.945561831779742e-07 2.4679329869954362e-06 7.9057392431151427e-09 2.1085592262725619e-07 1.0351574328945227e-07 -1.2425100115940441e-06 1.2434490981646258e-06 -1.0698866720882838e-06 -2.0605601125112114e-07 -5.4961952563015823e-08 -1.1011349556611095e-07 -9.1073078990326146e-10
leaf_weight=28 23 32 20 29 27 4575 28 28 31 31 34 24 50 938 74 448 168 31 22 25 34 25 139
leaf_count=28 23 32 20 29 27 4575 28 28 31 31 34 24 50 938 74 448 168 31 22 25 34 25 139
internal_value=-1.95564e-16 2.78402e-07 9.77254e-07 1.70019e-06 2.32373e-06 -1.51389e-08 -1.08524e-08 3.99079e-07 7.63257e-07 1.61738e-07 1.30925e-06 -4.69344e-07 -2.22936e-08 1.13356e-07 1.12097e-06 -5.04522e-08 -2.63582e-07 -2.19485e-08 -1.67937e-08 -2.84103e-08 -8.31464e-09 -2.39805e-08 -1.15335e-08
internal_weight=6864 354 108 76 47 6510 6482 176 124 59 65 52 6306 1084 124 5222 616 4606 960 246 221 198 173
internal_count=6864 354 108 76 47 6510 6482 176 124 59 65 52 6306 1084 124 5222 616 4606 960 246 221 198 173
is_linear=0
shrinkage=0.05


Tree=117
num_leaves=31
num_cat=0
split_feature=14 7 4 14 14 7 27 9 27 9 14 7 3 14 14 3 14 3 14 14 7 3 7 21 27 14 27 7 4 13
split_gain=1.25538e-08 2.54887e-08 1.52608e-08 1.43027e-08 7.02705e-08 1.74644e-07 1.82187e-08 5.5695e-08 3.35164e-08 8.76539e-08 2.7073e-08 1.74597e-08 4.08866e-08 7.36347e-08 1.26842e-07 4.57941e-08 6.02448e-08 5.81364e-08 3.41231e-08 1.21322e-08 4.12004e-08 1.10028e-07 6.74157e-08 2.52994e-08 2.08842e-08 3.38444e-09 3.31516e-09 1.80241e-09 1.19788e-09 2.04876e-10
threshold=-0.99763297024448894 106.02644824171743 27.500000000000004 -0.95995996396290595 -0.96689237009891416 127.24074106800991 71.166666666666671 -48.744613895819306 48.166666666666679 -31.848904226326784 -0.98214942551678475 141.85670053890806 13.15 0.95998215779580554 0.78857998149907527 11.65 0.9916835347852474 12.250000000000002 0.97875492728876534 0.21862473630160603 135.34873494515995 17.050000000000004 134.27442752181852 1.0000000180025095e-35 19.500000000000004 -0.98803845231459242 8.1666666666666696 102.01968264851767 73.500000000000014 -0.12940952255126037
decision_type=2 2 2 2 2 2 2 2 2 2 2 2 2 2 2 2 2 2 2 2 2 2 2 2 2 2 2 2 2 2
left_child=1 29 26 4 6 28 8 -8 10 -10 -2 19 15 14 -14 16 -13 -17 -15 23 22 -22 -21 24 -5 -9 -3 -25 -6 -1
right_child=3 2 -4 11 5 -7 7 25 9 -11 -12 12 13 18 -16 17 -18 -19 -20 20 21 -23 -24 27 -26 -27 -28 -29 -30 -31
leaf_value=-4.1484870068457397e-08 2.4929395234238556e-07 1.2283425764141814e-06 -5.7157070560129973e-08 8.4370612652696342e-08 -3.7219977347957569e-07 -5.6803762072377143e-06 2.5582572156963581e-06 4.4622427148343539e-07 -4.0295420490110704e-06 4.1768623468203428e-08 -8.4597473900257348e-07 1.7387995457241678e-06 6.7186101143434833e-07 3.8715153511040389e-06 -3.1390569612691856e-06 -2.8437250784872592e-06 -1.4781263003400952e-06 -1.6150604473107802e-07 1.0476131046743831e-06 -5.5155254177710187e-08 -2.1508340386630792e-07 -3.4736864236606381e-06 2.2878491337920543e-06 -4.727548205434838e-08 5.7439219307418178e-07 -1.2160548924780217e-07 2.0188366230892523e-06 -2.9965750422888961e-07 1.2107410077288883e-07 -2.0123435105618297e-07
leaf_weight=88 219 36 21 540 32 20 25 34 20 39 76 43 242 23 24 31 22 58 20 3185 136 32 31 1246 364 115 21 75 20 26
leaf_count=88 219 36 21 540 32 20 25 34 20 39 76 43 242 23 24 31 22 58 20 3185 136 32 31 1246 364 115 21 75 20 26
internal_value=6.31252e-16 3.98609e-07 1.09507e-06 -1.14707e-08 -2.44356e-07 -1.70967e-06 -4.454e-08 3.74387e-07 -2.50454e-07 -1.33834e-06 -3.2877e-08 1.15416e-08 3.06646e-07 6.3835e-07 3.28019e-07 -3.58917e-07 6.49994e-07 -1.09576e-06 2.55807e-06 -1.2818e-08 -7.24455e-08 -8.3577e-07 -3.25703e-08 7.78694e-08 2.8168e-07 7.9664e-09 1.51958e-06 -6.16045e-08 -1.82479e-07 -7.7919e-08
internal_weight=6864 192 78 6672 600 72 528 174 354 59 295 6072 463 309 266 154 65 89 43 5609 3384 168 3216 2225 904 149 57 1321 52 114
internal_count=6864 192 78 6672 600 72 528 174 354 59 295 6072 463 309 266 154 65 89 43 5609 3384 168 3216 2225 904 149 57 1321 52 114
is_linear=0
shrinkage=0.05


Tree=118
num_leaves=19
num_cat=0
split_feature=15 3 15 7 14 7 14 3 9 15 14 3 9 3 14 7 6 25
split_gain=1.26389e-08 4.31175e-08 1.31094e-08 3.70798e-08 1.14927e-08 2.30035e-08 1.29328e-08 2.60757e-08 1.15361e-07 9.03363e-08 2.00303e-08 4.36254e-08 1.18711e-08 1.09339e-08 2.29709e-09 1.89833e-09 1.85222e-10 2.02995e-11
threshold=-0.99983123799342477 19.750000000000004 -0.99864786094873803 119.97148744142875 -0.99763297024448894 106.02644824171743 -0.9442364261229238 16.450000000000003 -57.55109063593499 -0.17646730165275518 -0.91978325482952472 19.350000000000005 -60.224164379586931 18.850000000000005 1.0000000180025095e-35 140.90444300747774 2.3550000000000007e-06 0.00014217613072140241
decision_type=2 2 2 2 2 2 2 2 2 2 2 2 2 2 2 2 2 2
left_child=1 -1 3 14 5 16 7 9 -9 -6 11 -8 -12 15 -2 -7 -4 -18
right_child=2 -3 4 -5 6 13 10 8 -10 -11 12 -13 -14 -15 -16 -17 17 -19
leaf_value=-2.5816303786996287e-06 3.5664295739336107e-07 4.5801954432330862e-07 -2.121927748532926e-07 2.5014054847360969e-06 -1.9614302001495312e-06 1.2498239656948005e-06 2.0162219695334781e-06 -2.6224111689218407e-06 -1.3939070566057108e-07 1.1742553860573578e-06 3.3139848132340206e-07 -1.5400814006695106e-07 -1.6368769198277514e-08 3.8415743824365172e-07 -1.9312891829396281e-07 1.9144374424026218e-06 -8.9319279759081387e-08 -3.2545709339538499e-08
leaf_weight=20 38 28 20 20 30 22 39 51 565 98 257 57 5431 35 38 21 20 74
leaf_count=20 38 28 20 20 30 22 39 51 565 98 257 57 5431 35 38 21 20 74
internal_value=5.3418e-16 -8.08501e-07 5.69367e-09 5.8585e-07 -2.59428e-09 3.78678e-07 -1.38082e-08 -2.10033e-07 -3.44965e-07 4.39329e-07 1.14324e-08 7.27648e-07 -6.55657e-10 1.04032e-06 8.1757e-08 1.5744e-06 -7.4023e-08 -4.46252e-08
internal_weight=6864 48 6816 96 6720 192 6528 744 616 128 5784 96 5688 78 76 43 114 94
internal_count=6864 48 6816 96 6720 192 6528 744 616 128 5784 96 5688 78 76 43 114 94
is_linear=0
shrinkage=0.05


Tree=119
num_leaves=22
num_cat=0
split_feature=15 27 15 11 15 21 9 15 3 11 15 11 15 3 1 15 11 15 27 3 9
split_gain=1.14066e-08 4.36726e-08 1.20609e-08 3.67656e-08 2.92883e-08 5.9499e-08 1.05279e-08 1.56562e-08 9.82716e-09 1.1539e-08 6.15691e-08 3.13747e-08 9.10897e-09 8.81721e-09 1.37677e-08 8.49719e-09 7.90196e-09 6.53667e-09 5.5001e-09 2.99756e-09 2.75091e-09
threshold=-0.99983123799342477 14.16666666666667 -0.97111920233974802 19.109375000000004 -0.96687281075841669 20.500000000000004 -31.55922528095795 -0.99052477729077237 8.7500000000000018 16.415625000000002 -0.83849291496497236 17.609375000000004 -0.99761278905001471 19.650000000000002 142.95000000000002 -0.99761278905001471 22.606250000000006 -0.98521978256641018 18.833333333333339 17.350000000000005 11.815644188908911
decision_type=2 2 2 2 2 2 2 2 2 2 2 2 2 2 2 2 2 2 2 2 2
left_child=1 -1 3 6 5 -4 15 12 -6 10 -10 -11 -8 18 16 -2 -15 -9 -5 -17 -16
right_child=2 -3 4 13 8 -7 7 17 9 11 -12 -13 -14 14 20 19 -18 -19 -20 -21 -22
leaf_value=-2.5525822047711699e-06 2.1569763811428513e-06 5.0657093351804044e-07 -3.328892947251916e-06 -1.1484585288511741e-06 -9.406661996130034e-07 2.4179217713741051e-07 6.0499896686921334e-07 1.874035792752693e-06 -9.3291169166309895e-07 -4.662138496284376e-07 1.9523380332475514e-07 -2.3521441393711073e-09 -6.3771433341723123e-07 1.2960936488504159e-07 -6.4825940946568816e-07 1.3380426007297105e-06 1.0416824067006212e-06 7.1462448417033535e-07 -1.3853985113395798e-07 5.2167650582387901e-07 -6.7371431228839229e-08
leaf_weight=20 21 28 20 26 28 28 29 20 131 401 1575 4009 30 48 22 23 47 31 28 22 277
leaf_count=20 21 28 20 26 28 28 29 20 131 401 1575 4009 30 48 22 23 47 31 28 22 277
internal_value=-1.02266e-15 -7.68076e-07 5.40899e-09 2.14926e-07 -1.57051e-08 -1.24599e-06 8.2725e-07 5.27706e-07 -6.09348e-09 -1.81486e-09 1.08606e-07 -4.4531e-08 -2.68892e-08 -2.56302e-08 5.64892e-08 1.32649e-06 5.80846e-07 1.1693e-06 -6.24797e-07 9.3893e-07 -1.10112e-07
internal_weight=6864 48 6816 624 6192 48 176 110 6144 6116 1706 4410 59 448 394 66 95 51 54 45 299
internal_count=6864 48 6816 624 6192 48 176 110 6144 6116 1706 4410 59 448 394 66 95 51 54 45 299
is_linear=0
shrinkage=0.05


Tree=120
num_leaves=19
num_cat=0
split_feature=14 14 7 13 14 7 27 14 27 7 13 14 8 7 15 25 13 17
split_gain=1.12199e-08 2.98253e-08 4.5374e-08 2.54261e-08 1.04553e-08 2.08547e-08 1.28266e-08 1.15362e-08 2.58074e-08 4.93817e-08 4.06066e-08 1.81615e-08 3.59677e-08 1.25314e-08 9.3089e-09 8.50035e-10 1.65398e-10 4.55334e-12
threshold=0.99966190462023474 0.99907018497641664 101.78314279498169 0.25881904510252057 -0.99763297024448894 106.02644824171743 22.166666666666668 -0.9442364261229238 91.500000000000014 137.56077128556549 0.60355339059327384 -0.91978325482952472 78.181376658593322 141.85670053890806 1.0000000180025095e-35 0.00017548675067286524 -0.12940952255126037 0.8563423150599202
decision_type=2 2 2 2 2 2 2 2 2 2 2 2 2 2 2 2 2 2
left_child=1 4 -3 15 5 16 14 8 9 -6 -10 12 -9 -13 -7 -2 17 -1
right_child=3 2 -4 -5 7 6 -8 11 10 -11 -12 13 -14 -15 -16 -17 -18 -19
leaf_value=-5.7855849675547693e-08 -4.1243512266026472e-08 -5.0714128414191304e-08 3.0674580875711403e-06 -1.7326325238779343e-06 -1.0598108976703155e-07 6.319699518110765e-07 8.4637505892715126e-08 2.5218327395004097e-06 -2.0289821909917984e-08 -1.2127508469295114e-06 2.0770751752483473e-06 -2.1279697807207032e-08 1.8072391665905724e-07 2.6499081277150818e-07 1.9953924525254714e-06 4.0914439921380111e-07 -1.8041957277913612e-07 -3.0716036354928133e-08
leaf_weight=20 22 28 20 30 474 21 26 21 113 128 29 5300 75 412 31 20 26 68
leaf_count=20 22 28 20 30 474 21 26 21 113 128 29 5300 75 412 31 20 26 68
internal_value=-2.94584e-16 6.58178e-09 1.24852e-06 -6.20881e-07 -2.25767e-09 3.61419e-07 9.91399e-07 -1.29149e-08 -1.98286e-07 -3.41308e-07 4.08045e-07 1.0831e-08 6.92841e-07 -6.31335e-10 1.44478e-06 1.73227e-07 -6.96203e-08 -3.68842e-08
internal_weight=6864 6792 48 72 6744 192 78 6552 744 602 142 5808 96 5712 52 42 114 88
internal_count=6864 6792 48 72 6744 192 78 6552 744 602 142 5808 96 5712 52 42 114 88
is_linear=0
shrinkage=0.05


Tree=121
num_leaves=25
num_cat=0
split_feature=5 14 14 7 7 14 5 14 7 14 7 7 11 14 8 4 11 9 7 14 8 9 27 27
split_gain=1.06223e-08 2.85328e-08 2.3462e-08 3.64933e-08 3.36485e-08 1.01606e-08 1.1165e-08 3.42362e-08 9.45303e-08 4.09218e-08 1.0322e-07 3.12414e-08 2.90121e-08 8.51e-08 1.51665e-07 8.29168e-08 2.63136e-08 5.37498e-08 2.82988e-08 2.00442e-08 6.00879e-09 2.58292e-09 1.41887e-10 3.8084e-12
threshold=19.550000000000004 0.98522604642031408 0.84773968378660736 131.26199886061127 103.50451765700019 0.99995780822346225 12.65 -0.98523971305672675 120.92003185630369 -0.9442364261229238 147.8318314799333 141.85670053890806 21.506250000000005 0.85226249403558707 51.825694037050148 4.5000000000000009 24.503125000000004 -40.710067886046815 129.63981966833532 -0.9905448150984083 84.988342800080389 -14.668394516008963 81.833333333333357 67.500000000000014
decision_type=2 2 2 2 2 2 2 2 2 2 2 2 2 2 2 2 2 2 2 2 2 2 2 2
left_child=5 2 3 20 23 6 7 8 21 10 -9 -11 13 15 -15 -8 18 -18 -14 -10 -2 -1 -22 -4
right_child=1 -3 4 -5 -6 -7 12 9 19 11 -12 -13 16 14 -16 -17 17 -19 -20 -21 22 -23 -24 -25
leaf_value=3.3348828343631538e-07 9.0880512857438591e-07 1.6008795247065185e-06 -2.7172553962451219e-08 1.7541443027696985e-06 -2.4161004537504029e-06 -1.0413887764570973e-06 9.8830855851484891e-07 -2.5045342944762946e-07 1.358519213130631e-06 -1.5290491407705441e-09 -3.2392482268051028e-06 5.2276272772995118e-07 3.3168709759392153e-07 4.5161599153040946e-06 1.6843941981591565e-08 -9.0551712171415276e-07 -2.3425252893503059e-06 3.8952911600124196e-09 2.1289473899607267e-06 2.9209771446403469e-06 -2.4276938251594196e-08 -1.2631695184544308e-07 8.8780564261641396e-08 -4.5035421873211119e-10
leaf_weight=37 20 36 30 39 20 24 66 297 65 3667 32 308 116 22 126 465 25 1028 27 30 151 175 34 24
leaf_count=37 20 36 30 39 20 24 66 297 65 3667 32 308 116 22 126 465 25 1028 27 30 151 175 34 24
internal_value=9.05068e-16 2.66735e-07 1.157e-07 3.52215e-07 -6.64162e-07 -1.45045e-08 -1.07047e-08 3.11277e-08 5.41259e-07 -5.25946e-09 -5.41157e-07 3.90953e-08 -1.13579e-07 -3.74609e-07 6.85661e-07 -6.70126e-07 3.46141e-08 -5.18127e-08 6.7103e-07 1.85193e-06 8.55065e-08 -4.60679e-08 -3.4988e-09 -1.5296e-08
internal_weight=6864 354 318 244 74 6510 6486 4611 307 4304 329 3975 1875 679 148 531 1196 1053 143 95 205 212 185 54
internal_count=6864 354 318 244 74 6510 6486 4611 307 4304 329 3975 1875 679 148 531 1196 1053 143 95 205 212 185 54
is_linear=0
shrinkage=0.05


Tree=122
num_leaves=30
num_cat=0
split_feature=5 13 11 27 11 15 5 27 4 14 15 27 14 21 15 15 11 15 21 15 11 11 11 4 14 13 11 14 14
split_gain=1.0039e-08 2.65906e-08 4.78689e-08 6.69001e-08 2.34338e-08 2.25577e-08 1.52607e-08 4.09952e-08 7.05007e-08 2.46675e-08 1.91869e-08 1.91502e-08 1.89032e-08 2.11273e-08 1.54038e-08 4.38849e-08 3.57109e-07 4.64917e-08 3.92565e-08 6.9169e-08 7.55432e-09 1.88572e-08 1.13332e-08 1.05952e-08 7.51893e-09 7.10532e-09 4.64828e-09 3.33027e-09 5.28077e-10
threshold=17.550000000000004 0.78656609248549303 12.828125000000002 8.1666666666666696 14.050000000000002 0.04621408538533487 15.850000000000003 47.500000000000007 66.500000000000014 0.95998215779580554 -0.99983123799342477 39.833333333333336 0.82899317702918729 1.5000000000000002 -0.91249077947840473 -0.84313311835787952 14.903125000000001 -0.77788789561442695 9.5000000000000018 -0.93543596745397617 14.303125000000003 12.415625000000002 17.703125000000004 57.500000000000007 -0.15207348400340251 0.25881904510252057 13.156250000000002 0.31799963745711152 0.98522604642031408
decision_type=2 2 2 2 2 2 2 2 2 2 2 2 2 2 2 2 2 2 2 2 2 2 2 2 2 2 2 2 2
left_child=6 20 -3 -4 -5 -6 10 9 -9 11 -1 24 13 -10 18 16 -16 -17 19 -12 21 -2 23 -22 -8 28 -23 -20 -24
right_child=1 2 3 4 5 -7 7 8 12 -11 14 -13 -14 -15 15 17 -18 -19 27 -21 22 26 25 -25 -26 -27 -28 -29 -30
leaf_value=-1.2823146297752579e-06 -6.705736365378554e-07 -8.7017686269064142e-07 -8.2455782906739241e-07 1.0515750182094052e-06 1.8492690866791928e-06 4.1955732825726955e-06 3.2735313551163704e-07 -2.9780743395997028e-06 -1.8771696842962298e-06 -1.4643070292095217e-06 2.6958137797895232e-07 1.6676393301118254e-06 8.0982990310938775e-07 1.6224276829202674e-08 -6.8842751976002804e-06 6.3139618330466338e-07 -1.7452029852521403e-07 -2.8833638473424928e-08 -3.5314052054990469e-08 2.0020943635324291e-06 -1.6129452617297786e-06 6.18618150158652e-07 4.278659525914047e-09 -7.5088365777039231e-08 -2.6666879835346433e-07 8.120557972850812e-07 1.6352116860089568e-06 -4.1703287615435516e-07 -2.110826028089627e-07
leaf_weight=29 22 30 24 25 21 20 114 35 26 25 349 20 26 34 21 285 356 4139 533 69 21 23 348 24 100 28 22 64 31
leaf_count=29 22 30 24 25 21 20 114 35 26 25 349 20 26 34 21 285 356 4139 533 69 21 23 348 24 100 28 22 64 31
internal_value=7.80793e-16 1.88732e-07 8.59507e-07 1.43607e-06 2.25811e-06 2.99381e-06 -1.93735e-08 -3.26409e-07 -1.08621e-06 2.85579e-08 5.87728e-10 1.88052e-07 -3.1627e-07 -8.04246e-07 6.98459e-09 -3.04298e-08 -5.48273e-07 1.36993e-08 1.83957e-07 5.5557e-07 3.36402e-08 5.29108e-07 -3.98031e-08 -7.92755e-07 4.97728e-08 4.34471e-08 1.11562e-06 -7.62353e-08 -1.33366e-08
internal_weight=6864 639 120 90 66 41 6225 380 121 259 5845 234 86 60 5816 4801 377 4424 1015 418 519 67 452 45 214 407 45 597 379
internal_count=6864 639 120 90 66 41 6225 380 121 259 5845 234 86 60 5816 4801 377 4424 1015 418 519 67 452 45 214 407 45 597 379
is_linear=0
shrinkage=0.05


Tree=123
num_leaves=14
num_cat=0
split_feature=14 11 14 7 11 14 14 7 11 27 8 8 27
split_gain=9.56322e-09 3.43261e-08 2.65162e-08 4.04203e-08 9.08806e-09 1.14693e-08 5.99452e-08 8.79447e-08 5.93441e-08 8.85881e-08 2.94117e-08 1.34035e-08 2.82964e-09
threshold=0.99966190462023474 12.325000000000001 0.99907018497641664 101.78314279498169 8.7500000000000018 0.93544191479114935 0.92922379131507438 102.25218636244104 15.403125000000001 39.833333333333336 41.872789802189153 359.28908972677465 68.500000000000014
decision_type=2 2 2 2 2 2 2 2 2 2 2 2 2
left_child=2 -2 4 -4 -1 6 11 -8 9 -7 -10 -6 -3
right_child=1 12 3 -5 5 8 7 -9 10 -11 -12 -13 -14
leaf_value=-9.0118275625375844e-07 -2.1171560888433308e-06 -1.2569390211833058e-07 -4.9169486818608935e-08 2.8938705617065354e-06 -4.4451432836171987e-09 2.047137564268862e-06 2.5529359045809284e-08 -4.3155861430932423e-06 -1.9912797989718455e-06 1.3067458365055375e-07 -4.0749653004161211e-08 -1.269929206111036e-06 6.5299144694108699e-07
leaf_weight=28 24 28 28 20 5786 92 28 20 20 175 574 21 20
leaf_count=28 24 28 28 20 5786 92 28 20 20 175 574 21 20
internal_value=6.87743e-18 -5.73213e-07 6.07646e-09 1.1771e-06 -2.2582e-09 1.48955e-09 -2.3567e-08 -1.78327e-06 1.7188e-07 7.91029e-07 -1.06424e-07 -9.02155e-09 1.98758e-07
internal_weight=6864 72 6792 48 6744 6716 5855 48 861 267 594 5807 48
internal_count=6864 72 6792 48 6744 6716 5855 48 861 267 594 5807 48
is_linear=0
shrinkage=0.05


Tree=124
num_leaves=21
num_cat=0
split_feature=15 3 15 9 14 5 4 9 11 14 8 27 8 14 14 8 8 9 5 25
split_gain=9.03626e-09 3.98465e-08 1.15154e-08 3.1754e-08 8.95359e-09 3.56566e-08 8.37238e-08 7.89555e-08 4.36219e-08 3.11657e-08 7.82839e-08 5.04116e-08 2.2211e-08 1.75458e-08 1.25189e-08 6.55336e-08 6.10966e-08 2.97907e-09 2.59366e-09 3.38418e-09
threshold=-0.99983123799342477 19.750000000000004 -0.99864786094873803 -24.547706889829907 -0.98523971305672675 12.15 39.500000000000007 -29.654352408864671 19.625000000000004 -0.95995996396290595 87.231841338032652 81.166666666666671 297.94689140137353 -0.9905448150984083 0.21862473630160603 51.825694037050148 25.454929196434453 -14.200484789336649 12.250000000000002 7.0575037346375674e-05
decision_type=2 2 2 2 2 2 2 2 2 2 2 2 2 2 2 2 2 2 2 2
left_child=1 -1 3 -2 5 7 8 13 -7 10 11 -6 -12 -4 15 -11 -16 -9 19 -5
right_child=2 -3 4 18 9 6 -8 17 -10 14 12 -13 -14 -15 16 -17 -18 -19 -20 -21
leaf_value=-2.3881726929175784e-06 2.3212156793306352e-06 5.3390386557542318e-07 1.2956386929226701e-06 8.1362669916984493e-07 -2.7995366265570865e-06 1.7758915680755148e-06 -2.4519599483865574e-06 4.0813074223576355e-07 -2.372848339479899e-07 8.9657722134202701e-07 9.7884577740736143e-08 1.6232169699037514e-07 -1.4000538710336384e-06 2.7765922231992595e-06 -1.1352590191705758e-06 7.1073210207203534e-09 -1.1043988329286296e-08 -1.0259461215316753e-07 -2.5135665894002604e-07 -7.5680694685022745e-08
leaf_weight=20 20 28 60 20 51 34 37 35 129 232 213 20 28 30 125 1928 3643 155 33 23
leaf_count=20 20 28 60 20 51 34 37 35 129 232 213 20 28 30 125 1928 3643 155 33 23
internal_value=4.79376e-16 -6.83628e-07 4.81428e-09 5.48556e-07 -2.95346e-09 2.05139e-07 -3.0476e-07 5.69352e-07 1.82642e-07 -1.89605e-08 -5.06032e-07 -1.96521e-06 -7.61498e-08 1.78929e-06 6.6748e-09 1.02643e-07 -4.83388e-08 -8.51363e-09 8.20672e-08 3.37951e-07
internal_weight=6864 48 6816 96 6720 480 200 280 163 6240 312 71 241 90 5928 2160 3768 190 76 43
internal_count=6864 48 6816 96 6720 480 200 280 163 6240 312 71 241 90 5928 2160 3768 190 76 43
is_linear=0
shrinkage=0.05


Tree=125
num_leaves=31
num_cat=0
split_feature=5 13 11 27 11 5 9 27 11 14 9 5 9 14 9 14 9 9 11 11 11 11 4 9 9 9 13 12 9 17
split_gain=8.9924e-09 2.37947e-08 4.33931e-08 6.00513e-08 2.12164e-08 1.36474e-08 5.74577e-08 7.39404e-08 1.07185e-07 4.00803e-08 2.11954e-08 1.31984e-08 2.50247e-08 1.25188e-08 2.25019e-08 1.2968e-08 4.53012e-08 2.5302e-08 9.26332e-09 6.61836e-09 1.67878e-08 1.02652e-08 9.58376e-09 7.6831e-09 6.44206e-09 5.44165e-09 2.04848e-09 1.91593e-09 1.36762e-09 1.08698e-09
threshold=17.550000000000004 0.78656609248549303 12.828125000000002 8.1666666666666696 14.050000000000002 15.850000000000003 -31.208481032920549 48.166666666666679 15.403125000000001 -0.032247759394263838 -23.42708029761112 15.450000000000001 -33.949386121058545 -0.99763297024448894 -29.654352408864671 -0.9442364261229238 -59.327696967850336 -60.224164379586931 18.212500000000002 14.303125000000003 12.415625000000002 17.703125000000004 57.500000000000007 -22.646845496570549 -2.2307674782581288 -11.929347693962763 1.0000000180025095e-35 0.37940952255126054 -12.601730494079911 0.68068488633760216
decision_type=2 2 2 2 2 2 2 2 2 2 2 2 2 2 2 2 2 2 2 2 2 2 2 2 2 2 2 2 2 2
left_child=5 19 -3 -4 -5 11 7 9 -9 -7 -8 13 -13 14 27 16 -15 -17 -6 20 -2 22 -21 -22 -23 -12 -14 -1 -16 -27
right_child=1 2 3 4 18 6 10 8 -10 -11 25 12 26 15 28 17 -18 -19 -20 21 23 24 -24 -25 -26 29 -28 -29 -30 -31
leaf_value=1.6087120840253461e-06 -6.3627049332705039e-07 -8.3368090827207201e-07 -7.7968702119809079e-07 9.9289317131479043e-07 3.6110695600655169e-06 7.4246195747730926e-07 1.5439445431556206e-06 -4.17181744296613e-07 -5.5936888043106595e-06 -2.0228398244626079e-06 -6.829155919430008e-07 1.7642557143441688e-06 5.6950343344140101e-10 -1.6492359702733842e-06 3.7903935918848224e-07 5.5931144459586459e-07 -1.1031357340492678e-07 -1.9079034909469059e-08 2.1075101615440959e-06 -1.5334904760033214e-06 1.6601987065693418e-06 6.9091760581484002e-07 -7.0878802397681776e-08 3.5062671486230104e-07 -1.8617855596868488e-08 2.9382604888420852e-07 5.3674715878099482e-07 9.719334966142752e-07 -4.4781705385456344e-08 -2.913808343608671e-08
leaf_weight=27 22 30 24 25 20 38 22 20 20 20 32 30 79 52 24 197 595 4705 21 21 24 35 24 21 372 30 23 21 92 198
leaf_count=27 22 30 24 25 20 38 22 20 20 20 32 30 79 52 24 197 595 4705 21 21 24 35 24 21 372 30 23 21 92 198
internal_value=2.56799e-16 1.78623e-07 8.13154e-07 1.3621e-06 2.14093e-06 -1.83358e-08 -3.08689e-07 -1.35164e-06 -3.00544e-06 -2.1109e-07 5.3755e-08 5.40864e-10 4.94832e-07 -1.08798e-08 4.19652e-07 -2.36041e-08 -2.33998e-07 4.16514e-09 2.84095e-06 3.19111e-08 4.95671e-07 -3.68321e-08 -7.53431e-07 1.04907e-06 4.23987e-08 -7.23379e-08 1.21472e-07 1.33012e-06 4.29054e-08 1.33572e-08
internal_weight=6864 639 120 90 66 6225 380 98 40 58 282 5845 132 5713 164 5549 647 4902 41 519 67 452 45 45 407 260 102 48 116 228
internal_count=6864 639 120 90 66 6225 380 98 40 58 282 5845 132 5713 164 5549 647 4902 41 519 67 452 45 45 407 260 102 48 116 228
is_linear=0
shrinkage=0.05


Tree=126
num_leaves=31
num_cat=0
split_feature=15 15 15 9 8 8 5 9 9 27 3 15 14 15 5 9 9 8 13 5 27 5 8 3 5 3 9 8 19 13
split_gain=8.92545e-09 4.061e-08 8.21944e-08 1.2873e-07 7.58842e-08 2.52796e-08 1.52265e-08 9.70606e-08 5.16528e-08 1.96176e-08 1.31472e-08 5.47496e-08 4.10302e-07 9.65399e-08 3.1544e-08 8.92346e-08 5.11906e-08 1.07397e-08 6.82925e-09 9.57334e-09 4.37131e-09 4.26573e-09 8.52981e-09 4.18406e-09 9.03935e-09 6.69294e-09 1.73604e-09 1.5467e-09 6.62225e-10 3.15207e-10
threshold=0.73281578960684157 0.63255009372278048 0.59175731018202693 -21.727977670815978 84.988342800080389 271.09663102033949 9.2500000000000018 -59.327696967850336 -62.565047217481755 35.833333333333336 16.550000000000004 -0.83849291496497236 0.51297097409535064 -0.78858226040708135 4.5500000000000007 -63.615254150672051 -31.848904226326784 254.61034776539569 0.37940952255126048 15.15 1.0000000180025095e-35 3.7500000000000004 93.262171077954676 15.350000000000003 5.8500000000000005 13.850000000000003 -29.654352408864671 104.54470333724539 1.1695000000000001e-05 1.0000000180025095e-35
decision_type=2 2 2 2 2 2 2 2 2 2 2 2 2 2 2 2 2 2 2 2 2 2 2 2 2 2 2 2 2 2
left_child=1 2 10 -4 -3 27 8 9 23 -8 11 12 -1 -13 16 -16 -12 21 29 -20 -19 -10 -23 24 -2 -26 -22 -6 -29 -9
right_child=6 4 3 -5 5 -7 7 18 17 -11 14 13 -14 -15 15 -17 -18 20 19 -21 26 22 -24 -25 25 -27 -28 28 -30 -31
leaf_value=9.6967976984233614e-08 1.6961159374773162e-08 3.1943594927320697e-06 -4.4102908018599179e-06 -4.3235195441582167e-08 4.0066247797605166e-07 1.5065140949991711e-06 -1.4107074530329557e-06 1.8032446141045655e-08 -6.2587935150126845e-07 -3.3723579463185164e-06 1.3094444399800151e-06 2.5146414118452135e-06 -7.4158419033665275e-06 1.8342853245394774e-07 -3.4042350512208945e-06 -5.5502320943296017e-08 5.8098924460501994e-08 -1.5250917668239593e-07 -1.1705073776987952e-06 2.3260005946212917e-07 -1.0371591761130598e-06 6.6101976969104392e-07 -1.240896884546196e-07 1.7224279948398665e-06 1.7162145326210521e-06 5.5023735569648123e-07 -5.2332781842778789e-07 -3.2031557979161381e-07 -7.4805812997398267e-09 -1.6367149096542842e-07
leaf_weight=199 20 27 27 45 21 36 25 291 28 26 110 46 20 1285 20 3738 318 31 31 20 48 43 177 21 32 20 25 21 87 26
leaf_count=199 20 27 27 45 21 36 25 291 28 26 110 46 20 1285 20 3738 318 31 31 20 48 43 177 21 32 20 25 21 87 26
internal_value=-5.96955e-17 2.1636e-08 -2.01489e-09 -1.68088e-06 7.37077e-07 3.34976e-07 -1.5025e-07 -3.66565e-07 5.3426e-08 -2.41076e-06 1.90587e-08 1.43457e-07 -5.89133e-07 2.63996e-07 -2.70038e-08 -7.33242e-08 3.79706e-07 -2.23464e-07 -8.32656e-08 -6.20269e-07 -6.49948e-07 -4.46155e-08 2.93635e-08 1.10144e-06 9.20317e-07 1.26776e-06 -8.6119e-07 8.03468e-09 -6.83096e-08 3.12928e-09
internal_weight=6864 6000 5808 72 192 165 864 419 445 51 5736 1550 219 1331 4186 3758 428 352 368 51 104 248 220 93 72 52 73 129 108 317
internal_count=6864 6000 5808 72 192 165 864 419 445 51 5736 1550 219 1331 4186 3758 428 352 368 51 104 248 220 93 72 52 73 129 108 317
is_linear=0
shrinkage=0.05


Tree=127
num_leaves=18
num_cat=0
split_feature=14 14 14 7 11 15 7 14 27 14 8 8 8 8 15 14 7
split_gain=8.98499e-09 1.01114e-08 5.43959e-08 7.97328e-08 4.52729e-08 1.65257e-07 7.24249e-08 5.59953e-08 8.31662e-08 6.85704e-08 2.59736e-08 1.8297e-08 1.23269e-08 1.92107e-08 1.27189e-08 1.00833e-08 1.00689e-08
threshold=0.99995780822346225 0.93544191479114935 0.92922379131507438 102.25218636244104 15.403125000000001 -0.11692317777808843 130.8173217959874 0.97696484778429815 38.500000000000007 0.99552231814189451 41.872789802189153 335.07049946007731 359.28908972677465 342.23210573242926 0.46038001402560286 0.81925054981890411 121.9520930013885
decision_type=2 2 2 2 2 2 2 2 2 2 2 2 2 2 2 2 2
left_child=1 2 12 -4 5 6 -3 8 -7 -9 -6 16 13 15 -15 -1 -12
right_child=-2 4 3 -5 10 7 -8 9 -10 -11 11 -13 -14 14 -16 -17 -18
leaf_value=-4.039618010641865e-08 -9.6574539772594425e-07 1.5198061118205848e-06 2.4474215619209517e-08 -4.108999523850798e-06 -1.871969779472238e-06 3.4625704894811605e-06 5.0649234831325888e-06 -1.1839025972903983e-06 -1.0908375065227097e-07 5.790179343618903e-07 -5.0161516231791672e-08 -1.4916846122928076e-06 -1.2168851645540037e-06 8.7318125081287224e-07 -3.7077525318041953e-07 1.7163935833971595e-07 7.1235301965451929e-07
leaf_weight=5032 24 34 28 20 20 28 25 106 39 115 549 21 21 98 26 631 47
leaf_count=5032 24 34 28 20 20 28 25 106 39 115 549 21 21 98 26 631 47
internal_value=1.29474e-15 3.38858e-09 -2.15312e-08 -1.69781e-06 1.51692e-07 6.11203e-07 3.02197e-06 1.1733e-07 1.38355e-06 -2.66546e-07 -9.8623e-08 -4.11401e-08 -7.67771e-09 -3.28971e-09 6.12352e-07 -1.67701e-08 9.96966e-09
internal_weight=6864 6840 5856 48 984 347 59 288 67 221 637 617 5808 5787 124 5663 596
internal_count=6864 6840 5856 48 984 347 59 288 67 221 637 617 5808 5787 124 5663 596
is_linear=0
shrinkage=0.05


Tree=128
num_leaves=20
num_cat=0
split_feature=15 27 15 7 5 15 9 5 3 11 4 5 15 5 3 13 9 5 25
split_gain=8.10267e-09 3.86189e-08 1.05019e-08 2.84819e-08 8.13044e-09 2.86617e-08 6.33763e-08 2.40019e-08 4.60106e-08 2.30863e-08 2.17203e-08 2.1129e-08 1.43546e-08 1.19328e-08 1.32014e-08 1.27182e-08 9.47958e-09 2.34611e-09 3.03609e-09
threshold=-0.99983123799342477 14.16666666666667 -0.99864786094873803 119.97148744142875 2.8500000000000001 0.14888728888808328 -39.873496590104615 3.0500000000000003 17.850000000000005 15.403125000000001 45.500000000000007 2.0500000000000003 0.21652257995689161 3.2500000000000004 10.950000000000001 0.25881904510252057 -31.848904226326784 12.250000000000002 7.0575037346375674e-05
decision_type=2 2 2 2 2 2 2 2 2 2 2 2 2 2 2 2 2 2 2
left_child=1 -1 3 17 5 6 11 8 -6 10 -7 -4 -11 15 -15 -9 -8 18 -2
right_child=2 -3 4 -5 7 9 16 13 -10 12 -12 -13 -14 14 -16 -17 -18 -19 -20
leaf_value=-2.3254338240974449e-06 7.7593635154471492e-07 5.5128029227294715e-07 1.1464926476239474e-06 2.202668657673712e-06 -2.7961570990245575e-06 -1.6048034940041591e-07 -8.1581814560157313e-07 -2.1829793368510765e-07 4.3756500464165917e-07 -9.7176715470936873e-07 -2.437156151493334e-06 3.1854426946864581e-06 6.3274576649148366e-07 -5.675330876171908e-07 -4.7689221132917944e-09 1.2519164816862223e-06 2.5159605914090647e-07 -2.3509223585492555e-07 -6.6394741855160447e-08
leaf_weight=20 20 28 27 20 22 20 24 24 22 20 22 24 46 106 6169 38 156 33 23
leaf_count=20 20 28 27 20 22 20 24 24 22 20 22 24 46 106 6169 38 156 33 23
internal_value=9.89e-16 -6.47351e-07 4.55881e-09 5.23823e-07 -2.85925e-09 2.3575e-07 5.50109e-07 -1.55357e-08 -1.1793e-06 -4.3663e-07 -1.35302e-06 2.106e-06 1.4653e-07 -7.45531e-09 -1.42754e-08 6.82801e-07 1.09274e-07 8.20211e-08 3.25387e-07
internal_weight=6864 48 6816 96 6720 339 231 6381 44 108 42 51 66 6337 6275 62 180 76 43
internal_count=6864 48 6816 96 6720 339 231 6381 44 108 42 51 66 6337 6275 62 180 76 43
is_linear=0
shrinkage=0.05


Tree=129
num_leaves=16
num_cat=0
split_feature=14 3 14 7 14 3 9 3 27 27 9 14 0 14 12
split_gain=8.31188e-09 3.09272e-08 2.31811e-08 3.59149e-08 9.04483e-09 8.6019e-08 5.45081e-08 5.10882e-08 4.81692e-08 3.51443e-08 4.68599e-08 2.59923e-08 6.73718e-08 1.6034e-08 5.17995e-09
threshold=0.99966190462023474 12.350000000000003 0.99907018497641664 99.486908875464891 0.9916835347852474 10.950000000000001 -35.796588535445593 10.550000000000002 35.166666666666679 4.8333333333333348 -33.949386121058545 0.98802474685579866 1.5000000000000002 0.98372640911059162 -0.60355339059327362
decision_type=2 2 2 2 2 2 2 2 2 2 2 2 2 2 2
left_child=2 -2 4 -4 7 6 -6 8 -1 -7 -11 13 -13 -9 -3
right_child=1 14 3 -5 5 9 -8 11 -10 10 -12 12 -14 -15 -16
leaf_value=3.4838708933193632e-06 -1.9999067935335309e-06 -3.9059920352104071e-07 -1.0561724271459146e-07 2.6513797592997435e-06 -3.7570666581114682e-06 -1.677608082796605e-06 -2.8508125684112427e-07 -5.316398996284835e-09 4.0786465238592689e-07 2.1985901366861071e-06 2.2391154462479309e-08 3.4000978993731222e-06 -1.6924149369456333e-07 -7.7165996131817742e-07 6.5643697721666464e-07
leaf_weight=20 24 21 27 21 26 23 20 6321 35 30 141 20 39 69 27
leaf_count=20 24 21 27 21 26 23 20 6321 35 30 141 20 39 69 27
internal_value=-1.11793e-16 -5.34396e-07 5.66498e-09 1.10057e-06 -2.12793e-09 -3.03565e-07 -2.24751e-06 8.99519e-09 1.52641e-06 1.5737e-07 4.0418e-07 -3.94603e-09 1.0407e-06 -1.35915e-08 1.98359e-07
internal_weight=6864 72 6792 48 6744 240 46 6504 55 194 171 6449 59 6390 48
internal_count=6864 72 6792 48 6744 240 46 6504 55 194 171 6449 59 6390 48
is_linear=0
shrinkage=0.05


Tree=130
num_leaves=31
num_cat=0
split_feature=14 9 27 8 5 14 5 3 14 9 27 3 27 9 13 14 8 27 14 14 8 8 27 14 9 14 9 8 27 5
split_gain=8.10392e-09 1.52383e-08 9.46385e-09 4.46021e-08 6.1204e-08 6.55091e-08 5.7132e-08 6.34576e-08 1.9621e-08 3.84544e-08 1.11092e-07 8.26366e-08 1.85417e-08 2.11756e-08 2.09294e-08 1.80856e-08 1.0909e-07 1.20768e-07 4.8206e-08 8.45639e-08 6.1681e-08 2.85258e-08 9.31703e-09 8.16244e-09 1.91924e-08 9.45068e-09 6.63626e-08 1.28984e-08 1.90805e-09 5.86563e-10
threshold=-0.99763297024448894 -15.812571982020179 71.166666666666671 62.121740979040858 7.2500000000000009 0.78325454425165997 9.1500000000000004 14.850000000000003 -0.95244167294248061 -47.364955395838642 45.833333333333336 18.150000000000002 50.500000000000007 -20.81262417077723 0.25881904510252057 0.61915405168109316 48.156894288254172 26.166666666666668 0.54219432480460406 0.51297097409535064 46.670322230074909 354.97372237062882 22.166666666666668 0.98802474685579866 -10.082793480688997 0.91596454896554913 -31.55922528095795 329.03213541798777 6.5000000000000009 7.1500000000000012
decision_type=2 2 2 2 2 2 2 2 2 2 2 2 2 2 2 2 2 2 2 2 2 2 2 2 2 2 2 2 2 2
left_child=1 22 8 4 5 -4 -6 -8 9 10 11 -2 13 -11 -14 18 17 -17 19 -10 -20 -18 28 25 -25 27 -27 -5 -1 -26
right_child=2 -3 3 23 6 -7 7 -9 15 12 -12 -13 14 -15 -16 16 21 -19 20 -21 -22 -23 -24 24 29 26 -28 -29 -30 -31
leaf_value=1.0057370776195285e-06 1.0261675949090717e-06 -4.8191149469797714e-08 5.1599735663947806e-07 -1.5901925371031561e-08 -2.2286756102118944e-06 3.9362381569065163e-06 1.9390921087605458e-06 -9.214663911259116e-07 5.8402925126510634e-08 -1.0897945289358295e-06 -4.2713494523290455e-06 -2.3468871671639136e-06 -5.4018470496686183e-08 -4.8630143498569306e-08 1.9251900270815398e-06 -3.2265511016515214e-06 1.3845109130276878e-09 -2.1386469819471808e-07 3.2541185686093978e-06 -1.5520640842716544e-06 4.9807003042400613e-07 -1.7353126149070403e-06 8.5955597648115571e-08 1.3282615417378303e-06 -2.7314762841063554e-07 -2.5108219930795409e-06 7.5758469461365257e-08 7.7183114864386562e-07 1.6282904425679591e-06 3.5734221013154086e-08
leaf_weight=32 46 114 28 942 20 28 47 33 2752 62 23 30 34 230 22 58 1596 78 23 84 173 24 26 38 22 30 143 55 20 51
leaf_count=32 46 114 28 942 20 28 47 33 2752 62 23 30 34 230 22 58 1596 78 23 84 173 24 26 38 22 30 143 55 20 51
internal_value=-2.43884e-16 3.20263e-07 -9.21619e-09 1.04443e-07 9.0268e-07 2.22612e-06 1.61554e-07 7.59112e-07 -4.04156e-08 -3.57223e-07 -1.22671e-06 -3.05301e-07 -1.0987e-07 -2.69699e-07 7.23528e-07 -1.0839e-08 -1.3853e-07 -1.49869e-06 6.31142e-08 1.07022e-08 8.21484e-07 -2.43443e-08 8.58772e-07 7.23422e-09 4.17001e-07 -3.16411e-08 -3.72781e-07 2.75538e-08 1.24518e-06 -5.73535e-08
internal_weight=6864 192 6672 1437 156 56 100 80 5235 447 99 76 348 292 56 4788 1756 136 3032 2836 196 1620 78 1281 111 1170 173 997 52 73
internal_count=6864 192 6672 1437 156 56 100 80 5235 447 99 76 348 292 56 4788 1756 136 3032 2836 196 1620 78 1281 111 1170 173 997 52 73
is_linear=0
shrinkage=0.05


Tree=131
num_leaves=16
num_cat=0
split_feature=9 14 9 14 14 14 3 9 14 9 15 7 3 15 15
split_gain=8.15434e-09 2.45599e-08 1.40258e-08 4.01711e-08 4.88442e-08 8.05382e-08 5.42194e-08 1.68167e-08 9.24747e-09 2.37888e-08 2.28934e-08 2.24685e-08 7.36335e-08 2.32181e-08 1.03585e-08
threshold=-75.791845018747793 0.31799963745711152 -60.224164379586931 0.9053161325100999 0.78857998149907527 0.7210268013660811 16.850000000000005 -59.327696967850336 0.21862473630160603 -43.557334874467905 -0.34234976856068178 129.28243931962555 15.750000000000002 -0.93237865822738086 -0.6905596507703472
decision_type=2 2 2 2 2 2 2 2 2 2 2 2 2 2 2
left_child=1 -1 3 4 5 6 -2 -4 9 10 -9 13 -13 -10 -11
right_child=2 -3 7 -5 -6 -7 -8 8 11 14 -12 12 -14 -15 -16
leaf_value=7.0083320699929823e-07 8.0045229958832704e-07 -1.4431739443540102e-06 -1.2550932379124586e-06 1.8634783109997732e-06 -1.505351319326273e-06 3.2123877486889757e-06 -9.7723781269771955e-07 9.9278262691848708e-07 -5.4075013425913811e-07 1.101597564158361e-07 6.7607826664024223e-08 -1.4070813464960448e-08 -1.4154783090172863e-06 2.7405910071159412e-08 -8.5167180596102668e-08
leaf_weight=22 104 34 27 38 39 23 73 128 192 1404 140 366 126 2834 1314
leaf_count=22 104 34 27 38 39 23 73 128 192 1404 140 366 126 2834 1314
internal_value=5.56428e-16 -6.00885e-07 4.94265e-09 3.53419e-07 1.13326e-07 4.28968e-07 6.72807e-08 -9.83731e-09 -4.66789e-09 6.00455e-08 5.09482e-07 -5.95952e-08 -3.72968e-07 -8.64365e-09 1.57302e-08
internal_weight=6864 56 6808 277 239 200 177 6531 6504 2986 268 3518 492 3026 2718
internal_count=6864 56 6808 277 239 200 177 6531 6504 2986 268 3518 492 3026 2718
is_linear=0
shrinkage=0.05


Tree=132
num_leaves=31
num_cat=0
split_feature=14 5 7 27 11 14 9 5 27 11 27 12 11 15 14 7 12 5 14 7 27 14 14 15 5 15 11 7 12 11
split_gain=8.36315e-09 2.9889e-08 6.81608e-08 6.74826e-08 3.32278e-08 2.53754e-08 5.35435e-08 6.06408e-08 2.73072e-08 2.47011e-08 1.68591e-08 1.69699e-08 1.25753e-08 1.22512e-08 1.11746e-08 4.83384e-08 5.68109e-08 3.63537e-08 2.77474e-08 1.15893e-07 1.6293e-08 1.36289e-08 9.77577e-08 6.62773e-08 1.34161e-08 1.17255e-08 2.80754e-08 1.6056e-08 8.75067e-09 1.70296e-08
threshold=-0.98523971305672675 12.15 120.92003185630369 48.166666666666679 18.803125000000005 -0.95995996396290595 -40.273401791306568 5.7500000000000009 71.500000000000014 21.306250000000002 25.500000000000004 0.37940952255126054 16.015625000000004 0.11478523713130606 0.21862473630160603 135.34873494515995 0.12940952255126045 13.350000000000003 0.25206111083856975 121.39466129851606 30.500000000000004 0.81925054981890411 0.78857998149907527 -0.46039597980994923 14.250000000000002 -0.6905596507703472 17.609375000000004 114.65794053175996 0.91597561503675362 19.806250000000002
decision_type=2 2 2 2 2 2 2 2 2 2 2 2 2 2 2 2 2 2 2 2 2 2 2 2 2 2 2 2 2 2
left_child=1 2 -1 4 -3 6 7 8 -2 -6 11 -4 -8 -12 15 25 17 -17 19 20 -16 22 -20 -23 -18 26 -7 -27 29 -14
right_child=5 3 10 -5 9 14 12 -9 -10 -11 13 -13 28 -15 18 16 24 -19 21 -21 -22 23 -24 -25 -26 27 -28 -29 -30 -31
leaf_value=-2.1773245150706541e-09 -1.5476795105939802e-06 1.7010796649888756e-06 1.9067761157835461e-06 -2.4100030548119608e-06 -1.3818511239137341e-06 8.7995834333427914e-07 -1.2440789313183404e-06 -3.2174028361127558e-06 9.2119905107643902e-07 1.8118411045355257e-07 1.589643334682478e-06 -5.9125875666376535e-08 1.0944758499638403e-06 3.2278097976467551e-06 1.0052981951558238e-06 -1.2612082031930523e-06 1.9030257408885575e-06 1.2573593117174963e-06 -1.4257330632322666e-08 -3.7352602618057064e-06 -5.2597387752341186e-07 1.0227668616633178e-06 -1.3674648098266969e-06 -2.3245928271682332e-08 5.8177227970190868e-07 -2.7911842119546463e-08 4.8373329821352055e-08 -6.5803023036612667e-07 -9.0592889692153741e-07 -8.8159332073482519e-08
leaf_weight=190 24 28 23 31 33 110 21 33 21 108 25 21 38 21 32 38 83 23 1824 26 38 168 144 1536 25 590 1313 122 22 153
leaf_count=190 24 28 23 31 33 110 21 33 21 108 25 21 38 21 32 38 83 23 1824 26 38 168 144 1536 25 590 1313 122 22 153
internal_value=-1.36719e-16 2.01276e-07 5.34734e-07 -2.65565e-07 1.27793e-07 -1.51335e-08 -4.54897e-07 -1.5894e-06 -3.95536e-07 -1.84633e-07 1.66821e-06 9.68505e-07 -7.67282e-08 2.3375e-06 7.46299e-09 9.4206e-08 9.08218e-07 -3.11584e-07 -4.55773e-08 -8.84732e-07 1.74036e-07 -2.36387e-08 -1.13273e-07 7.98821e-08 1.59718e-06 2.97714e-08 1.12656e-07 -1.35882e-07 3.83628e-08 1.47129e-07
internal_weight=6864 480 280 200 169 6384 312 78 45 141 90 44 234 46 6072 2304 169 61 3768 96 70 3672 1968 1704 108 2135 1423 712 213 191
internal_count=6864 480 280 200 169 6384 312 78 45 141 90 44 234 46 6072 2304 169 61 3768 96 70 3672 1968 1704 108 2135 1423 712 213 191
is_linear=0
shrinkage=0.05


Tree=133
num_leaves=19
num_cat=0
split_feature=14 3 14 7 27 8 5 14 14 7 15 14 11 7 15 11 15 12
split_gain=7.80796e-09 2.821e-08 1.97242e-08 3.07015e-08 7.92177e-09 4.71479e-08 5.07077e-08 1.53584e-08 3.31859e-08 3.18506e-08 1.26856e-08 6.61233e-08 1.2271e-07 1.01911e-07 4.52196e-08 1.71162e-07 3.25908e-08 4.59848e-09
threshold=0.99966190462023474 12.350000000000003 0.99907018497641664 101.78314279498169 85.833333333333357 43.868451668974394 7.6500000000000012 0.94138322595482449 0.91596454896554913 106.02644824171743 -0.73865259438682551 0.54219432480460406 14.418750000000001 103.50451765700019 -0.57077231802681661 18.212500000000002 -0.46800559042974538 -0.60355339059327362
decision_type=2 2 2 2 2 2 2 2 2 2 2 2 2 2 2 2 2 2
left_child=2 -2 4 -4 10 6 -6 8 -7 -9 11 12 -1 -13 15 -12 -16 -3
right_child=1 17 3 -5 5 7 -8 9 -10 -11 14 13 -14 -15 16 -17 -18 -19
leaf_value=-3.9163683800325095e-06 -1.9175963998918633e-06 -3.7303545118068846e-07 -5.3262345746572601e-08 2.5116749532116957e-06 3.4975690878815059e-06 4.9825642870388641e-08 2.7142936691516613e-07 -4.7982226105637544e-10 -1.3206628679238343e-06 1.7063205456363392e-06 -2.3033102790560526e-06 8.0158400225003679e-08 2.2655952631460586e-08 2.3350865161812838e-06 4.8676706850312679e-07 -4.5874064964743367e-08 -5.8887037058862488e-08 6.1348517727276859e-07
leaf_weight=20 24 21 28 20 21 734 29 82 47 41 106 137 1731 79 301 404 3012 27
leaf_count=20 24 21 28 20 21 734 29 82 47 41 106 137 1731 79 301 404 3012 27
internal_value=5.5211e-16 -5.17944e-07 5.49057e-09 1.01546e-06 -1.69783e-09 1.31804e-07 1.62641e-06 4.91379e-08 -3.26493e-08 5.68454e-07 -2.36945e-08 7.94833e-08 -2.23358e-08 9.04877e-07 -7.67813e-08 -5.15067e-07 -9.31206e-09 1.81882e-07
internal_weight=6864 72 6792 48 6744 954 50 904 781 123 5790 1967 1751 216 3823 510 3313 48
internal_count=6864 72 6792 48 6744 954 50 904 781 123 5790 1967 1751 216 3823 510 3313 48
is_linear=0
shrinkage=0.05


Tree=134
num_leaves=31
num_cat=0
split_feature=14 9 11 13 27 14 7 3 27 11 27 13 7 14 15 7 15 14 14 13 7 14 14 21 14 15 11 7 11 13
split_gain=7.85241e-09 2.55177e-08 1.27434e-08 1.04653e-08 9.29563e-09 2.03744e-08 5.48275e-08 1.10471e-07 1.00837e-07 1.88749e-08 1.5875e-08 1.76431e-08 1.69632e-08 1.46684e-08 6.07261e-08 1.58851e-07 4.0588e-08 4.04529e-08 7.395e-08 5.4246e-08 1.44518e-08 1.64231e-08 1.32491e-08 1.59538e-08 1.42473e-08 4.7402e-08 2.3722e-08 8.4147e-09 2.06228e-09 2.60088e-10
threshold=-0.99630266176052629 -60.224164379586931 19.087500000000002 0.60355339059327384 71.166666666666671 -0.95244167294248061 137.56077128556549 16.350000000000005 9.5000000000000018 11.612500000000002 50.500000000000007 0.25881904510252057 113.87962408466828 0.61915405168109316 -0.56369940867848845 115.93018444175868 -0.53495380374625956 0.54219432480460406 0.51297097409535064 0.25881904510252057 102.01968264851767 0.9053161325100999 -0.98803845231459242 133.50000000000003 0.71503381463111937 -0.44505783185115427 15.328125000000002 115.93018444175868 21.771875000000005 -0.12940952255126037
decision_type=2 2 2 2 2 2 2 2 2 2 2 2 2 2 2 2 2 2 2 2 2 2 2 2 2 2 2 2 2 2
left_child=1 -1 27 28 5 6 10 -8 -9 20 12 -12 -2 17 15 -15 -16 18 -7 -19 -6 -22 23 -11 26 -26 -24 -3 -4 -30
right_child=4 2 3 -5 9 13 7 8 -10 22 11 -13 -14 14 16 -17 -18 19 -20 -21 21 -23 24 -25 25 -27 -28 -29 29 -31
leaf_value=1.8276569785295276e-06 -2.6406520726496296e-08 -3.3000123793380273e-08 5.128447565994066e-07 -1.1308840808768848e-06 -8.338659632548106e-08 5.0446415950912463e-08 1.2491820821371501e-06 2.883936122088926e-07 -4.0251636890042435e-06 1.9589936533748188e-06 -2.4456905828633821e-08 1.7927340030093381e-06 -1.0179181483429355e-06 -1.413414955843392e-07 1.676164285657121e-06 -3.0666359036525244e-06 -4.6727823633958527e-08 5.4228044163160082e-09 -1.4555651344460603e-06 1.6796290360904179e-06 4.6922215612236572e-07 2.4240614313891292e-06 -7.082709570824962e-07 7.7983444994474255e-09 1.0583515414793937e-06 -2.457430438064983e-08 2.302639184231631e-08 1.2330171355350623e-06 -1.6855484118415501e-09 -1.9576317202206285e-07
leaf_weight=24 200 21 20 22 23 2752 26 20 42 20 34 22 55 194 35 61 1466 109 84 87 21 22 135 22 131 442 621 35 97 21
leaf_count=24 200 21 20 22 23 2752 26 20 42 20 34 22 55 194 35 61 1466 109 84 87 21 22 135 22 131 442 621 35 97 21
internal_value=9.19764e-16 2.80955e-07 1.091e-07 -1.18107e-07 -1.01795e-08 -4.13555e-08 -3.84633e-07 -1.48648e-06 -2.63369e-06 1.02353e-07 -7.28559e-08 6.8944e-07 -2.40262e-07 -1.2749e-08 -1.27746e-07 -8.41118e-07 -6.55379e-09 5.38522e-08 5.83959e-09 7.48565e-07 9.28259e-07 1.46937e-06 6.25941e-08 9.36939e-07 3.49624e-08 2.23006e-07 -1.07562e-07 7.58261e-07 4.33505e-08 -3.62248e-08
internal_weight=6864 240 216 160 6624 5187 399 88 62 1437 311 56 255 4788 1756 255 1501 3032 2836 196 66 43 1371 42 1329 573 756 56 138 118
internal_count=6864 240 216 160 6624 5187 399 88 62 1437 311 56 255 4788 1756 255 1501 3032 2836 196 66 43 1371 42 1329 573 756 56 138 118
is_linear=0
shrinkage=0.05


Tree=135
num_leaves=16
num_cat=0
split_feature=15 3 8 8 14 5 14 7 8 4 27 14 8 14 5
split_gain=7.7185e-09 3.70374e-08 1.11869e-08 1.31219e-08 1.02583e-07 6.15295e-08 1.12381e-07 7.12487e-08 2.45094e-08 9.95026e-09 1.67771e-08 2.0532e-08 8.76393e-09 2.63872e-08 9.94321e-09
threshold=-0.99983123799342477 19.750000000000004 16.085236471260917 25.454929196434453 -0.50648480199892099 7.2500000000000009 0.72695311118111527 134.7852485700393 29.375146660507657 64.500000000000014 43.500000000000007 -0.3190086476827993 293.82566432558696 0.99552231814189451 0.8500000000000002
decision_type=2 2 2 2 2 2 2 2 2 2 2 2 2 2 2
left_child=1 -1 9 4 -4 7 -7 -6 -5 10 11 -2 14 -14 -10
right_child=2 -3 3 8 5 6 -8 -9 12 -11 -12 -13 13 -15 -16
leaf_value=-2.2751804362997065e-06 1.546842013411265e-06 5.42012509388964e-07 1.7203144986111558e-06 1.509697041355038e-06 -1.8508057389681201e-06 1.9355221742113248e-07 -4.511309655299556e-06 2.0506431941281668e-06 -8.9108595149928706e-07 1.4047850493229912e-06 -1.0152537117846807e-06 -2.1774460960574183e-07 7.8993708365708552e-08 1.3288086165630376e-06 -2.0531751704540606e-08
leaf_weight=20 32 28 38 27 25 22 30 22 33 24 20 34 1051 44 5414
leaf_count=20 32 28 38 27 25 22 30 22 33 24 20 34 1051 44 5414
internal_value=-4.87326e-17 -6.31818e-07 4.44942e-09 -3.75457e-09 -4.88067e-07 -1.33573e-06 -2.52079e-06 -2.45956e-08 6.34603e-09 5.04594e-07 2.53379e-07 6.37813e-07 1.41429e-10 1.29215e-07 -2.58059e-08
internal_weight=6864 48 6816 6706 137 99 52 47 6569 110 86 66 6542 1095 5447
internal_count=6864 48 6816 6706 137 99 52 47 6569 110 86 66 6542 1095 5447
is_linear=0
shrinkage=0.05


Tree=136
num_leaves=31
num_cat=0
split_feature=5 13 3 3 3 5 8 7 7 4 5 7 3 8 4 8 5 5 5 5 11 3 11 4 2 11 3 13 26 6
split_gain=7.70545e-09 2.04036e-08 3.64744e-08 5.25993e-08 2.46357e-08 1.19005e-08 8.4421e-08 1.61979e-08 2.32445e-08 2.28569e-08 1.11105e-08 2.1972e-08 1.30132e-08 6.8877e-08 8.63882e-08 3.84484e-08 3.93557e-08 2.16759e-08 1.48169e-08 7.54992e-09 5.51878e-09 1.52757e-08 9.28256e-09 8.26602e-09 6.08228e-09 4.50869e-09 2.18778e-09 1.60915e-09 7.37953e-11 5.95901e-11
threshold=17.550000000000004 0.78656609248549303 12.850000000000003 24.250000000000004 14.050000000000002 15.850000000000003 37.05353881563304 121.62310634582926 115.3141334358147 37.500000000000007 15.450000000000001 124.13007218665588 14.65 25.454929196434453 25.500000000000004 35.129700462559192 13.950000000000001 2.5500000000000003 4.3500000000000005 19.150000000000002 14.303125000000003 12.750000000000002 17.703125000000004 57.500000000000007 23.500000000000004 17.406250000000004 23.050000000000004 1.0000000180025095e-35 0.00059671911253290368 0.00077672500000000014
decision_type=2 2 2 2 2 2 2 2 2 2 2 2 2 2 2 2 2 2 2 2 2 2 2 2 2 2 2 2 2 2
left_child=5 20 -3 4 -4 10 -7 8 25 -9 12 27 13 14 -1 16 -14 -15 -17 -6 21 -2 23 -22 26 -8 -24 28 -12 -26
right_child=1 2 3 -5 19 6 7 9 -10 -11 11 -13 15 17 -16 18 -18 -19 -20 -21 22 -23 24 -25 29 -27 -28 -29 -30 -31
leaf_value=-4.4010954319500823e-06 -2.2684027734877001e-07 -7.5692438808043029e-07 7.604433229438166e-07 -8.0685016378676826e-07 3.4231825644326364e-06 -3.4499445064284374e-06 -6.6447117163430727e-07 7.2381951390991917e-08 1.7032736772648604e-06 -1.6747489458839799e-06 -3.0972050822336091e-08 1.643648372843624e-06 8.2392911076567543e-07 -1.023205283014393e-06 -4.2340669895752521e-07 2.3717645140425913e-07 -1.4905368607287529e-06 -9.1930041490080935e-09 -4.2203888211473544e-08 2.0657809868463939e-06 -1.4391679571750566e-06 1.2914214909187651e-06 2.5100156247639289e-07 -8.082536379812785e-08 -1.8266272854257758e-08 6.4395698967305069e-09 9.7273513999663835e-07 4.7238013196518928e-07 8.0164481990330223e-08 -1.0140944930941734e-07
leaf_weight=21 37 30 26 23 20 20 28 39 20 36 59 30 225 56 39 540 20 895 3917 21 21 30 21 24 342 237 21 23 20 23
leaf_count=21 37 30 26 23 20 20 28 39 20 36 59 30 225 56 39 540 20 895 3917 21 21 30 21 24 342 237 21 23 20 23
internal_value=2.58575e-16 1.65348e-07 7.52927e-07 1.25621e-06 1.96443e-06 -1.69731e-08 -2.88107e-07 -1.12449e-07 5.96016e-08 -7.66241e-07 6.54063e-10 4.54168e-07 -9.82446e-09 -1.72565e-07 -1.8156e-06 2.51672e-08 6.34993e-07 -6.89035e-08 -8.3548e-09 2.72793e-06 2.94917e-08 4.52978e-07 -3.32817e-08 -7.14719e-07 4.20614e-08 -6.44491e-08 6.11868e-07 1.0432e-07 -2.83622e-09 -2.35054e-08
internal_weight=6864 639 120 90 67 6225 380 360 285 75 5845 132 5713 1011 60 4702 245 951 4457 41 519 67 452 45 407 265 42 102 79 365
internal_count=6864 639 120 90 67 6225 380 360 285 75 5845 132 5713 1011 60 4702 245 951 4457 41 519 67 452 45 407 265 42 102 79 365
is_linear=0
shrinkage=0.05


Tree=137
num_leaves=17
num_cat=0
split_feature=14 11 14 9 14 11 11 27 9 27 9 14 0 14 8 12
split_gain=7.30033e-09 2.57795e-08 1.71119e-08 2.64367e-08 7.90985e-09 6.90326e-08 4.3972e-08 4.60298e-08 3.82055e-08 2.85277e-08 3.63369e-08 2.28524e-08 5.80833e-08 1.55537e-08 5.37882e-09 4.01859e-09
threshold=0.99966190462023474 12.325000000000001 0.99907018497641664 -10.082793480688997 0.9916835347852474 11.103125 10.65 33.833333333333336 -46.752218743387616 4.8333333333333348 -33.949386121058545 0.98802474685579866 1.5000000000000002 0.98372640911059162 86.561159671418253 -0.60355339059327362
decision_type=2 2 2 2 2 2 2 2 2 2 2 2 2 2 2 2
left_child=2 -2 4 -4 6 8 7 -1 -6 -7 -11 13 -13 -8 -9 -3
right_child=1 15 3 -5 5 9 11 14 -10 10 -12 12 -14 -15 -16 -17
leaf_value=3.1685700990506535e-06 -1.8388235877372001e-06 -3.5057475172163234e-07 2.3344320131002404e-06 -4.5696141067911154e-08 -3.6773635520148676e-06 -1.5297287869038858e-06 -4.7970764954193784e-09 8.9243946437278516e-07 -7.4542980667047233e-07 1.9590319409652347e-06 1.7961207284492897e-08 3.166393494211661e-06 -1.4777286018658908e-07 -7.6505052159013629e-07 -2.5328654828626896e-07 5.716482586716733e-07
leaf_weight=22 24 21 20 28 20 23 6314 21 25 29 143 20 39 68 20 27
leaf_count=22 24 21 20 28 20 23 6314 21 25 29 143 20 39 68 20 27
internal_value=1.14659e-15 -5.00824e-07 5.30909e-09 9.46024e-07 -1.38639e-09 -2.83277e-07 9.01547e-09 1.32356e-06 -2.04851e-06 1.24085e-07 3.45235e-07 -3.84217e-09 9.75673e-07 -1.28976e-08 3.33549e-07 1.68176e-07
internal_weight=6864 72 6792 48 6744 240 6504 63 45 195 172 6441 59 6382 41 48
internal_count=6864 72 6792 48 6744 240 6504 63 45 195 172 6441 59 6382 41 48
is_linear=0
shrinkage=0.05


Tree=138
num_leaves=20
num_cat=0
split_feature=14 14 7 7 5 15 9 15 9 14 3 14 15 9 9 14 15 14 9
split_gain=7.41387e-09 4.65814e-08 7.18287e-08 3.40336e-08 3.30579e-08 2.91895e-08 5.47609e-08 3.86783e-08 9.48961e-08 2.34703e-08 9.19378e-09 1.52482e-08 1.05945e-07 3.26416e-07 5.39783e-08 1.86685e-08 5.4442e-08 3.88173e-08 8.97496e-10
threshold=0.93544191479114935 0.92922379131507438 102.25218636244104 150.5217580147461 20.850000000000005 -0.30164489695395946 -30.771189818335277 -0.25206183926700709 -20.81262417077723 0.97696484778429815 10.550000000000002 0.90162119223771331 -0.38243420677835349 -29.654352408864671 -25.731776517058879 0.85226249403558707 -0.46039597980994923 0.84313847884979054 18.366665567939808
decision_type=2 2 2 2 2 2 2 2 2 2 2 2 2 2 2 2 2 2 2
left_child=1 10 -3 4 5 6 -2 8 -7 -9 -1 15 13 -13 -14 17 -17 -12 -8
right_child=3 2 -4 -5 -6 7 18 9 -10 -11 11 12 14 -15 -16 16 -18 -19 -20
leaf_value=9.2937550474604144e-07 3.2252699395485256e-06 6.1925325718042199e-08 -3.861321129079442e-06 2.1672544426110111e-06 1.7470940574953446e-06 -3.8923596961963496e-06 4.0941096493440912e-07 4.5770002119534226e-07 4.8256742051222541e-08 -1.2480534694532693e-07 -6.8564145717762684e-09 -7.367582197730372e-06 2.3939284899605463e-06 1.4874412058291527e-07 -1.6613821841390156e-07 1.3647361216821233e-06 -1.0138376963514803e-07 -1.4351826939614417e-06 -1.7559576337422556e-08
leaf_weight=26 20 28 20 20 29 22 20 249 50 566 5280 20 29 52 71 96 186 48 32
leaf_count=26 20 28 20 20 29 22 20 249 50 566 5280 20 29 52 71 96 186 48 32
internal_value=-1.19193e-15 -2.15592e-08 -1.57276e-06 1.25249e-07 8.39128e-08 3.36185e-08 1.00183e-06 -4.49736e-08 -1.15582e-06 5.31626e-08 -8.7394e-09 -1.29578e-08 -4.76679e-07 -1.93912e-06 5.76281e-07 1.25965e-09 3.97721e-07 -1.97242e-08 1.4666e-07
internal_weight=6864 5856 48 1008 988 959 72 887 72 815 5808 5782 172 72 100 5610 282 5328 52
internal_count=6864 5856 48 1008 988 959 72 887 72 815 5808 5782 172 72 100 5610 282 5328 52
is_linear=0
shrinkage=0.05


Tree=139
num_leaves=18
num_cat=0
split_feature=9 5 9 27 11 15 9 11 11 9 8 11 5 4 5 7 5
split_gain=7.2019e-09 8.25548e-08 1.04845e-08 4.81582e-08 6.8252e-08 4.07808e-08 7.8587e-08 3.70767e-08 1.98347e-08 1.47319e-08 8.49256e-09 2.70631e-08 3.82551e-08 3.16821e-08 1.37665e-08 1.45384e-08 5.01555e-09
threshold=-75.791845018747793 9.4500000000000011 -60.224164379586931 5.8333333333333348 17.406250000000004 0.42957308670649791 -62.565047217481755 12.293750000000001 15.115625000000001 -59.327696967850336 297.0434358768623 16.715625000000003 5.7500000000000009 99.500000000000014 0.8500000000000002 145.10776148299135 7.0500000000000007
decision_type=2 2 2 2 2 2 2 2 2 2 2 2 2 2 2 2 2
left_child=1 -1 3 8 5 6 -5 -7 -2 -4 14 13 -13 -12 -11 -16 -10
right_child=2 -3 9 4 -6 7 -8 -9 16 10 11 12 -14 -15 15 -17 -18
leaf_value=1.0380034584002399e-06 4.0960546462324259e-07 -2.8642404369906141e-06 -1.173647821575388e-06 2.930912472558183e-06 -1.9512912746659612e-06 -2.1332806802831786e-06 -8.8270702359626407e-07 2.3532552946853597e-07 1.6236578136386016e-06 -1.0285053323416345e-06 3.5743401248674969e-07 8.0900865470133243e-07 -2.5853141416246645e-07 2.0724651555307597e-06 -1.0141859743883314e-08 -7.2038278866775477e-07 2.7434288767835826e-06
leaf_weight=33 26 23 27 35 39 20 22 95 20 34 263 103 453 30 5548 73 20
leaf_count=33 26 23 27 35 39 20 22 95 20 34 263 103 453 30 5548 73 20
internal_value=1.19753e-16 -5.64704e-07 4.64504e-09 3.05934e-07 -6.27851e-08 3.65423e-07 1.45899e-06 -1.76606e-07 1.48472e-06 -8.13358e-09 -3.29519e-09 1.4416e-07 -6.07677e-08 5.33034e-07 -2.54331e-08 -1.93658e-08 2.18354e-06
internal_weight=6864 56 6808 277 211 172 57 115 66 6531 6504 849 556 293 5655 5621 40
internal_count=6864 56 6808 277 211 172 57 115 66 6531 6504 849 556 293 5655 5621 40
is_linear=0
shrinkage=0.05


Tree=140
num_leaves=31
num_cat=0
split_feature=14 11 9 15 0 11 12 14 8 15 14 9 3 11 5 27 14 8 8 27 27 9 8 3 14 5 14 27 15 14
split_gain=7.27832e-09 2.4642e-08 3.23794e-08 2.82542e-08 5.36149e-08 2.63177e-08 2.45739e-08 2.24754e-08 6.30063e-08 2.63332e-08 1.65636e-08 3.39228e-08 1.49325e-08 1.25872e-08 4.3341e-08 9.52979e-09 9.37848e-09 4.58924e-08 4.36132e-08 1.13459e-07 6.64017e-08 3.11875e-08 2.74364e-08 9.20692e-08 2.44995e-08 2.10183e-08 1.57945e-08 1.45065e-08 2.09042e-08 2.06331e-08
threshold=-0.98523971305672675 16.415625000000002 -37.767037036168645 -0.10837475778693638 44.500000000000007 19.625000000000004 0.37940952255126054 -0.95995996396290595 80.183547326958674 0.18281312110578132 -0.96689237009891416 -7.6365810034815853 18.550000000000004 21.306250000000002 12.250000000000002 16.500000000000004 0.21862473630160603 51.825694037050148 25.454929196434453 26.166666666666668 56.500000000000007 -45.723813439083791 354.97372237062882 15.750000000000002 0.3504237462291826 13.350000000000003 1.0000000180025095e-35 37.500000000000007 -0.99938741687870725 -0.95244167294248061
decision_type=2 2 2 2 2 2 2 2 2 2 2 2 2 2 2 2 2 2 2 2 2 2 2 2 2 2 2 2 2 2
left_child=1 2 -1 4 -3 6 12 8 9 -2 -10 -12 -5 14 -7 -8 17 21 19 -18 -21 25 24 -24 -20 -9 -23 29 -29 -19
right_child=7 3 -4 5 -6 13 15 16 10 -11 11 -13 -14 -15 -16 -17 18 27 22 20 -22 26 23 -25 -26 -27 -28 28 -30 -31
leaf_value=2.2265789883846309e-06 -1.0198034966138307e-06 -3.0620352038113195e-06 1.0618705413007239e-08 2.2511305511822382e-06 1.9247258897792108e-08 7.6603754152415603e-07 -5.5357006174692118e-07 2.7541304892305823e-06 1.3363814559761376e-07 -3.1829757786520454e-06 -2.4966995988506826e-06 3.6064032956554335e-08 6.9596576552079386e-07 9.3881055395974926e-08 -2.5256568931197879e-06 8.6514701258977311e-07 -3.3282944147296056e-06 -1.4519031178285613e-06 -3.7975230688887552e-07 1.4760071937233789e-06 -1.2639396919311708e-06 2.3304148841445055e-07 7.5657149581870883e-07 -3.430019575508444e-06 5.0882549647006512e-08 6.6156964175249987e-07 1.3538491542018887e-06 1.8616995245679391e-06 2.0067425026423208e-07 -3.2319291936168352e-08
leaf_weight=32 34 20 34 33 48 20 29 28 195 24 20 39 29 195 20 20 36 26 368 41 48 162 29 24 3222 21 39 20 358 1650
leaf_count=32 34 20 34 33 48 20 29 28 195 24 20 39 29 195 20 20 36 26 368 41 48 162 29 24 3222 21 39 20 358 1650
internal_value=1.5654e-15 1.87768e-07 1.08502e-06 4.47278e-08 -8.87012e-07 2.27844e-07 8.6234e-07 -1.41179e-08 -4.2799e-07 -1.91491e-06 -8.84569e-08 -8.225e-07 1.52371e-06 -7.18535e-08 -8.7981e-07 2.54981e-08 7.14821e-09 8.66148e-08 -4.14428e-08 -9.59771e-07 -1.71697e-09 7.26246e-07 -9.93279e-09 -1.13924e-06 6.73948e-09 1.85732e-06 4.50512e-07 8.76293e-09 2.88559e-07 -5.43415e-08
internal_weight=6864 480 66 414 68 346 111 6384 312 58 254 59 62 235 40 49 6072 2304 3768 125 89 250 3643 53 3590 49 201 2054 378 1676
internal_count=6864 480 66 414 68 346 111 6384 312 58 254 59 62 235 40 49 6072 2304 3768 125 89 250 3643 53 3590 49 201 2054 378 1676
is_linear=0
shrinkage=0.05


Tree=141
num_leaves=15
num_cat=0
split_feature=15 13 8 8 14 3 3 8 3 3 7 8 14 8
split_gain=7.50527e-09 3.59259e-08 9.69138e-09 9.81429e-09 8.22817e-08 4.46687e-08 3.57315e-08 1.9287e-08 9.66949e-09 2.5267e-08 1.30126e-08 7.02588e-09 2.23702e-08 6.82198e-09
threshold=-0.99983123799342477 0.25881904510252057 16.085236471260917 25.454929196434453 -0.50648480199892099 15.750000000000002 13.750000000000002 29.375146660507657 16.850000000000005 14.750000000000002 133.72444618317914 293.82566432558696 0.99552231814189451 291.61291884830638
decision_type=2 2 2 2 2 2 2 2 2 2 2 2 2 2
left_child=1 -1 8 4 -4 6 -6 -5 9 -2 -10 13 -13 -9
right_child=2 -3 3 7 5 -7 -8 11 10 -11 -12 12 -14 -15
leaf_value=5.3305322974698098e-07 -2.7730733823513483e-07 -2.2415454367319399e-06 1.5557245102639316e-06 1.33908960551539e-06 -1.6272926458782423e-06 -2.5862508615483019e-06 7.5693950314168685e-07 -1.7650253417879923e-08 8.684065022634968e-07 2.0545359710957619e-06 -5.7773151005286698e-07 6.9310044969235109e-08 1.2200699879888983e-06 -5.8244646220794469e-07
leaf_weight=28 21 20 38 27 30 36 33 5393 28 26 35 1051 44 54
leaf_count=28 21 20 38 27 30 36 33 5393 28 26 35 1051 44 54
internal_value=-4.22755e-16 -6.2303e-07 4.38753e-09 -3.24841e-09 -4.22097e-07 -1.18126e-06 -3.78409e-07 5.4869e-09 4.69902e-07 1.01265e-06 6.49965e-08 -1.71185e-11 1.15551e-07 -2.32495e-08
internal_weight=6864 48 6816 6706 137 99 63 6569 110 47 63 6542 1095 5447
internal_count=6864 48 6816 6706 137 99 63 6569 110 47 63 6542 1095 5447
is_linear=0
shrinkage=0.05


Tree=142
num_leaves=31
num_cat=0
split_feature=5 11 7 3 11 15 9 5 11 15 14 15 7 27 27 11 7 14 11 9 14 7 14 9 4 14 9 9 7 14
split_gain=6.9361e-09 1.65624e-08 3.41752e-08 2.09486e-08 1.24504e-08 2.97218e-08 1.43907e-08 1.127e-08 2.92841e-08 1.03361e-07 1.73113e-07 1.10527e-07 7.43161e-08 5.44825e-08 5.41092e-08 1.68359e-08 3.09155e-08 1.26063e-08 3.77658e-08 3.25203e-08 3.16141e-08 6.45855e-08 1.29421e-07 2.7502e-08 2.5908e-08 2.13931e-08 3.06506e-08 1.53354e-08 1.22504e-08 8.53445e-09
threshold=17.550000000000004 12.293750000000001 147.8318314799333 13.550000000000002 15.403125000000001 0.16587474750015932 -43.03020306360753 13.65 21.506250000000005 -0.52765736634565841 0.23537774960157334 -0.4755978891912595 112.79486125834522 23.166666666666668 32.833333333333336 24.503125000000004 121.62310634582926 -0.98523971305672675 20.703125000000004 -26.886992927641945 -0.9442364261229238 126.76179636843794 -0.96689237009891416 -3.1589870117565972 12.500000000000002 -0.91978325482952472 -23.198879681637958 -60.224164379586931 113.52297680598163 0.83849049182116964
decision_type=2 2 2 2 2 2 2 2 2 2 2 2 2 2 2 2 2 2 2 2 2 2 2 2 2 2 2 2 2 2
left_child=7 -2 4 -4 5 -3 -6 17 9 10 14 -11 -12 -13 -9 28 -17 18 19 24 21 -19 -23 -20 -1 26 -22 -27 -10 -7
right_child=1 2 3 -5 6 29 -8 8 15 11 12 13 -14 -15 -16 16 -18 20 23 -21 25 22 -24 -25 -26 27 -28 -29 -30 -31
leaf_value=4.2199096477662829e-07 -1.1046479303900015e-06 2.2387456844150868e-06 3.8408867112593722e-07 2.5966892073246647e-06 -1.1667033368212287e-06 5.5250303910587786e-07 6.5780715019009905e-08 -1.1067919342743134e-06 1.6135061656407374e-07 2.7193190339189379e-06 -1.4485892670925503e-06 8.3021017809356451e-07 -5.1571345745417474e-06 -7.9317150226530813e-07 1.6697749258450961e-06 1.3385153718930374e-08 -1.6844953230637267e-06 -3.325600549004826e-08 -1.9771125056422534e-06 -1.2438063161350024e-08 2.457339566965609e-06 -2.3383734628623643e-07 -3.9853048578614951e-06 -4.0240685385797125e-09 1.9677608502309919e-06 4.6327223635049678e-07 3.2963593588064557e-08 -9.1443443674572924e-10 1.3204465903982056e-06 -5.6292819621190842e-07
leaf_weight=46 25 22 20 23 25 47 450 47 53 34 22 73 35 177 28 631 28 256 20 75 22 67 35 151 66 186 32 4101 40 27
leaf_count=46 25 22 20 23 25 47 450 47 53 34 22 73 35 177 28 631 28 256 20 75 22 67 35 151 66 186 32 4101 40 27
internal_value=-6.03104e-16 1.56877e-07 2.08242e-07 1.56757e-06 1.05875e-07 6.25219e-07 9.13133e-10 -1.61035e-08 -1.56091e-07 -4.927e-07 -1.64874e-06 4.46156e-08 -3.72577e-06 -3.19144e-07 -7.0207e-08 3.01192e-08 -5.87554e-08 1.62289e-08 3.02238e-07 7.93321e-07 -5.56107e-09 -4.57168e-07 -1.52111e-06 -2.34795e-07 1.33289e-06 3.16828e-08 1.02067e-06 1.92252e-08 6.59887e-07 1.45521e-07
internal_weight=6864 639 614 43 571 96 475 6225 1168 416 132 284 57 250 75 752 659 5057 358 187 4699 358 102 171 112 4341 54 4287 93 74
internal_count=6864 639 614 43 571 96 475 6225 1168 416 132 284 57 250 75 752 659 5057 358 187 4699 358 102 171 112 4341 54 4287 93 74
is_linear=0
shrinkage=0.05


Tree=143
num_leaves=19
num_cat=0
split_feature=14 14 14 7 14 7 15 9 3 5 7 8 8 5 3 8 27 5
split_gain=6.91102e-09 8.49319e-09 4.29099e-08 6.61e-08 2.77536e-08 1.01111e-07 3.95818e-08 8.31249e-08 3.89288e-08 6.57082e-08 4.97565e-08 9.48803e-09 1.39504e-08 2.60933e-08 7.60687e-09 6.73444e-09 2.855e-09 8.7568e-10
threshold=0.99995780822346225 0.93544191479114935 0.92922379131507438 102.25218636244104 0.94978112945126536 130.8173217959874 -0.25206183926700709 -20.81262417077723 10.950000000000001 4.2500000000000009 99.486908875464891 359.28908972677465 342.23210573242926 16.450000000000003 14.65 91.568840298407153 55.500000000000007 7.5500000000000007
decision_type=2 2 2 2 2 2 2 2 2 2 2 2 2 2 2 2 2 2
left_child=1 2 11 -4 5 15 7 -6 9 -8 -10 12 14 -14 -1 -3 -17 -9
right_child=-2 4 3 -5 6 -7 8 17 10 -11 -12 -13 13 -15 -16 16 -18 -19
leaf_value=-1.5434966338596578e-07 -8.4698315797974522e-07 9.3723693869121473e-07 5.9462162558889172e-08 -3.7040837105450922e-06 -3.643692514804736e-06 3.8319910582567504e-06 5.9095141551779313e-07 3.0070463651554747e-07 -7.0337169861352007e-08 -2.2090817350414488e-06 7.9024343679593027e-07 -1.0684319173985083e-06 8.3898074543060822e-07 -1.1330488746352786e-06 8.9329439903999519e-09 -5.8711646049758321e-07 1.0882247902799236e-07 -1.2641754459252753e-07
leaf_weight=837 24 21 28 20 22 23 40 20 434 44 274 21 104 20 4826 20 56 30
leaf_count=837 24 21 28 20 22 23 40 20 434 44 274 21 104 20 4826 20 56 30
internal_value=1.07164e-16 2.97187e-09 -1.9867e-08 -1.50868e-06 1.38891e-07 8.51412e-07 3.99296e-08 -1.0825e-06 1.41968e-07 -8.75733e-07 2.62712e-07 -7.56273e-09 -3.71302e-09 5.20911e-07 -1.52005e-08 1.44677e-07 -7.43193e-08 4.44313e-08
internal_weight=6864 6840 5856 48 984 120 864 72 792 84 708 5808 5787 124 5663 97 76 50
internal_count=6864 6840 5856 48 984 120 864 72 792 84 708 5808 5787 124 5663 97 76 50
is_linear=0
shrinkage=0.05


Tree=144
num_leaves=19
num_cat=0
split_feature=15 27 15 7 15 15 6 15 27 5 11 11 20 5 15 5 25 6
split_gain=6.94677e-09 3.39891e-08 7.75049e-09 2.3081e-08 7.79506e-09 1.35275e-08 2.92668e-08 2.20253e-08 4.90905e-08 1.03275e-08 1.84616e-08 1.33413e-08 9.93237e-09 9.43063e-09 7.65695e-09 2.21019e-09 2.58049e-09 7.86171e-10
threshold=-0.99983123799342477 17.166666666666668 -0.99864786094873803 119.97148744142875 -0.99465740988130902 -0.97111920233974802 1.0000000180025095e-35 -0.96234030595689413 13.16666666666667 8.9500000000000011 20.193750000000005 18.309375000000006 7.1320000000000015e-05 16.050000000000004 -0.91249077947840473 12.250000000000002 7.0575037346375674e-05 7.2795000000000024e-05
decision_type=2 2 2 2 2 2 2 2 2 2 2 2 2 2 2 2 2 2
left_child=1 -1 3 15 9 6 13 8 -7 11 -11 -4 -13 -6 -9 16 -2 -8
right_child=2 -3 4 -5 5 7 17 14 -10 10 -12 12 -14 -15 -16 -17 -18 -19
leaf_value=-1.7238893003122615e-06 7.0417601591543646e-07 9.7488403845602527e-07 8.8622955841580842e-07 1.961618347934291e-06 9.2070020192143909e-07 -1.8347776873022483e-07 -3.3571164772538967e-07 2.0902320970369226e-07 -2.9675628177683324e-06 -2.0754193818512638e-06 -2.8097709694272704e-09 -1.3823080914221465e-06 -8.1147737050328453e-08 -1.1078839299636036e-07 -1.5215468282055104e-08 -2.5519655233183309e-07 -7.2386225353867594e-08 -6.6292284720245476e-08
leaf_weight=28 20 20 26 20 150 76 32 408 20 21 22 20 55 26 5688 33 23 176
leaf_count=28 20 20 26 20 150 76 32 408 20 21 22 20 55 26 5688 33 23 176
internal_value=-8.99778e-16 -5.994e-07 4.22113e-09 4.50307e-07 -2.15153e-09 5.81731e-09 2.93787e-07 -1.20413e-08 -7.63495e-07 -3.66062e-07 -1.01501e-06 -8.97754e-08 -4.28124e-07 7.68321e-07 -2.07368e-10 5.25941e-08 2.88806e-07 -1.07741e-07
internal_weight=6864 48 6816 96 6720 6576 384 6192 96 144 43 101 75 176 6096 76 43 208
internal_count=6864 48 6816 96 6720 6576 384 6192 96 144 43 101 75 176 6096 76 43 208
is_linear=0
shrinkage=0.05


Tree=145
num_leaves=22
num_cat=0
split_feature=9 5 5 13 3 3 15 5 8 8 7 4 8 15 5 11 3 8 11 5 13
split_gain=6.62564e-09 7.27923e-08 8.10064e-09 2.46097e-08 2.80478e-08 4.98844e-08 1.02976e-08 3.83659e-08 1.20058e-08 2.14198e-08 1.98051e-08 2.71786e-08 8.98596e-09 7.747e-09 7.24151e-09 5.16723e-09 1.24327e-08 2.12263e-08 8.70263e-09 7.38769e-09 5.64018e-09
threshold=-75.791845018747793 9.4500000000000011 17.550000000000004 0.78656609248549303 24.250000000000004 14.050000000000002 -0.99983123799342477 12.950000000000001 329.03213541798777 326.85811795944278 151.80681442505968 2.5000000000000004 313.47436551543655 0.53493525241775031 19.150000000000002 14.303125000000003 12.450000000000001 91.568840298407153 17.703125000000004 18.650000000000002 0.25881904510252057
decision_type=2 2 2 2 2 2 2 2 2 2 2 2 2 2 2 2 2 2 2 2 2
left_child=1 -1 6 15 5 13 7 -2 9 12 11 -10 -8 -5 -7 16 -4 -18 19 -17 -20
right_child=2 -3 3 4 -6 14 8 -9 10 -11 -12 -13 -14 -15 -16 18 17 -19 20 -21 -22
leaf_value=9.6332151187969872e-07 7.1790184406273471e-07 -2.7009338677801326e-06 -5.049313972040119e-07 -4.9398620969599427e-07 -7.3048369131356594e-07 3.2045894738530482e-06 -2.9671443232601078e-08 -2.30446986005886e-06 -6.9811128058619135e-07 -1.4295315778596249e-06 1.3743860210057835e-06 4.1739193687837972e-07 3.1393707221870161e-07 7.3479808818398137e-07 1.8752016244217797e-06 -1.4094626258298605e-06 2.0788712390640286e-06 -1.1979995334691604e-07 -1.1031233223771827e-08 -1.2018715061401509e-07 7.2435404092630056e-07
leaf_weight=33 21 23 23 23 23 20 5572 21 72 27 37 226 197 29 21 20 21 23 379 25 28
leaf_count=33 21 23 23 23 23 20 5572 21 72 27 37 226 197 29 21 20 21 23 379 25 28
internal_value=-4.46681e-17 -5.41641e-07 4.45533e-09 1.74507e-07 8.32908e-07 1.21955e-06 -1.30374e-08 -7.93284e-07 -7.69241e-09 -2.45136e-08 2.8334e-07 1.47874e-07 -1.79379e-08 1.91297e-07 2.52368e-06 2.73499e-08 4.37126e-07 9.29566e-07 -3.33913e-08 -6.93198e-07 3.95604e-08
internal_weight=6864 56 6808 635 116 93 6173 42 6131 5796 335 298 5769 52 41 519 67 44 452 45 407
internal_count=6864 56 6808 635 116 93 6173 42 6131 5796 335 298 5769 52 41 519 67 44 452 45 407
is_linear=0
shrinkage=0.05


Tree=146
num_leaves=24
num_cat=0
split_feature=14 14 14 12 11 15 9 14 5 14 5 7 5 7 14 14 7 15 14 7 9 15 15
split_gain=6.23128e-09 7.6876e-09 3.87717e-08 6.01666e-08 2.9852e-08 1.25697e-07 5.45028e-08 4.1533e-08 7.31438e-08 5.76324e-08 2.17614e-08 5.57804e-08 4.10446e-08 3.22272e-08 8.19345e-09 8.88135e-08 1.31609e-07 2.35252e-08 1.75537e-08 1.338e-08 1.27002e-08 4.82461e-09 3.10469e-09
threshold=0.99995780822346225 0.93544191479114935 0.92922379131507438 -1.0000000180025095e-35 15.006250000000001 -0.11692317777808843 -33.04402803928491 0.98049069993378934 4.6500000000000012 0.99552231814189451 5.3500000000000005 131.69743605451291 8.1500000000000004 122.76587418004705 0.31799963745711152 0.3504237462291826 102.25218636244104 -0.91249077947840473 0.30164402523644185 90.599730894803443 -37.450456167051662 -0.21862536810265826 -0.23537842981696178
decision_type=2 2 2 2 2 2 2 2 2 2 2 2 2 2 2 2 2 2 2 2 2 2 2
left_child=1 2 14 -4 5 6 -3 8 -7 -9 13 22 -13 21 18 16 -16 -17 20 -20 -1 -6 -12
right_child=-2 4 3 -5 10 7 -8 9 -10 -11 11 12 -14 -15 15 17 -18 -19 19 -21 -22 -23 -24
leaf_value=2.3197619468878456e-07 -8.0425248351427094e-07 4.2100632236756145e-06 4.9031837663965858e-07 -3.0624785715360759e-06 5.3249203290983174e-07 -1.2123152481806411e-06 9.8889870988235406e-07 -1.1255602484653776e-06 2.3877042824445857e-06 5.3377418710057218e-07 -3.187833707503256e-07 -3.5928077966218552e-06 -5.2587990667281772e-07 1.9326533261695053e-06 -3.1301330035863176e-09 8.7379082110366429e-07 -3.7582563593474566e-06 -4.4314608822666229e-08 1.5762271590169519e-07 1.8272043218322172e-06 -1.7589089327162553e-08 -1.3219920036957087e-07 7.0363087239648419e-09
leaf_weight=628 24 29 22 26 42 21 24 99 43 111 91 20 24 30 56 72 40 2256 24 24 2708 78 372
leaf_count=628 24 29 22 26 42 21 24 99 43 111 91 20 24 30 56 72 40 2256 24 24 2708 78 372
internal_value=-3.68948e-16 2.82194e-09 -1.89068e-08 -1.43411e-06 1.32134e-07 5.22497e-07 2.75142e-06 9.13545e-08 1.20645e-06 -2.48483e-07 -6.21557e-08 -2.18677e-07 -1.91994e-06 4.66885e-07 -7.21087e-09 -7.73789e-08 -1.56777e-06 -1.59196e-08 4.30513e-08 9.92414e-07 2.93914e-08 1.00443e-07 -5.70017e-08
internal_weight=6864 6840 5856 48 984 327 53 274 64 210 657 507 44 150 5808 2424 96 2328 3384 48 3336 120 463
internal_count=6864 6840 5856 48 984 327 53 274 64 210 657 507 44 150 5808 2424 96 2328 3384 48 3336 120 463
is_linear=0
shrinkage=0.05


Tree=147
num_leaves=16
num_cat=0
split_feature=8 4 4 4 8 3 3 3 4 8 7 15 11 3 7
split_gain=5.64473e-09 1.31183e-08 1.99939e-08 1.15149e-08 8.79687e-09 6.83391e-08 6.20591e-08 3.10827e-08 2.83958e-08 1.70819e-08 5.38825e-09 2.04834e-08 6.89964e-09 3.26127e-08 3.1206e-08
threshold=16.085236471260917 42.500000000000007 19.500000000000004 8.5000000000000018 25.454929196434453 17.650000000000002 15.750000000000002 13.750000000000002 6.5000000000000009 29.375146660507657 165.99672506483276 0.94975093725139803 16.715625000000003 16.050000000000004 147.8318314799333
decision_type=2 2 2 2 2 2 2 2 2 2 2 2 2 2 2
left_child=1 2 3 -1 5 6 7 -2 -7 -6 12 -12 13 -11 -14
right_child=4 -3 -4 -5 9 8 -8 -9 -10 10 11 -13 14 -15 -16
leaf_value=-6.6145054190716984e-08 -1.5391372627012366e-06 1.1382939841079558e-06 -1.3328273695674873e-06 1.4378000673787029e-06 1.2574438999445613e-06 -4.6599360267954093e-10 -3.2777533131313525e-06 6.8459334539566601e-07 2.4402624071419931e-06 8.4409549159818125e-09 -1.3076141216927796e-06 6.7428272555761488e-07 -1.3513023296197235e-08 6.8929261681810604e-07 -1.0552085751202234e-06
leaf_weight=35 30 36 21 20 27 26 26 33 22 1514 32 22 4748 199 73
leaf_count=35 30 36 21 20 27 26 26 33 22 1514 32 22 4748 199 73
internal_value=-6.00378e-16 3.52055e-07 -2.03743e-08 4.80744e-07 -5.83977e-09 -4.02412e-07 -1.22252e-06 -3.74326e-07 1.1182e-06 2.37344e-09 -2.77029e-09 -5.00175e-07 1.34049e-09 8.75358e-08 -2.92865e-08
internal_weight=6864 112 76 55 6752 137 89 63 48 6615 6588 54 6534 1713 4821
internal_count=6864 112 76 55 6752 137 89 63 48 6615 6588 54 6534 1713 4821
is_linear=0
shrinkage=0.05


Tree=148
num_leaves=17
num_cat=0
split_feature=14 11 14 11 27 7 15 15 14 27 7 15 14 15 7 27
split_gain=5.93639e-09 2.24625e-08 1.40896e-08 2.20117e-08 6.59956e-09 2.25171e-08 5.80025e-08 7.9142e-08 2.81439e-08 1.20428e-08 1.01455e-08 9.71945e-09 6.02998e-08 3.63401e-08 6.31923e-09 2.5137e-09
threshold=0.99966190462023474 12.950000000000001 0.99907018497641664 13.05625 85.833333333333357 115.3141334358147 -0.39827153806311183 -0.26037106507032781 0.71503381463111937 84.833333333333357 112.79486125834522 -0.73865259438682551 0.54219432480460406 -0.57077231802681661 109.62182897068858 57.166666666666679
decision_type=2 2 2 2 2 2 2 2 2 2 2 2 2 2 2 2
left_child=2 -2 4 -4 9 10 8 -8 -7 11 14 12 -1 -13 -6 -3
right_child=1 15 3 -5 5 6 7 -9 -10 -11 -12 13 -14 -15 -16 -17
leaf_value=-2.3351199981046572e-08 -1.5587038644428375e-06 -9.2107997791875587e-08 2.0724786410363822e-06 -8.5892720728490227e-08 -3.5788625856426377e-08 7.7924779040406354e-07 -2.7823914613443118e-06 3.8115852288018899e-07 2.6741661182130532e-06 -1.1632064069752471e-06 -1.1236809712045214e-06 -4.5755300788501763e-07 8.6576635897030988e-07 -2.8399079152883604e-09 8.4621763857315043e-07 6.6687521414365848e-07
leaf_weight=1751 28 24 21 27 616 43 22 195 36 23 21 507 214 3295 21 20
leaf_count=1751 28 24 21 27 616 43 22 195 36 23 21 507 214 3295 21 20
internal_value=-8.17355e-16 -4.51622e-07 4.78751e-09 8.58395e-07 -1.28798e-09 1.20564e-07 4.8274e-07 6.043e-08 1.64275e-06 -2.13652e-08 -4.23595e-08 -1.68113e-08 7.34789e-08 -6.34763e-08 -6.7115e-09 2.52884e-07
internal_weight=6864 72 6792 48 6744 954 296 217 79 5790 658 5767 1965 3802 637 44
internal_count=6864 72 6792 48 6744 954 296 217 79 5790 658 5767 1965 3802 637 44
is_linear=0
shrinkage=0.05


Tree=149
num_leaves=28
num_cat=0
split_feature=5 13 14 8 3 14 5 8 27 9 27 15 8 5 5 9 11 15 8 14 11 3 11 27 9 12 14
split_gain=5.94471e-09 1.49014e-08 2.74717e-08 2.55013e-08 1.24766e-08 1.2329e-08 9.82469e-09 7.41309e-08 1.49712e-08 3.07767e-08 2.11801e-08 1.22216e-08 1.14802e-08 2.6953e-08 2.7692e-08 1.86024e-08 1.09698e-08 1.25962e-07 3.25e-08 6.41803e-09 4.50277e-09 1.11766e-08 7.96107e-09 7.33267e-09 5.148e-09 3.94512e-09 5.00742e-10
threshold=17.550000000000004 0.78656609248549303 0.84773968378660736 332.69128857788991 14.050000000000002 -0.55028683855811034 15.850000000000003 37.05353881563304 46.833333333333336 -31.208481032920549 37.500000000000007 -0.99983123799342477 339.47302831309213 8.1500000000000004 6.8500000000000005 -54.838755348494566 14.603125 -0.83849291496497236 35.129700462559192 0.95998215779580554 14.303125000000003 12.750000000000002 17.703125000000004 50.500000000000007 -2.2307674782581288 0.60355339059327384 0.98802474685579866
decision_type=2 2 2 2 2 2 2 2 2 2 2 2 2 2 2 2 2 2 2 2 2 2 2 2 2 2 2
left_child=6 20 3 4 -3 -6 11 -8 10 -10 19 -1 16 14 -14 -15 17 -13 -18 -9 21 -2 23 -22 -24 -11 -26
right_child=1 2 -4 -5 5 -7 7 8 9 25 -12 12 13 15 -16 -17 18 -19 -20 -21 22 -23 24 -25 26 -27 -28
leaf_value=-1.0227844562026263e-06 -1.6984217095310866e-07 7.4961786317039189e-07 -6.0717797722986688e-07 -4.1675381077138377e-07 1.2628540048353899e-06 3.0184854017534238e-06 -3.2241437385671646e-06 6.9428701479000632e-08 -1.8559164542156479e-06 1.4985574538548971e-07 1.5696759864849612e-06 -3.2994558076156424e-06 1.6296926257079274e-07 2.1519053817705163e-06 -1.8939032554143866e-06 5.6873009991094865e-07 5.7982728774423759e-07 -5.6291290793453187e-08 -8.3473265911981515e-09 -7.9659215188598866e-07 -1.2828671011131679e-06 1.1288340781353176e-06 6.2193872135399687e-07 -6.0398294850343027e-09 2.5511190230828099e-09 -6.4307196439017395e-07 -2.3831280292147708e-07
leaf_weight=29 37 27 32 21 20 20 20 197 33 62 23 31 90 23 20 96 248 875 4433 24 23 30 35 22 349 21 23
leaf_count=29 37 27 32 21 20 20 20 197 33 62 23 31 90 23 20 96 248 875 4433 24 23 30 35 22 349 21 23
internal_value=-2.758e-16 1.45233e-07 6.47375e-07 1.10358e-06 1.5801e-06 2.14067e-06 -1.49083e-08 -2.61263e-07 -9.66581e-08 -5.64299e-07 1.25663e-07 1.10792e-09 6.2133e-09 3.53192e-07 -2.11008e-07 8.74722e-07 -8.00869e-09 -1.6726e-07 2.28142e-08 -2.46188e-08 2.91311e-08 4.11655e-07 -2.75704e-08 -6.5864e-07 4.22039e-08 -5.07645e-08 -1.2341e-08
internal_weight=6864 639 120 88 67 40 6225 380 360 116 244 5845 5816 229 110 119 5587 906 4681 221 519 67 452 45 407 83 372
internal_count=6864 639 120 88 67 40 6225 380 360 116 244 5845 5816 229 110 119 5587 906 4681 221 519 67 452 45 407 83 372
is_linear=0
shrinkage=0.05


Tree=150
num_leaves=25
num_cat=0
split_feature=5 15 9 5 3 8 3 8 5 3 3 5 8 3 15 7 8 3 9 15 8 5 5 27
split_gain=5.4798e-09 2.2905e-08 4.44783e-08 2.16987e-08 4.1003e-08 2.14999e-08 1.97846e-08 3.23769e-08 1.48388e-08 1.17579e-08 1.64314e-08 1.01697e-08 1.65132e-08 9.03846e-09 7.98631e-08 6.83213e-08 2.13602e-08 1.09819e-08 3.50656e-08 3.2182e-08 8.70604e-09 6.53227e-09 5.33909e-09 3.05593e-09
threshold=2.8500000000000001 0.14888728888808328 -39.873496590104615 3.0500000000000003 17.850000000000005 63.542999601910743 18.550000000000004 76.626319791004263 2.0500000000000003 16.050000000000004 14.65 3.2500000000000004 285.57773149842563 10.950000000000001 0.13185577213185923 115.3141334358147 79.041956903033608 16.750000000000004 -40.710067886046815 0.46038001402560286 300.81733271208674 2.3500000000000001 1.6500000000000001 39.166666666666679
decision_type=2 2 2 2 2 2 2 2 2 2 2 2 2 2 2 2 2 2 2 2 2 2 2 2
left_child=1 2 8 4 -2 -4 7 -3 -1 10 -7 12 23 14 15 -13 -16 19 -19 -15 -11 22 -9 -5
right_child=3 6 5 11 -6 9 -8 21 -10 20 -12 13 -14 17 16 -17 -18 18 -20 -21 -22 -23 -24 -25
leaf_value=9.753076552796199e-07 -2.6431537603147345e-06 -2.5306009638370602e-06 1.3319401368031929e-06 4.7882443993785278e-07 4.0952600864391737e-07 1.4479942677780855e-07 8.2657162425903161e-07 -2.4397463314264978e-08 2.6840150079957922e-06 -8.1699626607812437e-08 -1.8819811228354412e-06 3.8637734562030346e-07 1.7345546937845441e-06 2.6353961075768061e-07 2.1085790243497676e-06 -3.3619478721624134e-06 8.0406350461463958e-08 -4.7770179684206335e-07 1.4657410925700345e-09 -1.6186758106039379e-07 1.0477296655153622e-06 5.2502870610204863e-07 -1.1389914197663875e-06 -3.8476823281793516e-07
leaf_weight=27 22 20 30 20 22 20 25 22 24 91 20 20 22 1157 21 31 34 422 4009 722 21 20 21 21
leaf_count=27 22 20 30 20 22 20 25 22 24 91 20 20 22 1157 21 31 34 422 4009 722 21 20 21 21
internal_value=-5.39342e-16 1.95393e-07 4.74386e-07 -1.02145e-08 -1.11681e-06 1.08694e-07 -4.06507e-07 -7.77916e-07 1.77941e-06 -1.32737e-07 -8.68591e-07 -2.69939e-09 6.29469e-07 -8.90678e-09 -4.66782e-07 -1.89202e-06 8.548e-07 -1.21507e-09 -4.41693e-08 1.00078e-07 1.30068e-07 -2.21508e-07 -5.68734e-07 3.64965e-08
internal_weight=6864 341 233 6523 44 182 108 83 51 152 40 6479 63 6416 106 51 55 6310 4431 1879 112 63 43 41
internal_count=6864 341 233 6523 44 182 108 83 51 152 40 6479 63 6416 106 51 55 6310 4431 1879 112 63 43 41
is_linear=0
shrinkage=0.05


Tree=151
num_leaves=31
num_cat=0
split_feature=5 13 3 27 3 15 5 8 3 3 13 3 3 9 7 5 8 7 3 15 9 3 15 3 15 4 8 8 3 5
split_gain=5.59649e-09 1.37039e-08 2.47315e-08 4.04887e-08 1.45221e-08 1.84445e-08 9.12305e-09 4.35535e-08 8.83365e-08 1.6474e-07 1.12431e-08 3.94222e-08 3.31469e-08 1.16933e-08 1.7021e-08 1.01271e-08 6.41703e-08 5.35309e-08 3.19336e-08 3.05492e-08 2.33769e-08 5.5326e-08 3.68905e-08 2.21675e-08 5.82148e-08 2.07002e-08 1.22876e-08 9.47353e-09 2.55201e-09 9.39392e-09
threshold=17.550000000000004 0.78656609248549303 12.850000000000003 8.1666666666666696 14.050000000000002 0.04621408538533487 13.65 44.449389694931376 15.550000000000002 18.350000000000005 0.78656609248549303 13.350000000000003 15.450000000000001 -28.120797331603821 114.65794053175996 9.9500000000000011 51.825694037050148 153.97310347240486 15.050000000000002 -0.67801649466304881 -62.565047217481755 17.850000000000005 0.35041260675351149 15.950000000000001 -0.83849291496497236 98.500000000000014 347.43814026114779 64.428322586535174 13.950000000000001 22.650000000000002
decision_type=2 2 2 2 2 2 2 2 2 2 2 2 2 2 2 2 2 2 2 2 2 2 2 2 2 2 2 2 2 2
left_child=6 28 -3 -4 -5 -6 15 8 -8 -10 13 -12 -13 27 -15 20 18 26 -17 -20 21 22 -1 24 -22 -25 -18 -9 29 -2
right_child=1 2 3 4 5 -7 7 10 9 -11 11 12 -14 14 -16 16 17 -19 19 -21 23 -23 -24 25 -26 -27 -28 -29 -30 -31
leaf_value=2.8504780888480047e-06 6.4075056732045131e-07 -6.2081104260869321e-07 -7.2177786805127661e-07 7.2659050829315677e-07 1.220600644219736e-06 3.3422341562072687e-06 1.1048333059685926e-06 1.3647159627388257e-06 -6.0153707738663798e-06 -3.5562335969845867e-07 -2.3488816524426827e-06 1.6213549987815381e-06 -4.2993697256628851e-07 6.91915976150475e-09 -1.372188306633056e-06 2.4118202197444459e-06 3.0286002551556301e-08 -2.490200563443068e-06 1.5065360913762701e-06 -8.9231391074627337e-08 -1.4536908358507767e-06 -1.4302753250941069e-06 6.0927842954244861e-07 -3.0829650001435853e-08 -1.3961259351549054e-07 4.7126241409794323e-07 9.911618081680311e-07 8.5922607648096048e-08 -1.6347354428026386e-08 -6.0235824983172802e-07
leaf_weight=22 55 30 24 25 21 20 27 28 20 36 23 23 137 821 23 35 1553 21 59 61 93 29 111 1910 899 230 34 30 443 21
leaf_count=22 55 30 24 25 21 20 27 28 20 36 23 23 137 821 23 35 1553 21 59 61 93 29 111 1910 899 230 34 30 443 21
internal_value=-6.51828e-16 1.40915e-07 6.22459e-07 1.03688e-06 1.67639e-06 2.25554e-06 -1.44651e-08 -1.40414e-07 -1.24433e-06 -2.37696e-06 -5.59672e-08 -4.13303e-07 -1.35064e-07 1.653e-08 -3.06632e-08 1.4625e-08 1.11342e-07 1.76862e-08 1.08294e-06 6.95354e-07 -3.71393e-08 5.48534e-07 9.80003e-07 -6.74327e-08 -2.62807e-07 2.31335e-08 5.08719e-08 7.03271e-07 2.95759e-08 2.9726e-07
internal_weight=6864 639 120 90 66 41 6225 1168 83 56 1085 183 160 902 844 5057 1763 1608 155 120 3294 162 133 3132 992 2140 1587 58 519 76
internal_count=6864 639 120 90 66 41 6225 1168 83 56 1085 183 160 902 844 5057 1763 1608 155 120 3294 162 133 3132 992 2140 1587 58 519 76
is_linear=0
shrinkage=0.05


Tree=152
num_leaves=24
num_cat=0
split_feature=14 11 9 14 5 14 9 14 8 15 8 14 5 9 11 14 11 14 5 11 6 23 5
split_gain=5.99966e-09 2.86132e-08 1.62494e-08 1.33456e-08 7.08653e-08 2.11345e-08 4.53341e-08 1.94041e-08 5.71648e-08 2.1934e-08 1.49922e-08 1.37899e-08 1.11814e-08 4.18546e-08 8.27577e-09 8.16956e-09 5.48935e-08 2.40122e-08 6.69047e-09 2.03673e-09 1.07002e-09 3.45659e-10 3.69818e-10
threshold=-0.99467753128998015 18.803125000000005 -38.645071333560431 -0.9905448150984083 13.750000000000002 -0.98523971305672675 -39.529722761798631 -0.95995996396290595 80.183547326958674 0.18281312110578132 262.73107021714583 -0.96689237009891416 17.550000000000004 -41.520779180120989 19.303125000000005 -0.94975917145599731 18.706250000000001 -0.9442364261229238 9.7500000000000018 21.506250000000005 3.1265000000000006e-05 1.0000000180025095e-35 11.950000000000001
decision_type=2 2 2 2 2 2 2 2 2 2 2 2 2 2 2 2 2 2 2 2 2 2 2
left_child=1 2 18 4 10 6 -5 8 9 -7 14 -10 13 -3 -2 16 -9 -17 -1 -15 -21 -8 -23
right_child=3 12 -4 5 -6 7 21 15 11 -11 -12 -13 -14 19 -16 17 -18 -19 -20 20 -22 22 -24
leaf_value=9.9614409302617443e-07 -1.1240494485065257e-06 -2.4036489014633846e-06 2.39174792692075e-07 2.5663209887625272e-06 -3.1622651478967005e-06 -9.9613312894528959e-07 2.6073334478973094e-07 1.7379996007902163e-06 1.2931774380675895e-07 -2.9703655329171854e-06 1.2574435469927959e-06 -7.4310080748198366e-07 7.156012889537107e-07 3.8393172419048938e-07 1.5773975674407252e-07 -1.113594385053022e-06 -6.5793333978061159e-07 9.2416738276513736e-09 2.2343816207618756e-06 -3.9886961758384135e-07 1.7581081213080552e-09 -9.202374360695043e-08 1.8554672042592202e-07
leaf_weight=20 20 20 36 25 21 34 21 45 195 24 21 59 36 32 34 48 51 5928 24 20 100 30 20
leaf_count=20 20 20 36 25 21 34 21 45 195 24 21 59 36 32 34 48 51 5928 24 20 100 30 20
internal_value=-2.32411e-16 2.23372e-07 1.02698e-06 -9.78273e-09 -5.94991e-07 -1.11299e-09 7.35246e-07 -1.21861e-08 -3.96741e-07 -1.81306e-06 1.23846e-07 -7.33307e-08 -8.57072e-08 -2.53423e-07 -3.16997e-07 7.5737e-09 4.6516e-07 2.2291e-10 1.67155e-06 2.95015e-08 -6.50132e-08 9.05017e-08 1.90044e-08
internal_weight=6864 288 80 6576 96 6480 96 6384 312 58 75 254 208 172 54 6072 96 5976 44 152 120 71 50
internal_count=6864 288 80 6576 96 6480 96 6384 312 58 75 254 208 172 54 6072 96 5976 44 152 120 71 50
is_linear=0
shrinkage=0.05


Tree=153
num_leaves=19
num_cat=0
split_feature=14 14 14 7 11 11 8 4 7 8 7 9 4 8 8 8 7 14
split_gain=5.48753e-09 7.08023e-09 3.42815e-08 5.73308e-08 2.73451e-08 5.03457e-08 6.78125e-08 3.95641e-08 3.45067e-08 2.18822e-08 1.84017e-08 4.46163e-08 1.59788e-08 1.23359e-08 9.06918e-09 1.13015e-08 8.21759e-09 7.16209e-09
threshold=0.99995780822346225 0.93544191479114935 0.92922379131507438 102.25218636244104 15.006250000000001 12.640625000000002 71.424042346468738 46.500000000000007 138.28011922960249 49.900203358335098 141.85670053890806 -43.03020306360753 75.500000000000014 72.353280273547838 359.28908972677465 342.23210573242926 157.59070018419763 0.81925054981890411
decision_type=2 2 2 2 2 2 2 2 2 2 2 2 2 2 2 2 2 2
left_child=1 2 14 -4 5 9 7 -7 -8 -3 11 -6 -11 -13 15 17 -17 -1
right_child=-2 4 3 -5 10 6 8 -9 -10 12 -12 13 -14 -15 -16 16 -18 -19
leaf_value=-3.3694260729177373e-08 -7.5473112796468444e-07 -1.3238707714631816e-06 1.1148462682687314e-07 -3.3935359806491765e-06 -1.9016762659399928e-06 4.2409662376524898e-06 -5.2494849640994111e-08 1.3082377615378588e-06 2.082138106743514e-06 4.8026647403743041e-07 1.2712617935903837e-06 -1.1487348343586707e-06 -7.0764035910997345e-07 3.211183263869621e-08 -1.0443955250680338e-06 6.8857943276157134e-07 -2.849260332433395e-07 1.4500719933223319e-07
leaf_weight=5032 24 29 28 20 33 23 78 23 25 111 25 23 38 576 21 96 28 631
leaf_count=5032 24 29 28 20 33 23 78 23 25 111 25 23 38 576 21 96 28 631
internal_value=-3.35782e-16 2.64818e-09 -1.82045e-08 -1.34894e-06 1.26747e-07 5.00359e-07 1.17846e-06 2.7746e-06 4.6562e-07 -6.72641e-08 -5.92059e-08 -1.11835e-07 1.7731e-07 -1.32295e-08 -7.20671e-09 -3.44294e-09 4.68756e-07 -1.37824e-08
internal_weight=6864 6840 5856 48 984 327 149 46 103 178 657 632 149 599 5808 5787 124 5663
internal_count=6864 6840 5856 48 984 327 149 46 103 178 657 632 149 599 5808 5787 124 5663
is_linear=0
shrinkage=0.05


Tree=154
num_leaves=25
num_cat=0
split_feature=14 11 11 14 5 14 7 14 8 27 11 8 7 3 3 14 8 14 5 3 16 5 3 17
split_gain=5.50101e-09 2.59752e-08 2.03749e-08 1.19683e-08 6.3956e-08 1.91714e-08 4.0914e-08 1.7339e-08 5.16407e-08 3.63435e-08 1.48189e-08 1.35304e-08 1.0122e-08 9.83862e-09 8.37955e-09 7.69152e-09 4.13291e-08 2.50566e-08 6.48173e-09 2.21979e-09 4.5396e-10 3.95503e-10 3.25649e-10 3.1646e-11
threshold=-0.99467753128998015 19.706250000000001 21.306250000000002 -0.9905448150984083 13.750000000000002 -0.98523971305672675 129.28243931962555 -0.95995996396290595 87.231841338032652 81.166666666666671 17.506250000000005 262.73107021714583 115.93018444175868 16.950000000000003 18.750000000000004 -0.50648480199892099 35.129700462559192 -0.4460049045219317 19.850000000000005 18.750000000000004 3.5649999999999999 11.950000000000001 22.450000000000003 0.86697634840875415
decision_type=2 2 2 2 2 2 2 2 2 2 2 2 2 2 2 2 2 2 2 2 2 2 2 2
left_child=1 12 -3 4 11 6 20 8 9 -7 -10 14 -1 -14 -2 16 -9 -17 22 -15 -5 -22 -4 -24
right_child=3 2 18 5 -6 7 -8 15 10 -11 -12 -13 13 19 -16 17 -18 -19 -20 -21 21 -23 23 -25
leaf_value=4.5382172026669267e-08 -1.1115596480237856e-06 -1.2857631530138747e-06 -1.7960610540411284e-07 2.8274693753311504e-07 -3.0024672176815723e-06 -2.2687634054595856e-06 2.4396896540110903e-06 1.4016790108447218e-06 9.2512061136013867e-07 2.4608712791973634e-07 -1.8768214752749747e-07 1.1962560598649795e-06 2.1088309824790488e-06 1.0663626553788632e-06 1.7824184190828875e-07 -8.1980863407456669e-07 5.3053300507353659e-08 -4.0648139942482929e-09 9.1713790441515037e-07 4.0877175219325838e-07 -1.090937259462521e-07 1.779540971114102e-07 6.8892203586301556e-08 -1.0114391687586571e-09
leaf_weight=28 20 32 28 21 21 51 25 60 35 20 206 21 20 33 34 96 1068 4848 21 21 30 20 20 85
leaf_count=28 20 32 28 21 21 51 25 60 35 20 206 21 20 33 34 96 1068 4848 21 21 30 20 20 85
internal_value=-1.50146e-15 2.13888e-07 -1.37751e-07 -9.36738e-09 -5.63556e-07 -1.15717e-09 7.00169e-07 -1.17034e-08 -3.7522e-07 -1.56035e-06 -2.60718e-08 1.19339e-07 8.55113e-07 1.1615e-06 -2.99462e-07 6.97527e-09 1.24789e-07 -1.99045e-08 1.00797e-07 8.10633e-07 8.76614e-08 5.7254e-09 -2.80985e-08 1.23035e-08
internal_weight=6864 288 186 6576 96 6480 96 6384 312 71 241 75 102 74 54 6072 1128 4944 154 54 71 50 133 105
internal_count=6864 288 186 6576 96 6480 96 6384 312 71 241 75 102 74 54 6072 1128 4944 154 54 71 50 133 105
is_linear=0
shrinkage=0.05


Tree=155
num_leaves=21
num_cat=0
split_feature=14 7 14 14 12 14 7 8 3 14 8 5 8 8 5 14 8 27 0 13
split_gain=5.08131e-09 8.08795e-09 5.30295e-09 3.06236e-08 5.21181e-08 2.30679e-08 8.09535e-08 3.31308e-08 5.09646e-08 4.8949e-08 3.11493e-08 2.56835e-08 8.09023e-09 1.05217e-08 2.11156e-08 7.06703e-09 5.10666e-09 2.59082e-09 4.88748e-10 5.7042e-12
threshold=-0.99940763397299126 128.71185431322951 0.93544191479114935 0.92922379131507438 -1.0000000180025095e-35 0.94978112945126536 130.8173217959874 48.156894288254172 12.350000000000003 0.98049069993378934 58.636634256885976 1.5500000000000003 359.28908972677465 342.23210573242926 16.450000000000003 0.81925054981890411 91.568840298407153 55.500000000000007 30.500000000000004 -0.60355339059327384
decision_type=2 2 2 2 2 2 2 2 2 2 2 2 2 2 2 2 2 2 2 2
left_child=1 18 3 12 -5 6 16 8 -7 -10 -9 -12 13 15 -15 -2 -4 -18 -1 -20
right_child=2 -3 5 4 -6 7 -8 10 9 -11 11 -13 -14 14 -16 -17 17 -19 19 -21
leaf_value=2.7666614851217346e-07 -3.974381907440579e-08 1.114249529511933e-06 8.0912641791320276e-07 5.0980636087610329e-07 -2.7968337938943932e-06 -2.7884247611627173e-06 3.4183187756792429e-06 1.8741059941855082e-06 -1.6939725401243778e-06 1.8042067239321114e-06 1.730581348495393e-06 -1.8527968851595887e-09 -9.9265246587622518e-07 7.3220429055271997e-07 -1.0417865019007877e-06 1.3796008735875045e-07 -5.60231255297694e-07 1.0272768027024576e-07 6.6370126474067458e-09 -2.8324808174495791e-08
leaf_weight=22 4936 26 21 22 26 26 23 24 20 20 22 776 21 104 20 631 20 56 28 20
leaf_count=22 4936 26 21 22 26 26 23 24 20 20 22 776 21 104 20 631 20 56 28 20
internal_value=-3.31035e-16 3.61213e-07 -5.12359e-09 -2.36383e-08 -1.28129e-06 1.00675e-07 7.51343e-07 1.27469e-08 -1.06507e-06 5.51171e-08 9.92866e-08 4.59085e-08 -1.30698e-08 -9.45513e-09 4.46077e-07 -1.96017e-08 1.18967e-07 -7.17352e-08 8.15142e-08 -7.93041e-09
internal_weight=6864 96 6768 5760 48 1008 120 888 66 40 822 798 5712 5691 124 5567 97 76 70 48
internal_count=6864 96 6768 5760 48 1008 120 888 66 40 822 798 5712 5691 124 5567 97 76 70 48
is_linear=0
shrinkage=0.05


Tree=156
num_leaves=17
num_cat=0
split_feature=15 3 15 7 15 8 15 6 15 27 11 5 8 0 14 8
split_gain=5.23455e-09 3.42398e-08 6.79323e-09 1.98106e-08 7.20795e-09 1.52865e-08 1.16912e-08 2.45946e-08 1.88519e-08 4.16525e-08 1.06433e-08 9.08213e-09 8.19092e-09 6.82314e-09 2.02348e-09 9.1225e-10
threshold=-0.99983123799342477 19.750000000000004 -0.99864786094873803 119.97148744142875 -0.99465740988130902 290.22894652756327 -0.97111920233974802 1.0000000180025095e-35 -0.96234030595689413 13.16666666666667 18.309375000000006 16.050000000000004 358.4764110538411 186.50000000000003 1.0000000180025095e-35 284.80383306264491
decision_type=2 2 2 2 2 2 2 2 2 2 2 2 2 2 2 2
left_child=1 -1 3 14 5 10 7 11 9 -8 -4 -6 -10 -12 -2 -9
right_child=2 -3 4 -5 6 -7 8 15 12 -11 13 -13 -14 -15 -16 -17
leaf_value=-2.1003933989049982e-06 3.1082977501814404e-07 6.0831467832502184e-07 9.3950615109861246e-07 1.8214457578835664e-06 8.5762019353789285e-07 -1.1975285852591137e-06 -1.7218243065249346e-07 -6.0859407011820805e-08 4.5343013808633754e-09 -2.7366932624772746e-06 -1.1020434112651855e-06 -1.5462985230713528e-07 -6.9613475023375256e-07 -4.2019074600021773e-08 -2.0516170234498678e-07 -4.1605270439504239e-07
leaf_weight=20 38 28 22 20 150 39 76 188 6054 20 20 26 42 63 38 20
leaf_count=20 38 28 22 20 150 39 76 188 6054 20 20 26 42 63 38 20
internal_value=-4.59851e-16 -5.20314e-07 3.66418e-09 4.21295e-07 -2.30197e-09 -3.5224e-07 5.3609e-09 2.73073e-07 -1.12414e-08 -7.06456e-07 -3.82756e-08 7.08083e-07 -2.93143e-10 -2.97447e-07 5.2834e-08 -9.50126e-08
internal_weight=6864 48 6816 96 6720 144 6576 384 6192 96 105 176 6096 83 76 208
internal_count=6864 48 6816 96 6720 144 6576 384 6192 96 105 176 6096 83 76 208
is_linear=0
shrinkage=0.05


Tree=157
num_leaves=25
num_cat=0
split_feature=14 14 13 8 4 8 4 14 14 8 4 15 14 8 5 4 7 13 8 15 15 8 15 8
split_gain=4.96922e-09 7.97455e-08 1.34571e-07 3.29303e-08 3.33376e-08 2.73164e-08 8.08638e-08 5.06129e-08 2.18395e-08 2.0425e-08 6.26478e-08 1.77324e-08 1.55691e-08 1.70265e-08 2.86745e-08 1.8983e-08 1.44724e-08 1.41093e-08 8.14715e-09 1.20444e-08 6.1629e-09 2.79002e-08 1.41994e-08 6.042e-10
threshold=0.31799963745711152 0.3504237462291826 0.25881904510252057 354.97372237062882 40.500000000000007 25.454929196434453 15.500000000000002 0.82414472752956958 0.3342611484689354 285.57773149842563 17.500000000000004 -0.91939278948206182 0.30164402523644185 25.454929196434453 15.15 55.500000000000007 147.8318314799333 1.0000000180025095e-35 357.25307277430142 -0.9575230291762723 0.18281312110578132 79.861661080894109 0.13185577213185923 119.60916277620588
decision_type=2 2 2 2 2 2 2 2 2 2 2 2 2 2 2 2 2 2 2 2 2 2 2 2
left_child=12 2 23 5 -5 6 -3 -8 -4 11 -11 -7 13 14 15 16 -1 -14 20 -20 22 -22 -15 -2
right_child=1 3 8 4 -6 9 7 -9 -10 10 -12 -13 17 18 -16 -17 -18 -19 19 -21 21 -23 -24 -25
leaf_value=9.8673635997888938e-07 -1.012153198232113e-07 -2.9724975534387947e-06 -2.5096972146343431e-06 -2.7366916826436367e-06 -1.4189148437846755e-08 1.1540119686070938e-06 -1.0746842891189481e-06 1.3451248423734799e-06 -4.8463328312209348e-06 1.0236375157888903e-06 -6.2661368603105861e-08 -3.021243615613087e-08 7.9986657341990519e-08 5.4800604209587511e-09 -1.0068473458254037e-06 2.3282368168153765e-06 -5.2307653255584665e-07 1.7944677717688745e-06 -1.5018527873882491e-07 1.1451981986522841e-06 -1.4913221674317823e-06 -5.7699563220361084e-08 7.3213295812107009e-07 2.4154320088756421e-07
leaf_weight=65 20 30 20 22 23 32 47 40 20 202 387 2601 24 2619 23 20 21 24 34 38 37 410 69 36
leaf_count=65 20 30 20 22 23 32 47 40 20 202 387 2601 24 2619 23 20 21 24 34 38 37 410 69 36
internal_value=6.24672e-16 -4.19518e-08 -1.46301e-06 -1.638e-09 -1.34519e-06 1.64692e-08 -7.34018e-07 3.78716e-08 -3.67802e-06 4.37215e-08 3.09889e-07 -1.582e-08 4.31419e-08 3.02774e-08 5.93492e-07 9.40736e-07 6.18061e-07 9.37227e-07 7.62237e-09 5.33489e-07 -4.45496e-09 -1.76366e-07 2.4133e-08 1.19129e-07
internal_weight=6864 3480 96 3384 45 3339 117 87 40 3222 589 2633 3384 3336 129 106 86 48 3207 72 3135 447 2688 56
internal_count=6864 3480 96 3384 45 3339 117 87 40 3222 589 2633 3384 3336 129 106 86 48 3207 72 3135 447 2688 56
is_linear=0
shrinkage=0.05


Tree=158
num_leaves=20
num_cat=0
split_feature=5 3 3 8 15 5 3 9 8 3 5 8 5 13 15 15 15 8 27
split_gain=4.99608e-09 1.98338e-08 4.31613e-08 4.1516e-08 2.12863e-08 1.89319e-08 3.79041e-08 1.30797e-08 3.67668e-08 1.22071e-08 9.49241e-09 1.426e-08 8.29078e-09 9.7294e-09 7.92304e-09 6.97674e-08 4.44405e-08 7.89699e-09 2.79058e-09
threshold=2.8500000000000001 14.750000000000002 11.350000000000003 49.900203358335098 0.14888728888808328 3.0500000000000003 17.850000000000005 -39.873496590104615 290.58315264809681 16.050000000000004 3.2500000000000004 285.57773149842563 3.4500000000000006 0.25881904510252057 -0.6905596507703472 -0.65883892954715351 -0.70289845916694649 300.81733271208674 39.166666666666679
decision_type=2 2 2 2 2 2 2 2 2 2 2 2 2 2 2 2 2 2 2
left_child=1 2 -1 -3 -4 6 -2 8 -5 -9 11 18 13 -12 16 -16 -14 -11 -7
right_child=5 3 4 7 -6 10 -8 9 -10 17 12 -13 14 -15 15 -17 -18 -19 -20
leaf_value=1.1820684851325217e-06 -2.5109281998745495e-06 1.9505205328469687e-06 -2.5133165068452334e-07 -7.185261655706655e-07 -2.2215577127165742e-06 4.7967351349598183e-07 4.2413060856525617e-07 -1.0318727453927244e-06 2.1329851090985568e-06 -2.3371126735186368e-08 1.0029640017600522e-07 1.6349492212115862e-06 4.1510188591281116e-08 -1.188493488335496e-06 -1.2308744290479012e-06 -7.9407060264889226e-09 1.5965610981054929e-06 1.0221720848286558e-06 -3.4557522943552095e-07
leaf_weight=26 22 37 26 20 29 20 22 27 26 129 27 22 2045 32 120 4145 47 21 21
leaf_count=26 22 37 26 20 29 20 22 27 26 129 27 22 2045 32 120 4145 47 21 21
internal_value=-8.19269e-16 1.8657e-07 -4.96617e-07 3.9941e-07 -1.29018e-06 -9.75326e-09 -1.0434e-06 1.42051e-07 8.93198e-07 -5.31629e-08 -2.7336e-09 6.0802e-07 -8.73071e-09 -5.98708e-07 -3.25507e-09 -4.23492e-08 7.64468e-08 1.23005e-07 5.69851e-08
internal_weight=6864 341 81 260 55 6523 44 223 46 177 6479 63 6416 59 6357 4265 2092 150 41
internal_count=6864 341 81 260 55 6523 44 223 46 177 6479 63 6416 59 6357 4265 2092 150 41
is_linear=0
shrinkage=0.05


Tree=159
num_leaves=24
num_cat=0
split_feature=5 11 11 8 8 11 8 27 3 15 5 5 8 27 8 11 15 15 11 8 15 15 8
split_gain=4.94758e-09 1.27197e-08 2.19106e-08 2.62787e-08 1.82724e-08 1.54147e-08 1.20049e-08 1.23551e-08 1.03729e-08 8.10849e-09 3.46894e-08 7.88566e-09 3.71311e-08 1.54435e-08 1.69825e-08 1.15374e-08 9.22449e-09 4.27259e-08 6.03325e-08 2.82051e-08 2.82961e-08 1.84403e-08 1.53724e-08
threshold=17.550000000000004 12.293750000000001 16.603125000000002 75.91984864997805 309.20321761752024 17.806250000000002 69.062414742012422 1.0000000180025095e-35 14.250000000000002 -0.99983123799342477 12.950000000000001 15.850000000000003 41.872789802189153 47.500000000000007 290.22894652756327 16.603125000000002 -0.90531874877253482 -0.88620506325989179 22.425000000000001 54.274474447196248 -0.93237865822738086 -0.86974577485258975 340.62047025378274
decision_type=2 2 2 2 2 2 2 2 2 2 2 2 2 2 2 2 2 2 2 2 2 2 2
left_child=9 -2 3 -3 8 -4 -7 -8 -5 10 -1 16 -13 15 -15 -14 19 18 -18 20 -11 -19 -21
right_child=1 2 5 4 -6 6 7 -9 -10 11 -12 12 13 14 -16 -17 17 21 -20 22 -22 -23 -24
leaf_value=7.3097487949152793e-07 -9.7304149403498733e-07 2.1615064436166274e-06 -1.1931910117937152e-06 -2.5420050394328343e-07 1.5943246562528658e-06 1.0157582018166522e-06 -7.5277432342059394e-07 1.0784390912168421e-07 9.7884620429241584e-07 4.7385623729738426e-07 -2.1429389680146678e-06 -2.0938364646099216e-06 1.2526243848144857e-06 -2.317774095444187e-07 -1.6732627508881032e-06 2.3459746689184835e-08 -2.3290639370306586e-06 6.8539377093094584e-07 -4.0572147513234182e-08 -2.554916086496137e-08 2.345893942390376e-06 -1.4876054742810046e-08 7.4559143903180871e-07
leaf_weight=21 25 26 25 66 25 32 47 370 23 127 21 25 21 84 27 210 48 96 72 842 24 4537 70
leaf_count=21 25 26 25 66 25 32 47 370 23 127 21 25 21 84 27 210 48 96 72 842 24 4537 70
internal_value=4.63617e-16 1.32494e-07 1.77508e-07 7.27097e-07 3.9995e-07 1.51822e-08 8.24635e-08 1.08438e-08 6.4452e-08 -1.36006e-08 -7.05982e-07 -8.89739e-09 -2.33683e-07 -9.77068e-08 -5.82409e-07 1.35202e-07 5.28698e-09 -2.44921e-08 -9.55969e-07 1.38439e-07 7.71399e-07 -3.65823e-10 3.36393e-08
internal_weight=6864 639 614 140 114 474 449 417 89 6225 42 6183 367 342 111 231 5816 4753 120 1063 151 4633 912
internal_count=6864 639 614 140 114 474 449 417 89 6225 42 6183 367 342 111 231 5816 4753 120 1063 151 4633 912
is_linear=0
shrinkage=0.05


Tree=160
num_leaves=25
num_cat=0
split_feature=14 11 11 14 5 14 7 14 8 8 8 8 7 14 3 14 11 14 5 9 16 5 5 3
split_gain=4.79778e-09 2.28233e-08 1.83471e-08 1.07508e-08 5.72458e-08 1.63538e-08 3.60311e-08 1.55237e-08 4.65599e-08 1.82241e-08 1.41541e-08 1.18634e-08 9.05538e-09 7.36068e-09 7.33838e-09 7.28242e-09 4.91091e-08 2.12259e-08 5.78614e-09 2.36322e-09 4.42516e-10 3.80237e-10 3.02363e-10 1.00244e-09
threshold=-0.99467753128998015 19.706250000000001 21.306250000000002 -0.9905448150984083 13.750000000000002 -0.98523971305672675 129.28243931962555 -0.95995996396290595 80.183547326958674 41.872789802189153 297.94689140137353 262.73107021714583 128.71185431322951 -0.99866806308218525 18.750000000000004 -0.94975917145599731 18.706250000000001 -0.9442364261229238 19.850000000000005 -15.154661431034507 3.5649999999999999 11.950000000000001 7.8500000000000005 22.450000000000003
decision_type=2 2 2 2 2 2 2 2 2 2 2 2 2 2 2 2 2 2 2 2 2 2 2 2
left_child=1 12 -3 4 11 6 20 8 9 -7 -10 14 19 -14 -2 16 -9 -17 22 -1 -5 -22 -4 -24
right_child=3 2 18 5 -6 7 -8 15 10 -11 -12 -13 13 -15 -16 17 -18 -19 -20 -21 21 -23 23 -25
leaf_value=5.9462136989721965e-07 -1.040040681985488e-06 -1.2192517409914673e-06 1.5391596075886582e-07 2.6459143701426265e-07 -2.8414147502177556e-06 -4.1120169726127641e-07 2.279198281939898e-06 1.6429047725018286e-06 6.8582179461148916e-08 -2.2758652826912328e-06 -1.1231926643111884e-06 1.1204829057814572e-06 7.8783648001191117e-07 1.9542528705295853e-06 1.6697416046942155e-07 -1.0471786311564794e-06 -6.2327968601707929e-07 8.5058394551211061e-09 8.6779571444951995e-07 -1.4853049627561178e-07 -1.2149735718836042e-07 1.59955945235879e-07 -3.5987772496571711e-07 1.6225167559929659e-08
leaf_weight=23 20 32 20 21 21 20 25 45 226 38 28 21 38 21 34 48 51 5928 21 20 30 20 22 91
leaf_count=23 20 32 20 21 21 20 25 45 226 38 28 21 38 21 34 48 51 5928 21 20 30 20 22 91
internal_value=3.56559e-16 1.9975e-07 -1.29865e-07 -8.74816e-09 -5.33992e-07 -9.6677e-10 6.46777e-07 -1.07073e-08 -3.54669e-07 -1.63288e-06 -6.27946e-08 1.12086e-07 8.00812e-07 1.203e-06 -2.80068e-07 6.96665e-09 4.38994e-07 2.64461e-11 9.65014e-08 2.48969e-07 7.19805e-08 -8.91604e-09 -2.5282e-08 -5.69984e-08
internal_weight=6864 288 186 6576 96 6480 96 6384 312 58 254 75 102 59 54 6072 96 5976 154 43 71 50 133 113
internal_count=6864 288 186 6576 96 6480 96 6384 312 58 254 75 102 59 54 6072 96 5976 154 43 71 50 133 113
is_linear=0
shrinkage=0.05


Tree=161
num_leaves=31
num_cat=0
split_feature=27 8 11 11 8 15 15 11 9 11 9 3 9 15 11 3 8 8 15 15 15 15 15 8 4 8 9 8 27 27
split_gain=4.59044e-09 3.68093e-08 1.40835e-08 2.27761e-08 1.25518e-08 9.93952e-09 3.84306e-08 1.6883e-07 9.72537e-08 4.86755e-08 5.14556e-08 4.39576e-08 3.20962e-08 2.95317e-08 9.67961e-08 8.5275e-08 2.69339e-08 2.34275e-08 2.15348e-08 9.32243e-08 4.52702e-08 1.45227e-08 1.35502e-08 5.49256e-08 8.01636e-08 3.79794e-08 5.17619e-08 1.84362e-08 1.54566e-08 9.39232e-09
threshold=77.166666666666671 20.948731388919501 11.612500000000002 12.115625000000001 43.868451668974394 -0.73865259438682551 -0.59867820553660911 19.109375000000004 -25.731776517058879 24.153125000000003 -21.727977670815978 15.950000000000001 -7.6365810034815853 -0.84313311835787952 19.625000000000004 14.450000000000001 48.156894288254172 69.797124037577774 -0.8739740505118182 -0.86974577485258975 -0.89404254237865755 -0.77788789561442695 -0.46800559042974538 53.852220059162256 34.500000000000007 48.156894288254172 -51.179005292622413 354.97372237062882 1.0000000180025095e-35 88.833333333333357
decision_type=2 2 2 2 2 2 2 2 2 2 2 2 2 2 2 2 2 2 2 2 2 2 2 2 2 2 2 2 2 2
left_child=5 -2 29 -4 -5 13 7 8 11 10 -9 -7 -11 15 16 -1 -15 -10 20 -20 -17 -18 23 24 -8 26 -24 -27 -25 -3
right_child=1 2 3 4 -6 6 22 9 17 12 -12 -13 -14 14 -16 18 21 -19 19 -21 -22 -23 25 28 -26 27 -28 -29 -30 -31
leaf_value=-3.2776204176343532e-06 1.9484366289973946e-06 1.5558773249040316e-06 -1.1916795634491744e-06 9.4614003701640057e-07 2.1770386087076562e-08 -2.2411903234134787e-06 2.4926986952777954e-08 2.8093606027627614e-06 -1.8841183577933409e-06 -1.386703618026812e-06 2.8305484843754013e-08 -5.1912397119784672e-06 1.5008742819994887e-10 2.8709711210063285e-06 2.4322767812237959e-08 3.5695591884328274e-08 1.702023380276943e-06 4.557315013866885e-07 3.4330948949445884e-06 3.3013746465330194e-08 -1.0029392653420213e-06 1.5755931549985849e-07 -2.1374035313974605e-07 1.1278029226483949e-06 4.2719028556348347e-06 1.3741126653283206e-08 -2.0782448782614878e-06 -1.2758877971918992e-06 -6.4187687408991336e-08 1.7110316327210534e-07
leaf_weight=20 26 25 38 38 1094 23 25 29 20 53 39 28 196 36 344 1196 45 23 24 126 115 23 131 30 20 2702 52 28 291 24
leaf_count=20 26 25 38 38 1094 23 25 29 20 53 39 28 196 36 344 1196 45 23 24 126 115 23 131 30 20 2702 52 28 291 24
internal_value=-3.86231e-16 8.68667e-08 4.71614e-08 1.23815e-08 5.28005e-08 -1.9247e-08 -6.73283e-08 -5.23098e-07 -2.38407e-06 2.87366e-08 1.21434e-06 -3.86083e-06 -2.95044e-07 7.27281e-08 4.28431e-07 -3.48714e-08 1.76509e-06 -6.32571e-07 9.51945e-09 5.77027e-07 -5.54127e-08 1.17963e-06 -1.02008e-08 2.76548e-07 1.91247e-06 -4.6229e-08 -7.43545e-07 5.14163e-10 4.72133e-08 8.77621e-07
internal_weight=6864 1245 1219 1170 1132 5619 3690 411 94 317 68 51 249 1929 448 1481 104 43 1461 150 1311 68 3279 366 45 2913 183 2730 321 49
internal_count=6864 1245 1219 1170 1132 5619 3690 411 94 317 68 51 249 1929 448 1481 104 43 1461 150 1311 68 3279 366 45 2913 183 2730 321 49
is_linear=0
shrinkage=0.05


Tree=162
num_leaves=20
num_cat=0
split_feature=5 11 3 8 27 5 11 4 8 5 27 3 15 7 27 11 15 5 27
split_gain=4.51647e-09 1.89578e-08 4.32237e-08 3.59524e-08 2.24896e-08 1.66495e-08 3.4071e-08 1.15312e-08 2.03151e-08 8.64964e-09 1.28283e-08 7.84148e-09 6.75058e-08 5.75632e-08 1.91313e-08 1.1256e-08 4.00173e-08 8.1046e-09 5.65648e-09
threshold=2.8500000000000001 14.715625000000001 11.350000000000003 49.900203358335098 60.500000000000007 3.0500000000000003 17.806250000000002 1.0000000180025095e-35 317.93051008410481 3.2500000000000004 27.833333333333339 10.950000000000001 0.13185577213185923 115.3141334358147 44.166666666666679 11.509375000000002 0.46038001402560286 9.9500000000000011 76.166666666666671
decision_type=2 2 2 2 2 2 2 2 2 2 2 2 2 2 2 2 2 2 2
left_child=1 2 -1 -3 -4 6 -2 -5 18 10 -7 12 13 -11 -14 16 -13 -17 -9
right_child=5 3 4 7 -6 9 -8 8 -10 11 -12 15 14 -15 -16 17 -18 -19 -20
leaf_value=1.1231202174363156e-06 -2.5027553010659177e-06 1.8214872643757436e-06 -2.3267351350243973e-06 -6.4143660107418284e-07 -1.6217386270714737e-07 1.2825680235195592e-06 2.9151371008969328e-07 3.0624697283992254e-07 1.6955882598346724e-06 3.4609873182489538e-07 -1.4457954597263224e-07 1.4803977938981916e-06 1.8800936360370859e-06 -3.094481167687674e-06 -1.0439996422917375e-08 -7.3033860630896449e-08 -1.207601263502056e-06 4.1873598992920144e-08 -3.2217391624938661e-07
leaf_weight=26 20 37 28 39 21 32 24 115 23 20 31 45 23 31 32 2714 20 3531 52
leaf_count=26 20 37 28 39 21 32 24 115 23 20 31 45 23 31 32 2714 20 3531 52
internal_value=3.03114e-16 1.77389e-07 -5.24708e-07 3.75349e-07 -1.39907e-06 -9.27331e-09 -9.78609e-07 1.41694e-07 3.02442e-07 -2.69038e-09 5.80321e-07 -8.41509e-09 -4.34895e-07 -1.74523e-06 7.80147e-07 -1.25077e-09 6.53321e-07 -8.06377e-09 1.10571e-07
internal_weight=6864 341 75 266 49 6523 44 229 190 6479 63 6416 106 51 55 6310 65 6245 167
internal_count=6864 341 75 266 49 6523 44 229 190 6479 63 6416 106 51 55 6310 65 6245 167
is_linear=0
shrinkage=0.05


Tree=163
num_leaves=22
num_cat=0
split_feature=14 14 7 14 7 5 8 4 8 8 5 14 7 14 8 12 14 14 8 27 4
split_gain=4.91585e-09 2.71664e-08 5.01118e-08 2.0763e-08 4.38259e-08 2.11584e-08 1.97232e-08 1.05528e-07 2.91603e-08 2.37274e-08 2.04347e-08 7.74254e-09 2.74113e-08 2.64509e-08 1.74569e-07 3.61073e-08 1.24951e-08 9.04555e-08 6.12752e-08 2.22405e-09 4.11016e-10
threshold=0.93544191479114935 0.92922379131507438 102.25218636244104 0.94425825643485939 109.62182897068858 20.850000000000005 48.156894288254172 72.500000000000014 39.371505767129129 58.636634256885976 1.5500000000000003 0.91939013254733981 119.97148744142875 0.90162119223771331 77.399727701971656 -0.25881904510252113 0.81925054981890411 0.78857998149907527 51.825694037050148 53.166666666666679 87.500000000000014
decision_type=2 2 2 2 2 2 2 2 2 2 2 2 2 2 2 2 2 2 2 2 2
left_child=1 11 -3 4 20 6 7 8 -5 -8 -11 13 19 16 -15 -16 17 -1 -18 -13 -2
right_child=3 2 -4 5 -6 -7 9 -9 -10 10 -12 12 -14 14 15 -17 18 -19 -20 -21 -22
leaf_value=1.4761384721476797e-08 -1.4402489782804924e-07 1.6321282529929705e-07 -3.1137138148551461e-06 -1.004193236789993e-06 2.6115905643564478e-06 1.3685179565386378e-06 1.5796677316757269e-06 2.2129063063403008e-06 -3.5092549686461486e-06 1.4531856669700952e-06 -2.7760769637804333e-08 1.4318005107135698e-07 1.9314839589598074e-06 -4.7737491627231069e-06 1.0951595358505983e-06 -8.2472501894415018e-07 2.0259300437818307e-06 -1.2562583413848008e-06 6.2931905541433793e-08 -5.3406727408984847e-07 1.5338269602119901e-07
leaf_weight=5016 21 28 20 26 25 29 25 20 21 24 791 27 23 22 50 48 44 144 412 22 26
leaf_count=5016 21 28 20 26 25 29 25 20 21 24 791 27 23 22 50 48 44 144 412 22 26
internal_value=1.99251e-16 -1.75554e-08 -1.20217e-06 1.01988e-07 9.20183e-07 3.90504e-08 -3.45741e-09 -8.29034e-07 -2.12348e-06 6.23921e-08 1.58499e-08 -7.76516e-09 5.07507e-07 -1.4233e-08 -7.48761e-07 1.54808e-07 1.46203e-09 -2.07089e-08 2.52344e-07 -1.6089e-07 2.04985e-08
internal_weight=6864 5856 48 1008 72 936 907 67 47 840 815 5808 72 5736 120 98 5616 5160 456 49 47
internal_count=6864 5856 48 1008 72 936 907 67 47 840 815 5808 72 5736 120 98 5616 5160 456 49 47
is_linear=0
shrinkage=0.05


Tree=164
num_leaves=22
num_cat=0
split_feature=14 14 14 13 7 14 27 5 13 3 7 3 5 14 14 13 8 14 8 13 27
split_gain=4.58357e-09 5.93871e-09 2.45177e-08 4.59246e-08 2.30933e-08 3.63993e-08 4.58484e-08 1.92272e-08 2.76956e-08 2.74994e-08 4.61878e-08 2.77892e-08 1.21756e-08 7.00891e-09 6.97789e-08 1.2085e-07 1.81425e-08 1.40985e-08 1.36417e-08 1.28197e-08 5.71996e-09
threshold=0.99995780822346225 0.93544191479114935 0.92922379131507438 0.25881904510252057 141.85670053890806 0.97696484778429815 75.500000000000014 3.2500000000000004 0.60355339059327384 11.15 115.3141334358147 15.450000000000001 7.8500000000000005 0.31799963745711152 0.3504237462291826 0.25881904510252057 25.454929196434453 0.30164402523644185 25.454929196434453 1.0000000180025095e-35 55.166666666666679
decision_type=2 2 2 2 2 2 2 2 2 2 2 2 2 2 2 2 2 2 2 2 2
left_child=1 2 13 -4 7 -6 12 8 20 10 -9 -11 -7 17 15 -15 -16 18 -1 -19 -3
right_child=-2 4 3 -5 5 6 -8 9 -10 11 -12 -13 -14 14 16 -17 -18 19 -20 -21 -22
leaf_value=5.3100237378273521e-07 -6.8977215714009317e-07 -3.9116980334240132e-07 1.6503352416715905e-07 -2.972001940406699e-06 2.1367410870100554e-06 2.3799764122763326e-08 2.1162659390938641e-06 3.2477465217490527e-07 2.0339047929545423e-06 4.9713376511368829e-07 -2.5471267682470561e-06 -1.6648906012439736e-07 -1.6414095625805204e-06 1.0598500505316317e-07 -7.392364805625107e-07 -3.4923757124261107e-06 9.2074570513619829e-09 7.2800468979098798e-08 6.5898062575655858e-09 1.7070473764609535e-06 5.8044812136310592e-07
leaf_weight=129 24 28 28 20 35 23 20 28 28 228 28 512 21 56 84 40 2244 24 3207 24 33
leaf_count=129 24 28 28 20 35 23 20 28 28 228 28 512 21 56 84 40 2244 24 3207 24 33
internal_value=-1.30684e-15 2.42025e-09 -1.66776e-08 -1.14206e-06 1.16076e-07 8.40293e-07 1.31299e-07 3.50617e-08 7.32038e-07 -4.28665e-08 -1.11118e-06 3.79785e-08 -7.70959e-07 -7.3769e-09 -7.22748e-08 -1.39333e-06 -1.77983e-08 3.91103e-08 2.68683e-08 8.89924e-07 1.3446e-07
internal_weight=6864 6840 5856 48 984 99 64 885 89 796 56 740 44 5808 2424 96 2328 3384 3336 48 61
internal_count=6864 6840 5856 48 984 99 64 885 89 796 56 740 44 5808 2424 96 2328 3384 3336 48 61
is_linear=0
shrinkage=0.05


Tree=165
num_leaves=25
num_cat=0
split_feature=14 8 5 11 11 8 8 11 8 27 8 8 14 3 8 8 14 27 3 14 8 14 8 20
split_gain=4.35003e-09 6.26899e-09 4.60765e-09 1.10825e-08 1.91397e-08 2.25451e-08 1.59753e-08 1.37759e-08 1.07564e-08 8.38576e-09 4.19338e-08 2.69061e-08 2.90231e-08 1.47372e-08 1.2387e-08 3.90745e-08 1.02621e-08 4.08341e-08 2.3756e-08 1.60652e-08 1.79945e-08 1.11979e-08 1.897e-09 3.04578e-11
threshold=-0.99940763397299126 274.71222373871819 17.550000000000004 12.293750000000001 16.603125000000002 75.91984864997805 309.20321761752024 17.806250000000002 69.062414742012422 1.0000000180025095e-35 303.0895009945126 332.69128857788991 0.52766072109828632 20.350000000000005 32.156992758362215 46.670322230074909 -0.9905448150984083 48.166666666666679 17.250000000000004 -0.98523971305672675 82.705239547400211 -0.95995996396290595 85.510333849975851 0.00014098000000000002
decision_type=2 2 2 2 2 2 2 2 2 2 2 2 2 2 2 2 2 2 2 2 2 2 2 2
left_child=1 22 9 -4 5 -5 -7 -6 -9 10 14 12 -12 -13 -2 -16 17 18 -11 20 -18 -21 -1 -24
right_child=2 -3 3 4 7 6 -8 8 -10 16 11 13 -14 -15 15 -17 19 -19 -20 21 -22 -23 23 -25
leaf_value=5.4493881322059675e-07 1.1285652689707604e-06 1.1218467398066422e-06 -9.0890643878083219e-07 2.0073186664586289e-06 -1.1290044831184787e-06 6.1990087071019463e-08 1.492469986260403e-06 9.6036754442252455e-07 9.1408854877969374e-09 1.1477968719475485e-06 9.2931209716577238e-07 -7.3967372004734083e-07 3.3882724346767645e-06 1.074039125607366e-06 -1.8270045537629532e-06 4.0551015141408331e-08 1.9048340250481577e-06 -2.0021808719177181e-06 -3.7184017267810706e-07 -3.4666770598492002e-07 2.4893144153281811e-07 -2.312816210460562e-08 -7.1818216369479164e-08 5.1385525862339256e-09
leaf_weight=20 24 20 25 26 25 89 25 32 417 32 30 21 20 24 29 819 21 33 131 284 75 4586 20 36
leaf_count=20 24 20 25 26 25 89 25 32 417 32 30 21 20 24 29 819 21 33 131 284 75 4586 20 36
internal_value=6.58403e-16 3.34212e-07 -4.74059e-09 1.23028e-07 1.65045e-07 6.78708e-07 3.75692e-07 1.333e-08 7.69343e-08 -1.80615e-08 1.17065e-07 1.11462e-06 1.9129e-06 2.2764e-07 8.38729e-09 -2.33159e-08 -4.3375e-08 -3.98232e-07 -7.35065e-08 -2.93693e-08 6.1116e-07 -4.19958e-08 1.26939e-07 -2.2346e-08
internal_weight=6864 96 6768 639 614 140 114 474 449 6129 967 95 50 45 872 848 5162 196 163 4966 96 4870 76 56
internal_count=6864 96 6768 639 614 140 114 474 449 6129 967 95 50 45 872 848 5162 196 163 4966 96 4870 76 56
is_linear=0
shrinkage=0.05


Tree=166
num_leaves=17
num_cat=0
split_feature=15 13 15 7 15 8 15 9 11 8 14 8 0 14 11 14
split_gain=4.23012e-09 3.10114e-08 5.81695e-09 1.74757e-08 7.15996e-09 1.37618e-08 9.75156e-09 2.33161e-08 8.94164e-09 7.12256e-09 5.71844e-08 1.19373e-08 6.3621e-09 3.47938e-09 2.21298e-09 1.84215e-09
threshold=-0.99983123799342477 0.25881904510252057 -0.99864786094873803 119.97148744142875 -0.99465740988130902 290.22894652756327 -0.98801846520836312 -14.668394516008963 18.309375000000006 358.4764110538411 0.40614137006726808 357.25307277430142 186.50000000000003 0.1051661082335764 20.309375000000006 1.0000000180025095e-35
decision_type=2 2 2 2 2 2 2 2 2 2 2 2 2 2 2 2
left_child=1 -1 3 15 5 8 7 13 -4 11 -11 -8 -10 -6 -9 -2
right_child=2 -3 4 -5 6 -7 9 14 12 10 -12 -13 -14 -15 -16 -17
leaf_value=6.0636581703680095e-07 2.8984878325313971e-07 -1.9714812100346537e-06 8.4311169065255278e-07 1.7048068889380377e-06 9.4800015259269541e-07 -1.1530244392314416e-06 -4.587729799246614e-09 4.6820843957351424e-07 -1.0675908066559714e-06 9.3762005403900908e-07 -2.4964844649068916e-06 8.5132740093463445e-07 -4.4005908137925936e-08 1.8477750705599084e-06 -1.1909460146185149e-07 -2.0247999608208626e-07
leaf_weight=28 38 20 22 20 22 39 6342 20 20 27 22 41 63 21 81 38
leaf_count=28 38 20 22 20 22 39 6342 20 20 27 22 41 63 21 81 38
internal_value=-5.41874e-16 -4.67737e-07 3.29392e-09 3.89752e-07 -2.2269e-09 -3.50998e-07 5.41042e-09 4.12339e-07 -5.31022e-08 -3.69992e-09 -6.04223e-07 9.1008e-10 -2.90653e-07 1.38743e-06 -2.79697e-09 4.36844e-08
internal_weight=6864 48 6816 96 6720 144 6576 144 105 6432 49 6383 83 43 101 76
internal_count=6864 48 6816 96 6720 144 6576 144 105 6432 49 6383 83 43 101 76
is_linear=0
shrinkage=0.05


Tree=167
num_leaves=27
num_cat=0
split_feature=14 7 4 15 27 8 4 3 12 27 7 14 7 3 14 11 8 8 15 27 15 9 13 14 15 26
split_gain=4.23792e-09 7.44592e-09 7.24588e-09 8.13635e-09 5.97528e-09 2.7386e-08 4.14384e-08 3.67979e-08 2.45605e-08 1.3852e-08 1.51978e-08 1.09181e-08 2.64816e-08 1.01656e-07 2.34598e-08 3.58836e-08 1.31868e-08 1.16133e-08 7.3149e-09 1.74521e-08 1.09867e-08 1.02644e-08 5.11266e-11 2.17879e-11 3.09244e-12 2.729e-13
threshold=-0.99763297024448894 106.02644824171743 27.500000000000004 1.0000000180025095e-35 71.166666666666671 54.274474447196248 98.500000000000014 15.950000000000001 0.60355339059327384 69.833333333333357 109.62182897068858 -0.93879691571722779 137.56077128556549 16.350000000000005 -0.91978325482952472 19.706250000000001 288.14476638188802 60.018757306842453 0.96901616890815878 99.833333333333357 0.95995164131966326 -57.55109063593499 -0.12940952255126037 -0.99866806308218525 0.011826144619637555 0.00037053585156331337
decision_type=2 2 2 2 2 2 2 2 2 2 2 2 2 2 2 2 2 2 2 2 2 2 2 2 2 2
left_child=1 22 3 -3 9 6 8 -8 -6 11 -11 12 16 -14 15 -13 -2 -16 20 -20 21 -7 23 24 25 -1
right_child=4 2 -4 -5 5 18 7 -9 -10 10 -12 14 13 -15 17 -17 -18 -19 19 -21 -22 -23 -24 -25 -26 -27
leaf_value=-5.3609599760806594e-09 9.1800326085245137e-09 2.2468452036150668e-07 -1.859274973304266e-07 1.4285477927700187e-06 9.125140909848572e-07 -6.2822461443531597e-07 -1.2463621019240677e-06 1.2687893578581332e-06 2.9662606884528488e-06 -9.2304029525930926e-08 -1.8857562611715583e-06 2.2950899676743576e-06 1.180860380444708e-06 -2.0006851704656093e-06 -2.2020356387246835e-07 -6.3861594122801979e-08 -1.2481676094466821e-06 1.7953188939012767e-08 3.5637382864515326e-07 -1.2251850160039124e-06 9.3214529034631419e-07 5.3425653281321218e-08 -8.7561108367358792e-08 -5.0850421154632641e-08 2.1911695154268205e-08 2.5472393277992112e-09
leaf_weight=20 400 25 21 32 37 58 33 26 24 27 21 28 38 74 587 38 22 4000 33 37 34 1155 26 22 22 24
leaf_count=20 400 25 21 32 37 58 33 26 24 27 21 28 38 74 587 38 22 4000 33 37 34 1155 26 22 22 24
internal_value=-1.08922e-15 2.31598e-07 6.08028e-07 9.00538e-07 -6.6647e-09 8.36485e-08 8.06765e-07 -1.3799e-07 1.72055e-06 -3.14555e-08 -8.76939e-07 -2.36315e-08 -2.37763e-07 -9.21232e-07 9.43271e-10 9.36906e-07 -5.63689e-08 -1.25238e-08 1.77608e-08 -4.79593e-07 4.56797e-08 2.08323e-08 -2.5959e-08 -7.75838e-09 6.60563e-09 -1.0474e-09
internal_weight=6864 192 78 57 6672 1437 120 59 61 5235 48 5187 534 112 4653 66 422 4587 1317 70 1247 1213 114 88 66 44
internal_count=6864 192 78 57 6672 1437 120 59 61 5235 48 5187 534 112 4653 66 422 4587 1317 70 1247 1213 114 88 66 44
is_linear=0
shrinkage=0.05


Tree=168
num_leaves=24
num_cat=0
split_feature=14 14 14 12 11 15 9 5 7 5 15 27 9 5 7 19 26 14 7 14 8 14 27
split_gain=4.07727e-09 5.23968e-09 2.18545e-08 4.44022e-08 2.1794e-08 9.49858e-08 4.39352e-08 3.27769e-08 3.65629e-08 3.64412e-08 1.66999e-08 5.32235e-08 9.02663e-08 2.14215e-08 4.63235e-08 3.46402e-08 1.41213e-08 7.0974e-09 2.50973e-08 2.36254e-08 1.56298e-07 1.13346e-08 2.01112e-09
threshold=0.99995780822346225 0.93544191479114935 0.92922379131507438 -1.0000000180025095e-35 15.006250000000001 -0.11692317777808843 -33.04402803928491 8.5500000000000025 142.61949143237388 7.2500000000000009 -0.23537842981696178 38.500000000000007 -20.81262417077723 15.950000000000001 105.40333196784904 1.3640000000000002e-05 1.8725235927594661e-06 0.91939013254733981 119.97148744142875 0.90162119223771331 77.399727701971656 0.85226249403558707 53.166666666666679
decision_type=2 2 2 2 2 2 2 2 2 2 2 2 2 2 2 2 2 2 2 2 2 2 2
left_child=1 2 17 -4 5 6 -3 9 -9 -7 11 12 -6 14 -12 -15 -13 19 22 21 -21 -1 -19
right_child=-2 4 3 -5 10 7 -8 8 -10 -11 13 16 -14 15 -16 -17 -18 18 -20 20 -22 -23 -24
leaf_value=-1.4749206342145244e-08 -6.5056196945079143e-07 3.6897955193000663e-06 5.7504076845692576e-07 -2.4770321649961823e-06 -3.8568427866126649e-06 -1.2493489257544603e-08 7.9771870768278552e-07 2.7506859059163076e-07 2.8119595503994789e-06 -2.1247341946847252e-06 -2.8841581636083091e-08 1.537094564270092e-06 -1.4090230990859708e-07 -2.4771834313241924e-06 1.3102171643552113e-06 -7.4400955476505718e-08 -1.8197732143986915e-08 1.3604880732769001e-07 1.8490100402509005e-06 -4.5157870116244425e-06 1.4771933728837605e-07 3.072895274372181e-07 -5.0796366217944271e-07
leaf_weight=5328 24 29 22 26 26 182 24 49 20 23 354 20 44 20 79 60 54 27 23 22 98 288 22
leaf_count=5328 24 29 22 26 26 182 24 49 20 23 354 20 44 20 79 60 54 27 23 22 98 288 22
internal_value=-8.63276e-16 2.28267e-09 -1.5656e-08 -1.07817e-06 1.0904e-07 4.42582e-07 2.38018e-06 6.77914e-08 1.0104e-06 -2.49477e-07 -5.69694e-08 -5.32767e-07 -1.52111e-06 7.65877e-08 2.15467e-07 -6.75097e-07 4.02152e-07 -6.87498e-09 4.86463e-07 -1.30675e-08 -7.07257e-07 1.7656e-09 -1.531e-07
internal_weight=6864 6840 5856 48 984 327 53 274 69 205 657 144 70 513 433 80 74 5808 72 5736 120 5616 49
internal_count=6864 6840 5856 48 984 327 53 274 69 205 657 144 70 513 433 80 74 5808 72 5736 120 5616 49
is_linear=0
shrinkage=0.05


Tree=169
num_leaves=14
num_cat=0
split_feature=9 14 9 14 3 9 9 4 9 3 9 9 4
split_gain=3.99273e-09 1.73897e-08 6.09016e-09 4.19862e-08 4.05503e-08 1.15383e-08 7.99922e-09 3.07837e-08 1.59276e-08 9.49607e-09 6.67399e-09 9.30452e-09 1.5507e-09
threshold=-75.791845018747793 0.31799963745711152 -67.194487239848442 0.78857998149907527 17.050000000000004 -70.87761891343564 -64.365679215727937 48.500000000000007 -62.565047217481755 13.65 -61.377739387223571 -60.224164379586931 22.500000000000004
decision_type=2 2 2 2 2 2 2 2 2 2 2 2 2
left_child=1 -1 3 4 5 12 7 -4 9 -8 -10 -12 -2
right_child=2 -3 6 -5 -6 -7 8 -9 10 -11 11 -13 -14
leaf_value=6.7487446709823085e-07 1.2427927706377368e-06 -1.1292174356051819e-06 -1.4715151249017962e-06 -1.5889371364995565e-06 -1.0181526415015635e-06 2.27922278099868e-06 1.5963828388976255e-06 9.7505968426503393e-07 -7.892083005942738e-07 2.7162412256911335e-07 9.2478742022582028e-07 -5.315504379770855e-09 6.3516338828083551e-07
leaf_weight=22 21 34 36 22 22 26 24 20 27 31 27 6531 21
leaf_count=22 21 34 36 22 22 26 24 20 27 31 27 6531 21
internal_value=6.17804e-16 -4.20467e-07 3.4586e-09 3.69115e-07 8.4775e-07 1.45142e-06 -2.65752e-09 -5.97738e-07 2.36124e-09 8.49701e-07 -4.71601e-09 -1.48617e-09 9.38978e-07
internal_weight=6864 56 6808 112 90 68 6696 56 6640 55 6585 6558 42
internal_count=6864 56 6808 112 90 68 6696 56 6640 55 6585 6558 42
is_linear=0
shrinkage=0.05


Tree=170
num_leaves=25
num_cat=0
split_feature=14 15 7 14 4 14 5 14 7 14 7 5 12 12 1 14 4 14 14 23 5 12 21 5
split_gain=3.99723e-09 1.05454e-08 1.62597e-08 1.2161e-08 1.0312e-08 8.21504e-09 5.07618e-08 1.3159e-08 3.02457e-08 1.24657e-08 3.44335e-08 3.60533e-08 1.19543e-08 9.63787e-09 8.97903e-09 6.68348e-09 4.45607e-08 1.8857e-08 3.76116e-09 2.70581e-10 2.81015e-10 1.80169e-10 8.0718e-11 3.35821e-11
threshold=-0.99467753128998015 0.063390085881955341 106.02644824171743 -0.99866806308218525 5.5000000000000009 -0.9905448150984083 13.750000000000002 -0.98523971305672675 129.28243931962555 -0.95995996396290595 137.56077128556549 5.9500000000000011 0.78656609248549325 0.37940952255126054 160.85000000000002 -0.94975917145599731 53.500000000000007 -0.9442364261229238 -0.99985146406598202 1.0000000180025095e-35 11.950000000000001 0.91597561503675362 159.50000000000003 16.650000000000002
decision_type=2 2 2 2 2 2 2 2 2 2 2 2 2 2 2 2 2 2 2 2 2 2 2 2
left_child=1 2 21 18 -3 6 13 8 19 10 12 -12 -9 14 -2 16 -11 -17 -4 -7 -21 22 -1 -24
right_child=5 4 3 -5 -6 7 -8 9 -10 15 11 -13 -14 -15 -16 17 -18 -19 -20 20 -22 -23 23 -25
leaf_value=8.6410504263056967e-08 1.3817220957434985e-06 3.3677447678401439e-07 9.3349286487409702e-07 1.532305215450096e-06 -1.1405309197487913e-06 2.0383756150078538e-07 -2.6399472495714217e-06 1.5197686835955872e-07 2.0754884826601485e-06 -4.5214538021382553e-07 -4.2410824323432725e-07 -2.8871688632155685e-06 -6.3682277529918656e-07 -5.9308006434832809e-07 -1.6050970657126658e-08 -9.8777073467282159e-07 1.7506592690315422e-06 7.2609399382048788e-09 9.013928325575267e-08 -1.0681808120693859e-07 1.3514243690337935e-07 -1.5765533214917582e-07 -1.2101316095025627e-09 -7.3647728529024901e-08
leaf_weight=24 20 21 20 37 27 21 21 184 25 58 39 24 65 28 27 48 38 5928 39 30 20 20 80 20
leaf_count=24 20 21 20 37 27 21 21 184 25 58 39 24 65 28 27 48 38 5928 39 30 20 20 80 20
internal_value=-4.77829e-16 1.82325e-07 3.17632e-07 8.21673e-07 -4.9421e-07 -7.98502e-09 -4.67126e-07 -1.18294e-09 5.79855e-07 -9.92035e-09 -3.18147e-07 -1.36242e-06 -5.39347e-08 1.41264e-07 5.78746e-07 5.9174e-09 4.19798e-07 -7.31282e-10 3.76022e-07 5.32239e-08 -1.00339e-08 -1.8396e-08 4.06522e-09 -1.56977e-08
internal_weight=6864 288 240 96 48 6576 96 6480 96 6384 312 63 249 75 47 6072 96 5976 59 71 50 144 124 100
internal_count=6864 288 240 96 48 6576 96 6480 96 6384 312 63 249 75 47 6072 96 5976 59 71 50 144 124 100
is_linear=0
shrinkage=0.05


Tree=171
num_leaves=29
num_cat=0
split_feature=27 9 11 11 9 5 7 11 7 7 11 5 7 9 5 5 11 11 12 5 11 9 5 7 7 7 7 5
split_gain=4.00218e-09 4.19144e-08 2.74659e-08 1.35364e-08 9.62865e-08 5.95904e-08 7.0553e-08 4.4963e-08 4.0037e-08 3.32653e-08 1.30118e-08 2.35217e-08 2.11803e-08 1.0724e-08 3.4005e-08 8.20141e-09 2.48058e-08 2.82989e-08 4.59214e-08 2.49029e-08 2.15784e-08 2.13047e-08 2.00711e-08 1.90837e-08 1.02794e-08 2.79643e-08 2.34097e-08 6.27441e-09
threshold=1.1666666666666667 -60.224164379586931 15.603125 24.153125000000003 -43.03020306360753 9.7500000000000018 126.42697836592782 19.109375000000004 122.35716459711706 131.69743605451291 25.981250000000006 9.3500000000000032 110.32028364097614 -75.791845018747793 8.9500000000000011 15.250000000000002 14.418750000000001 18.515625000000004 0.37940952255126054 16.750000000000004 12.828125000000002 -17.190763068852839 15.15 127.83576336438848 129.28243931962555 129.63981966833532 127.5475691348157 11.350000000000003
decision_type=2 2 2 2 2 2 2 2 2 2 2 2 2 2 2 2 2 2 2 2 2 2 2 2 2 2 2 2
left_child=1 2 -1 5 -5 7 27 8 -3 -9 11 -6 -12 14 -2 22 19 18 -18 23 -21 -19 24 -17 26 -26 -15 -7
right_child=13 3 -4 4 10 6 -8 9 -10 -11 12 -13 -14 15 -16 16 17 21 -20 20 -22 -23 -24 -25 25 -27 -28 -29
leaf_value=2.4753934139078092e-07 5.7941986819103132e-07 6.5577461642855414e-08 2.2291821260801551e-06 -3.3654490152912333e-06 1.6527373314629052e-07 1.0177403898235474e-06 3.3048083662470898e-06 3.0106631019777572e-07 -1.2260132464803064e-06 2.2782833914684142e-06 -7.6427436488907454e-09 -1.7916863276441171e-06 1.5998348761145498e-06 -2.1483418181153549e-08 -2.3013488453216268e-06 5.7676168441977603e-07 1.8461196240948506e-07 7.7882318380445142e-07 -1.6859431000182026e-06 -3.4791136631720169e-07 8.7202083358168331e-07 1.3659125414788768e-09 -1.2038091283349749e-06 2.3906770416974256e-06 -1.9988938608624568e-06 -1.489813350218318e-07 7.0702697249751579e-07 2.0013445780620034e-08
leaf_weight=34 21 150 36 22 34 26 31 117 100 26 847 28 21 3372 20 29 71 104 61 73 72 577 37 29 21 751 114 40
leaf_count=34 21 150 36 22 34 26 31 117 100 26 847 28 21 3372 20 29 71 104 61 73 72 577 37 29 21 751 114 40
internal_value=-5.31434e-16 7.1831e-08 1.26667e-06 1.38291e-08 -9.60763e-08 2.2736e-07 1.33723e-06 -4.65765e-08 -4.51059e-07 6.6056e-07 -1.87363e-08 -7.18515e-07 3.12478e-08 -2.02931e-08 -8.25833e-07 -1.40744e-08 1.13676e-07 -9.77778e-09 -6.79811e-07 6.08097e-07 2.57848e-07 1.20097e-07 -4.42942e-08 1.48372e-06 -3.42186e-08 -1.99303e-07 2.3405e-09 4.13057e-07
internal_weight=6864 1512 70 1442 952 490 97 393 250 143 930 62 868 5352 41 5311 1016 813 132 203 145 681 4295 58 4258 772 3486 66
internal_count=6864 1512 70 1442 952 490 97 393 250 143 930 62 868 5352 41 5311 1016 813 132 203 145 681 4295 58 4258 772 3486 66
is_linear=0
shrinkage=0.05


Tree=172
num_leaves=18
num_cat=0
split_feature=15 27 15 9 15 8 15 9 11 8 3 8 0 3 11 27 21
split_gain=3.68372e-09 3.11848e-08 5.26337e-09 1.55795e-08 6.39993e-09 1.234e-08 8.90175e-09 2.10618e-08 8.05483e-09 6.10565e-09 1.98951e-08 1.07215e-08 5.72843e-09 2.9028e-09 2.05027e-09 1.75213e-09 2.37024e-09
threshold=-0.99983123799342477 15.16666666666667 -0.99864786094873803 -24.547706889829907 -0.99465740988130902 290.22894652756327 -0.98801846520836312 -14.668394516008963 18.309375000000006 358.4764110538411 17.050000000000004 357.25307277430142 186.50000000000003 18.750000000000004 20.309375000000006 10.833333333333334 427.50000000000006
decision_type=2 2 2 2 2 2 2 2 2 2 2 2 2 2 2 2 2
left_child=1 -1 3 -2 5 8 7 13 -4 11 -11 -8 -10 -6 -9 16 -5
right_child=2 -3 4 15 6 -7 9 14 12 10 -12 -13 -14 -15 -16 -17 -18
leaf_value=-1.8219511279550137e-06 1.6123434465953325e-06 7.3583325497740873e-07 8.0078054390303978e-07 6.3638808995847289e-07 1.7219545640045908e-06 -1.091384855738234e-06 -4.603517348151326e-09 4.52638571424302e-07 -1.0125262451765594e-06 4.2747945190058092e-07 -1.5879399275794033e-06 8.065527220627778e-07 -4.125254355538721e-08 9.0010535145557657e-07 -1.1266153158916451e-07 -2.9896485617086911e-07 -6.1772795498148802e-08
leaf_weight=22 20 26 22 20 22 39 6342 20 20 25 24 41 63 21 81 25 31
leaf_count=22 20 26 22 20 22 39 6342 20 20 25 24 41 63 21 81 25 31
internal_value=3.93642e-16 -4.36485e-07 3.07384e-09 3.70683e-07 -2.17772e-09 -3.31919e-07 5.04288e-09 3.93836e-07 -4.98311e-08 -3.66145e-09 -5.59665e-07 6.06792e-10 -2.75294e-07 1.32059e-06 -7.20917e-10 4.393e-08 2.12016e-07
internal_weight=6864 48 6816 96 6720 144 6576 144 105 6432 49 6383 83 43 101 76 51
internal_count=6864 48 6816 96 6720 144 6576 144 105 6432 49 6383 83 43 101 76 51
is_linear=0
shrinkage=0.05


Tree=173
num_leaves=31
num_cat=0
split_feature=5 13 3 27 3 15 5 8 3 3 13 8 15 8 7 7 3 5 8 7 3 15 7 3 15 3 15 5 27 12
split_gain=3.77158e-09 1.00885e-08 2.00262e-08 3.00669e-08 1.34055e-08 1.47382e-08 7.12461e-09 4.00055e-08 6.86649e-08 1.40073e-07 1.12162e-08 3.33169e-08 1.93488e-08 1.81493e-08 8.92484e-09 1.36311e-08 8.22321e-09 8.07321e-09 5.13769e-08 4.466e-08 2.84628e-08 2.43742e-08 1.23787e-08 5.12025e-08 2.3629e-08 1.79203e-08 4.97039e-08 1.9796e-08 8.54426e-09 2.60468e-09
threshold=17.550000000000004 0.78656609248549303 12.850000000000003 8.1666666666666696 14.050000000000002 0.04621408538533487 13.65 44.449389694931376 15.550000000000002 18.350000000000005 0.78656609248549303 304.75715934148053 -0.38243420677835349 290.58315264809681 117.7155872178151 111.05056713192236 13.250000000000002 9.9500000000000011 51.825694037050148 153.97310347240486 15.050000000000002 -0.67801649466304881 152.99587761249464 17.850000000000005 0.46038001402560286 15.950000000000001 -0.83849291496497236 5.8500000000000005 1.1666666666666667 0.91597561503675362
decision_type=2 2 2 2 2 2 2 2 2 2 2 2 2 2 2 2 2 2 2 2 2 2 2 2 2 2 2 2 2 2
left_child=6 29 -3 -4 -5 -6 17 8 -8 -10 14 13 -13 -12 15 -9 -16 22 20 28 -19 -22 25 24 -24 26 -1 -27 -20 -2
right_child=1 2 3 4 5 -7 7 10 9 -11 11 12 -14 -15 16 -17 -18 18 19 -21 21 -23 23 -25 -26 27 -28 -29 -30 -31
leaf_value=-1.3299750293377676e-06 -1.9193069141790739e-08 -5.899177837420667e-07 -6.1374030900414787e-07 5.4030464707466305e-07 1.084169068798517e-06 2.9806984184688193e-06 8.899703128985561e-07 2.6866053290033006e-08 -5.5347391810300903e-06 -3.1588641130989951e-07 -5.1489958877937166e-07 -3.9051993606488686e-07 9.2067606228505233e-07 -2.5743703012583705e-06 -2.2538120560966491e-07 -1.041501364658225e-06 1.00643761210709e-06 2.2241399548355344e-06 2.5275052512616999e-07 -2.2742985199066706e-06 1.3282123429728357e-06 -9.7182219562021425e-08 2.1067833634853221e-06 -1.5372457137833147e-06 4.6525661813300216e-07 2.1773732296584331e-07 -1.1593751698349845e-07 -9.3994873678655481e-08 -1.8624861329444195e-08 3.3904536120531794e-07
leaf_weight=93 462 30 24 25 21 20 27 809 20 36 20 101 39 23 20 31 42 35 382 21 59 61 28 28 101 834 902 1308 1205 57
leaf_count=93 462 30 24 25 21 20 27 809 20 36 20 101 39 23 20 31 42 35 382 21 59 61 28 28 101 834 902 1308 1205 57
internal_value=-1.09108e-15 1.15681e-07 5.28849e-07 9.01771e-07 1.45287e-06 2.00931e-06 -1.18747e-08 -1.23177e-07 -1.18117e-06 -2.17976e-06 -4.22431e-08 -3.99151e-07 -2.52582e-08 -1.61648e-06 3.01672e-08 -1.25618e-08 6.09077e-07 1.38325e-08 1.00186e-07 1.63852e-08 9.69557e-07 6.03637e-07 -3.23855e-08 4.00879e-07 8.21557e-07 -5.40694e-08 -2.2941e-07 2.73798e-08 4.66968e-08 2.0151e-08
internal_weight=6864 639 120 90 66 41 6225 1168 83 56 1085 183 140 43 902 840 62 5057 1763 1608 155 120 3294 157 129 3137 995 2142 1587 519
internal_count=6864 639 120 90 66 41 6225 1168 83 56 1085 183 140 43 902 840 62 5057 1763 1608 155 120 3294 157 129 3137 995 2142 1587 519
is_linear=0
shrinkage=0.05


Tree=174
num_leaves=25
num_cat=0
split_feature=27 8 5 15 7 7 15 15 8 27 15 4 15 15 15 15 3 7 7 15 8 15 7 5
split_gain=3.68623e-09 1.62524e-08 4.80587e-08 9.62359e-09 1.76616e-08 1.20929e-08 3.46505e-08 4.54413e-08 1.00426e-08 7.2091e-09 6.23026e-09 3.80288e-08 3.3639e-08 8.21887e-08 3.94354e-08 2.92106e-08 9.6895e-08 1.02176e-07 2.63885e-08 1.82841e-08 5.31345e-08 2.89712e-08 4.09267e-09 1.09477e-10
threshold=85.833333333333357 43.868451668974394 7.6500000000000012 0.96901616890815878 114.92423621988472 115.3141334358147 -0.49812626372919411 -0.35042475891464198 64.428322586535174 84.833333333333357 -0.73865259438682551 98.500000000000014 -0.8739740505118182 -0.86974577485258975 -0.89404254237865755 -0.57077231802681661 18.150000000000002 125.37385282815569 136.41492828012952 -0.46800559042974538 54.274474447196248 -0.39827153806311183 110.32028364097614 8.4500000000000011
decision_type=2 2 2 2 2 2 2 2 2 2 2 2 2 2 2 2 2 2 2 2 2 2 2 2
left_child=9 2 -2 5 23 8 -7 -8 -3 10 11 12 14 -14 -1 16 17 -12 -18 20 -17 -21 -10 -5
right_child=1 3 -4 4 -6 6 7 -9 22 -11 15 -13 13 -15 -16 19 18 -19 -20 21 -22 -23 -24 -25
leaf_value=2.704497753414263e-08 2.7967548476226512e-06 -1.1040422523798215e-06 -3.0114279519649802e-07 -6.2529607482986189e-08 -1.7831297316206476e-06 1.7522531968494057e-06 -2.0207326170665595e-06 3.918271711744298e-07 -1.926397241724942e-08 -8.797654104775177e-07 -8.3841785323665958e-07 -2.1079906489163138e-06 3.2597325772580158e-06 2.7414037001962248e-07 -9.376196570097002e-07 2.1792936182565531e-06 -1.3016793404719964e-07 -4.2879698607326392e-06 1.4905226374105918e-06 -6.328309583432066e-07 1.3206033987178258e-07 7.6750278059937009e-09 6.2181772073280138e-07 9.9103251366921605e-08
leaf_weight=1222 21 21 31 20 20 39 22 173 586 24 92 20 24 583 116 36 360 28 27 188 265 2898 26 22
leaf_count=1222 21 21 31 20 20 39 22 173 586 24 92 20 24 583 116 36 360 28 27 188 265 2898 26 22
internal_value=-3.80952e-16 8.97299e-08 9.49931e-07 4.15809e-08 -5.60208e-07 8.46154e-08 3.91743e-07 1.19641e-07 -2.89199e-08 -1.49626e-08 -1.14202e-08 6.11617e-08 8.34666e-08 3.92187e-07 -5.65881e-08 -4.80466e-08 -4.02e-07 -1.64331e-06 -1.70965e-08 4.93669e-09 3.76912e-07 -3.13448e-08 7.97152e-09 2.21352e-08
internal_weight=6864 981 52 929 62 867 234 195 633 5883 5859 1965 1945 607 1338 3894 507 120 387 3387 301 3086 612 42
internal_count=6864 981 52 929 62 867 234 195 633 5883 5859 1965 1945 607 1338 3894 507 120 387 3387 301 3086 612 42
is_linear=0
shrinkage=0.05


Tree=175
num_leaves=18
num_cat=0
split_feature=14 14 11 7 14 7 14 11 7 14 2 14 8 8 5 11 22
split_gain=3.69905e-09 4.98429e-09 3.12108e-08 6.96982e-08 1.72674e-08 5.78695e-08 3.38251e-08 2.85714e-08 4.14725e-08 1.2818e-08 3.60427e-08 1.63576e-08 9.4566e-09 3.30584e-09 5.02459e-09 3.22766e-09 4.99957e-10
threshold=0.99995780822346225 0.99700008544936913 10.262500000000001 124.74780099104989 0.9916835347852474 123.19889114156894 0.99466373373798567 10.65 137.56077128556549 0.98802474685579866 1.5000000000000002 0.98372640911059162 87.231841338032652 92.613874070518492 6.0500000000000007 14.509375000000002 238.50000000000003
decision_type=2 2 2 2 2 2 2 2 2 2 2 2 2 2 2 2 2
left_child=1 4 -3 13 7 15 -7 8 12 11 -11 -9 -1 -4 -15 -6 -17
right_child=-2 2 3 -5 5 6 -8 9 -10 10 -12 -13 -14 14 -16 16 -18
leaf_value=9.1607009835570361e-07 -6.19653182335848e-07 -1.4747018822014942e-06 5.3334828098883235e-07 2.3738058838549289e-06 5.653207543437694e-07 -3.5276120500037949e-06 -6.8972570699900517e-07 -1.9280326802854223e-09 2.947579729379868e-06 2.4558607015023885e-06 -1.548420585824791e-07 -7.815808428274555e-07 -5.6730405969487731e-07 -7.5835380695768557e-07 2.572565902234753e-08 -2.862884115728548e-07 5.6362822998711309e-09
leaf_weight=22 24 23 20 38 27 21 21 6314 20 20 39 68 21 27 84 20 55
leaf_count=22 24 23 20 38 27 21 21 6314 20 20 39 68 21 27 84 20 55
internal_value=-5.15382e-16 2.17422e-09 2.53327e-07 4.88503e-07 -5.0793e-09 -5.4664e-07 -2.10867e-06 6.91098e-09 1.06654e-06 -3.4533e-09 7.30142e-07 -1.02352e-08 1.91632e-07 -5.83789e-08 -1.64996e-07 9.65479e-08 -7.22103e-08
internal_weight=6864 6840 192 169 6648 144 42 6504 63 6441 59 6382 43 131 111 102 75
internal_count=6864 6840 192 169 6648 144 42 6504 63 6441 59 6382 43 131 111 102 75
is_linear=0
shrinkage=0.05


Tree=176
num_leaves=26
num_cat=0
split_feature=14 14 13 8 3 8 27 9 14 8 4 14 8 13 8 5 4 7 3 7 5 8 5 3 8
split_gain=3.68211e-09 6.38834e-08 1.08042e-07 2.63195e-08 2.46395e-08 2.25314e-08 7.52028e-08 5.68686e-08 2.0418e-08 1.49639e-08 5.31374e-08 1.24835e-08 1.23866e-08 1.12678e-08 1.09519e-08 2.29523e-08 1.51899e-08 1.19369e-08 6.34111e-09 2.63904e-08 1.78193e-08 3.20358e-08 1.82166e-08 9.14813e-09 5.27957e-10
threshold=0.31799963745711152 0.3504237462291826 0.25881904510252057 354.97372237062882 14.850000000000003 25.454929196434453 26.166666666666668 -40.710067886046815 0.3342611484689354 285.57773149842563 17.500000000000004 0.30164402523644185 31.337992276319969 1.0000000180025095e-35 25.454929196434453 15.15 55.500000000000007 147.8318314799333 18.050000000000004 152.99587761249464 15.250000000000002 68.636046773892375 3.6500000000000008 22.650000000000002 119.60916277620588
decision_type=2 2 2 2 2 2 2 2 2 2 2 2 2 2 2 2 2 2 2 2 2 2 2 2 2
left_child=11 2 24 5 -5 6 -3 -8 -4 12 -11 14 -7 -13 15 16 17 -1 20 23 22 -22 -16 -20 -2
right_child=1 3 8 4 -6 9 7 -9 -10 10 -12 13 -14 -15 18 -17 -18 -19 19 -21 21 -23 -24 -25 -26
leaf_value=8.3417707601759399e-07 -9.6343968047918343e-08 -2.6878813858991524e-06 -2.1630605169775662e-06 -4.8969013732858009e-09 -2.345440537718115e-06 1.1206553475417992e-06 8.8021049839606734e-07 -2.1242461339657631e-06 -4.4223752797734046e-06 9.260747544480597e-07 -7.4378463895516443e-08 7.1665150858102333e-08 -2.0456466134105152e-08 1.6038101634308079e-06 -4.3195163811636164e-07 -9.5446115981600185e-07 2.0291541375172529e-06 -5.3701572120362901e-07 -1.3075512837834968e-07 -1.7528332627782881e-06 -2.2495597678904407e-06 1.3294696186729323e-07 3.4273082122016828e-07 6.3976984579202889e-08 2.2405946664447484e-07
leaf_weight=65 20 33 20 22 23 24 63 21 20 202 387 24 2609 24 89 23 20 21 1002 22 21 43 515 1515 36
leaf_count=65 20 33 20 22 23 24 63 21 20 202 387 24 2609 24 89 23 20 21 1002 22 21 43 515 1515 36
internal_value=-4.0358e-16 -3.61123e-08 -1.30802e-06 -2.99688e-11 -1.20117e-06 1.6158e-08 -6.65436e-07 1.29096e-07 -3.29272e-06 4.09086e-08 2.68731e-07 3.71368e-08 -1.00551e-08 8.37738e-07 2.56173e-08 4.77323e-07 7.87993e-07 4.99351e-07 7.44771e-09 -2.86151e-08 1.44519e-07 -6.48813e-07 2.28581e-07 -1.35445e-08 1.0963e-07
internal_weight=6864 3480 96 3384 45 3339 117 84 40 3222 589 3384 2633 48 3336 129 106 86 3207 2539 668 64 604 2517 56
internal_count=6864 3480 96 3384 45 3339 117 84 40 3222 589 3384 2633 48 3336 129 106 86 3207 2539 668 64 604 2517 56
is_linear=0
shrinkage=0.05


Tree=177
num_leaves=31
num_cat=0
split_feature=5 0 15 4 3 15 15 15 27 15 8 5 13 8 15 3 8 11 12 27 11 11 4 5 8 13 15 12 21 15
split_gain=3.62129e-09 9.99974e-09 1.24592e-08 3.48419e-08 2.04409e-08 8.25654e-09 5.3128e-09 6.04465e-08 6.77126e-08 3.55609e-08 6.11236e-08 1.18648e-08 5.2013e-08 2.14194e-08 1.13414e-08 2.02937e-08 1.11091e-08 1.04089e-08 9.73678e-09 8.18119e-09 2.34621e-08 2.10624e-08 1.10508e-08 2.67707e-08 1.85501e-08 7.07166e-09 2.3248e-09 1.56999e-09 1.03198e-09 4.43173e-10
threshold=19.150000000000002 2.5000000000000004 -0.16799793862756093 43.500000000000007 12.750000000000002 0.57780407610161799 0.46038001402560286 0.61913436964878354 26.500000000000004 0.70897861563100306 84.988342800080389 9.2500000000000018 0.37940952255126048 92.613874070518492 0.38242094458159287 12.450000000000001 271.09663102033949 13.156250000000002 0.12940952255126045 85.833333333333357 12.828125000000002 13.681250000000002 95.500000000000014 9.4500000000000011 0.43500081574669031 0.37940952255126048 0.42957308670649791 -0.60355339059327362 407.50000000000006 0.19126587156512342
decision_type=2 2 2 2 2 2 2 2 2 2 2 2 2 2 2 2 2 2 2 2 2 2 2 2 2 2 2 2 2 2
left_child=6 2 -2 -4 -5 -6 14 8 -8 10 -9 13 -13 -11 19 25 -12 18 -10 22 -21 -22 24 -24 -1 -16 28 -19 -17 -3
right_child=1 29 3 4 5 -7 7 9 17 11 16 12 -14 -15 15 26 -18 27 -20 20 21 -23 23 -25 -26 -27 -28 -29 -30 -31
leaf_value=1.407447300718816e-06 -4.9418710614190787e-07 -1.1670313269774332e-07 2.2567214176102572e-06 -7.1790623217663442e-07 1.666511622033795e-06 2.6283381593181978e-07 -2.8859939664914095e-06 3.265002691304766e-06 -1.7271485012315682e-06 7.5161364960915814e-07 4.4792519089920758e-08 4.5627794543863249e-08 -1.3108001991213313e-06 -9.1789373100635302e-08 4.9836722581630966e-07 4.223259582447625e-07 1.2089891684910175e-06 -9.5275929393575811e-08 -3.641829210876997e-07 -1.362086432502944e-06 1.683483016752992e-06 1.7167158711596581e-07 -1.1860763292673077e-06 2.3270678413288841e-07 -1.617810514873862e-08 1.6968789157356668e-06 -4.2567030719301417e-07 5.2371625841374231e-07 -8.5607120068331715e-08 1.9010342427880966e-08
leaf_weight=23 25 95 28 34 20 22 38 21 20 94 85 276 95 378 20 20 27 21 38 24 24 575 66 67 4464 32 28 20 20 164
leaf_count=23 25 95 28 34 20 22 38 21 20 94 85 276 95 378 20 20 27 21 38 24 24 575 66 67 4464 32 28 20 20 164
internal_value=9.49675e-16 1.48372e-07 5.08041e-07 7.48961e-07 1.93471e-07 9.31252e-07 -8.88947e-09 -1.08301e-07 -1.0918e-06 2.97517e-08 7.89587e-07 -9.01275e-08 -3.01706e-07 7.61765e-08 1.17416e-08 4.92359e-07 3.25447e-07 -4.03115e-07 -8.34171e-07 7.41412e-10 1.70826e-07 2.32245e-07 -2.21943e-08 -4.71351e-07 -8.88072e-09 1.23591e-06 -7.62411e-08 2.06671e-07 1.68359e-07 -3.07687e-08
internal_weight=6864 388 129 104 76 42 6476 1113 137 976 133 843 371 472 5363 120 112 99 58 5243 623 599 4620 133 4487 52 68 41 40 259
internal_count=6864 388 129 104 76 42 6476 1113 137 976 133 843 371 472 5363 120 112 99 58 5243 623 599 4620 133 4487 52 68 41 40 259
is_linear=0
shrinkage=0.05


Tree=178
num_leaves=17
num_cat=0
split_feature=14 13 14 7 14 9 14 7 5 16 5 14 7 14 5 25
split_gain=3.60779e-09 1.71973e-08 9.95737e-09 1.63092e-08 4.51138e-09 3.31379e-08 1.81275e-08 3.57763e-08 1.46103e-08 1.51673e-08 1.39163e-08 1.32832e-08 4.39131e-08 1.87988e-08 8.75837e-10 5.46653e-10
threshold=0.99966190462023474 0.25881904510252057 0.99907018497641664 99.486908875464891 0.9916835347852474 -46.752218743387616 0.98802474685579866 112.33436739144402 4.3500000000000005 12.115 8.6500000000000004 0.98372640911059162 117.7155872178151 0.96465729447553372 10.850000000000003 0.00017548675067286524
decision_type=2 2 2 2 2 2 2 2 2 2 2 2 2 2 2 2
left_child=2 15 4 -4 6 -6 11 14 9 -7 -10 13 -13 -1 -8 -2
right_child=1 -3 3 -5 5 8 7 -9 10 -11 -12 12 -14 -15 -16 -17
leaf_value=-1.172911203799135e-08 1.2902048173269909e-07 -1.2663949523054424e-06 -9.1488480843845879e-08 1.7663847128936877e-06 -1.5904385838586825e-06 1.861822312179129e-06 1.6833442508554541e-07 2.323642425835715e-06 -6.4384662238827886e-07 -2.086933477044632e-08 2.8883853913957772e-07 1.4140894347036692e-07 -2.5392211021178149e-06 4.3938082305065847e-07 -2.6821531335485815e-07 4.9020094280649576e-07
leaf_weight=6120 22 30 27 21 37 20 27 25 81 23 79 50 22 240 20 20
leaf_count=6120 22 30 27 21 37 20 27 25 81 23 79 50 22 240 20 20
internal_value=2.3826e-16 -3.52075e-07 3.73224e-09 7.21331e-07 -1.37522e-09 -2.14263e-07 6.48041e-09 7.95441e-07 3.65671e-08 8.54801e-07 -1.83333e-07 -2.35124e-09 -6.77672e-07 5.2939e-09 -1.74314e-08 3.01011e-07
internal_weight=6864 72 6792 48 6744 240 6504 72 203 43 160 6432 72 6360 47 42
internal_count=6864 72 6792 48 6744 240 6504 72 203 43 160 6432 72 6360 47 42
is_linear=0
shrinkage=0.05


Tree=179
num_leaves=28
num_cat=0
split_feature=14 14 13 8 3 8 27 4 14 8 3 14 8 5 3 4 8 13 15 3 7 14 14 4 11 3 11
split_gain=3.53751e-09 5.69436e-08 9.68132e-08 2.31579e-08 2.26558e-08 2.04959e-08 6.79242e-08 5.55899e-08 1.82913e-08 1.39629e-08 2.23756e-08 1.11314e-08 1.01993e-08 3.40559e-08 7.02637e-08 2.06315e-08 1.01788e-08 1.01099e-08 9.94087e-09 7.45306e-09 3.29624e-08 1.27386e-08 2.59999e-08 1.96986e-08 1.08351e-08 3.44389e-09 4.75364e-10
threshold=0.31799963745711152 0.3504237462291826 0.25881904510252057 354.97372237062882 14.850000000000003 25.454929196434453 26.166666666666668 91.500000000000014 0.3342611484689354 341.65330520310596 15.050000000000002 0.30164402523644185 41.872789802189153 15.15 21.250000000000004 35.500000000000007 31.337992276319969 1.0000000180025095e-35 -0.039769286347669845 18.050000000000004 147.8318314799333 0.23537774960157334 0.25206111083856975 1.0000000180025095e-35 22.425000000000001 17.650000000000002 23.887500000000003
decision_type=2 2 2 2 2 2 2 2 2 2 2 2 2 2 2 2 2 2 2 2 2 2 2 2 2 2 2
left_child=11 2 26 5 -5 6 -3 -8 -4 16 -11 12 13 15 -15 18 -7 -13 -1 21 24 23 -23 -14 -21 -17 -2
right_child=1 3 8 4 -6 9 7 -9 -10 10 -12 17 19 14 -16 25 -18 -19 -20 20 -22 22 -24 -25 -26 -27 -28
leaf_value=4.8723418049103344e-07 -8.9719091356244015e-08 -2.5583052692209923e-06 -2.0457572571785933e-06 1.9088667810055171e-08 -2.2252617861301155e-06 1.0478387801290031e-06 8.6150369584391321e-07 -2.1089839590006577e-06 -4.1841711622225832e-06 6.2373559957377863e-08 1.935581718839785e-06 6.6758044135288111e-08 -6.1521356187199672e-07 -3.1027805334815642e-06 9.4942033881480996e-07 1.0801874877870432e-06 1.4195038885383662e-08 1.5180455591234933e-06 -6.8778767813780314e-07 -2.1061319874295871e-07 -1.6321146202535886e-06 -1.8999261690375784e-06 1.3924989142013701e-07 3.4483416636715566e-07 4.041878780908435e-08 1.9101139619124297e-06 2.1430714885658141e-07
leaf_weight=126 20 33 20 22 23 24 63 21 20 44 25 24 60 20 23 25 3129 24 21 557 32 22 54 488 1883 25 36
leaf_count=126 20 33 20 22 23 24 63 21 20 44 25 24 60 20 23 25 3129 24 21 557 32 22 54 488 1883 25 36
internal_value=1.03149e-16 -3.53961e-08 -1.23623e-06 -1.32999e-09 -1.12802e-06 1.38546e-08 -6.36222e-07 1.18882e-07 -3.11496e-06 3.74607e-08 7.41072e-07 3.64003e-08 2.55226e-08 3.39527e-07 -9.35324e-07 6.17794e-07 2.20629e-08 7.92402e-07 3.19374e-07 1.18112e-09 -3.77956e-08 1.55589e-07 -4.51038e-07 2.39719e-07 -1.68865e-08 1.49515e-06 1.05726e-07
internal_weight=6864 3480 96 3384 45 3339 117 84 40 3222 69 3384 3336 240 43 197 3153 48 147 3096 2472 624 76 548 2440 50 56
internal_count=6864 3480 96 3384 45 3339 117 84 40 3222 69 3384 3336 240 43 197 3153 48 147 3096 2472 624 76 548 2440 50 56
is_linear=0
shrinkage=0.05


Tree=180
num_leaves=23
num_cat=0
split_feature=14 11 13 13 14 5 14 13 15 14 14 12 12 17 14 11 14 5 11 16 11 21
split_gain=3.56265e-09 1.84492e-08 1.16815e-08 7.58304e-09 6.80841e-09 4.35644e-08 1.11872e-08 1.79395e-08 1.20491e-08 1.13367e-08 2.72687e-08 1.41069e-08 9.03594e-09 8.57496e-09 5.86101e-09 4.17833e-08 1.62162e-08 5.78309e-09 2.11864e-09 4.7871e-10 4.24108e-10 5.76771e-11
threshold=-0.99467753128998015 18.803125000000005 0.60355339059327384 0.78656609248549303 -0.9905448150984083 13.750000000000002 -0.98523971305672675 0.25881904510252057 0.13185577213185923 -0.95995996396290595 -0.96235977360714686 0.37940952255126054 0.37940952255126054 0.66714170868961498 -0.94975917145599731 20.309375000000006 -0.9442364261229238 10.450000000000001 20.853125000000002 295.71500000000009 22.425000000000001 196.50000000000003
decision_type=2 2 2 2 2 2 2 2 2 2 2 2 2 2 2 2 2 2 2 2 2 2
left_child=1 2 -1 18 5 12 7 19 -9 10 11 -8 13 -2 15 -11 -16 -4 -3 -6 -20 -22
right_child=4 3 17 -5 6 -7 9 8 -10 14 -12 -13 -14 -15 16 -17 -18 -19 20 -21 21 -23
leaf_value=1.6606968751996132e-07 1.3463847869843448e-06 4.4042036709665157e-07 8.3715324382430251e-07 -8.5771607637575984e-07 -2.3940242135367388e-07 -2.4384217502821621e-06 1.0265744681566455e-07 4.7532922337722993e-07 2.2109163626282682e-06 1.4364036275082982e-06 -1.9225966217284453e-06 -6.2016884388798949e-07 -5.7295889181066942e-07 -1.9575375552626105e-08 -9.1584468755456791e-07 -6.4984345437372574e-07 6.886581442612189e-09 1.9996863753135584e-06 -2.4134418779231923e-07 6.5691889466417632e-08 7.8780662331467961e-08 -1.3398875450820747e-08
leaf_weight=37 20 28 23 27 20 21 180 20 20 48 24 108 28 27 48 48 5928 20 21 36 20 112
leaf_count=37 20 28 23 27 20 21 180 20 20 48 24 108 28 27 48 48 5928 20 21 36 20 112
internal_value=-1.65012e-15 1.72128e-07 8.1741e-07 -7.6057e-08 -7.53847e-09 -4.25527e-07 -1.34606e-09 5.34393e-07 1.34312e-06 -9.40229e-09 -3.0334e-07 -1.68402e-07 1.38084e-07 5.61684e-07 5.70125e-09 3.9328e-07 -5.24915e-10 1.37787e-06 4.05441e-08 -4.32704e-08 -3.26359e-08 5.67721e-10
internal_weight=6864 288 80 208 6576 96 6480 96 40 6384 312 288 75 47 6072 96 5976 43 181 56 153 132
internal_count=6864 288 80 208 6576 96 6480 96 40 6384 312 288 75 47 6072 96 5976 43 181 56 153 132
is_linear=0
shrinkage=0.05


Tree=181
num_leaves=31
num_cat=0
split_feature=5 7 3 3 27 9 3 3 9 13 5 15 15 27 15 5 4 3 27 11 7 27 11 11 11 12 15 25 5 17
split_gain=3.48795e-09 1.01848e-08 1.97286e-08 1.08112e-08 4.51372e-09 3.62092e-08 2.50752e-08 1.32779e-08 7.7787e-08 2.39942e-08 6.78498e-08 1.15938e-08 3.11772e-08 8.1702e-08 2.04302e-08 1.09235e-08 1.08183e-08 4.54848e-08 1.43941e-08 1.38914e-08 4.83086e-08 3.71756e-08 1.04826e-08 9.64749e-09 3.82404e-09 2.00728e-09 3.45014e-10 4.97254e-10 1.55079e-10 3.31105e-10
threshold=19.550000000000004 123.67354295476771 12.750000000000002 17.750000000000004 1.1666666666666667 -60.224164379586931 15.65 24.250000000000004 -38.883777232114518 0.78656609248549303 9.7500000000000018 0.46038001402560286 0.61913436964878354 32.833333333333336 0.67165857384232497 12.15 1.0000000180025095e-35 17.250000000000004 11.833333333333334 16.512500000000003 151.80681442505968 19.500000000000004 14.2125 13.156250000000002 26.215625000000003 0.91597561503675362 0.04621408538533487 0.00053016478425068746 20.350000000000005 0.5420105766062554
decision_type=2 2 2 2 2 2 2 2 2 2 2 2 2 2 2 2 2 2 2 2 2 2 2 2 2 2 2 2 2 2
left_child=4 25 -3 -4 5 6 -1 9 -9 22 -11 16 13 -13 -14 -16 17 -6 -19 21 -21 -18 -7 -15 -10 26 27 -2 -28 -30
right_child=1 2 3 -5 11 7 -8 8 24 10 -12 12 14 23 15 -17 19 18 -20 20 -22 -23 -24 -25 -26 -27 28 -29 29 -31
leaf_value=2.0469957061162431e-07 -2.4504173425336711e-07 -5.8060996133752444e-07 1.7755137104558117e-06 2.9361583870013424e-07 -2.6358330414666399e-06 -5.6553765669955947e-07 2.0981349817045862e-06 -2.5972750651612109e-06 -5.1601151040502283e-07 1.6850556855493219e-07 2.9034865496339928e-06 -3.77823683404951e-06 1.2025092088258083e-06 -7.6289308458435452e-07 1.2735932826186074e-08 -4.1746975313309264e-07 7.8619175096150693e-07 1.7339875905259413e-07 -1.2617311064050661e-06 -1.6099347420431926e-08 -1.8588623258924349e-06 3.2100405300326711e-08 9.616987460954034e-08 2.2859433399736148e-07 1.8484446905207996e-09 4.2477409939086405e-07 1.1953896851525116e-07 2.9877851169391667e-08 -2.0242338592879606e-07 1.5063971902889204e-08
leaf_weight=34 38 22 32 20 20 67 36 31 38 104 29 21 30 59 440 222 200 104 21 2945 36 894 561 42 576 27 26 29 20 140
leaf_count=34 38 22 32 20 20 67 36 31 38 104 29 21 30 59 440 222 200 104 21 2945 36 894 561 42 576 27 26 29 20 140
internal_value=8.89738e-16 1.52846e-07 6.74532e-07 1.20555e-06 -8.31146e-09 6.85768e-08 1.17847e-06 1.33191e-08 -1.5358e-07 1.54778e-07 7.64855e-07 -3.08556e-08 -2.03626e-07 -9.40596e-07 -7.36983e-08 -1.31532e-07 2.47037e-09 -4.21928e-07 -6.77031e-08 1.75717e-08 -3.83534e-08 1.6996e-07 2.55737e-08 -3.50591e-07 -3.02015e-08 1.49724e-08 -2.87614e-08 -1.26047e-07 6.28227e-09 -1.21219e-08
internal_weight=6864 354 74 52 6510 1476 70 1406 645 761 133 5034 814 122 692 662 4220 145 125 4075 2981 1094 628 101 614 280 253 67 186 160
internal_count=6864 354 74 52 6510 1476 70 1406 645 761 133 5034 814 122 692 662 4220 145 125 4075 2981 1094 628 101 614 280 253 67 186 160
is_linear=0
shrinkage=0.05


Tree=182
num_leaves=29
num_cat=0
split_feature=14 15 0 14 13 15 7 8 8 4 14 14 14 13 15 3 8 14 14 8 15 15 8 6 8 6 8 6
split_gain=3.44987e-09 1.4459e-07 2.02687e-07 5.01361e-08 9.57425e-08 4.17337e-08 6.23987e-08 2.37558e-08 1.74175e-08 1.22044e-07 1.58323e-08 8.87553e-09 4.56991e-08 8.73614e-08 1.97996e-08 1.36792e-07 5.01306e-08 1.64971e-08 1.00785e-08 9.24044e-09 1.20833e-08 9.09305e-09 6.34496e-09 5.67689e-09 3.19551e-09 4.60436e-10 4.51823e-10 7.21328e-12
threshold=0.50557357885840837 -0.83849291496497236 33.500000000000007 0.48314048284850658 0.25881904510252057 -0.78858226040708135 103.91142789716223 354.97372237062882 25.454929196434453 15.500000000000002 0.80417553764032002 0.31799963745711152 0.3504237462291826 0.25881904510252057 -0.91249077947840473 16.950000000000003 54.274474447196248 0.3342611484689354 0.30164402523644185 41.872789802189153 -0.96234030595689413 0.94975093725139803 44.449389694931376 0.00021032000000000003 56.13353606821827 0.00023925500000000001 119.60916277620588 0.00056696000000000014
decision_type=2 2 2 2 2 2 2 2 2 2 2 2 2 2 2 2 2 2 2 2 2 2 2 2 2 2 2 2
left_child=3 2 -2 11 25 6 23 8 9 -7 -10 18 13 26 15 -14 -16 -15 19 20 -1 -20 -21 -3 -8 -5 -13 -25
right_child=1 5 -4 4 -6 7 24 -9 10 -11 -12 12 14 17 16 -17 -18 -19 21 22 -22 -23 -24 27 -26 -27 -28 -29
leaf_value=-2.6450291095159174e-07 -6.6072255185645191e-06 7.3724074714694625e-07 -1.6851657085632206e-08 -2.9618284216326172e-08 3.4950605099008195e-06 -4.1501215969219626e-06 2.951970996036835e-06 -1.3116152050290315e-06 -1.6057484364323759e-07 2.6498883375975567e-07 9.6741497673498365e-08 -8.6913724786086278e-08 3.7820017548710893e-06 -1.9403915268156881e-06 -2.4272031334310835e-06 -7.9569666756005389e-07 4.1763009094004783e-08 -3.9712200168651179e-06 1.4428412936047982e-06 -6.1609122547232945e-07 5.3776878142483298e-07 6.6474664706106521e-08 1.0071978602006235e-08 -2.0833298947309234e-07 2.0688764872526616e-06 -3.6109505691813002e-07 2.0948894624931805e-07 -1.7069132330301988e-07
leaf_weight=64 20 24 28 20 30 20 20 36 928 72 1680 20 25 20 22 47 314 20 24 41 176 24 3055 20 21 22 36 35
leaf_count=64 20 24 28 20 30 20 20 36 928 72 1680 20 25 20 22 47 314 20 24 41 176 24 3055 20 21 22 36 35
internal_value=-4.08173e-16 -4.13935e-08 -2.76284e-06 3.03552e-08 1.33771e-06 4.34511e-09 9.1699e-07 -3.56832e-08 -1.86707e-08 -6.94818e-07 5.18108e-09 6.1449e-09 -1.89606e-07 -1.17113e-06 4.13417e-08 7.93782e-07 -1.19895e-07 -2.95581e-06 3.52993e-08 2.49488e-08 3.2383e-07 7.54658e-07 1.77977e-09 9.56066e-08 2.49965e-06 -2.03249e-07 1.03631e-07 -1.84379e-07
internal_weight=6864 2904 48 3960 72 2856 120 2736 2700 92 2608 3888 504 96 408 72 336 40 3384 3336 240 48 3096 79 41 42 56 55
internal_count=6864 2904 48 3960 72 2856 120 2736 2700 92 2608 3888 504 96 408 72 336 40 3384 3336 240 48 3096 79 41 42 56 55
is_linear=0
shrinkage=0.05


Tree=183
num_leaves=19
num_cat=0
split_feature=5 11 11 8 27 5 11 7 8 5 27 5 11 11 5 11 11 8
split_gain=3.33066e-09 1.65035e-08 3.19338e-08 3.05139e-08 1.78904e-08 1.46638e-08 3.21889e-08 9.50757e-09 3.65453e-08 7.59804e-09 1.13426e-08 6.9736e-09 9.38287e-09 6.77094e-09 1.60339e-08 1.35252e-08 6.59268e-09 7.14893e-09
threshold=2.8500000000000001 14.715625000000001 11.350000000000003 49.900203358335098 60.500000000000007 3.0500000000000003 17.806250000000002 129.63981966833532 290.22894652756327 3.2500000000000004 27.833333333333339 3.4500000000000006 17.009375000000002 13.956250000000002 7.1500000000000012 14.603125 16.115625000000005 300.81733271208674
decision_type=2 2 2 2 2 2 2 2 2 2 2 2 2 2 2 2 2 2
left_child=1 2 -1 -3 -4 6 -2 16 -9 10 -7 12 -11 14 -13 -15 -5 -18
right_child=5 3 4 7 -6 9 -8 8 -10 11 -12 13 -14 15 -16 -17 17 -19
leaf_value=9.1362451017245739e-07 -2.3991131490674892e-06 1.6693125426295534e-06 -2.0816800181527078e-06 -8.9840531231288883e-07 -1.5109199110053766e-07 1.2049690228721489e-06 3.1688205002211591e-07 -8.6420390372765614e-07 1.9557209759147589e-06 -1.1274239451353196e-06 -1.3699539244091666e-07 4.2593012283520225e-07 1.3820641597745904e-07 -3.9965350570317135e-07 -3.8215422970887981e-08 -5.5770770925106809e-09 -6.4391578976979967e-08 9.2445477656881498e-07
leaf_weight=26 20 37 28 20 21 32 24 20 27 32 31 296 27 227 501 5333 141 21
leaf_count=26 20 37 28 20 21 32 24 20 27 32 31 296 27 227 501 5333 141 21
internal_value=7.30737e-16 1.52333e-07 -5.02743e-07 3.37035e-07 -1.25429e-06 -7.96343e-09 -9.17661e-07 1.21776e-07 7.55753e-07 -1.78551e-09 5.44637e-07 -7.15095e-09 -5.48237e-07 -2.12907e-09 1.34165e-07 -2.16662e-08 -4.19438e-08 6.37922e-08
internal_weight=6864 341 75 266 49 6523 44 229 47 6479 63 6416 59 6357 797 5560 182 162
internal_count=6864 341 75 266 49 6523 44 229 47 6479 63 6416 59 6357 797 5560 182 162
is_linear=0
shrinkage=0.05


Tree=184
num_leaves=29
num_cat=0
split_feature=5 14 13 3 27 3 7 3 15 5 5 7 27 3 7 4 5 7 3 15 11 11 7 7 13 13 13 15
split_gain=3.39303e-09 8.73427e-09 2.1991e-08 1.69553e-08 1.34311e-08 1.28627e-08 2.28068e-08 7.82806e-09 6.07252e-09 3.0395e-08 6.15097e-09 2.36554e-08 5.0748e-08 6.44794e-08 1.80931e-08 1.31913e-08 7.98214e-09 1.41177e-08 8.60975e-09 7.95947e-08 1.53339e-08 4.14745e-09 7.49341e-09 3.67442e-09 3.66826e-09 1.70964e-09 1.20998e-09 6.9551e-10
threshold=17.550000000000004 0.84773968378660736 0.78656609248549303 12.65 47.500000000000007 24.250000000000004 124.13007218665588 21.950000000000003 -0.99983123799342477 12.950000000000001 15.850000000000003 121.39466129851606 48.166666666666679 15.450000000000001 114.92423621988472 10.500000000000002 15.450000000000001 124.13007218665588 14.65 -0.83849291496497236 14.809375000000001 14.2125 120.56909060280769 117.13498875858807 0.25881904510252057 0.25881904510252057 1.0000000180025095e-35 0.029024409397335523
decision_type=2 2 2 2 2 2 2 2 2 2 2 2 2 2 2 2 2 2 2 2 2 2 2 2 2 2 2 2
left_child=8 2 21 -3 7 6 27 -4 9 -1 16 14 15 -14 24 -13 18 26 19 -10 -20 23 25 -2 -12 -23 -18 -5
right_child=1 3 4 5 -6 -7 -8 -9 10 -11 11 12 13 -15 -16 -17 17 -19 20 -21 -22 22 -24 -25 -26 -27 -28 -29
leaf_value=7.3462919793937114e-07 7.6441663217654273e-08 -1.5655201760209071e-06 -3.1115381179089048e-07 -3.1150902669912069e-07 1.6417121308246641e-06 -1.1024042075106259e-06 1.6460030631745587e-06 9.4919808856072268e-07 -2.5510048386202083e-06 -1.9555225051027222e-06 -9.3168707127765673e-09 -7.7949317092892072e-07 -2.3257899670170445e-07 -4.2475324158885993e-06 1.4790449600354807e-06 7.8188802504083446e-07 1.2278420679036106e-08 1.3440294700709881e-06 8.1926439605695127e-07 -5.4333948964393801e-08 1.4764320233904724e-08 2.2890052267011482e-08 -9.4177725145527797e-07 9.9122265331581226e-07 -5.7480178696778248e-07 4.6178148049117838e-07 4.2556404288827414e-07 -3.5864180988807807e-08
leaf_weight=21 23 20 22 34 38 23 22 28 33 21 219 24 20 20 20 31 77 30 60 978 4615 294 20 21 33 24 23 70
leaf_count=21 23 20 22 34 38 23 22 28 33 21 219 24 20 20 20 31 77 30 60 978 4615 294 20 21 33 24 23 70
internal_value=-4.61444e-16 1.09722e-07 2.2057e-07 -1.98553e-07 9.3315e-07 -1.50673e-08 1.83415e-07 3.94643e-07 -1.12631e-08 -6.10447e-07 -7.19291e-09 -2.05721e-07 -8.84964e-07 -2.24006e-06 3.15149e-08 1.00558e-07 5.33455e-09 3.92725e-07 -3.52243e-09 -1.35828e-07 2.50895e-08 5.64155e-08 -3.02696e-09 5.13042e-07 -8.33685e-08 5.60139e-08 1.07334e-07 -1.25979e-07
internal_weight=6864 639 470 169 88 149 126 50 6225 42 6183 367 95 40 272 55 5816 130 5686 1011 4675 382 338 44 252 318 100 104
internal_count=6864 639 470 169 88 149 126 50 6225 42 6183 367 95 40 272 55 5816 130 5686 1011 4675 382 338 44 252 318 100 104
is_linear=0
shrinkage=0.05


Tree=185
num_leaves=31
num_cat=0
split_feature=27 7 14 15 11 15 14 27 7 15 15 7 15 9 14 7 14 14 6 27 14 13 7 11 6 11 11 11 7 5
split_gain=3.38346e-09 2.30903e-08 7.59511e-08 6.36528e-08 2.3037e-08 3.85756e-08 2.06691e-08 1.88565e-08 1.50633e-08 7.63864e-09 6.67012e-08 9.5965e-08 3.5534e-08 5.40475e-08 5.30635e-08 1.02258e-07 4.00232e-08 8.7239e-08 6.78608e-08 1.17445e-08 4.30159e-08 5.64232e-08 1.60877e-08 5.92719e-08 1.08589e-08 5.49243e-09 1.33566e-09 1.22322e-09 3.09509e-09 2.50294e-09
threshold=95.166666666666671 123.67354295476771 0.91596454896554913 0.49064204624668717 15.115625000000001 -0.31800055644052067 0.28519915169571858 99.833333333333357 112.33436739144402 -0.6905596507703472 -0.65883892954715351 110.32028364097614 -0.70289845916694649 -3.7542068917896425 0.67802080537253973 105.40333196784904 0.54219432480460406 0.51297097409535064 1.8685000000000005e-05 1.1666666666666667 0.98522604642031408 0.78656609248549303 114.65794053175996 16.415625000000002 1.5385000000000006e-05 11.721875000000002 13.956250000000002 18.309375000000006 93.926842973980058 6.8500000000000005
decision_type=2 2 2 2 2 2 2 2 2 2 2 2 2 2 2 2 2 2 2 2 2 2 2 2 2 2 2 2 2 2
left_child=9 4 3 6 5 -2 -3 -5 27 12 11 24 14 -14 16 -16 17 -1 -18 20 21 -12 25 -24 -11 -21 -7 29 -29 -6
right_child=1 2 -4 7 8 26 -8 -9 -10 10 19 -13 13 -15 15 -17 18 -19 -20 22 -22 -23 23 -25 -26 -27 -28 28 -30 -31
leaf_value=5.1679215216510285e-08 -2.6312410558272283e-06 1.5064642666810614e-06 -1.9205005661622939e-06 1.0248479908341324e-06 -6.6790657797355386e-07 1.6713888631159079e-07 3.3264543042413121e-06 -7.7307920037128492e-07 1.1062135807936682e-06 -1.2548613472773695e-06 2.3036920110789237e-08 -3.4781580848509882e-06 3.3938954152290536e-06 -3.5440351203524866e-08 1.3872174117249427e-07 -4.1446979118766402e-06 1.6508051505222718e-06 -2.2808772633644235e-06 -9.5387369293622801e-08 4.1542455673827726e-07 -1.7847065628969921e-06 1.1161417154946488e-06 5.2540759793783394e-08 -7.1034779356212097e-07 1.1246033559827222e-07 4.3276944330100073e-09 -3.8106186963204889e-07 -1.0155819925129097e-08 5.6554297412958477e-07 5.916820526863376e-08
leaf_weight=1797 22 39 24 25 20 25 26 35 33 20 700 34 20 27 38 22 103 41 121 85 28 142 723 393 53 1841 20 353 25 29
leaf_count=1797 22 39 24 25 20 25 26 35 33 20 700 34 20 27 38 22 103 41 121 85 28 142 723 393 53 1841 20 353 25 29
internal_value=-1.02637e-16 1.0621e-07 6.55781e-07 1.15043e-06 -4.91721e-08 -9.15374e-07 2.23446e-06 -2.39429e-08 7.69921e-08 -1.16027e-08 -5.24134e-08 -1.28406e-06 6.40165e-08 1.42385e-06 3.38976e-08 -1.43187e-06 7.65483e-08 -3.52785e-10 7.07549e-07 -1.87258e-08 1.43271e-07 2.07385e-07 -6.50563e-08 -2.16111e-07 -2.62148e-07 2.24706e-08 -7.65059e-08 -2.54961e-09 2.79195e-08 -2.37597e-07
internal_weight=6864 676 149 125 527 67 65 60 460 6188 4019 107 2169 47 2122 60 2062 1838 224 3912 870 842 3042 1116 73 1926 45 427 378 49
internal_count=6864 676 149 125 527 67 65 60 460 6188 4019 107 2169 47 2122 60 2062 1838 224 3912 870 842 3042 1116 73 1926 45 427 378 49
is_linear=0
shrinkage=0.05


Tree=186
num_leaves=31
num_cat=0
split_feature=14 7 4 27 8 5 14 3 5 9 27 14 14 3 5 27 9 5 7 4 5 8 7 8 8 14 7 4 9 8
split_gain=3.55391e-09 6.4423e-09 6.21198e-09 4.7947e-09 1.81969e-08 3.70635e-08 5.39146e-08 4.05765e-08 4.6075e-08 1.02046e-08 3.25609e-08 3.27385e-08 6.91387e-08 5.58698e-08 3.18585e-08 2.49693e-08 1.28287e-08 8.54993e-09 3.31676e-08 1.11376e-08 6.16672e-09 1.9028e-08 1.98083e-08 1.65833e-08 3.52667e-08 5.2849e-09 5.04666e-09 3.62333e-09 1.03376e-08 5.93611e-09
threshold=-0.99763297024448894 106.02644824171743 27.500000000000004 71.500000000000014 62.121740979040858 7.2500000000000009 0.77244481603295057 16.850000000000005 10.65 -24.869770033133008 56.500000000000007 0.9916835347852474 0.91248814248966237 10.950000000000001 4.8500000000000005 63.166666666666679 -40.273401791306568 3.2500000000000004 102.79661336559091 27.500000000000004 11.750000000000002 297.94689140137353 129.63981966833532 314.3538959504254 339.47302831309213 0.99907018497641664 136.41492828012952 38.500000000000007 -23.42708029761112 62.715900100548772
decision_type=2 2 2 2 2 2 2 2 2 2 2 2 2 2 2 2 2 2 2 2 2 2 2 2 2 2 2 2 2 2
left_child=1 -1 -3 9 5 6 -5 8 -7 10 11 12 -2 -13 16 -16 -12 18 -11 -20 23 26 -23 25 -25 -6 -22 29 -29 -19
right_child=3 2 -4 4 20 7 -8 -9 -10 17 14 13 -14 -15 15 -17 -18 27 19 -21 21 22 -24 24 -26 -27 -28 28 -30 -31
leaf_value=-2.7485232853271364e-08 -1.3808376085731456e-07 8.3306687730455772e-07 -1.7290390999170042e-07 -2.1724041368503572e-07 -2.9583295697577229e-08 -1.0664865421006199e-06 2.9564590763087043e-06 -1.8833220208720874e-06 1.4760721785246368e-06 -3.6638034650593458e-08 -2.8945329877672068e-06 -2.7253842586105749e-06 9.3582894939888675e-07 2.7805355280463572e-07 -1.2307646209868445e-06 1.2282758995031052e-07 -1.1251233775597247e-06 -3.7911140417556745e-07 2.4088171289804453e-06 8.2579137870197893e-07 -1.0467927155414867e-08 2.0038263865164762e-06 2.7030060070703459e-07 -1.691480147769653e-06 5.3173262993292761e-07 6.9760849650781267e-07 8.0179384553957789e-07 1.1985263730214989e-06 7.0598746849434882e-08 -9.2955294919669876e-09
leaf_weight=114 1165 57 21 23 640 28 32 22 49 136 20 30 172 32 56 87 21 113 20 25 436 26 45 44 30 26 20 21 622 2731
leaf_count=114 1165 57 21 23 640 28 32 22 49 136 20 30 172 32 56 87 21 113 20 25 436 26 45 44 30 26 20 21 622 2731
internal_value=7.12252e-16 2.12086e-07 5.62229e-07 -6.10319e-09 7.5376e-08 5.88591e-07 1.62928e-06 1.04326e-08 5.51505e-07 -2.81527e-08 -1.34254e-07 -5.20149e-08 7.1053e-11 -1.17522e-06 -7.59538e-07 -4.0725e-07 -1.98825e-06 1.76374e-08 3.52698e-07 1.52936e-06 1.29962e-08 1.43709e-07 9.05113e-07 -8.00928e-08 -7.90178e-07 -1.19443e-09 2.51576e-08 2.45424e-10 1.07436e-07 -2.39893e-08
internal_weight=6864 192 78 6672 1421 154 55 99 77 5251 1583 1399 1337 62 184 143 41 3668 181 45 1267 527 71 740 74 666 456 3487 643 2844
internal_count=6864 192 78 6672 1421 154 55 99 77 5251 1583 1399 1337 62 184 143 41 3668 181 45 1267 527 71 740 74 666 456 3487 643 2844
is_linear=0
shrinkage=0.05


Tree=187
num_leaves=20
num_cat=0
split_feature=11 7 15 3 5 5 27 11 5 9 4 15 4 9 15 7 21 15 15
split_gain=3.11194e-09 3.22506e-08 1.8369e-08 1.86471e-08 2.77699e-08 1.34758e-08 1.27879e-08 3.32468e-08 3.21565e-08 3.12044e-08 2.90963e-08 5.46861e-08 1.60409e-08 9.15476e-09 2.44606e-08 1.73275e-08 4.83382e-09 1.72087e-08 3.29436e-09
threshold=21.153125000000006 137.56077128556549 -0.99983123799342477 20.650000000000002 6.4500000000000011 14.850000000000003 11.16666666666667 15.209375000000001 9.1500000000000004 -31.848904226326784 11.500000000000002 -0.21022037796396451 15.500000000000002 -43.03020306360753 -0.72694848937061807 131.69743605451291 1.0000000180025095e-35 -0.7614016681079937 -0.99983123799342477
decision_type=2 2 2 2 2 2 2 2 2 2 2 2 2 2 2 2 2 2 2
left_child=2 13 -1 6 -5 -3 7 8 -4 -9 11 -8 -12 14 -2 16 17 -15 -18
right_child=1 5 3 4 -6 -7 10 9 -10 -11 12 -13 -14 15 -16 -17 18 -19 -20
leaf_value=-1.4758357069281788e-06 3.4904633366750204e-07 2.1757575268566144e-06 4.2080900010815068e-08 4.3941752693399393e-07 -1.9823978814182239e-06 4.1843089512383356e-07 -1.9806771290399794e-06 7.7438709872924936e-07 -1.1686451542995035e-06 2.5345657369501177e-08 6.6430910686132995e-07 -7.264176914103254e-08 -4.8897270005995363e-08 4.7535870043665574e-07 -1.9969345034098752e-06 1.4229218694791515e-06 5.5715589079104927e-07 -2.6694156167508254e-07 -7.948348042733667e-09
leaf_weight=22 25 24 197 20 29 20 56 263 76 295 82 114 2045 208 20 22 26 125 3195
leaf_count=22 25 24 197 20 29 20 56 263 76 295 82 114 2045 208 20 22 26 125 3195
internal_value=2.57701e-17 3.14534e-08 -3.60352e-08 -2.60649e-08 -9.93902e-07 1.37697e-06 -1.09038e-08 1.57177e-07 -2.94971e-07 3.78388e-07 -7.17112e-08 -7.01171e-07 -2.14018e-08 1.51035e-08 -6.93612e-07 2.40219e-08 1.53624e-08 1.96717e-07 -3.38681e-09
internal_weight=6864 3665 3199 3177 49 44 3128 831 273 558 2297 170 2127 3621 45 3576 3554 333 3221
internal_count=6864 3665 3199 3177 49 44 3128 831 273 558 2297 170 2127 3621 45 3576 3554 333 3221
is_linear=0
shrinkage=0.05


Tree=188
num_leaves=28
num_cat=0
split_feature=14 14 13 8 3 8 27 9 14 8 3 14 13 8 27 3 3 14 7 8 3 7 27 14 9 11 13
split_gain=3.3371e-09 4.57359e-08 7.79621e-08 2.03898e-08 2.23805e-08 1.78952e-08 5.5965e-08 5.03555e-08 1.54275e-08 1.13792e-08 1.80808e-08 9.15034e-09 9.0302e-09 8.53379e-09 9.41553e-09 3.78307e-08 1.51333e-08 1.22502e-08 8.6077e-09 8.36059e-09 6.77217e-09 2.83079e-08 1.29081e-08 2.14301e-08 1.40548e-08 9.60271e-09 4.57287e-10
threshold=0.31799963745711152 0.3504237462291826 0.25881904510252057 354.97372237062882 14.850000000000003 25.454929196434453 26.166666666666668 -40.710067886046815 0.3342611484689354 341.65330520310596 15.050000000000002 0.30164402523644185 1.0000000180025095e-35 41.872789802189153 45.833333333333336 17.150000000000002 17.650000000000002 -0.2028534878149206 142.61949143237388 31.337992276319969 18.050000000000004 147.8318314799333 1.0000000180025095e-35 0.16799745313369893 -52.374898728316751 22.425000000000001 -0.3794095225512602
decision_type=2 2 2 2 2 2 2 2 2 2 2 2 2 2 2 2 2 2 2 2 2 2 2 2 2 2 2
left_child=11 2 26 5 -5 6 -3 -8 -4 19 -11 13 -13 14 16 -16 18 -18 -1 -7 22 25 23 -15 -24 -22 -2
right_child=1 3 8 4 -6 9 7 -9 -10 10 -12 12 -14 20 15 -17 17 -19 -20 -21 21 -23 24 -25 -26 -27 -28
leaf_value=5.5661627129666158e-07 2.0016557126862408e-07 -2.3417237502364903e-06 -1.8145543225500662e-06 7.9055864174196455e-08 -2.1516148515966844e-06 9.4821583710806101e-07 7.9517266307166658e-07 -2.0320047302188223e-06 -3.7784456065992349e-06 5.7545235098256281e-08 1.7414114217331191e-06 3.4987656742183998e-08 1.4065896597988589e-06 -1.8825130268851355e-06 -1.9213153509987197e-06 8.2723151953975892e-07 4.0909358047716233e-07 -9.0159363004377599e-07 1.8822876497210929e-06 1.1426192354805987e-08 -1.9692749051172514e-07 -1.5114009277450435e-06 8.1892734633223575e-07 3.5537148687333923e-07 1.1258859809420907e-07 3.9397216544417081e-08 -9.8023715411343925e-08
leaf_weight=24 36 33 20 22 23 24 63 21 20 44 25 24 24 20 21 31 118 21 25 3129 557 32 82 23 499 1883 20
leaf_count=24 36 33 20 22 23 24 63 21 20 44 25 24 24 20 21 31 118 21 25 3129 557 32 82 23 499 1883 20
internal_value=4.87659e-16 -3.43789e-08 -1.11057e-06 -3.8487e-09 -1.06106e-06 1.03995e-08 -5.97035e-07 8.83783e-08 -2.7965e-06 3.24572e-08 6.67642e-07 3.53542e-08 7.20789e-07 2.54918e-08 3.12717e-07 -2.82759e-07 4.77423e-07 2.11076e-07 1.23298e-06 1.85568e-08 3.22628e-09 -3.39274e-08 1.50412e-07 -6.85505e-07 2.12278e-07 -1.45507e-08 9.36694e-08
internal_weight=6864 3480 96 3384 45 3339 117 84 40 3222 69 3384 48 3336 240 52 188 139 49 3153 3096 2472 624 43 581 2440 56
internal_count=6864 3480 96 3384 45 3339 117 84 40 3222 69 3384 48 3336 240 52 188 139 49 3153 3096 2472 624 43 581 2440 56
is_linear=0
shrinkage=0.05


Tree=189
num_leaves=20
num_cat=0
split_feature=14 11 14 8 14 7 14 11 7 15 14 0 14 4 8 1 11 12 6
split_gain=3.31152e-09 1.66332e-08 8.63288e-09 2.5892e-08 1.34086e-08 4.68048e-08 3.05819e-08 2.24757e-08 1.02413e-08 9.80134e-09 9.4573e-09 2.80903e-08 1.23481e-08 9.19142e-09 1.60955e-08 5.95219e-09 2.73182e-09 1.90428e-09 4.88043e-10
threshold=0.99966190462023474 12.950000000000001 0.99700008544936913 296.48308970019144 0.9916835347852474 123.19889114156894 0.99466373373798567 10.262500000000001 125.9948803317818 -0.048362832084465616 0.98802474685579866 1.0000000180025095e-35 0.98372640911059162 59.500000000000007 100.30033813772299 54.550000000000004 14.509375000000002 -0.60355339059327362 9.5280000000000009e-05
decision_type=2 2 2 2 2 2 2 2 2 2 2 2 2 2 2 2 2 2 2
left_child=2 -2 4 9 7 16 -7 8 -1 -4 12 -12 -9 14 -11 -15 -6 -3 -18
right_child=1 17 3 -5 5 6 -8 10 -10 13 11 -13 -14 15 -16 -17 18 -19 -20
leaf_value=3.6306925554896452e-07 -1.2899720050236446e-06 -9.1398029553602108e-08 1.0971829219741381e-06 1.8857784745899647e-06 5.2775770398141138e-07 -3.2359364309643623e-06 -5.3752839362243233e-07 -1.1265131504726587e-10 1.9440098965008347e-06 -1.6258462084449223e-06 2.1532464219831127e-06 -1.4173489981450516e-07 -6.6785275996445696e-07 1.0770220399081155e-06 9.8985710454033606e-08 -1.2822425874731941e-07 -2.6329243894959326e-07 5.6920612602577127e-07 2.07760995831176e-08
leaf_weight=20 28 20 20 24 27 21 21 6333 21 21 20 40 70 20 38 21 21 24 54
leaf_count=20 28 20 20 24 27 21 21 6333 21 21 20 40 70 20 38 21 21 24 54
internal_value=9.2752e-16 -3.37309e-07 3.57571e-09 3.86589e-07 -4.7206e-09 -4.81948e-07 -1.88673e-06 5.84533e-09 1.17282e-06 8.67506e-08 -1.55773e-09 6.23259e-07 -7.41264e-09 -1.15336e-07 -5.14938e-07 4.59701e-07 9.64924e-08 2.68932e-07 -5.87631e-08
internal_weight=6864 72 6792 144 6648 144 42 6504 41 120 6463 60 6403 100 59 41 102 44 75
internal_count=6864 72 6792 144 6648 144 42 6504 41 120 6463 60 6403 100 59 41 102 44 75
is_linear=0
shrinkage=0.05


Tree=190
num_leaves=28
num_cat=0
split_feature=14 14 8 14 13 13 8 8 8 27 14 8 14 14 13 14 13 14 14 14 13 8 27 3 20 8 14
split_gain=3.19577e-09 5.76919e-08 9.43905e-08 4.40184e-08 8.48014e-08 2.24538e-08 2.20072e-08 1.54863e-08 3.64969e-08 2.9436e-08 2.50213e-08 1.64055e-08 7.6469e-09 3.67228e-08 7.03608e-08 1.39233e-08 1.06402e-08 1.43462e-08 9.32035e-09 8.25819e-09 8.14976e-09 7.70174e-09 8.49752e-09 6.11188e-09 6.94373e-10 4.1882e-10 1.20101e-10
threshold=0.50557357885840837 0.534952257794027 82.02216750287225 0.48314048284850658 0.25881904510252057 0.37940952255126048 354.97372237062882 19.057403281430485 25.454929196434453 27.833333333333339 0.67802080537253973 35.129700462559192 0.31799963745711152 0.3504237462291826 0.25881904510252057 0.3342611484689354 0.91597561503675351 0.40614137006726808 0.45273815774107123 0.30164402523644185 1.0000000180025095e-35 41.872789802189153 45.833333333333336 18.050000000000004 0.00030608500000000005 119.60916277620588 0.52033990680116082
decision_type=2 2 2 2 2 2 2 2 2 2 2 2 2 2 2 2 2 2 2 2 2 2 2 2 2 2 2
left_child=3 2 -2 12 24 26 7 10 9 -9 -3 -10 19 14 25 -16 18 -18 -15 21 -21 22 -1 -23 -5 -14 -4
right_child=1 6 5 4 -6 -7 -8 8 11 -11 -12 -13 13 16 15 -17 17 -19 -20 20 -22 23 -24 -25 -26 -27 -28
leaf_value=4.5355764470466717e-07 -4.3013905411726231e-06 2.2540136046700354e-06 6.702467301850518e-08 1.7197167316851393e-08 3.2845588270902231e-06 -1.7058908838407661e-06 -1.2269196586897931e-06 -2.7911806637348493e-06 9.9799947477993906e-07 -4.2135267401471017e-07 -1.4057191594455771e-07 1.3407347458468676e-08 -9.4461911146481733e-08 7.7065164762836769e-08 -1.723820974461887e-06 -3.589517789777119e-06 1.7097342844776687e-06 5.7992091721340934e-09 -5.2521585351221023e-07 3.324390481414715e-08 1.3362657957335008e-06 1.4289695396891731e-07 -2.6861501330935988e-07 -3.2225378761073503e-08 -3.8986870194435146e-07 1.9091015670053621e-07 2.1899969821193877e-07
leaf_weight=188 20 20 26 20 30 24 36 20 43 38 24 2627 20 273 20 20 21 30 84 24 24 624 52 2472 22 36 26
leaf_count=188 20 20 26 20 30 24 36 20 43 38 24 2627 20 273 20 20 21 30 84 24 24 624 52 2472 22 36 26
internal_value=7.14512e-19 -3.98399e-08 -1.24513e-06 2.92159e-08 1.25422e-06 -4.40852e-07 1.36663e-09 1.73184e-08 2.30941e-09 -1.23853e-06 9.47876e-07 2.92641e-08 6.53073e-09 -1.75167e-07 -1.05503e-06 -2.65667e-06 3.18604e-08 7.0742e-07 -6.4648e-08 3.35921e-08 6.84755e-07 2.42228e-08 2.97087e-07 3.0706e-09 -1.96028e-07 8.89916e-08 1.43012e-07
internal_weight=6864 2904 96 3960 72 76 2808 2772 2728 58 44 2670 3888 504 96 40 408 51 357 3384 48 3336 240 3096 42 56 52
internal_count=6864 2904 96 3960 72 76 2808 2772 2728 58 44 2670 3888 504 96 40 408 51 357 3384 48 3336 240 3096 42 56 52
is_linear=0
shrinkage=0.05


Tree=191
num_leaves=28
num_cat=0
split_feature=14 7 4 15 27 8 5 27 14 8 27 7 15 15 7 4 7 8 9 9 14 4 9 3 17 27 8
split_gain=3.12381e-09 5.50838e-09 5.33735e-09 7.33501e-09 4.28742e-09 1.82009e-08 3.88726e-08 5.76609e-08 3.49181e-08 1.72043e-08 1.10434e-08 1.20374e-08 8.95195e-09 9.91443e-08 1.42782e-07 2.89084e-08 2.67185e-08 1.55259e-08 5.99579e-09 3.90681e-08 1.85297e-08 2.63247e-08 1.49224e-08 3.79836e-11 2.84371e-11 8.17344e-12 1.76352e-12
threshold=-0.99763297024448894 106.02644824171743 27.500000000000004 1.0000000180025095e-35 71.166666666666671 54.274474447196248 7.3500000000000005 90.833333333333357 0.77244481603295057 33.415463021775771 69.833333333333357 109.62182897068858 -0.68432604233786842 -0.65883892954715351 115.93018444175868 81.500000000000014 135.34873494515995 61.611618467061113 -57.55109063593499 -52.374898728316751 0.25206111083856975 96.500000000000014 -46.225309041292526 20.350000000000005 0.98075275684229413 8.5000000000000018 211.06119920162297
decision_type=2 2 2 2 2 2 2 2 2 2 2 2 2 2 2 2 2 2 2 2 2 2 2 2 2 2 2
left_child=1 23 3 -3 10 6 8 9 -6 -8 12 -12 15 14 -14 16 -2 -15 20 -20 -7 -22 -21 -1 25 26 -25
right_child=4 2 -4 -5 5 18 7 -9 -10 -11 11 -13 13 17 -16 -17 -18 -19 19 22 21 -23 -24 24 -26 -27 -28
leaf_value=-8.3424229979116383e-08 6.7829235492197793e-08 1.3194892005685689e-07 -1.588088723890126e-07 1.27499221624916e-06 2.6487329705560116e-07 -1.7204897403644282e-06 2.2616281101017238e-07 -1.5591953603475039e-06 3.0678304597131502e-06 2.275226429446775e-06 -8.3337790804897076e-08 -1.6794569598217668e-06 -4.0193121081857608e-07 -3.6188024605622012e-07 -5.3949367080955804e-06 -1.3243713659000383e-06 1.9043789643546915e-06 6.7791272373125333e-09 1.7154707540189455e-06 -8.6702860050043766e-07 -9.9781683009799352e-07 1.1147859002871374e-06 3.2683797147621751e-08 2.9042625351233792e-09 -6.1795765429195632e-08 3.2733816215380072e-08 -1.5605706533088953e-08
leaf_weight=21 2018 25 21 32 20 20 21 34 25 20 27 21 45 319 21 37 20 2727 34 48 30 29 1156 31 20 20 22
leaf_count=21 2018 25 21 32 20 20 21 34 25 20 27 21 45 319 21 37 20 2727 34 48 30 29 1156 31 20 20 22
internal_value=-2.20086e-16 1.98839e-07 5.22609e-07 7.73657e-07 -5.72198e-09 7.07795e-08 6.60288e-07 -3.67826e-08 1.82207e-06 1.22571e-06 -2.67215e-08 -7.8164e-07 -1.97356e-08 -7.3372e-08 -1.99061e-06 6.07061e-08 8.58523e-08 -3.18297e-08 1.70658e-08 4.40154e-08 -4.0526e-07 4.05811e-08 -3.18514e-09 -2.26881e-08 -8.97347e-09 5.4984e-09 -4.77912e-09
internal_weight=6864 192 78 57 6672 1437 120 75 45 41 5235 48 5187 3112 66 2075 2038 3046 1317 1238 79 59 1204 114 93 73 53
internal_count=6864 192 78 57 6672 1437 120 75 45 41 5235 48 5187 3112 66 2075 2038 3046 1317 1238 79 59 1204 114 93 73 53
is_linear=0
shrinkage=0.05


Tree=192
num_leaves=31
num_cat=0
split_feature=5 3 7 15 27 7 15 20 5 7 14 15 3 14 9 9 5 7 9 27 14 7 14 14 9 15 3 15 27 13
split_gain=3.16883e-09 8.26364e-09 1.53172e-08 1.07101e-08 5.38043e-09 1.27237e-08 1.23076e-08 8.07898e-09 5.29104e-09 2.05926e-08 3.51689e-08 1.89087e-07 4.49615e-08 3.16144e-08 3.19933e-08 1.07283e-08 6.66346e-09 2.54592e-08 2.02405e-08 5.93618e-08 1.5363e-08 1.69487e-08 1.61517e-08 5.8745e-08 2.71067e-08 1.52856e-08 4.51915e-09 7.57501e-09 3.30923e-09 2.70245e-09
threshold=17.550000000000004 12.250000000000002 147.8318314799333 0.54938884295715751 1.0000000180025095e-35 130.42283036674641 0.063390085881955341 0.00032546000000000002 13.65 111.05056713192236 0.23537774960157334 -0.52034141052533245 16.850000000000005 -0.95995996396290595 -41.080504213044314 -17.190763068852839 9.9500000000000011 153.97310347240486 -20.81262417077723 1.0000000180025095e-35 -0.98523971305672675 106.02644824171743 -0.93273441465163176 -0.96689237009891416 -62.565047217481755 0.13185577213185923 15.65 -0.46039597980994923 36.500000000000007 0.78656609248549303
decision_type=2 2 2 2 2 2 2 2 2 2 2 2 2 2 2 2 2 2 2 2 2 2 2 2 2 2 2 2 2 2
left_child=8 -2 4 -4 7 29 -7 -3 16 15 13 -12 -13 -11 -15 -10 20 18 19 -18 21 -1 23 -22 -24 -23 27 -17 -20 -6
right_child=1 2 3 -5 5 6 -8 -9 9 10 11 12 -14 14 -16 26 17 -19 28 -21 22 25 24 -25 -26 -27 -28 -29 -30 -31
leaf_value=-7.3783908114995262e-08 -7.6703429604444522e-07 -1.1991127024657544e-06 1.8607180504118116e-06 2.8208691715421579e-07 1.2913999477839614e-08 1.634169228736937e-06 8.040405373321847e-08 8.9841257321043509e-08 1.1220742304761769e-06 -1.378691486610423e-06 -4.0531197902581835e-06 4.2892411284792979e-07 -1.9763786203460161e-06 1.23537214160289e-06 -2.1968974414110063e-07 -1.1753640159267458e-06 2.380510232516794e-06 -1.2652323659147121e-06 -4.3705699076403716e-08 2.3766291390332189e-07 -6.473987190950277e-08 5.4723430983253478e-07 6.7996263744873894e-07 -2.0812071610818193e-06 -5.8947439642592072e-08 2.0966262047750209e-06 4.0047174561162494e-08 -4.0345833058126477e-08 1.2687677934289474e-07 5.5763550920554887e-07
leaf_weight=95 26 20 21 22 444 26 25 31 22 33 38 102 24 60 102 21 35 34 843 422 183 78 130 45 2743 20 717 49 429 24
leaf_count=95 26 20 21 22 444 26 25 31 22 33 38 102 24 60 102 21 35 34 843 422 183 78 130 45 2743 20 717 49 429 24
internal_value=6.4738e-16 1.06035e-07 1.43066e-07 1.05305e-06 7.44182e-08 1.22573e-07 8.7252e-07 -4.15631e-07 -1.08846e-08 -1.06802e-07 -4.21962e-07 -9.61594e-07 -2.92288e-08 3.18828e-08 3.19222e-07 3.3053e-08 1.12691e-08 8.9722e-08 1.16367e-07 4.01776e-07 -3.07201e-08 4.02111e-07 -5.76586e-08 -4.62727e-07 -2.55126e-08 8.63437e-07 2.61021e-09 -3.80851e-07 1.38257e-08 4.08484e-08
internal_weight=6864 639 613 43 570 519 51 51 6225 1168 359 164 126 195 162 809 5057 1763 1729 457 3294 193 3101 228 2873 98 787 70 1272 468
internal_count=6864 639 613 43 570 519 51 51 6225 1168 359 164 126 195 162 809 5057 1763 1729 457 3294 193 3101 228 2873 98 787 70 1272 468
is_linear=0
shrinkage=0.05


Tree=193
num_leaves=31
num_cat=0
split_feature=15 15 9 27 3 15 8 9 11 4 15 27 5 5 9 8 9 3 9 5 15 3 3 8 9 9 15 9 9 27
split_gain=2.97569e-09 3.15476e-08 7.52002e-08 1.57982e-07 3.90395e-08 2.80906e-08 5.40152e-08 1.51058e-08 1.28827e-08 3.8447e-08 9.79345e-08 5.14943e-08 6.34772e-08 5.58018e-08 7.55642e-08 6.49879e-08 4.33016e-08 4.02975e-08 1.96832e-08 9.19337e-08 1.22695e-07 7.4934e-08 3.66685e-08 3.7988e-08 2.00565e-08 1.33286e-08 1.26801e-08 1.08751e-08 1.93185e-08 6.36216e-09
threshold=0.46038001402560286 0.61913436964878354 -33.949386121058545 55.166666666666679 12.250000000000002 0.70897861563100306 83.427031669843657 -21.727977670815978 16.415625000000002 1.0000000180025095e-35 -0.074115882986646633 19.500000000000004 4.3500000000000005 4.7500000000000009 -44.05708191324873 57.312351156047619 -38.645071333560431 14.750000000000002 -40.710067886046815 5.8500000000000005 0.080547328232315238 17.150000000000002 18.450000000000003 289.63838648767688 -47.364955395838642 -39.529722761798631 0.67165857384232497 -38.883777232114518 -37.767037036168645 9.5000000000000018
decision_type=2 2 2 2 2 2 2 2 2 2 2 2 2 2 2 2 2 2 2 2 2 2 2 2 2 2 2 2 2 2
left_child=8 2 3 -2 -5 6 -3 26 9 10 -1 12 17 15 -15 -13 -14 -11 19 22 21 -21 23 -10 -24 -20 -8 -27 -29 -7
right_child=1 5 -4 4 -6 29 7 -9 18 11 -12 13 16 14 -16 -17 -18 -19 25 20 -22 -23 24 -25 -26 27 -28 28 -30 -31
leaf_value=-2.5733275673444906e-06 -5.6814851132003244e-06 3.0192217222758613e-06 4.7471711914200238e-09 -2.3717698320524505e-06 3.2274309982695499e-07 1.2541081477851753e-07 1.7529326399838924e-06 -4.4610536970416993e-08 -1.1486986530203027e-06 1.048894612836193e-06 1.5404192455632612e-06 -1.9768184251384794e-06 1.5692681403543547e-06 1.3452340586387178e-06 2.6876913497712866e-08 -1.1355574718418584e-07 -9.4405937517976875e-08 4.1499363409126424e-06 8.9785415541752768e-07 -2.9346688135335955e-06 -3.997186450672214e-06 -2.1484205822408721e-07 2.7786199508130141e-06 1.442873289866279e-06 8.0885579052392136e-07 -9.7949147987362407e-07 1.1475640673909636e-07 1.0759526001417422e-06 -2.2691771106685493e-09 -1.5232207708820508e-07
leaf_weight=39 20 21 183 20 41 315 27 99 31 20 23 61 61 140 486 201 109 22 42 28 27 265 28 26 24 28 21 42 3817 597
leaf_count=39 20 21 183 20 41 315 27 99 31 20 23 61 61 140 486 201 109 22 42 28 27 265 28 26 24 28 21 42 3817 597
internal_value=7.95155e-16 -6.67184e-08 -5.56681e-07 -1.82509e-06 -5.60704e-07 5.30504e-08 6.4718e-07 3.08317e-07 1.62445e-08 1.6417e-07 -1.04726e-06 2.32451e-07 9.32602e-07 6.52977e-08 3.21717e-07 -5.47369e-07 5.02559e-07 2.67325e-06 -2.31979e-08 -3.44776e-07 -7.71962e-07 -4.74757e-07 9.09348e-07 3.34219e-08 1.8695e-06 1.19147e-08 1.03623e-06 2.34186e-09 9.46581e-09 -5.63946e-08
internal_weight=6864 1344 264 81 61 1080 168 147 5520 1162 62 1100 212 888 626 262 170 42 4358 429 320 293 109 57 52 3929 48 3887 3859 912
internal_count=6864 1344 264 81 61 1080 168 147 5520 1162 62 1100 212 888 626 262 170 42 4358 429 320 293 109 57 52 3929 48 3887 3859 912
is_linear=0
shrinkage=0.05


Tree=194
num_leaves=22
num_cat=0
split_feature=27 7 15 5 15 7 7 27 7 27 15 15 7 9 4 27 7 9 13 15 17
split_gain=2.90373e-09 1.97988e-08 6.1251e-08 8.05827e-08 1.55793e-08 2.38687e-08 1.53072e-08 7.06119e-09 2.08726e-08 5.43912e-09 5.53142e-09 8.6598e-08 1.32338e-07 2.44544e-08 1.64235e-08 9.19047e-09 4.65494e-09 1.3493e-09 1.93224e-09 1.21054e-09 1.80469e-10
threshold=95.166666666666671 123.67354295476771 -0.39827153806311183 9.2500000000000018 -0.7444366621422277 92.356885791569695 140.29778336305196 92.833333333333357 126.76179636843794 92.166666666666671 -0.67801649466304881 -0.65883892954715351 110.32028364097614 -44.05708191324873 98.500000000000014 1.1666666666666667 115.3141334358147 -16.504323797579708 0.25881904510252057 0.21652257995689161 0.68891254589608042
decision_type=2 2 2 2 2 2 2 2 2 2 2 2 2 2 2 2 2 2 2 2 2
left_child=7 4 -3 6 5 20 -4 9 19 10 13 12 -12 -1 -15 -13 17 -6 -19 -9 -2
right_child=1 2 3 -5 16 -7 -8 8 -10 -11 11 15 -14 14 -16 -17 -18 18 -20 -21 -22
leaf_value=1.4066619555641927e-06 1.394130038079311e-09 2.3399074526770692e-06 2.1309539719864421e-07 -1.816335252267611e-06 -3.399706117171228e-07 -2.2129888907329587e-06 1.676263796304202e-06 3.5790810223910687e-07 -1.5507997275186616e-06 7.3147125698369571e-07 -2.5596009249087813e-07 1.3040186540026644e-07 -5.0054378748014146e-06 5.0985165779510809e-08 -1.1678633437840956e-06 -5.4560681646537326e-08 6.2529767336799886e-07 6.7852518789361337e-09 5.1078096504397766e-07 -1.1588813222067935e-07 -2.0847010592292681e-07
leaf_weight=33 20 38 33 39 26 20 39 26 29 25 44 870 22 2138 28 2945 33 387 20 28 21
leaf_count=33 20 38 33 39 26 20 39 26 29 25 44 870 22 2138 28 2945 33 387 20 28 21
internal_value=2.83181e-16 9.83923e-08 6.07288e-07 1.41384e-08 -4.54889e-08 -7.96881e-07 1.00564e-06 -1.07487e-08 -4.68825e-07 -4.521e-09 -7.54729e-09 -4.34459e-08 -1.83912e-06 5.58099e-08 3.5229e-08 -1.23805e-08 5.28693e-08 9.24313e-09 3.15516e-08 1.12236e-07 -1.06097e-07
internal_weight=6864 676 149 111 527 61 72 6188 83 6105 6080 3881 66 2199 2166 3815 466 433 407 54 41
internal_count=6864 676 149 111 527 61 72 6188 83 6105 6080 3881 66 2199 2166 3815 466 433 407 54 41
is_linear=0
shrinkage=0.05


Tree=195
num_leaves=17
num_cat=0
split_feature=14 14 7 11 14 9 11 7 14 0 14 11 5 14 5 4
split_gain=3.05749e-09 3.87275e-09 2.53268e-08 4.05615e-08 1.1496e-08 4.90275e-08 2.02936e-08 9.13122e-09 8.29348e-09 2.46539e-08 1.10979e-08 5.2012e-09 4.19755e-09 3.69991e-09 2.06452e-09 8.2116e-10
threshold=0.99995780822346225 0.99700008544936913 124.74780099104989 10.65 0.9916835347852474 -35.796588535445593 10.262500000000001 125.9948803317818 0.98802474685579866 1.0000000180025095e-35 0.98372640911059162 13.306250000000002 4.2500000000000009 0.99966190462023474 5.3500000000000005 59.500000000000007
decision_type=2 2 2 2 2 2 2 2 2 2 2 2 2 2 2 2
left_child=1 4 13 -4 6 -6 7 -1 10 -10 -8 -7 -13 14 -3 -16
right_child=-2 2 3 -5 5 11 8 -9 9 -11 -12 12 -14 -15 15 -17
leaf_value=3.496423932070059e-07 -5.6336077515576723e-07 4.4040834354844895e-07 -6.0076240515627433e-07 2.2696134237776278e-06 -2.1057556152219843e-06 7.0058755363788809e-07 -2.304499324985224e-10 1.8424424611328593e-06 2.0167913612567643e-06 -1.3323288873046123e-07 -6.3326683323745267e-07 4.9355545543438074e-07 -3.2110677028185379e-07 -5.7182916374845916e-07 -2.3561432469413386e-07 8.321673222609782e-08
leaf_weight=20 24 23 20 32 34 25 6333 21 20 40 70 21 64 35 46 36
leaf_count=20 24 23 20 32 34 25 6333 21 20 40 70 21 64 35 46 36
internal_value=1.64398e-17 1.9767e-09 2.23361e-07 1.16562e-06 -4.41706e-09 -4.463e-07 5.36632e-09 1.11425e-06 -1.6682e-09 5.83442e-07 -7.15104e-09 6.66229e-08 -1.19837e-07 -1.26622e-07 2.17803e-08 -9.56397e-08
internal_weight=6864 6840 192 52 6648 144 6504 41 6463 60 6403 110 85 140 105 82
internal_count=6864 6840 192 52 6648 144 6504 41 6463 60 6403 110 85 140 105 82
is_linear=0
shrinkage=0.05


Tree=196
num_leaves=30
num_cat=0
split_feature=5 14 3 7 15 15 4 3 7 15 5 5 27 7 3 14 7 15 15 7 7 15 15 14 5 15 15 3 27
split_gain=2.88605e-09 7.76621e-09 1.45168e-08 1.33258e-08 2.60432e-08 1.67006e-08 1.15587e-08 1.04371e-08 1.88107e-08 5.25569e-09 2.74411e-08 4.76112e-09 1.9504e-08 4.13714e-08 4.92835e-08 1.2373e-08 1.60854e-08 6.84152e-09 3.45749e-08 7.97401e-08 2.84287e-08 3.95886e-08 1.32153e-08 1.29292e-08 2.70943e-09 4.33967e-09 3.60928e-09 2.06496e-09 7.14367e-10
threshold=17.550000000000004 0.84773968378660736 12.65 129.28243931962555 0.67165857384232497 0.04621408538533487 69.500000000000014 24.250000000000004 124.13007218665588 -0.99983123799342477 12.950000000000001 15.850000000000003 48.166666666666679 121.39466129851606 15.450000000000001 0.95998215779580554 113.52297680598163 -0.90531874877253482 -0.88620506325989179 117.13498875858807 121.39466129851606 -0.93237865822738086 -0.86974577485258975 0.31799963745711152 17.750000000000004 -0.97111920233974802 -0.73865259438682551 15.850000000000003 32.166666666666679
decision_type=2 2 2 2 2 2 2 2 2 2 2 2 2 2 2 2 2 2 2 2 2 2 2 2 2 2 2 2 2
left_child=9 3 -3 24 5 -5 -7 8 28 10 -1 17 15 27 -15 16 -13 20 19 -19 23 -22 -20 -11 -2 -26 -27 -14 -4
right_child=1 2 7 4 -6 6 -8 -9 -10 11 -12 12 13 14 -16 -17 -18 18 22 -21 21 -23 -24 -25 25 26 -28 -29 -30
leaf_value=7.10228759241242e-07 6.2352006635941449e-07 -1.4543490333562837e-06 1.310830196388224e-07 4.9703062575731787e-08 -6.5059281132562322e-07 2.3727448698427281e-06 8.1028491820234201e-07 -9.9917859203109728e-07 1.4873603938137981e-06 7.2576398225837448e-08 -1.8458633963378124e-06 -7.7638870616985988e-08 -4.6415661013757671e-07 -2.6306297058908971e-07 -3.773174372554422e-06 -9.8536378581570707e-07 8.6474173207036433e-07 -1.6467721035122587e-07 5.8100948776932766e-07 -3.2512431209431306e-06 3.1211451197094488e-07 2.1176492604007235e-06 -1.1805604378857827e-08 -5.0276338388372771e-07 -6.1017325316825585e-07 5.3143084329576599e-07 2.4780354046056948e-08 1.15840180766232e-07 -1.8978701531961367e-07
leaf_weight=21 21 20 22 21 25 29 20 23 22 762 21 161 21 20 20 25 63 93 96 27 151 38 4537 112 24 40 290 57 82
leaf_count=21 21 20 22 21 25 29 20 23 22 762 21 161 21 20 20 25 63 93 96 27 151 38 4537 112 24 40 290 57 82
internal_value=-4.31172e-16 1.01194e-07 -1.89496e-07 2.05718e-07 7.34676e-07 1.22942e-06 1.73501e-06 -1.97174e-08 1.59073e-07 -1.03876e-08 -5.67817e-07 -6.60106e-09 -1.81265e-07 -7.10755e-07 -2.01812e-06 6.96577e-08 1.87406e-07 4.42057e-09 -2.12253e-08 -8.59155e-07 1.19091e-07 6.75132e-07 4.78067e-10 -1.15135e-09 7.17155e-08 3.89813e-08 8.61925e-08 -4.03128e-08 -1.21911e-07
internal_weight=6864 639 169 470 95 70 49 149 126 6225 42 6183 367 118 40 249 224 5816 4753 120 1063 189 4633 874 375 354 330 78 104
internal_count=6864 639 169 470 95 70 49 149 126 6225 42 6183 367 118 40 249 224 5816 4753 120 1063 189 4633 874 375 354 330 78 104
is_linear=0
shrinkage=0.05


Tree=197
num_leaves=29
num_cat=0
split_feature=14 14 13 14 9 3 9 8 27 9 4 4 5 14 9 9 14 14 9 9 3 8 14 9 14 14 21 27
split_gain=2.93276e-09 1.88837e-08 3.9113e-08 1.65071e-08 3.05573e-08 1.3918e-08 4.1987e-08 2.88655e-08 1.95411e-08 1.8263e-08 5.47836e-08 6.01587e-08 1.07522e-08 9.67112e-09 8.91928e-09 1.14907e-08 6.51785e-09 1.1568e-07 2.35983e-07 2.13369e-08 9.03012e-08 5.05637e-08 1.6994e-08 1.0075e-08 6.60625e-08 1.26014e-08 7.0186e-09 1.61777e-10
threshold=0.93544191479114935 0.92922379131507438 0.25881904510252057 0.94425825643485939 -12.601730494079911 12.350000000000003 -46.752218743387616 326.85811795944278 54.500000000000007 -44.05708191324873 81.500000000000014 42.500000000000007 5.2500000000000009 0.99552231814189451 -41.520779180120989 -33.949386121058545 0.78857998149907527 0.80417553764032002 -28.120797331603821 -45.139998667340755 13.450000000000001 290.58315264809681 0.78325454425165997 -43.03020306360753 0.7090011537757156 0.67167992559793654 141.50000000000003 85.833333333333357
decision_type=2 2 2 2 2 2 2 2 2 2 2 2 2 2 2 2 2 2 2 2 2 2 2 2 2 2 2 2
left_child=1 16 -3 4 -2 6 7 -5 12 10 11 -7 -8 -10 -11 -16 22 18 -18 20 -19 -21 23 24 -1 -25 -20 -6
right_child=3 2 -4 5 27 9 8 -9 13 14 -12 -13 -14 -15 15 -17 17 19 26 21 -22 -23 -24 25 -26 -27 -28 -29
leaf_value=5.1156152514488977e-08 2.0995560167388511e-06 2.0505884096775974e-07 -2.6899980886696544e-06 -2.4210675784488825e-06 -1.0090946111300052e-07 8.0787934037840895e-07 2.3820608442785365e-07 -6.3348137960669458e-08 2.4832230391069746e-07 -9.7907322717880807e-07 2.5288713087926832e-06 -2.3520836094803601e-06 -1.2294040993369258e-06 1.5949237540742917e-06 9.8391375203274008e-07 -2.7625421591039983e-09 -6.510459338858796e-06 8.0170327173025568e-08 -9.4302377007693394e-07 1.8339643332443911e-08 -3.6267811196921686e-06 1.547226336053124e-06 1.3429563487932228e-06 8.3658885966146636e-09 1.9774524201210396e-06 -2.8957640339195169e-07 2.5836764717357054e-07 9.1636261503325051e-08
leaf_weight=612 28 28 20 34 24 61 24 21 30 22 30 20 26 24 31 613 21 92 20 548 20 60 24 3942 48 390 31 20
leaf_count=612 28 28 20 34 24 61 24 21 30 22 30 20 26 24 31 613 21 92 20 548 20 60 24 3942 48 390 31 20
internal_value=5.34628e-16 -1.35597e-08 -1.00121e-06 7.87753e-08 8.08312e-07 2.26571e-08 -4.03562e-07 -1.52085e-06 1.8731e-07 1.09876e-07 7.0365e-07 2.76416e-08 -5.24951e-07 8.46812e-07 1.09133e-08 4.47327e-08 -5.39725e-09 -1.38696e-07 -2.04959e-06 5.23941e-08 -5.81785e-07 1.69217e-07 1.56499e-08 9.26859e-09 1.9125e-07 -1.84572e-08 -2.12766e-07 -1.33887e-08
internal_weight=6864 5856 48 1008 72 936 159 55 104 777 111 81 50 54 666 644 5808 792 72 720 112 608 5016 4992 660 4332 51 44
internal_count=6864 5856 48 1008 72 936 159 55 104 777 111 81 50 54 666 644 5808 792 72 720 112 608 5016 4992 660 4332 51 44
is_linear=0
shrinkage=0.05


Tree=198
num_leaves=22
num_cat=0
split_feature=12 14 15 4 3 5 14 11 11 14 5 14 7 8 14 5 21 7 8 7 14
split_gain=2.79044e-09 5.51525e-09 5.82542e-09 5.29606e-09 4.1978e-09 3.38569e-09 3.38043e-09 1.72589e-08 1.4295e-08 5.87646e-09 3.74994e-08 9.51017e-09 1.94535e-08 9.06413e-09 8.74493e-09 5.35403e-09 4.43503e-09 2.69795e-09 2.97497e-09 2.08359e-09 1.96634e-09
threshold=0.98296291314453421 0.84773968378660736 -0.89404254237865755 53.500000000000007 8.7500000000000018 11.15 -0.99467753128998015 19.706250000000001 21.306250000000002 -0.9905448150984083 13.750000000000002 -0.98523971305672675 129.28243931962555 262.73107021714583 -0.95995996396290595 13.250000000000002 24.500000000000004 95.859273108369152 76.626319791004263 128.71185431322951 0.61915405168109316
decision_type=2 2 2 2 2 2 2 2 2 2 2 2 2 2 2 2 2 2 2 2 2
left_child=4 2 5 -3 -1 -2 7 15 -9 10 13 12 -11 -8 -13 19 -10 -4 -19 -6 -20
right_child=1 3 17 -5 6 -7 9 8 16 11 -12 14 -14 -15 -16 -17 -18 18 20 -21 -22
leaf_value=-6.8095267164133721e-07 8.1352326752326407e-07 5.4900683392525971e-08 -4.9552659157193884e-07 9.6283176698679862e-07 1.7005416970456672e-07 7.7667144957806817e-09 -2.3643873917165419e-07 -1.1128604902754801e-06 7.7499708737605035e-07 5.452639566262623e-08 -2.3237906037820723e-06 -2.7721481162972036e-07 1.6889159014681354e-06 9.9781542801446506e-07 7.5867117459502671e-11 1.3834551141470635e-06 -2.359122360920709e-08 3.8780971660149329e-07 -2.6676372973056281e-07 7.2688213269397501e-07 2.9043856017096917e-07
leaf_weight=23 32 29 36 36 28 22 51 30 20 67 20 299 25 21 5796 23 133 35 76 42 20
leaf_count=23 32 29 36 36 28 22 51 30 20 67 20 299 25 21 5796 23 133 35 76 42 20
internal_value=3.5492e-16 1.52891e-07 3.38132e-08 5.57755e-07 -6.64743e-09 4.85252e-07 -4.28145e-09 1.6698e-07 -1.14883e-07 -1.18094e-08 -4.08479e-07 -5.911e-09 4.98654e-07 1.23552e-07 -1.35271e-08 7.21613e-07 8.07994e-08 -1.12161e-07 -6.80864e-09 5.04151e-07 -1.5068e-07
internal_weight=6864 286 221 65 6578 54 6555 276 183 6279 92 6187 92 72 6095 93 153 167 131 70 96
internal_count=6864 286 221 65 6578 54 6555 276 183 6279 92 6187 92 72 6095 93 153 167 131 70 96
is_linear=0
shrinkage=0.05


Tree=199
num_leaves=20
num_cat=0
split_feature=5 15 8 27 3 14 7 5 3 8 5 8 5 7 7 14 7 7 27
split_gain=2.63011e-09 1.32288e-08 1.82173e-08 1.36822e-08 3.53054e-08 1.25398e-08 1.22088e-08 1.19889e-08 2.78858e-08 6.53165e-09 6.38724e-09 1.05467e-08 6.36338e-09 7.83756e-09 5.72043e-09 3.60455e-08 7.82515e-09 4.60473e-09 1.65567e-09
threshold=2.8500000000000001 0.14888728888808328 48.156894288254172 34.833333333333336 15.250000000000002 0.46039464932087154 129.63981966833532 3.0500000000000003 17.850000000000005 304.75715934148053 3.2500000000000004 285.57773149842563 3.4500000000000006 111.05056713192236 153.97310347240486 -0.95754239937548935 150.5217580147461 112.79486125834522 39.500000000000007
decision_type=2 2 2 2 2 2 2 2 2 2 2 2 2 2 2 2 2 2 2
left_child=1 2 -1 5 -5 -3 9 8 -2 17 11 18 13 -12 16 -16 -14 -4 -9
right_child=7 3 6 4 -6 -7 -8 10 -10 -11 12 -13 14 -15 15 -17 -18 -19 -20
leaf_value=1.3989508381330649e-06 -2.0883676959535728e-06 -6.0995367292093759e-07 -8.3986361268156927e-09 -2.0390866965591672e-06 3.4845290004525968e-07 1.0553468935261034e-06 1.0394384107161331e-06 3.3569287086807197e-07 4.2910727662876465e-07 -8.1611379052694921e-07 -1.1758884731920484e-08 1.3826657938021857e-06 1.4855916594163922e-09 -1.1725195636157738e-06 -2.0812515799661924e-06 -2.7173188695267356e-08 5.5301798509022919e-07 7.9318824416099058e-07 -2.999668936354283e-07
leaf_weight=35 22 20 122 30 32 26 33 21 22 22 33 22 6074 26 24 194 65 21 20
leaf_count=35 22 20 122 30 32 26 33 21 22 22 33 22 6074 26 24 194 65 21 20
internal_value=-6.20267e-16 1.35368e-07 3.47393e-07 -3.22057e-07 -8.06808e-07 3.31303e-07 1.61512e-07 -7.07656e-09 -8.2963e-07 -1.40738e-08 -1.49046e-09 4.99506e-07 -6.40984e-09 -5.23281e-07 -1.61271e-09 -2.5331e-07 7.32524e-09 1.09317e-07 2.56149e-08
internal_weight=6864 341 233 108 62 46 198 6523 44 165 6479 63 6416 59 6357 218 6139 143 41
internal_count=6864 341 233 108 62 46 198 6523 44 165 6479 63 6416 59 6357 218 6139 143 41
is_linear=0
shrinkage=0.05


Tree=200
num_leaves=20
num_cat=0
split_feature=11 7 15 9 9 27 4 15 9 4 8 7 8 3 3 3 8 7 9
split_gain=2.77414e-09 2.37264e-08 1.36711e-08 1.12151e-08 2.05895e-08 1.05001e-08 2.25075e-08 4.90632e-08 2.21757e-08 2.68388e-08 3.95298e-08 3.49701e-08 2.1584e-08 2.1525e-08 2.11699e-08 1.6644e-08 6.15083e-09 8.47942e-09 3.14839e-09
threshold=21.903125000000003 137.56077128556549 -0.99983123799342477 -43.03020306360753 -41.080504213044314 1.1666666666666667 1.0000000180025095e-35 -0.26037106507032781 -60.224164379586931 1.0000000180025095e-35 324.71483944320204 108.15781937604932 357.25307277430142 20.350000000000005 15.65 17.350000000000005 51.825694037050148 128.38969691279922 -38.883777232114518
decision_type=2 2 2 2 2 2 2 2 2 2 2 2 2 2 2 2 2 2 2
left_child=2 3 -1 -2 -5 8 7 -7 14 10 -10 -11 13 -8 -4 -14 17 -6 -18
right_child=1 -3 5 4 16 6 12 -9 9 11 -12 -13 15 -15 -16 -17 18 -19 -20
leaf_value=-1.2475310541049113e-06 -8.4816981475219e-07 1.3079216635168855e-06 1.6304519124625306e-07 1.4023169636661553e-06 9.1827353010387469e-07 -2.5897792050323512e-06 -3.0794933099418316e-08 3.4816071301217261e-07 2.9475235296044735e-08 9.9591576487561171e-09 -2.2620346840085404e-06 2.6890963800681114e-06 1.513896848756793e-06 -7.0765609547891126e-07 1.9407959093837923e-06 -1.1929494296334901e-07 -6.0336910142463504e-07 -2.9345999440589698e-07 1.0764213470119179e-08
leaf_weight=23 37 36 34 27 42 27 2607 30 319 29 20 21 39 123 33 26 21 22 3348
leaf_count=23 37 36 34 27 42 27 2607 30 319 29 20 21 39 123 33 26 21 22 3348
internal_value=-1.01686e-15 3.08646e-08 -3.27363e-08 1.77179e-08 2.69774e-08 -2.429e-08 -5.99099e-08 -1.0435e-06 1.9849e-07 5.37834e-08 -1.05717e-07 1.1352e-06 -3.98511e-08 -6.12909e-08 1.03865e-06 8.6062e-07 1.61606e-08 5.0174e-07 6.93613e-09
internal_weight=6864 3533 3331 3497 3460 3308 2852 57 456 389 339 50 2795 2730 67 65 3433 64 3369
internal_count=6864 3533 3331 3497 3460 3308 2852 57 456 389 339 50 2795 2730 67 65 3433 64 3369
is_linear=0
shrinkage=0.05


Tree=201
num_leaves=31
num_cat=0
split_feature=15 14 9 5 14 8 14 9 11 4 15 27 5 5 8 9 9 3 9 5 14 15 3 3 27 9 9 14 9 9
split_gain=2.6413e-09 2.53856e-08 6.31719e-08 1.09381e-07 2.35529e-08 4.44676e-08 2.00816e-08 1.16755e-08 1.13811e-08 3.33088e-08 8.44108e-08 4.48007e-08 5.68657e-08 4.94206e-08 5.19233e-08 4.82504e-08 3.88561e-08 3.50538e-08 1.88635e-08 7.94144e-08 1.70987e-07 1.61712e-07 6.89671e-08 3.27921e-08 3.50448e-08 1.74224e-08 1.23865e-08 1.06071e-08 9.86805e-09 1.73152e-08
threshold=0.46038001402560286 0.78857998149907527 -34.532023602627511 14.15 0.7090011537757156 83.427031669843657 0.84773968378660736 -21.727977670815978 16.415625000000002 1.0000000180025095e-35 -0.074115882986646633 19.500000000000004 4.3500000000000005 5.4500000000000011 57.312351156047619 -44.05708191324873 -39.529722761798631 14.750000000000002 -40.710067886046815 5.8500000000000005 -0.26969676895496814 0.080547328232315238 18.450000000000003 18.450000000000003 23.833333333333339 -47.364955395838642 -39.529722761798631 0.74443451080969758 -38.883777232114518 -37.767037036168645
decision_type=2 2 2 2 2 2 2 2 2 2 2 2 2 2 2 2 2 2 2 2 2 2 2 2 2 2 2 2 2 2
left_child=8 4 3 -3 -2 -6 -5 27 9 10 -1 12 17 14 -13 -15 -14 -11 19 23 21 -21 -22 24 -10 -25 -20 -7 -28 -30
right_child=1 2 -4 6 5 7 -8 -9 18 11 -12 13 16 15 -16 -17 -18 -19 26 20 22 -23 -24 25 -26 -27 28 -29 29 -31
leaf_value=-2.3900247180327265e-06 -5.5637062248834937e-08 -4.5053089631134451e-06 -1.5078942558149126e-09 4.1392465429150134e-07 2.7408276751083624e-06 7.8308218711581075e-08 -1.5265129694815489e-06 -2.9128730655359488e-08 -1.5630525178328921e-06 1.0034773078615445e-06 1.4291421680552404e-06 -1.6153580445625081e-06 1.5718452635022011e-06 1.1860451568176105e-06 -8.7963905628051682e-08 8.9707556221548008e-08 -5.1826493723414675e-08 3.8957280160254667e-06 8.666604547410576e-07 1.3325384937128283e-07 -5.761832885511354e-06 -4.0115476088850787e-06 -1.8564074147994129e-06 2.5843331975750062e-06 9.8362449274905612e-07 7.4846917357263016e-07 -9.3189225448700846e-07 1.576601745354209e-06 1.0198399392958804e-06 -9.4636665388202011e-10
leaf_weight=39 912 24 186 30 21 21 24 99 22 20 23 73 54 129 234 452 116 22 42 248 20 26 26 28 35 24 28 27 42 3817
leaf_count=39 912 24 186 30 21 21 24 99 22 20 23 73 54 129 234 452 116 22 42 248 20 26 26 28 35 24 28 27 42 3817
internal_value=-1.04857e-16 -6.2858e-08 -5.02373e-07 -1.69674e-06 4.4579e-08 5.88609e-07 -4.48492e-07 2.81149e-07 1.53045e-08 1.54342e-07 -9.73237e-07 2.17897e-07 8.70959e-07 6.19853e-08 -4.51155e-07 3.33128e-07 4.63928e-07 2.51847e-06 -2.17679e-08 -3.36579e-07 -7.33614e-07 -2.60048e-07 -3.55442e-06 8.2903e-07 6.96524e-10 1.73701e-06 1.26057e-08 9.21098e-07 3.37742e-09 1.01635e-08
internal_weight=6864 1344 264 78 1080 168 54 147 5520 1162 62 1100 212 888 307 581 170 42 4358 429 320 274 46 109 57 52 3929 48 3887 3859
internal_count=6864 1344 264 78 1080 168 54 147 5520 1162 62 1100 212 888 307 581 170 42 4358 429 320 274 46 109 57 52 3929 48 3887 3859
is_linear=0
shrinkage=0.05


Tree=202
num_leaves=31
num_cat=0
split_feature=27 8 8 15 7 7 7 9 3 3 3 15 14 9 14 14 14 5 14 9 4 27 5 5 27 8 15 8 14 12
split_gain=2.76205e-09 1.9286e-08 1.32238e-08 1.13692e-08 2.65422e-08 1.7396e-08 1.26161e-08 7.04399e-09 1.99244e-08 5.19251e-08 2.59048e-08 7.64639e-08 1.59923e-07 3.86598e-08 2.90379e-08 2.15422e-08 2.6752e-08 1.97568e-08 8.59185e-09 6.57688e-09 1.90192e-08 1.18668e-08 1.20673e-08 6.43507e-09 5.74521e-09 1.66945e-08 5.67785e-09 2.66051e-09 2.05273e-09 1.78433e-09
threshold=95.166666666666671 43.868451668974394 57.312351156047619 0.96901616890815878 140.29778336305196 114.65794053175996 133.22732161747658 -24.869770033133008 21.250000000000004 20.650000000000002 24.250000000000004 -0.75013812021657655 -0.75648915189404875 -45.723813439083791 -0.3190086476827993 -0.99467753128998015 -0.95995996396290595 8.3500000000000032 -0.99866806308218525 -17.190763068852839 7.5000000000000009 13.500000000000002 7.3500000000000005 8.3500000000000032 1.0000000180025095e-35 268.93644864340678 -0.99983123799342477 72.353280273547838 0.99983759474438971 0.98296291314453421
decision_type=2 2 2 2 2 2 2 2 2 2 2 2 2 2 2 2 2 2 2 2 2 2 2 2 2 2 2 2 2 2
left_child=7 -2 -3 4 6 -5 -4 8 9 15 13 14 -13 -10 -12 18 -17 -15 -1 20 24 -22 -23 -6 25 -9 -21 -26 29 -28
right_child=1 2 3 5 23 -7 -8 19 10 -11 11 12 -14 17 -16 16 -18 -19 -20 26 21 22 -24 -25 27 -27 28 -29 -30 -31
leaf_value=2.4720651510350495e-07 1.2940400850425249e-06 -1.2291292716781754e-06 9.7341871180409661e-08 7.1887028053150546e-08 2.0101235770653146e-06 -1.7865024352659023e-06 -1.1532610379899347e-06 -5.5055527232597388e-07 2.1937677762805056e-06 -2.3323760787948063e-06 1.5374608808542688e-06 1.8076472604827192e-06 -3.5755408004132662e-06 -5.2337367530223379e-07 -4.973843250287179e-07 -7.9697458837435287e-07 -9.5663005562112179e-08 7.9855315679298523e-07 1.2618612618390845e-06 6.499637893100767e-07 1.5590382324385628e-06 -9.4203137637194346e-08 6.9597592345581077e-07 7.5694179681054923e-07 -9.4222305150374874e-08 1.2424803918249729e-06 -9.9039218273215097e-09 -7.4199027811154539e-07 4.6197961024082208e-07 1.4240381414317273e-07
leaf_weight=54 32 20 508 34 20 20 21 34 35 27 50 22 37 45 27 151 1367 76 34 34 24 80 122 21 23 21 3647 51 24 203
leaf_count=54 32 20 508 34 20 20 21 34 35 27 50 22 37 45 27 151 1367 76 34 34 24 80 122 21 23 21 3647 51 24 203
internal_value=9.32905e-17 9.59619e-08 3.64301e-08 7.69929e-08 1.42683e-07 -6.16405e-07 4.7696e-08 -1.04832e-08 -8.98697e-08 -1.57891e-07 2.90538e-07 -2.13846e-07 -1.56825e-06 7.30257e-07 8.23944e-07 -1.21334e-07 -1.65425e-07 3.06927e-07 6.39232e-07 2.53645e-08 2.31421e-07 5.07919e-07 3.83034e-07 1.36825e-06 -2.52988e-07 1.34058e-07 6.64653e-09 -5.40657e-07 1.00049e-09 -1.87315e-09
internal_weight=6864 676 644 624 570 54 529 6188 1925 1633 292 136 59 156 77 1606 1518 121 88 4263 355 226 202 41 129 55 3908 74 3874 3850
internal_count=6864 676 644 624 570 54 529 6188 1925 1633 292 136 59 156 77 1606 1518 121 88 4263 355 226 202 41 129 55 3908 74 3874 3850
is_linear=0
shrinkage=0.05


Tree=203
num_leaves=22
num_cat=0
split_feature=14 11 27 7 14 14 27 4 7 11 14 14 12 14 4 11 14 27 7 11 7
split_gain=2.73626e-09 3.64684e-09 1.34271e-08 2.12888e-08 2.03133e-08 1.19511e-07 2.6048e-08 2.87628e-08 1.27291e-08 9.98198e-09 4.93063e-08 5.10626e-08 3.95041e-08 3.75719e-08 1.23287e-08 9.81677e-09 9.75953e-09 5.54701e-09 1.72331e-08 9.88511e-09 1.3784e-10
threshold=0.99995780822346225 13.681250000000002 0.83333333333333337 133.72444618317914 0.85226249403558707 0.84313847884979054 8.8333333333333339 15.500000000000002 153.97310347240486 14.603125 0.93237596376505805 0.89404822654372251 -1.0000000180025095e-35 0.81925054981890411 50.500000000000007 14.809375000000001 0.59868201182722736 92.166666666666671 115.3141334358147 21.006250000000005 112.33436739144402
decision_type=2 2 2 2 2 2 2 2 2 2 2 2 2 2 2 2 2 2 2 2 2
left_child=1 2 3 20 5 8 -6 -8 -4 10 11 13 -12 -3 -14 16 -11 19 -19 -17 -1
right_child=-2 9 4 -5 6 -7 7 -9 -10 15 12 -13 14 -15 -16 17 -18 18 -20 -21 -22
leaf_value=2.6394106842160356e-09 -5.3294499480216473e-07 -5.5212679349003288e-07 1.7474909369724678e-07 1.8984975903562759e-06 -1.4721058642900668e-06 -3.9233470510052506e-06 1.5424153617841924e-06 1.9278288837416836e-07 -7.075518612630143e-07 3.2461357098630588e-08 -6.28723862069099e-07 -2.9987001443032571e-06 2.8150191917575287e-06 1.7053485055384956e-06 1.0594032556809906e-06 -1.1965597890269788e-07 1.1825568109153601e-06 -7.043343272657281e-09 6.0629274532597964e-07 2.919615167260832e-08 1.8211797367939655e-07
leaf_weight=23 24 235 206 26 21 21 44 384 51 39 24 20 20 20 20 1684 35 495 149 3303 20
leaf_count=23 24 235 206 26 21 21 44 384 51 39 24 20 20 20 20 1684 35 495 149 3303 20
internal_value=-2.09474e-16 1.86998e-09 1.02472e-07 7.69044e-07 3.92071e-08 -2.9668e-07 2.47173e-07 3.3153e-07 -3.37866e-10 -1.13794e-08 -2.74979e-07 -5.65879e-07 9.74986e-07 -3.7507e-07 1.93721e-06 4.28411e-09 5.76425e-07 -3.2347e-09 1.34862e-07 -2.10679e-08 8.61178e-08
internal_weight=6864 6840 796 69 727 278 449 428 257 6044 339 275 64 255 40 5705 74 5631 644 4987 43
internal_count=6864 6840 796 69 727 278 449 428 257 6044 339 275 64 255 40 5705 74 5631 644 4987 43
is_linear=0
shrinkage=0.05


Tree=204
num_leaves=23
num_cat=0
split_feature=7 5 11 27 27 13 7 7 14 3 5 14 11 14 14 8 14 7 5 8 8 7
split_gain=2.62461e-09 2.85599e-09 1.67937e-08 6.67301e-08 7.47586e-08 9.29611e-08 3.05984e-08 2.15235e-08 1.63542e-07 8.25409e-08 1.1809e-08 7.34743e-08 1.65758e-08 9.36068e-09 1.83541e-08 5.61451e-08 2.05582e-08 1.07148e-08 9.21553e-09 5.15726e-09 3.8824e-09 4.4644e-10
threshold=168.08204199214074 9.7500000000000018 16.415625000000002 1.8333333333333337 26.500000000000004 0.91597561503675351 131.69743605451291 131.69743605451291 0.76140650896573503 17.250000000000004 9.6500000000000004 0.89017062131308955 19.412500000000005 -0.98214942551678475 -0.93273441465163176 87.231841338032652 -0.91978325482952472 106.02644824171743 2.3500000000000001 341.65330520310596 75.23272186807732 90.343440387037958
decision_type=2 2 2 2 2 2 2 2 2 2 2 2 2 2 2 2 2 2 2 2 2 2
left_child=1 10 3 -3 5 -5 -6 19 9 -9 13 12 -12 17 15 -15 -16 21 -19 20 -4 -1
right_child=-2 2 7 4 6 -7 -8 8 -10 -11 11 -13 -14 14 16 -17 -18 18 -20 -21 -22 -23
leaf_value=8.5149486467609624e-09 -4.919994050093617e-07 2.7893712040167887e-06 2.1137226360673457e-07 -2.2894285012340767e-07 1.7404654222760554e-07 -3.4234757647157366e-06 9.8969445522799388e-07 -2.46712228014682e-06 -4.4841433797817291e-06 3.679590846209539e-07 1.2669612668547714e-06 -3.2535445735959454e-06 -4.4927108879691377e-07 -1.9546286063913954e-06 1.3398031508492029e-06 -2.7450723744897638e-09 -2.2098589530211135e-08 -2.8165425295479841e-07 8.5869365656995237e-07 -7.8055230801510333e-07 5.9810779450122431e-09 -2.117274767308366e-07
leaf_weight=76 27 25 254 122 351 28 171 30 23 178 24 20 34 50 28 140 2674 22 91 20 2443 33
leaf_count=76 27 25 254 122 351 28 171 30 23 178 24 20 34 50 28 140 2674 22 91 20 2443 33
internal_value=1.19055e-15 1.94296e-09 3.21841e-08 2.52904e-07 1.58541e-07 -8.25256e-07 4.41242e-07 -2.0001e-08 -4.83343e-07 -4.09469e-08 -3.25899e-08 -6.40244e-07 2.60894e-07 -1.73693e-08 -4.13876e-08 -5.16399e-07 -7.98562e-09 2.95517e-07 6.36679e-07 1.93924e-08 2.53246e-08 -5.8164e-08
internal_weight=6864 6837 3645 697 672 150 522 2948 231 208 3192 78 58 3114 2892 190 2702 222 113 2717 2697 109
internal_count=6864 6837 3645 697 672 150 522 2948 231 208 3192 78 58 3114 2892 190 2702 222 113 2717 2697 109
is_linear=0
shrinkage=0.05


Tree=205
num_leaves=22
num_cat=0
split_feature=12 14 15 4 3 5 13 11 8 8 9 5 4 27 8 3 7 4 27 8 14
split_gain=2.52919e-09 4.90536e-09 5.19957e-09 4.69449e-09 3.86468e-09 2.92617e-09 2.72675e-08 2.49561e-08 8.15629e-08 3.53645e-08 1.79623e-08 1.3377e-08 2.51347e-08 1.60967e-08 1.19162e-08 7.04987e-09 2.69835e-09 2.67305e-09 5.74176e-09 1.63988e-09 2.02319e-09
threshold=0.98296291314453421 0.84773968378660736 -0.73865259438682551 53.500000000000007 8.7500000000000018 4.3500000000000005 0.98296291314453421 14.603125 57.312351156047619 60.018757306842453 -53.932882344181294 4.7500000000000009 55.500000000000007 23.833333333333339 0.43500081574669031 10.950000000000001 97.86393233865725 28.500000000000004 4.8333333333333348 82.705239547400211 0.61915405168109316
decision_type=2 2 2 2 2 2 2 2 2 2 2 2 2 2 2 2 2 2 2 2 2
left_child=4 2 17 -3 -1 6 7 8 -6 -9 -8 12 13 -7 -13 -16 -4 18 -2 -18 -21
right_child=1 3 16 -5 5 11 10 9 -10 -11 -12 14 -14 -15 15 -17 19 -19 -20 20 -22
leaf_value=-6.5332600590171872e-07 7.6884495326469606e-07 5.3946598581370418e-08 -6.9633984282280178e-07 9.0875831596627504e-07 -2.793139538148637e-06 -4.5675265225286453e-07 3.2136477660146955e-07 1.105043553056205e-06 4.2962380264648311e-08 1.1505168274022846e-09 2.4150803187694692e-06 1.1316341669953545e-06 -1.5772527815326427e-06 9.8947333772623733e-07 -5.6698510782890052e-07 -3.1781265182592504e-09 2.1836391925132503e-07 6.9923315488829023e-07 -2.8875817800974004e-07 -3.3715012139149772e-07 2.435375321852007e-07
leaf_weight=23 21 29 20 36 32 74 21 86 122 464 20 23 39 26 56 5592 35 32 33 60 20
leaf_count=23 21 29 20 36 32 74 21 86 122 464 20 23 39 26 56 5592 35 32 33 60 20
internal_value=1.01241e-15 1.45558e-07 3.32573e-08 5.27381e-07 -6.32861e-09 -4.05845e-09 8.92333e-08 1.62337e-08 -5.46357e-07 1.73759e-07 1.34269e-06 -1.6021e-08 -5.0062e-07 -8.07339e-08 -4.14313e-09 -8.76828e-09 -1.60313e-07 3.37118e-07 1.22532e-07 -6.70915e-08 -1.91978e-07
internal_weight=6864 286 221 65 6578 6555 745 704 154 550 41 5810 139 100 5671 5648 135 86 54 115 80
internal_count=6864 286 221 65 6578 6555 745 704 154 550 41 5810 139 100 5671 5648 135 86 54 115 80
is_linear=0
shrinkage=0.05


Tree=206
num_leaves=28
num_cat=0
split_feature=14 14 12 14 7 5 5 2 7 8 14 5 7 7 11 15 7 4 9 14 7 8 3 14 8 14 4
split_gain=2.49894e-09 1.61292e-08 3.6267e-08 1.40229e-08 3.01772e-08 1.35588e-08 3.73697e-08 6.24985e-08 3.38227e-08 1.8664e-08 1.85084e-08 1.00573e-08 4.31917e-08 1.95357e-08 5.17899e-09 3.12849e-08 3.05842e-08 4.03613e-08 2.92751e-08 1.95031e-08 1.76333e-07 2.34547e-08 1.17812e-08 1.08528e-08 7.29217e-08 6.02086e-08 3.01785e-10
threshold=0.93544191479114935 0.92922379131507438 -1.0000000180025095e-35 0.94425825643485939 109.62182897068858 8.5500000000000025 7.8500000000000005 3.5000000000000004 140.90444300747774 39.371505767129129 0.96465729447553372 10.550000000000002 104.83377298048003 126.42697836592782 12.415625000000002 0.46038001402560286 134.27442752181852 34.500000000000007 -64.365679215727937 0.90162119223771331 129.28243931962555 278.19924303341639 11.450000000000001 0.81925054981890411 67.592802973739666 0.78857998149907527 87.500000000000014
decision_type=2 2 2 2 2 2 2 2 2 2 2 2 2 2 2 2 2 2 2 2 2 2 2 2 2 2 2
left_child=1 14 -3 4 26 6 9 -8 11 -5 -11 12 -7 -13 15 16 17 -1 -17 23 21 -21 -20 25 -25 -16 -2
right_child=3 2 -4 5 -6 8 7 -9 -10 10 -12 13 -14 -15 19 18 -18 -19 22 20 -22 -23 -24 24 -26 -27 -28
leaf_value=-1.4196920560038963e-06 -1.4241628580351284e-07 5.6879905101099704e-07 -2.1895430640265311e-06 1.4481973808177004e-06 2.148650995877688e-06 4.3165502983337857e-08 -3.6125665997488453e-06 -2.7526491778424376e-08 1.6781504226597661e-06 -6.7703869904356399e-07 9.3538926701788367e-08 6.4228479773754051e-08 2.592831228866999e-06 -1.3817218667956976e-06 1.1055270141939192e-08 -1.8546746881990357e-06 2.004418963280922e-06 1.1097061948693529e-06 -9.1893387426367221e-07 -2.0683619284576583e-07 -4.946819182976015e-06 1.5901396533412151e-06 2.9459489763894456e-07 2.7174065926211761e-06 5.5799199528422076e-08 -1.0332738002393378e-06 1.1242584958036053e-07
leaf_weight=24 21 22 26 21 25 98 20 31 37 100 353 230 20 26 4917 24 38 46 25 104 20 22 100 28 318 142 26
leaf_count=24 21 22 26 21 25 98 20 31 37 100 353 230 20 26 4917 24 38 46 25 104 20 22 100 28 318 142 26
internal_value=5.40505e-16 -1.25167e-08 -9.25303e-07 7.27159e-08 7.4512e-07 2.09926e-08 -1.47385e-07 -1.43342e-06 2.36073e-07 -9.01368e-09 -7.65665e-08 9.34081e-08 4.75312e-07 -8.26259e-08 -4.97299e-09 2.14458e-07 8.62424e-07 2.42484e-07 -2.55208e-07 -1.51322e-08 -5.85372e-07 1.06921e-07 5.18891e-08 2.71122e-10 2.71189e-07 -1.82578e-08 -1.43979e-09
internal_weight=6864 5856 48 1008 72 936 525 51 411 474 453 374 118 256 5808 257 108 70 149 5551 146 126 125 5405 346 5059 47
internal_count=6864 5856 48 1008 72 936 525 51 411 474 453 374 118 256 5808 257 108 70 149 5551 146 126 125 5405 346 5059 47
is_linear=0
shrinkage=0.05


Tree=207
num_leaves=31
num_cat=0
split_feature=27 7 14 15 11 15 14 27 7 9 3 3 3 15 14 15 14 5 15 14 14 5 9 27 5 5 15 11 9 9
split_gain=2.50266e-09 1.60711e-08 6.51075e-08 5.09602e-08 1.9007e-08 3.03291e-08 1.70711e-08 1.54566e-08 1.3e-08 6.38598e-09 1.79415e-08 4.72614e-08 2.24195e-08 6.72795e-08 1.88362e-07 3.59098e-08 2.42912e-08 1.96808e-08 1.00365e-07 2.62513e-08 1.88869e-08 1.75846e-08 6.28132e-09 1.57805e-08 1.02184e-08 1.66448e-08 3.39904e-09 3.45798e-09 9.01024e-09 2.11228e-09
threshold=95.166666666666671 123.67354295476771 0.91596454896554913 0.49064204624668717 15.115625000000001 -0.31800055644052067 0.28519915169571858 99.833333333333357 112.33436739144402 -24.869770033133008 21.250000000000004 20.650000000000002 24.250000000000004 -0.6905596507703472 -0.75648915189404875 -0.72694848937061807 -0.79966153313747201 13.850000000000003 -0.50557503990954278 -0.98214942551678475 -0.3190086476827993 8.3500000000000032 -23.198879681637958 4.8333333333333348 4.2500000000000009 7.2500000000000009 -0.99983123799342477 11.721875000000002 -14.200484789336649 -22.646845496570549
decision_type=2 2 2 2 2 2 2 2 2 2 2 2 2 2 2 2 2 2 2 2 2 2 2 2 2 2 2 2 2 2
left_child=9 4 3 6 5 -2 -3 -5 -6 10 11 17 15 20 -15 21 -17 19 -19 -1 -14 -12 23 -11 -25 -26 -24 28 -28 -29
right_child=1 2 -4 7 8 -7 -8 -9 -10 22 12 -13 13 14 -16 16 -18 18 -20 -21 -22 -23 26 24 25 -27 27 29 -30 -31
leaf_value=6.2016520568128649e-07 -2.3465306040551778e-06 1.3161581973574171e-06 -1.835457241365172e-06 9.0657881219158301e-07 2.4195493990346498e-09 -8.1263823214309631e-08 2.9701706899651566e-06 -7.2121361556907815e-07 1.0324504442547605e-06 -4.8527156165714828e-07 -8.6297304278559752e-07 -2.2246506316773945e-06 1.1148567011321306e-06 1.7054379069039979e-06 -4.5807805445992233e-06 3.1365594413028496e-07 2.2413172220322767e-06 -2.2370367515733849e-06 -1.7994863674175578e-08 -1.0720307679059122e-07 -4.73487849435346e-07 5.9237131662812031e-07 4.9719982098868816e-07 1.7265798015841938e-06 -6.2233725905969095e-07 1.0019898389185508e-06 1.1960549444593613e-06 -4.6508404381029325e-07 1.825705756037942e-08 5.3964837387660091e-09
leaf_weight=139 22 39 24 25 427 45 26 35 33 38 35 27 61 22 26 26 44 64 250 1153 27 51 36 20 24 46 22 24 62 3991
leaf_count=139 22 39 24 25 427 45 26 35 33 38 35 27 61 22 26 26 44 64 250 1153 27 51 36 20 24 46 22 24 62 3991
internal_value=-5.73138e-17 9.13448e-08 5.49836e-07 1.00781e-06 -3.82856e-08 -8.25083e-07 1.97776e-06 -4.29668e-08 7.63131e-08 -9.97885e-09 -8.55665e-08 -1.50114e-07 2.75415e-07 -1.93813e-07 -1.6996e-06 6.84486e-07 1.52533e-06 -1.15237e-07 -4.70284e-07 -2.89491e-08 6.27524e-07 8.00076e-11 2.41535e-08 3.69115e-07 7.29856e-07 4.45078e-07 1.34751e-08 9.22676e-09 3.26728e-07 2.58415e-09
internal_weight=6864 676 149 125 527 67 65 60 460 6188 1925 1633 292 136 48 156 70 1606 314 1292 88 86 4263 128 90 70 4135 4099 84 4015
internal_count=6864 676 149 125 527 67 65 60 460 6188 1925 1633 292 136 48 156 70 1606 314 1292 88 86 4263 128 90 70 4135 4099 84 4015
is_linear=0
shrinkage=0.05


Tree=208
num_leaves=21
num_cat=0
split_feature=7 3 3 27 3 3 27 4 8 7 27 15 4 11 9 15 7 8 15 7
split_gain=2.31171e-09 1.31777e-08 3.19174e-08 7.77446e-08 4.43603e-08 1.94049e-08 1.85949e-08 2.96582e-08 1.88146e-08 1.11086e-08 9.72165e-09 9.70281e-09 6.51485e-09 3.39407e-09 9.28624e-09 3.16516e-09 1.93808e-09 1.87533e-09 1.25439e-09 4.37835e-10
threshold=113.87962408466828 25.550000000000004 24.250000000000004 1.5000000000000002 23.550000000000004 27.450000000000003 0.83333333333333337 1.0000000180025095e-35 303.0895009945126 113.28961803638258 1.0000000180025095e-35 -0.8739740505118182 1.5000000000000002 11.721875000000002 -14.200484789336649 -0.99983123799342477 112.79486125834522 297.0434358768623 0.080547328232315238 94.556559721797711
decision_type=2 2 2 2 2 2 2 2 2 2 2 2 2 2 2 2 2 2 2 2
left_child=9 2 4 -4 6 12 8 -8 -2 13 -6 -11 -3 14 -1 -15 17 -17 -16 -20
right_child=1 5 3 -5 10 -7 7 -9 -10 11 -12 -13 -14 15 18 16 -18 -19 19 -21
leaf_value=1.1576812646148703e-06 6.6389200445639185e-08 1.9132232425404667e-06 -3.0592242096557148e-06 5.7131845039748445e-07 2.3509896868745277e-06 -2.2822967436625801e-07 -1.3962931735831163e-06 -9.5565719604769027e-08 9.9996553183090117e-07 1.7710646833535294e-07 8.5838173286371476e-07 1.5411535292225215e-06 6.8200359405203758e-07 4.7233984024804461e-07 3.1734468386446224e-07 -1.9869931279362527e-09 -4.3737479859373711e-07 1.7670328321030053e-07 1.2795411870788107e-08 -2.960115015649866e-07
leaf_weight=24 207 22 29 30 20 39 45 1677 73 32 24 22 21 36 23 4317 25 152 24 22
leaf_count=24 207 22 29 30 20 39 45 1677 73 32 24 22 21 36 23 4317 25 152 24 22
internal_value=-9.38989e-16 -4.24334e-08 -6.66574e-08 -1.21319e-06 -3.35953e-08 5.79415e-07 -6.81103e-08 -1.29557e-07 3.09786e-07 1.98422e-08 1.53684e-06 7.32829e-07 1.31193e-06 1.1514e-08 3.10517e-07 5.37548e-09 1.63478e-09 4.09064e-09 1.58517e-08 -1.34895e-07
internal_weight=6864 2187 2105 59 2046 82 2002 1722 280 4677 44 54 43 4623 93 4530 4494 4469 69 46
internal_count=6864 2187 2105 59 2046 82 2002 1722 280 4677 44 54 43 4623 93 4530 4494 4469 69 46
is_linear=0
shrinkage=0.05


Tree=209
num_leaves=17
num_cat=0
split_feature=15 27 15 9 15 4 13 15 13 12 11 15 14 15 14 0
split_gain=2.48402e-09 3.03477e-08 4.46341e-09 1.47559e-08 6.38331e-09 9.01322e-09 1.32038e-08 7.64553e-09 1.99596e-08 6.22186e-09 3.72249e-09 2.97383e-09 9.60077e-08 2.00001e-08 1.75412e-09 2.58352e-10
threshold=-0.99983123799342477 16.833333333333339 -0.99864786094873803 -24.547706889829907 -0.99465740988130902 45.500000000000007 0.25881904510252057 -0.98801846520836312 0.78656609248549303 0.12940952255126045 20.309375000000006 -0.84313311835787952 0.51297097409535064 -0.77788789561442695 1.0000000180025095e-35 302.50000000000006
decision_type=2 2 2 2 2 2 2 2 2 2 2 2 2 2 2 2
left_child=1 -1 3 -2 5 6 15 8 10 -8 -6 12 -9 -13 -5 -4
right_child=2 -3 4 14 7 -7 9 11 -10 -11 -12 13 -14 -15 -16 -17
leaf_value=-1.4671956150162183e-06 1.5494431943352537e-06 1.0671289855747006e-06 -2.634811110624469e-07 2.6325868604486139e-07 5.108709137340901e-07 6.5334923064597212e-07 -1.8375183856278455e-06 1.9224049887695882e-08 1.5127261216700087e-06 -6.4343178867905717e-07 -1.1912810795545311e-07 4.0102670471167739e-07 -2.2650285256275993e-06 -1.1673812722242808e-08 -2.1716323119641266e-07 -5.5975091655113826e-08
leaf_weight=27 20 21 20 38 33 20 20 1104 30 24 81 312 48 4968 38 60
leaf_count=27 20 21 20 38 33 20 20 1104 30 24 81 312 48 4968 38 60
internal_value=5.36837e-16 -3.58429e-07 2.52415e-09 3.41047e-07 -2.31189e-09 -3.31624e-07 -4.90491e-07 4.89932e-09 3.65216e-07 -1.1862e-06 6.324e-08 -3.16747e-09 -7.59531e-08 1.2713e-08 2.30477e-08 -1.07852e-07
internal_weight=6864 48 6816 96 6720 144 124 6576 144 44 114 6432 1152 5280 76 80
internal_count=6864 48 6816 96 6720 144 124 6576 144 44 114 6432 1152 5280 76 80
is_linear=0
shrinkage=0.05


Tree=210
num_leaves=28
num_cat=0
split_feature=14 14 12 14 7 11 15 9 3 11 4 15 7 15 9 11 3 14 7 14 7 12 14 12 14 3 4
split_gain=2.47974e-09 1.39303e-08 3.20203e-08 1.31669e-08 2.82538e-08 1.31429e-08 3.74187e-08 5.78355e-08 5.30188e-08 1.91417e-08 4.9136e-08 5.27835e-08 3.35501e-08 1.84512e-08 4.26224e-08 1.31461e-08 7.7234e-09 4.93553e-09 1.86644e-08 1.77676e-08 1.05817e-07 2.84568e-08 9.59404e-09 3.0181e-08 2.37748e-08 1.73808e-09 2.83468e-10
threshold=0.93544191479114935 0.92922379131507438 -1.0000000180025095e-35 0.94425825643485939 109.62182897068858 12.325000000000001 1.0000000180025095e-35 -35.796588535445593 10.65 15.006250000000001 46.500000000000007 -0.11692317777808843 124.13007218665588 -0.23537842981696178 -31.55922528095795 24.153125000000003 10.550000000000002 0.91939013254733981 119.97148744142875 0.89787622492179153 135.88385556819316 0.60355339059327384 0.85226249403558707 0.12940952255126045 0.84313847884979054 16.450000000000003 87.500000000000014
decision_type=2 2 2 2 2 2 2 2 2 2 2 2 2 2 2 2 2 2 2 2 2 2 2 2 2 2 2
left_child=1 17 -3 4 26 6 -5 8 -8 10 12 -12 -7 14 -11 -15 -9 19 25 22 21 -21 24 -24 -1 -19 -2
right_child=3 2 -4 5 -6 9 7 16 -10 13 11 -13 -14 15 -16 -17 -18 18 -20 20 -22 -23 23 -25 -26 -27 -28
leaf_value=-1.0083040220578929e-09 -1.3501388414467674e-07 5.4314906880005189e-07 -2.0486718667073616e-06 1.209506396916454e-06 2.082059550957638e-06 4.3522408539331541e-07 -6.8481188286457881e-07 -1.1528922789771912e-07 -3.6062383680928176e-06 -2.3310096316385575e-06 2.1856724163171749e-06 -6.9732687322243694e-07 2.7883537554909271e-06 4.7060961339736214e-07 -5.3831858714328642e-08 -6.8475064384861374e-08 1.0712650751069456e-06 -5.0418389882622708e-07 1.5809595528599343e-06 5.8142178447159373e-07 -3.5897642116348531e-06 -1.062491673764772e-06 -1.9405120236587121e-07 8.7889587688050984e-07 -1.1188310714930576e-06 1.0169938495019732e-07 1.1197341398026486e-07
leaf_weight=5280 21 22 26 29 25 28 41 32 25 27 20 77 33 168 86 346 24 20 23 81 24 39 143 121 48 29 26
leaf_count=5280 21 22 26 29 25 28 41 32 25 27 20 77 33 168 86 346 24 20 23 81 24 39 143 121 48 29 26
internal_value=-3.73596e-16 -1.24685e-08 -8.60754e-07 7.2436e-08 7.23993e-07 2.23163e-08 -4.04877e-07 -7.88624e-07 -1.79141e-06 1.0449e-07 5.96337e-07 -1.02894e-07 1.70823e-06 -1.94526e-08 -5.97936e-07 1.07724e-07 3.93234e-07 -5.45787e-09 4.0594e-07 -1.06219e-08 -5.59002e-07 4.71499e-08 3.49952e-09 2.97716e-07 -1.10788e-08 -1.456e-07 1.61739e-09
internal_weight=6864 5856 48 1008 72 936 151 122 66 785 158 97 61 627 113 514 56 5808 72 5736 144 120 5592 264 5328 49 47
internal_count=6864 5856 48 1008 72 936 151 122 66 785 158 97 61 627 113 514 56 5808 72 5736 144 120 5592 264 5328 49 47
is_linear=0
shrinkage=0.05


Tree=211
num_leaves=23
num_cat=0
split_feature=27 8 8 15 7 13 7 27 7 14 27 7 14 9 14 8 14 14 7 5 27 15
split_gain=2.41437e-09 1.57951e-08 1.0972e-08 1.00457e-08 2.20715e-08 1.57103e-08 1.04132e-08 6.00128e-09 1.82411e-08 6.67497e-09 2.58275e-08 2.49148e-08 1.79105e-08 6.36271e-08 1.63375e-08 1.82814e-08 1.12279e-08 3.81221e-08 2.32708e-08 5.85569e-09 2.97755e-09 1.11305e-09
threshold=95.166666666666671 43.868451668974394 57.312351156047619 0.96901616890815878 140.29778336305196 0.25881904510252057 133.22732161747658 92.833333333333357 126.76179636843794 0.99700008544936913 67.833333333333357 102.79661336559091 0.9916835347852474 -35.796588535445593 0.99818282439137029 84.988342800080389 0.91248814248966237 0.90162119223771331 128.05283735922953 8.3500000000000032 24.833333333333339 0.21652257995689161
decision_type=2 2 2 2 2 2 2 2 2 2 2 2 2 2 2 2 2 2 2 2 2 2
left_child=7 -2 -3 4 6 -5 -4 9 21 12 14 -12 16 -14 -11 -16 17 -1 -18 -6 -15 -9
right_child=1 2 3 5 19 -7 -8 8 -10 10 11 -13 13 20 15 -17 18 -19 -20 -21 -22 -23
leaf_value=-1.1952253544188461e-08 1.1739594512505393e-06 -1.1169371697405951e-06 9.3025480064300079e-08 7.5096400042231363e-08 1.8644320437033459e-06 -1.6909625941252671e-06 -1.0431573806662137e-06 3.4667040693829695e-07 -1.4435751127009633e-06 9.6361588368891253e-07 4.9013283252125323e-08 2.3851485104842143e-06 -2.6127478391420788e-06 -4.4863656546804505e-07 -1.7031345652185338e-06 -2.845986097192595e-08 2.6126184274674439e-08 -1.3012016168545415e-06 6.9768419751645639e-07 6.6899567736115956e-07 1.9673402623813072e-07 -1.0764671829794587e-07
leaf_weight=5024 32 20 508 34 20 20 21 26 29 31 21 25 30 24 20 88 545 58 169 21 70 28
leaf_count=5024 32 20 508 34 20 20 21 26 29 31 21 25 30 24 20 88 545 58 169 21 70 28
internal_value=-5.39973e-16 8.97192e-08 3.58439e-08 7.2792e-08 1.34541e-07 -5.79e-07 4.79218e-08 -9.80126e-09 -4.32101e-07 -4.05992e-09 2.91691e-07 1.31865e-06 -1.33022e-08 -6.0789e-07 -4.81659e-08 -3.38585e-07 -5.81507e-10 -2.66662e-08 1.8508e-07 1.25214e-06 3.19586e-08 1.11099e-07
internal_weight=6864 676 644 624 570 54 529 6188 83 6105 185 46 5920 124 139 108 5796 5082 714 41 94 54
internal_count=6864 676 644 624 570 54 529 6188 83 6105 185 46 5920 124 139 108 5796 5082 714 41 94 54
is_linear=0
shrinkage=0.05


Tree=212
num_leaves=19
num_cat=0
split_feature=14 3 14 8 14 9 3 27 15 27 3 14 14 3 5 5 5 27
split_gain=2.32346e-09 1.40342e-08 5.50105e-09 1.71047e-08 8.88672e-09 3.5886e-08 1.90877e-08 2.92224e-08 7.32747e-09 8.76323e-09 1.13799e-08 6.85426e-09 5.09102e-08 1.51726e-08 5.7761e-09 3.95363e-09 3.46824e-09 2.10172e-09
threshold=0.99966190462023474 12.950000000000001 0.99700008544936913 296.48308970019144 0.9916835347852474 -35.796588535445593 10.550000000000002 35.166666666666679 -0.048362832084465616 54.500000000000007 13.550000000000002 0.96465729447553372 0.96234642434711437 24.250000000000004 7.8500000000000005 4.4500000000000011 7.9500000000000011 56.166666666666679
decision_type=2 2 2 2 2 2 2 2 2 2 2 2 2 2 2 2 2 2
left_child=2 -2 4 8 6 -6 7 -1 -4 10 -10 12 -8 -13 -11 -7 -17 -3
right_child=1 17 3 -5 5 15 11 -9 9 14 -12 13 -14 -15 -16 16 -18 -19
leaf_value=2.4571255880800893e-06 -1.1085056176322421e-06 -2.9803572232367517e-08 9.3869353605668955e-07 1.5272562355524617e-06 -1.8118769128919025e-06 4.9485467849977161e-07 -6.5099335346255327e-09 6.1271746371208536e-08 -1.4733875302397336e-06 1.0553178925931661e-06 1.0177893615623123e-10 4.2993144534379224e-07 -2.3139243620740049e-06 -2.5493850156710353e-07 -1.1872944141392486e-07 -4.8279943879145862e-07 1.9296962090464832e-07 6.7839561879168286e-07
leaf_weight=20 30 22 20 24 34 34 6057 35 20 20 38 248 24 120 22 39 37 20
leaf_count=20 30 22 20 24 34 34 6057 35 20 20 38 248 24 120 22 39 37 20
internal_value=5.37843e-16 -2.82541e-07 2.99513e-09 3.08739e-07 -3.62748e-09 -3.92139e-07 4.97425e-09 9.32491e-07 6.50358e-08 -1.09696e-07 -5.07998e-07 -2.93603e-09 -1.56167e-08 2.06604e-07 4.40341e-07 4.66887e-08 -1.53807e-07 3.07434e-07
internal_weight=6864 72 6792 144 6648 144 6504 55 120 100 58 6449 6081 368 42 110 76 42
internal_count=6864 72 6792 144 6648 144 6504 55 120 100 58 6449 6081 368 42 110 76 42
is_linear=0
shrinkage=0.05


Tree=213
num_leaves=31
num_cat=0
split_feature=5 9 12 5 9 4 4 3 3 3 8 27 3 5 11 15 11 8 8 11 27 5 9 11 9 8 8 8 11 11
split_gain=2.27007e-09 6.37746e-09 1.67726e-08 3.89203e-09 2.42499e-08 3.39254e-08 5.03715e-08 4.64207e-08 3.53958e-08 2.74698e-08 1.55223e-08 2.86232e-08 1.88074e-08 9.33947e-09 4.88312e-08 2.71059e-08 2.11807e-08 1.6213e-08 8.5178e-09 7.46008e-09 3.53583e-08 1.86683e-08 1.85263e-08 1.67605e-08 2.01017e-08 1.73059e-08 4.97244e-09 2.5707e-09 2.50514e-09 1.1232e-09
threshold=19.150000000000002 -40.273401791306568 0.12940952255126045 12.65 -31.55922528095795 90.500000000000014 5.5000000000000009 21.250000000000004 19.050000000000004 14.65 290.58315264809681 42.166666666666679 19.650000000000002 11.850000000000003 15.915625000000002 -0.39827153806311183 17.103125000000002 305.40460532271948 285.57773149842563 15.915625000000002 99.500000000000014 5.5500000000000007 -20.079607024585336 16.715625000000003 -50.724818762111546 32.156992758362215 46.670322230074909 91.568840298407153 22.106250000000006 13.156250000000002
decision_type=2 2 2 2 2 2 2 2 2 2 2 2 2 2 2 2 2 2 2 2 2 2 2 2 2 2 2 2 2 2
left_child=3 2 -2 13 5 6 8 -8 -5 -7 18 12 -12 19 15 -15 -16 -18 26 20 21 -1 -22 24 -21 -25 -6 28 -3 -29
right_child=1 27 -4 4 10 9 7 -9 -10 -11 11 -13 -14 14 16 -17 17 -19 -20 23 22 -23 -24 25 -26 -27 -28 29 -30 -31
leaf_value=-3.1182735726220149e-07 1.4913824019556292e-06 7.9732265376719626e-07 -1.4027787342582898e-07 1.7258007284743312e-06 -7.8084700220415467e-07 1.6192048245583838e-06 -1.223734128517309e-06 6.6565182723515571e-07 -3.4552646545969101e-07 -3.2520467746403133e-07 -1.0127935765922302e-06 1.9819733194838461e-06 6.3655723952901355e-07 2.563772390118402e-06 -1.4098131469353349e-06 3.902975436176348e-07 5.9858656649661267e-09 1.1301591833835624e-06 -8.9596763262910099e-07 1.6703968056693461e-06 -2.3487288628460262e-06 1.0978356816144083e-07 -3.5201037701223675e-07 6.0857052769155445e-07 2.67785201996236e-07 -2.0093495786691312e-08 1.3743832428315476e-08 -3.8814235722828274e-07 2.4136452997874421e-08 5.9633894124728441e-10
leaf_weight=433 28 20 36 33 20 34 225 38 55 39 25 28 56 32 24 26 294 36 27 30 26 667 21 114 172 2755 1266 20 22 262
leaf_count=433 28 20 36 33 20 34 225 38 55 39 25 28 56 32 24 26 294 36 27 30 26 667 21 114 172 2755 1266 20 22 262
internal_value=-8.66747e-16 1.17473e-07 5.73573e-07 -7.03823e-09 -6.84256e-08 -4.00302e-07 -6.04268e-07 -9.50743e-07 4.31221e-07 5.80411e-07 3.05304e-08 6.03877e-07 1.27498e-07 1.74372e-08 2.44657e-07 1.58946e-06 2.43222e-08 1.28623e-07 -1.70665e-08 -4.75684e-09 -1.13561e-07 -5.61778e-08 -1.45658e-06 3.5881e-08 4.76094e-07 4.88653e-09 1.38628e-09 2.73792e-08 3.9232e-07 -2.69738e-08
internal_weight=6864 388 64 6476 1846 424 351 263 88 73 1422 109 81 4630 412 58 354 330 1313 4218 1147 1100 47 3071 202 2869 1286 324 42 282
internal_count=6864 388 64 6476 1846 424 351 263 88 73 1422 109 81 4630 412 58 354 330 1313 4218 1147 1100 47 3071 202 2869 1286 324 42 282
is_linear=0
shrinkage=0.05


Tree=214
num_leaves=16
num_cat=0
split_feature=15 27 15 13 15 8 15 13 11 20 6 8 14 8 19
split_gain=2.25954e-09 2.68928e-08 4.00294e-09 9.72674e-09 5.83762e-09 9.71999e-09 6.97887e-09 1.82078e-08 6.53251e-09 4.89358e-09 3.38185e-09 3.23822e-09 3.46633e-08 6.00075e-09 3.06994e-11
threshold=-0.99983123799342477 17.166666666666668 -0.99864786094873803 0.37940952255126048 -0.99465740988130902 290.22894652756327 -0.98801846520836312 0.78656609248549303 18.309375000000006 0.00026375500000000001 3.6980000000000008e-05 358.4764110538411 0.40614137006726808 357.25307277430142 0.00045395500000000008
decision_type=2 2 2 2 2 2 2 2 2 2 2 2 2 2 2
left_child=1 -1 3 14 5 8 7 10 -4 -10 -6 13 -13 -8 -2
right_child=2 -3 4 -5 6 -7 11 -9 9 -11 -12 12 -14 -15 -16
leaf_value=-1.3420883654191586e-06 -9.8129262979415107e-08 1.0584845114181007e-06 6.9928795715606451e-07 9.7273707082321271e-07 4.6141116563092058e-07 -9.9113181295688964e-07 -3.772963642630667e-09 1.4449704077179604e-06 -9.5117614733908335e-07 -5.346439051901967e-08 -1.2445845349873254e-07 7.9252978408745814e-07 -1.8811526739558428e-06 6.0307524872713691e-07 -2.5954607581095519e-08
leaf_weight=28 34 20 22 36 36 39 6342 30 20 63 78 27 22 41 26
leaf_count=28 34 20 22 36 36 39 6342 30 20 63 78 27 22 41 26
internal_value=8.03351e-17 -3.4185e-07 2.40739e-09 3.22993e-07 -2.1724e-09 -3.17094e-07 4.7237e-09 3.48973e-07 -6.67376e-08 -2.6978e-07 6.0553e-08 -2.98338e-09 -4.07899e-07 1.25012e-10 -6.68536e-08
internal_weight=6864 48 6816 96 6720 144 6576 144 105 83 114 6432 49 6383 60
internal_count=6864 48 6816 96 6720 144 6576 144 105 83 114 6432 49 6383 60
is_linear=0
shrinkage=0.05


Tree=215
num_leaves=22
num_cat=0
split_feature=27 8 5 27 15 9 15 15 9 8 5 11 18 5 8 27 4 15 15 11 5
split_gain=2.24463e-09 8.47372e-09 3.16701e-08 6.96968e-09 5.74936e-09 1.21347e-08 8.49976e-09 6.47344e-09 1.33163e-08 9.0311e-09 5.28848e-09 2.10492e-08 4.05347e-08 6.19478e-09 1.61971e-08 4.54991e-08 1.0832e-08 9.38679e-09 4.74653e-08 3.12867e-08 6.3001e-11
threshold=85.833333333333357 43.868451668974394 7.6500000000000012 84.833333333333357 0.96901616890815878 -24.869770033133008 0.95995164131966326 0.46038001402560286 -25.165918451822872 86.561159671418253 1.4500000000000002 16.906250000000004 6.2400000000000012e-06 8.1500000000000004 67.592802973739666 9.5000000000000018 66.500000000000014 -0.70900320270980455 -0.65883892954715351 15.006250000000001 8.4500000000000011
decision_type=2 2 2 2 2 2 2 2 2 2 2 2 2 2 2 2 2 2 2 2 2
left_child=3 2 -2 10 6 -6 7 8 -3 -9 11 -1 -13 14 15 -12 -16 19 -19 -15 -7
right_child=1 4 -4 -5 5 20 -8 9 -10 -11 13 12 -14 17 16 -17 -18 18 -20 -21 -22
leaf_value=-6.0438312559085723e-07 2.1903611187077507e-06 5.305715390877228e-07 -3.2445474234478875e-07 -8.6199731867964153e-07 -1.4435653061539713e-06 -1.1413714346986127e-08 8.4341728903409072e-07 -1.1602214177195627e-06 -1.1747349344614717e-08 -9.0422792583841336e-08 3.0093382736851031e-07 2.7760660054809705e-06 -1.4988944367987329e-07 1.228990384282541e-06 2.8770886448530492e-08 -8.1647853890891729e-07 -3.8760336526826633e-07 -9.8251018467863116e-07 1.7433235604957787e-08 7.7928112358281812e-08 1.1120079761248939e-07
leaf_weight=32 21 149 31 24 20 20 34 22 471 191 150 20 29 62 1454 232 175 125 2346 1234 22
leaf_count=32 21 149 31 24 20 20 34 22 471 191 150 20 29 62 1454 232 175 125 2346 1234 22
internal_value=5.86466e-17 7.00194e-08 6.91144e-07 -1.16759e-08 3.52525e-08 -4.2989e-07 6.85152e-08 3.68866e-08 1.18584e-07 -2.00918e-07 -8.19271e-09 3.93016e-07 1.04438e-06 -1.38171e-08 -8.46746e-08 -3.77704e-07 -1.59593e-08 2.40099e-08 -3.31507e-08 1.32994e-07 5.28129e-08
internal_weight=6864 981 52 5883 929 62 867 833 620 213 5859 81 49 5778 2011 382 1629 3767 2471 1296 42
internal_count=6864 981 52 5883 929 62 867 833 620 213 5859 81 49 5778 2011 382 1629 3767 2471 1296 42
is_linear=0
shrinkage=0.05


Tree=216
num_leaves=22
num_cat=0
split_feature=7 11 3 15 14 15 9 15 27 9 14 27 9 27 27 15 11 7 9 7 9
split_gain=2.23469e-09 2.7032e-09 1.49379e-08 3.19338e-08 1.63589e-07 5.32863e-08 6.6719e-08 6.08492e-08 3.71927e-08 2.55154e-08 2.45043e-08 1.74054e-08 1.3304e-08 3.6622e-08 3.94582e-08 4.62374e-08 1.49247e-08 6.09466e-08 4.21527e-08 2.16869e-08 5.16399e-09
threshold=168.08204199214074 16.715625000000003 16.050000000000004 -0.83849291496497236 0.49812943072827093 -0.46039597980994923 -43.03020306360753 -0.39036009226888674 12.833333333333334 -58.431041332084654 0.73865729060996166 55.500000000000007 -57.55109063593499 8.5000000000000018 84.166666666666671 0.080547328232315238 17.103125000000002 131.26199886061127 -54.838755348494566 125.9948803317818 -53.186277731995673
decision_type=2 2 2 2 2 2 2 2 2 2 2 2 2 2 2 2 2 2 2 2 2
left_child=1 2 3 4 8 6 -5 -7 -1 -4 11 -11 13 -3 15 -15 17 19 -18 -14 -20
right_child=-2 12 9 5 -6 7 -8 -9 -10 10 -12 -13 16 14 -16 -17 18 -19 20 -21 -22
leaf_value=1.5551423192875753e-06 -4.5398431009541838e-07 6.9455696383987461e-07 1.947308413946303e-06 3.3135801108192426e-06 -4.2989038625762537e-06 -1.7493705938169809e-06 4.8334455094980263e-07 1.3968396669381844e-08 -4.2476245022327825e-07 1.0202522166218181e-07 -1.0896875310620624e-06 1.1909966349720522e-06 -3.1815641665338444e-07 -1.7645991050585509e-07 4.8444636950475608e-07 -3.3014655861248247e-06 2.0585367009289258e-06 -2.6958298987595369e-06 -8.0176564097200755e-07 1.4692863010168367e-06 3.387195025230195e-09
leaf_weight=31 27 38 25 23 26 51 220 1202 101 103 29 57 112 20 23 29 25 26 20 20 4656
leaf_count=31 27 38 25 23 26 51 220 1202 101 103 29 57 112 20 23 29 25 26 20 20 4656
internal_value=1.09462e-15 1.79283e-09 5.30698e-08 2.2111e-09 -6.73817e-07 7.36098e-08 7.51227e-07 -5.78036e-08 4.02152e-08 4.46155e-07 2.4759e-07 4.89971e-07 -1.74838e-08 -5.61239e-07 -1.22402e-06 -2.02595e-06 -5.174e-09 -4.83161e-07 1.08911e-08 -4.73318e-08 -5.65725e-11
internal_weight=6864 6837 1868 1654 158 1496 243 1253 132 214 189 160 4969 110 72 49 4859 158 4701 132 4676
internal_count=6864 6837 1868 1654 158 1496 243 1253 132 214 189 160 4969 110 72 49 4859 158 4701 132 4676
is_linear=0
shrinkage=0.05


Tree=217
num_leaves=24
num_cat=0
split_feature=7 3 14 3 27 3 27 8 27 14 7 15 15 12 7 15 15 3 15 14 15 8 15
split_gain=2.29985e-09 1.18697e-08 3.33767e-08 2.911e-08 7.64758e-08 2.93111e-08 1.72522e-08 2.34577e-08 2.03809e-08 1.15631e-08 9.82399e-09 9.11826e-09 8.88801e-09 3.16827e-09 3.90581e-09 3.13041e-09 2.96593e-09 2.95954e-09 2.67818e-09 2.54739e-09 2.44688e-09 1.02813e-08 4.48164e-09
threshold=113.87962408466828 25.550000000000004 -0.6850858595978212 24.350000000000005 1.5000000000000002 22.650000000000002 0.83333333333333337 305.40460532271948 25.166666666666668 -0.69751432184420981 113.28961803638258 -0.91595872546125101 -0.8739740505118182 0.98296291314453421 105.40333196784904 -0.89404254237865755 -0.9575230291762723 23.550000000000004 -0.99983123799342477 0.97112537654464559 -0.8739740505118182 296.48308970019144 -0.89404254237865755
decision_type=2 2 2 2 2 2 2 2 2 2 2 2 2 2 2 2 2 2 2 2 2 2 2
left_child=10 3 -3 5 -5 6 7 -2 -8 -7 13 -4 -12 18 15 16 -15 -11 -1 -17 22 -22 -20
right_child=1 2 11 4 -6 9 8 -9 -10 17 12 -13 -14 14 -16 19 -18 -19 20 -21 21 -23 -24
leaf_value=4.4405390975257702e-07 4.93024734031919e-08 -1.1713985800486712e-06 4.061580166307977e-07 -3.4633889377098307e-06 4.7598084701608712e-07 1.6252196094986479e-06 -3.8566156949206749e-07 1.1966122985397402e-06 -1.6082972628240026e-08 1.1692957788428056e-07 1.5840833635927254e-07 1.6491538701757237e-06 1.463926364987277e-06 1.463708334876615e-07 6.514811846763654e-07 -9.7577669272016352e-08 9.137202782483201e-07 7.7664684484341929e-07 -3.934540403279774e-08 4.4322488430730112e-07 7.2204235245504224e-09 6.9038822572459989e-07 -4.3027599941680713e-07
leaf_weight=34 204 21 25 22 28 30 554 57 1142 34 32 36 22 34 38 134 20 34 877 26 3324 56 80
leaf_count=34 204 21 25 22 28 30 554 57 1142 34 32 36 22 34 38 134 20 34 877 26 3324 56 80
internal_value=2.56154e-16 -4.23244e-08 5.47855e-07 -6.53148e-08 -1.25734e-06 -3.63117e-08 -7.85686e-08 2.99864e-07 -1.36806e-07 8.07533e-07 1.97912e-08 1.13973e-06 6.90286e-07 1.19593e-08 1.84348e-07 1.01399e-07 4.30574e-07 4.46788e-07 2.02065e-09 -9.69725e-09 -1.44468e-09 1.85392e-08 -7.20251e-08
internal_weight=6864 2187 82 2105 50 2055 1957 261 1696 98 4677 61 54 4623 252 214 54 68 4371 160 4337 3380 957
internal_count=6864 2187 82 2105 50 2055 1957 261 1696 98 4677 61 54 4623 252 214 54 68 4371 160 4337 3380 957
is_linear=0
shrinkage=0.05


Tree=218
num_leaves=24
num_cat=0
split_feature=14 14 11 14 13 14 3 14 13 14 14 4 3 14 12 13 13 14 12 14 12 4 4
split_gain=2.17241e-09 1.23193e-08 2.24275e-08 1.22752e-08 2.89526e-08 1.42276e-08 1.19544e-08 1.04148e-08 1.98551e-08 1.34338e-08 4.79893e-08 2.32093e-08 1.31969e-08 9.79761e-09 7.38124e-08 9.71493e-08 3.3207e-08 8.50068e-09 2.75363e-08 2.18489e-08 1.17624e-09 1.04629e-09 8.14934e-10
threshold=0.93544191479114935 0.94978112945126536 14.903125000000001 0.92602006027323147 0.25881904510252057 0.92273069556937592 13.550000000000002 0.95752911693909493 0.37940952255126048 0.96234642434711437 0.96465729447553372 6.5000000000000009 12.850000000000003 0.89787622492179153 -1.0000000180025095e-35 0.37940952255126048 0.60355339059327384 0.85226249403558707 0.12940952255126045 0.84313847884979054 1.0000000180025095e-35 21.500000000000004 92.500000000000014
decision_type=2 2 2 2 2 2 2 2 2 2 2 2 2 2 2 2 2 2 2 2 2 2 2
left_child=3 2 6 5 20 13 -2 8 21 11 -11 -9 -12 17 16 -16 -15 19 -19 -1 -5 -3 -4
right_child=1 7 22 4 -6 -7 -8 9 -10 10 12 -13 -14 14 15 -17 -18 18 -20 -21 -22 -23 -24
leaf_value=-1.4211268772353366e-09 7.1358748000095931e-07 -1.8750329143726742e-07 -1.7842511827414432e-07 -7.771249044486425e-08 -1.8468470428463966e-06 1.2112701841537898e-06 2.3141070809629128e-06 -6.3316983656136472e-08 -1.6448386037171549e-06 -2.1969195311536775e-06 -3.0362515882368082e-07 2.166798800118386e-06 1.9189539449009772e-07 1.1861428733502981e-07 -5.7398406078894885e-08 -3.4154120789407575e-06 2.4500658636974376e-06 -1.9013444015130929e-07 8.3472383038320498e-07 -1.0730117595632768e-06 4.5149079439744088e-07 2.9576357395792268e-07 1.5813500721963337e-07
leaf_weight=5280 28 21 37 21 30 24 20 28 27 24 176 20 568 56 56 35 21 143 121 48 21 24 35
leaf_count=5280 28 21 37 21 30 24 20 28 27 24 176 20 568 56 56 35 21 143 121 48 21 24 35
internal_value=7.66675e-17 6.77989e-08 5.43297e-07 -1.16703e-08 -6.60501e-07 -3.59357e-09 1.38047e-06 3.54246e-09 -5.72915e-07 5.44064e-08 3.68813e-09 8.65898e-07 7.46755e-08 -8.6555e-09 -3.84881e-07 -1.34894e-06 7.54465e-07 2.6474e-09 2.79592e-07 -1.10751e-08 1.86889e-07 7.0239e-08 -1.48195e-08
internal_weight=6864 1008 120 5856 72 5784 48 888 72 816 768 48 744 5760 168 91 77 5592 264 5328 42 45 72
internal_count=6864 1008 120 5856 72 5784 48 888 72 816 768 48 744 5760 168 91 77 5592 264 5328 42 45 72
is_linear=0
shrinkage=0.05


Tree=219
num_leaves=18
num_cat=0
split_feature=15 3 15 7 15 4 13 15 13 12 6 15 14 15 4 1 0
split_gain=2.25428e-09 2.43758e-08 3.55067e-09 1.2349e-08 5.21217e-09 7.87738e-09 1.15788e-08 6.26461e-09 1.64921e-08 5.19159e-09 3.03051e-09 2.67147e-09 3.23121e-08 2.0152e-08 1.63019e-09 2.12941e-09 1.81686e-10
threshold=-0.99983123799342477 19.750000000000004 -0.99864786094873803 119.97148744142875 -0.99465740988130902 45.500000000000007 0.25881904510252057 -0.98801846520836312 0.78656609248549303 0.12940952255126045 3.6980000000000008e-05 -0.93543596745397617 0.31799963745711152 -0.91249077947840473 12.500000000000002 444.30000000000001 302.50000000000006
decision_type=2 2 2 2 2 2 2 2 2 2 2 2 2 2 2 2 2
left_child=1 -1 3 14 5 6 16 8 10 -8 -6 12 -9 -13 15 -2 -4
right_child=2 -3 4 -5 7 -7 9 11 -10 -11 -12 13 -14 -15 -16 -17 -18
leaf_value=-1.6746444748605429e-06 5.6547425742792266e-07 6.1082884040989232e-07 -2.2019087083435807e-07 1.4097949497227093e-06 4.3573460194086997e-07 6.213394124188199e-07 -1.6944512810823655e-06 7.4734790326807916e-09 1.3738488871695153e-06 -6.0369952771995494e-07 -1.1886801147489644e-07 5.4711322359552687e-07 -1.347485846044568e-06 -8.5290256248699491e-09 -3.7406429562736323e-07 -7.7993988800706412e-08 -4.6176495042497362e-08
leaf_weight=20 20 28 20 20 36 20 20 528 30 24 78 168 48 5688 20 36 60
leaf_count=20 20 28 20 20 36 20 20 528 30 24 78 168 48 5688 20 36 60
internal_value=1.02403e-15 -3.41452e-07 2.40459e-09 3.04337e-07 -1.90872e-09 -2.99482e-07 -4.48002e-07 4.60748e-09 3.30765e-07 -1.0995e-06 5.62697e-08 -2.69456e-09 -1.0544e-07 7.41153e-09 1.34265e-08 1.51816e-07 -8.96801e-08
internal_weight=6864 48 6816 96 6720 144 124 6576 144 44 114 6432 576 5856 76 56 80
internal_count=6864 48 6816 96 6720 144 124 6576 144 44 114 6432 576 5856 76 56 80
is_linear=0
shrinkage=0.05


Tree=220
num_leaves=22
num_cat=0
split_feature=7 11 3 9 14 27 27 27 8 9 27 27 8 11 7 9 7 8 14 7 14
split_gain=2.19086e-09 2.62999e-09 1.32358e-08 2.30006e-08 2.20161e-08 1.54497e-08 1.45004e-08 1.39065e-08 2.1702e-08 1.20273e-08 3.25459e-08 3.5503e-08 4.80013e-08 1.34564e-08 5.42493e-08 3.81954e-08 1.94369e-08 1.85051e-08 1.18371e-08 9.62577e-09 1.44114e-08
threshold=168.08204199214074 16.715625000000003 16.050000000000004 -58.431041332084654 0.73865729060996166 55.500000000000007 99.500000000000014 71.500000000000014 54.274474447196248 -57.55109063593499 8.5000000000000018 84.166666666666671 39.371505767129129 17.103125000000002 131.26199886061127 -54.838755348494566 125.9948803317818 358.4764110538411 0.99966190462023474 103.50451765700019 0.54940630780725741
decision_type=2 2 2 2 2 2 2 2 2 2 2 2 2 2 2 2 2 2 2 2 2
left_child=1 2 6 -4 5 -5 7 18 -9 10 -3 12 -12 14 16 -15 -11 -17 -1 -8 -21
right_child=-2 9 3 4 -6 -7 19 8 -10 13 11 -13 -14 15 -16 17 -18 -19 -20 20 -22
leaf_value=-2.3521051998388665e-08 -4.4951061134405012e-07 6.4960400795586654e-07 1.8476244891303394e-06 9.8085477431653182e-08 -1.0337261116433182e-06 1.1240533447376995e-06 1.1289381108762578e-07 1.2212537027070623e-06 1.4753026546940108e-07 -3.0460568978897742e-07 -3.8641146943518834e-07 4.6152570417768359e-07 -3.5169475443315912e-06 1.9588813502195991e-06 -2.5469603079167989e-06 5.8179793583829846e-09 1.3875732088308725e-06 -1.5183444918420719e-06 -1.2212773978062398e-06 -1.930795599699072e-06 -3.4001916093627318e-07
leaf_weight=1163 27 38 25 103 29 57 30 55 326 112 25 23 24 25 26 4656 20 20 21 24 35
leaf_count=1163 27 38 25 103 29 57 30 55 326 112 25 23 24 25 26 4656 20 20 21 24 35
internal_value=6.41758e-16 1.77516e-09 5.2353e-08 4.22366e-07 2.3384e-07 4.63587e-07 4.47948e-09 3.9784e-08 3.0253e-07 -1.72386e-08 -5.34245e-07 -1.15905e-06 -1.91974e-06 -5.53441e-09 -4.59401e-07 9.71999e-09 -4.82149e-08 -7.01107e-10 -4.4765e-08 -6.16325e-07 -9.87115e-07
internal_weight=6864 6837 1868 214 189 160 1654 1565 381 4969 110 72 49 4859 158 4701 132 4676 1184 89 59
internal_count=6864 6837 1868 214 189 160 1654 1565 381 4969 110 72 49 4859 158 4701 132 4676 1184 89 59
is_linear=0
shrinkage=0.05


Tree=221
num_leaves=24
num_cat=0
split_feature=14 14 9 8 11 8 8 7 14 7 11 7 8 14 7 8 14 14 8 14 4 7 17
split_gain=2.07508e-09 1.11055e-08 4.75936e-08 1.66111e-08 2.2697e-08 1.79635e-08 1.29093e-08 1.29113e-08 1.09866e-08 2.83154e-08 4.77899e-09 2.67083e-08 2.21394e-08 1.49535e-08 1.42089e-07 1.95941e-08 1.08142e-08 9.28262e-09 6.09057e-08 5.41785e-08 2.29836e-09 2.43505e-09 7.35578e-11
threshold=0.93544191479114935 0.94978112945126536 -40.710067886046815 48.156894288254172 13.490625000000001 60.018757306842453 354.97372237062882 139.65694609264884 0.92922379131507438 102.25218636244104 12.415625000000002 157.59070018419763 51.825694037050148 0.90162119223771331 129.28243931962555 278.19924303341639 0.9053161325100999 0.81925054981890411 67.592802973739666 0.78857998149907527 47.500000000000007 96.527316096075239 0.73427516807882109
decision_type=2 2 2 2 2 2 2 2 2 2 2 2 2 2 2 2 2 2 2 2 2 2 2
left_child=8 2 -2 4 -3 -5 7 -7 10 -10 11 12 -1 17 15 -15 -14 19 -19 -12 -4 22 -22
right_child=1 3 20 5 -6 6 -8 -9 9 -11 13 -13 16 14 -16 -17 -18 18 -20 -21 21 -23 -24
leaf_value=1.6479079351546687e-06 2.4588170153947433e-06 -1.6305527643518353e-06 -4.1608508529004481e-07 1.2888014529427642e-06 2.2729993889374932e-07 1.2822862787609123e-08 -1.0136248457409488e-06 9.3561302904277e-07 2.6160287477848343e-07 -2.2016423937998297e-06 9.2189834758624837e-09 -1.5490239957216545e-06 2.7791453436604489e-09 -1.7958657234298581e-07 -4.4293716541687901e-06 1.4628561168385866e-06 9.3578227814592354e-07 2.4847105635217304e-06 5.2257034516802416e-08 -9.8143354035359406e-07 -1.200710365623081e-07 5.8690122376571136e-07 4.5720841120751642e-09
leaf_weight=29 25 35 24 29 31 724 29 40 28 20 4917 20 170 104 20 22 38 28 318 142 20 22 29
leaf_count=29 25 35 24 29 31 724 29 40 28 20 4917 20 170 104 20 22 38 28 318 142 20 22 29
internal_value=8.60609e-17 6.62626e-08 5.17728e-07 5.25377e-09 -7.57925e-07 6.65309e-08 2.18325e-08 6.11365e-08 -1.14059e-08 -7.64749e-07 -5.17988e-09 2.05607e-07 3.53677e-07 -1.49389e-08 -5.14258e-07 1.07189e-07 1.73232e-07 -1.45128e-09 2.49103e-07 -1.85874e-08 6.91531e-09 1.49901e-07 -4.63027e-08
internal_weight=6864 1008 120 888 66 822 793 764 5856 48 5808 257 237 5551 146 126 208 5405 346 5059 95 71 49
internal_count=6864 1008 120 888 66 822 793 764 5856 48 5808 257 237 5551 146 126 208 5405 346 5059 95 71 49
is_linear=0
shrinkage=0.05


Tree=222
num_leaves=18
num_cat=0
split_feature=15 27 15 7 15 4 11 11 15 13 11 15 15 15 15 4 24
split_gain=2.04393e-09 2.47805e-08 3.14196e-09 1.10037e-08 4.76115e-09 6.96433e-09 1.10679e-08 9.16695e-09 5.56253e-09 1.4743e-08 2.84578e-09 2.76681e-09 7.21819e-08 3.07154e-08 2.10155e-09 1.48816e-09 1.79897e-09
threshold=-0.99983123799342477 17.166666666666668 -0.99864786094873803 119.97148744142875 -0.99465740988130902 45.500000000000007 20.193750000000005 18.406250000000004 -0.98801846520836312 0.78656609248549303 20.309375000000006 -0.8739740505118182 -0.86974577485258975 -0.89404254237865755 -0.99628250747696534 9.5000000000000018 0.00025240075118327201
decision_type=2 2 2 2 2 2 2 2 2 2 2 2 2 2 2 2 2
left_child=1 -1 3 15 5 6 7 -4 9 10 -6 13 -13 -10 -8 16 -2
right_child=2 -3 4 -5 8 -7 14 -9 11 -11 -12 12 -14 -15 -16 -17 -18
leaf_value=-1.2852846262591454e-06 5.3164205919387083e-07 1.0190841976509546e-06 -3.1113106985003469e-07 1.3298224871505227e-06 4.4365202034391661e-07 5.7963847041264674e-07 -2.7498879664425175e-07 -1.7901735258295627e-06 2.4524698809926637e-08 1.2980185886135587e-06 -1.0718584320853115e-07 2.7475388823935042e-06 -5.9006751547807121e-10 -8.2916126773765107e-07 2.5444316834025435e-07 -3.2415658816499553e-07 -6.9320932934620793e-08
leaf_weight=28 20 20 20 20 33 20 53 22 864 30 81 24 5424 120 29 23 33
leaf_count=28 20 20 20 20 33 20 53 22 864 30 81 24 5424 120 29 23 33
internal_value=6.96293e-16 -3.25131e-07 2.28966e-09 2.86314e-07 -1.76783e-09 -2.86175e-07 -4.25823e-07 -1.08587e-06 4.46007e-09 3.11799e-07 5.22672e-08 -2.42065e-09 1.15162e-08 -7.95833e-08 -8.77507e-08 1.17059e-08 1.57458e-07
internal_weight=6864 48 6816 96 6720 144 124 42 6576 144 114 6432 5448 984 82 76 53
internal_count=6864 48 6816 96 6720 144 124 42 6576 144 114 6432 5448 984 82 76 53
is_linear=0
shrinkage=0.05


Tree=223
num_leaves=31
num_cat=0
split_feature=27 14 14 11 3 3 11 7 7 7 4 13 14 15 14 14 3 8 9 8 27 4 27 8 7 27 7 27 9 8
split_gain=2.0606e-09 2.69135e-08 2.60173e-08 4.52005e-08 1.71834e-08 1.44074e-08 2.86114e-08 2.56626e-08 1.94886e-08 1.5139e-08 7.66266e-09 1.94649e-08 4.17236e-08 9.42642e-08 5.9984e-08 5.44908e-08 2.8921e-08 8.96129e-09 8.82936e-09 2.57642e-08 3.38389e-08 2.99311e-08 2.52575e-08 2.11787e-08 4.0404e-08 2.75128e-08 1.79796e-08 1.35239e-08 1.18307e-08 7.50462e-09
threshold=1.1666666666666667 0.98522604642031408 0.97112537654464559 24.153125000000003 25.950000000000003 13.750000000000002 15.115625000000001 119.11912633898145 153.97310347240486 133.72444618317914 10.500000000000002 0.60355339059327384 0.65883702558178847 -0.16799793862756093 0.46800856592688472 0.25206111083856975 12.250000000000002 56.13353606821827 -57.55109063593499 304.75715934148053 28.500000000000004 21.500000000000004 60.500000000000007 326.85811795944278 142.61949143237388 34.833333333333336 144.24771796153573 67.500000000000014 -52.374898728316751 53.852220059162256
decision_type=2 2 2 2 2 2 2 2 2 2 2 2 2 2 2 2 2 2 2 2 2 2 2 2 2 2 2 2 2 2
left_child=1 2 5 -4 -5 9 7 -7 -8 -1 11 17 14 -14 15 -13 -15 -2 19 21 -21 -12 -23 26 25 -25 28 -22 -20 -28
right_child=10 -3 3 4 -6 6 8 -9 -10 -11 18 12 13 16 -16 -17 -18 -19 23 20 27 22 -24 24 -26 -27 29 -29 -30 -31
leaf_value=1.3336249486032061e-07 7.7499865146614242e-07 -1.4841967611240697e-06 2.5743932444096835e-06 -1.0581201215131841e-06 7.5251727489812404e-07 3.9278931348955366e-07 1.3090905234070819e-08 -1.7395979777877847e-06 1.3028831808507373e-06 1.6273048074262014e-06 1.6969624215772245e-06 -1.7311753806618177e-07 -3.7078896623605596e-06 1.3615173520520331e-06 2.0037321756513721e-06 -2.6631125644864068e-06 -1.1675111671558206e-06 -2.8256376268184037e-08 1.0692423507584358e-06 -2.7082147983037433e-06 1.9114634142169962e-07 -9.7466084330985091e-07 3.898155031635704e-07 1.2258027739006948e-06 2.0677218692021094e-06 -2.6063609990421473e-07 -1.7150540793409162e-06 -1.0416261324684859e-06 1.8493219736523936e-08 -3.7681854430295729e-07
leaf_weight=43 36 28 28 20 38 21 1233 43 30 28 26 260 29 20 29 24 26 978 27 20 44 56 86 45 36 101 20 45 3422 22
leaf_count=43 36 28 28 20 38 21 1233 43 30 28 26 260 29 20 29 24 26 978 27 20 44 56 86 45 36 101 20 45 3422 22
internal_value=-1.27135e-16 5.15419e-08 8.05181e-08 9.24608e-07 1.2816e-07 2.85927e-08 -8.53546e-09 -1.03991e-06 4.37273e-08 7.22523e-07 -1.45612e-08 -1.14983e-07 -4.16162e-07 -1.47538e-06 -1.62355e-07 -3.8354e-07 -6.79336e-08 2.61554e-10 2.10821e-08 -2.5113e-07 -8.49789e-07 1.37287e-07 -1.48288e-07 4.1611e-08 5.67444e-07 1.97513e-07 1.41972e-08 -4.32166e-07 2.67189e-08 -1.01407e-06
internal_weight=6864 1512 1484 86 58 1398 1327 64 1263 71 5352 1402 388 75 313 284 46 1014 3950 277 109 168 142 3673 182 146 3491 89 3449 42
internal_count=6864 1512 1484 86 58 1398 1327 64 1263 71 5352 1402 388 75 313 284 46 1014 3950 277 109 168 142 3673 182 146 3491 89 3449 42
is_linear=0
shrinkage=0.05


Tree=224
num_leaves=26
num_cat=0
split_feature=5 13 27 11 8 9 8 14 8 4 11 8 8 5 8 8 8 11 9 14 14 14 9 8 8
split_gain=2.22738e-09 3.66225e-08 2.42505e-08 2.27948e-08 7.36867e-08 3.87244e-08 3.01913e-08 4.6686e-08 2.447e-08 2.37936e-08 1.42192e-08 1.458e-08 1.27992e-08 8.78514e-09 2.6985e-08 1.32379e-08 8.45083e-09 5.9987e-09 2.48229e-08 6.9396e-08 2.08378e-08 2.0153e-08 1.17965e-08 2.69904e-09 4.17578e-09
threshold=4.3500000000000005 0.98296291314453421 44.500000000000007 14.603125 57.312351156047619 -46.752218743387616 60.018757306842453 -0.97113884758256674 284.80383306264491 30.500000000000004 16.115625000000005 274.71222373871819 300.81733271208674 4.7500000000000009 62.715900100548772 304.05859113804826 0.43500081574669031 16.715625000000003 -40.710067886046815 0.79383249484937135 0.99939377080793557 0.91248814248966237 -39.873496590104615 278.19924303341639 84.988342800080389
decision_type=2 2 2 2 2 2 2 2 2 2 2 2 2 2 2 2 2 2 2 2 2 2 2 2 2
left_child=1 3 -3 4 -1 -6 7 -5 -7 -9 11 -8 -12 14 -2 23 -15 20 19 -19 21 -18 -20 24 -16
right_child=13 2 -4 6 5 8 10 9 -10 -11 12 -13 -14 16 15 -17 17 18 22 -21 -22 -23 -24 -25 -26
leaf_value=-2.4779632596889589e-06 -1.9252261097335576e-06 2.6544755883151087e-06 3.068214606504295e-07 -9.0797011975867116e-07 -1.583465658064421e-06 7.8716315904078214e-08 -5.3590044711515272e-08 9.8716015031641288e-07 1.9469289649502269e-06 3.0054154511004605e-06 -2.1589634996309494e-08 -1.7150944181001091e-06 7.1295816570442115e-07 9.5570082679762937e-07 5.7308224861365244e-07 -1.2398222571348361e-06 1.2803128598941265e-08 -1.7909210313319879e-07 1.1321571771136603e-06 -2.3102722834241726e-06 -1.4434027287341617e-06 4.8092094298260139e-07 -3.4291427499162724e-09 5.7764713734360821e-07 -2.3989976342913321e-07
leaf_weight=37 24 22 22 23 31 106 31 40 21 23 360 23 71 23 22 21 1140 342 23 43 22 288 4024 26 56
leaf_count=37 24 22 22 23 31 106 31 40 21 23 360 23 71 23 22 21 1140 342 23 43 22 288 4024 26 56
internal_value=-1.13256e-15 7.78677e-08 1.48065e-06 -2.70978e-09 -4.69449e-07 8.98749e-10 1.56685e-07 1.02009e-06 3.87633e-07 1.72398e-06 3.58618e-09 -7.61268e-07 9.94148e-08 -1.04184e-08 -3.89594e-07 -9.47522e-08 -8.50704e-10 -4.59104e-09 -3.34726e-08 -4.1712e-07 8.36869e-08 1.07213e-07 3.02465e-09 1.36464e-07 -1.05971e-08
internal_weight=6864 810 44 766 195 158 571 86 127 63 485 54 431 6054 149 125 5905 5882 4432 385 1450 1428 4047 104 78
internal_count=6864 810 44 766 195 158 571 86 127 63 485 54 431 6054 149 125 5905 5882 4432 385 1450 1428 4047 104 78
is_linear=0
shrinkage=0.05


Tree=225
num_leaves=26
num_cat=0
split_feature=14 8 7 3 14 14 3 5 3 4 3 5 3 14 7 7 5 12 7 4 5 8 7 3 4
split_gain=2.08155e-09 4.98326e-09 2.48306e-09 1.08199e-08 2.43818e-08 5.72891e-08 2.79478e-08 1.46308e-08 6.91348e-08 4.47425e-08 3.45407e-08 2.67559e-08 4.11904e-08 2.16203e-08 8.35004e-09 8.27135e-09 1.17755e-08 2.8255e-09 3.22979e-09 2.88553e-09 1.55988e-09 4.73469e-09 3.81112e-09 3.55195e-10 7.65633e-11
threshold=-0.99940763397299126 274.71222373871819 113.87962408466828 21.950000000000003 -0.75648915189404875 -0.7217484125045438 26.750000000000004 12.65 16.650000000000002 4.5000000000000009 12.65 11.750000000000002 15.950000000000001 -0.98523971305672675 136.9205500538076 113.28961803638258 5.4500000000000011 0.98296291314453421 105.40333196784904 47.500000000000007 8.4500000000000011 304.75715934148053 97.86393233865725 17.850000000000005 1.5000000000000002
decision_type=2 2 2 2 2 2 2 2 2 2 2 2 2 2 2 2 2 2 2 2 2 2 2 2 2
left_child=1 23 15 7 14 -6 -7 11 10 -10 -9 13 -13 -4 -5 17 -17 20 19 -19 21 -2 -22 -1 -25
right_child=2 -3 3 4 5 6 -8 8 9 -11 -12 12 -14 -15 -16 16 -18 18 -20 -21 22 -23 -24 24 -26
leaf_value=2.2726527404870469e-07 -3.1176128202653786e-08 9.3342575382848733e-07 7.276522720012225e-07 6.7461169841465116e-07 -2.4495007112688785e-06 4.8184109213286569e-09 1.4966286444498623e-06 -6.965487154277866e-07 9.4999056254134e-07 -1.3587926020717393e-06 4.8263809434173815e-07 2.0499216409082995e-06 -1.7672870828142723e-08 -1.2109808139843156e-07 2.0398402051839747e-06 1.5952705228983178e-06 6.6288977423562982e-08 -4.6455930419229316e-08 5.9840956854067811e-07 3.3614263759759135e-07 2.4871895694517508e-09 -7.8759085247221668e-07 1.929563956849466e-07 4.4593643822886921e-08 -7.2633217627071652e-08
leaf_weight=20 1391 20 80 24 21 161 39 87 24 167 217 39 63 1208 21 20 34 131 38 79 2611 21 292 26 30
leaf_count=20 1391 20 80 24 21 161 39 87 24 167 217 39 63 1208 21 20 34 131 38 79 2611 21 292 26 30
internal_value=-2.91753e-16 2.3119e-07 -3.27929e-09 -4.76497e-08 2.50873e-07 3.48632e-08 2.95721e-07 -8.97754e-08 -3.23204e-07 -1.06868e-06 1.45173e-07 -6.64802e-09 7.72878e-07 -6.83807e-08 1.31172e-06 1.73923e-08 6.32578e-07 1.0112e-08 1.7423e-07 9.7474e-08 6.79471e-10 -4.24259e-08 2.16456e-08 4.63914e-08 -1.82065e-08
internal_weight=6864 96 6768 2151 266 221 200 1885 495 191 304 1390 102 1288 45 4617 54 4563 248 210 4315 1412 2903 76 56
internal_count=6864 96 6768 2151 266 221 200 1885 495 191 304 1390 102 1288 45 4617 54 4563 248 210 4315 1412 2903 76 56
is_linear=0
shrinkage=0.05


Tree=226
num_leaves=31
num_cat=0
split_feature=27 9 3 8 15 8 3 11 8 7 4 13 4 27 3 5 27 8 27 11 9 8 27 5 8 7 7 15 8 13
split_gain=2.02044e-09 1.64688e-08 1.17635e-08 1.13306e-08 2.43876e-08 1.53741e-08 7.06252e-08 7.46645e-09 3.3825e-08 1.57236e-08 7.00687e-09 1.77894e-08 2.66596e-08 5.6136e-08 2.35235e-08 1.7911e-08 8.27532e-09 7.87759e-09 7.56946e-09 1.24889e-08 8.69995e-09 2.4331e-08 3.22921e-08 3.03974e-08 1.72162e-08 3.85488e-08 1.52212e-08 8.60156e-09 6.79386e-09 5.93631e-09
threshold=1.1666666666666667 -60.224164379586931 15.65 332.69128857788991 -0.67801649466304881 303.0895009945126 22.150000000000002 17.703125000000004 63.542999601910743 135.34873494515995 10.500000000000002 0.60355339059327384 8.5000000000000018 8.1666666666666696 23.050000000000004 5.7500000000000009 4.5000000000000009 56.13353606821827 8.8333333333333339 27.450000000000003 -57.55109063593499 307.34699126094887 29.500000000000004 6.9500000000000011 326.85811795944278 142.61949143237388 144.24771796153573 -0.42958798411962301 63.542999601910743 0.60355339059327384
decision_type=2 2 2 2 2 2 2 2 2 2 2 2 2 2 2 2 2 2 2 2 2 2 2 2 2 2 2 2 2 2
left_child=1 2 -1 5 -5 7 -7 8 -3 -9 11 17 14 -14 15 -13 -16 -2 19 27 21 23 -23 -20 26 -26 -22 29 -19 -12
right_child=10 3 -4 4 -6 6 -8 9 -10 -11 18 12 13 -15 16 -17 -18 28 20 -21 24 22 -24 -25 25 -27 -28 -29 -30 -31
leaf_value=1.330363440221096e-07 7.261094639135182e-07 -1.9227080991236614e-06 1.4299065756044153e-06 1.5173916932381515e-07 -2.0278995050050851e-06 2.4789642463218797e-06 -7.7099840731469672e-07 2.9694397943117515e-08 -1.913531372011665e-08 1.4443021410670553e-06 7.0093309290086836e-07 2.4165611891172981e-07 -3.303748278280795e-06 -8.5912135415183557e-08 2.3539479343526182e-07 -6.6377458078527843e-07 1.4908830930185754e-06 -7.6781441085434681e-07 1.0992287583713682e-06 -1.7611659644662253e-07 1.4827336207217355e-08 -2.6693887858186828e-06 -4.3639087714515938e-07 -3.4806387000808966e-07 1.3794317232219277e-07 1.9684977107519648e-06 -9.4300025623505513e-07 6.0511646522528569e-08 -3.5689000398658629e-09 1.838011513590552e-06
leaf_weight=34 36 27 36 33 21 32 35 1102 172 20 24 75 23 33 35 201 21 30 53 52 3335 20 85 115 143 36 42 23 948 22
leaf_count=34 36 27 36 33 21 32 35 1102 172 20 24 75 23 33 35 201 21 30 53 52 3335 20 85 115 143 36 42 23 948 22
internal_value=4.20905e-16 5.10371e-08 7.99998e-07 1.46798e-08 -6.95898e-07 4.23248e-08 7.81223e-07 4.84851e-09 -2.77409e-07 5.49102e-08 -1.44186e-08 -1.10447e-07 -3.98372e-07 -1.40752e-06 -2.28154e-07 -4.17734e-07 7.06203e-07 -2.73973e-10 1.96653e-08 4.09028e-07 7.36112e-09 -2.64649e-07 -8.61724e-07 1.08522e-07 2.82438e-08 5.06099e-07 2.91476e-09 8.50006e-07 -2.7012e-08 1.24475e-06
internal_weight=6864 1512 70 1442 54 1388 67 1321 199 1122 5352 1402 388 56 332 276 56 1014 3950 121 3829 273 105 168 3556 179 3377 69 978 46
internal_count=6864 1512 70 1442 54 1388 67 1321 199 1122 5352 1402 388 56 332 276 56 1014 3950 121 3829 273 105 168 3556 179 3377 69 978 46
is_linear=0
shrinkage=0.05


Tree=227
num_leaves=25
num_cat=0
split_feature=14 3 7 7 14 27 5 14 7 14 8 27 8 14 4 14 27 5 0 13 8 17 5 27
split_gain=2.1583e-09 1.00212e-08 9.36406e-09 6.89224e-09 6.08535e-09 2.77993e-08 3.74677e-08 6.18456e-09 1.49227e-08 6.92748e-09 3.35243e-08 1.70375e-08 1.0518e-08 5.77235e-09 4.15254e-08 1.40888e-08 4.88733e-09 1.71042e-09 9.69706e-10 7.87157e-10 2.7826e-10 1.23039e-10 6.28529e-11 1.93928e-11
threshold=-0.99467753128998015 19.750000000000004 120.56909060280769 128.71185431322951 -0.9905448150984083 8.8333333333333339 11.550000000000002 -0.98523971305672675 129.28243931962555 -0.95995996396290595 80.183547326958674 22.500000000000004 297.94689140137353 -0.94975917145599731 53.500000000000007 -0.9442364261229238 7.8333333333333348 11.950000000000001 24.500000000000004 0.1294095225512602 250.00757158743252 0.79887204982243831 17.150000000000002 1.1666666666666667
decision_type=2 2 2 2 2 2 2 2 2 2 2 2 2 2 2 2 2 2 2 2 2 2 2 2
left_child=1 3 18 19 5 17 -7 8 20 10 11 -9 -12 14 -11 -15 -5 -2 -3 -1 21 -6 23 -20
right_child=4 2 -4 16 7 6 -8 9 -10 13 12 -13 -14 15 -16 -17 -18 -19 22 -21 -22 -23 -24 -25
leaf_value=-1.1834738019445012e-07 2.495170730515176e-07 3.5204437768329842e-07 -1.0881416193071692e-06 3.4724791998996807e-07 1.7753974188765469e-07 -1.3247456587867583e-07 -2.8750890530204743e-06 -4.924930855546942e-07 1.4488716774394562e-06 -4.5128336498221647e-07 1.251431211484955e-07 -2.2074260962361744e-06 -9.0221044420754234e-07 -8.5354594664780823e-07 1.6751744147999593e-06 6.5327942546435507e-09 1.2681688531301917e-06 8.8174898195347849e-07 -2.222497561060985e-08 2.7842885333484447e-07 -1.2432690072370991e-07 2.0166469830676897e-08 -8.6320634669808302e-08 1.9936229956437639e-08
leaf_weight=25 23 21 21 25 23 33 20 30 25 58 226 28 28 48 38 5928 34 20 46 25 21 27 24 67
leaf_count=25 23 21 21 25 23 33 20 30 25 58 226 28 28 48 38 5928 34 20 46 25 21 27 24 67
internal_value=6.68465e-16 1.33974e-07 -9.61808e-08 5.11936e-07 -5.86749e-09 -4.01037e-07 -1.16742e-06 -1.31239e-11 3.98321e-07 -6.00311e-09 -2.35777e-07 -1.32039e-06 1.18915e-08 5.80342e-09 3.9044e-07 -3.75469e-10 8.77948e-07 5.43578e-07 3.56621e-08 8.00407e-08 2.84091e-08 9.25582e-08 -1.28344e-08 2.77326e-09
internal_weight=6864 288 179 109 6576 96 53 6480 96 6384 312 58 254 6072 96 5976 59 43 158 50 71 50 137 113
internal_count=6864 288 179 109 6576 96 53 6480 96 6384 312 58 254 6072 96 5976 59 43 158 50 71 50 137 113
is_linear=0
shrinkage=0.05


Tree=228
num_leaves=25
num_cat=0
split_feature=14 11 13 7 14 8 4 14 7 14 8 15 11 14 4 14 27 21 11 9 8 15 19 15
split_gain=1.94786e-09 9.30659e-09 8.66982e-09 5.83893e-09 5.49202e-09 2.63295e-08 1.26301e-08 5.58157e-09 1.34677e-08 6.25205e-09 3.02849e-08 2.20138e-08 1.14376e-08 5.20954e-09 3.74767e-08 1.27152e-08 4.41081e-09 3.54278e-09 1.67423e-09 7.40558e-10 2.51129e-10 1.16813e-10 8.89899e-11 1.71749e-11
threshold=-0.99467753128998015 19.706250000000001 0.60355339059327384 128.71185431322951 -0.9905448150984083 82.705239547400211 37.500000000000007 -0.98523971305672675 129.28243931962555 -0.95995996396290595 87.231841338032652 0.18281312110578132 17.506250000000005 -0.94975917145599731 53.500000000000007 -0.9442364261229238 7.8333333333333348 232.50000000000003 21.771875000000005 -15.154661431034507 250.00757158743252 0.13185577213185923 3.1475000000000006e-05 0.04621408538533487
decision_type=2 2 2 2 2 2 2 2 2 2 2 2 2 2 2 2 2 2 2 2 2 2 2 2
left_child=1 3 18 19 5 -2 17 8 20 10 11 -9 -12 14 -11 -15 -5 -7 -3 -1 21 -6 -20 -24
right_child=4 2 -4 16 7 6 -8 9 -10 13 12 -13 -14 15 -16 -17 -18 -19 22 -21 -22 -23 23 -25
leaf_value=2.6146035575829564e-07 -1.9951501359116718e-06 4.3737317433876503e-07 -1.0152334084523318e-06 3.2988550765367111e-07 1.613561283765928e-07 1.0342104430094424e-06 -8.2453022169256997e-07 -3.7846087234523046e-07 1.376428096818927e-06 -4.2871918737844305e-07 8.7905051649223821e-07 -2.160815239449221e-06 -9.8590168217472121e-08 -8.1086869230991482e-07 1.5914157038902266e-06 6.2061536070893064e-09 1.20476041211211e-06 1.6919032413237143e-07 -1.1765319412472223e-07 -1.5455067682523806e-07 -1.1811056836902048e-07 8.385583235200518e-09 4.8384987167477474e-09 -3.88458707156758e-08
leaf_weight=23 20 23 22 25 26 20 27 41 25 58 35 30 206 48 38 5928 34 29 21 20 21 24 90 30
leaf_count=23 20 23 22 25 26 20 27 41 25 58 35 30 206 48 38 5928 34 29 21 20 21 24 90 30
internal_value=-7.07717e-16 1.27276e-07 -8.32053e-08 5.11094e-07 -5.57412e-09 -3.80985e-07 4.37949e-08 -1.24692e-11 3.78405e-07 -5.70296e-09 -2.23988e-07 -1.13157e-06 4.33908e-08 5.51325e-09 3.70918e-07 -3.56697e-10 8.34051e-07 5.2226e-07 4.18229e-08 6.79669e-08 2.69886e-08 8.79303e-08 -2.26995e-08 -6.08259e-09
internal_weight=6864 288 186 102 6576 96 76 6480 96 6384 312 71 241 6072 96 5976 59 49 164 43 71 50 141 120
internal_count=6864 288 186 102 6576 96 76 6480 96 6384 312 71 241 6072 96 5976 59 49 164 43 71 50 141 120
is_linear=0
shrinkage=0.05


Tree=229
num_leaves=30
num_cat=0
split_feature=5 13 12 3 11 13 5 8 3 3 4 3 4 15 3 15 5 8 7 3 9 3 7 5 3 15 15 11 15
split_gain=2.06178e-09 7.00182e-09 4.19834e-09 5.88602e-09 4.28554e-09 3.57858e-09 3.52808e-09 1.79271e-08 4.05736e-08 1.24109e-07 1.43665e-08 1.01451e-08 2.67943e-08 2.41284e-08 1.05723e-08 9.11806e-09 4.92473e-09 3.83008e-08 2.20963e-08 1.70223e-08 1.31733e-08 3.94802e-08 1.65877e-08 2.32803e-08 1.40406e-08 1.2323e-08 7.011e-09 6.73347e-09 9.02635e-10
threshold=19.150000000000002 0.91597561503675351 0.78656609248549325 13.15 15.006250000000001 0.25881904510252057 13.65 44.449389694931376 15.550000000000002 18.350000000000005 15.500000000000002 13.350000000000003 34.500000000000007 0.44504239796885176 13.750000000000002 -0.99465740988130902 9.9500000000000011 51.825694037050148 153.97310347240486 15.050000000000002 -62.565047217481755 18.150000000000002 148.75392157052846 4.9500000000000011 12.850000000000003 -0.67801649466304881 -0.99628250747696534 16.015625000000004 0.063390085881955341
decision_type=2 2 2 2 2 2 2 2 2 2 2 2 2 2 2 2 2 2 2 2 2 2 2 2 2 2 2 2 2
left_child=6 2 3 -2 -5 -4 16 8 -8 -10 -11 12 -9 -14 -13 -16 20 19 26 -18 21 24 27 -24 -1 -21 -19 -22 -6
right_child=1 -3 5 4 28 -7 7 11 9 10 -12 14 13 -15 15 -17 17 18 -20 25 22 -23 23 -25 -26 -27 -28 -29 -30
leaf_value=1.7957000566709143e-06 -8.6353299849406545e-07 7.473436187119194e-07 1.1936216915436099e-07 7.2969110746612393e-07 -1.5657740647781624e-07 9.3316183412381108e-07 6.9897117403646312e-07 -2.0914071332491687e-06 -4.5082474116497908e-06 -8.7108444034811328e-07 9.6123138795835832e-07 1.1268804910070598e-06 7.9483291165715638e-07 -8.2052352875610463e-07 6.9319425730580209e-07 -3.244656218406812e-08 1.8011345098654732e-06 -4.9195509029641108e-07 -1.6033274581180498e-06 1.0631348910249208e-06 -1.4642774003644971e-07 -1.4108306748994437e-06 -2.0758414962074314e-06 -5.3985208846743914e-08 5.0485430144797175e-07 4.9625154428004404e-08 5.0442555635624308e-08 1.701869227023846e-08 4.0434571503225864e-08
leaf_weight=26 20 39 35 20 91 22 33 21 22 20 23 21 41 53 45 1140 35 62 21 59 885 25 24 35 111 61 1525 2188 161
leaf_count=26 20 39 35 20 91 22 33 21 22 20 23 21 41 53 45 1140 35 62 21 59 885 25 24 35 111 61 1525 2188 161
internal_value=3.67279e-16 1.11954e-07 4.09508e-08 -3.56692e-08 2.52031e-08 4.3346e-07 -6.70757e-09 -7.63769e-08 -7.28865e-07 -1.45377e-06 1.08991e-07 -2.79712e-08 -4.76688e-07 -1.15953e-07 1.48169e-08 -4.89058e-09 1.28417e-08 8.02868e-08 7.93147e-09 8.30915e-07 -2.32559e-08 4.16397e-07 -4.59966e-08 -8.76435e-07 7.49832e-07 5.47934e-07 2.92525e-08 -3.00526e-08 -3.07086e-08
internal_weight=6864 388 349 292 272 57 6476 1419 98 65 43 1321 115 94 1206 1185 5057 1763 1608 155 3294 162 3132 59 137 120 1587 3073 252
internal_count=6864 388 349 292 272 57 6476 1419 98 65 43 1321 115 94 1206 1185 5057 1763 1608 155 3294 162 3132 59 137 120 1587 3073 252
is_linear=0
shrinkage=0.05


Tree=230
num_leaves=26
num_cat=0
split_feature=5 13 5 3 8 9 8 14 4 8 3 8 14 5 8 8 8 14 3 3 8 3 15 24 5
split_gain=2.00476e-09 3.17188e-08 2.37137e-08 1.80762e-08 6.86823e-08 3.41751e-08 2.8252e-08 4.26675e-08 3.60239e-08 2.26301e-08 1.23355e-08 1.61813e-08 1.01799e-08 7.89071e-09 2.36329e-08 1.22183e-08 7.33272e-09 5.03937e-09 1.68275e-08 6.86284e-09 3.16443e-08 2.1425e-08 3.0845e-09 5.3433e-09 1.79656e-09
threshold=4.3500000000000005 0.98296291314453421 3.2500000000000004 14.65 57.312351156047619 -46.752218743387616 60.018757306842453 0.46039464932087154 34.500000000000007 284.80383306264491 16.050000000000004 274.71222373871819 0.46039464932087154 4.7500000000000009 62.715900100548772 304.05859113804826 0.43500081574669031 0.99966190462023474 15.350000000000003 15.050000000000002 69.062414742012422 15.15 -0.25206183926700709 4.7217227634882927e-05 4.5500000000000007
decision_type=2 2 2 2 2 2 2 2 2 2 2 2 2 2 2 2 2 2 2 2 2 2 2 2 2
left_child=1 3 -3 4 -1 -6 7 8 -5 -7 11 -8 -12 14 -2 22 -15 19 -19 20 -18 -21 23 -16 -24
right_child=13 2 -4 6 5 9 10 -9 -10 -11 12 -13 -14 16 15 -17 17 18 -20 21 -22 -23 24 -25 -26
leaf_value=-2.3524893895289614e-06 -1.8063303376910275e-06 2.702182125903085e-07 2.5941432053990696e-06 -5.6842507896495905e-07 -1.4765214385284531e-06 8.2782498039408062e-08 -9.4624803708529364e-08 2.8235272734293732e-06 1.9396026139226955e-06 1.8306826448947917e-06 -9.7633502424798742e-08 -1.7433217067264195e-06 4.1810847453726019e-07 8.9021128765718611e-07 1.0511392167700251e-06 -1.1934068457516592e-06 5.7352531683818604e-07 -1.6249925985878378e-06 2.6023580972903427e-07 -1.4305585162227781e-06 -4.4244022156562919e-08 -1.8056274002170824e-08 -4.2845475842767657e-07 -1.04639449229893e-07 1.1874440409620489e-07
leaf_weight=37 24 23 21 41 31 117 46 23 22 22 250 22 155 23 20 21 278 20 29 27 815 4713 24 20 40
leaf_count=37 24 23 21 41 31 117 46 23 22 22 250 22 155 23 20 21 278 20 29 27 815 4713 24 20 40
internal_value=-1.03043e-15 7.3874e-08 1.37936e-06 -1.11505e-09 -4.00259e-07 2.46377e-08 1.4669e-07 9.80313e-07 3.07394e-07 3.59429e-07 -4.87818e-09 -6.28027e-07 9.97492e-08 -9.88403e-09 -3.69239e-07 -9.33175e-08 -8.16476e-10 -4.3006e-09 -5.09245e-07 -5.88272e-11 1.12883e-07 -2.61022e-08 1.28816e-07 4.7325e-07 -8.64553e-08
internal_weight=6864 810 44 766 207 170 559 86 63 139 473 68 405 6054 149 125 5905 5882 49 5833 1093 4740 104 40 64
internal_count=6864 810 44 766 207 170 559 86 63 139 473 68 405 6054 149 125 5905 5882 49 5833 1093 4740 104 40 64
is_linear=0
shrinkage=0.05


Tree=231
num_leaves=27
num_cat=0
split_feature=27 9 3 8 7 8 3 3 3 7 9 3 15 3 5 5 15 15 9 8 5 9 5 9 9 27
split_gain=1.96787e-09 1.50038e-08 1.16677e-08 1.02833e-08 2.24196e-08 1.39758e-08 6.4129e-08 6.89878e-09 4.15709e-08 1.08555e-08 4.71691e-09 2.24083e-08 6.06572e-08 1.24548e-08 2.99305e-08 1.94775e-08 2.47124e-08 2.46867e-08 9.80225e-09 2.63155e-08 1.78052e-08 1.22133e-08 4.66833e-09 2.12601e-08 1.18031e-08 4.57502e-09
threshold=1.1666666666666667 -60.224164379586931 15.65 332.69128857788991 135.88385556819316 303.0895009945126 22.150000000000002 14.550000000000002 13.750000000000002 137.56077128556549 -56.636682238360386 17.450000000000003 0.080547328232315238 15.950000000000001 8.3500000000000032 4.3500000000000005 0.33425052277940587 0.46038001402560286 -52.374898728316751 307.34699126094887 7.9500000000000011 -51.570030478329748 4.3500000000000005 -47.364955395838642 -49.425044004087617 62.500000000000007
decision_type=2 2 2 2 2 2 2 2 2 2 2 2 2 2 2 2 2 2 2 2 2 2 2 2 2 2
left_child=1 2 -1 5 -5 7 -7 8 -3 -9 11 13 -13 15 -15 16 -2 -17 19 20 -12 -20 23 -23 -24 -21
right_child=10 3 -4 4 -6 6 -8 9 -10 -11 18 12 -14 14 -16 17 -18 -19 21 25 -22 22 24 -25 -26 -27
leaf_value=1.0100254394942836e-07 -2.334466407340924e-06 2.9184193834908005e-07 1.3925792216756211e-06 2.8465078998876914e-07 -1.7585522273293463e-06 2.364274993538196e-06 -7.3261337758724817e-07 1.2299309507440803e-08 -2.1409692714655648e-06 9.5990179991003375e-07 6.7463533200266701e-07 6.0728916971877499e-07 -2.4099965363196439e-06 2.0909559566785097e-06 -4.3772733693003833e-07 9.3928121843664252e-07 1.2134462771484779e-07 -2.9253649585479906e-07 -1.1620929507958151e-06 1.7628218472509617e-06 -9.228423894799906e-07 -1.2417711036294823e-06 6.0976246463913715e-07 1.9585616136215911e-07 -3.585944971965529e-08 7.7268969107535672e-07
leaf_weight=34 21 59 36 29 25 32 35 1206 25 31 33 31 36 22 25 57 20 142 23 28 37 27 72 541 4217 20
leaf_count=34 21 59 36 29 25 32 35 1206 25 31 33 31 36 22 25 57 20 142 23 28 37 27 72 541 4217 20
internal_value=1.63777e-15 5.03689e-08 7.65242e-07 1.56663e-08 -6.61277e-07 4.20027e-08 7.46497e-07 6.27128e-09 -4.32209e-07 3.60468e-08 -1.42298e-08 -1.90605e-07 -1.01394e-06 1.60207e-09 7.45912e-07 -1.44159e-07 -1.13651e-06 6.02957e-08 -1.73741e-09 4.48564e-07 -1.69746e-07 -1.26259e-08 -7.18263e-09 1.27518e-07 -2.50213e-08 1.35027e-06
internal_weight=6864 1512 70 1442 54 1388 67 1321 84 1237 5352 354 67 287 47 240 41 199 4998 118 70 4880 4857 568 4289 48
internal_count=6864 1512 70 1442 54 1388 67 1321 84 1237 5352 354 67 287 47 240 41 199 4998 118 70 4880 4857 568 4289 48
is_linear=0
shrinkage=0.05


Tree=232
num_leaves=28
num_cat=0
split_feature=5 5 13 3 15 5 5 5 11 15 15 15 27 9 13 11 15 9 11 15 4 11 3 11 13 13 15
split_gain=2.01526e-09 4.91953e-09 3.82376e-09 1.39688e-08 2.99038e-08 1.2162e-08 8.72757e-09 3.18877e-09 1.26642e-08 5.04506e-08 1.26914e-07 5.41146e-08 7.00286e-09 3.30316e-08 2.77124e-08 4.9738e-09 3.57414e-08 2.17761e-08 1.08461e-08 5.26992e-08 8.50297e-09 2.73401e-09 4.78509e-09 4.20299e-09 8.43136e-09 2.5638e-09 2.00562e-10
threshold=17.550000000000004 17.350000000000005 0.78656609248549303 14.050000000000002 0.04621408538533487 19.050000000000004 19.050000000000004 13.65 21.506250000000005 -0.52765736634565841 -0.61236746317008228 -0.4755978891912595 4.166666666666667 -15.154661431034507 0.60355339059327384 12.828125000000002 -0.46039597980994923 -62.565047217481755 14.603125 -0.83849291496497236 35.500000000000007 14.2125 12.750000000000002 17.703125000000004 0.25881904510252057 0.25881904510252057 -0.94703994556331683
decision_type=2 2 2 2 2 2 2 2 2 2 2 2 2 2 2 2 2 2 2 2 2 2 2 2 2 2 2
left_child=1 7 21 6 5 -5 -4 15 9 10 -9 -11 13 -10 -14 16 -1 -18 19 -17 -20 22 -2 24 -23 26 -25
right_child=2 -3 3 4 -6 -7 -8 8 12 11 -12 -13 14 -15 -16 18 17 -19 20 -21 -22 23 -24 25 -26 -27 -28
leaf_value=1.7823479840473056e-06 -3.7589144136057479e-08 -6.4741709437043938e-07 -9.8545968176435776e-07 9.1646481834573026e-07 2.2865602308348058e-06 -8.0635339259060859e-07 2.8333038451158e-07 -4.1235366153734452e-07 -1.6442599647951174e-06 1.9441757708992715e-06 -4.5788678475973533e-06 -1.839599331850049e-07 2.8918777984937972e-08 5.3662419324832562e-08 1.2955977039060448e-06 -2.5160786321976051e-06 1.3374483984307517e-06 -6.5108145622471291e-08 -2.8431747060703478e-08 -1.0831510415181911e-07 1.2304734934325896e-07 1.0026061981907982e-07 8.3784297733776242e-07 1.2956591517771748e-07 -1.24388264438835e-06 4.9659017236081133e-07 -9.4872733535985561e-09
leaf_weight=32 37 30 23 20 23 21 33 108 33 34 22 246 430 217 48 24 30 357 2802 428 1384 28 27 28 20 28 351
leaf_count=32 37 30 23 20 23 21 33 108 33 34 22 246 430 217 48 24 30 357 2802 428 1384 28 27 28 20 28 351
internal_value=8.70839e-17 -8.68017e-09 8.45603e-08 3.38926e-07 8.43543e-07 3.40457e-08 -2.3778e-07 -5.58701e-09 -8.1207e-08 -3.03467e-07 -1.11746e-06 7.44565e-08 4.39669e-08 -1.70463e-07 1.56117e-07 1.14301e-08 1.76408e-07 4.36172e-08 -3.47412e-09 -2.36161e-07 2.16512e-08 2.57475e-08 3.31734e-07 -1.72923e-08 -4.59799e-07 3.48952e-08 7.85785e-10
internal_weight=6864 6225 639 120 64 41 56 6195 1138 410 130 280 728 250 478 5057 419 387 4638 452 4186 519 64 455 48 407 379
internal_count=6864 6225 639 120 64 41 56 6195 1138 410 130 280 728 250 478 5057 419 387 4638 452 4186 519 64 455 48 407 379
is_linear=0
shrinkage=0.05


Tree=233
num_leaves=24
num_cat=0
split_feature=11 15 14 7 7 5 8 9 11 7 7 8 3 14 14 8 14 14 15 14 7 7 9
split_gain=1.90162e-09 2.42877e-08 1.90251e-08 1.92953e-08 1.86863e-08 1.8032e-08 1.28093e-08 7.91994e-09 6.85726e-09 3.57569e-08 9.16291e-09 6.2789e-09 5.74008e-09 5.02808e-09 4.04742e-08 3.02756e-08 2.73377e-08 2.07302e-08 1.73108e-08 6.78517e-09 5.62583e-09 7.32781e-09 5.38833e-09
threshold=11.612500000000002 1.0000000180025095e-35 0.9916835347852474 136.9205500538076 144.24771796153573 7.9500000000000011 79.861661080894109 -43.03020306360753 12.081250000000002 141.85670053890806 122.76587418004705 91.568840298407153 11.750000000000002 0.96465729447553372 0.96234642434711437 72.353280273547838 0.97696484778429815 0.95998215779580554 -0.082691941062253513 0.90162119223771331 138.28011922960249 145.10776148299135 -32.628875293649905
decision_type=2 2 2 2 2 2 2 2 2 2 2 2 2 2 2 2 2 2 2 2 2 2 2
left_child=1 -1 4 6 7 -6 -4 -3 9 10 12 -9 -2 14 17 16 -15 19 -18 -10 22 -22 -17
right_child=8 2 3 -5 5 -7 -8 11 13 -11 -12 -13 -14 15 -16 20 18 -19 -20 -21 21 -23 -24
leaf_value=1.3977721818726038e-06 3.3934593350437582e-07 -9.9830191970795576e-07 -9.4185594678362713e-07 -1.8206054322105887e-06 2.2380530043619732e-06 1.6366492342389061e-07 8.2621440867569627e-07 6.5287637642796889e-07 3.3757927814875888e-09 -2.1386236717855516e-06 9.5624709205288174e-07 -2.67610079423603e-07 -8.1885554528728637e-07 2.6250897766052125e-06 -2.062421178313419e-06 -5.9398553446499143e-07 1.3527843896974027e-06 1.4615563327898448e-06 -5.3032818157036041e-07 -2.1299300587209586e-07 1.0514463909316875e-06 -2.0164753664175805e-07 1.0778729024550821e-08
leaf_weight=33 20 20 21 26 20 22 20 32 5478 23 23 44 23 21 24 40 26 24 23 388 28 20 465
leaf_count=33 20 20 21 26 20 22 20 32 5478 23 23 44 23 21 24 40 26 24 23 388 28 20 465
internal_value=2.60972e-16 1.38861e-07 -6.37931e-08 -7.55081e-07 2.71832e-07 1.15147e-06 -7.93826e-08 -1.13009e-07 -4.98776e-09 -4.40915e-07 1.50711e-07 1.19963e-07 -2.80157e-07 9.47303e-10 -1.32853e-08 1.36055e-07 1.11574e-06 -4.93571e-09 4.68874e-07 -1.09357e-08 1.20438e-08 5.29324e-07 -3.71234e-08
internal_weight=6864 238 205 67 138 42 41 96 6626 89 66 76 43 6537 5914 623 70 5890 49 5866 553 48 505
internal_count=6864 238 205 67 138 42 41 96 6626 89 66 76 43 6537 5914 623 70 5890 49 5866 553 48 505
is_linear=0
shrinkage=0.05


Tree=234
num_leaves=31
num_cat=0
split_feature=5 14 8 8 8 4 4 2 5 11 11 9 8 6 5 8 3 14 3 8 11 14 14 9 14 9 9 14 5 2
split_gain=1.83327e-09 6.40218e-09 1.70974e-08 1.46887e-08 1.73124e-08 1.47518e-08 5.06427e-09 7.69853e-09 4.44122e-09 3.09357e-09 1.19767e-08 5.7609e-09 4.49431e-09 2.97643e-09 2.93062e-09 2.25676e-08 3.62793e-08 7.17649e-08 5.86651e-09 2.5973e-08 1.38346e-08 5.33568e-09 9.62878e-08 2.05575e-07 6.71827e-08 6.96006e-08 2.19222e-08 1.36164e-08 5.49094e-10 4.04449e-10
threshold=17.550000000000004 0.84773968378660736 283.75853523373308 273.94788750927444 335.07049946007731 32.500000000000007 36.500000000000007 109.50000000000001 17.350000000000005 16.715625000000003 18.309375000000006 -25.165918451822872 84.988342800080389 2.4510000000000004e-05 13.65 44.449389694931376 15.550000000000002 -0.16905184689101435 13.350000000000003 269.6457266754839 15.006250000000001 0.80417553764032002 0.78857998149907527 -27.495846359269631 0.85226249403558707 -17.906314319843506 -62.565047217481755 0.78325454425165997 20.550000000000004 168.50000000000003
decision_type=2 2 2 2 2 2 2 2 2 2 2 2 2 2 2 2 2 2 2 2 2 2 2 2 2 2 2 2 2 2
left_child=8 3 6 9 5 -5 7 -3 14 12 -11 -12 -2 -8 21 16 -16 -18 19 -17 -20 22 27 -24 25 -23 -26 -1 -14 -9
right_child=1 2 -4 4 -6 -7 13 29 -10 10 11 -13 28 -15 15 18 17 -19 20 -21 -22 24 23 -25 26 -27 -28 -29 -30 -31
leaf_value=7.1995485972368801e-09 9.08665124181122e-07 1.1958745675855198e-06 -1.2658052465515842e-06 2.5163288856198225e-07 -4.344842743719823e-07 1.9468414486072326e-06 -7.4251409870385038e-07 1.602400217848299e-07 -6.1517088994378361e-07 -1.166746962088014e-06 8.8818981339500177e-07 9.9155768091331973e-09 2.1156468164917898e-07 -3.5160858960013829e-08 6.0423608374549084e-07 1.7730399327369409e-07 -9.7582601612092772e-08 -3.8315611866644096e-06 9.6767016042871835e-07 -1.6355267244558365e-06 -1.8211758546293635e-08 3.8270803277858556e-06 -6.1440977606252997e-06 -3.0401395921909501e-08 1.5826516625400641e-06 2.8831959548456054e-07 -1.1074118065379087e-08 1.2019433119310937e-06 -1.2665811908618706e-07 -1.5393327665234682e-07
leaf_weight=3767 24 20 30 21 20 33 20 20 30 21 20 281 30 58 27 62 31 22 37 29 930 24 20 44 22 33 1123 24 20 21
leaf_count=3767 24 20 30 21 20 33 20 20 30 21 20 281 30 58 27 62 31 22 37 29 930 24 20 44 22 33 1123 24 20 21
internal_value=-3.27436e-16 8.06517e-08 -1.83279e-07 1.75554e-07 8.22167e-07 1.28759e-06 5.03603e-08 3.91634e-07 -8.27894e-09 5.47225e-08 -1.22721e-08 6.82727e-08 3.4624e-07 -2.16533e-07 -5.34e-09 -7.78344e-08 -8.87563e-07 -1.64754e-06 -1.66073e-08 -4.00411e-07 1.95107e-08 1.09738e-08 -1.77049e-08 -1.94093e-06 1.02951e-07 1.77832e-06 1.95477e-08 1.47632e-08 7.62756e-08 -6.78009e-10
internal_weight=6864 639 169 470 74 54 139 61 6225 396 322 301 74 78 6195 1138 80 53 1058 91 967 5057 3855 64 1202 57 1145 3791 50 41
internal_count=6864 639 169 470 74 54 139 61 6225 396 322 301 74 78 6195 1138 80 53 1058 91 967 5057 3855 64 1202 57 1145 3791 50 41
is_linear=0
shrinkage=0.05


Tree=235
num_leaves=31
num_cat=0
split_feature=27 14 14 8 11 3 11 7 7 7 4 13 14 15 14 4 3 8 27 11 14 13 8 7 8 27 27 8 7 7
split_gain=1.93671e-09 2.32946e-08 2.399e-08 4.67373e-08 2.35853e-08 1.25925e-08 2.22223e-08 2.37146e-08 1.48991e-08 1.32274e-08 5.82473e-09 1.58741e-08 3.54514e-08 8.59198e-08 5.48348e-08 5.1496e-08 2.34544e-08 6.8909e-09 6.75543e-09 1.10449e-08 1.16121e-08 8.57912e-09 6.08866e-09 5.50397e-09 1.54443e-08 3.63045e-08 2.72259e-08 1.1221e-08 2.6337e-08 1.44625e-08
threshold=1.1666666666666667 0.98522604642031408 0.97112537654464559 284.37340675447422 24.503125000000004 13.750000000000002 15.115625000000001 119.97148744142875 153.97310347240486 133.72444618317914 10.500000000000002 0.60355339059327384 0.65883702558178847 -0.16799793862756093 0.46800856592688472 5.5000000000000009 12.250000000000002 56.13353606821827 8.8333333333333339 27.450000000000003 0.52766072109828632 0.60355339059327384 63.542999601910743 146.9483393451942 304.75715934148053 29.500000000000004 43.500000000000007 326.85811795944278 142.61949143237388 145.10776148299135
decision_type=2 2 2 2 2 2 2 2 2 2 2 2 2 2 2 2 2 2 2 2 2 2 2 2 2 2 2 2 2 2
left_child=1 2 5 4 -4 9 7 -7 -8 -1 11 17 14 -14 15 -13 -15 -2 19 20 21 -12 -19 27 26 -26 -25 29 -29 -20
right_child=10 -3 3 -5 -6 6 8 -9 -10 -11 18 12 13 16 -16 -17 -18 22 23 -21 -22 -23 -24 24 25 -27 -28 28 -30 -31
leaf_value=1.2510792501199494e-07 6.8177409420715983e-07 -1.3787928702514917e-06 1.6792667773302127e-06 3.0048941152927e-06 -3.7742366084042338e-07 3.6843999097250759e-07 1.1626019189838694e-08 -1.6374707365996971e-06 1.1393691846706132e-06 1.5215511481869726e-06 6.0438657432844898e-07 1.9212351912789325e-07 -3.4814252322921051e-06 1.2809779798317323e-06 1.9313280584607003e-06 -1.1855378968369682e-06 -9.9652958257278301e-07 -7.2390680947738903e-07 1.0457025625705091e-08 -1.6548621044097337e-07 -1.1782015539428477e-07 1.9713385199793265e-06 -4.1183609212263696e-10 1.1192383394555168e-06 -2.5345665091793179e-06 -2.3284997206657512e-07 -2.9394779082785531e-07 1.2253666965773352e-07 1.7093633672971009e-06 -1.2757248731015188e-06
leaf_weight=43 36 28 20 20 46 23 1233 41 30 28 24 172 29 20 29 112 26 30 3347 52 23 22 948 47 21 93 124 143 32 22
leaf_count=43 36 28 20 20 46 23 1233 41 30 28 24 172 29 20 29 112 26 30 3347 52 23 22 948 47 21 93 124 143 32 22
internal_value=-8.55483e-16 4.99685e-08 7.69263e-08 8.87462e-07 2.45816e-07 2.7065e-08 -7.64599e-09 -9.16597e-07 3.84133e-08 6.75818e-07 -1.41167e-08 -1.0167e-07 -3.73655e-07 -1.35002e-06 -1.39701e-07 -3.5118e-07 -6.3089e-09 2.40261e-09 1.69593e-08 3.8479e-07 7.99491e-07 1.25815e-06 -2.26049e-08 5.33555e-09 -2.06057e-07 -6.5685e-07 9.44718e-08 2.23352e-08 4.12699e-07 2.05809e-09
internal_weight=6864 1512 1484 86 66 1398 1327 64 1263 71 5352 1402 388 75 313 284 46 1014 3950 121 69 46 978 3829 285 114 171 3544 175 3369
internal_count=6864 1512 1484 86 66 1398 1327 64 1263 71 5352 1402 388 75 313 284 46 1014 3950 121 69 46 978 3829 285 114 171 3544 175 3369
is_linear=0
shrinkage=0.05


Tree=236
num_leaves=31
num_cat=0
split_feature=27 14 14 8 11 3 11 7 7 7 4 13 14 15 14 14 3 8 4 11 8 3 7 14 14 3 14 14 15 7
split_gain=1.74789e-09 2.10234e-08 2.16509e-08 4.21804e-08 2.12857e-08 1.13648e-08 2.00556e-08 2.14897e-08 1.34465e-08 1.19377e-08 5.25682e-09 1.43264e-08 3.19949e-08 7.75426e-08 4.94884e-08 5.0401e-08 2.11676e-08 6.21904e-09 6.1897e-09 2.08816e-08 3.09334e-08 1.78893e-08 1.03132e-08 6.16512e-09 2.87027e-08 5.39115e-08 2.29811e-08 7.6453e-09 4.2357e-08 1.16048e-08
threshold=1.1666666666666667 0.98522604642031408 0.97112537654464559 284.37340675447422 24.503125000000004 13.750000000000002 15.115625000000001 119.11912633898145 153.97310347240486 133.72444618317914 10.500000000000002 0.60355339059327384 0.65883702558178847 -0.16799793862756093 0.46800856592688472 0.25206111083856975 12.250000000000002 56.13353606821827 18.500000000000004 17.703125000000004 301.99754180126826 12.550000000000002 134.7852485700393 0.20180702842483325 0.25206111083856975 16.750000000000004 0.31799963745711152 -0.9905448150984083 -0.091258822863740666 135.34873494515995
decision_type=2 2 2 2 2 2 2 2 2 2 2 2 2 2 2 2 2 2 2 2 2 2 2 2 2 2 2 2 2 2
left_child=1 2 5 4 -4 9 7 -7 -8 -1 11 17 14 -14 15 -13 -15 -2 19 20 21 -12 -21 27 25 -25 -26 28 -20 -29
right_child=10 -3 3 -5 -6 6 8 -9 -10 -11 18 12 13 16 -16 -17 -18 -19 23 22 -22 -23 -24 24 26 -27 -28 29 -30 -31
leaf_value=1.1885253050470352e-07 6.476853730280002e-07 -1.3098532560564179e-06 1.5953034170479444e-06 2.8546493740577718e-06 -3.5855246526031571e-07 4.4028475913581223e-07 1.1044718555212602e-08 -1.5110476911391865e-06 1.0824006850877294e-06 1.4454736060542928e-06 -1.0166607441284386e-06 -1.3124912493586075e-07 -3.3073540101934764e-06 1.2169291011332463e-06 1.8347616499513295e-06 -2.5259781802825881e-06 -9.4670309942137887e-07 -2.1474686040851993e-08 -2.3136012372116878e-06 3.6062702919006827e-08 2.0809396687123782e-06 5.9145456369995902e-07 -1.1330432180756134e-06 -3.2393746727166219e-06 6.7395088221682259e-07 -2.0048622542534888e-07 -5.7217014488847172e-08 6.2527539258029818e-08 2.599134026624271e-07 5.5726899695376071e-07
leaf_weight=43 36 28 20 20 46 21 1233 43 30 28 21 260 29 20 29 24 26 978 21 332 31 98 20 20 113 54 2195 840 67 138
leaf_count=43 36 28 20 20 46 21 1233 43 30 28 21 260 29 20 29 24 26 978 21 332 31 98 20 20 113 54 2195 840 67 138
internal_value=-3.4753e-16 4.74701e-08 7.308e-08 8.43089e-07 2.33525e-07 2.57117e-08 -7.26369e-09 -8.70767e-07 3.64926e-08 6.42027e-07 -1.34108e-08 -9.65868e-08 -3.54972e-07 -1.28252e-06 -1.32716e-07 -3.33621e-07 -5.99345e-09 2.28248e-09 1.61114e-08 1.80147e-07 6.74145e-07 3.0767e-07 -3.03638e-08 -7.77083e-09 -5.24973e-08 -1.02181e-06 -2.14189e-08 9.21715e-08 -3.54221e-07 1.32338e-07
internal_weight=6864 1512 1484 86 66 1398 1327 64 1263 71 5352 1402 388 75 313 284 46 1014 3950 502 150 119 352 3448 2382 74 2308 1066 88 978
internal_count=6864 1512 1484 86 66 1398 1327 64 1263 71 5352 1402 388 75 313 284 46 1014 3950 502 150 119 352 3448 2382 74 2308 1066 88 978
is_linear=0
shrinkage=0.05


Tree=237
num_leaves=31
num_cat=0
split_feature=15 14 0 14 13 14 1 11 11 15 11 27 8 15 11 14 15 3 15 11 3 8 15 8 15 8 8 27 20 8
split_gain=1.77841e-09 7.47501e-08 1.3519e-07 4.11106e-08 8.66111e-08 1.97609e-08 3.29927e-08 1.57177e-08 3.87215e-08 1.57037e-08 5.19426e-08 1.37436e-08 1.03587e-08 6.15531e-09 3.72534e-08 5.57638e-08 4.62892e-08 3.57659e-08 1.94529e-08 5.53415e-08 5.55663e-08 1.83239e-08 1.59686e-08 1.44975e-07 2.79901e-08 1.39743e-08 7.74741e-09 5.60466e-09 8.39207e-09 5.55599e-09
threshold=-0.84313311835787952 0.51297097409535064 33.500000000000007 0.48314048284850658 0.25881904510252057 0.45273815774107123 172.50000000000003 15.403125000000001 16.015625000000004 -0.77788789561442695 19.706250000000001 23.166666666666668 46.670322230074909 -0.56369940867848845 18.212500000000002 0.73865729060996166 -0.69676771491221523 16.150000000000002 -0.46800559042974538 16.206250000000001 13.450000000000001 37.05353881563304 -0.39036009226888674 66.461755999284875 -0.36648370705903521 336.99987490389577 80.758482981575312 5.5000000000000009 5.3500000000000006e-05 283.04804836933107
decision_type=2 2 2 2 2 2 2 2 2 2 2 2 2 2 2 2 2 2 2 2 2 2 2 2 2 2 2 2 2 2
left_child=1 3 -3 5 -5 7 -7 11 -9 10 12 -1 -2 14 15 16 -11 -17 19 20 -15 -16 23 -20 -24 -23 -21 28 -12 -29
right_child=9 2 -4 4 -6 6 -8 8 -10 13 27 -13 -14 18 21 17 -18 -19 22 26 -22 25 24 -25 -26 -27 -28 29 -30 -31
leaf_value=1.7313804836822269e-06 2.3664743846142225e-06 -5.1291561987909523e-06 2.5316560428986386e-07 -3.4054786348341234e-07 3.9675292822494163e-06 -2.5165912055464497e-06 1.2586455795300297e-07 -1.5693292638396806e-06 9.5742008679119581e-09 -7.3706916153138903e-07 6.1003555155518074e-07 2.4488189165339236e-07 1.102830005947908e-06 5.3755668053915672e-07 1.2917561674287623e-06 -4.0154567278434464e-07 1.579847849134024e-06 -2.9850435319568116e-06 -3.2420596548825798e-06 7.6949174475278911e-07 3.3402968727256977e-06 -6.3903462024909963e-08 9.8841068447954848e-07 1.2425777089398506e-07 -7.4363803517868458e-09 1.1667743336829518e-06 -9.0531014389904012e-08 -1.1421743580648813e-07 -1.5336649006431323e-07 -1.0638547448849068e-06
leaf_weight=23 23 20 28 28 20 21 27 40 1329 84 63 48 55 48 28 21 29 37 38 30 28 593 72 202 3528 24 206 67 84 20
leaf_count=23 23 20 28 28 20 21 27 40 1329 84 63 48 55 48 28 21 29 37 38 30 28 593 72 202 3528 24 206 67 84 20
internal_value=-9.00209e-16 -4.64661e-08 -1.98947e-06 1.42527e-08 1.45448e-06 -3.22063e-08 -1.03021e-06 1.06043e-09 -3.65588e-08 1.39398e-08 3.58027e-07 7.26424e-07 1.47544e-06 -7.6695e-09 -1.33211e-07 -7.89341e-07 -1.42462e-07 -2.04964e-06 1.70034e-08 3.96687e-07 1.57015e-06 4.07395e-08 -1.38459e-08 -4.08742e-07 1.24806e-08 -1.60327e-08 1.87939e-08 -1.44453e-08 1.73806e-07 -3.32525e-07
internal_weight=6864 1584 48 1536 48 1488 48 1440 1369 5280 312 71 78 4968 816 171 113 58 4152 312 76 645 3840 240 3600 617 236 234 147 87
internal_count=6864 1584 48 1536 48 1488 48 1440 1369 5280 312 71 78 4968 816 171 113 58 4152 312 76 645 3840 240 3600 617 236 234 147 87
is_linear=0
shrinkage=0.05


Tree=238
num_leaves=25
num_cat=0
split_feature=14 11 7 5 14 5 12 12 14 7 14 7 11 12 14 4 14 15 11 11 16 24 15 21
split_gain=1.75588e-09 8.37014e-09 8.02458e-09 5.87693e-09 4.21324e-09 2.35506e-08 6.62494e-09 6.13399e-09 4.63695e-09 1.16321e-08 5.93896e-09 2.3195e-08 3.29427e-08 8.18877e-09 4.58894e-09 3.36376e-08 1.15573e-08 2.16233e-09 1.43703e-09 1.23211e-09 2.1586e-10 2.48495e-10 8.14223e-11 4.65709e-11
threshold=-0.99467753128998015 19.706250000000001 120.56909060280769 13.250000000000002 -0.9905448150984083 13.750000000000002 0.37940952255126054 -0.78656609248549292 -0.98523971305672675 129.28243931962555 -0.95995996396290595 137.56077128556549 17.806250000000002 0.78656609248549325 -0.94975917145599731 53.500000000000007 -0.9442364261229238 -0.022575793296316496 17.806250000000002 21.771875000000005 3.5649999999999999 0.00028524219531598133 0.063390085881955341 222.50000000000003
decision_type=2 2 2 2 2 2 2 2 2 2 2 2 2 2 2 2 2 2 2 2 2 2 2 2
left_child=1 3 19 17 5 6 7 -2 9 20 11 13 -13 -10 15 -12 -16 -1 -19 -3 -6 -22 23 -21
right_child=4 2 -4 -5 8 -7 -8 -9 10 -11 14 12 -14 -15 16 -17 -18 18 -20 22 21 -23 -24 -25
leaf_value=4.2133569428714459e-09 -2.206816467875683e-07 3.7788832548040121e-07 -9.9934034096804676e-07 1.169042325462518e-06 1.5242492281686282e-07 -1.8140858650267112e-06 -5.2854657907846255e-07 9.3461562853062957e-07 1.6891669978844905e-07 1.2720119563880417e-06 -4.0929967189311299e-07 -1.9493037437795841e-08 -2.3134313143349702e-06 -4.8393323451770918e-07 -7.7291411588002266e-07 1.5045688477088286e-06 6.0718129949375848e-09 2.3121502621847869e-07 8.3059498003024145e-07 6.9421049175844016e-08 -1.695887521841704e-07 5.6253616097857e-08 -9.2991195290080351e-08 -1.3017154450134158e-08
leaf_weight=38 20 23 21 24 21 21 28 27 184 25 58 34 29 65 48 38 5928 20 20 21 21 29 28 93
leaf_count=38 20 23 21 24 21 21 28 27 184 25 58 34 29 65 48 38 5928 20 20 21 21 29 28 93
internal_value=3.3285e-16 1.20841e-07 -7.877e-08 4.84837e-07 -5.29229e-09 -3.34105e-07 8.02891e-08 4.43e-07 -4.20985e-10 3.44492e-07 -5.60764e-09 -2.18357e-07 -1.07543e-06 -1.50597e-09 5.32412e-09 3.48273e-07 -1.85102e-10 2.74312e-07 5.30905e-07 3.83935e-08 1.79002e-08 -3.86002e-08 -1.65951e-08 2.16883e-09
internal_weight=6864 288 186 102 6576 96 75 47 6480 96 6384 312 63 249 6072 96 5976 78 40 165 71 50 142 114
internal_count=6864 288 186 102 6576 96 75 47 6480 96 6384 312 63 249 6072 96 5976 78 40 165 71 50 142 114
is_linear=0
shrinkage=0.05


Tree=239
num_leaves=30
num_cat=0
split_feature=5 9 12 5 9 15 15 15 8 5 5 11 3 11 8 9 5 9 11 15 14 11 27 8 12 9 9 14 14
split_gain=1.74507e-09 5.30004e-09 1.45117e-08 2.65241e-09 1.698e-08 2.51668e-08 3.06571e-08 3.93585e-08 1.36035e-08 1.10111e-08 6.65011e-09 3.24242e-08 2.5647e-08 1.08797e-08 1.34463e-08 6.31663e-09 1.2983e-08 7.65057e-09 5.48285e-09 2.36902e-08 3.05116e-08 9.60262e-09 2.41886e-08 1.23029e-08 1.94546e-09 1.75091e-09 1.05515e-09 6.91037e-10 2.04014e-10
threshold=19.150000000000002 -40.273401791306568 0.12940952255126045 12.750000000000002 -31.55922528095795 -0.96234030595689413 -0.67801649466304881 -0.52765736634565841 309.20321761752024 14.15 11.850000000000003 15.915625000000002 14.750000000000002 17.103125000000002 305.40460532271948 -21.727977670815978 14.450000000000001 -13.755815834596119 11.509375000000002 1.0000000180025095e-35 0.9916835347852474 15.915625000000002 99.500000000000014 32.156992758362215 0.78656609248549325 -13.397368471169356 -23.198879681637958 0.98802474685579866 -0.94975917145599731
decision_type=2 2 2 2 2 2 2 2 2 2 2 2 2 2 2 2 2 2 2 2 2 2 2 2 2 2 2 2 2
left_child=3 2 -2 10 5 -5 9 -8 15 -7 18 12 -12 -13 -15 16 -6 -17 19 -1 -21 22 -20 -23 26 -26 -3 28 -28
right_child=1 24 -4 4 8 6 7 -9 -10 -11 11 13 -14 14 -16 17 -18 -19 21 20 -22 23 -24 -25 25 -27 27 -29 -30
leaf_value=1.6003399108756511e-06 1.3725023917134293e-06 -3.8113903172209973e-07 -1.4520970871166762e-07 -1.5641487500585673e-06 -1.0510130680683818e-06 1.7309242722453954e-06 -1.6632657181394106e-06 -1.6104496049146528e-07 9.7227116814768105e-07 3.034200855316678e-07 1.7310310672276805e-07 -9.074718534442393e-07 2.1788603499949072e-06 -2.6224747575166996e-09 1.0159675477597022e-06 5.5070779027414228e-07 1.0753438245278073e-07 1.5180898232971135e-09 -9.8940035784854342e-08 5.550663420958049e-07 -8.9978144236132124e-07 5.1108678422906459e-07 -1.2619411392130529e-06 4.6305238980090803e-09 6.5537945461290384e-07 5.5895058390194267e-08 -1.32545094082559e-07 -2.8603605773724893e-07 3.4443053985765284e-08
leaf_weight=28 28 20 36 38 42 22 52 270 37 35 30 29 34 324 36 67 57 1185 917 98 57 125 47 2946 21 29 20 20 214
leaf_count=28 28 20 36 38 42 22 52 270 37 35 30 29 34 324 36 67 57 1185 917 98 57 125 47 2946 21 29 20 20 214
internal_value=-5.72237e-16 1.02997e-07 5.18789e-07 -6.17092e-09 -5.76467e-08 -3.37433e-07 -2.14438e-07 -4.0364e-07 2.64102e-08 8.54387e-07 1.37207e-08 1.95768e-07 1.23866e-06 2.41863e-08 9.92365e-08 5.05751e-10 -3.83971e-07 3.09076e-08 -5.83058e-09 2.6185e-07 2.00578e-08 -1.79707e-08 -1.55642e-07 2.5245e-08 2.08652e-08 3.07679e-07 -3.1473e-08 -3.94019e-09 2.01706e-08
internal_weight=6864 388 64 6476 1805 417 379 322 1388 57 4671 453 64 389 360 1351 99 1252 4218 183 155 4035 964 3071 324 50 274 254 234
internal_count=6864 388 64 6476 1805 417 379 322 1388 57 4671 453 64 389 360 1351 99 1252 4218 183 155 4035 964 3071 324 50 274 254 234
is_linear=0
shrinkage=0.05


Tree=240
num_leaves=31
num_cat=0
split_feature=15 14 2 14 6 14 17 11 11 27 15 11 7 5 15 15 2 9 11 15 11 5 11 15 7 15 27 9 7 5
split_gain=1.70371e-09 6.68105e-08 1.21364e-07 3.71839e-08 7.09356e-08 1.78107e-08 2.98043e-08 1.43766e-08 4.45802e-08 1.82366e-08 1.38708e-08 4.70154e-08 9.27154e-09 5.80809e-09 5.59187e-09 5.09268e-08 8.79324e-08 2.07608e-08 1.88583e-08 5.68553e-09 6.08628e-08 9.12338e-08 2.58273e-08 1.4554e-08 8.04517e-08 2.52441e-08 5.06853e-09 7.72623e-09 4.62569e-09 4.17027e-09
threshold=-0.84313311835787952 0.51297097409535064 19.500000000000004 0.48314048284850658 3.1265000000000006e-05 0.45273815774107123 0.81985722346091383 15.512500000000001 16.015625000000004 19.833333333333339 -0.77788789561442695 19.706250000000001 103.91142789716223 8.9500000000000011 -0.65883892954715351 -0.67168186667784702 4.5000000000000009 -43.03020306360753 13.231250000000001 -0.46800559042974538 16.015625000000004 10.450000000000001 18.212500000000002 -0.39036009226888674 135.88385556819316 -0.36648370705903521 5.5000000000000009 -3.7542068917896425 96.527316096075239 10.550000000000002
decision_type=2 2 2 2 2 2 2 2 2 2 2 2 2 2 2 2 2 2 2 2 2 2 2 2 2 2 2 2 2 2
left_child=1 3 -3 5 -5 7 -7 9 -9 -1 11 12 -2 -14 15 17 -17 -12 -19 20 21 -16 -22 24 -21 -25 27 29 -28 -13
right_child=10 2 -4 4 -6 6 -8 8 -10 -11 14 26 13 -15 19 16 -18 18 -20 23 22 -23 -24 25 -26 -27 28 -29 -30 -31
leaf_value=1.9630436008810649e-06 5.3040183161101601e-07 -4.8572016814318889e-06 2.4246334834491074e-07 3.3856000057945175e-06 -4.6198966765587104e-07 -2.3924754562661596e-06 1.1905350727974768e-07 -1.8260170856579218e-06 7.5087826129421603e-09 2.0821208444862065e-07 1.2949256250945399e-06 1.9737987940970928e-07 2.2510073782606405e-06 1.232597732011723e-06 4.3294475810284892e-06 -4.2460656493403803e-06 9.4748245668288942e-08 1.3686035718559912e-06 -1.7037355192293695e-07 -7.0345692242007445e-08 -9.5363895858458756e-07 5.062714769376047e-07 7.9841546656227925e-08 9.395213050803856e-07 -3.0157825971872839e-06 -6.2165059676904535e-09 -1.2062933718714369e-07 -7.1402643988868968e-08 -9.8712334448691776e-07 1.18458543617342e-06
leaf_weight=20 22 20 28 23 25 21 27 34 1329 57 29 20 28 28 20 20 28 21 382 214 69 71 488 72 26 3528 67 104 20 23
leaf_count=20 22 20 28 23 25 21 27 34 1329 57 29 20 28 28 20 20 28 21 382 214 69 71 488 72 26 3528 67 104 20 23
internal_value=-4.67856e-16 -4.54798e-08 -1.8824e-06 1.19239e-08 1.38165e-06 -3.22607e-08 -9.7974e-07 -6.78089e-10 -3.82285e-08 6.64012e-07 1.36439e-08 3.37027e-07 1.40013e-06 1.7418e-06 -6.66513e-09 -1.6887e-07 -1.71392e-06 2.80283e-09 -9.01787e-08 1.0683e-08 1.47679e-07 1.34653e-06 -4.81839e-08 -1.24351e-08 -3.89435e-07 1.26983e-08 -1.73395e-08 1.61682e-07 -3.19823e-07 7.2542e-07
internal_weight=6864 1584 48 1536 48 1488 48 1440 1363 77 5280 312 78 56 4968 480 48 432 403 4488 648 91 557 3840 240 3600 234 147 87 43
internal_count=6864 1584 48 1536 48 1488 48 1440 1363 77 5280 312 78 56 4968 480 48 432 403 4488 648 91 557 3840 240 3600 234 147 87 43
is_linear=0
shrinkage=0.05


Tree=241
num_leaves=28
num_cat=0
split_feature=27 7 14 15 14 11 15 5 7 27 7 14 27 7 14 7 3 27 14 3 7 3 8 11 0 15 11
split_gain=1.79849e-09 1.36674e-08 5.11183e-08 3.72552e-08 1.4193e-08 1.25647e-08 2.21744e-08 1.12681e-08 1.10127e-08 5.31722e-09 1.53475e-08 7.01321e-09 1.85864e-08 2.122e-08 1.29751e-08 4.78662e-08 1.58561e-08 2.54936e-08 1.21139e-08 1.43213e-08 5.40539e-09 4.67164e-09 1.83885e-09 2.20457e-09 1.43787e-09 8.1884e-10 7.13822e-10
threshold=95.166666666666671 123.67354295476771 0.91596454896554913 0.49064204624668717 0.71503381463111937 15.115625000000001 -0.31800055644052067 9.2500000000000018 112.33436739144402 92.833333333333357 126.76179636843794 0.99700008544936913 67.833333333333357 102.79661336559091 0.9916835347852474 123.19889114156894 10.550000000000002 35.166666666666679 0.99818282439137029 11.550000000000002 143.43025076091413 17.350000000000005 83.427031669843657 18.309375000000006 4.5000000000000009 0.21652257995689161 13.956250000000002
decision_type=2 2 2 2 2 2 2 2 2 2 2 2 2 2 2 2 2 2 2 2 2 2 2 2 2 2 2
left_child=9 5 3 4 21 6 -2 -5 22 11 25 14 18 -14 16 24 17 -1 -13 -20 -18 -3 -7 -24 -16 -11 -8
right_child=1 2 -4 7 -6 8 26 -9 -10 10 -12 12 13 -15 15 -17 20 -19 19 -21 -22 -23 23 -25 -26 -27 -28
leaf_value=2.2675712921227386e-06 -1.9827488710110301e-06 7.4457691401063211e-07 -1.6133079858112373e-06 5.6708116365674266e-07 2.843644840027082e-06 4.0823843174090754e-07 1.3230762901628167e-07 -8.3158561944666571e-07 9.3109049047232917e-07 2.9434534825921987e-07 -1.3337480332854191e-06 8.8302654047868509e-07 -4.3762428601569678e-10 2.1555268263000471e-06 4.5136817590218929e-07 -2.0249791317395206e-06 4.0810804583666046e-09 1.7851533124926659e-08 -1.4460324028675587e-06 3.620212044182351e-08 -1.8023014705424303e-07 1.7637217473003892e-06 -4.0470496412805648e-07 -4.5330966923883628e-09 -3.4247588835403318e-09 -9.5327919329741525e-08 -2.684541874486968e-07
leaf_weight=20 22 23 24 36 20 24 25 24 33 26 29 31 21 25 24 37 5312 34 20 88 430 22 38 365 63 28 20
leaf_count=20 22 23 24 36 20 24 25 24 33 26 29 31 21 25 24 37 5312 34 20 88 430 22 38 365 63 28 20
internal_value=-1.15442e-17 7.74349e-08 5.00252e-07 9.06055e-07 1.73539e-06 -4.21092e-08 -6.81819e-07 7.61445e-09 5.1066e-08 -8.45927e-09 -4.05963e-07 -3.05505e-09 3.00097e-07 1.17128e-06 -1.25286e-08 -5.18606e-07 -1.7015e-09 8.51081e-07 1.17911e-08 -2.38286e-07 -9.7214e-09 1.24283e-06 -1.69453e-08 -4.22664e-08 1.22035e-07 9.22925e-08 -4.58087e-08
internal_weight=6864 676 149 125 65 527 67 60 460 6188 83 6105 185 46 5920 124 5796 54 139 108 5742 45 427 403 87 54 45
internal_count=6864 676 149 125 65 527 67 60 460 6188 83 6105 185 46 5920 124 5796 54 139 108 5742 45 427 403 87 54 45
is_linear=0
shrinkage=0.05


Tree=242
num_leaves=24
num_cat=0
split_feature=14 14 11 5 5 0 7 8 5 5 8 13 14 7 14 14 8 27 27 13 4 27 18
split_gain=1.80914e-09 1.02782e-08 2.13585e-08 1.02414e-08 2.9628e-08 4.71051e-08 2.53748e-08 1.96493e-08 1.37528e-08 9.42716e-09 3.82747e-08 2.2982e-08 9.22381e-09 3.06786e-08 1.19478e-08 6.27576e-09 1.44837e-07 2.08748e-08 5.48821e-09 3.03041e-08 6.21398e-09 1.0251e-09 7.81944e-10
threshold=0.93544191479114935 0.94425825643485939 14.903125000000001 8.5500000000000025 7.8500000000000005 4.5000000000000009 140.90444300747774 39.371505767129129 2.8500000000000001 14.050000000000002 278.19924303341639 0.60355339059327384 0.92602006027323147 108.89066524076343 0.92273069556937592 0.89787622492179153 66.461755999284875 88.833333333333357 96.833333333333357 0.78656609248549303 81.500000000000014 81.833333333333357 0.00032419000000000008
decision_type=2 2 2 2 2 2 2 2 2 2 2 2 2 2 2 2 2 2 2 2 2 2 2
left_child=12 2 -2 4 7 -6 9 -3 -9 10 -5 -11 14 22 15 18 -17 -18 20 -20 -1 -4 -14
right_child=1 3 21 6 5 -7 -8 8 -10 11 -12 -13 13 -15 -16 16 17 -19 19 -21 -22 -23 -24
leaf_value=4.5204735385431991e-09 1.6861711644416011e-06 1.4896433055712676e-06 -3.1955677083520383e-07 6.8346265061975446e-08 -3.1656946899261134e-06 -5.3310617294110063e-08 1.4535810019092547e-06 5.3393385718288911e-07 -1.9952441284909708e-07 3.4394922926937575e-08 2.2575003904214763e-06 -1.7307067617428569e-06 4.5940320248405447e-07 -1.9055205004608275e-06 1.1096359687693771e-06 -4.1936236638797538e-06 4.8194322097851985e-07 -1.2559480722984519e-06 -2.1527019974931783e-08 1.0249779789108159e-06 -1.7526213006069816e-07 1.688337441407839e-07 3.9954157756483254e-08
leaf_weight=4579 29 21 21 216 20 31 37 77 376 114 22 22 20 27 24 21 127 20 392 84 537 22 25
leaf_count=4579 29 21 21 216 20 31 37 77 376 114 22 22 20 27 24 21 127 20 392 84 537 22 25
internal_value=1.2709e-16 6.18711e-08 6.37536e-07 1.75892e-08 -1.28747e-07 -1.27385e-06 2.04515e-07 -5.53958e-09 -7.48527e-08 8.09446e-08 2.70705e-07 -2.51136e-07 -1.06499e-08 -5.73085e-07 -3.64868e-09 -8.28737e-09 -3.09394e-07 2.45495e-07 7.5877e-10 1.6315e-07 -1.43504e-08 -6.96826e-08 2.26376e-07
internal_weight=6864 1008 72 936 525 51 411 474 453 374 238 136 5856 72 5784 5760 168 147 5592 476 5116 43 45
internal_count=6864 1008 72 936 525 51 411 474 453 374 238 136 5856 72 5784 5760 168 147 5592 476 5116 43 45
is_linear=0
shrinkage=0.05


Tree=243
num_leaves=25
num_cat=0
split_feature=5 14 8 8 8 4 27 2 5 15 8 5 27 27 13 4 5 27 5 3 7 27 11 15
split_gain=1.75998e-09 5.7725e-09 1.62649e-08 1.35458e-08 1.56021e-08 1.40711e-08 6.58809e-09 5.59116e-09 4.01941e-09 3.19669e-09 4.80779e-09 3.14173e-09 2.71022e-09 1.50569e-08 2.34591e-08 1.36631e-08 1.13302e-08 8.27342e-09 4.89935e-09 1.63013e-08 5.14971e-09 2.4578e-09 1.77745e-09 6.48941e-10
threshold=17.550000000000004 0.84773968378660736 283.75853523373308 276.95746004101466 332.69128857788991 32.500000000000007 32.166666666666679 115.50000000000001 17.350000000000005 -0.97111920233974802 60.018757306842453 23.650000000000002 85.833333333333357 88.833333333333357 0.60355339059327384 83.500000000000014 6.5500000000000007 84.833333333333357 1.4500000000000002 16.950000000000003 113.87962408466828 87.166666666666671 13.05625 0.11478523713130606
decision_type=2 2 2 2 2 2 2 2 2 2 2 2 2 2 2 2 2 2 2 2 2 2 2 2
left_child=8 3 6 9 5 -5 7 -3 12 -2 -11 23 17 14 21 -15 -17 18 19 -1 -20 -14 -12 -8
right_child=1 2 -4 4 -6 -7 11 -9 -10 10 22 -13 13 15 -16 16 -18 -19 20 -21 -22 -23 -24 -25
leaf_value=-3.6517791747096107e-07 -4.9148716698255155e-07 1.1715233706866002e-06 -1.2274331371979013e-06 2.5852192834463496e-07 -3.3822303694683971e-07 1.9706789153891201e-06 -2.4803759042235639e-07 6.8529307805386421e-08 -5.8546521965278477e-07 6.8880827902537408e-07 4.1313375721207695e-07 -7.4413321968336279e-07 5.0656734427908154e-07 -9.3880457402069819e-07 2.0434353945830709e-06 3.7010774372019685e-07 -5.959526741829498e-08 -1.0338283571798001e-06 1.2932940145286507e-08 1.0544244686018699e-06 -9.3852559585983364e-08 -1.9510714764145671e-07 4.0125263817172129e-09 7.0391373722481862e-08
leaf_weight=39 25 20 30 20 21 30 24 27 30 31 29 20 24 36 24 211 562 20 3557 42 1654 26 314 48
leaf_count=39 25 20 30 20 21 30 24 27 30 31 29 20 24 36 24 211 562 20 3557 42 1654 26 314 48
internal_value=6.59641e-16 7.90232e-08 -1.71592e-07 1.69138e-07 8.05467e-07 1.28582e-06 5.62876e-08 5.37888e-07 -8.11177e-09 5.59065e-08 9.2497e-08 -1.89748e-07 -5.31587e-09 7.5799e-08 7.58477e-07 1.33538e-08 5.76975e-08 -1.87994e-08 -1.49633e-08 3.70912e-07 -2.09614e-08 1.41697e-07 3.8603e-08 -3.57516e-08
internal_weight=6864 639 169 470 71 50 139 47 6225 399 374 92 6195 883 74 809 773 5312 5292 81 5211 50 343 72
internal_count=6864 639 169 470 71 50 139 47 6225 399 374 92 6195 883 74 809 773 5312 5292 81 5211 50 343 72
is_linear=0
shrinkage=0.05


Tree=244
num_leaves=31
num_cat=0
split_feature=15 15 7 14 7 8 14 14 14 11 27 27 7 8 27 15 27 9 3 15 14 8 9 11 3 8 9 7 8 0
split_gain=1.70369e-09 3.5867e-08 8.5616e-08 2.23747e-08 3.50785e-08 6.36297e-09 1.58313e-08 5.51508e-08 1.14341e-08 4.90808e-09 1.94267e-08 4.67882e-08 6.90767e-08 6.132e-08 2.71367e-08 3.56369e-08 2.5594e-08 1.51683e-08 4.52654e-08 3.04739e-08 1.19462e-08 1.10189e-08 8.35567e-09 3.56934e-09 1.06479e-08 9.63721e-09 6.80138e-09 2.48736e-09 4.1183e-10 2.45827e-10
threshold=0.63255009372278048 0.59175731018202693 117.13498875858807 0.75580964594513067 111.05056713192236 93.262171077954676 0.31799963745711152 0.42958674266195179 0.7090011537757156 16.415625000000002 19.500000000000004 6.8333333333333348 121.39466129851606 324.71483944320204 25.166666666666668 -0.39827153806311183 30.166666666666668 -40.710067886046815 17.250000000000004 0.24164313636530552 -0.95500086777008153 342.23210573242926 -39.873496590104615 18.603125000000002 17.050000000000004 266.80641326676363 -57.55109063593499 105.40333196784904 243.93790207498878 259.50000000000006
decision_type=2 2 2 2 2 2 2 2 2 2 2 2 2 2 2 2 2 2 2 2 2 2 2 2 2 2 2 2 2 2
left_child=1 9 29 5 -5 6 -2 -8 -9 10 11 13 -13 -1 15 -12 -16 18 20 -20 -11 22 -19 24 26 -26 -7 28 -25 -3
right_child=3 2 -4 4 -6 23 7 8 -10 17 14 12 -14 -15 16 -17 -18 21 19 -21 -22 -23 -24 27 25 -27 -28 -29 -30 -31
leaf_value=2.6592190165775163e-07 1.2742135604157463e-06 9.0958273531105947e-08 -3.3455482497191513e-06 -2.9254560434439319e-08 2.712429349003287e-06 3.3267742702951653e-07 -2.2276413744748425e-06 2.7065926253923e-07 1.6056391302754492e-06 -7.8781629624591879e-07 -2.1808859621330611e-06 -1.8469318414439464e-07 2.2008066538983835e-06 -2.7095403902421822e-06 1.1540391642483885e-06 2.8566058081954304e-07 -7.9618443401603653e-09 9.9599829928549663e-07 -3.9517780468680468e-09 -1.9214884249859926e-06 -2.342708078657552e-06 9.4759471729107211e-07 -3.9963042915434911e-09 4.5324400911788945e-08 -1.5795049545704506e-07 -1.590221049612054e-06 -1.767274318268793e-07 5.9947962824935532e-07 -1.198463981684957e-07 3.2520599475560634e-07
leaf_weight=129 33 21 27 28 20 85 22 81 20 21 32 53 71 20 50 27 907 21 356 22 30 31 3966 372 24 23 286 20 42 24
leaf_count=129 33 21 27 28 20 85 22 81 20 21 32 53 71 20 50 27 907 21 356 22 30 31 3966 372 24 23 286 20 42 24
internal_value=1.8731e-16 -1.06217e-08 -1.11965e-06 5.84195e-08 1.11311e-06 8.19591e-09 3.01776e-07 4.08786e-08 5.35012e-07 3.29913e-09 8.92061e-08 4.63669e-07 1.1812e-06 -1.33469e-07 -1.14124e-08 -1.05213e-06 5.27488e-08 -2.16017e-08 -3.04207e-07 -1.15554e-07 -1.70246e-06 8.57194e-09 1.27079e-09 -4.55583e-08 -1.49838e-07 -8.58849e-07 -6.00174e-08 5.48772e-08 2.85679e-08 2.1589e-07
internal_weight=6864 5808 72 1056 48 1008 156 123 101 5736 1289 273 124 149 1016 59 957 4447 429 378 51 4018 3987 852 418 47 371 434 414 45
internal_count=6864 5808 72 1056 48 1008 156 123 101 5736 1289 273 124 149 1016 59 957 4447 429 378 51 4018 3987 852 418 47 371 434 414 45
is_linear=0
shrinkage=0.05


Tree=245
num_leaves=28
num_cat=0
split_feature=5 7 11 27 27 8 7 9 3 5 9 3 7 5 5 7 8 27 3 4 8 8 11 8 5 7 27
split_gain=1.75298e-09 1.61894e-08 1.29936e-08 5.89015e-08 5.33398e-08 7.15174e-08 2.84962e-08 1.54017e-08 4.64526e-08 2.83378e-08 9.38315e-09 3.36919e-08 1.60145e-08 1.62525e-08 1.01014e-08 3.62517e-08 9.73276e-09 2.07227e-08 9.16004e-09 7.17001e-09 1.47885e-08 6.30278e-09 6.16238e-09 4.10283e-09 7.46338e-09 3.70279e-09 9.13958e-10
threshold=9.7500000000000018 165.99672506483276 16.415625000000002 1.8333333333333337 26.500000000000004 307.34699126094887 131.69743605451291 -40.710067886046815 17.150000000000002 10.750000000000002 -62.565047217481755 18.150000000000002 148.75392157052846 4.9500000000000011 9.6500000000000004 119.11912633898145 309.20321761752024 34.833333333333336 12.850000000000003 2.5000000000000004 62.121740979040858 294.7852751162809 18.706250000000001 75.23272186807732 17.450000000000003 125.37385282815569 6.8333333333333348
decision_type=2 2 2 2 2 2 2 2 2 2 2 2 2 2 2 2 2 2 2 2 2 2 2 2 2 2 2
left_child=10 2 3 -2 5 -5 -6 8 -4 -10 11 18 14 -14 16 26 22 -18 -1 21 -21 -20 -12 24 -9 -25 -16
right_child=1 -3 7 4 6 -7 -8 23 9 -11 12 -13 13 -15 15 -17 17 -19 19 20 -22 -23 -24 25 -26 -27 -28
leaf_value=1.4991767670835544e-06 2.6092598227478449e-06 -1.3949929019929642e-06 -2.3484697294406945e-06 -2.5264765315391461e-07 1.2210221651340518e-07 -3.4007895151045801e-06 9.1716445250196209e-07 3.1987518295045553e-07 1.4704320945450414e-06 -3.4831946729141307e-07 -1.328133730091233e-07 -1.3419841645827546e-06 -1.8668634671333469e-06 -1.5682819800779478e-07 4.1471616469834775e-07 -2.1583483787708246e-06 6.3149186093514748e-07 -2.5413829403210718e-07 -7.0600077833660185e-07 1.9098833467978695e-06 3.011630531375431e-07 5.4926588177295344e-07 2.1300552123913812e-08 1.1810850805297739e-08 -4.9832926904969101e-07 -3.4502108534676763e-07 -1.5937073641733184e-08
leaf_weight=26 25 20 27 128 351 21 166 216 24 199 1144 25 24 33 22 25 161 112 20 20 50 20 1498 2372 32 75 28
leaf_count=26 25 20 27 128 351 21 166 216 24 199 1144 25 24 33 22 25 161 112 20 20 50 20 1498 2372 32 75 28
internal_value=7.7149e-16 2.36692e-08 3.14727e-08 2.26604e-07 1.37165e-07 -6.96345e-07 3.77383e-07 -1.43119e-08 -3.89736e-07 -1.52579e-07 -2.69747e-08 3.45032e-07 -4.66311e-08 -8.76843e-07 -3.08043e-08 -6.03749e-07 -1.6063e-08 2.68156e-07 6.55145e-07 4.55647e-07 7.60797e-07 -7.83674e-08 -4.54316e-08 2.0514e-08 2.143e-07 8.74032e-10 1.7355e-07
internal_weight=6864 3656 3636 691 666 149 517 2945 250 223 3208 161 3047 57 2990 75 2915 273 136 110 70 40 2642 2695 248 2447 50
internal_count=6864 3656 3636 691 666 149 517 2945 250 223 3208 161 3047 57 2990 75 2915 273 136 110 70 40 2642 2695 248 2447 50
is_linear=0
shrinkage=0.05


Tree=246
num_leaves=25
num_cat=0
split_feature=14 11 11 5 14 27 13 14 8 14 8 5 11 27 7 14 11 14 5 15 3 8 5 6
split_gain=1.5937e-09 7.61479e-09 7.43153e-09 5.33784e-09 3.57744e-09 2.25598e-08 3.0795e-08 4.12648e-09 1.45714e-08 7.83875e-09 4.90112e-08 1.98989e-08 1.20812e-08 6.15925e-09 6.0831e-09 4.21407e-09 3.20293e-08 1.0114e-08 3.24856e-09 1.92932e-09 1.70541e-09 1.23496e-09 2.89468e-10 8.04698e-10
threshold=-0.99467753128998015 19.706250000000001 21.306250000000002 13.250000000000002 -0.9905448150984083 8.8333333333333339 0.60355339059327384 -0.98214942551678475 89.291232074311054 -0.95995996396290595 87.231841338032652 5.7500000000000009 19.303125000000005 25.500000000000004 108.15781937604932 -0.94975917145599731 20.309375000000006 -0.9442364261229238 19.850000000000005 1.0000000180025095e-35 23.050000000000004 92.613874070518492 7.8500000000000005 3.6980000000000008e-05
decision_type=2 2 2 2 2 2 2 2 2 2 2 2 2 2 2 2 2 2 2 2 2 2 2 2
left_child=1 3 -3 19 5 20 -7 8 -6 10 11 -9 -12 -10 -15 16 -11 -17 22 21 -2 -1 -4 -24
right_child=4 2 18 -5 7 6 -8 9 13 15 12 -13 -14 14 -16 17 -18 -19 -20 -21 -22 -23 23 -25
leaf_value=-1.3587423440781253e-07 8.8059775023907608e-07 -7.6859291491260257e-07 1.5288545892389039e-07 1.114378893163348e-06 1.1865661805944856e-06 -2.2074864214349788e-08 -2.4862019234292567e-06 -8.6130486463112465e-07 -7.3866404276679492e-07 1.2469595499868074e-06 6.8531480412675122e-07 -2.7703602139608633e-06 -1.5512549199990422e-07 -4.516836406336508e-08 9.4681513132854896e-07 -7.2312210887363439e-07 -5.7961679331697271e-07 5.6017781224810186e-09 6.467262101596459e-07 5.9397223190720597e-07 2.4929151005521718e-07 3.6759549694969403e-07 -3.4120463027420561e-07 8.3936608235000705e-09
leaf_weight=29 20 32 20 24 33 32 21 39 23 48 61 21 143 68 20 48 48 5928 21 28 23 21 20 93
leaf_count=29 20 32 20 24 33 32 21 39 23 48 61 21 143 68 20 48 48 5928 21 28 23 21 20 93
internal_value=-5.01919e-16 1.15125e-07 -7.52661e-08 4.62309e-07 -5.04197e-09 -3.08031e-07 -9.98427e-07 -5.53241e-10 2.64113e-07 -6.56838e-09 -2.73285e-07 -1.52947e-06 9.61826e-08 -1.01299e-08 1.80282e-07 5.02799e-09 3.33671e-07 -2.51426e-10 6.88018e-08 2.61671e-07 5.42922e-07 7.55831e-08 -2.24494e-08 -5.34821e-08
internal_weight=6864 288 186 102 6576 96 53 6480 144 6336 264 60 204 111 88 6072 96 5976 154 78 43 50 133 113
internal_count=6864 288 186 102 6576 96 53 6480 144 6336 264 60 204 111 88 6072 96 5976 154 78 43 50 133 113
is_linear=0
shrinkage=0.05


Tree=247
num_leaves=28
num_cat=0
split_feature=5 7 11 4 4 14 14 7 14 11 7 8 15 15 15 4 15 4 14 8 14 15 8 8 7 14 7
split_gain=1.6041e-09 1.46204e-08 1.1594e-08 4.23044e-08 2.88508e-08 3.50618e-08 2.2405e-08 1.27906e-08 1.14346e-07 4.97664e-08 7.03356e-09 8.75723e-09 3.1189e-08 5.52646e-08 4.99625e-08 4.46505e-08 4.09173e-08 1.0039e-08 6.35578e-09 1.83491e-08 7.33298e-09 2.58241e-08 1.33733e-08 5.01553e-09 3.80544e-09 3.13088e-09 1.55416e-09
threshold=9.7500000000000018 165.99672506483276 16.415625000000002 1.5000000000000002 27.500000000000004 0.1849296026015865 0.98522604642031408 131.69743605451291 0.76140650896573503 17.203125000000004 163.04565848396837 63.542999601910743 -0.91249077947840473 -0.83849291496497236 -0.93237865822738086 8.5000000000000018 -0.73284120334876357 3.5000000000000004 -0.98803845231459242 280.61888718200242 0.46039464932087154 -0.85674049181790024 297.94689140137353 341.65330520310596 127.83576336438848 0.42958674266195179 106.02644824171743
decision_type=2 2 2 2 2 2 2 2 2 2 2 2 2 2 2 2 2 2 2 2 2 2 2 2 2 2 2
left_child=10 2 3 -2 5 -5 -6 23 9 -9 11 12 14 15 17 -14 -15 -1 19 26 22 -22 -20 24 -4 -12 -13
right_child=1 -3 7 4 6 -7 -8 8 -10 -11 25 18 13 16 -16 -17 -18 -19 20 -21 21 -23 -24 -25 -26 -27 -28
leaf_value=6.5052720384862966e-07 2.0835716340123892e-06 -1.3255233281483925e-06 1.3437469757159104e-08 7.1302554928202568e-07 2.2055801959093073e-07 -9.223426716811707e-07 1.4540698244047691e-06 -1.8794057924272544e-06 -3.7158207458995331e-06 3.2471548161083779e-07 9.8010431152626712e-08 -6.3911633944536355e-08 -1.4763382016378903e-07 1.1584371226344306e-06 2.641510860195757e-06 -2.8092074387586766e-06 -4.1574426730021241e-07 -4.4625467502349371e-07 -3.028972923798569e-08 1.5590086800330029e-06 1.1881711804553376e-06 1.9307704732314234e-08 -4.7185024338582553e-07 -7.7188251339066489e-07 3.9783494637883152e-07 8.6794747506158495e-07 3.8318781911619646e-07
leaf_weight=34 29 20 2631 46 462 114 40 30 23 175 23 77 26 49 22 40 262 54 955 25 49 1326 209 20 66 31 26
leaf_count=34 29 20 2631 46 462 114 40 30 23 175 23 77 26 49 22 40 262 54 955 25 49 1326 209 20 66 31 26
internal_value=9.96907e-17 2.26418e-08 3.00574e-08 2.1438e-07 1.32497e-07 -4.52174e-07 3.18846e-07 -1.3191e-08 -3.72898e-07 2.16115e-09 -2.58037e-08 -3.54911e-08 -2.30462e-07 -4.466e-07 5.10304e-07 -1.76071e-06 -1.67722e-07 -2.2498e-08 1.10955e-10 3.43882e-07 -1.72198e-08 6.09617e-08 -1.09573e-07 1.69943e-08 2.28443e-08 5.40011e-07 4.89484e-08
internal_weight=6864 3656 3636 691 662 160 502 2945 228 205 3208 3154 487 377 110 66 311 88 2667 128 2539 1375 1164 2717 2697 54 103
internal_count=6864 3656 3636 691 662 160 502 2945 228 205 3208 3154 487 377 110 66 311 88 2667 128 2539 1375 1164 2717 2697 54 103
is_linear=0
shrinkage=0.05


Tree=248
num_leaves=18
num_cat=0
split_feature=8 3 4 9 8 3 27 27 15 8 7 7 9 27 4 9 27
split_gain=1.60927e-09 7.60308e-09 1.76882e-08 1.60923e-08 3.28598e-09 2.95268e-08 2.93369e-08 5.16402e-08 1.4949e-08 5.40842e-09 3.58447e-09 3.47368e-08 1.81834e-08 3.15996e-08 1.36513e-08 1.09537e-08 8.29478e-09
threshold=16.085236471260917 16.850000000000005 19.500000000000004 -43.03020306360753 25.454929196434453 17.650000000000002 56.500000000000007 26.166666666666668 -0.71502926860092908 29.375146660507657 136.9205500538076 138.28011922960249 -44.05708191324873 2.8333333333333335 38.500000000000007 -43.03020306360753 37.833333333333336
decision_type=2 2 2 2 2 2 2 2 2 2 2 2 2 2 2 2 2
left_child=1 3 -3 -1 5 6 7 -2 -7 -6 12 16 13 -11 -13 -14 -12
right_child=4 2 -4 -5 9 8 -8 -9 -10 10 11 14 15 -15 -16 -17 -18
leaf_value=1.4687179608935604e-06 -1.7186656394257557e-06 5.1112619110846521e-07 -1.1725137538904235e-06 -4.0252876488011684e-07 7.0811378426090719e-07 -2.4649640354688192e-07 -1.9671122820661618e-06 1.3257970321471172e-06 1.532211922494753e-06 -8.2202930116181962e-07 -8.2644922940744445e-07 1.9497708947122041e-07 -8.0531089816120231e-07 1.1118750624619193e-06 -2.6817294481279004e-07 5.0993235526036945e-09 -2.2492358948511537e-06
leaf_weight=27 26 39 26 20 27 21 33 30 27 28 21 344 42 86 296 5751 20
leaf_count=27 26 39 26 20 27 21 33 30 27 28 21 344 42 86 296 5751 20
internal_value=6.56186e-16 1.87977e-07 -1.6233e-07 6.72443e-07 -3.11809e-09 -2.45495e-07 -7.84563e-07 -8.77035e-08 7.54027e-07 1.90165e-09 -9.92659e-10 -1.09614e-07 1.153e-08 6.36881e-07 -1.92298e-08 -7.76255e-10 -1.52049e-06
internal_weight=6864 112 65 47 6752 137 89 56 48 6615 6588 681 5907 114 640 5793 41
internal_count=6864 112 65 47 6752 137 89 56 48 6615 6588 681 5907 114 640 5793 41
is_linear=0
shrinkage=0.05


Tree=249
num_leaves=25
num_cat=0
split_feature=14 15 3 15 5 9 4 7 7 14 8 8 14 7 14 14 8 11 14 8 14 4 18 14
split_gain=1.66411e-09 1.00491e-08 2.37234e-08 1.55263e-08 3.57134e-08 1.10507e-07 1.53916e-08 2.97568e-08 2.88986e-08 1.82686e-08 1.7581e-08 1.52968e-08 8.26014e-09 2.77223e-08 1.06566e-08 5.71222e-09 1.28265e-07 1.40485e-08 4.9128e-09 7.49914e-08 1.92407e-08 1.01405e-09 7.35603e-10 8.15655e-11
threshold=0.93544191479114935 -0.30164489695395946 14.950000000000001 -0.23537842981696178 5.3500000000000005 -8.3426366505336436 43.500000000000007 140.90444300747774 145.10776148299135 0.97696484778429815 295.7289486671886 60.018757306842453 0.92602006027323147 108.89066524076343 0.92273069556937592 0.89787622492179153 66.461755999284875 17.203125000000004 0.85226249403558707 51.825694037050148 0.84313847884979054 89.500000000000014 0.00032419000000000008 0.96234642434711437
decision_type=2 2 2 2 2 2 2 2 2 2 2 2 2 2 2 2 2 2 2 2 2 2 2 2
left_child=12 2 -2 4 -3 -6 7 10 11 -9 -5 -8 14 22 15 18 -17 -18 20 -20 -1 -4 -14 -7
right_child=1 3 21 6 5 23 8 9 -10 -11 -12 -13 13 -15 -16 16 17 -19 19 -21 -22 -23 -24 -25
leaf_value=-7.1174832512331519e-10 1.996804828443353e-06 8.7902001685483025e-07 -2.1744522704164845e-07 2.9862464135414398e-08 -4.3341731878854266e-06 4.1542052940712898e-08 1.0460311201651137e-06 2.5321502692219967e-06 -1.5619147199796509e-06 6.564862353704538e-07 1.2188970034083683e-06 -1.1656952241695453e-07 4.4352375297762599e-07 -1.8090681502750765e-06 1.0478182420096497e-06 -3.9505031270978396e-06 7.7594724879977902e-07 -2.0824668965940142e-07 2.7078973575785146e-06 -7.3234922513381523e-08 -1.0063114254628877e-06 2.3434617662377166e-07 3.6693759597028476e-08 1.7354722123224584e-07
leaf_weight=5280 22 29 23 363 20 25 31 21 33 34 34 324 20 27 24 21 65 82 27 237 48 27 25 22
leaf_count=5280 22 29 23 363 20 25 31 21 33 34 34 324 20 27 24 21 65 82 27 237 48 27 25 22
internal_value=-2.30824e-17 5.93393e-08 6.28553e-07 1.55537e-08 -5.86826e-07 -1.2213e-06 8.4397e-08 2.82695e-07 -1.4661e-07 1.37265e-06 1.31694e-07 -1.50466e-08 -1.02141e-08 -5.42459e-07 -3.5887e-09 -7.96956e-09 -2.95239e-07 2.26941e-07 6.60868e-10 2.11199e-07 -9.7712e-09 2.65221e-08 2.17507e-07 1.03332e-07
internal_weight=6864 1008 72 936 96 67 840 452 388 55 397 355 5856 72 5784 5760 168 147 5592 264 5328 50 45 47
internal_count=6864 1008 72 936 96 67 840 452 388 55 397 355 5856 72 5784 5760 168 147 5592 264 5328 50 45 47
is_linear=0
shrinkage=0.05


Tree=250
num_leaves=31
num_cat=0
split_feature=15 15 9 14 9 8 4 5 5 5 8 9 14 8 5 11 27 27 13 8 5 27 9 14 5 5 13 9 8 9
split_gain=1.57341e-09 3.20802e-08 7.6743e-08 2.0129e-08 3.1428e-08 5.62314e-09 7.08547e-09 8.42367e-09 1.01862e-08 5.95872e-09 1.70228e-08 1.54895e-08 6.98928e-09 5.37848e-09 4.01661e-09 3.87003e-09 1.80484e-08 4.42204e-08 8.44274e-08 5.64429e-08 2.28196e-08 2.6785e-08 1.27691e-08 3.27684e-08 9.49572e-08 1.06177e-08 3.19381e-08 1.16094e-08 2.46958e-09 7.9286e-10
threshold=0.63255009372278048 0.59175731018202693 -21.727977670815978 0.75580964594513067 -15.154661431034507 243.93790207498878 1.0000000180025095e-35 18.950000000000003 12.350000000000003 8.7500000000000018 93.262171077954676 -62.565047217481755 0.31799963745711152 266.80641326676363 6.7500000000000009 16.415625000000002 19.500000000000004 6.8333333333333348 0.78656609248549303 324.71483944320204 1.5500000000000003 25.166666666666668 -57.55109063593499 -0.99630266176052629 5.9500000000000011 1.4500000000000002 0.60355339059327384 -54.838755348494566 87.882982410337192 -23.198879681637958
decision_type=2 2 2 2 2 2 2 2 2 2 2 2 2 2 2 2 2 2 2 2 2 2 2 2 2 2 2 2 2 2
left_child=1 15 -3 5 -5 9 13 8 -8 10 12 -11 -2 -7 -15 16 17 19 -19 -1 -18 -22 23 -17 -25 26 -24 -27 -13 -12
right_child=3 2 -4 4 -6 6 7 -9 -10 11 29 28 -14 14 -16 22 20 18 -20 -21 21 -23 25 24 -26 27 -28 -29 -30 -31
leaf_value=2.4283433715534682e-07 1.6087905244755907e-06 -3.1664602644283424e-06 2.0538408585303439e-07 2.5703181142944236e-06 -2.4787389071459899e-08 -2.1482368222926935e-07 -2.1824120509809928e-07 5.9421969353934403e-07 -1.0440153683280837e-06 -1.0481861178344415e-06 -2.2457757647525548e-07 5.9146421530645712e-07 5.8351238645654498e-07 9.6730152449708839e-08 9.8435211577032955e-07 8.1321712675966973e-07 -1.291224787410904e-06 4.7239599746106953e-08 2.6986442495559888e-06 -2.6118487767234911e-06 -1.056172441988363e-06 8.9341503568483334e-08 -2.0628475646252524e-07 5.2804215442847637e-07 -3.6914932498651375e-06 1.1035267403792166e-06 2.2233941005348852e-06 -2.2823298090049692e-08 3.4312976838001442e-08 3.8209767502794811e-08
leaf_weight=129 22 27 45 20 28 42 157 23 49 34 37 21 68 25 26 26 34 73 51 20 54 928 38 30 24 23 21 4285 376 128
leaf_count=129 22 27 45 20 28 42 157 23 49 34 37 21 68 25 26 26 34 73 51 20 54 928 38 30 24 23 21 4285 376 128
internal_value=3.89084e-16 -1.02075e-08 -1.05906e-06 5.61415e-08 1.05651e-06 8.50502e-09 -1.63866e-07 -3.13334e-07 -4.14663e-07 8.94137e-08 2.80995e-07 -2.39348e-08 8.34136e-07 2.04181e-07 5.49243e-07 2.95794e-09 7.92412e-08 4.40176e-07 1.13774e-06 -1.40345e-07 -1.77422e-08 2.63499e-08 -1.91534e-08 -6.45137e-07 -1.34731e-06 -7.68589e-09 6.58516e-07 -1.68098e-08 6.37845e-08 -2.07183e-08
internal_weight=6864 5808 72 1056 48 1008 322 229 206 686 255 431 90 93 51 5736 1289 273 124 149 1016 982 4447 80 54 4367 59 4308 397 165
internal_count=6864 5808 72 1056 48 1008 322 229 206 686 255 431 90 93 51 5736 1289 273 124 149 1016 982 4447 80 54 4367 59 4308 397 165
is_linear=0
shrinkage=0.05


Tree=251
num_leaves=31
num_cat=0
split_feature=5 8 3 3 14 4 5 15 5 14 3 27 8 27 5 27 14 15 13 15 4 3 4 3 8 3 13 3 8 13
split_gain=1.58202e-09 8.43042e-09 2.76596e-08 4.38138e-08 6.73041e-08 3.46693e-08 3.35886e-08 2.85864e-08 6.22093e-09 4.7049e-08 1.23051e-08 7.87827e-09 2.6795e-08 3.29434e-08 4.59056e-08 2.65587e-08 2.48453e-08 2.45583e-08 3.28231e-08 1.76906e-08 1.43095e-08 1.39187e-08 4.15306e-09 4.19082e-08 6.81529e-09 2.5157e-08 1.53753e-08 6.10579e-09 2.04383e-08 1.53798e-08
threshold=9.7500000000000018 64.428322586535174 12.050000000000002 14.850000000000003 0.81428061195174062 27.500000000000004 15.750000000000002 -0.69676771491221523 9.6500000000000004 0.89017062131308955 19.450000000000003 34.500000000000007 300.81733271208674 14.500000000000002 4.4500000000000011 36.500000000000007 0.46039464932087154 -0.83849291496497236 0.60355339059327384 1.0000000180025095e-35 58.500000000000007 12.750000000000002 1.5000000000000002 16.450000000000003 309.20321761752024 25.950000000000003 0.60355339059327384 21.450000000000003 301.99754180126826 0.60355339059327384
decision_type=2 2 2 2 2 2 2 2 2 2 2 2 2 2 2 2 2 2 2 2 2 2 2 2 2 2 2 2 2 2
left_child=8 2 -2 5 6 -4 -5 -7 11 10 -10 12 20 16 -15 -13 -14 18 -17 -19 21 -1 23 -3 26 -26 -25 29 -29 -24
right_child=1 22 3 4 -6 7 -8 -9 9 -11 -12 15 13 14 -16 17 -18 19 -20 -21 -22 -23 27 24 25 -27 -28 28 -30 -31
leaf_value=5.6103542840819469e-07 -1.5042198650793249e-06 1.9931452677773061e-06 -5.7958744946517993e-07 5.1124864014915818e-07 -2.6945625406716273e-06 2.0545681720596761e-07 -7.1889750717307125e-07 2.3852644924875867e-06 1.0911433778346692e-06 -2.5579002937803352e-06 -3.7947445918760967e-07 -1.5313620257195738e-06 -2.6577652248673538e-07 3.1284717841537292e-06 4.1615472773570129e-07 -6.3000966320142182e-08 9.2061919861268709e-07 2.080198383897079e-07 -1.6212874585195542e-06 -1.8813987368912965e-07 -1.3205367025309876e-06 -4.5928754240517263e-08 5.1653153378013465e-09 1.290720605090134e-08 -1.5083142939382581e-06 7.0599231281923264e-07 1.1180024089161165e-06 -5.9502184951655318e-09 8.6938602498153226e-07 -3.3709597463452411e-07
leaf_weight=101 22 28 20 242 21 21 72 53 25 20 33 32 114 26 39 83 72 549 57 579 21 1457 1099 681 29 23 33 771 73 468
leaf_count=101 22 28 20 242 21 21 72 53 25 20 33 32 114 26 39 83 72 549 57 579 21 1457 1099 681 29 23 33 771 73 468
internal_value=-2.62433e-17 2.24854e-08 2.24889e-07 3.13561e-07 4.58977e-08 1.26747e-06 2.29177e-07 1.76667e-06 -2.56255e-08 -4.66693e-07 2.54413e-07 -1.46341e-08 5.22248e-08 5.32097e-07 1.50108e-06 -1.08751e-07 1.93473e-07 -7.2849e-08 -6.97446e-07 4.6719e-09 -2.40563e-08 -6.58127e-09 -5.99626e-09 9.31847e-08 2.37345e-08 -5.28909e-07 6.3983e-08 -3.86589e-08 6.97601e-08 -9.70544e-08
internal_weight=6864 3656 451 429 335 94 314 74 3208 78 58 3130 1830 251 65 1300 186 1268 140 1128 1579 1558 3205 794 766 52 714 2411 844 1567
internal_count=6864 3656 451 429 335 94 314 74 3208 78 58 3130 1830 251 65 1300 186 1268 140 1128 1579 1558 3205 794 766 52 714 2411 844 1567
is_linear=0
shrinkage=0.05


Tree=252
num_leaves=27
num_cat=0
split_feature=27 7 14 15 14 11 15 27 7 27 7 14 27 7 14 7 11 11 7 7 7 8 11 0 8 15
split_gain=1.57291e-09 1.18119e-08 4.26251e-08 3.47744e-08 1.29021e-08 1.16892e-08 2.10826e-08 1.00175e-08 9.7388e-09 4.31683e-09 1.31668e-08 6.10293e-09 1.73069e-08 1.93953e-08 1.15038e-08 4.23094e-08 1.20159e-08 1.06279e-08 1.54279e-08 7.84833e-09 3.86345e-09 1.53453e-09 1.94819e-09 1.14815e-09 8.94868e-10 6.86958e-10
threshold=95.166666666666671 123.67354295476771 0.91596454896554913 0.49064204624668717 0.28519915169571858 15.115625000000001 -0.11692317777808843 99.833333333333357 112.33436739144402 92.833333333333357 126.76179636843794 0.99700008544936913 67.833333333333357 115.3141334358147 0.9916835347852474 123.19889114156894 10.262500000000001 11.509375000000002 112.79486125834522 125.9948803317818 143.43025076091413 83.427031669843657 18.309375000000006 4.5000000000000009 251.01029487905785 0.21652257995689161
decision_type=2 2 2 2 2 2 2 2 2 2 2 2 2 2 2 2 2 2 2 2 2 2 2 2 2 2
left_child=9 5 3 4 -3 6 -2 -5 21 11 25 14 17 -14 16 23 19 -13 -19 -1 -18 -7 -23 -16 -8 -11
right_child=1 2 -4 7 -6 8 24 -9 -10 10 -12 12 13 -15 15 -17 20 18 -20 -21 -22 22 -24 -25 -26 -27
leaf_value=1.423867098537812e-07 -1.8053425483230966e-06 1.0621151611408444e-06 -1.4645233799607619e-06 7.3246316071617913e-07 2.5000477124264693e-06 3.7560584621824469e-07 2.4860799547484062e-07 -5.7798828428141343e-07 8.787155444382954e-07 2.8049491697528923e-07 -1.2254216396799762e-06 -8.3182288259801375e-07 2.1995026460676682e-07 2.291023758971278e-06 4.0819614639531214e-07 -1.904639000750231e-06 3.9392182220846386e-09 -6.8215318686191563e-08 1.4138439829800768e-06 1.5263539223399548e-06 -1.5120611467366561e-07 -3.7664706093191343e-07 -4.6361428109023972e-10 1.797533976340248e-09 -2.1350471811842909e-07 -7.6421212748454903e-08
leaf_weight=20 25 39 24 25 26 24 22 35 33 26 29 30 26 20 24 37 5321 87 22 21 434 38 365 63 20 28
leaf_count=20 25 39 24 25 26 24 22 35 33 26 29 30 26 20 24 37 5321 87 22 21 434 38 365 63 20 28
internal_value=3.25301e-16 7.2416e-08 4.65484e-07 8.36046e-07 1.63729e-06 -3.87171e-08 -6.55736e-07 -3.19668e-08 5.11529e-08 -7.91099e-09 -3.66074e-07 -3.04162e-09 2.79753e-07 1.12042e-06 -1.1879e-08 -4.88401e-07 -1.68421e-09 1.54783e-09 2.30916e-07 8.51248e-07 -7.76071e-09 -1.28039e-08 -3.5935e-08 1.13907e-07 2.85543e-08 9.54273e-08
internal_weight=6864 676 149 125 65 527 67 60 460 6188 83 6105 185 46 5920 124 5796 139 109 41 5755 427 403 87 42 54
internal_count=6864 676 149 125 65 527 67 60 460 6188 83 6105 185 46 5920 124 5796 139 109 41 5755 427 403 87 42 54
is_linear=0
shrinkage=0.05


Tree=253
num_leaves=20
num_cat=0
split_feature=5 5 8 7 27 5 27 27 7 4 5 27 5 3 7 7 8 12 5
split_gain=1.44395e-09 3.60801e-09 3.25314e-09 6.49893e-09 1.99847e-08 5.70637e-09 2.59864e-09 1.31767e-08 2.0971e-08 1.21181e-08 9.8765e-09 7.58826e-09 4.30076e-09 1.32341e-08 4.65364e-09 2.10005e-09 6.20468e-09 1.66389e-09 1.31718e-09
threshold=17.550000000000004 17.350000000000005 332.69128857788991 133.72444618317914 80.833333333333357 19.150000000000002 85.833333333333357 88.833333333333357 118.353626780215 83.500000000000014 6.5500000000000007 84.833333333333357 1.4500000000000002 16.950000000000003 113.87962408466828 125.9948803317818 279.28182167500222 0.91597561503675362 9.2500000000000018
decision_type=2 2 2 2 2 2 2 2 2 2 2 2 2 2 2 2 2 2 2
left_child=1 6 3 15 5 -5 11 8 18 -9 -11 12 13 -1 -14 16 17 -2 -8
right_child=2 -3 -4 4 -6 -7 7 9 -10 10 -12 -13 14 -15 -16 -17 -18 -19 -20
leaf_value=-3.1592762085735494e-07 -1.361991246608048e-08 -5.5435598357670803e-07 -4.3672150354723279e-07 5.0054942069740112e-07 -7.453142780664364e-07 1.4757735736263081e-06 -2.3525859557169259e-07 -8.803951925213167e-07 1.7922174111260704e-06 3.4975525922836896e-07 -5.1436461449616361e-08 -9.8999249374287503e-07 1.2372988094151802e-08 9.6316911989360753e-07 -8.9138939305700562e-08 -3.8960043622994688e-07 9.1823171658234067e-07 2.8348799400189495e-07 3.0188616318582719e-07
leaf_weight=39 425 30 30 30 23 30 21 36 28 211 562 20 3557 42 1654 28 20 53 25
leaf_count=39 425 30 30 30 23 30 21 36 28 211 562 20 3557 42 1654 28 20 53 25
internal_value=1.92905e-16 -7.34748e-09 7.15775e-08 9.66169e-08 5.07801e-07 9.88161e-07 -4.69852e-09 7.47289e-08 7.13362e-07 1.63125e-08 5.80738e-08 -1.79015e-08 -1.42277e-08 3.47308e-07 -1.98475e-08 3.17343e-08 5.54238e-08 1.9323e-08 5.66679e-08
internal_weight=6864 6225 639 609 83 60 6195 883 74 809 773 5312 5292 81 5211 526 498 478 46
internal_count=6864 6225 639 609 83 60 6195 883 74 809 773 5312 5292 81 5211 526 498 478 46
is_linear=0
shrinkage=0.05


Tree=254
num_leaves=31
num_cat=0
split_feature=15 15 7 14 8 9 14 8 5 7 9 5 5 13 27 11 5 7 15 7 9 5 14 3 8 9 5 13 9 27
split_gain=1.5377e-09 4.46341e-08 9.57456e-08 1.5462e-08 3.29921e-08 7.79071e-09 5.99133e-09 3.98172e-09 6.1435e-09 2.07212e-08 1.41753e-08 6.02835e-09 1.09655e-08 9.37957e-09 5.26465e-09 3.36919e-09 1.60094e-08 1.38276e-08 5.42728e-08 1.58569e-08 1.16949e-08 4.95908e-08 9.35272e-08 2.61346e-08 1.07439e-08 7.15133e-09 3.28968e-09 3.52648e-10 1.89184e-10 1.88009e-10
threshold=0.61913436964878354 0.59175731018202693 111.05056713192236 0.7090011537757156 83.427031669843657 -21.727977670815978 0.74443451080969758 246.65179520169571 8.7500000000000018 139.65694609264884 -62.565047217481755 16.250000000000004 11.950000000000001 0.98296291314453421 34.500000000000007 16.415625000000002 1.5500000000000003 131.69743605451291 -0.46039597980994923 129.28243931962555 -40.710067886046815 5.8500000000000005 -0.26969676895496814 18.450000000000003 342.23210573242926 -39.873496590104615 3.7500000000000004 -0.12940952255126037 -72.829082963115539 0.50000000000000011
decision_type=2 2 2 2 2 2 2 2 2 2 2 2 2 2 2 2 2 2 2 2 2 2 2 2 2 2 2 2 2 2
left_child=1 15 -3 7 -5 6 -6 8 10 29 28 12 13 -9 -11 16 -1 19 -19 -18 21 23 -23 -17 25 -22 -12 -7 -2 -10
right_child=3 2 -4 4 5 27 -8 11 9 14 26 -13 -14 -15 -16 20 17 18 -20 -21 24 22 -24 -25 -26 -27 -28 -29 -30 -31
leaf_value=-9.5136554205977072e-07 9.8942031968363152e-07 3.5873561985105041e-07 -4.1708246584448721e-06 2.3493853437425322e-06 1.2007207161667838e-07 2.7711750069839104e-08 1.2461301764687961e-06 -2.5614690121113192e-07 -3.6135015523193875e-08 -1.6957712432486007e-06 -4.4403695066871822e-07 5.8999282284434158e-07 -1.0909019661151915e-06 6.9553533544800918e-07 -6.0740284880012051e-07 -8.4690279771549347e-08 5.9961630368842375e-08 2.3682446461011311e-06 1.765539521775796e-07 -7.3947104463084533e-07 9.2138628747848309e-07 -2.2980494766489842e-07 -2.6662674828947317e-06 1.4653826254446427e-06 9.3557342082814085e-07 -3.7389646154986514e-09 1.4718337494158997e-07 -1.992754321000767e-07 1.2068965710909652e-06 6.6336427573331859e-08
leaf_weight=37 20 28 20 21 21 77 27 189 53 20 27 23 34 30 25 57 836 31 318 67 21 274 46 52 31 3966 183 22 20 288
leaf_count=37 20 28 20 21 21 77 27 189 53 20 27 23 34 30 25 57 836 31 318 67 21 274 46 52 31 3966 183 22 20 288
internal_value=-7.84609e-16 -1.02262e-08 -1.52858e-06 5.47671e-08 4.95559e-07 2.30726e-07 7.5348e-07 -2.64314e-08 4.23917e-08 -8.26704e-08 2.35488e-07 -1.85024e-07 -2.5548e-07 -1.25779e-07 -1.09112e-06 2.47968e-09 7.3656e-08 1.03948e-07 3.71231e-07 6.46028e-10 -1.81514e-08 -2.66299e-07 -5.80046e-07 6.54794e-07 8.34324e-09 1.13378e-09 7.11693e-08 -2.27298e-08 1.09816e-06 5.04098e-08
internal_weight=6864 5784 48 1080 168 147 48 912 636 386 250 276 253 219 45 5736 1289 1252 349 903 4447 429 320 109 4018 3987 210 99 40 341
internal_count=6864 5784 48 1080 168 147 48 912 636 386 250 276 253 219 45 5736 1289 1252 349 903 4447 429 320 109 4018 3987 210 99 40 341
is_linear=0
shrinkage=0.05


Tree=255
num_leaves=31
num_cat=0
split_feature=5 5 13 15 27 7 15 7 7 15 5 11 8 5 7 5 8 5 7 8 8 14 15 14 9 5 7 4 12 22
split_gain=1.60621e-09 8.77989e-09 2.91828e-08 9.10385e-09 3.07823e-08 4.53745e-08 2.95001e-08 5.84946e-08 2.12412e-08 2.12064e-08 5.17623e-08 1.90548e-08 1.5434e-08 1.14542e-08 8.6603e-09 7.47916e-09 7.0864e-09 2.24727e-08 1.09062e-08 1.0882e-08 5.30774e-09 4.04126e-08 1.26443e-07 6.16714e-08 9.59892e-09 1.45206e-08 1.05013e-08 3.51532e-09 3.09264e-09 1.42504e-09
threshold=8.1500000000000004 7.8500000000000005 0.78656609248549303 -0.70289845916694649 54.500000000000007 102.25218636244104 -0.30164489695395946 135.34873494515995 129.28243931962555 -0.26037106507032781 5.6500000000000012 15.603125 303.0895009945126 5.6500000000000012 165.99672506483276 2.5500000000000003 342.23210573242926 12.550000000000002 139.65694609264884 357.73097872125072 65.463441007313222 0.89787622492179153 -0.18493013702746822 0.85226249403558707 -59.327696967850336 14.350000000000003 145.10776148299135 95.500000000000014 0.78656609248549325 164.50000000000003
decision_type=2 2 2 2 2 2 2 2 2 2 2 2 2 2 2 2 2 2 2 2 2 2 2 2 2 2 2 2 2 2
left_child=1 3 28 4 8 27 7 11 12 10 -8 -5 -1 -10 16 -11 20 19 -19 -18 21 23 -23 -2 25 -22 -26 -6 29 -3
right_child=14 2 -4 6 5 -7 9 -9 13 15 -12 -13 -14 -15 -16 -17 17 18 -20 -21 24 22 -24 -25 26 -27 -28 -29 -30 -31
leaf_value=-5.8261341294348536e-08 1.7660160066429537e-07 4.2269848643172741e-07 -1.8301488886397146e-06 1.1867845304633109e-06 2.8937274221569736e-07 -2.3954200659975162e-06 8.7214522920930919e-07 2.4440568436797811e-06 -1.8757678162728554e-06 -3.158577769859067e-07 -2.4583077538307766e-06 3.0324013885302175e-08 6.5236799957674119e-07 -3.7372514649784236e-07 -8.2866372129804708e-07 4.8778099897898166e-08 1.9931786845933423e-06 -1.042811456727577e-06 3.9398683173073685e-07 5.1317479961586217e-07 -1.1826591299760973e-06 -4.315038590902986e-06 5.342225377473103e-07 2.6786186624532933e-06 -2.8441961223499732e-09 2.3110833424766497e-07 1.0689139077405105e-06 -5.6005973331589118e-07 -5.4815160138866264e-07 -3.1307466183207377e-08
leaf_weight=540 467 25 29 44 29 36 20 35 22 162 28 187 89 30 30 1066 23 25 28 27 42 20 41 26 3638 32 23 21 23 56
leaf_count=540 467 25 29 44 29 36 20 35 22 162 28 187 89 30 30 1066 23 25 28 27 42 20 41 26 3638 32 23 21 23 56
internal_value=3.28295e-17 -3.25476e-08 -4.27576e-07 -9.79372e-09 -1.50565e-07 -1.04191e-06 6.02269e-08 5.39215e-07 -3.80015e-08 -3.96248e-08 -1.07062e-06 2.50602e-07 4.22888e-08 -1.0092e-06 1.79741e-08 6.7467e-10 2.37571e-08 4.33594e-07 -2.83748e-07 1.19398e-06 1.39149e-08 1.58338e-07 -1.0557e-06 3.08554e-07 -7.50693e-09 -5.713e-07 3.88906e-09 -6.73889e-08 -3.64735e-08 1.08818e-07
internal_weight=6864 2442 133 2309 767 86 1542 266 681 1276 48 231 629 52 4422 1228 4392 103 53 50 4289 554 61 493 3735 74 3661 50 104 81
internal_count=6864 2442 133 2309 767 86 1542 266 681 1276 48 231 629 52 4422 1228 4392 103 53 50 4289 554 61 493 3735 74 3661 50 104 81
is_linear=0
shrinkage=0.05


Tree=256
num_leaves=26
num_cat=0
split_feature=27 14 13 14 14 3 8 14 11 21 5 3 14 13 3 27 14 13 14 8 14 11 5 14 21
split_gain=1.56969e-09 2.08388e-08 2.06769e-08 3.86425e-08 1.10338e-08 1.42021e-08 9.70901e-09 3.54167e-09 1.44513e-08 1.65099e-08 1.95355e-08 2.27426e-08 1.17482e-08 3.22947e-08 1.17989e-08 2.25783e-08 5.90404e-09 1.82612e-08 1.28543e-08 3.46869e-09 8.93004e-09 3.14985e-09 2.67407e-09 1.6591e-09 2.3551e-10
threshold=1.0000000180025095e-35 0.98522604642031408 0.78656609248549303 0.83376496542330847 -0.73354686966117377 15.65 46.670322230074909 0.99466373373798567 10.262500000000001 2.5000000000000004 7.5500000000000007 12.850000000000003 0.9916835347852474 0.60355339059327384 10.550000000000002 35.166666666666679 0.61915405168109316 0.78656609248549303 0.55656748448714433 289.63838648767688 -0.21966676340184951 17.103125000000002 5.2500000000000009 0.99983759474438971 133.50000000000003
decision_type=2 2 2 2 2 2 2 2 2 2 2 2 2 2 2 2 2 2 2 2 2 2 2 2 2
left_child=1 2 6 4 -4 -6 -1 12 -9 10 11 -10 14 24 15 -2 18 -18 -16 22 -21 -11 -8 -23 -14
right_child=7 -3 3 -5 5 -7 19 8 9 21 -12 -13 13 -15 16 -17 17 -19 -20 20 -22 23 -24 -25 -26
leaf_value=-1.0254653552976833e-06 2.0584628919095851e-06 -1.3689332722606197e-06 -6.789241922433576e-07 2.0450183430714083e-06 -3.899849962370657e-07 8.1307794251183758e-07 -2.2677625915088561e-07 -1.0059612165491671e-06 6.6553645290603283e-07 -6.298432877894725e-07 -1.1864227109124561e-07 2.6990128520765213e-06 1.6007050888333653e-07 -2.3034382430913476e-06 -3.0904667671053934e-09 -4.7486639443507425e-08 -9.7567724827380455e-09 -4.0006106741980044e-07 4.183447943050262e-07 -1.7300889287351031e-07 1.2323072155595583e-06 -5.2230334473832056e-08 3.14025462410868e-08 4.2610377590790451e-07 -6.000097480941511e-08
leaf_weight=23 20 25 28 36 36 77 119 24 44 21 39 20 20 21 3434 35 1432 379 191 26 20 103 638 22 31
leaf_count=23 20 25 28 36 36 77 119 24 44 21 39 20 20 21 3434 35 1432 379 191 26 20 103 638 22 31
internal_value=-3.45161e-16 5.69705e-08 9.25114e-08 5.82928e-07 2.09629e-07 4.29801e-07 -1.25779e-08 -1.00352e-08 1.65793e-07 2.78734e-07 7.63464e-07 1.301e-06 -1.86639e-08 -6.53206e-07 -1.03435e-08 7.18313e-07 -1.77159e-08 -9.14383e-08 1.91148e-08 1.64338e-08 4.37998e-07 -6.32339e-08 -9.18303e-09 3.19565e-08 2.63016e-08
internal_weight=6864 1028 1003 177 141 113 826 5836 273 249 103 64 5563 72 5491 55 5436 1811 3625 803 46 146 757 125 51
internal_count=6864 1028 1003 177 141 113 826 5836 273 249 103 64 5563 72 5491 55 5436 1811 3625 803 46 146 757 125 51
is_linear=0
shrinkage=0.05


Tree=257
num_leaves=18
num_cat=0
split_feature=14 14 7 15 14 9 14 7 14 7 14 5 13 14 9 5 1
split_gain=1.64916e-09 2.22794e-09 1.89552e-08 2.52422e-08 4.59416e-09 2.25132e-08 7.16886e-09 1.79222e-08 7.87128e-09 3.3109e-08 8.10461e-09 3.05527e-09 3.86418e-09 2.54167e-09 1.02735e-09 6.94257e-10 3.87549e-10
threshold=0.99995780822346225 0.99700008544936913 124.74780099104989 0.011826144619637555 0.9916835347852474 -35.796588535445593 0.98802474685579866 112.33436739144402 0.98372640911059162 117.7155872178151 0.96904697354198299 4.4500000000000011 0.1294095225512602 0.99966190462023474 1.0000000180025095e-35 10.850000000000003 393.75000000000006
decision_type=2 2 2 2 2 2 2 2 2 2 2 2 2 2 2 2 2
left_child=1 4 13 -4 6 -6 8 15 10 -10 -1 -7 -13 14 -3 -8 -16
right_child=-2 2 3 -5 5 11 7 -9 9 -11 -12 12 -14 -15 16 -17 -18
leaf_value=-6.840150637884755e-09 -4.1374695195865274e-07 2.427772364140326e-07 2.1744194693695817e-06 -3.5369108835376601e-08 -1.4072510802353624e-06 4.5880900851107545e-07 8.8993395763736771e-08 1.5805631614966843e-06 1.8859717417285539e-07 -2.139028709858725e-06 3.2302903178645557e-07 1.0888819959879599e-07 -6.8839830462474359e-07 -5.0240946766929747e-07 -2.8974573590782408e-07 -2.9967778687023382e-07 -3.7252796248181273e-08
leaf_weight=6168 24 29 24 28 34 34 27 25 50 22 192 55 21 35 21 20 55
leaf_count=6168 24 29 24 28 34 34 27 25 50 22 192 55 21 35 21 20 55
internal_value=4.07698e-16 1.45174e-09 1.69367e-07 9.84533e-07 -3.39778e-09 -2.8274e-07 2.78692e-09 4.98935e-07 -2.76699e-09 -5.22622e-07 3.11816e-09 6.48363e-08 -1.11415e-07 -1.3341e-07 -1.04098e-08 -7.63986e-08 -1.07021e-07
internal_weight=6864 6840 192 52 6648 144 6504 72 6432 72 6360 110 76 140 105 47 76
internal_count=6864 6840 192 52 6648 144 6504 72 6432 72 6360 110 76 140 105 47 76
is_linear=0
shrinkage=0.05


Tree=258
num_leaves=29
num_cat=0
split_feature=5 7 5 14 21 11 8 27 8 11 14 5 14 8 5 7 11 8 5 7 8 9 7 5 9 8 2 11
split_gain=1.5617e-09 7.82352e-09 7.74428e-09 1.9353e-08 3.67639e-08 6.61391e-09 2.4492e-08 2.89473e-08 1.99525e-08 1.73849e-08 2.48054e-08 3.44888e-08 2.15452e-08 1.62688e-08 1.26927e-08 2.02447e-08 1.7551e-08 6.32338e-09 2.0219e-08 9.89089e-09 9.65862e-09 5.359e-09 1.09599e-08 1.18397e-08 8.00749e-09 1.59723e-09 2.03788e-09 5.23725e-10
threshold=8.1500000000000004 165.99672506483276 7.8500000000000005 0.79383249484937135 1.0000000180025095e-35 13.803125000000003 45.430590955724035 34.166666666666679 64.428322586535174 15.603125 0.84313847884979054 3.6500000000000008 0.94978112945126536 295.7289486671886 5.8500000000000005 135.34873494515995 23.503125000000004 342.23210573242926 12.550000000000002 139.65694609264884 357.73097872125072 -68.945540895148369 151.80681442505968 15.250000000000002 -60.224164379586931 81.375825109196128 31.500000000000004 38.537500000000009
decision_type=2 2 2 2 2 2 2 2 2 2 2 2 2 2 2 2 2 2 2 2 2 2 2 2 2 2 2 2
left_child=2 17 5 25 -5 6 -1 13 -9 10 11 -7 -12 -8 15 -11 -16 21 20 -20 -19 -2 24 -24 -23 -4 -27 -28
right_child=1 -3 3 4 -6 9 7 8 -10 14 12 -13 -14 -15 16 -17 -18 18 19 -21 -22 22 23 -25 -26 26 27 -29
leaf_value=1.3617996614812e-06 6.4863594862648217e-07 -7.869735933733561e-07 3.7763639914539289e-07 -2.7701925351461148e-06 1.8840846573468861e-07 4.4161187519901708e-07 3.0331674028712529e-07 -1.5053926415109141e-06 -1.3630508322037826e-07 4.5869682129239061e-08 1.2891251878954791e-06 -1.0233933940990863e-06 -4.7811784402456942e-07 1.5590264091258634e-06 -4.4773525758659103e-07 7.6181316878936352e-07 7.4657910261159445e-08 1.8845515615131934e-06 -9.9292572576814569e-07 3.7535945775094403e-07 4.9021797605274958e-07 1.0178200386690151e-06 -1.1936464943573812e-06 6.3791703218561858e-08 1.4950303474003444e-08 -5.3694483369781666e-07 2.5881587042420054e-07 -7.3771576507334464e-08
leaf_weight=39 33 30 22 21 21 53 133 31 188 834 35 166 34 32 288 112 364 23 25 28 27 20 39 36 4161 20 20 29
leaf_count=39 33 30 22 21 21 53 133 31 188 834 35 166 34 32 288 112 364 23 25 28 27 20 39 36 4161 20 20 29
internal_value=-5.948e-18 1.77232e-08 -3.20934e-08 -4.03093e-07 -1.29089e-06 -1.07236e-08 1.67961e-07 4.67121e-08 -3.30103e-07 -5.07998e-08 -4.08384e-07 -6.68849e-07 4.1831e-07 5.46848e-07 1.36459e-08 1.30633e-07 -1.56092e-07 2.32198e-08 4.10364e-07 -2.70058e-07 1.13161e-06 1.39226e-08 9.00115e-09 -5.90076e-07 1.97476e-08 6.65984e-09 -1.11623e-07 6.19784e-08
internal_weight=6864 4422 2442 133 42 2309 423 384 219 1886 288 219 69 165 1598 946 652 4392 103 53 50 4289 4256 75 4181 91 69 49
internal_count=6864 4422 2442 133 42 2309 423 384 219 1886 288 219 69 165 1598 946 652 4392 103 53 50 4289 4256 75 4181 91 69 49
is_linear=0
shrinkage=0.05


Tree=259
num_leaves=31
num_cat=0
split_feature=15 15 7 14 7 14 5 14 7 5 9 27 27 3 15 4 9 4 27 4 5 7 3 9 27 4 9 5 5 5
split_gain=1.58087e-09 2.60608e-08 6.38493e-08 1.62267e-08 2.58678e-08 4.42745e-09 9.77662e-09 3.75613e-09 4.6468e-09 2.33101e-08 3.41488e-09 2.82361e-08 6.59922e-08 2.05779e-08 1.86502e-08 1.79533e-08 7.51154e-09 1.26469e-08 3.68615e-08 6.57327e-09 6.02493e-09 5.78646e-09 2.07799e-08 1.96407e-08 3.19784e-09 4.09858e-09 3.06389e-09 2.16509e-08 2.09268e-09 3.5972e-10
threshold=0.63255009372278048 0.59175731018202693 117.13498875858807 0.75580964594513067 111.05056713192236 0.7090011537757156 12.950000000000001 0.534952257794027 105.40333196784904 10.050000000000002 -57.55109063593499 45.166666666666679 60.500000000000007 17.150000000000002 0.080547328232315238 96.500000000000014 -52.374898728316751 11.500000000000002 53.833333333333336 22.500000000000004 8.5500000000000025 135.88385556819316 11.750000000000002 -44.05708191324873 34.833333333333336 5.5000000000000009 -57.55109063593499 9.2500000000000018 7.3500000000000005 10.550000000000002
decision_type=2 2 2 2 2 2 2 2 2 2 2 2 2 2 2 2 2 2 2 2 2 2 2 2 2 2 2 2 2 2
left_child=1 10 29 5 -5 7 -7 26 -9 -10 11 13 -13 19 -15 -14 17 20 -19 -1 -12 23 -23 -18 25 -8 27 -2 -28 -3
right_child=3 2 -4 4 -6 6 24 8 9 -11 16 12 15 14 -16 -17 21 18 -20 -21 -22 22 -24 -25 -26 -27 28 -29 -30 -31
leaf_value=1.5473137130855676e-06 8.1754887392042745e-07 3.2420831303170422e-07 -2.8778076754400042e-06 -2.6536874650088093e-08 2.3278416699668015e-06 1.0848968169755817e-06 2.5522611070509051e-07 1.6288826754085053e-08 -7.7145803589374638e-08 -1.7578799579496262e-06 2.2149565913186172e-07 -3.1294370288655365e-06 -5.6370729929943589e-07 7.2284961319724069e-07 -1.3648436181582561e-06 1.0469012887407795e-06 8.0339006617518925e-07 2.0465501372448424e-06 -4.0185032491797886e-08 4.3170236158798425e-07 -9.6509597767635581e-07 -1.6710818034999133e-06 -8.7274338853240772e-08 -1.1824968284197369e-09 4.8849831011792009e-07 -7.1091230701678958e-07 -1.5571323648093834e-07 -5.5835502512599439e-07 6.7938932697047925e-08 3.9713853681178083e-08
leaf_weight=31 73 25 27 28 20 30 21 169 118 25 23 23 62 20 23 24 77 33 59 23 20 23 208 5087 22 23 154 47 326 20
leaf_count=31 73 25 27 28 20 30 21 169 118 25 23 23 62 20 23 24 77 33 59 23 20 23 208 5087 22 23 154 47 326 20
internal_value=-3.58938e-16 -1.02317e-08 -9.55574e-07 5.62743e-08 9.54454e-07 1.35038e-08 3.36486e-07 -2.04943e-08 -1.6121e-07 -3.7098e-07 1.63453e-09 -1.98251e-07 -7.5047e-07 4.22283e-07 -3.93824e-07 -1.14235e-07 9.08055e-09 3.77465e-07 7.08318e-07 1.07215e-06 -3.30407e-07 -1.37585e-10 -2.44969e-07 1.08144e-08 -3.70109e-09 -2.49801e-07 5.26777e-08 2.78653e-07 -3.81614e-09 1.97766e-07
internal_weight=6864 5808 72 1056 48 1008 96 912 312 143 5736 206 109 97 43 86 5530 135 92 54 43 5395 231 5164 66 44 600 120 480 45
internal_count=6864 5808 72 1056 48 1008 96 912 312 143 5736 206 109 97 43 86 5530 135 92 54 43 5395 231 5164 66 44 600 120 480 45
is_linear=0
shrinkage=0.05


Tree=260
num_leaves=16
num_cat=0
split_feature=15 27 15 7 15 4 8 15 13 14 6 15 14 15 14
split_gain=1.49636e-09 2.14845e-08 3.03466e-09 1.10292e-08 3.751e-09 7.2959e-09 1.38523e-08 5.45901e-09 1.45422e-08 2.83643e-09 2.6071e-09 2.45589e-09 5.27811e-08 1.14934e-08 1.49511e-09
threshold=-0.99983123799342477 17.166666666666668 -0.99864786094873803 119.97148744142875 -0.99465740988130902 45.500000000000007 296.48308970019144 -0.98801846520836312 0.78656609248549303 -0.066607572871769438 3.6980000000000008e-05 -0.84313311835787952 0.51297097409535064 -0.77788789561442695 1.0000000180025095e-35
decision_type=2 2 2 2 2 2 2 2 2 2 2 2 2 2 2
left_child=1 -1 3 14 5 6 9 8 10 -4 -6 12 -9 -13 -2
right_child=2 -3 4 -5 7 -7 -8 11 -10 -11 -12 13 -14 -15 -16
leaf_value=-1.1722128754903289e-06 2.2793428683679681e-07 9.734381680459592e-07 -4.9414925705467504e-07 1.3258067315291557e-06 4.0216660066347589e-07 6.3171545718887509e-07 -1.535313484685668e-06 1.1086255619235849e-09 1.2874439435487755e-06 5.1199533895873729e-08 -1.1223575457168049e-07 3.0548240929443676e-07 -1.6925680420332158e-06 -7.3724126906464954e-09 -2.1560259087300737e-07
leaf_weight=28 38 20 38 20 36 20 22 1104 30 64 78 312 48 4968 38
leaf_count=28 38 20 38 20 36 20 22 1104 30 64 78 312 48 4968 38
internal_value=2.81994e-16 -2.78192e-07 1.9591e-09 2.81091e-07 -2.0285e-09 -2.54469e-07 -3.97402e-07 3.49938e-09 3.07965e-07 -1.5197e-07 5.02071e-08 -3.31701e-09 -6.94612e-08 1.11145e-08 6.16585e-09
internal_weight=6864 48 6816 96 6720 144 124 6576 144 102 114 6432 1152 5280 76
internal_count=6864 48 6816 96 6720 144 124 6576 144 102 114 6432 1152 5280 76
is_linear=0
shrinkage=0.05


Tree=261
num_leaves=25
num_cat=0
split_feature=14 9 14 14 4 5 14 14 5 5 14 7 14 5 4 12 9 14 12 14 9 9 7 4
split_gain=1.44417e-09 2.01423e-09 1.53433e-08 3.37412e-08 2.75568e-08 2.71868e-08 3.20818e-08 1.96738e-08 1.12805e-08 9.68131e-09 9.29319e-09 7.62857e-09 3.88756e-08 8.76688e-08 2.03795e-08 4.01906e-08 1.3199e-08 1.89179e-08 2.10938e-08 7.22685e-09 6.78198e-09 1.62561e-08 9.82417e-09 4.63376e-09
threshold=0.99995780822346225 -50.079440919398102 0.9053161325100999 0.78857998149907527 60.500000000000007 4.0500000000000007 0.97696484778429815 0.7090011537757156 8.3500000000000032 8.6500000000000004 0.98802474685579866 135.88385556819316 0.90162119223771331 6.4500000000000011 51.500000000000007 0.12940952255126045 -44.05708191324873 0.85226249403558707 0.12940952255126045 0.86548282553247169 -40.273401791306568 -41.080504213044314 129.63981966833532 50.500000000000007
decision_type=2 2 2 2 2 2 2 2 2 2 2 2 2 2 2 2 2 2 2 2 2 2 2 2
left_child=1 2 3 7 -5 23 8 9 -7 -1 -8 16 14 -14 15 -13 17 18 -3 -6 21 -18 -22 -4
right_child=-2 11 5 4 19 6 10 -9 -10 -11 -12 12 13 -15 -16 -17 20 -19 -20 -21 22 -23 -24 -25
leaf_value=2.4036911700975136e-07 -3.8718045776893934e-07 9.8500682246404114e-07 -1.0580824404574483e-06 -2.5985608336516937e-06 -1.0379236944014667e-06 1.1503619572295065e-06 -6.1858833457032849e-07 1.2474326103983914e-06 2.7740045936752725e-06 -2.3134753242687748e-07 6.8603797718680707e-07 -2.0146178060357394e-06 6.6412050320399567e-07 -3.1040659753974376e-06 1.1403295569578356e-06 4.7443488460368666e-07 -3.17196903541504e-08 1.6286114718392734e-06 -9.0826801226739926e-07 2.4366337615075198e-07 -2.5817535178871434e-09 -1.0334494647239538e-06 7.3913901006663872e-07 -7.7134072420275994e-09
leaf_weight=228 24 31 21 21 22 20 21 35 23 208 39 23 29 33 39 55 162 30 28 22 5630 54 45 21
leaf_count=228 24 31 21 21 22 20 21 35 23 208 39 23 29 33 39 55 162 30 28 22 5630 54 45 21
internal_value=-1.65386e-15 1.35853e-09 8.29563e-08 -4.04841e-08 -1.10836e-06 5.3926e-07 9.76451e-07 1.06888e-07 2.01882e-06 1.533e-08 2.29419e-07 -7.66374e-09 -3.29297e-07 -1.34153e-06 2.07099e-07 -2.59517e-07 1.96374e-09 6.06315e-07 8.65035e-08 -3.9713e-07 -7.16667e-09 -2.82152e-07 3.29973e-09 -5.32898e-07
internal_weight=6864 6840 681 536 65 145 103 471 43 436 60 6159 179 62 117 78 5980 89 59 44 5891 216 5675 42
internal_count=6864 6840 681 536 65 145 103 471 43 436 60 6159 179 62 117 78 5980 89 59 44 5891 216 5675 42
is_linear=0
shrinkage=0.05


Tree=262
num_leaves=31
num_cat=0
split_feature=5 5 14 21 7 11 7 3 3 27 3 27 14 8 7 27 7 4 8 14 8 14 4 27 5 3 14 8 16 11
split_gain=1.52678e-09 6.93579e-09 1.70188e-08 3.26894e-08 6.52211e-09 6.02352e-09 2.01337e-08 3.01451e-08 2.50421e-08 1.31683e-08 5.21897e-08 2.28333e-08 2.3605e-08 2.28007e-08 6.69813e-09 5.78513e-09 1.94446e-08 1.02062e-08 5.93091e-08 1.45881e-08 1.238e-08 2.38718e-08 1.21086e-08 1.10934e-08 1.00155e-08 8.51545e-09 5.48592e-09 6.60937e-09 4.73907e-09 3.90404e-09
threshold=8.1500000000000004 7.8500000000000005 0.79383249484937135 1.0000000180025095e-35 165.99672506483276 16.603125000000002 144.24771796153573 17.850000000000005 19.150000000000002 1.1666666666666667 15.15 6.166666666666667 0.26866988313759588 15.533635736925733 141.85670053890806 94.166666666666671 124.74780099104989 71.500000000000014 301.99754180126826 0.77244481603295057 284.80383306264491 0.46800856592688472 86.500000000000014 9.5000000000000018 6.2500000000000009 17.350000000000005 0.69056404122701587 101.19869807437381 2.5000000000000004 16.906250000000004
decision_type=2 2 2 2 2 2 2 2 2 2 2 2 2 2 2 2 2 2 2 2 2 2 2 2 2 2 2 2 2 2
left_child=1 15 -3 -4 5 9 14 -8 -9 10 -2 12 -11 -13 29 17 26 20 19 -19 23 -22 -20 -1 25 -18 27 -17 -28 -7
right_child=4 2 3 -5 -6 6 7 8 -10 11 -12 13 -14 -15 -16 16 24 18 22 -21 21 -23 -24 -25 -26 -27 28 -29 -30 -31
leaf_value=7.15926772439607e-08 -5.3945852974484964e-07 1.4163028566788011e-09 -2.6102910483348842e-06 1.7954487471375356e-07 -7.1720200485477415e-07 4.4230313639559433e-07 -2.1173834661729936e-06 1.0271534473531574e-06 -1.3465500865095237e-06 -3.5492536198944438e-08 2.7412467612851869e-06 1.8223097060854345e-06 -2.2211730294787103e-06 1.1327242765246605e-07 8.09399912946254e-07 -1.1356396531425617e-06 7.6756700452513599e-07 -3.863237380485885e-07 -2.9005298074480379e-06 4.1468042290769919e-07 -1.2234198781126616e-07 6.1539341918955975e-07 -1.2025868391858587e-06 -2.1370893698168123e-07 -1.0898089558828534e-08 2.0908815622533437e-06 8.8315218357863716e-07 -1.0971562736988318e-07 -9.3064793640525848e-09 -2.8308782050532566e-09
leaf_weight=688 27 91 21 21 30 50 28 25 20 30 22 20 21 806 26 20 31 120 21 108 226 213 21 675 21 20 21 73 51 3317
leaf_count=688 27 91 21 21 30 50 28 25 20 30 22 20 21 806 26 20 31 120 21 108 226 213 21 675 21 20 21 73 51 3317
internal_value=-2.37107e-16 -3.17326e-08 -3.82833e-07 -1.21537e-06 1.7524e-08 2.25426e-08 -7.72342e-09 -8.293e-07 -2.78259e-08 1.35828e-07 9.33511e-07 9.12592e-08 -9.35479e-07 1.54653e-07 9.95271e-09 -1.1509e-08 2.22502e-07 -3.82756e-08 -3.24959e-07 -6.90071e-09 4.6791e-09 2.35603e-07 -2.05156e-06 -6.96976e-08 9.08102e-07 1.28651e-06 -7.66695e-08 -3.30344e-07 2.50994e-07 3.77937e-09
internal_weight=6864 2442 133 42 4422 4392 3466 73 45 926 49 877 51 826 3393 2309 237 2072 270 228 1802 439 42 1363 72 51 165 93 72 3367
internal_count=6864 2442 133 42 4422 4392 3466 73 45 926 49 877 51 826 3393 2309 237 2072 270 228 1802 439 42 1363 72 51 165 93 72 3367
is_linear=0
shrinkage=0.05


Tree=263
num_leaves=26
num_cat=0
split_feature=15 15 7 8 14 14 7 8 14 14 8 11 3 15 14 15 12 7 14 8 7 7 8 7 6
split_gain=1.38029e-09 3.5884e-08 7.75424e-08 1.20182e-08 9.15064e-09 5.68203e-09 1.28133e-08 3.46745e-09 4.47865e-09 9.71528e-09 3.13554e-09 3.03284e-09 1.34956e-08 1.67044e-08 1.28028e-07 3.45909e-08 1.34598e-08 9.61205e-09 2.85988e-08 2.41474e-08 1.04666e-08 1.27902e-08 2.33873e-09 3.05332e-09 4.71012e-11
threshold=0.61913436964878354 0.59175731018202693 111.05056713192236 65.463441007313222 0.67167992559793654 0.74443451080969758 117.7155872178151 246.65179520169571 0.49065764355977465 0.3504237462291826 286.52344826832297 16.415625000000002 16.250000000000004 -0.83849291496497236 0.51297097409535064 -0.78858226040708135 0.37940952255126054 147.8318314799333 -0.99630266176052629 32.156992758362215 145.10776148299135 143.43025076091413 79.041956903033608 140.90444300747774 0.00019998500000000002
decision_type=2 2 2 2 2 2 2 2 2 2 2 2 2 2 2 2 2 2 2 2 2 2 2 2 2
left_child=1 11 -3 4 -2 7 24 22 9 -9 -10 12 13 14 -1 -15 -14 20 -19 -20 21 -13 -5 -24 -7
right_child=3 2 -4 5 -6 6 -8 8 10 -11 -12 17 16 15 -16 -17 -18 18 19 -21 -22 -23 23 -25 -26
leaf_value=6.2937637270046754e-08 2.6912751152075035e-07 3.2735696702891818e-07 -3.7489445162464111e-06 -3.5936572350060623e-07 1.6324776936471608e-06 -6.7847353356816542e-08 1.2817605563343802e-06 -3.0418502576375212e-07 -5.149314678152844e-07 5.0354666321648023e-07 -1.3125991892416602e-08 -7.477870414211925e-09 1.5760436148302061e-06 1.5708140484805019e-06 -4.1831490239019328e-06 5.3338319704291898e-08 6.5423881494552914e-08 7.9378295236683008e-07 8.6656065096100245e-08 -2.0953608022011849e-06 1.0333014112499466e-06 -1.1896956491257342e-06 3.9433183322194004e-08 5.2713590301155978e-07 2.2581033418431516e-08
leaf_weight=158 32 28 20 34 20 24 28 91 101 63 45 4321 29 39 20 1013 30 26 21 32 24 23 572 34 36
leaf_count=158 32 28 20 34 20 24 28 91 101 63 45 4321 29 39 20 1013 30 26 21 32 24 23 572 34 36
internal_value=-8.1792e-16 -9.68868e-09 -1.3711e-06 5.18883e-08 7.93493e-07 1.43752e-08 3.98567e-07 -2.15917e-08 -1.61854e-07 2.62507e-08 -3.60265e-07 1.7039e-09 6.9234e-08 3.38005e-08 -4.14151e-07 1.09595e-07 8.07932e-07 -1.78703e-08 -5.64474e-07 -1.23079e-06 -7.98435e-09 -1.37373e-08 4.41562e-08 6.6796e-08 -1.35903e-08
internal_weight=6864 5784 48 1080 52 1028 88 940 300 154 146 5736 1289 1230 178 1052 59 4447 79 53 4368 4344 640 606 60
internal_count=6864 5784 48 1080 52 1028 88 940 300 154 146 5736 1289 1230 178 1052 59 4447 79 53 4368 4344 640 606 60
is_linear=0
shrinkage=0.05


Tree=264
num_leaves=29
num_cat=0
split_feature=27 9 14 15 14 11 9 5 9 27 9 14 27 9 14 3 14 9 3 27 3 5 11 15 4 24 9 5
split_gain=1.42246e-09 9.33827e-09 3.62162e-08 2.92598e-08 1.28531e-08 8.83186e-09 2.1345e-08 8.58082e-09 8.49843e-09 4.6384e-09 1.27331e-08 4.77101e-09 1.44885e-08 1.59202e-08 9.21457e-09 1.23624e-08 8.59126e-09 3.42565e-08 1.03411e-08 1.83863e-08 3.95926e-09 3.55516e-09 3.07029e-09 1.3388e-09 8.38559e-10 2.73416e-09 2.48004e-09 7.13612e-10
threshold=94.833333333333357 -33.949386121058545 0.91596454896554913 0.49064204624668717 0.28519915169571858 15.115625000000001 -20.079607024585336 9.2500000000000018 -22.195711355072664 92.833333333333357 -36.919287031760042 0.99700008544936913 67.833333333333357 -12.126703162219163 0.99818282439137029 11.550000000000002 0.9916835347852474 -35.796588535445593 10.550000000000002 35.166666666666679 17.550000000000004 8.2500000000000018 13.306250000000002 0.20812153622207724 99.500000000000014 2.9637978819287972e-06 -3.7542068917896425 8.1500000000000004
decision_type=2 2 2 2 2 2 2 2 2 2 2 2 2 2 2 2 2 2 2 2 2 2 2 2 2 2 2 2
left_child=9 2 3 4 20 6 -3 -5 -7 11 -11 16 14 -14 -13 -16 18 -18 19 -1 -2 -20 -19 -12 25 -10 -26 -8
right_child=1 5 -4 7 -6 8 27 -9 24 10 23 12 13 -15 15 -17 17 22 21 -21 -22 -23 -24 -25 26 -27 -28 -29
leaf_value=1.889820732685621e-06 4.3935871230717435e-07 -1.9338377013866649e-06 -1.3657366840410154e-06 4.3838162532160317e-07 2.3399848001960123e-06 8.1015598088975049e-07 -2.0578697884680564e-07 -7.8216148769646083e-07 -6.5927366307505511e-07 -1.2922156678576779e-06 3.6871868367427398e-07 7.525386489114172e-07 1.8322218273589479e-06 -4.4161721461932762e-08 -1.3475348146130273e-06 2.9601429654943252e-08 -1.8934992560086054e-06 5.4913032031485585e-07 -6.2792844688691098e-08 -2.073657700454051e-08 1.4223382608946622e-06 2.0110175925702968e-08 -1.155775188981808e-07 -1.61249747373441e-07 4.6235397898423501e-07 -1.1628232029795268e-08 -1.5038065411034219e-08 1.7321384251860967e-07
leaf_weight=20 21 20 24 36 26 34 23 24 20 26 22 31 26 20 20 88 30 23 1967 34 20 3775 71 26 30 88 292 27
leaf_count=20 21 20 24 36 26 34 23 24 20 26 22 31 26 20 20 88 30 23 1967 34 20 3775 71 26 30 88 292 27
internal_value=1.42182e-16 6.83621e-08 4.1553e-07 7.52148e-07 1.47034e-06 -2.98072e-08 -5.5333e-07 -4.98356e-08 4.91725e-08 -7.57858e-09 -4.01058e-07 -2.80913e-09 2.4723e-07 1.0164e-06 -7.31707e-09 -2.25424e-07 -1.06228e-08 -4.22427e-07 -1.81267e-09 6.86877e-07 9.18861e-07 -8.28938e-09 4.70638e-08 8.16525e-08 -1.09983e-08 -1.31563e-07 2.94395e-08 -1.12654e-09
internal_weight=6864 685 151 127 67 534 70 60 464 6179 74 6105 185 46 139 108 5920 124 5796 54 41 5742 94 48 430 108 322 50
internal_count=6864 685 151 127 67 534 70 60 464 6179 74 6105 185 46 139 108 5920 124 5796 54 41 5742 94 48 430 108 322 50
is_linear=0
shrinkage=0.05


Tree=265
num_leaves=15
num_cat=0
split_feature=14 13 14 13 27 11 27 3 5 14 14 5 14 6
split_gain=1.43191e-09 1.21053e-08 3.42543e-09 9.24362e-09 1.35972e-08 3.78364e-09 2.83083e-08 5.94188e-09 7.87792e-09 3.72979e-09 7.66153e-09 1.70935e-09 1.18455e-09 4.71077e-10
threshold=0.99966190462023474 0.25881904510252057 0.99700008544936913 0.60355339059327384 41.166666666666679 10.262500000000001 35.166666666666679 10.950000000000001 5.9500000000000011 0.9962888416657264 0.99374995976406788 6.2500000000000009 0.99865421017599998 0.00027302000000000007
decision_type=2 2 2 2 2 2 2 2 2 2 2 2 2 2
left_child=2 13 5 11 -5 6 -1 8 -7 10 -9 -4 -13 -2
right_child=1 -3 3 4 -6 7 -8 9 -10 -11 -12 12 -14 -15
leaf_value=1.9183125527888478e-06 4.8578821799145027e-07 -9.8891242335715423e-07 2.8252952873661787e-07 -3.1737827807124372e-08 1.7675462653902027e-06 -1.1465492526405376e-06 -4.1648284552040326e-07 -5.2468200306690442e-09 1.7338743301564819e-07 -6.2457245313396476e-07 5.7198951115172896e-07 -3.5918367651837412e-07 5.5195255600035954e-08 1.5050317102804912e-07
leaf_weight=20 22 30 33 21 21 26 37 6463 20 24 58 35 34 20
leaf_count=20 22 30 33 21 21 26 37 6463 20 24 58 35 34 20
internal_value=2.82929e-16 -2.21805e-07 2.35129e-09 2.43616e-07 8.67904e-07 -2.87465e-09 4.02744e-07 -6.3825e-09 -5.72664e-07 -2.40253e-09 -1.12683e-10 -1.34443e-08 -1.54997e-07 3.26129e-07
internal_weight=6864 72 6792 144 42 6648 57 6591 46 6545 6521 102 69 42
internal_count=6864 72 6792 144 42 6648 57 6591 46 6545 6521 102 69 42
is_linear=0
shrinkage=0.05


Tree=266
num_leaves=16
num_cat=0
split_feature=15 3 15 3 15 5 5 13 3 15 13 11 15 14 15
split_gain=1.35064e-09 2.12553e-08 2.75605e-09 6.78639e-09 1.51575e-09 5.27914e-09 1.26786e-08 8.01016e-09 7.99127e-09 4.95308e-09 1.31075e-08 2.42954e-09 2.29714e-09 2.52163e-08 1.51975e-08
threshold=-0.99983123799342477 19.750000000000004 -0.99938741687870725 20.050000000000004 -0.99465740988130902 11.850000000000003 8.9500000000000011 0.37940952255126048 18.450000000000003 -0.98801846520836312 0.78656609248549303 20.309375000000006 -0.93543596745397617 0.31799963745711152 -0.90892157495189674
decision_type=2 2 2 2 2 2 2 2 2 2 2 2 2 2 2
left_child=1 -1 3 -2 5 6 8 -8 -4 10 11 -6 13 -11 -14
right_child=2 -3 4 -5 9 -7 7 -9 -10 12 -12 -13 14 -15 -16
leaf_value=-1.5092336616362445e-06 1.0828461651612997e-06 6.2494051371280495e-07 6.5518326116552489e-07 -1.2306676137845734e-07 4.1015809427354573e-07 5.3832942762710446e-07 -2.4103869400639935e-07 -1.5491905726321422e-06 -2.3520155059765713e-07 1.2065343959612132e-09 1.2231500481145001e-06 -9.8803597510984295e-08 4.4359334331334212e-07 -1.1957664753481368e-06 -8.7247187413851299e-09
leaf_weight=20 20 28 36 28 33 25 22 25 84 528 30 81 192 48 5664
leaf_count=20 20 28 36 28 33 25 22 25 84 528 30 81 192 48 5664
internal_value=5.62316e-16 -2.64299e-07 1.86126e-09 3.79397e-07 -8.16299e-10 -1.39295e-07 -2.40736e-07 -9.36864e-07 3.19139e-08 3.22689e-09 2.9324e-07 4.85274e-08 -3.26596e-09 -9.85412e-08 6.10538e-09
internal_weight=6864 48 6816 48 6768 192 167 47 120 6576 144 114 6432 576 5856
internal_count=6864 48 6816 48 6768 192 167 47 120 6576 144 114 6432 576 5856
is_linear=0
shrinkage=0.05


Tree=267
num_leaves=25
num_cat=0
split_feature=14 15 9 15 9 27 7 14 7 15 14 7 14 14 8 27 27 8 11 8 27 16 8 27
split_gain=1.34459e-09 8.3898e-09 2.25482e-08 1.30704e-08 2.89493e-08 1.53644e-08 2.6728e-08 7.66406e-08 2.30456e-08 1.4488e-08 7.16334e-09 2.53474e-08 9.36376e-09 4.71838e-09 1.04093e-07 1.70695e-08 4.05174e-09 1.66296e-08 4.42567e-09 2.51008e-09 2.2279e-09 9.95155e-10 6.70785e-10 2.49262e-10
threshold=0.93544191479114935 -0.30164489695395946 -30.771189818335277 -0.23537842981696178 -31.55922528095795 39.500000000000007 117.13498875858807 0.97696484778429815 145.10776148299135 0.097680735332368748 0.92602006027323147 108.89066524076343 0.92273069556937592 0.89787622492179153 66.461755999284875 88.833333333333357 96.833333333333357 309.20321761752024 22.606250000000006 281.44158605014519 5.5000000000000009 393.08500000000004 173.82355063683772 91.500000000000014
decision_type=2 2 2 2 2 2 2 2 2 2 2 2 2 2 2 2 2 2 2 2 2 2 2 2
left_child=10 2 -2 4 -3 6 19 -8 9 -7 12 22 13 16 -15 -16 18 -18 -1 -5 -6 -22 -12 -4
right_child=1 3 23 5 20 8 7 -9 -10 -11 11 -13 -14 14 15 -17 17 -19 -20 -21 21 -23 -24 -25
leaf_value=-6.0107332764018832e-08 2.0001847190087576e-06 -1.9640320891138704e-06 -8.0646069994866963e-08 -5.8062691133949143e-09 -3.8863942666012015e-07 2.2430743910495191e-07 2.6446017746669291e-06 1.2566332874415866e-09 -1.3443703039683896e-06 -3.9790779520582619e-07 4.2822509836950994e-07 -1.7159715163735974e-06 9.8255657808484407e-07 -3.5610738147321776e-06 4.1601870035912994e-07 -1.1555086820180805e-06 5.3207712810027213e-08 1.1436053984868377e-06 3.2939400430093052e-08 5.6162242463826609e-07 4.6294033154481447e-07 -1.025079529881623e-08 4.1277173590259514e-08 1.3845678616064562e-07
leaf_weight=2485 20 26 27 271 25 236 42 79 36 155 21 27 24 21 127 20 438 38 2631 21 20 25 24 25
leaf_count=2485 20 26 27 271 25 236 42 79 36 155 21 27 24 21 127 20 438 38 2631 21 20 25 24 25
internal_value=7.60157e-16 5.33393e-08 5.7344e-07 1.33316e-08 -5.39357e-07 7.6496e-08 2.9393e-07 9.18781e-07 -1.33809e-07 -2.23508e-08 -9.18136e-09 -5.04831e-07 -3.01144e-09 -7.11797e-09 -2.68204e-07 2.02205e-07 7.25827e-10 1.40256e-07 -1.22563e-08 3.5002e-08 -1.01921e-08 2.00056e-07 2.21853e-07 2.46918e-08
internal_weight=6864 1008 72 936 96 840 413 121 427 391 5856 72 5784 5760 168 147 5592 476 5116 292 70 45 45 52
internal_count=6864 1008 72 936 96 840 413 121 427 391 5856 72 5784 5760 168 147 5592 476 5116 292 70 45 45 52
is_linear=0
shrinkage=0.05


Tree=268
num_leaves=30
num_cat=0
split_feature=15 15 13 8 9 15 9 8 4 15 5 11 4 8 27 7 5 5 9 5 15 3 8 9 5 9 8 21 21
split_gain=1.33768e-09 3.21535e-08 7.01167e-08 1.08691e-08 8.27015e-09 5.10785e-09 1.19243e-08 3.16614e-09 5.01516e-09 8.24782e-09 3.67822e-09 3.0755e-09 1.55262e-08 4.3423e-08 3.90792e-08 3.09468e-08 1.47156e-08 1.40572e-08 1.04359e-08 3.9595e-08 6.22461e-08 2.46863e-08 9.25804e-09 6.67695e-09 2.36127e-09 1.94937e-08 9.05128e-09 2.0953e-10 4.14063e-11
threshold=0.61913436964878354 0.59175731018202693 0.25881904510252057 65.463441007313222 -72.829082963115539 0.67165857384232497 -35.194888057353843 250.00757158743252 1.0000000180025095e-35 0.96901616890815878 6.7500000000000009 16.415625000000002 1.0000000180025095e-35 63.542999601910743 17.166666666666668 121.62310634582926 9.1500000000000004 6.6500000000000012 -40.710067886046815 5.8500000000000005 0.080547328232315238 18.450000000000003 342.23210573242926 -39.873496590104615 8.7500000000000018 -51.179005292622413 93.262171077954676 50.500000000000007 477.50000000000006
decision_type=2 2 2 2 2 2 2 2 2 2 2 2 2 2 2 2 2 2 2 2 2 2 2 2 2 2 2 2 2
left_child=1 11 -3 4 -2 6 -5 24 10 -10 -9 12 13 -1 15 -14 -16 -15 19 21 -21 -13 23 -20 26 -26 -7 -8 -29
right_child=3 2 -4 5 -6 7 27 8 9 -11 -12 18 14 17 16 -17 -18 -19 22 20 -22 -23 -24 -25 25 -27 -28 28 -30
leaf_value=-2.5516372607810248e-06 2.5784196652223205e-07 3.1684351421899593e-07 -3.5593669051436905e-06 1.3877733863409959e-06 1.553941423253491e-06 6.4453585269218046e-07 1.6962431133229283e-07 -9.1383685281569304e-08 -1.5028152166348041e-07 -1.0233149531302389e-06 6.3392866748742945e-07 -1.4853393415187226e-07 8.7624920644834172e-08 -7.0440475838040587e-07 -1.9066418554161261e-07 1.3596838210319488e-06 1.8710343197926613e-07 1.147790515669082e-06 8.890770264848752e-07 -3.2153606948877839e-07 -2.8304478603415732e-06 1.3579769087685306e-06 8.6729272560836354e-07 -4.8379592320048457e-09 -1.5559337089143811e-06 4.5093908731097963e-08 -2.297792407229376e-08 -7.24939106522271e-08 2.491728923933086e-08
leaf_weight=21 32 28 20 22 20 70 22 44 175 32 29 57 90 20 549 102 486 21 21 293 27 52 31 3966 20 385 185 20 24
leaf_count=21 32 28 20 22 20 70 22 44 175 32 29 57 90 20 549 102 486 21 21 293 27 52 31 3966 20 385 185 20 24
internal_value=1.83887e-15 -9.53794e-09 -1.29824e-06 5.1081e-08 7.56342e-07 1.54063e-08 3.79669e-07 -1.86949e-08 -1.5958e-07 -2.85243e-07 1.96754e-07 1.24622e-09 6.92496e-08 -7.02724e-07 1.08257e-07 7.63406e-07 -1.32777e-08 2.44281e-07 -1.84651e-08 -2.52876e-07 -5.33226e-07 5.70168e-07 6.5628e-09 -1.29603e-10 4.10744e-08 -3.39692e-08 1.60261e-07 4.36344e-08 -1.93605e-08
internal_weight=6864 5784 48 1080 52 1028 88 940 280 207 73 5736 1289 62 1227 192 1035 41 4447 429 320 109 4018 3987 660 405 255 66 44
internal_count=6864 5784 48 1080 52 1028 88 940 280 207 73 5736 1289 62 1227 192 1035 41 4447 429 320 109 4018 3987 660 405 255 66 44
is_linear=0
shrinkage=0.05


Tree=269
num_leaves=31
num_cat=0
split_feature=4 4 13 27 8 14 14 9 9 14 27 4 11 8 11 9 9 14 14 8 14 5 14 13 4 12 27 8 11 8
split_gain=1.44649e-09 1.31476e-08 2.1863e-08 3.98552e-08 7.89435e-09 5.70803e-09 1.54337e-08 4.79686e-08 1.68363e-08 1.49846e-08 7.84514e-09 5.67873e-09 1.88254e-08 2.67245e-08 1.58421e-08 1.05027e-08 8.07616e-09 5.67056e-09 1.50534e-08 2.50021e-08 1.72788e-08 2.61216e-08 1.33981e-08 3.68242e-08 1.15971e-08 1.47872e-08 7.09162e-09 6.52863e-09 5.47466e-09 5.22129e-09
threshold=10.500000000000002 8.5000000000000018 0.60355339059327384 8.1666666666666696 358.4764110538411 0.96465729447553372 0.98522604642031408 -24.869770033133008 -24.547706889829907 0.96234642434711437 9.1666666666666696 18.500000000000004 17.703125000000004 301.99754180126826 12.528125000000001 -46.225309041292526 -44.609007639831653 0.31799963745711152 0.26866988313759588 288.14476638188802 0.23537774960157334 9.2500000000000018 0.3504237462291826 0.25881904510252057 20.500000000000004 0.12940952255126045 26.500000000000004 101.19869807437381 17.506250000000005 54.274474447196248
decision_type=2 2 2 2 2 2 2 2 2 2 2 2 2 2 2 2 2 2 2 2 2 2 2 2 2 2 2 2 2 2
left_child=1 4 -3 -4 5 9 7 -7 -8 10 -1 12 13 14 -2 -16 -14 18 20 27 28 -22 23 -19 25 -24 -26 -20 -13 -18
right_child=11 2 3 -5 -6 6 8 -9 -10 -11 -12 17 16 -15 15 -17 29 22 19 -21 21 -23 24 -25 26 -27 -28 -29 -30 -31
leaf_value=2.9249786062517621e-08 -9.4100494964420384e-07 -4.942203912541097e-08 -2.8608180467353637e-06 -1.4946839385312631e-07 -9.9037385055567022e-07 2.0280545184903077e-06 -1.3523656220443697e-06 -2.0664451982455037e-08 2.1629323240546227e-07 -1.3777179647433969e-06 -2.4298264470999295e-07 2.661407056694556e-07 -9.9883168900305476e-07 1.9534718846110141e-06 1.5343645103562473e-06 2.938091021657161e-07 -6.9104576213997803e-07 1.6897819818950668e-07 7.6057097337575623e-07 2.272576702466722e-06 5.1117023065216929e-07 -1.5491119613386673e-06 2.9432245604801632e-08 -2.0031405348674979e-06 -3.0199257244876958e-07 -1.7110157873799915e-06 2.0115960626521776e-08 -2.5754092374680182e-07 1.4830824468857777e-08 8.9835199818175664e-08
leaf_weight=2191 21 110 23 33 20 40 26 100 50 20 301 296 20 31 22 76 23 50 31 20 25 40 26 32 188 23 1876 32 809 309
leaf_count=2191 21 110 23 33 20 40 26 100 50 20 301 296 20 31 22 76 23 50 31 20 25 40 26 32 188 23 1876 32 809 309
internal_value=5.61522e-16 -2.67235e-08 -4.58842e-07 -1.26306e-06 -6.20247e-10 6.63601e-09 2.53282e-07 5.64684e-07 -3.20353e-07 -1.45724e-08 -3.63222e-09 1.97145e-08 1.76834e-07 6.4588e-07 3.05247e-07 5.72301e-07 -2.30443e-08 -3.16076e-09 8.17067e-08 7.32385e-07 3.55475e-08 -7.56696e-07 -5.16067e-08 -6.78678e-07 -2.72717e-08 -7.87513e-07 -9.22338e-09 2.43435e-07 8.215e-08 3.5738e-08
internal_weight=6864 2914 166 56 2748 2728 216 140 76 2512 2492 3950 502 150 119 98 352 3448 1253 83 1170 65 2195 82 2113 49 2064 63 1105 332
internal_count=6864 2914 166 56 2748 2728 216 140 76 2512 2492 3950 502 150 119 98 352 3448 1253 83 1170 65 2195 82 2113 49 2064 63 1105 332
is_linear=0
shrinkage=0.05


Tree=270
num_leaves=26
num_cat=0
split_feature=14 11 7 7 14 14 5 14 15 11 14 7 14 13 14 4 14 13 15 16 11 4 9 15 21
split_gain=1.3819e-09 5.88342e-09 5.78222e-09 4.76193e-09 4.05325e-09 3.12504e-09 1.7209e-08 3.61353e-09 1.24447e-08 2.53675e-08 6.6109e-09 1.95673e-08 5.24755e-08 5.58969e-09 3.76995e-09 3.0425e-08 9.0838e-09 2.62432e-09 2.55313e-09 5.62525e-09 1.39005e-09 1.01878e-09 5.94622e-10 7.86338e-11 4.48508e-11
threshold=-0.99467753128998015 19.706250000000001 120.56909060280769 128.71185431322951 -0.99866806308218525 -0.9905448150984083 13.750000000000002 -0.98214942551678475 -0.15950993297387572 18.118750000000002 -0.95995996396290595 126.42697836592782 -0.96689237009891416 0.1294095225512602 -0.94975917145599731 53.500000000000007 -0.9442364261229238 0.37940952255126048 0.11478523713130606 1.0000000180025095e-35 21.771875000000005 32.500000000000007 -15.154661431034507 0.063390085881955341 222.50000000000003
decision_type=2 2 2 2 2 2 2 2 2 2 2 2 2 2 2 2 2 2 2 2 2 2 2 2 2
left_child=1 3 20 22 -5 6 18 8 13 -10 11 17 -13 -7 15 -12 -16 -9 19 -2 -3 -11 -1 24 -22
right_child=5 2 -4 4 -6 7 -8 10 9 21 14 12 -14 -15 16 -17 -18 -19 -20 -21 23 -23 -24 -25 -26
leaf_value=1.8558033221067847e-07 8.9411280035684682e-07 3.9990357642547844e-07 -8.415853558506656e-07 3.9594998288281975e-07 1.2615076710988302e-06 8.6148038490863908e-08 -1.5530046853417024e-06 -5.0959935764269355e-08 1.5799895852284718e-06 -3.5010399633121512e-07 -4.0512553792284275e-07 -1.3686336037659949e-07 -3.1276310139105592e-06 -9.967474671735876e-07 -6.8553799887164743e-07 1.4150588902183651e-06 5.0745551584009054e-09 5.0861943681942039e-07 -3.5890440628350009e-07 -1.7286562095245965e-07 6.5336892751148636e-08 8.1775191452927569e-08 -1.871937807962354e-07 -9.4177993835233208e-08 -1.5564550703481194e-08
leaf_weight=23 21 23 21 38 21 26 21 165 38 22 58 55 20 22 48 38 5928 24 24 30 21 36 20 28 93
leaf_count=23 21 23 21 38 21 26 21 165 38 22 58 55 20 22 48 38 5928 24 24 30 21 36 20 28 93
internal_value=2.29252e-16 1.07202e-07 -6.01501e-08 4.12375e-07 7.0403e-07 -4.695e-09 -2.87879e-07 -4.99677e-10 2.47171e-07 5.75846e-07 -6.12856e-09 -2.51067e-07 -9.34401e-07 -4.10179e-07 4.52093e-09 3.15364e-07 -4.72534e-10 2.00978e-08 6.63559e-08 2.66478e-07 3.93053e-08 -8.20411e-08 1.2197e-08 -1.91015e-08 -6.61653e-10
internal_weight=6864 288 186 102 59 6576 96 6480 144 96 6336 264 75 48 6072 96 5976 189 75 51 165 58 43 142 114
internal_count=6864 288 186 102 59 6576 96 6480 144 96 6336 264 75 48 6072 96 5976 189 75 51 165 58 43 142 114
is_linear=0
shrinkage=0.05


Tree=271
num_leaves=16
num_cat=0
split_feature=14 11 14 7 27 11 27 3 5 14 14 27 11 1 14
split_gain=1.29448e-09 9.82959e-09 3.09196e-09 1.02645e-08 5.75681e-09 3.85255e-09 2.47283e-08 5.26922e-09 7.22772e-09 3.20867e-09 6.94219e-09 1.42806e-09 1.05619e-09 5.53366e-10 4.27026e-11
threshold=0.99966190462023474 12.950000000000001 0.99700008544936913 124.13007218665588 41.166666666666679 10.262500000000001 35.166666666666679 10.950000000000001 5.9500000000000011 0.9962888416657264 0.99374995976406788 57.166666666666679 13.703125000000002 342.7000000000001 0.99865421017599998
decision_type=2 2 2 2 2 2 2 2 2 2 2 2 2 2 2
left_child=2 -2 5 12 -5 6 -1 8 -7 10 -9 -3 -4 -14 -15
right_child=1 11 3 4 -6 7 -8 9 -10 -11 -12 -13 13 14 -16
leaf_value=1.8230638625027496e-06 -9.4324329934027322e-07 -4.8838098602269987e-09 2.3873851112646798e-07 3.1230434501594576e-07 1.5119721729206504e-06 -1.089227284340338e-06 -3.5910880575022168e-07 -5.2844659015346798e-09 1.7506631834862675e-07 -5.7959245306863738e-07 5.4418576218113973e-07 5.6718610409234325e-07 -3.5098363652785737e-07 -8.9345315226950304e-08 -2.777475585922918e-09
leaf_weight=20 28 24 27 20 20 26 37 6463 20 24 58 20 20 28 29
leaf_count=20 28 24 27 20 20 26 37 6463 20 24 58 20 20 28 29
internal_value=1.01483e-16 -2.10893e-07 2.23562e-09 2.31455e-07 9.12138e-07 -2.72943e-09 4.06566e-07 -6.26908e-09 -5.39534e-07 -2.52115e-09 -3.9729e-10 2.55148e-07 -3.03457e-08 -1.247e-07 -4.5302e-08
internal_weight=6864 72 6792 144 40 6648 57 6591 46 6545 6521 44 104 77 57
internal_count=6864 72 6792 144 40 6648 57 6591 46 6545 6521 44 104 77 57
is_linear=0
shrinkage=0.05


Tree=272
num_leaves=31
num_cat=0
split_feature=7 14 14 5 14 14 14 5 14 8 14 5 14 14 14 8 7 5 12 5 4 5 4 4 14 14 14 8 8 14
split_gain=1.31226e-09 6.328e-09 5.43301e-08 6.16928e-08 4.84725e-08 2.94173e-08 1.92131e-08 5.03883e-08 4.04038e-08 1.77654e-08 1.12942e-08 4.7402e-08 9.3205e-09 3.28653e-08 2.91172e-08 8.46187e-09 6.26573e-09 9.28638e-09 1.906e-09 3.28307e-09 5.00563e-09 3.78258e-09 3.16503e-09 2.87803e-09 1.53804e-09 1.36162e-09 1.71202e-09 8.71179e-09 6.53907e-09 1.53282e-09
threshold=113.87962408466828 0.49812943072827093 0.54219432480460406 5.4500000000000011 0.46800856592688472 0.60555468348150676 0.7090011537757156 10.350000000000003 0.73283908552571653 46.670322230074909 0.42179998225932674 4.3500000000000005 -0.93879691571722779 -0.91978325482952472 -0.94975917145599731 299.53796960419334 113.28961803638258 5.4500000000000011 0.98296291314453421 11.65 50.500000000000007 15.450000000000001 71.500000000000014 7.5000000000000009 0.23537774960157334 -0.9442364261229238 -0.21966676340184951 285.57773149842563 284.80383306264491 -0.95500086777008153
decision_type=2 2 2 2 2 2 2 2 2 2 2 2 2 2 2 2 2 2 2 2 2 2 2 2 2 2 2 2 2 2
left_child=16 4 3 -3 10 9 7 -7 -8 -4 12 -12 14 -14 -2 -11 18 -18 25 20 23 24 -22 -20 -21 29 27 -27 -28 -1
right_child=1 2 5 -5 -6 6 8 -9 -10 15 11 -13 13 -15 -16 -17 17 -19 19 21 22 -23 -24 -25 -26 26 28 -29 -30 -31
leaf_value=4.6527891454996281e-08 -6.3104038903542273e-08 -3.8857337449371703e-06 2.1063218541299153e-06 -2.7603252384512322e-07 2.0290525915337788e-06 -1.2789812286456189e-07 1.712784484908525e-06 -2.443550157559296e-06 -1.0455640176982483e-07 -1.1360691054222492e-07 -2.3009808286881634e-06 9.5183295938806535e-07 2.0726126024328551e-06 6.7459256846556423e-08 -1.8325601217838995e-06 1.1863065253692185e-06 1.405332874355736e-06 4.7533477264076229e-08 3.3662467296946988e-07 -1.5061688174980725e-07 1.0676773707511226e-06 3.5693180359376044e-07 3.4138249255022402e-07 -1.7232679876447486e-07 -7.124802493763128e-07 -1.0560936508742135e-08 -1.6946561999354537e-08 -4.6987699458780187e-07 2.2343563991537054e-07 3.2266225551731106e-07
leaf_weight=490 332 20 22 29 30 97 32 31 691 31 24 21 21 760 25 21 20 34 51 29 24 26 40 61 21 825 2564 118 318 56
leaf_count=490 332 20 22 29 30 97 32 31 691 31 24 21 21 760 25 21 20 34 51 29 24 26 40 61 21 825 2564 118 318 56
internal_value=2.35049e-17 -3.19705e-08 -1.26884e-07 -1.74938e-06 4.42423e-08 -4.0936e-08 -1.24084e-07 -6.8872e-07 -2.41208e-08 9.15266e-07 -6.09103e-09 -7.83001e-07 2.46304e-08 1.21375e-07 -1.87016e-07 4.11358e-07 1.49497e-08 5.50422e-07 8.69495e-09 1.42404e-07 2.60997e-07 -1.32234e-07 6.13743e-07 5.94279e-08 -3.86599e-07 9.86283e-10 -9.55731e-09 -6.80363e-08 9.57722e-09 7.48494e-08
internal_weight=6864 2187 974 49 1213 925 851 128 723 74 1183 45 1138 781 357 52 4677 54 4623 252 176 76 64 112 50 4371 3825 943 2882 546
internal_count=6864 2187 974 49 1213 925 851 128 723 74 1183 45 1138 781 357 52 4677 54 4623 252 176 76 64 112 50 4371 3825 943 2882 546
is_linear=0
shrinkage=0.05


Tree=273
num_leaves=28
num_cat=0
split_feature=5 14 8 8 27 5 27 16 5 7 4 15 8 4 5 27 8 13 6 15 8 11 21 27 1 15 15
split_gain=1.25789e-09 5.19834e-09 1.52807e-08 1.24168e-08 1.26697e-08 9.63139e-09 5.86267e-09 4.72993e-09 3.39111e-09 1.66267e-08 1.78232e-08 3.52066e-09 5.33741e-09 1.35442e-08 1.92826e-08 3.0339e-09 2.88401e-08 8.91817e-09 3.01791e-09 2.46017e-09 4.36886e-09 1.40894e-09 1.29093e-09 4.16221e-10 1.20112e-09 1.18674e-09 4.01788e-10
threshold=17.550000000000004 0.84773968378660736 283.75853523373308 273.94788750927444 30.833333333333339 19.350000000000005 32.166666666666679 715.43000000000018 16.350000000000005 119.97148744142875 37.500000000000007 -0.99983123799342477 339.47302831309213 83.500000000000014 8.1500000000000004 1.0000000180025095e-35 305.40460532271948 0.78656609248549303 2.4510000000000004e-05 -0.97111920233974802 60.018757306842453 13.05625 1.0000000180025095e-35 42.166666666666679 470.25000000000006 -0.49065906150552346 0.11478523713130606
decision_type=2 2 2 2 2 2 2 2 2 2 2 2 2 2 2 2 2 2 2 2 2 2 2 2 2 2 2
left_child=8 3 6 19 -5 -6 7 -3 11 22 -11 -1 15 14 -14 16 -13 -17 -8 -2 -21 -22 -10 24 -24 -25 -20
right_child=1 2 -4 4 5 -7 18 -9 9 10 -12 12 13 -15 -16 17 -18 -19 26 20 21 -23 23 25 -26 -27 -28
leaf_value=-5.3964879081528737e-07 -4.3886138384152674e-07 1.0869673258184774e-06 -1.1944172325684122e-06 1.7588433131481219e-08 2.0816557101473638e-06 5.4851565792546361e-07 -7.2558650273890638e-07 7.2473116745712759e-08 3.1360064000589201e-07 -1.462226970419225e-07 -1.8282090934462758e-06 4.234190196588054e-09 -4.4856102071681813e-07 1.1010191025655715e-06 5.3954890331963363e-07 1.0041558952543211e-08 1.1561655633119605e-06 -1.6642918902442463e-07 -2.0370381886026655e-07 6.4181110958323248e-07 3.6153234564803179e-07 -8.7219988838154006e-09 -3.4886824857543228e-07 3.8757727675296062e-07 3.7830982775853702e-08 -1.222786538193077e-07 4.9618062388042153e-08
leaf_weight=30 25 20 30 33 21 20 20 27 38 36 28 860 94 38 104 3918 58 876 23 31 28 312 28 21 71 25 49
leaf_count=30 25 20 30 33 21 20 20 27 38 36 28 860 94 38 104 3918 58 876 23 31 28 312 28 21 71 25 49
internal_value=-1.82325e-16 6.68071e-08 -1.71018e-07 1.52323e-07 7.46831e-07 1.33378e-06 4.98596e-08 5.04173e-07 -6.85779e-09 -1.8841e-07 -8.82092e-07 6.43606e-10 3.36869e-09 2.36386e-07 7.04462e-08 -6.25878e-09 7.70142e-08 -2.22047e-08 -1.82235e-07 4.12279e-08 7.35789e-08 2.17695e-08 5.41895e-08 -1.37942e-08 -7.15385e-08 1.10482e-07 -3.13042e-08
internal_weight=6864 639 169 470 74 41 139 47 6225 247 64 5978 5948 236 198 5712 918 4794 92 396 371 340 183 145 99 46 72
internal_count=6864 639 169 470 74 41 139 47 6225 247 64 5978 5948 236 198 5712 918 4794 92 396 371 340 183 145 99 46 72
is_linear=0
shrinkage=0.05


Tree=274
num_leaves=25
num_cat=0
split_feature=14 11 11 9 27 4 14 8 4 14 8 14 8 4 11 4 9 14 4 14 5 9 5 15
split_gain=1.25548e-09 5.45656e-09 5.58579e-09 4.39536e-09 4.02521e-09 3.13175e-09 2.7857e-09 1.97978e-08 9.6978e-09 3.29152e-09 1.2914e-08 5.93562e-09 4.29307e-08 2.34196e-08 1.04072e-08 4.72048e-09 6.43467e-09 3.28129e-09 2.76064e-08 7.66004e-09 2.6462e-09 5.52867e-10 3.01337e-10 6.33818e-10
threshold=-0.99467753128998015 19.706250000000001 21.306250000000002 -38.645071333560431 7.8333333333333348 9.5000000000000018 -0.9905448150984083 83.427031669843657 37.500000000000007 -0.98214942551678475 74.342397427950502 -0.95995996396290595 87.231841338032652 40.500000000000007 19.303125000000005 19.500000000000004 -14.200484789336649 -0.94975917145599731 53.500000000000007 -0.9442364261229238 12.750000000000002 -15.154661431034507 8.4500000000000011 0.063390085881955341
decision_type=2 2 2 2 2 2 2 2 2 2 2 2 2 2 2 2 2 2 2 2 2 2 2 2
left_child=1 3 -3 4 -1 22 7 -2 20 10 -8 12 13 -11 -14 -12 -17 18 -13 -19 -9 -5 -4 -24
right_child=6 2 5 21 -6 -7 9 8 -10 11 15 17 14 -15 -16 16 -18 19 -20 -21 -22 -23 23 -25
leaf_value=1.9465522149175742e-07 -1.6287929276987122e-06 -6.6007865857642405e-07 1.2252000745860414e-07 1.7879250225652631e-07 1.0304142546481349e-06 5.7810234064525905e-07 1.2689171603597061e-06 2.1712060498314574e-07 -6.7242210224531645e-07 -2.1925029714311309e-06 -5.2356921789472237e-07 -3.921012872242186e-07 6.5460692309495596e-07 -1.6075112493690146e-07 -1.2543585606662678e-07 9.9134259414768175e-07 -2.72216870947965e-08 -6.2954530619663276e-07 1.3417210290730222e-06 4.6398654436369973e-09 9.6471332632575014e-07 -1.8065503011754914e-07 -8.7244164285196271e-09 -3.1620670605935267e-07
leaf_weight=25 21 32 25 23 34 25 25 29 26 37 30 58 61 23 143 20 69 48 38 5928 20 20 83 21
leaf_count=25 21 32 25 23 34 25 25 29 26 37 30 58 61 23 143 20 69 48 38 5928 20 20 83 21
internal_value=-9.56916e-16 1.02181e-07 -5.89862e-08 3.96074e-07 6.76279e-07 6.59162e-08 -4.47509e-09 -2.71842e-07 1.08104e-07 -5.14091e-10 2.35864e-07 -5.88632e-09 -2.37978e-07 -1.41366e-06 1.07812e-07 1.8836e-08 2.01669e-07 4.20462e-09 2.94203e-07 -4.53991e-10 5.2226e-07 1.16076e-08 -3.33447e-08 -7.08122e-08
internal_weight=6864 288 186 102 59 154 6576 96 75 6480 144 6336 264 60 204 119 89 6072 96 5976 49 43 129 104
internal_count=6864 288 186 102 59 154 6576 96 75 6480 144 6336 264 60 204 119 89 6072 96 5976 49 43 129 104
is_linear=0
shrinkage=0.05


Tree=275
num_leaves=21
num_cat=0
split_feature=15 7 14 4 9 9 14 9 27 14 27 9 9 27 13 14 14 7 27 6
split_gain=1.24711e-09 8.30369e-09 2.33782e-08 1.68108e-08 8.22069e-09 3.86385e-09 1.96065e-08 1.24162e-08 1.09584e-08 1.48753e-08 1.01055e-08 6.78681e-09 6.64154e-09 2.73903e-09 2.25727e-09 2.17747e-10 2.91902e-10 1.10238e-10 9.93342e-11 5.97901e-12
threshold=0.94975093725139803 140.90444300747774 0.25206111083856975 34.500000000000007 -75.791845018747793 -67.194487239848442 0.78857998149907527 -64.365679215727937 43.500000000000007 0.50557357885840837 28.500000000000004 -62.565047217481755 -61.377739387223571 32.833333333333336 0.37940952255126048 0.21862473630160603 0.25206111083856975 97.200110378915682 22.500000000000004 0.00043614000000000006
decision_type=2 2 2 2 2 2 2 2 2 2 2 2 2 2 2 2 2 2 2 2
left_child=4 14 3 -3 -1 6 8 10 9 -6 -7 13 -13 -9 15 17 -17 19 -18 -2
right_child=1 2 -4 -5 5 7 -8 11 -10 -11 -12 12 -14 -15 -16 16 18 -19 -20 -21
leaf_value=-7.7972910725734708e-07 -1.8664924449669179e-08 9.3005302346682585e-07 1.8371243072579092e-06 -1.0728644556998936e-06 2.1737114332154305e-06 -1.593401653239694e-06 -1.0134917603336777e-06 9.209751907077487e-07 -1.2051097130998707e-07 4.2470082693657128e-07 -1.4977556559272302e-07 -7.8611605018792301e-07 -2.5520212931561954e-10 1.8685640554849672e-07 -4.3283405762973754e-07 1.9994245903376395e-07 8.2494213087941795e-08 -1.4328182594169904e-07 -4.7333951189982065e-08 1.5605286840525423e-08
leaf_weight=34 35 20 24 22 20 22 22 27 28 31 27 27 6338 24 33 30 26 20 34 20
leaf_count=34 35 20 24 22 20 22 22 27 28 31 27 27 6338 24 33 30 26 20 34 20
internal_value=1.35013e-15 1.06562e-07 5.92258e-07 -1.19094e-07 -4.26249e-09 -2.4698e-10 3.06622e-07 -5.04107e-09 6.74249e-07 1.11059e-06 -7.97934e-07 1.01438e-09 -3.58878e-09 5.75508e-07 -5.53362e-08 2.01634e-08 7.25974e-08 -4.27574e-08 8.92492e-09 -6.20303e-09
internal_weight=6864 264 66 42 6600 6566 101 6465 79 51 49 6416 6365 51 198 165 90 75 60 55
internal_count=6864 264 66 42 6600 6566 101 6465 79 51 49 6416 6365 51 198 165 90 75 60 55
is_linear=0
shrinkage=0.05


Tree=276
num_leaves=27
num_cat=0
split_feature=4 4 13 27 8 4 13 3 8 3 15 27 15 27 27 13 8 9 11 27 8 14 8 15 3 27
split_gain=1.1802e-09 1.15791e-08 1.90812e-08 3.60538e-08 6.89545e-09 5.60817e-09 1.77099e-08 4.93328e-08 3.45019e-08 3.13157e-08 1.69376e-08 1.65044e-08 8.94815e-09 1.00246e-08 7.59753e-09 1.16657e-08 9.2181e-09 7.08642e-09 5.45491e-09 6.76346e-09 5.87022e-08 1.09489e-08 2.39691e-09 2.16932e-09 1.58645e-09 2.69213e-10
threshold=10.500000000000002 8.5000000000000018 0.60355339059327384 8.1666666666666696 358.4764110538411 22.500000000000004 0.60355339059327384 13.15 55.121268457749814 17.750000000000004 -0.29342786347392819 33.833333333333336 -0.99938741687870725 13.833333333333334 17.833333333333339 0.37940952255126048 300.81733271208674 -28.120797331603821 11.103125 9.1666666666666696 66.461755999284875 0.98522604642031408 288.89937049360316 -0.84774213365954088 17.050000000000004 13.833333333333334
decision_type=2 2 2 2 2 2 2 2 2 2 2 2 2 2 2 2 2 2 2 2 2 2 2 2 2 2
left_child=1 4 23 -4 18 6 8 -8 -2 11 -11 -9 -7 -14 15 -15 -16 -10 -1 21 -21 -20 -19 -3 -25 -26
right_child=5 2 3 -5 -6 12 7 9 17 10 -12 -13 13 14 16 -17 -18 22 19 20 -22 -23 -24 24 25 -27
leaf_value=8.0988227561344195e-07 -1.8000720138808483e-06 -3.7915028997722005e-07 -2.7006294868422866e-06 -1.2182443847243783e-07 -9.2465960619847467e-07 8.3520351610801418e-07 -1.8091889571570349e-06 1.7493911224855891e-06 9.6962236122115936e-07 4.6566563534403345e-07 -1.0445417215620978e-06 3.903502631380507e-07 -8.2565470811190567e-07 -4.3513337207035101e-08 1.5198831827651935e-08 1.4327657976062494e-06 -2.3565680415697607e-07 2.7906542647311931e-09 4.5601070738961451e-08 -1.9113890667716245e-06 5.0366422915554384e-08 -7.2520004453767408e-07 5.5034986369643481e-07 4.835939198244433e-07 4.652975318622213e-08 -1.8226481859784372e-07
leaf_weight=21 26 34 23 33 20 31 21 74 21 82 24 32 38 32 2687 23 424 414 2330 44 286 47 21 20 36 20
leaf_count=21 26 34 23 33 20 31 21 74 21 82 24 32 38 32 2687 23 424 414 2330 44 286 47 21 20 36 20
internal_value=-4.05323e-16 -2.41387e-08 -4.29664e-07 -1.18098e-06 3.58117e-10 1.78076e-08 1.44534e-07 5.02441e-07 -2.84795e-08 7.31423e-07 1.23732e-07 1.33911e-06 -1.02014e-08 -1.83811e-08 -8.69174e-09 5.7384e-07 -1.89904e-08 7.25323e-08 7.13977e-09 9.12365e-10 -2.11201e-07 3.03602e-08 2.92245e-08 -4.71769e-08 1.01338e-07 -3.51826e-08
internal_weight=6864 2914 166 56 2748 3950 715 233 482 212 106 106 3235 3204 3166 55 3111 456 2728 2707 330 2377 435 110 76 56
internal_count=6864 2914 166 56 2748 3950 715 233 482 212 106 106 3235 3204 3166 55 3111 456 2728 2707 330 2377 435 110 76 56
is_linear=0
shrinkage=0.05


Tree=277
num_leaves=31
num_cat=0
split_feature=15 7 15 11 8 27 9 21 15 7 27 27 3 3 11 4 15 15 8 15 13 4 8 15 8 27 3 4 27 18
split_gain=1.22451e-09 1.3212e-08 1.70376e-08 4.68119e-08 2.8436e-08 2.16218e-08 4.18272e-08 1.40484e-08 1.2453e-08 4.23488e-08 3.30859e-08 4.70031e-08 3.46134e-08 1.09118e-08 2.03059e-08 3.45926e-08 1.15163e-08 1.06374e-08 1.00812e-07 1.74131e-08 6.02518e-08 1.29647e-08 1.26307e-08 1.14042e-08 8.71041e-09 4.49206e-09 7.21984e-10 6.25835e-10 5.65495e-10 3.73685e-10
threshold=-0.56369940867848845 136.41492828012952 -0.67801649466304881 18.406250000000004 49.900203358335098 30.833333333333339 -18.640065669077284 4.5000000000000009 -0.46800559042974538 97.86393233865725 26.166666666666668 9.1666666666666696 15.250000000000002 13.050000000000002 14.603125 92.500000000000014 -0.8739740505118182 -0.39036009226888674 67.592802973739666 -0.36648370705903521 0.37940952255126048 96.500000000000014 296.48308970019144 -0.35846086284744721 22.971922838766407 39.166666666666679 15.250000000000002 61.500000000000007 20.500000000000004 0.00015806500000000001
decision_type=2 2 2 2 2 2 2 2 2 2 2 2 2 2 2 2 2 2 2 2 2 2 2 2 2 2 2 2 2 2
left_child=1 2 13 4 -4 6 -5 -7 9 26 11 -11 -12 -1 15 -15 -16 18 -10 20 28 22 -20 -21 -25 -6 -2 -14 -19 -28
right_child=8 -3 3 5 25 7 -8 -9 17 10 12 -13 27 14 16 -17 -18 19 21 23 -22 -23 -24 24 -26 -27 29 -29 -30 -31
leaf_value=1.1755821265069246e-06 -4.2704857506855066e-07 9.3902914961014578e-07 -2.8929569817250926e-06 -1.9367687927067318e-06 -2.1347914170632975e-07 1.2478251326964551e-06 -6.3394365874322012e-08 8.2419791591625835e-08 -2.6563242531124208e-06 1.645050427056128e-06 2.7674428525716468e-06 -1.4579410066499597e-06 8.5407259369028241e-07 -2.3359253848596666e-07 -5.0608330819826069e-08 -2.5500594945526701e-06 1.8982141849288707e-07 -1.7821111009652669e-07 7.2400941168037373e-08 -1.0880508973798442e-06 2.6509278153820628e-06 -9.9564844104990073e-07 1.1829942170863669e-06 6.3571788052319824e-07 -4.2599513838955942e-09 -1.2732036488571908e-06 4.2129463611533745e-08 4.6761822204643976e-07 -5.3491314332632101e-07 -1.6176305572657976e-07
leaf_weight=20 23 35 25 38 20 34 138 108 39 23 37 26 22 83 1397 20 774 25 147 24 27 23 31 54 3450 20 27 20 20 134
leaf_count=20 23 35 25 38 20 34 138 108 39 23 37 26 22 83 1397 20 774 25 147 24 27 23 31 54 3450 20 27 20 20 134
internal_value=-3.35939e-16 -2.61304e-08 -3.87492e-08 -3.47456e-07 -1.57012e-06 -9.75416e-08 -4.67873e-07 3.61461e-07 1.70678e-08 3.20853e-07 1.01927e-06 -1.43482e-09 1.65237e-06 1.27917e-08 2.56489e-09 -6.83392e-07 3.51091e-08 -7.61473e-09 -3.2992e-07 1.38723e-08 7.83632e-07 1.21472e-07 2.65819e-07 -1.8371e-09 5.60272e-09 -7.43341e-07 -1.65005e-07 6.70047e-07 -3.36745e-07 -1.2757e-07
internal_weight=6864 2712 2677 383 65 318 176 142 4152 312 128 49 79 2294 2274 103 2171 3840 240 3600 72 201 178 3528 3504 40 184 42 45 161
internal_count=6864 2712 2677 383 65 318 176 142 4152 312 128 49 79 2294 2274 103 2171 3840 240 3600 72 201 178 3528 3504 40 184 42 45 161
is_linear=0
shrinkage=0.05


Tree=278
num_leaves=27
num_cat=0
split_feature=12 15 27 4 8 4 3 27 15 11 7 27 8 8 27 15 21 15 7 15 11 4 7 15 11 8
split_gain=1.25231e-09 2.58158e-09 4.40804e-09 7.49719e-09 6.92596e-09 5.75566e-09 6.58923e-09 4.76082e-09 4.19085e-09 3.37574e-09 3.24668e-09 4.96294e-09 9.24928e-09 6.93558e-09 2.99507e-09 2.08843e-09 1.85188e-08 3.24987e-09 5.02677e-09 2.03542e-09 1.69131e-08 4.3102e-08 1.18452e-08 9.28422e-09 3.18852e-08 7.97131e-09
threshold=0.91597561503675362 -0.68432604233786842 66.166666666666671 38.500000000000007 63.542999601910743 8.5000000000000018 20.050000000000004 83.500000000000014 -0.62587551141915865 17.703125000000004 119.11912633898145 20.500000000000004 74.342397427950502 67.592802973739666 46.833333333333336 -0.99983123799342477 151.50000000000003 -0.99938741687870725 77.98501034830889 -0.56369940867848845 14.603125 30.500000000000004 136.41492828012952 -0.48313741114591585 18.918750000000003 358.4764110538411
decision_type=2 2 2 2 2 2 2 2 2 2 2 2 2 2 2 2 2 2 2 2 2 2 2 2 2 2
left_child=15 2 3 5 -5 9 -7 -4 -3 -2 11 12 -10 -13 -12 16 -1 18 -17 20 21 -19 -22 24 -21 -25
right_child=1 8 7 4 -6 6 -8 -9 10 -11 14 13 -14 -15 -16 17 -18 19 -20 23 22 -23 -24 25 -26 -27
leaf_value=-1.4605695719183132e-06 9.6302870247200198e-07 -6.1273796884759385e-07 -8.4870432601746872e-07 1.3755954923383867e-06 1.9771062410948539e-07 -4.4714522810333323e-07 4.9892963550282399e-07 1.7739152306389246e-07 -9.4966751543129e-07 2.367648742307438e-07 6.8021082664499235e-07 8.2077008529542662e-07 -4.6246462341508435e-08 2.0560306526052345e-08 2.1302840877979181e-08 -8.8873083696357341e-08 6.4163409816005286e-07 7.7998701531864115e-07 1.0063762778145247e-06 1.1855247473174866e-06 -3.5112795281600996e-08 -1.6884718243274461e-06 8.9207772203638226e-07 4.7870149181633121e-11 -7.7990720325764243e-08 -9.339459666080075e-07
leaf_weight=20 20 27 20 26 24 63 26 26 36 80 34 30 133 278 35 22 22 28 20 73 2178 48 35 3379 158 23
leaf_count=20 20 27 20 26 24 63 26 26 36 80 34 30 133 278 35 22 22 28 20 73 2178 48 35 3379 158 23
internal_value=3.34093e-16 5.6505e-08 1.79482e-07 2.6575e-07 8.10211e-07 1.21713e-07 -1.70764e-07 -2.68737e-07 -4.66161e-09 3.82018e-07 2.54081e-08 -2.09642e-08 -2.38691e-07 9.85028e-08 3.45982e-07 -8.07215e-09 -3.59415e-07 -5.5979e-09 4.32674e-07 -8.70621e-09 -4.56356e-08 -7.7904e-07 -2.04487e-08 1.45615e-08 3.21302e-07 -6.26661e-09
internal_weight=6864 858 285 239 50 189 89 46 573 100 546 477 169 308 69 6006 42 5964 42 5922 2289 76 2213 3633 231 3402
internal_count=6864 858 285 239 50 189 89 46 573 100 546 477 169 308 69 6006 42 5964 42 5922 2289 76 2213 3633 231 3402
is_linear=0
shrinkage=0.05


Tree=279
num_leaves=24
num_cat=0
split_feature=14 14 7 11 15 4 8 11 27 4 8 14 7 14 14 7 14 8 14 14 8 24 17
split_gain=1.26088e-09 8.0172e-09 1.78024e-08 5.96509e-09 2.76587e-08 3.49114e-08 1.77876e-08 1.37318e-08 3.01942e-08 5.59142e-08 3.35606e-08 8.47891e-09 4.37827e-08 8.75077e-09 5.90436e-09 2.28909e-08 7.79926e-09 4.38856e-09 3.32934e-09 3.32161e-08 1.83215e-08 6.31811e-10 3.24914e-10
threshold=0.93544191479114935 0.94425825643485939 109.62182897068858 12.528125000000001 1.0000000180025095e-35 82.500000000000014 61.611618467061113 15.006250000000001 54.500000000000007 81.500000000000014 76.626319791004263 0.96904697354198299 131.69743605451291 0.97508442350096236 0.92602006027323147 108.89066524076343 0.92273069556937592 359.28908972677465 0.9053161325100999 0.90162119223771331 287.32847083004589 0.00022847451346155224 0.72520595088711093
decision_type=2 2 2 2 2 2 2 2 2 2 2 2 2 2 2 2 2 2 2 2 2 2 2
left_child=14 2 22 4 -3 6 -6 8 10 -10 -5 12 -9 -13 16 21 17 18 19 -1 -20 -16 -2
right_child=1 3 -4 7 5 -7 -8 11 9 -11 -12 13 -14 -15 15 -17 -18 -19 20 -21 -22 -23 -24
leaf_value=-2.0201247369969422e-09 -1.5347661397930261e-07 9.457997416698286e-07 1.6380801907871502e-06 2.9433067879836018e-06 -1.3698557862741068e-06 -2.4189676820314659e-06 1.3325560248112207e-07 -4.6534348963736435e-08 -1.7169972881164901e-06 1.0191942486580216e-06 5.3099220462525947e-07 5.9817003861700039e-07 -2.5228649974451404e-06 -7.8435846699324585e-09 4.3197997705473903e-07 -1.6098394502882406e-06 8.9618385435604381e-07 -7.4640529874159261e-07 -3.1507374644696627e-08 -1.866114085657955e-06 1.5973979170017367e-06 5.6441489992842267e-08 1.099876301822178e-07
leaf_weight=5598 22 37 25 21 26 22 81 166 33 43 46 71 20 370 21 27 24 20 97 24 21 24 25
leaf_count=5598 22 37 25 21 26 22 81 166 33 43 46 71 20 370 21 27 24 20 97 24 21 24 25
internal_value=-4.76916e-16 5.16522e-08 5.60072e-07 1.2543e-08 -2.59309e-07 -6.0496e-07 -2.31986e-07 7.115e-08 5.13283e-07 -1.68889e-07 1.28709e-06 -2.96875e-08 -3.12806e-07 8.97232e-08 -8.89096e-09 -4.58882e-07 -3.28941e-09 -7.03722e-09 -4.46102e-09 -9.97784e-09 2.58383e-07 2.31693e-07 -1.33361e-08
internal_weight=6864 1008 72 936 166 129 107 770 143 76 67 627 186 441 5856 72 5784 5760 5740 5622 118 45 47
internal_count=6864 1008 72 936 166 129 107 770 143 76 67 627 186 441 5856 72 5784 5760 5740 5622 118 45 47
is_linear=0
shrinkage=0.05


Tree=280
num_leaves=25
num_cat=0
split_feature=15 15 5 6 11 11 5 8 7 3 4 1 5 8 7 5 5 8 8 5 15 6 7 3
split_gain=1.20658e-09 1.09547e-08 3.20896e-08 6.10487e-08 9.6897e-09 1.2131e-08 6.83966e-09 6.45865e-09 4.65654e-09 6.43026e-09 1.62645e-08 7.74608e-09 3.99732e-09 3.29914e-09 1.99265e-08 1.56007e-08 1.14427e-08 3.36038e-09 2.11576e-08 1.53866e-08 4.2053e-09 7.41098e-09 2.70605e-09 6.66308e-11
threshold=-0.97111920233974802 -0.96234030595689413 11.250000000000002 1.3425000000000001e-05 17.609375000000004 18.118750000000002 12.950000000000001 67.592802973739666 127.24074106800991 19.650000000000002 11.500000000000002 142.95000000000002 7.2500000000000009 339.47302831309213 129.28243931962555 4.8500000000000005 6.7500000000000009 326.85811795944278 329.03213541798777 8.5500000000000025 -0.9575230291762723 4.8865000000000007e-05 157.59070018419763 26.050000000000004
decision_type=2 2 2 2 2 2 2 2 2 2 2 2 2 2 2 2 2 2 2 2 2 2 2 2
left_child=4 2 -2 -4 6 -6 7 12 9 10 -7 -11 -1 17 -15 -16 -17 20 -19 -20 21 -3 -22 -5
right_child=1 13 3 23 5 8 -8 -9 -10 11 -12 -13 -14 14 15 16 -18 18 19 -21 22 -23 -24 -25
leaf_value=1.1344121431152003e-06 9.630923723482108e-07 1.1973954607924499e-06 -2.9024345707284739e-06 1.746146527010984e-07 -1.2027281224207055e-06 -1.2026898211366963e-06 1.248673807011706e-06 -2.6448998469544783e-07 5.977136084718013e-07 4.8724916409967059e-07 1.6338014482105682e-07 -4.4298358943750259e-08 2.9151323382792825e-07 1.36652013738527e-06 -9.2056886504340933e-07 1.2810716695939433e-06 3.7319778850383831e-08 -1.567549345054431e-06 7.4638907954841735e-07 -3.7412629258038912e-07 -7.5140197551347311e-09 -1.1862690354662492e-07 2.5236280312886571e-07 4.866041338335067e-08
leaf_weight=22 26 20 28 21 21 37 23 34 33 87 53 323 39 31 37 22 116 25 47 88 5585 23 102 21
leaf_count=22 26 20 28 21 21 37 23 34 33 87 53 323 39 31 37 22 116 25 47 88 5585 23 102 21
internal_value=6.25625e-16 -6.90603e-09 -5.36864e-07 -1.09399e-06 6.36341e-08 -2.39906e-08 4.75025e-07 2.8772e-07 2.24512e-08 -1.55161e-08 -3.98226e-07 6.84934e-08 5.9551e-07 1.43978e-09 1.98125e-07 -8.84787e-09 2.35599e-07 -5.4392e-09 -2.31447e-07 1.59791e-08 8.71675e-10 4.93477e-07 -2.85296e-09 1.11638e-07
internal_weight=6864 6192 96 70 672 554 118 95 533 500 90 410 61 6096 206 175 138 5890 160 135 5730 43 5687 42
internal_count=6864 6192 96 70 672 554 118 95 533 500 90 410 61 6096 206 175 138 5890 160 135 5730 43 5687 42
is_linear=0
shrinkage=0.05


Tree=281
num_leaves=26
num_cat=0
split_feature=14 4 4 7 15 7 14 8 4 21 14 15 8 12 13 14 8 4 11 14 11 14 11 17 17
split_gain=1.22061e-09 4.97208e-09 7.66711e-09 7.27347e-09 6.77711e-09 3.28605e-09 2.49615e-09 1.79086e-08 8.69283e-09 3.16954e-09 2.84499e-09 1.12994e-08 2.7691e-08 7.26197e-09 5.42644e-09 5.30124e-09 3.92755e-08 2.0985e-08 9.57955e-09 3.02329e-09 2.59491e-08 7.02544e-09 1.45266e-09 1.09141e-10 2.83561e-11
threshold=-0.99467753128998015 12.500000000000002 29.500000000000004 119.11912633898145 0.063390085881955341 104.83377298048003 -0.9905448150984083 83.427031669843657 37.500000000000007 232.50000000000003 -0.98214942551678475 -0.15950993297387572 89.291232074311054 -1.0000000180025095e-35 0.1294095225512602 -0.95995996396290595 87.231841338032652 40.500000000000007 19.303125000000005 -0.94975917145599731 20.309375000000006 -0.9442364261229238 17.009375000000002 0.46396510968901555 0.98898729732587942
decision_type=2 2 2 2 2 2 2 2 2 2 2 2 2 2 2 2 2 2 2 2 2 2 2 2 2
left_child=1 4 3 -3 5 23 7 -2 9 -9 11 14 -13 -14 -8 16 17 -12 -18 20 -17 -21 -7 -1 -25
right_child=6 2 -4 -5 -6 22 10 8 -10 -11 15 12 13 -15 -16 19 18 -19 -20 21 -22 -23 -24 24 -26
leaf_value=-1.3692642035323389e-07 -1.5480875742382306e-06 2.4541265649435926e-07 -1.4813179861589719e-07 1.5938811974081091e-06 -6.1341056930877055e-07 7.7316680641814643e-07 8.1751432331381796e-08 9.8020358191064377e-07 -6.35117645777847e-07 1.6201744834019347e-07 -2.0867644939305656e-06 2.1370954641497519e-06 4.9590779254351307e-07 -5.0321892138576404e-07 -9.8521329567285476e-07 1.104288642158243e-06 6.3034852525438292e-07 -1.6351502070036711e-07 -1.1803586394023678e-07 -6.0306202271931401e-07 -5.3980170235945477e-07 4.28547824102159e-09 2.4169559683034297e-07 3.3520140279865612e-09 -6.2893272279040962e-08
leaf_weight=20 21 20 29 20 39 20 26 20 26 29 37 21 44 31 22 48 61 23 143 48 48 5928 36 84 20
leaf_count=20 21 20 29 20 39 20 26 20 26 29 37 21 44 31 22 48 61 23 143 48 48 5928 36 84 20
internal_value=-1.16317e-15 1.00752e-07 4.7087e-07 9.19647e-07 -1.58605e-08 1.13609e-07 -4.4125e-09 -2.57503e-07 1.0386e-07 4.95971e-07 -6.63007e-10 2.19097e-07 5.32283e-07 8.29354e-08 -4.07274e-07 -5.65756e-09 -2.24996e-07 -1.34952e-06 1.05746e-07 3.8789e-09 2.82243e-07 -5.92815e-10 4.31507e-07 -2.99583e-08 -9.38746e-09
internal_weight=6864 288 69 40 219 180 6576 96 75 49 6480 144 96 75 48 6336 264 60 204 6072 96 5976 56 124 104
internal_count=6864 288 69 40 219 180 6576 96 75 49 6480 144 96 75 48 6336 264 60 204 6072 96 5976 56 124 104
is_linear=0
shrinkage=0.05


Tree=282
num_leaves=22
num_cat=0
split_feature=5 15 14 8 27 14 8 9 27 5 7 5 14 5 27 5 7 5 15 14 8
split_gain=1.25988e-09 1.03032e-08 1.98291e-08 1.32153e-08 1.244e-08 1.10776e-08 1.25194e-08 1.15783e-08 8.58106e-09 5.98365e-09 1.89387e-08 4.01682e-09 7.18913e-09 3.77238e-09 6.84908e-09 4.84038e-09 1.62612e-08 8.38468e-09 1.78498e-08 4.64623e-09 3.96227e-09
threshold=2.7500000000000004 -0.26037106507032781 0.70290292807158616 55.121268457749814 34.833333333333336 0.9893236546938301 75.91984864997805 -52.374898728316751 8.1666666666666696 3.0500000000000003 121.62310634582926 2.3500000000000001 0.92602006027323147 3.2500000000000004 27.833333333333339 3.7500000000000004 129.99410616246317 3.9500000000000006 0.080547328232315238 0.46800856592688472 0.43500081574669031
decision_type=2 2 2 2 2 2 2 2 2 2 2 2 2 2 2 2 2 2 2 2 2
left_child=1 2 3 -1 8 6 7 -3 -5 10 -2 12 -8 14 -11 16 19 18 -17 -15 -19
right_child=9 5 -4 4 -6 -7 11 -9 -10 13 -12 -13 -14 15 -16 17 -18 20 -20 -21 -22
leaf_value=1.2632863434770447e-06 2.7501507311455952e-07 -2.3854863637022085e-07 1.8489178339380142e-06 -1.3994593976361459e-07 -7.8586150374049841e-07 7.1865926898340149e-07 5.7616060388036603e-08 -1.826560390906128e-06 1.2160768881130934e-06 8.9797246378142683e-07 -1.5176297024000774e-06 4.854638568229442e-07 -1.0007573908275108e-06 -3.5832828827916839e-07 -1.4482631095527342e-07 1.5116278709746844e-06 -1.2281057349485179e-06 6.3910443799386489e-07 -4.3201080073696997e-07 2.5706008609375484e-07 -4.5866172851596465e-09
leaf_weight=22 34 24 21 28 38 32 68 22 20 32 26 29 21 54 31 27 35 24 21 71 6184
leaf_count=22 34 24 21 28 38 32 68 22 20 32 26 29 21 54 31 27 35 24 21 71 6184
internal_value=3.78672e-18 9.60859e-08 4.431e-07 1.69746e-07 -1.09996e-07 -1.32306e-07 -2.98348e-07 -9.98033e-07 4.25064e-07 -4.77564e-09 -5.01798e-07 -2.55895e-08 -1.92113e-07 -1.72877e-10 3.84849e-07 -3.95349e-09 -2.75514e-07 2.99178e-09 6.61286e-07 -8.78769e-09 -2.09812e-09
internal_weight=6864 325 129 108 86 196 164 46 48 6539 60 118 89 6479 63 6416 160 6256 48 125 6208
internal_count=6864 325 129 108 86 196 164 46 48 6539 60 118 89 6479 63 6416 160 6256 48 125 6208
is_linear=0
shrinkage=0.05


Tree=283
num_leaves=28
num_cat=0
split_feature=14 14 15 9 15 5 9 27 9 14 9 15 14 3 14 14 9 5 15 15 14 9 14 9 17 27 2
split_gain=1.14996e-09 9.64167e-09 6.67566e-09 1.92031e-08 1.02985e-08 2.5625e-08 8.48245e-08 1.35721e-08 2.57617e-08 5.16817e-08 1.72743e-08 6.25949e-08 5.38987e-09 5.36804e-09 2.67438e-09 4.7893e-08 1.10411e-07 1.34373e-08 5.33032e-08 2.47792e-08 8.65587e-09 5.77739e-09 3.11942e-08 1.04932e-08 4.99813e-09 2.2714e-10 1.95234e-10
threshold=0.93237596376505805 0.92922379131507438 -0.30164489695395946 -30.771189818335277 -0.23537842981696178 5.3500000000000005 -8.3426366505336436 34.500000000000007 -38.249903098151272 0.97696484778429815 -46.752218743387616 1.0000000180025095e-35 0.9893236546938301 12.450000000000001 0.78857998149907527 0.80417553764032002 -34.532023602627511 12.950000000000001 -0.46039597980994923 -0.52034141052533245 0.78325454425165997 -43.03020306360753 0.7090011537757156 -40.273401791306568 0.6780851317226152 91.500000000000014 109.50000000000001
decision_type=2 2 2 2 2 2 2 2 2 2 2 2 2 2 2 2 2 2 2 2 2 2 2 2 2 2 2
left_child=1 14 3 -2 5 -4 -7 8 9 -6 11 -9 -12 -10 20 16 -16 18 -17 -19 21 22 -1 -23 -18 -5 -8
right_child=2 -3 4 25 7 6 26 10 13 -11 12 -13 -14 -15 15 17 24 19 -20 -21 -22 23 -24 -25 -26 -27 -28
leaf_value=4.5990605889189699e-08 1.8296710902632184e-06 -1.0087126572244642e-06 7.6419362740360727e-07 -9.3963410300282839e-08 2.6062164152156614e-06 -3.7421735532916504e-06 2.5901997005240402e-07 1.3757879005424911e-06 -6.7551857693036836e-07 4.6509049353721358e-08 -1.8795899569114106e-07 -1.5811389172565921e-06 1.8755152652062913e-07 1.3593202348502346e-07 -4.4765659464474091e-06 1.5097876744105805e-06 -7.2516850877946128e-07 -1.0184385377384916e-06 -8.6524227768772335e-08 2.0692597381021455e-08 9.5628556380233935e-07 -4.7175973964670456e-07 1.3696695989088662e-06 -3.2413705088578318e-09 2.8242482965623597e-07 1.1519059207643069e-07 5.4044985703810135e-08
leaf_weight=612 20 24 29 27 33 20 21 25 22 49 162 63 233 277 20 69 20 68 216 367 24 123 48 4209 32 25 26
leaf_count=612 20 24 29 27 33 20 21 25 22 49 162 63 233 277 20 69 20 68 216 367 24 123 48 4209 32 25 26
internal_value=-2.90047e-16 -8.60903e-09 4.8651e-08 5.13002e-07 1.38247e-08 -4.77472e-07 -1.01491e-06 6.84131e-08 2.91538e-07 1.07664e-06 -1.07592e-07 -7.41103e-07 3.35447e-08 7.62266e-08 -4.47637e-09 -8.98619e-08 -1.3194e-06 3.30923e-08 2.99951e-07 -1.41746e-07 9.00556e-09 4.45133e-09 1.42258e-07 -1.65442e-08 -1.05111e-07 6.5914e-09 1.4563e-07
internal_weight=6864 5832 1032 72 960 96 67 864 381 82 483 88 395 299 5808 792 72 720 285 435 5016 4992 660 4332 52 52 47
internal_count=6864 5832 1032 72 960 96 67 864 381 82 483 88 395 299 5808 792 72 720 285 435 5016 4992 660 4332 52 52 47
is_linear=0
shrinkage=0.05


Tree=284
num_leaves=20
num_cat=0
split_feature=11 8 8 15 15 8 15 11 8 3 11 27 5 8 3 8 3 11 5
split_gain=1.34086e-09 1.40744e-08 1.85288e-08 1.01191e-08 1.39172e-08 7.84517e-09 7.32234e-09 4.90357e-09 1.59621e-08 1.04202e-08 2.61395e-09 5.6449e-09 2.25052e-09 1.10445e-08 3.32004e-08 7.41701e-09 6.39295e-08 5.00442e-09 4.80636e-09
threshold=11.612500000000002 326.85811795944278 293.82566432558696 1.0000000180025095e-35 0.11478523713130606 70.532270969341809 0.46038001402560286 12.081250000000002 77.399727701971656 11.750000000000002 12.325000000000001 42.833333333333336 9.9500000000000011 66.461755999284875 14.850000000000003 41.872789802189153 14.65 13.306250000000002 9.2500000000000018
decision_type=2 2 2 2 2 2 2 2 2 2 2 2 2 2 2 2 2 2 2
left_child=1 2 3 -1 5 -5 -6 8 -2 -10 11 -9 15 14 -14 16 -12 -15 -17
right_child=7 -3 -4 4 6 -7 -8 10 9 -11 12 -13 13 17 -16 18 -18 -19 -20
leaf_value=9.7871805373246877e-07 -1.3875135335992027e-06 1.2921804643956817e-06 -1.3502557037455795e-06 -1.5165413975637421e-06 5.4310466971055808e-07 -1.1608012925989898e-07 -2.7394713925892642e-07 -1.896220907404711e-07 -7.1951334132336347e-07 6.0188034394526332e-07 -1.8272725305519516e-06 7.0640237434342152e-07 1.154014483668269e-06 -3.581888886361238e-07 4.5236135805937737e-08 1.1303420345868267e-08 1.6301548967085426e-07 3.2908514051658779e-09 -1.9657899369322762e-07
leaf_weight=31 27 23 23 20 79 20 42 32 25 37 53 39 84 99 344 2490 169 2914 313
leaf_count=31 27 23 23 20 79 20 42 32 25 37 53 39 84 99 344 2490 169 2914 313
internal_value=1.16443e-16 1.16603e-07 -9.15611e-09 1.51496e-07 -7.78225e-09 -8.16311e-07 2.595e-07 -4.18829e-09 -3.72822e-07 6.90603e-08 8.30586e-10 3.0256e-07 -2.48256e-09 2.5175e-08 2.62847e-07 -3.39436e-08 -3.12143e-07 -8.58651e-09 -1.191e-08
internal_weight=6864 238 215 192 161 40 121 6626 89 62 6537 71 6466 3441 428 3025 222 3013 2803
internal_count=6864 238 215 192 161 40 121 6626 89 62 6537 71 6466 3441 428 3025 222 3013 2803
is_linear=0
shrinkage=0.05


Tree=285
num_leaves=23
num_cat=0
split_feature=11 8 8 15 14 9 7 11 7 7 3 14 8 5 14 5 9 14 15 4 7 11
split_gain=1.21013e-09 1.27021e-08 1.67222e-08 9.13246e-09 1.25603e-08 1.04662e-08 7.34715e-09 4.42547e-09 2.44817e-08 6.25072e-09 4.12167e-09 2.60733e-09 1.50945e-08 2.1551e-08 7.36694e-09 1.6978e-08 1.71024e-08 1.35485e-08 4.92452e-09 1.37329e-08 5.15893e-09 4.14661e-09
threshold=11.612500000000002 326.85811795944278 293.82566432558696 1.0000000180025095e-35 0.99374995976406788 -26.303554600752992 144.24771796153573 12.081250000000002 141.85670053890806 122.76587418004705 11.750000000000002 0.96904697354198299 72.353280273547838 6.5500000000000007 0.96234642434711437 8.1500000000000004 -20.079607024585336 0.95998215779580554 -0.16799793862756093 21.500000000000004 138.28011922960249 12.325000000000001
decision_type=2 2 2 2 2 2 2 2 2 2 2 2 2 2 2 2 2 2 2 2 2 2
left_child=1 2 3 -1 6 -6 -5 8 9 10 -2 14 13 -13 17 16 -16 21 19 -14 -20 -9
right_child=7 -3 -4 4 5 -7 -8 11 -10 -11 -12 12 18 -15 15 -17 -18 -19 20 -21 -22 -23
leaf_value=9.2978215317059713e-07 3.0444220572967139e-07 1.2275714274655121e-06 -1.2827428898400166e-06 3.7713308115187713e-08 -1.5842813562016999e-06 3.3290863257207089e-08 9.7349864989626922e-07 4.0580830956334543e-07 -1.7589468621259169e-06 8.0068349412296966e-07 -6.7699371658383589e-07 2.0116396645638209e-06 7.6377984056072388e-07 1.0733675329295996e-07 -2.1099722113666016e-06 4.5076882163438571e-07 -1.38445508148586e-07 1.1826856667192707e-06 -1.0542598023639741e-07 -7.2510115549968243e-07 5.2780545144871997e-07 -1.1996499008484002e-08
leaf_weight=31 20 23 23 94 20 20 27 60 23 23 23 24 59 39 22 28 22 24 397 21 35 5806
leaf_count=31 20 23 23 94 20 20 27 60 23 23 23 24 59 39 22 28 22 24 397 21 35 5806
internal_value=8.36909e-16 1.10773e-07 -8.6983e-09 1.43922e-07 -7.39314e-09 -7.75495e-07 2.46525e-07 -3.97887e-09 -3.54181e-07 1.35359e-07 -2.20512e-07 7.89057e-10 1.0247e-07 8.32785e-07 -9.01751e-09 -5.11718e-07 -1.12421e-06 -2.87245e-09 1.26073e-08 3.72949e-07 -5.41225e-08 -7.72301e-09
internal_weight=6864 238 215 192 161 40 121 6626 89 66 43 6537 575 63 5962 72 44 5890 512 80 432 5866
internal_count=6864 238 215 192 161 40 121 6626 89 66 43 6537 575 63 5962 72 44 5890 512 80 432 5866
is_linear=0
shrinkage=0.05


Tree=286
num_leaves=30
num_cat=0
split_feature=11 7 7 5 4 11 5 7 14 15 15 15 5 8 27 4 8 8 8 15 14 14 15 11 3 7 8 7 14
split_gain=1.20861e-09 1.12557e-08 8.26527e-09 8.11859e-09 2.1921e-08 5.38214e-08 3.88256e-08 4.60459e-08 3.17654e-08 2.1606e-08 2.08767e-08 3.18149e-08 1.43752e-08 1.8253e-08 1.3816e-08 1.84429e-08 1.61837e-08 1.09537e-08 7.89644e-09 6.99897e-09 9.49202e-08 8.15141e-08 3.01027e-08 1.24812e-08 1.09572e-08 4.54215e-09 3.3824e-09 1.42742e-08 9.43431e-09
threshold=22.425000000000001 137.56077128556549 134.7852485700393 12.750000000000002 27.500000000000004 14.418750000000001 13.350000000000003 126.42697836592782 -0.95995996396290595 -0.16799793862756093 -0.98521978256641018 -0.52765736634565841 11.850000000000003 338.4121500173141 63.166666666666679 88.500000000000014 78.181376658593322 295.7289486671886 51.825694037050148 -0.83849291496497236 0.51297097409535064 0.48314048284850658 -0.78324956448884031 18.012500000000003 19.150000000000002 128.96249388644659 320.53304774987174 121.39466129851606 -0.3190086476827993
decision_type=2 2 2 2 2 2 2 2 2 2 2 2 2 2 2 2 2 2 2 2 2 2 2 2 2 2 2 2 2
left_child=3 2 18 12 5 -5 7 -7 -6 -8 17 -12 19 14 16 -16 -14 -10 25 20 21 -1 23 -21 -24 -2 27 -20 -28
right_child=1 -3 -4 4 8 6 9 -9 10 -11 11 -13 13 -15 15 -17 -18 -19 26 22 -22 -23 24 -25 -26 -27 28 -29 -30
leaf_value=-1.9892093144905041e-07 9.0421090095268919e-07 9.2608750438718257e-07 -9.7705940117434473e-07 -2.4599993604823568e-06 -1.6607868726876201e-06 -1.6259924395553881e-07 -5.0385615079772189e-07 -3.2843222172795366e-06 3.6836220061786663e-07 6.0526635942475366e-07 -8.107544671102455e-07 1.9905118330847876e-07 7.4458056817088324e-07 1.71952980068113e-06 2.0929281766885175e-06 1.0071088803934677e-07 -4.0459434737976944e-07 2.0231794701430772e-06 1.0754847267796909e-08 1.3065416612428794e-06 -3.2505230028808307e-06 2.7512785903809347e-06 -5.7630449560517788e-08 -1.3838885934092106e-08 3.2988223925898886e-07 6.9517425669930937e-08 8.6316842096846958e-07 -1.0344215655949843e-06 -4.0309354336631743e-07
leaf_weight=369 39 34 21 32 27 27 84 21 20 92 96 416 47 24 21 26 88 20 3239 63 24 25 1656 25 205 28 38 33 24
leaf_count=369 39 34 21 32 27 27 84 21 20 92 96 416 47 24 21 26 88 20 3239 63 24 25 1656 25 205 28 38 33 24
internal_value=-2.07533e-16 2.08347e-08 1.18403e-08 -2.11281e-08 -1.56596e-07 -5.41876e-07 -2.67859e-07 -1.52835e-06 1.37521e-08 7.59124e-08 9.56589e-08 9.71262e-09 2.28345e-08 4.23445e-07 2.52533e-07 9.90851e-07 -4.51123e-09 1.19577e-06 1.79465e-08 -1.20306e-08 -1.97685e-07 -1.17255e-08 2.77866e-08 9.31434e-07 -1.49437e-08 5.55384e-07 7.14613e-09 2.13643e-10 3.73002e-07
internal_weight=6864 3456 3422 3408 835 256 224 48 579 176 552 512 2573 206 182 47 135 40 3401 2367 418 394 1949 88 1861 67 3334 3272 62
internal_count=6864 3456 3422 3408 835 256 224 48 579 176 552 512 2573 206 182 47 135 40 3401 2367 418 394 1949 88 1861 67 3334 3272 62
is_linear=0
shrinkage=0.05


Tree=287
num_leaves=24
num_cat=0
split_feature=14 4 14 15 9 14 8 4 21 14 8 14 8 14 11 4 7 14 4 14 14 13 7
split_gain=1.2854e-09 4.93137e-09 7.13926e-09 5.94255e-09 3.05925e-09 2.04302e-09 1.56331e-08 7.82248e-09 2.84889e-09 2.78593e-09 1.07264e-08 4.70249e-09 3.5068e-08 1.29809e-08 5.90854e-09 4.18209e-09 5.77309e-09 2.67968e-09 2.31026e-08 6.31702e-09 1.08902e-09 1.98246e-10 9.88577e-11
threshold=-0.99467753128998015 12.500000000000002 -0.99866806308218525 0.063390085881955341 -29.654352408864671 -0.9905448150984083 82.705239547400211 37.500000000000007 232.50000000000003 -0.98214942551678475 74.342397427950502 -0.95995996396290595 80.183547326958674 -0.97113884758256674 17.506250000000005 19.500000000000004 108.15781937604932 -0.94975917145599731 53.500000000000007 -0.9442364261229238 -0.99940763397299126 0.1294095225512602 79.187368370444474
decision_type=2 2 2 2 2 2 2 2 2 2 2 2 2 2 2 2 2 2 2 2 2 2 2
left_child=1 3 -3 4 20 6 -2 8 -8 10 -7 12 13 -11 -14 -12 -17 18 -13 -19 -1 22 -6
right_child=5 2 -4 -5 21 9 7 -9 -10 11 15 17 14 -15 -16 16 -18 19 -20 -21 -22 -23 -24
leaf_value=2.239793570879556e-07 -1.4772919257666218e-06 -1.4951128769603707e-08 1.0032014309316245e-06 -5.7229195898017706e-07 -9.4653885122846467e-09 1.157828463419719e-06 9.2944966240793307e-07 -5.8954657628486608e-07 1.5375283697557247e-07 -2.1543685913153848e-06 -4.9199941609382829e-07 -3.6285809493353463e-07 6.6721869977261783e-07 -5.1820386411029842e-07 -5.1155225900816865e-08 -2.6175896181669395e-08 9.386069870132019e-07 -5.7259354241760249e-07 1.2232391837510717e-06 3.3192516038059194e-09 7.3951197047487471e-07 1.2725239178235555e-07 -1.3177127613062113e-07
leaf_weight=20 20 36 33 39 95 25 20 27 29 27 30 58 34 22 181 69 20 48 38 5928 21 24 20
leaf_count=20 20 36 33 39 95 25 20 27 29 27 30 58 34 22 181 69 20 48 38 5928 21 24 20
internal_value=-5.81896e-16 1.03392e-07 4.71991e-07 -1.27426e-08 1.08493e-07 -4.5281e-09 -2.33498e-07 9.38167e-08 4.70364e-07 -1.13596e-09 2.16331e-07 -6.0784e-09 -2.12659e-07 -1.41976e-06 6.24481e-08 1.8538e-08 1.90629e-07 2.90338e-09 2.64972e-07 -1.30655e-09 4.88033e-07 -3.45741e-09 -3.0736e-08
internal_weight=6864 288 69 219 180 6576 96 76 49 6480 144 6336 264 49 215 119 89 6072 96 5976 41 139 115
internal_count=6864 288 69 219 180 6576 96 76 49 6480 144 6336 264 49 215 119 89 6072 96 5976 41 139 115
is_linear=0
shrinkage=0.05


Tree=288
num_leaves=30
num_cat=0
split_feature=14 14 13 15 3 15 13 15 5 15 14 14 4 14 9 4 5 13 14 3 9 3 5 4 9 9 5 14 3
split_gain=1.17284e-09 2.27582e-08 4.75111e-08 1.07073e-08 4.14757e-08 1.60544e-08 5.20779e-08 2.12755e-08 1.09556e-07 1.94823e-08 1.57065e-08 9.81167e-09 6.16085e-09 6.00552e-09 1.92858e-08 8.30967e-09 1.04296e-08 1.00308e-08 5.20797e-09 5.38283e-08 5.92317e-09 5.24501e-09 1.56359e-08 4.54685e-08 1.24648e-08 1.02177e-08 5.8272e-09 2.28103e-09 4.6268e-10
threshold=0.31799963745711152 0.3504237462291826 0.25881904510252057 -0.90531874877253482 16.950000000000003 -0.88220415136009767 0.60355339059327384 -0.86548532668110156 4.6500000000000012 -0.83849291496497236 0.39036257410962044 0.3342611484689354 7.5000000000000009 0.26866988313759588 -33.04402803928491 4.5000000000000009 13.950000000000001 1.0000000180025095e-35 0.23537774960157334 16.150000000000002 -12.601730494079911 18.050000000000004 3.6500000000000008 14.500000000000002 -45.723813439083791 -64.365679215727937 14.65 0.25206111083856975 16.250000000000004
decision_type=2 2 2 2 2 2 2 2 2 2 2 2 2 2 2 2 2 2 2 2 2 2 2 2 2 2 2 2 2
left_child=13 2 28 4 -3 6 12 8 -7 -9 -6 -4 -5 18 -15 -16 17 -17 21 -20 -21 22 23 -1 -24 -23 -27 -22 -2
right_child=1 3 11 5 10 7 -8 9 -10 -11 -12 -13 -14 14 15 16 -18 -19 19 20 27 25 24 -25 -26 26 -28 -29 -30
leaf_value=-2.4375299934769662e-06 -3.2267878964375997e-08 1.9576278527272904e-06 -1.3125648547429592e-06 -5.7373512544423019e-07 -1.0326206360068387e-06 3.8736498311209289e-06 -2.848031612129056e-06 -8.2641737490815904e-07 -9.7157897047038333e-07 5.5681186225722257e-09 5.4653059482490114e-07 -2.878744439556158e-06 5.5185289502259691e-07 1.3981489218801444e-06 -7.6080143208957256e-07 -4.3252140018338377e-08 -4.0130861531143378e-07 1.3776951807063529e-06 -2.4065495257019622e-06 1.0589581984277175e-06 3.9060325642026331e-07 -1.0872746770473897e-06 6.3440063717600783e-07 1.5554096449542995e-07 1.0004593967795139e-07 -4.459710832535186e-08 1.4280852957017242e-07 -2.7220120304263078e-07 2.6767469055105013e-07
leaf_weight=22 20 33 20 20 31 20 21 72 28 3096 32 20 31 33 26 23 35 27 24 20 25 22 152 73 387 1962 526 27 36
leaf_count=22 20 33 20 20 31 20 21 72 28 3096 32 20 31 33 26 23 35 27 24 20 25 22 152 73 387 1962 526 27 36
internal_value=1.04757e-16 -2.03811e-08 -7.79534e-07 1.15519e-09 5.21661e-07 -1.40421e-08 -7.52443e-07 2.48931e-09 1.04727e-06 -1.33406e-08 -2.30512e-07 -2.09565e-06 1.10446e-07 2.09592e-08 3.36911e-07 2.14084e-08 2.60673e-07 7.24059e-07 6.91693e-09 -3.55858e-07 3.27706e-07 1.7994e-08 1.46491e-07 -4.4496e-07 2.50736e-07 -1.44631e-08 -4.97678e-09 4.64548e-08 1.60552e-07
internal_weight=6864 3480 96 3384 96 3288 72 3216 48 3168 63 40 51 3384 144 111 85 50 3240 96 72 3144 634 95 539 2510 2488 52 56
internal_count=6864 3480 96 3384 96 3288 72 3216 48 3168 63 40 51 3384 144 111 85 50 3240 96 72 3144 634 95 539 2510 2488 52 56
is_linear=0
shrinkage=0.05


Tree=289
num_leaves=22
num_cat=0
split_feature=5 15 14 8 27 14 8 4 5 3 14 3 5 8 5 7 5 15 5 14 27
split_gain=1.17789e-09 8.81506e-09 1.7302e-08 1.18715e-08 1.11728e-08 9.43088e-09 1.146e-08 8.21179e-09 4.95924e-09 2.06952e-08 4.5367e-09 4.34947e-09 3.37478e-09 6.56286e-09 4.39938e-09 1.44777e-08 7.43727e-09 1.58324e-08 4.19382e-09 3.50971e-09 1.65196e-09
threshold=2.7500000000000004 -0.26037106507032781 0.70290292807158616 55.121268457749814 34.833333333333336 0.9893236546938301 72.353280273547838 3.5000000000000004 3.0500000000000003 16.950000000000003 -0.98214942551678475 16.850000000000005 3.2500000000000004 285.57773149842563 3.7500000000000004 129.99410616246317 3.9500000000000006 0.080547328232315238 3.5500000000000003 0.9916835347852474 39.500000000000007
decision_type=2 2 2 2 2 2 2 2 2 2 2 2 2 2 2 2 2 2 2 2 2
left_child=1 2 3 -1 7 6 -3 -5 9 -2 -8 -12 13 20 15 18 17 -16 -14 -18 -10
right_child=8 5 -4 4 -6 -7 10 -9 12 -11 11 -13 14 -15 16 -17 19 -19 -20 -21 -22
leaf_value=1.194994952542898e-06 -1.5189944732058463e-06 -1.0326395816288201e-06 1.7270659257511462e-06 -1.5223863516489189e-07 -7.4711337845201346e-07 6.6682355663871824e-07 4.9467863770284265e-07 1.1742862226071794e-06 2.9964717660797239e-07 3.5493953518539458e-07 9.9846243710562004e-08 -5.7560799761350018e-07 -2.9852977396630528e-07 1.0604095752516943e-06 1.4234559421416399e-06 -1.1617331184814767e-06 6.22167581944341e-09 -4.0705642886543617e-07 2.8071742262900371e-07 -1.7049055222450585e-07 -3.3529927932818283e-07
leaf_weight=22 26 38 21 28 38 32 30 20 21 34 52 44 63 22 27 35 5913 21 62 295 20
leaf_count=22 26 38 21 28 38 32 30 20 21 34 52 44 63 22 27 35 5913 21 62 295 20
internal_value=-1.23246e-17 9.29067e-08 4.13884e-07 1.58543e-07 -1.06596e-07 -1.18349e-07 -2.71553e-07 4.0048e-07 -4.61763e-09 -4.57099e-07 -4.2019e-08 -2.09737e-07 -4.27343e-10 3.6374e-07 -4.00318e-09 -2.62897e-07 2.61816e-09 6.22607e-07 -1.12232e-08 -2.17557e-09 -1.00828e-08
internal_weight=6864 325 129 108 86 196 164 48 6539 60 126 96 6479 63 6416 160 6256 48 125 6208 41
internal_count=6864 325 129 108 86 196 164 48 6539 60 126 96 6479 63 6416 160 6256 48 125 6208 41
is_linear=0
shrinkage=0.05


Tree=290
num_leaves=25
num_cat=0
split_feature=11 27 4 13 14 5 14 8 11 11 7 7 27 14 8 5 14 5 9 14 15 27 27 11
split_gain=1.27612e-09 1.19956e-08 2.58568e-08 3.59256e-08 1.14392e-08 1.06388e-08 1.39035e-08 7.54374e-09 4.35791e-09 3.7765e-09 2.17262e-08 5.55736e-09 2.87683e-09 2.4897e-09 1.35341e-08 1.96098e-08 6.65742e-09 1.55554e-08 1.6503e-08 1.22595e-08 4.35488e-09 1.26472e-08 4.79914e-09 3.97077e-09
threshold=11.612500000000002 55.166666666666679 46.500000000000007 0.91597561503675351 0.99552231814189451 10.450000000000001 0.98667101781630195 91.568840298407153 10.65 12.081250000000002 141.85670053890806 122.76587418004705 55.500000000000007 0.96904697354198299 72.353280273547838 6.5500000000000007 0.96234642434711437 8.4500000000000011 -20.079607024585336 0.95998215779580554 -0.16799793862756093 7.166666666666667 86.500000000000014 12.325000000000001
decision_type=2 2 2 2 2 2 2 2 2 2 2 2 2 2 2 2 2 2 2 2 2 2 2 2
left_child=1 2 3 5 7 6 -1 8 -3 10 11 12 -2 16 15 -15 19 18 -18 23 21 -16 -22 -11
right_child=9 4 -4 -5 -6 -7 -8 -9 -10 13 -12 -13 -14 14 20 -17 17 -19 -20 -21 22 -23 -24 -25
leaf_value=8.2600512920786663e-07 -6.0154671818292051e-07 2.4761465056144517e-09 -1.3460158026785192e-06 2.1111310493893144e-06 1.4002910743497691e-06 -1.2270827120292303e-06 -7.5370779331233988e-07 -4.5087537634864409e-07 9.5531310844165769e-07 3.9663189374058072e-07 -1.6509444277368819e-06 7.6091457858835749e-07 2.1661729544489175e-07 1.915725556500547e-06 7.6500828211883179e-07 9.9211553251967786e-08 -2.0071956111099676e-06 5.8555664701958925e-07 -1.6236491557332624e-07 1.1243289733897655e-06 -1.3064467262966745e-07 -6.0685987266495547e-07 2.8855329306305282e-07 -1.2218540785443339e-08
leaf_weight=30 22 20 36 20 27 21 26 28 30 60 23 23 21 24 56 39 22 23 27 24 347 24 85 5806
leaf_count=30 22 20 36 20 27 21 26 28 30 60 23 23 21 24 56 39 22 23 27 24 347 24 85 5806
internal_value=1.03631e-15 1.13753e-07 -2.01646e-07 2.23068e-07 5.1326e-07 -2.67337e-07 9.2567e-08 2.0621e-07 5.74178e-07 -4.08592e-09 -3.27593e-07 1.33575e-07 -2.01978e-07 3.1856e-10 9.96797e-08 7.91217e-07 -9.26424e-09 -4.87144e-07 -9.90656e-07 -3.42259e-09 1.45882e-08 3.53448e-07 -4.81636e-08 -8.03664e-09
internal_weight=6864 238 133 97 105 77 56 78 50 6626 89 66 43 6537 575 63 5962 72 49 5890 512 80 432 5866
internal_count=6864 238 133 97 105 77 56 78 50 6626 89 66 43 6537 575 63 5962 72 49 5890 512 80 432 5866
is_linear=0
shrinkage=0.05


Tree=291
num_leaves=30
num_cat=0
split_feature=14 14 13 14 5 14 5 8 27 8 27 13 7 8 15 14 14 15 4 13 14 14 8 8 27 13 27 15 27
split_gain=1.21239e-09 1.02499e-08 2.15611e-08 1.20628e-08 6.0055e-08 1.18662e-08 4.18339e-08 8.6088e-09 9.36305e-09 3.55918e-08 1.73621e-08 8.62252e-08 1.07824e-08 2.73619e-08 8.57133e-09 7.59095e-09 3.09339e-08 1.70294e-08 6.1597e-09 6.2878e-09 5.15873e-09 2.72596e-08 4.72462e-09 3.89544e-09 3.12547e-09 2.58286e-09 1.14196e-09 3.35075e-10 4.37902e-11
threshold=0.60555468348150676 0.55656748448714433 0.60355339059327384 0.51297097409535064 4.6500000000000012 0.48314048284850658 4.6500000000000012 354.97372237062882 0.83333333333333337 305.40460532271948 5.8333333333333348 0.78656609248549303 138.28011922960249 67.592802973739666 0.79901556149977504 0.7090011537757156 0.70290292807158616 -0.68432604233786842 5.5000000000000009 1.0000000180025095e-35 0.45273815774107123 0.46039464932087154 110.27412906839241 41.872789802189153 1.0000000180025095e-35 1.0000000180025095e-35 3.5000000000000004 0.79901556149977504 11.833333333333334
decision_type=2 2 2 2 2 2 2 2 2 2 2 2 2 2 2 2 2 2 2 2 2 2 2 2 2 2 2 2 2
left_child=1 3 25 5 -5 20 -7 8 9 12 11 26 13 -2 -4 16 -12 -17 19 -6 23 -22 -20 -1 -8 27 -10 28 -3
right_child=7 2 14 4 18 6 24 -9 10 -11 15 -13 -14 -15 -16 17 -18 -19 22 -21 21 -23 -24 -25 -26 -27 -28 -29 -30
leaf_value=2.0007944796352447e-07 -1.6145485897141044e-06 -2.5102985308995298e-07 1.8545089683844447e-06 -2.3591913581810787e-06 1.7307098880792182e-07 2.1525578674676394e-06 2.5863549404222158e-07 -7.9493734909242957e-07 -1.7445757627342788e-07 1.7571405163942154e-06 -1.0549087058513414e-07 -3.6374217700085865e-06 9.4942024973886064e-07 1.1086439863947828e-07 5.1821025435639885e-07 1.3438846489392346e-06 -1.9685387894134248e-06 2.5074768746209788e-09 1.0444200708548124e-06 -1.0163635671789351e-06 -1.8179511468948325e-06 1.278280685844556e-07 1.2687644860405613e-07 -1.1722258982647402e-09 -4.2812180031494397e-07 3.9647858898206326e-07 1.725512781211355e-07 5.5459762708191351e-10 -1.5543267727480272e-07
leaf_weight=258 25 23 28 32 25 29 30 36 66 34 311 20 31 284 21 24 24 1676 20 20 24 72 47 3534 37 35 37 36 25
leaf_count=258 25 23 28 32 25 29 30 36 66 34 311 20 31 284 21 24 24 1676 20 20 24 72 47 3534 37 35 37 36 25
internal_value=3.86798e-16 1.62468e-08 3.99083e-07 6.66268e-10 -4.4891e-07 1.6916e-08 5.6607e-07 -2.71792e-08 -1.62632e-08 2.14697e-07 -5.62906e-08 -6.33156e-07 6.04524e-08 -2.87321e-08 1.28181e-06 -2.14235e-08 -2.38963e-07 2.14446e-08 9.68848e-08 -3.55567e-07 3.35665e-09 -3.58617e-07 4.0077e-07 1.25205e-08 -1.20619e-07 3.56068e-08 -4.98039e-08 -1.14756e-07 -2.0124e-07
internal_weight=6864 4296 168 4128 144 3984 96 2568 2532 374 2158 123 340 309 49 2035 335 1700 112 45 3888 96 67 3792 67 119 103 84 48
internal_count=6864 4296 168 4128 144 3984 96 2568 2532 374 2158 123 340 309 49 2035 335 1700 112 45 3888 96 67 3792 67 119 103 84 48
is_linear=0
shrinkage=0.05


Tree=292
num_leaves=31
num_cat=0
split_feature=11 11 9 9 5 4 11 5 9 14 9 14 11 5 11 14 14 5 4 4 9 27 8 8 8 9 5 9 11 14
split_gain=1.26868e-09 1.075e-08 1.8289e-08 1.79345e-08 7.31431e-09 1.99192e-08 4.69659e-08 3.25844e-08 4.94803e-08 2.90566e-08 2.4643e-08 1.65016e-08 1.7728e-08 1.25709e-08 1.7093e-08 1.86401e-08 1.30159e-08 2.67713e-08 6.63356e-09 1.82215e-08 2.97722e-08 1.4616e-08 1.13039e-08 1.93267e-08 6.47626e-09 6.17919e-09 3.43959e-09 5.70137e-09 4.15711e-09 4.88719e-09
threshold=22.425000000000001 24.153125000000003 -45.723813439083791 -43.03020306360753 12.750000000000002 27.500000000000004 14.146875000000001 13.450000000000001 -31.208481032920549 -0.95995996396290595 -37.450456167051662 -0.94975917145599731 14.418750000000001 11.850000000000003 15.915625000000002 0.7090011537757156 0.15101559051660998 12.250000000000002 22.500000000000004 10.500000000000002 -39.873496590104615 15.833333333333334 357.25307277430142 300.81733271208674 37.05353881563304 -22.195711355072664 7.9500000000000011 -27.495846359269631 23.503125000000004 -0.26969676895496814
decision_type=2 2 2 2 2 2 2 2 2 2 2 2 2 2 2 2 2 2 2 2 2 2 2 2 2 2 2 2 2 2
left_child=4 2 -2 -3 13 6 -6 8 -8 -7 -9 -11 -13 18 15 -15 25 -18 19 21 -21 -1 23 -20 -5 -16 28 -28 29 -4
right_child=1 3 26 24 5 9 7 10 -10 11 -12 12 -14 14 16 -17 17 -19 22 20 -22 -23 -24 -25 -26 -27 27 -29 -30 -31
leaf_value=4.3242407690889873e-08 1.6413808144951265e-06 -1.1639445030155142e-06 -9.115328866342184e-07 8.4370908997816911e-07 -2.4898164638300474e-06 -1.5893966913490995e-06 -2.9882725582979223e-06 7.4461510585300907e-07 1.4399683280888924e-09 1.46516883914739e-06 -4.6154989005546083e-07 3.4126148411097461e-07 -2.3740810164802576e-07 7.4226012977171072e-08 7.6216681476535905e-07 1.8020592492391462e-06 -1.9781441957888999e-06 4.3540705131885333e-07 -1.8075498576593103e-08 1.3467481394132739e-06 1.1586321993479616e-07 -6.0289142453053972e-07 9.8435725514415622e-07 -5.283280472417273e-07 1.6188547748350957e-09 -5.7564189822811295e-08 8.6447046869191005e-07 1.6638615101348387e-07 3.7595862059092159e-07 8.4317582909371998e-08
leaf_weight=755 24 33 22 23 27 27 25 74 31 21 99 251 280 27 56 37 20 27 1017 68 177 99 24 227 3129 39 38 127 32 28
leaf_count=755 24 33 22 23 27 27 25 74 31 21 99 251 280 27 56 37 20 27 1017 68 177 99 24 227 3129 39 38 127 32 28
internal_value=-9.71378e-16 2.13462e-08 3.2366e-07 -4.3766e-09 -2.16468e-08 -1.5023e-07 -5.17497e-07 -2.84952e-07 -1.33325e-06 1.21541e-08 5.4382e-08 9.04908e-08 3.6125e-08 2.00814e-08 3.94707e-07 1.07313e-06 8.89398e-08 -5.91636e-07 -1.25223e-08 7.73871e-08 4.57497e-07 -3.16607e-08 -9.04485e-08 -1.11184e-07 7.76355e-09 4.25646e-07 1.95623e-07 3.27157e-07 -6.90507e-08 -3.53857e-07
internal_weight=6864 3456 271 3185 3408 835 256 229 56 579 173 552 531 2573 206 64 142 47 2367 1099 245 854 1268 1244 3152 95 247 165 82 50
internal_count=6864 3456 271 3185 3408 835 256 229 56 579 173 552 531 2573 206 64 142 47 2367 1099 245 854 1268 1244 3152 95 247 165 82 50
is_linear=0
shrinkage=0.05


Tree=293
num_leaves=24
num_cat=0
split_feature=14 4 14 15 7 7 14 3 14 15 12 3 4 3 7 5 15 12 5 15 15 17 5
split_gain=1.23866e-09 4.77188e-09 6.62898e-09 5.06245e-09 2.58823e-09 1.94782e-09 1.03754e-08 4.53966e-08 2.96262e-08 2.60741e-08 2.7839e-08 1.10568e-08 2.30809e-08 1.49075e-08 4.60454e-09 7.42704e-09 2.72017e-09 1.80429e-09 3.53377e-09 2.04287e-09 1.10524e-09 1.02465e-10 5.67071e-11
threshold=-0.99467753128998015 12.500000000000002 -0.99866806308218525 0.063390085881955341 104.83377298048003 113.87962408466828 -0.93879691571722779 19.450000000000003 -0.91978325482952472 -0.24372464231556024 -1.0000000180025095e-35 18.350000000000005 98.500000000000014 16.950000000000003 113.28961803638258 5.4500000000000011 -0.99983123799342477 0.98296291314453421 11.65 -0.86548532668110156 -0.022575793296316496 0.46396510968901555 16.950000000000003
decision_type=2 2 2 2 2 2 2 2 2 2 2 2 2 2 2 2 2 2 2 2 2 2 2
left_child=1 3 -3 4 21 14 7 9 -8 -7 -11 13 -13 -10 16 -16 -2 19 -19 -18 -6 -1 -23
right_child=5 2 -4 -5 20 6 8 -9 11 10 -12 12 -14 -15 15 -17 17 18 -20 -21 -22 22 -24
leaf_value=-1.3190737185198032e-07 4.4134232237209089e-07 -5.1335374469848229e-09 9.7595852580387583e-07 -5.2920111111248868e-07 1.7449410108838492e-07 1.1018995943838188e-06 1.8639391322765386e-06 -2.4635519900545228e-06 -3.3609815340463714e-08 5.1445949339279007e-07 -7.8186539641955493e-07 8.864600579111304e-08 1.5185529817548135e-06 -5.2036363984152168e-07 1.2375329777114531e-06 2.3248925984376002e-08 -6.5461316865864026e-08 2.6320743659946105e-07 -1.5963041485481509e-07 1.6818661925326774e-08 6.1988830785034794e-07 1.0240824040983423e-08 -8.1731366681954878e-08
leaf_weight=20 36 36 33 39 30 36 21 23 1120 61 129 476 30 183 20 34 989 168 70 3180 26 83 21
leaf_count=20 36 36 33 39 30 36 21 23 1120 61 129 476 30 183 20 34 989 168 70 3180 26 83 21
internal_value=6.93345e-16 1.01494e-07 4.64084e-07 -1.27463e-08 9.91522e-08 -4.44501e-09 -4.44669e-08 -3.47277e-07 -3.26488e-09 -1.31904e-07 -3.65677e-07 -2.49405e-08 1.73423e-07 -1.01972e-07 1.40574e-08 4.72984e-07 8.47966e-09 4.94369e-09 1.38843e-07 -2.70038e-09 3.81284e-07 -2.82622e-08 -8.33048e-09
internal_weight=6864 288 69 219 180 6576 2079 249 1830 226 190 1809 506 1303 4497 54 4443 4407 238 4169 56 124 104
internal_count=6864 288 69 219 180 6576 2079 249 1830 226 190 1809 506 1303 4497 54 4443 4407 238 4169 56 124 104
is_linear=0
shrinkage=0.05


Tree=294
num_leaves=31
num_cat=0
split_feature=14 27 5 4 9 7 8 4 7 14 8 4 11 17 7 5 27 11 11 9 9 7 14 9 14 7 8 27 5 11
split_gain=1.19874e-09 9.71263e-09 4.49415e-08 1.13396e-08 2.17836e-08 1.29933e-08 5.94647e-09 4.88532e-09 4.47501e-09 3.55914e-09 3.04463e-08 1.95296e-08 8.16701e-09 1.499e-08 1.07632e-08 2.65958e-09 1.18323e-08 2.38831e-08 2.24561e-08 1.85293e-08 3.58159e-09 1.25972e-08 5.67805e-08 1.15002e-08 9.88966e-09 7.99261e-09 4.69521e-09 2.43228e-09 1.70807e-09 1.69123e-09
threshold=-0.98214942551678475 48.166666666666679 13.750000000000002 14.500000000000002 -52.374898728316751 150.5217580147461 271.09663102033949 10.500000000000002 117.7155872178151 -0.95995996396290595 87.231841338032652 40.500000000000007 19.303125000000005 0.33448502796972696 135.88385556819316 2.3500000000000001 22.833333333333339 13.490625000000001 17.406250000000004 -31.208481032920549 -50.079440919398102 135.88385556819316 0.90162119223771331 -51.179005292622413 0.3342611484689354 134.27442752181852 90.044764230342636 6.8333333333333348 3.4500000000000006 20.034375000000004
decision_type=2 2 2 2 2 2 2 2 2 2 2 2 2 2 2 2 2 2 2 2 2 2 2 2 2 2 2 2 2 2
left_child=1 3 6 5 -5 7 28 27 29 10 11 -2 14 -14 -12 16 18 -18 -11 -19 23 25 -23 24 -17 -22 -25 -1 -3 -6
right_child=9 2 -4 4 8 -7 -8 -9 -10 15 12 -13 13 -15 -16 20 17 19 -20 -21 21 22 -24 26 -26 -27 -28 -29 -30 -31
leaf_value=1.6246091194748093e-07 -1.8870638357200097e-06 -4.8137700630945807e-07 -2.4208397056619496e-06 2.0963659555458698e-06 -4.0536092583920434e-07 -1.1220197357240316e-06 8.612061388849465e-07 8.7316739388094396e-07 7.2730518998772225e-07 2.0327974968769138e-06 1.2596033167394527e-07 -3.1705246783531037e-08 -1.3706964047166538e-06 1.0525101660824006e-07 1.5407744194817496e-06 4.3795505642732992e-07 -1.5906654177590761e-06 1.1964153092128872e-06 5.2620428227200827e-08 -2.6219400093285829e-07 -1.037741984267205e-08 2.993844538396325e-07 -1.694052649515376e-06 3.7009674542787256e-07 -8.5211738326476698e-08 5.2009227448203262e-07 1.415324100342084e-06 -2.0205267550688831e-07 4.4270452997603334e-08 2.3708831885674693e-07
leaf_weight=204 37 20 21 21 20 22 21 21 30 22 41 23 20 123 20 122 22 33 41 64 5154 93 58 21 348 72 22 59 68 21
leaf_count=204 37 20 21 21 20 22 21 21 30 22 41 23 20 123 20 122 22 33 41 64 5154 93 58 21 348 72 22 59 68 21
internal_value=-4.36087e-16 7.23826e-08 -3.02842e-07 1.94943e-07 6.81679e-07 4.86046e-08 1.05213e-07 1.39287e-07 2.63251e-07 -6.03189e-09 -1.85753e-07 -1.17584e-06 1.0545e-07 -1.01175e-07 5.89834e-07 1.78207e-09 1.90031e-07 -1.03305e-07 7.44111e-07 2.34034e-07 -4.03479e-09 -1.60779e-08 -4.66307e-07 1.22195e-07 5.0589e-08 -3.069e-09 9.04864e-07 8.06879e-08 -7.51949e-08 -7.63016e-08
internal_weight=6864 528 130 398 92 306 109 284 71 6336 264 60 204 143 61 6072 182 119 63 97 5890 5377 151 513 470 5226 43 263 88 41
internal_count=6864 528 130 398 92 306 109 284 71 6336 264 60 204 143 61 6072 182 119 63 97 5890 5377 151 513 470 5226 43 263 88 41
is_linear=0
shrinkage=0.05


Tree=295
num_leaves=23
num_cat=0
split_feature=11 27 4 7 14 7 27 27 11 7 14 14 9 11 4 9 27 9 7 15 27 3
split_gain=1.32354e-09 1.05246e-08 2.27157e-08 1.42961e-08 1.06377e-08 1.04311e-08 7.65727e-09 3.9413e-09 3.33167e-09 1.92697e-08 4.96253e-09 2.40819e-09 1.58421e-08 2.91636e-09 1.59091e-08 3.3862e-09 1.08252e-08 1.07377e-08 1.97767e-09 1.96751e-09 1.93822e-09 8.12692e-10
threshold=11.612500000000002 55.166666666666679 46.500000000000007 145.10776148299135 0.89017062131308955 121.62310634582926 27.500000000000004 10.833333333333334 12.081250000000002 141.85670053890806 0.83376496542330847 0.99761913169647187 -34.532023602627511 12.325000000000001 42.500000000000007 -67.194487239848442 58.833333333333336 -64.365679215727937 102.01968264851767 1.0000000180025095e-35 49.833333333333336 17.950000000000003
decision_type=2 2 2 2 2 2 2 2 2 2 2 2 2 2 2 2 2 2 2 2 2 2
left_child=1 2 3 6 -3 18 7 -1 9 10 -2 13 -13 14 -10 16 -15 -17 -6 20 -14 -21
right_child=8 4 -4 -5 5 -7 -8 -9 11 -11 -12 12 19 15 -16 17 -18 -19 -20 21 -22 -23
leaf_value=-1.8307081893183186e-07 6.3137967057766022e-07 -4.6019997712490928e-07 -1.2521921043963227e-06 1.221578984838673e-06 -5.1234807585842645e-08 1.3785125290923675e-06 -7.5585283520733053e-07 7.976767396833396e-07 -6.5341193806034428e-07 -1.5543138107215988e-06 -2.4586916635514986e-07 1.3467028934428527e-06 -8.2802109255873696e-09 5.3955115900615142e-07 9.6236064195683207e-07 -8.3025958815596827e-07 -3.5456237448272535e-07 -8.3840402053948161e-09 6.1583085937400033e-07 4.1107799984995019e-08 -5.6685595407657275e-07 4.3862939719474525e-07
leaf_weight=21 28 23 36 26 25 37 30 20 25 23 38 25 41 97 39 40 52 6137 20 36 25 20
leaf_count=21 28 23 36 26 25 37 30 20 25 23 38 25 41 97 39 40 52 6137 20 36 25 20
internal_value=-4.16085e-16 1.15848e-07 -1.79582e-07 2.185e-07 4.90058e-07 7.56594e-07 -1.48824e-07 2.95343e-07 -4.16114e-09 -3.08018e-07 1.26297e-07 -2.41853e-11 2.00062e-07 -4.62711e-09 3.31199e-07 -8.02466e-09 2.27512e-07 -1.37062e-08 2.45239e-07 -3.49051e-08 -2.19862e-07 1.8308e-07
internal_weight=6864 238 133 97 105 82 71 41 6626 89 66 6537 147 6390 64 6326 149 6177 45 122 66 56
internal_count=6864 238 133 97 105 82 71 41 6626 89 66 6537 147 6390 64 6326 149 6177 45 122 66 56
is_linear=0
shrinkage=0.05


Tree=296
num_leaves=24
num_cat=0
split_feature=11 8 8 15 14 9 14 11 7 7 3 14 8 27 14 14 14 14 12 3 3 17 14
split_gain=1.19449e-09 1.08186e-08 1.55746e-08 7.34182e-09 1.05226e-08 9.3462e-09 6.20348e-09 3.00683e-09 1.73909e-08 4.85524e-09 3.62533e-09 2.23093e-09 1.20223e-08 1.20691e-08 1.07465e-08 5.9179e-09 1.42401e-08 1.10161e-08 7.50636e-09 3.91877e-09 1.16714e-08 9.04783e-09 3.3621e-09
threshold=11.612500000000002 326.85811795944278 293.82566432558696 1.0000000180025095e-35 0.99374995976406788 -26.303554600752992 0.89017062131308955 12.081250000000002 141.85670053890806 122.76587418004705 11.750000000000002 0.96904697354198299 72.353280273547838 14.500000000000002 0.98802474685579866 0.96234642434711437 0.96465729447553372 0.95998215779580554 0.12940952255126045 26.250000000000004 24.250000000000004 0.97239440572431568 0.61915405168109316
decision_type=2 2 2 2 2 2 2 2 2 2 2 2 2 2 2 2 2 2 2 2 2 2 2
left_child=1 2 3 -1 6 -6 -5 8 9 10 -2 15 13 -13 -15 17 -17 22 -18 20 -14 -21 -9
right_child=7 -3 -4 4 5 -7 -8 11 -10 -11 -12 12 19 14 -16 16 18 -19 -20 21 -22 -23 -24
leaf_value=8.5170369931486894e-07 2.9867336390765333e-07 1.1407339508937382e-06 -1.229751911602722e-06 -2.4717790460775698e-07 -1.4559158186955302e-06 7.2661678132135422e-08 5.0486426569253276e-07 1.4933169597898064e-08 -1.4765981362692718e-06 7.0635450227833338e-07 -6.2177385080244485e-07 -1.6684430786130102e-07 4.4981224971254858e-08 4.5103110096533788e-07 2.090121014362012e-06 -1.4540822427022705e-06 -5.3759498016986001e-07 1.0654480656550427e-06 7.1730003315647908e-07 1.2617200985687305e-06 -8.2129597639346839e-07 -2.5530808512269761e-08 -7.0549276153984992e-08
leaf_weight=31 20 23 23 42 20 20 79 4295 23 23 23 23 406 20 20 24 26 24 22 20 43 43 1571
leaf_count=31 20 23 23 42 20 20 79 4295 23 23 23 23 406 20 20 24 26 24 22 20 43 43 1571
internal_value=1.83672e-16 1.10055e-07 -2.03521e-10 1.47086e-07 1.14144e-08 -6.91627e-07 2.43825e-07 -3.95308e-09 -2.92617e-07 1.19982e-07 -1.93659e-07 -2.2975e-11 9.40328e-08 7.45804e-07 1.27058e-06 -9.0941e-09 -4.59651e-07 -3.58645e-09 3.75652e-08 1.38344e-08 -3.79807e-08 3.8312e-07 -7.96027e-09
internal_weight=6864 238 215 192 161 40 121 6626 89 66 43 6537 575 63 40 5962 72 5890 48 512 449 63 5866
internal_count=6864 238 215 192 161 40 121 6626 89 66 43 6537 575 63 40 5962 72 5890 48 512 449 63 5866
is_linear=0
shrinkage=0.05


Tree=297
num_leaves=29
num_cat=0
split_feature=11 11 7 7 15 8 7 11 7 27 5 8 8 11 8 11 14 7 15 5 15 5 15 15 5 17 11 15
split_gain=1.1944e-09 9.418e-09 1.28261e-08 1.06073e-08 7.67515e-09 5.71468e-09 6.87211e-09 2.44491e-08 7.75467e-09 5.56951e-09 2.2618e-08 2.6502e-08 5.43667e-08 2.34642e-08 1.10855e-08 6.85958e-09 2.1448e-08 3.62018e-08 1.62368e-08 7.71301e-09 5.23554e-08 1.20897e-08 2.78928e-09 4.73512e-09 4.20548e-09 3.94191e-10 3.58914e-10 1.59743e-10
threshold=22.425000000000001 24.153125000000003 133.22732161747658 135.88385556819316 -0.99983123799342477 37.05353881563304 117.7155872178151 25.503125000000004 113.28961803638258 1.1666666666666667 9.7500000000000018 335.07049946007731 305.40460532271948 18.406250000000004 279.28182167500222 20.309375000000006 -0.95500086777008153 106.7258834453141 -0.79382744783423187 13.850000000000003 -0.52765736634565841 12.250000000000002 -0.59867820553660911 -0.70289845916694649 7.5500000000000007 0.67335323716304285 23.303125000000005 0.080547328232315238
decision_type=2 2 2 2 2 2 2 2 2 2 2 2 2 2 2 2 2 2 2 2 2 2 2 2 2 2 2 2
left_child=4 2 22 5 -1 -3 8 -8 -7 10 11 12 -6 14 -12 19 17 -17 -18 21 -21 -11 23 24 -2 26 -24 -27
right_child=1 3 -4 -5 9 6 7 -9 -10 15 13 -13 -14 -15 -16 16 18 -19 -20 20 -22 -23 25 -25 -26 27 -28 -29
leaf_value=-9.1199440295971134e-07 -2.1538949871076817e-07 7.5754612902301239e-07 1.2274471664637311e-06 -1.050553208870042e-06 -5.6567310763698629e-08 3.8590711250575312e-09 -1.3989996351580357e-06 3.6374581809251964e-07 9.6799642462098657e-07 -1.3619040810199265e-08 7.9827425722777706e-07 -1.5511182694511333e-06 2.454316083220993e-06 -1.3458272191303791e-07 2.3565565988974415e-06 -7.6963445166151308e-08 -6.8466525301857929e-07 -2.8621979993204151e-06 2.0692056988180773e-07 -1.2040528296088447e-06 5.266847532161094e-08 3.7289824723980562e-07 -1.2855009458689893e-08 9.7151929426106766e-07 4.0381244974912394e-07 1.5906455359441291e-07 -2.9324644729843473e-07 -2.3521764518363856e-08
leaf_weight=24 42 25 33 24 344 3036 37 42 21 1860 21 26 23 31 25 28 75 20 160 102 442 227 25 23 79 23 21 25
leaf_count=24 42 25 33 24 344 3036 37 42 21 1860 21 26 23 31 25 28 75 20 160 102 442 227 25 23 79 23 21 25
internal_value=3.68843e-16 2.07119e-08 3.03677e-07 -3.36459e-09 -2.10036e-08 4.58622e-09 -1.41633e-09 -4.61844e-07 1.04822e-08 -1.46845e-08 1.45035e-07 -8.49608e-09 1.00791e-07 9.28644e-07 1.64517e-06 -4.04458e-08 -2.74352e-07 -1.23748e-06 -7.76281e-08 -1.5286e-08 -1.82967e-07 2.84219e-08 1.75591e-07 3.13887e-07 1.88883e-07 -3.62671e-08 -1.4086e-07 6.39675e-08
internal_weight=6864 3456 271 3185 3408 3161 3136 79 3057 3384 470 393 367 77 46 2914 283 48 235 2631 544 2087 238 144 121 94 46 48
internal_count=6864 3456 271 3185 3408 3161 3136 79 3057 3384 470 393 367 77 46 2914 283 48 235 2631 544 2087 238 144 121 94 46 48
is_linear=0
shrinkage=0.05


Tree=298
num_leaves=30
num_cat=0
split_feature=15 27 15 5 15 15 5 13 27 3 3 13 5 15 15 7 22 15 15 3 14 5 7 7 7 3 13 21 5
split_gain=1.26462e-09 1.15627e-08 1.12594e-08 3.96452e-08 9.47757e-09 8.72693e-09 2.73466e-08 5.33328e-08 7.071e-09 8.83184e-09 6.93837e-09 4.52526e-09 2.66883e-09 9.50662e-09 3.92164e-08 5.33721e-08 2.77767e-08 1.64873e-08 7.9104e-09 5.2085e-08 2.35379e-08 1.07734e-08 3.52923e-08 8.92772e-09 6.86265e-09 1.71573e-09 1.53625e-09 7.69133e-10 3.96847e-10
threshold=-0.97111920233974802 42.166666666666679 -0.99983123799342477 12.950000000000001 -0.99938741687870725 -0.96234030595689413 11.250000000000002 0.25881904510252057 31.500000000000004 18.450000000000003 17.350000000000005 0.78656609248549303 9.7500000000000018 -0.67801649466304881 -0.65883892954715351 110.32028364097614 17.500000000000004 -0.69676771491221523 -0.83849291496497236 15.050000000000002 0.48314048284850658 9.4500000000000011 115.93018444175868 163.04565848396837 163.04565848396837 16.650000000000002 0.37940952255126048 169.50000000000003 15.450000000000001
decision_type=2 2 2 2 2 2 2 2 2 2 2 2 2 2 2 2 2 2 2 2 2 2 2 2 2 2 2 2 2
left_child=1 2 3 -1 -3 6 -2 28 9 25 26 -11 18 16 15 -15 17 -14 19 -7 -21 23 -23 -20 -16 -4 -6 -18 -8
right_child=5 4 8 -5 10 12 7 -9 -10 11 -12 -13 13 14 24 -17 27 -19 21 20 -22 22 -24 -25 -26 -27 -28 -29 -30
leaf_value=7.5102748667177374e-07 9.0459425468207667e-07 1.5639492085028904e-06 2.3004587793214647e-07 -2.3971932148469934e-06 3.6031508592770939e-07 -2.1696239564050757e-06 -1.263101836457281e-07 -2.905086606593462e-06 -7.0045072610251215e-07 -6.8269896093911967e-08 -4.2797276589924746e-07 3.9006109500315503e-07 4.612009113721228e-07 -2.0575572271232755e-07 2.6853252910387303e-08 -3.3054680027957842e-06 -2.2333169861740991e-07 1.8069354855470011e-06 1.0046435359856322e-08 -2.1945926855898873e-07 8.872301634710312e-07 1.2551763305536733e-07 -1.7932854617746283e-06 6.7891738176089639e-07 -7.7478149225700893e-07 7.1390001305759231e-07 9.5949289081308167e-07 -3.2740151664292033e-08 1.6994022388416853e-07
leaf_weight=20 26 20 27 20 20 32 26 24 30 371 21 63 254 41 2387 21 62 25 2288 380 55 76 35 51 27 57 23 362 20
leaf_count=20 26 20 27 20 20 32 26 24 30 371 21 63 254 41 2387 21 62 25 2288 380 55 76 35 51 27 57 23 362 20
internal_value=-4.83755e-16 6.51467e-08 -1.32442e-08 -8.23083e-07 6.13883e-07 -7.07019e-09 -4.80082e-07 -9.94391e-07 4.58681e-08 8.90912e-08 3.16988e-07 -1.73798e-09 3.78817e-10 3.20694e-08 -1.40029e-08 -1.25566e-06 1.94338e-07 5.81786e-07 -3.41582e-08 -2.22751e-07 -7.9533e-08 1.78995e-09 -4.7951e-07 2.46306e-08 1.78872e-08 5.58375e-07 6.80806e-07 -6.06097e-08 2.49434e-09
internal_weight=6864 672 588 40 84 6192 96 70 548 518 64 434 6096 3179 2476 62 703 279 2917 467 435 2450 111 2339 2414 84 43 424 46
internal_count=6864 672 588 40 84 6192 96 70 548 518 64 434 6096 3179 2476 62 703 279 2917 467 435 2450 111 2339 2414 84 43 424 46
is_linear=0
shrinkage=0.05


Tree=299
num_leaves=26
num_cat=0
split_feature=11 11 3 9 15 27 27 5 14 15 15 3 14 15 4 15 15 11 5 7 9 7 9 3 15
split_gain=1.16215e-09 9.30153e-09 1.75071e-08 1.52149e-08 6.7601e-09 6.40833e-09 4.76113e-09 2.13258e-08 2.0748e-08 1.47518e-08 1.84722e-08 9.4453e-09 3.59593e-08 1.68154e-08 1.03254e-08 3.75879e-08 7.36407e-09 6.71829e-09 3.87745e-09 8.59097e-09 3.87409e-09 5.51487e-09 3.29326e-09 1.90385e-09 9.64813e-10
threshold=22.606250000000006 24.153125000000003 23.550000000000004 -43.03020306360753 -0.99983123799342477 1.0000000180025095e-35 1.1666666666666667 9.7500000000000018 0.75580964594513067 -0.90161545992537195 -0.70289845916694649 20.250000000000004 -0.9442364261229238 -0.79382744783423187 1.0000000180025095e-35 -0.26037106507032781 -0.73284120334876357 19.303125000000005 7.6500000000000012 118.353626780215 -39.529722761798631 126.99930710622552 -32.194564435033236 22.350000000000005 -0.90161545992537195
decision_type=2 2 2 2 2 2 2 2 2 2 2 2 2 2 2 2 2 2 2 2 2 2 2 2 2
left_child=4 2 18 -3 -1 -4 7 9 17 -6 -11 14 -13 -14 15 -8 -16 -9 23 24 -5 22 -22 -2 -20
right_child=1 3 5 20 6 -7 11 8 -10 10 -12 12 13 -15 16 -17 -18 -19 19 -21 21 -23 -24 -25 -26
leaf_value=-8.5677198408499553e-07 9.7579868629793509e-09 -1.070236130269195e-06 1.6507034453857509e-06 5.3209411877982608e-07 1.1117006834040325e-06 6.0792497519661784e-07 -2.2268141186071695e-06 7.6071707937330763e-07 2.0413006110468012e-06 -1.0482750847510639e-06 3.2818701431698354e-08 -1.7782389132075633e-06 -6.1417418892229283e-07 4.4503332975860235e-07 1.5341417758637982e-07 4.5981344527490369e-07 -4.5486157173193536e-08 -4.0746616235765033e-07 2.9893875966569833e-07 1.1320517131707676e-06 6.4798191147019689e-07 -8.2450177217197053e-07 4.2942726378059684e-09 -5.547985180852168e-07 -4.9622458708616553e-08
leaf_weight=24 32 33 26 35 27 34 23 32 26 45 324 37 69 82 598 30 2098 20 27 22 20 20 3077 28 75
leaf_count=24 32 33 26 35 27 34 23 32 26 45 324 37 69 82 598 30 2098 20 27 22 20 20 3077 28 75
internal_value=1.33428e-16 2.05917e-08 3.18117e-07 -2.20139e-09 -2.05558e-08 1.0598e-06 -1.46721e-08 1.32372e-07 8.88044e-07 -1.64727e-08 -9.9022e-08 -3.84034e-08 -3.81277e-07 -3.89754e-08 -1.49547e-08 -7.06082e-07 -1.36806e-09 3.11416e-07 7.62647e-08 2.35926e-07 8.98045e-09 3.10654e-09 8.45112e-09 -2.53702e-07 4.26437e-08
internal_weight=6864 3429 244 3185 3435 60 3411 474 78 396 369 2937 188 151 2749 53 2696 52 184 124 3152 3117 3097 60 102
internal_count=6864 3429 244 3185 3435 60 3411 474 78 396 369 2937 188 151 2749 53 2696 52 184 124 3152 3117 3097 60 102
is_linear=0
shrinkage=0.05


end of trees

feature_importances:
dia_anio_sin=1349
dia_anio_cos=984
azimut_solar=873
angulo_cenital_solar=669
viento_velocidad=610
temp_ambiente=570
nubosidad_media_movil=548
elevacion_solar=520
temp_panel=426
hora_cos=293
nubosidad=284
hora_sin=199
ghi_lag_1h=42
generacion_teorica_mw=31
ghi=30
indice_cielo_despejado=25
dhi=16
dni=13
ghi_cielo_despejado=13
generacion_teorica_mw_lag_168h=13
generacion_teorica_mw_lag_24h=9
generacion_horaria_estimada_mw_lag_24h=8
ghi_lag_168h=6
generacion_teorica_mw_lag_1h=5
generacion_horaria_estimada_mw_lag_1h=5
generacion_horaria_estimada_mw_lag_168h=4
ghi_lag_24h=3

parameters:
[boosting: gbdt]
[objective: regression]
[metric: l2]
[tree_learner: serial]
[device_type: cpu]
[data_sample_strategy: bagging]
[data: ]
[valid: ]
[num_iterations: 300]
[learning_rate: 0.05]
[num_leaves: 31]
[num_threads: 12]
[seed: 42]
[deterministic: 0]
[force_col_wise: 0]
[force_row_wise: 0]
[histogram_pool_size: -1]
[max_depth: 6]
[min_data_in_leaf: 20]
[min_sum_hessian_in_leaf: 0.001]
[bagging_fraction: 0.8]
[pos_bagging_fraction: 1]
[neg_bagging_fraction: 1]
[bagging_freq: 0]
[bagging_seed: 400]
[bagging_by_query: 0]
[feature_fraction: 0.8]
[feature_fraction_bynode: 1]
[feature_fraction_seed: 30056]
[extra_trees: 0]
[extra_seed: 12879]
[early_stopping_round: 0]
[early_stopping_min_delta: 0]
[first_metric_only: 0]
[max_delta_step: 0]
[lambda_l1: 0]
[lambda_l2: 0]
[linear_lambda: 0]
[min_gain_to_split: 0]
[drop_rate: 0.1]
[max_drop: 50]
[skip_drop: 0.5]
[xgboost_dart_mode: 0]
[uniform_drop: 0]
[drop_seed: 17869]
[top_rate: 0.2]
[other_rate: 0.1]
[min_data_per_group: 100]
[max_cat_threshold: 32]
[cat_l2: 10]
[cat_smooth: 10]
[max_cat_to_onehot: 4]
[top_k: 20]
[monotone_constraints: ]
[monotone_constraints_method: basic]
[monotone_penalty: 0]
[feature_contri: ]
[forcedsplits_filename: ]
[refit_decay_rate: 0.9]
[cegb_tradeoff: 1]
[cegb_penalty_split: 0]
[cegb_penalty_feature_lazy: ]
[cegb_penalty_feature_coupled: ]
[path_smooth: 0]
[interaction_constraints: ]
[verbosity: -1]
[saved_feature_importance_type: 0]
[use_quantized_grad: 0]
[num_grad_quant_bins: 4]
[quant_train_renew_leaf: 0]
[stochastic_rounding: 1]
[linear_tree: 0]
[max_bin: 255]
[max_bin_by_feature: ]
[min_data_in_bin: 3]
[bin_construct_sample_cnt: 200000]
[data_random_seed: 175]
[is_enable_sparse: 1]
[enable_bundle: 1]
[use_missing: 1]
[zero_as_missing: 0]
[feature_pre_filter: 1]
[pre_partition: 0]
[two_round: 0]
[header: 0]
[label_column: ]
[weight_column: ]
[group_column: ]
[ignore_column: ]
[categorical_feature: ]
[forcedbins_filename: ]
[precise_float_parser: 0]
[parser_config_file: ]
[objective_seed: 16083]
[num_class: 1]
[is_unbalance: 0]
[scale_pos_weight: 1]
[sigmoid: 1]
[boost_from_average: 1]
[reg_sqrt: 0]
[alpha: 0.9]
[fair_c: 1]
[poisson_max_delta_step: 0.7]
[tweedie_variance_power: 1.5]
[lambdarank_truncation_level: 30]
[lambdarank_norm: 1]
[label_gain: ]
[lambdarank_position_bias_regularization: 0]
[eval_at: ]
[multi_error_top_k: 1]
[auc_mu_weights: ]
[num_machines: 1]
[local_listen_port: 12400]
[time_out: 120]
[machine_list_filename: ]
[machines: ]
[gpu_platform_id: -1]
[gpu_device_id: -1]
[gpu_device_id_list: ]
[gpu_use_dp: 0]
[num_gpu: 1]

end of parameters

pandas_categorical:[]
