tree
version=v4
num_class=1
num_tree_per_iteration=1
label_index=0
max_feature_idx=27
objective=regression
feature_names=ghi dni dhi temp_ambiente nubosidad viento_velocidad generacion_teorica_mw angulo_cenital_solar azimut_solar elevacion_solar es_de_dia temp_panel hora_sin hora_cos dia_anio_sin dia_anio_cos ghi_cielo_despejado indice_cielo_despejado generacion_teorica_mw_lag_1h generacion_teorica_mw_lag_24h generacion_teorica_mw_lag_168h ghi_lag_1h ghi_lag_24h ghi_lag_168h generacion_horaria_estimada_mw_lag_1h generacion_horaria_estimada_mw_lag_24h generacion_horaria_estimada_mw_lag_168h nubosidad_media_movil
feature_infos=[0:1043] [0:957.10000000000002] [0:437] [7:38.899999999999999] [0:100] [0.40000000000000002:32.899999999999999] [0:0.00086146000000000009] [4.5570677088313687:174.09833613644111] [0.012081198961823247:359.99014538747406] [-84.098336136441091:85.442932291168631] [0:1] [7:68.462500000000006] [-1:1] [-1:1] [-0.9999994220246925:0.99998555065071859] [-0.99997919295908233:0.99054538760918331] [0:1039] [0:1.2] [0:0.00086146000000000009] [0:0.00086146000000000009] [0:0.00086146000000000009] [0:1043] [0:1043] [0:1043] [0:0.00084115571566731144] [0:0.00084115571566731144] [0:0.00084115571566731144] [0:100]
tree_sizes=3006 3041 3031 3014 3022 3034 3016 3014 3042 3046 3044 3043 3038 3035 3067 3055 3072 3032 3043 3047 3085 3056 3035 3052 3046 3036 3034 3052 3019 3046 3046 3011 3051 3057 3041 3052 3056 3000 3029 3033 3056 3066 3048 3045 3040 3023 3043 3030 3024 3040 2999 3043 3025 3050 3031 3019 3002 3041 3073 3039 3031 3024 3053 3060 3050 3051 3035 3037 3033 3029 3051 2024 2856 2585 3045 3036 3047 3057 2991 3059 2945 3038 3046 3012 3040 3045 3006 2504 3039 1941 2021 1538 2721 3032 1834 2031 2428 2197 1532 2995 1371 1269 1554 2106 2121 2679 1633 1532 2390 3057 2024 2736 2389 2999 1926 3052 2067 2744 2666 2936 3049 1357 2301 1266 2737 3055 2181 2186 3068 2464 3031 3065 2392 3044 3067 2084 1809 3025 1525 2374 3048 3043 1420 1710 3040 2544 1522 3018 3050 3034 3042 1801 1546 2726 1973 1627 1926 1747 2678 2274 1615 3041 1614 2655 1446 2566 3016 3035 2558 2459 1548 1988 3073 3044 2124 2661 3059 2291 3011 2563 2391 1996 1544 2268 2308 2100 3025 2501 2674 2640 3028 2178 2849 2284 3095 1437 2645 3021 2302 2750 2281 2650 1436 3072 2910 2855 2488 3013 3038 3054 2073 2682 2461 2945 2744 3028 2076 2564 2079 1434 2376 3048 2306 1945 1524 1917 2472 2205 1810 3048 1529 2275 2937 3063 1688 2917 3033 3008 2019 1905 3057 1705 2959 2280 2663 2553 2449 2666 2596 2922 2020 1993 3036 1439 2562 3029 2557 3009 2661 1791 1727 2183 2911 3009 2509 2779 2560 2078 3044 1639 2640 2106 2291 2176 2761 2102 1629 1639 1519 2951 2083 2009 1730 2850 3038 2478 2821 2073 3052 2273 1721 2573 2524 2402 1906 3043 2780 3039 1847 2685

Tree=0
num_leaves=31
num_cat=0
split_feature=12 12 9 15 8 9 8 9 9 9 4 14 8 9 15 12 14 4 9 6 9 14 9 9 6 27 9 6 4 4
split_gain=0.000286184 3.55813e-05 1.2233e-05 7.03168e-06 6.98534e-06 3.14526e-06 2.91347e-06 2.62697e-06 2.17419e-06 2.01272e-06 1.71799e-06 1.65444e-06 1.08484e-06 1.05097e-06 8.67051e-07 7.19046e-07 6.17094e-07 4.68342e-07 4.35618e-07 3.70675e-07 3.61233e-07 3.37173e-07 2.93136e-07 2.15353e-07 2.13402e-07 1.79646e-07 1.75441e-07 1.70707e-07 1.5847e-07 1.38616e-07
threshold=0.25881904510252091 0.78656609248549325 -36.89452930505341 -0.44505783185115427 120.4551600581412 -55.657274822312708 151.98416661219997 -37.684408189311334 -20.011944519465299 49.003980492402626 47.500000000000007 0.20180702842483325 33.794907029056738 63.995476958209537 0.9052873537896472 0.37940952255126054 -0.99630266176052629 24.500000000000004 -65.490367374847651 0.00063803000000000004 -7.6290102173272771 0.31799963745711152 -44.49053332865229 -39.819027278159233 0.00060503500000000008 21.500000000000004 -47.146675317761911 0.00076137500000000012 11.500000000000002 61.500000000000007
decision_type=2 2 2 2 2 2 2 2 2 2 2 2 2 2 2 2 2 2 2 2 2 2 2 2 2 2 2 2 2 2
left_child=6 2 5 8 9 18 13 22 25 10 -4 20 26 -1 16 24 -9 -13 -2 -11 -10 -16 -5 -14 -6 -3 -7 -15 -17 -24
right_child=1 3 4 7 15 12 -8 14 11 19 -12 17 23 27 21 28 -18 -19 -20 -21 -22 -23 29 -25 -26 -27 -28 -29 -30 -31
leaf_value=0.00017521517017015216 0.0001733344958834345 0.00020015983455680929 0.00019718376257723224 0.00018757129239180709 0.00018047010774933177 0.00018005223134193849 0.00017315434041841456 0.00020445008664135068 0.00020477844057111103 0.00018497978251335546 0.00019078267080439368 0.0002050452838450629 0.00018764400196086059 0.00017942986451518862 0.00019498768834624069 0.0001901688602534189 0.00019802290952642321 0.00020007415787238588 0.00017860488698060581 0.00019064062176230782 0.00020874220356317279 0.00018688318162412499 0.00019370372382167012 0.00019294395514152083 0.00018473696415475992 0.00019665743471511919 0.00018359527145336447 0.0001827883635572133 0.00018579431305741693 0.00018896916034478412
leaf_weight=140 58 69 436 59 92 50 3726 40 79 38 138 73 115 71 33 37 563 135 121 121 211 21 52 23 43 78 116 81 47 22
leaf_count=140 58 69 436 59 92 50 3726 40 79 38 138 73 115 71 33 37 563 135 121 121 211 21 52 23 43 78 116 81 47 22
internal_value=0.000182145 0.000194204 0.000188637 0.000199771 0.000191925 0.000182155 0.000173531 0.000196608 0.000203645 0.000194266 0.000195645 0.000205222 0.000185251 0.000178341 0.000197906 0.000184089 0.000198449 0.000201819 0.000176897 0.000189288 0.000207662 0.000191836 0.0001902 0.000188527 0.000181829 0.000198301 0.000182528 0.00018122 0.000187721 0.000192296
internal_weight=6888 2870 1435 1435 952 483 4018 790 645 733 574 498 304 292 657 219 603 208 179 159 290 54 133 138 135 147 166 152 84 74
internal_count=6888 2870 1435 1435 952 483 4018 790 645 733 574 498 304 292 657 219 603 208 179 159 290 54 133 138 135 147 166 152 84 74
is_linear=0
shrinkage=1


Tree=1
num_leaves=31
num_cat=0
split_feature=12 12 9 15 12 7 13 7 15 9 25 18 14 12 9 15 12 14 7 4 7 11 14 7 15 7 4 18 9 4
split_gain=0.000258281 3.21121e-05 1.10403e-05 6.34627e-06 5.52914e-06 2.92166e-06 2.59553e-06 2.38423e-06 2.21126e-06 1.93789e-06 1.80052e-06 1.51878e-06 1.51533e-06 9.59453e-07 9.57678e-07 7.86324e-07 6.32483e-07 6.05397e-07 4.47359e-07 4.22679e-07 3.65515e-07 3.37671e-07 3.04299e-07 2.64556e-07 2.10084e-07 1.77788e-07 1.64321e-07 1.4244e-07 1.27803e-07 1.25101e-07
threshold=0.25881904510252091 0.78656609248549325 -36.89452930505341 -0.45273527932988084 0.37940952255126054 144.37575873824008 -0.98296291314453399 127.64326954099973 -0.46039597980994923 -20.011944519465299 0.00025757083092892483 0.00056167000000000012 0.20180702842483325 0.60355339059327384 63.995476958209537 0.9052873537896472 0.60355339059327384 0.99374995976406788 154.47489146175459 24.500000000000004 98.158587806253749 42.753125000000004 0.31799963745711152 134.36769753627104 -0.6652727025667432 129.74562084464782 47.500000000000007 0.00069333500000000011 -47.146675317761911 61.500000000000007
decision_type=2 2 2 2 2 2 2 2 2 2 2 2 2 2 2 2 2 2 2 2 2 2 2 2 2 2 2 2 2 2
left_child=6 2 5 9 11 13 14 15 10 26 -6 21 20 28 -1 17 -10 -5 -7 -14 -11 -4 -17 29 -13 -15 -3 -16 -2 -9
right_child=1 3 4 7 8 18 -8 23 16 12 -12 24 19 25 27 22 -18 -19 -20 -21 -22 -23 -24 -25 -26 -27 -28 -29 -30 -31
leaf_value=-6.6656645369086483e-06 -1.8134165953216684e-06 1.6352503438678537e-05 -1.1787760705044111e-06 1.6024445067508362e-05 9.1100966039361788e-06 -3.0490828448232459e-06 -8.535328301653626e-06 1.0980977303741105e-05 6.5776344932722e-06 2.5346776456331631e-05 1.6960249803522252e-05 9.7002954882480314e-06 2.1755459848831479e-05 1.0259196405177532e-05 -2.6737468562743062e-06 1.2200743527280406e-05 1.1023428682186421e-05 1.0734195263542764e-05 -8.1446454053300169e-06 1.7032889439818704e-05 2.1267734707573647e-05 3.2226790134662527e-06 4.5014621215549211e-06 5.1551671322929413e-06 4.9885353652306158e-06 5.4291855670692571e-06 1.2491613676035274e-05 4.2635830588076059e-07 1.3779473168197315e-06 6.4831416177019662e-06
leaf_weight=135 43 108 104 548 105 124 3731 52 160 213 240 73 73 23 64 33 160 60 66 135 74 75 21 59 35 111 37 88 116 22
leaf_count=135 43 108 104 548 105 124 3731 52 160 213 240 73 73 23 64 33 160 60 66 135 74 75 21 59 35 111 37 88 116 22
internal_value=-1.16326e-13 1.1456e-05 6.16714e-06 1.67449e-05 9.29099e-06 1.00067e-08 -8.18287e-06 1.37615e-05 1.17943e-05 2.04508e-05 1.45711e-05 3.49069e-06 2.19399e-05 3.14152e-06 -3.60092e-06 1.49888e-05 8.80053e-06 1.55024e-05 -4.81912e-06 1.86903e-05 2.4295e-05 6.65409e-07 9.20658e-06 7.65259e-06 8.17334e-06 6.25822e-06 1.53673e-05 -8.78949e-07 5.14874e-07 9.64378e-06
internal_weight=6888 2870 1435 1435 952 483 4018 795 665 640 345 287 495 293 287 662 320 608 190 208 287 179 54 133 108 134 145 152 159 74
internal_count=6888 2870 1435 1435 952 483 4018 795 665 640 345 287 495 293 287 662 320 608 190 208 287 179 54 133 108 134 145 152 159 74
is_linear=0
shrinkage=0.05


Tree=2
num_leaves=31
num_cat=0
split_feature=8 13 13 15 13 8 13 7 14 7 15 7 6 15 7 6 14 8 3 14 7 7 8 7 8 18 7 7 8 8
split_gain=0.000224031 3.43612e-05 1.4226e-05 7.41312e-06 4.56321e-06 2.86818e-06 2.42186e-06 1.79254e-06 1.70279e-06 1.57977e-06 1.56836e-06 1.30233e-06 1.22061e-06 1.03985e-06 7.74637e-07 7.36523e-07 4.9631e-07 4.48541e-07 3.50316e-07 3.08801e-07 2.574e-07 2.38761e-07 1.91473e-07 1.589e-07 1.50072e-07 1.18018e-07 1.11433e-07 9.71031e-08 9.04642e-08 8.31402e-08
threshold=129.53585182048829 0.60355339059327384 -0.70710678118654757 -0.46039597980994923 0.78656609248549303 148.0505631407099 -0.9159756150367534 127.64326954099973 0.20180702842483325 109.88323062045417 0.28313308994381586 146.21461108731424 0.00056167000000000012 0.9052873537896472 27.211074475547981 0.00064691000000000011 0.84313847884979054 4.0086417299859827 22.650000000000002 0.26866988313759588 129.74562084464782 134.36769753627104 139.37818040257878 137.06913656490303 172.97747765956015 0.0006566600000000001 38.83228022707641 154.47489146175459 23.026137303920539 357.25307277430142
decision_type=2 2 2 2 2 2 2 2 2 2 2 2 2 2 2 2 2 2 2 2 2 2 2 2 2 2 2 2 2 2
left_child=1 2 6 8 10 22 14 13 9 -4 20 17 18 -5 25 -16 -10 -6 -8 -14 -3 -9 26 -19 -7 -1 -2 28 -13 -26
right_child=5 4 3 7 11 24 12 21 16 -11 -12 27 19 -15 15 -17 -18 23 -20 -21 -22 -23 -24 -25 29 -27 -28 -29 -30 -31
leaf_value=-3.1996716539533339e-06 -2.7765424411708251e-06 8.8143661847490363e-06 2.2698449304155762e-05 1.4071525382188693e-05 -5.8650256202478587e-06 -6.6094019676251101e-06 5.4995213798269381e-06 9.1615935627327723e-06 1.5713378981583607e-05 1.5423488047359726e-05 -1.4148815602900766e-06 -8.1932423026522714e-06 1.64653383392961e-05 7.7827086660893958e-06 8.304400299919738e-07 7.409414658766986e-06 2.2484993144947415e-05 1.3143904830011373e-06 1.0409554284623565e-05 1.1095054171978889e-05 5.3599439544663815e-06 4.8974088626583598e-06 -3.6230122498603091e-06 -1.9441414626829677e-06 -8.2075333059529771e-06 8.4266359700840042e-07 6.8152326809999486e-07 -7.9311758834111297e-06 -4.2826459248317411e-06 -6.7989105243921389e-06
leaf_weight=23 34 112 362 755 36 162 107 74 276 94 71 21 59 72 63 131 30 117 55 49 104 59 81 55 3483 84 74 87 50 108
leaf_count=23 34 112 362 755 36 162 107 74 276 94 71 21 59 72 63 131 30 117 55 49 104 59 81 55 3483 84 74 87 50 108
internal_value=1.58964e-13 1.04308e-05 1.33125e-05 1.55803e-05 3.11943e-07 -7.79535e-06 6.47326e-06 1.26576e-05 1.92626e-05 2.11988e-05 5.03201e-06 -3.38931e-06 9.91143e-06 1.3524e-05 3.38918e-06 5.27294e-06 1.63773e-05 -7.89832e-07 7.16651e-06 1.40288e-05 7.15113e-06 7.26996e-06 -1.78536e-06 2.72418e-07 -8.09801e-06 -2.62496e-08 -4.07127e-07 -6.81141e-06 -5.4393e-06 -8.16517e-06
internal_weight=6888 2946 2293 1722 653 3942 571 960 762 456 287 366 270 827 301 194 306 208 162 108 216 133 189 172 3753 107 108 158 71 3591
internal_count=6888 2946 2293 1722 653 3942 571 960 762 456 287 366 270 827 301 194 306 208 162 108 216 133 189 172 3753 107 108 158 71 3591
is_linear=0
shrinkage=0.05


Tree=3
num_leaves=31
num_cat=0
split_feature=8 9 13 13 9 8 14 8 8 9 7 4 7 21 7 8 14 6 7 4 7 27 24 8 9 8 7 7 7 8
split_gain=0.000202188 3.10717e-05 1.35775e-05 4.87899e-06 2.8137e-06 3.69636e-06 2.60723e-06 2.58854e-06 2.20442e-06 1.46853e-06 1.16256e-06 9.72257e-07 8.85827e-07 7.53616e-07 5.2873e-07 4.0239e-07 3.50499e-07 3.08815e-07 2.7557e-07 2.63664e-07 2.47602e-07 2.30387e-07 2.27228e-07 1.72805e-07 1.45334e-07 1.3544e-07 1.00568e-07 9.02677e-08 8.79065e-08 8.63192e-08
threshold=129.53585182048829 -36.89452930505341 -0.70710678118654757 0.78656609248549303 -23.694225635599228 90.576085265625622 0.20180702842483325 148.0505631407099 103.59314869256782 -51.074998024864747 146.21461108731424 31.500000000000004 46.278308059903289 389.50000000000006 121.47874013339293 4.0086417299859827 0.23537774960157334 0.00057659500000000017 134.36769753627104 11.500000000000002 144.37575873824008 25.500000000000004 0.00044162842820205742 139.37818040257878 -47.146675317761911 172.97747765956015 38.83228022707641 127.64326954099973 154.06921506372407 54.804980431088332
decision_type=2 2 2 2 2 2 2 2 2 2 2 2 2 2 2 2 2 2 2 2 2 2 2 2 2 2 2 2 2 2
left_child=1 3 8 9 14 6 -6 23 13 20 15 -7 17 16 21 -5 -3 -10 27 -14 -1 -4 -15 26 -17 -9 -2 -11 -12 -16
right_child=7 2 4 10 5 11 -8 25 12 18 28 -13 19 22 29 24 -18 -19 -20 -21 -22 -23 -24 -25 -26 -27 -28 -29 -30 -31
leaf_value=3.0748084334984172e-06 -2.6377153129514601e-06 1.505297445224382e-05 1.4649051591811655e-05 -5.5717743230666707e-06 2.0769271560513026e-05 1.4563006632446776e-05 1.5288412260853022e-05 -6.2789318106319739e-06 -2.3816489347839892e-06 1.173384709545644e-05 -5.1140295494513017e-06 9.8051050419626753e-06 9.1815382026493723e-06 2.9585123854758424e-06 8.1794697934762521e-06 -1.8954310500400124e-06 9.3970080337789525e-06 2.5436367992117581e-06 5.0957257723085708e-06 4.7523324080126869e-06 -1.7344130847918304e-06 1.1237939472124194e-05 8.3150981922644636e-06 -3.441861648413163e-06 1.2447349947392624e-06 -7.7569105466750922e-06 6.4744710506274907e-07 8.1179817750616798e-06 -7.4959837244629557e-06 1.0503397744735174e-05
leaf_weight=46 34 70 99 36 438 236 430 162 39 20 68 197 63 26 99 54 45 173 90 72 64 99 83 81 116 3591 74 126 90 67
leaf_count=46 34 70 99 36 438 236 430 162 39 20 68 197 63 26 99 54 45 173 90 72 64 99 83 81 116 3591 74 126 90 67
internal_value=2.08289e-15 9.90931e-06 1.28028e-05 7.96699e-07 1.50845e-05 1.61717e-05 1.80541e-05 -7.40558e-06 6.14959e-06 5.04797e-06 -3.24434e-06 1.23983e-05 3.65351e-06 1.00163e-05 1.11986e-05 -7.6965e-07 1.28398e-05 1.63757e-06 7.27186e-06 6.8193e-06 2.76716e-07 1.29435e-05 7.03738e-06 -1.6961e-06 2.4727e-07 -7.69311e-06 -3.86771e-07 8.61331e-06 -6.47084e-06 9.11744e-06
internal_weight=6888 2946 2236 710 1665 1301 868 3942 571 346 364 433 347 224 364 206 115 212 236 135 110 198 109 189 170 3753 108 146 158 166
internal_count=6888 2946 2236 710 1665 1301 868 3942 571 346 364 433 347 224 364 206 115 212 236 135 110 198 109 189 170 3753 108 146 158 166
is_linear=0
shrinkage=0.05


Tree=4
num_leaves=31
num_cat=0
split_feature=12 12 7 15 8 8 8 7 7 27 14 7 15 14 7 5 12 7 7 8 14 7 17 18 27 15 7 7 27 7
split_gain=0.000190077 2.39915e-05 8.01955e-06 4.73468e-06 3.52783e-06 2.80902e-06 1.91565e-06 1.82528e-06 1.50738e-06 1.07406e-06 1.06333e-06 9.15645e-07 7.16977e-07 7.19322e-07 6.73945e-07 6.01313e-07 4.42278e-07 3.76119e-07 3.28598e-07 2.89371e-07 2.73832e-07 2.67331e-07 1.4683e-07 1.32999e-07 1.27349e-07 1.25528e-07 1.14271e-07 9.35328e-08 9.3076e-08 8.37474e-08
threshold=0.25881904510252091 0.78656609248549325 136.53437112714715 -0.45273527932988084 120.4551600581412 29.909058818364375 151.98416661219997 121.70211509702138 111.41172142651621 29.500000000000004 0.21862473630160603 144.37575873824008 0.9052873537896472 0.99374995976406788 27.211074475547981 5.3500000000000005 0.37940952255126054 134.36769753627104 154.47489146175459 44.053632639287635 0.31799963745711152 98.158587806253749 0.71400038044512104 0.00034754500000000005 21.500000000000004 -0.69676771491221523 10.319830303594637 134.90301163373621 1.0000000180025095e-35 14.921656813213156
decision_type=2 2 2 2 2 2 2 2 2 2 2 2 2 2 2 2 2 2 2 2 2 2 2 2 2 2 2 2 2 2
left_child=6 2 4 8 5 -2 14 12 9 21 -7 19 13 -5 25 -11 23 28 -13 -4 -14 -3 -18 -6 -10 29 -8 -16 -9 -1
right_child=1 3 11 7 16 10 26 17 24 15 -12 18 20 -15 27 -17 22 -19 -20 -21 -22 -23 -24 -25 -26 -27 -28 -29 -30 -31
leaf_value=-2.6258541515744585e-06 1.1909270593254437e-06 2.1769151066264947e-05 -1.3353125925950155e-06 1.4415443310242065e-05 -2.9529157128698511e-06 1.1427387538143321e-05 -5.5021666542285989e-06 1.1860885709980861e-05 1.4548686545273838e-05 1.0075746402381972e-05 7.7879623327884606e-06 -2.6082260141203236e-06 1.060392192109496e-05 8.2243816686618982e-06 -4.6284124230927174e-06 1.7322790182655437e-05 5.81284984946251e-07 4.4285796899314742e-06 -6.9753566067171935e-06 3.8666380722742688e-06 3.3002325565013013e-06 1.8359275371707714e-05 5.489376264655732e-06 6.2826836210305722e-07 1.147047217923753e-05 -2.5858474911230776e-06 -7.3674714662285081e-06 -7.3290287738408163e-06 8.5705744558870196e-06 1.0260616654891674e-06
leaf_weight=20 114 211 47 480 35 395 84 26 63 34 408 124 33 52 75 181 20 59 66 62 21 79 64 100 72 68 3642 56 124 73
leaf_count=20 114 211 47 480 35 395 84 26 63 34 408 124 33 52 75 181 20 59 66 62 21 79 64 100 72 68 3642 56 124 73
internal_value=1.73891e-14 9.82771e-06 5.25622e-06 1.43992e-05 7.17385e-06 8.53552e-06 -7.01979e-06 1.18223e-05 1.76002e-05 1.88548e-05 9.57822e-06 -2.0295e-06 1.32531e-05 1.38103e-05 -3.11989e-06 1.61767e-05 1.47224e-06 7.81062e-06 -4.12523e-06 1.6236e-06 7.7636e-06 2.08403e-05 4.32078e-06 -3.00187e-07 1.2907e-05 -9.53119e-07 -7.32542e-06 -5.78287e-06 9.1409e-06 2.40703e-07
internal_weight=6888 2870 1435 1435 1136 917 4018 795 640 505 803 299 586 532 292 215 219 209 190 109 54 290 84 135 135 161 3726 131 150 93
internal_count=6888 2870 1435 1435 1136 917 4018 795 640 505 803 299 586 532 292 215 219 209 190 109 54 290 84 135 135 161 3726 131 150 93
is_linear=0
shrinkage=0.05


Tree=5
num_leaves=31
num_cat=0
split_feature=12 12 9 15 12 7 13 4 7 9 19 6 14 15 14 7 12 4 7 7 7 14 12 15 11 4 6 7 4 7
split_gain=0.000171544 2.16523e-05 7.29716e-06 4.27347e-06 3.70511e-06 1.91207e-06 1.68222e-06 1.66582e-06 1.63224e-06 1.39672e-06 1.21412e-06 1.21275e-06 1.00869e-06 6.43062e-07 6.45852e-07 6.31346e-07 6.10078e-07 3.47951e-07 3.38393e-07 3.08564e-07 2.96559e-07 2.47133e-07 2.13601e-07 1.52616e-07 1.39327e-07 1.38153e-07 1.29093e-07 1.25517e-07 1.09684e-07 1.02342e-07
threshold=0.25881904510252091 0.78656609248549325 -36.89452930505341 -0.44505783185115427 0.37940952255126054 144.37575873824008 -0.98296291314453399 47.500000000000007 121.70211509702138 -20.011944519465299 0.00040100500000000001 0.00064691000000000011 0.20180702842483325 0.9052873537896472 0.99374995976406788 27.211074475547981 0.60355339059327384 24.500000000000004 134.36769753627104 98.158587806253749 154.47489146175459 0.31799963745711152 0.60355339059327384 -0.7444366621422277 42.753125000000004 47.500000000000007 0.00076137500000000012 129.74562084464782 61.500000000000007 10.319830303594637
decision_type=2 2 2 2 2 2 2 2 2 2 2 2 2 2 2 2 2 2 2 2 2 2 2 2 2 2 2 2 2 2
left_child=6 2 5 9 11 16 15 10 13 25 -6 24 19 14 -5 26 -2 -14 28 -11 -7 -15 -9 -13 -4 -3 -1 -18 -10 -8
right_child=1 3 4 8 7 20 29 22 18 12 -12 23 17 21 -16 -17 27 -19 -20 -21 -22 -23 -24 -25 -26 -27 -28 -29 -30 -31
leaf_value=-2.3479172933646256e-06 4.2651319542282696e-07 1.3337540501104876e-05 -1.3748074536875286e-06 1.3681948749207237e-05 8.3350773690637642e-06 -2.4778147247256894e-06 -5.2270583269308284e-06 3.4349761821116634e-06 9.703904281770136e-06 2.0832131669395012e-05 1.3330700169913702e-05 7.900641197357146e-06 1.8087042683699309e-05 1.0073725820113783e-05 7.8131624060818499e-06 -5.6309482394522452e-06 8.3680652650123786e-06 1.3802225638402081e-05 4.2071506793375084e-06 1.7107427207520235e-05 -6.6265887267725324e-06 3.1352209309229042e-06 6.9575784766110864e-06 4.4753241608456545e-06 1.6966143670297621e-06 9.8656565056351107e-06 4.8421783002534476e-07 4.3097208600425671e-06 6.8817763500798421e-06 -6.9922931800831644e-06
leaf_weight=79 159 108 96 476 222 124 84 78 95 215 269 71 73 33 52 126 23 135 59 75 66 21 96 60 60 39 82 111 54 3647
leaf_count=79 159 108 96 476 222 124 84 78 95 215 269 71 73 33 52 126 23 135 59 75 66 21 96 60 60 39 82 111 54 3647
internal_value=1.17239e-13 9.33632e-06 4.99341e-06 1.36792e-05 7.53307e-06 -1.23059e-08 -6.6688e-06 9.58226e-06 1.12138e-05 1.6699e-05 1.1072e-05 2.78495e-06 1.79631e-05 1.25724e-05 1.3104e-05 -2.98007e-06 2.52102e-06 1.5306e-05 7.41206e-06 1.98688e-05 -3.91897e-06 7.37542e-06 5.37848e-06 6.33179e-06 -1.93491e-07 1.24164e-05 -9.05463e-07 5.0063e-06 8.68112e-06 -6.95255e-06
internal_weight=6888 2870 1435 1435 952 483 4018 665 790 645 491 287 498 582 528 287 293 208 208 290 190 54 174 131 156 147 161 134 149 3731
internal_count=6888 2870 1435 1435 952 483 4018 665 790 645 491 287 498 582 528 287 293 208 208 290 190 54 174 131 156 147 161 134 149 3731
is_linear=0
shrinkage=0.05


Tree=6
num_leaves=31
num_cat=0
split_feature=12 12 9 8 9 7 8 3 14 8 14 7 18 8 8 18 14 14 9 4 7 27 14 7 4 9 7 8 5 7
split_gain=0.000154819 1.95412e-05 6.58569e-06 4.04617e-06 3.72959e-06 1.72565e-06 1.57943e-06 1.52901e-06 1.20592e-06 8.7531e-07 7.88765e-07 7.70788e-07 6.4953e-07 5.94729e-07 5.50595e-07 5.4495e-07 4.96896e-07 4.5074e-07 4.33366e-07 3.49951e-07 2.67645e-07 2.20311e-07 1.83852e-07 1.70873e-07 1.394e-07 1.29258e-07 1.13279e-07 1.09865e-07 9.78491e-08 9.39884e-08
threshold=0.25881904510252091 0.78656609248549325 -36.89452930505341 109.77275541986442 -23.694225635599228 144.37575873824008 151.98416661219997 18.550000000000004 0.20180702842483325 123.50151690810246 0.99374995976406788 127.64326954099973 0.00012263500000000003 105.0100910826214 33.794907029056738 0.0006566600000000001 0.20180702842483325 -0.74512825849743647 49.003980492402626 11.500000000000002 154.47489146175459 48.166666666666679 0.42958674266195179 139.10901313510197 61.500000000000007 -44.49053332865229 129.74562084464782 131.62561396681662 11.850000000000003 121.47874013339293
decision_type=2 2 2 2 2 2 2 2 2 2 2 2 2 2 2 2 2 2 2 2 2 2 2 2 2 2 2 2 2 2
left_child=6 2 5 8 11 14 15 10 12 19 13 21 -4 -6 -2 25 17 -9 -10 -5 -7 29 -11 24 -13 -1 -16 -17 -23 -3
right_child=1 4 3 9 7 20 -8 16 18 22 -12 23 -14 -15 26 27 -18 -19 -20 -21 -22 28 -24 -25 -26 -27 -28 -29 -30 -31
leaf_value=-6.6054615831888991e-06 4.0518754964245077e-07 1.2276871288573715e-05 6.7931193533305703e-06 7.7559137924592585e-06 1.4267248875833071e-05 -2.3539239787194422e-06 -6.612875854939211e-06 1.5125053500599148e-05 8.4529828135917182e-06 -1.0926391341905564e-06 6.4654409703880683e-06 8.4873936945465781e-06 1.3105751628049914e-05 9.2703463267160703e-06 7.9496620341872227e-06 6.1884751619661276e-07 1.3027533229748716e-05 1.9849835236467428e-05 3.6166545806610948e-06 3.5312980484927962e-06 -6.2952591785384974e-06 9.7250369865125525e-06 2.1686785708701401e-06 3.0573968998444466e-06 4.516819503156252e-06 -3.6671261533237317e-06 4.0942348434598262e-06 -2.6493755310891882e-06 6.4704513988544938e-06 9.7758919232632573e-06
leaf_weight=57 159 129 49 86 609 124 3726 70 230 89 39 60 242 66 23 90 49 181 58 114 66 72 84 38 35 109 111 36 34 53
leaf_count=57 159 129 49 86 609 124 3726 70 230 89 39 60 242 66 23 90 49 181 58 114 66 72 84 38 35 109 111 36 34 53
internal_value=-1.64133e-13 8.86951e-06 4.74374e-06 7.15642e-06 1.29953e-05 -1.16906e-08 -6.33536e-06 1.46377e-05 9.77272e-06 3.09518e-06 1.33792e-05 9.03931e-06 1.20428e-05 1.37787e-05 2.39497e-06 -2.79421e-06 1.76331e-05 1.85322e-05 7.479e-06 5.34788e-06 -3.72302e-06 1.04932e-05 4.90891e-07 5.89108e-06 7.02455e-06 -4.67607e-06 4.75599e-06 -3.1493e-07 8.68111e-06 1.15486e-05
internal_weight=6888 2870 1435 952 1435 483 4018 1014 579 373 714 421 291 675 293 292 300 251 288 200 190 288 173 133 95 166 134 126 106 182
internal_count=6888 2870 1435 952 1435 483 4018 1014 579 373 714 421 291 675 293 292 300 251 288 200 190 288 173 133 95 166 134 126 106 182
is_linear=0
shrinkage=0.05


Tree=7
num_leaves=31
num_cat=0
split_feature=12 12 7 15 8 8 8 9 7 9 7 27 5 15 18 5 12 27 7 7 8 15 15 15 3 9 27 7 27 7
split_gain=0.000139724 1.7636e-05 5.97718e-06 3.54958e-06 2.8204e-06 1.83015e-06 1.42543e-06 1.33185e-06 1.16019e-06 1.02061e-06 8.13685e-07 6.81588e-07 7.60761e-07 5.12909e-07 4.9295e-07 3.66219e-07 3.23103e-07 3.05641e-07 3.14522e-07 2.41549e-07 2.33745e-07 2.23863e-07 2.21096e-07 1.34421e-07 1.28754e-07 1.286e-07 1.17715e-07 1.06791e-07 1.02127e-07 9.32651e-08
threshold=0.25881904510252091 0.78656609248549325 134.36769753627104 -0.45273527932988084 120.4551600581412 29.909058818364375 151.98416661219997 -35.686149787204975 98.158587806253749 49.003980492402626 144.37575873824008 29.500000000000004 4.4500000000000011 0.9052873537896472 0.00066749500000000015 6.1500000000000012 0.37940952255126054 44.500000000000007 112.09579551918078 154.47489146175459 40.107447366379837 0.92599062340417404 0.94975093725139803 -0.59177783207548873 21.050000000000004 -44.49053332865229 23.166666666666668 134.36769753627104 16.500000000000004 10.319830303594637
decision_type=2 2 2 2 2 2 2 2 2 2 2 2 2 2 2 2 2 2 2 2 2 2 2 2 2 2 2 2 2 2
left_child=6 2 4 8 5 -2 14 21 11 -7 20 24 -13 15 25 -9 26 18 -10 -12 -4 27 -15 -19 -3 -1 -6 -5 -18 -8
right_child=1 3 10 7 16 9 29 13 17 -11 19 12 -14 22 -16 -17 28 23 -20 -21 -22 -23 -24 -25 -26 -27 -28 -29 -30 -31
leaf_value=-6.2751887558158821e-06 1.1135408528747807e-06 1.7628686708547747e-05 -7.8786582433152829e-07 7.9633093356336613e-06 1.2252745611895934e-06 9.2308857088140218e-06 -4.635061532098917e-06 1.0040631811863124e-05 1.5675619325713453e-05 4.7471646967268211e-06 -2.2362277949039914e-06 5.3445605499291566e-06 1.5778976283808171e-05 2.5046349892796745e-06 -1.2399254545095834e-07 1.2629063016284928e-05 5.7340025357595608e-06 8.855092276386738e-06 1.1614921213945112e-05 -5.9804962278797053e-06 3.3369736751286506e-06 2.2461184274410094e-06 9.0674651372327478e-06 1.3588331057690084e-05 2.0102288850466723e-05 -3.3869324278109601e-06 -1.7316059011712972e-06 4.9787048433038521e-06 2.1821412110512031e-06 -6.3202223870782117e-06
leaf_weight=57 99 111 62 94 64 629 84 225 99 159 124 20 138 21 116 348 34 60 92 66 77 30 33 20 100 119 71 44 50 3642
leaf_count=57 99 111 62 94 64 629 84 225 99 159 124 20 138 21 116 348 34 60 92 66 77 30 33 20 100 119 71 44 50 3642
internal_value=8.21679e-14 8.42603e-06 4.50655e-06 1.23455e-05 6.26655e-06 7.52116e-06 -6.01859e-06 1.01143e-05 1.51171e-05 8.32618e-06 -1.41005e-06 1.69415e-05 1.44582e-05 1.11737e-05 -2.6545e-06 1.16127e-05 1.1851e-06 1.2633e-05 1.37197e-05 -3.53687e-06 1.49712e-06 6.1607e-06 6.51525e-06 1.00384e-05 1.8801e-05 -4.32233e-06 -3.29826e-07 7.0117e-06 3.6198e-06 -6.28223e-06
internal_weight=6888 2870 1435 1435 1106 887 4018 795 640 788 329 369 158 627 292 573 219 271 191 190 139 168 54 80 211 176 135 138 84 3726
internal_count=6888 2870 1435 1435 1106 887 4018 795 640 788 329 369 158 627 292 573 219 271 191 190 139 168 54 80 211 176 135 138 84 3726
is_linear=0
shrinkage=0.05


Tree=8
num_leaves=31
num_cat=0
split_feature=8 13 13 15 13 8 8 15 14 7 9 7 7 21 7 14 14 6 8 6 6 4 7 8 9 8 8 15 15 7
split_gain=0.000121343 1.89751e-05 8.10166e-06 4.41845e-06 2.39243e-06 1.48319e-06 1.38399e-06 1.11355e-06 1.07368e-06 1.03367e-06 7.64018e-07 7.36072e-07 6.77261e-07 5.46393e-07 4.81631e-07 4.44619e-07 3.74821e-07 2.70737e-07 2.44599e-07 2.27816e-07 1.92033e-07 1.89727e-07 1.14536e-07 1.13562e-07 1.12379e-07 9.10824e-08 7.53339e-08 7.4701e-08 6.31127e-08 4.05808e-08
threshold=129.53585182048829 0.60355339059327384 -0.70710678118654757 -0.46039597980994923 0.78656609248549303 148.0505631407099 103.59314869256782 0.9052873537896472 0.20180702842483325 98.158587806253749 -52.992271443670781 147.11530085609726 121.70211509702138 389.50000000000006 46.278308059903289 0.52766072109828632 0.3342611484689354 0.00055232000000000013 4.0086417299859827 0.00057659500000000017 0.00061534000000000014 11.500000000000002 129.74562084464782 139.37818040257878 -47.146675317761911 172.97747765956015 357.25307277430142 0.70897861563100306 -0.20180761162458913 131.35704650378037
decision_type=2 2 2 2 2 2 2 2 2 2 2 2 2 2 2 2 2 2 2 2 2 2 2 2 2 2 2 2 2 2
left_child=1 2 6 8 10 23 13 12 9 -4 27 18 -5 17 19 -10 -9 -1 -6 -8 -15 -16 -12 28 -20 -7 -27 -3 -2 -28
right_child=5 4 3 7 11 25 14 16 15 -11 22 -13 -14 20 21 -17 -18 -19 24 -21 -22 -23 -24 -25 -26 26 29 -29 -30 -31
leaf_value=6.3005537688723324e-06 -2.2165181405853218e-06 8.4389350958920336e-07 1.7719400209105542e-05 1.0590878528714558e-05 -4.2834908048175035e-06 -4.7949883262418432e-06 -2.2595423244043696e-06 6.572889916217012e-06 9.7083084462686511e-06 1.2778145573539367e-05 6.2183198216254314e-06 -5.198462700200674e-06 7.0865101445954322e-06 1.4344326468919742e-06 7.0172396301622656e-06 1.3612017559923052e-05 3.2438246459302417e-07 1.1663812811980835e-05 -1.6440385602012518e-06 1.9707920406905307e-06 6.358744992968536e-06 3.2600312896609775e-06 3.8840205039065556e-06 -2.8304336483420947e-06 1.0285553330177056e-06 -6.0473391351832792e-06 -3.6429540205991007e-06 -2.2912419221430164e-06 4.305094753389115e-07 -5.5897405942787532e-06
leaf_weight=33 32 38 289 679 38 162 39 72 120 167 112 151 173 26 63 186 36 82 59 173 83 72 99 81 118 3483 49 38 76 59
leaf_count=33 32 38 289 679 38 162 39 72 120 167 112 151 173 26 63 186 36 82 59 173 83 72 99 81 118 3483 49 38 76 59
internal_value=-4.33714e-14 7.67666e-06 9.81807e-06 1.15295e-05 1.57123e-07 -5.73705e-06 4.65684e-06 9.27302e-06 1.43723e-05 1.59098e-05 3.57481e-06 -2.52287e-06 9.87931e-06 7.72063e-06 2.67906e-06 1.20812e-05 4.49005e-06 1.01248e-05 -6.43727e-07 1.19257e-06 5.18414e-06 5.0134e-06 5.12308e-06 -1.41521e-06 1.37691e-07 -5.95469e-06 -6.00701e-06 -7.23674e-07 -3.53795e-07 -4.70648e-06
internal_weight=6888 2946 2293 1722 653 3942 571 960 762 456 287 366 852 224 347 306 108 115 215 212 109 135 211 189 177 3753 3591 76 108 108
internal_count=6888 2946 2293 1722 653 3942 571 960 762 456 287 366 852 224 347 306 108 115 215 212 109 135 211 189 177 3753 3591 76 108 108
is_linear=0
shrinkage=0.05


Tree=9
num_leaves=31
num_cat=0
split_feature=12 12 9 9 8 15 8 12 19 7 6 27 7 5 15 19 9 8 12 5 7 27 27 15 6 17 5 5 9 4
split_gain=0.000113917 1.4483e-05 4.85111e-06 2.88078e-06 2.60704e-06 1.55877e-06 1.13774e-06 9.67093e-07 1.84264e-06 9.56642e-07 7.68487e-07 5.89195e-07 5.62852e-07 5.4893e-07 5.85007e-07 5.27055e-07 4.00676e-07 2.86615e-07 2.84631e-07 2.71981e-07 2.02656e-07 1.89272e-07 1.68457e-07 1.51356e-07 1.48397e-07 1.43618e-07 1.30364e-07 1.17372e-07 8.0847e-08 7.88236e-08
threshold=0.25881904510252091 0.78656609248549325 -39.819027278159233 -23.694225635599228 118.84717587202074 -0.7444366621422277 151.98416661219997 0.60355339059327384 0.00040100500000000001 144.37575873824008 0.00052338000000000005 66.166666666666671 127.64326954099973 6.2500000000000009 0.27487873330147788 2.7925000000000005e-05 63.995476958209537 35.596855095814767 0.37940952255126054 3.3500000000000001 154.47489146175459 21.833333333333339 83.833333333333357 0.92599062340417404 0.00061534000000000014 0.70154653175691395 16.650000000000002 5.7500000000000009 80.060618111620343 61.500000000000007
decision_type=2 2 2 2 2 2 2 2 2 2 2 2 2 2 2 2 2 2 2 2 2 2 2 2 2 2 2 2 2 2
left_child=6 2 9 12 7 11 16 10 -9 17 -4 19 21 15 -15 -7 -1 -2 24 -5 -11 27 -13 29 -6 -20 -23 -3 -8 -14
right_child=1 3 4 5 18 13 28 8 -10 20 -12 22 23 14 -16 -17 -18 -19 25 -21 -22 26 -24 -25 -26 -27 -28 -29 -30 -31
leaf_value=-4.3588196330647735e-06 -2.3597759529536688e-07 7.5480837973247679e-06 2.6940788200289643e-06 1.1073105877585478e-05 -1.2171071884908054e-06 1.0450070234960146e-05 -5.7046849262321052e-06 6.6936863855548634e-06 1.4197864834386566e-05 -1.9941461690275639e-06 7.1799764818054847e-06 6.9584524291193314e-06 6.853025886438705e-06 1.3316255180869473e-05 9.3202660403991245e-06 4.604086136311583e-06 -6.5139481050889797e-07 3.4546394037025895e-06 -2.076730486971263e-07 1.651298622415569e-05 -5.4237507659612076e-06 8.3141995704611907e-06 1.2622997570101039e-05 1.8676531059706273e-06 2.3061553837430627e-06 4.3730562567048621e-06 3.9967682482711103e-06 1.1160918871610194e-05 -4.1075854217827633e-06 3.8888045737346117e-06
leaf_weight=140 100 29 148 25 98 158 3645 257 120 124 269 21 70 310 130 51 152 111 22 284 66 139 35 30 43 77 20 100 81 33
leaf_count=140 100 29 148 25 98 158 3645 257 120 124 269 21 70 310 130 51 152 111 22 284 66 139 35 30 43 77 20 100 81 33
internal_value=-3.82931e-14 7.6082e-06 4.05633e-06 1.11601e-05 5.86673e-06 1.26036e-05 -5.43443e-06 7.24705e-06 9.08228e-06 -6.11906e-07 5.58786e-06 1.52177e-05 7.6833e-06 1.11334e-05 1.21356e-05 9.02354e-06 -2.42893e-06 1.70553e-06 1.30019e-06 1.60729e-05 -3.18548e-06 8.92568e-06 1.04988e-05 4.99302e-06 -1.42637e-07 3.35512e-06 7.77113e-06 1.03487e-05 -5.66997e-06 5.90332e-06
internal_weight=6888 2870 1435 1435 1034 1014 4018 794 377 401 417 365 421 649 440 209 292 211 240 309 190 288 56 133 141 99 159 129 3726 103
internal_count=6888 2870 1435 1435 1034 1014 4018 794 377 401 417 365 421 649 440 209 292 211 240 309 190 288 56 133 141 99 159 129 3726 103
is_linear=0
shrinkage=0.05


Tree=10
num_leaves=31
num_cat=0
split_feature=12 12 13 15 15 8 13 21 1 15 12 1 27 13 15 18 3 3 15 6 15 6 15 27 27 8 15 8 19 8
split_gain=0.00010281 1.30709e-05 4.28504e-06 2.8127e-06 2.6077e-06 1.02681e-06 9.13125e-07 8.16101e-07 1.45751e-06 8.03358e-07 7.6869e-07 7.32668e-07 7.19582e-07 6.51068e-07 5.91186e-07 3.73101e-07 2.73839e-07 2.02196e-07 1.96517e-07 1.94244e-07 1.71665e-07 1.52056e-07 1.3646e-07 1.32045e-07 1.11901e-07 8.67944e-08 8.0238e-08 6.41236e-08 6.26974e-08 5.4522e-08
threshold=0.25881904510252091 0.78656609248549325 0.78656609248549303 -0.46039597980994923 -0.46039597980994923 151.98416661219997 0.37940952255126048 389.50000000000006 263.15000000000003 0.9052873537896472 0.37940952255126054 222.05000000000004 29.500000000000004 0.37940952255126048 0.097680735332368748 0.00064691000000000011 12.750000000000002 12.15 -0.52034141052533245 0.00061534000000000014 -0.6652727025667432 0.00061534000000000014 0.063390085881955341 99.500000000000014 21.500000000000004 131.62561396681662 -0.32613736746952143 357.25307277430142 0.00054713000000000016 172.97747765956015
decision_type=2 2 2 2 2 2 2 2 2 2 2 2 2 2 2 2 2 2 2 2 2 2 2 2 2 2 2 2 2 2
left_child=5 2 3 7 6 15 12 8 -2 13 21 -12 20 16 26 28 -6 -11 -14 -9 -3 -5 -15 -19 -8 -17 -4 29 -1 -7
right_child=1 4 14 10 9 27 24 19 -10 17 11 -13 18 22 -16 25 -18 23 -20 -21 -22 -23 -24 -25 -26 -27 -28 -29 -30 -31
leaf_value=-4.7420821039467184e-06 5.2369353123335065e-06 1.6155960855616349e-05 5.5938582256399712e-07 -1.1022533489628878e-06 8.5293236550605982e-06 -4.4364075128450404e-06 1.0722028113260394e-05 1.4192401584461385e-06 1.1729229245841139e-05 -1.8088960814566236e-07 1.5699081424622575e-06 5.5757120021367178e-06 1.1183988073973583e-05 7.9747259467203837e-06 -4.8885617704194551e-06 5.4256777553342143e-07 1.0830513109318063e-05 6.989800421782396e-06 1.5604457841054055e-05 5.797664903392941e-06 1.3030909377886457e-05 2.1430580343142292e-06 4.8548860342657751e-06 2.3119308655788533e-06 7.7528471816689346e-06 -2.2329132384695144e-06 -1.7654630712513611e-06 -4.1859182448223256e-06 -2.7358831477103556e-06 -5.4605174115856634e-06
leaf_weight=95 140 236 144 105 199 135 62 33 226 20 187 293 189 63 93 90 369 48 29 109 54 55 79 22 65 41 50 108 66 3483
leaf_count=95 140 236 144 105 199 135 62 33 226 20 187 293 189 63 93 90 369 48 29 109 54 55 79 22 65 41 50 108 66 3483
internal_value=-1.92204e-14 7.22779e-06 3.85351e-06 5.21964e-06 1.06021e-05 -5.16271e-06 1.29945e-05 7.99755e-06 9.24584e-06 8.70312e-06 3.01467e-06 4.01512e-06 1.39425e-05 9.26724e-06 -1.611e-06 -2.30748e-06 1.00243e-05 4.25283e-06 1.1772e-05 4.78014e-06 1.55741e-05 1.33224e-08 6.23904e-06 5.51961e-06 9.20237e-06 -3.26094e-07 -3.9802e-08 -5.38647e-06 -3.91967e-06 -5.4223e-06
internal_weight=6888 2870 1435 1148 1435 4018 635 508 366 800 640 480 508 710 287 292 568 90 218 142 290 160 142 70 127 131 194 3726 161 3618
internal_count=6888 2870 1435 1148 1435 4018 635 508 366 800 640 480 508 710 287 292 568 90 218 142 290 160 142 70 127 131 194 3726 161 3618
is_linear=0
shrinkage=0.05


Tree=11
num_leaves=31
num_cat=0
split_feature=12 12 7 9 12 19 15 8 6 8 27 7 9 22 15 6 27 8 7 27 27 12 27 15 7 15 7 9 9 8
split_gain=9.27862e-05 1.17965e-05 4.00035e-06 2.38387e-06 1.89153e-06 1.92626e-06 1.28635e-06 9.26698e-07 9.13917e-07 1.0168e-06 4.95343e-07 4.64488e-07 4.63788e-07 3.77262e-07 3.80765e-07 3.32433e-07 2.54901e-07 2.45034e-07 2.41487e-07 2.24393e-07 2.14675e-07 2.12533e-07 1.51479e-07 1.20093e-07 1.10505e-07 1.06979e-07 7.44091e-08 7.38772e-08 7.04296e-08 6.18842e-08
threshold=0.25881904510252091 0.78656609248549325 136.53437112714715 -23.694225635599228 0.60355339059327384 0.00040100500000000001 -0.7444366621422277 151.98416661219997 0.00049423000000000012 108.64304524185037 66.166666666666671 134.36769753627104 -61.432314537377501 137.50000000000003 -0.013976481981245173 0.00068216000000000012 21.833333333333339 44.053632639287635 108.43323795063002 53.833333333333336 25.833333333333339 0.37940952255126054 83.833333333333357 0.029024409397335523 121.47874013339293 -0.7444366621422277 155.86547814042794 -44.49053332865229 80.060618111620343 354.97372237062882
decision_type=2 2 2 2 2 2 2 2 2 2 2 2 2 2 2 2 2 2 2 2 2 2 2 2 2 2 2 2 2 2
left_child=7 2 4 11 8 16 10 15 21 -10 18 20 26 14 -8 27 -6 -14 -5 -7 24 -2 -12 -22 -3 -17 -4 -1 29 -9
right_child=1 3 12 6 5 19 13 28 9 -11 22 -13 17 -15 -16 25 -18 -19 -20 -21 23 -23 -24 -25 -26 -27 -28 -29 -30 -31
leaf_value=-5.2593026913726999e-06 -1.5806571513264447e-06 9.9477300074170796e-06 -2.7161580965439361e-06 1.4958637316148026e-05 7.0696054605820573e-06 1.4073188217241152e-05 1.1423002343302165e-05 -5.1899532668370964e-06 7.0644603768914557e-06 2.0198981705506344e-06 6.0758384300979308e-06 2.7954186731160192e-06 -1.6832158080611981e-06 3.89773959265464e-06 8.9464971657475155e-06 9.0715203933080338e-07 4.2730895616401116e-06 2.0482948428608147e-06 9.8327735840939571e-06 8.7492454699713559e-06 7.7186111335105014e-06 1.8616600881513376e-06 1.1447353264527141e-05 5.2032641747116945e-06 7.3835612100033547e-06 -1.8280605552768572e-06 -5.1856311334371903e-06 -2.9685041928804941e-06 -3.6588921055361561e-06 -4.0990447665952465e-06
leaf_weight=57 56 99 67 284 151 95 338 3510 231 176 21 59 89 24 287 71 177 87 25 25 92 225 35 98 73 72 56 92 81 135
leaf_count=57 56 99 67 284 151 95 338 3510 231 176 21 59 89 24 287 71 177 87 25 25 92 225 35 98 73 72 56 92 81 135
internal_value=9.2869e-15 6.8664e-06 3.66083e-06 1.0072e-05 5.01521e-06 7.5436e-06 1.13851e-05 -4.90457e-06 3.36882e-06 4.88303e-06 1.37598e-05 6.90923e-06 -1.48489e-06 1.00496e-05 1.02858e-05 -2.19211e-06 5.56051e-06 1.61338e-07 1.45439e-05 1.2964e-05 7.57972e-06 1.17565e-06 9.43304e-06 6.42122e-06 8.85945e-06 -4.70018e-07 -3.84047e-06 -3.84485e-06 -5.11714e-06 -5.14955e-06
internal_weight=6888 2870 1435 1435 1136 448 1014 4018 688 407 365 421 299 649 625 292 328 176 309 120 362 281 56 190 172 143 123 149 3726 3645
internal_count=6888 2870 1435 1435 1136 448 1014 4018 688 407 365 421 299 649 625 292 328 176 309 120 362 281 56 190 172 143 123 149 3726 3645
is_linear=0
shrinkage=0.05


Tree=12
num_leaves=31
num_cat=0
split_feature=12 12 9 8 9 15 14 9 8 14 8 15 14 9 18 15 14 4 8 18 27 27 9 14 9 15 9 9 8 9
split_gain=8.37396e-05 1.06463e-05 3.61675e-06 2.37182e-06 2.15144e-06 1.16093e-06 9.76924e-07 9.42687e-07 8.36345e-07 5.26288e-07 4.95021e-07 4.71423e-07 9.01559e-07 4.19201e-07 4.07534e-07 3.88031e-07 3.55496e-07 3.25013e-07 3.12472e-07 3.08249e-07 2.65546e-07 1.93744e-07 1.79744e-07 1.63053e-07 1.27244e-07 1.08384e-07 9.9731e-08 8.57834e-08 6.86576e-08 6.35627e-08
threshold=0.25881904510252091 0.78656609248549325 -36.571016988417547 109.77275541986442 -23.694225635599228 -0.7444366621422277 0.21862473630160603 -52.992271443670781 151.98416661219997 0.99374995976406788 125.53802552134648 -0.85225707553516283 0.20180702842483325 -44.49053332865229 0.00012263500000000003 0.89784768270548698 0.52766072109828632 11.500000000000002 33.794907029056738 0.00066749500000000015 48.500000000000007 25.833333333333339 -64.410343191064769 0.42958674266195179 -6.2653337913075822 0.029024409397335523 -31.508574390302588 -44.49053332865229 33.794907029056738 80.060618111620343
decision_type=2 2 2 2 2 2 2 2 2 2 2 2 2 2 2 2 2 2 2 2 2 2 2 2 2 2 2 2 2 2
left_child=8 2 7 6 13 11 14 22 19 15 17 12 -6 -3 -4 -7 -8 -5 -9 27 -11 26 -2 -12 -13 -23 -15 -1 -24 -10
right_child=1 4 3 10 5 9 16 18 29 20 23 24 -14 21 -16 -17 -18 -19 -20 -21 -22 25 28 -25 -26 -27 -28 -29 -30 -31
leaf_value=-4.9963375778660473e-06 -4.527064423175919e-06 2.6556477616580552e-06 5.062998705281953e-06 5.939600361117418e-06 1.4145656889196369e-05 1.0237576818219771e-05 2.2771009949675964e-06 3.9440594016762209e-07 -4.8920717006754643e-06 8.065291467573843e-06 -1.5500742005382632e-06 1.3747491684625857e-05 8.1886871115428443e-06 7.0143831280428496e-06 1.0145895070012076e-05 5.0196018970669492e-06 6.2807595293456768e-06 2.055679568169211e-06 3.761854106832905e-06 -8.1456209464892619e-08 -8.2505137015687067e-08 7.3326805363649329e-06 -2.9618942274750253e-06 1.7322720768980862e-06 1.7808851623191946e-05 4.9431009983891275e-06 9.4503435228934818e-06 -2.6373973430470854e-06 -6.2183817346232033e-07 -3.4759475157544435e-06
leaf_weight=57 74 59 47 93 184 571 76 155 3645 20 81 30 97 73 245 38 205 128 124 116 20 92 49 71 54 98 99 119 87 81
leaf_count=57 74 59 47 93 184 571 76 155 3645 20 81 30 97 73 245 38 205 128 124 116 20 92 49 71 54 98 99 119 87 81
internal_value=6.33492e-14 6.52308e-06 3.47779e-06 5.28252e-06 9.56837e-06 1.08158e-05 7.30248e-06 -1.35638e-08 -4.65934e-06 9.54708e-06 2.17948e-06 1.30718e-05 1.20893e-05 6.56377e-06 9.32776e-06 9.91199e-06 5.19792e-06 3.69009e-06 1.89105e-06 -2.0825e-06 3.99139e-06 7.20073e-06 -2.54398e-06 -1.6873e-08 1.63584e-05 6.10016e-06 8.41648e-06 -3.40137e-06 -1.46495e-06 -4.86129e-06
internal_weight=6888 2870 1435 946 1435 1014 573 489 4018 649 373 365 281 421 292 609 281 221 279 292 40 362 210 152 84 190 172 176 136 3726
internal_count=6888 2870 1435 946 1435 1014 573 489 4018 649 373 365 281 421 292 609 281 221 279 292 40 362 210 152 84 190 172 176 136 3726
is_linear=0
shrinkage=0.05


Tree=13
num_leaves=31
num_cat=0
split_feature=8 9 13 13 4 8 9 15 8 14 8 19 15 9 9 5 6 7 4 3 8 8 4 7 9 14 15 9 5 8
split_gain=7.28409e-05 1.17399e-05 4.88908e-06 1.83422e-06 1.4748e-06 1.10694e-06 8.9047e-07 8.16235e-07 1.04583e-06 7.7917e-07 7.07363e-07 6.31892e-07 5.78138e-07 5.56496e-07 4.58047e-07 3.65548e-07 2.67273e-07 2.76232e-07 2.3851e-07 1.91965e-07 1.42085e-07 1.19441e-07 9.88103e-08 9.85155e-08 8.98222e-08 8.62476e-08 7.59423e-08 7.24476e-08 6.18122e-08 5.62138e-08
threshold=127.36843394903754 -36.270206561862757 -0.70710678118654757 0.78656609248549303 28.500000000000004 141.71046372956297 49.003980492402626 -0.67168186667784702 50.988774112085402 0.99374995976406788 101.76012528432049 0.00056015000000000014 0.029024409397335523 -51.074998024864747 -57.503289459745559 6.1500000000000012 0.00063523000000000008 27.762028505885052 45.500000000000007 24.650000000000002 4.0086417299859827 172.97747765956015 40.500000000000007 131.77766011380569 -61.432314537377501 0.30164402523644185 0.25829915227078726 -47.146675317761911 12.550000000000002 354.97372237062882
decision_type=2 2 2 2 2 2 2 2 2 2 2 2 2 2 2 2 2 2 2 2 2 2 2 2 2 2 2 2 2 2
left_child=1 3 6 13 7 22 11 8 -4 10 -6 19 -11 24 -5 -9 25 -18 -13 -3 -16 -7 26 28 -1 -8 -2 -22 -15 -23
right_child=5 2 4 14 9 21 16 15 -10 12 -12 18 -14 23 20 -17 17 -19 -20 -21 27 29 -24 -25 -26 -27 -28 -29 -30 -31
leaf_value=-1.8787864909141625e-06 -7.6609857211045497e-07 2.9427814172606759e-06 7.7056029649611449e-06 -4.1448168057181776e-06 8.6368641388907301e-06 -3.4398118354298882e-06 1.8560429366299926e-06 6.9246559449773001e-06 1.3563611313127667e-05 6.1062035111145068e-06 4.2106195982629327e-06 9.8812369256765222e-06 -5.1097937711119821e-06 5.8765032773325488e-06 -3.2753353876521429e-06 1.001995261878971e-05 5.5203597087307731e-07 4.1967540362406911e-06 3.9508151660681638e-06 7.8249548854122011e-06 -1.3438526708684362e-06 -4.6895177122665804e-06 -2.1079693262301455e-06 3.2535688658345241e-06 1.1079481827065638e-06 -1.9512393874702315e-06 1.8874567287569405e-06 7.7842761932465614e-07 3.457117284395079e-06 -3.6494889385115434e-06
leaf_weight=39 56 125 100 148 608 216 21 134 320 27 106 88 20 99 39 331 89 125 21 24 61 3456 54 118 71 51 52 118 36 135
leaf_count=39 56 125 100 148 608 216 21 134 320 27 106 88 20 99 39 331 89 125 21 24 61 3456 54 118 71 51 52 118 36 135
internal_value=2.08421e-14 5.99563e-06 7.82511e-06 4.99659e-07 9.18325e-06 -4.40948e-06 3.71572e-06 1.05711e-05 1.21688e-05 7.56927e-06 7.97975e-06 5.84559e-06 1.33344e-06 3.01802e-06 -1.99806e-06 9.12797e-06 1.79437e-06 2.68096e-06 8.73868e-06 3.72917e-06 -5.40636e-07 -4.58173e-06 -3.6163e-07 4.3089e-06 4.9015e-08 -8.40782e-07 5.11539e-07 5.51924e-08 5.23133e-06 -4.65042e-06
internal_weight=6888 2919 2190 729 1646 3969 544 885 420 761 714 258 47 363 366 465 286 214 109 149 218 3807 162 253 110 72 108 179 135 3591
internal_count=6888 2919 2190 729 1646 3969 544 885 420 761 714 258 47 363 366 465 286 214 109 149 218 3807 162 253 110 72 108 179 135 3591
is_linear=0
shrinkage=0.05


Tree=14
num_leaves=31
num_cat=0
split_feature=12 12 9 9 12 3 15 13 7 14 6 12 14 6 14 25 7 7 15 5 12 7 7 3 24 7 6 14 14 12
split_gain=6.82409e-05 8.78778e-06 2.9381e-06 1.81313e-06 1.44382e-06 1.16735e-06 9.51786e-07 6.60777e-07 5.82676e-07 5.55047e-07 5.2033e-07 4.61841e-07 4.07795e-07 3.78412e-07 3.65022e-07 3.4231e-07 3.37013e-07 2.95101e-07 2.66723e-07 1.80675e-07 1.8014e-07 1.24943e-07 1.23646e-07 8.57299e-08 6.34844e-08 5.4391e-08 5.38566e-08 5.11399e-08 4.42058e-08 3.87685e-08
threshold=0.25881904510252091 0.78656609248549325 -39.819027278159233 -23.694225635599228 0.37940952255126054 23.150000000000002 -0.46039597980994923 -0.98296291314453399 144.37575873824008 0.20180702842483325 0.00064691000000000011 0.60355339059327384 -0.99630266176052629 0.00029693500000000007 0.84313847884979054 1.5664320215889796e-05 134.36769753627104 98.158587806253749 -0.45273527932988084 16.450000000000003 0.60355339059327384 121.47874013339293 155.86547814042794 25.950000000000003 0.00046380917439465516 10.319830303594637 0.00076137500000000012 0.46039464932087154 0.7210268013660811 0.12940952255126045
decision_type=2 2 2 2 2 2 2 2 2 2 2 2 2 2 2 2 2 2 2 2 2 2 2 2 2 2 2 2 2 2
left_child=7 2 8 16 10 11 9 18 20 17 23 -6 -8 -7 -11 -14 19 -5 26 21 -2 -3 -10 -4 -12 -9 -1 -18 -20 -27
right_child=1 3 4 6 5 13 12 25 22 14 24 -13 15 -15 -16 -17 27 -19 28 -21 -22 -23 -24 -25 -26 29 -28 -29 -30 -31
leaf_value=-1.3583433629703126e-06 -2.4175267316195462e-07 7.6976282909874072e-06 -8.9675971740974692e-07 1.3662051470150096e-05 2.8353325987376319e-06 4.051545919069075e-06 1.3832735979425101e-05 -3.1260503094797189e-06 -1.6951253149440591e-06 8.6976116708807988e-06 1.8200966570702806e-06 5.7679063179871384e-06 8.5430111400568041e-06 9.9080590275878516e-06 1.5780535068188329e-05 5.2150432233620912e-06 3.3730394875419735e-07 1.03581668095057e-05 -4.0203025721778946e-06 2.9411594858064556e-06 2.6841158888818192e-06 5.737745422123715e-06 -4.4927555141579689e-06 2.5374113799140713e-06 4.4395937896360295e-06 -4.4605764065593012e-06 7.0910224978762123e-07 3.4470771261578944e-06 -2.3454286133952865e-06 -3.8551421129933782e-06
leaf_weight=56 100 182 135 213 238 33 30 84 134 201 30 308 352 168 20 99 20 99 87 33 111 147 56 21 101 3360 72 39 72 287
leaf_count=56 100 182 135 213 238 33 30 84 134 201 30 308 352 168 20 99 20 99 87 33 111 147 56 21 101 3360 72 39 72 287
internal_value=-6.20167e-14 5.88857e-06 3.12183e-06 8.65531e-06 4.53076e-06 5.68886e-06 9.80051e-06 -4.20612e-06 -5.11171e-07 1.12557e-05 1.51646e-06 4.4896e-06 8.18797e-06 8.94654e-06 9.3386e-06 7.81248e-06 5.89705e-06 1.26137e-05 -1.89425e-06 6.46816e-06 1.29745e-06 6.82194e-06 -2.51969e-06 -4.34467e-07 3.83971e-06 -4.38396e-06 -1.95405e-07 2.39292e-06 -3.26187e-06 -4.41293e-06
internal_weight=6888 2870 1435 1435 1034 747 1014 4018 401 533 287 546 481 201 221 451 421 312 287 362 211 329 190 156 131 3731 128 59 159 3647
internal_count=6888 2870 1435 1435 1034 747 1014 4018 401 533 287 546 481 201 221 451 421 312 287 362 211 329 190 156 131 3731 128 59 159 3647
is_linear=0
shrinkage=0.05


Tree=15
num_leaves=31
num_cat=0
split_feature=12 12 7 7 12 19 15 6 12 8 15 14 14 5 19 15 12 7 12 6 14 5 15 15 7 7 15 7 8 14
split_gain=6.15874e-05 7.93097e-06 2.65865e-06 1.61861e-06 1.30329e-06 1.51753e-06 8.30407e-07 6.25798e-07 8.11032e-07 6.12326e-07 4.5119e-07 7.5189e-07 4.31506e-07 4.06973e-07 3.84759e-07 3.74214e-07 3.0287e-07 2.96327e-07 2.54924e-07 2.37527e-07 2.13699e-07 1.5465e-07 1.35111e-07 1.2479e-07 1.17257e-07 1.08438e-07 1.04165e-07 4.94061e-08 4.85637e-08 4.61538e-08
threshold=0.25881904510252091 0.78656609248549325 136.53437112714715 114.00872722999988 0.60355339059327384 0.00040100500000000001 -0.7444366621422277 0.00056167000000000012 0.37940952255126054 151.98416661219997 -0.85225707553516283 0.20180702842483325 0.98667101781630195 6.1500000000000012 2.7925000000000005e-05 0.27487873330147788 0.60355339059327384 134.36769753627104 0.37940952255126054 0.00059564500000000012 0.21862473630160603 16.450000000000003 0.20812153622207724 0.70897861563100306 95.488545939554569 121.47874013339293 -0.7444366621422277 10.319830303594637 357.25307277430142 0.46039464932087154
decision_type=2 2 2 2 2 2 2 2 2 2 2 2 2 2 2 2 2 2 2 2 2 2 2 2 2 2 2 2 2 2
left_child=9 2 4 6 7 12 10 18 -9 19 11 -3 -6 14 -8 -15 22 21 -2 -1 -7 25 -4 -18 -12 -5 -21 -11 -29 -19
right_child=1 3 16 17 5 20 13 8 -10 27 24 -13 -14 15 -16 -17 23 29 -20 26 -22 -23 -24 -25 -26 -27 -28 28 -30 -31
leaf_value=-3.5226143838479991e-06 -1.0731186130348815e-06 1.2070331017423e-05 -1.2913364069467823e-06 7.3103869693470963e-06 4.8705700200621414e-06 1.298672394200583e-05 7.5877787877094577e-06 2.4984098255043988e-06 7.8660364381364528e-06 -2.9697476996997941e-06 1.5838700052811947e-05 6.7090932333258029e-06 -2.7083946184802702e-06 9.9891699900336024e-06 2.5436018086111291e-06 6.8427701842631877e-06 1.6694446963909243e-06 3.20438766721054e-07 2.0370061655046376e-06 7.7262538929508214e-07 8.7614568428762147e-06 2.7943999342028295e-06 -4.0938730262496393e-06 -1.7591138036945459e-06 1.202813460126477e-05 5.4508581784234524e-06 -1.6938999998434757e-06 -4.2281781501068305e-06 -3.1518349666620689e-06 3.2747232837256235e-06
leaf_weight=118 85 189 93 168 308 63 155 202 108 84 52 100 20 315 50 135 88 20 293 76 57 32 80 38 33 147 98 3534 108 39
leaf_count=118 85 189 93 168 308 63 155 202 108 84 52 100 20 315 50 135 88 20 293 76 57 32 80 38 33 147 98 3534 108 39
internal_value=-4.16732e-14 5.59414e-06 2.96574e-06 8.22255e-06 4.06987e-06 6.1686e-06 9.27735e-06 2.70325e-06 4.36842e-06 -3.99582e-06 1.11571e-05 1.02152e-05 4.40844e-06 8.20404e-06 6.35749e-06 9.04525e-06 -1.22923e-06 5.54917e-06 1.33764e-06 -1.79093e-06 1.09797e-05 6.10617e-06 -2.58731e-06 6.35435e-07 1.43593e-05 6.44261e-06 -6.16567e-07 -4.16861e-06 -4.19626e-06 2.27327e-06
internal_weight=6888 2870 1435 1435 1136 448 1029 688 310 4018 374 289 328 655 205 450 299 406 378 292 120 347 173 126 85 315 174 3726 3642 59
internal_count=6888 2870 1435 1435 1136 448 1029 688 310 4018 374 289 328 655 205 450 299 406 378 292 120 347 173 126 85 315 174 3726 3642 59
is_linear=0
shrinkage=0.05


Tree=16
num_leaves=31
num_cat=0
split_feature=21 13 21 7 15 13 21 13 21 13 11 15 14 15 15 15 7 11 27 15 7 16 13 7 15 15 21 7 6 16
split_gain=1.19563e-05 2.68396e-05 7.95527e-06 3.64191e-06 2.92314e-06 2.66028e-06 4.8125e-06 1.42939e-06 1.40001e-06 1.30429e-06 1.0469e-06 1.01883e-06 8.57295e-07 8.4937e-07 6.15768e-07 5.44452e-07 8.35526e-07 4.22371e-07 3.75417e-07 3.25612e-07 2.36196e-07 2.1132e-07 1.99611e-07 1.98895e-07 5.06909e-07 1.90499e-07 1.31491e-07 7.89851e-07 1.19377e-07 1.07075e-07
threshold=370.50000000000006 0.37940952255126048 164.50000000000003 56.974421628639256 -0.31800055644052067 0.78656609248549303 1.0000000180025095e-35 0.60355339059327384 44.500000000000007 -0.9159756150367534 22.425000000000001 -0.7444366621422277 0.20180702842483325 -0.30982845708428081 0.9052873537896472 -0.45273527932988084 27.762028505885052 19.706250000000001 69.833333333333357 0.063390085881955341 98.158587806253749 964.80000000000007 0.91597561503675351 126.8673174187102 -0.26037106507032781 -0.84774213365954088 423.50000000000006 43.691722601137052 0.0006566600000000001 805.54500000000019
decision_type=2 2 2 2 2 2 2 2 2 2 2 2 2 2 2 2 2 2 2 2 2 2 2 2 2 2 2 2 2 2
left_child=1 2 4 11 12 6 7 19 14 15 -10 25 20 -9 -6 16 21 -14 -13 -3 -1 -2 23 -7 -25 -4 27 -11 -18 -17
right_child=9 5 3 -5 8 22 -8 13 10 26 -12 18 17 -15 -16 29 28 -19 -20 -21 -22 -23 -24 24 -26 -27 -28 -29 -30 -31
leaf_value=1.2147959979422637e-05 -1.8329574979609563e-07 6.4357448104302468e-06 7.175412211576518e-06 -3.9851732027299302e-06 7.2695765969237606e-06 -4.034443190903403e-06 -4.034443190903403e-06 3.6094633427542749e-06 -4.4642482282820404e-06 5.4773864716340685e-06 4.1425607411798884e-06 3.6228009345222742e-06 9.1059742643018363e-06 -1.204664617638338e-06 2.8327478737275254e-06 -1.6983252196547419e-06 4.8426539797219457e-07 4.7456046881443742e-06 -1.0293926560525953e-06 2.8753447347741814e-06 9.4408732023887946e-06 -3.0322739334106674e-06 -3.8499416502845195e-06 2.2030969288070167e-07 -3.4492544000174861e-06 1.2260040384717286e-05 -4.0180697126361039e-06 -4.0229332810575711e-06 4.3806271618383684e-06 -3.3460853647920062e-06
leaf_weight=309 137 190 70 243 556 178 469 146 51 26 115 150 187 246 91 178 25 79 61 97 109 124 861 154 242 25 1318 138 92 221
leaf_count=309 137 190 70 243 556 178 469 146 51 26 115 150 187 246 91 178 25 79 61 97 109 124 861 154 242 25 1318 138 92 221
internal_value=5.81492e-14 1.45525e-06 5.73308e-06 5.84718e-07 7.62116e-06 -1.93323e-06 -1.39216e-07 2.5513e-06 5.59457e-06 -2.982e-06 1.4983e-06 4.21375e-06 1.003e-05 5.88352e-07 6.64554e-06 -1.32275e-06 3.70657e-08 7.81098e-06 2.27785e-06 5.2324e-06 1.1442e-05 -1.53683e-06 -3.36845e-06 -2.64621e-06 -2.0222e-06 8.51347e-06 -3.85194e-06 -2.51679e-06 3.54807e-06 -2.61099e-06
internal_weight=6888 4629 2046 549 1497 2583 1148 679 813 2259 166 306 684 392 647 777 378 266 211 287 418 261 1435 574 396 95 1482 164 117 399
internal_count=6888 4629 2046 549 1497 2583 1148 679 813 2259 166 306 684 392 647 777 378 266 211 287 418 261 1435 574 396 95 1482 164 117 399
is_linear=0
shrinkage=0.05


Tree=17
num_leaves=31
num_cat=0
split_feature=12 12 7 9 12 4 4 14 19 7 18 5 12 7 7 14 14 12 14 27 5 27 4 27 9 5 7 14 27 9
split_gain=5.03965e-05 6.41667e-06 2.16042e-06 1.35518e-06 1.26739e-06 9.49193e-07 7.68478e-07 6.16896e-07 5.93805e-07 5.76029e-07 3.78877e-07 3.71865e-07 3.57024e-07 3.63703e-07 2.51013e-07 2.38794e-07 4.70619e-07 2.14398e-07 2.12818e-07 1.652e-07 1.55003e-07 1.45632e-07 1.08648e-07 1.03714e-07 9.6718e-08 7.2044e-08 5.66427e-08 5.28521e-08 4.6674e-08 4.59914e-08
threshold=0.25881904510252091 0.78656609248549325 126.50229935196826 -23.694225635599228 0.37940952255126054 47.500000000000007 26.500000000000004 0.99374995976406788 0.00040100500000000001 144.37575873824008 0.00056167000000000012 16.850000000000005 1.0000000180025095e-35 27.211074475547981 134.36769753627104 0.88220160189607266 0.96234642434711437 0.60355339059327384 -0.74512825849743647 25.833333333333339 16.450000000000003 22.833333333333339 94.500000000000014 49.166666666666679 -64.410343191064769 5.7500000000000009 135.99180379427295 0.21862473630160603 65.833333333333357 68.239274272157772
decision_type=2 2 2 2 2 2 2 2 2 2 2 2 2 2 2 2 2 2 2 2 2 2 2 2 2 2 2 2 2 2
left_child=12 2 4 14 10 8 15 11 -6 17 21 -8 -1 27 19 18 -17 -4 -5 25 -21 -2 -7 -12 -11 -3 -15 29 -16 -14
right_child=1 3 9 6 5 22 7 -9 -10 24 23 -13 13 26 28 16 -18 -19 -20 20 -22 -23 -24 -25 -26 -27 -28 -29 -30 -31
leaf_value=-3.8070078189997643e-06 1.2936168295403807e-06 4.6665678736543568e-06 1.2624857651887471e-07 8.3885671147262058e-06 4.4871136201386911e-06 3.2776142389926002e-06 7.9523322533492834e-06 4.1226631820432945e-07 7.9982837403298838e-06 -3.567328825418962e-06 4.4179093059018223e-06 3.217534541640223e-06 -1.5558286143211511e-06 -2.700143835049477e-06 3.1399126378851683e-06 2.3348283868784849e-06 1.0761975092488708e-05 2.8119869562083735e-06 1.0850429793770434e-05 5.0466161714004971e-06 6.6842426201179954e-07 -1.5598377419975034e-06 7.5816251367655239e-07 5.0291615328508972e-07 -1.2539033984245605e-06 7.1819996405258071e-06 -3.8741501015238105e-06 -1.4023525794919734e-06 2.5642222196794412e-07 1.0996080393604804e-06
leaf_weight=3444 92 36 161 120 218 92 421 33 269 74 87 46 22 221 36 30 37 138 327 167 23 87 80 21 116 136 192 76 23 63
leaf_count=3444 92 36 161 120 218 92 421 33 269 74 87 46 22 221 36 30 37 138 327 167 23 87 80 21 116 136 192 76 23 63
internal_value=8.7778e-15 5.06043e-06 2.69623e-06 7.42463e-06 4.09107e-06 5.29882e-06 8.41469e-06 7.01909e-06 6.42655e-06 -2.15727e-09 1.31786e-06 7.48595e-06 -3.61459e-06 -2.46011e-06 5.04e-06 9.77229e-06 6.98863e-06 1.36582e-06 1.01895e-05 5.53289e-06 4.51662e-06 -9.32577e-08 2.10578e-06 3.65666e-06 -2.15492e-06 6.65551e-06 -3.24593e-06 -4.44296e-07 2.01584e-06 4.12319e-07
internal_weight=6888 2870 1435 1435 946 659 1014 500 487 489 287 467 4018 574 421 514 67 299 447 362 190 179 172 108 190 172 413 161 59 85
internal_count=6888 2870 1435 1435 946 659 1014 500 487 489 287 467 4018 574 421 514 67 299 447 362 190 179 172 108 190 172 413 161 59 85
is_linear=0
shrinkage=0.05


Tree=18
num_leaves=31
num_cat=0
split_feature=12 12 13 15 15 7 4 7 13 5 12 27 7 7 19 15 18 15 4 18 15 5 5 3 24 7 27 7 15 7
split_gain=4.54828e-05 5.79104e-06 1.95807e-06 1.36809e-06 1.27305e-06 6.5755e-07 5.36855e-07 4.83284e-07 4.34096e-07 3.86345e-07 3.68342e-07 3.68093e-07 3.50139e-07 3.44516e-07 3.31057e-07 3.28794e-07 3.80064e-07 2.76006e-07 2.24465e-07 1.96949e-07 1.74579e-07 1.02362e-07 8.96994e-08 7.57404e-08 7.26177e-08 5.3613e-08 4.76231e-08 4.54314e-08 4.28586e-08 4.14948e-08
threshold=0.25881904510252091 0.78656609248549325 0.78656609248549303 -0.46039597980994923 -0.7444366621422277 114.7729375113334 47.500000000000007 41.010321029707669 -0.98296291314453399 6.1500000000000012 0.37940952255126054 99.833333333333357 103.02420179129587 143.57636891372326 2.7925000000000005e-05 -0.85225707553516283 5.3375000000000003e-05 0.097680735332368748 50.500000000000007 0.00064691000000000011 0.92599062340417404 13.050000000000002 16.450000000000003 19.150000000000002 0.00027695678457121336 109.17467662370957 38.500000000000007 138.40982157864968 -0.75013812021657655 10.319830303594637
decision_type=2 2 2 2 2 2 2 2 2 2 2 2 2 2 2 2 2 2 2 2 2 2 2 2 2 2 2 2 2 2
left_child=8 2 3 6 12 9 7 -2 19 14 24 -11 15 -12 -6 16 -3 27 25 -1 22 -8 -7 -17 -5 -14 -22 -4 -21 -10
right_child=1 4 17 10 5 20 21 -9 29 11 13 -13 18 -15 -16 23 -18 -19 -20 28 26 -23 -24 -25 -26 -27 -28 -29 -30 -31
leaf_value=-2.7603049391863797e-06 3.4078616741413335e-06 1.0272113918184042e-05 5.0317001080563237e-07 -2.3479083899739336e-06 6.317132500604268e-06 5.0178636243867002e-06 2.9572315061917229e-06 7.1978493486861185e-06 -2.4792962709138274e-06 8.1237150470600367e-06 3.2023624967443568e-06 1.3464607880970499e-06 9.5354031118128638e-06 -5.490834223249092e-07 1.6825537959448411e-06 1.5593581572050295e-05 3.1445436132484939e-06 -3.3719827605311797e-06 4.0232769957323656e-06 7.1353948214891718e-07 3.1429864145593457e-06 -7.9877732315043653e-07 2.1309719113560277e-06 1.2104661499116837e-05 3.8118901646664831e-07 7.5420905827543372e-06 -1.6059326005309534e-07 -1.1004788575258113e-06 -1.0995134331193693e-06 -3.6033102828254714e-06
leaf_weight=156 116 171 126 30 168 261 60 306 84 436 408 21 66 72 50 28 21 93 35 70 20 26 30 35 130 69 24 68 61 3647
leaf_count=156 116 171 126 30 168 261 60 306 84 436 408 21 66 72 50 28 21 93 35 70 20 26 30 35 130 69 24 68 61 3647
internal_value=-1.18138e-14 4.80741e-06 2.56142e-06 3.4849e-06 7.0534e-06 6.08734e-06 5.42228e-06 6.15605e-06 -3.43386e-06 6.98611e-06 1.94711e-06 7.81229e-06 9.34919e-06 2.63965e-06 5.25416e-06 1.0521e-05 9.49254e-06 -1.1325e-06 7.5915e-06 -1.56004e-06 4.27641e-06 1.82169e-06 4.72025e-06 1.36553e-05 -1.30517e-07 8.5166e-06 1.34103e-06 -5.89337e-08 -1.30707e-07 -3.578e-06
internal_weight=6888 2870 1435 1148 1435 1010 508 422 4018 675 640 457 425 480 218 255 192 287 170 287 335 86 291 63 160 135 44 194 131 3731
internal_count=6888 2870 1435 1148 1435 1010 508 422 4018 675 640 457 425 480 218 255 192 287 170 287 335 86 291 63 160 135 44 194 131 3731
is_linear=0
shrinkage=0.05


Tree=19
num_leaves=31
num_cat=0
split_feature=12 12 9 15 12 19 9 4 13 15 9 14 9 5 14 4 14 4 4 9 12 15 14 15 4 9 9 9 9 11
split_gain=4.10482e-05 5.22641e-06 1.7921e-06 1.14893e-06 9.46378e-07 1.03931e-06 6.0349e-07 4.93409e-07 3.91772e-07 3.64673e-07 3.49525e-07 3.38421e-07 3.16001e-07 3.12378e-07 3.01623e-07 2.85346e-07 2.29622e-07 2.28807e-07 2.02579e-07 1.76086e-07 1.60142e-07 1.41488e-07 1.27164e-07 5.52003e-08 5.27715e-08 4.83857e-08 3.76273e-08 3.62935e-08 3.29216e-08 3.15183e-08
threshold=0.25881904510252091 0.78656609248549325 -39.819027278159233 -0.7444366621422277 0.60355339059327384 0.00040100500000000001 -31.508574390302588 44.500000000000007 -0.98296291314453399 -0.46039597980994923 -61.432314537377501 -0.99763297024448894 -7.6290102173272771 4.3500000000000005 -0.94975917145599731 15.500000000000002 0.45273815774107123 47.500000000000007 50.500000000000007 62.54947788769195 0.60355339059327384 0.92599062340417404 0.54940630780725741 -0.97507822412530132 61.500000000000007 -19.264139807707604 80.060618111620343 -48.513078499594911 -65.490367374847651 55.940625000000004
decision_type=2 2 2 2 2 2 2 2 2 2 2 2 2 2 2 2 2 2 2 2 2 2 2 2 2 2 2 2 2 2
left_child=8 2 10 12 7 15 21 9 19 -4 28 -8 18 -14 -13 -6 -15 -7 25 -1 27 24 -9 -21 -5 -3 -10 -12 -2 -25
right_child=1 3 4 6 5 17 11 22 26 -11 20 14 13 16 -16 -17 -18 -19 -20 23 -22 -23 -24 29 -26 -27 -28 -29 -30 -31
leaf_value=-2.8820034153055992e-06 -3.4892214112711249e-06 7.1649860340097595e-06 4.4186350527929287e-06 4.6143543321250036e-06 5.408081649307787e-06 1.0338605082352209e-05 1.1475054407128482e-05 -1.5165996023517584e-06 -3.4227579645811265e-06 1.5890925468927816e-06 -1.3309601115821212e-06 3.8801632834700538e-06 5.5332691699765531e-06 1.0030336527387063e-05 6.6525468338032602e-06 2.2090349575846378e-06 1.4671378178923812e-05 4.5925677882440229e-06 3.8221130671445287e-06 1.7232325848663795e-06 1.8041358471792787e-06 3.088354643902373e-07 1.2293183936131588e-06 -1.2972652913195125e-06 2.907432528211719e-06 9.0586329006879232e-06 -2.3332122958733784e-06 2.7349071726754039e-07 -1.8505473253054123e-06 3.6409024505978667e-07
leaf_weight=126 58 69 261 125 136 99 32 74 3650 202 77 116 34 190 636 143 31 21 35 26 136 30 98 94 71 66 81 65 65 41
leaf_count=126 58 69 261 125 136 99 32 74 3650 202 77 116 34 190 636 143 31 21 35 26 136 30 98 94 71 66 81 65 65 41
internal_value=-6.22355e-15 4.56704e-06 2.43335e-06 6.70073e-06 3.53372e-06 5.442e-06 5.78298e-06 2.33465e-06 -3.26217e-06 3.18415e-06 -4.04002e-07 6.43918e-06 8.88173e-06 9.99493e-06 6.22489e-06 3.76843e-06 1.06813e-05 9.33305e-06 7.21193e-06 -1.48203e-06 5.77897e-07 3.50658e-06 4.79351e-08 -3.86405e-07 3.99603e-06 8.09077e-06 -3.3991e-06 -5.96528e-07 -2.62326e-06 -7.92705e-07
internal_weight=6888 2870 1435 1435 1034 399 1010 635 4018 463 401 784 425 255 752 279 221 120 170 287 278 226 172 161 196 135 3731 142 123 135
internal_count=6888 2870 1435 1435 1034 399 1010 635 4018 463 401 784 425 255 752 279 221 120 170 287 278 226 172 161 196 135 3731 142 123 135
is_linear=0
shrinkage=0.05


Tree=20
num_leaves=31
num_cat=0
split_feature=21 13 21 7 15 13 21 21 13 13 11 15 14 15 27 27 15 7 11 15 15 16 27 13 7 15 6 21 7 21
split_gain=7.97764e-06 1.80439e-05 5.35832e-06 2.4588e-06 2.05328e-06 1.7176e-06 3.13322e-06 9.52077e-07 9.49172e-07 8.65904e-07 7.63773e-07 7.57958e-07 7.27799e-07 5.32418e-07 5.11226e-07 4.38268e-07 3.75177e-07 5.42863e-07 3.46171e-07 2.39115e-07 2.00763e-07 1.33574e-07 1.25542e-07 1.23229e-07 1.28469e-07 3.35511e-07 9.69542e-08 8.63741e-08 5.36007e-07 6.94165e-08
threshold=370.50000000000006 0.37940952255126048 164.50000000000003 56.974421628639256 -0.31800055644052067 0.78656609248549303 1.0000000180025095e-35 44.500000000000007 0.60355339059327384 -0.9159756150367534 22.425000000000001 -0.013976481981245173 0.20180702842483325 -0.30982845708428081 98.166666666666671 74.166666666666671 -0.45273527932988084 27.762028505885052 19.706250000000001 0.063390085881955341 -0.99938741687870725 964.80000000000007 23.833333333333339 0.91597561503675351 126.8673174187102 -0.26037106507032781 0.0006566600000000001 423.50000000000006 43.691722601137052 599.50000000000011
decision_type=2 2 2 2 2 2 2 2 2 2 2 2 2 2 2 2 2 2 2 2 2 2 2 2 2 2 2 2 2 2
left_child=1 2 4 11 12 6 8 14 19 16 -9 15 20 -10 -6 -4 17 21 -14 -3 -1 -2 -13 24 -7 -26 -19 28 -11 -18
right_child=9 5 3 -5 7 23 -8 10 13 27 -12 22 18 -15 -16 -17 29 26 -20 -21 -22 -23 -24 -25 25 -27 -28 -29 -30 -31
leaf_value=4.6774707880103965e-06 -1.4760252730555986e-07 5.2388382786567062e-06 6.1335072355203382e-06 -3.2839972611117943e-06 5.879645277731763e-06 -3.2910673326114195e-06 -3.2910673326114195e-06 -3.9235701362985326e-06 2.8151820436498652e-06 4.5229363352588665e-06 3.4278663727728479e-06 2.0537976239253578e-06 7.3924574630253385e-06 -9.963133367886658e-07 1.171994981301501e-06 -8.211014906359757e-07 -1.492113443453493e-06 1.1387967606424355e-07 3.44495921425836e-06 2.1877746822410371e-06 9.8113251151139989e-06 -2.4126638858169535e-06 -1.4738217185863581e-06 -3.1211486717226357e-06 1.5055971553357717e-07 -2.8348435868082569e-06 3.6252952950809956e-06 -3.2792899158477826e-06 -3.3032655928632332e-06 -2.8111178249972114e-06
leaf_weight=20 137 190 176 243 583 178 469 51 146 26 115 43 187 246 64 26 199 25 79 97 398 124 61 861 154 242 92 1318 138 200
leaf_count=20 137 190 176 243 583 178 469 51 146 26 115 43 187 246 64 26 199 25 79 97 398 124 61 861 154 242 92 1318 138 200
internal_value=2.42128e-14 1.18871e-06 4.69623e-06 4.70943e-07 6.24579e-06 -1.58961e-06 -1.48078e-07 4.54729e-06 2.02285e-06 -2.43583e-06 1.16929e-06 3.45281e-06 8.26462e-06 4.23274e-07 5.41397e-06 5.23836e-06 -1.08388e-06 4.49267e-08 6.22008e-06 4.20764e-06 9.56569e-06 -1.22372e-06 -1.52868e-08 -2.74283e-06 -2.17536e-06 -1.67385e-06 2.87499e-06 -3.14464e-06 -2.06253e-06 -2.15327e-06
internal_weight=6888 4629 2046 549 1497 2583 1148 813 679 2259 166 306 684 392 647 202 777 378 266 287 418 261 104 1435 574 396 117 1482 164 399
internal_count=6888 4629 2046 549 1497 2583 1148 813 679 2259 166 306 684 392 647 202 777 378 266 287 418 261 104 1435 574 396 117 1482 164 399
is_linear=0
shrinkage=0.05


Tree=21
num_leaves=31
num_cat=0
split_feature=12 12 9 6 4 14 15 15 12 5 19 9 17 6 12 6 15 3 4 6 27 15 15 3 4 27 15 7 9 7
split_gain=3.35857e-05 4.24066e-06 2.45892e-06 1.04498e-06 9.06869e-07 6.16727e-07 5.28554e-07 5.20296e-07 4.61977e-07 4.09445e-07 3.17186e-07 3.17128e-07 3.15689e-07 2.8247e-07 2.54097e-07 2.426e-07 2.35614e-07 2.23304e-07 1.76358e-07 1.04245e-07 9.34423e-08 7.7782e-08 7.10944e-08 6.55027e-08 5.97113e-08 5.57162e-08 4.41111e-08 4.32886e-08 4.29615e-08 4.19945e-08
threshold=0.25881904510252091 0.60355339059327384 -31.133935230219993 0.00034754500000000005 30.500000000000004 0.99374995976406788 0.029024409397335523 -0.67168186667784702 0.37940952255126054 16.850000000000005 0.00057234000000000007 -49.194317681030029 0.98715017366515434 0.00064691000000000011 1.0000000180025095e-35 0.00072842000000000013 0.080547328232315238 21.950000000000003 11.500000000000002 0.00063523000000000008 1.0000000180025095e-35 -0.33426211444629356 0.92599062340417404 16.750000000000004 8.5000000000000018 23.166666666666668 -0.23537842981696178 143.57636891372326 -47.146675317761911 132.27052571122783
decision_type=2 2 2 2 2 2 2 2 2 2 2 2 2 2 2 2 2 2 2 2 2 2 2 2 2 2 2 2 2 2
left_child=14 3 11 16 7 9 -7 17 13 -6 18 22 -9 25 -1 21 28 -4 -10 -12 -13 29 27 -18 -15 -5 -22 -3 -2 -16
right_child=1 2 4 8 5 6 -8 12 10 -11 19 20 -14 24 15 -17 23 -19 -20 -21 26 -23 -24 -25 -26 -27 -28 -29 -30 -31
leaf_value=-3.1131038496684316e-06 -8.5713575084905397e-07 1.9689136262027123e-06 7.8282080096936086e-06 6.0557457288723531e-07 5.8924144500997341e-06 4.3140326738466687e-06 -6.6917392268806005e-06 6.6736716896969695e-06 4.5175604894473214e-06 1.7508510563623958e-06 5.4860662380128313e-06 5.1985552081532662e-06 6.6158543177152751e-07 3.8742133717599194e-06 -1.1225774623623828e-06 1.108978903755339e-07 -3.3719441783683456e-06 1.0274781719095824e-05 1.087464333711789e-06 9.2911260177667542e-06 2.3214408200628361e-06 -3.0324628106608438e-06 -1.7410321844124612e-06 -1.0711051263712079e-06 1.737681560598503e-06 -1.4184762404981071e-06 3.4916804217418818e-06 2.0261823638783858e-08 6.3420238651992934e-07 -2.6321191422826625e-06
leaf_weight=3444 74 57 218 68 546 24 20 431 73 67 72 50 23 68 117 112 87 163 77 24 170 269 30 48 63 68 153 57 139 76
leaf_count=3444 74 57 218 68 546 24 20 431 73 67 72 50 23 68 117 112 87 163 77 24 170 269 30 48 63 68 153 57 139 76
internal_value=2.38661e-14 4.13109e-06 5.38931e-06 1.19524e-06 6.41902e-06 5.02933e-06 -6.88591e-07 7.51246e-06 2.62991e-06 5.43975e-06 4.19309e-06 2.4177e-06 6.36909e-06 1.18967e-06 -2.95078e-06 -1.97682e-06 -9.19673e-07 8.8749e-06 2.75678e-06 6.43733e-06 3.18713e-06 -2.48293e-06 4.24667e-07 -2.55387e-06 2.84672e-06 -4.06451e-07 2.87576e-06 9.94588e-07 1.16085e-07 -1.71701e-06
internal_weight=6888 2870 2009 861 1492 657 44 835 513 613 246 517 454 267 4018 574 348 381 150 96 373 462 144 135 131 136 323 114 213 193
internal_count=6888 2870 2009 861 1492 657 44 835 513 613 246 517 454 267 4018 574 348 381 150 96 373 462 144 135 131 136 323 114 213 193
is_linear=0
shrinkage=0.05


Tree=22
num_leaves=31
num_cat=0
split_feature=12 12 1 8 15 14 15 9 9 14 5 8 8 12 8 14 14 4 12 14 14 6 27 14 5 9 17 15 14 8
split_gain=3.03111e-05 3.84034e-06 1.33418e-06 1.01386e-06 8.86876e-07 5.66185e-07 4.87203e-07 4.73669e-07 3.63337e-07 3.48508e-07 3.4264e-07 3.34531e-07 3.2576e-07 3.10683e-07 3.02641e-07 2.69359e-07 5.38829e-07 2.14305e-07 1.95895e-07 1.81448e-07 1.4002e-07 1.31208e-07 1.02512e-07 9.53228e-08 9.45809e-08 7.48633e-08 7.23622e-08 5.60581e-08 4.22715e-08 3.8671e-08
threshold=0.25881904510252091 0.78656609248549325 283.00000000000006 108.64304524185037 -0.7444366621422277 0.21862473630160603 0.9052873537896472 -52.992271443670781 -25.087169209806284 0.52766072109828632 6.2500000000000009 55.856289206726821 151.98416661219997 0.60355339059327384 91.341464676511251 0.52766072109828632 0.38243310158943505 50.500000000000007 0.60355339059327384 0.3342611484689354 0.99374995976406788 0.00064070000000000023 98.166666666666671 0.46039464932087154 16.450000000000003 -64.410343191064769 0.67335323716304285 -0.75013812021657655 0.43733377705052551 29.909058818364375
decision_type=2 2 2 2 2 2 2 2 2 2 2 2 2 2 2 2 2 2 2 2 2 2 2 2 2 2 2 2 2 2
left_child=12 2 7 5 11 14 8 25 24 -7 -10 17 21 20 -4 16 -13 -3 28 22 -5 -1 -8 -15 -6 -2 -20 -23 -9 -27
right_child=1 4 3 13 6 9 19 18 10 -11 -12 15 -14 23 -16 -17 -18 -19 26 -21 -22 27 -24 -25 -26 29 -28 -29 -30 -31
leaf_value=-2.4115698666928586e-06 -2.8101977518970771e-06 6.6852166569291242e-06 8.8508275898721441e-06 1.0809189275045644e-06 4.0831664241785667e-06 -1.9439553235705328e-07 4.5402020861892639e-06 -5.2135824543832339e-07 4.3336177503291719e-06 4.3885977852653472e-06 6.7728064946994983e-06 8.8441709077745731e-06 -2.9292715694049882e-06 3.0264992346928921e-06 5.1996360319980057e-06 1.244885735331991e-05 1.3598816066304507e-06 1.908234944494325e-06 2.491913068573738e-06 -1.738805409085368e-06 -3.1611357761513706e-06 7.6546342033253337e-07 2.0718632099271331e-07 7.4068379984490341e-06 9.6875947216782761e-07 -2.1174108136309349e-06 -5.7041564922482868e-07 -1.0856807432996756e-06 1.0209056745225097e-06 -2.8011705154540324e-07
leaf_weight=126 74 108 99 264 251 56 39 109 218 160 424 220 3726 27 133 40 27 30 237 30 21 73 21 23 27 41 21 93 75 95
leaf_count=126 74 108 99 264 251 56 39 109 218 160 424 220 3726 27 133 40 27 30 237 30 21 73 21 23 27 41 21 93 75 95
internal_value=-7.93687e-16 3.92453e-06 2.09553e-06 3.48675e-06 5.75354e-06 5.04257e-06 4.94721e-06 4.24793e-07 5.29068e-06 3.20041e-06 5.94455e-06 7.66974e-06 -2.80324e-06 1.40612e-06 6.75769e-06 8.64247e-06 8.02605e-06 5.64674e-06 1.35372e-06 1.43616e-06 7.68346e-07 -1.19502e-06 3.02365e-06 5.04146e-06 3.78069e-06 -1.53038e-06 2.24265e-06 -2.71623e-07 1.07282e-07 -8.34007e-07
internal_weight=6888 2870 1435 783 1435 448 1010 652 920 216 642 425 4018 335 232 287 247 138 442 90 285 292 60 50 278 210 258 166 184 136
internal_count=6888 2870 1435 783 1435 448 1010 652 920 216 642 425 4018 335 232 287 247 138 442 90 285 292 60 50 278 210 258 166 184 136
is_linear=0
shrinkage=0.05


Tree=23
num_leaves=31
num_cat=0
split_feature=12 12 9 6 4 8 15 12 8 17 4 9 23 9 8 6 19 11 6 15 15 27 27 15 15 15 8 15 9 9
split_gain=2.73557e-05 3.4848e-06 2.02037e-06 8.55156e-07 7.5854e-07 5.34826e-07 3.98227e-07 3.51694e-07 2.95168e-07 2.88423e-07 2.6117e-07 2.55075e-07 2.38889e-07 2.10841e-07 2.08382e-07 1.77474e-07 1.51205e-07 1.45904e-07 1.349e-07 9.13446e-08 1.21844e-07 8.69116e-08 7.42326e-08 6.17568e-08 5.77063e-08 3.78607e-08 3.62454e-08 3.34257e-08 3.32255e-08 3.30502e-08
threshold=0.25881904510252091 0.60355339059327384 -31.508574390302588 0.00049423000000000012 30.500000000000004 92.004444205745941 -0.67168186667784702 0.37940952255126054 148.0505631407099 0.97636158988766353 76.500000000000014 -49.194317681030029 33.500000000000007 -48.513078499594911 50.988774112085402 0.00057286000000000012 0.00064482000000000005 11.721875000000002 0.00059564500000000012 0.9052873537896472 0.61913436964878354 1.0000000180025095e-35 54.500000000000007 0.92599062340417404 0.34033495509342482 -0.23537842981696178 359.28908972677465 -0.75013812021657655 76.926426707370595 -52.992271443670781
decision_type=2 2 2 2 2 2 2 2 2 2 2 2 2 2 2 2 2 2 2 2 2 2 2 2 2 2 2 2 2 2
left_child=8 3 11 13 6 17 14 16 18 -8 15 23 -7 24 -4 -9 -5 -6 -1 20 -15 -13 -18 29 -2 -23 28 -20 -10 -3
right_child=1 2 4 7 5 12 9 10 26 -11 -12 21 -14 19 -16 -17 22 -19 27 -21 -22 25 -24 -25 -26 -27 -28 -29 -30 -31
leaf_value=-2.3387262431044846e-06 -1.1097201028393821e-06 9.3845142425722812e-08 5.3117753088185382e-06 1.4103346358452068e-07 3.1608328247441891e-06 3.9785188368582174e-06 6.0998967716004897e-06 3.3065638258053896e-06 -2.8159769142089915e-06 7.7124653688332297e-07 -4.3215915728940976e-07 4.7794791778414949e-06 4.7283750758276216e-07 2.8272142261206077e-07 8.475696319240509e-06 6.7381597480299073e-06 3.2666241407018884e-06 5.7830216333472483e-06 6.8382968107982831e-07 -2.0232332061758435e-06 3.5360911417890089e-06 2.0006300325499409e-06 -7.5944475383948889e-08 -1.6622496968921042e-06 -3.0439970089446435e-06 3.1027790196867353e-06 -9.516016116658986e-07 -8.089461977647262e-07 -1.9259957574141246e-06 1.8007388301260296e-06
leaf_weight=115 97 61 62 113 61 103 427 69 3618 27 24 50 92 225 324 83 98 407 75 35 33 161 20 30 64 151 27 75 108 53
leaf_count=115 97 61 62 113 61 103 427 69 3618 27 24 50 92 225 324 83 98 407 75 35 33 161 20 30 64 151 27 75 108 53
internal_value=-1.48989e-15 3.72831e-06 4.8689e-06 1.06693e-06 5.78891e-06 4.52457e-06 6.78683e-06 2.73119e-06 -2.66308e-06 5.78299e-06 4.41505e-06 2.13615e-06 2.32456e-06 -4.25041e-07 7.9675e-06 5.1804e-06 1.44826e-06 5.44124e-06 -1.05033e-06 3.73687e-07 6.9885e-07 2.84419e-06 2.70009e-06 3.56224e-07 -1.87863e-06 2.53404e-06 -2.77695e-06 -6.25583e-08 -2.79018e-06 8.87401e-07
internal_weight=6888 2870 2009 861 1503 663 840 407 4018 454 176 506 195 454 386 152 231 468 265 293 258 362 118 144 161 312 3753 150 3726 114
internal_count=6888 2870 2009 861 1503 663 840 407 4018 454 176 506 195 454 386 152 231 468 265 293 258 362 118 144 161 312 3753 150 3726 114
is_linear=0
shrinkage=0.05


Tree=24
num_leaves=31
num_cat=0
split_feature=12 12 9 19 4 15 15 15 12 5 19 13 9 5 18 11 7 7 18 27 27 22 27 15 11 4 1 9 7 11
split_gain=2.46886e-05 3.14503e-06 1.82496e-06 7.6523e-07 7.07946e-07 4.59833e-07 7.83765e-07 4.25782e-07 3.2014e-07 2.54623e-07 2.54591e-07 2.38166e-07 2.38119e-07 1.92882e-07 1.92865e-07 1.56796e-07 1.4629e-07 1.31148e-07 1.15461e-07 9.699e-08 7.55274e-08 7.49341e-08 6.01319e-08 5.57355e-08 3.51699e-08 3.13465e-08 5.50347e-08 3.08073e-08 3.02492e-08 3.01743e-08
threshold=0.25881904510252091 0.60355339059327384 -31.133935230219993 0.00034581000000000005 27.500000000000004 -0.013976481981245173 0.11478523713130606 -0.67168186667784702 0.37940952255126054 6.1500000000000012 0.00057234000000000007 -0.98296291314453399 -49.194317681030029 7.7500000000000009 0.00056167000000000012 39.537500000000001 105.60033753098635 148.02535828739295 0.00064691000000000011 22.833333333333339 1.0000000180025095e-35 579.50000000000011 49.166666666666679 0.92599062340417404 15.006250000000001 17.500000000000004 278.60000000000008 -39.087332446793965 143.57636891372326 17.196875000000002
decision_type=2 2 2 2 2 2 2 2 2 2 2 2 2 2 2 2 2 2 2 2 2 2 2 2 2 2 2 2 2 2
left_child=11 3 12 17 7 13 -7 16 14 -9 15 18 23 -6 19 -10 -4 25 -1 -5 29 -12 -16 28 -22 27 -27 -2 -3 -14
right_child=1 2 4 8 5 6 -8 9 10 -11 21 -13 20 -15 22 -17 -18 -19 -20 -21 24 -23 -24 -25 -26 26 -28 -29 -30 -31
leaf_value=-2.0609746956578283e-06 -3.4793627492035737e-07 1.657499558579626e-06 8.3251203724959377e-06 1.1443091747353894e-06 3.939953768995054e-06 -4.8077250246405457e-06 3.6818536837964279e-06 3.5793377179739821e-06 1.3478091618000227e-06 6.2425175672289655e-06 6.2684373323176453e-06 -2.6366888807478339e-06 5.9262111955666279e-06 6.1147212935018146e-06 3.2894599793481202e-06 5.173806798503782e-06 5.9693762100217762e-06 -2.269405795935936e-06 -4.7572725595328908e-08 -1.3113045513845324e-06 3.0302872377480277e-06 2.8941713242689041e-06 2.4231830479948259e-07 -1.5791371993145732e-06 1.9813182751808304e-06 -1.721064246098917e-07 -2.7490606962251501e-06 1.2826978047339059e-06 2.8562347827238756e-08 3.4517362536234942e-06
leaf_weight=156 60 57 282 83 161 31 221 127 114 306 76 3731 22 278 85 35 86 105 131 78 145 21 20 30 178 102 26 56 57 28
leaf_count=156 60 57 282 83 161 31 221 127 114 306 76 3731 22 278 85 35 86 105 131 78 145 21 20 30 178 102 26 56 57 28
internal_value=8.62307e-15 3.54189e-06 4.62545e-06 1.01358e-06 5.51254e-06 4.33991e-06 2.6375e-06 6.52414e-06 2.24426e-06 5.4614e-06 3.54436e-06 -2.52992e-06 2.06542e-06 5.31714e-06 1.0419e-06 2.24653e-06 7.77459e-06 -7.91871e-07 -1.14197e-06 -4.5367e-08 2.73215e-06 5.53793e-06 2.70905e-06 3.38413e-07 2.45222e-06 -1.56047e-07 -6.9555e-07 4.39266e-07 8.43031e-07 4.54051e-06
internal_weight=6888 2870 2009 861 1492 691 252 801 512 433 246 4018 517 439 266 149 368 349 287 161 373 97 105 144 323 244 128 116 114 50
internal_count=6888 2870 2009 861 1492 691 252 801 512 433 246 4018 517 439 266 149 368 349 287 161 373 97 105 144 323 244 128 116 114 50
is_linear=0
shrinkage=0.05


Tree=25
num_leaves=31
num_cat=0
split_feature=12 12 6 8 9 4 22 4 14 14 9 8 1 18 8 8 7 5 6 14 7 5 14 4 7 8 8 8 9 7
split_gain=2.22814e-05 2.8583e-06 1.00313e-06 7.70229e-07 6.73619e-07 4.92107e-07 4.6408e-07 4.41463e-07 4.27437e-07 3.24295e-07 3.15273e-07 2.44935e-07 1.79881e-07 1.72318e-07 1.43137e-07 1.35782e-07 1.27729e-07 1.02517e-07 9.83586e-08 9.40957e-08 9.37424e-08 7.99046e-08 6.51357e-08 5.69147e-08 5.55994e-08 4.00147e-08 3.43516e-08 3.42811e-08 3.20506e-08 3.17786e-08
threshold=0.25881904510252091 0.78656609248549325 0.00015786500000000001 120.4551600581412 -23.694225635599228 78.500000000000014 383.50000000000006 26.500000000000004 0.99374995976406788 0.92602006027323147 -52.992271443670781 151.98416661219997 426.35000000000008 1.0000000180025095e-35 29.909058818364375 105.89593020310592 134.36769753627104 16.450000000000003 0.00059564500000000012 0.42958674266195179 61.211238933345776 13.050000000000002 -0.97876850416056738 54.500000000000007 155.86547814042794 131.62561396681662 29.909058818364375 357.25307277430142 -40.195080526913685 7.2412960181902628
decision_type=2 2 2 2 2 2 2 2 2 2 2 2 2 2 2 2 2 2 2 2 2 2 2 2 2 2 2 2 2 2
left_child=11 2 10 5 16 6 -4 12 9 -9 24 18 15 14 -12 -6 17 22 -1 23 -21 -7 -3 -5 26 -20 -2 29 -29 -13
right_child=1 4 3 19 7 21 -8 8 -10 -11 13 27 -14 -15 -16 -17 -18 -19 25 20 -22 -23 -24 -25 -26 -27 -28 28 -30 -31
leaf_value=-2.1232628058255155e-06 -1.9939711407662093e-06 5.6469533751624121e-06 6.1178782911080166e-06 -1.5820940557631502e-08 7.0572311481865182e-06 1.2033196354855508e-06 3.1359564497130616e-06 4.4276362540954108e-06 -9.1653045632428442e-07 8.1632136153289401e-06 1.460386220342532e-07 -1.3570824529145804e-06 2.0210259754094296e-06 -3.2289222515787103e-06 2.1318699611554158e-06 3.4104143263970468e-06 1.1042121952165595e-06 9.5628821795936835e-07 4.1450848802158509e-07 3.837924630355853e-07 3.8678181331656213e-06 -2.2022903702160574e-06 3.599508873299194e-06 -2.5472504987078539e-06 -2.6715041648068502e-06 -1.1142339895514316e-06 -3.5192959235830315e-07 -2.3220197611160325e-06 -5.5515469652856982e-07 -2.5574951235135026e-06
leaf_weight=118 45 45 218 64 467 61 325 399 33 68 153 56 20 22 223 27 59 33 98 75 26 24 284 34 56 76 109 66 42 3562
leaf_count=118 45 45 218 64 467 61 325 399 33 68 153 56 20 22 223 27 59 33 98 75 26 24 284 34 56 76 109 66 42 3562
internal_value=-2.43311e-14 3.3648e-06 1.78689e-06 2.92039e-06 4.94271e-06 3.77935e-06 4.33312e-06 5.64074e-06 4.58296e-06 4.97157e-06 2.45101e-07 -2.40343e-06 6.66971e-06 1.07215e-06 1.32381e-06 6.85791e-06 3.26147e-06 3.61307e-06 -1.00892e-06 2.09692e-07 1.28067e-06 2.41736e-07 3.87955e-06 -8.94072e-07 -1.32235e-06 -2.53218e-07 -8.31747e-07 -2.51271e-06 -1.63491e-06 -2.53891e-06
internal_weight=6888 2870 1435 827 1435 628 543 1014 500 467 608 4018 514 398 376 494 421 362 292 199 101 85 329 98 210 174 154 3726 108 3618
internal_count=6888 2870 1435 827 1435 628 543 1014 500 467 608 4018 514 398 376 494 421 362 292 199 101 85 329 98 210 174 154 3726 108 3618
is_linear=0
shrinkage=0.05


Tree=26
num_leaves=31
num_cat=0
split_feature=12 12 1 12 15 15 15 14 7 14 14 14 14 14 6 15 14 12 15 22 7 12 27 17 27 7 6 7 6 5
split_gain=2.0109e-05 2.57961e-06 9.08617e-07 7.13763e-07 6.29449e-07 4.70847e-07 3.84358e-07 3.13418e-07 3.07466e-07 2.98233e-07 3.57245e-07 2.8646e-07 2.75667e-07 4.4702e-07 2.0513e-07 1.94927e-07 1.66698e-07 1.61951e-07 1.5132e-07 1.40841e-07 1.30665e-07 1.28369e-07 9.05699e-08 6.88485e-08 6.30844e-08 5.82314e-08 4.42552e-08 4.30018e-08 4.14446e-08 3.31284e-08
threshold=0.25881904510252091 0.78656609248549325 283.00000000000006 0.37940952255126054 -0.7444366621422277 -0.46039597980994923 0.9052873537896472 0.20180702842483325 144.37575873824008 -0.99763297024448894 -0.94975917145599731 0.99374995976406788 0.52766072109828632 0.20180702842483325 0.00064900500000000013 -0.99938741687870725 0.3342611484689354 1.0000000180025095e-35 -0.73865259438682551 33.500000000000007 103.66950045185349 0.60355339059327384 98.166666666666671 0.67335323716304285 23.166666666666668 44.663182657558117 0.00064460500000000013 155.86547814042794 0.0007098400000000001 15.65
decision_type=2 2 2 2 2 2 2 2 2 2 2 2 2 2 2 2 2 2 2 2 2 2 2 2 2 2 2 2 2 2
left_child=17 2 8 14 12 7 9 -5 21 -6 -11 -7 13 15 24 -3 22 -1 26 -15 -14 29 -8 -23 -4 -20 -19 -10 -16 -2
right_child=1 4 3 5 6 11 16 -9 27 10 -12 -13 20 19 28 -17 -18 18 25 -21 -22 23 -24 -25 -26 -27 -28 -29 -30 -31
leaf_value=-2.4128485066000746e-06 2.8665773602328789e-07 2.1326221622075534e-06 5.2010513471330274e-07 7.0274435419660531e-06 8.543813564756419e-06 3.0401618815699391e-06 3.8448341173263474e-06 3.332633470659187e-06 -8.8808204019873064e-07 1.861274697995245e-06 4.5768805382429457e-06 -2.5806098892644514e-06 1.1884257595132416e-05 4.2693870240969663e-06 1.3858732452175761e-06 7.2587246931481572e-06 -2.1454438501677945e-06 -9.6981819533820528e-07 -1.3042608873584072e-06 2.4679816377215504e-07 6.6667892235727788e-06 1.9497744344666408e-06 -2.2798981100485048e-07 -1.0314155295938172e-06 -1.5461654123062312e-06 -2.5311310230335952e-06 6.4751709997305327e-07 -2.537928924084554e-06 3.192852529657154e-06 -1.6328080863996337e-06
leaf_weight=3444 166 20 77 145 40 243 39 95 134 145 735 25 30 68 65 255 30 97 162 32 20 249 21 21 71 240 75 56 62 26
leaf_count=3444 166 20 77 145 40 243 39 95 134 145 735 25 30 68 65 255 30 97 162 32 20 249 21 21 71 240 75 56 62 26
internal_value=-1.71004e-14 3.19656e-06 1.69754e-06 2.84564e-06 4.69557e-06 3.95635e-06 4.01628e-06 5.56491e-06 3.18772e-07 4.32135e-06 4.12942e-06 2.51584e-06 6.3099e-06 5.84491e-06 7.93851e-07 6.88592e-06 8.97749e-07 -2.28326e-06 -1.5057e-06 2.98216e-06 9.79727e-06 1.01508e-06 2.41935e-06 1.7179e-06 -4.71146e-07 -2.03672e-06 -2.64585e-07 -1.37435e-06 2.26802e-06 2.67301e-08
internal_weight=6888 2870 1435 783 1435 508 1010 240 652 920 880 268 425 375 275 275 90 4018 574 100 50 462 60 270 148 402 172 190 127 192
internal_count=6888 2870 1435 783 1435 508 1010 240 652 920 880 268 425 375 275 275 90 4018 574 100 50 462 60 270 148 402 172 190 127 192
is_linear=0
shrinkage=0.05


Tree=27
num_leaves=31
num_cat=0
split_feature=12 12 9 6 3 15 5 15 12 4 15 15 8 9 6 7 6 7 6 15 15 4 15 3 15 15 5 8 9 15
split_gain=1.81484e-05 2.34651e-06 1.39691e-06 6.02532e-07 5.68098e-07 3.61211e-07 4.17416e-07 3.70103e-07 2.42806e-07 2.07202e-07 2.03628e-07 2.67138e-07 2.01904e-07 1.69917e-07 1.4471e-07 1.35893e-07 1.02061e-07 9.60142e-08 9.18215e-08 7.1125e-08 9.40986e-08 6.19155e-08 6.18106e-08 5.89595e-08 4.82115e-08 3.98279e-08 3.61692e-08 2.97463e-08 2.81038e-08 2.56409e-08
threshold=0.25881904510252091 0.60355339059327384 -31.508574390302588 0.00049423000000000012 21.050000000000004 0.89784768270548698 4.9500000000000011 0.94422823979932036 0.37940952255126054 76.500000000000014 -0.6652727025667432 -0.18493013702746822 148.0505631407099 -49.194317681030029 0.00063523000000000008 138.40982157864968 0.0007098400000000001 105.60033753098635 0.00059564500000000012 0.9052873537896472 0.61913436964878354 20.500000000000004 -0.091258822863740666 25.750000000000004 0.92599062340417404 0.20812153622207724 16.450000000000003 359.28908972677465 76.926426707370595 -0.96687281075841669
decision_type=2 2 2 2 2 2 2 2 2 2 2 2 2 2 2 2 2 2 2 2 2 2 2 2 2 2 2 2 2 2
left_child=12 3 13 15 5 6 -4 -7 16 14 17 -12 18 24 -10 19 23 -6 -1 20 -2 22 -15 -5 -3 -17 -23 28 -14 -20
right_child=1 2 4 8 10 7 -8 -9 9 -11 11 -13 27 21 -16 25 -18 -19 29 -21 -22 26 -24 -25 -26 -27 -28 -29 -30 -31
leaf_value=-1.8982098433060975e-06 1.6296809701069987e-07 7.169491058938978e-07 2.6795211202109454e-06 -6.3448989872738426e-08 8.08309591133801e-06 -3.6744024190024254e-06 4.9898389075543541e-06 3.5589303877259226e-06 3.6136350812284944e-06 -6.6850394038198151e-07 3.1955942712389323e-06 8.5275657832372569e-06 -2.2989832970453601e-06 2.2213734976435747e-06 7.6501240309207112e-06 -7.8493579245714286e-07 2.881542918675706e-06 5.5972984317158281e-06 1.4073103889481552e-06 -1.8733276458858331e-06 3.0220279981993816e-06 1.998563127495153e-06 4.2551529035915427e-06 2.0124721727891409e-06 -1.5358026594943415e-06 -2.3577919159079034e-06 1.9225074359410704e-07 -6.0965233290988655e-07 -1.4804661652518733e-06 -3.1965985602167372e-07
leaf_weight=115 225 114 254 119 163 28 849 48 125 24 76 34 3618 94 27 81 64 51 26 35 33 173 62 48 30 80 33 27 108 124
leaf_count=115 225 114 254 119 163 28 849 48 125 24 76 34 3618 94 27 81 64 51 26 35 33 173 62 48 30 80 33 27 108 124
internal_value=-2.86396e-15 3.03673e-06 3.97268e-06 8.52852e-07 4.73768e-06 4.22809e-06 4.45782e-06 8.94018e-07 2.24983e-06 3.64894e-06 6.592e-06 4.84366e-06 -2.16909e-06 1.70036e-06 4.33064e-06 -3.99504e-07 1.18384e-06 7.49069e-06 -8.35252e-07 2.41735e-07 5.28662e-07 2.27824e-06 3.02967e-06 5.33223e-07 2.47626e-07 -1.56648e-06 1.7092e-06 -2.26328e-06 -2.27526e-06 -2.03183e-08
internal_weight=6888 2870 2009 861 1503 1179 1103 76 407 176 324 110 4018 506 152 454 231 214 265 293 258 362 156 167 144 161 206 3753 3726 150
internal_count=6888 2870 2009 861 1503 1179 1103 76 407 176 324 110 4018 506 152 454 231 214 265 293 258 362 156 167 144 161 206 3753 3726 150
is_linear=0
shrinkage=0.05


Tree=28
num_leaves=31
num_cat=0
split_feature=12 12 6 8 9 14 9 14 8 9 1 8 3 15 12 14 14 15 18 7 19 1 3 15 7 15 2 8 7 7
split_gain=1.63789e-05 2.13669e-06 7.47556e-07 5.87515e-07 5.46464e-07 3.98551e-07 3.89555e-07 3.12266e-07 2.70808e-07 2.36957e-07 1.99876e-07 1.82381e-07 1.65731e-07 1.3729e-07 1.32871e-07 1.28705e-07 8.62473e-08 7.60397e-08 7.30642e-08 6.13709e-08 4.82903e-08 4.57745e-08 4.39219e-08 4.1956e-08 3.99199e-08 3.71118e-08 3.47591e-08 2.71488e-08 2.69725e-08 2.63723e-08
threshold=0.25881904510252091 0.78656609248549325 0.00017384000000000003 123.50151690810246 -23.694225635599228 0.99374995976406788 35.802834783331093 0.99374995976406788 105.0100910826214 -61.432314537377501 431.85000000000008 151.98416661219997 12.050000000000002 0.92599062340417404 0.60355339059327384 0.44505654568748165 0.42958674266195179 -0.73284120334876357 1.0000000180025095e-35 128.51117550135567 0.00045510000000000006 655.15000000000009 12.65 -0.15101602693478741 14.921656813213156 0.60553543375389329 115.50000000000001 358.4764110538411 138.40982157864968 7.2412960181902628
decision_type=2 2 2 2 2 2 2 2 2 2 2 2 2 2 2 2 2 2 2 2 2 2 2 2 2 2 2 2 2 2
left_child=11 2 9 5 13 6 -4 8 10 -2 -6 17 -9 19 23 -10 21 24 -16 25 -18 -5 -21 -11 -1 -3 -19 29 -29 -13
right_child=1 4 3 16 7 -7 -8 12 15 14 -12 27 -14 -15 18 -17 20 26 -20 22 -22 -23 -24 -25 -26 -27 -28 28 -30 -31
leaf_value=-1.7372840238749635e-06 -1.7541429430850733e-06 3.1463655920594683e-06 4.9746789871559592e-06 -2.2958465208017496e-06 5.4168978470285875e-06 -1.9889469610591603e-06 2.4201026878490862e-06 -2.6702929517341548e-06 6.0994392197718152e-07 1.193375179693286e-07 8.8287175458390267e-07 -1.0945626091845334e-06 3.7665326999558602e-06 1.2491847504255325e-07 1.6445061091511311e-06 5.0943815551818266e-06 2.824972051922277e-06 -2.3178564532199619e-06 -1.3563744935461067e-06 2.9007113653278795e-07 2.2472463973898766e-07 1.6869083978576784e-08 2.6802114453255102e-06 -1.5986667548557105e-06 7.6021217227717496e-07 4.6812409891572319e-06 -9.2427352958735318e-07 1.1766390446592386e-07 -2.118799583123681e-06 -2.1879832398036406e-06
leaf_weight=20 123 243 258 46 877 35 354 20 48 169 25 56 20 45 260 24 26 71 22 29 57 40 57 45 80 47 121 26 28 3616
leaf_count=20 123 243 258 46 877 35 354 20 48 169 25 56 20 45 260 24 26 71 22 29 57 40 57 45 80 47 121 26 28 3616
internal_value=4.38134e-15 2.88489e-06 1.52062e-06 2.51458e-06 4.24916e-06 3.20026e-06 3.49703e-06 4.87787e-06 5.05568e-06 2.10339e-07 5.29123e-06 -2.06064e-06 5.4812e-07 2.73489e-06 6.97499e-07 2.10476e-06 -1.10507e-07 -8.57307e-07 1.41039e-06 3.04726e-06 1.03926e-06 -1.22016e-06 1.87423e-06 -2.41925e-07 2.60713e-07 3.39512e-06 -1.43961e-06 -2.15494e-06 -1.04198e-06 -2.17131e-06
internal_weight=6888 2870 1435 816 1435 647 612 1014 974 619 902 4018 40 421 496 72 169 292 282 376 83 86 86 214 100 290 192 3726 54 3672
internal_count=6888 2870 1435 816 1435 647 612 1014 974 619 902 4018 40 421 496 72 169 292 282 376 83 86 86 214 100 290 192 3726 54 3672
is_linear=0
shrinkage=0.05


Tree=29
num_leaves=31
num_cat=0
split_feature=12 12 6 12 15 4 14 14 9 22 14 14 9 15 6 13 22 7 2 12 5 21 6 27 4 9 7 7 14 25
split_gain=1.4782e-05 1.92837e-06 6.74669e-07 5.28174e-07 4.99677e-07 4.88528e-07 3.74309e-07 2.96527e-07 2.62758e-07 2.93771e-07 2.55896e-07 3.81694e-07 2.14896e-07 1.7166e-07 1.57066e-07 1.4287e-07 1.24767e-07 1.16316e-07 1.00868e-07 8.42334e-08 7.8967e-08 7.78045e-08 7.62488e-08 5.18795e-08 3.97289e-08 3.80605e-08 2.27624e-08 2.07356e-08 2.00756e-08 1.83642e-08
threshold=0.25881904510252091 0.78656609248549325 0.00017384000000000003 0.37940952255126054 -0.7444366621422277 78.500000000000014 0.9893236546938301 -0.99763297024448894 -24.821471602765691 137.50000000000003 0.52766072109828632 0.20180702842483325 -52.992271443670781 -0.99938741687870725 0.00064691000000000011 -0.98296291314453399 33.500000000000007 103.66950045185349 47.500000000000007 0.60355339059327384 16.450000000000003 133.50000000000003 0.00074639500000000007 23.166666666666668 8.5000000000000018 -61.432314537377501 7.2412960181902628 27.211074475547981 0.93845596220871974 0.00063365167530476691
decision_type=2 2 2 2 2 2 2 2 2 2 2 2 2 2 2 2 2 2 2 2 2 2 2 2 2 2 2 2 2 2
left_child=15 2 12 14 10 6 -5 -6 20 -10 11 13 25 -3 23 22 -13 -12 19 -14 -9 -7 27 -4 -16 -2 -17 -1 -27 -24
right_child=1 4 3 5 7 21 -8 8 9 -11 17 16 18 -15 24 26 -18 -19 -20 -21 -22 -23 29 -25 -26 28 -28 -29 -30 -31
leaf_value=-7.8525599153194828e-07 -1.6664357700428016e-06 1.5283596349036088e-06 4.4645158262231855e-07 4.3513540222947648e-06 7.6503557329488094e-06 1.3623502809423372e-06 -1.5219804058217742e-06 2.3640519448001926e-06 4.0346941444563937e-06 -1.6013556963419735e-06 1.0804073826875538e-05 3.5932510271282703e-06 1.3162766341929752e-07 6.3388102421859185e-06 2.7366535692528809e-06 -1.0398344528475941e-06 -1.9283386265556146e-07 5.8814279000785065e-06 -2.5955692581192125e-06 1.6378367851017576e-06 -6.6563882826717188e-08 -1.645479015853071e-06 -8.7570897834763989e-07 -1.4134538027313876e-06 9.939069768968635e-07 2.0955651118962733e-07 -2.0555433663474593e-06 -1.8866311352193238e-06 -1.4321890393763102e-06 6.2764306392182338e-07
leaf_weight=67 123 20 76 420 40 43 29 277 631 24 30 68 153 255 68 56 32 20 20 236 38 43 28 74 63 60 3675 118 27 74
leaf_count=67 123 20 76 420 40 43 29 277 631 24 30 68 153 255 68 56 32 20 20 236 38 43 28 74 63 60 3675 118 27 74
internal_value=-1.40432e-15 2.74065e-06 1.44459e-06 2.38885e-06 4.0367e-06 3.31076e-06 3.97201e-06 3.43147e-06 3.2575e-06 3.82818e-06 5.47502e-06 5.02702e-06 1.99822e-07 5.98896e-06 6.33606e-07 -1.95761e-06 2.3817e-06 8.83502e-06 8.67377e-07 1.04542e-06 2.07083e-06 -1.41564e-07 -8.82609e-07 -4.71102e-07 1.89854e-06 -1.10032e-06 -2.0403e-06 -1.48775e-06 -2.99951e-07 2.14958e-07
internal_weight=6888 2870 1435 816 1435 535 449 1010 970 655 425 375 619 275 281 4018 100 50 409 389 315 86 287 150 131 210 3731 185 87 102
internal_count=6888 2870 1435 816 1435 535 449 1010 970 655 425 375 619 275 281 4018 100 50 409 389 315 86 287 150 131 210 3731 185 87 102
is_linear=0
shrinkage=0.05


Tree=30
num_leaves=31
num_cat=0
split_feature=12 12 7 27 14 15 6 14 15 15 7 4 12 8 7 6 7 18 14 18 15 27 27 15 14 7 1 5 2 27
split_gain=1.33407e-05 1.75304e-06 1.03911e-06 5.27017e-07 7.27026e-07 5.02881e-07 4.73506e-07 4.06985e-07 2.81672e-07 6.10064e-07 2.02267e-07 1.91095e-07 2.15906e-07 1.50349e-07 1.48473e-07 1.32796e-07 9.59225e-08 9.12745e-08 8.21951e-08 1.21586e-07 6.37779e-08 5.60854e-08 5.13221e-08 4.98784e-08 3.7267e-08 3.55195e-08 3.34545e-08 2.93738e-08 2.9012e-08 2.77506e-08
threshold=0.25881904510252091 0.60355339059327384 119.38452674638134 28.833333333333339 0.99374995976406788 0.029024409397335523 0.00049423000000000012 0.91248814248966237 -0.46039597980994923 -0.18493013702746822 104.07102137590913 95.500000000000014 0.37940952255126054 151.98416661219997 134.36769753627104 0.00063523000000000008 138.40982157864968 0.00056167000000000012 0.42179998225932674 0.0003695900000000001 -0.73284120334876357 31.500000000000004 1.0000000180025095e-35 0.92599062340417404 -0.85726476908615568 14.921656813213156 536.90000000000009 12.15 115.50000000000001 78.166666666666671
decision_type=2 2 2 2 2 2 2 2 2 2 2 2 2 2 2 2 2 2 2 2 2 2 2 2 2 2 2 2 2 2
left_child=13 6 3 8 7 -6 16 -5 10 -10 -3 12 17 20 22 -14 18 -8 21 -20 25 -2 -4 29 -18 -1 -13 -24 -22 -16
right_child=1 2 14 4 5 -7 11 -9 9 -11 -12 26 15 -15 23 -17 24 -19 19 -21 28 -23 27 -25 -26 -27 -28 -29 -30 -31
leaf_value=-1.6279137230412745e-06 8.7368302680972352e-08 6.5546018578711676e-06 3.7067342036413934e-06 3.02942039666695e-06 1.8610412007546983e-06 -8.6344266275686784e-06 2.8445394153149754e-07 6.3349668611355306e-06 -4.7934198601213878e-07 5.0194946869969904e-06 4.0494826315882688e-06 -2.2429373267676476e-06 3.0755146352790828e-06 -1.945347815100518e-06 1.1537067720064631e-06 6.9290450483094906e-06 -2.7327835463954501e-07 2.4107103873826964e-06 1.6876208834167286e-06 -2.5390303790118199e-06 -2.1028199888617015e-06 -1.8634582141689393e-06 2.2763799906210737e-06 -1.4235692301175127e-06 -1.9000641843495177e-06 7.2791501441571434e-07 4.402430269308189e-07 1.2097457648962973e-06 -8.2964738822731063e-07 -3.2745088682466828e-07
leaf_weight=20 101 309 47 578 25 21 109 111 63 253 109 26 130 3726 128 27 52 94 114 20 71 58 197 30 109 80 21 96 121 42
leaf_count=20 101 309 47 578 25 21 109 111 63 253 109 26 130 3726 128 27 52 94 114 20 71 58 197 30 109 80 21 96 121 42
internal_value=-2.43432e-14 2.60362e-06 3.41259e-06 4.10203e-06 3.15563e-06 -2.93037e-06 7.16001e-07 3.56195e-06 5.04973e-06 3.92321e-06 5.90135e-06 1.9544e-06 2.34587e-06 -1.85973e-06 1.53706e-06 3.73822e-06 -3.94198e-07 1.26903e-06 1.44545e-07 1.05678e-06 -7.67167e-07 -6.24254e-07 2.17294e-06 4.56072e-07 -1.37464e-06 2.56749e-07 -1.04407e-06 1.9269e-06 -1.30046e-06 7.87774e-07
internal_weight=6888 2870 2009 1469 735 46 861 689 734 316 418 407 360 4018 540 157 454 203 293 134 292 159 340 200 161 100 47 293 192 170
internal_count=6888 2870 2009 1469 735 46 861 689 734 316 418 407 360 4018 540 157 454 203 293 134 292 159 340 200 161 100 47 293 192 170
is_linear=0
shrinkage=0.05


Tree=31
num_leaves=31
num_cat=0
split_feature=8 9 8 14 17 14 7 14 15 9 15 14 8 22 8 15 8 15 13 3 14 7 8 8 6 11 25 15 5 7
split_gain=1.17818e-05 2.0651e-06 9.30277e-07 4.95501e-07 4.75882e-07 4.75832e-07 3.78976e-07 3.03414e-07 3.00208e-07 2.96677e-07 2.84584e-07 2.55538e-07 1.98452e-07 1.98289e-07 1.56416e-07 1.27136e-07 1.11293e-07 4.90224e-08 4.07087e-08 3.83457e-08 3.23375e-08 3.42334e-08 2.4623e-08 2.42495e-08 3.19687e-08 1.94548e-08 1.80791e-08 1.51516e-08 1.50218e-08 1.22774e-08
threshold=125.53802552134648 -35.686149787204975 99.077140012725621 0.20180702842483325 0.90699206828123258 0.89404822654372251 103.33276729460415 0.98667101781630195 0.029024409397335523 -52.992271443670781 -0.85674049181790024 0.96465729447553372 139.37818040257878 570.50000000000011 86.953777572817486 0.18281312110578132 33.794907029056738 0.92599062340417404 0.78656609248549303 15.65 0.42958674266195179 41.969695347526454 359.28908972677465 172.97747765956015 0.00067355000000000008 43.175000000000004 0.00038554356748901148 0.70897861563100306 13.65 153.07457084205043
decision_type=2 2 2 2 2 2 2 2 2 2 2 2 2 2 2 2 2 2 2 2 2 2 2 2 2 2 2 2 2 2
left_child=1 9 3 6 10 -6 14 11 -9 18 -5 13 20 -4 -3 -8 28 19 27 -18 25 -22 23 24 -14 -2 -23 -1 -11 -20
right_child=12 2 7 4 5 -7 15 8 -10 16 -12 -13 22 -15 -16 -17 17 -19 29 -21 21 26 -24 -25 -26 -27 -28 -29 -30 -31
leaf_value=4.4347891671006172e-07 -1.6992516928921225e-06 6.2252830143609783e-06 2.3364859499522825e-06 1.3996946091133901e-06 1.5532922619771656e-06 -6.9744288036114698e-06 3.5559569823817585e-06 1.4903098793603512e-06 -6.3517254820117564e-06 1.7971410097646907e-07 3.9696917087798711e-06 6.9588361374902282e-06 -1.8592767910344055e-06 2.9334107528831581e-07 4.3681547919674285e-06 -5.9198885082878405e-07 2.2610862235803954e-06 -4.2779951816858868e-07 -1.17685968118709e-06 1.0570249908529904e-06 -7.8044968589097151e-07 2.3890135418755765e-06 -3.2702598884026414e-07 -1.875256621391842e-06 -7.0156159505277831e-07 -6.2912571744770204e-08 5.944094505297118e-07 -9.6847908140848392e-07 -8.878109681748334e-07 -2.0156330706275626e-06
leaf_weight=38 34 329 374 135 74 21 242 26 23 153 533 24 138 174 173 20 143 30 78 123 30 23 27 3564 105 39 36 38 42 99
leaf_count=38 34 329 374 135 74 21 242 26 23 153 533 24 138 174 173 20 143 30 78 123 30 23 27 3564 105 39 36 38 42 99
internal_value=1.99486e-14 2.43077e-06 3.21711e-06 3.88068e-06 2.9794e-06 -3.31783e-07 4.78077e-06 1.58544e-06 -2.19065e-06 1.60525e-07 3.45031e-06 1.90891e-06 -1.75921e-06 1.68775e-06 5.58528e-06 3.23932e-06 8.77238e-07 1.48823e-06 -1.23041e-06 1.70432e-06 -4.50345e-08 5.94748e-07 -1.83163e-06 -1.84231e-06 -1.35903e-06 -8.25043e-07 1.294e-06 -2.625e-07 -5.02144e-08 -1.646e-06
internal_weight=6888 2892 2148 1527 763 95 764 621 49 744 668 572 3996 548 502 262 491 296 253 266 162 89 3834 3807 243 73 59 76 195 177
internal_count=6888 2892 2148 1527 763 95 764 621 49 744 668 572 3996 548 502 262 491 296 253 266 162 89 3834 3807 243 73 59 76 195 177
is_linear=0
shrinkage=0.05


Tree=32
num_leaves=31
num_cat=0
split_feature=12 12 1 8 15 14 14 27 15 14 14 5 14 15 9 22 15 8 8 8 9 4 12 17 6 15 8 7 9 9
split_gain=1.08782e-05 1.45e-06 5.24933e-07 4.38318e-07 3.98914e-07 3.26453e-07 3.00442e-07 2.62872e-07 3.28876e-07 2.36752e-07 3.02796e-07 2.36624e-07 2.58979e-07 2.11336e-07 1.60602e-07 1.55015e-07 1.53563e-07 1.40795e-07 1.20784e-07 1.15853e-07 1.04659e-07 9.60768e-08 7.31898e-08 6.77361e-08 5.90422e-08 2.50634e-08 2.46043e-08 2.51441e-08 2.1716e-08 1.77298e-08
threshold=0.25881904510252091 0.78656609248549325 283.00000000000006 108.64304524185037 -0.7444366621422277 0.21862473630160603 0.52766072109828632 99.833333333333357 0.28313308994381586 0.52766072109828632 0.20180702842483325 6.1500000000000012 0.96234642434711437 0.24164313636530552 -61.432314537377501 141.50000000000003 -0.99938741687870725 91.341464676511251 155.50342488737434 69.564170468431641 -2.6339268764671138 18.500000000000004 0.60355339059327384 0.67335323716304285 0.00064070000000000023 -0.75013812021657655 354.97372237062882 130.13023949947163 76.926426707370595 -47.146675317761911
decision_type=2 2 2 2 2 2 2 2 2 2 2 2 2 2 2 2 2 2 2 2 2 2 2 2 2 2 2 2 2 2
left_child=18 2 14 5 9 17 -7 11 -9 10 16 13 -13 -6 -2 -5 -3 -4 24 -12 -11 -17 29 -24 -1 -26 28 -28 -20 -16
right_child=1 4 3 15 7 6 -8 8 -10 20 19 12 -14 -15 22 21 -18 -19 26 -21 -22 -23 23 -25 25 -27 27 -29 -30 -31
leaf_value=-1.5101176716353164e-06 -1.4481825396130641e-06 9.669891187513713e-07 5.8528467746148669e-06 4.0999497756392009e-06 1.0157497076461414e-06 -1.427994711265614e-06 2.8272356695602241e-06 4.0490548453817615e-06 -3.5053958995109391e-06 5.5134226386144298e-06 3.0343373838251059e-06 3.2716110066775074e-06 6.1859267875971373e-06 3.8767751681471436e-06 -6.7895115319395384e-07 1.2260684360999165e-06 5.5168186775196828e-06 3.3624764728985501e-06 -1.8067565181975506e-06 -7.5599711116020839e-07 1.0103263061696285e-05 -5.5481299268367087e-07 1.2911747160876033e-06 -1.6553230439274646e-06 5.711507862094412e-07 -6.3511856708265409e-07 -6.4044071145539551e-08 -1.5479251961802763e-06 -1.0867608238010166e-06 2.2600427330523825e-07
leaf_weight=141 123 20 99 31 197 56 160 25 34 23 72 570 88 96 85 161 255 133 3456 28 27 143 274 21 73 105 41 94 108 149
leaf_count=141 123 20 99 31 197 56 160 25 34 23 72 570 88 96 85 161 255 133 3456 28 27 143 274 21 73 105 41 94 108 149
internal_value=-1.17651e-14 2.35107e-06 1.22721e-06 2.09986e-06 3.47493e-06 3.12284e-06 1.72403e-06 2.93415e-06 -3.04357e-07 4.76007e-06 4.32915e-06 3.13507e-06 3.66137e-06 1.95315e-06 1.79229e-07 7.31813e-07 5.18592e-06 4.42518e-06 -1.67934e-06 1.97304e-06 7.99194e-06 3.88351e-07 5.57625e-07 1.08142e-06 -7.45831e-07 -1.40413e-07 -1.75984e-06 -1.09727e-06 -1.78494e-06 -1.02719e-07
internal_weight=6888 2870 1435 783 1435 448 216 1010 59 425 375 951 658 293 652 335 275 232 4018 100 50 304 529 295 319 178 3699 135 3564 234
internal_count=6888 2870 1435 783 1435 448 216 1010 59 425 375 951 658 293 652 335 275 232 4018 100 50 304 529 295 319 178 3699 135 3564 234
is_linear=0
shrinkage=0.05


Tree=33
num_leaves=31
num_cat=0
split_feature=12 12 7 27 19 15 15 15 15 15 7 12 7 8 1 3 18 24 22 19 1 7 9 4 27 1 15 15 27 8
split_gain=9.81756e-06 1.31657e-06 8.15341e-07 4.3938e-07 3.56789e-07 3.22243e-07 9.0043e-07 2.13841e-07 5.3382e-07 1.95457e-07 1.73098e-07 1.70236e-07 1.13296e-07 1.09393e-07 8.50646e-08 8.50507e-08 1.42066e-07 8.30138e-08 7.15955e-08 6.6479e-08 6.63536e-08 6.46168e-08 5.49275e-08 5.31526e-08 4.53925e-08 4.08033e-08 3.94881e-08 3.18299e-08 2.53107e-08 2.16917e-08
threshold=0.25881904510252091 0.60355339059327384 119.38452674638134 28.833333333333339 0.00052170500000000002 -0.013976481981245173 0.11478523713130606 -0.46039597980994923 -0.18493013702746822 -0.61236746317008228 104.07102137590913 0.37940952255126054 134.36769753627104 148.0505631407099 531.65000000000009 22.950000000000003 0.00047657500000000008 0.00055310481401534526 370.50000000000006 0.00030986000000000002 773.30000000000007 138.40982157864968 -44.49053332865229 87.500000000000014 1.0000000180025095e-35 659.75000000000011 0.92599062340417404 -0.97507822412530132 68.500000000000014 354.97372237062882
decision_type=2 2 2 2 2 2 2 2 2 2 2 2 2 2 2 2 2 2 2 2 2 2 2 2 2 2 2 2 2 2
left_child=13 4 3 7 14 9 -7 10 -9 -5 -3 17 24 22 18 16 -13 23 21 -16 -21 -2 -1 -6 -4 -17 28 -24 -14 -15
right_child=1 2 12 5 11 6 -8 8 -10 -11 -12 15 26 29 19 25 -18 -19 -20 20 -22 -23 27 -25 -26 -27 -28 -29 -30 -31
leaf_value=-1.9886691517425342e-06 2.3190405816789046e-07 5.7569605487462798e-06 3.2711634031224374e-06 2.5130986418342963e-06 7.9241699928900284e-07 -6.7291154811109954e-06 2.3484718562866402e-06 -6.8919536340492041e-07 4.4545604137433679e-06 4.5489980124296447e-06 3.439501004772719e-06 2.1946673164229147e-07 1.0178916651189715e-06 -1.6879144113996903e-06 -1.6555869966812982e-06 3.3141753444029512e-06 5.1999380870949521e-06 2.881283149309998e-06 -3.0266222117347754e-06 1.8226194791637342e-06 -1.0693200374589653e-06 -1.1824997050493752e-06 1.3997282691819307e-06 -1.6564000772562464e-06 1.5973046028718376e-06 5.6510487469964692e-06 -1.3435053467010979e-06 -4.7051084710811655e-07 -3.2107758494248635e-07 -1.0424017611714792e-06
leaf_weight=57 162 309 47 254 150 31 230 63 253 220 109 45 120 3618 24 47 21 43 30 96 25 161 26 26 293 31 30 182 50 135
leaf_count=57 162 309 47 254 150 31 230 63 253 220 109 45 120 3618 24 47 21 43 30 96 25 161 26 26 293 31 30 182 50 135
internal_value=1.28467e-14 2.23352e-06 2.93459e-06 3.5453e-06 5.97685e-07 2.68116e-06 1.27029e-06 4.41061e-06 3.42906e-06 3.45803e-06 5.15265e-06 1.78985e-06 1.27323e-06 -1.59537e-06 -2.71302e-07 3.12516e-06 1.80416e-06 9.11833e-07 -6.90121e-07 7.48306e-07 1.22511e-06 -4.73108e-07 -6.13563e-07 4.3066e-07 1.82869e-06 4.24293e-06 3.2894e-07 -2.36731e-07 6.24077e-07 -1.66469e-06
internal_weight=6888 2870 2009 1469 861 735 261 734 316 474 418 363 540 4018 498 144 66 219 353 145 121 323 265 176 340 78 200 208 170 3753
internal_count=6888 2870 2009 1469 861 735 261 734 316 474 418 363 540 4018 498 144 66 219 353 145 121 323 265 176 340 78 200 208 170 3753
is_linear=0
shrinkage=0.05


Tree=34
num_leaves=31
num_cat=0
split_feature=12 12 1 8 9 4 8 22 27 9 27 15 9 22 18 21 8 15 4 22 27 12 17 19 15 27 9 27 8 9
split_gain=8.86035e-06 1.19954e-06 4.31885e-07 3.65547e-07 3.53581e-07 2.76377e-07 2.44486e-07 2.3726e-07 2.66072e-07 2.2541e-07 1.74016e-07 2.1756e-07 1.33352e-07 1.28314e-07 1.2031e-07 1.09565e-07 9.93966e-08 9.43842e-08 8.20312e-08 5.87188e-08 5.84636e-08 5.56135e-08 6.3223e-08 4.87357e-08 4.26326e-08 3.29537e-08 2.53832e-08 2.28697e-08 2.04718e-08 1.98235e-08
threshold=0.25881904510252091 0.78656609248549325 283.00000000000006 108.64304524185037 -23.694225635599228 26.500000000000004 93.005165608530163 595.50000000000011 76.833333333333357 11.157708707944684 6.5000000000000009 -0.42958798411962301 -61.432314537377501 141.50000000000003 0.00047191500000000005 17.500000000000004 155.50342488737434 0.92599062340417404 18.500000000000004 159.50000000000003 1.0000000180025095e-35 0.60355339059327384 0.67335323716304285 0.00074276000000000019 0.27487873330147788 38.500000000000007 -35.686149787204975 12.16666666666667 359.28908972677465 -48.513078499594911
decision_type=2 2 2 2 2 2 2 2 2 2 2 2 2 2 2 2 2 2 2 2 2 2 2 2 2 2 2 2 2 2
left_child=16 2 12 7 17 10 15 8 -4 -8 11 -6 -2 -5 -9 -7 23 20 -15 -12 26 -14 -23 29 -22 -19 -3 -25 -18 -1
right_child=1 4 3 13 5 6 9 14 -10 -11 19 -13 21 18 -16 -17 28 25 -20 -21 24 22 -24 27 -26 -27 -28 -29 -30 -31
leaf_value=-2.0613264453903295e-06 -1.3338681596665788e-06 2.4945095510986451e-06 3.9409584378516636e-06 3.7062103010318808e-06 4.8550437192736408e-06 3.621317469506497e-06 1.8272611221698967e-06 -2.1483830987563127e-06 -1.4272018165684132e-06 -3.9575687315802847e-06 5.5697269085984017e-06 1.8792202220246118e-06 -8.1751059969031927e-08 1.1034250184368219e-06 1.7415774736266556e-06 4.28248137629045e-07 -1.5987174507055912e-06 1.2747074003982563e-06 -5.4214119106912741e-07 2.8148209301954402e-06 2.2957425806590151e-06 1.1531042385275081e-06 -1.6935437023286277e-06 8.5257291390898154e-07 1.0320580242861866e-06 -1.4482662882073783e-06 4.5412947291410868e-06 -6.385496971638027e-07 -2.1688139287124175e-07 -8.6034827181826551e-07
leaf_weight=43 123 28 301 31 136 365 85 25 25 21 245 112 234 161 97 29 3672 20 143 21 219 274 21 60 96 25 33 45 27 171
leaf_count=43 123 28 301 31 136 365 85 25 25 21 245 112 234 161 97 29 3672 20 143 21 219 274 21 60 96 25 33 45 27 171
internal_value=-4.64599e-15 2.12184e-06 1.09964e-06 1.89117e-06 3.14404e-06 3.64976e-06 2.81282e-06 2.82538e-06 3.52929e-06 6.8121e-07 4.46392e-06 3.51112e-06 1.49065e-07 6.41844e-07 9.44454e-07 3.38629e-06 -1.5156e-06 1.92599e-06 3.29359e-07 5.35223e-06 2.18498e-06 4.93868e-07 9.50462e-07 -6.68768e-07 1.91062e-06 -2.38056e-07 3.60179e-06 2.1352e-07 -1.58863e-06 -1.10167e-06
internal_weight=6888 2870 1435 783 1435 1014 500 448 326 106 514 248 652 335 122 394 4018 421 304 266 376 529 295 319 315 45 61 105 3699 214
internal_count=6888 2870 1435 783 1435 1014 500 448 326 106 514 248 652 335 122 394 4018 421 304 266 376 529 295 319 315 45 61 105 3699 214
is_linear=0
shrinkage=0.05


Tree=35
num_leaves=31
num_cat=0
split_feature=12 12 6 4 12 9 5 6 27 5 22 4 11 12 14 9 7 3 5 14 27 6 12 12 14 3 0 27 12 9
split_gain=7.99646e-06 1.08259e-06 3.98283e-07 3.7022e-07 3.65673e-07 3.20199e-07 2.85417e-07 2.63533e-07 2.56339e-07 3.64293e-07 2.22741e-07 2.85389e-07 1.76409e-07 1.23475e-07 1.15876e-07 1.14426e-07 1.03442e-07 8.78031e-08 7.66212e-08 9.40879e-08 9.86315e-08 7.07717e-08 5.78041e-08 4.83238e-08 4.74591e-08 8.18539e-08 4.16044e-08 3.95596e-08 2.56706e-08 3.15768e-08
threshold=0.25881904510252091 0.78656609248549325 0.00019193000000000001 74.500000000000014 0.60355339059327384 -22.533231300349694 4.6500000000000012 0.00047657500000000008 55.500000000000007 15.850000000000003 33.500000000000007 30.500000000000004 12.828125000000002 0.37940952255126054 -0.96235977360714686 -61.432314537377501 74.349290520747132 24.950000000000003 13.750000000000002 -0.97509794945709805 1.0000000180025095e-35 0.00076137500000000012 0.60355339059327384 1.0000000180025095e-35 0.39827038710620805 19.350000000000005 305.50000000000006 80.166666666666671 1.0000000180025095e-35 -49.194317681030029
decision_type=2 2 2 2 2 2 2 2 2 2 2 2 2 2 2 2 2 2 2 2 2 2 2 2 2 2 2 2 2 2
left_child=21 2 15 4 13 18 10 -6 12 -10 14 -12 -8 -4 -7 -2 -17 26 19 -3 -21 28 -18 -23 25 -20 -5 -26 -1 -30
right_child=1 5 3 17 7 6 8 -9 9 -11 11 -13 -14 -15 -16 16 22 -19 24 20 -22 23 -24 -25 27 -27 -28 -29 29 -31
leaf_value=-1.5450551776471115e-06 -1.2671747412746651e-06 4.3979023359952412e-06 6.5828227537801289e-07 -6.8338565705787568e-10 3.2687589986571913e-06 -2.7999858100239785e-07 2.2677001095560833e-06 8.4008419748740915e-06 3.3352068096856214e-06 -2.2181370184171102e-06 3.0098135519675336e-06 -4.506946483421156e-06 4.812009464574364e-06 2.284352152978715e-06 3.6043348040711486e-06 -3.001999607054104e-06 -6.034929477704026e-08 2.3695884556218521e-06 -2.2186217744238742e-06 3.7900989231645128e-06 1.5349179109424475e-06 -1.1275486598011037e-06 1.0469650047194702e-06 3.2133323810741275e-07 3.3761715853654008e-06 1.9108928427158388e-06 -2.0078833208046164e-06 3.0714164885076961e-07 -1.7057655398222029e-06 -8.6113898851503931e-07
leaf_weight=3274 123 44 235 42 182 24 79 29 189 35 23 28 495 232 96 21 203 20 28 59 272 170 281 87 21 21 67 21 170 317
leaf_count=3274 123 44 235 42 182 24 79 29 189 35 23 28 495 232 96 21 203 20 28 59 272 170 281 87 21 21 67 21 170 317
internal_value=-1.24292e-14 2.01575e-06 1.04466e-06 1.77948e-06 2.24661e-06 2.98684e-06 3.50479e-06 3.97412e-06 3.90202e-06 2.4675e-06 1.65104e-06 -1.11704e-06 4.46183e-06 1.46609e-06 2.82747e-06 1.00385e-07 4.33474e-07 -6.75699e-07 1.90982e-06 2.22566e-06 1.9369e-06 -1.43982e-06 5.82534e-07 -6.37071e-07 6.08318e-07 -4.4883e-07 -1.23447e-06 1.84166e-06 -1.49467e-06 -1.15598e-06
internal_weight=6888 2870 1435 807 678 1435 969 211 798 224 171 51 574 467 120 628 505 129 466 375 331 4018 484 257 91 49 109 42 3761 487
internal_count=6888 2870 1435 807 678 1435 969 211 798 224 171 51 574 467 120 628 505 129 466 375 331 4018 484 257 91 49 109 42 3761 487
is_linear=0
shrinkage=0.05


Tree=36
num_leaves=31
num_cat=0
split_feature=12 12 19 12 15 14 14 27 14 14 14 12 16 3 4 15 22 15 22 14 9 2 6 9 12 5 14 12 15 18
split_gain=7.21681e-06 9.77036e-07 3.70103e-07 4.74404e-07 2.92875e-07 2.34422e-07 2.24941e-07 5.51465e-07 2.43331e-07 2.21474e-07 2.52832e-07 1.49547e-07 2.05569e-07 1.63656e-07 1.40281e-07 1.30426e-07 1.12219e-07 1.10448e-07 9.90773e-08 9.56838e-08 9.18546e-08 6.75937e-08 6.38715e-08 4.51508e-08 4.36122e-08 4.14997e-08 3.17866e-08 2.31677e-08 3.91993e-08 1.86215e-08
threshold=0.25881904510252091 0.78656609248549325 0.00040100500000000001 0.60355339059327384 -0.7444366621422277 -0.99763297024448894 -0.94975917145599731 3.8333333333333335 0.13398903995667991 0.52766072109828632 0.20180702842483325 0.60355339059327384 389.82500000000005 22.450000000000003 50.500000000000007 -0.99938741687870725 361.50000000000006 -0.4755978891912595 33.500000000000007 0.94704596667653973 -2.6339268764671138 138.50000000000003 0.00076137500000000012 -57.503289459745559 1.0000000180025095e-35 15.65 0.13398903995667991 1.0000000180025095e-35 -0.62587551141915865 0.00055855500000000018
decision_type=2 2 2 2 2 2 2 2 2 2 2 2 2 2 2 2 2 2 2 2 2 2 2 2 2 2 2 2 2 2
left_child=22 2 11 14 9 -6 7 -7 -8 10 15 23 13 -13 17 -3 21 -4 -12 -16 -11 -5 27 26 -24 -25 -2 -1 -29 -30
right_child=1 4 3 16 5 6 8 -9 -10 20 18 12 -14 -15 19 -17 -18 -19 -20 -21 -22 -23 24 25 -26 -27 -28 28 29 -31
leaf_value=-1.4678024080175478e-06 8.7472028553747815e-08 4.1664809032226916e-07 2.4772813562150618e-06 6.5357926686715475e-06 6.1252853475934897e-06 -6.3523633871227501e-06 4.289283171914349e-06 1.8106852796980396e-06 2.1174599980151771e-06 4.7425535028552358e-06 2.448556011730114e-06 7.7690468021576953e-07 -3.7984484886263462e-06 3.6524769241128654e-06 -1.0882053743121003e-06 4.6097290978160155e-06 2.3641600739767099e-06 7.4016635835462121e-07 -9.2530815436475684e-07 2.31442546313095e-06 9.0424660070480228e-06 3.2666566247436481e-06 -1.0711712089459143e-06 1.4999754383224801e-07 3.0526658244379251e-07 -1.7440155364635178e-06 -1.8276478805581483e-06 -3.9896481440603489e-07 -1.6091275675816653e-06 -7.8129017397039257e-07
leaf_weight=3274 30 20 207 64 40 25 160 120 665 23 68 375 22 57 88 255 35 164 32 27 27 21 170 234 87 33 78 142 252 93
leaf_count=3274 30 20 207 64 40 25 160 120 665 23 68 375 22 57 88 255 35 164 32 27 27 21 170 234 87 33 78 142 252 93
internal_value=-7.24539e-15 1.91496e-06 9.92423e-07 1.9316e-06 2.8375e-06 2.37414e-06 2.21945e-06 4.03263e-07 2.53866e-06 3.93866e-06 3.52188e-06 3.05886e-07 9.16222e-07 1.15632e-06 1.23644e-06 4.30478e-06 4.74697e-06 1.70939e-06 1.36892e-06 -2.89327e-07 7.06451e-06 5.72812e-06 -1.36783e-06 -4.33028e-07 -6.05218e-07 -8.4094e-08 -1.29567e-06 -1.41994e-06 -1.09818e-06 -1.38597e-06
internal_weight=6888 2870 1435 606 1435 1010 970 145 825 425 375 829 454 432 486 275 120 371 100 115 50 85 4018 375 257 267 108 3761 487 345
internal_count=6888 2870 1435 606 1435 1010 970 145 825 425 375 829 454 432 486 275 120 371 100 115 50 85 4018 375 257 267 108 3761 487 345
is_linear=0
shrinkage=0.05


Tree=37
num_leaves=31
num_cat=0
split_feature=8 7 8 14 17 14 7 14 3 14 14 27 7 5 5 8 8 27 7 14 8 8 7 22 8 7 27 7 5 14
split_gain=6.42443e-06 1.15481e-06 5.7316e-07 3.17811e-07 4.01817e-07 4.19054e-07 3.02297e-07 2.54425e-07 2.52293e-07 2.04749e-07 1.93618e-07 1.64743e-07 1.61217e-07 1.12253e-07 9.8831e-08 7.65062e-08 5.14178e-08 4.66159e-08 2.83437e-08 2.50284e-08 2.22505e-08 1.87495e-08 2.77717e-08 1.86584e-08 1.72085e-08 1.75258e-08 1.57045e-08 1.1627e-08 1.10914e-08 1.15087e-08
threshold=127.36843394903754 126.19056416385025 99.077140012725621 0.20180702842483325 0.90699206828123258 0.89404822654372251 103.33276729460415 0.98667101781630195 17.050000000000004 0.3342611484689354 0.96465729447553372 99.833333333333357 143.57636891372326 14.250000000000002 12.050000000000002 139.37818040257878 33.794907029056738 98.166666666666671 131.77766011380569 0.42958674266195179 131.62561396681662 29.909058818364375 159.33176496228575 557.50000000000011 359.28908972677465 7.2412960181902628 76.166666666666671 148.02535828739295 13.65 0.3342611484689354
decision_type=2 2 2 2 2 2 2 2 2 2 2 2 2 2 2 2 2 2 2 2 2 2 2 2 2 2 2 2 2 2
left_child=1 2 3 6 9 -6 14 10 -9 -5 11 -4 16 -8 -1 19 28 18 -18 20 -2 27 26 -21 25 -17 -23 -14 29 -3
right_child=15 12 7 4 5 -7 13 8 -10 -11 -12 -13 21 -15 -16 24 17 -19 -20 23 -22 22 -24 -25 -26 -27 -28 -29 -30 -31
leaf_value=4.8869766709644794e-06 -1.9974661194547359e-06 -3.2115872476592613e-07 1.4226813442479196e-06 -2.4862383357599516e-07 8.8758440551213714e-07 -7.11519938661132e-06 2.7390132093074729e-06 -5.4660532003124126e-06 1.6890783978272919e-06 2.8586291762374386e-06 5.3802000173885155e-06 -1.9444436336339793e-06 -6.3753658399908391e-07 1.3098205871205761e-07 3.4502128609194637e-06 -4.8164288537171681e-07 1.7734851665818873e-06 -1.0086761723580541e-06 7.3370946522914781e-07 1.1714610044085326e-06 -6.6457529693967182e-08 1.0664891517210761e-07 -1.6943720192616837e-06 -4.3113425274299289e-07 -9.288805287084231e-08 -1.372756751155217e-06 -1.2606788215764807e-06 -1.930800652420629e-06 -7.5618233468138521e-07 5.4575422974415043e-07
leaf_weight=305 26 69 530 58 74 21 216 28 22 617 29 39 24 51 197 56 121 26 143 42 35 84 46 32 27 3751 28 63 42 86
leaf_count=305 26 69 530 58 74 21 216 28 22 617 29 39 24 51 197 56 121 26 143 42 35 84 46 32 27 3751 28 63 42 86
internal_value=-5.2643e-15 1.78059e-06 2.35595e-06 2.88118e-06 2.16314e-06 -8.81452e-07 3.60016e-06 1.10852e-06 -2.3178e-06 2.59164e-06 1.39501e-06 1.19189e-06 6.15832e-08 2.24085e-06 4.32315e-06 -1.30954e-06 5.87889e-07 1.01133e-06 1.21027e-06 -1.39667e-07 -8.8951e-07 -9.84583e-07 -6.6001e-07 4.78447e-07 -1.35073e-06 -1.35965e-06 -2.35183e-07 -1.57404e-06 -3.54556e-08 1.59838e-07
internal_weight=6888 2919 2187 1539 770 95 769 648 50 675 598 569 732 267 502 3969 487 290 264 135 61 245 158 74 3834 3807 112 87 197 155
internal_count=6888 2919 2187 1539 770 95 769 648 50 675 598 569 732 267 502 3969 487 290 264 135 61 245 158 74 3834 3807 112 87 197 155
is_linear=0
shrinkage=0.05


Tree=38
num_leaves=31
num_cat=0
split_feature=12 9 14 15 15 14 8 27 14 5 7 25 19 14 14 27 27 5 27 5 14 22 14 12 8 5 20 27 8 14
split_gain=5.93951e-06 1.01557e-06 4.16385e-07 8.36954e-07 3.82876e-07 3.90038e-07 2.98355e-07 2.9415e-07 4.64084e-07 2.10004e-07 1.66545e-07 1.66192e-07 1.00952e-07 6.83151e-08 4.76723e-08 6.35229e-08 4.54962e-08 4.8726e-08 4.33173e-08 4.32217e-08 3.42692e-08 3.37167e-08 3.33818e-08 2.84382e-08 2.38794e-08 2.08232e-08 2.52392e-08 2.04847e-08 1.89216e-08 1.59204e-08
threshold=0.37940952255126054 -31.508574390302588 0.99374995976406788 0.029024409397335523 0.89784768270548698 0.3342611484689354 139.37818040257878 70.833333333333357 -0.93843426604005675 16.950000000000003 139.10901313510197 0.00010493745157277414 0.00050647500000000005 0.36648264796514479 -0.9731273977605811 69.166666666666671 54.500000000000007 9.9500000000000011 11.833333333333334 12.250000000000002 -0.87446570821478364 781.50000000000011 0.26866988313759588 0.60355339059327384 129.53585182048829 8.3500000000000032 0.00066767500000000017 3.8333333333333335 54.064881669886098 0.40614137006726808
decision_type=2 2 2 2 2 2 2 2 2 2 2 2 2 2 2 2 2 2 2 2 2 2 2 2 2 2 2 2 2 2
left_child=6 10 4 11 7 22 12 9 -9 -3 13 -4 29 14 -2 -16 17 -15 21 -18 28 24 -6 -22 -14 -20 -27 -25 -12 -1
right_child=1 2 3 -5 5 -7 -8 8 -10 -11 20 -13 18 16 15 -17 19 -19 25 -21 23 -23 -24 27 -26 26 -28 -29 -30 -31
leaf_value=-1.7243153027379779e-06 2.1743460120943024e-06 3.0549988200064098e-06 5.5638240155531095e-06 -7.5686938832101684e-06 1.2462535259061272e-06 -4.561454051586875e-06 -1.283191449912825e-06 -3.4268818220569787e-06 2.2714733645398646e-06 5.4968905638624595e-06 -1.5022016383519035e-07 -4.0379699214554419e-07 2.040662523583592e-06 1.559965599100681e-06 4.0506178938315427e-07 -2.550339721665296e-06 1.5668353979789471e-06 3.6159129211494185e-06 9.6264129198872893e-07 -5.861925077427972e-07 -1.4213779208165482e-06 1.8919491933304572e-07 3.7480716287063846e-06 8.0844097998388241e-07 3.2098692001993726e-07 2.7758350482267205e-07 -1.1405912453346515e-06 -6.907180508751798e-07 1.5185167521849509e-06 -6.2152888102357594e-07
leaf_weight=60 33 1203 28 30 40 35 3834 41 278 95 53 20 80 97 200 20 63 41 37 37 107 69 20 31 27 67 59 86 25 72
leaf_count=60 33 1203 28 30 40 35 3834 41 278 95 53 20 80 97 200 20 63 41 37 37 107 69 20 31 27 67 59 86 25 72
internal_value=-6.39813e-15 1.8955e-06 2.55539e-06 -1.0173e-06 2.71816e-06 -3.6673e-07 -1.1373e-06 2.8994e-06 1.53908e-06 3.23372e-06 4.05956e-07 3.07732e-06 5.02888e-08 9.74235e-07 4.02209e-07 1.36389e-07 1.58231e-06 2.17079e-06 5.07065e-07 7.70215e-07 -5.17968e-07 1.05099e-06 2.08019e-06 -8.32266e-07 1.60673e-06 -8.02396e-08 -3.86482e-07 -2.93505e-07 3.84631e-07 -1.1228e-06
internal_weight=6888 2583 1790 78 1712 95 4305 1617 319 1298 793 48 471 491 253 220 238 138 339 100 302 176 60 224 107 163 126 117 78 132
internal_count=6888 2583 1790 78 1712 95 4305 1617 319 1298 793 48 471 491 253 220 238 138 339 100 302 176 60 224 107 163 126 117 78 132
is_linear=0
shrinkage=0.05


Tree=39
num_leaves=31
num_cat=0
split_feature=12 8 9 3 6 5 14 5 2 27 14 9 15 15 15 14 7 14 6 3 3 3 15 6 5 27 3 14 14 25
split_gain=5.37361e-06 7.46469e-07 4.91218e-07 2.97834e-07 2.25123e-07 2.15863e-07 3.37613e-07 3.29128e-07 3.24468e-07 4.6012e-07 2.42266e-07 1.29414e-07 1.15242e-07 1.12899e-07 2.43871e-07 3.81873e-07 8.62215e-08 7.62276e-08 7.37649e-08 7.9859e-08 6.84298e-08 6.8389e-08 6.83405e-08 6.02139e-08 5.03059e-08 8.46191e-08 7.07949e-08 5.42778e-08 3.68523e-08 3.20156e-08
threshold=0.60355339059327384 139.37818040257878 -25.647998982152142 21.050000000000004 0.00034264000000000001 6.2500000000000009 0.96234642434711437 16.850000000000005 19.500000000000004 18.833333333333339 0.99053107487289871 49.003980492402626 -0.75013812021657655 -0.6652727025667432 -0.18493013702746822 -0.76762618797987558 134.36769753627104 0.95242846126021108 0.00063523000000000008 22.850000000000005 24.550000000000004 21.950000000000003 -0.26037106507032781 0.00061534000000000014 11.850000000000003 65.500000000000014 15.050000000000002 0.98667101781630195 -0.97509794945709805 0.00044089405773684194
decision_type=2 2 2 2 2 2 2 2 2 2 2 2 2 2 2 2 2 2 2 2 2 2 2 2 2 2 2 2 2 2
left_child=1 4 16 5 22 8 7 -7 17 -10 -8 12 23 21 15 -15 24 -4 19 -13 -14 -5 -1 -6 27 26 -26 28 -2 -20
right_child=2 -3 3 13 11 6 10 -9 9 -11 -12 18 20 14 -16 -17 -18 -19 29 -21 -22 -23 -24 -25 25 -27 -28 -29 -30 -31
leaf_value=3.6657675919474767e-08 3.58194618570451e-06 -1.2190318741195493e-06 2.7631458223639157e-06 2.6845497122775992e-06 2.1545637029486319e-06 2.866786441067091e-06 9.3573674774916078e-06 -7.1343129977524061e-07 4.3060680027906527e-06 -2.7059746852417491e-06 3.2048067879486553e-06 -3.3472100420163364e-06 6.4378910940765967e-07 5.0025468131783185e-06 6.4699049914906943e-06 -2.0957649633146503e-06 1.5063578834230602e-07 4.2303403991657735e-07 -1.0038357758006627e-06 5.1860387066208585e-08 2.8446484029907218e-06 5.2517555106144149e-06 -1.2284470525742644e-06 5.0315766055709612e-06 3.9584270751902293e-06 -1.7296752753281907e-06 6.4063606862973536e-07 -4.9219378581710773e-07 1.7714432365446306e-06 8.2142115145752405e-07
leaf_weight=214 32 3834 203 31 44 592 32 72 32 87 32 27 179 36 32 40 200 42 27 48 44 159 213 31 20 30 82 24 231 218
leaf_count=214 32 3834 203 31 44 592 32 72 32 87 32 27 179 36 32 40 200 42 27 48 44 159 213 31 20 30 82 24 231 218
internal_value=-3.08911e-15 -8.96151e-07 2.17637e-06 2.69811e-06 2.88468e-07 2.31577e-06 2.81286e-06 2.47857e-06 1.32159e-06 -8.20383e-07 6.28109e-06 8.98484e-07 1.64826e-06 4.09916e-06 2.80832e-06 1.26659e-06 1.00477e-06 2.36198e-06 2.00253e-07 -1.1718e-06 1.07804e-06 4.8329e-06 -5.94413e-07 3.34373e-06 1.41247e-06 6.04625e-07 1.29118e-06 1.78402e-06 1.99173e-06 6.2027e-07
internal_weight=6888 4879 2009 1390 1045 1092 728 664 364 119 64 618 298 298 108 76 619 245 320 75 223 190 427 75 419 132 102 287 263 245
internal_count=6888 4879 2009 1390 1045 1092 728 664 364 119 64 618 298 298 108 76 619 245 320 75 223 190 427 75 419 132 102 287 263 245
is_linear=0
shrinkage=0.05


Tree=40
num_leaves=31
num_cat=0
split_feature=12 8 9 14 15 15 14 27 14 6 6 22 6 7 27 6 3 18 15 27 14 14 22 14 27 3 7 12 14 15
split_gain=4.84968e-06 6.73689e-07 4.4578e-07 2.92434e-07 6.3856e-07 2.47906e-07 3.48647e-07 2.58378e-07 4.16727e-07 2.03174e-07 1.65261e-07 1.17187e-07 1.02107e-07 9.33092e-08 9.03144e-08 7.0925e-08 1.02136e-07 6.76055e-08 6.16773e-08 5.78842e-08 7.6211e-08 1.82486e-07 4.54976e-08 3.07361e-08 3.05913e-08 2.2273e-08 1.8115e-08 1.73731e-08 3.12785e-08 1.6435e-08
threshold=0.60355339059327384 139.37818040257878 -23.694225635599228 0.99374995976406788 -0.013976481981245173 0.89784768270548698 0.3342611484689354 74.833333333333357 -0.93273441465163176 0.00034264000000000001 0.00047657500000000008 603.50000000000011 0.00056167000000000012 134.36769753627104 70.833333333333357 0.00063523000000000008 23.150000000000002 0.00030732500000000006 -0.26037106507032781 1.0000000180025095e-35 -0.97509794945709805 -0.94705910369513524 781.50000000000011 -0.99467753128998015 97.500000000000014 17.150000000000002 67.169570353250592 0.25881904510252091 0.3504237462291826 0.92599062340417404
decision_type=2 2 2 2 2 2 2 2 2 2 2 2 2 2 2 2 2 2 2 2 2 2 2 2 2 2 2 2 2 2
left_child=1 9 13 5 -5 7 -7 10 -9 18 -4 12 17 19 -14 16 -13 -11 27 25 23 -22 -17 -21 29 -2 -20 -1 -29 -15
right_child=2 -3 3 4 -6 6 -8 8 -10 11 -12 15 14 24 -16 22 -18 -19 26 20 21 -23 -24 -25 -26 -27 -28 28 -30 -31
leaf_value=-7.6033983250366741e-07 3.6757741373976923e-06 -1.1580802910351918e-06 3.1594236291773507e-06 5.7542178637959298e-06 -5.4665897494032837e-06 2.5368646659116068e-06 -5.569751097244167e-06 -4.9850609051962083e-06 2.1234997975922519e-06 2.1029004512291231e-06 6.8699487993369757e-06 -3.4000170395150538e-06 3.1167998914880579e-06 5.409253372152697e-07 -2.5032704940031183e-07 1.2528154597413105e-06 2.5087880177491849e-07 -7.194934063787229e-08 -2.2842848777820054e-06 1.7821474288707989e-06 -3.3403101477470836e-06 1.2497233140299762e-06 -1.4050147907005554e-07 4.3695049472584438e-06 -1.6158416087819207e-06 1.8789280764914501e-06 -9.7672213370487756e-07 -2.2877623627310255e-07 1.2203949450332435e-06 -9.1886533617469021e-07
leaf_weight=52 34 3834 938 21 32 36 21 23 199 55 31 30 117 156 24 131 53 102 31 22 23 370 106 24 22 35 182 104 58 22
leaf_count=52 34 3834 938 21 32 36 21 23 199 55 31 30 117 156 24 131 53 102 31 22 23 370 106 24 22 35 182 104 58 22
internal_value=-1.05132e-14 -8.51343e-07 2.06755e-06 2.61699e-06 -1.02061e-06 2.77147e-06 -4.49783e-07 2.92563e-06 1.38703e-06 2.74044e-07 3.27813e-06 8.5356e-07 1.56704e-06 1.05792e-06 2.54367e-06 1.8913e-07 -1.06872e-06 6.89941e-07 -5.64693e-07 1.41808e-06 1.20648e-06 9.81095e-07 6.29644e-07 3.13207e-06 1.43104e-07 2.76433e-06 -1.16702e-06 3.48248e-08 2.90063e-07 3.60502e-07
internal_weight=6888 4879 2009 1301 53 1248 57 1191 222 1045 969 618 298 708 141 320 83 157 427 508 439 393 237 46 200 69 213 214 162 178
internal_count=6888 4879 2009 1301 53 1248 57 1191 222 1045 969 618 298 708 141 320 83 157 427 508 439 393 237 46 200 69 213 214 162 178
is_linear=0
shrinkage=0.05


Tree=41
num_leaves=31
num_cat=0
split_feature=12 9 14 15 15 14 14 14 15 12 27 9 6 14 14 6 27 9 19 14 14 17 3 12 18 27 5 20 14 12
split_gain=4.37846e-06 7.59464e-07 3.04237e-07 7.19533e-07 2.87012e-07 3.85363e-07 2.50174e-07 4.45894e-07 4.38698e-07 1.72815e-07 1.44609e-07 8.56013e-08 6.97651e-08 5.1154e-08 6.48467e-08 4.34142e-08 3.63985e-08 3.48413e-08 3.14494e-08 3.03514e-08 3.00667e-08 2.76599e-08 2.48082e-08 2.3559e-08 2.23134e-08 2.41369e-08 1.80715e-08 1.64527e-08 1.54347e-08 1.53494e-08
threshold=0.37940952255126054 -35.686149787204975 0.99374995976406788 0.029024409397335523 0.9052873537896472 0.3342611484689354 0.96234642434711437 0.95242846126021108 0.20812153622207724 0.25881904510252091 28.833333333333339 -52.992271443670781 0.00061534000000000014 0.38243310158943505 -0.9731273977605811 0.00076137500000000012 1.0000000180025095e-35 -38.604462099553778 0.00059125500000000006 -0.9905448150984083 0.26866988313759588 0.82927526730228707 14.850000000000003 1.0000000180025095e-35 0.00061858500000000016 4.8333333333333348 3.4500000000000006 0.00063611000000000017 -0.93273441465163176 1.0000000180025095e-35
decision_type=2 2 2 2 2 2 2 2 2 2 2 2 2 2 2 2 2 2 2 2 2 2 2 2 2 2 2 2 2 2
left_child=9 11 4 10 6 20 7 -3 -8 15 -4 28 21 14 19 29 -16 26 -14 -13 -6 -11 -19 -17 25 -20 -15 -23 -2 -1
right_child=1 2 3 -5 5 -7 8 -9 -10 12 -12 13 18 17 16 23 -18 22 24 -21 -22 27 -24 -25 -26 -27 -28 -29 -30 -31
leaf_value=-1.1430586763126394e-06 1.0319414005266481e-07 2.3458323228564255e-06 6.0801919153163916e-06 -7.0078723380599213e-06 1.0321423887305061e-06 -5.1169001865976805e-06 3.1132039542853822e-06 -4.2550750969474813e-06 1.0640826273326337e-05 -1.8083901532131801e-06 5.9138776634881648e-07 6.2638866040742877e-07 -7.5359633484595183e-07 -6.7491122763385652e-07 1.5737534822403089e-06 -7.7487078849254193e-07 -6.3637016194465193e-07 2.9127736010387278e-06 1.6936701707643515e-06 3.0727059322002574e-06 3.4064857231896895e-06 -6.4323283202120655e-07 7.3719566785257494e-07 2.367796740081882e-07 2.2187858984323567e-06 8.8911065284195984e-08 9.3329183826746385e-07 7.9593913001033426e-07 -9.0323476733544803e-07 -8.4219961348924171e-07
leaf_weight=3274 50 1598 20 30 40 30 100 26 24 37 30 32 24 20 21 170 165 38 42 21 20 63 20 87 39 53 138 29 160 487
leaf_count=3274 50 1598 20 30 40 30 100 26 24 37 30 32 24 20 21 170 165 38 42 21 20 63 20 87 39 53 138 29 160 487
internal_value=-1.0957e-14 1.62745e-06 2.13229e-06 -8.86134e-07 2.26367e-06 -4.89907e-07 2.40544e-06 2.24015e-06 4.57016e-06 -9.76472e-07 2.78691e-06 1.71408e-07 2.08853e-07 5.56801e-07 5.27992e-08 -1.06114e-06 -3.8684e-07 1.11447e-06 9.13245e-07 1.59568e-06 1.82359e-06 -6.5389e-07 2.16257e-06 -4.32405e-07 1.21178e-06 7.98384e-07 7.29722e-07 -1.89581e-07 -6.63609e-07 -1.1041e-06
internal_weight=6888 2583 1918 80 1838 90 1748 1624 124 4305 50 665 287 455 239 4018 186 216 158 53 60 129 58 257 134 95 158 92 210 3761
internal_count=6888 2583 1918 80 1838 90 1748 1624 124 4305 50 665 287 455 239 4018 186 216 158 53 60 129 58 257 134 95 158 92 210 3761
is_linear=0
shrinkage=0.05


Tree=42
num_leaves=31
num_cat=0
split_feature=12 12 9 14 15 27 3 6 3 1 22 3 15 18 7 5 14 27 14 3 14 27 16 6 6 6 27 12 12 12
split_gain=3.98029e-06 5.1075e-07 3.78613e-07 2.38778e-07 5.4398e-07 2.33402e-07 1.87721e-07 1.80512e-07 1.48328e-07 2.15478e-07 1.21011e-07 8.70692e-08 8.54581e-08 8.18837e-08 7.34478e-08 5.76834e-08 7.16916e-08 7.41749e-08 6.87635e-08 6.66676e-08 5.25761e-08 5.09667e-08 4.63374e-08 3.9259e-08 3.7249e-08 2.79554e-08 2.74905e-08 2.32276e-08 1.73963e-08 1.57819e-08
threshold=0.60355339059327384 0.25881904510252091 -23.694225635599228 0.99374995976406788 -0.013976481981245173 99.833333333333357 16.750000000000004 0.00056167000000000012 21.050000000000004 519.1500000000002 579.50000000000011 24.550000000000004 -0.6652727025667432 0.00047191500000000005 134.36769753627104 13.65 -0.97876850416056738 1.0000000180025095e-35 0.39827038710620805 19.350000000000005 0.98667101781630195 68.500000000000014 651.18000000000018 0.00076997000000000014 0.00061534000000000014 0.00030732500000000006 97.500000000000014 0.37940952255126054 1.0000000180025095e-35 1.0000000180025095e-35
decision_type=2 2 2 2 2 2 2 2 2 2 2 2 2 2 2 2 2 2 2 2 2 2 2 2 2 2 2 2 2 2
left_child=1 23 14 5 -5 8 -7 11 9 -4 21 20 -10 -12 15 16 -2 -18 19 -17 22 27 -3 29 -15 -13 -16 -9 -25 -1
right_child=2 7 3 4 -6 6 -8 10 12 -11 13 25 -14 24 26 18 17 -19 -20 -21 -22 -23 -24 28 -26 -27 -28 -29 -30 -31
leaf_value=-1.0858063223073267e-06 3.5403728003302607e-06 -1.4008726316426034e-07 2.4708788833075472e-06 5.3454574683763937e-06 -5.011081390193795e-06 1.871369651951227e-06 -3.9784080854587957e-06 1.7043144208191037e-06 4.2978058080415076e-06 -2.6538607579866604e-06 -2.1655218579326174e-06 2.4451668940111465e-07 2.5064044708555094e-06 -1.1113321500033636e-06 3.3706896590134612e-07 -2.602753160577517e-06 2.9849426560194357e-06 1.0071914271181802e-06 1.9680989895378946e-06 5.9506253816648377e-07 -2.2355102730118135e-06 3.3634656181840745e-07 -2.1422916820630501e-06 -6.8634714802373305e-07 1.1934282355241522e-06 2.5190647384728696e-06 -1.5364371124219774e-06 3.4385816616880528e-06 2.3638278384269665e-07 -7.8328965479717959e-07
leaf_weight=3296 40 426 882 21 32 32 24 26 185 21 25 22 104 20 178 28 56 309 36 39 37 22 31 148 142 35 22 75 78 496
leaf_count=3296 40 426 882 21 32 32 24 26 185 21 25 22 104 20 178 28 56 309 36 39 37 22 31 148 142 35 22 75 78 496
internal_value=-6.70851e-15 -7.71268e-07 1.87308e-06 2.37944e-06 -9.07547e-07 2.51903e-06 -6.35678e-07 3.33858e-07 2.66724e-06 2.3517e-06 1.29906e-06 -2.09175e-07 3.65315e-06 4.97872e-07 9.42616e-07 1.26216e-06 1.53085e-06 1.31063e-06 2.0565e-07 -7.41338e-07 -4.22676e-07 2.51712e-06 -2.75904e-07 -1.00808e-06 9.0889e-07 1.64117e-06 1.30983e-07 2.99214e-06 -3.67883e-07 -1.04624e-06
internal_weight=6888 4879 2009 1301 53 1248 56 861 1192 903 310 551 289 187 708 508 405 365 103 67 494 123 457 4018 162 57 200 101 226 3792
internal_count=6888 4879 2009 1301 53 1248 56 861 1192 903 310 551 289 187 708 508 405 365 103 67 494 123 457 4018 162 57 200 101 226 3792
is_linear=0
shrinkage=0.05


Tree=43
num_leaves=31
num_cat=0
split_feature=12 12 9 4 14 15 5 14 6 6 18 27 22 18 27 1 16 4 14 27 26 15 4 6 6 6 12 12 5 7
split_gain=3.59222e-06 4.60952e-07 3.42396e-07 2.58475e-07 3.31383e-07 2.73897e-07 2.5635e-07 2.45131e-07 2.0347e-07 1.62912e-07 1.38214e-07 1.58461e-07 1.09212e-07 7.39e-08 6.28439e-08 9.74338e-08 1.14056e-07 5.54287e-08 4.72305e-08 4.83888e-08 4.07838e-08 3.8007e-08 3.60666e-08 3.55677e-08 3.36172e-08 3.04993e-08 2.20627e-08 1.9383e-08 1.66212e-08 1.94696e-08
threshold=0.60355339059327384 0.25881904510252091 -31.508574390302588 81.500000000000014 -0.93273441465163176 0.9052873537896472 4.9500000000000011 0.9550229469509578 0.00047657500000000008 0.00056167000000000012 2.7925000000000005e-05 77.500000000000014 579.50000000000011 0.00047191500000000005 27.833333333333339 690.05000000000007 601.745 73.500000000000014 0.9962888416657264 3.1666666666666674 0.00057784673987971492 0.92599062340417404 4.5000000000000009 0.00076137500000000012 0.00061534000000000014 0.00049423000000000012 0.37940952255126054 1.0000000180025095e-35 5.7500000000000009 139.10901313510197
decision_type=2 2 2 2 2 2 2 2 2 2 2 2 2 2 2 2 2 2 2 2 2 2 2 2 2 2 2 2 2 2
left_child=1 23 18 5 -5 6 7 -4 -8 14 11 -6 17 -14 20 16 -16 26 19 28 25 22 -21 -1 -15 -3 -11 -25 -2 -30
right_child=2 9 3 4 10 -7 8 -9 -10 12 -12 -13 13 24 15 -17 -18 -19 -20 21 -22 -23 -24 27 -26 -27 -28 -29 29 -31
leaf_value=-9.965645839086695e-07 4.7662923597888424e-07 -1.1450675677591567e-07 1.9326955324074805e-06 -4.0321301341350596e-06 -8.6741352691076052e-07 -1.6628570652079737e-06 2.8353315460283422e-06 -2.0910897333692446e-06 7.5947203067303441e-06 1.5996471439358667e-06 -1.7711776157132893e-06 2.5834102060429133e-06 -2.0572457979142204e-06 -1.0557655605225591e-06 -6.4626825320431376e-07 2.6046746631891441e-06 -4.0905018320497928e-06 -1.7469768636146912e-08 3.0357097170963246e-06 -1.5050431994981493e-06 2.437879991356611e-06 -1.2167363818424279e-06 5.8936664250482479e-07 -6.992251586247696e-07 1.1337568193465826e-06 1.2467563428398375e-06 3.284204177810813e-06 2.1839572072436546e-07 2.4056394670638701e-06 7.9418152287463928e-07
leaf_weight=3761 31 213 179 32 42 39 950 48 23 26 30 160 25 20 219 20 27 20 20 22 21 38 313 170 142 51 77 87 53 29
leaf_count=3761 31 213 179 32 42 39 950 48 23 26 30 160 25 20 219 20 27 20 20 22 21 38 313 170 142 51 77 87 53 29
internal_value=-2.38766e-15 -7.32705e-07 1.77943e-06 2.15817e-06 7.37692e-07 2.46083e-06 2.59485e-06 1.08185e-06 2.94784e-06 3.17165e-07 1.3956e-06 1.86591e-06 1.2341e-06 4.72979e-07 -1.98716e-07 -7.51439e-07 -1.02429e-06 2.39126e-06 6.54436e-07 5.56441e-07 3.17158e-07 2.81836e-07 4.51823e-07 -9.57677e-07 8.63445e-07 1.48465e-07 2.85898e-06 -3.88591e-07 1.46288e-06 1.83573e-06
internal_weight=6888 4879 2009 1503 264 1239 1200 227 973 861 232 202 310 187 551 266 246 123 506 486 285 373 335 4018 162 264 103 257 113 82
internal_count=6888 4879 2009 1503 264 1239 1200 227 973 861 232 202 310 187 551 266 246 123 506 486 285 373 335 4018 162 264 103 257 113 82
is_linear=0
shrinkage=0.05


Tree=44
num_leaves=31
num_cat=0
split_feature=12 8 13 4 14 15 14 15 14 6 14 19 0 22 4 1 8 8 15 14 19 15 3 11 4 8 7 4 3 12
split_gain=3.24197e-06 4.44193e-07 3.10778e-07 2.81007e-07 2.89247e-07 2.59943e-07 2.10172e-07 6.18585e-07 2.05403e-07 1.63226e-07 1.49574e-07 1.41448e-07 1.32372e-07 7.26653e-08 7.12657e-08 7.88783e-08 6.40993e-08 5.35444e-08 4.93799e-08 3.31916e-08 3.23882e-08 3.12624e-08 3.02416e-08 2.4409e-08 2.23441e-08 1.49148e-08 1.48498e-08 1.44516e-08 1.29568e-08 1.11348e-08
threshold=0.60355339059327384 139.37818040257878 0.37940952255126048 81.500000000000014 -0.93273441465163176 0.9052873537896472 0.98667101781630195 -0.013976481981245173 0.3342611484689354 0.00047657500000000008 0.92922379131507438 0.00033699000000000001 133.50000000000003 778.50000000000011 75.500000000000014 536.90000000000009 108.64304524185037 83.260392533330915 0.70897861563100306 0.9962888416657264 0.00073238000000000003 -0.26037106507032781 11.450000000000001 52.690625000000004 20.500000000000004 359.28908972677465 7.2412960181902628 3.5000000000000004 18.950000000000003 0.37940952255126054
decision_type=2 2 2 2 2 2 2 2 2 2 2 2 2 2 2 2 2 2 2 2 2 2 2 2 2 2 2 2 2 2
left_child=1 11 3 5 -5 6 9 -8 -7 -2 12 21 -6 14 16 -16 -13 -12 19 22 23 29 -4 -15 -24 26 -3 -20 -23 -1
right_child=2 25 18 4 10 8 7 -9 -10 -11 17 13 -14 20 15 -17 -18 -19 27 -21 -22 28 24 -25 -26 -27 -28 -29 -30 -31
leaf_value=-6.7166731577634157e-07 2.6640112121888001e-06 -1.4524736205525002e-07 -7.0533750541442478e-07 -3.8305236053304275e-06 1.0659610017957039e-06 1.8272282945785127e-06 5.6049551979242558e-06 -3.2635131041317042e-06 -4.7371807433840086e-06 6.4689612592136933e-06 5.5752471914936247e-06 1.8142289730123814e-06 -3.2304815886163854e-06 -2.0562347735416811e-06 -1.7931003198286405e-06 1.5317934242868129e-06 5.6263956904576698e-07 2.1602593922883291e-06 3.7382096479632315e-07 2.883924232719437e-06 3.2424418983466722e-07 -1.1100398919652702e-06 1.300665525998589e-06 9.9995015391739018e-08 5.900425974213863e-07 2.2587422184490913e-07 -9.6551134831800623e-07 -1.0367511173887292e-06 -1.1979425741029866e-07 1.5435265842513617e-07
leaf_weight=55 1004 56 31 32 173 26 32 51 22 29 22 223 20 35 44 30 189 24 30 20 79 170 201 21 246 27 3751 46 41 158
leaf_count=55 1004 56 31 32 173 26 32 51 22 29 22 223 20 35 44 30 189 24 30 20 79 170 201 21 246 27 3751 46 41 158
internal_value=3.33665e-15 -6.9607e-07 1.69046e-06 2.08377e-06 6.33677e-07 2.42137e-06 2.57633e-06 1.55655e-07 -1.18146e-06 2.77083e-06 1.23139e-06 2.17745e-07 6.20734e-07 6.98416e-07 9.83476e-07 -4.4517e-07 1.24008e-06 3.79351e-06 7.0718e-07 8.88348e-07 -3.278e-07 -4.86255e-07 8.04851e-07 -1.24765e-06 9.09584e-07 -9.4514e-07 -9.53445e-07 -4.79946e-07 -9.17622e-07 -5.89389e-08
internal_weight=6888 4879 2009 1435 271 1164 1116 83 48 1033 239 1045 193 621 486 74 412 46 574 498 135 424 478 56 447 3834 3807 76 211 213
internal_count=6888 4879 2009 1435 271 1164 1116 83 48 1033 239 1045 193 621 486 74 412 46 574 498 135 424 478 56 447 3834 3807 76 211 213
is_linear=0
shrinkage=0.05


Tree=45
num_leaves=31
num_cat=0
split_feature=12 8 9 3 1 5 22 14 6 9 3 6 14 9 14 7 14 3 5 6 3 3 7 5 25 27 27 5 14 8
split_gain=2.92588e-06 4.00884e-07 2.83231e-07 2.13384e-07 2.12932e-07 2.05927e-07 3.82702e-07 3.6112e-07 1.28385e-07 8.23891e-08 8.04192e-08 9.04185e-08 6.39279e-08 6.45795e-08 6.20827e-08 6.12554e-08 6.03901e-08 9.57416e-08 5.46408e-08 4.86214e-08 6.5729e-08 4.50542e-08 2.86583e-08 3.04815e-08 2.71315e-08 2.34934e-08 2.05025e-08 1.81669e-08 1.52341e-08 1.35435e-08
threshold=0.60355339059327384 139.37818040257878 -25.647998982152142 21.050000000000004 548.75000000000011 6.2500000000000009 33.500000000000007 0.96234642434711437 0.00034264000000000001 49.003980492402626 24.550000000000004 0.00061534000000000014 -0.99763297024448894 -26.840110981659127 0.78325454425165997 134.36769753627104 -0.74512825849743647 24.350000000000005 12.65 0.00063523000000000008 22.850000000000005 21.950000000000003 148.02535828739295 14.550000000000002 0.00044089405773684194 45.833333333333336 97.500000000000014 8.3500000000000032 -0.3190086476827993 358.4764110538411
decision_type=2 2 2 2 2 2 2 2 2 2 2 2 2 2 2 2 2 2 2 2 2 2 2 2 2 2 2 2 2 2
left_child=1 8 12 4 5 6 -4 -7 22 10 11 -10 -2 15 16 18 17 -5 -14 20 -11 -18 23 28 -21 -25 -17 -12 -1 -3
right_child=2 29 3 14 -6 7 -8 -9 9 19 27 -13 13 -15 -16 26 21 -19 -20 24 -22 -23 -24 25 -26 -27 -28 -29 -30 -31
leaf_value=-5.4666517726943619e-07 3.3028936426682736e-06 -9.0911550317809961e-07 1.8468438653658251e-06 3.4131433647851972e-06 -3.307652981935202e-06 1.9192289440763022e-06 -1.7581812306830197e-06 5.9122012452638551e-06 2.1287556449864487e-07 -2.9771143822977644e-06 3.7558097472375118e-06 2.6735277586453777e-06 1.4483640158228972e-06 -2.106967456040279e-06 1.3002648846562999e-06 1.7293076703427847e-07 2.2253364835650603e-06 -7.3065203423539068e-07 1.0957921349905693e-07 -1.0436859678588076e-06 1.0661833134880301e-07 4.2533383921379384e-06 -1.0341109659053576e-06 -3.2692670923021678e-07 6.3658809625256827e-07 -2.4509359758192899e-06 -1.4492095777479171e-06 2.1201318970960182e-06 3.450587707625542e-07 -1.1163645097069633e-07
leaf_weight=68 23 3780 252 46 21 653 104 62 168 27 24 48 278 21 38 170 33 20 105 27 48 161 144 30 218 23 22 58 162 54
leaf_count=68 23 3780 252 46 21 653 104 62 168 27 24 48 278 21 38 170 33 20 105 27 48 161 144 30 218 23 22 58 162 54
internal_value=-8.13864e-15 -6.61266e-07 1.60593e-06 2.00211e-06 1.67849e-06 1.77625e-06 7.9369e-07 2.26547e-06 2.06858e-07 6.67527e-07 1.26577e-06 7.59687e-07 7.16295e-07 6.16477e-07 3.188e-06 7.15942e-07 3.4639e-06 2.15745e-06 1.08133e-06 1.10413e-07 -1.00353e-06 3.90837e-06 -4.59871e-07 -1.67679e-07 4.51415e-07 -1.24867e-06 -1.29395e-08 2.59887e-06 8.14186e-08 -8.97883e-07
internal_weight=6888 4879 2009 1390 1092 1071 356 715 1045 618 298 216 619 596 298 575 260 66 383 320 75 194 427 283 245 53 192 82 230 3834
internal_count=6888 4879 2009 1390 1092 1071 356 715 1045 618 298 216 619 596 298 575 260 66 383 320 75 194 427 283 245 53 192 82 230 3834
is_linear=0
shrinkage=0.05


Tree=46
num_leaves=31
num_cat=0
split_feature=12 9 4 5 5 14 11 21 17 14 14 14 14 12 7 19 14 27 5 5 0 19 14 27 14 24 0 14 14 11
split_gain=2.64228e-06 4.70637e-07 2.56668e-07 5.20441e-07 2.07836e-07 2.6609e-07 1.5906e-07 1.45222e-07 1.16491e-07 3.79477e-07 1.24728e-07 1.13877e-07 1.00046e-07 9.6929e-08 7.76377e-08 5.15926e-08 5.02022e-08 3.2424e-08 4.47668e-08 3.45978e-08 3.00274e-08 2.78079e-08 2.72561e-08 5.31518e-08 2.65601e-08 2.56834e-08 2.41018e-08 2.16422e-08 2.1498e-08 1.48422e-08
threshold=0.37940952255126054 -31.508574390302588 74.500000000000014 15.850000000000003 4.9500000000000011 0.97508442350096236 15.815625000000002 133.50000000000003 0.90699206828123258 0.88621069759564464 0.96234642434711437 0.80926549319045582 -0.93843426604005675 0.25881904510252091 139.10901313510197 0.00064482000000000005 0.36648264796514479 54.500000000000007 9.9500000000000011 12.250000000000002 1.0000000180025095e-35 0.00076159500000000011 -0.9731273977605811 69.166666666666671 -0.87446570821478364 0.00055310481401534526 681.50000000000011 0.44505654568748165 0.21862473630160603 42.990625000000001
decision_type=2 2 2 2 2 2 2 2 2 2 2 2 2 2 2 2 2 2 2 2 2 2 2 2 2 2 2 2 2 2
left_child=13 14 4 7 5 6 -3 12 10 -10 -6 -5 -4 21 16 27 22 18 -18 -19 -7 -1 -2 -24 -16 26 -17 28 29 -15
right_child=1 2 3 11 8 20 -8 -9 9 -11 -12 -13 -14 15 24 25 17 19 -20 -21 -22 -23 23 -25 -26 -27 -28 -29 -30 -31
leaf_value=-8.5627940957256305e-07 1.4878662647037567e-06 3.4456059419577892e-06 -1.0417139734878826e-06 -6.6667779683484693e-06 2.3411576172893791e-06 -1.6675584295929487e-06 4.6470516525810033e-07 -1.5848403866887869e-06 2.1656828284014172e-06 -3.447564204685073e-06 4.3054193468102886e-06 -1.7917857781452291e-06 2.0215605360957641e-06 -1.6426435519991044e-06 4.1405162752775706e-07 1.0331832955070225e-06 1.07083672677496e-06 1.1866826336396723e-06 3.0414874473887901e-06 -7.3961463312042661e-07 -4.3746085020757164e-06 -3.177251127764458e-07 1.9266115456417769e-07 -2.5107382428757321e-06 -6.5726220379036533e-07 1.9491287191972094e-06 -6.084605865177808e-07 9.1244324169227366e-08 -2.5014772768372496e-06 3.8752741927185395e-08
leaf_weight=3762 33 66 30 25 879 21 139 39 184 36 89 23 239 21 78 59 97 63 41 37 20 256 200 20 224 38 36 78 20 35
leaf_count=3762 33 66 30 25 879 21 139 39 184 36 89 23 239 21 78 59 97 63 41 37 20 256 200 20 224 38 36 78 20 35
internal_value=2.88134e-15 1.26426e-06 1.71349e-06 5.11832e-07 2.0118e-06 6.88996e-07 1.42441e-06 1.26653e-06 2.28572e-06 1.24715e-06 2.52176e-06 -4.33084e-06 1.67993e-06 -7.58558e-07 2.50257e-07 1.29158e-07 6.38258e-07 1.15953e-06 1.65632e-06 4.73953e-07 -2.98807e-06 -8.21966e-07 1.47893e-07 -5.31024e-08 -3.80565e-07 8.50527e-07 4.11087e-07 -4.93842e-07 -1.09433e-06 -5.91771e-07
internal_weight=6888 2583 1790 356 1434 246 205 308 1188 220 968 48 269 4305 793 287 491 238 138 100 41 4018 253 220 302 133 95 154 76 56
internal_count=6888 2583 1790 356 1434 246 205 308 1188 220 968 48 269 4305 793 287 491 238 138 100 41 4018 253 220 302 133 95 154 76 56
is_linear=0
shrinkage=0.05


Tree=47
num_leaves=31
num_cat=0
split_feature=12 8 7 15 15 15 5 25 15 15 11 15 15 6 15 3 22 5 7 6 3 18 18 3 5 15 22 15 15 3
split_gain=2.39619e-06 3.2394e-07 2.41016e-07 1.90717e-07 2.77092e-07 3.83898e-07 2.0693e-07 2.52299e-07 1.52695e-07 1.72337e-07 1.46572e-07 1.38356e-07 1.31727e-07 1.09791e-07 8.73547e-08 7.84978e-08 6.95961e-08 6.73434e-08 6.3978e-08 6.27765e-08 5.7014e-08 1.02213e-07 5.16576e-08 4.8203e-08 6.44423e-08 4.41863e-08 3.82731e-08 3.75434e-08 9.38993e-08 4.45997e-08
threshold=0.60355339059327384 139.37818040257878 110.60334028753151 -0.75013812021657655 -0.84774213365954088 -0.8739740505118182 6.1500000000000012 0.00010493745157277414 0.9052873537896472 -0.64580103137750788 18.803125000000005 0.14888728888808328 0.95499258812111987 0.00034264000000000001 -0.99938741687870725 19.150000000000002 570.50000000000011 16.250000000000004 131.77766011380569 0.00056773500000000009 26.150000000000002 0.00047191500000000005 0.0003695900000000001 12.65 17.250000000000004 -0.26037106507032781 26.500000000000004 -0.23537842981696178 -0.31800055644052067 13.450000000000001
decision_type=2 2 2 2 2 2 2 2 2 2 2 2 2 2 2 2 2 2 2 2 2 2 2 2 2 2 2 2 2 2
left_child=1 13 3 4 5 14 7 10 9 -8 -5 -9 -10 25 -2 26 19 18 27 22 21 -18 -15 -19 -25 -1 -6 28 -4 -29
right_child=2 -3 17 6 15 -7 8 11 12 -11 -12 -13 -14 16 -16 -17 20 23 -20 -21 -22 -23 -24 24 -26 -27 -28 29 -30 -31
leaf_value=7.2832844806074872e-08 -5.8110724239668347e-07 -8.1112416882687479e-07 1.1129405238679988e-06 7.4399004582474104e-07 5.1081205583614066e-06 -3.3273817772775752e-06 -1.7474091307051893e-07 -3.2244486195939648e-06 -3.5784942383543242e-06 2.58303129225666e-06 4.7629476166885409e-06 1.1921042266749284e-06 2.0281875345062871e-06 1.1683951285590411e-06 2.8413872472273479e-06 3.7385271595240388e-06 -2.6515944932725688e-06 -2.6724772442321411e-06 1.7072945777039048e-07 2.1346675243772884e-06 9.1155698912408644e-07 1.5915707239234116e-07 -8.3241814643958176e-07 -2.3097464554666662e-06 1.0299356109026823e-06 -9.4442556881728537e-07 7.9953334685948604e-06 9.8658746934483598e-07 -2.4395129457843724e-06 2.434905754781695e-06
leaf_weight=214 20 3834 266 142 22 30 65 61 22 441 27 25 20 108 275 49 40 20 195 110 145 169 46 20 52 213 24 102 20 111
leaf_count=214 20 3834 266 142 22 30 65 61 22 441 27 25 20 108 275 49 40 20 195 110 145 169 46 20 52 213 24 102 20 111
internal_value=4.2696e-15 -5.98423e-07 1.45331e-06 1.89235e-06 2.7557e-06 2.06135e-06 1.44079e-06 2.64147e-07 1.98831e-06 2.22877e-06 1.38607e-06 -1.94057e-06 -9.08646e-07 1.81954e-07 2.60935e-06 5.1311e-06 6.07959e-07 7.70182e-07 9.3869e-07 1.22238e-06 1.49744e-07 -3.78786e-07 5.7075e-07 -5.00955e-07 1.02246e-07 -4.34605e-07 6.61449e-06 1.23879e-06 8.64517e-07 1.74134e-06
internal_weight=6888 4879 2009 1223 420 325 803 255 548 506 169 86 42 1045 295 95 618 786 694 264 354 209 154 92 72 427 46 499 286 213
internal_count=6888 4879 2009 1223 420 325 803 255 548 506 169 86 42 1045 295 95 618 786 694 264 354 209 154 92 72 427 46 499 286 213
is_linear=0
shrinkage=0.05


Tree=48
num_leaves=31
num_cat=0
split_feature=12 8 9 27 15 15 15 3 15 27 6 21 3 27 15 15 27 15 3 12 4 7 16 11 27 7 3 6 22 4
split_gain=2.16256e-06 2.92356e-07 2.19312e-07 2.35921e-07 1.83983e-07 4.07407e-07 1.97171e-07 1.73754e-07 1.7279e-07 1.49715e-07 1.00216e-07 1.03961e-07 7.80148e-08 5.92611e-08 7.61716e-08 1.17618e-07 8.26613e-08 7.16601e-08 5.7604e-08 5.64068e-08 5.56343e-08 4.42106e-08 4.07196e-08 5.55753e-08 3.32852e-08 3.27724e-08 3.08129e-08 2.66213e-08 3.11887e-08 2.25337e-08
threshold=0.60355339059327384 139.37818040257878 -13.146522644453039 99.833333333333357 -0.46039597980994923 -0.40613878790836594 -0.53495380374625956 16.550000000000004 -0.32613736746952143 53.833333333333336 0.00056167000000000012 389.50000000000006 16.450000000000003 52.500000000000007 0.28313308994381586 -0.59177783207548873 98.166666666666671 -0.69676771491221523 24.550000000000004 0.91597561503675362 73.500000000000014 123.77025208629344 654.21500000000003 42.531250000000007 46.833333333333336 148.02535828739295 12.350000000000003 0.00061534000000000014 606.50000000000011 4.5000000000000009
decision_type=2 2 2 2 2 2 2 2 2 2 2 2 2 2 2 2 2 2 2 2 2 2 2 2 2 2 2 2 2 2
left_child=1 10 13 4 6 -6 9 -5 -7 -4 18 20 -8 19 15 17 26 -15 22 -2 -12 -17 25 -24 29 -1 -16 -13 -29 -21
right_child=2 -3 3 7 5 8 12 -9 -10 -11 11 27 -14 14 16 21 -18 -19 -20 24 -22 -23 23 -25 -26 -27 -28 28 -30 -31
leaf_value=-2.0352614992331533e-08 7.3973261976619397e-07 -7.705679733953584e-07 2.8527667403884206e-06 1.3588355128294181e-06 -4.7306764704794315e-06 4.9307828045417218e-06 8.2930218468391114e-06 -4.999600336997814e-06 1.4178531139682113e-06 5.1683379123936732e-07 2.5086112411069434e-06 -1.1954164218000838e-06 3.8767233945691261e-06 3.0193678097190311e-07 9.827703706832835e-07 2.8504901168979182e-06 -2.830389135080182e-06 -3.229389881340694e-06 1.1321985786470697e-06 9.4553517134462117e-07 -3.2476829227605435e-07 8.9795517181444572e-07 -3.7199452035132532e-06 -1.9784481916455358e-07 3.6557520661517627e-06 -9.1110120254237845e-07 -8.3755861463368615e-07 1.8647638674365504e-06 2.2576620268325929e-07 1.952307363928936e-06
leaf_weight=365 399 3834 374 22 26 38 20 21 444 84 99 28 20 51 47 59 33 20 69 96 21 57 21 24 20 144 46 33 241 132
leaf_count=365 399 3834 374 22 26 38 20 21 444 84 99 28 20 51 47 59 33 20 69 96 21 57 21 24 20 144 46 33 241 132
internal_value=6.9353e-16 -5.68502e-07 1.38065e-06 1.88041e-06 2.03543e-06 1.36594e-06 2.71836e-06 -1.74645e-06 1.69481e-06 2.42434e-06 1.72856e-07 7.6779e-07 6.08487e-06 8.3456e-07 2.69754e-07 9.10018e-07 -6.80479e-07 -6.92803e-07 -2.30133e-07 1.1078e-06 2.01277e-06 1.89105e-06 -3.99809e-07 -1.84149e-06 1.69996e-06 -2.72352e-07 8.23926e-08 2.73097e-07 4.23164e-07 1.5284e-06
internal_weight=6888 4879 2009 1049 1006 508 498 43 482 458 1045 422 40 960 313 187 126 71 623 647 120 116 554 45 248 509 93 302 274 228
internal_count=6888 4879 2009 1049 1006 508 498 43 482 458 1045 422 40 960 313 187 126 71 623 647 120 116 554 45 248 509 93 302 274 228
is_linear=0
shrinkage=0.05


Tree=49
num_leaves=31
num_cat=0
split_feature=12 7 14 15 14 15 14 4 5 5 8 7 19 14 15 15 27 14 7 14 22 14 5 11 8 0 17 7 8 15
split_gain=1.95197e-06 3.42687e-07 2.24655e-07 5.48305e-07 2.43942e-07 3.60349e-07 2.85972e-07 2.97137e-07 1.82584e-07 1.47829e-07 8.98404e-08 6.38603e-08 4.37095e-08 3.88181e-08 3.20892e-08 4.49591e-08 2.77187e-08 2.63569e-08 2.63093e-08 2.45471e-08 1.77347e-08 1.70612e-08 1.59241e-08 2.76463e-08 1.54045e-08 1.53523e-08 2.20827e-08 1.26026e-08 1.29182e-08 1.99977e-08
threshold=0.37940952255126054 119.38452674638134 0.99374995976406788 -0.013976481981245173 0.96234642434711437 0.20812153622207724 0.95242846126021108 74.500000000000014 6.3500000000000005 6.8500000000000005 139.37818040257878 139.10901313510197 0.00050647500000000005 0.36648264796514479 0.60553543375389329 0.080547328232315238 11.833333333333334 0.21862473630160603 125.52661264652936 -0.99630266176052629 781.50000000000011 -0.083760455055074887 8.3500000000000032 46.15312500000001 87.674483847058312 773.50000000000011 0.83918016697276143 7.2412960181902628 354.97372237062882 -0.80417042486635371
decision_type=2 2 2 2 2 2 2 2 2 2 2 2 2 2 2 2 2 2 2 2 2 2 2 2 2 2 2 2 2 2
left_child=10 2 4 -4 6 9 7 -2 -5 -6 12 13 25 17 15 -15 20 18 -3 -13 21 -14 -18 -24 -16 26 -1 -12 -29 -30
right_child=1 11 3 8 5 -7 -8 -9 -10 -11 27 19 16 14 24 -17 22 -19 -20 -21 -22 -23 23 -25 -26 -27 -28 28 29 -31
leaf_value=-8.5595260409636012e-07 1.8706563759930633e-06 1.1389119492832834e-06 4.1614279833387023e-06 -7.0616524145147454e-06 -2.1554713155784853e-07 9.28047721420929e-06 -4.2193258526491599e-06 1.4091434538760566e-07 -8.0664297456678476e-07 3.9640858160185289e-06 1.2539529884289129e-08 1.3608117831154233e-06 6.5057714789503088e-07 1.2080380536755064e-06 3.3058832536880801e-06 -4.5042482476922239e-07 7.4244185823870901e-07 -1.3178946508960207e-06 -4.1427153612495344e-09 -4.5192064466055869e-07 1.1034693019168565e-07 1.9555445555852203e-06 1.2426242207652652e-07 -1.414069081407809e-06 1.3434538993806201e-06 -1.8877571092161818e-06 9.8657293307269361e-07 -7.6087443261036939e-07 3.5028183413202503e-07 -8.6684186659541042e-07
leaf_weight=87 1231 71 30 28 34 24 22 311 20 56 56 20 67 159 20 55 37 27 173 282 69 40 80 46 20 25 20 3643 67 68
leaf_count=87 1231 71 30 28 34 24 22 311 20 56 56 20 67 159 20 55 37 27 173 282 69 40 80 46 20 25 20 3643 67 68
internal_value=8.04286e-16 1.08664e-06 1.48186e-06 -1.14123e-06 1.6038e-06 3.83677e-06 1.44103e-06 1.52179e-06 -4.4554e-06 2.38511e-06 -6.51982e-07 2.47435e-07 -3.01044e-10 5.80675e-07 1.02477e-06 7.81798e-07 3.00261e-07 1.64439e-07 3.28467e-07 -3.31872e-07 7.35366e-07 1.13842e-06 -1.69545e-07 -4.37351e-07 2.32467e-06 -7.722e-07 -5.11555e-07 -7.3204e-07 -7.43076e-07 -2.62788e-07
internal_weight=6888 2583 1756 78 1678 114 1564 1542 48 90 4305 827 471 525 254 214 339 271 244 302 176 107 163 126 40 132 107 3834 3778 135
internal_count=6888 2583 1756 78 1678 114 1564 1542 48 90 4305 827 471 525 254 214 339 271 244 302 176 107 163 126 40 132 107 3834 3778 135
is_linear=0
shrinkage=0.05


Tree=50
num_leaves=31
num_cat=0
split_feature=12 8 9 27 14 8 3 14 14 5 3 19 9 7 8 5 27 14 4 7 14 5 27 14 2 7 27 14 3 14
split_gain=1.77995e-06 2.31149e-07 1.86193e-07 2.06663e-07 1.6295e-07 2.12364e-07 1.58444e-07 1.46095e-07 1.89584e-07 1.05793e-07 1.04624e-07 8.84412e-08 7.57905e-08 7.63243e-08 7.07709e-08 6.80566e-08 8.37117e-08 7.73152e-08 7.24943e-08 5.64246e-08 5.57931e-08 4.11482e-08 3.97842e-08 5.93611e-08 3.93514e-08 4.49281e-08 3.35725e-08 3.35542e-08 1.10704e-07 5.51373e-08
threshold=0.60355339059327384 139.37818040257878 -13.146522644453039 99.833333333333357 0.9893236546938301 85.838438637195836 16.550000000000004 0.96465729447553372 0.88621069759564464 7.2500000000000009 13.550000000000002 0.00054405500000000021 49.003980492402626 38.004730141531589 108.64304524185037 12.65 55.500000000000007 0.81925054981890411 87.500000000000014 131.77766011380569 0.86113431103781346 7.5500000000000007 6.166666666666667 0.73283908552571653 170.50000000000003 135.99180379427295 2.1666666666666674 0.78857998149907527 13.850000000000003 0.66527693225344786
decision_type=2 2 2 2 2 2 2 2 2 2 2 2 2 2 2 2 2 2 2 2 2 2 2 2 2 2 2 2 2 2
left_child=1 11 15 4 7 -6 -5 8 -4 -9 -7 24 14 -14 21 19 22 18 -18 27 -19 -13 26 -24 25 -1 -17 29 -29 -2
right_child=2 -3 3 6 5 10 -8 9 -10 -11 -12 12 13 -15 -16 16 17 20 -20 -21 -22 -23 23 -25 -26 -27 -28 28 -30 -31
leaf_value=2.5527383793163225e-07 1.2099038506278092e-06 -6.9543759964150269e-07 2.1065779454473975e-06 1.2838480332985371e-06 3.4250850928531563e-06 -5.341260266504833e-06 -4.7879995669236886e-06 1.9299013261075972e-06 -4.1563415038581302e-07 6.6911856241144315e-06 -2.2695969846608933e-07 3.8201992750449185e-06 4.1953439991728826e-07 -2.7836788405011251e-06 -1.1190946493242235e-07 9.1339004267779057e-07 -4.4307736754944931e-06 2.1009422177733294e-06 -4.9536667797218057e-07 1.9715697649423741e-07 -1.5479303976917435e-06 1.6560510095210125e-06 5.9156402273413004e-07 3.3333865002961061e-06 -1.5515495702076361e-06 -6.6203372628960398e-07 -1.8517326118992221e-06 8.5975689242129907e-07 3.7940934266771371e-06 -6.827870697237771e-07
leaf_weight=322 366 3834 815 22 21 20 21 20 82 28 20 30 265 20 45 21 25 22 22 170 20 82 82 26 53 228 23 90 50 43
leaf_count=322 366 3834 815 22 21 20 21 20 82 28 20 30 265 20 45 21 25 22 22 170 20 82 82 26 53 228 23 90 50 43
internal_value=-3.82536e-15 -5.15765e-07 1.25257e-06 1.71305e-06 1.85814e-06 -6.46518e-07 -1.68147e-06 2.01982e-06 1.87601e-06 4.70732e-06 -2.78411e-06 1.43437e-07 6.807e-07 1.94748e-07 1.56284e-06 7.49403e-07 2.22504e-08 -1.19557e-06 -2.58867e-06 9.93136e-07 3.63384e-07 2.23573e-06 7.35313e-07 1.25163e-06 -2.50378e-07 -1.24992e-07 -5.32015e-07 1.23961e-06 1.90773e-06 1.01092e-06
internal_weight=6888 4879 2009 1049 1006 61 43 945 897 48 40 1045 442 285 157 960 241 89 47 719 42 112 152 108 603 550 44 549 140 409
internal_count=6888 4879 2009 1049 1006 61 43 945 897 48 40 1045 442 285 157 960 241 89 47 719 42 112 152 108 603 550 44 549 140 409
is_linear=0
shrinkage=0.05


Tree=51
num_leaves=31
num_cat=0
split_feature=12 8 9 15 15 14 14 14 15 15 19 15 14 14 14 27 27 23 27 14 8 26 7 22 14 8 9 8 11 8
split_gain=1.6064e-06 2.0868e-07 1.68039e-07 1.89218e-07 3.15131e-07 2.66734e-07 3.68992e-07 2.94904e-07 1.94606e-07 3.15951e-07 8.93351e-08 6.91884e-08 5.82509e-08 6.53195e-08 9.53955e-08 8.28036e-08 7.73007e-08 4.5519e-08 5.24518e-08 5.83434e-08 4.88016e-08 4.2182e-08 1.72411e-08 2.19936e-08 1.74682e-08 1.18977e-08 1.15306e-08 8.55464e-09 1.93992e-08 7.97623e-09
threshold=0.60355339059327384 133.95741673779492 -13.146522644453039 -0.46039597980994923 -0.40613878790836594 0.84313847884979054 0.66527693225344786 0.52766072109828632 -0.32613736746952143 -0.27694043983797384 0.00039245000000000003 -0.36648370705903521 0.9962888416657264 0.98667101781630195 0.96234642434711437 65.500000000000014 2.1666666666666674 361.50000000000006 64.833333333333357 0.79383249484937135 107.75581255785256 2.6011194698829103e-05 148.02535828739295 526.50000000000011 0.42958674266195179 359.28908972677465 82.938559294973601 155.50342488737434 32.712500000000013 29.909058818364375
decision_type=2 2 2 2 2 2 2 2 2 2 2 2 2 2 2 2 2 2 2 2 2 2 2 2 2 2 2 2 2 2
left_child=1 10 12 5 -5 6 7 -4 11 -10 22 -6 13 14 15 -2 -16 -12 20 -20 -19 -8 23 24 -1 26 27 28 -3 -24
right_child=2 25 3 4 8 -7 21 -9 9 -11 17 -13 -14 -15 16 -17 -18 18 19 -21 -22 -23 29 -25 -26 -27 -28 -29 -30 -31
leaf_value=-3.9126573429588207e-07 8.7986862651089146e-07 -1.7403932293870062e-06 2.1970249735936419e-06 -4.188639505693053e-06 2.5279145165768571e-06 7.9798151909926689e-06 1.5287284077203368e-07 6.7082804889651019e-06 -4.6140221267402621e-06 1.2741699738885967e-06 2.3648331499677678e-06 6.6868917423335016e-06 2.8093491536651528e-06 -1.5801030897932834e-06 7.4705142954674865e-07 -2.6969069073158505e-07 4.900920098786325e-06 1.1633369974439662e-06 -2.0134407414045158e-06 8.3534808270613325e-07 9.1861757067768232e-08 -2.4781307659465641e-06 -1.2326201642050393e-06 -1.412033048880755e-06 4.0041067920158103e-07 3.9087372324839068e-07 6.3124875914076665e-08 -6.8980139715830033e-07 -1.6088072501980731e-07 -4.8248897017957559e-07
leaf_weight=144 644 22 384 28 20 20 25 40 24 449 34 20 32 32 21 207 24 238 41 32 192 39 63 31 135 27 54 3618 167 81
leaf_count=144 644 22 384 28 20 20 25 40 24 449 34 20 32 32 21 207 24 238 41 32 192 39 63 31 135 27 54 3618 167 81
internal_value=-3.05537e-15 -4.89976e-07 1.18994e-06 1.6274e-06 9.76673e-07 2.32039e-06 2.08845e-06 2.62262e-06 1.2586e-06 9.75403e-07 1.57719e-07 4.6074e-06 7.11933e-07 6.39608e-07 7.18883e-07 6.00246e-07 2.96245e-06 5.9422e-07 4.74536e-07 -7.64657e-07 6.84911e-07 -1.45039e-06 -3.58583e-07 -1.4858e-07 -8.1965e-09 -6.55066e-07 -6.6238e-07 -6.72671e-07 -3.44739e-07 -8.10671e-07
internal_weight=6888 4879 2009 1049 541 508 488 424 513 473 991 40 960 928 896 851 45 537 503 73 430 64 454 310 279 3888 3861 3807 189 144
internal_count=6888 4879 2009 1049 541 508 488 424 513 473 991 40 960 928 896 851 45 537 503 73 430 64 454 310 279 3888 3861 3807 189 144
is_linear=0
shrinkage=0.05


Tree=52
num_leaves=31
num_cat=0
split_feature=12 8 14 14 14 14 7 14 5 14 14 3 3 5 11 6 22 7 3 14 2 14 23 9 24 8 6 8 3 8
split_gain=1.44978e-06 1.88333e-07 1.67431e-07 3.12715e-07 3.7565e-07 2.44706e-07 2.47524e-07 1.80134e-07 1.3822e-07 1.2962e-07 1.57221e-07 1.10178e-07 8.39995e-08 7.10026e-08 6.64287e-08 6.53e-08 7.99765e-08 6.33958e-08 7.51307e-08 5.06894e-08 4.42689e-08 4.41874e-08 4.33449e-08 3.93889e-08 3.28231e-08 2.62531e-08 1.95386e-08 1.89056e-08 1.71188e-08 1.07377e-08
threshold=0.60355339059327384 133.95741673779492 -0.99763297024448894 -0.94975917145599731 -0.95995996396290595 0.20180702842483325 98.158587806253749 0.44505654568748165 6.5500000000000007 -0.99275805973510278 -0.97876850416056738 12.550000000000002 24.650000000000002 8.3500000000000032 19.506250000000005 0.00061534000000000014 606.50000000000011 44.663182657558117 21.850000000000005 1.0000000180025095e-35 192.50000000000003 -0.91289842852956904 479.50000000000006 47.688631605569718 0.00034052670253118954 90.576085265625622 0.00059564500000000012 80.111588617701798 27.850000000000005 359.28908972677465
decision_type=2 2 2 2 2 2 2 2 2 2 2 2 2 2 2 2 2 2 2 2 2 2 2 2 2 2 2 2 2 2
left_child=1 12 27 4 9 6 19 11 -9 14 -11 -7 15 26 -4 17 25 18 -1 -5 -18 -8 -19 24 -15 -17 -14 -2 -25 -3
right_child=2 29 3 5 -6 7 21 8 -10 10 -12 -13 13 23 -16 16 20 22 -20 -21 -22 -23 -24 28 -26 -27 -28 -29 -30 -31
leaf_value=-3.4489431884561091e-06 2.7256060686498964e-06 -6.2926081053387437e-07 -4.4512178874356325e-06 2.7206799554409521e-06 -6.1816695019193245e-06 -3.8456118524911955e-06 2.7868039751410834e-06 3.3207101774646686e-07 1.6088205496015756e-06 2.4514135158629609e-06 -9.9154444075201534e-07 -1.0590684598235704e-07 3.8664514420361234e-06 1.6455754639274835e-07 -4.6972206333025081e-07 3.7996668288542426e-06 -1.1917684827583092e-06 -2.6194694779304119e-07 -3.7691284475727117e-07 4.3715635756923024e-06 9.6990396219354131e-07 8.236830229732691e-07 1.797555736234076e-06 -5.4574767753975392e-07 2.4465542109819438e-06 1.5039076481226596e-06 1.804545335862376e-06 4.5930107345074338e-06 5.4738579436446575e-07 3.71330080034332e-07
leaf_weight=34 23 3861 20 274 28 22 32 340 563 70 63 188 20 26 22 20 45 475 48 56 50 275 27 63 40 33 27 33 83 27
leaf_count=34 23 3861 20 274 28 22 32 340 563 70 63 188 20 26 22 20 45 475 48 56 50 275 27 63 40 33 27 33 83 27
internal_value=4.02723e-15 -4.65478e-07 1.13045e-06 1.05315e-06 -8.04499e-07 1.26864e-06 2.05018e-06 8.21344e-07 1.1281e-06 5.5848e-08 8.20539e-07 -4.97685e-07 1.49833e-07 9.23719e-07 -2.36567e-06 -1.23987e-07 8.14107e-07 -3.61724e-07 -1.65068e-06 3.00083e-06 -5.40461e-08 1.02831e-06 -1.51177e-07 5.33923e-07 1.54759e-06 2.37023e-06 2.68195e-06 3.82604e-06 7.56912e-08 -6.22312e-07
internal_weight=6888 4879 2009 1953 203 1750 637 1113 903 175 133 210 991 259 42 732 148 584 82 330 95 307 502 212 66 53 47 56 146 3888
internal_count=6888 4879 2009 1953 203 1750 637 1113 903 175 133 210 991 259 42 732 148 584 82 330 95 307 502 212 66 53 47 56 146 3888
is_linear=0
shrinkage=0.05


Tree=53
num_leaves=31
num_cat=0
split_feature=12 12 14 14 27 14 14 7 17 14 1 12 6 14 21 18 27 14 27 1 21 2 22 22 0 22 6 9 12 14
split_gain=1.30843e-06 1.65107e-07 1.51106e-07 2.82225e-07 5.00329e-07 3.98244e-07 2.20847e-07 2.2339e-07 2.03064e-07 3.00102e-07 1.51978e-07 1.18302e-07 7.72752e-08 6.05006e-08 5.68514e-08 6.07867e-08 5.13168e-08 4.57472e-08 4.51474e-08 7.26325e-08 1.03087e-07 4.10504e-08 2.93923e-08 2.79456e-08 2.57835e-08 2.14581e-08 1.82337e-08 1.48457e-08 9.62856e-09 7.84579e-09
threshold=0.60355339059327384 0.25881904510252091 -0.99763297024448894 -0.94975917145599731 6.166666666666667 -0.95995996396290595 0.20180702842483325 98.158587806253749 0.90699206828123258 0.89404822654372251 413.45000000000005 0.91597561503675362 0.00056773500000000009 -0.98523971305672675 361.50000000000006 0.00046175000000000008 1.1666666666666667 1.0000000180025095e-35 27.833333333333339 690.05000000000007 279.50000000000006 157.50000000000003 606.50000000000011 548.50000000000011 553.50000000000011 539.50000000000011 0.00076997000000000014 -25.647998982152142 -0.25881904510252113 0.59868201182722736
decision_type=2 2 2 2 2 2 2 2 2 2 2 2 2 2 2 2 2 2 2 2 2 2 2 2 2 2 2 2 2 2
left_child=1 26 27 4 13 11 7 17 10 -10 -8 -6 18 -4 24 -16 -9 -5 21 20 -20 23 -17 -3 25 -14 -1 -2 -28 -30
right_child=2 12 3 6 5 -7 8 16 9 -11 -12 -13 14 -15 15 22 -18 -19 19 -21 -22 -23 -24 -25 -26 -27 28 -29 29 -31
leaf_value=-6.0284988341138884e-07 2.6595931924179165e-06 2.42078832828413e-07 -7.3709495063667431e-06 2.5846459436292024e-06 3.7706985701212839e-07 -5.4767433198321672e-06 8.3001338910774584e-07 2.2242227695502294e-06 5.3918496416183607e-07 -5.9371582412697742e-06 3.6294444788497872e-06 3.3973897268018459e-06 2.0632454997995512e-06 -3.7426590046783939e-06 -1.9302315240565807e-06 1.9159371609370843e-06 6.4186590768479643e-07 4.1529853832703423e-06 -4.8510847136511614e-07 2.2026282354523748e-06 -3.6086804156335955e-06 2.2550920827294856e-06 3.6968740582014551e-07 -1.7014240080470698e-06 3.4202225357321804e-06 2.1193764544828277e-07 -7.3018188472043175e-07 4.3143859412256549e-06 2.792176607798687e-07 -4.3404327990774146e-07
leaf_weight=3792 23 246 20 274 77 23 982 65 53 27 51 56 45 27 25 39 242 56 221 21 30 24 145 20 21 24 53 33 115 58
leaf_count=3792 23 246 20 274 77 23 982 65 53 27 51 56 45 27 25 39 242 56 221 21 30 24 145 20 21 24 53 33 115 58
internal_value=-5.28444e-15 -4.42204e-07 1.07392e-06 1.0005e-06 -7.64274e-07 5.98225e-07 1.20521e-06 1.94767e-06 7.80277e-07 -1.64658e-06 9.68223e-07 1.64878e-06 1.86131e-07 -5.28661e-06 8.35544e-07 3.83112e-07 9.76893e-07 2.85079e-06 -1.59376e-07 -6.22111e-07 -8.58444e-07 2.74638e-07 6.97425e-07 9.59508e-08 1.88619e-06 1.41931e-06 -5.76847e-07 3.63474e-06 -1.40549e-07 4.00897e-08
internal_weight=6888 4879 2009 1953 203 156 1750 637 1113 80 1033 133 861 47 299 209 307 330 562 272 251 290 184 266 90 69 4018 56 226 173
internal_count=6888 4879 2009 1953 203 156 1750 637 1113 80 1033 133 861 47 299 209 307 330 562 272 251 290 184 266 90 69 4018 56 226 173
is_linear=0
shrinkage=0.05


Tree=54
num_leaves=31
num_cat=0
split_feature=12 8 15 4 5 13 5 15 11 15 8 1 27 20 27 27 19 9 7 15 7 4 5 2 18 23 2 22 26 5
split_gain=1.18085e-06 1.55539e-07 1.46956e-07 1.52603e-07 3.18989e-07 1.72809e-07 1.67709e-07 2.12017e-07 1.49781e-07 1.40613e-07 1.39796e-07 1.03132e-07 9.24306e-08 8.97246e-08 7.57712e-08 6.53538e-08 6.42531e-08 5.76383e-08 6.28342e-08 5.76941e-08 4.0613e-08 5.00783e-08 3.56413e-08 3.10264e-08 3.80267e-08 5.52943e-08 3.02065e-08 2.41085e-08 2.19989e-08 1.90361e-08
threshold=0.60355339059327384 139.37818040257878 0.9052873537896472 81.500000000000014 15.750000000000002 0.37940952255126048 6.1500000000000012 -0.90531874877253482 12.950000000000001 0.94422823979932036 99.949376656828846 121.65000000000002 7.166666666666667 3.1725000000000005e-05 99.833333333333357 89.166666666666671 0.00054405500000000021 49.003980492402626 38.004730141531589 1.0000000180025095e-35 140.41185348740768 45.500000000000007 7.8500000000000005 170.50000000000003 0.00019193000000000001 361.50000000000006 88.500000000000014 778.50000000000011 0.00057307980927561581 11.250000000000002
decision_type=2 2 2 2 2 2 2 2 2 2 2 2 2 2 2 2 2 2 2 2 2 2 2 2 2 2 2 2 2 2
left_child=1 16 3 5 11 6 7 -2 -6 10 -4 13 -8 -5 20 -13 23 19 27 22 21 -11 -18 24 26 -26 -1 -19 -25 -21
right_child=2 -3 9 4 8 -7 12 -9 -10 14 -12 15 -14 -15 -16 -17 17 18 -20 29 -22 -23 -24 28 25 -27 -28 -29 -30 -31
leaf_value=-2.5055732912172169e-07 3.7344755878621076e-06 -5.674798457309165e-07 -1.1045621130549643e-07 8.7995355232229435e-07 -8.8529243043922182e-07 5.0380054680736334e-07 1.2344902259847277e-06 2.0450906919122963e-07 -6.931249269352218e-06 6.1386709727561206e-07 -5.8797494992696943e-06 9.3700976321997598e-07 2.4233624412548455e-06 4.3099873740478264e-06 -2.0528561457294494e-06 -2.7290096733351323e-06 3.3901927422668394e-06 7.8604633596115742e-07 -2.5476170579441515e-06 -1.1819046636921247e-06 -4.4628427723125704e-07 4.0274321757275777e-06 1.3999868932297701e-06 -2.2970850178071175e-06 2.3913535842809505e-06 6.0187892461374414e-08 -2.1979028994272606e-06 -1.7352647496505236e-07 -2.5062390989205597e-07 9.00243113240625e-07
leaf_weight=385 50 3834 21 207 20 447 233 285 21 22 21 20 548 21 21 31 31 147 20 23 20 21 82 29 33 111 21 118 24 21
leaf_count=385 50 3834 21 207 20 447 233 285 21 22 21 20 548 21 21 31 31 147 20 23 20 21 82 29 33 111 21 118 24 21
internal_value=2.47107e-15 -4.20094e-07 1.02023e-06 1.13085e-06 1.36059e-07 1.33451e-06 1.66725e-06 7.3137e-07 -3.982e-06 -6.32927e-07 -2.9951e-06 7.41222e-07 2.06868e-06 1.19588e-06 5.48161e-07 -1.29135e-06 1.20652e-07 5.78589e-07 1.54808e-07 1.34787e-06 1.41517e-06 2.28096e-06 1.94597e-06 -2.15017e-07 -1.03682e-07 5.94413e-07 -3.51282e-07 3.58765e-07 -1.37039e-06 -1.88152e-07
internal_weight=6888 4879 2009 1883 320 1563 1116 335 41 126 42 279 781 228 84 51 1045 442 285 157 63 43 113 603 550 144 406 265 53 44
internal_count=6888 4879 2009 1883 320 1563 1116 335 41 126 42 279 781 228 84 51 1045 442 285 157 63 43 113 603 550 144 406 265 53 44
is_linear=0
shrinkage=0.05


Tree=55
num_leaves=31
num_cat=0
split_feature=12 8 12 3 26 17 22 6 25 22 5 14 3 11 22 14 3 5 20 5 15 15 15 26 15 9 27 6 6 16
split_gain=1.06572e-06 1.40374e-07 1.35602e-07 1.66151e-07 1.40589e-07 1.20091e-07 2.78148e-07 1.376e-07 1.27433e-07 1.19455e-07 1.06714e-07 2.00172e-07 7.77745e-08 7.4326e-08 6.91755e-08 6.54173e-08 6.11126e-08 6.28863e-08 6.04751e-08 6.99437e-08 5.28018e-08 7.7994e-08 5.00516e-08 3.85599e-08 4.24238e-08 3.27449e-08 3.39017e-08 2.86957e-08 2.81803e-08 2.49611e-08
threshold=0.60355339059327384 139.37818040257878 0.91597561503675362 21.650000000000002 1.529073663568932e-05 0.90699206828123258 159.50000000000003 0.00046175000000000008 0.00029710350087074311 4.5000000000000009 12.65 -0.94975917145599731 19.350000000000005 28.831250000000001 17.500000000000004 -0.99467753128998015 24.650000000000002 8.3500000000000032 4.2800000000000004e-05 10.350000000000003 -0.97507822412530132 -0.94137724084408114 -0.6652727025667432 0.00024243079360109206 -0.30164489695395946 47.688631605569718 11.16666666666667 0.00059564500000000012 0.00051911000000000004 620.45500000000004
decision_type=2 2 2 2 2 2 2 2 2 2 2 2 2 2 2 2 2 2 2 2 2 2 2 2 2 2 2 2 2 2
left_child=1 16 3 5 9 7 -7 8 -2 10 15 -12 -8 22 -6 -4 20 -18 -16 -20 29 -22 -5 -15 -25 28 -27 -23 -19 -1
right_child=2 -3 4 13 14 6 12 -9 -10 -11 11 -13 -14 23 18 -17 17 25 19 -21 21 27 -24 24 -26 26 -28 -29 -30 -31
leaf_value=3.5343389949308145e-07 4.9877873066862888e-07 -5.3910585991392338e-07 4.1352355583512691e-06 1.568482489881784e-06 4.8298446616076708e-06 1.8914828639360339e-06 -6.4477596684550271e-06 4.1344281053170558e-06 -2.628033289778721e-06 -2.5213254389200303e-06 -4.2476356446224438e-06 8.6845909056798415e-07 -2.1445356418596584e-06 3.9956675040489903e-06 7.818677907132289e-09 1.518477448436757e-06 2.3519242508882597e-06 -1.1907351583194333e-07 1.3705217767252449e-06 5.0407590752001852e-06 -2.6447354686709447e-06 -2.8407536199066988e-07 -8.287921077405344e-07 2.6143233679494399e-06 1.2823618569448379e-07 4.4210642160535943e-07 -1.1941445760903452e-06 5.2181147364424493e-07 2.0244333774638542e-06 2.5048910533069622e-06
leaf_weight=28 783 3834 25 64 38 32 21 25 34 21 22 146 21 35 22 535 50 23 27 25 32 538 33 78 22 120 43 139 46 26
leaf_count=28 783 3834 25 64 38 32 21 25 34 21 22 146 21 35 22 535 50 23 27 25 32 538 33 78 22 120 43 139 46 26
internal_value=-4.43312e-15 -3.99089e-07 9.69216e-07 6.13467e-07 1.44355e-06 3.10743e-07 -1.62042e-06 4.80465e-07 3.68654e-07 1.19648e-06 1.30373e-06 1.98494e-07 -4.29615e-06 1.8087e-06 3.0958e-06 1.6353e-06 1.14619e-07 7.43567e-07 2.20534e-06 3.13506e-06 -1.17836e-07 -2.32627e-07 7.52915e-07 2.56731e-06 2.06738e-06 3.96939e-07 1.04574e-08 -1.18613e-07 1.30993e-06 1.38932e-06
internal_weight=6888 4879 2009 1148 861 916 74 842 817 749 728 168 42 232 112 560 1045 282 74 52 763 709 97 135 100 232 163 677 69 54
internal_count=6888 4879 2009 1148 861 916 74 842 817 749 728 168 42 232 112 560 1045 282 74 52 763 709 97 135 100 232 163 677 69 54
is_linear=0
shrinkage=0.05


Tree=56
num_leaves=31
num_cat=0
split_feature=12 15 4 5 14 7 5 14 27 8 14 27 14 8 1 8 27 3 5 14 5 15 15 7 4 27 27 3 0 11
split_gain=9.61813e-07 1.317e-07 1.35883e-07 2.84582e-07 2.8456e-07 1.51338e-07 1.81534e-07 3.18321e-07 1.47307e-07 1.27113e-07 1.26544e-07 1.40155e-07 1.26474e-07 1.26176e-07 9.02121e-08 6.98146e-08 6.85394e-08 6.23108e-08 5.50527e-08 5.25281e-08 5.24082e-08 4.76424e-08 7.04e-08 3.58707e-08 4.50754e-08 3.12107e-08 2.77276e-08 2.60797e-08 2.54352e-08 1.95042e-08
threshold=0.60355339059327384 0.9052873537896472 81.500000000000014 15.750000000000002 0.83849049182116964 104.07102137590913 6.2500000000000009 0.95242846126021108 7.166666666666667 133.95741673779492 0.94138322595482449 92.166666666666671 0.3342611484689354 99.949376656828846 142.95000000000002 73.132515692899702 99.833333333333357 24.650000000000002 8.3500000000000032 0.9962888416657264 13.250000000000002 -0.97507822412530132 -0.94137724084408114 140.41185348740768 45.500000000000007 4.8333333333333348 27.833333333333339 26.650000000000002 477.50000000000006 52.234375000000007
decision_type=2 2 2 2 2 2 2 2 2 2 2 2 2 2 2 2 2 2 2 2 2 2 2 2 2 2 2 2 2 2
left_child=9 2 5 10 -5 6 7 -2 -8 17 14 -12 16 -14 -4 19 23 21 -19 -7 -17 28 -23 24 -3 29 -24 -27 -1 -20
right_child=1 12 3 4 -6 15 8 -9 -10 -11 11 -13 13 -15 -16 20 -18 18 25 -21 -22 22 26 -25 -26 27 -28 -29 -30 -31
leaf_value=2.347027113366359e-07 1.398480205391398e-06 5.3253930228823847e-07 5.8468442423716067e-07 -8.0712169483376781e-06 2.6222393379222404e-07 2.7417621130268659e-07 8.6814222599462279e-07 -2.9783506730096882e-06 2.6172225929826449e-06 -5.0798122034459863e-07 -1.948933335039659e-07 5.0232991769359708e-06 -1.4398472320040345e-07 -5.6250339639518643e-06 -2.1150731931903786e-06 2.0139103913435985e-06 -1.9978831546939636e-06 2.341106870575304e-06 1.5705160415614553e-06 2.4990471916096015e-06 -5.3380290478225835e-07 -2.5124987161007085e-06 2.4188587560114439e-07 -4.4890899431493386e-07 3.7711072266011756e-06 -1.3136752220551293e-06 -4.1493005040595139e-07 4.5880668806125411e-07 2.4050065829012763e-06 3.3121928798666991e-07
leaf_weight=27 224 22 189 20 21 505 166 51 438 3888 22 31 21 21 37 127 21 47 63 28 24 32 300 20 21 36 346 49 27 64
leaf_count=27 224 22 189 20 21 505 166 51 438 3888 22 31 21 21 37 127 21 47 63 28 24 32 300 20 21 36 346 49 27 64
internal_value=5.21324e-15 9.20755e-07 1.02548e-06 8.67645e-08 -3.80287e-06 1.21766e-06 1.65167e-06 5.86777e-07 2.13652e-06 -3.79134e-07 6.58359e-07 2.85726e-06 -6.44238e-07 -2.88451e-06 1.42689e-07 6.59923e-07 4.75898e-07 1.26371e-07 7.92903e-07 3.91055e-07 1.60898e-06 -1.09464e-07 -2.23304e-07 1.30049e-06 2.11417e-06 4.49669e-07 -1.09907e-07 -2.91892e-07 1.31985e-06 9.45989e-07
internal_weight=6888 2009 1883 320 41 1563 879 275 604 4879 279 53 126 42 226 684 84 991 259 533 151 732 678 63 43 212 646 85 54 127
internal_count=6888 2009 1883 320 41 1563 879 275 604 4879 279 53 126 42 226 684 84 991 259 533 151 732 678 63 43 212 646 85 54 127
is_linear=0
shrinkage=0.05


Tree=57
num_leaves=31
num_cat=0
split_feature=12 9 4 5 27 5 27 26 21 8 5 11 6 8 8 6 9 27 27 8 11 11 5 26 11 16 7 8 9 9
split_gain=8.70646e-07 1.8164e-07 1.37794e-07 3.78906e-07 1.49811e-07 1.2273e-07 1.19982e-07 2.28926e-07 9.32714e-08 7.34972e-08 9.7548e-08 7.22616e-08 6.71759e-08 5.60109e-08 3.87752e-08 3.37085e-08 3.16007e-08 2.22631e-08 1.58126e-08 1.70009e-08 2.15977e-08 1.50175e-08 1.46633e-08 1.67456e-08 1.36175e-08 2.33057e-08 2.24074e-08 1.07178e-08 1.80864e-08 1.06061e-08
threshold=0.37940952255126054 -35.686149787204975 74.500000000000014 15.850000000000003 83.166666666666671 4.9500000000000011 21.500000000000004 0.0001727236109750656 133.50000000000003 111.03009239048184 17.050000000000004 15.815625000000002 0.00020991000000000003 85.838438637195836 155.50342488737434 0.00056494500000000018 -61.432314537377501 53.833333333333336 98.166666666666671 63.377769703377602 15.403125000000001 13.956250000000002 9.9500000000000011 0.00056827234361075962 43.175000000000004 827.80000000000007 51.329810471629514 354.97372237062882 -45.506138803882351 76.926426707370595
decision_type=2 2 2 2 2 2 2 2 2 2 2 2 2 2 2 2 2 2 2 2 2 2 2 2 2 2 2 2 2 2
left_child=14 16 5 8 -5 6 11 -8 13 10 -7 -3 -11 -4 15 24 -2 22 19 20 -18 -21 -17 -24 26 -26 -1 29 -29 -16
right_child=1 2 3 4 -6 9 7 -9 -10 12 -12 -13 -14 -15 27 17 18 -19 -20 21 -22 -23 23 -25 25 -27 -28 28 -30 -31
leaf_value=-2.1107126180705144e-06 -7.0988499593904568e-07 3.2147143532380478e-06 1.6728522938787204e-06 -6.9123531646524e-06 -1.5856940027595446e-06 1.3706453563040559e-06 3.6555764702771903e-07 -4.5960877216089106e-06 -1.5270493390627777e-06 -1.5149867591078779e-06 2.9979582231391926e-06 5.5782828906701884e-07 1.0005390307942333e-06 2.635079706262004e-07 -5.279808982374925e-07 9.0638437780417773e-07 5.7694271105267461e-07 -5.3856149712053724e-07 -7.9205658275546175e-07 2.2618398486593976e-07 -2.1416577831225306e-07 1.2895432285775501e-06 7.5348621674959456e-07 -1.5130191961042063e-07 1.4469713840981059e-06 -6.818000110955483e-07 -5.4111852699446344e-07 -6.333287400399754e-07 5.2417217369114708e-07 -2.4808083705825841e-08
leaf_weight=28 123 33 167 22 33 1044 85 32 39 38 101 114 88 122 3456 96 137 81 39 69 233 64 79 145 20 36 121 68 67 108
leaf_count=28 123 33 167 22 33 1044 85 32 39 38 101 114 88 122 3456 96 137 81 39 69 233 64 79 145 20 36 121 68 67 108
internal_value=7.02393e-16 7.25719e-07 9.72607e-07 1.24177e-07 -3.71636e-06 1.1843e-06 2.03317e-07 -9.91474e-07 7.68169e-07 1.38806e-06 1.51419e-06 1.15427e-06 2.41888e-07 1.0779e-06 -4.35432e-07 -6.46941e-08 1.3642e-08 2.01935e-07 1.77837e-07 2.53038e-07 7.87582e-08 7.37876e-07 3.89374e-07 1.67797e-07 -5.86247e-07 7.84755e-08 -8.36076e-07 -4.96169e-07 -5.88653e-08 -5.12733e-07
internal_weight=6888 2583 1918 383 55 1535 264 117 328 1271 1145 147 126 289 4305 606 665 401 542 503 370 133 320 224 205 56 149 3699 135 3564
internal_count=6888 2583 1918 383 55 1535 264 117 328 1271 1145 147 126 289 4305 606 665 401 542 503 370 133 320 224 205 56 149 3699 135 3564
is_linear=0
shrinkage=0.05


Tree=58
num_leaves=31
num_cat=0
split_feature=21 13 15 14 14 14 27 14 15 14 6 27 6 21 4 22 4 6 13 18 15 13 7 4 15 14 14 15 7 14
split_gain=1.74464e-07 6.17737e-07 1.51646e-07 1.53315e-07 1.36804e-07 4.14085e-07 2.24306e-07 1.53765e-07 4.31635e-07 1.14603e-07 9.00329e-08 5.80487e-08 4.97965e-08 1.18908e-07 6.76419e-08 4.58638e-08 3.82949e-08 3.23929e-08 2.57e-08 3.48646e-08 2.71245e-08 2.52058e-08 5.88516e-08 3.92644e-08 3.01896e-08 2.94901e-08 1.7862e-08 1.78585e-08 2.01519e-08 1.97063e-08
threshold=156.50000000000003 0.37940952255126048 0.89784768270548698 0.3342611484689354 -0.94975917145599731 -0.95995996396290595 3.8333333333333335 0.99374995976406788 0.029024409397335523 0.96234642434711437 2.3550000000000007e-06 99.833333333333357 0.00048827500000000009 389.50000000000006 95.500000000000014 411.50000000000006 33.500000000000007 0.00061858500000000016 -0.9159756150367534 0.00046863500000000007 -0.97507822412530132 0.60355339059327384 113.34594046269767 47.500000000000007 -0.59177783207548873 -0.96463499255812291 0.036545658007091128 -0.73865259438682551 121.47874013339293 0.3504237462291826
decision_type=2 2 2 2 2 2 2 2 2 2 2 2 2 2 2 2 2 2 2 2 2 2 2 2 2 2 2 2 2 2
left_child=1 2 4 11 5 6 -1 9 -9 -6 -5 16 -2 14 15 -14 -4 -17 20 -20 26 22 -3 25 -25 -24 -15 28 -23 -30
right_child=12 21 3 10 7 -7 -8 8 -10 -11 -12 -13 13 18 -16 17 -18 -19 19 -21 -22 27 23 24 -26 -27 -28 -29 29 -31
leaf_value=-2.4891529278647798e-06 -5.0473815771533864e-07 -6.043505621717712e-07 3.7867888138140085e-07 -9.9975818683459584e-07 1.3769324222713112e-06 -6.3367238167104563e-06 1.7738247332225138e-06 2.2650755576384056e-06 -5.9703681568652642e-06 3.1867200931401385e-06 -5.4258727413980531e-06 -1.40764556135764e-06 2.9737732113651018e-06 1.417017939515864e-07 -1.0004881651663087e-06 5.7750670052758583e-07 2.9009045596871552e-06 2.2399695611709018e-06 -2.573125605067617e-06 -4.5014081751237698e-07 -1.8382513486243571e-07 -5.0879249620179702e-07 -8.3782407614307883e-07 -2.0063757847310629e-06 1.7107979221082248e-07 1.1993157732558472e-06 1.6961787430387412e-06 -4.4040579048627562e-07 -1.2035943274273469e-07 6.7581880083682309e-07
leaf_weight=40 1422 194 34 27 985 23 135 41 26 96 20 24 34 42 38 128 27 38 20 585 590 211 20 20 78 159 33 1407 284 107
leaf_count=40 1422 194 34 27 985 23 135 41 26 96 20 24 34 42 38 128 27 38 20 585 590 211 20 20 78 159 33 1407 284 107
internal_value=-3.13526e-15 2.16507e-07 1.02564e-06 -5.91628e-07 1.18425e-06 -2.95173e-08 7.9943e-07 1.39359e-06 -9.30768e-07 1.53765e-06 -2.88321e-06 6.75482e-07 -2.92469e-07 -9.23056e-08 9.33317e-07 1.30074e-06 1.49507e-06 9.5807e-07 -2.84509e-07 -5.20322e-07 -6.99721e-08 -2.65713e-07 6.34977e-08 5.31233e-07 -2.73299e-07 9.71702e-07 8.25672e-07 -3.42895e-07 -1.14991e-07 9.75205e-08
internal_weight=6888 3958 1478 132 1346 198 175 1148 67 1081 47 85 2930 1508 238 200 61 166 1270 605 665 2480 471 277 98 179 75 2009 602 391
internal_count=6888 3958 1478 132 1346 198 175 1148 67 1081 47 85 2930 1508 238 200 61 166 1270 605 665 2480 471 277 98 179 75 2009 602 391
is_linear=0
shrinkage=0.05


Tree=59
num_leaves=31
num_cat=0
split_feature=12 12 27 26 14 14 15 20 22 7 5 5 14 15 14 22 4 14 8 6 14 5 14 14 5 19 1 26 26 19
split_gain=7.16674e-07 1.53375e-07 1.18922e-07 1.18583e-07 1.17061e-07 1.82696e-07 1.59071e-07 2.82075e-07 1.10894e-07 8.87662e-08 8.81383e-08 8.45467e-08 1.69089e-07 7.58908e-08 6.71954e-08 6.19651e-08 7.52529e-08 5.89163e-08 3.22013e-08 2.9618e-08 1.71185e-08 1.4942e-08 4.21317e-08 2.73769e-08 1.38449e-08 1.46044e-08 1.31513e-08 1.30755e-08 1.24049e-08 9.71823e-09
threshold=0.37940952255126054 0.91597561503675362 21.500000000000004 1.529073663568932e-05 0.98667101781630195 0.96687895796550427 -0.013976481981245173 3.0740000000000007e-05 4.5000000000000009 123.31799008001028 16.150000000000002 12.65 -0.94975917145599731 -0.46800559042974538 0.81428061195174062 17.500000000000004 28.500000000000004 -0.99467753128998015 155.50342488737434 0.00060999000000000014 -0.2028534878149206 6.1500000000000012 -0.57868120555502789 -0.93273441465163176 10.750000000000002 0.00051444000000000012 750.1500000000002 0.00067178885933521029 0.00061271849382225462 0.00068722500000000008
decision_type=2 2 2 2 2 2 2 2 2 2 2 2 2 2 2 2 2 2 2 2 2 2 2 2 2 2 2 2 2 2
left_child=18 2 9 8 5 14 -6 -8 11 10 13 17 -13 -2 -4 -5 -17 -3 19 27 -12 22 -11 -23 26 -26 -21 29 -27 -1
right_child=1 3 4 15 6 -7 7 -9 -10 21 20 12 -14 -15 -16 16 -18 -19 -20 24 -22 23 -24 -25 25 28 -28 -29 -30 -31
leaf_value=-4.778796733596798e-07 1.5542266831771572e-06 3.7473305055755192e-06 -2.0657818327880851e-07 4.3619348102047774e-06 9.1786459039655257e-07 4.02265219918263e-06 3.7367443042057861e-07 -6.5497154610643671e-06 -2.6057125957041062e-06 -2.4406362581430588e-06 2.404697417019903e-06 -3.9904102467599758e-06 7.1172070903458007e-07 2.4583863262069404e-07 8.7220295064996395e-07 3.4299150052830607e-06 2.3981376292188849e-07 1.2639989565539544e-06 -4.5040679573900288e-07 2.3042369935853313e-07 4.2836134959791458e-06 1.3399001888322242e-06 2.7469830729387468e-07 2.6115242694904305e-08 -1.2537199268081169e-06 5.4341942365236191e-07 1.2565586761485334e-06 5.9363881807537557e-07 -2.4119172026229338e-07 -1.5415579355249065e-06
leaf_weight=204 270 25 611 38 37 30 28 31 21 20 27 22 146 188 189 38 36 535 3699 76 22 52 50 167 21 96 53 26 106 24
leaf_count=204 270 25 611 38 37 30 28 31 21 20 27 22 146 188 189 38 36 535 3699 76 22 52 50 167 21 96 53 26 106 24
internal_value=-3.24164e-15 6.58429e-07 3.85989e-07 1.20331e-06 7.44437e-10 1.91936e-07 -1.65226e-06 -3.26404e-06 9.76402e-07 8.3415e-07 1.23279e-06 1.07973e-06 9.59655e-08 1.01716e-06 4.82839e-08 2.72075e-06 1.87797e-06 1.37486e-06 -3.95057e-07 -5.72056e-08 3.24829e-06 1.34804e-07 -5.01112e-07 3.38064e-07 2.39726e-07 1.22791e-09 6.52014e-07 -4.68702e-07 1.31693e-07 -5.89846e-07
internal_weight=6888 2583 1722 861 926 830 96 59 749 796 507 728 168 458 800 112 74 560 4305 606 49 289 70 219 352 223 129 254 202 228
internal_count=6888 2583 1722 861 926 830 96 59 749 796 507 728 168 458 800 112 74 560 4305 606 49 289 70 219 352 223 129 254 202 228
is_linear=0
shrinkage=0.05


Tree=60
num_leaves=31
num_cat=0
split_feature=12 9 14 27 14 14 4 14 5 14 9 8 6 27 14 14 27 11 22 22 5 11 11 5 14 14 8 7 14 14
split_gain=6.46799e-07 1.38752e-07 1.36217e-07 3.07229e-07 2.01191e-07 2.96057e-07 1.73029e-07 1.40772e-07 2.47378e-07 7.06177e-08 3.04847e-08 2.90617e-08 2.6872e-08 2.52978e-08 2.48196e-08 2.37409e-08 1.93214e-08 1.24974e-08 3.37627e-08 2.11928e-08 1.21565e-08 1.42788e-08 1.14237e-08 1.34177e-08 1.12805e-08 1.07545e-08 9.3513e-09 1.61934e-08 1.1028e-08 8.94894e-09
threshold=0.37940952255126054 -31.791100506048448 0.99374995976406788 26.833333333333339 0.96234642434711437 0.95242846126021108 72.500000000000014 0.97508442350096236 6.3500000000000005 0.99865421017599998 -61.432314537377501 155.50342488737434 0.00056494500000000018 1.0000000180025095e-35 -0.99763297024448894 0.99700008544936913 53.833333333333336 43.175000000000004 773.50000000000011 570.50000000000011 9.9500000000000011 44.850000000000001 17.196875000000002 7.5500000000000007 0.77244481603295057 0.41398981800788198 357.25307277430142 131.35704650378037 0.16799745313369893 0.16799745313369893
decision_type=2 2 2 2 2 2 2 2 2 2 2 2 2 2 2 2 2 2 2 2 2 2 2 2 2 2 2 2 2 2
left_child=11 10 4 -4 5 6 -3 -6 -9 -5 29 12 17 22 -15 -16 20 19 -19 25 -14 -22 -12 -24 -18 -1 -13 28 -28 -2
right_child=1 2 3 9 7 -7 -8 8 -10 -11 13 26 16 14 15 -17 24 18 -20 -21 21 -23 23 -25 -26 -27 27 -29 -30 -31
leaf_value=-9.8227377864554166e-07 3.12065205179124e-07 1.1680169246263648e-06 4.165596251368697e-06 -4.6491566268419011e-06 5.5741883809585284e-06 -4.6973308485576128e-06 -1.0812884116920299e-07 -2.6982038714994488e-06 3.5591694912438601e-06 -1.1514920835772367e-06 1.6340171569959821e-06 -4.4167339460160646e-07 8.2907919081165464e-07 1.7678994386945608e-06 -5.8972200798176197e-08 1.4617485602583555e-06 -1.1495795468369358e-06 1.5344162164865339e-06 -9.4644356778417211e-07 -2.1920705204469085e-06 7.8094234219441617e-07 -9.865775160679768e-08 -5.0511768534988732e-07 1.2035622523432756e-06 3.4957983384810058e-08 -6.1792613468451944e-08 7.9427178728361353e-08 -5.2742549621601688e-07 1.6055951454063691e-06 -8.4371367555284508e-07
leaf_weight=62 20 1254 20 31 36 24 337 22 56 27 39 3591 96 21 519 27 37 24 32 22 65 159 20 27 44 65 29 59 20 103
leaf_count=62 20 1254 20 31 36 24 337 22 56 27 39 3591 96 21 519 27 37 24 32 22 65 159 20 27 44 65 29 59 20 103
internal_value=1.48438e-15 6.25507e-07 8.65655e-07 -1.17823e-06 9.57861e-07 8.14562e-07 8.97708e-07 2.98793e-06 1.79427e-06 -3.02093e-06 6.62962e-08 -3.75304e-07 -5.43453e-08 2.02308e-07 8.1105e-08 1.62283e-08 1.83716e-07 -5.20016e-07 1.16782e-07 -7.59349e-07 3.58332e-07 1.56583e-07 1.0014e-06 4.76464e-07 -5.06127e-07 -5.11161e-07 -4.27886e-07 3.05295e-08 7.02353e-07 -6.55782e-07
internal_weight=6888 2583 1807 78 1729 1615 1591 114 78 58 776 4305 606 653 567 546 401 205 56 149 320 224 86 47 81 127 3699 108 49 123
internal_count=6888 2583 1807 78 1729 1615 1591 114 78 58 776 4305 606 653 567 546 401 205 56 149 320 224 86 47 81 127 3699 108 49 123
is_linear=0
shrinkage=0.05


Tree=61
num_leaves=31
num_cat=0
split_feature=8 9 4 5 1 20 11 1 3 7 15 17 15 8 15 15 15 24 15 23 9 23 3 5 7 15 3 4 5 15
split_gain=5.7933e-07 1.73748e-07 8.91358e-08 1.25752e-07 7.67979e-08 8.12409e-08 7.83051e-08 7.34353e-08 1.32137e-07 8.03958e-08 7.94596e-08 3.27189e-08 3.13392e-08 2.67119e-08 5.04473e-08 2.19513e-07 7.21416e-08 8.62407e-08 5.24517e-08 2.44635e-08 2.04601e-08 1.97072e-08 1.05322e-08 1.03507e-08 1.40955e-08 1.21884e-08 1.17999e-08 9.14678e-09 8.83833e-09 8.51091e-09
threshold=109.77275541986442 -39.087332446793965 81.500000000000014 15.850000000000003 121.65000000000002 3.1725000000000005e-05 34.962500000000006 674.95000000000016 23.050000000000004 104.07102137590913 0.16587474750015932 0.97452269190847207 -0.19337245081799007 155.50342488737434 0.9052873537896472 0.94422823979932036 0.61913436964878354 8.1244443659559364e-05 0.68430231102288386 357.50000000000006 -61.432314537377501 310.50000000000006 18.550000000000004 12.65 134.36769753627104 -0.091258822863740666 13.050000000000002 62.500000000000007 13.950000000000001 1.0000000180025095e-35
decision_type=2 2 2 2 2 2 2 2 2 2 2 2 2 2 2 2 2 2 2 2 2 2 2 2 2 2 2 2 2 2
left_child=1 20 7 4 5 -4 -6 9 -9 10 -3 -10 -11 14 16 -16 17 -2 -18 -19 -1 -20 -17 24 27 28 -27 -22 -25 -26
right_child=13 2 3 -5 6 -7 -8 8 11 12 -12 -13 -14 -15 15 22 18 19 21 -21 23 -23 -24 25 29 26 -28 -29 -30 -31
leaf_value=-6.6339548932779997e-07 -3.2993164322327911e-06 1.1545338395608518e-06 5.423285851978325e-07 -2.7430478417676973e-06 -2.2637383280097211e-06 3.8900834078958727e-06 1.4963709872972686e-06 -3.0988711417497448e-06 -1.4073880826180763e-07 3.1974319241993952e-07 2.5309587752984911e-06 1.6847702825846987e-06 1.1244840902787959e-06 -4.0649212679858093e-07 -5.190321030568157e-06 1.3193917572641147e-06 3.5795418102679831e-06 1.2131054088083172e-06 1.3669312196734095e-06 -1.3808066214143359e-07 3.6658045686029563e-07 -1.3678348770517423e-07 -1.7360607190972759e-07 -1.5432752611297056e-06 -3.8207695387126466e-07 -7.430136255948128e-07 8.1473908934981416e-07 1.4548773811804075e-06 -3.8051242861249861e-07 2.5010398371840723e-07
leaf_weight=153 21 882 193 36 45 20 20 30 54 387 119 45 176 3699 24 27 20 37 53 354 75 37 21 26 108 20 31 26 44 105
leaf_count=153 21 882 193 36 45 20 20 30 54 387 119 45 176 3699 24 27 20 37 53 354 75 37 21 26 108 20 31 26 44 105
internal_value=-5.04094e-16 5.89791e-07 8.11242e-07 3.75177e-08 3.97591e-07 8.56672e-07 -1.10678e-06 9.54744e-07 -1.91871e-07 1.04932e-06 1.31816e-06 6.89038e-07 5.71314e-07 -3.56513e-07 -4.5276e-08 -1.28597e-06 1.25854e-07 -1.77867e-07 1.26343e-06 -1.02191e-08 -1.66078e-07 7.48737e-07 6.66205e-07 8.84112e-09 1.60245e-07 -3.84058e-07 2.03856e-07 6.46736e-07 -8.12396e-07 -7.04385e-08
internal_weight=6888 2595 2007 314 278 213 65 1693 129 1564 1001 99 563 4293 594 72 522 412 110 391 588 90 48 435 314 121 51 101 70 213
internal_count=6888 2595 2007 314 278 213 65 1693 129 1564 1001 99 563 4293 594 72 522 412 110 391 588 90 48 435 314 121 51 101 70 213
is_linear=0
shrinkage=0.05


Tree=62
num_leaves=31
num_cat=0
split_feature=12 14 14 27 27 14 17 14 14 14 15 8 8 14 4 25 22 6 14 1 23 6 25 19 2 15 22 14 8 9
split_gain=5.31752e-07 1.21859e-07 2.13328e-07 4.34025e-07 2.4847e-07 1.6415e-07 1.15556e-07 3.05131e-07 1.61745e-07 1.0626e-07 8.69387e-08 8.0485e-08 6.95551e-08 6.42427e-08 5.53438e-08 4.93142e-08 5.2496e-08 4.68128e-08 6.68461e-08 4.11765e-08 3.84421e-08 2.86446e-08 2.50978e-08 3.22695e-08 3.3543e-08 2.50112e-08 1.99564e-08 9.33557e-09 8.01711e-09 8.12448e-09
threshold=0.60355339059327384 -0.99763297024448894 -0.94705910369513524 6.166666666666667 97.833333333333357 -0.11798679274379933 0.90699206828123258 0.89404822654372251 -0.015050995721668367 -0.97876850416056738 -0.091258822863740666 68.598150882731446 127.36843394903754 -0.25309334970420783 23.500000000000004 0.00047003222179077097 599.50000000000011 0.00063523000000000008 0.43733377705052551 687.80000000000007 685.50000000000011 0.00056167000000000012 0.00042674998349425064 0.00039245000000000003 175.50000000000003 0.011826144619637555 526.50000000000011 -0.11798679274379933 359.28908972677465 82.938559294973601
decision_type=2 2 2 2 2 2 2 2 2 2 2 2 2 2 2 2 2 2 2 2 2 2 2 2 2 2 2 2 2 2
left_child=12 25 3 10 9 11 8 -8 -7 -5 -3 13 15 -4 -13 22 19 18 -18 21 -19 -17 23 26 -25 -2 -1 -24 29 -14
right_child=1 2 5 4 -6 6 7 -9 -10 -11 -12 14 28 -15 -16 16 17 20 -20 -21 -22 -23 27 24 -26 -27 -28 -29 -30 -31
leaf_value=-1.7623402154015096e-07 2.1657958516893166e-06 -7.6185413104212787e-06 5.7367787477407292e-07 2.3925054680754938e-06 -4.6083144525255195e-06 -2.7114284395273512e-06 6.8441114247015944e-07 -5.6686384663475179e-06 7.389521516071979e-07 -3.5831404149479517e-07 -3.2691492766321904e-06 1.7511542669635986e-06 -3.866414287005311e-07 2.9925876276593047e-06 3.4160070315790239e-06 -3.5425567261881953e-07 9.0408104676459082e-07 1.6781146514381809e-06 -2.6297889057502744e-06 3.2071035184344513e-06 6.8433743116713686e-08 1.4923813062393622e-06 -6.6238669042515707e-07 1.5583383522657386e-06 -6.3426417398204657e-07 4.3484621745024237e-06 -1.6063358036542643e-06 -2.1394381280970268e-06 4.8634661085231896e-07 2.308998851411296e-07
leaf_weight=395 35 20 193 75 22 35 63 27 1149 66 27 174 3888 32 70 30 23 51 32 25 136 70 23 53 26 21 26 20 27 54
leaf_count=395 35 20 193 75 22 35 63 27 1149 66 27 174 3888 32 70 30 23 51 32 25 136 70 23 53 26 21 26 20 27 54
internal_value=1.21749e-15 6.84626e-07 6.18686e-07 -8.86817e-07 3.33781e-07 8.00072e-07 5.05668e-07 -1.2215e-06 6.36956e-07 1.10489e-06 -5.11995e-06 1.5998e-06 -2.81905e-07 9.17701e-07 2.22878e-06 1.12361e-07 5.60076e-07 1.30295e-07 -1.15199e-06 1.39213e-06 5.07438e-07 9.3839e-07 -1.90239e-07 -9.05522e-08 8.36722e-07 2.9843e-06 -2.64554e-07 -1.34939e-06 -3.72301e-07 -3.78182e-07
internal_weight=6888 2009 1953 210 163 1743 1274 90 1184 141 47 469 4879 225 244 910 367 242 55 125 187 100 543 500 79 56 421 43 3969 3942
internal_count=6888 2009 1953 210 163 1743 1274 90 1184 141 47 469 4879 225 244 910 367 242 55 125 187 100 543 500 79 56 421 43 3969 3942
is_linear=0
shrinkage=0.05


Tree=63
num_leaves=31
num_cat=0
split_feature=12 14 14 27 14 14 18 22 25 15 9 12 14 27 19 4 22 14 2 2 11 14 0 0 15 20 25 22 9 15
split_gain=4.79906e-07 1.09977e-07 1.92528e-07 3.91707e-07 2.33042e-07 1.48145e-07 1.09571e-07 2.52764e-07 8.88186e-08 7.84622e-08 6.85935e-08 6.12983e-08 5.17601e-08 4.8154e-08 3.7854e-08 4.23559e-08 3.53014e-08 3.58492e-08 2.46502e-08 2.35985e-08 2.93468e-08 3.61374e-08 3.25154e-08 2.45282e-08 2.25726e-08 1.13968e-08 7.26032e-09 6.96452e-09 5.2355e-09 3.06076e-09
threshold=0.60355339059327384 -0.99763297024448894 -0.94705910369513524 6.166666666666667 -0.95995996396290595 -0.11798679274379933 0.00029360500000000001 351.50000000000006 9.0347160176406556e-05 -0.091258822863740666 -3.7318478318254713 0.25881904510252091 -0.91978325482952472 63.500000000000007 0.00057824000000000016 87.500000000000014 574.50000000000011 0.3342611484689354 215.50000000000003 170.50000000000003 38.846875000000004 0.98667101781630195 599.50000000000011 494.50000000000006 0.011826144619637555 0.00081085500000000019 0.00073457243935596422 919.50000000000011 80.060618111620343 -0.7444366621422277
decision_type=2 2 2 2 2 2 2 2 2 2 2 2 2 2 2 2 2 2 2 2 2 2 2 2 2 2 2 2 2 2
left_child=11 24 3 9 8 10 7 -7 -5 -3 12 25 -4 -12 19 16 17 -16 -18 20 21 -13 -22 -21 -2 26 29 -28 -29 -1
right_child=1 2 5 4 -6 6 -8 -9 -10 -11 13 14 -14 -15 15 -17 18 -19 -20 23 22 -23 -24 -25 -26 -27 27 28 -30 -31
leaf_value=-3.0129533530495123e-07 2.0575060461526717e-06 -7.2376142679786434e-06 3.1981674245192462e-06 1.942286112724483e-06 -3.6635974053448692e-06 5.211866238868696e-07 3.4166027240468297e-06 -4.0510713270416621e-06 -1.0805320385998131e-06 -3.1056917628625846e-06 1.9387043707451846e-06 -2.7954246838892434e-08 7.6237080363451055e-07 4.4138419530719894e-06 6.6966361727180712e-07 -1.1486111559626748e-06 8.2931450684498039e-08 2.7268940539215693e-06 1.6497048045218963e-06 -1.0592783518085206e-07 1.8382169839372054e-06 -1.798755191327561e-06 -2.7736825527480139e-07 -1.9963168895742456e-06 4.1310390553830772e-06 2.6072548388356151e-07 5.3376684304242055e-07 -4.8002284839557523e-07 3.5766875254348807e-07 -4.0174834100038505e-07
leaf_weight=1045 35 20 24 101 30 1212 31 31 32 27 184 408 239 22 45 31 132 40 31 37 42 31 32 32 21 75 42 66 26 2764
leaf_count=1045 35 20 24 101 30 1212 31 31 32 27 184 408 239 22 45 31 132 40 31 37 42 31 32 32 21 75 42 66 26 2764
internal_value=1.07463e-16 6.50395e-07 5.87751e-07 -8.42476e-07 3.17092e-07 7.60068e-07 4.80384e-07 4.07156e-07 1.21499e-06 -4.86396e-06 1.51981e-06 -2.6781e-07 9.84649e-07 2.20304e-06 1.15044e-07 5.93876e-07 8.11687e-07 1.63777e-06 3.80907e-07 -1.145e-07 2.26625e-09 -1.52999e-07 9.23369e-07 -9.8263e-07 2.83508e-06 -3.4985e-07 -3.61463e-07 2.69306e-10 -2.43284e-07 -3.74189e-07
internal_weight=6888 2009 1953 210 163 1743 1274 1243 133 47 469 4879 263 206 861 279 248 85 163 582 513 439 74 69 56 4018 3943 134 92 3809
internal_count=6888 2009 1953 210 163 1743 1274 1243 133 47 469 4879 263 206 861 279 248 85 163 582 513 439 74 69 56 4018 3943 134 92 3809
is_linear=0
shrinkage=0.05


Tree=64
num_leaves=31
num_cat=0
split_feature=12 14 14 4 14 14 8 17 14 14 7 15 8 14 4 25 22 11 25 19 17 11 5 15 5 15 22 8 7 14
split_gain=4.33115e-07 9.92547e-08 1.74941e-07 3.08795e-07 3.19636e-07 1.2976e-07 1.19786e-07 1.00927e-07 2.68133e-07 1.45377e-07 8.10196e-08 6.98817e-08 5.76248e-08 4.78302e-08 4.25911e-08 4.11789e-08 4.4792e-08 3.68449e-08 2.35281e-08 3.55768e-08 2.91256e-08 2.85644e-08 2.06971e-08 2.03718e-08 1.7696e-08 2.05948e-08 1.71304e-08 7.53204e-09 1.44778e-08 9.56705e-09
threshold=0.60355339059327384 -0.99763297024448894 -0.94975917145599731 3.5000000000000004 -0.95995996396290595 -0.11798679274379933 103.59314869256782 0.90699206828123258 0.89404822654372251 -0.015050995721668367 98.158587806253749 -0.091258822863740666 127.36843394903754 -0.25309334970420783 23.500000000000004 0.00047003222179077097 595.50000000000011 39.187500000000007 0.00041794370744286378 0.00039245000000000003 0.90437548698576486 37.959375000000001 8.2500000000000018 0.011826144619637555 7.1500000000000012 -0.26037106507032781 526.50000000000011 357.25307277430142 131.35704650378037 0.16799745313369893
decision_type=2 2 2 2 2 2 2 2 2 2 2 2 2 2 2 2 2 2 2 2 2 2 2 2 2 2 2 2 2 2
left_child=12 23 3 11 6 10 -5 9 -9 -7 14 -3 15 -12 -4 18 24 -18 19 26 -21 -20 -19 -2 -17 -26 -1 -14 29 -29
right_child=1 2 5 4 -6 7 -8 8 -10 -11 13 -13 27 -15 -16 16 17 22 21 20 -22 -23 -24 -25 25 -27 -28 28 -30 -31
leaf_value=-1.588835728371785e-07 1.9546307216192614e-06 -6.4390949546577762e-06 1.6768793077025713e-06 1.925775834121379e-06 -4.9415208232659326e-06 -2.5953845540373421e-06 -2.0482700995711162e-06 6.2885114316270035e-07 -5.3265945115088941e-06 6.7575983521181355e-07 5.0317102779163111e-07 -2.575252785391058e-06 -3.4821805175652573e-07 2.8617238588897937e-06 3.2003917357035448e-06 2.4860739704308798e-06 -1.9308170669773973e-06 1.1726796714665054e-06 -2.0430398635085113e-07 3.3506002331344408e-07 2.5863776181722643e-06 -2.6086538061539008e-06 4.3356567742308388e-08 3.9244871394268033e-06 1.3801300772987209e-06 -3.9138021314838194e-07 -1.4838650838118366e-06 1.3017726309013157e-07 -4.5243378072088606e-07 1.5516647613367243e-06
leaf_weight=395 35 22 185 108 25 35 23 63 27 1149 206 25 3861 24 61 25 20 53 30 51 20 21 173 21 75 21 26 29 59 20
leaf_count=395 35 22 185 108 25 35 23 63 27 1149 206 25 3861 24 61 25 20 53 30 51 20 21 173 21 75 21 26 29 59 20
internal_value=-2.76248e-15 6.17875e-07 5.58364e-07 -8.31063e-07 2.3933e-07 7.19537e-07 1.22804e-06 4.56365e-07 -1.15778e-06 5.79062e-07 1.42391e-06 -4.38386e-06 -2.54419e-07 7.49281e-07 2.05466e-06 1.04444e-07 5.13567e-07 1.26164e-07 -1.72071e-07 -6.61055e-08 9.69234e-07 -1.19433e-06 3.08198e-07 2.69333e-06 1.30118e-06 9.92612e-07 -2.40711e-07 -3.36698e-07 7.51374e-08 7.10376e-07
internal_weight=6888 2009 1953 203 156 1750 131 1274 90 1184 476 47 4879 230 246 910 367 246 543 492 71 51 226 56 121 96 421 3969 108 49
internal_count=6888 2009 1953 203 156 1750 131 1274 90 1184 476 47 4879 230 246 910 367 246 543 492 71 51 226 56 121 96 421 3969 108 49
is_linear=0
shrinkage=0.05


Tree=65
num_leaves=31
num_cat=0
split_feature=12 15 14 14 14 27 27 14 14 15 9 15 27 12 3 19 7 18 25 7 27 15 23 15 18 27 27 6 20 25
split_gain=3.90886e-07 9.33942e-08 9.93986e-08 8.19008e-08 1.80846e-07 3.27666e-07 2.16751e-07 1.09314e-07 3.13166e-07 1.04462e-07 6.79409e-08 6.5908e-08 5.53602e-08 5.05976e-08 4.5337e-08 3.74063e-08 3.43497e-08 5.81887e-08 2.90258e-08 2.64275e-08 3.58808e-08 2.10447e-08 1.85295e-08 1.83855e-08 1.71901e-08 2.60467e-08 2.16996e-08 1.14006e-08 1.00551e-08 6.72993e-09
threshold=0.60355339059327384 0.9052873537896472 0.3342611484689354 -0.99763297024448894 -0.94705910369513524 6.166666666666667 97.833333333333357 0.20180702842483325 0.25206111083856975 -0.99938741687870725 -24.821471602765691 -0.091258822863740666 99.833333333333357 0.25881904510252091 24.650000000000002 0.00063531500000000012 45.222298771190509 0.00046863500000000007 0.00062660670358882277 140.41185348740768 23.833333333333339 0.9052873537896472 628.50000000000011 0.011826144619637555 0.00048053000000000006 4.8333333333333348 23.166666666666668 0.00051911000000000004 0.00081700000000000013 0.00073457243935596422
decision_type=2 2 2 2 2 2 2 2 2 2 2 2 2 2 2 2 2 2 2 2 2 2 2 2 2 2 2 2 2 2
left_child=13 3 12 23 5 11 -7 9 -9 -6 -4 -5 19 28 15 16 17 -15 22 20 -3 -18 -17 -2 26 -26 27 -16 29 -1
right_child=1 2 10 4 7 6 -8 8 -10 -11 -12 -13 -14 14 24 18 21 -19 -20 -21 -22 -23 -24 -25 25 -27 -28 -29 -30 -31
leaf_value=-3.3862751960024223e-07 1.8568992014219735e-06 2.2328500546921406e-07 -7.9955215607118255e-07 -6.6165154095187979e-06 -1.6516229948138061e-06 1.0178094354443654e-06 -4.3182888971800407e-06 -5.5622785814486117e-06 6.0775699699980221e-07 1.4759883614789043e-06 -4.8261088232948172e-06 -2.8295511490931085e-06 -1.9611447831786271e-06 -2.4438873421931104e-06 7.6884356682664175e-08 2.2205854105884691e-06 4.9253824120875303e-08 2.6681131560534453e-08 -4.8999311217838627e-07 -4.9837423341969613e-07 3.1127302866645387e-06 -1.0077921498543461e-06 5.4425386597500847e-07 3.7282627350318111e-06 9.0912825580783079e-07 -8.4498475209991073e-07 2.6544208789606015e-06 1.300875292013888e-06 3.1558071631752134e-07 1.4340431851524371e-08
leaf_weight=3816 35 21 22 20 28 141 22 21 994 574 20 27 21 44 30 34 422 52 29 20 22 53 32 21 59 33 21 52 62 140
leaf_count=3816 35 21 22 20 28 141 22 21 994 574 20 27 21 44 30 34 422 52 29 20 22 53 32 21 59 33 21 52 62 140
internal_value=-6.5184e-16 5.86981e-07 -7.30911e-07 6.75167e-07 6.17436e-07 -7.6295e-07 2.976e-07 7.96707e-07 4.80101e-07 1.33052e-06 -2.71696e-06 -4.44103e-06 2.62113e-07 -2.41698e-07 1.06137e-07 -9.01881e-08 -2.43032e-07 -1.10566e-06 8.28487e-07 1.0032e-06 1.70161e-06 -6.86903e-08 1.40782e-06 2.55866e-06 7.76661e-07 2.79936e-07 1.22034e-06 8.53074e-07 -3.16234e-07 -3.26136e-07
internal_weight=6888 2009 126 1883 1827 210 163 1617 1015 602 42 47 84 4879 861 666 571 96 95 63 43 475 66 56 195 92 103 82 4018 3956
internal_count=6888 2009 126 1883 1827 210 163 1617 1015 602 42 47 84 4879 861 666 571 96 95 63 43 475 66 56 195 92 103 82 4018 3956
is_linear=0
shrinkage=0.05


Tree=66
num_leaves=31
num_cat=0
split_feature=12 18 9 15 13 5 14 8 27 8 3 18 0 27 0 14 5 23 27 3 14 18 8 7 14 9 8 14 8 6
split_gain=3.52775e-07 8.61681e-08 1.58315e-07 8.62945e-08 9.53166e-08 1.5122e-07 7.52202e-08 9.04985e-08 4.99626e-08 4.71178e-08 3.86119e-08 3.60387e-08 9.58438e-08 4.0498e-08 6.6427e-08 3.52941e-08 3.30178e-08 2.14985e-08 1.98628e-08 2.02682e-08 1.75219e-08 9.20156e-09 6.85682e-09 1.32838e-08 1.06568e-08 6.62518e-09 4.36228e-09 1.56375e-08 4.74181e-09 4.11434e-09
threshold=0.60355339059327384 0.00029360500000000001 34.443490280802081 0.89784768270548698 0.25881904510252057 4.1500000000000012 0.3342611484689354 99.949376656828846 99.833333333333357 127.36843394903754 24.550000000000004 0.00047191500000000005 582.50000000000011 61.166666666666679 716.50000000000011 0.9962888416657264 8.3500000000000032 479.50000000000006 4.8333333333333348 26.650000000000002 -0.083760455055074887 0.00050080000000000014 354.97372237062882 137.06913656490303 0.16799745313369893 82.938559294973601 155.50342488737434 0.42958674266195179 163.00615541405975 0.00076474500000000016
decision_type=2 2 2 2 2 2 2 2 2 2 2 2 2 2 2 2 2 2 2 2 2 2 2 2 2 2 2 2 2 2
left_child=9 2 3 4 5 -2 8 -8 -5 10 11 12 17 14 -13 -6 20 -1 21 -20 -12 -18 25 24 -24 26 27 -11 -28 -27
right_child=1 -3 -4 6 15 -7 7 -9 -10 22 16 13 -14 -15 -16 -17 18 -19 19 -21 -22 -23 23 -25 -26 29 28 -29 -30 -31
leaf_value=-2.3884305017470101e-07 -4.3294025964034362e-07 3.1733184773803527e-06 -3.2163453824856401e-06 9.5303949490153902e-07 1.8851588568331487e-07 1.246452798977052e-06 -1.106715089917998e-07 -4.4091326486750409e-06 -1.8630875664322439e-06 -5.6240497052208489e-07 8.2555710534393256e-07 1.8870455361335389e-06 -3.0882410359920655e-06 -1.4157581662608382e-06 -5.490467671936333e-07 1.9364207291043082e-06 1.3099038203121281e-06 8.7480798664311499e-07 -1.1736144404039807e-06 4.4691383303140968e-07 2.716954160405294e-06 4.055165883301015e-07 1.3290905908838534e-07 -4.8401137491730027e-07 1.4910129107192915e-06 -3.135405661071543e-07 -8.3794424160061616e-07 2.0473053103814129e-07 -3.3232882426536222e-07 5.8172184513737055e-07
leaf_weight=446 159 31 28 63 774 854 25 24 21 118 24 74 29 21 45 30 45 48 35 43 25 75 52 63 20 21 47 152 3463 33
leaf_count=446 159 31 28 63 774 854 25 24 21 118 24 74 29 21 45 30 45 48 35 43 25 75 52 63 20 21 47 152 3463 33
internal_value=-1.28146e-15 5.57632e-07 5.16638e-07 5.7024e-07 6.6023e-07 9.82856e-07 -6.59168e-07 -2.21604e-06 2.49008e-07 -2.29613e-07 9.48885e-08 -1.03905e-07 -2.94631e-07 6.08595e-07 9.65834e-07 2.53736e-07 6.28492e-07 -1.30634e-07 3.4091e-07 -2.80246e-07 1.79056e-06 7.44662e-07 -3.04014e-07 4.62134e-08 5.1016e-07 -3.16346e-07 -3.24202e-07 -1.30536e-07 -3.39099e-07 2.33564e-07
internal_weight=6888 2009 1978 1950 1817 1013 133 49 84 4879 910 663 523 140 119 804 247 494 198 78 49 120 3969 135 72 3834 3780 270 3510 54
internal_count=6888 2009 1978 1950 1817 1013 133 49 84 4879 910 663 523 140 119 804 247 494 198 78 49 120 3969 135 72 3834 3780 270 3510 54
is_linear=0
shrinkage=0.05


Tree=67
num_leaves=31
num_cat=0
split_feature=12 12 3 20 14 14 27 5 27 14 5 17 14 7 4 5 1 27 22 3 14 5 12 27 9 1 3 14 3 25
split_gain=3.18461e-07 1.0168e-07 1.08285e-07 7.24455e-08 6.90877e-08 2.05528e-07 1.42563e-07 1.38194e-07 1.22526e-07 6.6562e-08 1.03381e-07 1.19814e-07 1.03027e-07 8.52138e-08 6.2389e-08 5.22806e-08 3.56024e-08 3.30709e-08 2.67578e-08 2.65363e-08 2.53301e-08 2.20404e-08 1.27891e-08 1.94147e-08 1.67353e-08 1.368e-08 1.29142e-08 9.5119e-09 1.20518e-08 1.12915e-08
threshold=0.37940952255126054 0.91597561503675362 24.450000000000003 2.3925000000000002e-05 0.91248814248966237 0.88220160189607266 91.166666666666671 10.950000000000001 55.500000000000007 0.98667101781630195 8.3500000000000032 0.47716978822377293 0.96234642434711437 123.31799008001028 81.500000000000014 5.0500000000000007 252.30000000000004 20.500000000000004 357.50000000000006 16.250000000000004 -0.56456755436774708 11.950000000000001 1.0000000180025095e-35 53.833333333333336 -45.506138803882351 607.05000000000007 25.650000000000002 0.94704596667653973 18.250000000000004 0.00058149947175994466
decision_type=2 2 2 2 2 2 2 2 2 2 2 2 2 2 2 2 2 2 2 2 2 2 2 2 2 2 2 2 2 2
left_child=22 2 9 4 5 8 7 -6 -3 12 11 -11 14 -14 -2 -5 20 18 -18 -17 -4 -21 -1 24 -24 -26 -27 29 -29 -25
right_child=1 3 16 15 6 -7 -8 -9 -10 10 -12 -13 13 -15 -16 19 17 -19 -20 21 -22 -23 23 27 25 26 -28 28 -30 -31
leaf_value=-3.0643603738660914e-07 2.3667510063587005e-07 1.1350428176775736e-06 -1.0955449108058184e-06 -3.1137729365582347e-07 1.9679308917375238e-07 -4.1754301630293337e-06 5.3819718542316966e-06 4.4217272981465309e-06 -4.4801401569937213e-07 -3.9086300063218005e-07 1.1257669393040083e-06 -4.3427605914182683e-06 4.4309492805041373e-06 5.6093962343490584e-07 -6.4842292082641821e-07 3.5749918424698991e-06 2.2444972098130451e-06 3.5426261763946278e-06 7.7645410582300893e-07 2.8059969825466879e-06 1.0695658139882523e-06 9.5024515900377082e-07 -4.7096368661563308e-07 -4.9360786266579718e-07 5.22612612231631e-07 -2.9352483801243203e-07 3.3235276628573731e-07 -6.877256112147734e-07 1.0272726921725518e-06 -1.6392316449582724e-06
leaf_weight=3444 1102 395 22 20 100 23 22 24 177 44 36 34 25 33 243 36 54 21 73 32 35 32 125 154 182 186 148 20 21 25
leaf_count=3444 1102 395 22 20 100 23 22 24 177 44 36 34 25 33 243 36 54 21 73 32 35 32 125 154 182 186 148 20 21 25
internal_value=-1.64953e-15 4.38911e-07 2.17086e-07 8.82561e-07 6.97993e-07 4.58838e-07 1.67263e-06 1.01452e-06 6.45181e-07 7.13314e-08 -1.09056e-06 -2.11349e-06 1.65741e-07 2.22905e-06 7.67652e-08 2.02227e-06 1.29567e-06 1.70459e-06 1.40066e-06 2.48899e-06 2.33909e-07 1.87812e-06 -2.63346e-07 -9.09879e-08 4.81086e-08 1.73853e-07 -1.61899e-08 -4.96264e-07 1.90688e-07 -6.53611e-07
internal_weight=6888 2583 1722 861 741 595 146 124 572 1517 114 78 1403 58 1345 120 205 148 127 100 57 64 4305 861 641 516 334 220 41 179
internal_count=6888 2583 1722 861 741 595 146 124 572 1517 114 78 1403 58 1345 120 205 148 127 100 57 64 4305 861 641 516 334 220 41 179
is_linear=0
shrinkage=0.05


Tree=68
num_leaves=31
num_cat=0
split_feature=12 14 14 27 4 14 15 7 27 7 12 15 27 3 12 3 19 7 24 3 14 15 12 15 2 3 2 14 20 25
split_gain=2.88545e-07 7.9435e-08 1.38615e-07 2.98433e-07 2.00579e-07 1.01918e-07 2.72409e-07 9.7843e-08 8.39591e-08 8.04051e-08 7.20957e-08 5.97291e-08 5.77358e-08 5.06923e-08 3.68883e-08 3.49194e-08 3.09922e-08 3.10753e-08 2.86664e-08 2.46887e-08 2.09139e-08 1.80988e-08 1.71284e-08 1.64197e-08 1.198e-08 1.22837e-08 1.22302e-08 2.05722e-08 8.59348e-09 5.3961e-09
threshold=0.60355339059327384 -0.99763297024448894 -0.94705910369513524 6.166666666666667 87.500000000000014 0.20180702842483325 -0.96687281075841669 92.558841279021394 22.166666666666668 114.4056598535895 0.91597561503675362 -0.091258822863740666 1.8333333333333337 18.050000000000004 0.25881904510252091 24.650000000000002 0.00063531500000000012 45.222298771190509 0.00040872427804675366 21.750000000000004 0.25206111083856975 0.9052873537896472 0.37940952255126054 0.011826144619637555 173.50000000000003 26.450000000000003 111.50000000000001 0.1051661082335764 0.00081700000000000013 0.00073457243935596422
decision_type=2 2 2 2 2 2 2 2 2 2 2 2 2 2 2 2 2 2 2 2 2 2 2 2 2 2 2 2 2 2
left_child=14 23 3 11 10 7 -7 13 -8 -6 -5 -3 -9 -4 28 16 17 18 -16 22 -21 -19 -18 -2 26 -26 -17 -28 29 -1
right_child=1 2 5 4 9 6 8 12 -10 -11 -12 -13 -14 -15 15 24 19 21 -20 20 -22 -23 -24 -25 25 -27 27 -29 -30 -31
leaf_value=-2.9164245143299989e-07 1.6978402020738162e-06 -6.3436602107458381e-06 3.1542540737307592e-06 2.8650529917026038e-07 -4.5859862552788403e-06 -5.3310834822522817e-06 1.0381368761022417e-06 1.6825069097823746e-06 1.0810302308311154e-07 -2.9341381264202936e-07 2.7871442679200732e-06 -2.7385777179410475e-06 1.93565092156392e-07 1.46929128768327e-06 -1.9623860784021316e-06 1.1918695146519124e-07 7.7363867636190023e-07 5.3115591875240338e-08 -2.3097120491929318e-07 9.5137330816896789e-07 -1.3352118276088733e-06 -9.2715844086990051e-07 2.6078984433297593e-06 3.4663320591443197e-06 -9.1033243876381675e-07 5.841253159711745e-07 8.4231328399204443e-07 2.578534921840711e-06 3.1278954110111886e-07 2.4417846472398915e-08
leaf_weight=3816 35 20 56 70 24 21 364 86 728 20 49 27 268 220 45 33 35 422 51 20 20 53 20 21 20 44 76 22 62 140
leaf_count=3816 35 20 56 70 24 21 364 86 728 20 49 27 268 220 45 33 35 422 51 20 20 53 20 21 20 44 76 22 62 140
internal_value=-1.49606e-15 5.04319e-07 4.5108e-07 -7.62482e-07 2.49653e-07 5.97293e-07 3.09639e-07 1.10548e-06 4.18114e-07 -2.63482e-06 1.31618e-06 -4.27266e-06 5.55285e-07 1.81117e-06 -2.07661e-07 8.93364e-08 -8.29624e-08 -2.22087e-07 -1.04257e-06 7.53248e-07 -1.91919e-07 -5.62624e-08 1.44064e-06 2.36102e-06 6.77803e-07 1.17107e-07 9.51731e-07 1.23208e-06 -2.71303e-07 -2.80457e-07
internal_weight=6888 2009 1953 210 163 1743 1113 630 1092 44 119 47 354 276 4879 861 666 571 96 95 40 475 55 56 195 64 131 98 4018 3956
internal_count=6888 2009 1953 210 163 1743 1113 630 1092 44 119 47 354 276 4879 861 666 571 96 95 40 475 55 56 195 64 131 98 4018 3956
is_linear=0
shrinkage=0.05


Tree=69
num_leaves=31
num_cat=0
split_feature=12 18 9 15 14 8 9 5 5 27 8 9 15 15 17 5 14 8 8 7 14 9 5 6 14 8 4 8 5 7
split_gain=2.60412e-07 7.80948e-08 1.40395e-07 7.63103e-08 8.13744e-08 9.02335e-08 7.24648e-08 1.19382e-07 4.63936e-08 4.31042e-08 3.42816e-08 3.01084e-08 2.14589e-08 3.92968e-08 2.80969e-08 2.44498e-08 6.4508e-09 1.09127e-08 5.79585e-09 1.09153e-08 7.86882e-09 5.65113e-09 3.84973e-09 3.63755e-09 3.54727e-09 3.42583e-09 1.42758e-08 4.31057e-09 1.43438e-09 1.15239e-09
threshold=0.60355339059327384 0.00029360500000000001 34.443490280802081 0.9052873537896472 0.3342611484689354 99.949376656828846 -13.146522644453039 4.3500000000000005 13.750000000000002 99.833333333333357 127.36843394903754 -47.146675317761911 0.20812153622207724 -0.013976481981245173 0.83559309807107451 8.1500000000000004 -0.87446570821478364 23.026137303920539 357.25307277430142 131.35704650378037 0.16799745313369893 82.938559294973601 6.9500000000000011 0.00077613000000000009 0.96234642434711437 155.50342488737434 52.500000000000007 163.00615541405975 15.550000000000002 139.78075255133533
decision_type=2 2 2 2 2 2 2 2 2 2 2 2 2 2 2 2 2 2 2 2 2 2 2 2 2 2 2 2 2 2
left_child=10 2 3 6 9 -6 8 -8 -2 -5 11 16 13 15 -14 -13 17 -1 21 20 -20 25 -19 -23 28 26 -12 -27 -18 -21
right_child=1 -3 -4 4 5 -7 7 -9 -10 -11 18 12 14 -15 -16 -17 24 22 19 29 -22 23 -24 -25 -26 27 -28 -29 -30 -31
leaf_value=-7.0370131462093628e-07 4.295243779452472e-07 2.969241341493363e-06 -3.0752945134184172e-06 8.5290557880369539e-07 -1.7894354814849239e-07 -4.8140443260265224e-06 -3.9769945168420975e-07 1.1293405883205067e-06 -4.7513289429102126e-07 -1.7628047436075922e-06 1.4006223341110212e-07 7.7186161564411102e-07 9.8183419965905708e-08 -1.3798337634468157e-06 2.3395468040824334e-06 5.9236454016148234e-08 -9.3230908567597399e-07 -1.5471758530338775e-07 1.259100223439324e-07 -4.8987167646785681e-08 1.4150759719200324e-06 -2.5786793339028174e-07 7.4084152667334528e-07 5.7732185645420495e-07 -2.1708979500156822e-07 -7.6680028510441427e-07 -6.4274962826636839e-07 -2.8474883506358249e-07 -4.536621406714403e-07 -5.1580703385321289e-07
leaf_weight=43 711 31 28 63 21 21 153 783 177 21 185 167 29 39 27 431 72 20 29 20 20 22 30 32 32 47 85 3490 20 39
leaf_count=43 711 31 28 63 21 21 153 783 177 21 185 167 29 39 27 431 72 20 29 20 20 22 30 32 32 47 85 3490 20 39
internal_value=-6.21088e-16 4.79103e-07 4.40077e-07 4.90554e-07 -6.99513e-07 -2.49649e-06 5.72763e-07 8.79728e-07 2.49204e-07 1.98978e-07 -1.97278e-07 7.95151e-08 2.40452e-07 1.57956e-07 1.17884e-06 2.58247e-07 -4.34445e-07 -1.19659e-07 -2.6074e-07 1.00525e-07 6.521e-07 -2.70845e-07 3.82618e-07 2.37059e-07 -6.70535e-07 -2.7805e-07 -1.06379e-07 -2.91154e-07 -8.28255e-07 -3.57563e-07
internal_weight=6888 2009 1978 1950 126 42 1824 936 888 84 4879 910 693 637 56 598 217 93 3969 108 49 3861 50 54 124 3807 270 3537 92 59
internal_count=6888 2009 1978 1950 126 42 1824 936 888 84 4879 910 693 637 56 598 217 93 3969 108 49 3861 50 54 124 3807 270 3537 92 59
is_linear=0
shrinkage=0.05


Tree=70
num_leaves=31
num_cat=0
split_feature=8 7 4 5 15 15 15 5 5 25 11 16 26 15 15 15 15 15 8 8 18 24 23 8 15 15 5 8 15 3
split_gain=2.35322e-07 1.0106e-07 5.81436e-08 1.07055e-07 7.64096e-08 2.18728e-07 1.3407e-07 9.85181e-08 9.63279e-08 7.07633e-08 8.70366e-08 6.97729e-08 6.72248e-08 4.70709e-08 1.28293e-08 1.65292e-08 1.21255e-08 3.75443e-08 1.31053e-07 2.78192e-08 4.95751e-08 1.09037e-07 4.41298e-08 1.97105e-08 7.83243e-09 8.51588e-09 8.05216e-09 5.71171e-09 1.00292e-08 4.74908e-09
threshold=109.77275541986442 131.77766011380569 81.500000000000014 15.850000000000003 0.16587474750015932 0.063390085881955341 0.11478523713130606 12.950000000000001 17.550000000000004 8.6482357576481679e-05 34.962500000000006 68.15000000000002 1.529073663568932e-05 0.61913436964878354 0.70897861563100306 0.60553543375389329 0.9052873537896472 0.94422823979932036 155.50342488737434 172.97747765956015 2.4510000000000004e-05 8.1244443659559364e-05 357.50000000000006 141.71046372956297 0.34033495509342482 1.0000000180025095e-35 15.550000000000002 354.97372237062882 -0.73865259438682551 17.250000000000004
decision_type=2 2 2 2 2 2 2 2 2 2 2 2 2 2 2 2 2 2 2 2 2 2 2 2 2 2 2 2 2 2
left_child=1 2 4 9 5 8 -7 11 -1 12 -11 -6 -4 -9 15 24 19 18 -18 20 -2 -22 -23 -19 25 -3 -26 -21 29 -29
right_child=16 14 3 -5 7 6 -8 13 -10 10 -12 -13 -14 -15 -16 -17 17 23 -20 27 21 22 -24 -25 26 -27 -28 28 -30 -31
leaf_value=5.3049152338036067e-07 1.831748001826292e-06 -2.9795474026248882e-07 3.8451684178887522e-07 -2.6140177605820767e-06 1.6003477360371222e-06 -4.5938268957604922e-06 3.1763679544383197e-07 -2.1504888907301116e-06 2.2647948530200613e-06 -2.4411750660470311e-06 1.4571409727588098e-06 4.3058839797335425e-06 3.3541610394292676e-06 9.0223982119092795e-07 -7.2560541365961106e-07 1.1484597285023788e-06 -4.5409880470970164e-06 9.2727534435097268e-07 -3.515039798869458e-07 -2.7307905192742549e-07 -3.6374108572090342e-06 1.32355298406203e-06 -4.5256352045493046e-08 -3.5434109934426616e-07 -1.2303238266293407e-06 2.5187905639509113e-07 3.4030283586616858e-08 1.0506697069855444e-06 -4.0873909239315069e-07 1.825347713477754e-07
leaf_weight=1379 39 206 206 37 160 33 24 23 85 45 21 28 21 28 114 24 24 36 84 3222 20 67 486 180 34 107 20 23 62 50
leaf_count=1379 39 206 206 37 160 33 24 23 85 45 21 28 21 28 114 24 24 36 84 3222 20 67 486 180 34 107 20 23 62 50
internal_value=-4.21537e-16 3.75895e-07 5.29273e-07 -7.97689e-08 6.43468e-07 5.12875e-07 -2.52584e-06 1.47457e-06 6.31185e-07 2.40256e-07 -1.2008e-06 2.0033e-06 6.59242e-07 -4.74481e-07 -2.58879e-07 -1.228e-07 -2.27218e-07 -5.21326e-07 -1.2825e-06 -2.03209e-07 1.06819e-07 -1.05842e-08 1.20585e-07 -1.40738e-07 -2.05935e-07 -1.09992e-07 -7.62045e-07 -2.59729e-07 5.88912e-08 4.56057e-07
internal_weight=6888 2595 2090 330 1760 1521 57 239 1464 293 66 188 227 51 505 391 4293 324 108 3969 612 573 553 216 367 313 54 3357 135 73
internal_count=6888 2595 2090 330 1760 1521 57 239 1464 293 66 188 227 51 505 391 4293 324 108 3969 612 573 553 216 367 313 54 3357 135 73
is_linear=0
shrinkage=0.05


Tree=71
num_leaves=20
num_cat=0
split_feature=14 14 13 15 14 14 13 24 13 15 27 15 3 3 14 3 14 3 13
split_gain=5.15857e-08 8.4729e-08 6.45293e-08 5.21204e-08 1.38822e-07 2.38941e-07 1.08171e-07 5.27224e-08 2.19269e-07 4.58574e-08 1.00245e-07 7.20574e-08 4.36301e-08 3.99757e-08 6.29212e-08 5.50225e-08 3.88725e-08 3.176e-08 7.1524e-09
threshold=0.99983759474438971 0.99939377080793557 0.1294095225512602 -0.75013812021657655 0.52766072109828632 0.49812943072827093 0.1294095225512602 0.00049622577333047549 -0.12940952255126037 -0.64580103137750788 3.5000000000000004 -0.69676771491221523 12.750000000000002 9.6500000000000004 0.9893236546938301 11.750000000000002 0.21862473630160603 23.850000000000005 -0.9159756150367534
decision_type=2 2 2 2 2 2 2 2 2 2 2 2 2 2 2 2 2 2 2
left_child=1 3 -2 4 5 16 -7 8 -6 10 17 -12 -3 14 -11 -15 -1 -5 -9
right_child=2 12 -4 9 7 6 -8 18 -10 13 11 -13 -14 15 -16 -17 -18 -19 -20
leaf_value=2.8583611325176885e-07 -3.319780473440495e-06 3.8884227967628252e-06 3.5956978453296789e-07 2.0816463325676807e-06 4.8948066306408251e-06 -5.6057776270371018e-06 -8.4203203310938657e-07 7.7649966585711269e-07 7.7595810335669036e-07 3.5255941833156612e-06 -3.6646921293013987e-07 -1.9395376197011235e-06 8.3075875149266457e-07 -9.0033119107091809e-07 9.0812035793419455e-08 -2.5648900023190834e-08 -2.7256436457714755e-07 1.6822342256559329e-07 -2.7672609235196435e-07
leaf_weight=1320 26 20 22 29 43 26 22 27 130 20 158 135 28 188 40 4120 408 86 40
leaf_count=1320 26 20 22 29 43 26 22 27 130 20 158 135 28 188 40 4120 408 86 40
internal_value=-1.12624e-15 1.14625e-08 -1.63341e-06 -3.33126e-09 2.09856e-07 5.73325e-08 -3.42239e-06 1.33853e-06 1.79972e-06 -9.332e-08 -6.00257e-07 -1.09126e-06 2.10479e-06 -4.59687e-08 1.23574e-06 -6.38198e-08 1.53992e-07 6.50739e-07 1.47708e-07
internal_weight=6888 6840 48 6792 2016 1776 48 240 173 4776 408 293 48 4368 60 4308 1728 115 67
internal_count=6888 6840 48 6792 2016 1776 48 240 173 4776 408 293 48 4368 60 4308 1728 115 67
is_linear=0
shrinkage=0.05


Tree=72
num_leaves=29
num_cat=0
split_feature=12 19 12 27 19 26 0 3 6 15 15 3 15 15 15 15 1 3 12 0 20 19 8 6 15 8 8 9
split_gain=2.2432e-07 7.80867e-08 7.3777e-08 7.51591e-08 6.50372e-08 1.08751e-07 9.46743e-08 5.8429e-08 5.16118e-08 4.39563e-08 6.27755e-08 1.18859e-07 4.7107e-08 3.34113e-08 1.00264e-07 9.34721e-08 2.51772e-08 1.26527e-08 1.19935e-08 7.05164e-09 6.92679e-09 5.64349e-09 4.99367e-09 3.98555e-09 5.37802e-09 3.87214e-09 2.73025e-09 1.16192e-09
threshold=0.91597561503675362 9.0400000000000015e-05 0.25881904510252091 21.833333333333339 4.5305000000000008e-05 1.529073663568932e-05 3.5000000000000004 27.750000000000004 3.4850000000000001e-06 -0.98521978256641018 -0.9575230291762723 22.050000000000004 -0.46800559042974538 -0.013976481981245173 -0.57782411410281842 0.14888728888808328 46.050000000000004 22.850000000000005 0.60355339059327384 151.50000000000003 0.00081085500000000019 0.0005954100000000001 359.28908972677465 0.00081510000000000013 -0.77788789561442695 125.53802552134648 106.86421211404389 80.060618111620343
decision_type=2 2 2 2 2 2 2 2 2 2 2 2 2 2 2 2 2 2 2 2 2 2 2 2 2 2 2 2
left_child=2 4 20 9 5 6 8 13 -2 18 11 -11 -12 14 -5 -15 17 -7 21 -20 22 -4 23 26 -25 -22 -1 -27
right_child=1 -3 3 7 -6 16 -8 -9 -10 10 12 -13 -14 15 -16 -17 -18 -19 19 -21 25 -23 -24 24 -26 27 -28 -29
leaf_value=-5.173497007625523e-07 5.8642002075360585e-07 3.4533734028977615e-06 3.4590902941999957e-07 -5.9494639819106075e-07 -1.9510296387243612e-06 1.0931314957218774e-06 -2.3295583762066806e-06 2.2361772776093859e-06 2.4796050895833779e-06 -3.9343552828086109e-06 9.4338179009740154e-07 3.6045268843179435e-07 1.6048314155170149e-07 -2.0972554620406117e-06 7.1386624687164922e-07 -1.9896575917738213e-07 4.0585059749624319e-06 2.8716639866388509e-06 1.5276066415973827e-06 2.7988268243461791e-06 8.0208621501366337e-07 1.4682758781248141e-06 4.3705083572620896e-07 7.3902244347815828e-07 -2.7282369689997128e-07 -2.1673894936898081e-07 -2.4454211859113752e-07 2.515655657257062e-07
leaf_weight=94 684 26 21 303 23 20 27 25 38 24 325 49 470 79 283 362 23 20 24 20 22 24 27 24 29 27 3769 26
leaf_count=94 684 26 21 303 23 20 27 25 38 24 325 49 470 79 283 362 23 20 24 20 22 24 27 24 29 27 3769 26
internal_value=-4.46431e-16 7.54929e-07 -1.07847e-07 1.3955e-07 6.70905e-07 7.45172e-07 5.77354e-07 -1.52138e-07 6.86061e-07 4.60194e-07 3.51686e-07 -1.05154e-06 4.80536e-07 -2.10276e-07 3.71252e-08 -5.39022e-07 2.74034e-06 1.9824e-06 1.51845e-06 2.10543e-06 -2.31546e-07 9.44505e-07 -2.406e-07 -2.45272e-07 1.85371e-07 2.44462e-07 -2.5118e-07 1.29953e-08
internal_weight=6888 861 6027 2009 835 812 749 1052 722 957 868 73 795 1027 586 441 63 40 89 44 4018 45 3943 3916 53 75 3863 53
internal_count=6888 861 6027 2009 835 812 749 1052 722 957 868 73 795 1027 586 441 63 40 89 44 4018 45 3943 3916 53 75 3863 53
is_linear=0
shrinkage=0.05


Tree=73
num_leaves=26
num_cat=0
split_feature=12 19 8 27 14 14 15 8 6 19 7 1 14 14 14 14 15 14 2 8 9 14 15 8 8
split_gain=2.02448e-07 7.04732e-08 6.65933e-08 6.06962e-08 6.41572e-08 1.38527e-07 1.25634e-07 1.19993e-07 8.86121e-08 5.86961e-08 5.87701e-08 6.08615e-08 7.00188e-08 5.433e-08 8.38299e-08 1.03769e-07 9.27537e-08 4.13081e-08 2.73162e-08 4.41692e-09 4.49788e-09 2.88147e-09 2.74376e-09 6.46305e-09 6.12239e-09
threshold=0.91597561503675362 9.0400000000000015e-05 127.36843394903754 21.500000000000004 0.98667101781630195 0.92602006027323147 0.029024409397335523 62.02699897914372 8.3015000000000017e-05 4.5305000000000008e-05 83.020286637047604 16.650000000000002 0.91248814248966237 0.98049069993378934 0.88621069759564464 0.46039464932087154 -0.26867065956352881 0.30164402523644185 95.500000000000014 359.28908972677465 82.938559294973601 0.21862473630160603 0.9052873537896472 174.73399450569516 172.97747765956015
decision_type=2 2 2 2 2 2 2 2 2 2 2 2 2 2 2 2 2 2 2 2 2 2 2 2 2
left_child=2 9 3 13 5 17 18 -8 -7 10 -2 12 -12 14 15 -1 -16 -5 -6 20 22 -22 24 -24 -4
right_child=1 -3 19 4 6 8 7 -9 -10 -11 11 -13 -14 -15 16 -17 -18 -19 -20 -21 21 -23 23 -25 -26
leaf_value=2.1761593350759853e-07 2.6016848134228595e-06 3.2807047423725287e-06 -1.0350282866745815e-09 1.8859013946106695e-07 -6.311789462236968e-07 2.8385236248891963e-07 -2.6110258204425919e-08 -4.9630661223432073e-06 3.3220138125974096e-06 -1.8534781544155483e-06 4.6269168957693818e-07 -1.9211174137877687e-06 1.7165666698476198e-06 2.4064974074245915e-06 -3.5064013508596351e-06 1.5869150593620508e-06 -1.186037373322429e-08 -5.0703123503639339e-07 1.5083812741067959e-06 4.1519832389322231e-07 5.6581116962598606e-07 -1.6668443936396216e-07 -8.7436032427174523e-07 -2.6751184484452002e-07 -2.4024921539708143e-07
leaf_weight=691 39 26 291 383 35 48 20 32 48 23 614 23 136 33 28 173 59 482 26 27 29 25 54 234 3309
leaf_count=691 39 26 291 383 35 48 20 32 48 23 614 23 136 33 28 173 59 482 26 27 29 25 54 234 3309
internal_value=-1.11706e-15 7.17182e-07 -1.02455e-07 1.28354e-07 -1.31556e-07 9.59984e-10 -1.25853e-06 -3.06424e-06 1.80293e-06 6.3736e-07 7.07914e-07 6.12367e-07 6.90061e-07 4.12037e-07 3.42829e-07 4.91793e-07 -1.13654e-06 -1.99028e-07 2.80765e-07 -2.22133e-07 -2.26499e-07 2.26693e-07 -2.32793e-07 -3.81296e-07 -2.20913e-07
internal_weight=6888 861 6027 2058 1074 961 113 52 96 835 812 773 750 984 951 864 87 865 61 3969 3942 54 3888 288 3600
internal_count=6888 861 6027 2058 1074 961 113 52 96 835 812 773 750 984 951 864 87 865 61 3969 3942 54 3888 288 3600
is_linear=0
shrinkage=0.05


Tree=74
num_leaves=31
num_cat=0
split_feature=12 19 12 3 15 15 15 15 15 19 20 2 6 3 8 2 3 15 15 3 20 2 23 8 15 3 25 8 8 8
split_gain=1.8271e-07 6.36021e-08 6.07863e-08 6.39338e-08 5.33517e-08 1.33188e-07 1.87041e-07 1.65292e-07 7.05826e-08 5.29732e-08 7.0586e-08 5.40797e-08 3.9001e-08 3.8449e-08 3.19578e-08 3.10183e-08 2.40756e-08 2.27845e-08 3.41078e-08 2.06782e-08 5.79019e-09 5.47732e-09 4.64459e-09 4.33098e-09 9.05865e-09 4.10845e-09 3.90282e-09 6.2763e-09 3.28262e-09 2.23534e-09
threshold=0.91597561503675362 9.0400000000000015e-05 0.25881904510252091 24.450000000000003 -0.97874870457683594 -0.84774213365954088 -0.8142754349318998 -0.86548532668110156 -0.99938741687870725 4.5305000000000008e-05 2.3925000000000002e-05 2.5000000000000004 3.4850000000000001e-06 18.050000000000004 44.053632639287635 173.50000000000003 22.150000000000002 -0.6652727025667432 -0.18493013702746822 26.050000000000004 0.00081085500000000019 151.50000000000003 685.50000000000011 354.97372237062882 -0.73865259438682551 17.250000000000004 0.00073457243935596422 173.990495879848 125.53802552134648 106.86421211404389
decision_type=2 2 2 2 2 2 2 2 2 2 2 2 2 2 2 2 2 2 2 2 2 2 2 2 2 2 2 2 2 2
left_child=2 9 20 4 8 7 -7 -6 -4 10 11 12 -2 -12 -10 17 -15 21 -19 -17 23 -5 -21 26 25 -25 29 -28 -22 -1
right_child=1 -3 3 15 5 6 -8 -9 14 -11 13 -13 -14 16 -16 19 -18 18 -20 22 28 -23 -24 24 -26 -27 27 -29 -30 -31
leaf_value=-4.7552363264813384e-07 5.2250723985538784e-07 3.116669525017922e-06 -1.4872969946585123e-06 1.5977281902925086e-06 -7.9335164608934295e-07 3.9375861624355297e-06 9.0432750297985284e-09 -5.4908258443035835e-06 6.1154540221563229e-07 -1.7608042585577451e-06 3.8594321623626777e-06 -1.8583650829817129e-06 2.2575193490999535e-06 1.0338383568913352e-07 2.3256323100995043e-06 -1.4653850632907421e-06 2.3606765326862675e-06 -1.3271641109158863e-07 1.8127677287449126e-06 8.6853722966505033e-07 7.3901656853856621e-07 7.5427980262880425e-07 -1.3122407105064278e-07 9.9093461101248356e-07 -3.8400664683348949e-07 1.8347340453317431e-07 3.7441431558286641e-07 -3.1004556592678815e-07 1.2472887829491537e-08 -2.3103651803397238e-07
leaf_weight=96 684 26 24 118 173 31 1338 21 52 23 23 23 34 21 57 21 27 71 33 26 22 23 21 23 62 50 68 66 53 3578
leaf_count=96 684 26 24 118 173 31 1338 21 52 23 23 23 34 21 57 21 27 71 33 26 22 23 21 23 62 50 68 66 53 3578
internal_value=-2.15644e-15 6.81323e-07 -9.73319e-08 1.27231e-07 6.05788e-09 -7.57467e-08 9.80022e-08 -1.30184e-06 9.67416e-07 6.05492e-07 6.72518e-07 5.28216e-07 6.04667e-07 2.17854e-06 1.5079e-06 7.83808e-07 1.37311e-06 1.04604e-06 4.84601e-07 -1.60983e-07 -2.09613e-07 1.46014e-06 4.21835e-07 -2.17891e-07 6.04204e-08 4.37879e-07 -2.27758e-07 3.72923e-08 2.25592e-07 -2.37425e-07
internal_weight=6888 861 6027 2009 1696 1563 1369 194 133 835 812 741 718 71 109 313 48 245 104 68 4018 141 47 3943 135 73 3808 134 75 3674
internal_count=6888 861 6027 2009 1696 1563 1369 194 133 835 812 741 718 71 109 313 48 245 104 68 4018 141 47 3943 135 73 3808 134 75 3674
is_linear=0
shrinkage=0.05


Tree=75
num_leaves=31
num_cat=0
split_feature=12 26 0 14 5 27 27 5 27 12 27 14 14 5 17 14 14 14 17 14 1 14 15 3 6 14 8 9 14 11
split_gain=1.64896e-07 5.74807e-08 7.84895e-08 6.77412e-08 1.05291e-07 1.54271e-07 9.745e-08 1.20025e-07 6.68299e-08 5.48596e-08 5.9445e-08 5.66318e-08 1.22884e-07 1.18574e-07 1.29892e-07 6.04607e-08 4.74653e-08 6.27556e-08 1.35434e-07 1.06698e-07 4.34934e-08 5.0656e-08 4.31357e-08 2.04542e-08 4.96265e-09 6.20384e-09 3.88487e-09 8.19613e-09 7.60585e-09 2.91396e-09
threshold=0.91597561503675362 1.529073663568932e-05 3.5000000000000004 0.91248814248966237 10.950000000000001 81.166666666666671 55.500000000000007 11.550000000000002 8.5000000000000018 0.25881904510252091 21.833333333333339 0.98667101781630195 0.96687895796550427 8.0500000000000025 0.47716978822377293 0.81428061195174062 0.98049069993378934 0.88621069759564464 0.94439098367967611 0.73283908552571653 89.500000000000014 1.0000000180025095e-35 -0.013976481981245173 21.150000000000002 0.00081510000000000013 0.61237135649459018 354.97372237062882 -47.827688880126878 0.16799745313369893 55.940625000000004
decision_type=2 2 2 2 2 2 2 2 2 2 2 2 2 2 2 2 2 2 2 2 2 2 2 2 2 2 2 2 2 2
left_child=9 2 3 6 5 -5 8 -8 -2 24 16 12 15 14 -13 -12 17 19 -19 -11 21 23 -15 -3 26 -26 29 -28 -29 -1
right_child=1 20 -4 4 -6 -7 7 -9 -10 10 11 13 -14 22 -16 -17 -18 18 -20 -21 -22 -23 -24 -25 25 -27 27 28 -30 -31
leaf_value=-2.2778157988069092e-07 4.9407006956976364e-08 4.5403547356608726e-07 -2.1575240057077111e-06 1.1880193604631795e-08 4.6033555179292309e-06 4.6930683357583232e-06 4.7828864332645225e-07 -2.1004248142749285e-06 1.3523943558716976e-06 3.2503495826803847e-07 -3.5294121663651694e-07 -4.1241209136128675e-07 2.8956511976982063e-06 2.3977382474333296e-06 -4.755282334096564e-06 6.0595055705613701e-07 2.2693228577901952e-06 1.0646660135544403e-07 -4.5376008188213744e-06 2.585010825230581e-06 3.5570085576462307e-07 4.4293069611905429e-06 -7.3332604312202998e-07 2.4663826201682634e-06 7.4554457451507651e-07 -2.3949235640836348e-07 -3.7817513292755702e-07 1.0222739327694151e-07 1.2408458741219874e-06 -5.9946435031225581e-08
leaf_weight=3540 172 23 27 88 24 22 109 77 230 775 688 36 35 22 33 216 33 73 20 56 39 22 22 28 31 33 60 55 20 279
leaf_count=3540 172 23 27 88 24 22 109 77 230 775 688 36 35 22 33 216 33 73 20 56 39 22 22 28 31 33 60 55 20 279
internal_value=-1.29776e-15 6.47257e-07 4.89279e-07 5.88259e-07 1.60279e-06 9.48118e-07 3.57057e-07 -5.89243e-07 7.94897e-07 -9.24653e-08 1.20869e-07 -1.3854e-07 -1.12784e-08 -1.19605e-06 -2.48944e-06 -1.23825e-07 4.0603e-07 3.39483e-07 -8.92258e-07 4.77332e-07 1.70374e-06 2.42392e-06 8.32206e-07 1.55885e-06 -1.99132e-07 2.37635e-07 -2.06202e-07 5.73994e-08 4.05859e-07 -2.1552e-07
internal_weight=6888 861 749 722 134 110 588 186 402 6027 2009 1052 939 113 69 904 957 924 93 831 112 73 44 51 4018 64 3954 135 75 3819
internal_count=6888 861 749 722 134 110 588 186 402 6027 2009 1052 939 113 69 904 957 924 93 831 112 73 44 51 4018 64 3954 135 75 3819
is_linear=0
shrinkage=0.05


Tree=76
num_leaves=31
num_cat=0
split_feature=8 13 5 22 19 25 22 26 14 3 3 5 7 14 14 15 14 8 8 15 24 14 8 22 23 8 15 14 8 9
split_gain=1.41812e-07 7.71128e-08 7.02343e-08 6.89793e-08 1.83672e-07 9.94092e-08 6.66247e-08 5.40065e-08 3.86626e-08 2.72512e-08 7.47277e-08 3.67799e-08 3.19061e-08 2.26105e-08 1.6853e-08 1.02333e-08 3.34377e-08 1.18162e-07 1.83598e-08 4.32326e-08 6.81795e-08 4.68367e-08 1.68646e-08 1.63503e-08 1.3137e-08 3.65207e-09 7.39994e-09 7.02083e-09 1.2078e-09 6.43046e-10
threshold=109.77275541986442 0.25881904510252057 1.4500000000000002 159.50000000000003 0.00026676500000000003 0.00019987786527132369 123.50000000000001 0.00023613344967096978 0.99907018497641664 11.450000000000001 10.050000000000002 2.1500000000000008 133.3293174737826 0.75580964594513067 0.89404822654372251 0.9052873537896472 0.3342611484689354 155.50342488737434 172.97747765956015 0.61913436964878354 8.1244443659559364e-05 0.73283908552571653 141.71046372956297 351.50000000000006 295.50000000000006 354.97372237062882 -0.67801649466304881 0.16799745313369893 184.78413272842872 82.938559294973601
decision_type=2 2 2 2 2 2 2 2 2 2 2 2 2 2 2 2 2 2 2 2 2 2 2 2 2 2 2 2 2 2
left_child=1 2 -1 5 -5 6 -4 -6 9 10 -3 12 -11 -13 -12 18 22 -18 19 20 -2 24 -17 -22 -21 29 27 -27 -24 -20
right_child=15 8 3 4 7 -7 -8 -9 -10 11 14 13 -14 -15 -16 16 17 -19 25 21 23 -23 28 -25 -26 26 -28 -29 -30 -31
leaf_value=-1.9749039404780855e-06 -2.8276855379710305e-06 8.5856020604069272e-07 9.0455890868996064e-07 -3.4982607422406888e-06 2.0796487738359497e-06 3.946623060248665e-06 -1.3607951479892056e-06 2.509624338097067e-07 2.1843856113434869e-06 2.7324006129239698e-06 -1.2981872457373811e-06 -1.546460167788518e-07 3.6773798499433771e-08 3.8335836954812013e-07 -3.3036118049329327e-06 9.005020436979471e-07 -4.2589982465794188e-06 -2.8089412683671286e-07 -2.1273155016162965e-07 1.083576724199145e-06 1.0931992188957476e-06 3.1650568712393583e-06 -5.4402249737171986e-07 -6.0732340124209315e-08 -8.0241545941106559e-08 9.2421659842486788e-08 -3.7850977785063538e-07 1.1788035936888265e-06 -2.2022720847934986e-07 6.4856788959505577e-08
leaf_weight=27 22 32 715 32 44 26 34 490 20 23 20 834 21 255 22 36 24 84 3201 49 33 20 36 440 48 58 57 20 144 21
leaf_count=27 22 32 715 32 44 26 34 490 20 23 20 834 21 255 22 36 24 84 3201 49 33 20 36 440 48 58 57 20 144 21
internal_value=-7.48504e-16 2.91804e-07 5.49937e-07 6.00773e-07 1.81152e-07 9.07232e-07 8.01726e-07 4.01641e-07 4.00775e-09 -3.21211e-08 -9.61747e-07 2.85958e-08 1.44585e-06 -2.8667e-08 -2.34865e-06 -1.76388e-07 -4.46576e-07 -1.16492e-06 -1.54331e-07 9.75312e-08 -1.06779e-07 9.61921e-07 -8.74049e-08 1.97745e-08 5.07667e-07 -2.00247e-07 5.45294e-08 3.70981e-07 -2.84986e-07 -2.10922e-07
internal_weight=6888 2595 1368 1341 566 775 749 534 1227 1207 74 1133 44 1089 42 4293 324 108 3969 612 495 117 216 473 97 3357 135 78 180 3222
internal_count=6888 2595 1368 1341 566 775 749 534 1227 1207 74 1133 44 1089 42 4293 324 108 3969 612 495 117 216 473 97 3357 135 78 180 3222
is_linear=0
shrinkage=0.05


Tree=77
num_leaves=31
num_cat=0
split_feature=12 19 1 17 20 12 3 15 15 15 15 15 14 3 5 5 9 14 5 25 20 25 22 9 5 22 3 15 12 12
split_gain=1.35037e-07 5.56715e-08 5.16853e-08 5.26082e-08 4.95224e-08 4.47456e-08 5.69997e-08 4.83552e-08 1.16439e-07 1.68788e-07 1.48344e-07 6.36786e-08 4.44115e-08 1.50345e-07 6.75791e-08 3.91966e-08 2.48843e-08 2.07284e-08 1.98498e-08 1.61079e-08 4.91039e-09 3.09297e-09 5.01225e-09 3.41603e-09 3.14552e-09 1.67017e-09 2.55844e-09 1.11386e-09 1.18569e-08 1.1165e-09
threshold=0.91597561503675362 9.0400000000000015e-05 60.350000000000009 0.55128277840380302 2.8530000000000003e-05 0.25881904510252091 24.450000000000003 -0.97874870457683594 -0.84774213365954088 -0.8142754349318998 -0.86548532668110156 -0.99938741687870725 0.96234642434711437 12.450000000000001 15.850000000000003 4.9500000000000011 -31.791100506048448 -0.74512825849743647 17.650000000000002 0.00028151315719447272 0.00081700000000000013 0.00073457243935596422 919.50000000000011 76.926426707370595 13.250000000000002 944.50000000000011 25.950000000000003 -0.79904327102181261 0.12940952255126045 0.12940952255126045
decision_type=2 2 2 2 2 2 2 2 2 2 2 2 2 2 2 2 2 2 2 2 2 2 2 2 2 2 2 2 2 2
left_child=5 2 3 12 -5 20 7 11 10 -10 -9 -7 14 -14 -2 -8 -13 19 -19 -17 21 27 24 -24 -23 26 -22 28 -1 -29
right_child=1 -3 -4 4 -6 6 15 8 9 -11 -12 16 13 -15 -16 17 -18 18 -20 -21 25 22 23 -25 -26 -27 -28 29 -30 -31
leaf_value=-2.0081617028216004e-07 5.2285269737934618e-07 2.8641911232905561e-06 -1.3659217393069411e-06 4.0741026271007283e-06 9.5519132823288352e-07 -1.4217580220095747e-06 2.8705543172691251e-06 -7.4799917905893069e-07 3.726586221326274e-06 -5.3501888599547106e-09 -5.1981321651813539e-06 1.9723765452302664e-07 -5.2970394040614254e-07 3.4285413604191826e-06 -1.0730699851061824e-06 -1.3264548670122168e-06 1.8887367175854905e-06 6.2529153188187793e-07 1.9708700973453119e-06 3.2867199233434658e-07 8.5385130825121893e-07 8.7171806152734157e-07 -3.8968407077769978e-07 2.2639911847477379e-07 2.2689787044782862e-08 -8.8408820757153583e-08 5.4095142445476089e-08 -2.01937143193967e-07 4.5500745753201952e-07 -3.2113543403859927e-07
leaf_weight=850 574 26 35 20 35 24 20 173 31 1338 21 30 47 49 75 21 79 191 32 49 20 24 60 36 20 22 20 2679 75 212
leaf_count=850 574 26 35 20 35 24 20 173 31 1338 21 30 47 49 75 21 79 191 32 49 20 24 60 36 20 22 20 2679 75 212
internal_value=-8.19699e-16 5.85732e-07 5.14786e-07 5.97067e-07 2.08934e-06 -8.3676e-08 1.08992e-07 -5.42092e-09 -8.33007e-08 7.91568e-08 -1.22971e-06 9.09813e-07 4.86899e-07 1.49065e-06 3.38424e-07 7.28942e-07 1.42319e-06 5.82757e-07 8.18379e-07 -1.67866e-07 -1.8001e-07 -1.8693e-07 4.38882e-08 -1.58653e-07 4.85796e-07 2.61515e-07 4.53973e-07 -1.95398e-07 -1.47641e-07 -2.10678e-07
internal_weight=6888 861 835 800 55 6027 2009 1696 1563 1369 194 133 745 96 649 313 109 293 223 70 4018 3956 140 96 44 62 40 3816 925 2891
internal_count=6888 861 835 800 55 6027 2009 1696 1563 1369 194 133 745 96 649 313 109 293 223 70 4018 3956 140 96 44 62 40 3816 925 2891
is_linear=0
shrinkage=0.05


Tree=78
num_leaves=31
num_cat=0
split_feature=12 26 0 5 27 27 3 8 4 5 8 3 17 17 3 8 23 8 5 1 3 18 4 1 27 11 3 4 9 8
split_gain=1.21871e-07 4.88268e-08 7.49616e-08 5.37327e-08 8.85926e-08 1.3295e-07 1.16495e-07 5.2598e-08 9.05467e-08 7.66041e-08 4.08397e-08 4.85964e-08 6.00715e-08 8.97393e-08 8.51791e-08 1.5924e-07 9.1921e-08 7.13298e-08 5.51325e-08 3.91751e-08 4.01975e-08 3.89245e-08 2.64698e-08 2.5388e-08 3.66774e-08 2.533e-08 1.89282e-08 7.68778e-09 3.15942e-09 2.90397e-09
threshold=0.91597561503675362 1.529073663568932e-05 3.5000000000000004 12.65 55.500000000000007 7.166666666666667 15.15 75.775009757328732 68.500000000000014 4.6500000000000012 125.53802552134648 24.250000000000004 0.90699206828123258 0.83559309807107451 18.650000000000002 100.82326560581713 238.50000000000003 86.953777572817486 1.2000000000000004 89.500000000000014 18.050000000000004 0.00050728000000000014 6.5000000000000009 252.30000000000004 42.166666666666679 27.450000000000003 21.150000000000002 1.0000000180025095e-35 82.938559294973601 359.28908972677465
decision_type=2 2 2 2 2 2 2 2 2 2 2 2 2 2 2 2 2 2 2 2 2 2 2 2 2 2 2 2 2 2
left_child=10 2 3 7 5 -5 -6 8 -2 -9 11 12 13 18 15 -14 -16 -15 -1 20 -3 23 27 25 -25 -13 -22 -23 29 -12
right_child=1 19 -4 4 6 -7 -8 9 -10 -11 28 21 14 17 16 -17 -18 -19 -20 -21 26 22 -24 24 -26 -27 -28 -29 -30 -31
leaf_value=-2.4145321210274535e-06 -2.2199817293876295e-07 3.8901404091499593e-06 -2.1757922645014739e-06 -2.0839954884415363e-06 -3.1797897972667316e-07 1.8406861318158971e-06 -4.8888833816818078e-06 -5.7475098796679792e-08 2.0875098787544048e-06 1.7365869372261669e-06 -1.8105002999026873e-07 1.0346679928829871e-06 -5.9177567025125474e-06 2.8536445748968281e-06 2.411347248618348e-06 2.3969656424361301e-07 -8.7036999925725055e-07 5.2971092702182023e-07 4.0393677925447341e-09 2.5078791139047756e-07 2.5777609001427968e-07 6.9159985694819502e-07 -1.398963389686381e-06 1.0590693574423421e-06 3.3367708033438251e-06 -9.7048216868448179e-07 2.2435691960254191e-06 -1.7930134682665591e-07 2.0757651135738798e-07 3.3927707131961477e-07
leaf_weight=24 213 24 27 31 46 71 20 84 53 204 3915 36 21 47 26 21 119 111 1294 39 21 58 29 152 20 28 28 45 54 27
leaf_count=24 213 24 27 31 46 71 20 84 53 204 3915 36 21 47 26 21 119 111 1294 39 21 58 29 152 20 28 28 45 54 27
internal_value=-7.72553e-16 5.56445e-07 4.10844e-07 5.07574e-07 -2.75713e-07 6.47891e-07 -1.7031e-06 7.45105e-07 2.38167e-07 1.21332e-06 -7.94922e-08 1.03073e-07 -1.19789e-08 9.49847e-08 -8.56247e-07 -2.83903e-06 -2.81924e-07 1.22101e-06 -4.00014e-08 1.53015e-06 2.21365e-06 6.22997e-07 -6.45887e-08 1.00758e-06 1.32392e-06 1.57415e-07 1.39252e-06 3.11109e-07 -1.72283e-07 -1.77486e-07
internal_weight=6888 861 749 722 168 102 66 554 266 288 6027 2031 1663 1476 187 42 145 158 1318 112 73 368 132 236 172 64 49 103 3996 3942
internal_count=6888 861 749 722 168 102 66 554 266 288 6027 2031 1663 1476 187 42 145 158 1318 112 73 368 132 236 172 64 49 103 3996 3942
is_linear=0
shrinkage=0.05


Tree=79
num_leaves=31
num_cat=0
split_feature=12 14 14 27 14 8 14 17 14 14 8 17 14 15 6 12 8 15 25 25 14 8 12 9 5 14 14 8 14 1
split_gain=1.10417e-07 6.80949e-08 1.13961e-07 2.65191e-07 1.79137e-07 8.89528e-08 7.7356e-08 7.93159e-08 2.02603e-07 1.31989e-07 6.19919e-08 4.17126e-08 4.11315e-08 1.48968e-08 1.19389e-08 5.11957e-08 1.0144e-08 7.62269e-09 1.14858e-08 5.1666e-09 1.61465e-08 2.93538e-08 4.9006e-09 1.80518e-08 2.12929e-08 3.70242e-09 3.35114e-09 3.04658e-09 6.48087e-09 8.20085e-10
threshold=0.60355339059327384 -0.99763297024448894 -0.94705910369513524 6.166666666666667 -0.95995996396290595 103.59314869256782 -0.11798679274379933 0.90699206828123258 0.89404822654372251 -0.015050995721668367 88.356080700843151 0.9806531038130285 -0.25309334970420783 0.011826144619637555 0.00063523000000000008 0.37940952255126054 172.97747765956015 0.20812153622207724 0.00044089405773684194 0.00062058274066632303 0.21862473630160603 125.53802552134648 0.12940952255126045 -47.146675317761911 7.1500000000000012 0.9053161325100999 -0.87446570821478364 166.90661653912363 0.42179998225932674 818.35000000000014
decision_type=2 2 2 2 2 2 2 2 2 2 2 2 2 2 2 2 2 2 2 2 2 2 2 2 2 2 2 2 2 2
left_child=14 13 3 10 5 -5 11 9 -9 -8 -3 12 -4 -2 19 16 17 18 -16 22 -21 -22 27 26 -25 -19 -24 28 -1 -23
right_child=1 2 6 4 -6 -7 7 8 -10 -11 -12 -13 -14 -15 15 -17 -18 25 -20 20 21 29 23 24 -26 -27 -28 -29 -30 -31
leaf_value=-1.0857581777411818e-06 1.3993651951490653e-06 -2.5837227240201714e-06 6.5240432212622411e-07 1.5257852562963647e-06 -3.3736430742692395e-06 -1.783953521226067e-06 -2.7228283050005435e-06 3.1525890566598043e-07 -4.861545568457115e-06 3.9406140836475091e-07 -6.2564563506839482e-06 2.8906491024827122e-06 2.1369340996263317e-06 3.083851840658879e-06 -8.127758472664335e-07 1.9710335589128261e-06 -1.9905936605406946e-07 3.2253397989734368e-07 1.6738581939398196e-07 4.469358074743468e-07 -2.4433440330540182e-06 -4.2158536270875404e-07 -9.4604086598337747e-08 6.3383991930681591e-07 -6.0046264472056807e-08 1.2846177583014652e-06 -4.3649968401138612e-07 -1.7933895782558403e-07 -1.1392356966783133e-07 -1.3443401911672482e-08
leaf_weight=29 35 27 390 108 30 25 35 63 27 1149 20 26 53 21 33 33 448 20 317 31 22 32 100 147 446 20 253 2886 42 20
leaf_count=29 35 27 390 108 30 25 35 63 27 1149 20 26 53 21 33 33 448 20 317 31 22 32 100 147 446 20 253 2886 42 20
internal_value=1.58668e-15 3.11974e-07 2.62681e-07 -8.37681e-07 1.16421e-07 9.03654e-07 3.95255e-07 1.93153e-07 -1.23778e-06 3.01924e-07 -4.14659e-06 9.44247e-07 8.30012e-07 2.03105e-06 -1.2846e-07 3.93206e-08 -3.67492e-08 1.49699e-07 7.49706e-08 -1.64921e-07 -5.1103e-07 -9.1234e-07 -1.5561e-07 -5.6555e-08 1.11963e-07 8.03576e-07 -3.39645e-07 -1.87299e-07 -5.1087e-07 -2.64608e-07
internal_weight=6888 2009 1953 210 163 133 1743 1274 90 1184 47 469 443 56 4879 871 838 390 350 4008 105 74 3903 946 593 40 353 2957 71 52
internal_count=6888 2009 1953 210 163 133 1743 1274 90 1184 47 469 443 56 4879 871 838 390 350 4008 105 74 3903 946 593 40 353 2957 71 52
is_linear=0
shrinkage=0.05


Tree=80
num_leaves=30
num_cat=0
split_feature=12 19 19 26 22 5 8 6 22 19 4 26 26 16 2 3 8 14 15 22 9 8 9 14 6 15 20 8 5
split_gain=1.01684e-07 4.94111e-08 4.68278e-08 6.86103e-08 7.61002e-08 4.62493e-08 3.27134e-08 4.59078e-08 1.10818e-07 9.27485e-08 8.3805e-08 8.09366e-08 1.41338e-07 7.07716e-08 6.65856e-08 2.6097e-08 2.6674e-08 2.46593e-08 2.05661e-08 9.91547e-09 2.73882e-09 2.6426e-09 5.69259e-09 6.96314e-09 2.25052e-09 1.92239e-09 5.47985e-09 3.44494e-09 1.89596e-10
threshold=0.91597561503675362 9.0400000000000015e-05 4.5305000000000008e-05 1.529073663568932e-05 4.5000000000000009 12.65 125.53802552134648 0.00016919500000000005 123.50000000000001 0.00020859500000000003 94.500000000000014 3.9191090372792764e-05 0.00010087332094237051 68.15000000000002 48.500000000000007 20.650000000000002 109.77275541986442 1.0000000180025095e-35 0.9052873537896472 10.500000000000002 82.938559294973601 354.97372237062882 -49.194317681030029 0.20180702842483325 0.00077613000000000009 0.9052873537896472 0.00032419000000000008 172.97747765956015 9.3500000000000032
decision_type=2 2 2 2 2 2 2 2 2 2 2 2 2 2 2 2 2 2 2 2 2 2 2 2 2 2 2 2 2
left_child=6 2 3 4 5 -2 7 11 15 -10 -11 13 -13 18 -14 16 -9 19 -1 -5 21 25 28 -24 -22 27 -27 -8 -23
right_child=1 -3 -4 17 -6 -7 20 8 9 10 -12 12 14 -15 -16 -17 -18 -19 -20 -21 24 22 23 -25 -26 26 -28 -29 -30
leaf_value=3.9759248090886341e-09 6.7503913477651171e-07 2.6548061599057226e-06 -1.7833724343844275e-06 2.1916846110668431e-06 -2.5962535194897406e-06 -2.7084914584579997e-07 -1.0902728503382971e-09 3.6149424338017366e-06 -2.6972773028959368e-06 4.4666266558851223e-07 -1.266686715452343e-06 -4.586894177312692e-06 9.0118522036521298e-07 2.8075480961640345e-06 -2.4456038740639919e-06 7.1197339715147541e-07 1.3484920411125738e-06 3.5396655438546535e-06 -8.7340906671013531e-07 6.7274696313936808e-07 -1.9128048161963888e-07 -4.1844142941727117e-07 5.6546705686149526e-08 1.1316130174598982e-06 4.6565379978602551e-07 -1.2967059855806863e-07 -5.8470679386056913e-07 -1.736398524203419e-07 -2.2776583224723171e-07
leaf_weight=923 560 26 23 21 21 168 318 34 27 739 79 27 42 22 23 22 21 20 72 22 22 32 61 20 32 185 103 3201 22
leaf_count=923 560 26 23 21 21 168 318 34 27 739 79 27 42 22 23 22 21 20 72 22 22 32 61 20 32 185 103 3201 22
internal_value=-6.67342e-16 5.08275e-07 4.41437e-07 5.04455e-07 3.71159e-07 4.56757e-07 -7.26107e-08 9.07848e-08 3.51495e-07 1.86022e-07 2.81192e-07 -1.25965e-07 -1.54614e-06 2.50775e-09 -2.83063e-07 2.1674e-06 2.74957e-06 2.08919e-06 -5.95132e-08 1.41455e-06 -1.55658e-07 -1.60503e-07 5.68936e-08 3.21995e-07 1.98014e-07 -1.68212e-07 -2.92409e-07 -1.58047e-07 -3.40759e-07
internal_weight=6888 861 835 812 749 728 6027 2031 922 845 818 1109 92 1017 65 77 55 63 995 43 3996 3942 135 81 54 3807 288 3519 54
internal_count=6888 861 835 812 749 728 6027 2031 922 845 818 1109 92 1017 65 77 55 63 995 43 3996 3942 135 81 54 3807 288 3519 54
is_linear=0
shrinkage=0.05


Tree=81
num_leaves=31
num_cat=0
split_feature=12 26 0 7 5 4 5 15 12 27 5 25 20 15 15 27 15 15 15 7 17 11 5 5 12 20 25 12 15 25
split_gain=9.17697e-08 3.90795e-08 6.0544e-08 4.87739e-08 5.69534e-08 1.01945e-07 3.63055e-08 3.34913e-08 2.96572e-08 4.75308e-08 5.48104e-08 9.32641e-08 9.39801e-08 3.38457e-08 6.21353e-08 7.6558e-08 3.53139e-08 3.27245e-08 4.68282e-08 3.12843e-08 3.05181e-08 2.0427e-08 2.15956e-08 1.16079e-08 3.942e-09 3.85521e-09 2.27911e-09 2.60428e-09 4.49724e-09 1.2525e-09
threshold=0.91597561503675362 1.529073663568932e-05 3.5000000000000004 87.874961514513529 15.850000000000003 60.500000000000007 6.5500000000000007 0.96462662938340349 0.25881904510252091 21.500000000000004 4.2500000000000009 6.8280498459080303e-05 0.00030843000000000005 -0.98521978256641018 -0.9575230291762723 1.1666666666666667 -0.46800559042974538 0.57780407610161799 -0.57782411410281842 127.31185241075636 0.69876801996888116 17.009375000000002 14.250000000000002 6.6500000000000012 0.60355339059327384 0.00081700000000000013 0.00073457243935596422 -0.25881904510252113 -0.90161545992537195 0.00074495676006362062
decision_type=2 2 2 2 2 2 2 2 2 2 2 2 2 2 2 2 2 2 2 2 2 2 2 2 2 2 2 2 2 2
left_child=8 2 3 -2 7 -6 -3 -5 25 13 11 19 -13 23 15 -15 -16 18 -12 -11 -19 -8 -23 -10 -25 26 -1 -28 -29 -27
right_child=1 6 -4 4 5 -7 21 -9 9 10 17 12 -14 14 16 -17 -18 20 -20 -21 -22 22 -24 24 -26 29 27 28 -30 -31
leaf_value=-1.6080832080596094e-07 2.8742496029110497e-06 -1.6898053523806899e-07 -1.9720150484553648e-06 5.9901055971108043e-07 6.2676783325899956e-07 -3.0151618323708878e-06 2.9286734733583824e-06 -1.4322801343084957e-06 2.0020010237310678e-06 1.5082395941590223e-06 -3.479496899624716e-07 -4.227569042996038e-06 -2.1373452364059632e-07 1.2224511603721033e-06 7.7915294909083188e-07 -2.2743397278422987e-06 9.9765326291282254e-08 -1.0724333206062628e-06 4.5674462694509517e-07 -6.0221904580091293e-07 5.0054764095702487e-07 2.1796784911506013e-06 1.4326375123899832e-07 4.2597951312240255e-07 1.2827338287024759e-06 4.0464737688724687e-07 -2.4928409119434502e-07 6.5795566290957784e-07 -6.862989383343551e-08 -7.0198850770404025e-08
leaf_weight=3816 20 29 27 602 46 33 30 21 34 25 300 35 25 23 323 49 469 116 455 59 42 30 23 29 25 41 49 34 57 21
leaf_count=3816 20 29 27 602 46 33 30 21 34 25 300 35 25 23 323 49 469 116 455 59 42 30 23 29 25 41 49 34 57 21
internal_value=-1.52224e-15 4.82861e-07 3.52601e-07 4.39532e-07 3.70167e-07 -8.94545e-07 1.35397e-06 5.3054e-07 -6.89801e-08 8.78752e-08 -1.42931e-07 -1.04954e-06 -2.55514e-06 3.44139e-07 2.48993e-07 -1.15731e-06 3.76839e-07 5.98401e-11 1.36999e-07 2.58936e-08 -6.54299e-07 1.88609e-06 1.29595e-06 1.27829e-06 8.22625e-07 -1.47408e-07 -1.53539e-07 4.45976e-08 2.02842e-07 2.43812e-07
internal_weight=6888 861 749 722 702 79 112 623 6027 2009 1057 144 60 952 864 72 792 913 755 84 158 83 53 88 54 4018 3956 140 91 62
internal_count=6888 861 749 722 702 79 112 623 6027 2009 1057 144 60 952 864 72 792 913 755 84 158 83 53 88 54 4018 3956 140 91 62
is_linear=0
shrinkage=0.05


Tree=82
num_leaves=31
num_cat=0
split_feature=12 14 14 27 4 8 14 4 14 14 8 14 27 6 12 8 8 14 14 23 3 8 9 23 4 8 1 6 22 6
split_gain=8.38278e-08 6.07552e-08 1.0072e-07 2.38339e-07 1.65889e-07 8.20915e-08 6.73818e-08 6.03241e-08 6.5927e-08 6.13727e-08 5.77041e-08 5.5557e-08 3.83087e-08 9.57517e-09 4.51951e-08 9.44221e-09 7.55572e-09 6.8601e-09 2.44496e-08 6.58325e-09 5.07084e-09 1.7001e-08 7.85317e-09 3.65988e-08 5.08249e-08 7.63762e-09 6.06417e-09 4.83007e-09 2.45325e-08 1.13552e-08
threshold=0.60355339059327384 -0.99763297024448894 -0.94705910369513524 6.166666666666667 87.500000000000014 85.838438637195836 -0.90574346089748803 1.5000000000000002 0.98667101781630195 0.90162119223771331 72.160900605036673 -0.98523971305672675 29.500000000000004 0.00063523000000000008 0.37940952255126054 86.376432502574787 172.97747765956015 0.52766072109828632 0.21862473630160603 724.50000000000011 27.550000000000004 155.50342488737434 45.371391354323997 610.50000000000011 35.500000000000007 101.76012528432049 656.9000000000002 0.00048827500000000009 510.50000000000006 0.00047191500000000005
decision_type=2 2 2 2 2 2 2 2 2 2 2 2 2 2 2 2 2 2 2 2 2 2 2 2 2 2 2 2 2 2
left_child=13 15 3 11 10 -6 12 9 -9 -8 -5 -3 -4 20 16 -2 17 18 -15 -19 22 26 27 24 -24 -25 -22 29 -29 -1
right_child=1 2 6 4 5 -7 7 8 -10 -11 -12 -13 -14 14 -16 -17 -18 19 -20 -21 21 -23 23 25 -26 -27 -28 28 -30 -31
leaf_value=-1.4240585867209298e-07 1.2463624346180172e-06 -5.9434807553770954e-06 7.0088495468317653e-07 -8.3118125303371938e-07 -2.6769487573931528e-07 -4.5915578519507901e-06 1.2180738531468791e-06 2.5310488679901248e-07 -9.5714880029251405e-07 -4.3023513845762126e-07 1.7044787327176382e-06 -2.4665854381145927e-06 3.318054397258775e-06 1.3505672453284492e-07 1.8533071666256135e-06 2.5448647402218481e-06 -1.732265497687648e-07 7.3427430101836808e-07 -1.5387176178549568e-06 1.6952172315471286e-10 1.4724035679591907e-07 -1.3885428658178036e-07 -5.4985376553282726e-07 8.1088844581245214e-07 -3.2959975254451146e-06 -1.9365200050932196e-07 1.1525734890938111e-06 6.3841012506186833e-07 -3.518075750474148e-07 -1.2125063367420808e-06
leaf_weight=2960 28 20 27 30 21 23 276 1216 124 71 89 27 29 240 33 28 448 74 24 52 24 247 63 20 23 351 40 110 145 25
leaf_count=2960 28 20 27 30 21 23 276 1216 124 71 89 27 29 240 33 28 448 74 24 52 24 247 63 20 23 351 40 110 145 25
internal_value=-2.27075e-15 2.71827e-07 2.25267e-07 -8.09198e-07 9.53113e-08 -2.5279e-06 3.49901e-07 2.93261e-07 1.41111e-07 8.80812e-07 1.06524e-06 -3.94612e-06 2.0562e-06 -1.11929e-07 3.83274e-08 1.89561e-06 -3.31456e-08 1.27768e-07 -1.71046e-08 4.3131e-07 -1.44582e-07 4.93238e-08 -1.60894e-07 -3.5493e-07 -1.28429e-06 -1.39499e-07 7.75574e-07 -1.33525e-07 7.53452e-08 -1.51368e-07
internal_weight=6888 2009 1953 210 163 44 1743 1687 1340 347 119 47 56 4879 871 56 838 390 264 126 4008 311 3697 457 86 371 64 3240 255 2985
internal_count=6888 2009 1953 210 163 44 1743 1687 1340 347 119 47 56 4879 871 56 838 390 264 126 4008 311 3697 457 86 371 64 3240 255 2985
is_linear=0
shrinkage=0.05


Tree=83
num_leaves=31
num_cat=0
split_feature=12 14 14 27 15 3 27 5 11 14 27 5 11 7 12 3 14 15 0 14 5 7 22 1 15 27 22 3 13 24
split_gain=7.79358e-08 4.03752e-08 1.76209e-07 1.15146e-07 1.28932e-07 2.05459e-07 8.66103e-08 1.26073e-07 9.87592e-08 8.26534e-08 8.06297e-08 6.08731e-08 1.28446e-07 5.28457e-08 2.33549e-08 5.52611e-08 4.03657e-08 1.23461e-07 1.31862e-07 7.88586e-08 7.36104e-08 6.86621e-08 3.36072e-08 2.28993e-08 3.76603e-08 2.98919e-08 1.67033e-08 3.58181e-09 8.43912e-09 7.88921e-09
threshold=0.91597561503675362 0.91248814248966237 0.88220160189607266 91.166666666666671 -0.18493013702746822 13.250000000000002 55.500000000000007 15.15 17.406250000000004 0.95998215779580554 85.500000000000014 4.1500000000000012 15.815625000000002 93.044494271700145 0.37940952255126054 24.450000000000003 0.98667101781630195 0.029024409397335523 33.500000000000007 0.96234642434711437 9.0500000000000025 123.31799008001028 361.50000000000006 252.30000000000004 -0.6652727025667432 20.500000000000004 357.50000000000006 26.150000000000002 -0.9159756150367534 0.00040655984361066263
decision_type=2 2 2 2 2 2 2 2 2 2 2 2 2 2 2 2 2 2 2 2 2 2 2 2 2 2 2 2 2 2
left_child=14 2 6 4 -3 9 11 8 -8 -6 -9 12 -2 -13 27 16 19 20 -19 22 -18 -21 -16 24 -17 26 -25 -1 29 -29
right_child=1 3 -4 -5 5 -7 7 10 -10 -11 -12 13 -14 -15 15 23 17 18 -20 21 -22 -23 -24 25 -26 -27 -28 28 -30 -31
leaf_value=-1.4701980190254968e-07 1.9833727606055619e-06 -2.4468204106529745e-06 -3.9220390722978974e-06 4.5352161449004184e-06 2.9348849065648949e-06 5.8392296880681117e-06 6.459907717149926e-07 -5.191730992919475e-06 -3.1052041498469411e-06 -7.4337262227735284e-07 -7.0202934971064229e-07 1.7608734871209385e-06 -3.4420882371932752e-06 5.9497786738619958e-07 7.5774294533876193e-08 9.5594824980818551e-07 -7.7590530372346982e-07 -2.2567722931891391e-07 -5.4669843962074088e-06 3.8431222237704785e-06 2.6953071786313862e-06 3.692373336107404e-07 -6.9416813784951644e-07 1.5682731341510387e-06 -1.7370340810884954e-06 2.9379821920236909e-06 4.0839002970958609e-07 1.0899048717451776e-06 -1.454840558659515e-07 1.1925002725831382e-07
leaf_weight=3540 20 27 24 22 21 21 143 20 20 56 20 144 24 299 1184 37 42 24 24 25 24 33 161 54 20 21 73 23 509 233
leaf_count=3540 20 27 24 22 21 21 143 20 20 56 20 144 24 299 1184 37 42 24 24 25 24 33 161 54 20 21 73 23 509 233
internal_value=-1.81811e-15 4.4498e-07 2.89622e-07 1.19958e-06 6.12507e-07 1.45538e-06 4.36114e-07 -4.3154e-07 1.85721e-07 2.59789e-07 -2.94688e-06 7.97785e-07 -9.7597e-07 9.7396e-07 -6.35686e-08 9.20559e-08 -1.20672e-08 -9.16882e-07 -2.84633e-06 6.1453e-08 4.86354e-07 1.8666e-06 -1.63898e-08 8.62567e-07 1.10422e-08 1.19052e-06 9.01569e-07 -1.25818e-07 -2.77102e-08 2.06457e-07
internal_weight=6888 861 714 147 125 98 690 203 163 77 40 487 44 443 6027 1722 1517 114 48 1403 66 58 1345 205 57 148 127 4305 765 256
internal_count=6888 861 714 147 125 98 690 203 163 77 40 487 44 443 6027 1722 1517 114 48 1403 66 58 1345 205 57 148 127 4305 765 256
is_linear=0
shrinkage=0.05


Tree=84
num_leaves=31
num_cat=0
split_feature=12 19 1 17 20 14 3 27 8 6 24 26 3 6 4 11 19 11 17 14 15 8 15 14 6 8 2 8 4 8
split_gain=7.0337e-08 4.37803e-08 4.92177e-08 3.99869e-08 4.56354e-08 4.06189e-08 1.28299e-07 4.9553e-08 2.10957e-08 3.87362e-08 7.51874e-08 6.92575e-08 8.87224e-08 7.40993e-08 6.72728e-08 8.28277e-08 7.18056e-08 5.277e-08 5.60745e-08 4.0243e-08 1.74251e-08 2.31735e-09 5.14486e-09 5.33321e-09 2.41451e-09 8.06223e-09 6.95509e-09 2.77495e-09 1.78451e-08 5.48695e-09
threshold=0.91597561503675362 9.0400000000000015e-05 60.350000000000009 0.55128277840380302 2.8530000000000003e-05 0.96234642434711437 12.450000000000001 54.500000000000007 125.53802552134648 0.00016919500000000005 1.7076025009265716e-05 6.7014289362292339e-05 18.650000000000002 8.3015000000000017e-05 94.500000000000014 34.962500000000006 0.00026330500000000008 23.503125000000004 0.75115837123395901 0.21862473630160603 0.69674355214024553 354.97372237062882 -0.67801649466304881 0.16799745313369893 0.00068434500000000016 172.97747765956015 153.50000000000003 131.62561396681662 40.500000000000007 133.95741673779492
decision_type=2 2 2 2 2 2 2 2 2 2 2 2 2 2 2 2 2 2 2 2 2 2 2 2 2 2 2 2 2 2
left_child=8 2 3 5 -5 7 -7 -2 9 11 17 13 19 20 16 -16 -12 18 -11 -13 -1 24 23 -23 27 26 -26 28 -10 -29
right_child=1 -3 -4 4 -6 6 -8 -9 21 10 14 12 -14 -15 15 -17 -18 -19 -20 -21 -22 22 -24 -25 25 -27 -28 29 -30 -31
leaf_value=9.7787149170385454e-09 5.0957655924115552e-07 2.4432561041556677e-06 -1.4754470456474728e-06 3.6463988544710446e-06 6.5238891409080681e-07 -5.6236069812779965e-07 3.0941809798753879e-06 -4.1866998692961885e-07 1.2709318960931829e-07 1.3659896302554768e-06 -1.1354730317273684e-06 -1.2889272511529271e-06 4.77477698591532e-07 2.853911767240127e-06 -2.9029253983923666e-06 3.373916477235847e-07 4.7529289898878009e-07 -2.4506295327834473e-07 4.5379308811665062e-06 -4.1697738593197926e-06 -5.651647451889502e-07 9.7628294022225139e-08 -2.8452985717850873e-07 1.0444817268151497e-06 1.1135472432628872e-06 -1.6265609501773081e-07 1.4040938116772902e-07 6.2720944650545396e-07 -1.6652608467536213e-06 -1.4772937775464942e-07
leaf_weight=849 434 26 35 20 35 47 49 215 41 38 77 22 33 22 38 41 682 24 22 27 156 58 57 20 22 316 111 23 21 3327
leaf_count=849 434 26 35 20 35 47 49 215 41 38 77 22 33 22 38 41 682 24 22 27 156 58 57 20 22 316 111 23 21 3327
internal_value=4.6699e-16 4.22731e-07 3.59817e-07 4.4011e-07 1.74112e-06 3.44062e-07 1.304e-06 2.02068e-07 -6.03902e-08 7.08221e-08 3.10305e-07 -1.28279e-07 -1.52663e-06 -1.66285e-08 1.67351e-07 -1.22124e-06 3.11882e-07 1.73644e-06 2.52903e-06 -2.87633e-06 -7.94662e-08 -1.2708e-07 7.65472e-08 3.40411e-07 -1.342e-07 -2.52023e-08 3.0138e-07 -1.48543e-07 -4.79994e-07 -1.42409e-07
internal_weight=6888 861 835 800 55 745 96 649 6027 2031 922 1109 82 1027 838 79 759 84 60 49 1005 3996 135 78 3861 449 133 3412 62 3350
internal_count=6888 861 835 800 55 745 96 649 6027 2031 922 1109 82 1027 838 79 759 84 60 49 1005 3996 135 78 3861 449 133 3412 62 3350
is_linear=0
shrinkage=0.05


Tree=85
num_leaves=31
num_cat=0
split_feature=12 19 25 14 17 14 15 27 27 12 14 15 8 14 8 14 4 4 27 20 6 8 8 0 4 8 27 18 19 8
split_gain=6.34792e-08 3.95117e-08 4.91584e-08 1.38429e-07 6.8972e-08 3.66443e-08 1.10296e-07 5.32807e-08 2.51857e-08 2.00249e-08 4.43033e-08 1.08955e-07 1.36581e-07 9.14048e-08 7.4816e-08 5.69686e-08 4.97771e-08 3.73663e-08 2.2876e-08 9.02729e-09 4.98258e-09 1.42452e-08 5.97056e-09 1.91387e-08 8.85462e-09 7.95451e-09 4.39686e-09 6.91301e-09 2.86388e-09 2.2251e-09
threshold=0.91597561503675362 9.0400000000000015e-05 2.5192526132404186e-05 0.20180702842483325 0.55128277840380302 0.96234642434711437 0.11478523713130606 80.166666666666671 21.833333333333339 0.37940952255126054 0.98667101781630195 0.029024409397335523 62.02699897914372 0.96234642434711437 88.356080700843151 0.95242846126021108 81.500000000000014 23.500000000000004 15.833333333333334 0.00015219500000000002 0.00073228500000000016 99.077140012725621 115.70595468830687 773.50000000000011 4.5000000000000009 125.53802552134648 56.166666666666679 0.00068675500000000016 0.00064482000000000005 354.97372237062882
decision_type=2 2 2 2 2 2 2 2 2 2 2 2 2 2 2 2 2 2 2 2 2 2 2 2 2 2 2 2 2 2
left_child=9 2 4 -4 5 7 -7 -2 -6 20 13 17 -13 15 18 16 -11 -12 -15 -19 22 -22 23 24 -1 28 27 -23 -24 -27
right_child=1 -3 3 -5 8 6 -8 -9 -10 10 11 12 -14 14 -16 -17 -18 19 -20 -21 21 26 25 -25 -26 29 -28 -29 -30 -31
leaf_value=3.1561114790753406e-07 4.0403320822452418e-07 2.3210932296863648e-06 9.6981052841726991e-07 -4.4004284791299144e-06 1.1257373057560472e-06 1.7863723054477411e-07 3.9481020579572672e-06 -7.7881959978165885e-07 3.5773141901658665e-06 2.3713480422602057e-07 2.0791667269725663e-06 1.0236359284847468e-07 -5.2365424580784753e-06 -6.4864058620504812e-07 3.5402567209530386e-06 -2.3477020945961161e-06 -5.305413770549825e-07 -1.0931975436812498e-06 1.6635041299650766e-06 3.5926223972637673e-07 1.1862227237403345e-06 8.4247434824646922e-07 8.1518465868477752e-08 -1.4997823625549675e-06 -4.6093890520637613e-07 -1.3410596789683852e-07 -4.5572738551246564e-07 -2.4427380096989421e-08 8.4384662264775617e-07 7.2719851569231691e-08
leaf_weight=58 531 26 30 20 20 69 27 116 22 1252 23 23 25 23 35 24 254 23 20 20 26 25 22 33 100 3540 51 287 28 135
leaf_count=58 531 26 30 20 20 69 27 116 22 1252 23 23 25 23 35 24 254 23 20 20 26 25 22 33 100 3540 51 287 28 135
internal_value=-3.54768e-16 4.01595e-07 3.41826e-07 -1.17829e-06 4.38648e-07 3.27218e-07 1.2388e-06 1.91961e-07 2.4099e-06 -5.73707e-08 8.67329e-08 -8.6576e-07 -2.67832e-06 1.5426e-07 1.82385e-06 6.91441e-08 1.0766e-07 4.52463e-07 4.26776e-07 -4.17635e-07 -1.15012e-07 5.56578e-08 -1.31966e-07 -4.04614e-07 -1.75876e-07 -1.17986e-07 -2.53193e-08 4.50359e-08 5.08422e-07 -1.26508e-07
internal_weight=6888 861 835 50 785 743 96 647 42 6027 1722 114 48 1608 78 1530 1506 66 43 43 4305 389 3916 191 158 3725 363 312 50 3675
internal_count=6888 861 835 50 785 743 96 647 42 6027 1722 114 48 1608 78 1530 1506 66 43 43 4305 389 3916 191 158 3725 363 312 50 3675
is_linear=0
shrinkage=0.05


Tree=86
num_leaves=31
num_cat=0
split_feature=12 14 14 27 15 3 14 27 5 3 27 5 3 7 12 3 17 5 14 17 14 14 17 15 0 17 27 15 8 6
split_gain=5.72899e-08 3.10068e-08 1.54013e-07 1.03286e-07 1.19327e-07 1.72171e-07 7.62398e-08 7.04441e-08 1.10914e-07 7.98865e-08 7.4125e-08 5.59977e-08 7.53918e-08 4.70135e-08 1.80725e-08 4.76902e-08 7.30362e-08 1.28446e-07 1.38136e-07 5.79258e-08 1.08506e-07 7.113e-08 3.35979e-08 5.1815e-08 2.70039e-08 2.78849e-08 1.92938e-08 1.54478e-08 1.16858e-08 4.49678e-09
threshold=0.91597561503675362 0.91248814248966237 0.88220160189607266 91.166666666666671 -0.18493013702746822 13.250000000000002 0.95998215779580554 55.500000000000007 15.15 17.350000000000005 85.500000000000014 4.1500000000000012 15.850000000000003 93.044494271700145 0.37940952255126054 22.650000000000002 0.90699206828123258 11.950000000000001 0.66527693225344786 0.83559309807107451 0.88621069759564464 0.81925054981890411 0.8123719396940382 -0.6523320455745395 357.50000000000006 0.9538149658185312 13.16666666666667 -0.70289845916694649 55.856289206726821 0.00073228500000000016
decision_type=2 2 2 2 2 2 2 2 2 2 2 2 2 2 2 2 2 2 2 2 2 2 2 2 2 2 2 2 2 2
left_child=14 2 7 4 -3 6 -6 11 9 -9 -10 12 -2 -13 29 16 19 18 -18 21 -21 -16 23 26 27 -26 -17 -24 -25 -1
right_child=1 3 -4 -5 5 -7 -8 8 10 -11 -12 13 -14 -15 15 22 17 -19 -20 20 -22 -23 24 28 25 -27 -28 -29 -30 -31
leaf_value=-1.2536751476798508e-07 1.076950636822651e-06 -2.4563833263797547e-06 -3.6921153745576398e-06 4.2019829245212099e-06 2.7724039617688897e-06 5.3106803057917639e-06 -7.6026284320716652e-07 6.1602270649721554e-07 -4.9118477206633314e-06 -2.6234901564624705e-06 -6.0705337233457624e-07 1.6196937465351447e-06 -3.0624338984223828e-06 5.200141558658034e-07 -2.8693707447973106e-07 1.176433013649515e-07 -1.1191623954687202e-06 1.361466397773776e-06 -5.7584786927258219e-06 1.9536631022750348e-06 -1.7133923296779148e-06 5.8832690672520963e-07 1.1270765353203941e-06 -6.5071601852650928e-07 -2.1666045635508153e-07 1.2953782776358206e-06 1.6423947251098525e-06 2.5209826447231927e-06 -2.3599419121644871e-06 5.2874936134254049e-08
leaf_weight=3916 22 27 24 22 21 21 56 141 20 22 20 144 22 299 825 59 68 35 21 90 26 323 46 20 60 62 32 35 20 389
leaf_count=3916 22 27 24 22 21 21 56 141 20 22 20 144 22 299 825 59 68 35 21 90 26 323 46 20 60 62 32 35 20 389
internal_value=-1.03652e-15 3.81515e-07 2.45369e-07 1.0428e-06 4.86782e-07 1.29765e-06 2.03192e-07 3.82324e-07 -4.00175e-07 1.78788e-07 -2.75945e-06 7.085e-07 -9.92742e-07 8.77472e-07 -5.45022e-08 8.23963e-08 -4.668e-08 -1.20468e-06 -2.21383e-06 6.69209e-08 1.13174e-06 -4.06738e-08 6.18797e-07 -5.46239e-09 1.02164e-06 5.51753e-07 6.5382e-07 1.72938e-06 -1.50533e-06 -1.09262e-07
internal_weight=6888 861 714 147 125 98 77 690 203 163 40 487 44 443 6027 1722 1388 124 89 1264 116 1148 334 131 203 122 91 81 40 4305
internal_count=6888 861 714 147 125 98 77 690 203 163 40 487 44 443 6027 1722 1388 124 89 1264 116 1148 334 131 203 122 91 81 40 4305
is_linear=0
shrinkage=0.05


Tree=87
num_leaves=25
num_cat=0
split_feature=12 18 9 14 14 4 14 15 6 12 8 15 18 25 3 0 25 13 14 9 5 27 0 6
split_gain=5.1811e-08 6.68738e-08 1.04957e-07 5.16101e-08 9.23558e-08 2.28392e-07 6.34653e-08 1.27408e-08 7.00022e-09 3.98816e-08 5.19307e-09 7.27348e-09 9.53572e-09 4.94409e-09 2.82699e-08 8.30621e-09 3.92123e-09 5.21165e-09 3.92274e-09 3.85052e-09 3.35429e-09 3.35228e-09 1.68739e-10 2.18173e-10
threshold=0.60355339059327384 0.00029360500000000001 34.443490280802081 -0.99763297024448894 -0.99275805973510278 5.5000000000000009 -0.97876850416056738 0.011826144619637555 0.00063523000000000008 0.37940952255126054 172.97747765956015 0.20812153622207724 0.00061858500000000016 0.00062058274066632303 22.950000000000003 790.50000000000011 0.00060258846593386813 -0.98296291314453399 0.50557357885840837 -48.513078499594911 12.450000000000001 20.500000000000004 1000.5000000000001 0.00076137500000000012
decision_type=2 2 2 2 2 2 2 2 2 2 2 2 2 2 2 2 2 2 2 2 2 2 2 2
left_child=8 2 3 7 5 -5 -6 -2 13 10 11 12 -10 16 -15 -16 17 18 -1 -19 -17 -13 23 -12
right_child=1 -3 -4 4 6 -7 -8 -9 9 -11 22 21 -14 14 15 20 -18 19 -20 -21 -22 -23 -24 -25
leaf_value=-9.0243908519798626e-07 1.1329957301800927e-06 2.5180100479819005e-06 -2.861905274390405e-06 -6.0085781205998507e-06 1.7063844924385716e-06 1.3740195733837689e-06 1.7156998007421337e-07 2.6908186295518787e-06 -3.4421650602501391e-07 1.745431474677334e-06 -1.2917300089759776e-07 1.2031963922254364e-06 2.1395454819998592e-07 -1.6400591387659181e-06 8.9451525631691615e-07 1.5686698286998535e-07 5.1738205320361891e-07 -2.1940463595757702e-07 -1.47727856635742e-07 -8.1312321699039384e-08 -6.7908152274753779e-07 2.877341683715784e-07 -7.7632533775200015e-09 -2.1193806644597095e-07
leaf_weight=36 35 31 28 20 70 22 1782 21 113 33 320 20 237 34 23 24 25 599 33 3210 24 20 22 106
leaf_count=36 35 31 28 20 70 22 1782 21 113 33 320 20 237 34 23 24 25 599 33 3210 24 20 22 106
internal_value=7.37879e-16 2.13703e-07 1.77589e-07 2.21233e-07 1.77002e-07 -2.1415e-06 2.29581e-07 1.71718e-06 -8.79952e-08 4.04788e-08 -2.66614e-08 1.06742e-07 3.3745e-08 -1.15915e-07 -4.54489e-07 1.13249e-07 -1.06806e-07 -1.1083e-07 -5.4149e-07 -1.03029e-07 -2.61107e-07 7.45465e-07 -1.42794e-07 -1.49767e-07
internal_weight=6888 2009 1978 1950 1894 42 1852 56 4879 871 838 390 350 4008 105 71 3903 3878 69 3809 48 40 448 426
internal_count=6888 2009 1978 1950 1894 42 1852 56 4879 871 838 390 350 4008 105 71 3903 3878 69 3809 48 40 448 426
is_linear=0
shrinkage=0.05


Tree=88
num_leaves=31
num_cat=0
split_feature=12 19 1 8 8 4 14 14 14 15 15 3 12 14 15 8 14 8 5 14 14 8 8 8 6 8 8 0 8 1
split_gain=4.84303e-08 3.56793e-08 4.17315e-08 3.36175e-08 7.86593e-08 6.54463e-08 4.59152e-08 1.07526e-07 5.74227e-08 3.1196e-08 1.71091e-08 3.33417e-08 2.29534e-08 4.41452e-08 9.70307e-08 1.18862e-07 7.55698e-08 6.76521e-08 6.56517e-08 5.45414e-08 1.20958e-08 3.25199e-08 3.55385e-09 1.45545e-08 3.41317e-09 1.26372e-08 5.49556e-09 1.71318e-08 7.13711e-09 4.17031e-09
threshold=0.91597561503675362 9.0400000000000015e-05 60.350000000000009 75.775009757328732 85.838438637195836 98.500000000000014 0.66527693225344786 0.79383249484937135 0.52766072109828632 -0.32613736746952143 0.9052873537896472 11.950000000000001 0.37940952255126054 0.98667101781630195 0.029024409397335523 62.02699897914372 0.96234642434711437 95.832462969806201 9.0500000000000025 0.95242846126021108 0.3342611484689354 155.50342488737434 113.42698626310248 141.71046372956297 0.00073228500000000016 99.077140012725621 115.70595468830687 773.50000000000011 125.53802552134648 392.35000000000008
decision_type=2 2 2 2 2 2 2 2 2 2 2 2 2 2 2 2 2 2 2 2 2 2 2 2 2 2 2 2 2 2
left_child=10 2 3 6 9 -6 8 -8 -2 -5 12 -12 24 16 18 -16 19 -18 -15 -14 22 -22 -13 -24 26 -26 27 -1 -28 -27
right_child=1 -3 -4 4 5 -7 7 -9 -10 -11 11 20 13 14 15 -17 17 -19 -20 -21 21 -23 23 -25 25 29 28 -29 -30 -31
leaf_value=-1.5175143512761632e-07 1.7477323726527379e-07 2.1748106947737912e-06 -1.395953179001351e-06 2.5861233273379489e-06 4.6660730612700543e-07 -1.7426474300918926e-06 -3.7901797516800197e-06 -9.9146316331867623e-09 2.9582072897937906e-06 1.0814453239655434e-06 -2.3119411526381775e-06 -5.4236378964426832e-07 1.6058351534689299e-07 -7.6556419947965418e-07 6.6050102245556094e-08 -4.9145182383654172e-06 6.470165814397322e-07 3.7422315657480525e-06 2.5126299741865903e-06 -2.243357350550923e-06 -2.1018932475177128e-06 -1.7154705936661685e-07 9.4019478573110457e-07 -1.7516186073032331e-07 1.113570112483313e-06 -6.5069208937984512e-07 5.0038492507553655e-07 -1.4043242543087246e-06 -1.0135898300378566e-07 1.8544045349913197e-08
leaf_weight=158 252 26 35 48 207 40 24 87 20 122 21 34 1398 42 23 25 51 27 24 24 30 80 35 178 26 25 50 33 3405 338
leaf_count=158 252 26 35 48 207 40 24 87 20 122 21 34 1398 42 23 25 51 27 24 24 30 80 35 178 26 25 50 33 3405 338
internal_value=-1.12899e-15 3.50777e-07 2.93981e-07 3.67915e-07 6.78542e-07 1.08833e-07 2.97131e-08 -8.27269e-07 3.79438e-07 1.5063e-06 -5.0111e-08 -3.75777e-07 -2.83192e-08 1.3104e-07 -8.17495e-07 -2.528e-06 2.03129e-07 1.71844e-06 4.26506e-07 1.20011e-07 -2.61885e-07 -6.98005e-07 -6.76614e-08 8.11271e-09 -9.2063e-08 4.87234e-08 -1.07084e-07 -3.68165e-07 -9.26507e-08 -2.75466e-08
internal_weight=6888 861 835 800 417 247 383 111 272 170 6027 378 5649 1614 114 48 1500 78 66 1422 357 110 247 213 4035 389 3646 191 3455 363
internal_count=6888 861 835 800 417 247 383 111 272 170 6027 378 5649 1614 114 48 1500 78 66 1422 357 110 247 213 4035 389 3646 191 3455 363
is_linear=0
shrinkage=0.05


Tree=89
num_leaves=19
num_cat=0
split_feature=12 19 25 14 17 14 14 27 14 6 14 12 15 11 12 14 14 20
split_gain=4.37083e-08 3.22005e-08 4.26118e-08 1.20151e-07 5.82495e-08 3.22579e-08 4.72351e-08 2.31171e-08 1.58587e-08 2.98088e-08 2.67058e-08 3.45883e-08 1.5248e-08 3.00908e-08 2.01618e-08 5.39051e-08 1.09165e-08 2.93659e-09
threshold=0.91597561503675362 9.0400000000000015e-05 2.5192526132404186e-05 0.20180702842483325 0.55128277840380302 0.9962888416657264 0.9893236546938301 21.833333333333339 0.99983759474438971 0.00014438500000000002 0.99939377080793557 -1.0000000180025095e-35 0.9052873537896472 11.903125000000001 0.37940952255126054 0.98667101781630195 0.3342611484689354 0.00081085500000000019
decision_type=2 2 2 2 2 2 2 2 2 2 2 2 2 2 2 2 2 2
left_child=8 2 4 -4 5 6 -2 -6 10 -10 12 -12 14 -14 17 -16 -15 -1
right_child=1 -3 3 -5 7 -7 -8 -9 9 -11 11 -13 13 16 15 -17 -18 -19
leaf_value=-9.4927071611059461e-08 2.7034007019207596e-07 2.0660702130743842e-06 8.6526461359426324e-07 -4.1378863215868478e-06 9.5068560540312325e-07 1.8731439598695943e-06 -2.1367076810531128e-06 3.2994280259531069e-06 2.5425553928926092e-07 -2.4128507830312175e-06 -1.5252400115431641e-07 2.7204567589933508e-06 -2.1963440993371954e-06 -6.4278315748609604e-08 1.9297241172703633e-07 -1.0668706010758595e-06 -6.6310485313439679e-07 2.2302131095399874e-07
leaf_weight=3901 692 26 30 20 20 30 21 22 22 20 22 20 21 247 1500 90 110 74
leaf_count=3901 692 26 30 20 20 30 21 22 22 20 22 20 21 247 1500 90 110 74
internal_value=-6.02647e-16 3.33238e-07 2.79282e-07 -1.136e-06 3.69427e-07 2.67024e-07 1.99445e-07 2.18098e-06 -4.76054e-08 -1.0158e-06 -4.08111e-08 1.21556e-06 -4.96901e-08 -3.56988e-07 -2.8817e-08 1.21661e-07 -2.48791e-07 -8.9008e-08
internal_weight=6888 861 835 50 785 743 713 42 6027 42 5985 42 5943 378 5565 1590 357 3975
internal_count=6888 861 835 50 785 743 713 42 6027 42 5985 42 5943 378 5565 1590 357 3975
is_linear=0
shrinkage=0.05


Tree=90
num_leaves=20
num_cat=0
split_feature=12 19 14 14 27 15 11 27 5 14 14 19 14 15 11 12 14 14 6
split_gain=3.94468e-08 2.9061e-08 3.21763e-08 1.30594e-07 9.34968e-08 1.08644e-07 1.55831e-07 8.44478e-08 9.01095e-08 4.01557e-08 1.43125e-08 2.7437e-08 2.43545e-08 1.39899e-08 2.7157e-08 1.98876e-08 3.47102e-08 9.85214e-09 2.74998e-09
threshold=0.91597561503675362 9.0400000000000015e-05 0.91248814248966237 0.88220160189607266 91.166666666666671 -0.18493013702746822 13.231250000000001 51.833333333333336 15.15 0.73283908552571653 0.99983759474438971 0.00014753000000000002 0.99966190462023474 0.9052873537896472 11.903125000000001 0.37940952255126054 0.98667101781630195 0.3342611484689354 0.00073228500000000016
decision_type=2 2 2 2 2 2 2 2 2 2 2 2 2 2 2 2 2 2 2
left_child=10 2 3 7 5 -4 -7 9 -9 -2 12 -12 13 15 -15 18 -17 -16 -1
right_child=1 -3 4 -5 -6 6 -8 8 -10 -11 11 -13 -14 14 17 16 -18 -19 -20
leaf_value=-9.8106987844429021e-08 4.7362313618505809e-07 1.9627666474137255e-06 -2.4005619201893249e-06 -3.5015538863684507e-06 3.9425462106960778e-06 1.4027235455837517e-07 4.9993685457766772e-06 -6.6558880598197811e-08 -2.6841052739123038e-06 2.0166057390966635e-06 2.5347231681652461e-07 -2.3053307168652283e-06 1.6609860917274739e-06 -2.0865268955579572e-06 -6.1064403245497507e-08 1.8332378613929261e-07 -7.9737017154949779e-07 -6.2994961281633147e-07 4.2153029697997566e-08
leaf_weight=3603 410 26 27 24 22 77 21 166 41 47 22 20 21 21 247 1500 96 110 387
leaf_count=3603 410 26 27 24 22 77 21 166 41 47 22 20 21 21 247 1500 96 110 387
internal_value=4.42327e-16 3.16576e-07 2.65318e-07 1.21848e-07 9.36793e-07 4.0778e-07 1.18151e-06 2.52815e-07 -5.8501e-07 6.32311e-07 -4.52252e-08 -9.65005e-07 -3.87706e-08 -4.47556e-08 -3.39139e-07 -2.4835e-08 1.24335e-07 -2.36351e-07 -8.45028e-08
internal_weight=6888 861 835 688 147 125 98 664 207 457 6027 42 5985 5964 378 5586 1596 357 3990
internal_count=6888 861 835 688 147 125 98 664 207 457 6027 42 5985 5964 378 5586 1596 357 3990
is_linear=0
shrinkage=0.05


Tree=91
num_leaves=15
num_cat=0
split_feature=14 14 13 21 3 3 14 14 5 5 13 15 15 15
split_gain=3.44555e-08 6.93094e-08 4.83186e-08 3.90161e-08 3.07194e-08 5.63468e-08 9.72446e-08 4.31579e-08 2.73713e-08 2.73443e-08 2.60743e-08 2.19569e-08 4.37476e-08 3.73636e-08
threshold=0.99983759474438971 0.99939377080793557 0.1294095225512602 105.50000000000001 10.050000000000002 11.450000000000001 0.93845596220871974 0.98667101781630195 4.6500000000000012 4.6500000000000012 0.25881904510252057 -0.97507822412530132 -0.97111920233974802 -0.99938741687870725
decision_type=2 2 2 2 2 2 2 2 2 2 2 2 2 2
left_child=1 4 -2 -3 7 6 10 -1 -8 -9 -6 13 -13 -7
right_child=2 3 -4 -5 5 11 8 9 -10 -11 -12 12 -14 -15
leaf_value=2.7532746059932834e-06 -2.7941915745416805e-06 3.2139349927936459e-06 3.8963892786176244e-07 3.5295730963401765e-07 1.1337762777171081e-06 -6.2153779588995199e-07 -4.4120155824600721e-06 -8.1558019497481e-07 -1.7961382080500244e-06 1.5876048242802199e-06 -8.2522404840147365e-07 -1.5292539333818429e-06 -1.3687935670326193e-08 4.5080591277875515e-07
leaf_weight=24 26 26 22 22 29 96 20 29 20 20 41 48 5937 528
leaf_count=24 26 26 22 22 29 96 20 29 20 20 41 48 5937 528
internal_value=-1.68431e-15 9.36797e-09 -1.33494e-06 1.90265e-06 -4.01214e-09 -1.50959e-08 -1.13743e-06 1.01615e-06 -3.10408e-06 1.65312e-07 -1.36382e-08 3.58427e-09 -2.58429e-08 2.8583e-07
internal_weight=6888 6840 48 48 6792 6719 110 73 40 49 70 6609 5985 624
internal_count=6888 6840 48 48 6792 6719 110 73 40 49 70 6609 5985 624
is_linear=0
shrinkage=0.05


Tree=92
num_leaves=28
num_cat=0
split_feature=8 9 15 15 5 3 15 15 15 5 8 3 3 15 5 27 5 4 8 8 3 3 8 27 8 4 17
split_gain=3.07125e-08 4.389e-08 9.11681e-08 1.57663e-07 1.14677e-07 8.26864e-08 7.79941e-08 9.8771e-08 7.28806e-08 5.14036e-08 3.00853e-08 2.5593e-08 3.65013e-08 2.47068e-08 2.35335e-08 2.29933e-08 1.74508e-08 1.6887e-08 7.83976e-09 5.03556e-09 3.00679e-08 3.65643e-08 6.65564e-09 2.7559e-08 6.36706e-09 1.22983e-08 3.59295e-09
threshold=105.89593020310592 -13.146522644453039 0.16587474750015932 0.029024409397335523 12.950000000000001 14.050000000000002 -0.18493013702746822 -0.31800055644052067 0.44504239796885176 8.0500000000000025 97.353951737631562 10.050000000000002 11.15 0.96462662938340349 14.350000000000003 65.833333333333357 6.8500000000000005 42.500000000000007 106.86421211404389 109.77275541986442 14.750000000000002 19.150000000000002 112.1993504803276 11.833333333333334 114.55616008044332 15.500000000000002 0.99099593447705847
decision_type=2 2 2 2 2 2 2 2 2 2 2 2 2 2 2 2 2 2 2 2 2 2 2 2 2 2 2
left_child=1 11 3 6 8 -5 7 -3 10 -8 -4 17 16 14 -14 -15 -13 -1 -2 20 -20 -22 23 -21 25 -24 -26
right_child=18 2 4 5 -6 -7 9 -9 -10 -11 -12 12 13 15 -16 -17 -18 -19 19 22 21 -23 24 -25 26 -27 -28
leaf_value=8.1208097526541676e-08 -9.2875013411617995e-07 3.5461789052996062e-07 5.4903287602314779e-06 -4.8985666234619368e-06 -7.3585285917943113e-07 -4.5649793491975291e-07 4.1372689462296621e-07 -1.5752041143062774e-06 1.0047404381501629e-06 2.7655481531769948e-06 2.9108967444594434e-06 -2.6211666869357944e-06 1.0015808833946173e-07 -7.1545136393069702e-08 -4.6320927581840047e-07 -2.4691113867447713e-06 -5.5747144493861492e-07 2.0677649240002687e-06 1.8940270365419565e-06 6.7827154687758759e-07 -2.00997410047421e-06 6.1955155446505675e-07 1.3410099842550824e-06 -1.6060306968997353e-06 -9.385700821474925e-08 -1.8495640189587816e-07 9.1255211495518473e-08
leaf_weight=20 27 838 20 22 34 20 42 72 35 52 26 20 973 20 229 20 21 23 22 23 20 39 23 31 3904 31 281
leaf_count=20 27 838 20 22 34 20 42 72 35 52 26 20 973 20 229 20 21 23 22 23 20 39 23 31 3904 31 281
internal_value=-5.77065e-17 1.40449e-07 3.64926e-07 2.18013e-07 1.70119e-06 -2.7833e-06 3.43566e-07 2.01929e-07 2.72415e-06 1.71473e-06 4.03239e-06 -5.60948e-08 -9.6309e-08 -4.78537e-08 -7.1723e-09 -1.27033e-06 -1.56415e-06 1.14379e-06 -7.93676e-08 -7.41245e-08 3.1644e-07 -2.71813e-07 -8.14936e-08 -6.33087e-07 -7.4467e-08 4.64992e-07 -8.14277e-08
internal_weight=6888 2487 1161 1046 115 42 1004 910 81 94 46 1326 1283 1242 1202 40 41 43 4401 4374 81 59 4293 54 4239 54 4185
internal_count=6888 2487 1161 1046 115 42 1004 910 81 94 46 1326 1283 1242 1202 40 41 43 4401 4374 81 59 4293 54 4239 54 4185
is_linear=0
shrinkage=0.05


Tree=93
num_leaves=31
num_cat=0
split_feature=12 11 11 5 5 11 8 4 15 15 11 12 4 14 14 15 15 15 12 14 8 8 2 20 8 11 8 8 8 9
split_gain=3.25446e-08 2.7302e-08 3.56217e-08 4.11992e-08 6.65988e-08 5.7126e-08 4.39429e-08 5.50153e-08 4.816e-08 1.18973e-08 2.39199e-08 1.55027e-08 2.96783e-08 4.54835e-08 5.32878e-08 3.08708e-08 1.61527e-07 1.2605e-07 2.64785e-08 9.02278e-09 2.93228e-08 3.1387e-09 1.16921e-08 2.32465e-09 2.26403e-09 7.0733e-09 2.28473e-09 2.11615e-09 1.76117e-09 6.03605e-10
threshold=0.91597561503675362 25.765625000000004 23.503125000000004 16.350000000000005 17.550000000000004 13.156250000000002 59.752354094569064 50.500000000000007 -0.97874870457683594 0.9052873537896472 11.903125000000001 0.25881904510252091 81.500000000000014 0.94138322595482449 0.98372640911059162 -0.85225707553516283 -0.86974577485258975 -0.75013812021657655 0.78656609248549325 0.3342611484689354 155.50342488737434 144.24169878086246 35.500000000000007 0.00081085500000000019 127.36843394903754 54.875000000000007 155.50342488737434 125.53802552134648 177.10989704511459 80.060618111620343
decision_type=2 2 2 2 2 2 2 2 2 2 2 2 2 2 2 2 2 2 2 2 2 2 2 2 2 2 2 2 2 2
left_child=9 2 3 6 -5 -6 7 -2 -8 11 -11 23 15 18 -15 16 -13 -17 -14 21 -21 22 -12 24 25 -1 -26 -25 -23 -29
right_child=1 -3 -4 4 5 -7 8 -9 -10 10 19 12 13 14 -16 17 -18 -19 -20 20 -22 28 -24 27 26 -27 -28 29 -30 -31
leaf_value=-4.5652792024952765e-07 1.3906717443109973e-07 -1.5382302706257179e-06 1.8925435558360603e-06 -3.3365751835390253e-06 -1.9684879073622596e-06 1.5050408327671652e-06 2.2130686866389099e-06 -2.6742014124465644e-06 4.0126450919746348e-07 -1.9525888146312183e-06 -2.1080764233042479e-07 4.7083658385370871e-08 -3.4575288363298032e-07 2.1940847070502722e-06 -9.8276797809210787e-07 1.735819694432314e-06 -4.2630260138495308e-06 1.2211067783429248e-07 -1.5322579611930765e-06 -1.9259427684718369e-06 -9.2939734130936813e-08 -5.5596943457203452e-07 1.1049912022826903e-06 6.0633446152409802e-07 1.2207908501087459e-07 3.513065172455754e-07 -8.6915332545475951e-08 -1.4259110065863837e-07 -1.015661929499331e-07 1.9494157164409937e-07
leaf_weight=120 57 20 35 20 20 29 39 25 616 21 52 396 170 33 22 137 23 1037 65 30 80 25 25 22 136 35 3400 27 145 26
leaf_count=120 57 20 35 20 20 29 39 25 616 21 52 396 170 33 22 137 23 1037 65 30 80 25 25 22 136 35 3400 27 145 26
internal_value=-1.70756e-16 2.87549e-07 3.30968e-07 2.63158e-07 -9.05146e-07 8.7274e-08 3.72538e-07 -7.18637e-07 5.09143e-07 -4.10784e-08 -3.12649e-07 -2.29064e-08 9.4233e-08 -3.71003e-07 9.23344e-07 1.78928e-07 -1.89509e-07 3.10423e-07 -6.73935e-07 -2.16182e-07 -5.9285e-07 -4.84354e-08 2.164e-07 -8.14761e-08 -8.70759e-08 -2.74114e-07 -7.88771e-08 1.94105e-07 -1.6839e-07 2.2991e-08
internal_weight=6888 861 841 806 69 49 737 82 655 6027 378 5649 1883 290 55 1593 419 1174 235 357 110 247 77 3766 3691 155 3536 75 170 53
internal_count=6888 861 841 806 69 49 737 82 655 6027 378 5649 1883 290 55 1593 419 1174 235 357 110 247 77 3766 3691 155 3536 75 170 53
is_linear=0
shrinkage=0.05


Tree=94
num_leaves=18
num_cat=0
split_feature=14 14 8 8 12 27 14 15 14 14 27 8 9 8 17 15 8
split_gain=3.10653e-08 6.28754e-08 1.03476e-07 4.84844e-08 2.62538e-08 2.84875e-08 1.15538e-07 1.16064e-07 6.87124e-08 8.94125e-08 1.13312e-08 2.27887e-08 3.1261e-08 1.513e-08 4.23204e-08 1.36757e-08 8.88427e-09
threshold=0.99983759474438971 0.99939377080793557 141.71046372956297 141.71046372956297 0.91597561503675362 6.5000000000000009 -0.94705910369513524 -0.18493013702746822 0.99374995976406788 0.96234642434711437 61.166666666666679 111.03009239048184 -31.133935230219993 112.1993504803276 0.90228836113494582 0.9052873537896472 127.36843394903754
decision_type=2 2 2 2 2 2 2 2 2 2 2 2 2 2 2 2 2
left_child=1 4 -3 -2 10 6 -6 -8 9 -7 11 12 -1 14 -12 -13 -15
right_child=3 2 -4 -5 5 8 7 -9 -10 -11 13 15 -14 16 -16 -17 -18
leaf_value=-9.9116205832346112e-08 -3.1478051448630141e-06 4.5590087481173215e-06 -1.4986794637041256e-07 7.5470379913765245e-08 -3.063187505396796e-06 3.7403536696875233e-07 -7.2550804243985768e-07 1.8443391021654472e-06 -2.2555483559966414e-06 2.9104781806627461e-06 -3.0582423275655508e-07 -4.904489339305326e-08 3.8591074785550476e-07 4.4989470590432274e-07 -2.6660544563128497e-06 -4.912192025394676e-07 -1.0385121633329574e-07
leaf_weight=597 20 20 28 28 31 570 118 70 23 37 377 2921 749 78 20 186 1015
leaf_count=597 20 20 28 28 31 570 118 70 23 37 377 2921 749 78 20 186 1015
internal_value=4.27503e-16 8.89517e-09 1.81216e-06 -1.26756e-06 -3.84878e-09 2.56237e-07 -2.35e-07 2.3135e-07 4.27e-07 5.28646e-07 -4.10039e-08 -1.06717e-09 1.70784e-07 -1.60358e-07 -4.24728e-07 -7.55156e-08 -6.43341e-08
internal_weight=6888 6840 48 48 6792 849 219 188 630 607 5943 4453 1346 1490 397 3107 1093
internal_count=6888 6840 48 48 6792 849 219 188 630 607 5943 4453 1346 1490 397 3107 1093
is_linear=0
shrinkage=0.05


Tree=95
num_leaves=20
num_cat=0
split_feature=14 14 13 21 15 14 14 13 21 13 15 27 21 5 5 15 15 11 13
split_gain=2.80365e-08 5.6745e-08 4.38509e-08 3.22232e-08 1.97255e-08 1.02599e-07 1.69777e-07 9.1825e-08 4.50756e-08 1.31744e-07 4.41464e-08 7.91499e-08 5.73692e-08 2.50464e-08 2.08382e-08 5.55359e-08 2.59165e-08 1.67627e-08 6.04321e-10
threshold=0.99983759474438971 0.99939377080793557 0.1294095225512602 105.50000000000001 -0.75013812021657655 0.52766072109828632 0.49812943072827093 0.1294095225512602 632.50000000000011 0.1294095225512602 -0.64580103137750788 5.166666666666667 90.500000000000014 6.7500000000000009 6.1500000000000012 0.11478523713130606 0.26659387353423869 23.887500000000003 -0.9159756150367534
decision_type=2 2 2 2 2 2 2 2 2 2 2 2 2 2 2 2 2 2 2
left_child=1 4 -2 -3 5 6 13 -8 9 -7 11 17 -13 -1 15 -12 -16 -6 -10
right_child=2 3 -4 -5 10 8 7 -9 18 -11 14 12 -14 -15 16 -17 -18 -19 -20
leaf_value=3.9961204456119757e-07 -2.5943381547659346e-06 2.9132328913524711e-06 4.387275520333457e-07 3.1321006510800301e-07 1.5307939295012306e-06 3.3474547680025495e-06 -4.9484732567879504e-06 -5.5939646211362002e-07 2.2692123877732231e-07 4.8003643614306799e-07 -6.3461726919649163e-07 -1.7277886790076573e-06 -2.9606179596991728e-07 -3.4768690600137103e-08 1.6223629830170596e-07 1.2707073973986628e-07 -1.1770034428752236e-07 1.6391503234242718e-07 -1.0123246835412808e-07
leaf_weight=448 26 26 22 22 29 63 26 22 20 110 437 143 137 1280 1985 529 1417 99 47
leaf_count=448 26 26 22 22 29 63 26 22 20 110 437 143 137 1280 1985 529 1417 99 47
internal_value=-4.39624e-16 8.45041e-09 -1.20418e-06 1.72156e-06 -3.65634e-09 1.27495e-07 -3.6288e-09 -2.93681e-06 1.09781e-06 1.52424e-06 -5.90166e-08 -5.56406e-07 -1.02727e-06 7.78485e-08 -1.25572e-08 -2.17502e-07 4.56372e-08 4.73599e-07 -3.27614e-09
internal_weight=6888 6840 48 48 6792 2016 1776 48 240 173 4776 408 280 1728 4368 966 3402 128 67
internal_count=6888 6840 48 48 6792 2016 1776 48 240 173 4776 408 280 1728 4368 966 3402 128 67
is_linear=0
shrinkage=0.05


Tree=96
num_leaves=24
num_cat=0
split_feature=12 22 19 0 5 6 19 22 4 14 8 18 8 16 25 25 26 23 16 6 23 13 0
split_gain=2.71929e-08 1.0432e-07 1.32542e-07 7.92783e-08 4.274e-08 4.11397e-08 9.91998e-09 9.10503e-08 5.84026e-08 6.89571e-08 5.48632e-08 3.21168e-08 2.33198e-08 2.41365e-08 1.50115e-08 1.139e-08 7.8476e-09 5.64381e-08 5.29622e-08 9.71317e-09 8.19363e-08 1.97565e-08 3.72757e-09
threshold=0.78656609248549325 182.50000000000003 0.00026676500000000003 145.50000000000003 1.4500000000000002 8.3015000000000017e-05 0.00040100500000000001 361.50000000000006 58.500000000000007 0.46800856592688472 114.55616008044332 0.00020605000000000002 85.436314226714089 478.25000000000006 0.00037812428806199112 0.00035172021360892458 0.00032913940569140836 420.50000000000006 367.61000000000007 0.00018002000000000003 196.50000000000003 -0.60355339059327384 427.50000000000006
decision_type=2 2 2 2 2 2 2 2 2 2 2 2 2 2 2 2 2 2 2 2 2 2 2
left_child=6 2 3 4 -2 -6 14 8 9 15 -11 -9 -13 -14 16 -8 19 18 -18 21 -21 -1 -19
right_child=1 -3 -4 -5 5 -7 7 11 -10 10 -12 12 13 -15 -16 -17 17 22 -20 20 -22 -23 -24
leaf_value=-1.2198469967654838e-06 -1.8799592213625261e-06 -3.392186952169141e-06 3.1187310271026294e-06 -2.8145146581499091e-06 1.4578891847908806e-07 9.9831260093942434e-07 1.9290308614472453e-08 -1.4742994301068044e-06 -4.7910835336649275e-07 5.3582550890496353e-06 1.6547719421566855e-06 1.4079411187140068e-06 -1.6212568008692568e-06 -2.4096501142852491e-08 -1.372986316963336e-06 1.4008068282655095e-06 -4.0601893592414247e-07 6.1398377781074488e-07 -3.8898642031881536e-06 1.9167276042053983e-06 -1.2793232562431707e-07 -8.6763662555246204e-08 -9.9521227422035474e-08
leaf_weight=39 24 20 39 22 1169 161 25 39 35 20 20 28 24 1644 23 37 24 20 20 57 349 2833 216
leaf_count=39 24 20 39 22 1169 161 25 39 35 20 20 28 24 1644 23 37 24 20 20 57 349 2833 216
internal_value=-1.12319e-15 1.93661e-07 2.44345e-07 1.62876e-07 2.11253e-07 2.48989e-07 -5.09635e-08 4.23097e-08 1.28324e-06 1.88797e-06 3.50651e-06 -5.56773e-08 -2.30557e-08 -4.70772e-08 -9.97229e-08 8.43744e-07 -9.14921e-08 -3.45567e-07 -1.98958e-06 -6.97896e-08 1.59126e-07 -1.0215e-07 -3.90547e-08
internal_weight=6888 1435 1415 1376 1354 1330 5453 1872 137 102 40 1735 1696 1668 3581 62 3558 280 44 3278 406 2872 236
internal_count=6888 1435 1415 1376 1354 1330 5453 1872 137 102 40 1735 1696 1668 3581 62 3558 280 44 3278 406 2872 236
is_linear=0
shrinkage=0.05


Tree=97
num_leaves=22
num_cat=0
split_feature=3 14 5 3 5 8 4 14 12 22 6 14 5 9 5 26 11 14 8 14 14
split_gain=2.55379e-08 3.42806e-08 2.56697e-08 2.53292e-08 5.90378e-08 9.3261e-08 7.10224e-08 4.52415e-08 2.97238e-08 9.65206e-08 1.04496e-07 7.27724e-08 1.63229e-08 1.86463e-08 6.51255e-09 2.70607e-08 8.89288e-09 8.32664e-09 1.93433e-08 1.62864e-08 5.48271e-09
threshold=10.050000000000002 0.98667101781630195 5.0500000000000007 11.750000000000002 6.3500000000000005 95.832462969806201 66.500000000000014 0.91248814248966237 0.78656609248549325 182.50000000000003 0.00026386500000000006 0.96234642434711437 14.050000000000002 -32.14190208056764 2.5500000000000003 0.0002784404218941499 19.909375000000001 0.52766072109828632 172.97747765956015 0.21862473630160603 0.94425825643485939
decision_type=2 2 2 2 2 2 2 2 2 2 2 2 2 2 2 2 2 2 2 2 2
left_child=1 -1 -3 4 5 6 -2 12 14 10 11 -10 13 -6 15 16 -5 19 -19 -16 -7
right_child=3 2 -4 8 7 20 -8 -9 9 -11 -12 -13 -14 -15 17 -17 -18 18 -20 -21 -22
leaf_value=2.4758735444644727e-06 -5.1715211486421971e-06 -7.5422199438994016e-07 1.5250439782037229e-06 2.3525141203568656e-07 -7.9848631334362323e-07 7.0414194999202104e-07 -1.1538772324373979e-06 2.0205069885144318e-06 7.738135134920614e-08 -3.2225775885308392e-06 2.8260938929400789e-06 1.4485432460866e-06 -1.1170541781870597e-06 1.1388523683274765e-06 -4.5543850059991915e-08 1.7770784421458074e-06 -6.1685358494807069e-07 2.4167992329285133e-07 -8.4319784647648274e-08 -3.2066298860067003e-07 -4.1677434321485411e-07
leaf_weight=24 22 30 21 113 23 20 22 26 1111 20 39 106 39 27 2392 25 42 676 1392 694 24
leaf_count=24 22 30 21 113 23 20 22 26 1111 20 39 106 39 27 2392 25 42 676 1392 694 24
internal_value=-4.84203e-16 9.17603e-07 1.84299e-07 -1.01013e-08 -5.6023e-07 -1.53498e-06 -3.1627e-06 1.85669e-07 6.7937e-09 2.23576e-07 2.78451e-07 1.96809e-07 -3.50352e-07 2.47677e-07 -4.50649e-08 2.5057e-07 4.35845e-09 -5.53897e-08 2.22449e-08 -1.07414e-07 9.27331e-08
internal_weight=6888 75 51 6813 203 88 44 115 6610 1276 1256 1217 89 50 5334 180 155 5154 2068 3086 44
internal_count=6888 75 51 6813 203 88 44 115 6610 1276 1256 1217 89 50 5334 180 155 5154 2068 3086 44
is_linear=0
shrinkage=0.05


Tree=98
num_leaves=15
num_cat=0
split_feature=14 14 8 8 3 3 8 5 14 14 12 14 5 15
split_gain=2.54011e-08 5.04443e-08 8.91203e-08 4.40939e-08 2.31387e-08 4.53329e-08 8.7861e-08 1.29301e-07 3.09082e-08 2.7067e-08 2.70428e-08 8.11738e-08 2.28535e-08 9.36589e-09
threshold=0.99983759474438971 0.99939377080793557 175.79037162244484 141.71046372956297 10.050000000000002 11.450000000000001 89.102571890424755 6.1500000000000012 0.98667101781630195 0.93845596220871974 0.91597561503675362 0.98049069993378934 4.6500000000000012 -0.97507822412530132
decision_type=2 2 2 2 2 2 2 2 2 2 2 2 2 2
left_child=1 4 -3 -2 8 6 7 -6 -1 -8 13 -12 -10 -7
right_child=3 2 -4 -5 5 10 9 -9 12 -11 11 -13 -14 -15
leaf_value=2.3520799416587581e-06 -2.9392835111252681e-06 3.9653855258786121e-06 -3.5856825556598221e-07 1.3458862895276981e-07 -5.1524156239916389e-06 1.6400007172330958e-07 1.5182449253114197e-06 -4.1448262619623068e-07 -7.3475724231400003e-07 -8.3879363745558474e-07 1.7322668166408723e-07 2.7074500056042701e-06 1.4622441568690192e-06 -5.3517024458989575e-08
leaf_weight=24 20 22 26 28 24 546 29 36 29 21 744 33 20 5286
leaf_count=24 20 22 26 28 24 546 29 36 29 21 744 33 20 5286
internal_value=-5.56736e-16 8.04345e-09 1.62324e-06 -1.14619e-06 -3.3714e-09 -1.29908e-08 -1.01968e-06 -2.30966e-06 8.82012e-07 5.28289e-07 3.7645e-09 2.80858e-07 1.61978e-07 -3.31528e-08
internal_weight=6888 6840 48 48 6792 6719 110 60 73 50 6609 777 49 5832
internal_count=6888 6840 48 48 6792 6719 110 60 73 50 6609 777 49 5832
is_linear=0
shrinkage=0.05


Tree=99
num_leaves=31
num_cat=0
split_feature=12 27 27 9 5 3 3 8 5 27 8 27 5 27 3 5 3 4 27 5 3 5 8 8 8 5 9 1 3 19
split_gain=2.12755e-08 2.8582e-08 5.95785e-08 5.22419e-08 5.17675e-08 1.40026e-07 6.56298e-08 5.68172e-08 3.89953e-08 6.09067e-08 5.55796e-08 8.2761e-08 2.95128e-08 2.8455e-08 2.70352e-08 2.69474e-08 2.37878e-08 2.18319e-08 9.06485e-09 2.13143e-08 2.02634e-08 2.08838e-08 2.04699e-08 1.88912e-08 1.70149e-08 3.40283e-08 4.98865e-08 4.1782e-08 1.07416e-07 4.14874e-08
threshold=0.91597561503675362 6.5000000000000009 25.166666666666668 -14.163769040623022 8.8500000000000032 15.65 16.250000000000004 69.564170468431641 16.850000000000005 80.166666666666671 59.752354094569064 34.166666666666679 11.750000000000002 54.500000000000007 18.250000000000004 10.950000000000001 13.850000000000003 16.500000000000004 61.166666666666679 1.3500000000000003 27.750000000000004 2.0500000000000003 112.1993504803276 181.03998620132509 111.03009239048184 17.050000000000004 -34.415834091385335 674.95000000000016 23.050000000000004 0.00023865000000000003
decision_type=2 2 2 2 2 2 2 2 2 2 2 2 2 2 2 2 2 2 2 2 2 2 2 2 2 2 2 2 2 2
left_child=18 4 3 17 6 -6 16 -8 10 -10 13 -12 -7 -4 15 -5 -2 -3 24 -20 21 -21 -23 -22 25 27 -27 29 -29 -1
right_child=1 2 8 14 5 12 7 -9 9 -11 11 -13 -14 -15 -16 -17 -18 -19 19 20 23 22 -24 -25 -26 26 -28 28 -30 -31
leaf_value=-3.9286899500322963e-08 6.0423967317694549e-07 -9.7709096867366774e-07 -2.1413160459854659e-07 1.6950866510639502e-06 -4.3742434118030359e-06 1.5489951775552154e-06 8.1564084233320963e-07 -2.0438715415893012e-06 3.4802963591573645e-07 -3.3538642509256536e-06 -1.8652234907027119e-06 6.8856419702127164e-07 -7.8805007433402349e-07 -2.7598000564293691e-06 8.0914286968436502e-07 3.7205673426872943e-06 2.498863568689558e-06 1.0088171904953924e-06 -1.6490300377531466e-06 1.1819649380374265e-06 2.0796404330525321e-06 -4.879138597390029e-07 -5.9868432601297528e-08 -4.3592529057208523e-08 -6.1480676136062869e-08 -3.4775254881935779e-07 1.7688276704407209e-06 -3.2936464984700821e-06 7.9136600340411365e-08 6.1375454786608931e-07
leaf_weight=763 37 31 23 52 25 22 32 38 25 20 35 339 35 21 47 24 30 25 23 29 20 380 1054 22 3139 45 73 32 90 357
leaf_count=763 37 31 23 52 25 22 32 38 25 20 35 339 35 21 47 24 30 25 23 29 20 380 1054 22 3139 45 73 32 90 357
internal_value=-9.66629e-16 2.32494e-07 4.0075e-07 1.17541e-06 -2.60748e-07 -1.25439e-06 3.33987e-07 -7.36666e-07 1.01259e-07 -1.29726e-06 2.51817e-07 4.49573e-07 1.13967e-07 -1.42911e-06 1.75177e-06 2.33471e-06 1.45258e-06 -9.05248e-08 -3.32135e-08 -1.38433e-07 -1.15347e-07 -1.46433e-07 -1.73297e-07 9.67471e-07 2.52229e-09 1.50247e-07 9.61657e-07 7.31563e-08 -8.05528e-07 1.6887e-07
internal_weight=6888 861 642 179 219 82 137 70 463 45 418 374 57 44 123 76 67 56 6027 1528 1505 1463 1434 42 4499 1360 118 1242 122 1120
internal_count=6888 861 642 179 219 82 137 70 463 45 418 374 57 44 123 76 67 56 6027 1528 1505 1463 1434 42 4499 1360 118 1242 122 1120
is_linear=0
shrinkage=0.05


Tree=100
num_leaves=13
num_cat=0
split_feature=14 14 12 12 11 14 15 12 14 14 12 13
split_gain=2.26171e-08 4.53358e-08 8.05277e-08 3.93683e-08 1.96591e-08 2.3362e-08 7.45276e-08 1.87373e-07 5.08906e-08 9.09481e-08 9.05474e-08 3.06798e-08
threshold=0.99983759474438971 0.99939377080793557 0.25881904510252091 0.25881904510252091 8.7500000000000018 0.98667101781630195 0.029024409397335523 0.60355339059327384 0.96234642434711437 0.95752911693909493 0.37940952255126054 0.1294095225512602
decision_type=2 2 2 2 2 2 2 2 2 2 2 2
left_child=1 4 -3 -2 -1 8 11 -8 9 -6 -10 -7
right_child=3 2 -4 -5 5 6 7 -9 10 -11 -12 -13
leaf_value=1.3189027773665073e-06 1.2864657240437997e-07 -1.9202347074959952e-07 3.9620024886843908e-06 -2.7758420037571346e-06 -2.1487523839108069e-09 9.4754619158937504e-07 -2.3689958319577643e-07 -4.1991596999534338e-06 -2.4428345216966966e-08 -2.1871746713901058e-06 1.7350141628845902e-06 -4.0853233537442061e-07
leaf_weight=28 28 28 20 20 6070 91 127 39 195 48 117 77
leaf_count=28 28 28 20 20 6070 91 127 39 195 48 117 77
internal_value=-1.29195e-15 7.58987e-09 1.53882e-06 -1.08156e-06 -3.23155e-09 -8.7046e-09 -4.16418e-07 -1.16779e-06 1.24737e-08 -1.92918e-08 6.35363e-07 3.2601e-07
internal_weight=6888 6840 48 48 6792 6764 334 166 6430 6118 312 168
internal_count=6888 6840 48 48 6792 6764 334 166 6430 6118 312 168
is_linear=0
shrinkage=0.05


Tree=101
num_leaves=12
num_cat=0
split_feature=14 14 8 27 11 14 27 5 14 14 12
split_gain=2.04119e-08 4.09155e-08 7.26923e-08 3.61871e-08 1.77423e-08 2.10842e-08 5.20764e-08 8.28247e-08 4.59287e-08 8.20807e-08 8.1719e-08
threshold=0.99983759474438971 0.99939377080793557 175.79037162244484 77.500000000000014 8.7500000000000018 0.98667101781630195 2.5000000000000004 4.1500000000000012 0.96234642434711437 0.95752911693909493 0.37940952255126054
decision_type=2 2 2 2 2 2 2 2 2 2 2
left_child=1 4 -3 -2 -1 8 -7 -8 9 -6 -10
right_child=3 2 -4 -5 5 6 7 -9 10 -11 -12
leaf_value=1.2529575862238066e-06 -2.4587856713602061e-06 3.5771648206470922e-06 -3.279770350690552e-07 2.8932290160810225e-07 -2.0413142869475006e-09 2.0782156276766272e-06 -2.296179824295181e-06 -1.7483649492507889e-07 -2.3206929745866453e-08 -2.0778159306159931e-06 1.6482634598501952e-06
leaf_weight=28 23 22 26 25 6070 20 56 258 195 48 117
leaf_count=28 23 22 26 25 6070 20 56 258 195 48 117
internal_value=-6.57862e-16 7.21038e-09 1.46188e-06 -1.02748e-06 -3.06997e-09 -8.26937e-09 -3.95598e-07 -5.53165e-07 1.185e-08 -1.83272e-08 6.03594e-07
internal_weight=6888 6840 48 48 6792 6764 334 314 6430 6118 312
internal_count=6888 6840 48 48 6792 6764 334 314 6430 6118 312
is_linear=0
shrinkage=0.05


Tree=102
num_leaves=15
num_cat=0
split_feature=14 13 14 14 15 8 5 14 8 14 9 27 8 14
split_gain=1.84218e-08 3.73845e-08 3.71499e-08 1.56787e-08 6.57265e-08 9.25159e-08 3.38948e-08 3.32912e-08 2.10922e-08 5.0224e-08 3.64575e-08 2.24687e-08 1.77095e-09 1.51253e-09
threshold=0.99983759474438971 0.1294095225512602 0.99966190462023474 -0.94705910369513524 0.28313308994381586 139.37818040257878 1.4500000000000002 -0.97876850416056738 127.36843394903754 -0.8659933693357097 -50.532562811232374 29.500000000000004 359.28908972677465 -0.93843426604005675
decision_type=2 2 2 2 2 2 2 2 2 2 2 2 2 2
left_child=2 -2 3 4 6 -6 -1 -8 9 11 -11 -5 13 -10
right_child=1 -3 -4 8 5 -7 7 -9 12 10 -12 -13 -14 -15
leaf_value=-2.0303861793635749e-06 -2.2596765592634954e-06 5.4084282452167414e-07 1.9705727931788414e-06 3.7453869481396398e-07 -4.5911635952222694e-06 -1.38654869122742e-07 1.80763533399345e-07 -4.8538678624222873e-07 -3.5274186974528939e-07 -5.6607460865171326e-07 1.4591190934989473e-07 1.6846362472714798e-06 3.5199487617658352e-07 -5.0803634636926271e-08
leaf_weight=22 26 22 24 60 20 28 560 282 42 196 2175 72 27 3332
leaf_count=22 26 22 24 60 20 28 560 282 42 196 2175 72 27 3332
internal_value=4.32964e-16 -9.76105e-07 6.84986e-09 -6.46561e-11 -1.93011e-07 -1.99387e-06 -9.2963e-08 -4.23414e-08 2.974e-08 1.39902e-07 8.70552e-08 1.08914e-06 -5.13346e-08 -5.45622e-08
internal_weight=6888 48 6840 6816 912 48 864 842 5904 2503 2371 132 3401 3374
internal_count=6888 48 6840 6816 912 48 864 842 5904 2503 2371 132 3401 3374
is_linear=0
shrinkage=0.05


Tree=103
num_leaves=21
num_cat=0
split_feature=3 4 3 25 20 9 3 14 14 14 27 21 3 27 27 3 14 27 27 14
split_gain=2.01156e-08 2.859e-08 2.05287e-08 3.0387e-08 4.0444e-08 4.55448e-08 3.76601e-08 1.87089e-08 4.68334e-08 4.57986e-08 7.26589e-08 2.79132e-08 2.34714e-08 2.26723e-08 3.4774e-08 2.12131e-08 1.37247e-08 6.19722e-08 4.87721e-08 5.78542e-09
threshold=10.050000000000002 53.500000000000007 12.750000000000002 2.3697113083232493e-05 1.0000000180025095e-35 -4.9740177647715198 12.550000000000002 0.96234642434711437 0.95752911693909493 0.97314989601849466 70.166666666666671 141.50000000000003 19.350000000000005 53.833333333333336 46.500000000000007 30.150000000000002 0.98213580174693105 1.0000000180025095e-35 1.0000000180025095e-35 0.99374995976406788
decision_type=2 2 2 2 2 2 2 2 2 2 2 2 2 2 2 2 2 2 2 2
left_child=1 19 3 4 5 6 -2 8 13 10 12 -10 -9 14 -4 -15 17 -11 -18 -1
right_child=2 -3 7 -5 -6 -7 -8 9 11 16 -12 -13 -14 15 -16 -17 18 -19 -20 -21
leaf_value=5.9369591933015433e-07 -3.449156484074909e-08 2.1545461606820026e-06 2.7153371219082098e-08 -2.0593464681676705e-06 1.4517123705707382e-06 -2.1491895128375209e-06 -1.5734279321577562e-06 2.081404316811586e-06 -2.7844089277806462e-06 -1.8679504670949934e-06 3.681057775210043e-06 -2.8828666055839372e-07 1.5890899661538277e-07 -1.8734763107210334e-07 6.9041461262605492e-07 1.3765499272334514e-06 1.6821473433519342e-06 4.7909815758847199e-07 -1.6539978437176555e-08 -4.986048651289821e-07
leaf_weight=27 341 26 3959 24 33 33 45 20 24 45 23 21 77 1507 208 22 49 75 307 22
leaf_count=27 341 26 3959 24 33 33 45 20 24 45 23 21 77 1507 208 22 49 75 307 22
internal_value=1.00829e-15 8.14382e-07 -8.96502e-09 -3.25645e-07 -2.3359e-07 -3.66323e-07 -2.13901e-07 1.48222e-08 -1.28588e-08 2.8146e-07 1.1544e-06 -1.61955e-06 5.553e-07 -1.6544e-10 6.02607e-08 -1.64846e-07 6.13908e-08 -4.01045e-07 2.17268e-07 1.03275e-07
internal_weight=6888 75 6813 476 452 419 386 6337 5741 596 120 45 97 5696 4167 1529 476 120 356 49
internal_count=6888 75 6813 476 452 419 386 6337 5741 596 120 45 97 5696 4167 1529 476 120 356 49
is_linear=0
shrinkage=0.05


Tree=104
num_leaves=21
num_cat=0
split_feature=3 4 3 5 15 15 12 3 12 22 19 20 7 4 5 26 25 14 15 14
split_gain=1.81543e-08 2.68279e-08 1.90801e-08 4.37516e-08 7.69487e-08 6.42033e-08 8.5974e-08 2.69831e-08 2.08951e-08 8.66702e-08 1.06698e-07 7.55336e-08 1.34452e-08 1.29997e-08 6.64114e-09 2.35761e-08 9.93187e-09 8.39869e-09 2.07707e-08 1.35146e-08
threshold=10.050000000000002 38.500000000000007 11.750000000000002 6.3500000000000005 0.41397665785662119 0.35041260675351149 0.60355339059327384 11.350000000000003 0.78656609248549325 182.50000000000003 0.00026676500000000003 0.00023698000000000002 116.10305010382527 86.500000000000014 2.5500000000000003 0.0002784404218941499 4.1614525716464046e-05 0.52766072109828632 -0.7444366621422277 0.49812943072827093
decision_type=2 2 2 2 2 2 2 2 2 2 2 2 2 2 2 2 2 2 2 2
left_child=1 -1 3 5 7 6 -2 -5 14 10 11 -10 -3 -6 15 16 -4 19 -19 -16
right_child=2 12 8 4 13 -7 -8 -9 9 -11 -12 -13 -14 -15 17 -17 -18 18 -20 -21
leaf_value=-2.9317850876705882e-07 -1.0243215026528968e-07 2.5501615300527195e-06 1.8544488687437193e-07 3.0534514687859244e-06 -1.4613968743377042e-06 9.4527955920768924e-07 -3.7605702548009708e-06 5.4774975605401522e-07 2.2518933700345793e-07 -3.0776679295740908e-06 2.8142488143856053e-06 -2.1317186091453423e-06 7.5892776087791646e-07 -1.1301304007901943e-07 -8.395210330530028e-08 1.6860441630797141e-06 -1.0084591681192024e-06 5.3575441288988237e-07 -1.9458269632789474e-08 -7.8185792020836027e-07
leaf_weight=33 29 20 135 22 39 23 36 21 1182 20 39 35 22 33 3015 25 20 185 1883 71
leaf_count=33 29 20 135 22 39 23 36 21 1182 20 39 35 22 33 3015 25 20 185 1883 71
internal_value=-1.23843e-16 7.73663e-07 -8.51677e-09 -4.85985e-07 1.56128e-07 -1.32511e-06 -2.12848e-06 1.82974e-06 6.14676e-09 1.87904e-07 2.39904e-07 1.57406e-07 1.6119e-06 -8.43388e-07 -3.73333e-08 2.61205e-07 3.13928e-08 -4.77596e-08 3.02102e-08 -1.00009e-07
internal_weight=6888 75 6813 203 115 88 65 43 6610 1276 1256 1217 42 72 5334 180 155 5154 2068 3086
internal_count=6888 75 6813 203 115 88 65 43 6610 1276 1256 1217 42 72 5334 180 155 5154 2068 3086
is_linear=0
shrinkage=0.05


Tree=105
num_leaves=27
num_cat=0
split_feature=3 15 5 3 5 15 9 15 5 3 27 12 22 19 22 15 5 15 13 19 22 3 24 25 8 25
split_gain=1.63843e-08 2.59391e-08 2.20596e-08 1.77308e-08 4.97984e-08 7.14904e-08 1.20679e-07 5.77462e-08 7.99988e-08 4.70268e-08 3.7457e-08 2.99873e-08 8.19215e-08 9.08462e-08 6.16876e-08 2.51373e-08 2.46273e-08 2.39921e-08 1.47041e-08 6.56337e-09 7.70984e-08 5.1097e-08 3.2944e-08 1.37269e-08 6.44492e-08 4.31453e-09
threshold=10.050000000000002 0.32410992729244009 5.0500000000000007 12.750000000000002 6.5500000000000007 0.35041260675351149 -6.2653337913075822 0.029024409397335523 10.950000000000001 11.950000000000001 64.166666666666671 0.78656609248549325 182.50000000000003 0.00027171000000000004 145.50000000000003 0.9052873537896472 8.4500000000000011 0.57780407610161799 0.25881904510252057 0.00040100500000000001 361.50000000000006 19.150000000000002 0.00018818739254097353 0.00029710350087074311 103.59314869256782 0.00028151315719447272
decision_type=2 2 2 2 2 2 2 2 2 2 2 2 2 2 2 2 2 2 2 2 2 2 2 2 2 2
left_child=1 2 -1 4 5 6 10 8 9 -6 -2 19 13 14 -13 18 -9 -18 -7 23 21 -21 -22 25 -25 -5
right_child=3 -3 -4 11 7 15 -8 16 -10 -11 -12 12 -14 -15 -16 -17 17 -19 -20 20 22 -23 -24 24 -26 -27
leaf_value=-7.7292366280327471e-07 -1.7901024007964268e-06 2.0904700282496175e-06 1.3399971472998524e-06 -6.1175675848434526e-08 1.6786197089340538e-06 1.7365300471703032e-06 -4.6640027983055239e-06 7.9462716673817403e-07 3.1676383442036383e-06 -1.3488616886823431e-06 3.683965271337907e-07 2.7819170383568076e-07 -2.9237845001262032e-06 2.775580567989285e-06 -2.3394770108631711e-06 -1.1747042815102305e-06 -2.1974234568816312e-07 -1.4962610880468848e-06 -4.233119238419715e-08 2.495106650712842e-06 -1.2792244934646405e-06 4.7109735196183821e-07 -1.3156387482210639e-08 -2.3957825968423666e-06 -3.6904332607252317e-08 4.3194335410766549e-07
leaf_weight=30 44 24 21 3108 23 26 27 39 32 29 37 1049 20 36 23 20 126 52 21 48 53 89 1682 36 148 45
leaf_count=30 44 24 21 3108 23 26 27 39 32 29 37 1049 20 36 23 20 126 52 21 48 53 89 1682 36 148 45
internal_value=-8.21929e-16 7.3498e-07 9.71026e-08 -8.09093e-09 -3.02399e-07 -9.73115e-07 -1.76909e-06 8.75516e-08 1.20066e-06 -9.78338e-09 -8.04121e-07 1.40159e-08 2.47749e-07 3.04996e-07 2.22029e-07 3.09951e-07 -3.4333e-07 -5.92658e-07 9.4172e-07 -3.65985e-08 3.83359e-08 1.18024e-06 -5.18317e-08 -7.86355e-08 -4.98424e-07 -5.41378e-08
internal_weight=6888 75 51 6813 476 175 108 301 84 52 81 6337 1128 1108 1072 67 217 178 47 5209 1872 137 1735 3337 184 3153
internal_count=6888 75 51 6813 476 175 108 301 84 52 81 6337 1128 1108 1072 67 217 178 47 5209 1872 137 1735 3337 184 3153
is_linear=0
shrinkage=0.05


Tree=106
num_leaves=16
num_cat=0
split_feature=14 14 8 13 15 14 15 8 15 14 5 5 8 3 8
split_gain=1.55154e-08 3.48916e-08 6.58192e-08 3.24893e-08 1.52178e-08 8.18162e-08 3.30493e-08 5.41807e-08 3.84331e-08 9.99589e-08 2.63001e-08 1.69283e-08 1.68129e-08 1.57537e-08 3.99161e-09
threshold=0.99983759474438971 0.99939377080793557 141.71046372956297 0.1294095225512602 -0.99938741687870725 -0.015050995721668367 -0.97507822412530132 92.474565814496643 -0.97111920233974802 0.21862473630160603 7.0500000000000007 15.550000000000002 103.59314869256782 10.050000000000002 244.32504087900517
decision_type=2 2 2 2 2 2 2 2 2 2 2 2 2 2 2
left_child=1 4 -3 -2 5 -1 7 10 9 -8 -6 12 -7 -10 -9
right_child=3 2 -4 -5 6 11 8 14 13 -11 -12 -13 -14 -15 -16
leaf_value=-3.1564833117651383e-06 -2.0923899088442203e-06 3.5403437345848943e-06 -2.1520096226928286e-07 5.1834308811232239e-07 1.9497066347701714e-06 1.8366863878327422e-06 8.4565569959949025e-07 3.6294450077114315e-07 7.1442600553403001e-07 -3.7177600775114196e-06 6.7596898802609043e-07 -9.8029939267906322e-07 -2.2749345644555314e-08 -2.4506759893292647e-08 -1.0528226550633021e-07
leaf_weight=24 26 20 28 22 55 20 24 55 73 24 154 21 31 6047 264
leaf_count=24 26 20 28 22 55 20 24 55 73 24 154 21 31 6047 264
internal_value=6.01946e-16 6.28634e-09 1.34961e-06 -8.95804e-07 -3.2071e-09 -6.28264e-07 5.75429e-09 3.85418e-07 -2.67461e-08 -1.43605e-06 1.01116e-06 2.14475e-07 7.06441e-07 -1.56927e-08 -2.45535e-08
internal_weight=6888 6840 48 48 6792 96 6696 528 6168 48 209 72 51 6120 319
internal_count=6888 6840 48 48 6792 96 6696 528 6168 48 209 72 51 6120 319
is_linear=0
shrinkage=0.05


Tree=107
num_leaves=15
num_cat=0
split_feature=14 4 14 21 3 3 5 7 4 27 14 14 14 14
split_gain=1.40027e-08 3.18097e-08 3.14896e-08 2.13163e-08 1.37192e-08 3.2195e-08 5.60249e-08 5.32661e-08 4.42221e-08 2.41159e-08 1.89936e-08 1.44528e-08 5.7675e-08 1.60414e-08
threshold=0.99983759474438971 73.500000000000014 0.99939377080793557 105.50000000000001 10.050000000000002 11.450000000000001 6.5500000000000007 109.17467662370957 33.500000000000007 50.833333333333336 0.9916835347852474 -0.94705910369513524 -0.97876850416056738 -0.8659933693357097
decision_type=2 2 2 2 2 2 2 2 2 2 2 2 2 2
left_child=2 -2 4 -4 9 6 8 -8 -6 10 -1 12 -7 -13
right_child=1 -3 3 -5 5 11 7 -9 -10 -11 -12 13 -14 -15
leaf_value=9.4631302997330829e-07 -2.2502927735827555e-06 3.3299153126510931e-07 2.2513669582972047e-06 1.3666564807511928e-07 -1.4233476747449461e-07 1.2255132643659542e-07 2.3181421528306601e-06 -9.0013458399577453e-07 -3.1053378877994183e-06 1.7667181403642948e-06 -1.1559517937647407e-06 3.8181452011205202e-07 -7.017392754993246e-07 1.3054767147364321e-08
leaf_weight=22 22 26 26 22 20 576 20 36 34 30 21 312 336 5385
leaf_count=22 22 26 26 22 20 576 20 36 34 30 21 312 336 5385
internal_value=7.11458e-17 -8.51014e-07 5.97203e-09 1.28213e-06 -3.04675e-09 -1.04538e-08 -8.5882e-07 2.4925e-07 -2.00793e-06 6.78705e-07 -8.03744e-08 3.6664e-09 -1.81135e-07 3.32501e-08
internal_weight=6888 48 6840 48 6792 6719 110 56 54 73 43 6609 912 5697
internal_count=6888 48 6840 48 6792 6719 110 56 54 73 43 6609 912 5697
is_linear=0
shrinkage=0.05


Tree=108
num_leaves=24
num_cat=0
split_feature=15 27 15 12 15 14 5 15 27 15 11 15 12 15 5 12 12 14 5 15 4 7 25
split_gain=1.3903e-08 1.06699e-07 2.91941e-08 4.40916e-08 3.49105e-08 9.02129e-08 3.08092e-08 4.11421e-08 1.86744e-08 1.40056e-08 6.67751e-08 3.84405e-08 6.17986e-08 5.479e-08 2.3702e-08 1.22962e-08 7.91011e-09 1.01137e-08 5.63085e-09 4.9258e-09 2.63711e-09 1.85752e-10 8.75626e-12
threshold=-0.99938741687870725 32.500000000000007 -0.97507822412530132 0.60355339059327384 -0.97111920233974802 0.21862473630160603 7.0500000000000007 -0.99273797715557011 12.833333333333334 -0.94137724084408114 15.328125000000002 -0.90531874877253482 0.60355339059327384 -0.85225707553516283 5.0500000000000007 0.37940952255126054 -0.25881904510252113 0.16799745313369893 8.9500000000000011 -0.99628250747696534 5.5000000000000009 25.472206529763564 0.00044827615927303205
decision_type=2 2 2 2 2 2 2 2 2 2 2 2 2 2 2 2 2 2 2 2 2 2 2
left_child=1 15 3 16 5 -4 19 -8 -9 10 -6 12 -11 -13 -12 20 21 18 -18 -5 -1 -2 -23
right_child=2 -3 4 6 9 -7 7 8 -10 11 14 13 -14 -15 -16 -17 17 -19 -20 -21 -22 22 -24
leaf_value=2.2795216030620699e-07 -2.5791760497833657e-07 -3.4846967445304835e-06 8.0272017181452304e-07 1.7165969964594297e-06 -2.8211687777002226e-06 -3.5325248717299473e-06 -7.1164677748540912e-07 2.2650829484186593e-07 1.8730291841683202e-06 1.0412990412607591e-07 -1.7715744213830931e-06 -6.6630413356578883e-07 1.7871729437206637e-06 1.5323368267796248e-08 1.9124192040127277e-08 1.3499548055568251e-06 5.8583256586772695e-07 1.3668590202628585e-06 -7.8675184589371838e-08 2.826303743859171e-06 -5.1326158119660566e-07 -9.9069852160974978e-08 -1.2416038215532253e-07
leaf_weight=30 22 24 24 20 25 24 37 26 51 187 20 312 77 5352 243 22 53 21 80 20 20 153 45
leaf_count=30 22 24 24 20 25 24 37 26 51 187 20 312 77 5352 243 22 53 21 80 20 20 153 45
internal_value=1.15146e-15 -5.97504e-07 8.44529e-09 3.65494e-07 -2.16508e-08 -1.3649e-06 1.07754e-06 6.58621e-07 1.31706e-06 -1.12782e-08 -3.51783e-07 5.26457e-09 5.95017e-07 -2.22239e-08 -1.17051e-07 3.64894e-07 7.22996e-08 3.47137e-07 1.86129e-07 2.27145e-06 -6.85333e-08 -1.20087e-07 -1.04772e-07
internal_weight=6888 96 6792 528 6264 48 154 114 77 6216 288 5928 264 5664 263 72 374 154 133 40 50 220 198
internal_count=6888 96 6792 528 6264 48 154 114 77 6216 288 5928 264 5664 263 72 374 154 133 40 50 220 198
is_linear=0
shrinkage=0.05


Tree=109
num_leaves=31
num_cat=0
split_feature=15 14 12 14 12 7 15 12 27 15 5 27 12 27 4 5 5 14 14 14 8 12 15 15 27 8 23 14 5 19
split_gain=1.41056e-08 8.49044e-08 1.4373e-07 1.38819e-07 2.08602e-07 5.21032e-08 4.33059e-08 8.7819e-08 2.17112e-07 1.79236e-07 2.31174e-08 9.36665e-08 2.93855e-08 4.13846e-08 2.2469e-08 1.77489e-08 1.70675e-08 4.46105e-08 5.11403e-08 6.44468e-08 4.55625e-08 4.19132e-08 6.40389e-08 2.21776e-07 7.03995e-08 1.24567e-08 2.48749e-08 9.47493e-09 6.86335e-09 4.10175e-09
threshold=-0.75013812021657655 0.52766072109828632 0.25881904510252091 0.49812943072827093 0.25881904510252091 104.07102137590913 -0.64580103137750788 0.78656609248549325 6.166666666666667 -0.69676771491221523 14.550000000000002 61.166666666666679 0.78656609248549325 0.50000000000000011 41.500000000000007 19.150000000000002 6.1500000000000012 -0.99275805973510278 -0.97876850416056738 -0.94705910369513524 90.576085265625622 0.60355339059327384 0.27487873330147788 0.30778899014954286 1.0000000180025095e-35 97.353951737631562 331.50000000000006 0.46800856592688472 12.950000000000001 0.00050265500000000018
decision_type=2 2 2 2 2 2 2 2 2 2 2 2 2 2 2 2 2 2 2 2 2 2 2 2 2 2 2 2 2 2
left_child=1 3 -3 10 -5 14 7 25 -9 -10 12 15 27 -14 29 -12 17 -8 20 -20 -19 -18 24 -24 -23 26 28 -1 -2 -4
right_child=6 2 5 4 -6 -7 16 8 9 -11 11 -13 13 -15 -16 -17 21 18 19 -21 -22 22 23 -25 -26 -27 -28 -29 -30 -31
leaf_value=5.6909341816872379e-09 3.6043709700704442e-07 -4.0212521282358341e-08 3.0864047512295656e-06 1.254037969593875e-07 -6.5604339397395964e-06 8.8635805273692574e-07 -2.2261182363190704e-06 2.3071542030224507e-06 -9.1954202379914331e-07 -6.2594732268432086e-06 -1.8318850540572043e-07 -2.8901564599781439e-06 1.9697318617525763e-06 3.3936370321081996e-07 4.6736156627957831e-06 1.0393870872897369e-06 -5.1329112826201818e-08 1.9669197168711578e-06 -1.5472886108712881e-06 -1.1896215506797529e-07 2.4567954003917267e-08 -1.0594964811505133e-06 -4.9082948563587388e-06 1.584880462981103e-07 8.9637181268259837e-07 -9.6823911932727982e-10 -2.2445176000474023e-06 8.088487707029396e-07 -8.3533223323413399e-07 2.1257305934341278e-06
leaf_weight=1091 28 140 25 28 20 35 26 22 33 30 234 32 46 253 20 34 2557 51 88 770 74 51 23 354 470 254 20 38 21 20
leaf_count=1091 28 140 25 28 20 35 26 22 33 30 234 32 46 253 20 34 2557 51 88 770 74 51 23 354 470 254 20 38 21 20
internal_value=6.8761e-16 1.11231e-07 9.93916e-07 -8.05044e-09 -2.66036e-06 2.4417e-06 -4.60267e-08 -5.39112e-07 -1.96908e-06 -3.46237e-06 6.56249e-08 -3.33373e-07 1.49448e-07 5.9019e-07 3.27919e-06 -2.80856e-08 -9.59794e-10 -1.81874e-07 -1.27804e-07 -2.65457e-07 8.17047e-07 5.18743e-08 3.4574e-07 -1.50626e-07 7.04914e-07 -1.62805e-07 -7.58552e-07 3.27237e-08 -1.52035e-07 2.65944e-06
internal_weight=6888 2016 240 1776 48 100 4872 408 85 63 1728 300 1428 299 65 268 4464 1009 983 858 125 3455 898 377 521 323 69 1129 49 45
internal_count=6888 2016 240 1776 48 100 4872 408 85 63 1728 300 1428 299 65 268 4464 1009 983 858 125 3455 898 377 521 323 69 1129 49 45
is_linear=0
shrinkage=0.05


Tree=110
num_leaves=20
num_cat=0
split_feature=14 8 14 8 15 14 8 14 8 14 7 15 8 15 5 15 8 4 8
split_gain=1.27512e-08 3.09802e-08 2.82515e-08 5.76375e-08 1.35036e-08 7.66262e-08 1.26936e-07 1.25911e-07 1.6377e-07 8.29656e-08 6.25963e-08 3.83369e-08 7.10974e-08 1.73827e-07 1.37413e-08 4.4644e-08 3.02266e-08 5.40607e-09 1.64411e-09
threshold=0.99983759474438971 141.71046372956297 0.99939377080793557 175.79037162244484 -0.75013812021657655 0.52766072109828632 97.353951737631562 0.48314048284850658 95.123362590545796 0.46800856592688472 104.07102137590913 -0.64580103137750788 89.864064250933993 -0.6652727025667432 6.1500000000000012 0.11478523713130606 115.70595468830687 95.500000000000014 243.11787218956536
decision_type=2 2 2 2 2 2 2 2 2 2 2 2 2 2 2 2 2 2 2
left_child=2 -2 4 -4 5 7 10 9 -9 -1 -7 12 13 -6 15 -13 -16 -14 -8
right_child=1 -3 3 -5 11 6 18 8 -10 -11 -12 14 17 -15 16 -17 -18 -19 -20
leaf_value=3.7191185225699772e-08 -2.3150818731210167e-06 2.6146939942707704e-07 3.0980127142108608e-06 -3.7931113079882666e-07 -6.4048101313623942e-07 3.3304641192444254e-06 2.9625060799039952e-07 -4.9594659211332587e-06 -9.7410322809516164e-08 2.9978857318961144e-06 8.5458833407554059e-07 -5.4576115795527936e-07 6.0743011232692289e-08 -5.4055867976736095e-06 2.5337416314219239e-07 1.3716190895210474e-07 -6.3134383228939467e-08 -5.2421220042795746e-07 -1.4585040797886573e-07
leaf_weight=1680 20 28 22 26 114 59 26 29 43 24 45 437 223 23 1129 529 2273 48 110
leaf_count=1680 20 28 22 26 114 59 26 29 43 24 45 437 223 23 1129 529 2273 48 110
internal_value=-9.9579e-16 -8.12094e-07 5.6989e-09 1.21446e-06 -2.8436e-09 1.0567e-07 9.4422e-07 -7.64792e-09 -2.05574e-06 7.88911e-08 2.25917e-06 -4.86482e-08 -5.12156e-07 -1.44046e-06 -5.35348e-09 -1.71779e-07 4.19033e-08 -4.28653e-08 -6.13311e-08
internal_weight=6888 48 6840 48 6792 2016 240 1776 72 1704 104 4776 408 137 4368 966 3402 271 136
internal_count=6888 48 6840 48 6792 2016 240 1776 72 1704 104 4776 408 137 4368 966 3402 271 136
is_linear=0
shrinkage=0.05


Tree=111
num_leaves=28
num_cat=0
split_feature=3 15 14 12 14 12 7 15 12 27 15 14 3 3 3 27 12 3 12 27 8 23 6 8 19 6 12
split_gain=1.26372e-08 1.25219e-08 6.91551e-08 1.17408e-07 1.14986e-07 1.76512e-07 4.25906e-08 3.42888e-08 7.37028e-08 1.91909e-07 1.54253e-07 2.07864e-08 1.85462e-08 3.72409e-08 2.41393e-08 1.52116e-08 2.70241e-08 7.39831e-08 2.00503e-08 6.35964e-08 9.68343e-09 2.32454e-08 8.72358e-09 3.62989e-09 2.88514e-09 2.24955e-09 1.26069e-10
threshold=8.7500000000000018 -0.75013812021657655 0.52766072109828632 0.25881904510252091 0.49812943072827093 0.25881904510252091 104.07102137590913 -0.64580103137750788 0.78656609248549325 6.166666666666667 -0.69676771491221523 0.58481550752069722 15.15 14.850000000000003 17.650000000000002 99.833333333333357 0.60355339059327384 15.15 0.78656609248549325 7.166666666666667 97.353951737631562 331.50000000000006 0.00018002000000000003 181.03998620132509 0.00060249500000000009 0.00076474500000000016 -0.5
decision_type=2 2 2 2 2 2 2 2 2 2 2 2 2 2 2 2 2 2 2 2 2 2 2 2 2 2 2
left_child=-1 2 4 23 12 -6 11 8 20 -10 -11 -5 13 -2 -14 18 24 -18 22 -20 21 -3 -9 -4 -17 -22 -25
right_child=1 7 3 6 5 -7 -8 15 9 10 -12 -13 14 -15 -16 16 17 -19 19 -21 25 -23 -24 26 -26 -27 -28
leaf_value=1.0600633836637436e-06 2.9942469874792253e-07 -8.0757069196936628e-08 5.5199391330130647e-07 3.9905452272900478e-06 1.413686081467144e-07 -6.0087493545779584e-06 7.9931072377803508e-07 -1.0973560540383979e-07 2.2238205301308962e-06 -8.4154085963443021e-07 -5.7953477729218627e-06 2.1848832667224946e-06 5.4316537995365611e-07 -2.3747711378271801e-06 9.6086341723312629e-09 -9.474138013135961e-09 6.3085010420222183e-07 -2.4449846715351278e-06 -4.862272905986669e-07 4.9166240097417902e-07 5.8378491190289759e-08 -2.1035420672887994e-06 5.4990198287916188e-08 -1.1195318460721638e-07 -6.2510386619778272e-07 -3.841912920486059e-07 -2.2255906075267711e-07
leaf_weight=28 30 49 22 28 28 20 35 1864 22 33 30 37 249 23 1426 203 34 46 226 629 221 20 1413 80 21 33 38
leaf_count=28 30 49 22 28 28 20 35 1864 22 33 30 37 249 23 1426 203 34 46 226 629 221 20 1413 80 21 33 38
internal_value=4.30831e-16 -4.32679e-09 1.00386e-07 8.97009e-07 -7.26552e-09 -2.42118e-06 2.20552e-06 -4.79068e-08 -4.86549e-07 -1.79656e-06 -3.2005e-06 2.96271e-06 5.97877e-08 -8.61075e-07 8.89254e-08 -7.56279e-09 -3.48917e-07 -1.13775e-06 1.75514e-08 2.33179e-07 -1.4181e-07 -6.67072e-07 -3.8708e-08 -3.76402e-08 -6.71894e-08 8.79267e-10 -1.47572e-07
internal_weight=6888 6860 2016 240 1776 48 100 4844 408 85 63 65 1728 53 1675 4436 304 80 4132 855 323 69 3277 140 224 254 118
internal_count=6888 6860 2016 240 1776 48 100 4844 408 85 63 65 1728 53 1675 4436 304 80 4132 855 323 69 3277 140 224 254 118
is_linear=0
shrinkage=0.05


Tree=112
num_leaves=24
num_cat=0
split_feature=15 27 15 12 15 14 5 15 27 12 15 11 15 12 15 4 12 14 5 15 15 6 5
split_gain=1.21413e-08 9.32892e-08 2.48546e-08 3.82647e-08 3.21464e-08 8.05586e-08 2.72866e-08 3.69879e-08 1.6915e-08 1.37434e-08 1.28476e-08 5.72393e-08 3.3955e-08 5.4215e-08 4.3883e-08 2.28934e-08 7.05e-09 9.16666e-09 5.10311e-09 4.56982e-09 2.46504e-09 1.74411e-10 5.68152e-12
threshold=-0.99938741687870725 31.500000000000004 -0.97507822412530132 0.60355339059327384 -0.97111920233974802 0.21862473630160603 7.0500000000000007 -0.99273797715557011 12.833333333333334 0.37940952255126054 -0.94137724084408114 15.328125000000002 -0.90531874877253482 0.60355339059327384 -0.85225707553516283 53.500000000000007 -0.25881904510252113 0.16799745313369893 8.9500000000000011 -0.99628250747696534 -0.99983123799342477 0.00074223500000000005 6.7500000000000009
decision_type=2 2 2 2 2 2 2 2 2 2 2 2 2 2 2 2 2 2 2 2 2 2 2
left_child=1 9 3 16 5 -4 19 -8 -9 20 11 -6 13 -12 -14 -13 21 18 -18 -5 -1 22 -2
right_child=2 -3 4 6 10 -7 7 8 -10 -11 12 15 14 -15 -16 -17 17 -19 -20 -21 -22 -23 -24
leaf_value=-4.1456546495055593e-07 -1.1876397017520346e-07 -3.1158464432989013e-06 7.3950086859989981e-07 1.5898237066380716e-06 -2.6223257591482255e-06 -3.3572100477385902e-06 -6.9282485541763797e-07 1.9282758610363373e-07 1.7598676670198022e-06 1.4617361276101466e-06 1.0041550304797718e-07 -3.0449610058345805e-07 -5.9633228723704326e-07 1.6768118346046868e-06 1.3688209876174021e-08 1.0526875493373685e-06 5.5089626487091545e-07 1.294472433853246e-06 -8.1705565868617214e-08 2.658680446074868e-06 2.948564344980772e-07 -2.5820413782184912e-07 -9.8738715316513905e-08
leaf_weight=25 46 26 24 20 25 24 37 26 51 21 187 227 312 77 5352 36 53 21 80 20 24 20 154
leaf_count=25 46 26 24 20 25 24 37 26 51 21 187 227 312 77 5352 36 53 21 80 20 24 20 154
internal_value=-5.88539e-17 -5.58366e-07 7.8921e-09 3.37338e-07 -1.98773e-08 -1.30885e-06 1.00066e-06 6.06423e-07 1.23074e-06 3.91555e-07 -9.92377e-09 -3.36049e-07 5.92035e-09 5.60198e-07 -1.99146e-08 -1.18722e-07 6.42032e-08 3.23669e-07 1.70384e-07 2.12425e-06 -6.70935e-08 -1.17423e-07 -1.03345e-07
internal_weight=6888 96 6792 528 6264 48 154 114 77 70 6216 288 5928 264 5664 263 374 154 133 40 49 220 200
internal_count=6888 96 6792 528 6264 48 154 114 77 70 6216 288 5928 264 5664 263 374 154 133 40 49 220 200
is_linear=0
shrinkage=0.05


Tree=113
num_leaves=31
num_cat=0
split_feature=15 15 15 8 14 12 7 5 8 14 8 8 8 5 12 5 14 27 8 27 8 14 8 8 15 27 8 9 8 18
split_gain=1.18535e-08 2.06631e-08 1.28925e-07 1.66907e-07 7.00522e-08 1.7344e-07 2.75744e-08 2.03628e-08 4.28311e-08 1.86928e-08 4.19066e-08 6.29007e-08 1.39575e-08 1.31062e-08 4.829e-08 2.90089e-08 1.21071e-08 2.5876e-08 2.51228e-08 2.3949e-08 1.15465e-08 2.3049e-08 6.8835e-09 6.19153e-09 3.33254e-09 2.52782e-09 1.17637e-09 1.05855e-09 5.57016e-10 5.25059e-10
threshold=0.89784768270548698 0.60553543375389329 0.57780407610161799 148.0505631407099 0.73283908552571653 0.60355339059327384 112.09579551918078 21.050000000000004 102.77591655968864 0.3342611484689354 155.50342488737434 99.949376656828846 83.260392533330915 1.4500000000000002 0.78656609248549325 2.1500000000000008 0.26866988313759588 77.500000000000014 107.75581255785256 65.833333333333357 151.98416661219997 0.52033990680116082 141.71046372956297 172.97747765956015 0.53493525241775031 36.833333333333336 177.10989704511459 -63.798321685864138 175.79037162244484 0.00031510500000000004
decision_type=2 2 2 2 2 2 2 2 2 2 2 2 2 2 2 2 2 2 2 2 2 2 2 2 2 2 2 2 2 2
left_child=1 2 7 -4 12 23 -7 13 -9 16 11 -11 27 14 -1 -15 18 25 19 -2 21 -14 -20 -6 -10 28 -24 -3 -18 -12
right_child=9 4 3 -5 5 6 -8 8 24 10 29 -13 20 15 -16 -17 17 -19 22 -21 -22 -23 26 -25 -26 -27 -28 -29 -30 -31
leaf_value=8.794630515581897e-08 -9.0414396254345782e-08 -4.8534351850986029e-07 -6.0816574040245544e-06 -1.0120057041262954e-07 8.4658057086054821e-07 5.1835162470193943e-06 2.6183175567240371e-06 2.0882277671792811e-06 2.3671493103840259e-07 3.3437467417130054e-08 6.4190043021290271e-08 -2.9752710112892314e-06 1.486309446101508e-06 9.0934060645557915e-07 -2.5258785491644178e-06 -1.0982532553571795e-08 -3.6681685984734962e-07 2.0568316456115454e-06 7.3115097840796339e-07 -2.5079970734103492e-06 -8.0711772182120351e-08 8.8077530105423751e-08 -4.4453540673267915e-07 -7.1786252620908138e-08 -4.6205865502423921e-07 4.0262579665369063e-07 -3.2526930935885792e-08 -9.148583348661532e-07 -2.2480226302690201e-08 -2.1318594010918705e-07
leaf_weight=67 20 26 20 28 24 22 20 36 91 32 76 38 40 87 24 5410 23 20 31 21 294 112 21 78 21 29 99 32 24 22
leaf_count=67 20 26 20 28 24 22 20 36 91 32 76 38 40 87 24 5410 23 20 31 21 294 112 21 78 21 29 99 32 24 22
internal_value=-1.00274e-15 1.74645e-08 -1.25319e-08 -2.59306e-06 2.85209e-07 1.25779e-06 3.96199e-06 9.0625e-09 5.87933e-07 -2.46341e-07 -6.65488e-07 -1.59986e-06 7.32818e-09 -6.26907e-09 -6.01414e-07 3.58325e-09 -1.8385e-09 4.5663e-07 -2.31073e-07 -1.32869e-06 1.02215e-07 4.56033e-07 6.69554e-08 1.443e-07 1.05695e-07 3.55241e-08 -1.04628e-07 -7.22317e-07 -1.90985e-07 1.92197e-09
internal_weight=6888 6432 5784 48 648 144 42 5736 148 456 168 70 504 5588 91 5497 288 96 192 41 446 152 151 102 112 76 120 58 47 98
internal_count=6888 6432 5784 48 648 144 42 5736 148 456 168 70 504 5588 91 5497 288 96 192 41 446 152 151 102 112 76 120 58 47 98
is_linear=0
shrinkage=0.05


Tree=114
num_leaves=19
num_cat=0
split_feature=3 3 17 1 5 8 27 12 22 19 22 5 8 9 8 9 8 19
split_gain=1.13197e-08 1.26321e-08 3.87251e-08 3.35225e-08 2.19462e-08 5.05627e-08 3.6055e-08 2.1274e-08 7.15077e-08 7.5122e-08 6.78395e-08 5.49308e-09 1.80879e-08 1.82324e-08 7.49488e-09 3.15364e-08 1.93587e-08 6.42741e-09
threshold=8.7500000000000018 12.750000000000002 0.73153397247723351 42.550000000000004 6.5500000000000007 91.341464676511251 4.8333333333333348 0.78656609248549325 182.50000000000003 0.00026676500000000003 145.50000000000003 3.0500000000000003 101.76012528432049 -53.799515257931382 82.595493509792149 35.219324867254905 84.804716948795075 0.00030618500000000005
decision_type=2 2 2 2 2 2 2 2 2 2 2 2 2 2 2 2 2 2
left_child=-1 2 3 4 5 -2 -6 11 9 10 -9 12 13 -3 15 -13 -16 -14
right_child=1 7 -4 -5 6 -7 -8 8 -10 -11 -12 14 17 -15 16 -17 -18 -19
leaf_value=1.0032847441974827e-06 -1.5317204013759974e-06 -3.0096446647329016e-07 -2.3438445405569535e-06 1.8535603201591532e-06 -2.013735644368353e-06 1.0778955798248645e-07 1.8559373048443788e-07 2.434968868334853e-07 -2.7508376433615923e-06 2.4212116450610503e-06 -2.6266886014322416e-06 -1.3388949083857455e-07 4.5633898336307415e-08 1.4000367071957955e-06 1.5348335329079535e-06 -2.0253843301717374e-06 -2.4293061892194449e-08 -8.4791863504624811e-07
leaf_weight=28 88 23 21 20 20 101 273 1048 20 39 21 526 161 50 20 23 4383 23
leaf_count=28 88 23 21 20 20 101 273 1048 20 39 21 526 161 50 20 23 4383 23
internal_value=-3.21251e-16 -4.09504e-09 -2.40271e-07 -1.52273e-07 -2.35503e-07 -6.5558e-07 3.54689e-08 1.53968e-08 2.12265e-07 2.6575e-07 1.87113e-07 -2.72346e-08 1.9815e-07 8.64105e-07 -3.89317e-08 -2.13132e-07 -1.7211e-08 -6.60602e-08
internal_weight=6888 6860 523 502 482 189 293 6337 1128 1108 1069 5209 257 73 4952 549 4403 184
internal_count=6888 6860 523 502 482 189 293 6337 1128 1108 1069 5209 257 73 4952 549 4403 184
is_linear=0
shrinkage=0.05


Tree=115
num_leaves=31
num_cat=0
split_feature=14 14 12 15 15 5 3 12 14 1 5 6 14 13 7 12 14 15 14 27 12 14 7 5 20 21 14 15 1 7
split_gain=1.1936e-08 5.23784e-08 1.72474e-07 3.49199e-08 4.90862e-08 3.06457e-08 3.83618e-08 1.39783e-08 5.82599e-08 4.19556e-08 4.43221e-08 4.27913e-08 2.09216e-08 1.57822e-08 8.18155e-09 9.69229e-09 1.94204e-08 4.63682e-08 3.16874e-08 5.62554e-09 5.45594e-09 8.5065e-09 8.1803e-09 5.39784e-09 1.60295e-09 2.04359e-09 1.75445e-09 1.03766e-09 1.03363e-09 4.80499e-10
threshold=-0.94975917145599731 -0.95995996396290595 0.78656609248549325 -0.26037106507032781 -0.24372464231556024 1.4500000000000002 15.15 0.78656609248549325 -0.90574346089748803 455.10000000000008 2.3500000000000001 0.00029360500000000001 -0.93843426604005675 0.25881904510252057 140.41185348740768 0.12940952255126045 0.52766072109828632 -0.7444366621422277 0.21862473630160603 49.500000000000007 0.37940952255126054 0.93845596220871974 146.21461108731424 8.3500000000000032 0.00080360000000000013 778.50000000000011 0.99983759474438971 0.080547328232315238 401.35000000000008 144.37575873824008
decision_type=2 2 2 2 2 2 2 2 2 2 2 2 2 2 2 2 2 2 2 2 2 2 2 2 2 2 2 2 2 2
left_child=1 3 19 -1 -5 -6 -7 14 12 10 13 -12 -9 -10 15 24 18 -18 -17 28 27 22 -22 -23 26 -26 -2 29 -3 -16
right_child=7 2 -4 4 5 6 -8 8 9 -11 11 -13 -14 -15 20 16 17 -19 -20 -21 21 23 -24 -25 25 -27 -28 -29 -30 -31
leaf_value=1.8407057887063578e-06 -4.8487492931806586e-08 4.0476160491446463e-07 -5.4053736698733706e-06 -2.3217012525130386e-06 -1.8626312406798786e-06 2.0875611198789557e-06 -3.2887651290185766e-08 7.3512439257683582e-07 -2.4556587356983075e-06 -2.1072002904734939e-06 1.6192216245290869e-07 2.2957441354757674e-06 2.9047696955331052e-06 -5.3517896958510391e-07 -1.3753864438273113e-07 1.556841618845603e-07 1.6690808897124045e-06 1.8876472868857304e-07 -6.2691266460888886e-07 -7.5011204107815804e-07 7.1004418543907378e-07 -1.4845058402102041e-06 -3.8027863299509216e-07 -3.9191567339003094e-07 4.6613210124795455e-07 -5.2742422992871565e-09 3.8990372783957909e-07 -2.1897177108711009e-08 -6.2954416251436459e-08 -4.0134929730444621e-07
leaf_weight=24 2952 21 20 24 22 22 700 20 20 21 1117 24 25 23 45 504 60 447 174 28 20 26 123 20 35 67 23 226 27 28
leaf_count=24 2952 21 20 24 22 22 700 20 20 21 1117 24 25 23 45 504 60 447 174 28 20 26 123 20 35 67 23 226 27 28
internal_value=-8.39152e-16 -1.71089e-07 -1.27407e-06 -3.73949e-08 -9.60856e-08 -2.42915e-08 3.17244e-08 2.53212e-08 1.74091e-07 1.08126e-07 1.47418e-07 2.06805e-07 1.94048e-06 -1.42843e-06 -1.38286e-08 8.37603e-09 1.29877e-07 3.6395e-07 -4.51593e-08 -1.8688e-07 -2.07755e-07 -4.18036e-07 -2.27786e-07 -1.00947e-06 -3.8416e-08 1.56483e-07 -4.50982e-08 -7.48354e-08 1.41671e-07 -2.38726e-07
internal_weight=6888 888 96 792 768 744 722 6000 1250 1205 1184 1141 45 43 4750 4262 1185 507 678 76 488 189 143 46 3077 102 2975 299 48 73
internal_count=6888 888 96 792 768 744 722 6000 1250 1205 1184 1141 45 43 4750 4262 1185 507 678 76 488 189 143 46 3077 102 2975 299 48 73
is_linear=0
shrinkage=0.05


Tree=116
num_leaves=21
num_cat=0
split_feature=3 27 3 5 8 27 3 7 7 11 7 3 5 5 12 22 27 7 5 8
split_gain=1.06894e-08 2.28112e-08 1.63344e-08 2.882e-08 5.98789e-08 9.25092e-08 2.56402e-08 6.23039e-08 2.45085e-08 1.24038e-08 1.74425e-08 1.18219e-08 2.58996e-08 3.86142e-08 1.83377e-08 6.45911e-08 9.83151e-09 7.51257e-09 5.27029e-09 6.75258e-10
threshold=10.050000000000002 50.833333333333336 11.750000000000002 6.3500000000000005 95.832462969806201 64.166666666666671 11.550000000000002 104.07102137590913 123.77025208629344 11.903125000000001 127.90922284038207 12.750000000000002 19.550000000000004 11.15 0.78656609248549325 182.50000000000003 67.833333333333357 124.88604234733292 3.0500000000000003 287.36668492515008
decision_type=2 2 2 2 2 2 2 2 2 2 2 2 2 2 2 2 2 2 2 2
left_child=1 17 3 4 5 -2 7 -5 -8 10 -4 12 13 -11 18 -16 -9 -1 -13 -6
right_child=2 -3 9 6 19 -7 8 16 -10 11 -12 14 -14 -15 15 -17 -18 -19 -20 -21
leaf_value=-8.4061202045404579e-07 -4.9450870574219158e-06 1.6616317392011601e-06 1.9289441419800821e-06 2.7849452784469419e-06 3.5371339350831478e-07 -3.4073806745027472e-07 -2.1871267942685791e-06 2.9614866789984264e-07 2.8817494040822567e-07 -6.0600307401489151e-07 -1.5926755111195235e-07 1.9573524206517935e-07 -1.6692693273867576e-06 8.8793210005114425e-07 2.4815951664702852e-07 -2.6188294350504293e-06 -1.0829558890831001e-06 4.5951462089988134e-07 -3.6488932567627928e-08 -3.9664958464413757e-08
leaf_weight=20 20 30 20 23 24 24 20 28 20 138 20 257 32 63 1108 20 24 25 4952 20
leaf_count=20 20 30 20 23 24 24 20 28 20 138 20 257 32 63 1108 20 24 25 4952 20
internal_value=1.15752e-16 5.93661e-07 -6.53524e-09 -4.48314e-07 -1.12936e-06 -2.43362e-06 7.28341e-08 6.18066e-07 -9.49476e-07 7.03224e-09 8.84838e-07 1.68791e-09 -3.48092e-07 -1.37755e-07 1.45487e-08 1.97326e-07 -3.40361e-07 -1.18319e-07 -2.50315e-08 1.74905e-07
internal_weight=6888 75 6813 203 88 44 115 75 40 6610 40 6570 233 201 6337 1128 52 45 5209 44
internal_count=6888 75 6813 203 88 44 115 75 40 6610 40 6570 233 201 6337 1128 52 45 5209 44
is_linear=0
shrinkage=0.05


Tree=117
num_leaves=28
num_cat=0
split_feature=14 14 4 3 3 14 14 3 13 3 7 14 14 13 14 21 21 7 3 1 18 20 13 13 18 25 26
split_gain=1.18264e-08 3.51061e-08 6.6006e-08 1.08056e-07 1.93135e-08 1.63549e-08 5.56466e-08 6.00345e-08 7.08998e-08 2.45007e-08 2.35195e-08 1.5158e-08 1.2158e-08 2.93006e-08 2.46187e-08 1.07554e-08 9.70005e-09 2.16105e-08 6.45997e-09 4.29767e-09 9.80789e-09 9.64612e-09 3.00942e-09 1.0526e-09 5.18287e-10 2.04906e-10 1.58607e-10
threshold=-0.99763297024448894 -0.99275805973510278 4.5000000000000009 19.350000000000005 20.950000000000003 -0.97876850416056738 -0.94975917145599731 18.450000000000003 0.60355339059327384 17.450000000000003 104.07102137590913 -0.9731273977605811 0.99983759474438971 0.1294095225512602 0.99939377080793557 394.50000000000006 159.50000000000003 105.02404403258741 16.850000000000005 536.90000000000009 0.00049720500000000013 0.00015625000000000003 0.60355339059327384 0.91597561503675351 0.00036658000000000003 0.00042932703187855114 0.00045494753598184526
decision_type=2 2 2 2 2 2 2 2 2 2 2 2 2 2 2 2 2 2 2 2 2 2 2 2 2 2 2
left_child=16 2 3 -2 -4 9 7 8 -7 10 -3 -9 14 -14 -8 -5 17 -1 -12 21 -21 -11 -19 -24 -18 -17 -26
right_child=1 5 4 15 -6 6 12 11 -10 19 18 -13 13 -15 -16 25 24 22 -20 20 -22 -23 23 -25 26 -27 -28
leaf_value=1.7854213695045475e-06 -4.6919940938426985e-06 2.3695280278843715e-06 1.2772565576276119e-06 -1.513580738367957e-06 -5.5344227689602121e-07 -2.6752245331940207e-06 2.1551194927683938e-08 -9.8256585288503119e-07 -2.2731892037245156e-07 2.0315916929784334e-07 2.223497085683913e-07 1.1061993139475098e-07 -1.9045883950988916e-06 5.747208275992804e-07 1.1584980200041174e-06 -3.4085872038130701e-08 1.7304177962044905e-07 7.1644597561260075e-07 1.3061116935375593e-06 1.2583504205387899e-06 -1.226238361616715e-07 -8.4131660368517001e-07 2.3497648253822946e-07 -2.0306453526094026e-07 -2.0249308582046631e-08 -2.5770789758183815e-07 -1.8650750002180417e-07
leaf_weight=32 22 25 34 22 25 64 5904 40 55 60 44 153 26 22 48 21 22 24 20 20 36 35 32 24 26 20 32
leaf_count=32 22 25 34 22 25 64 5904 40 55 60 44 153 26 22 48 21 22 24 20 20 36 35 32 24 26 20 32
internal_value=1.00162e-15 -1.10941e-08 -7.83347e-07 -1.67521e-06 5.01537e-07 5.87849e-09 -9.52534e-09 -6.6056e-07 -1.54384e-06 4.10999e-07 1.06903e-06 -1.15947e-07 2.43285e-08 -7.68238e-07 3.07201e-08 -6.21726e-07 3.86907e-07 6.87267e-07 5.61025e-07 2.31524e-08 3.70581e-07 -1.81648e-07 2.48005e-07 4.72446e-08 -3.35975e-08 -1.4317e-07 -1.11978e-07
internal_weight=6888 6696 144 85 59 6552 6312 312 119 240 89 193 6000 48 5952 63 192 112 64 151 56 95 80 56 80 41 58
internal_count=6888 6696 144 85 59 6552 6312 312 119 240 89 193 6000 48 5952 63 192 112 64 151 56 95 80 56 80 41 58
is_linear=0
shrinkage=0.05


Tree=118
num_leaves=27
num_cat=0
split_feature=15 14 15 8 15 14 15 7 6 15 14 12 14 15 15 14 8 14 15 14 8 14 8 8 7 6
split_gain=1.14224e-08 6.82728e-08 2.11417e-08 3.67121e-08 2.85685e-08 7.20164e-08 1.71441e-08 4.23371e-08 1.19389e-08 1.15899e-08 1.12118e-08 3.19579e-08 3.08993e-08 5.15044e-08 1.60897e-08 1.54808e-08 1.11764e-08 9.09405e-09 7.62369e-09 6.2413e-09 3.03153e-09 4.68874e-09 2.37994e-09 2.84676e-10 2.82514e-10 1.4483e-10
threshold=-0.99938741687870725 -0.015050995721668367 -0.97507822412530132 92.474565814496643 -0.97111920233974802 0.21862473630160603 -0.99273797715557011 93.044494271700145 9.0690000000000014e-05 -0.99761278905001471 -0.99763297024448894 0.37940952255126054 -0.99275805973510278 0.097680735332368748 0.011826144619637555 -0.97876850416056738 80.111588617701798 0.15101559051660998 -0.98521978256641018 0.036545658007091128 244.32504087900517 -0.083760455055074887 273.13120009661105 182.19725717217486 128.51117550135567 0.00074223500000000005
decision_type=2 2 2 2 2 2 2 2 2 2 2 2 2 2 2 2 2 2 2 2 2 2 2 2 2 2
left_child=1 -1 3 6 5 -4 7 9 17 -2 11 23 13 -12 -13 -14 -3 -8 -10 -9 21 -5 -18 -6 25 -22
right_child=2 16 4 20 10 -7 8 19 18 -11 12 14 15 -15 -16 -17 22 -19 -20 -21 24 -23 -24 -25 -26 -27
leaf_value=-2.8510879947892441e-06 2.1620389929921659e-06 1.1375118847552032e-06 7.036269110471949e-07 -2.1295269026685069e-07 -2.8613240840395333e-07 -3.169798062193271e-06 2.029889395060991e-06 -1.3919565291238859e-06 1.263907505571773e-06 6.5112581429123877e-07 -3.2129084650260138e-07 6.2138043567472322e-07 3.9044936762280822e-07 -2.85862260123911e-06 2.1652901131751099e-06 -1.9576021953452327e-08 -6.0091265719988548e-07 8.2070287233996755e-07 -6.7974611862485875e-08 -1.8424559698360101e-07 -1.0031081787191568e-07 7.1792590290442608e-07 1.032320782380834e-07 -9.3604131016592854e-08 7.5222083689203082e-08 -2.4079102274754409e-07
leaf_weight=24 22 23 24 24 24 24 48 23 21 30 120 45 240 24 27 5640 21 23 22 20 222 31 28 96 22 20
leaf_count=24 22 23 24 24 24 24 48 23 21 30 120 45 240 24 27 5640 21 23 22 20 222 31 28 96 22 20
internal_value=7.40777e-17 -5.41583e-07 7.65489e-09 3.11498e-07 -1.79564e-08 -1.23309e-06 8.26585e-07 3.30513e-07 1.23998e-06 1.29036e-06 -8.5732e-09 3.67561e-07 -2.05615e-08 -7.44179e-07 1.20035e-06 -2.84029e-09 2.28251e-07 1.63818e-06 5.82479e-07 -8.30231e-07 -2.59721e-08 3.11724e-07 -1.98544e-07 -1.3211e-07 -9.63255e-08 -1.11921e-07
internal_weight=6888 96 6792 528 6264 48 209 95 114 52 6216 192 6024 144 72 5880 72 71 43 43 319 55 49 120 264 242
internal_count=6888 96 6792 528 6264 48 209 95 114 52 6216 192 6024 144 72 5880 72 71 43 43 319 55 49 120 264 242
is_linear=0
shrinkage=0.05


Tree=119
num_leaves=30
num_cat=0
split_feature=15 3 15 7 15 15 8 15 12 7 12 15 15 8 8 11 15 15 15 27 8 27 8 20 8 8 3 27 7
split_gain=1.03987e-08 2.36033e-08 2.50004e-08 5.51738e-08 1.91625e-08 1.15457e-07 1.50155e-07 6.23977e-08 1.54221e-07 2.46101e-08 1.33956e-08 1.19679e-08 2.44156e-08 1.19157e-08 1.18291e-08 1.10543e-08 1.06023e-08 5.2716e-08 3.151e-08 7.92793e-09 5.58648e-09 5.52336e-09 4.25143e-09 3.55646e-09 5.93219e-09 5.00564e-09 2.75756e-09 1.32821e-09 2.69881e-11
threshold=0.89784768270548698 13.950000000000001 0.93842613001991437 121.04336491898867 0.60553543375389329 0.57780407610161799 148.0505631407099 0.68430231102288386 0.60355339059327384 112.09579551918078 0.78656609248549325 0.52032336593087203 0.53493525241775031 106.86421211404389 83.260392533330915 12.709375000000001 -0.75013812021657655 -0.84774213365954088 -0.64580103137750788 78.166666666666671 172.97747765956015 99.833333333333357 120.4551600581412 0.00032419000000000008 141.71046372956297 174.73399450569516 13.550000000000002 2.5000000000000004 117.32460783402978
decision_type=2 2 2 2 2 2 2 2 2 2 2 2 2 2 2 2 2 2 2 2 2 2 2 2 2 2 2 2 2
left_child=4 2 3 -2 5 11 -7 8 20 -10 22 16 -13 -4 26 27 17 -1 -18 -14 -6 -17 -3 24 -24 -25 -9 -16 -22
right_child=1 10 13 -5 7 6 -8 14 9 -11 -12 12 19 -15 15 21 18 -19 -20 -21 28 -23 23 25 -26 -27 -28 -29 -30
leaf_value=-4.7836817600141966e-08 -3.6405894141872911e-06 -7.4971535524070993e-07 -9.4777144328261902e-07 -2.2342643622626688e-07 8.0920231582126689e-07 -5.7634540979734084e-06 -9.1060727161870352e-08 -2.7729840173133899e-07 4.8960850950731009e-06 2.4726875156488863e-06 9.0796662626806728e-07 1.9425969153163971e-06 5.4453775684560833e-07 3.6174661996194634e-07 1.0795727674803858e-06 6.1816299965524639e-08 -4.6657814129371822e-07 5.6330443003713789e-07 -1.3316034516749691e-10 -5.196811280446431e-07 -3.9887641900548946e-08 -7.2053542356324376e-07 8.6104697792117294e-07 -6.9576385770788983e-07 -3.6961287123430658e-08 -7.5601490706622702e-09 -9.7054032330845543e-07 5.4018244871453391e-07 -1.0034126802338506e-07
leaf_weight=1560 21 25 32 27 24 20 28 26 22 20 35 24 42 38 25 376 408 456 3216 30 48 24 21 45 148 64 32 21 30
leaf_count=1560 21 25 32 27 24 20 28 26 22 20 35 24 42 38 25 376 408 456 3216 30 48 24 21 45 148 64 32 21 30
internal_value=4.83469e-16 -2.3073e-07 -8.39553e-07 -1.71844e-06 1.63577e-08 -1.25289e-08 -2.45456e-06 2.74197e-07 1.19211e-06 3.74209e-06 -1.81821e-08 7.90651e-09 5.61484e-07 -2.3689e-07 1.19369e-08 9.92898e-08 -1.51609e-09 9.03975e-08 -5.26468e-08 1.01113e-07 1.42118e-07 1.48752e-08 -1.25163e-07 -6.89982e-08 7.46255e-08 -2.91681e-07 -6.59777e-07 8.33329e-07 -6.3139e-08
internal_weight=6888 456 118 48 6432 5784 48 648 144 42 338 5736 96 70 504 446 5640 2016 3624 72 102 400 303 278 169 109 58 46 78
internal_count=6888 456 118 48 6432 5784 48 648 144 42 338 5736 96 70 504 446 5640 2016 3624 72 102 400 303 278 169 109 58 46 78
is_linear=0
shrinkage=0.05


Tree=120
num_leaves=31
num_cat=0
split_feature=14 15 12 5 5 15 14 8 14 8 8 14 7 15 14 8 15 8 14 14 27 8 15 9 9 9 5 8 14 15
split_gain=1.03515e-08 4.5297e-08 7.52145e-08 2.68314e-08 2.59168e-08 2.17153e-08 7.85306e-08 3.00402e-08 1.32363e-08 4.45083e-08 1.71626e-08 1.76536e-08 1.19957e-08 1.42294e-08 6.14925e-08 1.35183e-07 5.309e-08 8.58172e-08 4.03524e-08 1.85254e-08 1.00359e-08 8.28122e-09 6.75747e-09 6.33549e-09 7.32212e-09 5.031e-09 4.16537e-09 1.17762e-08 7.36744e-10 7.71971e-10
threshold=-0.94705910369513524 0.28313308994381586 0.25881904510252091 1.4500000000000002 2.0500000000000003 -0.091258822863740666 -0.99467753128998015 105.0100910826214 -0.8659933693357097 106.86421211404389 46.000732610400298 -0.90574346089748803 139.10901313510197 0.16587474750015932 0.96465729447553372 125.53802552134648 0.029024409397335523 123.50151690810246 0.98213580174693105 0.44505654568748165 29.500000000000004 83.260392533330915 0.31595530242620651 -54.684474731934159 -50.532562811232374 -58.419830580015351 6.0500000000000007 144.24169878086246 0.9962888416657264 0.93842613001991437
decision_type=2 2 2 2 2 2 2 2 2 2 2 2 2 2 2 2 2 2 2 2 2 2 2 2 2 2 2 2 2 2
left_child=1 3 -3 -1 -5 6 -6 -7 9 10 -2 20 13 16 19 -16 18 -18 -10 -15 -12 23 26 25 -25 -14 -11 -28 29 -23
right_child=8 2 -4 4 5 7 -8 -9 12 22 11 -13 21 14 15 -17 17 -19 -20 -21 -22 28 -24 24 -26 -27 27 -29 -30 -31
leaf_value=-1.7976175469543294e-06 1.3291105460666586e-08 2.0858599926652591e-08 -3.9937892191233006e-06 1.5569815332128201e-06 -3.1512714561069782e-06 7.0856404501118845e-07 -1.7593548211305798e-07 -1.3053831314079196e-07 -2.8617112072814016e-08 -6.2408566062078733e-07 1.300932865433424e-06 6.1009794474343981e-07 -4.3114783553619422e-07 -2.5005278057803849e-07 3.5355305759107327e-06 1.7092712494395996e-08 -2.3868778983847122e-06 -1.6126634372119946e-08 6.0362566068703313e-07 1.8145828112734934e-07 2.7279982885732225e-06 -7.8532096110948808e-09 -7.3699759602330988e-07 -1.5230261577993657e-06 -3.2273664961242807e-07 4.0524240007687784e-07 1.1684917476968522e-06 -6.1826017034014682e-08 -3.5937314726286477e-07 -2.1685437361691812e-07
leaf_weight=22 25 28 20 25 24 154 292 347 3340 21 22 33 125 342 42 78 61 102 273 912 28 243 34 27 24 21 23 126 20 54
leaf_count=22 25 28 20 25 24 154 292 347 3340 21 22 33 125 342 42 78 61 102 273 912 28 243 34 27 24 21 23 126 20 54
internal_value=-4.51642e-16 -1.56904e-07 -1.65191e-06 -7.3848e-08 -2.88089e-08 -7.73337e-08 -4.0191e-07 1.27389e-07 2.39452e-08 3.40998e-07 1.16176e-06 1.50768e-06 6.48038e-09 2.94683e-08 1.67247e-07 1.24855e-06 -2.06663e-08 -9.0334e-07 1.91555e-08 6.37734e-08 2.10009e-06 -2.23846e-07 -9.3522e-08 -4.7843e-07 -9.58184e-07 -3.10845e-07 3.51731e-08 1.28089e-07 -6.56338e-08 -4.58534e-08
internal_weight=6888 912 48 864 842 817 316 501 5976 312 108 83 5664 5150 1374 120 3776 163 3613 1254 50 514 204 197 51 146 170 149 317 297
internal_count=6888 912 48 864 842 817 316 501 5976 312 108 83 5664 5150 1374 120 3776 163 3613 1254 50 514 204 197 51 146 170 149 317 297
is_linear=0
shrinkage=0.05


Tree=121
num_leaves=13
num_cat=0
split_feature=11 14 4 14 8 14 15 12 14 12 14 4
split_gain=1.10547e-08 1.0892e-08 2.8163e-08 2.24108e-08 5.155e-08 1.39232e-08 5.08569e-08 1.36021e-07 3.74257e-08 9.88531e-08 3.43247e-08 2.50214e-08
threshold=8.7500000000000018 0.99983759474438971 73.500000000000014 0.99939377080793557 141.71046372956297 0.98667101781630195 0.029024409397335523 0.60355339059327384 0.98213580174693105 0.60355339059327384 0.97875492728876534 1.5000000000000002
decision_type=2 2 2 2 2 2 2 2 2 2 2 2
left_child=-1 3 -3 5 -5 8 11 -8 10 -10 -2 -7
right_child=1 2 -4 4 -6 6 7 -9 9 -11 -12 -13
leaf_value=9.9147285825194695e-07 7.2474229318111382e-09 -2.0712277803495867e-06 3.5947622074253072e-07 3.0165880252752689e-06 -3.0702853755266396e-07 1.8242615647809743e-06 -1.4869797444524709e-07 -3.524625884592635e-06 -4.5331502546479683e-08 4.0306910445256758e-06 -1.3348938151321507e-06 4.9120883969397881e-08
leaf_weight=28 6310 22 26 20 28 23 127 39 51 21 48 145
leaf_count=28 6310 22 26 20 28 23 127 39 51 21 48 145
internal_value=7.03705e-16 -4.04683e-09 -7.54596e-07 1.24184e-09 1.07781e-06 -6.39793e-09 -3.21151e-07 -9.41838e-07 9.95162e-09 1.14351e-06 -2.88513e-09 2.92146e-07
internal_weight=6888 6860 48 6812 48 6764 334 166 6430 72 6358 168
internal_count=6888 6860 48 6812 48 6764 334 166 6430 72 6358 168
is_linear=0
shrinkage=0.05


Tree=122
num_leaves=23
num_cat=0
split_feature=15 27 15 12 15 14 5 15 6 15 11 15 12 15 5 12 12 14 5 15 6 5
split_gain=1.01705e-08 8.33123e-08 1.95471e-08 2.94013e-08 2.56133e-08 6.49948e-08 2.48971e-08 3.43252e-08 1.48621e-08 1.08882e-08 5.24355e-08 3.08798e-08 4.81025e-08 3.83233e-08 2.19092e-08 8.03265e-09 5.32974e-09 8.45872e-09 4.19879e-09 2.70458e-09 1.42685e-10 6.21692e-12
threshold=-0.99938741687870725 32.500000000000007 -0.97507822412530132 0.60355339059327384 -0.97111920233974802 0.21862473630160603 6.7500000000000009 -0.99273797715557011 9.0690000000000014e-05 -0.94137724084408114 15.328125000000002 -0.90531874877253482 0.60355339059327384 -0.85225707553516283 5.5500000000000007 0.37940952255126054 -0.25881904510252113 0.16799745313369893 8.9500000000000011 -0.99983123799342477 0.00074223500000000005 6.7500000000000009
decision_type=2 2 2 2 2 2 2 2 2 2 2 2 2 2 2 2 2 2 2 2 2 2
left_child=1 15 3 16 5 -4 -5 -8 -9 10 -6 12 -11 -13 -12 19 20 18 -18 -1 21 -2
right_child=2 -3 4 6 9 -7 7 8 -10 11 14 13 -14 -15 -16 -17 17 -19 -20 -21 -22 -23
leaf_value=-3.7868430155185709e-07 -1.0135246452344529e-07 -3.0622737080913489e-06 6.719059032415469e-07 2.0113472601224204e-06 -2.4969829792098611e-06 -3.0078478080971157e-06 -6.8783167329127379e-07 1.5752151633240498e-06 6.1611300996288343e-08 1.015612335231769e-07 -1.3725515943718847e-06 -5.5723689685705138e-07 1.586435336049634e-06 1.2832143490228244e-08 6.3013551297045386e-08 1.1355377270402558e-06 4.8347049115355332e-07 1.2181255150218413e-06 -9.0348692847186398e-08 3.5678535334682239e-07 -2.2529114801272954e-07 -8.0404902079535176e-08
leaf_weight=25 46 24 24 37 25 24 39 55 23 187 30 312 77 5352 233 22 53 21 80 25 20 154
leaf_count=25 46 24 24 37 25 24 39 55 23 187 30 312 77 5352 233 22 53 21 80 25 20 154
internal_value=1.2296e-16 -5.11044e-07 7.22324e-09 2.99384e-07 -1.74033e-08 -1.16797e-06 8.80833e-07 5.2332e-07 1.1289e-06 -8.51863e-09 -3.08746e-07 6.06734e-09 5.3465e-07 -1.857e-08 -1.00739e-07 3.39366e-07 5.99633e-08 2.85563e-07 1.38316e-07 -1.09495e-08 -9.79563e-08 -8.52228e-08
internal_weight=6888 96 6792 528 6264 48 154 117 78 6216 288 5928 264 5664 263 72 374 154 133 50 220 200
internal_count=6888 96 6792 528 6264 48 154 117 78 6216 288 5928 264 5664 263 72 374 154 133 50 220 200
is_linear=0
shrinkage=0.05


Tree=123
num_leaves=12
num_cat=0
split_feature=11 14 8 14 14 14 27 8 14 14 24
split_gain=9.96332e-09 9.84784e-09 2.63045e-08 2.06362e-08 9.3917e-09 2.65059e-08 5.8658e-08 2.05691e-08 1.378e-08 1.34036e-08 1.174e-10
threshold=8.7500000000000018 0.99983759474438971 141.71046372956297 0.99966190462023474 -0.99763297024448894 -0.99275805973510278 3.8333333333333335 131.62561396681662 -0.97876850416056738 -0.99985146406598202 0.00050281881914909137
decision_type=2 2 2 2 2 2 2 2 2 2 2
left_child=-1 3 -3 4 7 6 -6 9 -7 -2 -9
right_child=1 2 -4 -5 5 8 -8 10 -10 -11 -12
leaf_value=9.4125763853623671e-07 -1.6790826983026365e-07 -2.1024410602876743e-06 2.7172949517090608e-07 1.4647540055534592e-06 -1.6664256601703419e-06 3.7270782674310905e-07 3.526387719305595e-07 -1.3630916892612026e-07 -1.3410776751886259e-08 1.326724164082786e-06 -3.0569019446974585e-08
leaf_weight=28 20 20 28 24 74 240 70 70 6212 60 42
leaf_count=28 20 20 28 24 74 240 70 70 6212 60 42
internal_value=1.0012e-15 -3.84187e-09 -7.17508e-07 1.1869e-09 -3.98776e-09 -1.40219e-08 -6.84936e-07 3.40728e-07 9.51974e-10 9.53066e-07 -9.66566e-08
internal_weight=6888 6860 48 6812 6788 6596 144 192 6452 80 112
internal_count=6888 6860 48 6812 6788 6596 144 192 6452 80 112
is_linear=0
shrinkage=0.05


Tree=124
num_leaves=28
num_cat=0
split_feature=3 4 3 5 15 9 15 5 3 14 5 14 11 14 12 15 3 14 8 3 12 25 27 15 27 9 13
split_gain=1.04865e-08 2.29256e-08 1.38703e-08 3.18655e-08 5.49711e-08 1.02243e-07 4.40239e-08 6.4419e-08 3.86775e-08 2.75172e-08 2.13565e-08 2.06803e-08 2.06054e-08 1.54146e-08 7.27038e-08 1.46657e-07 6.17145e-08 4.01866e-08 6.83802e-08 1.64261e-08 3.44611e-08 2.72451e-08 1.40155e-08 3.66187e-08 2.91356e-08 1.18106e-08 1.15958e-08
threshold=10.050000000000002 38.500000000000007 12.750000000000002 6.5500000000000007 0.35041260675351149 -6.2653337913075822 0.029024409397335523 10.950000000000001 11.950000000000001 0.99700008544936913 8.4500000000000011 0.44505654568748165 12.325000000000001 0.96234642434711437 0.78656609248549325 -0.18493013702746822 15.65 0.95752911693909493 177.10989704511459 17.050000000000004 0.37940952255126054 0.00030376437422054224 53.833333333333336 -0.99628250747696534 46.500000000000007 -23.694225635599228 0.25881904510252057
decision_type=2 2 2 2 2 2 2 2 2 2 2 2 2 2 2 2 2 2 2 2 2 2 2 2 2 2 2
left_child=1 -1 3 4 5 9 7 8 -5 -2 -8 -6 -12 17 19 -16 -17 22 -19 21 -21 -15 24 -24 -4 -3 -13
right_child=2 25 13 6 11 -7 10 -9 -10 -11 12 26 -14 14 15 16 -18 18 -20 20 -22 -23 23 -25 -26 -27 -28
leaf_value=-3.9820509448762814e-07 -1.2829163734001566e-06 5.6343762418526408e-07 1.6916715796099295e-08 1.4620567481331463e-06 -1.0248176351979055e-06 -4.1659073350207043e-06 7.2863624959714975e-07 2.7821345211620499e-06 -1.2835483751171619e-06 6.5483172250984421e-07 -1.9877090815122837e-07 1.6006508928967378e-06 -1.3572737553551358e-06 -8.8601037405711129e-08 -1.5177034983935301e-06 1.8348557260391578e-06 5.316592523740838e-06 -3.6794965922126722e-06 2.4294381978506864e-07 2.6105391710487014e-08 1.418107546963359e-06 -1.8056927718522207e-06 -2.0276596969779351e-06 -9.8219226218119759e-08 6.2402902208380524e-07 2.2422612400418986e-06 2.0956605103113665e-08
leaf_weight=33 53 22 3959 23 20 27 39 32 29 28 122 26 56 160 25 35 20 20 25 276 53 27 25 1504 208 20 21
leaf_count=33 53 22 3959 23 20 27 39 32 29 28 122 26 56 160 25 35 20 20 25 276 53 27 25 1504 208 20 21
internal_value=8.42087e-16 5.88001e-07 -6.47293e-09 -2.66777e-07 -8.03304e-07 -1.50128e-06 4.51566e-08 1.01706e-06 -6.91461e-08 -6.13078e-07 -3.31063e-07 3.21801e-07 -5.63244e-07 1.30797e-08 2.55108e-07 1.65762e-06 3.10094e-06 -1.20464e-08 -1.50036e-06 3.76646e-08 2.50349e-07 -3.36523e-07 -2.88254e-10 -1.29767e-07 4.72213e-08 1.36288e-06 8.9483e-07
internal_weight=6888 75 6813 476 175 108 301 84 52 81 217 67 178 6337 596 80 55 5741 45 516 329 187 5696 1529 4167 42 47
internal_count=6888 75 6813 476 175 108 301 84 52 81 217 67 178 6337 596 80 55 5741 45 516 329 187 5696 1529 4167 42 47
is_linear=0
shrinkage=0.05


Tree=125
num_leaves=31
num_cat=0
split_feature=14 14 12 4 4 27 12 14 12 12 14 27 14 12 14 4 5 12 0 14 14 12 5 12 27 14 14 14 12 5
split_gain=9.86714e-09 3.76309e-08 7.24737e-08 6.51029e-08 6.65676e-08 2.58891e-08 6.29968e-08 5.7487e-08 1.73228e-07 3.02681e-08 2.66116e-08 2.0879e-08 1.18187e-08 3.96324e-08 1.49051e-08 1.38362e-08 3.31006e-08 5.23057e-08 4.20533e-08 2.23019e-08 1.47045e-07 1.90136e-07 4.37781e-08 1.13928e-07 6.87432e-08 3.59174e-08 1.99169e-08 1.01873e-07 3.77058e-08 1.25203e-08
threshold=-0.94705910369513524 -0.97876850416056738 0.78656609248549325 64.500000000000014 18.500000000000004 3.8333333333333335 0.78656609248549325 -0.99630266176052629 0.60355339059327384 0.60355339059327384 -0.99630266176052629 26.500000000000004 -0.8659933693357097 0.78656609248549325 -0.90574346089748803 1.5000000000000002 4.7500000000000009 0.60355339059327384 1.0000000180025095e-35 0.81428061195174062 0.79904096188274243 0.25881904510252091 11.350000000000003 0.78656609248549325 92.500000000000014 0.76140650896573503 0.86113431103781346 0.91596454896554913 0.78656609248549325 4.9500000000000011
decision_type=2 2 2 2 2 2 2 2 2 2 2 2 2 2 2 2 2 2 2 2 2 2 2 2 2 2 2 2 2 2
left_child=1 5 -3 4 -4 7 -7 9 -9 -1 -8 -12 13 29 -15 16 17 -14 -19 20 25 -22 24 -24 -21 -17 28 -28 -18 -2
right_child=12 2 3 -5 -6 6 10 8 -10 -11 11 -13 15 14 -16 19 26 18 -20 22 21 -23 23 -25 -26 -27 27 -29 -30 -31
leaf_value=8.152435355143475e-09 -1.1654097888325055e-06 -1.9700591647605493e-07 -2.9790810112033453e-06 -4.1162099160866697e-06 8.3948733117722445e-07 -2.5576608508801679e-08 4.0320652387623235e-07 -1.4094710928192493e-07 -5.2570565198298682e-06 2.0477083757403816e-06 3.3757646618100396e-06 1.3872089535845701e-06 1.0763521477581474e-07 2.020074213007206e-06 4.6377253013929478e-07 -1.0390372482992895e-07 2.1746577334244128e-08 7.0343142962697018e-07 3.1286293451006657e-06 -3.1130564488318704e-07 -1.0093530151632188e-07 -5.3955486885115535e-06 1.2768389704651936e-07 1.9517251613566398e-06 9.4125437088293366e-07 8.0328251543930792e-07 -2.943654508413829e-06 4.0933866471285696e-08 8.7558106040811873e-07 1.395515988605462e-07
leaf_weight=87 20 266 21 24 25 278 34 78 21 23 22 33 119 40 25 2542 937 39 33 696 39 30 484 104 130 114 33 214 150 227
leaf_count=87 20 266 21 24 25 278 34 78 21 23 22 33 119 40 25 2542 937 39 33 696 39 30 484 104 130 114 33 214 150 227
internal_value=5.07286e-16 -1.53189e-07 -5.73709e-07 -2.00518e-06 -9.03772e-07 9.21145e-08 3.45078e-07 -3.52084e-07 -1.22618e-06 4.34605e-07 1.50285e-06 2.18263e-06 2.33782e-08 3.22972e-07 1.4215e-06 6.87516e-09 1.3562e-07 7.51242e-07 1.81498e-06 -4.05603e-08 -1.24166e-07 -2.40294e-06 1.20561e-07 4.50303e-07 -1.14172e-07 -6.49658e-08 4.7476e-08 -3.57817e-07 1.39571e-07 3.38867e-08
internal_weight=6888 912 336 70 46 576 367 209 99 110 89 55 5976 312 65 5664 1525 191 72 4139 2725 69 1414 588 826 2656 1334 247 1087 247
internal_count=6888 912 336 70 46 576 367 209 99 110 89 55 5976 312 65 5664 1525 191 72 4139 2725 69 1414 588 826 2656 1334 247 1087 247
is_linear=0
shrinkage=0.05


Tree=126
num_leaves=22
num_cat=0
split_feature=3 14 5 3 15 5 8 9 3 13 14 15 12 5 3 12 14 14 14 14 12
split_gain=9.98253e-09 2.13779e-08 2.15816e-08 1.37092e-08 2.43862e-08 4.10609e-08 3.78696e-08 3.186e-08 1.89778e-08 1.40632e-08 9.73153e-09 3.84956e-08 6.488e-08 2.43689e-08 3.05556e-08 1.24304e-08 3.85286e-08 4.37412e-08 8.23329e-09 5.86633e-09 6.30792e-09
threshold=10.050000000000002 0.98667101781630195 5.0500000000000007 11.750000000000002 0.029024409397335523 6.3500000000000005 89.102571890424755 -40.195080526913685 11.350000000000003 1.0000000180025095e-35 -0.94705910369513524 0.28313308994381586 0.25881904510252091 1.4500000000000002 15.15 0.91597561503675362 0.98049069993378934 0.95242846126021108 0.93845596220871974 0.99983759474438971 0.12940952255126045
decision_type=2 2 2 2 2 2 2 2 2 2 2 2 2 2 2 2 2 2 2 2 2
left_child=1 -1 -3 4 5 -2 7 -6 18 -10 11 13 -13 -5 -15 19 17 -17 -8 20 -12
right_child=3 2 -4 10 6 -7 8 -9 9 -11 15 12 -14 14 -16 16 -18 -19 -20 -21 -22
leaf_value=1.8042525603334526e-06 -1.1824021294160049e-06 -8.6593791233250769e-07 1.2239679162597722e-06 -1.7117273303829901e-06 -7.3604781205302874e-07 1.7624827937025061e-06 1.2574359702171024e-06 -3.0595151847592207e-06 -1.7893681874170399e-06 -5.3413497193486955e-08 -3.4336605383972179e-08 2.9869762731480976e-08 -3.6987843884617178e-06 1.8128461051829122e-06 -7.5375686525497174e-08 2.6108039047059784e-07 1.9573727770201064e-06 -1.4696515627759092e-06 -1.0362659423890365e-07 -6.3189751008015569e-07 8.1711841232979181e-08
leaf_weight=24 20 30 21 22 36 29 25 25 20 28 3161 28 20 22 820 571 31 39 20 36 1860
leaf_count=24 20 30 21 22 36 29 25 25 20 28 3161 28 20 22 820 571 31 39 20 36 1860
internal_value=3.03175e-16 5.73697e-07 -5.38845e-09 -6.31546e-09 -4.1104e-07 5.60489e-07 -7.20163e-07 -1.68829e-06 -8.51567e-08 -7.76728e-07 6.11406e-09 -1.45529e-07 -1.52374e-06 -6.89623e-08 -2.60397e-08 3.03855e-08 2.37814e-07 1.50427e-07 6.52519e-07 4.09288e-09 8.65286e-09
internal_weight=6888 75 51 6813 203 49 154 61 93 48 6610 912 48 864 842 5698 641 610 45 5057 5021
internal_count=6888 75 51 6813 203 49 154 61 93 48 6610 912 48 864 842 5698 641 610 45 5057 5021
is_linear=0
shrinkage=0.05


Tree=127
num_leaves=22
num_cat=0
split_feature=3 4 3 17 19 7 3 14 12 15 3 14 8 3 12 25 27 15 27 7 8
split_gain=9.00923e-09 2.02284e-08 1.27101e-08 2.15104e-08 2.53293e-08 3.24792e-08 3.02706e-08 1.35111e-08 6.29999e-08 1.27551e-07 5.6963e-08 3.59241e-08 6.17153e-08 1.47489e-08 3.06091e-08 2.47218e-08 1.22269e-08 3.31422e-08 2.57828e-08 1.05564e-08 4.39109e-09
threshold=10.050000000000002 38.500000000000007 12.750000000000002 0.66224187626364184 3.5300000000000005e-06 93.044494271700145 12.550000000000002 0.96234642434711437 0.78656609248549325 -0.18493013702746822 15.65 0.95752911693909493 177.10989704511459 17.050000000000004 0.37940952255126054 0.00038039084009211581 53.833333333333336 -0.99628250747696534 46.500000000000007 116.10305010382527 102.77591655968864
decision_type=2 2 2 2 2 2 2 2 2 2 2 2 2 2 2 2 2 2 2 2 2
left_child=1 -1 3 4 5 -2 -7 11 13 -10 -11 16 -13 15 -15 -9 18 -18 -4 -3 -6
right_child=2 19 7 -5 20 6 -8 8 9 10 -12 12 -14 14 -16 -17 17 -19 -20 -21 -22
leaf_value=-3.8136470270487597e-07 -2.0839778095934255e-06 2.1042578798358137e-06 1.6177828208606119e-08 -1.7820679635798857e-06 1.5343574602866285e-06 -2.9199306406877041e-08 -1.4082173436315139e-06 -1.1319602196624156e-07 -1.4164053864078597e-06 1.6745313720483475e-06 5.0195517633255806e-06 -3.4881950011822488e-06 2.3818951694920543e-07 2.7091314070021224e-08 1.3389906212229916e-06 -1.9340148937325401e-06 -1.9261802341929981e-06 -9.0611287579749516e-08 5.8729130470233863e-07 5.1708029580119976e-07 4.9915925182003347e-07
leaf_weight=33 24 20 3959 22 20 344 45 166 25 35 20 20 25 276 53 21 25 1504 208 22 21
leaf_count=33 24 20 3959 22 20 344 45 166 25 35 20 20 25 276 53 21 25 1504 208 22 21
internal_value=-2.15549e-16 5.45012e-07 -5.99969e-09 -2.5518e-07 -1.8119e-07 -2.98862e-07 -1.88726e-07 1.27174e-08 2.39309e-07 1.54487e-06 2.8909e-06 -1.08062e-08 -1.41798e-06 3.6897e-08 2.38431e-07 -3.17673e-07 3.10873e-10 -1.20624e-07 4.46855e-08 1.27288e-06 1.00413e-06
internal_weight=6888 75 6813 476 454 413 389 6337 596 80 55 5741 45 516 329 187 5696 1529 4167 42 41
internal_count=6888 75 6813 476 454 413 389 6337 596 80 55 5741 45 516 329 187 5696 1529 4167 42 41
is_linear=0
shrinkage=0.05


Tree=128
num_leaves=31
num_cat=0
split_feature=15 15 12 15 15 12 5 15 12 15 12 27 15 15 27 5 15 7 3 27 15 12 12 15 12 15 15 15 5 19
split_gain=8.78496e-09 4.6458e-08 8.9101e-08 6.77633e-08 6.40975e-08 1.27494e-07 8.67158e-08 5.12441e-08 6.78238e-08 2.93755e-08 6.99453e-08 1.69138e-07 1.40464e-07 2.93385e-08 4.19626e-08 3.61328e-08 2.81821e-08 2.1464e-08 1.42679e-08 1.35893e-08 8.59468e-08 2.82163e-07 3.00889e-08 9.44046e-08 2.37314e-08 4.89522e-08 6.53296e-08 5.81093e-08 1.73548e-08 6.85784e-08
threshold=-0.75013812021657655 -0.84774213365954088 0.25881904510252091 -0.8142754349318998 -0.8739740505118182 0.60355339059327384 7.4500000000000011 -0.88220415136009767 0.25881904510252091 -0.64580103137750788 0.78656609248549325 6.166666666666667 -0.69676771491221523 -0.90531874877253482 6.166666666666667 3.7500000000000004 -0.77788789561442695 96.175059912847928 19.850000000000005 0.50000000000000011 -0.18493013702746822 0.78656609248549325 0.60355339059327384 1.0000000180025095e-35 0.91597561503675362 0.26659387353423869 0.11478523713130606 0.32410992729244009 4.3500000000000005 0.00010880000000000002
decision_type=2 2 2 2 2 2 2 2 2 2 2 2 2 2 2 2 2 2 2 2 2 2 2 2 2 2 2 2 2 2
left_child=1 4 -3 18 7 -6 -7 13 -9 10 -2 -12 -13 15 -15 -1 17 -5 -4 20 21 -11 -22 -24 28 26 -26 -27 29 -21
right_child=9 2 3 16 5 6 -8 8 -10 19 11 12 -14 14 -16 -17 -18 -19 -20 24 22 -23 23 -25 25 27 -28 -29 -30 -31
leaf_value=1.071511845139433e-06 -1.0659474696931297e-07 -5.8964940484514949e-08 3.4193028822452716e-06 7.9337658576150716e-07 -9.233801929502755e-08 -5.6374543917280833e-06 -1.0935986940992171e-06 7.7524559963634433e-08 3.8898286905464372e-06 -1.7467784001415845e-07 2.0557251926592555e-06 -7.855781864856743e-07 -5.5127860923676054e-06 1.9426515783809255e-07 -1.5129638595813547e-06 8.6151807274523786e-09 1.5441495030188436e-06 -9.641719874053933e-07 1.9768275376463862e-06 1.4647400689158796e-08 -8.9227569126856506e-08 -4.8902710029953874e-06 3.8521253210482044e-06 2.3314768405165398e-07 4.321756531929882e-07 -2.7610464165999951e-06 2.4307677700697204e-06 4.4932077838516788e-08 3.3617539498343879e-08 -1.6691211292733277e-06
leaf_weight=86 323 266 30 38 102 21 21 28 20 170 22 33 30 71 73 1138 50 32 40 296 395 39 21 127 247 21 49 152 2871 76
leaf_count=86 323 266 30 38 102 21 21 28 20 170 22 33 30 71 73 1138 50 32 40 296 395 39 21 127 247 21 49 152 2871 76
internal_value=-5.93484e-16 8.77813e-08 5.31732e-07 1.35871e-06 -4.1989e-08 -1.04702e-06 -3.36553e-06 6.02174e-08 1.66598e-06 -3.63233e-08 -4.42431e-07 -1.71861e-06 -3.03663e-06 3.87468e-09 -6.71205e-07 8.32958e-08 6.37519e-07 -1.00742e-08 2.59503e-06 7.94083e-10 -1.93027e-07 -1.05462e-06 1.38599e-07 7.46651e-07 4.00596e-08 3.725e-07 7.63024e-07 -2.95678e-07 -8.01777e-09 -3.29348e-07
internal_weight=6888 2016 456 190 1560 144 42 1416 48 4872 408 85 63 1368 144 1224 120 70 70 4464 752 209 543 148 3712 469 296 173 3243 372
internal_count=6888 2016 456 190 1560 144 42 1416 48 4872 408 85 63 1368 144 1224 120 70 70 4464 752 209 543 148 3712 469 296 173 3243 372
is_linear=0
shrinkage=0.05


Tree=129
num_leaves=25
num_cat=0
split_feature=15 27 15 8 15 8 27 27 15 15 14 8 27 15 8 15 8 5 7 8 14 15 7 8
split_gain=8.56997e-09 7.28643e-08 1.7704e-08 2.95957e-08 2.35166e-08 5.92417e-08 2.00281e-08 2.80641e-08 2.08889e-08 1.00602e-08 4.04844e-08 5.49573e-08 3.39164e-08 2.65104e-08 4.22312e-08 3.20221e-08 9.52701e-09 5.53829e-09 3.94782e-09 2.48023e-09 3.95642e-09 2.44041e-09 2.21331e-10 1.19458e-10
threshold=-0.99938741687870725 31.500000000000004 -0.97507822412530132 92.474565814496643 -0.97111920233974802 107.75581255785256 5.166666666666667 45.166666666666679 -0.99273797715557011 -0.94137724084408114 0.30164402523644185 172.97747765956015 14.16666666666667 -0.90531874877253482 86.376432502574787 -0.85225707553516283 92.004444205745941 12.350000000000003 93.614511716698431 244.32504087900517 -0.083760455055074887 -0.99983123799342477 128.51117550135567 253.72910846656586
decision_type=2 2 2 2 2 2 2 2 2 2 2 2 2 2 2 2 2 2 2 2 2 2 2 2
left_child=1 16 3 6 5 -4 18 8 -8 10 12 -12 -6 14 -11 -15 -1 -9 -2 20 -5 -18 23 -21
right_child=2 -3 4 19 9 -7 7 17 -10 13 11 -13 -14 15 -16 -17 21 -19 -20 22 -22 -23 -24 -25
leaf_value=1.261425864824906e-06 2.0300414533907049e-06 -2.7293501731789481e-06 -3.1110275044522408e-06 -1.9483930155198929e-07 -3.9019444649437206e-07 4.2986453586814207e-07 -6.683564092869487e-07 1.0041336673793923e-06 6.7161345158135168e-07 1.3747898500090135e-06 -3.46168412348065e-06 -6.6173357848010335e-08 9.5391325854177213e-07 -5.0949552296393367e-07 4.067619905843452e-08 1.160430056566911e-08 -3.5719182045568236e-07 2.1667197097079745e-06 1.1386103858018506e-06 -2.0972619890493489e-07 6.6025873644731861e-07 3.4867667461450464e-07 6.9878077821075835e-08 -8.4936268544336863e-08
leaf_weight=21 27 26 21 24 176 27 52 20 66 90 22 26 64 312 174 5352 25 21 23 21 31 24 22 221
leaf_count=21 27 26 21 24 176 27 52 20 66 90 22 26 64 312 174 5352 25 21 23 21 31 24 22 221
internal_value=6.42128e-16 -4.69112e-07 6.63055e-09 2.84676e-07 -1.68062e-08 -1.11928e-06 7.47153e-07 4.72678e-07 8.11183e-08 -8.29295e-09 -2.9688e-07 -1.62245e-06 -3.17657e-08 5.72746e-09 4.95488e-07 -1.71004e-08 3.70406e-07 1.5996e-06 1.61998e-06 -1.83259e-08 2.87125e-07 -1.14603e-08 -8.19615e-08 -9.57651e-08
internal_weight=6888 96 6792 528 6264 48 209 159 118 6216 288 48 240 5928 264 5664 70 41 50 319 55 49 264 242
internal_count=6888 96 6792 528 6264 48 209 159 118 6216 288 48 240 5928 264 5664 70 41 50 319 55 49 264 242
is_linear=0
shrinkage=0.05


Tree=130
num_leaves=31
num_cat=0
split_feature=14 14 8 27 5 14 27 27 14 8 8 8 8 14 14 27 13 8 13 14 3 22 17 8 17 5 5 8 5 5
split_gain=8.52172e-09 3.15361e-08 4.75728e-08 6.1046e-08 5.70013e-08 6.04571e-08 2.49939e-08 2.31929e-08 5.09841e-08 1.86148e-07 2.98164e-08 3.23862e-08 2.25716e-08 1.73038e-08 1.10178e-08 4.09459e-08 3.67609e-08 1.27441e-08 9.20957e-09 3.26038e-08 3.66279e-08 2.69138e-08 8.38432e-09 7.16978e-09 7.08686e-09 6.57046e-09 5.66689e-09 1.56966e-08 1.43393e-08 5.03543e-09
threshold=-0.94705910369513524 -0.97876850416056738 141.71046372956297 98.166666666666671 5.9500000000000011 -0.96235977360714686 19.833333333333339 3.8333333333333335 -0.99630266176052629 103.59314869256782 104.30363909927918 72.160900605036673 117.12797434739029 -0.99630266176052629 -0.90574346089748803 29.500000000000004 0.1294095225512602 85.838438637195836 0.1294095225512602 0.99983759474438971 10.550000000000002 357.50000000000006 0.95607756726639426 35.596855095814767 0.96153110053482116 5.8500000000000005 2.1500000000000008 62.02699897914372 2.3500000000000001 18.450000000000003
decision_type=2 2 2 2 2 2 2 2 2 2 2 2 2 2 2 2 2 2 2 2 2 2 2 2 2 2 2 2 2 2
left_child=1 7 3 4 6 -6 -3 8 12 -10 11 23 -1 -13 15 17 -17 -2 19 20 -16 -22 -12 -9 -11 -19 27 -20 -28 -30
right_child=14 2 -4 -5 5 -7 -8 10 9 24 22 13 -14 -15 18 16 -18 25 26 -21 21 -23 -24 -25 -26 -27 28 -29 29 -31
leaf_value=1.6584001135318733e-06 1.0713299833815141e-06 -3.5556614467679995e-06 1.6676758379341644e-08 -3.7535051399117948e-06 1.56221630796998e-06 -1.1154911102122062e-06 -1.1842446697301057e-06 -4.3514156224944148e-07 -5.4704458725041156e-06 2.0520778978595708e-07 -1.4437510730402894e-07 6.0131179174681568e-07 -5.8788659552225135e-09 2.1895888368546485e-06 1.7390625361479058e-06 3.2418113819620064e-06 3.7727805977845938e-07 -1.04010159041934e-06 1.566067339169308e-06 -1.6958328667617305e-06 2.5868302576686133e-07 -4.8278448065093623e-08 9.2933089026470137e-07 5.635176373314097e-07 -8.8389640794162017e-07 -5.0530129995614181e-08 -1.3741150297619242e-06 -2.2224932138468847e-08 -7.9117110954003145e-08 2.3041197568356784e-07
leaf_weight=27 23 20 183 20 35 53 25 32 20 59 200 27 83 47 33 21 24 20 20 26 1128 1946 20 41 20 104 21 70 2401 139
leaf_count=27 23 20 183 20 35 53 25 32 20 59 200 27 83 47 33 21 24 20 20 26 1128 1946 20 41 20 104 21 70 2401 139
internal_value=1.12882e-16 -1.42362e-07 -5.27325e-07 -1.17799e-06 -7.90698e-07 -5.04938e-08 -2.23821e-06 8.21991e-08 -3.38233e-07 -1.16141e-06 3.21628e-07 8.72965e-07 4.02626e-07 1.61008e-06 2.1726e-08 3.94355e-07 1.71406e-06 -9.63657e-09 9.35655e-09 6.73929e-08 8.21479e-08 6.43606e-08 -4.67655e-08 1.25749e-07 -7.05148e-08 -2.10138e-07 -5.92319e-08 3.30729e-07 -7.29361e-08 -6.21783e-08
internal_weight=6888 912 336 153 133 88 45 576 209 99 367 147 110 74 5976 192 45 147 5784 3133 3107 3074 220 73 79 124 2651 90 2561 2540
internal_count=6888 912 336 153 133 88 45 576 209 99 367 147 110 74 5976 192 45 147 5784 3133 3107 3074 220 73 79 124 2651 90 2561 2540
is_linear=0
shrinkage=0.05


Tree=131
num_leaves=31
num_cat=0
split_feature=15 14 12 14 12 7 15 12 14 15 14 14 14 14 12 14 4 15 12 3 14 12 12 15 11 14 14 15 12 15
split_gain=8.29854e-09 5.01512e-08 9.16772e-08 8.59902e-08 1.45933e-07 4.60657e-08 2.64883e-08 6.38037e-08 1.17742e-07 5.12943e-08 1.7998e-08 1.77343e-08 6.4796e-08 1.896e-08 4.28676e-08 2.81601e-08 1.16946e-08 6.84893e-08 1.82792e-07 1.12978e-07 5.32777e-08 1.65955e-07 1.90336e-08 3.86014e-08 6.00687e-08 4.69256e-08 1.11199e-08 9.91436e-09 1.74527e-08 1.02901e-08
threshold=-0.75013812021657655 0.52766072109828632 0.37940952255126054 0.49812943072827093 0.25881904510252091 104.07102137590913 -0.64580103137750788 0.78656609248549325 0.71503381463111937 -0.71502926860092908 0.58481550752069722 0.46800856592688472 0.48314048284850658 0.42179998225932674 0.37940952255126054 0.3504237462291826 1.0000000180025095e-35 -0.18493013702746822 0.60355339059327384 18.550000000000004 0.75580964594513067 0.60355339059327384 0.91597561503675362 0.27487873330147788 12.325000000000001 0.26866988313759588 0.41398981800788198 -0.62587551141915865 0.25881904510252091 -0.61236746317008228
decision_type=2 2 2 2 2 2 2 2 2 2 2 2 2 2 2 2 2 2 2 2 2 2 2 2 2 2 2 2 2 2
left_child=1 3 -3 11 -5 10 7 -2 9 -9 -4 13 -13 15 -15 -1 17 18 -8 -20 26 -22 27 24 -24 -25 -19 28 -18 -29
right_child=6 2 5 4 -6 -7 16 8 -10 -11 -12 12 -14 14 -16 -17 22 20 19 -21 21 -23 23 25 -26 -27 -28 29 -30 -31
leaf_value=7.3722670778650196e-09 -1.0018435042218807e-07 6.7533571742236152e-09 3.9556445168879387e-06 2.3618805060315093e-07 -5.3558960863142605e-06 6.0727439664073508e-07 -1.2252108778003914e-07 -2.1246751854657002e-06 -4.994614928364172e-06 6.9284334780864559e-07 2.1318451646742865e-06 2.8363188093294414e-06 -8.3780380914314867e-07 1.7577850790139059e-07 -2.3442929154447888e-06 8.9048940214904919e-07 -3.264146599881521e-08 -4.3151382862362969e-07 -6.1306986243504401e-06 -1.6060860155669839e-06 7.5390113475274728e-08 3.7745759126108316e-06 -7.1549136688101166e-07 -2.0958650085942972e-06 1.0454344853189198e-06 1.1531116229797845e-07 7.0645244509279466e-08 -8.1273831009753841e-07 1.8391901920722376e-06 -5.4917871780956375e-09
leaf_weight=1512 323 150 24 28 20 35 198 30 20 35 31 24 24 45 27 96 33 222 22 37 150 38 61 29 235 139 219 40 20 3021
leaf_count=1512 323 150 24 28 20 35 198 30 20 35 31 24 24 45 27 96 33 222 22 37 150 38 61 29 235 139 219 40 20 3021
internal_value=-6.29716e-16 8.53164e-08 7.63709e-07 -6.35829e-09 -2.09385e-06 2.0253e-06 -3.53034e-08 -4.20938e-07 -1.6398e-06 -6.0755e-07 2.92768e-06 5.16275e-08 9.99258e-07 2.45524e-08 -7.69248e-07 6.00957e-08 -5.7208e-11 -1.62689e-07 -8.50427e-07 -3.29323e-06 1.18311e-07 8.23098e-07 4.02143e-08 3.38966e-07 6.82541e-07 -2.6638e-07 -1.82142e-07 -4.30109e-09 6.7371e-07 -1.60406e-08
internal_weight=6888 2016 240 1776 48 90 4872 408 85 65 55 1728 48 1680 72 1608 4464 886 257 59 629 188 3578 464 296 168 441 3114 53 3061
internal_count=6888 2016 240 1776 48 90 4872 408 85 65 55 1728 48 1680 72 1608 4464 886 257 59 629 188 3578 464 296 168 441 3114 53 3061
is_linear=0
shrinkage=0.05


Tree=132
num_leaves=24
num_cat=0
split_feature=15 27 15 12 5 15 15 14 27 15 11 15 12 15 5 12 12 14 15 5 15 6 5
split_gain=7.72766e-09 6.58742e-08 1.59925e-08 2.35349e-08 2.17445e-08 2.53745e-08 2.11895e-08 5.81472e-08 1.42611e-08 9.0412e-09 4.55733e-08 2.2055e-08 3.73358e-08 2.66699e-08 2.06705e-08 8.53278e-09 4.2161e-09 7.26548e-09 3.83279e-09 3.69751e-09 2.198e-09 1.17727e-10 2.48834e-11
threshold=-0.99938741687870725 31.500000000000004 -0.97507822412530132 0.60355339059327384 7.0500000000000007 -0.99273797715557011 -0.97111920233974802 0.21862473630160603 12.833333333333334 -0.94137724084408114 15.328125000000002 -0.90531874877253482 0.60355339059327384 -0.85225707553516283 5.0500000000000007 0.37940952255126054 -0.25881904510252113 0.16799745313369893 -0.99628250747696534 13.950000000000001 -0.99983123799342477 0.00074223500000000005 6.5500000000000007
decision_type=2 2 2 2 2 2 2 2 2 2 2 2 2 2 2 2 2 2 2 2 2 2 2
left_child=1 15 3 16 18 -6 7 -4 -7 10 -8 12 -11 -13 -12 20 21 19 -5 -18 -1 22 -2
right_child=2 -3 6 4 5 8 9 -9 -10 11 14 13 -14 -15 -16 -17 17 -19 -20 -21 -22 -23 -24
leaf_value=-3.3673182334581499e-07 -1.0526690529230918e-07 -2.5945516732952876e-06 6.7778047518155908e-07 1.3043540639046114e-06 -6.3727876845159464e-07 2.9238109642794654e-09 -2.3215109140437566e-06 -2.802737327556315e-06 1.4417910974503578e-06 7.0553460170290704e-08 -1.6326550164080801e-06 -4.6479372668142693e-07 1.3787361623940344e-06 1.0768399629944588e-08 3.9609362850631233e-08 1.1960181257650438e-06 2.8727390531607377e-07 1.1212913109591769e-06 2.2832301306152659e-06 -2.9630134666771675e-07 3.3316262152046271e-07 -1.9976526203890897e-07 -6.3032327024680237e-08
leaf_weight=25 45 26 24 20 37 26 25 24 51 187 20 312 77 5352 243 21 95 21 20 38 24 20 155
leaf_count=25 45 26 24 20 37 26 25 24 51 187 20 312 77 5352 243 21 95 21 20 38 24 20 155
internal_value=-1.32658e-15 -4.45462e-07 6.29628e-09 2.70561e-07 7.90777e-07 4.38843e-07 -1.59789e-08 -1.06248e-06 9.5594e-07 -7.89781e-09 -2.81478e-07 5.39356e-09 4.52107e-07 -1.54278e-08 -8.7559e-08 3.52771e-07 5.63539e-08 2.57004e-07 1.79379e-06 1.20538e-07 -8.62026e-09 -8.41015e-08 -7.25351e-08
internal_weight=6888 96 6792 528 154 114 6264 48 77 6216 288 5928 264 5664 263 70 374 154 40 133 49 220 200
internal_count=6888 96 6792 528 154 114 6264 48 77 6216 288 5928 264 5664 263 70 374 154 40 133 49 220 200
is_linear=0
shrinkage=0.05


Tree=133
num_leaves=31
num_cat=0
split_feature=15 14 12 14 12 7 15 12 15 14 27 5 27 27 12 3 14 14 27 12 7 15 15 15 12 8 15 5 8 14
split_gain=7.73184e-09 4.50035e-08 8.27387e-08 7.59178e-08 1.31705e-07 4.15743e-08 2.39057e-08 5.81608e-08 1.69531e-07 1.35912e-07 3.65351e-08 1.84788e-08 6.79477e-08 2.27381e-08 3.28365e-08 2.91247e-08 1.75427e-08 1.62432e-08 1.181e-08 2.24803e-08 6.77552e-08 8.53825e-08 1.52042e-08 5.50123e-08 3.43181e-08 3.07166e-08 1.40178e-08 1.11125e-08 7.04124e-09 5.717e-09
threshold=-0.75013812021657655 0.52766072109828632 0.37940952255126054 0.49812943072827093 0.25881904510252091 104.07102137590913 -0.64580103137750788 0.60355339059327384 -0.6652727025667432 -0.67245466942360621 61.833333333333336 14.550000000000002 61.166666666666679 45.166666666666679 0.60355339059327384 16.050000000000004 -0.70973637838083836 0.58481550752069722 99.833333333333357 0.60355339059327384 92.558841279021394 0.28313308994381586 -0.59177783207548873 -0.58481178939031186 0.60355339059327384 74.132123850784481 -0.4755978891912595 19.150000000000002 113.42698626310248 0.77244481603295057
decision_type=2 2 2 2 2 2 2 2 2 2 2 2 2 2 2 2 2 2 2 2 2 2 2 2 2 2 2 2 2 2
left_child=1 3 28 11 -5 17 7 -2 9 16 -11 13 27 15 -15 -1 -9 -4 22 -20 -21 -22 24 -24 29 -26 -25 -13 -3 -8
right_child=6 2 5 4 -6 -7 18 8 -10 10 -12 12 -14 14 -16 -17 -18 -19 19 20 21 -23 23 26 25 -27 -28 -29 -30 -31
leaf_value=-9.8280781691948086e-07 -1.7357867203251968e-08 7.908031218306633e-07 3.7573238595693208e-06 2.4761833584209727e-07 -5.064861527444009e-06 5.7637224374827515e-07 -1.899316394450486e-07 2.7148176005063027e-06 -5.4075947597690778e-06 -3.0970129579088736e-06 -4.8203457109511052e-07 -1.6944406384894617e-07 -2.4843905298055361e-06 5.3400909683616539e-08 1.388666488163303e-06 1.0443371864570697e-07 6.7108645139125574e-07 2.0247144594841597e-06 -4.4484063793648332e-08 -3.1179479020255924e-06 2.1301201117154277e-06 -1.8572110334467841e-06 -2.6138971002609426e-06 3.2300634500568688e-07 5.6146620785323743e-07 3.1085361896998621e-06 -1.3627729685398695e-08 7.9793323630597391e-07 -1.4363241895748184e-07 5.8547317763453308e-07
leaf_weight=65 289 24 24 28 20 35 85 21 21 34 22 234 32 105 82 1176 21 31 224 26 25 29 20 338 29 20 3635 34 126 33
leaf_count=65 289 24 24 28 20 35 85 21 21 34 22 234 32 105 82 1176 21 31 224 26 25 29 20 338 29 20 3635 34 126 33
internal_value=-1.58244e-15 8.23518e-08 7.24986e-07 -4.4906e-09 -1.96591e-06 1.9235e-06 -3.40766e-08 -4.00429e-07 -1.33075e-06 -4.57135e-07 -2.0697e-06 4.99934e-08 -3.06736e-07 1.24936e-07 6.38918e-07 4.74871e-08 1.69295e-06 2.78076e-06 -5.92768e-10 -3.01438e-07 -1.02091e-06 -1.12244e-08 2.13921e-08 1.84358e-09 4.888e-07 1.60109e-06 1.50112e-08 -4.67171e-08 5.87727e-09 2.69189e-08
internal_weight=6888 2016 240 1776 48 90 4872 408 119 98 56 1728 300 1428 187 1241 42 55 4464 304 80 54 4160 3993 167 49 3973 268 150 118
internal_count=6888 2016 240 1776 48 90 4872 408 119 98 56 1728 300 1428 187 1241 42 55 4464 304 80 54 4160 3993 167 49 3973 268 150 118
is_linear=0
shrinkage=0.05


Tree=134
num_leaves=31
num_cat=0
split_feature=14 14 12 15 15 5 5 4 5 12 0 14 15 12 12 12 15 14 12 14 14 12 5 12 27 14 5 12 2 4
split_gain=7.61691e-09 3.2794e-08 1.24464e-07 3.10382e-08 3.57667e-08 2.39973e-08 2.57085e-08 9.4989e-09 2.72715e-08 4.52018e-08 3.37849e-08 1.63873e-08 1.29628e-07 2.09948e-07 6.41478e-08 3.51414e-08 2.49838e-08 1.5287e-08 2.93999e-08 1.76041e-08 1.31094e-07 1.72133e-07 3.8922e-08 9.66543e-08 6.06477e-08 2.95857e-08 1.74026e-08 1.23661e-08 7.61806e-09 4.97724e-09
threshold=-0.94975917145599731 -0.95995996396290595 0.78656609248549325 -0.26037106507032781 -0.24372464231556024 1.4500000000000002 2.0500000000000003 1.5000000000000002 4.7500000000000009 0.60355339059327384 1.0000000180025095e-35 0.90162119223771331 -0.18493013702746822 0.78656609248549325 0.60355339059327384 0.78656609248549325 0.70897861563100306 -0.90574346089748803 0.78656609248549325 0.81428061195174062 0.79904096188274243 0.25881904510252091 11.350000000000003 0.78656609248549325 92.500000000000014 0.76696112484652046 6.7500000000000009 1.0000000180025095e-35 105.50000000000001 58.500000000000007
decision_type=2 2 2 2 2 2 2 2 2 2 2 2 2 2 2 2 2 2 2 2 2 2 2 2 2 2 2 2 2 2
left_child=1 3 29 -1 -5 -6 -7 8 9 -2 -11 15 13 -13 -14 28 -17 18 26 20 25 -22 24 -24 -21 -19 -9 -28 -10 -3
right_child=7 2 -4 4 5 6 -8 17 11 10 -12 12 14 -15 -16 16 -18 19 -20 22 21 -23 23 -25 -26 -27 27 -29 -30 -31
leaf_value=1.739755359390453e-06 9.3243454973948012e-08 1.8069265705827374e-07 -4.5189377652832264e-06 -1.9860259533525475e-06 -1.6516872613372223e-06 1.6336561761439346e-06 -3.0689665492133714e-08 -9.6296194825080366e-07 -1.287099744814476e-07 6.7674601202710596e-07 2.8504898223631745e-06 -4.2009622920809968e-07 2.1110779371992806e-07 -5.6058620320982307e-06 3.0267252545854718e-06 1.2484497565720984e-06 -6.0732775440638685e-08 -8.3907455472234375e-08 1.8360862826583003e-06 -2.9642831263900846e-07 -6.8333693150111569e-08 -5.1060557279924983e-06 1.2382492923290287e-07 1.8039049225994686e-06 8.8006881574731463e-07 7.9212173568521394e-07 -3.9447725644039786e-08 1.425779178987341e-06 1.4349770813279203e-07 -7.000906842768513e-07
leaf_weight=24 122 53 20 24 22 24 698 28 481 39 33 89 106 25 25 108 55 2662 32 696 39 30 484 104 130 100 36 24 552 23
leaf_count=24 122 53 20 24 22 24 698 28 481 39 33 89 106 25 25 108 55 2662 32 696 39 30 484 104 130 100 36 24 552 23
internal_value=-5.56122e-16 -1.36673e-07 -1.00942e-06 -3.08854e-08 -8.62179e-08 -2.49338e-08 2.46349e-08 2.02276e-08 1.23021e-07 6.79562e-07 1.67305e-06 4.80943e-08 -3.24447e-07 -1.55733e-06 7.48439e-07 1.24409e-07 8.06701e-07 -1.82757e-08 5.38253e-07 -3.4008e-08 -1.05968e-07 -2.25865e-06 1.10065e-07 4.20982e-07 -1.11265e-07 -5.21903e-08 6.63142e-08 5.46643e-07 1.67485e-08 -8.58602e-08
internal_weight=6888 888 96 792 768 744 722 6000 1635 194 72 1441 245 114 131 1196 163 4365 120 4245 2831 69 1414 588 826 2762 88 60 1033 76
internal_count=6888 888 96 792 768 744 722 6000 1635 194 72 1441 245 114 131 1196 163 4365 120 4245 2831 69 1414 588 826 2762 88 60 1033 76
is_linear=0
shrinkage=0.05


Tree=135
num_leaves=21
num_cat=0
split_feature=3 3 25 1 7 5 3 14 12 15 3 14 12 14 12 14 3 8 25 2
split_gain=7.84426e-09 8.41204e-09 2.38397e-08 4.77751e-08 2.49689e-08 3.99812e-08 3.125e-08 1.14409e-08 5.15916e-08 8.7932e-08 4.80106e-08 3.05157e-08 1.16007e-07 1.77637e-08 8.07622e-08 1.927e-08 1.38087e-08 2.54766e-08 2.02574e-08 3.40557e-09
threshold=8.7500000000000018 12.750000000000002 2.3697113083232493e-05 15.000000000000002 93.044494271700145 5.8500000000000005 12.550000000000002 0.96234642434711437 0.78656609248549325 -0.18493013702746822 15.65 0.95242846126021108 0.60355339059327384 0.93544191479114935 0.60355339059327384 0.88621069759564464 17.150000000000002 136.7282823065874 0.00038039084009211581 110.50000000000001
decision_type=2 2 2 2 2 2 2 2 2 2 2 2 2 2 2 2 2 2 2 2
left_child=-1 2 3 4 5 -2 -6 11 16 -10 -11 13 19 15 -15 -3 18 -18 -9 -13
right_child=1 7 -4 -5 6 -7 -8 8 9 10 -12 12 -14 14 -16 -17 17 -19 -20 -21
leaf_value=8.3518479067227041e-07 -3.0049642202811813e-06 1.28099014181864e-08 -1.6430057649409316e-06 2.2765891798570692e-06 4.2605942556263059e-08 -5.6703097470744979e-09 -1.3636096908116585e-06 -1.1303958046511713e-07 -1.0562640400166856e-06 1.4033582108043319e-06 4.4742954514731537e-06 -1.7527172985865038e-07 -3.9870790527382504e-06 -9.0840360872304672e-08 3.1335943012891223e-06 -4.4344289169055664e-07 1.0383136488051629e-06 -8.5419860759166135e-09 -1.7249149154513985e-06 5.4369748444368524e-07
leaf_weight=28 20 5296 27 20 387 25 44 171 25 35 20 40 23 87 25 242 76 247 22 28
leaf_count=28 20 5296 27 20 387 25 44 171 25 35 20 40 23 87 25 242 76 247 22 28
internal_value=-6.565e-16 -3.40892e-09 -1.96139e-07 -1.17378e-07 -2.17965e-07 -1.33869e-06 -1.00952e-07 1.24973e-08 2.21008e-07 1.40246e-06 2.52006e-06 -9.14916e-09 -9.17474e-07 5.4805e-09 6.289e-07 -7.12747e-09 3.78373e-08 2.37777e-07 -2.96777e-07 1.20774e-07
internal_weight=6888 6860 523 496 476 45 431 6337 596 80 55 5741 91 5650 112 5538 516 323 193 68
internal_count=6888 6860 523 496 476 45 431 6337 596 80 55 5741 91 5650 112 5538 516 323 193 68
is_linear=0
shrinkage=0.05


Tree=136
num_leaves=18
num_cat=0
split_feature=3 3 17 1 3 7 8 8 8 8 3 7 5 11 12 11 4
split_gain=7.07945e-09 7.59187e-09 2.77634e-08 2.72229e-08 1.6992e-08 3.17352e-08 2.73567e-08 9.0152e-09 2.81848e-08 2.7004e-08 2.13301e-08 1.41395e-08 1.3419e-08 1.23218e-08 4.67251e-08 1.46005e-08 1.00327e-08
threshold=8.7500000000000018 12.750000000000002 0.73153397247723351 42.550000000000004 12.350000000000003 91.351728868638972 108.64304524185037 59.752354094569064 58.333039579229684 62.02699897914372 13.550000000000002 130.52514585739496 2.0500000000000003 15.006250000000001 0.78656609248549325 15.328125000000002 40.500000000000007
decision_type=2 2 2 2 2 2 2 2 2 2 2 2 2 2 2 2 2
left_child=-1 2 3 4 5 -2 -6 8 10 16 11 -3 -12 14 -11 -15 -9
right_child=1 7 -4 -5 6 -7 -8 9 -10 13 12 -13 -14 15 -16 -17 -18
leaf_value=7.9342558882343288e-07 -1.4653288852006132e-06 1.9358211289954854e-06 -1.9674720533657818e-06 1.6957420036689541e-06 -1.2714755354255586e-06 1.4039174714040202e-07 2.5932443600061317e-07 2.03330559377884e-06 -1.8757390607936982e-06 -1.0115930583752357e-07 1.0153469159011826e-06 1.9516203784470624e-07 -2.1394847841225551e-07 -7.2859596381245322e-07 8.4938016721137095e-07 9.0867983774837525e-09 4.8599243584135366e-07
leaf_weight=28 34 20 21 20 77 324 47 22 23 353 23 28 638 68 204 4938 20
leaf_count=28 34 20 21 20 77 324 47 22 23 353 23 28 638 68 204 4938 20
internal_value=9.49463e-16 -3.23847e-09 -1.86332e-07 -1.11822e-07 -1.86825e-07 -1.21069e-08 -6.91253e-07 1.18725e-08 -1.53152e-07 3.34243e-08 -9.72711e-08 9.20437e-07 -1.71174e-07 2.38883e-08 2.46974e-07 -9.33663e-10 1.29649e-06
internal_weight=6888 6860 523 502 482 358 124 6337 732 5605 709 48 661 5563 557 5006 42
internal_count=6888 6860 523 502 482 358 124 6337 732 5605 709 48 661 5563 557 5006 42
is_linear=0
shrinkage=0.05


Tree=137
num_leaves=31
num_cat=0
split_feature=14 14 12 14 5 27 14 8 12 12 14 27 14 12 5 8 12 8 9 11 14 14 8 17 26 8 5 14 9 27
split_gain=7.08402e-09 2.66978e-08 5.43141e-08 5.28042e-08 7.71108e-08 1.97024e-08 4.59769e-08 1.6907e-07 4.54405e-08 2.30831e-08 2.09453e-08 1.95632e-08 9.37758e-09 4.11791e-08 1.00477e-08 1.57093e-08 7.90912e-09 2.70302e-08 7.59575e-09 9.96431e-09 8.77598e-09 2.65729e-08 2.39768e-08 7.01475e-09 6.64432e-09 6.16501e-09 5.7749e-09 4.21123e-09 2.94327e-09 2.50072e-09
threshold=-0.94705910369513524 -0.97876850416056738 0.78656609248549325 -0.95995996396290595 4.7500000000000009 3.8333333333333335 -0.99630266176052629 103.59314869256782 0.78656609248549325 0.60355339059327384 -0.99630266176052629 26.500000000000004 -0.90574346089748803 0.78656609248549325 4.9500000000000011 115.70595468830687 0.37940952255126054 103.59314869256782 -50.532562811232374 8.7500000000000018 0.99983759474438971 0.99939377080793557 175.79037162244484 0.95607756726639426 0.00029061715339200869 55.856289206726821 8.2500000000000018 0.93845596220871974 52.975163631016486 46.833333333333336
decision_type=2 2 2 2 2 2 2 2 2 2 2 2 2 2 2 2 2 2 2 2 2 2 2 2 2 2 2 2 2 2
left_child=1 5 16 4 -4 6 9 -8 23 -1 -10 -12 13 14 -2 -16 -3 -18 25 -20 21 -21 -22 -7 -9 26 27 -14 -17 -15
right_child=12 2 3 -5 -6 8 7 24 10 -11 11 -13 18 29 15 28 17 -19 19 20 22 -23 -24 -25 -26 -27 -28 -29 -30 -31
leaf_value=2.0438838255071379e-08 -1.0564192557893649e-06 -1.7099413378917654e-08 -2.7239192306801077e-06 -3.5656530671985819e-06 1.4166351000064673e-06 -8.7229689866473628e-08 -5.1990109022881374e-06 3.7763916901938158e-07 3.0522359846894259e-07 1.8015445759730306e-06 3.0388049357167223e-06 1.1139283016046702e-06 -4.0522196144365806e-07 1.3956548849591855e-06 1.2746372012770736e-06 -2.7359150185874646e-07 1.9777308516629146e-07 -2.0514773201408718e-06 1.1126353517251379e-06 1.6980862052677979e-08 -1.9515064377628733e-06 1.2797158210961106e-06 4.4050632055168332e-07 8.8478660522639538e-07 -5.412923741616666e-07 -8.4384326411980508e-08 -2.0916063321535079e-07 -1.3786313515993244e-06 3.2300981597391652e-07 2.1863387365783639e-06
leaf_weight=87 20 210 23 25 22 258 20 42 34 23 22 33 20 20 25 79 34 22 21 5198 20 42 22 20 37 371 65 25 28 20
leaf_count=87 20 210 23 25 22 258 20 42 34 23 22 33 20 20 25 79 34 22 21 5198 20 42 22 20 37 371 65 25 28 20
internal_value=-1.01083e-15 -1.29799e-07 -4.84002e-07 -1.72322e-06 -6.99648e-07 7.68193e-08 -3.10687e-07 -1.0924e-06 2.97497e-07 3.92852e-07 1.2808e-06 1.88388e-06 1.98087e-08 3.63583e-07 -1.2052e-08 1.46185e-07 -1.57891e-07 -6.85861e-07 8.39708e-09 2.56536e-08 2.1332e-08 2.7102e-08 -6.98547e-07 -1.73005e-08 -5.27465e-08 -1.81855e-07 -5.10597e-07 -9.46005e-07 -1.17472e-07 1.791e-06
internal_weight=6888 912 336 70 45 576 209 99 367 110 89 55 5976 192 152 132 266 56 5784 5303 5282 5240 42 278 79 481 110 45 107 40
internal_count=6888 912 336 70 45 576 209 99 367 110 89 55 5976 192 152 132 266 56 5784 5303 5282 5240 42 278 79 481 110 45 107 40
is_linear=0
shrinkage=0.05


Tree=138
num_leaves=15
num_cat=0
split_feature=5 12 5 14 12 5 12 3 27 5 12 5 4 5
split_gain=6.74179e-09 3.1201e-08 2.08896e-08 3.03184e-08 4.88144e-08 1.37413e-08 3.66379e-08 1.02572e-08 3.89388e-08 1.05932e-08 2.2182e-08 1.56476e-08 4.11095e-09 5.31178e-09
threshold=1.4500000000000002 0.78656609248549325 2.0500000000000003 0.38243310158943505 0.60355339059327384 2.3500000000000001 0.78656609248549325 9.6500000000000004 50.833333333333336 3.0500000000000003 0.78656609248549325 4.1500000000000012 7.5000000000000009 0.8500000000000002
decision_type=2 2 2 2 2 2 2 2 2 2 2 2 2 2
left_child=1 12 3 4 -2 6 -4 8 -7 10 -9 -11 -1 -14
right_child=2 -3 5 -5 -6 7 -8 9 -10 11 -12 -13 13 -15
leaf_value=6.9577973588298329e-07 6.6240621198300107e-08 -1.8609572275931056e-06 1.6980132202184871e-07 -2.400808847676524e-07 3.4364535254315433e-06 -4.4621264504958921e-07 -2.3820585565462435e-06 1.0543110995070942e-07 2.3610040313672344e-06 -3.4680598266083875e-07 1.6599014449231369e-06 6.6472592835522132e-09 -7.3517926507195495e-07 2.882155972300238e-07
leaf_weight=22 22 27 39 37 21 30 22 110 21 330 29 6125 21 32
leaf_count=22 22 27 39 37 21 30 22 110 21 330 29 6125 21 32
internal_value=-1.45088e-15 -4.03476e-07 6.06463e-09 8.09248e-07 1.71216e-06 -3.51704e-09 -7.50542e-07 3.34052e-09 7.097e-07 -2.12268e-09 4.29745e-07 -1.14224e-08 1.21217e-07 -1.1728e-07
internal_weight=6888 102 6786 80 43 6706 61 6645 51 6594 139 6455 75 53
internal_count=6888 102 6786 80 43 6706 61 6645 51 6594 139 6455 75 53
is_linear=0
shrinkage=0.05


Tree=139
num_leaves=24
num_cat=0
split_feature=15 27 15 8 15 8 27 27 15 15 11 4 15 8 15 11 8 7 18 8 14 7 8
split_gain=6.65881e-09 5.72e-08 1.36313e-08 2.34292e-08 1.95033e-08 5.34446e-08 1.79302e-08 2.34837e-08 1.7673e-08 8.54092e-09 4.09047e-08 2.01867e-08 1.93074e-08 3.22726e-08 2.24529e-08 7.10984e-09 5.79203e-09 3.21518e-09 2.6502e-09 2.04899e-09 3.3168e-09 1.6777e-10 1.03275e-10
threshold=-0.99938741687870725 32.500000000000007 -0.97507822412530132 92.474565814496643 -0.97111920233974802 107.75581255785256 5.166666666666667 45.166666666666679 -0.99273797715557011 -0.94137724084408114 15.328125000000002 53.500000000000007 -0.90531874877253482 86.376432502574787 -0.85225707553516283 16.512500000000003 92.474565814496643 93.614511716698431 0.00045333000000000005 244.32504087900517 -0.083760455055074887 128.51117550135567 253.72910846656586
decision_type=2 2 2 2 2 2 2 2 2 2 2 2 2 2 2 2 2 2 2 2 2 2 2
left_child=1 16 3 6 5 -4 17 8 -8 10 -6 -12 13 -11 -14 -9 -1 -2 -18 20 -5 22 -21
right_child=2 -3 4 19 9 -7 7 15 -10 12 11 -13 14 -15 -16 -17 18 -19 -20 21 -22 -23 -24
leaf_value=9.2534931563174419e-07 1.857217201375163e-06 -2.5274503855143852e-06 -2.9105119849537872e-06 -1.8343191783287695e-07 -2.2055893296055729e-06 4.5267591270169733e-07 -6.4595370668795437e-07 7.8991511849207674e-07 5.865632683027701e-07 1.1925802261379837e-06 -2.6359986550494778e-07 1.0108309136095765e-06 -4.2584227524518528e-07 2.632684111455082e-08 1.0505656593204246e-08 2.1071621476664857e-06 3.0168674776120956e-07 1.0527431159469751e-06 -4.4723781652491891e-07 -1.9559035449457865e-07 5.9950051508856693e-07 5.4585954826920483e-08 -7.9560387834013409e-08
leaf_weight=24 27 24 21 24 25 27 52 21 66 90 227 36 312 174 5352 20 27 23 21 21 31 22 221
leaf_count=24 27 24 21 24 25 27 52 21 66 90 227 36 312 174 5352 20 27 23 21 21 31 22 221
internal_value=3.94477e-16 -4.13509e-07 5.84465e-09 2.49822e-07 -1.47205e-08 -1.01872e-06 6.61306e-07 4.01604e-07 4.34202e-08 -6.96757e-09 -2.72871e-07 -8.91531e-08 5.95084e-09 4.23913e-07 -1.35305e-08 1.43247e-06 2.91138e-07 1.48716e-06 -2.59677e-08 -1.97718e-08 2.57857e-07 -7.76112e-08 -8.96291e-08
internal_weight=6888 96 6792 528 6264 48 209 159 118 6216 288 263 5928 264 5664 41 72 50 48 319 55 264 242
internal_count=6888 96 6792 528 6264 48 209 159 118 6216 288 263 5928 264 5664 41 72 50 48 319 55 264 242
is_linear=0
shrinkage=0.05


Tree=140
num_leaves=31
num_cat=0
split_feature=15 14 12 14 12 14 8 15 12 27 15 14 14 3 14 14 27 8 9 15 27 15 12 14 12 22 15 8 23 8
split_gain=6.8438e-09 4.08456e-08 7.40311e-08 6.59029e-08 1.17707e-07 3.2623e-08 2.31949e-08 2.18344e-08 5.41587e-08 1.30612e-07 1.14453e-07 1.79385e-08 5.75999e-08 1.47488e-08 1.01005e-07 2.44747e-08 1.14701e-08 2.09871e-08 8.65736e-08 6.01677e-08 1.35026e-08 5.14916e-08 2.14948e-07 4.25065e-08 2.3698e-08 6.19574e-08 1.09883e-08 8.32745e-09 2.09701e-08 6.37137e-09
threshold=-0.75013812021657655 0.52766072109828632 0.37940952255126054 0.49812943072827093 0.25881904510252091 0.58481550752069722 57.026660123704609 -0.64580103137750788 0.78656609248549325 6.166666666666667 -0.69676771491221523 0.46800856592688472 0.48314048284850658 15.350000000000003 0.3504237462291826 0.42179998225932674 99.833333333333357 118.84717587202074 -1.926741258843067 0.28313308994381586 1.8333333333333337 -0.18493013702746822 0.78656609248549325 0.75580964594513067 0.78656609248549325 71.500000000000014 -0.62587551141915865 97.353951737631562 331.50000000000006 113.42698626310248
decision_type=2 2 2 2 2 2 2 2 2 2 2 2 2 2 2 2 2 2 2 2 2 2 2 2 2 2 2 2 2 2
left_child=1 3 29 11 -5 -4 -7 8 27 -10 -11 13 -13 14 -1 -15 20 18 19 -18 21 22 -9 -23 26 -26 -22 28 -2 -3
right_child=7 2 5 4 -6 6 -8 16 9 10 -12 12 -14 15 -16 -17 17 -19 -20 -21 24 23 -24 -25 25 -27 -28 -29 -30 -31
leaf_value=-1.8679515250699067e-06 -1.6881902954027079e-08 7.5614606256380065e-07 2.9892873510246117e-06 2.5987229566989562e-07 -4.7623803607166342e-06 -2.5287856390475226e-07 1.8727932432270652e-06 -9.7927163615365872e-08 1.811588247784874e-06 -6.3140014286876642e-07 -4.8985373056590711e-06 2.730628019757357e-06 -7.3347052473119829e-07 8.940929678403804e-08 2.3245278904937551e-06 -9.0102684098907888e-07 1.4316292082088784e-06 -1.4306506125978989e-08 -3.371765909867883e-06 -1.5013563429340761e-06 9.5019275799283316e-07 -1.4845151650268415e-07 -3.754541069156403e-06 7.3063641252039289e-07 1.8574910632852633e-07 1.8789588524486432e-06 -1.2557161958042992e-08 4.5657770504691463e-08 -1.9381228401016418e-06 -1.3273017190032178e-07
leaf_weight=51 49 24 36 28 20 21 33 247 22 33 30 24 24 1544 20 65 36 208 26 34 30 491 48 191 641 59 2453 254 20 126
leaf_count=51 49 24 36 28 20 21 33 247 22 33 30 24 24 1544 20 65 36 208 26 34 30 491 48 191 641 59 2453 254 20 126
internal_value=-6.23234e-16 7.74784e-08 6.89707e-07 -5.25516e-09 -1.83273e-06 1.8234e-06 1.04614e-06 -3.206e-08 -3.82181e-07 -1.50515e-06 -2.66337e-06 4.55081e-08 9.98579e-07 1.82775e-08 -6.86971e-07 4.93979e-08 -5.96859e-11 -2.96543e-07 -9.08056e-07 7.03623e-09 2.16064e-08 -1.40987e-07 -6.92902e-07 9.77447e-08 7.15133e-08 3.28462e-07 -9.25065e-10 -8.66644e-08 -5.73763e-07 9.49003e-09
internal_weight=6888 2016 240 1776 48 90 54 4872 408 85 63 1728 48 1680 71 1609 4464 304 96 70 4160 977 295 682 3183 700 2483 323 69 150
internal_count=6888 2016 240 1776 48 90 54 4872 408 85 63 1728 48 1680 71 1609 4464 304 96 70 4160 977 295 682 3183 700 2483 323 69 150
is_linear=0
shrinkage=0.05


Tree=141
num_leaves=31
num_cat=0
split_feature=14 15 8 15 14 3 7 8 8 14 14 14 27 8 14 27 13 6 24 8 7 15 15 8 14 8 3 3 8 15
split_gain=6.47797e-09 2.55477e-08 4.29323e-08 1.68864e-08 6.09189e-08 3.36523e-08 2.5561e-08 3.66906e-08 1.92194e-08 5.76281e-08 1.54926e-08 4.23053e-08 1.23734e-08 1.15284e-08 8.74972e-09 3.11269e-08 2.91729e-08 1.06634e-08 2.43233e-08 7.79658e-09 7.67919e-09 1.01729e-08 3.87117e-08 7.14252e-08 3.83018e-08 8.57576e-08 3.08333e-08 2.83801e-08 5.45566e-09 2.66966e-09
threshold=-0.94705910369513524 0.28313308994381586 139.37818040257878 -0.091258822863740666 -0.99467753128998015 17.450000000000003 104.07102137590913 83.952622196820059 80.111588617701798 -0.9731273977605811 -0.99467753128998015 -0.99275805973510278 53.500000000000007 120.4551600581412 -0.90574346089748803 29.500000000000004 0.1294095225512602 1.1550000000000001e-05 0.00032774254738304477 100.82326560581713 139.10901313510197 0.16587474750015932 0.029024409397335523 123.50151690810246 0.96465729447553372 125.53802552134648 11.950000000000001 10.050000000000002 83.260392533330915 0.13185577213185923
decision_type=2 2 2 2 2 2 2 2 2 2 2 2 2 2 2 2 2 2 2 2 2 2 2 2 2 2 2 2 2 2
left_child=1 3 -3 4 -1 6 -5 -8 9 -6 13 -12 -10 -7 15 17 -17 19 -19 -2 21 22 26 -24 27 -26 -16 -23 29 -22
right_child=14 2 -4 5 8 10 7 -9 12 -11 11 -13 -14 -15 20 16 -18 18 -20 -21 28 24 23 -25 25 -27 -28 -29 -30 -31
leaf_value=-2.7662812880654049e-06 1.0886683091777221e-06 -3.0161933747763217e-06 1.6920985717356579e-08 2.3028758855266809e-06 5.1788715483423538e-07 7.2850342868206697e-07 1.2259613749658154e-06 -1.2798109245809861e-06 3.5936938257517e-07 -2.394511234023977e-06 -2.3611537566618308e-06 -1.263444329097471e-07 -3.6154105978356299e-07 -3.2784895682588728e-08 1.2388126704254275e-06 2.8626236142499584e-06 3.1079874111365296e-07 -1.8604262497287243e-06 1.3988264718989287e-07 1.6561921396075926e-08 -3.4224427736262446e-10 1.9298582014926071e-06 -2.1228180651737379e-06 4.0023009413200215e-08 2.8180395604847166e-06 1.5673065627097301e-08 8.8898267522906946e-10 3.1172039239394896e-08 -4.7459899628636573e-08 -4.6545716206636822e-07
leaf_weight=24 28 20 28 26 35 73 48 21 141 33 24 180 103 156 51 21 24 21 55 43 38 20 61 102 42 78 3667 1234 327 164
leaf_count=24 28 20 28 26 35 73 48 21 141 33 24 180 103 156 51 21 24 21 55 43 38 20 61 102 42 78 3667 1234 327 164
internal_value=-1.33663e-15 -1.24123e-07 -1.24688e-06 -6.17473e-08 -3.38843e-07 1.14586e-07 9.66788e-07 4.63335e-07 -1.52117e-07 -8.95483e-07 -7.23866e-08 -3.89263e-07 5.50506e-08 2.09897e-07 1.89424e-08 3.51009e-07 1.50165e-06 -1.2281e-09 -4.12834e-07 4.39364e-07 7.91944e-09 2.61986e-08 -1.51946e-08 -7.69384e-07 1.43118e-07 9.96501e-07 1.78696e-08 6.14541e-08 -1.73662e-07 -3.7796e-07
internal_weight=6888 912 48 864 336 528 95 69 312 68 433 204 244 229 5976 192 45 147 76 71 5784 5255 3881 163 1374 120 3718 1254 529 202
internal_count=6888 912 48 864 336 528 95 69 312 68 433 204 244 229 5976 192 45 147 76 71 5784 5255 3881 163 1374 120 3718 1254 529 202
is_linear=0
shrinkage=0.05


Tree=142
num_leaves=14
num_cat=0
split_feature=14 4 14 4 14 14 5 17 3 14 3 5 3
split_gain=6.3787e-09 2.28492e-08 1.62009e-08 1.52997e-08 9.09617e-09 4.15419e-08 3.59428e-08 2.25742e-08 2.7297e-08 1.3812e-08 1.34899e-08 1.30218e-08 1.07097e-08
threshold=0.99983759474438971 73.500000000000014 0.99939377080793557 22.500000000000004 0.99374995976406788 0.9962888416657264 4.5500000000000007 0.75115837123395901 16.750000000000004 0.99274428880883148 9.6500000000000004 7.5500000000000007 11.65
decision_type=2 2 2 2 2 2 2 2 2 2 2 2 2
left_child=2 -2 4 -4 9 6 -6 11 -9 10 -1 -7 -12
right_child=1 -3 3 -5 5 7 -8 8 -10 -11 12 -13 -14
leaf_value=9.3080425008688166e-07 -1.7603087976845381e-06 4.2910400347514389e-07 -1.3683485398985339e-07 1.6738277494710019e-06 -2.5167918812829876e-06 1.2036726512851996e-06 -2.74703465130699e-07 -2.0488118464170737e-06 2.5717803192099548e-07 1.2053354111252192e-06 -4.3447906337463441e-07 -3.966495693414733e-09 7.6142587405726773e-09
leaf_weight=39 22 26 20 28 33 49 39 21 33 24 140 41 6373
leaf_count=39 22 26 20 28 33 49 39 21 33 24 140 41 6373
internal_value=1.15279e-16 -5.74377e-07 4.03071e-09 9.19385e-07 -2.43822e-09 -3.21706e-07 -1.30233e-06 1.68605e-07 -6.39596e-07 8.04866e-09 3.663e-09 6.53526e-07 -1.88875e-09
internal_weight=6888 48 6840 48 6792 216 72 144 54 6576 6552 90 6513
internal_count=6888 48 6840 48 6792 216 72 144 54 6576 6552 90 6513
is_linear=0
shrinkage=0.05


Tree=143
num_leaves=17
num_cat=0
split_feature=5 5 5 27 8 3 25 27 5 27 5 15 8 7 7 3
split_gain=6.294e-09 1.8658e-08 2.19503e-08 2.02129e-08 1.87477e-08 2.25339e-08 1.69584e-08 1.38613e-08 9.25784e-09 2.19296e-08 1.43439e-08 4.40029e-08 1.24768e-08 9.97959e-09 6.51002e-09 1.91087e-10
threshold=1.4500000000000002 2.1500000000000008 2.3500000000000001 22.500000000000004 123.50151690810246 16.250000000000004 8.1484278986613401e-05 24.833333333333339 3.2500000000000004 87.500000000000014 4.1500000000000012 0.11478523713130606 63.377769703377602 95.488545939554569 121.04336491898867 17.150000000000002
decision_type=2 2 2 2 2 2 2 2 2 2 2 2 2 2 2 2
left_child=6 4 3 -3 5 -2 7 -1 9 12 11 -10 -4 -12 -9 -6
right_child=1 2 8 -5 15 -7 -8 14 10 -11 13 -13 -14 -15 -16 -17
leaf_value=-1.1177158082276152e-06 4.9188234131320473e-07 3.22959911613907e-08 -8.311309196368053e-07 -2.1411036788490295e-06 1.181006303241361e-07 2.6734691627439135e-06 -1.4379393078911564e-06 1.0144700357841431e-06 -8.1720325422730429e-07 1.559080870874594e-06 6.2808906655952326e-08 4.8291714732870894e-07 3.0496180167999839e-07 -6.6165717485647893e-08 -8.653404878173363e-08 -8.2794742611283784e-08
leaf_weight=20 29 20 29 23 20 20 28 25 183 31 3569 101 145 2587 29 29
leaf_count=20 29 20 29 23 20 20 28 25 183 31 3569 101 145 2587 29 29
internal_value=4.02935e-16 5.85976e-09 -4.17622e-09 -1.13022e-06 6.90765e-07 1.38233e-06 -3.89847e-07 6.72902e-09 3.11044e-09 3.33894e-07 -7.41914e-09 -3.54836e-07 1.15613e-07 8.60856e-09 4.2319e-07 -7.96631e-10
internal_weight=6888 6786 6688 43 98 49 102 74 6645 205 6440 284 174 6156 54 49
internal_count=6888 6786 6688 43 98 49 102 74 6645 205 6440 284 174 6156 54 49
is_linear=0
shrinkage=0.05


Tree=144
num_leaves=31
num_cat=0
split_feature=15 14 12 14 12 7 15 12 14 3 14 12 5 27 14 15 15 12 27 15 12 5 27 5 15 27 12 13 13 3
split_gain=6.27603e-09 3.6749e-08 6.64393e-08 5.8764e-08 1.05593e-07 3.49279e-08 2.05146e-08 3.13389e-08 1.69785e-08 3.71091e-08 2.91947e-08 7.16423e-08 2.47177e-08 2.17106e-08 1.34079e-08 1.01214e-08 3.2678e-08 1.01075e-07 9.69438e-08 2.47017e-08 4.26865e-08 1.39869e-08 1.02405e-08 1.98412e-08 1.24382e-08 7.69739e-09 4.74984e-09 2.15265e-09 1.05986e-09 4.65334e-10
threshold=-0.75013812021657655 0.52766072109828632 0.37940952255126054 0.49812943072827093 0.25881904510252091 104.07102137590913 -0.72694848937061807 0.60355339059327384 0.45273815774107123 17.450000000000003 0.42179998225932674 0.25881904510252091 6.1500000000000012 1.0000000180025095e-35 0.58481550752069722 -0.69676771491221523 -0.64580103137750788 0.78656609248549325 53.833333333333336 -0.70900320270980455 0.25881904510252091 13.050000000000002 99.833333333333357 17.850000000000005 -0.59177783207548873 40.500000000000007 0.12940952255126045 -0.78656609248549325 0.1294095225512602 22.450000000000003
decision_type=2 2 2 2 2 2 2 2 2 2 2 2 2 2 2 2 2 2 2 2 2 2 2 2 2 2 2 2 2 2
left_child=1 3 26 8 -5 14 7 27 10 -10 12 -12 -1 -11 -4 19 17 21 -19 25 -21 -17 24 -24 -18 28 29 -2 -8 -3
right_child=6 2 5 4 -6 -7 15 -9 9 13 11 -13 -14 -15 -16 16 22 18 -20 20 -22 -23 23 -25 -26 -27 -28 -29 -30 -31
leaf_value=4.6961208005270266e-07 -6.105017471291774e-07 -1.4827716226803214e-07 3.4019042738956765e-06 2.5205577673302414e-07 -4.50473587079614e-06 4.9414467866881756e-07 4.0675767318083703e-07 -2.1622133849470109e-06 2.4006081872585129e-06 -1.2655543292794392e-06 4.2843115660876463e-07 -3.4897209684459091e-06 -4.3739195404774266e-08 8.9135657970830704e-07 1.8277593088925877e-06 3.7697590829388619e-07 4.4286317346201381e-07 -4.4136912038084118e-07 -5.3643706953299125e-06 5.5656409449410059e-08 3.0800762908711477e-06 -5.836215194281951e-07 -3.987730760449512e-07 1.0992084568339778e-06 2.4216168389979544e-09 -9.5414997821037453e-07 7.2784759467481305e-07 6.9110762594230365e-09 -4.9197567022929433e-08 8.4920155103747403e-08
leaf_weight=285 20 103 24 28 20 35 26 28 24 20 28 20 1323 28 31 80 167 20 20 28 20 72 280 24 3993 21 20 48 25 27
leaf_count=285 20 103 24 28 20 35 26 28 24 20 28 20 1323 28 31 80 167 20 20 28 20 72 280 24 3993 21 20 48 25 27
internal_value=6.80631e-16 7.4195e-08 6.54911e-07 -4.28014e-09 -1.72994e-06 1.7289e-06 -3.07014e-08 -7.54378e-07 4.36549e-08 7.95299e-07 1.09747e-08 -1.20413e-06 4.72466e-08 -7.3563e-09 2.51466e-06 -1.61551e-08 -2.78405e-08 -6.66549e-07 -2.90287e-06 4.37238e-07 1.31583e-06 -7.80439e-08 -3.69129e-10 -2.80511e-07 2.01028e-08 -1.48492e-07 1.0515e-08 -1.74681e-07 1.8325e-07 -9.98439e-08
internal_weight=6888 2016 240 1776 48 90 4872 96 1728 72 1656 48 1608 48 55 4776 4656 192 40 120 48 152 4464 304 4160 72 150 68 51 130
internal_count=6888 2016 240 1776 48 90 4872 96 1728 72 1656 48 1608 48 55 4776 4656 192 40 120 48 152 4464 304 4160 72 150 68 51 130
is_linear=0
shrinkage=0.05


Tree=145
num_leaves=26
num_cat=0
split_feature=15 5 15 8 15 8 5 15 7 7 5 15 11 5 15 3 15 1 8 13 26 21 26 8 20
split_gain=6.11501e-09 3.8818e-08 1.19618e-08 2.1767e-08 1.75219e-08 4.76285e-08 1.49921e-08 2.7019e-08 3.8251e-08 9.95649e-09 9.64288e-09 7.56029e-09 3.32656e-08 1.93566e-08 1.61545e-08 3.11861e-08 1.76594e-08 7.31652e-09 5.00471e-09 4.47358e-09 4.28503e-09 1.89767e-09 9.01615e-10 6.95998e-10 1.97534e-10
threshold=-0.99938741687870725 16.550000000000004 -0.97507822412530132 85.838438637195836 -0.97111920233974802 107.75581255785256 7.1500000000000012 -0.99273797715557011 93.044494271700145 104.07102137590913 13.65 -0.94137724084408114 15.328125000000002 5.5500000000000007 -0.90531874877253482 16.150000000000002 -0.85225707553516283 92.90000000000002 250.33554292898893 -0.9159756150367534 0.00059386013001965973 747.50000000000011 0.00054661041210009602 262.82106136273711 0.00045957000000000002
decision_type=2 2 2 2 2 2 2 2 2 2 2 2 2 2 2 2 2 2 2 2 2 2 2 2 2
left_child=1 10 3 6 5 -4 9 8 -8 -2 18 12 -6 -14 15 -13 -16 -9 -1 20 -5 -22 24 -24 -21
right_child=2 -3 4 19 11 -7 7 17 -10 -11 -12 14 13 -15 16 -17 -18 -19 -20 22 21 -23 23 -25 -26
leaf_value=1.1008033219522554e-06 2.0108745036003681e-06 -2.2963456412331393e-06 -2.751188359676841e-06 9.1694846078197498e-07 -1.9994165904790862e-06 4.2372947240841715e-07 8.8564398094025487e-07 1.1860927078721774e-06 -2.0305905091726862e-06 5.6074352272617034e-07 -7.4421504013922801e-07 2.0323374227560773e-06 -1.2862421161822607e-06 6.3106740307225819e-08 -3.7764077431122731e-07 2.0853823453579319e-07 9.3356923830514427e-09 2.287337902716586e-07 1.0742890352855029e-07 -6.797700143832804e-08 -2.5308743416148488e-07 4.1141085184952838e-07 -5.0908706346793531e-07 -1.0200747137137763e-07 9.6370960562808259e-08
leaf_weight=21 29 21 21 23 25 27 22 64 23 20 22 26 30 233 312 238 5352 29 32 213 22 21 21 21 20
leaf_count=21 29 21 21 23 25 27 22 64 23 20 22 26 30 233 312 238 5352 29 32 213 22 21 21 21 20
internal_value=-5.24107e-16 -3.96265e-07 5.60091e-09 2.34149e-07 -1.36637e-08 -9.65297e-07 6.67669e-07 4.00897e-07 -6.04876e-07 1.41898e-06 1.35758e-07 -6.31519e-09 -2.56489e-07 -9.08114e-08 5.839e-09 3.88155e-07 -1.19808e-08 8.87561e-07 5.0103e-07 -3.58695e-09 3.66084e-07 7.1435e-08 -9.23079e-08 -3.05547e-07 -5.38699e-08
internal_weight=6888 96 6792 528 6264 48 187 138 45 49 75 6216 288 263 5928 264 5664 93 53 341 66 43 275 42 233
internal_count=6888 96 6792 528 6264 48 187 138 45 49 75 6216 288 263 5928 264 5664 93 53 341 66 43 275 42 233
is_linear=0
shrinkage=0.05


Tree=146
num_leaves=15
num_cat=0
split_feature=5 12 5 12 5 4 7 11 5 12 5 4 5 7
split_gain=6.16649e-09 2.86634e-08 1.66565e-08 2.41441e-08 2.00732e-08 4.04607e-08 1.04017e-08 8.68384e-09 1.02754e-08 2.92527e-08 2.25505e-08 3.93189e-09 4.57955e-09 8.50686e-10
threshold=1.4500000000000002 0.78656609248549325 2.1500000000000008 0.60355339059327384 2.3500000000000001 27.500000000000004 103.02420179129587 8.7500000000000018 3.2500000000000004 0.78656609248549325 3.4500000000000006 7.5000000000000009 0.8500000000000002 133.84133589369182
decision_type=2 2 2 2 2 2 2 2 2 2 2 2 2 2
left_child=1 11 3 13 5 -4 -5 -6 9 -9 -10 -1 -13 -2
right_child=2 -3 4 6 7 -7 -8 8 10 -11 -12 12 -14 -15
leaf_value=6.78936478431586e-07 1.1851947995861818e-07 -1.7828320986163142e-06 4.1797537836497549e-07 7.3387791786672108e-07 9.5265361229242761e-07 -2.6503394693122576e-06 2.3093855215059673e-06 8.3117642011166553e-09 -1.0286090961307712e-06 1.4142996095109325e-06 -2.5192982801956584e-09 -6.8995069111182659e-07 2.6029205488775633e-07 -2.8818832873866997e-07
leaf_weight=22 36 27 22 20 24 21 22 151 54 49 6367 21 32 20
leaf_count=22 36 27 22 20 24 21 22 151 54 49 6367 21 32 20
internal_value=2.50137e-16 -3.85877e-07 5.8001e-09 6.52928e-07 -3.68234e-09 -1.0805e-06 1.55914e-06 3.28581e-09 -1.55491e-10 3.52779e-07 -1.11486e-08 1.17026e-07 -1.16219e-07 -2.67333e-08
internal_weight=6888 102 6786 98 6688 43 42 6645 6621 200 6421 75 53 56
internal_count=6888 102 6786 98 6688 43 42 6645 6621 200 6421 75 53 56
is_linear=0
shrinkage=0.05


Tree=147
num_leaves=31
num_cat=0
split_feature=15 3 15 13 15 15 8 15 12 7 12 8 11 8 8 15 15 15 15 8 15 13 8 15 8 8 2 8 8 12
split_gain=5.97708e-09 1.97053e-08 2.37279e-08 5.42946e-08 1.45891e-08 8.45511e-08 1.09756e-07 4.86841e-08 1.26142e-07 2.09339e-08 1.33631e-08 1.16618e-08 9.67412e-09 1.19124e-08 1.14257e-08 1.11997e-08 9.59348e-09 2.17871e-08 7.64679e-09 2.26642e-08 1.41651e-08 7.03468e-09 5.09776e-09 3.90536e-09 1.59371e-08 3.26884e-09 1.09875e-08 2.77287e-09 1.3731e-09 4.02853e-10
threshold=0.89784768270548698 13.950000000000001 0.93842613001991437 0.25881904510252057 0.60553543375389329 0.57780407610161799 148.0505631407099 0.68430231102288386 0.60355339059327384 112.09579551918078 0.78656609248549325 106.86421211404389 12.709375000000001 109.77275541986442 133.95741673779492 0.76693674423623703 0.52032336593087203 0.53493525241775031 0.44504239796885176 100.82326560581713 0.35041260675351149 -0.60355339059327384 172.97747765956015 0.94422823979932036 155.50342488737434 144.24169878086246 35.500000000000007 95.832462969806201 177.10989704511459 -0.25881904510252113
decision_type=2 2 2 2 2 2 2 2 2 2 2 2 2 2 2 2 2 2 2 2 2 2 2 2 2 2 2 2 2 2
left_child=4 2 3 -2 5 16 -7 8 22 -10 23 -4 27 15 -15 -14 18 -18 20 -20 -1 -19 -6 24 -3 26 -25 -9 -27 -26
right_child=1 10 11 -5 7 6 -8 12 9 -11 -12 -13 13 14 -16 -17 17 21 19 -21 -22 -23 -24 25 29 28 -28 -29 -30 -31
leaf_value=-8.2766092142605919e-09 -3.5771524926531131e-06 -1.4982615079648183e-06 -8.4735592089657538e-07 -1.6620719573978706e-07 7.3580466448675001e-07 -4.9315422816675895e-06 -8.188895034923403e-08 2.3837451902973217e-07 4.4186778826439303e-06 2.1835979640627558e-06 9.4430087983710108e-07 4.4813957144004677e-07 -1.2560825479266822e-06 8.0040693272091328e-07 -5.1491920469796392e-08 -1.1339334433864234e-07 1.8049677002807131e-06 8.3562601078245368e-07 -1.5887908996129834e-06 -1.8925793297973492e-09 4.9422629704001486e-07 -2.517097364910607e-07 -9.7505707842880337e-08 -4.109951494125529e-07 6.9394578418873633e-08 -4.1128136422230458e-07 1.1211076998733916e-06 9.3854608074421306e-07 -6.9117431669474353e-09 -1.9142268541827437e-07
leaf_weight=5376 20 23 32 28 24 20 28 26 22 20 35 38 37 45 314 51 24 21 30 90 144 51 78 22 57 25 25 31 131 20
leaf_count=5376 20 23 32 28 24 20 28 26 22 20 35 38 37 45 314 51 24 21 30 90 144 51 78 22 57 25 25 31 131 20
internal_value=-3.89577e-16 -1.74928e-07 -7.31211e-07 -1.58743e-06 1.24016e-08 -1.28033e-08 -2.10258e-06 2.37378e-07 1.04817e-06 3.35435e-06 1.92778e-08 -1.44087e-07 5.72302e-09 -7.25017e-08 5.52921e-08 -5.93842e-07 4.68439e-09 5.00314e-07 -3.75187e-09 -3.98617e-07 4.83216e-09 6.54299e-08 9.85673e-08 -8.75731e-08 -3.4333e-07 3.84154e-08 4.03953e-07 6.1917e-07 -7.17146e-08 1.64983e-09
internal_weight=6888 456 118 48 6432 5784 48 648 144 42 338 70 504 447 359 88 5736 96 5640 120 5520 72 102 303 100 203 47 57 156 77
internal_count=6888 456 118 48 6432 5784 48 648 144 42 338 70 504 447 359 88 5736 96 5640 120 5520 72 102 303 100 203 47 57 156 77
is_linear=0
shrinkage=0.05


Tree=148
num_leaves=31
num_cat=0
split_feature=14 14 12 15 15 5 3 4 5 12 0 14 15 12 12 12 15 5 15 12 26 3 12 15 14 12 14 26 2 4
split_gain=6.07397e-09 2.39735e-08 9.81127e-08 2.81704e-08 2.9385e-08 1.94764e-08 1.78158e-08 7.70739e-09 2.40888e-08 3.98326e-08 2.64333e-08 1.5533e-08 1.03902e-07 1.72951e-07 5.16153e-08 3.0861e-08 2.10835e-08 1.354e-08 3.91027e-08 5.08111e-08 1.48653e-07 2.4242e-08 2.05266e-08 3.6435e-08 1.79012e-08 1.98805e-08 1.84011e-08 6.45534e-09 6.14818e-09 4.40992e-09
threshold=-0.94975917145599731 -0.95995996396290595 0.78656609248549325 -0.26037106507032781 -0.24372464231556024 1.4500000000000002 15.15 1.5000000000000002 4.7500000000000009 0.60355339059327384 1.0000000180025095e-35 0.90162119223771331 -0.18493013702746822 0.78656609248549325 0.60355339059327384 0.78656609248549325 0.70897861563100306 6.5500000000000007 -0.90531874877253482 0.60355339059327384 5.3956929982783615e-05 10.350000000000003 0.12940952255126045 -0.93237865822738086 -0.90574346089748803 0.25881904510252091 0.81428061195174062 0.00053420288475926803 105.50000000000001 25.500000000000004
decision_type=2 2 2 2 2 2 2 2 2 2 2 2 2 2 2 2 2 2 2 2 2 2 2 2 2 2 2 2 2 2
left_child=1 3 29 -1 -5 -6 -7 8 9 -2 -11 15 13 -13 -14 28 -17 18 22 27 -21 -19 -9 -24 25 -23 -26 -20 -10 -3
right_child=7 2 -4 4 5 6 -8 17 11 10 -12 12 14 -15 -16 16 -18 21 19 20 -22 24 23 -25 26 -27 -28 -29 -30 -31
leaf_value=1.6552617552771192e-06 8.3318700363087916e-08 3.4276481810466653e-07 -3.9841873172008497e-06 -1.8063124192835291e-06 -1.4942958123885898e-06 1.4169040241540644e-06 -2.8140577266506332e-08 -1.4267819400023049e-07 -1.1702814762388087e-07 6.8506877896769051e-07 2.6078174097633704e-06 -3.940670016836674e-07 1.5608601070673607e-07 -5.100790192955174e-06 2.6817292527994143e-06 1.1597314217173908e-06 -4.2926036950451489e-08 1.767500654068499e-06 -5.0934479253466161e-08 -2.1608585984155284e-07 -2.7506501781526066e-06 8.871897164009993e-10 2.3946513607597811e-07 2.3105281992944325e-06 -7.4182581567023693e-08 1.5686091760704959e-06 1.863548658647157e-07 6.7073690061216915e-07 1.2751260817043141e-07 -4.1924265757516586e-07
leaf_weight=24 122 37 20 24 22 22 700 60 481 39 33 89 106 25 25 108 55 20 508 253 75 42 54 35 2282 39 964 33 552 39
leaf_count=24 122 37 20 24 22 22 700 60 481 39 33 89 106 25 25 108 55 20 508 253 75 42 54 35 2282 39 964 33 552 39
internal_value=2.1421e-16 -1.22047e-07 -8.68249e-07 -3.15988e-08 -8.43132e-08 -2.87648e-08 1.58913e-08 1.8063e-08 1.10657e-07 6.33714e-07 1.56633e-06 4.02381e-08 -3.22463e-07 -1.42624e-06 6.38079e-07 1.14537e-07 7.53927e-07 -1.66198e-08 -1.76297e-07 -3.04613e-07 -7.95636e-07 3.19464e-08 5.72073e-07 1.05393e-06 2.15132e-08 7.55716e-07 3.19206e-09 -6.91386e-09 1.36461e-08 -4.82653e-08
internal_weight=6888 888 96 792 768 744 722 6000 1635 194 72 1441 245 114 131 1196 163 4365 1018 869 328 3347 149 89 3327 81 3246 541 1033 76
internal_count=6888 888 96 792 768 744 722 6000 1635 194 72 1441 245 114 131 1196 163 4365 1018 869 328 3347 149 89 3327 81 3246 541 1033 76
is_linear=0
shrinkage=0.05


Tree=149
num_leaves=31
num_cat=0
split_feature=14 15 12 5 5 3 5 14 8 8 14 4 5 8 0 14 14 12 5 8 27 14 14 15 12 15 8 8 3 5
split_gain=5.52699e-09 2.12977e-08 3.8454e-08 1.6748e-08 1.83011e-08 1.97244e-08 2.66693e-08 7.77806e-09 2.67784e-08 1.17022e-08 1.08037e-08 8.72208e-09 2.26008e-08 4.44019e-08 2.99986e-08 1.48488e-08 1.09459e-07 1.44692e-07 3.31004e-08 8.65111e-08 5.20946e-08 2.44757e-08 1.38639e-08 9.37718e-08 2.41537e-08 5.52468e-09 4.22718e-09 2.84054e-09 7.08231e-10 1.70906e-10
threshold=-0.94705910369513524 0.28313308994381586 0.25881904510252091 1.4500000000000002 2.0500000000000003 15.15 5.8500000000000005 -0.8659933693357097 106.86421211404389 46.000732610400298 -0.92639590246648662 1.5000000000000002 4.7500000000000009 113.42698626310248 1.0000000180025095e-35 0.81428061195174062 0.79904096188274243 0.25881904510252091 11.350000000000003 95.123362590545796 92.500000000000014 0.76696112484652046 0.90162119223771331 -0.18493013702746822 0.78656609248549325 0.31595530242620651 77.2518484998876 177.10989704511459 17.050000000000004 6.2500000000000009
decision_type=2 2 2 2 2 2 2 2 2 2 2 2 2 2 2 2 2 2 2 2 2 2 2 2 2 2 2 2 2 2
left_child=1 3 -3 -1 -5 -6 -7 8 9 -2 -11 12 13 14 -9 16 21 -18 20 -20 -17 -13 24 -24 -14 27 -12 -10 -15 -29
right_child=7 2 -4 4 5 6 -8 11 25 10 26 15 22 28 -16 18 17 -19 19 -21 -22 -23 23 -25 -26 -27 -28 29 -30 -31
leaf_value=-1.4195809993370032e-06 -5.1162067848053996e-08 5.6295798270663712e-08 -2.8142682191401038e-06 1.3104665476930679e-06 1.4496514928569446e-06 -6.7093718886435934e-07 4.4633008589456127e-08 6.8908349023881028e-07 4.8138515117794138e-07 1.9029721640917431e-06 2.2869552503340422e-07 -8.0718488125131838e-08 1.5832782288824329e-08 -2.439030038381418e-07 2.6302700271518169e-06 -2.7780190916959723e-07 -5.9711492170709494e-08 -4.6784482424300219e-06 1.4644850750554151e-06 4.4017782527614024e-08 8.1258341194366217e-07 7.1667230205463284e-07 -1.3549310005694244e-06 6.0617503851051511e-07 6.9911056554398478e-07 -6.5832618818801086e-07 1.1435194923795475e-06 8.057387148596718e-08 3.5963057589336948e-08 -7.7298658401521913e-08
leaf_weight=22 25 28 20 25 21 164 632 48 30 32 23 2556 939 32 34 696 39 30 141 447 130 100 114 131 150 34 28 20 77 120
leaf_count=22 25 28 20 25 21 164 632 48 30 32 23 2556 939 32 34 696 39 30 141 447 130 100 114 131 150 34 28 20 77 120
internal_value=-6.04473e-16 -1.1465e-07 -1.13977e-06 -5.76992e-08 -2.21155e-08 -6.28922e-08 -1.02796e-07 1.74968e-08 2.60541e-07 8.97172e-07 1.18282e-06 4.10884e-09 1.06328e-07 6.15023e-07 1.49397e-06 -3.35534e-08 -1.01773e-07 -2.06786e-06 9.79166e-08 3.8464e-07 -1.06192e-07 -5.06962e-08 3.34935e-08 -3.0634e-07 1.09948e-07 -7.64995e-08 7.30952e-07 3.98658e-08 -4.61995e-08 -5.47454e-08
internal_weight=6888 912 48 864 842 817 796 5976 312 108 83 5664 1525 191 82 4139 2725 69 1414 588 826 2656 1334 245 1089 204 51 170 109 140
internal_count=6888 912 48 864 842 817 796 5976 312 108 83 5664 1525 191 82 4139 2725 69 1414 588 826 2656 1334 245 1089 204 51 170 109 140
is_linear=0
shrinkage=0.05


Tree=150
num_leaves=31
num_cat=0
split_feature=15 15 8 15 15 12 15 15 8 15 15 5 15 12 7 8 8 27 8 7 8 1 15 8 5 8 8 27 19 27
split_gain=5.43474e-09 2.8968e-08 5.91605e-08 4.75953e-08 3.46364e-08 9.36647e-08 5.12667e-08 4.23567e-08 5.86476e-08 2.34726e-08 2.19609e-08 1.86079e-08 1.80382e-08 2.81091e-08 1.50355e-08 1.06819e-08 3.95923e-08 5.81568e-08 2.64646e-08 4.27634e-08 1.49574e-08 4.6122e-08 2.88939e-08 1.10417e-08 4.09352e-08 1.42875e-08 7.93338e-09 6.50323e-09 5.52016e-09 2.1105e-09
threshold=-0.75013812021657655 -0.84774213365954088 105.0100910826214 -0.8142754349318998 -0.8739740505118182 0.60355339059327384 -0.8611288361322974 -0.88220415136009767 117.12797434739029 -0.88620506325989179 -0.77788789561442695 14.550000000000002 -0.72694848937061807 0.37940952255126054 96.175059912847928 73.132515692899702 70.381741398916134 50.833333333333336 68.968293251699563 106.28272054630723 83.952622196820059 60.350000000000009 0.27487873330147788 88.356080700843151 5.2500000000000009 89.864064250933993 59.752354094569064 30.500000000000004 0.00056015000000000014 0.50000000000000011
decision_type=2 2 2 2 2 2 2 2 2 2 2 2 2 2 2 2 2 2 2 2 2 2 2 2 2 2 2 2 2 2
left_child=1 4 3 27 7 28 -7 9 -9 11 14 -1 13 -2 -5 16 18 -18 19 -14 21 22 -17 24 -22 -25 -12 29 -6 -3
right_child=12 2 -4 10 5 6 -8 8 -10 -11 26 -13 15 -15 -16 20 17 -19 -20 -21 23 -23 -24 25 -26 -27 -28 -29 -30 -31
leaf_value=1.0180301334013561e-07 -4.4438363160370644e-08 1.3914426523071943e-06 -7.4870983668599952e-08 6.1760436583174144e-07 2.6119610938218032e-07 -4.5063525205824549e-06 -1.0125931271973276e-06 3.483340529848127e-06 -3.9754433634731903e-08 -1.5594142272590262e-06 5.1487846018885429e-07 -3.9564013161716844e-07 -2.2210881998792806e-06 -1.8117052118466542e-06 -8.3776521900550252e-07 1.0472224083222326e-06 -2.7532977683489771e-06 6.4461712554475528e-07 1.4767642045836302e-06 -6.9528211176250308e-08 -2.0804282523082899e-06 -1.2590308384657161e-06 -1.3787707542743915e-07 9.5839276783183964e-07 5.2259832917419167e-08 -3.7364907179946091e-09 1.7819871185527823e-06 2.8206149227658206e-06 -5.8282308598423836e-07 2.0365269673305876e-06
leaf_weight=1118 60 21 260 36 76 21 21 21 27 24 21 226 24 36 35 151 34 20 26 612 30 37 78 39 90 3635 30 21 26 32
leaf_count=1118 60 21 260 36 76 21 21 21 27 24 21 226 24 36 35 151 34 20 26 612 30 37 78 39 90 3635 30 21 26 32
internal_value=-6.98029e-16 6.90433e-08 4.19605e-07 1.07554e-06 -3.34285e-08 -7.72225e-07 -2.75947e-06 4.17033e-08 1.5016e-06 -9.52108e-09 4.68722e-07 1.81556e-08 -2.85696e-08 -7.07163e-07 -9.98313e-08 -1.49296e-08 -1.92991e-07 -1.49481e-06 -8.67999e-08 -1.50719e-07 1.64724e-08 3.78917e-07 6.43564e-07 -8.93893e-09 -4.80912e-07 6.47664e-09 1.26024e-06 2.07597e-06 4.6054e-08 1.78093e-06
internal_weight=6888 2016 456 196 1560 144 42 1416 48 1368 122 1344 4872 96 71 4776 716 54 662 636 4060 266 229 3794 120 3674 51 74 102 53
internal_count=6888 2016 456 196 1560 144 42 1416 48 1368 122 1344 4872 96 71 4776 716 54 662 636 4060 266 229 3794 120 3674 51 74 102 53
is_linear=0
shrinkage=0.05


Tree=151
num_leaves=18
num_cat=0
split_feature=3 3 7 5 15 8 8 5 15 3 7 8 8 8 27 27 4
split_gain=5.29721e-09 7.01865e-09 1.89903e-08 4.06799e-08 2.00274e-08 2.81436e-08 1.24595e-08 1.04241e-08 1.02406e-08 9.48944e-09 1.25774e-08 6.63786e-09 2.31184e-08 1.78373e-08 1.5998e-08 7.93794e-09 3.96702e-09
threshold=8.7500000000000018 11.750000000000002 92.558841279021394 5.5500000000000007 0.080547328232315238 91.341464676511251 70.381741398916134 5.5500000000000007 0.35041260675351149 11.950000000000001 127.64326954099973 59.752354094569064 58.333039579229684 62.02699897914372 0.50000000000000011 99.833333333333357 40.500000000000007
decision_type=2 2 2 2 2 2 2 2 2 2 2 2 2 2 2 2 2
left_child=-1 2 3 -2 6 8 -4 -7 -6 10 -3 12 14 16 -11 -15 -13
right_child=1 9 4 -5 5 7 -8 -9 -10 11 -12 13 -14 15 -16 -17 -18
leaf_value=6.8632539600750017e-07 -2.8558708459058836e-06 1.6226384776105296e-06 1.2892578594245505e-06 3.3316925964754776e-07 -1.9458651009203592e-06 1.0097685673393642e-06 -2.0055350561328257e-07 -2.0097071224078891e-07 -6.7588393071155067e-07 5.0600211376618211e-07 -8.8079777459494268e-08 1.4771375924243805e-06 -1.6627090864732946e-06 2.681188052207293e-08 -1.7601382630060271e-07 -2.3572519701702211e-07 5.2663140817934448e-07
leaf_weight=28 20 21 36 20 22 32 23 40 57 99 22 23 24 5442 654 304 21
leaf_count=28 20 21 36 20 22 32 23 40 57 99 22 23 24 5442 654 304 21
internal_value=1.2859e-16 -2.80133e-09 -2.62857e-07 -1.26135e-06 -7.26671e-08 -3.77885e-07 7.08484e-07 3.37136e-07 -1.02955e-06 7.03434e-09 7.47387e-07 2.18659e-09 -1.35037e-07 2.06016e-08 -8.63464e-08 1.2922e-08 1.02349e-06
internal_weight=6888 6860 250 40 210 151 59 72 79 6610 43 6567 777 5790 753 5746 44
internal_count=6888 6860 250 40 210 151 59 72 79 6610 43 6567 777 5790 753 5746 44
is_linear=0
shrinkage=0.05


Tree=152
num_leaves=15
num_cat=0
split_feature=14 8 14 8 14 14 12 8 15 14 14 14 14 18
split_gain=5.6925e-09 2.0961e-08 1.42057e-08 4.17586e-08 8.28919e-09 3.45201e-08 9.06326e-08 2.62618e-08 1.96482e-08 1.23399e-08 7.78778e-09 4.31651e-08 4.25409e-08 1.85281e-09
threshold=0.99983759474438971 141.71046372956297 0.99939377080793557 175.79037162244484 0.99374995976406788 0.9962888416657264 0.60355339059327384 85.838438637195836 0.029024409397335523 0.99274428880883148 0.96234642434711437 0.95752911693909493 0.97314989601849466 0.00010492000000000002
decision_type=2 2 2 2 2 2 2 2 2 2 2 2 2 2
left_child=2 -2 4 -4 9 6 13 -7 -9 10 11 -1 -12 -6
right_child=1 -3 3 -5 5 7 -8 8 -10 -11 12 -13 -14 -15
leaf_value=9.3918324678209336e-10 -1.778890070909256e-06 3.4045877086441581e-07 2.4641830986705705e-06 -4.956396528891323e-07 1.7946531113099604e-07 1.3783149976613156e-06 -3.9654674591951159e-06 4.5521659322527656e-07 -8.7572393928082833e-07 1.1394460726066313e-06 1.0088419933573788e-06 -1.5043690690201099e-06 -9.8921654566853394e-08 -4.3780334706866603e-07
leaf_weight=6072 20 28 22 26 31 33 21 54 57 24 120 48 312 20
leaf_count=6072 20 28 22 26 31 33 21 54 57 24 120 48 312 20
internal_value=4.24261e-16 -5.42603e-07 3.80774e-09 8.60946e-07 -2.24977e-09 -3.07026e-07 -1.20094e-06 1.39929e-07 -2.28239e-07 7.76113e-09 3.61576e-09 -1.08672e-08 2.0879e-07 -6.26008e-08
internal_weight=6888 48 6840 48 6792 216 72 144 111 6576 6552 6120 432 51
internal_count=6888 48 6840 48 6792 216 72 144 111 6576 6552 6120 432 51
is_linear=0
shrinkage=0.05


Tree=153
num_leaves=28
num_cat=0
split_feature=14 14 4 8 11 8 14 14 14 8 8 14 8 14 27 8 8 27 13 8 7 8 26 1 17 7 8
split_gain=5.15884e-09 1.84148e-08 3.98373e-08 1.50963e-07 1.48546e-08 1.18587e-08 1.22515e-08 8.0277e-09 3.01246e-08 4.56779e-08 2.70139e-08 2.33277e-08 3.94967e-08 2.76241e-08 2.14459e-08 1.8502e-08 7.75966e-09 6.83418e-09 1.74177e-08 8.31528e-09 2.36467e-09 2.00103e-09 1.09919e-10 8.88146e-11 7.17162e-11 2.42514e-11 6.35469e-11
threshold=-0.99763297024448894 -0.99275805973510278 4.5000000000000009 115.70595468830687 21.006250000000005 131.62561396681662 -0.99985146406598202 -0.97876850416056738 -0.96689237009891416 125.53802552134648 90.576085265625622 -0.96235977360714686 139.37818040257878 -0.95500086777008153 66.833333333333357 72.160900605036673 69.564170468431641 77.166666666666671 -0.12940952255126037 226.97332153416144 44.663182657558117 211.42874949973151 0.00046508342847334755 683.05000000000007 0.85291215806647169 131.77766011380569 269.021607139016
decision_type=2 2 2 2 2 2 2 2 2 2 2 2 2 2 2 2 2 2 2 2 2 2 2 2 2 2 2
left_child=5 2 3 -2 -4 6 -1 10 9 14 15 12 -10 -13 -9 -3 -8 18 -12 -19 -11 -5 23 25 -23 26 -7
right_child=1 7 4 21 -6 22 16 8 11 20 17 13 -14 -15 -16 -17 -18 19 -20 -21 -22 24 -24 -25 -26 -27 -28
leaf_value=-3.5123270738068866e-07 -4.8252873904692194e-06 3.9462810962374665e-07 1.111870934898755e-06 -4.2749613089476672e-07 -4.9365630661668544e-07 -4.1535861760661171e-08 3.0283494606378339e-07 -2.7926252075514771e-06 2.7351338671689433e-06 -3.7606145906028571e-07 7.2663310011951885e-07 -9.7134184464664494e-07 -1.5607597023516832e-07 1.3842163458909899e-08 -8.8361486748013823e-07 2.1024235906977614e-06 1.4949690589324186e-06 -1.3046127426008526e-06 -4.8420858798081669e-07 -3.3054351872902679e-08 1.9627586203411079e-07 2.380828148194842e-07 -1.6235892277600379e-07 4.4003783727930568e-08 1.0862330952932098e-07 -3.2664677312206029e-08 -1.6339901492301579e-07
leaf_weight=20 22 35 34 20 25 23 21 28 21 26 66 72 27 6048 31 29 39 20 54 36 59 23 28 20 20 21 20
leaf_count=20 22 35 34 20 25 23 21 28 21 26 66 72 27 6048 31 29 39 20 54 36 59 23 28 20 20 21 20
internal_value=8.24849e-16 -7.32727e-09 -5.66637e-07 -1.2595e-06 4.31563e-07 2.55539e-07 7.20483e-07 4.96524e-09 -5.82673e-09 -7.20715e-07 2.88794e-07 1.08633e-08 1.10883e-06 2.25176e-09 -1.78959e-06 1.16847e-06 1.07772e-06 -3.10892e-08 1.81754e-07 -4.87182e-07 2.1208e-08 -1.43103e-08 -7.65646e-08 -4.79665e-08 1.77869e-07 -7.67072e-08 -9.82164e-08
internal_weight=6888 6696 144 85 59 192 80 6552 6312 144 240 6168 48 6120 59 64 60 176 120 56 85 63 112 84 43 64 43
internal_count=6888 6696 144 85 59 192 80 6552 6312 144 240 6168 48 6120 59 64 60 176 120 56 85 63 112 84 43 64 43
is_linear=0
shrinkage=0.05


Tree=154
num_leaves=20
num_cat=0
split_feature=3 14 5 3 27 27 13 27 7 14 8 11 7 3 5 5 14 14 14
split_gain=5.29157e-09 1.58788e-08 1.8107e-08 1.09298e-08 1.6799e-08 5.4612e-08 9.11415e-08 1.60279e-08 1.4312e-08 1.4303e-08 1.0093e-08 9.87557e-09 1.42329e-08 6.06526e-09 1.94101e-08 2.27025e-08 8.01899e-09 3.58376e-08 2.36472e-08
threshold=10.050000000000002 0.98667101781630195 5.0500000000000007 11.750000000000002 55.500000000000007 28.833333333333339 0.37940952255126048 74.833333333333357 127.04889593596496 0.9053161325100999 89.102571890424755 11.903125000000001 127.90922284038207 12.750000000000002 19.550000000000004 11.15 0.96234642434711437 0.97314989601849466 0.95242846126021108
decision_type=2 2 2 2 2 2 2 2 2 2 2 2 2 2 2 2 2 2 2
left_child=1 -1 -3 4 5 8 -7 -6 -2 10 -9 12 -5 14 15 -13 18 -18 -15
right_child=3 2 -4 11 7 6 -8 9 -10 -11 -12 13 -14 16 -16 -17 17 -19 -20
leaf_value=1.478232276970933e-06 1.3307192411750955e-06 -8.6962543870564944e-07 1.0446643944392454e-06 1.7329169037338943e-06 9.3802848724067198e-07 -4.6008223273474871e-06 -2.4332224901021013e-07 -5.1391799615885247e-07 -4.7281241677410435e-07 -1.114537678859051e-06 1.0745547783841402e-06 -4.2575665638572855e-07 -1.5340679979658491e-07 5.6993148620234877e-09 -1.3925511169077255e-06 7.1974303384679155e-07 9.5770779498035218e-07 -9.1630968381100688e-09 -8.0677405330322112e-07
leaf_weight=24 22 30 21 20 35 20 30 20 22 34 20 138 20 5650 32 63 120 476 91
leaf_count=24 22 30 21 20 35 20 30 20 22 34 20 138 20 5650 32 63 120 476 91
internal_value=2.63792e-16 4.1769e-07 -8.13884e-08 -4.59809e-09 -3.65974e-07 -8.55768e-07 -1.98632e-06 5.6417e-08 4.28953e-07 -3.60561e-07 2.80318e-07 6.50014e-09 7.89755e-07 1.73147e-09 -2.48808e-07 -6.67194e-08 1.09433e-08 1.85509e-07 -7.17912e-09
internal_weight=6888 75 51 6813 203 94 50 109 44 74 40 6610 40 6570 233 201 6337 596 5741
internal_count=6888 75 51 6813 203 94 50 109 44 74 40 6610 40 6570 233 201 6337 596 5741
is_linear=0
shrinkage=0.05


Tree=155
num_leaves=16
num_cat=0
split_feature=3 3 7 5 7 14 8 11 7 8 8 8 4 24 4
split_gain=5.29532e-09 5.84531e-09 1.66806e-08 3.48726e-08 1.87042e-08 1.35987e-08 1.10971e-08 8.91271e-09 1.28452e-08 5.92376e-09 2.07047e-08 1.60063e-08 1.58914e-08 7.44199e-09 3.56408e-09
threshold=8.7500000000000018 11.750000000000002 92.558841279021394 5.5500000000000007 103.66950045185349 0.99700008544936913 95.832462969806201 11.903125000000001 127.90922284038207 59.752354094569064 58.333039579229684 62.02699897914372 90.500000000000014 0.00031250509970022348 40.500000000000007
decision_type=2 2 2 2 2 2 2 2 2 2 2 2 2 2 2
left_child=-1 2 3 -2 -4 6 -6 8 -3 10 12 14 -9 -13 -11
right_child=1 7 4 -5 5 -7 -8 9 -10 11 -12 13 -14 -15 -16
leaf_value=6.8620282109220309e-07 -2.6522575080889512e-06 1.646271063009408e-06 9.7554102696209261e-07 3.0039463155162599e-07 -7.9724588465823181e-07 6.5462278602268504e-07 1.4206130745145267e-07 -1.6919010323296836e-07 -1.4573646453186487e-07 1.3990488202145333e-06 -1.5737170999822564e-06 5.243954612145346e-08 5.2259834195398833e-07 -6.7795382320533588e-08 4.9810811874738742e-07
leaf_weight=28 20 20 36 20 95 32 47 658 20 23 24 3804 95 1945 21
leaf_count=28 20 20 36 20 95 32 47 658 20 23 24 3804 95 1945 21
internal_value=-8.26017e-16 -2.80083e-09 -2.40125e-07 -1.17593e-06 -6.18765e-08 -2.76515e-07 -4.86348e-07 6.17514e-09 7.50267e-07 1.64489e-09 -1.27992e-07 1.90327e-08 -8.19127e-08 1.17617e-08 9.69054e-07
internal_weight=6888 6860 250 40 210 174 142 6610 40 6570 777 5793 753 5749 44
internal_count=6888 6860 250 40 210 174 142 6610 40 6570 777 5793 753 5749 44
is_linear=0
shrinkage=0.05


Tree=156
num_leaves=19
num_cat=0
split_feature=15 15 14 15 8 27 27 15 14 15 14 15 21 27 7 18 2 27
split_gain=5.41459e-09 5.42382e-09 5.37169e-08 1.03735e-08 1.91889e-08 1.72731e-08 2.16145e-08 1.66612e-08 4.99116e-08 7.20067e-09 3.45422e-08 1.30114e-08 7.00971e-09 5.15369e-09 2.40809e-09 5.21563e-09 1.68108e-09 1.06579e-09
threshold=0.98929220549296726 -0.99938741687870725 -0.015050995721668367 -0.97507822412530132 85.838438637195836 6.166666666666667 45.166666666666679 -0.97111920233974802 0.21862473630160603 -0.94137724084408114 0.30164402523644185 -0.90531874877253482 185.50000000000003 2.5000000000000004 28.931035727206055 0.00068216000000000012 185.50000000000003 23.833333333333339
decision_type=2 2 2 2 2 2 2 2 2 2 2 2 2 2 2 2 2 2
left_child=1 2 -1 4 5 13 -7 8 -5 10 -9 -11 17 -3 15 -6 -16 -4
right_child=-2 3 12 7 14 6 -8 9 -10 11 -12 -13 -14 -15 16 -17 -18 -19
leaf_value=-2.4191360078399764e-06 -7.4970288495753345e-07 1.0027952820337305e-06 4.9546044329495946e-07 6.7427233384857281e-07 9.0414395658843299e-07 -3.5796962943703256e-08 1.3254413405353795e-06 -2.140356858970627e-09 -2.5503599185109733e-06 3.5209149729838652e-07 -1.4714562726623563e-06 -7.0485953237510363e-09 -2.3929149618184823e-07 2.0796336707462614e-06 -4.7286209920601022e-08 1.7600280546624082e-08 -5.1550797611607126e-07 1.011645275070805e-06
leaf_weight=24 24 25 20 24 21 101 41 240 24 264 48 5640 32 20 220 79 21 20
leaf_count=24 24 25 20 24 21 101 41 240 24 264 48 5640 32 20 220 79 21 20
internal_value=1.55318e-15 2.62134e-09 -3.70567e-07 7.9148e-09 2.20718e-07 6.27755e-07 3.57237e-07 -1.00916e-08 -9.38044e-07 -2.89818e-09 -2.47026e-07 9.01051e-09 3.12289e-07 1.48139e-06 -2.49615e-09 2.03774e-07 -8.80856e-08 7.53553e-07
internal_weight=6888 6864 96 6768 528 187 142 6240 48 6192 288 5904 72 45 341 100 241 40
internal_count=6888 6864 96 6768 528 187 142 6240 48 6192 288 5904 72 45 341 100 241 40
is_linear=0
shrinkage=0.05


Tree=157
num_leaves=17
num_cat=0
split_feature=14 13 14 17 8 14 17 17 8 17 21 14 25 21 21 21
split_gain=4.97503e-09 2.04583e-08 1.25331e-08 5.06481e-09 2.7561e-08 2.54736e-07 5.37149e-08 1.46706e-08 5.82888e-08 1.85779e-08 4.3154e-08 1.85481e-08 1.85128e-08 1.51271e-08 1.25717e-08 8.05662e-09
threshold=0.99983759474438971 0.1294095225512602 0.99966190462023474 0.90602659689568432 99.949376656828846 0.89404822654372251 0.99246764404392029 0.82398527834959245 86.953777572817486 0.7925369743887799 60.500000000000007 0.81428061195174062 0.00030926429347462851 133.50000000000003 55.000000000000007 80.500000000000014
decision_type=2 2 2 2 2 2 2 2 2 2 2 2 2 2 2 2
left_child=2 -2 3 7 5 6 -5 9 12 11 -11 -1 -9 -10 -6 -16
right_child=1 -3 -4 4 14 -7 -8 8 13 10 -12 -13 -14 -15 15 -17
leaf_value=-5.032516853842621e-08 -1.4567879341543544e-06 6.1491375308006277e-07 1.1441520470611977e-06 -5.7578221416428534e-07 1.2478846088015418e-06 -5.8354154177885949e-06 1.2356792630161463e-06 2.077760102793036e-06 7.4311692464424882e-07 -1.9285508365212039e-06 -1.0320274940990059e-07 1.8627741572356312e-07 5.9073372650825859e-07 -2.2836726235390201e-08 -9.6389537392579689e-07 5.0465431589713972e-10
leaf_weight=3141 26 22 24 139 20 21 58 50 73 41 154 1125 36 551 22 1385
leaf_count=3141 26 22 24 139 20 21 58 50 73 41 154 1125 36 551 22 1385
internal_value=7.83297e-17 -5.07258e-07 3.55971e-09 -4.56465e-10 -7.68736e-08 -6.00496e-07 -4.24585e-08 2.38534e-08 2.34956e-07 -9.74514e-09 -4.86994e-07 1.207e-08 1.45528e-06 6.677e-08 3.11909e-09 -1.45748e-08
internal_weight=6888 48 6840 6816 1645 218 197 5171 710 4461 195 4266 86 624 1427 1407
internal_count=6888 48 6840 6816 1645 218 197 5171 710 4461 195 4266 86 624 1427 1407
is_linear=0
shrinkage=0.05


Tree=158
num_leaves=27
num_cat=0
split_feature=15 24 26 8 6 17 3 22 8 6 6 14 6 21 17 8 14 27 6 21 8 6 5 9 14 3
split_gain=4.84919e-09 5.07198e-09 1.35921e-08 2.22672e-08 2.22498e-08 1.09807e-08 1.2337e-08 1.03815e-08 4.25568e-08 7.94115e-08 3.81446e-08 4.65362e-08 3.66107e-08 8.33084e-09 7.02792e-09 7.00844e-09 3.78709e-08 1.77477e-08 2.23007e-08 8.12447e-09 3.31893e-09 6.60854e-09 4.02953e-09 1.57806e-09 1.31846e-09 1.0865e-09
threshold=0.98929220549296726 0.00037821101705771265 0.00048122794674196058 99.949376656828846 0.00051911000000000004 0.94439098367967611 25.150000000000002 357.50000000000006 96.580181888762709 0.00047191500000000005 0.00026386500000000006 0.84313847884979054 0.00024791500000000008 315.50000000000006 0.88310598830761677 117.12797434739029 0.89404822654372251 1.1666666666666667 0.00061858500000000016 441.50000000000006 127.36843394903754 0.00073564000000000019 12.050000000000002 80.060618111620343 0.25206111083856975 17.050000000000004
decision_type=2 2 2 2 2 2 2 2 2 2 2 2 2 2 2 2 2 2 2 2 2 2 2 2 2 2
left_child=1 2 7 4 -4 14 -7 10 9 -9 12 -12 -1 -10 -5 16 17 19 -19 -3 21 22 -17 25 -25 -22
right_child=-2 15 3 5 -6 6 -8 8 13 -11 11 -13 -14 -15 -16 20 -18 18 -20 -21 23 -23 -24 24 -26 -27
leaf_value=4.9474632124230319e-09 -7.0948116031033243e-07 1.3298081661278481e-06 2.6325544854444161e-06 1.5823767627783555e-07 4.4902242219028011e-07 1.7100275132163135e-06 1.1872818380856312e-07 -2.8825339894099575e-06 -3.859812284431728e-07 6.2670350920208363e-07 2.1882429706002305e-07 1.6530606906144386e-06 -1.747979691534655e-06 1.4112222027559685e-07 -6.1722840510605066e-07 1.2072996935330593e-06 -2.4025179490649866e-06 -1.638879229865838e-06 -1.4755969958663739e-07 1.7374028482725572e-07 2.4417239416887412e-07 -4.0769154381337107e-07 2.0361549559311241e-07 3.6312513657998398e-07 -6.6766840131179152e-08 -6.5380967276417312e-08
leaf_weight=4187 24 21 20 96 28 21 29 38 106 28 230 75 30 256 42 20 20 31 131 55 29 20 20 42 31 1258
leaf_count=4187 24 21 20 96 28 21 29 38 106 28 230 75 30 256 42 20 20 31 131 55 29 20 20 42 31 1258
internal_value=2.86847e-16 2.4807e-09 2.69291e-08 3.97647e-07 1.35883e-06 1.52239e-07 7.87074e-07 9.25444e-09 -2.26111e-07 -1.39377e-06 3.15314e-08 5.71505e-07 -7.52297e-09 -1.3223e-08 -7.77737e-08 -7.3079e-08 -3.12807e-07 -1.37201e-07 -4.32936e-07 4.9318e-07 -2.95227e-08 3.34408e-07 7.05458e-07 -4.55785e-08 1.80568e-07 -5.84058e-08
internal_weight=6888 6864 5186 236 48 188 50 4950 428 66 4522 305 4217 362 138 1678 258 238 162 76 1420 60 40 1360 73 1287
internal_count=6888 6864 5186 236 48 188 50 4950 428 66 4522 305 4217 362 138 1678 258 238 162 76 1420 60 40 1360 73 1287
is_linear=0
shrinkage=0.05


Tree=159
num_leaves=23
num_cat=0
split_feature=15 27 15 8 15 8 27 27 15 11 15 11 3 15 3 15 8 3 15 6 1 2
split_gain=4.9168e-09 4.8273e-08 9.77615e-09 1.71977e-08 1.47674e-08 4.32474e-08 1.26787e-08 1.83358e-08 1.5064e-08 6.22174e-09 6.15074e-09 2.89497e-08 2.02264e-08 1.2086e-08 2.56147e-08 1.56419e-08 5.90124e-09 2.32346e-09 2.06136e-09 1.52944e-09 1.00018e-09 7.81003e-10
threshold=-0.99938741687870725 31.500000000000004 -0.97507822412530132 92.474565814496643 -0.97111920233974802 107.75581255785256 5.166666666666667 45.166666666666679 -0.99273797715557011 16.512500000000003 -0.94137724084408114 15.328125000000002 19.450000000000003 -0.90531874877253482 16.150000000000002 -0.90161545992537195 92.004444205745941 23.450000000000003 -0.99983123799342477 0.00081011500000000014 816.45000000000016 205.50000000000003
decision_type=2 2 2 2 2 2 2 2 2 2 2 2 2 2 2 2 2 2 2 2 2 2
left_child=1 16 3 6 5 -4 17 8 -8 -9 11 -6 -13 14 -12 -15 -1 -2 -18 20 21 -5
right_child=2 -3 4 19 10 -7 7 9 -10 -11 13 12 -14 15 -16 -17 18 -19 -20 -21 -22 -23
leaf_value=1.0292565699880166e-06 1.5369375440362395e-06 -2.1950350864804373e-06 -2.5878021471639626e-06 -4.494127305430259e-08 -1.8572356036656858e-06 4.375707888997298e-07 -6.0716193186312229e-07 6.556050038852846e-07 5.3074828578949314e-07 1.8878390812915313e-06 1.8260988694097388e-06 7.2979481544166449e-07 -3.15125964935465e-07 -1.2838581213259204e-06 1.7321809986444977e-07 -4.6777196298895797e-09 -2.9029698825411293e-07 8.4119775308977299e-07 3.584411688943116e-07 3.5610641839411983e-07 2.9008402815833281e-07 -3.0430317517532954e-07
leaf_weight=21 30 26 21 241 25 27 52 21 66 20 26 60 203 24 238 5640 25 20 24 25 20 33
leaf_count=21 30 26 21 241 25 27 52 21 66 20 26 60 203 24 238 5640 25 20 24 25 20 33
internal_value=2.77416e-16 -3.55327e-07 5.02229e-09 2.11638e-07 -1.23936e-08 -8.8603e-07 5.6418e-07 3.45795e-07 2.92963e-08 1.25669e-06 -5.6474e-09 -2.31298e-07 -7.6741e-08 5.31538e-09 3.36002e-07 -1.0098e-08 3.27994e-07 1.25864e-06 2.74523e-08 -1.9337e-08 -5.12625e-08 -7.61783e-08
internal_weight=6888 96 6792 528 6264 48 209 159 118 41 6216 288 263 5928 264 5664 70 50 49 319 294 274
internal_count=6888 96 6792 528 6264 48 209 159 118 41 6216 288 263 5928 264 5664 70 50 49 319 294 274
is_linear=0
shrinkage=0.05


Tree=160
num_leaves=16
num_cat=0
split_feature=5 12 5 12 5 12 3 3 27 5 8 5 18 7 7
split_gain=5.16681e-09 2.49777e-08 1.3592e-08 2.08915e-08 1.61257e-08 3.34039e-08 1.57359e-08 7.71404e-09 3.42001e-08 7.20282e-09 2.47036e-08 1.16094e-08 2.7957e-09 3.53159e-09 7.47853e-10
threshold=1.4500000000000002 0.78656609248549325 2.1500000000000008 0.60355339059327384 2.3500000000000001 0.60355339059327384 15.750000000000002 9.6500000000000004 50.833333333333336 3.0500000000000003 86.953777572817486 4.1500000000000012 9.5280000000000009e-05 121.70211509702138 133.84133589369182
decision_type=2 2 2 2 2 2 2 2 2 2 2 2 2 2 2
left_child=1 12 3 14 5 -4 -5 8 -6 10 -9 -11 13 -1 -2
right_child=2 -3 4 6 7 -7 -8 9 -10 11 -12 -13 -14 -15 -16
leaf_value=-5.4043330898732327e-07 9.3847699349996424e-08 -1.6572691044479548e-06 5.2605198050059701e-07 5.1007991869896195e-07 -4.677419356842923e-07 -2.267933500068308e-06 2.4479005878674799e-06 1.2165490250464036e-06 2.1631219548604956e-06 -2.9830070308303006e-07 -1.6096511618059466e-07 6.1469954661741882e-09 6.2247507912616131e-07 2.7183131079411282e-07 -2.8748663453370684e-07
leaf_weight=23 36 27 20 22 30 23 20 52 21 330 87 6125 20 32 20
leaf_count=23 36 27 20 22 30 23 20 52 21 330 87 6125 20 32 20
internal_value=-3.552e-16 -3.53217e-07 5.30918e-09 5.89883e-07 -3.25664e-09 -9.68405e-07 1.43285e-06 2.98886e-09 6.15555e-07 -1.74891e-09 3.54364e-07 -9.41733e-09 1.16242e-07 -6.7843e-08 -4.23431e-08
internal_weight=6888 102 6786 98 6688 43 42 6645 51 6594 139 6455 75 55 56
internal_count=6888 102 6786 98 6688 43 42 6645 51 6594 139 6455 75 55 56
is_linear=0
shrinkage=0.05


Tree=161
num_leaves=31
num_cat=0
split_feature=15 15 8 15 15 12 5 15 8 15 15 15 12 5 9 8 1 8 20 3 11 3 27 8 27 4 8 19 13 27
split_gain=4.7382e-09 2.63005e-08 5.27779e-08 4.21951e-08 3.06163e-08 8.34628e-08 4.85323e-08 3.80287e-08 5.21748e-08 2.08271e-08 1.88581e-08 1.62493e-08 2.60313e-08 1.59445e-08 1.28735e-08 9.71362e-09 8.2497e-08 5.22795e-08 5.11944e-08 3.02314e-08 2.34733e-08 4.25317e-08 1.00649e-08 5.05306e-08 8.23063e-09 7.82174e-09 6.82654e-09 4.91461e-09 1.82536e-09 1.61998e-09
threshold=-0.75013812021657655 -0.84774213365954088 105.0100910826214 -0.8142754349318998 -0.8739740505118182 0.60355339059327384 7.4500000000000011 -0.88220415136009767 117.12797434739029 -0.88620506325989179 -0.77788789561442695 -0.72694848937061807 0.60355339059327384 14.550000000000002 -2.6339268764671138 80.591617775109953 60.350000000000009 83.952622196820059 2.3925000000000002e-05 21.250000000000004 13.956250000000002 16.450000000000003 99.833333333333357 108.64304524185037 98.833333333333357 22.500000000000004 59.752354094569064 0.00056015000000000014 -0.78656609248549325 0.50000000000000011
decision_type=2 2 2 2 2 2 2 2 2 2 2 2 2 2 2 2 2 2 2 2 2 2 2 2 2 2 2 2 2 2
left_child=1 4 3 25 7 27 -7 9 -9 13 14 12 28 -1 -5 16 18 20 19 -13 -17 -22 24 -24 -19 29 -12 -6 -2 -3
right_child=11 2 -4 10 5 6 -8 8 -10 -11 26 15 -14 -15 -16 17 -18 22 -20 -21 21 -23 23 -25 -26 -27 -28 -29 -30 -31
leaf_value=9.2428011752531955e-08 -5.4373457235357138e-07 1.3038705944944967e-06 -6.8542736552528871e-08 -7.6299716413684243e-07 2.4765830037035871e-07 -4.3033319473449541e-06 -9.0402091711352805e-07 3.2899479811089262e-06 -3.3043996089182425e-08 -1.4710122866764173e-06 4.8874402193091335e-07 -5.3523223365863273e-08 -1.9538323670076352e-06 -3.6804072032332817e-07 5.8367650126456292e-07 -1.2158582868087925e-08 -3.186277334324669e-06 8.4678565365349463e-10 2.4144269605130831e-06 -1.117696513742823e-06 3.2451965605812599e-06 6.0396713219493643e-07 -2.0193394821465496e-06 -2.2231563991746064e-08 4.4615943327120653e-07 2.8046841511297771e-06 1.6641427870922599e-06 -5.4872295026397164e-07 2.4808586207569763e-08 1.8656357717576833e-06
leaf_weight=1118 20 21 260 35 76 21 21 21 27 24 21 778 28 226 36 27 22 3430 20 73 27 35 37 220 107 20 30 26 48 33
leaf_count=1118 20 21 260 35 76 21 21 21 27 24 21 778 28 226 36 27 22 3430 20 73 27 35 37 220 107 20 30 26 48 33
internal_value=3.24534e-16 6.44671e-08 3.98498e-07 1.01804e-06 -3.31727e-08 -7.27772e-07 -2.60368e-06 3.74645e-08 1.42076e-06 -1.10724e-08 4.46683e-07 -2.66761e-08 -6.70742e-07 1.4998e-08 -8.01767e-08 -1.373e-08 -1.62422e-07 2.04656e-08 -8.60441e-08 -1.4481e-07 1.21832e-06 1.75418e-06 -7.63389e-09 -3.09753e-07 1.43182e-08 1.96001e-06 1.18016e-06 4.46592e-08 -1.4241e-07 1.64717e-06
internal_weight=6888 2016 456 196 1560 144 42 1416 48 1368 122 4872 96 1344 71 4776 893 3883 871 851 89 62 3794 257 3537 74 51 102 68 54
internal_count=6888 2016 456 196 1560 144 42 1416 48 1368 122 4872 96 1344 71 4776 893 3883 871 851 89 62 3794 257 3537 74 51 102 68 54
is_linear=0
shrinkage=0.05


Tree=162
num_leaves=16
num_cat=0
split_feature=5 12 5 12 5 4 3 3 27 5 12 5 11 8 7
split_gain=4.64878e-09 2.23124e-08 1.22773e-08 1.88592e-08 1.40915e-08 3.1055e-08 1.39141e-08 6.99824e-09 3.08644e-08 6.64203e-09 2.02487e-08 1.99214e-08 2.5659e-09 1.44983e-09 6.77611e-10
threshold=1.4500000000000002 0.78656609248549325 2.1500000000000008 0.60355339059327384 2.3500000000000001 27.500000000000004 15.750000000000002 9.6500000000000004 50.833333333333336 3.2500000000000004 0.78656609248549325 3.3500000000000001 19.206250000000001 279.83286030501142 133.84133589369182
decision_type=2 2 2 2 2 2 2 2 2 2 2 2 2 2 2
left_child=1 12 3 14 5 -4 -5 8 -6 10 -9 -11 13 -1 -2
right_child=2 -3 4 6 7 -7 -8 9 -10 11 -12 -13 -14 -15 -16
leaf_value=-4.6232989063810238e-07 8.9569226208791662e-08 -1.5675568178081717e-06 4.0747617256122548e-07 4.9382586604968479e-07 -4.4292563143718181e-07 -2.2806473436633366e-06 2.3160246155384813e-06 -2.5969997921038157e-09 2.0563475009978341e-06 -1.2960385501574006e-06 1.1772748099344219e-06 -4.5509611345353271e-09 4.2981553786974558e-07 1.3250409057805191e-07 -2.7341520763002337e-07
leaf_weight=20 36 27 22 22 30 21 20 150 21 30 48 6366 34 21 20
leaf_count=20 36 27 22 22 30 21 20 150 21 30 48 6366 34 21 20
internal_value=1.10758e-15 -3.35042e-07 5.036e-09 5.60621e-07 -3.10504e-09 -9.05328e-07 1.36154e-06 2.73327e-09 5.86187e-07 -1.77933e-09 2.83433e-07 -1.06086e-08 1.08663e-07 -1.57659e-07 -4.00681e-08
internal_weight=6888 102 6786 98 6688 43 42 6645 51 6594 198 6396 75 41 56
internal_count=6888 102 6786 98 6688 43 42 6645 51 6594 198 6396 75 41 56
is_linear=0
shrinkage=0.05


Tree=163
num_leaves=27
num_cat=0
split_feature=14 14 4 12 12 27 14 14 12 12 15 4 27 14 12 14 12 8 27 27 8 6 27 15 7 3
split_gain=4.93356e-09 2.85296e-08 7.08017e-08 1.97522e-07 1.41868e-08 1.97952e-08 6.83875e-09 2.74376e-08 4.99898e-08 2.33126e-08 3.45162e-08 2.23759e-08 2.19847e-08 2.10392e-08 3.9986e-08 2.46764e-08 6.1195e-09 9.69762e-10 7.04961e-10 6.32861e-10 4.77432e-10 4.07094e-10 1.18455e-10 1.03732e-10 3.81769e-11 2.00857e-11
threshold=-0.99630266176052629 -0.99275805973510278 4.5000000000000009 0.37940952255126054 0.37940952255126054 15.16666666666667 -0.97876850416056738 -0.96689237009891416 0.25881904510252091 0.37940952255126054 0.14888728888808328 47.500000000000007 28.833333333333339 -0.96235977360714686 0.25881904510252091 -0.95500086777008153 0.91597561503675362 151.98416661219997 4.166666666666667 1.0000000180025095e-35 151.98416661219997 0.00040690500000000005 1.0000000180025095e-35 0.13185577213185923 117.94257000578899 24.750000000000004
decision_type=2 2 2 2 2 2 2 2 2 2 2 2 2 2 2 2 2 2 2 2 2 2 2 2 2 2
left_child=4 2 3 19 20 16 9 8 21 17 12 -10 -11 14 -9 -15 18 -3 -6 -2 -1 -8 -22 -19 25 -24
right_child=1 6 -4 -5 5 -7 7 13 11 10 -12 -13 -14 15 -16 -17 -18 23 -20 -21 22 -23 24 -25 -26 -27
leaf_value=-3.0248301300161986e-07 -2.6304965130986517e-08 -4.13985872396354e-07 1.1024744651422226e-06 -5.6548818726944528e-06 1.0698477157430633e-06 -3.8443576804476317e-07 1.6115434497976366e-07 -1.6647560282681949e-07 -3.0590166101195457e-06 1.4522878511039986e-06 2.3983651687928987e-06 -1.0553176145166569e-06 -4.7107970944719862e-07 -9.178968139641106e-07 2.7607118670402998e-06 1.32414962140234e-08 1.9371696896541838e-06 -2.3515479812867095e-08 6.5968997688514717e-07 3.5743545749059279e-07 5.3150259291698972e-08 -9.7281115856162615e-08 -8.8718309669915205e-09 -1.1541141166851242e-07 -1.0603444041813582e-07 -6.4685337879399894e-08
leaf_weight=20 21 23 31 22 22 28 64 28 22 24 27 38 39 72 20 6048 20 75 20 22 27 20 27 52 36 40
leaf_count=20 21 23 31 22 22 28 64 28 22 24 27 38 39 72 20 6048 20 75 20 22 27 20 27 52 36 40
internal_value=-2.42864e-16 -8.04014e-09 -8.63745e-07 -1.80148e-06 2.22712e-07 7.18996e-07 4.49766e-09 -5.46313e-09 -6.87723e-07 2.66466e-07 9.02652e-07 -1.79001e-06 2.61632e-07 1.04651e-08 1.05319e-06 2.28693e-09 1.21732e-06 -1.15245e-07 8.74535e-07 1.70027e-07 -7.50586e-08 9.96221e-08 -4.00703e-08 -6.11422e-08 -6.45067e-08 -4.21933e-08
internal_weight=6888 6648 96 65 240 90 6552 6312 144 240 90 60 63 6168 48 6120 62 150 42 43 150 84 130 127 103 67
internal_count=6888 6648 96 65 240 90 6552 6312 144 240 90 60 63 6168 48 6120 62 150 42 43 150 84 130 127 103 67
is_linear=0
shrinkage=0.05


Tree=164
num_leaves=14
num_cat=0
split_feature=14 27 14 8 14 14 12 8 3 14 3 14 6
split_gain=4.47951e-09 1.9059e-08 1.13227e-08 3.69184e-08 8.17161e-09 2.97046e-08 7.81706e-08 2.28599e-08 1.82962e-08 1.08871e-08 9.91621e-09 9.23248e-09 1.58853e-09
threshold=0.99983759474438971 77.166666666666671 0.99939377080793557 141.71046372956297 0.99374995976406788 0.9962888416657264 0.60355339059327384 85.838438637195836 17.150000000000002 0.99274428880883148 9.6500000000000004 0.99053107487289871 9.0690000000000014e-05
decision_type=2 2 2 2 2 2 2 2 2 2 2 2 2
left_child=2 -2 4 -4 9 6 12 -7 -9 10 -1 -12 -6
right_child=1 -3 3 -5 5 7 -8 8 -10 -11 11 -13 -14
leaf_value=7.9891857030116416e-07 -1.5644490414084606e-06 4.3514868164169666e-07 2.4093341320963192e-06 -4.033307314037822e-07 1.5679535583975242e-07 1.2653675566532526e-06 -3.7013007862523884e-06 -7.248066539187827e-07 6.0525365775103603e-07 1.0708928648739402e-06 3.9354717044421998e-09 -7.5803279174890824e-07 -4.1020328298134792e-07
leaf_weight=39 22 26 20 28 30 33 21 70 41 24 6473 40 21
leaf_count=39 22 26 20 28 30 33 21 70 41 24 6473 40 21
internal_value=-3.73076e-16 -4.81334e-07 3.37778e-09 7.68613e-07 -2.03024e-09 -3.04637e-07 -1.13386e-06 1.09973e-07 -2.33523e-07 7.90941e-09 4.01569e-09 -7.44204e-10 -7.66747e-08
internal_weight=6888 48 6840 48 6792 216 72 144 111 6576 6552 6513 51
internal_count=6888 48 6840 48 6792 216 72 144 111 6576 6552 6513 51
is_linear=0
shrinkage=0.05


Tree=165
num_leaves=26
num_cat=0
split_feature=14 14 4 12 12 27 14 14 12 8 19 14 12 14 8 5 8 12 25 27 8 6 27 8 3
split_gain=4.44426e-09 2.57609e-08 6.38985e-08 1.78264e-07 1.28036e-08 1.78652e-08 6.16172e-09 2.47788e-08 4.51158e-08 2.17061e-08 2.0364e-08 1.89795e-08 3.60874e-08 2.22817e-08 1.55258e-08 7.31572e-09 7.68828e-09 5.52285e-09 9.57444e-10 5.71157e-10 4.30883e-10 3.683e-10 1.06906e-10 3.44547e-11 1.81274e-11
threshold=-0.99630266176052629 -0.99275805973510278 4.5000000000000009 0.37940952255126054 0.37940952255126054 15.16666666666667 -0.97876850416056738 -0.96689237009891416 0.25881904510252091 90.576085265625622 0.00012218000000000003 -0.96235977360714686 0.25881904510252091 -0.95500086777008153 72.160900605036673 2.7500000000000004 127.36843394903754 0.91597561503675362 0.00014170670926222587 1.0000000180025095e-35 151.98416661219997 0.00040496500000000002 1.0000000180025095e-35 281.55419142532475 24.750000000000004
decision_type=2 2 2 2 2 2 2 2 2 2 2 2 2 2 2 2 2 2 2 2 2 2 2 2 2
left_child=4 2 3 19 20 17 9 8 21 14 -10 12 -9 -13 -3 -11 -17 18 -6 -2 -1 -8 -22 24 -24
right_child=1 6 -4 -5 5 -7 7 11 10 15 -12 13 -14 -15 -16 16 -18 -19 -20 -21 22 -23 23 -25 -26
leaf_value=-2.8755562887283758e-07 -2.5186497374480017e-08 3.3260302903467422e-07 1.0471539738890927e-06 -5.3723345631210989e-06 1.0582284896930684e-06 -3.6541076785364829e-07 1.5489064138375312e-07 -1.5834859720596586e-07 -1.049358317430915e-06 -9.0958110268686494e-07 -3.0033942994123209e-06 -8.7219875004349324e-07 2.6224795355744847e-06 1.2606750059753663e-08 1.8970256218055731e-06 8.1887641076248433e-07 -8.4079016100559725e-08 1.8401144330937315e-06 5.8023177842869708e-07 3.3936691007273696e-07 5.0295972871312935e-08 -8.6895070423798602e-08 -8.6250141580253343e-09 -1.0092949210221353e-07 -6.1647844504797438e-08
leaf_weight=20 21 35 31 22 22 28 63 28 40 21 20 72 20 6048 29 29 126 20 20 22 27 21 27 36 40
leaf_count=20 21 35 31 22 22 28 63 28 40 21 20 72 20 6048 29 29 126 20 20 22 27 21 27 36 40
internal_value=-1.2978e-15 -7.63103e-09 -8.20754e-07 -1.7116e-06 2.11379e-07 6.82849e-07 4.28287e-09 -5.17202e-09 -6.53534e-07 2.52946e-07 -1.7007e-06 9.96484e-09 1.00033e-06 2.19727e-09 1.04148e-06 -3.3794e-08 8.4861e-08 1.15626e-06 8.30611e-07 1.61329e-07 -7.15025e-08 9.44442e-08 -3.82635e-08 -6.14782e-08 -4.02804e-08
internal_weight=6888 6648 96 65 240 90 6552 6312 144 240 60 6168 48 6120 64 176 155 62 42 43 150 84 130 103 67
internal_count=6888 6648 96 65 240 90 6552 6312 144 240 60 6168 48 6120 64 176 155 62 42 43 150 84 130 103 67
is_linear=0
shrinkage=0.05


Tree=166
num_leaves=31
num_cat=0
split_feature=15 11 15 15 8 14 12 7 14 12 8 11 15 14 15 8 15 27 4 14 12 8 8 14 19 27 8 11 1 20
split_gain=4.48237e-09 1.59016e-08 1.27627e-08 6.763e-08 8.77052e-08 4.19958e-08 1.09656e-07 1.85896e-08 8.6933e-09 1.39408e-08 9.56256e-09 8.61106e-09 7.35017e-09 1.95699e-08 7.97141e-09 1.97633e-08 1.1214e-08 7.91998e-09 5.31107e-09 1.49952e-08 2.90645e-08 2.35294e-08 7.36667e-09 1.87934e-08 9.17358e-09 6.59654e-09 4.55412e-09 3.78937e-09 3.32605e-09 2.10716e-09
threshold=0.89784768270548698 12.081250000000002 0.60553543375389329 0.57780407610161799 148.0505631407099 0.73283908552571653 0.60355339059327384 112.09579551918078 0.52033990680116082 0.60355339059327384 95.123362590545796 15.815625000000002 0.52032336593087203 0.84773968378660736 0.44504239796885176 100.82326560581713 0.35041260675351149 78.833333333333357 85.500000000000014 0.26866988313759588 0.60355339059327384 108.64304524185037 174.73399450569516 0.3342611484689354 7.6895000000000015e-05 23.833333333333339 172.97747765956015 12.528125000000001 89.500000000000014 0.00023068500000000003
decision_type=2 2 2 2 2 2 2 2 2 2 2 2 2 2 2 2 2 2 2 2 2 2 2 2 2 2 2 2 2 2
left_child=2 -2 3 12 -5 8 26 -8 9 29 11 -10 14 17 16 -16 -1 -14 22 21 -21 -20 23 25 -25 -3 -7 -12 -23 -4
right_child=1 18 5 4 -6 6 7 -9 10 -11 27 -13 13 -15 15 -17 -18 -19 19 20 -22 28 -24 24 -26 -27 -28 -29 -30 -31
leaf_value=-7.4782633390570734e-09 -1.2085974201557873e-06 -3.3667388762222228e-07 -1.0643344448514934e-07 -4.4107042464247569e-06 -7.5502307085584261e-08 6.9112805884212023e-07 4.1273744272984912e-06 2.0211560394045591e-06 -2.9036253073728017e-07 1.2173217341374506e-06 6.274626073214361e-07 -1.511171759602803e-06 4.5512759556768395e-07 1.6731207918970389e-06 -1.5191361253149201e-06 -3.7272692460356266e-08 4.3962564495150483e-07 -6.140873095667868e-07 -1.7037089807423573e-06 4.2517563780819504e-09 2.3386883117382242e-06 -1.303938491305069e-07 1.8341192706045726e-08 -6.0910621024439547e-07 -2.0870050967741482e-06 7.0551849285555539e-07 -9.6496795675394563e-08 -3.9371565948685775e-08 5.5919880085418621e-07 4.8045621376502372e-07
leaf_weight=5376 33 49 65 20 28 24 22 20 52 35 23 20 43 24 30 90 144 29 21 40 20 36 159 21 21 22 78 289 34 20
leaf_count=5376 33 49 65 20 28 24 22 20 52 35 23 20 43 24 30 90 144 29 21 40 20 36 159 21 21 22 78 289 34 20
internal_value=3.86074e-16 -1.51484e-07 1.07396e-08 -1.28349e-08 -1.88184e-06 2.21163e-07 9.74206e-07 3.12441e-06 6.0083e-09 3.77477e-07 -1.10076e-07 -6.29476e-07 2.8053e-09 4.36634e-07 -4.57902e-09 -4.07739e-07 4.18532e-09 2.44716e-08 -6.90146e-08 1.68772e-07 7.82397e-07 -2.35817e-07 -2.01021e-07 -5.09681e-07 -1.34806e-06 -1.3741e-08 8.88267e-08 9.78608e-09 2.04551e-07 3.16582e-08
internal_weight=6888 456 6432 5784 48 648 144 42 504 120 384 72 5736 96 5640 120 5520 72 423 151 60 91 272 113 42 71 102 312 70 85
internal_count=6888 456 6432 5784 48 648 144 42 504 120 384 72 5736 96 5640 120 5520 72 423 151 60 91 272 113 42 71 102 312 70 85
is_linear=0
shrinkage=0.05


Tree=167
num_leaves=31
num_cat=0
split_feature=17 3 27 21 3 8 21 17 8 3 17 8 14 17 21 14 14 14 12 7 8 7 21 3 4 3 4 26 25 24
split_gain=4.47748e-09 7.80403e-08 6.07191e-08 5.14429e-08 3.4404e-08 8.46704e-08 2.01041e-08 3.607e-08 2.55662e-08 1.588e-08 1.17227e-08 5.32546e-08 1.72993e-08 1.60492e-08 4.02271e-08 2.90254e-08 1.54025e-08 5.18273e-08 6.62046e-08 4.4098e-08 7.26556e-08 2.67517e-08 1.20854e-08 2.74147e-08 2.35218e-08 1.16508e-08 6.08893e-09 5.97366e-09 4.04458e-09 1.85957e-08
threshold=0.90699206828123258 15.950000000000001 37.833333333333336 12.500000000000002 18.450000000000003 141.71046372956297 192.50000000000003 0.94062879661981136 86.953777572817486 18.650000000000002 0.82398527834959245 86.953777572817486 0.25206111083856975 0.7925369743887799 60.500000000000007 0.20180702842483325 0.81428061195174062 0.79904096188274243 0.25881904510252091 96.175059912847928 93.676487606239235 98.993601809905883 133.50000000000003 19.050000000000004 7.5000000000000009 30.150000000000002 96.500000000000014 0.00021650162704669828 0.00062058274066632303 0.00044605151522422444
decision_type=2 2 2 2 2 2 2 2 2 2 2 2 2 2 2 2 2 2 2 2 2 2 2 2 2 2 2 2 2 2
left_child=10 2 -2 9 5 -5 7 -6 -8 -3 13 12 27 16 15 -15 17 25 -19 20 -18 -21 23 -13 -25 -1 -16 -12 -24 -30
right_child=1 3 -4 4 6 -7 8 -9 -10 -11 11 22 -14 14 26 -17 19 18 -20 21 -22 -23 28 24 -26 -27 -28 -29 29 -31
leaf_value=-2.6304399863705242e-08 -4.1976746847183226e-06 2.6190249762046074e-06 -3.4821402179897547e-07 -3.8024641179661213e-06 -9.0146253735558551e-07 -7.9596132161542851e-08 -1.7502734272831981e-06 1.2794744149248669e-06 -3.213258371111631e-08 7.192634229950686e-07 1.3429608563218727e-06 -7.0505034818779676e-07 2.1661244559449023e-06 -5.4421596825618292e-07 4.4046057723843028e-08 -3.2057159819487429e-06 1.8531269403043103e-06 -8.6713871581419856e-09 -3.4669271441885034e-06 -1.3651400837431226e-06 2.3296115604304712e-07 1.2689871724831721e-08 3.5139926225209377e-08 4.3733397548114307e-07 2.6510124007472772e-06 1.0796502895704663e-06 -8.5346372913554877e-07 2.4640801309824718e-07 -1.5310551155778285e-06 5.3554739558811549e-08
leaf_weight=3061 20 22 21 21 26 56 22 70 1367 22 23 25 38 21 134 20 89 31 25 37 311 736 462 30 20 24 22 27 24 81
leaf_count=3061 20 22 21 21 26 56 22 70 1367 22 23 25 38 21 134 20 89 31 25 37 311 736 462 30 20 24 22 27 24 81
internal_value=7.66196e-16 -7.19119e-08 -2.226e-06 -1.69196e-08 -6.44143e-08 -1.09492e-06 -1.09805e-08 6.88804e-07 -5.93458e-08 1.66914e-06 2.25985e-08 2.08486e-07 1.36198e-06 -7.4831e-09 -4.48817e-07 -1.84251e-06 1.26705e-08 -4.50647e-08 -1.55254e-06 1.67271e-07 5.93448e-07 -5.32606e-08 5.03758e-08 6.46853e-07 1.32281e-06 -1.77005e-08 -8.25258e-08 7.50822e-07 -2.85234e-08 -3.08642e-07
internal_weight=6888 1647 41 1606 1562 77 1485 96 1389 44 5241 730 88 4511 197 41 4314 3141 56 1173 400 773 642 75 50 3085 156 50 567 105
internal_count=6888 1647 41 1606 1562 77 1485 96 1389 44 5241 730 88 4511 197 41 4314 3141 56 1173 400 773 642 75 50 3085 156 50 567 105
is_linear=0
shrinkage=0.05


Tree=168
num_leaves=26
num_cat=0
split_feature=15 14 15 8 15 14 27 27 15 21 5 15 14 8 27 15 12 15 7 27 8 14 27 14 5
split_gain=4.29612e-09 4.77584e-08 8.69012e-09 1.54573e-08 1.31484e-08 4.334e-08 1.13938e-08 1.65274e-08 1.37467e-08 6.5418e-09 5.67085e-09 5.56045e-09 3.04082e-08 4.30744e-08 3.29298e-08 1.08552e-08 2.43856e-08 1.40561e-08 2.45708e-09 1.44185e-09 1.40585e-09 2.51268e-09 2.07273e-10 2.77403e-10 4.60652e-11
threshold=-0.99938741687870725 -0.015050995721668367 -0.97507822412530132 92.474565814496643 -0.97111920233974802 0.21862473630160603 5.166666666666667 45.166666666666679 -0.99465740988130902 185.50000000000003 12.350000000000003 -0.94137724084408114 0.30164402523644185 172.97747765956015 14.16666666666667 -0.90531874877253482 0.60355339059327384 -0.90161545992537195 93.614511716698431 23.833333333333339 244.32504087900517 -0.083760455055074887 1.8333333333333337 0.036545658007091128 5.0500000000000007
decision_type=2 2 2 2 2 2 2 2 2 2 2 2 2 2 2 2 2 2 2 2 2 2 2 2 2
left_child=1 -1 3 6 5 -4 18 8 -8 19 -9 12 14 -14 -6 16 -13 -17 -2 -3 21 -5 24 -24 -22
right_child=2 9 4 20 11 -7 7 10 -10 -11 -12 15 13 -15 -16 17 -18 -19 -20 -21 22 -23 23 -25 -26
leaf_value=-2.2637553570348245e-06 1.5155566510019174e-06 4.3781791575270296e-07 6.6634700222797014e-07 -1.7360306365787894e-07 -3.4332125805437331e-07 -2.3385118614290453e-06 -7.2739260346565972e-07 5.8896090649795961e-07 4.126796155718583e-07 -2.2112501589788281e-07 1.765378352133883e-06 1.010044792664568e-08 -2.9970354551716646e-06 9.0572448822985499e-09 9.8109363495524353e-07 -1.2170112616634773e-06 1.0673369566549807e-06 -4.4056786426437331e-09 8.1229245700381831e-07 1.038202690324397e-06 -1.9674897927757231e-07 5.0784654178876797e-07 3.1146314812905607e-08 -9.469136483147018e-08 -1.1042564180699215e-07
leaf_weight=24 27 20 24 24 176 24 40 20 78 32 21 187 22 26 64 24 77 5640 23 20 20 31 82 94 68
leaf_count=24 27 20 24 24 176 24 40 20 78 32 21 187 22 26 64 24 77 5640 23 20 20 31 82 94 68
internal_value=-1.9675e-16 -3.32143e-07 4.6946e-09 1.99496e-07 -1.17255e-08 -8.36082e-07 5.33724e-07 3.26701e-07 2.62145e-08 3.11728e-07 1.19152e-06 -5.35978e-09 -2.19909e-07 -1.36874e-06 9.85605e-09 5.06367e-09 3.18461e-07 -9.54384e-09 1.19206e-06 7.3801e-07 -1.94801e-08 2.10487e-07 -6.73898e-08 -3.60624e-08 -1.30045e-07
internal_weight=6888 96 6792 528 6264 48 209 159 118 72 41 6216 288 48 240 5928 264 5664 50 40 319 55 264 176 88
internal_count=6888 96 6792 528 6264 48 209 159 118 72 41 6216 288 48 240 5928 264 5664 50 40 319 55 264 176 88
is_linear=0
shrinkage=0.05


Tree=169
num_leaves=25
num_cat=0
split_feature=14 4 14 8 14 8 14 8 4 14 8 3 8 8 20 14 7 17 8 14 8 14 17 17
split_gain=4.21668e-09 2.11884e-08 1.88352e-08 4.54335e-08 2.8031e-08 5.08859e-08 2.96597e-08 5.22261e-08 6.08342e-08 3.72651e-08 8.30622e-08 1.6129e-08 1.51138e-08 4.20823e-08 4.56533e-08 4.33113e-08 1.30844e-08 7.63146e-09 7.02726e-09 1.8383e-09 1.18857e-09 1.8138e-09 6.28287e-10 1.53401e-10
threshold=0.98667101781630195 1.0000000180025095e-35 0.98213580174693105 117.12797434739029 0.97875492728876534 136.7282823065874 0.96234642434711437 136.7282823065874 1.0000000180025095e-35 0.95752911693909493 144.24169878086246 10.050000000000002 117.12797434739029 84.804716948795075 0.00034339500000000003 0.99700008544936913 116.10305010382527 0.57065795613886239 59.752354094569064 0.99983759474438971 144.24169878086246 0.99939377080793557 0.9975512994343726 0.87803595701572179
decision_type=2 2 2 2 2 2 2 2 2 2 2 2 2 2 2 2 2 2 2 2 2 2 2 2
left_child=2 -2 4 -4 6 -6 9 8 -8 11 -11 -1 13 15 17 18 -17 -15 -3 20 -14 -22 -9 -5
right_child=1 12 3 23 5 -7 7 22 -10 10 -12 -13 19 14 -16 16 -18 -19 -20 -21 21 -23 -24 -25
leaf_value=1.2958636697627904e-06 1.4042867102640836e-06 -3.5045067337788085e-07 2.4360766710068911e-06 -2.4088864790594578e-07 -3.1286506354888392e-06 1.7348884574021539e-07 -5.6453205508981178e-09 -1.6009053354082428e-08 2.7834956964118589e-06 -3.7548465214632378e-06 4.3792111552176252e-07 -2.8946928381392968e-09 2.773769696117457e-07 -1.9451039725026931e-06 1.2268754782477725e-07 2.0926812976540531e-06 4.1822651216502241e-07 -3.3263590830756586e-06 -1.5646378135814897e-06 3.7242411795072413e-07 -2.9708627089110068e-08 -4.9035039400754002e-07 -3.1408398054498905e-07 -5.5105756775475365e-08
leaf_weight=24 21 22 27 25 20 28 34 90 46 21 27 6048 26 20 24 20 28 20 26 30 195 24 22 20
leaf_count=24 21 22 27 25 20 28 34 90 46 21 27 6048 26 20 24 20 28 20 26 30 195 24 22 20
internal_value=-6.1515e-16 -1.46926e-07 1.04164e-08 8.1458e-07 1.31267e-09 -1.2024e-06 1.04664e-08 6.22386e-07 1.59811e-06 -8.73109e-09 -1.39641e-06 2.23874e-09 -2.21812e-07 -6.08196e-07 -1.60132e-06 5.38903e-08 1.11592e-06 -2.63573e-06 -1.00814e-06 2.99248e-09 -4.2244e-08 -8.01899e-08 -7.45595e-08 -1.58318e-07
internal_weight=6888 456 6432 72 6360 48 6312 192 80 6120 48 6072 435 160 64 96 48 40 48 275 245 219 112 45
internal_count=6888 456 6432 72 6360 48 6312 192 80 6120 48 6072 435 160 64 96 48 40 48 275 245 219 112 45
is_linear=0
shrinkage=0.05


Tree=170
num_leaves=15
num_cat=0
split_feature=14 13 14 14 4 14 12 14 12 14 5 12 17 17
split_gain=4.2413e-09 1.75406e-08 1.11718e-08 4.93997e-09 2.02283e-08 1.69988e-08 5.37869e-08 2.5298e-08 4.59245e-08 2.67678e-08 1.48012e-08 2.41837e-08 1.3648e-08 1.03107e-09
threshold=0.99983759474438971 0.25881904510252057 0.99966190462023474 0.98667101781630195 1.0000000180025095e-35 0.98213580174693105 0.60355339059327384 0.97875492728876534 0.25881904510252091 0.96234642434711437 4.9500000000000011 0.37940952255126054 0.81928807629242517 0.85439583470776503
decision_type=2 2 2 2 2 2 2 2 2 2 2 2 2 2
left_child=2 -2 3 5 -5 7 13 9 -9 -1 11 -6 -12 -7
right_child=1 -3 -4 4 10 6 -8 8 -10 -11 12 -13 -14 -15
leaf_value=-8.2945356924473845e-09 -1.2761668384899037e-06 6.6256853294532901e-07 1.0801549767810078e-06 1.334072385361651e-06 2.1484368930815538e-08 -3.235333524506027e-07 2.9035456474871137e-06 1.6481439859867516e-07 -2.9722181028546405e-06 5.9126713833161188e-07 1.6470415931656836e-07 -1.4488956614106179e-06 -6.8563407401666525e-07 1.2618643616235658e-07
leaf_weight=6120 28 20 24 21 54 26 21 28 20 192 188 58 63 25
leaf_count=6120 28 20 24 21 54 26 21 28 20 192 188 58 63 25
internal_value=1.03493e-15 -4.6836e-07 3.28674e-09 -5.05049e-10 -1.74716e-07 9.89559e-09 7.73851e-07 1.24704e-09 -1.14228e-06 9.94308e-09 -2.62001e-07 -7.39962e-07 -4.87273e-08 -1.03082e-07
internal_weight=6888 48 6840 6816 384 6432 72 6360 48 6312 363 112 251 51
internal_count=6888 48 6840 6816 384 6432 72 6360 48 6312 363 112 251 51
is_linear=0
shrinkage=0.05


Tree=171
num_leaves=20
num_cat=0
split_feature=11 11 20 9 27 11 12 7 11 25 13 5 11 4 5 27 5 1 5
split_gain=4.39029e-09 4.6289e-09 1.50659e-08 1.69162e-08 2.07771e-08 1.82854e-08 2.87768e-08 1.647e-08 5.57747e-09 3.6057e-08 6.67292e-08 2.73944e-08 1.63509e-08 4.16696e-08 1.21127e-08 1.09135e-08 7.60046e-09 2.6572e-08 8.91931e-09
threshold=8.7500000000000018 12.828125000000002 2.3925000000000002e-05 -4.9740177647715198 56.166666666666679 12.325000000000001 0.78656609248549325 101.8587139098626 15.006250000000001 1.4710000000000001e-05 0.1294095225512602 5.7500000000000009 15.328125000000002 72.500000000000014 12.15 99.833333333333357 1.4500000000000002 356.90000000000003 3.0500000000000003
decision_type=2 2 2 2 2 2 2 2 2 2 2 2 2 2 2 2 2 2 2
left_child=-1 2 3 5 -5 7 -7 -2 9 10 11 -3 13 14 -10 -12 17 -14 -18
right_child=1 8 -4 4 -6 6 -8 -9 12 -11 15 -13 16 -15 -16 -17 18 -19 -20
leaf_value=6.248170450362523e-07 1.1409234139136971e-06 2.5764938591292306e-06 1.2024506042962458e-06 -1.7733086201587869e-06 9.2669831002030356e-08 1.9979742480523457e-08 -1.458323571031625e-06 -9.2743252958758449e-09 3.2824049091471708e-07 -1.9015895759366686e-06 -6.4935072280057523e-08 8.3455243121391843e-07 -1.0632227370489422e-06 -2.4080402081381183e-06 -1.0563832312984997e-06 8.8459310236821415e-07 3.3627342220388539e-07 1.0649958113617685e-06 -1.5350313717370374e-09
leaf_weight=28 35 31 20 35 26 82 55 281 56 21 557 83 55 25 22 32 203 20 5221
leaf_count=28 35 31 20 35 26 82 55 281 56 21 557 83 55 25 22 32 203 20 5221
internal_value=1.00931e-15 -2.55027e-09 -1.43915e-07 -1.96303e-07 -9.77974e-07 -9.10446e-08 -5.735e-07 1.18121e-07 9.38282e-09 1.39978e-07 2.00963e-07 1.30824e-06 -7.49522e-09 -6.3165e-07 -6.22944e-08 -1.33478e-08 4.19563e-09 -4.95698e-07 1.11079e-08
internal_weight=6888 6860 534 514 61 453 137 316 6326 724 703 114 5602 103 78 589 5499 75 5424
internal_count=6888 6860 534 514 61 453 137 316 6326 724 703 114 5602 103 78 589 5499 75 5424
is_linear=0
shrinkage=0.05


Tree=172
num_leaves=31
num_cat=0
split_feature=15 15 8 15 15 12 15 15 8 15 15 15 12 15 27 15 15 9 3 27 15 12 8 6 6 12 15 15 27 22
split_gain=4.1048e-09 2.36548e-08 4.70219e-08 3.73029e-08 2.74475e-08 7.5189e-08 4.4727e-08 3.42639e-08 4.69294e-08 1.87249e-08 1.71827e-08 1.48452e-08 3.93694e-08 1.38897e-07 7.62004e-08 3.86309e-08 1.77504e-08 1.14389e-08 1.12668e-08 1.06149e-08 4.61505e-08 1.72963e-07 1.57297e-08 6.6357e-08 1.31325e-08 1.04414e-08 2.7221e-08 4.36098e-08 3.41072e-08 7.35847e-09
threshold=-0.75013812021657655 -0.84774213365954088 105.0100910826214 -0.8142754349318998 -0.8739740505118182 0.60355339059327384 -0.8611288361322974 -0.88220415136009767 117.12797434739029 -0.88620506325989179 -0.77788789561442695 -0.64580103137750788 0.60355339059327384 -0.6652727025667432 23.166666666666668 -0.71502926860092908 -0.70289845916694649 -2.6339268764671138 15.350000000000003 0.50000000000000011 -0.18493013702746822 0.78656609248549325 115.70595468830687 4.8800000000000016e-06 0.00041935500000000011 0.91597561503675362 0.27487873330147788 0.11478523713130606 99.833333333333357 71.500000000000014
decision_type=2 2 2 2 2 2 2 2 2 2 2 2 2 2 2 2 2 2 2 2 2 2 2 2 2 2 2 2 2 2
left_child=1 4 3 -3 7 -6 -7 9 -9 18 17 12 -2 14 16 -16 -14 -5 -1 20 21 24 23 -22 -13 29 27 -27 -28 -21
right_child=11 2 -4 10 5 6 -8 8 -10 -11 -12 19 13 -15 15 -17 -18 -19 -20 25 22 -23 -24 -25 -26 26 28 -29 -30 -31
leaf_value=-6.0005793513905514e-07 1.6434207117810987e-09 1.8472552111622794e-06 -6.4049542512361747e-08 -7.2220474927624827e-07 4.2878753264370279e-08 -4.1024259070625355e-06 -8.3910290413768964e-07 3.1200667460022182e-06 -3.1462759410140329e-08 -1.3960848337527902e-06 1.1244894205990968e-06 1.7150743280680559e-07 2.9612028294485011e-07 -4.7691095641680261e-06 -3.2070826072023399e-06 -4.7955281709565657e-07 2.3284168600228095e-06 5.4721601330243173e-07 4.7123766841572666e-08 -7.1810587276718574e-08 6.4809250583079832e-09 -3.8041731223086415e-06 -1.0375904986039664e-07 2.6079709073201233e-06 -7.9297139345158033e-07 2.669352707147692e-07 1.7470757787815762e-08 1.8600507438839906e-06 -2.1348894058465227e-06 7.8832234729473221e-08
leaf_weight=71 289 74 260 35 102 21 21 21 27 24 51 120 22 21 21 34 21 36 1273 1603 134 39 379 30 50 247 149 52 21 1640
leaf_count=71 289 74 260 35 102 21 21 21 27 24 51 120 22 21 21 34 21 36 1273 1603 134 39 379 30 50 247 149 52 21 1640
internal_value=6.93239e-16 6.00037e-08 3.76789e-07 9.61574e-07 -3.2595e-08 -6.90267e-07 -2.47076e-06 3.42869e-08 1.34733e-06 -1.17848e-08 4.24357e-07 -2.48291e-08 -3.13526e-07 -1.07894e-06 -2.88185e-07 -1.52097e-06 1.28864e-06 -7.85548e-08 1.29349e-08 1.55714e-09 -1.69744e-07 -8.01103e-07 7.3265e-08 4.82363e-07 -1.12163e-07 3.62604e-08 2.56772e-07 5.43999e-07 -2.48409e-07 4.37018e-09
internal_weight=6888 2016 456 196 1560 144 42 1416 48 1368 122 4872 408 119 98 55 43 71 1344 4464 752 209 543 164 170 3712 469 299 170 3243
internal_count=6888 2016 456 196 1560 144 42 1416 48 1368 122 4872 408 119 98 55 43 71 1344 4464 752 209 543 164 170 3712 469 299 170 3243
is_linear=0
shrinkage=0.05


Tree=173
num_leaves=31
num_cat=0
split_feature=24 19 22 3 2 22 18 22 6 22 8 2 3 8 8 15 19 17 27 8 6 22 5 3 19 23 6 8 8 6
split_gain=4.48348e-09 1.58824e-08 3.86436e-08 4.83847e-08 5.97097e-08 3.69134e-08 7.15368e-08 3.09303e-08 2.20012e-08 2.24525e-08 1.50446e-08 2.68786e-08 1.4395e-08 1.05218e-08 7.47424e-09 3.77216e-08 1.3328e-08 1.3894e-08 1.53022e-08 6.23614e-09 5.825e-09 5.59783e-08 3.82459e-08 1.62927e-08 1.10753e-08 4.54481e-08 1.07975e-08 3.22976e-09 3.67269e-09 9.70399e-09
threshold=0.00037821101705771265 0.00040100500000000001 361.50000000000006 19.150000000000002 129.50000000000003 426.50000000000006 0.00028158000000000008 407.50000000000006 0.00041069500000000004 426.50000000000006 117.12797434739029 127.50000000000001 24.650000000000002 129.53585182048829 102.77591655968864 -0.7444366621422277 0.00060788500000000017 0.88888863595340528 3.8333333333333335 98.149196325191511 0.00016919500000000005 123.50000000000001 4.3500000000000005 15.450000000000001 0.00011278000000000001 60.500000000000007 8.3015000000000017e-05 104.30363909927918 117.12797434739029 0.00067355000000000008
decision_type=2 2 2 2 2 2 2 2 2 2 2 2 2 2 2 2 2 2 2 2 2 2 2 2 2 2 2 2 2 2
left_child=1 8 3 19 12 6 -4 -8 20 -10 11 -7 -5 -12 15 16 -2 -18 -19 -3 24 23 -23 -22 26 -26 -1 -16 29 -29
right_child=14 2 5 4 -6 10 7 -9 9 -11 13 -13 -14 -15 27 -17 17 18 -20 -21 21 22 -24 -25 25 -27 -28 28 -30 -31
leaf_value=-8.9899648681582731e-09 7.8779886933944001e-07 2.936055070298001e-06 -3.4328782045836958e-06 2.2869042694488281e-06 -1.5236775890262574e-06 2.1794354925077643e-06 1.0600250238705183e-06 -1.4784395679612318e-06 -2.3537465114031875e-06 -1.2541454701420208e-07 -9.0276250409294365e-07 3.3479184264222648e-07 5.3643139802754078e-07 1.5458596379508691e-07 5.9164669295341811e-07 -2.4316771464327761e-06 5.2754038927526348e-07 -1.6320675730613029e-07 -1.8121860165365434e-06 1.7405986500307336e-06 2.6259875185985492e-06 -1.3622790047378431e-06 1.1553224737044637e-07 9.7103903040706118e-07 -2.5213417943219116e-06 -1.1242564207132895e-07 5.3056779116027695e-07 -1.2170954850769059e-06 -2.7196482520561851e-08 -6.561942707993364e-08
leaf_weight=3869 32 24 21 23 28 25 30 20 20 26 27 94 24 183 20 20 27 34 24 20 20 50 352 58 22 178 95 24 1421 77
leaf_count=3869 32 24 21 23 28 25 30 20 20 26 27 94 24 183 20 20 27 34 24 20 20 50 352 58 22 178 95 24 1421 77
internal_value=8.79878e-16 2.29023e-08 2.85356e-07 1.07637e-06 3.04136e-07 5.00312e-08 -9.83922e-07 4.46392e-08 -6.14111e-09 -1.09425e-06 2.73164e-07 7.22322e-07 1.39305e-06 1.86412e-08 -7.10531e-08 -4.24977e-07 -8.19516e-08 -4.09387e-07 -8.45543e-07 2.39267e-06 4.63693e-09 1.6957e-07 -6.82751e-08 1.39538e-06 -1.43755e-08 -3.77406e-07 3.94091e-09 -3.96085e-08 -4.79035e-08 -3.39238e-07
internal_weight=6888 5209 519 119 75 400 71 50 4690 46 329 119 47 210 1679 137 117 85 58 44 4644 480 402 78 4164 200 3964 1542 1522 101
internal_count=6888 5209 519 119 75 400 71 50 4690 46 329 119 47 210 1679 137 117 85 58 44 4644 480 402 78 4164 200 3964 1542 1522 101
is_linear=0
shrinkage=0.05


Tree=174
num_leaves=21
num_cat=0
split_feature=24 6 4 8 6 6 5 3 18 21 1 1 1 18 0 8 15 15 21 8
split_gain=4.04932e-09 1.95664e-08 3.26903e-08 3.61539e-08 1.70429e-08 1.52736e-08 1.54457e-08 1.19183e-08 9.87299e-09 9.85943e-09 9.67667e-09 1.82609e-08 1.79607e-08 3.66699e-09 1.04906e-08 4.02065e-09 3.05084e-08 1.06704e-08 2.02777e-09 1.52139e-09
threshold=0.00031250509970022348 0.00047657500000000008 95.500000000000014 118.84717587202074 0.00045723500000000006 0.00049423000000000012 8.0500000000000025 30.150000000000002 0.00028692500000000005 271.00000000000006 651.45000000000016 693.55000000000007 612.55000000000007 0.0003695900000000001 494.50000000000006 103.59314869256782 -0.68432604233786842 -0.88220415136009767 361.50000000000006 117.12797434739029
decision_type=2 2 2 2 2 2 2 2 2 2 2 2 2 2 2 2 2 2 2 2
left_child=1 4 3 5 7 -3 -7 10 -6 -2 12 -12 -1 14 -11 16 17 -15 -17 -20
right_child=9 2 -4 -5 8 6 -8 -9 -10 13 11 -13 -14 15 -16 18 -18 -19 19 -21
leaf_value=4.0400679374094627e-09 -1.1135964810323044e-06 2.6810432809329743e-06 -8.7022603774281989e-07 -2.9972712064357662e-07 -1.7654274220798733e-06 2.245001498408783e-06 4.9388045236732544e-07 1.0440911365324927e-06 -2.1317746245586023e-07 -2.8993135519685659e-07 1.2615896577639064e-06 4.2935028900591009e-08 -1.3398039835124109e-06 -3.000423083993981e-07 1.1077176292708658e-06 3.7103205613675532e-07 -1.7417433806106904e-06 5.6770685190527997e-07 -2.1999883421430195e-07 -3.0692857927525932e-08
leaf_weight=4559 22 23 30 37 21 20 34 28 20 29 44 102 25 103 25 30 30 54 114 1538
leaf_count=4559 22 23 30 37 21 20 34 28 20 29 44 102 25 103 25 30 30 54 114 1538
internal_value=-1.4937e-15 2.4048e-08 5.98328e-07 9.8479e-07 6.81599e-09 1.60203e-06 1.14244e-06 1.55627e-08 -1.00823e-06 -6.11153e-08 9.47418e-09 4.10201e-07 -3.28892e-09 -4.90744e-08 3.57128e-07 -6.08106e-08 -2.80751e-07 -1.58081e-09 -3.63582e-08 -4.37563e-08
internal_weight=6888 4943 144 114 4799 77 54 4758 41 1945 4730 146 4584 1923 54 1869 187 157 1682 1652
internal_count=6888 4943 144 114 4799 77 54 4758 41 1945 4730 146 4584 1923 54 1869 187 157 1682 1652
is_linear=0
shrinkage=0.05


Tree=175
num_leaves=27
num_cat=0
split_feature=14 14 12 12 15 14 14 12 8 15 14 12 14 27 5 15 17 4 8 4 8 4 24 27 7 18
split_gain=4.10154e-09 1.35869e-08 3.57828e-08 1.26886e-08 1.38625e-08 5.21026e-09 2.19969e-08 4.19293e-08 1.85767e-08 2.02675e-08 1.69803e-08 3.18885e-08 1.96993e-08 1.57003e-08 6.57013e-09 7.82933e-09 5.87793e-09 5.54258e-09 4.34539e-09 3.92113e-09 3.18973e-10 1.26918e-10 2.37383e-10 5.27087e-11 2.60882e-11 4.23945e-11
threshold=-0.99763297024448894 -0.99275805973510278 0.78656609248549325 0.37940952255126054 0.011826144619637555 -0.97876850416056738 -0.96689237009891416 0.60355339059327384 90.576085265625622 0.13185577213185923 -0.96235977360714686 0.25881904510252091 -0.95500086777008153 66.833333333333357 2.7500000000000004 0.14888728888808328 0.74472161005804938 29.500000000000004 131.62561396681662 5.5000000000000009 182.19725717217486 8.5000000000000018 0.00020256746987951809 0.50000000000000011 131.77766011380569 2.7925000000000005e-05
decision_type=2 2 2 2 2 2 2 2 2 2 2 2 2 2 2 2 2 2 2 2 2 2 2 2 2 2
left_child=3 2 18 20 19 8 7 16 9 17 11 -8 -12 -9 -10 -16 -7 -3 -2 -5 -1 22 -20 -22 25 -25
right_child=1 5 -4 4 -6 6 10 13 14 -11 12 -13 -14 -15 15 -17 -18 -19 21 -21 23 -23 -24 24 -26 -27
leaf_value=-2.5003348158580962e-07 -5.7678842679820264e-07 8.630778097540315e-07 -2.0234094904481028e-06 6.7167338929399867e-07 1.6482719382161628e-06 1.5967024924397797e-07 -1.4284059509809106e-07 -2.9118749288110329e-06 -8.6254047446454068e-07 2.1501454445233716e-06 -8.1991998289115345e-07 2.4712092840672997e-06 1.2033592778716133e-08 -9.7844081251098814e-07 -1.5455958748082592e-07 6.1854347647527277e-07 -7.0066940159668536e-07 -2.9995802208304668e-07 2.6066175520939466e-07 -2.6202493014114804e-07 1.7933506249919372e-08 6.8507148398566646e-10 6.2393722929006884e-08 -1.4339899578885706e-07 -1.9097071088935993e-08 -5.0601412104889225e-08
leaf_weight=24 32 21 30 23 27 75 28 21 21 23 72 20 6048 21 108 47 27 20 26 22 24 20 36 20 20 32
leaf_count=24 32 21 30 23 27 75 28 21 21 23 72 20 6048 21 108 47 27 20 26 22 24 20 36 20 20 32
internal_value=4.40985e-16 -6.53341e-09 -4.86961e-07 2.27853e-07 7.52601e-07 4.02545e-09 -4.66886e-09 -6.15552e-07 2.32686e-07 9.62169e-07 9.59299e-09 9.46347e-07 2.2459e-09 -1.94516e-06 -3.25809e-08 7.98652e-08 -6.80667e-08 2.95743e-07 -8.26329e-08 2.15199e-07 -8.69964e-08 1.10208e-07 1.45538e-07 -4.62371e-08 -6.76273e-08 -8.62928e-08
internal_weight=6888 6696 144 192 72 6552 6312 144 240 64 6168 48 6120 42 176 155 102 41 114 45 120 82 62 96 72 52
internal_count=6888 6696 144 192 72 6552 6312 144 240 64 6168 48 6120 42 176 155 102 41 114 45 120 82 62 96 72 52
is_linear=0
shrinkage=0.05


Tree=176
num_leaves=31
num_cat=0
split_feature=17 3 27 18 3 8 6 22 8 8 17 8 25 14 17 18 26 14 14 8 7 8 7 14 14 8 6 26 26 8
split_gain=4.02256e-09 6.63013e-08 5.40538e-08 2.82555e-08 3.46936e-08 6.87457e-08 3.13963e-08 1.27585e-08 3.60547e-08 2.25357e-08 1.03701e-08 4.41699e-08 1.63e-08 2.45279e-08 1.45505e-08 3.46649e-08 4.03267e-08 1.2768e-08 4.62735e-08 5.63009e-08 3.975e-08 6.56324e-08 1.79804e-08 1.06408e-08 1.06228e-08 8.52965e-09 2.08116e-08 5.74247e-09 6.61474e-09 5.16348e-09
threshold=0.90602659689568432 15.950000000000001 37.833333333333336 2.5940000000000002e-05 18.450000000000003 141.71046372956297 4.5525000000000009e-05 357.50000000000006 95.832462969806201 95.123362590545796 0.82398527834959245 86.953777572817486 0.00030926429347462851 0.1051661082335764 0.7925369743887799 9.5280000000000009e-05 0.00010357827950077671 0.81428061195174062 0.79904096188274243 148.0505631407099 95.488545939554569 100.82326560581713 98.993601809905883 0.78857998149907527 0.99761913169647187 127.36843394903754 0.00042305500000000003 0.00054661041210009602 0.00064527107422591361 115.70595468830687
decision_type=2 2 2 2 2 2 2 2 2 2 2 2 2 2 2 2 2 2 2 2 2 2 2 2 2 2 2 2 2 2
left_child=10 2 -2 6 5 -5 -3 8 -6 -9 14 12 13 -12 17 16 -16 18 23 -20 21 -19 -22 -1 25 26 -13 29 -29 -17
right_child=1 3 -4 4 7 -7 -8 9 -10 -11 11 24 -14 -15 15 27 -18 20 19 -21 22 -23 -24 -25 -26 -27 -28 28 -30 -31
leaf_value=-2.2574164691710769e-08 -3.9137737041983201e-06 -7.6723794625469364e-08 -2.8173620487152784e-07 -3.5396010638405211e-06 1.573406828197947e-06 -9.856889273779486e-08 2.3128994615507073e-06 -8.5850783771725846e-07 1.0763391879713631e-08 -1.1246847274859613e-08 6.4549646617212175e-07 1.0461185303977122e-06 4.5003486472220785e-07 2.8674731319079508e-06 -5.3431525515179609e-09 7.5663375467627251e-07 -3.0453335076193373e-06 1.550411790743757e-06 -3.1672559150417964e-06 1.1627185543261477e-08 -1.0113768007505418e-06 1.3918994307874359e-07 7.5801407913807541e-09 9.9322587586287312e-07 -1.0524751544103256e-06 -2.9156564576233775e-08 -5.7989863175989906e-08 -1.1936413957733921e-06 2.1473327057227232e-08 -6.3045572874736791e-08
leaf_weight=3059 20 28 21 21 47 47 27 84 172 1195 23 71 36 27 20 25 24 118 26 30 46 273 736 26 21 430 107 21 24 83
leaf_count=3059 20 28 21 21 47 47 27 84 172 1195 23 71 36 27 20 25 24 118 26 30 46 273 736 26 21 430 107 21 24 83
internal_value=2.36583e-16 -6.77554e-08 -2.05346e-06 -1.75309e-08 -5.66523e-08 -1.16124e-06 1.09636e-06 -6.51083e-09 3.46125e-07 -6.68918e-08 2.15479e-08 1.98461e-07 1.26127e-06 1.84536e-06 -6.49305e-09 -4.26715e-07 -1.66352e-06 1.26965e-08 -3.98696e-08 -1.46428e-06 1.53455e-07 5.65083e-07 -5.23585e-08 -1.40131e-08 5.31482e-08 9.13358e-08 3.82413e-07 -7.1033e-08 -5.4558e-07 1.26695e-07
internal_weight=6888 1662 41 1621 1566 68 55 1498 219 1279 5226 715 86 50 4511 197 44 4314 3141 56 1173 391 782 3085 629 608 178 153 45 108
internal_count=6888 1662 41 1621 1566 68 55 1498 219 1279 5226 715 86 50 4511 197 44 4314 3141 56 1173 391 782 3085 629 608 178 153 45 108
is_linear=0
shrinkage=0.05


Tree=177
num_leaves=23
num_cat=0
split_feature=15 27 15 8 15 8 11 3 27 8 5 19 1 20 3 8 18 13 8 27 8 5
split_gain=4.00824e-09 4.3049e-08 7.70105e-09 1.36175e-08 1.1328e-08 3.71168e-08 9.57268e-09 1.37849e-08 7.87977e-09 6.94846e-09 5.42271e-09 2.56579e-08 6.36695e-08 2.10151e-08 1.2824e-08 9.57603e-09 4.78203e-09 7.25012e-09 8.06372e-10 1.99128e-10 2.00624e-10 5.49514e-11
threshold=-0.99938741687870725 31.500000000000004 -0.97507822412530132 104.30363909927918 -0.97111920233974802 107.75581255785256 16.512500000000003 18.250000000000004 5.166666666666667 53.159036283406898 6.1500000000000012 2.7925000000000005e-05 273.60000000000008 1.6355000000000005e-05 10.550000000000002 54.804980431088332 0.0005161050000000001 0.1294095225512602 244.32504087900517 1.8333333333333337 357.25307277430142 5.0500000000000007
decision_type=2 2 2 2 2 2 2 2 2 2 2 2 2 2 2 2 2 2 2 2 2 2
left_child=1 16 3 6 5 -4 -2 9 -9 -8 11 13 -13 -6 -12 -16 17 -1 -5 21 -21 -20
right_child=2 -3 4 18 10 -7 7 8 -10 -11 14 12 -14 -15 15 -17 -18 -19 19 20 -22 -23
leaf_value=1.3010247790762585e-06 -2.7327523260585925e-07 -2.0581346173178016e-06 -2.3526360337200461e-06 1.9700343493627083e-07 1.6253034261443814e-10 4.5011418192357442e-07 6.6769370825508781e-07 9.0788281056187817e-07 1.2294281357472236e-07 1.8803655170476879e-06 1.0181652131624475e-06 -1.6968060481303839e-06 -1.0644645449583942e-07 1.4394119683804374e-06 -2.134905627439683e-07 3.6037110022640935e-08 -2.8596468255996527e-07 6.2308561878778711e-08 -1.9941699974879159e-07 -5.4094491605735564e-08 1.1058606765973742e-07 -1.0513449833591521e-07
leaf_weight=21 36 26 21 33 1035 27 21 47 100 27 32 80 295 26 422 4326 22 27 20 155 21 68
leaf_count=21 36 26 21 33 1035 27 21 47 100 27 32 80 295 26 422 4326 22 27 20 155 21 68
internal_value=-7.64764e-16 -3.20822e-07 4.53458e-09 1.87916e-07 -1.09228e-08 -7.76089e-07 4.75837e-07 6.14134e-07 3.7391e-07 1.34982e-06 -5.01423e-09 -9.02181e-08 -4.45723e-07 3.54316e-08 2.05826e-08 1.38592e-08 3.24466e-07 6.04247e-07 -3.60226e-08 -6.51509e-08 -3.44451e-08 -1.26562e-07
internal_weight=6888 96 6792 528 6264 48 231 195 147 48 6216 1436 375 1061 4780 4748 70 48 297 264 176 88
internal_count=6888 96 6792 528 6264 48 231 195 147 48 6216 1436 375 1061 4780 4748 70 48 297 264 176 88
is_linear=0
shrinkage=0.05


Tree=178
num_leaves=31
num_cat=0
split_feature=14 5 13 27 8 14 27 12 14 12 14 12 14 12 14 8 7 8 7 7 8 12 8 23 1 6 5 8 5 14
split_gain=3.94097e-09 1.64335e-08 2.42146e-08 4.30249e-08 5.82698e-08 1.47363e-08 3.64628e-08 9.0861e-08 3.29843e-08 1.20054e-07 2.85043e-08 7.28712e-08 2.98154e-08 2.23475e-08 1.80267e-08 1.37647e-08 1.33789e-08 1.27815e-08 1.91362e-08 1.01099e-08 7.64802e-09 7.15739e-09 6.98649e-09 4.76648e-09 5.76544e-09 4.14523e-09 2.97863e-09 7.22915e-09 2.75757e-09 2.67275e-09
threshold=0.98667101781630195 8.0500000000000025 -0.12940952255126037 33.500000000000007 111.03009239048184 0.96234642434711437 1.0000000180025095e-35 0.78656609248549325 0.95242846126021108 0.78656609248549325 0.94138322595482449 0.60355339059327384 0.93845596220871974 0.78656609248549325 0.93544191479114935 114.55616008044332 98.158587806253749 100.82326560581713 102.09042446547402 116.10305010382527 262.82106136273711 0.78656609248549325 44.859736310568458 454.00000000000006 374.15000000000003 0.00031510500000000004 6.1500000000000012 173.990495879848 6.3500000000000005 0.99939377080793557
decision_type=2 2 2 2 2 2 2 2 2 2 2 2 2 2 2 2 2 2 2 2 2 2 2 2 2 2 2 2 2 2
left_child=5 2 3 -2 -5 8 13 15 10 25 12 -12 14 26 -1 -8 -9 18 -3 20 -4 22 -21 24 -19 28 -7 -28 -10 -25
right_child=1 17 19 4 -6 6 7 16 9 -11 11 -13 -14 -15 -16 -17 -18 23 -20 21 -22 -23 -24 29 -26 -27 27 -29 -30 -31
leaf_value=-4.637756924808012e-09 8.3787791695721403e-07 2.0936468553145461e-06 1.0772589763377028e-06 -3.2095859076049018e-06 -1.084503009808811e-07 -4.9990655922448972e-07 1.0664385585683207e-06 3.7603741748171159e-06 -1.6242419358792195e-07 -4.3733118263844518e-06 -2.1658315227542979e-08 3.0090925179138143e-06 -1.7649531348122121e-06 -1.7376371571034806e-06 1.3684790507006995e-06 -1.0696529528096568e-07 1.9921590770220223e-06 -7.2696315308947805e-09 -9.3599810355726736e-08 -9.9621291627549613e-07 9.6892373270676735e-09 -1.2240802897438354e-06 8.2867957461966556e-08 7.4598115826293806e-08 -1.0427555304204363e-06 -6.373724823305338e-07 9.2407604199706841e-07 -1.2250209404988144e-07 5.3975237922690345e-07 7.0230655660323431e-07
leaf_weight=5880 21 20 25 33 28 23 33 20 27 20 68 28 24 22 24 103 23 41 20 20 51 21 60 74 20 20 22 66 29 22
leaf_count=5880 21 20 25 33 28 23 33 20 27 20 68 28 24 22 24 103 23 41 20 20 51 21 60 74 20 20 22 66 29 22
internal_value=4.72219e-16 -1.42042e-07 -4.03821e-07 -1.11412e-06 -1.78611e-06 1.00701e-08 3.45259e-07 8.11185e-07 -7.01795e-09 -9.26524e-07 7.63553e-09 8.62311e-07 -6.20536e-09 -2.81815e-07 9.44019e-10 1.77758e-07 2.81458e-06 2.02126e-07 1.00002e-06 -7.47584e-08 3.60863e-07 -4.02553e-07 -1.86902e-07 -1.16026e-09 -3.46773e-07 -1.94748e-08 6.72688e-09 1.39142e-07 2.01203e-07 2.18448e-07
internal_weight=6888 456 259 82 61 6432 312 179 6120 96 6024 96 5928 133 5904 136 43 197 40 177 76 101 80 157 61 76 111 88 56 96
internal_count=6888 456 259 82 61 6432 312 179 6120 96 6024 96 5928 133 5904 136 43 197 40 177 76 101 80 157 61 76 111 88 56 96
is_linear=0
shrinkage=0.05


Tree=179
num_leaves=26
num_cat=0
split_feature=14 14 4 12 5 12 14 5 14 14 12 12 15 27 14 12 14 27 17 8 8 27 15 27 7
split_gain=3.86801e-09 2.19635e-08 5.86485e-08 1.57648e-07 1.14643e-08 2.12156e-08 1.45716e-08 4.94405e-09 4.79261e-09 1.95602e-08 3.73894e-08 1.69843e-08 2.88853e-08 1.95846e-08 1.52807e-08 2.86765e-08 1.77137e-08 1.42035e-08 5.3293e-09 1.07385e-09 6.50881e-10 4.94101e-10 1.70263e-10 1.01056e-10 2.97298e-11
threshold=-0.99630266176052629 -0.99275805973510278 4.5000000000000009 0.37940952255126054 19.750000000000004 0.37940952255126054 -0.99940763397299126 12.350000000000003 -0.97876850416056738 -0.96689237009891416 0.60355339059327384 0.37940952255126054 0.14888728888808328 28.833333333333339 -0.96235977360714686 0.25881904510252091 -0.95500086777008153 66.833333333333357 0.74472161005804938 151.98416661219997 155.50342488737434 1.0000000180025095e-35 0.13185577213185923 1.0000000180025095e-35 117.94257000578899
decision_type=2 2 2 2 2 2 2 2 2 2 2 2 2 2 2 2 2 2 2 2 2 2 2 2 2
left_child=4 2 3 21 5 20 -7 -8 11 10 18 19 13 -13 15 -11 -16 -12 -10 -3 -1 -2 -21 -22 -25
right_child=1 8 -4 -5 -6 6 7 -9 9 14 17 12 -14 -15 16 -17 -18 -19 -20 22 23 -23 -24 24 -26
leaf_value=-3.2780607982983515e-07 -2.35619059670474e-08 -4.1698916230297586e-07 1.0316050966982784e-06 -5.0539443464003854e-06 -8.642619320035604e-07 2.005335104687194e-07 1.0813829967446509e-06 2.1360925632052386e-06 1.5333344381929236e-07 -1.3524708915976396e-07 -2.7555562908110874e-06 1.3035822876853823e-06 2.1344832964166051e-06 -5.1176626724414882e-07 -7.7760773264687638e-07 2.3436557654576973e-06 1.1303436523702368e-08 -9.1659199520947931e-07 -6.6587178618367675e-07 2.5146016492764528e-09 6.617496755752702e-08 3.1550943883376902e-07 -1.1521868329849711e-07 -2.8116169198494074e-08 -8.796909973796119e-08
leaf_weight=21 21 23 31 22 23 36 25 20 75 28 21 24 27 39 72 20 6048 21 27 75 24 22 52 59 32
leaf_count=21 21 23 31 22 23 36 25 20 75 28 21 24 27 39 72 20 6048 21 27 75 24 22 52 59 32
internal_value=-4.27568e-16 -7.11914e-09 -7.57923e-07 -1.61139e-06 1.972e-07 3.09705e-07 9.50316e-07 1.55014e-06 3.88165e-09 -4.45691e-09 -5.80511e-07 2.23186e-07 7.66202e-07 1.79795e-07 8.99183e-09 8.97629e-07 2.02213e-09 -1.83607e-06 -6.3515e-08 -1.02624e-07 -7.18352e-08 1.49916e-07 -4.56912e-08 -2.50927e-08 -4.91634e-08
internal_weight=6888 6648 96 65 240 217 81 45 6552 6312 144 240 90 63 6168 48 6120 42 102 150 136 43 127 115 91
internal_count=6888 6648 96 65 240 217 81 45 6552 6312 144 240 90 63 6168 48 6120 42 102 150 136 43 127 115 91
is_linear=0
shrinkage=0.05


Tree=180
num_leaves=24
num_cat=0
split_feature=15 17 3 27 21 3 21 3 21 17 21 15 16 17 21 14 14 14 13 15 12 26 15
split_gain=3.83991e-09 4.02e-09 5.88651e-08 4.88801e-08 4.08416e-08 2.67704e-08 6.62976e-08 1.41919e-08 1.30817e-08 8.98078e-09 3.49105e-08 2.16415e-08 2.85208e-08 1.36677e-08 3.16378e-08 5.15535e-08 1.07559e-08 4.2144e-08 2.95949e-08 6.56153e-09 1.12255e-08 6.42714e-09 5.32384e-09
threshold=0.98929220549296726 0.90602659689568432 15.950000000000001 37.833333333333336 12.500000000000002 18.450000000000003 201.50000000000003 18.650000000000002 192.50000000000003 0.82398527834959245 116.00000000000001 -0.92272482904738262 212.965 0.7925369743887799 123.50000000000001 0.41398981800788198 0.81428061195174062 0.79904096188274243 -0.12940952255126037 -0.90161545992537195 0.25881904510252091 0.00054661041210009602 -0.85674049181790024
decision_type=2 2 2 2 2 2 2 2 2 2 2 2 2 2 2 2 2 2 2 2 2 2 2
left_child=1 9 3 -3 7 6 -6 -4 -7 13 11 -11 -13 16 15 -15 17 -1 -18 20 -12 -16 -21
right_child=-2 2 4 -5 5 8 -8 -9 -10 10 19 12 -14 14 21 -17 18 -19 -20 22 -22 -23 -24
leaf_value=-7.477654466518336e-09 -6.3134544774356988e-07 -3.7055727014490004e-06 2.3823266577561629e-06 -2.5172326858290989e-07 -3.4461624709969385e-06 5.420556259239656e-07 -1.0027147330889376e-07 5.8637965490892057e-07 -5.2662999120081111e-08 2.4704778715545222e-06 2.7152118409338686e-08 -2.8159500221714882e-07 1.4262980591375006e-06 -2.2331373044082171e-07 1.9940314283933947e-07 -3.4593295456719631e-06 5.4333019840847424e-07 -1.3916117527569747e-06 -1.3180354676887651e-08 -8.1062009100337082e-07 1.059649193061537e-06 -5.2241464582812743e-07 -1.4191995869048178e-08
leaf_weight=3063 24 20 22 21 20 99 57 22 1401 20 81 44 55 32 98 20 334 56 839 22 39 45 454
leaf_count=3063 24 20 22 21 20 99 57 22 1401 20 81 44 55 32 98 20 334 56 839 22 39 45 454
internal_value=4.93891e-16 2.2075e-09 -6.54887e-08 -1.93653e-06 -1.81644e-08 -6.00863e-08 -9.69334e-07 1.48435e-06 -1.34116e-08 2.38359e-08 1.88412e-07 9.70301e-07 6.67234e-07 -2.38915e-09 -4.11794e-07 -1.46794e-06 1.62115e-08 -3.23291e-08 1.4528e-07 3.22967e-08 3.62714e-07 -2.77423e-08 -5.10017e-08
internal_weight=6888 6864 1662 41 1621 1577 77 44 1500 5202 715 119 99 4487 195 52 4292 3119 1173 596 120 143 476
internal_count=6888 6864 1662 41 1621 1577 77 44 1500 5202 715 119 99 4487 195 52 4292 3119 1173 596 120 143 476
is_linear=0
shrinkage=0.05


Tree=181
num_leaves=20
num_cat=0
split_feature=3 3 27 27 12 12 15 12 11 7 4 4 3 12 15 11 15 27 5
split_gain=3.70709e-09 6.41661e-09 1.36793e-08 4.10349e-08 7.18929e-08 2.22943e-08 1.21288e-08 1.25026e-08 7.98566e-09 1.11694e-08 7.45126e-09 5.14456e-09 4.045e-09 1.77995e-08 1.5376e-08 6.57993e-09 2.36765e-08 5.86499e-09 3.41586e-09
threshold=8.7500000000000018 11.750000000000002 53.833333333333336 28.833333333333339 0.91597561503675362 0.91597561503675362 0.41397665785662119 0.78656609248549325 11.903125000000001 127.90922284038207 90.500000000000014 73.500000000000014 12.750000000000002 0.98296291314453421 -0.13398942717002907 14.509375000000002 -0.79904327102181261 99.833333333333357 6.7500000000000009
decision_type=2 2 2 2 2 2 2 2 2 2 2 2 2 2 2 2 2 2 2
left_child=-1 2 3 5 18 -2 7 -4 9 -3 -8 -9 13 14 -10 16 -14 -17 -5
right_child=1 8 6 4 -6 -7 10 11 12 -11 -12 -13 15 -15 -16 17 -18 -19 -20
leaf_value=5.7414686409629218e-07 -3.7870575210620573e-07 1.5469086241637343e-06 -1.6331188066074119e-07 -6.9317122454646913e-07 -3.6529848358668461e-06 1.7139587198755637e-06 -1.1503955720702727e-06 1.6881173360161482e-06 9.1402336563208214e-07 -1.2412280355533768e-07 5.4705525626716208e-08 5.5403665754738541e-07 1.3951901272825175e-06 -1.3843093689506045e-06 -2.3680272805434886e-07 6.0288851298464619e-09 8.7444595717065601e-08 -2.2139443589693949e-07 1.9835299011364527e-07
leaf_weight=28 35 20 36 21 24 20 23 20 35 20 29 20 37 28 170 5465 536 299 22
leaf_count=28 35 20 36 21 24 20 23 20 35 20 29 20 37 28 170 5465 536 299 22
internal_value=8.01994e-17 -2.34346e-09 -2.50995e-07 -6.29836e-07 -1.46066e-06 3.82263e-07 1.10088e-07 5.12682e-07 7.06092e-09 7.11393e-07 -4.7832e-07 1.12108e-06 2.77275e-09 -2.0183e-07 -4.03202e-08 1.02956e-08 1.71889e-07 -5.7684e-09 -2.37043e-07
internal_weight=6888 6860 250 122 67 55 128 76 6610 40 52 40 6570 233 205 6337 573 5764 43
internal_count=6888 6860 250 122 67 55 128 76 6610 40 52 40 6570 233 205 6337 573 5764 43
is_linear=0
shrinkage=0.05


Tree=182
num_leaves=15
num_cat=0
split_feature=14 4 14 14 4 14 12 14 8 14 8 15 1 17
split_gain=3.71196e-09 1.6203e-08 1.03667e-08 4.88167e-09 1.66669e-08 1.35803e-08 4.42001e-08 2.33489e-08 4.19634e-08 2.26441e-08 1.2289e-08 3.22659e-08 1.30315e-09 8.30352e-10
threshold=0.99983759474438971 73.500000000000014 0.99966190462023474 0.98667101781630195 1.0000000180025095e-35 0.98213580174693105 0.60355339059327384 0.97875492728876534 136.7282823065874 0.96234642434711437 117.12797434739029 0.080547328232315238 607.05000000000007 0.84994451103952062
decision_type=2 2 2 2 2 2 2 2 2 2 2 2 2 2
left_child=2 -2 3 5 -5 7 13 9 -9 -1 11 -6 -12 -7
right_child=1 -3 -4 4 10 6 -8 8 -10 -11 12 -13 -14 -15
leaf_value=-6.3886456652334679e-09 -1.4368307206650985e-06 4.0686960945689725e-07 1.0404131018049157e-06 1.1957845683376773e-06 -7.8653491509716003e-08 -3.0810300657435622e-07 2.6231884394941779e-06 -2.8457997075292955e-06 1.5289200282962515e-07 5.450590474113486e-07 3.0965562620721699e-08 -1.7246167913577259e-06 -2.5757709043006117e-07 9.5476804363469321e-08
leaf_weight=6120 22 26 24 21 88 25 21 20 28 192 180 45 50 26
leaf_count=6120 22 26 24 21 88 25 21 20 28 192 180 45 50 26
internal_value=-7.55692e-16 -4.3816e-07 3.0748e-09 -5.77795e-10 -1.73757e-07 9.76129e-09 6.92594e-07 2.0311e-09 -1.09656e-06 1.03854e-08 -2.52987e-07 -6.35558e-07 -3.17611e-08 -1.02356e-07
internal_weight=6888 48 6840 6816 384 6432 72 6360 48 6312 363 133 230 51
internal_count=6888 48 6840 6816 384 6432 72 6360 48 6312 363 133 230 51
is_linear=0
shrinkage=0.05


Tree=183
num_leaves=23
num_cat=0
split_feature=11 14 5 27 8 8 8 14 12 14 8 14 12 14 8 7 23 1 8 14 19 18
split_gain=3.89996e-09 5.12774e-09 1.86421e-08 2.41949e-08 4.45853e-08 7.63963e-08 1.77106e-08 1.22751e-08 3.98906e-08 2.1052e-08 3.78719e-08 2.04773e-08 4.39274e-08 3.07105e-08 1.1664e-08 1.72954e-08 4.18105e-09 5.23293e-09 2.62655e-09 1.02861e-09 7.64817e-10 7.56607e-10
threshold=8.7500000000000018 0.98667101781630195 8.0500000000000025 33.500000000000007 111.03009239048184 79.707600843569097 107.75581255785256 0.98213580174693105 0.60355339059327384 0.97875492728876534 136.7282823065874 0.96234642434711437 0.37940952255126054 0.95752911693909493 100.82326560581713 102.09042446547402 454.00000000000006 374.15000000000003 139.37818040257878 0.99274428880883148 0.00052170500000000002 0.00013093500000000002
decision_type=2 2 2 2 2 2 2 2 2 2 2 2 2 2 2 2 2 2 2 2 2 2
left_child=-1 7 3 6 5 -5 -3 9 20 11 -11 13 -13 -2 15 -4 17 -16 -18 -6 -9 -8
right_child=1 2 14 4 19 -7 21 8 -10 10 -12 12 -14 -15 16 -17 18 -19 -20 -21 -22 -23
leaf_value=5.8889297796278183e-07 3.3641632560058477e-09 1.4718274901394e-06 1.9903838278878539e-06 -2.8134839880067375e-07 1.9996634704328314e-07 -3.5590352581493793e-06 -7.1743640101355302e-08 -2.5276273671093552e-07 2.4920289990047551e-06 -2.7035097633643093e-06 1.4524740667352735e-07 -6.8011903750312789e-08 1.4941694296055631e-06 -1.266341329634694e-06 -5.9749217346107783e-09 -8.9001116805320639e-08 7.0977614427647498e-07 -9.9248271002494447e-07 6.5789280914280459e-08 -1.7382867298874343e-07 1.438237912054774e-07 -4.6876571957454871e-07
leaf_weight=28 6070 22 20 40 26 32 30 31 21 20 28 120 72 48 41 20 20 20 76 63 20 20
leaf_count=28 6070 22 20 40 26 32 30 31 21 20 28 120 72 48 41 20 20 20 76 63 20 20
internal_value=7.48601e-16 -2.40364e-09 -1.69568e-07 -4.72286e-07 -8.13013e-07 -1.7381e-06 2.89619e-07 8.77528e-09 6.57964e-07 1.42365e-09 -1.04173e-06 9.35893e-09 5.17806e-07 -6.59757e-09 1.8847e-07 9.50691e-07 -5.72686e-09 -3.2942e-07 1.99953e-07 -6.46301e-08 -9.72386e-08 -2.30552e-07
internal_weight=6888 6860 430 233 161 72 72 6430 72 6358 48 6310 192 6118 197 40 157 61 96 89 51 50
internal_count=6888 6860 430 233 161 72 72 6430 72 6358 48 6310 192 6118 197 40 157 61 96 89 51 50
is_linear=0
shrinkage=0.05


Tree=184
num_leaves=23
num_cat=0
split_feature=15 14 15 15 11 4 27 12 5 15 25 15 3 15 12 15 1 7 14 19 26 17
split_gain=3.68741e-09 4.24083e-08 6.58657e-09 1.05686e-08 4.40779e-08 1.80163e-08 2.93737e-08 9.96617e-09 1.39917e-08 1.99126e-08 1.14339e-08 9.64181e-09 2.27594e-08 1.25079e-08 7.70827e-09 6.99413e-09 6.28978e-09 5.35459e-09 3.03171e-09 8.5565e-10 1.94693e-09 1.65245e-09
threshold=-0.99938741687870725 -0.015050995721668367 -0.97507822412530132 -0.94137724084408114 15.328125000000002 53.500000000000007 0.50000000000000011 0.60355339059327384 6.7500000000000009 -0.99273797715557011 7.2986032374530325e-05 -0.90531874877253482 16.150000000000002 -0.90161545992537195 0.12940952255126045 -0.85225707553516283 361.2000000000001 111.41172142651621 0.1849296026015865 0.00065165000000000015 0.00054661041210009602 0.85913465596752714
decision_type=2 2 2 2 2 2 2 2 2 2 2 2 2 2 2 2 2 2 2 2 2 2
left_child=1 -1 7 4 -4 6 -6 18 -9 -10 -11 12 -5 -13 -14 -15 17 -3 19 20 -2 -21
right_child=2 16 3 11 5 -7 -8 8 9 10 -12 13 14 15 -16 -17 -18 -19 -20 21 -22 -23
leaf_value=-2.127920222960711e-06 -1.3249514737808896e-08 1.1988707113622703e-06 -2.1460328866851344e-06 1.7054713811586015e-06 3.5539512793972178e-07 9.4418489760488778e-07 -6.9666196441693156e-07 1.3599633951734226e-06 -6.7801997654616859e-07 1.0971720427154321e-06 -2.3043592581534937e-07 -1.1472797960247287e-06 -8.6529935694937326e-08 -2.4343025979546419e-07 4.9350891080934829e-07 9.512422478859995e-09 -2.8680471026681129e-07 9.4573823041682349e-08 4.8472146388726693e-07 5.2109563597468878e-07 -4.8730621706738473e-07 8.8633466116088804e-09
leaf_weight=24 222 23 29 26 116 36 155 37 39 55 23 24 142 288 96 5352 28 21 34 20 24 74
leaf_count=24 222 23 29 26 116 36 155 37 39 55 23 24 142 288 96 5352 28 21 34 20 24 74
internal_value=-1.05328e-16 -3.07714e-07 4.34931e-09 -9.94594e-09 -2.82741e-07 -1.0673e-07 -2.46335e-07 1.73943e-07 5.12469e-07 2.44459e-07 7.05698e-07 5.51615e-09 3.00878e-07 -8.25073e-09 1.47435e-07 -3.4038e-09 2.99021e-07 6.7182e-07 3.45497e-08 -1.04675e-08 -5.94989e-08 1.17849e-07
internal_weight=6888 96 6792 6264 336 307 271 528 154 117 78 5928 264 5664 238 5640 72 44 374 340 246 94
internal_count=6888 96 6792 6264 336 307 271 528 154 117 78 5928 264 5664 238 5640 72 44 374 340 246 94
is_linear=0
shrinkage=0.05


Tree=185
num_leaves=21
num_cat=0
split_feature=11 14 15 13 21 5 5 4 14 14 11 14 27 14 13 21 5 6 20 14
split_gain=3.51373e-09 4.65567e-09 1.98689e-08 2.35776e-08 8.70693e-08 1.89844e-08 1.59819e-08 1.46709e-08 1.106e-08 1.90192e-08 2.40315e-08 1.84411e-08 3.23879e-08 2.78733e-08 1.39634e-08 3.42986e-08 8.21585e-09 5.28585e-09 3.61675e-09 2.16642e-09
threshold=8.7500000000000018 0.98667101781630195 0.029024409397335523 0.60355339059327384 65.500000000000014 10.950000000000001 12.350000000000003 1.0000000180025095e-35 0.98213580174693105 0.97875492728876534 24.503125000000004 0.96234642434711437 48.500000000000007 0.95242846126021108 0.60355339059327384 258.50000000000006 8.0500000000000025 0.0004395300000000001 0.00017869500000000004 0.99552231814189451
decision_type=2 2 2 2 2 2 2 2 2 2 2 2 2 2 2 2 2 2 2 2
left_child=-1 8 5 4 -4 7 -7 -3 9 11 -11 13 -13 -2 15 -10 -9 -6 -8 -5
right_child=1 2 3 19 17 6 18 16 14 10 -12 12 -14 -15 -16 -17 -18 -19 -20 -21
leaf_value=5.5897272659422021e-07 7.2670495197965826e-09 1.1183550852711915e-06 -3.0125695947920878e-06 3.4891750864235722e-08 1.460049477763903e-07 1.9881050876944887e-06 -1.6403621166156365e-07 -5.1911614680528423e-07 2.5601141553527838e-06 -2.2586856114717843e-06 -3.4643010830374502e-09 1.0609324531353512e-07 1.5858254006104744e-06 -8.5147584066488004e-07 -4.6052213099030613e-07 -5.7966337593519529e-08 1.9846922394724705e-07 -7.5240662314709805e-07 7.533295118378192e-07 7.3730758348952596e-07
leaf_weight=28 6022 21 36 21 64 21 21 119 22 21 27 142 50 96 21 29 60 22 22 23
leaf_count=28 6022 21 36 21 64 21 21 119 22 21 27 142 50 96 21 29 60 22 22 23
internal_value=-3.08365e-15 -2.28152e-09 -1.61565e-07 -5.90183e-07 -9.48042e-07 1.07945e-07 8.5748e-07 -1.31906e-07 8.37039e-09 1.39212e-09 -9.90124e-07 8.93455e-09 4.9144e-07 -6.20783e-09 6.24591e-07 1.0714e-06 -2.78585e-07 -8.38213e-08 3.05314e-07 4.02064e-07
internal_weight=6888 6860 430 166 122 264 64 200 6430 6358 48 6310 192 6118 72 51 179 86 43 44
internal_count=6888 6860 430 166 122 264 64 200 6430 6358 48 6310 192 6118 72 51 179 86 43 44
is_linear=0
shrinkage=0.05


Tree=186
num_leaves=31
num_cat=0
split_feature=8 8 27 27 5 14 25 14 27 4 14 7 3 2 5 4 27 8 14 27 8 5 17 27 27 14 8 25 8 7
split_gain=4.01731e-09 4.21937e-08 3.34139e-08 3.62774e-08 2.97913e-08 2.30906e-08 1.06375e-07 4.54273e-08 2.92027e-08 4.99693e-08 2.85736e-08 1.8662e-08 3.82033e-08 1.66718e-08 2.63069e-08 1.32678e-08 8.55297e-09 3.43692e-08 5.45193e-08 4.38572e-08 7.99488e-09 2.55668e-08 2.38577e-08 3.36211e-09 4.03357e-09 2.83732e-09 2.71844e-09 1.38704e-08 2.39017e-09 3.40213e-09
threshold=81.864278336017534 83.952622196820059 83.166666666666671 80.166666666666671 11.550000000000002 0.66527693225344786 2.5192526132404186e-05 0.75580964594513067 1.1666666666666667 4.5000000000000009 -0.96463499255812291 130.13023949947163 17.450000000000003 6.5000000000000009 8.0500000000000025 5.5000000000000009 74.833333333333357 113.42698626310248 -0.93273441465163176 92.833333333333357 113.42698626310248 20.650000000000002 0.88655657882574068 98.833333333333357 87.833333333333357 0.64579916509010216 127.36843394903754 0.00038039084009211581 357.73097872125072 138.40982157864968
decision_type=2 2 2 2 2 2 2 2 2 2 2 2 2 2 2 2 2 2 2 2 2 2 2 2 2 2 2 2 2 2
left_child=2 4 3 5 15 8 7 -7 10 -10 -1 12 13 14 -4 -2 20 18 -18 -20 21 22 -3 24 -13 -25 27 -19 -22 -30
right_child=1 16 11 -5 -6 6 -8 -9 9 -11 -12 23 -14 -15 -16 -17 17 26 19 -21 28 -23 -24 25 -26 -27 -28 -29 29 -31
leaf_value=-1.1032138327881183e-06 1.4972031431170764e-06 3.3563706741054915e-07 2.0859258445315639e-06 -2.2227889429938755e-06 2.5094612830663986e-06 -1.4757173112174784e-06 -3.6777888515378745e-06 8.9037192208531799e-09 -9.488770891247592e-07 6.5184053849249438e-08 8.2236669655802896e-07 -2.5216439230035804e-07 -9.786723754110599e-07 2.5503648232742034e-06 1.345499066328324e-07 -1.2576903680597111e-07 -3.0852895394869764e-06 9.953928900524096e-07 -1.2722396955921749e-06 3.9395806965103476e-07 -4.8664598033246669e-09 1.9410080631132587e-06 -2.3384675888794494e-07 1.0692595196815091e-07 5.7580247571602176e-07 -7.1592680280280716e-07 -1.6370587584088776e-08 -6.2540240441742103e-07 6.1598639364534836e-07 -1.1451655994270432e-07
leaf_weight=22 20 512 31 21 27 62 24 305 150 639 155 24 21 23 39 34 22 33 78 80 3295 20 287 20 38 22 797 22 37 28
leaf_count=22 20 512 31 21 27 62 24 305 150 639 155 24 21 23 39 34 22 33 78 80 3295 20 287 20 38 22 797 22 37 28
internal_value=1.42637e-15 2.097e-08 -6.9532e-08 -1.60528e-07 1.15337e-06 -1.28614e-07 -4.52802e-07 -2.41904e-07 2.60578e-09 -1.27603e-07 5.83029e-07 5.05661e-07 9.47521e-07 1.38247e-06 9.98731e-07 4.75332e-07 3.36782e-09 -1.25536e-07 -7.53302e-07 -4.28595e-07 3.52004e-08 1.75278e-07 1.31079e-07 2.13142e-08 2.55299e-07 -3.24092e-07 7.09126e-09 3.47075e-07 1.05656e-09 3.01308e-07
internal_weight=6888 5292 1596 1378 81 1357 391 367 966 789 177 218 114 93 70 54 5211 1032 180 158 4179 819 799 104 62 42 852 55 3360 65
internal_count=6888 5292 1596 1378 81 1357 391 367 966 789 177 218 114 93 70 54 5211 1032 180 158 4179 819 799 104 62 42 852 55 3360 65
is_linear=0
shrinkage=0.05


Tree=187
num_leaves=25
num_cat=0
split_feature=15 24 11 12 4 17 3 26 17 21 17 11 12 3 18 24 9 1 21 17 20 26 21 5
split_gain=3.60639e-09 3.81575e-09 2.01917e-08 1.48679e-08 4.77531e-08 9.57354e-09 4.59016e-08 5.28774e-08 1.54001e-08 2.04095e-08 8.54754e-09 8.04722e-09 5.50481e-09 4.10495e-08 5.90121e-09 2.28249e-09 1.50198e-09 1.35514e-09 4.62451e-09 3.40251e-09 1.25533e-09 9.3242e-10 6.71461e-10 4.12636e-10
threshold=0.98929220549296726 0.00037821101705771265 39.990625000000009 0.25881904510252091 22.500000000000004 0.90602659689568432 15.050000000000002 0.00033920445026603866 0.83559309807107451 188.50000000000003 0.74472161005804938 44.203125000000007 0.37940952255126054 22.950000000000003 0.00044199500000000009 0.00028393142256593213 80.060618111620343 837.45000000000016 629.50000000000011 0.9901945763414276 0.00069368500000000009 0.00064855887501202066 720.50000000000011 12.050000000000002
decision_type=2 2 2 2 2 2 2 2 2 2 2 2 2 2 2 2 2 2 2 2 2 2 2 2
left_child=1 2 5 15 11 8 -7 -8 10 -10 -1 -5 16 -14 -15 20 17 19 -19 -3 -4 -18 -17 -23
right_child=-2 12 3 4 -6 6 7 -9 9 -11 -12 -13 13 14 -16 22 21 18 -20 -21 -22 23 -24 -25
leaf_value=1.9615638002500824e-08 -6.1184709186553241e-07 -5.7160936194966078e-08 2.1000112292178376e-07 8.0204450366099738e-07 3.0766462519490492e-06 -2.1800634325838281e-06 1.7618473561084856e-07 -1.3169514515551681e-06 8.2872661087360646e-07 -1.01475840495588e-08 -2.503377419062881e-07 -3.5234069348287169e-07 -1.9371341044587036e-06 -9.3804603942260204e-08 1.106268607708487e-06 -2.8356188423794308e-07 -7.8245068853751353e-08 -6.3173977941372934e-07 -6.7581814892261783e-08 2.4682658958674608e-07 6.1289979666804397e-07 4.2780575095134416e-07 6.5582917851969577e-08 1.3460645389852203e-07
leaf_weight=3910 24 1158 58 36 21 28 336 72 134 158 317 26 29 20 21 21 24 43 234 100 29 28 40 21
leaf_count=3910 24 1158 58 36 21 28 336 72 134 158 317 26 29 20 21 21 24 43 234 100 29 28 40 21
internal_value=-8.28393e-16 2.13932e-09 2.33449e-08 4.80281e-07 1.01593e-06 2.04277e-09 -2.21707e-07 -8.73099e-08 2.36305e-08 3.74815e-07 -6.29269e-10 3.17947e-07 -6.33984e-08 -4.97448e-07 5.20867e-07 1.79883e-07 -4.45033e-08 -5.50415e-08 -1.55159e-07 -3.29966e-08 3.44301e-07 1.77088e-07 -5.46145e-08 3.02149e-07
internal_weight=6888 6864 5186 231 83 4955 436 408 4519 292 4227 62 1678 70 41 148 1608 1535 277 1258 87 73 61 49
internal_count=6888 6864 5186 231 83 4955 436 408 4519 292 4227 62 1678 70 41 148 1608 1535 277 1258 87 73 61 49
is_linear=0
shrinkage=0.05


Tree=188
num_leaves=27
num_cat=0
split_feature=8 8 27 27 14 14 7 7 14 14 9 7 3 0 14 14 27 8 14 18 26 27 27 27 14 14
split_gain=3.69701e-09 3.7705e-08 3.02618e-08 3.27464e-08 2.61123e-08 2.07908e-08 4.13988e-08 3.21095e-08 2.46232e-08 6.95784e-08 2.94998e-08 1.69148e-08 3.43826e-08 1.51801e-08 1.1752e-08 8.01109e-09 8.62378e-09 4.19454e-08 7.65978e-09 7.6468e-09 1.99337e-08 3.67913e-09 3.03992e-09 3.64799e-09 2.56068e-09 2.31494e-09
threshold=81.864278336017534 83.952622196820059 83.166666666666671 80.166666666666671 0.84313847884979054 0.90892735371523092 99.872220768261101 110.60334028753151 0.76696112484652046 0.66527693225344786 -4.9740177647715198 130.13023949947163 17.450000000000003 7.5000000000000009 -0.28622038059279059 0.99983759474438971 99.833333333333357 108.64304524185037 0.85226249403558707 0.0003695900000000001 0.00038483116757701463 65.500000000000014 98.833333333333357 87.833333333333357 0.64579916509010216 0.25206111083856975
decision_type=2 2 2 2 2 2 2 2 2 2 2 2 2 2 2 2 2 2 2 2 2 2 2 2 2 2
left_child=2 4 3 5 14 8 -7 -8 9 -1 -10 12 13 18 -2 16 19 -18 -4 20 -3 -21 23 -13 -24 -19
right_child=1 15 11 -5 -6 6 7 -9 10 -11 -12 22 -14 -15 -16 -17 17 25 -20 21 -22 -23 24 -25 -26 -27
leaf_value=1.4445999695753751e-09 1.2592674610709032e-06 3.6221183381484521e-08 1.4277813014504809e-06 -2.1126303527992043e-06 2.6584265970086563e-06 -2.7001534882791539e-06 1.4353018315205191e-06 -6.1105091948073843e-07 1.0587912877601591e-06 -1.4906985579025735e-06 -9.4543618754118064e-07 -2.4053695574603277e-07 -9.2598179002206523e-07 2.4284047412947984e-06 -1.2892314941836959e-07 -7.1985005994864978e-07 -1.8298119437384082e-06 2.0970217251677546e-07 3.7785142943391752e-07 -2.5735314865857883e-08 5.1941843910056825e-07 -2.2041238851298336e-07 1.0059887557645199e-07 5.468624521729354e-07 -6.8111123296561842e-07 -1.2596096655857851e-07
leaf_weight=966 31 2808 38 21 20 21 22 149 91 85 23 24 21 23 30 38 37 75 32 1572 231 287 20 38 22 163
leaf_count=966 31 2808 38 21 20 21 22 149 91 85 23 24 21 23 30 38 37 75 32 1572 231 287 20 38 22 163
internal_value=-1.77655e-16 2.01166e-08 -6.67026e-08 -1.533e-07 1.09059e-06 -1.22979e-07 -6.05069e-07 -3.47777e-07 -4.3527e-08 -1.19233e-07 6.5443e-07 4.80688e-07 9.01356e-07 1.31398e-06 5.76551e-07 3.4771e-09 8.79054e-09 -2.63662e-07 9.47813e-07 2.40875e-08 7.29499e-08 -5.57904e-08 1.95713e-08 2.42063e-07 -3.08868e-07 -2.01848e-08
internal_weight=6888 5292 1596 1378 81 1357 192 171 1165 1051 114 218 114 93 61 5211 5173 275 70 4898 3039 1859 104 62 42 238
internal_count=6888 5292 1596 1378 81 1357 192 171 1165 1051 114 218 114 93 61 5211 5173 275 70 4898 3039 1859 104 62 42 238
is_linear=0
shrinkage=0.05


Tree=189
num_leaves=27
num_cat=0
split_feature=14 14 4 12 15 12 14 15 14 14 12 19 8 15 14 12 14 7 15 4 4 15 8 14 4 12
split_gain=3.407e-09 2.01433e-08 5.24862e-08 1.41744e-07 1.0991e-08 1.86252e-08 1.31889e-08 6.47561e-09 4.3596e-09 1.72051e-08 3.28718e-08 1.80001e-08 1.56297e-08 1.78304e-08 1.35906e-08 2.53852e-08 1.56651e-08 5.21865e-09 1.66209e-08 6.09794e-09 4.78341e-09 4.49523e-10 4.40771e-10 3.72464e-10 8.83082e-11 3.75799e-11
threshold=-0.99630266176052629 -0.99275805973510278 4.5000000000000009 0.37940952255126054 0.063390085881955341 0.37940952255126054 -0.99866806308218525 1.0000000180025095e-35 -0.97876850416056738 -0.96689237009891416 0.25881904510252091 0.00012218000000000003 90.576085265625622 0.13185577213185923 -0.96235977360714686 0.25881904510252091 -0.95500086777008153 103.33276729460415 0.14888728888808328 19.500000000000004 29.500000000000004 -0.22700609751797865 155.50342488737434 -0.99467753128998015 1.0000000180025095e-35 -0.5
decision_type=2 2 2 2 2 2 2 2 2 2 2 2 2 2 2 2 2 2 2 2 2 2 2 2 2 2
left_child=4 2 3 23 5 22 7 -7 12 10 21 -12 13 20 15 -11 -16 18 -14 -19 -3 -10 -1 -2 -24 -26
right_child=1 8 -4 -5 -6 6 -8 -9 9 14 11 -13 17 -15 16 -17 -18 19 -20 -21 -22 -23 24 -25 25 -27
leaf_value=-2.6653463517075954e-07 2.8078511184823829e-07 7.8411493553804116e-07 9.672047415077238e-07 -4.797371636041962e-06 -8.3001140736745557e-07 -1.0141711431149109e-07 1.7995570209029245e-06 9.9365660141167466e-07 2.5767798278611815e-07 -1.2522825686422935e-07 -8.258381670422921e-07 -2.6629626489693693e-06 -2.4465467781908169e-07 1.996404147496872e-06 -7.3122144369127306e-07 2.2070862073064748e-06 1.066899764151707e-08 -1.137228665921697e-06 9.9977739554974619e-07 -1.7401797256224523e-08 -2.9633915730187257e-07 1.2312901864565607e-08 4.1434391801081927e-08 -1.3606633669518316e-08 -7.8854048703821118e-08 -5.3900649277238704e-09
leaf_weight=22 22 21 31 22 24 27 27 27 28 28 40 20 86 23 72 20 6048 20 39 31 20 56 37 21 49 27
leaf_count=22 22 21 31 22 24 27 27 27 28 28 40 20 86 23 72 20 6048 20 39 31 20 56 37 21 49 27
internal_value=-1.07887e-15 -6.68143e-09 -7.25701e-07 -1.53309e-06 1.85076e-07 2.97863e-07 8.97266e-07 4.4612e-07 3.85365e-09 -4.0993e-09 -5.44363e-07 -1.43821e-06 2.13016e-07 8.82139e-07 8.51386e-09 8.46569e-07 1.94087e-09 -3.03012e-08 1.43608e-07 -4.5655e-07 2.57064e-07 9.41013e-08 -6.17783e-08 1.37012e-07 -2.19142e-08 -5.2755e-08
internal_weight=6888 6648 96 65 240 216 81 54 6552 6312 144 60 240 64 6168 48 6120 176 125 51 41 84 135 43 113 76
internal_count=6888 6648 96 65 240 216 81 54 6552 6312 144 60 240 64 6168 48 6120 176 125 51 41 84 135 43 113 76
is_linear=0
shrinkage=0.05


Tree=190
num_leaves=31
num_cat=0
split_feature=8 27 7 3 14 7 14 27 14 3 27 7 8 22 24 11 14 14 14 3 14 3 3 14 27 8 24 6 21 14
split_gain=3.49076e-09 2.90126e-08 2.59289e-08 4.77771e-08 2.34557e-08 5.92403e-08 2.86587e-08 2.60196e-08 3.6425e-08 5.07932e-08 2.34604e-08 2.22094e-08 1.94088e-08 4.06657e-08 3.21963e-08 2.05961e-08 2.22518e-08 1.92164e-08 1.8118e-08 1.67e-08 1.28014e-08 1.14244e-08 9.54654e-09 7.25134e-09 7.69902e-09 3.79113e-08 7.28887e-09 2.63646e-08 1.31065e-08 7.00953e-09
threshold=80.591617775109953 87.500000000000014 114.4056598535895 14.850000000000003 0.90892735371523092 100.69835375132071 0.9962888416657264 0.50000000000000011 0.83849049182116964 11.750000000000002 68.500000000000014 114.00872722999988 83.952622196820059 182.50000000000003 0.00023079786489360081 13.956250000000002 0.76696112484652046 0.97696484778429815 0.94138322595482449 11.250000000000002 0.86548282553247169 19.350000000000005 21.450000000000003 0.99983759474438971 99.833333333333357 108.64304524185037 0.00024820562454800683 0.00037221500000000007 246.50000000000003 -0.88267927862199647
decision_type=2 2 2 2 2 2 2 2 2 2 2 2 2 2 2 2 2 2 2 2 2 2 2 2 2 2 2 2 2 2
left_child=1 4 3 -3 7 -6 17 11 10 -10 -9 22 13 15 -15 -2 29 -7 20 -8 -4 -13 -1 24 26 -26 27 -14 -28 -17
right_child=12 2 18 -5 5 6 19 8 9 -11 -12 21 23 14 -16 16 -18 -19 -20 -21 -22 -23 -24 -25 25 -27 28 -29 -30 -31
leaf_value=2.0605342553136765e-06 4.353141944361765e-08 3.2542472788257079e-06 1.3321466248431286e-07 2.0757519553538464e-07 -3.2210860376835628e-06 -2.2521421220674568e-07 1.5979560148480234e-06 -1.3431668396502904e-07 -6.9211509368799925e-07 2.1759178453940072e-06 -9.2277659950467589e-07 -3.3868394417879703e-07 4.0363901815181261e-08 -1.9950299474658095e-06 7.4204173878505189e-07 1.709325950400853e-06 2.9798148602822042e-06 -1.4297765119408724e-06 1.4128024084605137e-06 -3.1465599537991044e-07 -1.3034460729954845e-06 7.5978125218304147e-07 6.7431411160921182e-07 -6.8439103183723821e-07 -1.7375279707561572e-06 -1.7119485382241016e-08 -9.3309569495004767e-07 7.394309070893452e-07 -3.0138110287443036e-08 4.2944424120358473e-07
leaf_weight=27 27 22 69 31 20 81 25 858 26 38 106 56 2687 22 21 20 22 56 22 21 20 41 23 38 37 238 41 142 2028 23
leaf_count=27 27 22 69 31 20 81 25 858 26 38 106 56 2687 22 21 20 22 56 22 21 20 41 23 38 37 238 41 142 2028 23
internal_value=-9.91197e-16 -6.62759e-08 5.62395e-07 1.47223e-06 -1.41096e-07 -6.37391e-07 -3.5502e-07 -5.5353e-08 -1.44327e-07 1.01078e-06 -2.21015e-07 5.6686e-07 1.91166e-08 6.11017e-07 -6.58321e-07 1.20429e-06 1.68646e-06 -7.1759e-07 1.27969e-07 7.24807e-07 -1.8963e-07 1.25616e-07 1.42287e-06 3.78241e-09 8.83762e-09 -2.48593e-07 2.32911e-08 7.54532e-08 -4.80314e-08 1.02474e-06
internal_weight=6888 1542 164 53 1378 203 183 1175 1028 64 964 147 5346 135 43 92 65 137 111 46 89 97 50 5211 5173 275 4898 2829 2069 43
internal_count=6888 1542 164 53 1378 203 183 1175 1028 64 964 147 5346 135 43 92 65 137 111 46 89 97 50 5211 5173 275 4898 2829 2069 43
is_linear=0
shrinkage=0.05


Tree=191
num_leaves=22
num_cat=0
split_feature=3 3 27 27 13 15 15 14 8 8 11 27 15 4 3 8 27 11 15 8 7
split_gain=3.36463e-09 4.20506e-09 1.32334e-08 3.40693e-08 6.12123e-08 1.48392e-08 1.16934e-08 2.99484e-08 2.60277e-08 8.86714e-09 6.60806e-09 2.20834e-08 2.89341e-08 1.25717e-08 1.2361e-08 2.34484e-08 2.07581e-08 6.00563e-09 2.06991e-08 6.79519e-09 3.29528e-09
threshold=8.7500000000000018 11.750000000000002 53.833333333333336 28.833333333333339 0.37940952255126048 0.14888728888808328 0.41397665785662119 0.93845596220871974 84.804716948795075 93.005165608530163 12.325000000000001 6.5000000000000009 -0.13398942717002907 89.500000000000014 12.750000000000002 106.86421211404389 51.166666666666679 14.509375000000002 -0.79904327102181261 59.752354094569064 103.33276729460415
decision_type=2 2 2 2 2 2 2 2 2 2 2 2 2 2 2 2 2 2 2 2 2
left_child=-1 2 3 5 -5 -2 7 -4 -9 -8 11 -3 -13 -14 15 16 -12 18 -16 -19 -17
right_child=1 10 6 4 -6 -7 9 8 -10 -11 14 12 13 -15 17 20 -18 19 -20 -21 -22
leaf_value=5.4698459085297406e-07 1.3519316963452675e-06 -1.1598905403786831e-06 2.2077733115111184e-06 -3.0115611750147765e-06 2.7681832264263634e-08 -3.2451071609268016e-07 -9.8525215880348085e-07 1.1116603585693297e-06 -1.0497386298879975e-06 3.3632196450836007e-07 -2.5477421252162457e-07 2.3645296991503528e-06 6.2928503210045045e-07 -7.1848086318955975e-07 1.3071068414737475e-06 8.7385419234919946e-07 -1.7625893108396712e-06 -1.6613407673643547e-07 8.4350101155848246e-08 1.2032579913445903e-08 6.9312830258841793e-08
leaf_weight=28 22 20 20 30 37 33 30 26 30 22 50 20 62 24 37 20 42 597 536 5167 35
leaf_count=28 22 20 20 30 37 33 30 26 30 22 50 20 62 24 37 20 42 597 536 5167 35
internal_value=-1.52204e-15 -2.23259e-09 -2.03524e-07 -5.76139e-07 -1.33317e-06 3.46066e-07 1.51625e-07 5.46927e-07 -4.6232e-08 -4.26125e-07 5.38054e-09 3.64007e-07 6.51535e-07 2.53164e-07 -1.58845e-09 -4.5486e-07 -9.43125e-07 8.92613e-09 1.63306e-07 -6.42084e-09 3.61873e-07
internal_weight=6888 6860 250 122 67 55 128 76 56 52 6610 126 106 86 6484 147 92 6337 573 5764 55
internal_count=6888 6860 250 122 67 55 128 76 56 52 6610 126 106 86 6484 147 92 6337 573 5764 55
is_linear=0
shrinkage=0.05


Tree=192
num_leaves=29
num_cat=0
split_feature=15 14 15 12 7 15 3 4 15 3 5 12 12 15 12 27 15 4 15 20 14 12 12 17 4 5 3 13
split_gain=3.30189e-09 3.81017e-08 5.77174e-09 1.47544e-08 1.36032e-08 2.42016e-08 8.67821e-09 9.01746e-09 8.48484e-09 3.7307e-08 9.24966e-08 1.02803e-07 2.68243e-08 8.45839e-09 2.02503e-08 2.04998e-08 1.20914e-08 4.60538e-08 3.30734e-08 8.21742e-09 7.05646e-09 1.12977e-08 8.22968e-09 5.67573e-09 2.23109e-09 1.95034e-09 1.3255e-09 7.3274e-10
threshold=-0.99938741687870725 -0.015050995721668367 -0.97874870457683594 0.60355339059327384 93.044494271700145 -0.99273797715557011 21.250000000000004 19.500000000000004 -0.94137724084408114 21.850000000000005 10.850000000000003 0.60355339059327384 0.78656609248549325 -0.90531874877253482 0.78656609248549325 39.833333333333336 -0.85225707553516283 25.500000000000004 -0.8142754349318998 0.00041664000000000008 0.21862473630160603 -0.25881904510252113 1.0000000180025095e-35 0.75623287175206511 20.500000000000004 17.350000000000005 29.850000000000005 -0.78656609248549325
decision_type=2 2 2 2 2 2 2 2 2 2 2 2 2 2 2 2 2 2 2 2 2 2 2 2 2 2 2 2
left_child=1 -1 3 25 6 -6 7 -5 9 10 11 -4 -12 14 19 -16 17 -15 -18 -10 22 -22 -11 24 -3 26 27 -2
right_child=2 23 8 4 5 -7 -8 -9 13 20 12 -13 -14 16 15 -17 18 -19 -20 -21 21 -23 -24 -25 -26 -27 -28 -29
leaf_value=-2.0164938395813199e-06 1.2253298242610571e-07 3.0756102989748515e-07 -1.1751290084284414e-07 2.2291349014700417e-06 -8.7532743345325971e-07 1.0120351334665299e-06 2.2678803950560407e-07 8.7822360152737634e-07 -1.6432788465989022e-07 -1.1293423314363123e-08 -1.9577464824175891e-07 -3.8790328219944895e-06 1.9324991563962611e-06 2.0414855419426345e-08 3.7780815848892045e-07 2.364712396402389e-06 6.5525906065705408e-07 -1.428498537292075e-06 -1.3072159118471046e-08 4.9995697772483741e-07 2.5520278206390058e-07 -1.2895139542479228e-06 6.5732821001294604e-07 -2.1241033122398891e-07 1.0544024655700923e-06 4.601105860614828e-07 -4.2129077975178441e-07 -5.6573644955129962e-08
leaf_weight=24 77 20 34 21 33 35 21 30 139 99 57 39 20 241 34 21 192 71 5160 70 29 20 86 32 20 21 21 221
leaf_count=24 77 20 34 21 33 35 21 30 139 99 57 39 20 241 34 21 192 71 5160 70 29 20 86 32 20 21 21 221
internal_value=3.49449e-16 -2.91185e-07 4.11568e-09 1.71258e-07 6.03261e-07 9.61092e-08 1.08224e-06 1.43448e-06 -8.59478e-09 -2.36365e-07 -8.51913e-07 -2.12709e-06 3.57024e-07 6.15955e-09 2.82802e-07 1.13644e-06 -6.73482e-09 -3.09306e-07 1.09038e-08 5.81599e-08 1.58217e-07 -3.75294e-07 2.99525e-07 2.83919e-07 6.80982e-07 -6.62506e-09 -3.73506e-08 -1.02944e-08
internal_weight=6888 96 6792 480 140 68 72 51 6312 384 150 73 77 5928 264 55 5664 312 5352 209 234 49 185 72 40 340 319 298
internal_count=6888 96 6792 480 140 68 72 51 6312 384 150 73 77 5928 264 55 5664 312 5352 209 234 49 185 72 40 340 319 298
is_linear=0
shrinkage=0.05


Tree=193
num_leaves=23
num_cat=0
split_feature=8 8 22 15 19 22 11 6 25 5 5 12 8 4 4 17 15 8 5 8 3 8
split_gain=3.31036e-09 3.18538e-08 2.74554e-08 5.11412e-08 3.76298e-08 3.0915e-08 9.67302e-08 6.72387e-08 2.75431e-08 2.5745e-08 2.18024e-08 1.23882e-08 7.21197e-09 2.50118e-08 3.19056e-08 3.36628e-08 2.47112e-08 1.08039e-08 1.39641e-08 1.02541e-08 3.68096e-08 1.76412e-08
threshold=81.864278336017534 83.952622196820059 182.50000000000003 -0.91939278948206182 0.00028579000000000007 33.500000000000007 25.106250000000006 8.3015000000000017e-05 0.00039211270632282181 11.850000000000003 2.1500000000000008 0.91597561503675362 88.356080700843151 87.500000000000014 25.500000000000004 0.9584814073018072 -0.013976481981245173 89.864064250933993 12.050000000000002 91.341464676511251 16.850000000000005 92.004444205745941
decision_type=2 2 2 2 2 2 2 2 2 2 2 2 2 2 2 2 2 2 2 2 2 2
left_child=2 9 4 8 5 7 -7 10 -4 11 -1 -2 13 14 15 -3 -16 18 -14 20 -19 -21
right_child=1 12 3 -5 -6 6 -8 -9 -10 -11 -12 -13 17 -15 16 -17 -18 19 -20 21 -22 -23
leaf_value=9.6346761909792223e-07 -2.6047571928470905e-07 -1.2328964164881279e-07 -1.4097680659255103e-06 -3.1749366962685598e-06 1.795081957161366e-06 -3.4056805445827731e-06 5.3034906536318838e-07 2.6172722262648072e-06 1.1217983447861259e-06 2.337083704333054e-06 -8.9455033499095771e-08 1.2354749844973868e-06 1.019021616892079e-07 -1.6236560706299015e-06 1.7912698587772205e-06 -2.4031870125895697e-06 -4.0278225967648768e-07 -1.8021857473990344e-06 1.7669201014314241e-06 1.2895830877823756e-06 8.378083091132714e-07 7.9953660281749221e-09
leaf_weight=51 31 85 21 20 28 27 37 24 22 25 1366 25 34 30 33 20 21 31 20 27 23 4887
leaf_count=51 31 85 21 20 28 27 37 24 22 25 1366 25 34 30 33 20 21 31 20 27 23 4887
internal_value=5.15381e-16 1.90357e-08 -6.31182e-08 -1.0861e-06 -2.10779e-08 -5.48669e-08 -1.13016e-06 -7.10909e-09 -1.14548e-07 1.00295e-06 -5.15587e-08 4.07359e-07 3.74159e-09 -2.99469e-07 -4.96219e-08 -5.57556e-07 9.38027e-07 1.51527e-08 7.18575e-07 7.50683e-09 -6.77744e-07 1.50371e-08
internal_weight=6888 5292 1596 63 1533 1505 64 1441 43 81 1417 56 5211 189 159 105 54 5022 54 4968 54 4914
internal_count=6888 5292 1596 63 1533 1505 64 1441 43 81 1417 56 5211 189 159 105 54 5022 54 4968 54 4914
is_linear=0
shrinkage=0.05


Tree=194
num_leaves=31
num_cat=0
split_feature=17 23 18 12 17 12 22 17 12 25 22 27 25 17 18 26 9 15 15 15 9 7 26 26 2 25 24 12 20 0
split_gain=3.25872e-09 1.21258e-08 1.51947e-08 1.46538e-08 7.46752e-09 3.22464e-08 1.09825e-08 7.30073e-09 2.01882e-08 1.69072e-08 3.55323e-08 2.6487e-08 1.90068e-08 1.11045e-08 2.80738e-08 3.44362e-08 7.23248e-09 1.07201e-08 5.48381e-08 3.19883e-08 8.88778e-09 7.22115e-09 4.77405e-09 5.78236e-09 4.68405e-09 5.06876e-09 1.01667e-08 4.26586e-09 4.09083e-09 3.87433e-09
threshold=0.90602659689568432 9.5000000000000018 1.0000000180025095e-35 0.78656609248549325 0.9262843863486051 0.60355339059327384 357.50000000000006 0.82398527834959245 0.60355339059327384 0.00029710350087074311 156.50000000000003 17.500000000000004 0.00010154889593515453 0.7925369743887799 9.5280000000000009e-05 0.00010357827950077671 -13.146522644453039 -0.54219087765047058 -0.48313741114591585 -0.68432604233786842 -13.389986559120365 103.66950045185349 0.00054661041210009602 0.00064527107422591361 250.50000000000003 0.00062058274066632303 0.00047853017035135885 0.37940952255126054 0.00042862000000000005 832.50000000000011
decision_type=2 2 2 2 2 2 2 2 2 2 2 2 2 2 2 2 2 2 2 2 2 2 2 2 2 2 2 2 2 2
left_child=7 -2 -3 4 5 -4 -6 13 24 10 12 -11 -10 16 15 -15 20 19 -19 -18 21 -1 28 -24 25 27 -27 -9 -16 -26
right_child=1 2 3 -5 6 -7 -8 8 9 11 -12 -13 -14 14 22 -17 17 18 -20 -21 -22 -23 23 -25 29 26 -28 -29 -30 -31
leaf_value=8.7431965176485642e-07 -1.2270437131983221e-06 1.2307580084819601e-06 -1.2397908797636323e-07 -1.0209314415859785e-06 3.4095204245874668e-07 -2.2136431749686381e-06 -5.4177386914292816e-08 -1.1277865065812607e-09 1.5351795416956355e-06 1.0336958273280918e-06 2.4527924242789823e-06 -1.3235732043623019e-06 -3.3023941309945968e-07 4.8023771910266084e-08 -1.1158846495477696e-07 -2.76117867935947e-06 1.3486135125347549e-07 1.8235960831151836e-06 1.1050434619448687e-07 -7.6032987954689732e-07 -9.3953181590222812e-07 -3.5262421993579904e-08 -1.0897533779617522e-06 4.6338551425625005e-08 1.0476931285552381e-06 -1.3475355036973723e-06 -4.0226597540350065e-08 4.3922506243743167e-07 5.2251195464028886e-07 1.0542658367048337e-07
leaf_weight=22 22 23 240 39 209 20 1109 391 22 26 32 22 36 20 67 24 409 49 1002 132 27 2673 21 24 20 20 58 64 41 24
leaf_count=22 22 23 240 39 209 20 1109 391 22 26 32 22 36 20 67 24 409 49 1002 132 27 2673 21 24 20 20 58 64 41 24
internal_value=-1.9256e-16 -6.0984e-08 -4.53418e-08 -6.34928e-08 -3.98299e-08 -2.84722e-07 8.47971e-09 1.93945e-08 1.67835e-07 7.11103e-07 1.11527e-06 -4.67191e-08 3.77333e-07 -4.13354e-09 -3.71238e-07 -1.48427e-06 1.26304e-08 9.72841e-08 1.90373e-07 -8.35587e-08 -3.68805e-08 -2.78373e-08 -5.11512e-08 -4.83838e-07 3.79024e-08 -3.02892e-09 -3.75434e-07 6.0812e-08 1.29135e-07 5.3373e-07
internal_weight=6888 1662 1640 1617 1578 260 1318 5226 715 138 90 48 58 4511 197 44 4314 1592 1051 541 2722 2695 153 45 577 533 78 455 108 44
internal_count=6888 1662 1640 1617 1578 260 1318 5226 715 138 90 48 58 4511 197 44 4314 1592 1051 541 2722 2695 153 45 577 533 78 455 108 44
is_linear=0
shrinkage=0.05


Tree=195
num_leaves=14
num_cat=0
split_feature=5 12 5 14 12 11 5 12 5 5 12 11 21
split_gain=3.31045e-09 2.08216e-08 1.02206e-08 1.7307e-08 2.77926e-08 5.57929e-09 5.433e-09 1.93108e-08 5.79832e-09 1.87185e-08 1.73132e-08 2.09552e-09 2.34197e-09
threshold=1.4500000000000002 0.78656609248549325 2.0500000000000003 0.38243310158943505 0.60355339059327384 8.7500000000000018 2.3500000000000001 0.78656609248549325 3.2500000000000004 3.3500000000000001 0.78656609248549325 17.703125000000004 141.50000000000003
decision_type=2 2 2 2 2 2 2 2 2 2 2 2 2
left_child=1 11 3 4 -2 -4 7 -7 10 -10 -8 -1 -13
right_child=2 -3 5 -5 -6 6 8 -9 9 -11 -12 12 -14
leaf_value=-1.689755207727954e-07 6.3081466030532541e-09 -1.4733569613596318e-06 7.5853108209382003e-07 -2.2675128457165855e-07 2.5493187626087397e-06 1.932671806023278e-07 -7.4085772542507939e-10 -1.6593767864750671e-06 -1.255143384568669e-06 -3.2671629182343146e-09 1.0809110708937996e-06 7.0073323262439169e-07 -3.1865099856531743e-08
leaf_weight=31 22 27 24 37 21 39 151 22 30 6391 49 24 20
leaf_count=31 22 27 24 37 21 39 151 22 30 6391 49 24 20
internal_value=3.07366e-16 -2.82731e-07 4.24972e-09 5.66058e-07 1.24824e-06 -2.45244e-09 -5.1857e-09 -4.74899e-07 -8.58174e-10 -9.11614e-09 2.64264e-07 1.45894e-07 3.67734e-07
internal_weight=6888 102 6786 80 43 6706 6682 61 6621 6421 200 75 44
internal_count=6888 102 6786 80 43 6706 6682 61 6621 6421 200 75 44
is_linear=0
shrinkage=0.05


Tree=196
num_leaves=27
num_cat=0
split_feature=14 14 3 27 5 3 21 15 21 17 3 27 21 3 14 17 21 3 17 21 3 15 14 7 27 16
split_gain=3.23039e-09 1.84779e-08 4.91074e-08 1.31009e-08 1.00044e-08 6.77668e-09 6.59291e-09 4.46794e-09 4.04974e-09 3.76567e-09 4.51896e-08 4.20807e-08 3.3504e-08 2.30466e-08 1.11859e-08 6.44348e-09 2.75106e-08 2.1568e-08 1.10591e-08 2.79667e-08 9.60004e-09 5.97244e-09 3.58288e-09 3.22319e-09 2.80007e-09 2.27563e-09
threshold=-0.99630266176052629 -0.99275805973510278 18.650000000000002 1.5000000000000002 19.750000000000004 16.650000000000002 400.50000000000006 0.011826144619637555 159.50000000000003 0.90602659689568432 15.950000000000001 37.833333333333336 12.500000000000002 18.450000000000003 -0.56456755436774708 0.82398527834959245 116.00000000000001 15.65 0.7925369743887799 123.50000000000001 30.150000000000002 -0.90161545992537195 -0.99940763397299126 119.38452674638134 11.500000000000002 1.0000000180025095e-35
decision_type=2 2 2 2 2 2 2 2 2 2 2 2 2 2 2 2 2 2 2 2 2 2 2 2 2 2
left_child=4 2 -2 6 5 -1 -4 22 23 15 11 -11 14 -14 -12 18 17 -17 20 -20 -3 -18 25 -9 -24 -7
right_child=1 9 3 -5 -6 7 -8 8 -10 10 12 -13 13 -15 -16 16 21 -19 19 -21 -22 -23 24 -25 -26 -27
leaf_value=1.1622466445260217e-06 -2.5029625088858736e-06 1.3547587224560055e-08 -1.1263078788203983e-06 1.0906356269657635e-06 -8.1136213496605425e-07 -6.1669608959391553e-07 5.3721392330787463e-08 1.2777539926389636e-06 4.7903710288931604e-08 -3.3436226738103869e-06 5.7174227492851063e-07 -1.3898653917078177e-07 -9.0083449134939737e-07 -1.2373922383284106e-08 2.244008650649221e-06 -5.9889416206715404e-07 3.4140791613642328e-07 1.2145360119075622e-06 -1.3858071300205666e-06 -9.507244068760484e-09 1.0164772188995622e-06 -5.5311559977358205e-08 3.9622342927115921e-08 4.1830804174599243e-07 7.59036328892716e-07 -8.5921638870445362e-09
leaf_weight=20 27 4093 20 20 23 25 29 20 29 20 20 21 77 1402 20 20 120 91 50 141 24 453 38 24 21 40
leaf_count=20 27 4093 20 20 23 25 29 20 29 20 20 21 77 1402 20 20 120 91 50 141 24 453 38 24 21 40
internal_value=6.73337e-16 -6.50596e-09 -6.95162e-07 1.22388e-08 1.80215e-07 2.85313e-07 -4.27923e-07 1.96284e-07 5.06626e-07 3.58424e-09 -6.42235e-08 -1.70222e-06 -2.00115e-08 -5.86291e-08 1.40788e-06 2.47742e-08 1.67336e-07 8.87792e-07 2.13901e-09 -3.69795e-07 1.93942e-08 2.77711e-08 1.35833e-08 8.08965e-07 2.95685e-07 -2.42478e-07
internal_weight=6888 6648 96 69 240 217 49 197 73 6552 1560 41 1519 1479 40 4992 684 111 4308 191 4117 573 124 44 59 65
internal_count=6888 6648 96 69 240 217 49 197 73 6552 1560 41 1519 1479 40 4992 684 111 4308 191 4117 573 124 44 59 65
is_linear=0
shrinkage=0.05


Tree=197
num_leaves=31
num_cat=0
split_feature=14 14 12 4 12 12 8 5 5 14 12 5 8 27 14 12 5 8 12 4 5 12 14 8 14 8 3 5 2 14
split_gain=3.14354e-09 1.1266e-08 6.89456e-08 1.58143e-08 5.19547e-08 1.95579e-08 7.58603e-09 1.59754e-08 1.00174e-08 6.88109e-09 3.14762e-08 8.6777e-09 1.05709e-08 5.93224e-09 1.8276e-08 5.30027e-08 2.5101e-08 4.00229e-08 1.81584e-08 1.13142e-08 2.62884e-08 5.73214e-08 1.50723e-08 1.33051e-08 1.24024e-08 7.33716e-09 4.00176e-09 3.87699e-09 2.31163e-09 2.20299e-09
threshold=-0.94705910369513524 -0.95995996396290595 0.78656609248549325 1.5000000000000002 0.78656609248549325 0.98296291314453421 88.356080700843151 13.750000000000002 3.3500000000000001 -0.90574346089748803 0.78656609248549325 4.9500000000000011 115.70595468830687 90.500000000000014 0.94138322595482449 0.78656609248549325 5.4500000000000011 107.75581255785256 0.91597561503675362 74.500000000000014 15.65 0.25881904510252091 0.99983759474438971 81.864278336017534 0.66527693225344786 139.37818040257878 18.850000000000005 18.850000000000005 148.50000000000003 -0.93273441465163176
decision_type=2 2 2 2 2 2 2 2 2 2 2 2 2 2 2 2 2 2 2 2 2 2 2 2 2 2 2 2 2 2
left_child=1 3 27 4 26 6 7 -5 -8 10 11 -2 -13 19 16 25 17 -15 -18 22 24 -22 23 -11 -21 -16 -1 -3 -14 -12
right_child=9 2 -4 5 -6 -7 8 -9 -10 13 29 12 28 14 15 -17 18 -19 -20 20 21 -23 -24 -25 -26 -27 -28 -29 -30 -31
leaf_value=-6.5511135383644618e-07 -9.9129638968520335e-07 2.4181998931283033e-07 -2.8742125723510984e-06 6.3395751101066628e-07 -2.3593458434271303e-06 1.4016262992657046e-06 -7.6089229584871038e-07 -7.6626390091405485e-07 2.7612168836237588e-08 -1.3477111646714394e-07 1.1845798229614958e-06 1.052000521667651e-06 -2.2831955520818116e-07 -2.4780424364507783e-06 9.5354095700865094e-07 2.6404994367078837e-06 3.2273806614912825e-08 1.7109025489187642e-08 1.0121571406516694e-06 2.7585332558673053e-07 2.608131076962442e-10 -2.0976846716667685e-06 -1.2950101847764018e-06 6.5507518420818348e-08 -2.7625911358694304e-07 -3.0378296263696329e-08 2.9504743649180122e-08 -5.4167027633056371e-07 3.0040379925821983e-07 1.9267031984782078e-06
leaf_weight=25 20 75 25 110 29 28 45 25 384 1095 20 25 79 25 24 27 438 45 53 183 82 54 22 3417 229 90 146 20 28 20
leaf_count=25 20 75 25 110 29 28 45 25 384 1095 20 25 79 25 24 27 438 45 53 183 82 54 22 3417 229 90 146 20 28 20
internal_value=3.36691e-16 -8.64651e-08 -5.37935e-07 -1.80605e-08 -4.02456e-07 1.11803e-07 4.77689e-08 3.74657e-07 -5.50981e-08 1.31955e-08 3.07676e-07 -2.07359e-08 1.26319e-07 3.42019e-09 1.39663e-07 6.48542e-07 1.17631e-08 -8.74016e-07 1.38045e-07 -1.53997e-08 -2.29992e-07 -8.32747e-07 1.0537e-08 1.69027e-08 -3.10247e-08 1.76763e-07 -7.05853e-08 7.68747e-08 -8.9962e-08 1.55564e-06
internal_weight=6888 912 120 792 200 592 564 135 429 5976 192 152 132 5784 702 141 561 70 491 5082 548 136 4534 4512 412 114 171 95 107 40
internal_count=6888 912 120 792 200 592 564 135 429 5976 192 152 132 5784 702 141 561 70 491 5082 548 136 4534 4512 412 114 171 95 107 40
is_linear=0
shrinkage=0.05


Tree=198
num_leaves=23
num_cat=0
split_feature=24 6 4 8 14 3 6 11 9 21 6 6 18 5 17 18 4 21 21 4 12 17
split_gain=3.04777e-09 1.65391e-08 2.69468e-08 3.17193e-08 1.73476e-08 1.72598e-08 1.48282e-08 1.05862e-08 2.20784e-08 1.71961e-08 1.3184e-08 1.00983e-08 9.60518e-09 8.52358e-09 8.38766e-09 3.69331e-09 1.63996e-08 6.93386e-09 3.66113e-09 2.10194e-08 1.47745e-08 2.62309e-09
threshold=0.00031250509970022348 0.00047657500000000008 95.500000000000014 118.84717587202074 0.3504237462291826 18.350000000000005 0.00045723500000000006 30.178125000000005 32.013370755761891 105.50000000000001 0.00039897000000000006 0.00025860500000000008 0.00028692500000000005 12.550000000000002 1.0133872625401985 0.0003695900000000001 10.500000000000002 289.50000000000006 361.50000000000006 35.500000000000007 0.37940952255126054 0.97636158988766353
decision_type=2 2 2 2 2 2 2 2 2 2 2 2 2 2 2 2 2 2 2 2 2 2
left_child=1 6 3 4 -3 -6 7 8 10 11 -1 -9 -8 -11 15 16 21 -17 19 -19 -20 -2
right_child=14 2 -4 -5 5 -7 12 9 -10 13 -12 -13 -14 -15 -16 17 -18 18 20 -21 -22 -23
leaf_value=-7.4824742368636707e-09 -6.470960335747123e-07 6.1127960961040584e-07 -7.8446776053435022e-07 -3.0343512236186143e-07 1.181558339972664e-06 3.164182505445622e-06 -1.6886365187929187e-06 2.6646851239320315e-07 -1.4357687865186444e-06 -6.4211336649593729e-08 1.279258126487548e-06 1.7268913893531136e-06 -1.57584258317911e-07 4.1233091726832498e-07 -1.0716854005465849e-06 -9.5868853501694198e-07 1.4763271279672976e-06 7.1964714969396943e-07 -3.8538178823405917e-08 -1.1373660026947619e-06 -1.0227093123551011e-06 1.3585041235323868e-07
leaf_weight=4277 20 33 30 37 23 21 21 20 27 223 20 29 20 162 20 21 21 64 1717 20 39 23
leaf_count=4277 20 33 30 37 23 21 21 20 27 223 20 29 20 162 20 21 21 64 1717 20 39 23
internal_value=5.44625e-16 2.08631e-08 5.48853e-07 8.99726e-07 1.47787e-06 2.12781e-06 5.02011e-09 1.31788e-08 -1.04494e-08 2.48589e-07 -1.49346e-09 1.1308e-06 -9.41782e-07 1.36308e-07 -5.30212e-08 -4.24377e-08 3.31024e-07 -5.52811e-08 -4.49704e-08 2.77501e-07 -6.03962e-08 -2.28311e-07
internal_weight=6888 4943 144 114 77 44 4799 4758 4324 434 4297 49 41 385 1945 1925 64 1861 1840 84 1756 43
internal_count=6888 4943 144 114 77 44 4799 4758 4324 434 4297 49 41 385 1945 1925 64 1861 1840 84 1756 43
is_linear=0
shrinkage=0.05


Tree=199
num_leaves=28
num_cat=0
split_feature=15 27 15 8 15 3 27 3 8 15 3 14 14 25 14 7 3 5 25 3 15 13 14 7 7 5 4
split_gain=2.96632e-09 3.68873e-08 5.13314e-09 1.05122e-08 9.60986e-09 4.72758e-08 1.55817e-08 4.3315e-08 2.18152e-08 1.21042e-08 3.07991e-08 8.79647e-09 8.73599e-09 7.7353e-09 7.16165e-09 2.28938e-08 1.67068e-08 4.59377e-09 2.32439e-08 1.50048e-08 4.21265e-09 4.04437e-09 2.14059e-10 3.88949e-10 2.39871e-10 7.11624e-11 4.84957e-11
threshold=-0.99938741687870725 31.500000000000004 -0.97507822412530132 244.32504087900517 -0.93543596745397617 15.350000000000003 8.5000000000000018 21.850000000000005 85.838438637195836 -0.92272482904738262 17.450000000000003 0.1051661082335764 0.13398903995667991 0.00022784654844210776 -0.11798679274379933 93.044494271700145 23.650000000000002 6.5500000000000007 4.6861527894078281e-05 10.350000000000003 -0.99983123799342477 0.37940952255126048 0.036545658007091128 126.50229935196826 126.19056416385025 14.750000000000002 1.5000000000000002
decision_type=2 2 2 2 2 2 2 2 2 2 2 2 2 2 2 2 2 2 2 2 2 2 2 2 2 2 2
left_child=1 20 3 11 5 -4 7 -7 -8 10 -6 14 -13 -14 16 -16 -2 18 -11 -19 -1 -12 23 25 26 -5 -24
right_child=2 -3 4 22 9 6 8 -9 -10 17 21 12 13 -15 15 -17 -18 19 -20 -21 -22 -23 24 -25 -26 -27 -28
leaf_value=-5.5619419627974929e-08 1.5205883926228127e-06 -1.884173511694616e-06 -2.0029326593170744e-06 -8.4652996651717455e-08 2.309748246815957e-06 -1.7971244711814593e-06 1.2804632454953377e-06 4.5730849274991922e-09 -9.8842872365498468e-08 3.3287579236274594e-08 3.3733420134113496e-07 1.6054364846418423e-06 -3.6799608758222105e-08 1.104357112056307e-06 4.6934470949335982e-07 -1.0462540236252001e-06 -4.1757924665572243e-08 1.3908790367622715e-06 -4.227371951458527e-07 1.8124112613728118e-08 7.2045955063264747e-07 -4.6692097312602112e-07 -1.3619439567236214e-07 1.6745817529407638e-07 -2.6522065713730959e-07 1.13118493665354e-08 -6.3098059609154546e-08
leaf_weight=36 28 26 35 85 20 41 43 179 86 1161 54 24 33 27 69 39 44 20 368 4235 34 22 32 22 22 25 78
leaf_count=36 28 26 35 85 20 41 43 179 86 1161 54 24 33 27 69 39 44 20 368 4235 34 22 32 22 22 25 78
internal_value=7.11686e-16 -2.75992e-07 3.90094e-09 1.53618e-07 -8.7189e-09 -2.51059e-07 -7.53699e-08 -3.31198e-07 3.60926e-07 7.1074e-09 5.63945e-07 3.76719e-07 7.99211e-07 4.76721e-07 1.79556e-07 -7.79548e-08 5.65821e-07 -2.13472e-09 -7.64685e-08 2.45765e-08 3.21333e-07 1.04523e-07 -6.94824e-08 -2.44593e-08 -1.14505e-07 -6.28428e-08 -8.43624e-08
internal_weight=6888 96 6792 528 6264 384 349 220 129 5880 96 264 84 60 180 108 72 5784 1529 4255 70 76 264 132 132 110 110
internal_count=6888 96 6792 528 6264 384 349 220 129 5880 96 264 84 60 180 108 72 5784 1529 4255 70 76 264 132 132 110 110
is_linear=0
shrinkage=0.05


Tree=200
num_leaves=23
num_cat=0
split_feature=15 15 15 8 14 8 9 27 3 8 7 15 14 27 15 8 15 3 14 2 8 14
split_gain=2.96251e-09 3.29114e-09 4.58058e-08 6.29642e-08 4.29872e-08 7.7838e-08 2.07822e-08 1.01208e-08 9.73005e-09 8.36476e-09 1.32005e-08 7.33747e-09 1.77165e-08 6.82991e-09 6.36971e-09 1.39545e-08 8.27756e-09 6.33145e-09 5.90524e-09 1.48209e-09 3.52167e-10 2.61536e-10
threshold=0.98929220549296726 0.60553543375389329 0.57780407610161799 148.0505631407099 0.73283908552571653 133.95741673779492 -35.043761819434529 62.500000000000007 12.050000000000002 141.71046372956297 126.50229935196826 0.52032336593087203 0.84773968378660736 77.500000000000014 0.44504239796885176 100.82326560581713 0.35041260675351149 12.450000000000001 0.38243310158943505 101.50000000000001 174.73399450569516 0.76696112484652046
decision_type=2 2 2 2 2 2 2 2 2 2 2 2 2 2 2 2 2 2 2 2 2 2
left_child=1 2 11 -4 7 6 -6 8 18 10 -9 14 13 -13 16 -16 -1 -10 -3 21 -11 -7
right_child=-2 4 3 -5 5 19 -8 9 17 20 -12 12 -14 -15 15 -17 -18 -19 -20 -21 -22 -23
leaf_value=-9.7143992420081242e-09 -5.5454405233727282e-07 -1.4882860211530767e-06 -3.69387228602136e-06 -2.0680444436292437e-08 1.2040569290857919e-06 -6.4978800054618754e-08 3.2003597794982855e-06 9.1570402808453143e-07 6.7266811333865922e-07 -1.9452891428312321e-07 -1.8881775635090241e-07 4.6459120658560431e-07 1.6097832553296777e-06 -5.1890078697536618e-07 -1.3018075843736673e-06 -5.6617712491657818e-08 3.7441711158035954e-07 -1.4069694355806102e-07 -2.878032175601675e-07 2.4019904000027736e-07 1.3792368986186119e-08 -2.8307894085953323e-07
leaf_weight=5376 24 21 20 28 22 27 32 76 25 23 42 41 24 31 30 90 144 557 20 35 172 28
leaf_count=5376 24 21 20 28 22 27 32 76 25 23 42 41 24 31 30 90 144 557 20 35 172 28
internal_value=1.43341e-16 1.93897e-09 -1.30217e-08 -1.55118e-06 8.20619e-08 8.86299e-07 2.38705e-06 -4.1667e-08 -1.58205e-07 1.90292e-07 5.22569e-07 -1.50149e-10 4.33303e-07 4.11433e-08 -7.52808e-09 -3.67915e-07 3.06423e-10 -1.05759e-07 -9.02685e-07 -1.41519e-08 -1.07789e-08 -1.76012e-07
internal_weight=6888 6864 5784 48 1080 144 54 936 623 313 118 5736 96 72 5640 120 5520 582 41 90 195 55
internal_count=6888 6864 5784 48 1080 144 54 936 623 313 118 5736 96 72 5640 120 5520 582 41 90 195 55
is_linear=0
shrinkage=0.05


Tree=201
num_leaves=27
num_cat=0
split_feature=14 14 27 8 15 8 14 3 11 14 14 4 25 8 15 14 8 14 5 5 4 14 24 27 8 15
split_gain=2.96053e-09 1.62301e-08 4.92715e-08 1.36973e-07 9.42964e-09 1.13052e-08 1.24539e-08 4.65047e-09 4.11059e-09 3.58533e-09 1.56384e-08 2.98597e-08 1.39882e-08 1.25249e-08 1.60375e-08 1.19246e-08 2.08422e-08 1.32117e-08 5.08616e-09 6.19732e-09 4.55796e-09 4.09508e-10 1.36105e-10 1.58514e-10 1.2282e-10 8.24745e-11
threshold=-0.99630266176052629 -0.99275805973510278 7.5000000000000009 129.53585182048829 0.063390085881955341 131.62561396681662 -0.99985146406598202 17.550000000000004 19.303125000000005 -0.97876850416056738 -0.96689237009891416 7.5000000000000009 0.00010493745157277414 90.576085265625622 0.13185577213185923 -0.96235977360714686 139.37818040257878 -0.95500086777008153 2.7500000000000004 5.2500000000000009 29.500000000000004 -0.99467753128998015 0.00049901899395875021 0.83333333333333337 291.71640350416914 1.0000000180025095e-35
decision_type=2 2 2 2 2 2 2 2 2 2 2 2 2 2 2 2 2 2 2 2 2 2 2 2 2 2
left_child=4 2 3 -2 5 6 -1 -8 -9 13 11 -11 -13 14 20 16 -12 -17 -15 -20 -3 -5 23 -7 -25 -24
right_child=1 9 -4 21 -6 22 7 8 -10 10 15 12 -14 18 -16 17 -18 -19 19 -21 -22 -23 25 24 -26 -27
leaf_value=-3.9536845008569799e-07 -4.8835237907951522e-06 7.1356083410700244e-07 9.5030420733666081e-07 2.5943012354125793e-07 -7.6770451928886985e-07 5.1893980739237121e-08 1.6419113592291979e-06 2.2378561490248625e-07 1.1491896915976393e-06 -2.3118437513858227e-06 1.9744395987551061e-06 1.993423323369825e-07 -8.8691669654967688e-07 -7.5514195490963431e-07 1.8486579323428527e-06 -6.7142254493508041e-07 -1.2581013551114126e-07 9.8998962177275585e-09 6.0122124099605784e-07 -1.1557108790595687e-07 -3.4112327909952003e-07 -4.5643554875079484e-08 -2.2766758174423804e-08 -1.7247464230674791e-07 -2.474290298574526e-08 1.087715802518894e-07
leaf_weight=20 20 21 32 22 24 20 21 21 28 20 21 75 49 21 23 72 27 6048 41 114 20 22 26 34 24 22
leaf_count=20 20 21 32 22 24 20 21 21 28 20 21 75 49 21 23 72 27 6048 41 114 20 22 26 34 24 22
internal_value=5.51663e-16 -6.22828e-09 -6.5164e-07 -1.45261e-06 1.72523e-07 2.76993e-07 7.04995e-07 1.01938e-06 7.52588e-07 3.2283e-09 -3.98394e-09 -5.19063e-07 -2.29905e-07 1.9291e-07 7.91898e-07 8.04126e-09 7.93049e-07 1.88434e-09 -2.49035e-08 7.4032e-08 1.99081e-07 1.06893e-07 -2.87226e-08 -6.94883e-08 -1.11344e-07 3.75216e-08
internal_weight=6888 6648 96 64 240 216 90 70 49 6552 6312 144 124 240 64 6168 48 6120 176 155 41 44 126 78 58 48
internal_count=6888 6648 96 64 240 216 90 70 49 6552 6312 144 124 240 64 6168 48 6120 176 155 41 44 126 78 58 48
is_linear=0
shrinkage=0.05


Tree=202
num_leaves=14
num_cat=0
split_feature=5 12 5 14 12 3 5 12 5 5 12 11 21
split_gain=2.84094e-09 1.92702e-08 9.19719e-09 1.54099e-08 2.42776e-08 5.0158e-09 4.90759e-09 1.6955e-08 5.14262e-09 1.73841e-08 1.4974e-08 1.98087e-09 2.26147e-09
threshold=1.4500000000000002 0.78656609248549325 2.0500000000000003 0.38243310158943505 0.60355339059327384 8.7500000000000018 2.3500000000000001 0.78656609248549325 3.2500000000000004 3.4500000000000006 0.78656609248549325 17.703125000000004 141.50000000000003
decision_type=2 2 2 2 2 2 2 2 2 2 2 2 2
left_child=1 11 3 4 -2 -4 7 -7 10 -10 -8 -1 -13
right_child=2 -3 5 -5 -6 6 8 -9 9 -11 -12 12 -14
leaf_value=-1.5570233249527812e-07 1.9840428742347949e-08 -1.4073280507571125e-06 7.191116405162272e-07 -2.1122073158634851e-07 2.3966064656546918e-06 1.7464834098126549e-07 2.3294377452719236e-09 -1.5613141577184502e-06 -9.0201455515065621e-07 -1.0999438699882837e-09 1.0082588338328996e-06 6.933455529415748e-07 -2.655346492019817e-08
leaf_weight=31 22 27 24 37 21 39 151 22 54 6367 49 24 20
leaf_count=31 22 27 24 37 21 39 151 22 54 6367 49 24 20
internal_value=7.25411e-16 -2.61916e-07 3.93684e-09 5.36876e-07 1.18059e-06 -2.42091e-09 -5.01247e-09 -4.51436e-07 -8.99517e-10 -8.67655e-09 2.48782e-07 1.50433e-07 3.66119e-07
internal_weight=6888 102 6786 80 43 6706 6682 61 6621 6421 200 75 44
internal_count=6888 102 6786 80 43 6706 6682 61 6621 6421 200 75 44
is_linear=0
shrinkage=0.05


Tree=203
num_leaves=31
num_cat=0
split_feature=24 11 12 4 14 22 21 14 19 14 2 26 6 17 3 19 12 3 24 17 24 20 6 3 21 20 24 16 19 14
split_gain=2.76301e-09 1.78459e-08 1.29563e-08 4.36825e-08 1.20171e-08 8.27226e-09 3.62865e-08 4.87833e-08 2.71079e-08 4.88673e-08 2.95398e-08 1.27822e-08 1.29497e-08 1.21256e-08 2.58283e-08 7.11256e-09 4.34714e-09 3.61993e-08 4.52705e-09 3.19631e-09 1.87741e-09 1.28267e-09 1.35344e-09 1.30878e-09 1.57048e-09 1.16909e-09 1.02224e-09 7.21324e-10 6.48325e-10 4.53421e-10
threshold=0.00037821101705771265 39.990625000000009 0.25881904510252091 22.500000000000004 -0.26969676895496814 357.50000000000006 174.50000000000003 0.42179998225932674 0.00040100500000000001 0.84313847884979054 137.50000000000003 0.00032913940569140836 0.00026386500000000006 0.90228836113494582 21.250000000000004 0.00058484500000000018 0.37940952255126054 22.950000000000003 0.00041853860393146455 0.94173690444242164 0.00028393142256593213 0.00080030500000000007 0.00019982000000000002 17.050000000000004 414.50000000000006 0.00069368500000000009 0.00062369639297372352 940.67000000000007 0.00078274500000000016 0.036545658007091128
decision_type=2 2 2 2 2 2 2 2 2 2 2 2 2 2 2 2 2 2 2 2 2 2 2 2 2 2 2 2 2 2
left_child=1 5 20 4 19 8 7 -7 11 10 -10 12 -1 15 -15 -8 21 -18 -19 -4 25 22 -2 -24 -25 -3 -23 -22 -28 -30
right_child=16 2 3 -5 -6 6 13 -9 9 -11 -12 -13 -14 14 -16 -17 17 18 -20 -21 27 26 23 24 -26 -27 28 -29 29 -31
leaf_value=-9.4799645774135255e-09 3.5784024401408491e-07 1.8668753989753237e-07 3.2586705060566602e-07 2.9185569474066145e-06 -6.9259327152134835e-07 1.0196155074027047e-07 -2.7011600912109975e-08 -3.3902922854167625e-06 7.4634349682854039e-07 2.5598728774607953e-06 -1.5031151565381154e-06 -9.2580865780645134e-07 4.4335800101349352e-07 -1.5703316798512813e-06 7.0591567578732077e-08 5.8063244817200642e-07 -1.7934627513913537e-06 2.030769305097887e-09 1.0531330849516962e-06 1.2090728429960846e-06 8.3639113463016781e-08 3.6076083898533948e-07 2.7066209387527354e-07 -4.6409044690183995e-07 -5.6248426686138819e-08 5.7550109318071922e-07 -1.7481567088959941e-07 -2.7442147050103151e-07 -1.642157482459207e-08 3.0108424120747016e-07
leaf_weight=4227 20 58 20 21 21 20 244 20 54 29 20 37 164 38 65 60 29 21 20 21 39 33 30 24 1431 29 26 22 23 22
leaf_count=4227 20 58 20 21 21 20 244 20 54 29 20 37 164 38 65 60 29 21 20 21 39 33 30 24 1431 29 26 22 23 22
internal_value=5.96771e-16 1.79789e-08 4.47598e-07 9.47628e-07 2.80055e-07 -1.95723e-09 -2.07167e-07 -1.64417e-06 1.82875e-08 8.20161e-07 1.38382e-07 -3.64954e-10 7.43314e-09 -6.59387e-08 -5.34798e-07 9.29181e-08 -5.57785e-08 -4.41502e-07 5.14764e-07 7.78241e-07 1.67176e-07 -3.89975e-08 -5.07329e-08 -5.62356e-08 -6.29757e-08 3.16292e-07 1.30827e-07 -4.54975e-08 2.3957e-08 1.38803e-07
internal_weight=6888 5209 231 83 62 4978 447 40 4531 103 74 4428 4391 407 103 304 1679 70 41 41 148 1609 1505 1485 1455 87 104 61 71 45
internal_count=6888 5209 231 83 62 4978 447 40 4531 103 74 4428 4391 407 103 304 1679 70 41 41 148 1609 1505 1485 1455 87 104 61 71 45
is_linear=0
shrinkage=0.05


Tree=204
num_leaves=30
num_cat=0
split_feature=8 8 27 27 5 14 25 14 27 14 7 7 3 5 5 3 7 8 8 14 14 5 5 21 8 14 8 3 8
split_gain=2.80732e-09 2.79276e-08 2.49532e-08 2.83207e-08 2.26883e-08 1.79217e-08 9.06182e-08 3.72581e-08 2.55261e-08 3.09486e-08 2.27438e-08 1.3119e-08 5.39988e-08 1.55175e-08 1.40554e-08 1.21063e-08 1.18694e-08 8.7601e-09 6.16139e-09 3.00555e-08 2.50324e-08 2.17961e-08 3.0432e-08 2.19223e-08 9.24892e-09 2.19412e-08 8.93562e-09 3.27444e-08 1.48047e-08
threshold=81.864278336017534 83.952622196820059 83.166666666666671 80.166666666666671 11.850000000000003 0.66527693225344786 2.5192526132404186e-05 0.73283908552571653 1.1666666666666667 0.52766072109828632 105.60033753098635 105.60033753098635 14.950000000000001 5.4500000000000011 15.850000000000003 14.350000000000003 135.44066987908892 53.159036283406898 88.356080700843151 0.78325454425165997 0.93237596376505805 13.350000000000003 15.750000000000002 361.50000000000006 89.864064250933993 0.54219432480460406 91.341464676511251 16.850000000000005 92.004444205745941
decision_type=2 2 2 2 2 2 2 2 2 2 2 2 2 2 2 2 2 2 2 2 2 2 2 2 2 2 2 2 2
left_child=2 4 3 5 15 8 7 -7 10 -10 -1 12 -4 16 17 -2 -13 -15 19 21 -21 23 -23 -3 25 -20 27 -26 -28
right_child=1 18 11 -5 -6 6 -8 -9 9 -11 -12 13 -14 14 -16 -17 -18 -19 24 20 -22 22 -24 -25 26 -27 28 -29 -30
leaf_value=1.3828280880748675e-06 -6.0662305514824774e-07 8.3394139304490226e-07 3.0288258875027002e-06 -1.958883406822614e-06 2.1912442070970431e-06 -1.5303415835887791e-06 -3.37074519241772e-06 -8.8069327717010056e-09 -2.2134384486226129e-07 8.0480979586916313e-07 1.6411611318712744e-07 1.8302445588667319e-06 -1.5028269264321889e-07 8.2572257166770291e-08 1.1143022055648544e-06 9.2765227811418706e-07 2.0575792407469083e-07 -8.7391519824555472e-07 -3.813204167193782e-07 -2.7186386483890601e-06 -3.6576721866000441e-07 -2.288926018536586e-06 4.3629900281822693e-07 -1.0123127471217686e-06 -1.6935313631679051e-06 1.6357963117132258e-06 1.1813048603117853e-06 7.964189273440317e-07 7.2609007421063811e-09
leaf_weight=56 20 82 22 21 25 46 24 321 707 82 121 22 34 54 20 36 23 43 26 20 26 20 21 20 31 28 27 23 4887
leaf_count=56 20 82 22 21 25 46 24 321 707 82 121 22 34 54 20 36 23 43 26 20 26 20 21 20 31 28 27 23 4887
internal_value=2.42669e-16 1.75298e-08 -5.8125e-08 -1.36761e-07 9.38816e-07 -1.08563e-07 -3.9417e-07 -1.99517e-07 7.04009e-09 -1.14697e-07 5.49697e-07 4.3894e-07 1.09865e-06 2.10891e-07 -9.25932e-08 3.79697e-07 9.99951e-07 -3.41438e-07 3.20924e-09 -2.77048e-07 -1.38875e-06 8.05643e-08 -8.93079e-07 4.71931e-07 1.37565e-08 6.64592e-07 6.68225e-09 -6.32997e-07 1.37117e-08
internal_weight=6888 5292 1596 1378 81 1357 391 367 966 789 177 218 56 162 117 56 45 97 5211 189 46 143 41 102 5022 54 4968 54 4914
internal_count=6888 5292 1596 1378 81 1357 391 367 966 789 177 218 56 162 117 56 45 97 5211 189 46 143 41 102 5022 54 4968 54 4914
is_linear=0
shrinkage=0.05


Tree=205
num_leaves=29
num_cat=0
split_feature=14 15 12 5 15 14 3 8 14 5 14 12 5 8 27 14 12 5 8 12 4 15 14 14 14 4 15 8
split_gain=2.69112e-09 1.28943e-08 3.03517e-08 1.12083e-08 9.40177e-09 3.6368e-08 2.21364e-08 2.05409e-08 2.02983e-08 1.26305e-08 6.26698e-09 2.83646e-08 7.65794e-09 9.18847e-09 5.00514e-09 1.59739e-08 4.56406e-08 2.36483e-08 4.85217e-08 2.76337e-08 9.48298e-09 4.68521e-08 2.21471e-08 1.34571e-08 1.27189e-08 6.31558e-09 3.29595e-09 2.03272e-09
threshold=-0.94705910369513524 0.28313308994381586 0.25881904510252091 1.4500000000000002 -0.091258822863740666 -0.99467753128998015 16.950000000000003 80.111588617701798 -0.97509794945709805 4.2500000000000009 -0.90574346089748803 0.78656609248549325 4.9500000000000011 115.70595468830687 90.500000000000014 0.94138322595482449 0.78656609248549325 7.4500000000000011 121.96597701646358 0.91597561503675362 74.500000000000014 -0.94703994556331683 0.66527693225344786 0.99983759474438971 0.99939377080793557 98.500000000000014 0.31595530242620651 83.952622196820059
decision_type=2 2 2 2 2 2 2 2 2 2 2 2 2 2 2 2 2 2 2 2 2 2 2 2 2 2 2 2
left_child=1 3 -3 -1 5 -5 8 -7 -6 -8 11 12 -2 -14 20 17 25 18 -16 -19 23 -22 -23 24 -12 -17 -15 -13
right_child=10 2 -4 4 6 7 9 -9 -10 -11 14 27 13 26 15 16 -18 19 -20 -21 21 22 -24 -25 -26 -27 -28 -29
leaf_value=-1.149799382977273e-06 -9.3026536377993634e-07 1.8497407837817344e-07 -2.3653063863093848e-06 -2.0901277545171126e-06 1.6208698443793228e-06 -8.710697901704638e-07 -6.7357112612853606e-07 1.4380913205355624e-07 -2.4641873453261227e-07 1.0554786222952686e-07 7.2161303597229374e-09 1.8343513903573696e-06 9.8266071927355358e-07 9.9250977383391625e-08 -1.8883755585549176e-06 7.0285485140335073e-07 2.4522210408248509e-06 4.3915674576901987e-08 1.4050750339699455e-07 1.3161941912661255e-06 -2.0673640096058324e-06 3.2454454473196398e-07 -3.5104613996172934e-07 -1.2242742083829422e-06 8.8139485744217653e-07 -9.1990532460137985e-08 -5.0685225513880106e-07 1.1214846313123417e-06
leaf_weight=22 20 28 20 24 43 63 60 239 22 391 4470 20 25 75 46 37 27 385 82 48 32 195 321 22 42 77 32 20
leaf_count=22 20 28 20 24 43 63 60 239 22 391 4470 20 25 75 46 37 27 385 82 48 32 195 321 22 42 77 32 20
internal_value=4.22842e-16 -8.00015e-08 -8.77643e-07 -3.56881e-08 -6.57832e-09 -2.16779e-07 1.26223e-07 -6.7904e-08 9.88864e-07 1.89567e-09 1.22091e-08 2.93242e-07 -1.85147e-08 1.19629e-07 2.88017e-09 1.28025e-07 6.03775e-07 8.45133e-09 -5.88622e-07 1.84953e-07 -1.44067e-08 -2.10867e-07 -9.57357e-08 9.33848e-09 1.53534e-08 1.65986e-07 -8.20135e-08 1.47792e-06
internal_weight=6888 912 48 864 842 326 516 302 65 451 5976 192 152 132 5784 702 141 561 128 433 5082 548 516 4534 4512 114 107 40
internal_count=6888 912 48 864 842 326 516 302 65 451 5976 192 152 132 5784 702 141 561 128 433 5082 548 516 4534 4512 114 107 40
is_linear=0
shrinkage=0.05


Tree=206
num_leaves=25
num_cat=0
split_feature=17 3 21 3 12 26 21 17 8 9 3 3 4 4 11 5 15 5 9 7 9 5 14 17
split_gain=2.80911e-09 3.9281e-08 2.36689e-08 2.26104e-08 1.01908e-07 1.43094e-08 1.01967e-08 2.83788e-08 1.88834e-08 5.58418e-09 3.1034e-08 1.20684e-08 4.00007e-08 5.61565e-08 3.7766e-08 3.56123e-08 2.55163e-08 1.67075e-08 8.11983e-09 7.09573e-09 7.54097e-09 1.50559e-08 6.87917e-09 8.40415e-10
threshold=0.90602659689568432 15.050000000000002 12.500000000000002 18.450000000000003 0.37940952255126054 0.00010087332094237051 192.50000000000003 0.94062879661981136 95.123362590545796 -13.146522644453039 10.550000000000002 13.050000000000002 34.500000000000007 53.500000000000007 14.809375000000001 8.9500000000000011 0.74441084628863963 4.0500000000000007 -13.389986559120365 103.66950045185349 -15.740160130980383 4.7500000000000009 0.97696484778429815 0.93394055203379522
decision_type=2 2 2 2 2 2 2 2 2 2 2 2 2 2 2 2 2 2 2 2 2 2 2 2
left_child=9 -2 5 4 23 -3 7 -5 -8 18 -11 12 16 -14 15 -13 -12 -16 19 -1 22 -22 -21 -4
right_child=1 2 3 6 -6 -7 8 -9 -10 10 11 14 13 -15 17 -17 -18 -19 -20 20 21 -23 -24 -25
leaf_value=8.7136636085202481e-07 -1.8806831950894714e-06 3.4001050802804201e-07 -1.5057297250312527e-07 -8.3721694456220696e-07 -3.9717671052130756e-06 2.0910941935881053e-06 -8.2999425402103088e-07 1.0228828958552022e-06 -4.01533500204463e-09 1.8612319095723252e-06 1.708745038181784e-06 1.8678038523591211e-06 -3.3233885523031863e-06 -3.7869334445370925e-07 -4.3903028763745038e-07 -1.0010873245127673e-07 -4.3131312084964388e-07 8.0986337782341308e-08 -8.9433927428217432e-07 1.2805171959282507e-08 -1.4857522187456267e-06 -1.1450125975742942e-07 -2.7667805725191862e-07 2.3387508441401068e-07
leaf_weight=22 29 28 21 29 20 20 73 70 1328 24 30 56 20 85 167 39 26 2057 27 2335 26 87 225 44
leaf_count=22 29 28 21 29 20 20 73 70 1328 24 30 56 20 85 167 39 26 2057 27 2335 26 87 225 44
internal_value=-1.32614e-15 -5.66209e-08 -2.42279e-08 -5.73541e-08 -8.50669e-07 1.06963e-06 -1.23996e-08 4.78005e-07 -4.70535e-08 1.80069e-08 7.18948e-08 5.45787e-08 -3.64028e-07 -9.39588e-07 8.36411e-08 1.05992e-06 7.15147e-07 4.19383e-08 -3.15653e-08 -2.29216e-08 -3.0282e-08 -4.3001e-07 -1.26377e-08 1.09669e-07
internal_weight=6888 1662 1633 1585 85 48 1500 99 1401 5226 2504 2480 161 105 2319 95 56 2224 2722 2695 2673 113 2560 65
internal_count=6888 1662 1633 1585 85 48 1500 99 1401 5226 2504 2480 161 105 2319 95 56 2224 2722 2695 2673 113 2560 65
is_linear=0
shrinkage=0.05


Tree=207
num_leaves=31
num_cat=0
split_feature=15 3 14 15 15 14 3 13 11 5 15 3 3 17 24 3 13 13 27 15 15 6 11 5 13 2 11 7 11 17
split_gain=2.72409e-09 1.50383e-08 2.74073e-08 9.10532e-09 4.0621e-08 3.10327e-08 4.64438e-08 1.50661e-08 9.34521e-09 9.25118e-09 1.70117e-08 2.33482e-08 9.04241e-09 8.5206e-09 8.73776e-09 7.32447e-09 2.33568e-08 6.92894e-09 4.64312e-09 4.57792e-09 8.40475e-09 4.4425e-09 1.36548e-08 7.0112e-09 4.30376e-09 3.77932e-09 3.26705e-09 2.33491e-09 1.23942e-09 1.21695e-09
threshold=0.9052873537896472 13.950000000000001 0.3504237462291826 0.60553543375389329 0.57780407610161799 0.73283908552571653 14.050000000000002 0.1294095225512602 12.709375000000001 21.050000000000004 0.53493525241775031 14.15 14.550000000000002 0.68068488633760216 0.00016551977862766946 20.450000000000003 1.0000000180025095e-35 0.25881904510252057 99.166666666666671 0.53493525241775031 0.44504239796885176 0.00014779000000000005 26.296875000000004 16.550000000000004 0.78656609248549303 35.500000000000007 14.418750000000001 125.52661264652936 31.325000000000006 0.98862999539799901
decision_type=2 2 2 2 2 2 2 2 2 2 2 2 2 2 2 2 2 2 2 2 2 2 2 2 2 2 2 2 2 2
left_child=3 2 17 4 9 8 -7 -6 27 19 11 -11 -3 18 -15 16 -8 -2 -10 20 -1 23 -23 25 -19 -14 -21 -5 -24 -17
right_child=1 12 -4 5 7 6 15 -9 13 10 -12 -13 21 14 -16 29 -18 24 -20 26 -22 22 28 -25 -26 -27 -28 -29 -30 -31
leaf_value=-6.3971964473592672e-09 6.3479182064914616e-07 8.1928764786788543e-07 -1.7363670124836973e-06 8.5169796588186534e-07 -2.2754397610671782e-06 2.7920624723378752e-06 2.0879978726704643e-06 -4.9759757158343829e-07 -1.8989383702691297e-07 1.9007651476269212e-06 -7.9884498745741442e-07 2.578748446630267e-07 -1.6909801065671913e-07 8.0348612526987907e-07 4.2278666398753262e-09 1.5939745247738388e-07 1.6034234510636288e-07 -8.7626647526188133e-07 -8.9420913684972011e-07 1.2228221266839143e-07 -4.8324942249241107e-07 -1.3970828676238255e-06 3.1644821205762109e-07 8.0663773556558065e-07 9.1913097060631285e-08 4.7638849775946202e-07 9.6542286236456216e-07 1.9788111146637732e-07 -1.1301423847759076e-07 -3.7888685127319109e-07
leaf_weight=5447 24 34 37 36 26 25 22 22 234 28 25 95 104 43 167 21 55 24 26 27 94 22 21 31 22 29 20 22 84 21
leaf_count=5447 24 34 37 36 26 25 22 22 234 28 25 95 104 43 167 21 55 24 26 27 94 22 21 31 22 29 20 22 84 21
internal_value=6.58695e-16 -1.21555e-07 -6.3569e-07 8.13381e-09 -1.2106e-08 1.82341e-07 8.32966e-07 -1.4606e-06 4.89749e-09 1.52566e-11 3.90192e-07 6.31866e-07 4.77139e-08 -6.89971e-08 1.67886e-07 4.21391e-07 7.11101e-07 -5.39043e-08 -2.60325e-07 -1.03187e-08 -1.44867e-08 -4.24356e-08 -2.64438e-07 1.29481e-07 -4.13224e-07 -2.83528e-08 4.81065e-07 6.03698e-07 -2.71217e-08 -1.09745e-07
internal_weight=6888 432 107 6456 5784 672 144 48 528 5736 148 123 325 470 210 119 77 70 260 5588 5541 291 127 164 46 133 47 58 105 42
internal_count=6888 432 107 6456 5784 672 144 48 528 5736 148 123 325 470 210 119 77 70 260 5588 5541 291 127 164 46 133 47 58 105 42
is_linear=0
shrinkage=0.05


Tree=208
num_leaves=31
num_cat=0
split_feature=17 3 21 3 8 26 21 24 8 17 8 17 3 15 17 21 0 3 3 15 9 6 16 8 13 3 26 21 8 27
split_gain=2.64406e-09 3.56456e-08 2.09249e-08 2.06507e-08 7.60969e-08 1.26924e-08 9.03507e-09 2.5554e-08 1.7036e-08 5.0998e-09 2.78553e-08 1.21548e-08 1.10978e-08 1.03719e-08 9.51028e-09 2.23796e-08 1.4854e-08 8.1663e-09 1.10715e-08 2.37688e-08 6.81354e-09 5.1942e-09 1.91255e-08 8.2371e-09 7.39665e-09 1.39847e-08 4.04391e-09 5.56655e-09 4.29935e-09 2.93123e-09
threshold=0.90602659689568432 15.050000000000002 12.500000000000002 18.450000000000003 131.62561396681662 0.00010087332094237051 192.50000000000003 0.00018517166553538099 95.123362590545796 0.82398527834959245 86.953777572817486 0.85601387050786271 21.850000000000005 -0.89787881968372518 0.7925369743887799 60.500000000000007 110.50000000000001 30.150000000000002 25.750000000000004 -0.6652727025667432 -13.146522644453039 0.00054240000000000007 628.1400000000001 105.0100910826214 -0.60355339059327384 20.450000000000003 0.00054661041210009602 606.50000000000011 115.70595468830687 37.833333333333336
decision_type=2 2 2 2 2 2 2 2 2 2 2 2 2 2 2 2 2 2 2 2 2 2 2 2 2 2 2 2 2 2
left_child=9 -2 5 4 -4 -3 7 -5 -8 14 11 13 -13 -11 17 16 -16 18 20 -20 -1 24 -23 -24 25 -12 28 -28 -17 -26
right_child=1 2 3 6 -6 -7 8 -9 -10 10 21 12 -14 -15 15 26 -18 -19 19 -21 -22 22 23 -25 29 -27 27 -29 -30 -31
leaf_value=-2.4238306812530178e-08 -1.7925390889574595e-06 3.1726261957893648e-07 -3.3450237569096231e-06 -2.2602939562320586e-07 7.0688171501075657e-08 1.9664412880615604e-06 -7.8853666929268777e-07 1.4048083582521231e-06 -4.0009758933968706e-09 1.1628641376302899e-06 -1.0715909741238098e-07 2.2911896005931947e-06 6.964305526935278e-07 -4.0860029078733834e-07 -4.5268413833539289e-07 7.571368371372956e-07 -2.3566513377204504e-06 9.330607793955892e-07 6.0697728176756028e-08 -1.1675616213201851e-06 1.0933622050894483e-07 -1.5580120868269828e-06 8.4195295255540263e-07 -1.1938057438858504e-07 7.4393887125952077e-08 8.8469262633880843e-07 -1.0902829711767482e-06 2.8856706194346774e-08 -5.2513272232488755e-08 -3.3088372600076357e-07
leaf_weight=2617 29 28 22 58 63 20 73 41 1328 21 66 24 20 21 21 20 20 24 108 62 1503 22 25 205 174 77 20 25 91 60
leaf_count=2617 29 28 22 58 63 20 73 41 1328 21 66 24 20 21 21 20 20 24 108 62 1503 22 25 205 174 77 20 25 91 60
internal_value=9.36259e-16 -5.49324e-08 -2.40747e-08 -5.52216e-08 -8.13378e-07 1.00442e-06 -1.22594e-08 4.49368e-07 -4.48797e-08 1.74699e-08 1.41534e-07 9.85543e-07 1.5663e-06 3.77132e-07 -2.1944e-09 -3.41927e-07 -1.38145e-06 1.33196e-08 8.17418e-09 -3.87256e-07 2.44905e-08 2.61365e-08 -1.49605e-07 -1.48878e-08 1.43608e-07 4.26915e-07 -6.87193e-08 -4.68539e-07 9.33696e-08 -2.95234e-08
internal_weight=6888 1662 1633 1585 85 48 1500 99 1401 5226 715 86 44 42 4511 197 41 4314 4290 170 4120 629 252 230 377 143 156 45 111 234
internal_count=6888 1662 1633 1585 85 48 1500 99 1401 5226 715 86 44 42 4511 197 41 4314 4290 170 4120 629 252 230 377 143 156 45 111 234
is_linear=0
shrinkage=0.05


Tree=209
num_leaves=31
num_cat=0
split_feature=14 15 12 4 12 5 26 5 12 14 12 5 2 21 27 14 12 5 12 12 4 15 14 14 14 25 3 12 14 14
split_gain=2.61897e-09 1.1669e-08 2.72984e-08 1.03315e-08 4.76996e-08 7.13862e-09 9.67777e-09 3.72193e-08 1.58424e-08 5.47676e-09 2.50315e-08 6.83154e-09 6.33524e-09 1.1767e-08 4.49676e-09 1.44724e-08 4.08956e-08 2.05065e-08 3.62134e-08 2.47247e-08 8.24922e-09 4.25547e-08 1.95862e-08 1.10135e-08 1.21823e-08 6.25108e-09 3.98206e-09 3.40232e-09 2.81334e-09 2.06634e-09
threshold=-0.94705910369513524 0.28313308994381586 0.25881904510252091 1.5000000000000002 0.78656609248549325 19.750000000000004 1.0127600831006199e-06 4.2500000000000009 0.78656609248549325 -0.90574346089748803 0.78656609248549325 4.9500000000000011 96.500000000000014 579.50000000000011 90.500000000000014 0.94138322595482449 0.78656609248549325 7.4500000000000011 0.78656609248549325 0.91597561503675362 74.500000000000014 -0.94703994556331683 0.66527693225344786 0.99983759474438971 0.99939377080793557 0.00036182868477048177 18.850000000000005 0.12940952255126045 -0.96902457013955734 -0.93273441465163176
decision_type=2 2 2 2 2 2 2 2 2 2 2 2 2 2 2 2 2 2 2 2 2 2 2 2 2 2 2 2 2 2
left_child=1 3 -3 4 26 6 8 -8 -5 10 11 -2 27 -14 20 17 25 18 -16 -19 23 -22 -23 24 -11 -17 -1 -13 -28 -12
right_child=9 2 -4 5 -6 -7 7 -9 -10 14 29 12 13 -15 15 16 -18 19 -20 -21 21 22 -24 -25 -26 -27 28 -29 -30 -31
leaf_value=-6.2348253365485112e-07 -8.7925614678852081e-07 1.7003437213780614e-07 -2.2485713043352006e-06 5.0636621790246641e-08 -2.2252086370732787e-06 -8.4672821264083128e-07 -2.2127982074948703e-06 2.9099641083922526e-08 7.7962257341878374e-07 6.5623109432508036e-09 1.0282884147727601e-06 2.8799727790452714e-08 1.4731570763437676e-06 1.5559112718221967e-08 -7.2432233815393442e-08 -2.5765562671942555e-08 2.3245034914983383e-06 3.9079034037053423e-08 -2.0355351594961606e-06 1.2425309866633447e-06 -1.9656048589555831e-06 3.0866211836734529e-07 -3.2666922414151458e-07 -1.1069182363598884e-06 8.6210390852452839e-07 8.9683820563194505e-07 -2.5984537044360312e-08 -7.2162106236013963e-07 6.1005831433647026e-07 1.747027277332336e-06
leaf_weight=25 20 28 20 263 29 21 20 249 104 4470 20 44 20 45 97 91 27 385 31 48 32 195 321 22 42 23 133 23 20 20
leaf_count=25 20 28 20 263 29 21 20 249 104 4470 20 44 20 45 97 91 27 385 31 48 32 195 321 22 42 23 133 23 20 20
internal_value=1.42392e-15 -7.89217e-08 -8.37718e-07 -3.67664e-08 -3.44797e-07 6.02842e-08 9.02327e-08 -1.37584e-07 2.57216e-07 1.20443e-08 2.74762e-07 -1.81047e-08 1.12373e-07 4.64051e-07 3.32335e-09 1.21942e-07 5.74782e-07 8.12727e-09 -5.47871e-07 1.72487e-07 -1.30621e-08 -1.96298e-07 -8.65731e-08 9.08463e-09 1.45261e-08 1.60374e-07 -3.84373e-08 -2.28807e-07 5.71583e-08 1.38766e-06
internal_weight=6888 912 48 864 207 657 636 269 367 5976 192 152 132 65 5784 702 141 561 128 433 5082 548 516 4534 4512 114 178 67 153 40
internal_count=6888 912 48 864 207 657 636 269 367 5976 192 152 132 65 5784 702 141 561 128 433 5082 548 516 4534 4512 114 178 67 153 40
is_linear=0
shrinkage=0.05


Tree=210
num_leaves=21
num_cat=0
split_feature=3 7 3 15 5 12 14 5 11 14 14 4 3 16 12 11 15 5 5 14
split_gain=2.65541e-09 1.41495e-08 5.60436e-09 1.39718e-08 2.4436e-08 1.91271e-08 4.95554e-08 1.79617e-08 5.03154e-09 1.41624e-08 1.52074e-08 1.92248e-08 9.82362e-09 1.712e-08 2.05933e-08 4.66339e-09 1.97325e-08 3.39948e-09 2.89472e-09 1.27566e-09
threshold=10.050000000000002 107.71294236788152 11.65 0.029024409397335523 7.2500000000000009 0.60355339059327384 0.93845596220871974 9.6500000000000004 12.325000000000001 0.99053107487289871 0.42958674266195179 89.500000000000014 12.750000000000002 13.565000000000001 0.91597561503675362 14.509375000000002 -0.79904327102181261 4.1500000000000012 4.3500000000000005 0.98667101781630195
decision_type=2 2 2 2 2 2 2 2 2 2 2 2 2 2 2 2 2 2 2 2
left_child=1 -1 3 4 -2 19 7 -7 9 10 -4 -12 13 14 -10 16 -14 -17 -3 -5
right_child=2 18 8 5 -6 6 -8 -9 12 -11 11 -13 15 -15 -16 17 -18 -19 -20 -21
leaf_value=1.397167662140592e-06 -6.8213082514652665e-07 2.3369292594881901e-07 -5.0631011660584591e-07 1.077627673117648e-09 1.6226858747359075e-06 8.8909279914635905e-07 -3.1127481374174495e-06 -9.3298861468395591e-07 -1.805695693304842e-07 -9.4819202800522362e-07 1.1988454162360756e-06 -3.6271026441749269e-07 1.2597649447957952e-06 8.1721736222561958e-07 -1.5420527477415037e-06 -1.2551669280521061e-07 6.5901419253528304e-08 5.8252461765533446e-09 -4.9846763743146397e-07 5.0579531853416137e-07
leaf_weight=21 23 27 30 31 23 21 21 38 82 20 73 27 37 24 42 544 536 5220 27 21
leaf_count=21 23 27 30 31 23 21 21 38 82 20 73 27 37 24 42 544 536 5220 27 21
internal_value=1.03726e-15 2.95888e-07 -3.25724e-09 -2.80126e-07 4.70278e-07 -5.4163e-07 -1.02688e-06 -2.84451e-07 4.17044e-09 2.90463e-07 4.81025e-07 7.77225e-07 -2.45159e-09 -4.05133e-07 -6.41717e-07 6.953e-09 1.42992e-07 -6.57066e-09 -1.32387e-07 2.04906e-07
internal_weight=6888 75 6813 178 46 132 80 59 6635 150 130 100 6485 148 124 6337 573 5764 54 52
internal_count=6888 75 6813 178 46 132 80 59 6635 150 130 100 6485 148 124 6337 573 5764 54 52
is_linear=0
shrinkage=0.05


Tree=211
num_leaves=27
num_cat=0
split_feature=8 22 14 19 22 14 19 8 25 5 5 4 27 8 14 27 15 12 15 14 8 15 12 4 8 8
split_gain=2.6135e-09 2.48308e-08 4.19889e-08 3.27758e-08 2.69228e-08 5.69705e-08 4.5913e-08 2.36384e-08 2.22156e-08 2.0434e-08 1.78409e-08 1.12497e-08 5.86609e-09 2.58523e-08 4.43668e-08 3.78002e-08 1.12363e-08 1.89568e-08 4.50238e-08 1.89361e-08 4.80233e-08 3.96221e-09 5.66409e-09 3.07845e-09 2.31872e-09 1.78564e-09
threshold=81.864278336017534 182.50000000000003 0.38243310158943505 0.00028579000000000007 33.500000000000007 -0.032247759394263838 8.6420000000000016e-05 83.952622196820059 0.00039211270632282181 11.550000000000002 2.1500000000000008 5.5000000000000009 74.833333333333357 113.42698626310248 -0.93273441465163176 92.833333333333357 0.9052873537896472 0.37940952255126054 0.14888728888808328 0.3342611484689354 155.50342488737434 0.96901616890815878 1.0000000180025095e-35 31.500000000000004 357.73097872125072 174.73399450569516
decision_type=2 2 2 2 2 2 2 2 2 2 2 2 2 2 2 2 2 2 2 2 2 2 2 2 2 2
left_child=1 3 8 4 6 -6 10 9 -3 11 -1 -2 16 14 -14 -16 17 24 -19 23 -21 25 -23 -18 -9 -15
right_child=7 2 -4 -5 5 -7 -8 12 -10 -11 -12 -13 13 21 15 -17 19 18 -20 20 -22 22 -24 -25 -26 -27
leaf_value=8.8168847839245015e-07 1.243907431671687e-06 -1.3118395491758185e-06 -2.9216609641480319e-06 1.6788778935961091e-06 1.8285184437460383e-07 -2.8545812728435313e-06 2.3758945462759586e-06 -6.1391945244454713e-09 9.6175058750056688e-07 1.9876081311125476e-06 -7.0734576268388757e-08 -2.5054512236392036e-07 -2.7511510970932498e-06 -2.0256834220365829e-07 -1.1377775096140142e-06 4.0909109074505071e-07 -1.1060550075265291e-07 -2.7194186046098139e-08 8.0197403046514373e-07 -2.2899038034059535e-06 5.0790079529429628e-08 2.2388817488838699e-08 1.0950112052654504e-06 3.6520760416732052e-07 2.9554235960806462e-07 1.4347571812796691e-08
leaf_weight=51 20 21 20 28 38 26 20 3167 22 27 1370 34 22 110 78 80 111 431 264 36 56 32 20 49 65 690
leaf_count=51 20 21 20 28 38 26 20 3167 22 27 1370 34 22 110 78 80 111 431 264 36 56 32 20 49 65 690
internal_value=4.70754e-16 -5.60826e-08 -1.02894e-06 -1.61021e-08 -4.76366e-08 -1.05111e-06 -3.06896e-09 1.69138e-08 -1.48607e-07 8.64507e-07 -3.65519e-08 3.02956e-07 3.73879e-09 -1.03014e-07 -6.4747e-07 -3.54553e-07 3.01014e-08 5.08704e-08 2.8777e-07 -2.93549e-07 -8.65134e-07 1.20117e-08 4.34936e-07 3.51123e-08 -7.19603e-11 -1.54784e-08
internal_weight=6888 1596 63 1533 1505 64 1441 5292 43 81 1421 54 5211 1032 180 158 4179 3927 695 252 92 852 52 160 3232 800
internal_count=6888 1596 63 1533 1505 64 1441 5292 43 81 1421 54 5211 1032 180 158 4179 3927 695 252 92 852 52 160 3232 800
is_linear=0
shrinkage=0.05


Tree=212
num_leaves=25
num_cat=0
split_feature=24 6 4 8 14 6 22 1 1 1 21 6 17 5 15 24 5 21 0 14 21 14 1 8
split_gain=2.51103e-09 1.3949e-08 2.28044e-08 2.78289e-08 1.82179e-08 1.32149e-08 9.17105e-09 7.4522e-09 1.41479e-08 1.2909e-08 2.10974e-08 8.64451e-09 7.37191e-09 5.71319e-09 3.66964e-09 3.27817e-09 1.65979e-08 9.71045e-09 1.24335e-08 1.19581e-08 8.75375e-09 1.86931e-08 4.02291e-09 2.56006e-09
threshold=0.00031250509970022348 0.00047657500000000008 95.500000000000014 115.70595468830687 0.3504237462291826 0.00045723500000000006 383.50000000000006 651.45000000000016 612.55000000000007 693.55000000000007 396.50000000000006 0.00041508000000000002 1.0133872625401985 8.6500000000000004 0.38242094458159287 0.00033093612617243919 10.15 361.50000000000006 553.50000000000011 0.69056404122701587 403.50000000000006 0.38243310158943505 527.45000000000016 93.005165608530163
decision_type=2 2 2 2 2 2 2 2 2 2 2 2 2 2 2 2 2 2 2 2 2 2 2 2
left_child=1 5 3 4 -3 7 -7 8 11 10 -9 -1 15 -11 -5 16 -2 18 19 -17 21 -19 -18 -22
right_child=12 2 -4 14 -6 6 -8 9 -10 13 -12 -13 -14 -15 -16 17 22 20 -20 -21 23 -23 -24 -25
leaf_value=1.366300153500926e-10 -1.3738920904197237e-06 5.8386845145363966e-07 -7.2273909206425445e-07 -5.6310188606782205e-07 2.2130450428743937e-06 -1.5964450069207357e-07 -1.6556966511416249e-06 2.1741046034342369e-06 -1.1853410412072662e-06 -6.378680903589671e-07 -1.5612416668566518e-08 6.611894092998227e-07 -1.0031204602700685e-06 2.5506660403220005e-07 3.4194793367229675e-07 5.6037670359763907e-07 -2.2457850492499981e-07 3.8302557045643062e-07 1.4165377442623141e-06 -7.6622297547146455e-07 -5.089581703389611e-07 -1.6226613863724337e-06 7.4502780819329931e-07 -2.6888615261883529e-08
leaf_weight=4535 26 32 30 24 37 21 20 22 25 23 22 50 20 81 21 53 23 21 25 25 28 26 20 1678
leaf_count=4535 26 32 30 24 37 21 20 22 25 23 22 50 20 81 21 53 23 21 25 25 28 26 20 1678
internal_value=-8.93383e-16 1.89371e-08 5.03825e-07 8.26605e-07 1.45748e-06 4.38745e-09 -8.89426e-07 1.20895e-08 8.77562e-10 3.61326e-07 1.07925e-06 7.34549e-09 -4.81265e-08 5.75907e-08 -1.40745e-07 -3.82045e-08 -3.76608e-07 -2.56238e-08 4.46193e-07 1.35184e-07 -5.3346e-08 -7.26503e-07 2.26401e-07 -3.48007e-08
internal_weight=6888 4943 144 114 69 4799 41 4758 4610 148 44 4585 1945 104 45 1925 69 1856 103 78 1753 47 43 1706
internal_count=6888 4943 144 114 69 4799 41 4758 4610 148 44 4585 1945 104 45 1925 69 1856 103 78 1753 47 43 1706
is_linear=0
shrinkage=0.05


Tree=213
num_leaves=30
num_cat=0
split_feature=27 12 27 8 5 15 15 8 20 12 27 15 5 8 15 15 11 8 15 3 2 15 15 8 26 15 5 4 12
split_gain=2.46874e-09 1.91185e-08 4.84261e-08 1.90654e-08 1.34347e-08 1.35615e-08 1.03189e-08 4.16554e-08 1.75964e-07 1.1312e-08 1.97404e-08 9.40746e-09 2.89029e-08 4.99417e-08 1.91331e-08 2.62053e-08 1.44681e-08 1.80505e-08 1.2664e-08 2.14216e-08 1.07702e-08 1.06353e-08 3.42231e-08 2.0177e-08 1.04165e-08 5.9796e-09 1.26388e-08 5.1752e-09 4.54343e-09
threshold=7.5000000000000009 0.98296291314453421 1.8333333333333337 86.376432502574787 2.6500000000000008 -0.21022037796396451 -0.46800559042974538 96.580181888762709 2.3250000000000002e-06 0.78656609248549325 0.50000000000000011 -0.99273797715557011 13.65 163.00615541405975 -0.95242240592625282 -0.96234030595689413 15.715625000000001 69.564170468431641 -0.94137724084408114 16.450000000000003 160.50000000000003 -0.90531874877253482 -0.85674049181790024 86.376432502574787 0.00022922268850039847 -0.99938741687870725 8.4500000000000011 1.5000000000000002 0.91597561503675362
decision_type=2 2 2 2 2 2 2 2 2 2 2 2 2 2 2 2 2 2 2 2 2 2 2 2 2 2 2 2 2
left_child=1 4 3 -3 5 -1 9 8 -8 27 -11 12 24 -14 15 16 -13 -18 19 -16 -21 23 -23 -20 25 -2 -27 -6 -9
right_child=11 2 -4 -5 6 -7 7 28 -10 10 -12 14 13 -15 18 -17 17 -19 21 20 -22 22 -24 -25 -26 26 -28 -29 -30
leaf_value=1.9423697469481536e-09 5.7988857342650142e-07 8.8298237552282513e-07 -2.6774391291913464e-06 -1.1236945772452599e-06 8.4465439956189699e-08 1.4260787981612566e-06 -1.9865939567826805e-07 -2.0273200143788564e-08 -4.4781568322248083e-06 1.3196429431494101e-06 6.4641474735597202e-08 -1.0025471362951067e-06 -2.4742945013024518e-06 5.8305217494462758e-07 -2.0402189451829146e-06 1.8371774761164723e-06 1.229318628962314e-06 9.3171098806988372e-08 1.0481164571905941e-06 6.5448822308411545e-07 -8.5963712815160047e-07 -8.5974906892670742e-07 3.1332902963345237e-08 -1.5708461661538848e-08 8.9456196325767765e-07 4.7315002484538129e-07 -9.5996052032809594e-07 -1.4420247920842275e-07 6.7749230178530224e-07
leaf_weight=35 20 29 24 20 735 32 169 835 28 47 94 20 34 22 20 31 49 122 72 24 23 111 3682 117 31 25 40 373 24
leaf_count=35 20 29 24 20 735 32 169 835 28 47 94 20 34 22 20 31 49 122 72 24 23 111 3682 117 31 25 40 373 24
internal_value=2.27899e-16 -4.03515e-08 -8.37342e-07 6.39306e-08 -1.58236e-08 6.82127e-07 -3.61111e-08 -1.51165e-07 -8.06913e-07 6.11642e-08 4.82975e-07 2.22056e-08 -3.40345e-07 -1.27319e-06 3.68061e-08 4.88761e-07 2.69909e-07 4.18734e-07 1.20261e-08 -6.69676e-07 -8.64667e-08 2.34963e-08 5.25589e-09 3.89558e-07 1.09996e-07 -1.7614e-07 -4.08764e-07 7.48608e-09 -7.78006e-10
internal_weight=6888 2445 73 49 2372 67 2305 1056 197 1249 141 4443 172 56 4271 222 191 171 4049 67 47 3982 3793 189 116 85 65 1108 859
internal_count=6888 2445 73 49 2372 67 2305 1056 197 1249 141 4443 172 56 4271 222 191 171 4049 67 47 3982 3793 189 116 85 65 1108 859
is_linear=0
shrinkage=0.05


Tree=214
num_leaves=28
num_cat=0
split_feature=8 8 6 27 25 22 1 14 15 8 22 24 15 27 27 8 27 11 27 8 27 8 15 8 14 4 11
split_gain=2.60079e-09 2.50927e-08 3.32568e-08 2.44132e-08 2.46276e-08 8.33202e-08 2.19157e-08 1.84684e-08 2.38452e-08 1.21971e-08 3.39214e-08 2.78538e-08 1.75276e-08 1.47909e-08 9.75625e-09 9.47055e-09 7.46094e-09 6.38227e-09 5.81916e-09 3.23765e-08 6.71473e-09 2.9898e-08 6.05478e-09 6.1512e-09 6.01046e-09 6.87028e-09 8.37299e-10
threshold=80.591617775109953 79.707600843569097 0.00028692500000000005 87.500000000000014 0.00019987786527132369 123.50000000000001 102.30000000000003 0.94138322595482449 -0.69676771491221523 83.952622196820059 182.50000000000003 0.00023079786489360081 0.53493525241775031 12.833333333333334 98.833333333333357 82.595493509792149 99.166666666666671 23.887500000000003 99.833333333333357 108.64304524185037 98.833333333333357 118.84717587202074 0.96901616890815878 148.0505631407099 0.99983759474438971 94.500000000000014 39.712500000000006
decision_type=2 2 2 2 2 2 2 2 2 2 2 2 2 2 2 2 2 2 2 2 2 2 2 2 2 2 2
left_child=1 3 -3 4 5 6 -1 8 14 10 12 -12 13 -2 -5 -15 -10 -6 20 -20 24 -22 23 -21 25 -11 -23
right_child=9 2 -4 7 17 -7 -8 -9 16 18 11 -13 -14 15 -16 -17 -18 -19 19 22 21 26 -24 -25 -26 -27 -28
leaf_value=-1.0896724651063632e-07 4.5484561442776794e-07 -2.2680725123791491e-06 2.204306654221e-07 2.0539198831535207e-06 4.1493633375466741e-07 -3.2520208235166052e-06 1.2587584437066352e-06 1.6854176480762817e-06 3.2906876893850785e-07 3.0243792344040228e-08 -1.916889182625296e-06 6.2891733894806145e-07 -1.6778292171653923e-07 2.7455215611585768e-06 5.1087459667087393e-07 1.2768982356726118e-06 -5.9852044694685495e-07 1.6243182353529544e-06 -1.5952567426555453e-06 -8.913872101536733e-07 2.1001288673904219e-06 9.3120073910303955e-08 6.704027006972426e-07 -8.7242932273144221e-09 -6.6463086702903895e-07 -1.8976667430827213e-07 -2.7048005490470928e-07
leaf_weight=1235 25 29 25 21 20 21 30 30 41 4395 22 21 23 21 20 23 46 24 37 22 21 76 29 192 33 386 20
leaf_count=1235 25 29 25 21 20 21 30 30 41 4395 22 21 23 21 20 23 46 24 37 22 21 76 29 192 33 386 20
internal_value=-1.24537e-16 -5.72069e-08 -1.11599e-06 -1.87834e-08 -8.85879e-08 -1.28386e-07 -7.65311e-08 5.68812e-07 3.07107e-07 1.65007e-08 4.85722e-07 -6.73588e-07 1.02757e-06 1.42603e-06 1.30121e-06 1.97783e-06 -1.61381e-07 1.0746e-06 4.34476e-09 -2.17387e-07 1.69355e-08 3.91199e-07 -7.58808e-09 -9.94653e-08 7.83937e-09 1.2481e-08 1.737e-08
internal_weight=6888 1542 54 1488 1330 1286 1265 158 128 5346 135 43 92 69 41 44 87 44 5211 280 4931 117 243 214 4814 4781 96
internal_count=6888 1542 54 1488 1330 1286 1265 158 128 5346 135 43 92 69 41 44 87 44 5211 280 4931 117 243 214 4814 4781 96
is_linear=0
shrinkage=0.05


Tree=215
num_leaves=31
num_cat=0
split_feature=17 8 15 27 17 17 15 1 21 24 0 8 21 24 8 4 8 5 4 9 11 9 5 8 4 15 11 4 11 8
split_gain=2.48388e-09 2.20369e-08 9.87428e-08 3.7455e-08 2.8349e-08 2.76947e-08 2.14749e-08 1.32191e-08 7.39885e-09 3.1916e-08 2.06185e-08 6.48724e-09 5.29469e-09 5.36086e-09 4.37765e-09 3.5619e-08 3.49207e-08 7.17944e-08 3.75767e-08 3.02218e-08 2.18833e-08 1.97826e-08 1.51039e-08 1.34691e-08 4.83006e-08 3.2228e-08 3.71411e-08 2.66486e-08 4.5764e-08 1.98746e-08
threshold=0.90602659689568432 99.949376656828846 -0.45273527932988084 1.5000000000000002 0.99699436436562516 0.96972320407039458 -0.88220415136009767 674.95000000000016 238.50000000000003 0.00014159571237352299 238.50000000000003 259.53272830527243 263.50000000000006 8.3965969982449965e-05 73.132515692899702 87.500000000000014 69.564170468431641 9.3500000000000032 81.500000000000014 -1.926741258843067 15.815625000000002 -8.2825205876673298 3.3500000000000001 99.949376656828846 87.500000000000014 -0.3744658827978154 17.806250000000002 33.500000000000007 14.146875000000001 93.676487606239235
decision_type=2 2 2 2 2 2 2 2 2 2 2 2 2 2 2 2 2 2 2 2 2 2 2 2 2 2 2 2 2 2
left_child=14 2 3 6 5 -5 7 -2 9 10 11 -3 -10 -14 15 16 18 20 19 -1 -18 22 -17 24 27 -26 -27 29 -29 -16
right_child=1 8 -4 4 -6 -7 -8 -9 12 -11 -12 -13 13 -15 23 21 17 -19 -20 -21 -22 -23 -24 -25 25 26 -28 28 -30 -31
leaf_value=-7.660025973616823e-08 8.6769802623817593e-07 1.1456747659264825e-06 -2.9547270859049088e-06 -5.5712861817133113e-07 1.0227792881778441e-06 -2.6457105125895658e-06 1.6664341228218089e-06 -8.8611676871897504e-07 -7.5091400167555849e-07 2.0243820879765434e-06 -1.319245596614169e-06 7.7553466420516259e-08 8.1083822095706642e-07 -1.4103551883945377e-08 1.4865089313268129e-08 1.4264242855793548e-06 -1.3826487166365302e-06 4.8531673755292106e-07 -1.8599238827697452e-06 1.7988768315097499e-06 -3.4401646170560223e-06 1.7805756803274312e-06 1.2142472233137831e-07 -5.2511138993403939e-09 -1.8847596290494974e-06 -6.1694711815234057e-07 1.7700542832699287e-06 7.0190174996086894e-10 1.4488750965404927e-06 8.1068482911184747e-07
leaf_weight=909 22 21 35 65 20 21 36 21 24 24 23 44 20 1286 378 27 28 40 29 22 24 29 124 3148 37 88 20 94 130 99
leaf_count=909 22 21 35 65 20 21 36 21 24 24 23 44 20 1286 378 27 28 40 29 22 24 29 124 3148 37 88 20 94 130 99
internal_value=-5.59855e-16 -5.32424e-08 -5.19366e-07 -5.86225e-08 -6.72808e-07 -1.06713e-06 7.65475e-07 1.11838e-08 1.78722e-08 4.08161e-07 -3.26264e-08 4.22639e-07 -1.49942e-08 -1.47045e-09 1.69324e-08 -6.54633e-08 -1.76671e-07 -1.10723e-06 -8.74918e-08 -3.22818e-08 -2.33227e-06 5.84482e-07 3.54769e-07 4.23484e-08 2.19468e-07 -6.11216e-07 -1.7491e-07 3.91293e-07 8.4116e-07 1.80035e-07
internal_weight=6888 1662 220 185 106 86 79 43 1442 112 88 65 1330 1306 5226 1232 1052 92 960 931 52 180 151 3994 846 145 108 701 224 477
internal_count=6888 1662 220 185 106 86 79 43 1442 112 88 65 1330 1306 5226 1232 1052 92 960 931 52 180 151 3994 846 145 108 701 224 477
is_linear=0
shrinkage=0.05


Tree=216
num_leaves=21
num_cat=0
split_feature=3 7 3 15 13 14 7 11 27 27 27 3 16 15 27 14 15 14 27 14
split_gain=2.56026e-09 1.27661e-08 4.52378e-09 1.28935e-08 9.2803e-09 2.54342e-08 1.52539e-08 4.95979e-09 2.64235e-08 2.12406e-08 1.64512e-08 8.9766e-09 1.54829e-08 1.61118e-08 4.81473e-09 4.05602e-09 2.0508e-08 1.32904e-08 3.20339e-09 2.66506e-09
threshold=10.050000000000002 107.71294236788152 11.65 0.029024409397335523 0.60355339059327384 0.93845596220871974 109.17467662370957 12.325000000000001 6.5000000000000009 37.500000000000007 57.833333333333336 12.750000000000002 13.565000000000001 0.68430231102288386 48.500000000000007 0.96234642434711437 0.24164313636530552 0.95242846126021108 38.833333333333336 0.94425825643485939
decision_type=2 2 2 2 2 2 2 2 2 2 2 2 2 2 2 2 2 2 2 2
left_child=1 -1 3 14 5 6 -5 8 -4 -10 -11 12 13 -9 -2 17 -17 -13 -3 -6
right_child=2 18 7 4 19 -7 -8 11 9 10 -12 15 -14 -15 -16 16 -18 -19 -20 -21
leaf_value=1.3365972206104614e-06 -1.1432463114857683e-07 3.308284097220562e-07 -1.3570498638381696e-06 5.5179719815612316e-07 -2.7549365861327596e-07 -2.1720697793625734e-06 -1.230866514777604e-06 -9.9187420921799295e-07 1.897456854275485e-06 -7.4083156215228509e-07 6.4455746278705804e-07 2.6564322735051874e-09 7.7440983593154073e-07 2.4439305211612201e-07 9.1756504310489206e-07 4.3237175473478922e-08 1.1210510102444005e-06 -6.0644356438089482e-07 -4.479733523831167e-07 4.3757449162740165e-07
leaf_weight=21 20 23 21 28 38 25 21 86 24 30 75 5650 24 38 26 548 48 91 31 20
leaf_count=21 20 23 21 28 38 25 21 86 24 30 75 5650 24 38 26 548 48 91 31 20
internal_value=-6.04151e-17 2.90539e-07 -3.19836e-09 -2.51948e-07 -5.03158e-07 -8.74319e-07 -2.12202e-07 3.47495e-09 2.87719e-07 5.55472e-07 2.48732e-07 -3.09969e-09 -3.8803e-07 -6.13018e-07 4.68917e-07 5.89031e-09 1.30041e-07 -6.99835e-09 -1.16261e-07 -2.96081e-08
internal_weight=6888 75 6813 178 132 74 49 6635 150 129 105 6485 148 124 46 6337 596 5741 54 58
internal_count=6888 75 6813 178 132 74 49 6635 150 129 105 6485 148 124 46 6337 596 5741 54 58
is_linear=0
shrinkage=0.05


Tree=217
num_leaves=26
num_cat=0
split_feature=14 14 27 8 15 12 14 27 14 14 8 25 12 15 27 14 12 14 8 14 8 15 27 12 1
split_gain=2.44965e-09 1.31469e-08 4.27996e-08 1.17823e-07 8.10684e-09 1.38744e-08 1.15061e-08 6.14097e-09 3.0799e-09 1.29844e-08 2.74684e-08 1.75237e-08 1.17075e-08 2.07856e-08 1.61344e-08 1.00181e-08 1.98351e-08 1.04988e-08 1.11175e-09 5.21969e-10 3.58234e-10 1.90939e-10 1.26672e-10 4.39572e-11 3.29908e-12
threshold=-0.99630266176052629 -0.99275805973510278 7.5000000000000009 129.53585182048829 0.063390085881955341 0.37940952255126054 -0.99866806308218525 6.5000000000000009 -0.97876850416056738 -0.96689237009891416 73.132515692899702 0.00010493745157277414 0.37940952255126054 0.14888728888808328 28.833333333333339 -0.96235977360714686 0.25881904510252091 -0.95500086777008153 151.98416661219997 -0.99467753128998015 155.50342488737434 0.13185577213185923 0.83333333333333337 -0.70710678118654735 695.35000000000014
decision_type=2 2 2 2 2 2 2 2 2 2 2 2 2 2 2 2 2 2 2 2 2 2 2 2 2
left_child=4 2 3 -2 5 20 7 -7 12 10 -10 -12 18 14 -14 16 -11 -17 -3 -5 -1 -20 24 -24 -22
right_child=1 8 -4 19 -6 6 -8 -9 9 15 11 -13 13 -15 -16 17 -18 -19 21 -21 22 -23 23 -25 -26
leaf_value=-2.4119674028549362e-07 -4.5151130302656382e-06 -4.1171756715416645e-07 9.0648471666732184e-07 2.8553565737287171e-07 -7.1485571080387449e-07 1.0449641854393121e-06 1.6139028093202041e-06 -5.9193161410362073e-08 -2.0571032411245816e-06 -1.3237778170146647e-07 3.4149877211778599e-07 -8.7704726464535584e-07 1.1520541624084521e-06 1.7901836422930099e-06 -4.9565042183839746e-07 -5.9873438247808824e-07 1.9292680491389548e-06 8.6204541264089913e-09 1.7124521541826236e-08 -5.8890407889594156e-08 3.6490889527840413e-08 -1.0755259068308586e-07 -1.050136929156833e-07 -2.651890335685147e-08 6.520968488743506e-08
leaf_weight=22 20 23 32 22 24 20 27 34 23 28 70 51 24 27 39 72 20 6048 75 22 20 52 31 42 20
leaf_count=22 20 23 32 22 24 20 27 34 23 28 70 51 24 27 39 72 20 6048 75 22 20 52 31 42 20
internal_value=1.26713e-16 -5.66547e-09 -5.86547e-07 -1.33306e-06 1.56933e-07 2.53799e-07 7.71137e-07 3.49754e-07 2.84563e-09 -3.83895e-09 -4.7318e-07 -1.72103e-07 1.7865e-07 6.29488e-07 1.32047e-07 7.11842e-09 7.26641e-07 1.4751e-09 -9.18527e-08 1.13323e-07 -5.6604e-08 -3.39244e-08 -2.06655e-08 -5.98523e-08 5.08503e-08
internal_weight=6888 6648 96 64 240 216 81 54 6552 6312 144 121 240 90 63 6168 48 6120 150 44 135 127 113 73 40
internal_count=6888 6648 96 64 240 216 81 54 6552 6312 144 121 240 90 63 6168 48 6120 150 44 135 127 113 73 40
is_linear=0
shrinkage=0.05


Tree=218
num_leaves=21
num_cat=0
split_feature=3 4 12 3 4 4 13 4 14 11 14 14 4 3 16 12 13 11 13 14
split_gain=2.30343e-09 1.26495e-08 4.61053e-09 4.09778e-09 1.0645e-08 1.53349e-08 2.3859e-08 5.47305e-09 6.2916e-09 4.46139e-09 1.28549e-08 1.27701e-08 1.73557e-08 8.12168e-09 1.39733e-08 1.9655e-08 4.32586e-09 3.93388e-09 1.12712e-08 2.9029e-09
threshold=10.050000000000002 38.500000000000007 0.91597561503675362 11.65 33.500000000000007 65.500000000000014 0.60355339059327384 96.500000000000014 0.93845596220871974 12.325000000000001 0.99053107487289871 0.42958674266195179 89.500000000000014 12.750000000000002 13.565000000000001 0.91597561503675362 0.60355339059327384 14.509375000000002 0.1294095225512602 0.81428061195174062
decision_type=2 2 2 2 2 2 2 2 2 2 2 2 2 2 2 2 2 2 2 2
left_child=1 -1 -3 4 16 6 -6 8 -7 10 11 -5 -13 14 15 -11 -2 18 -15 -19
right_child=3 2 -4 9 5 7 -8 -9 -10 13 -12 12 -14 17 -16 -17 -18 19 -20 -21
leaf_value=-4.5697867439760861e-07 7.3162175654271863e-07 3.0172756112278879e-07 1.3506508630391844e-06 -4.5030889386528854e-07 -2.1762157935519873e-06 6.7354035169291968e-07 1.0228088029862193e-07 -7.4890464762098596e-07 -3.9254890225493002e-07 -1.3227938644715278e-07 -9.0718935609857008e-07 1.1264831968843307e-06 -3.5722148489277839e-07 6.0428475826837123e-07 7.3525835375676252e-07 -1.4623826917245642e-06 -1.7339899366798699e-07 -2.4019860128830278e-08 2.6767489286666381e-08 6.6276924608759715e-08
leaf_weight=33 31 20 22 30 27 31 20 21 25 82 20 73 27 103 24 42 23 4664 470 1100
leaf_count=33 31 20 22 30 27 31 20 21 25 82 20 73 27 103 24 42 23 4664 470 1100
internal_value=-1.44229e-15 2.75581e-07 8.51164e-07 -3.0337e-09 -2.39781e-07 -4.94945e-07 -1.20664e-06 -6.05321e-08 1.97608e-07 3.31763e-09 2.72902e-07 4.54454e-07 7.25883e-07 -2.91792e-09 -3.69059e-07 -5.82798e-07 3.4615e-07 5.63327e-09 1.30579e-07 -6.78765e-09
internal_weight=6888 75 42 6813 178 124 47 77 56 6635 150 130 100 6485 148 124 54 6337 573 5764
internal_count=6888 75 42 6813 178 124 47 77 56 6635 150 130 100 6485 148 124 54 6337 573 5764
is_linear=0
shrinkage=0.05


Tree=219
num_leaves=14
num_cat=0
split_feature=5 12 5 14 12 5 12 3 5 5 27 27 5
split_gain=2.399e-09 1.75345e-08 7.98032e-09 1.32349e-08 2.02597e-08 4.40023e-09 1.51503e-08 4.09473e-09 4.76933e-09 1.56161e-08 1.27328e-08 1.98485e-09 1.80151e-09
threshold=1.4500000000000002 0.78656609248549325 2.0500000000000003 0.38243310158943505 0.60355339059327384 2.3500000000000001 0.78656609248549325 8.7500000000000018 3.2500000000000004 3.3500000000000001 56.500000000000007 22.833333333333339 0.8500000000000002
decision_type=2 2 2 2 2 2 2 2 2 2 2 2 2
left_child=1 11 3 4 -2 6 -4 -7 10 -10 -9 -1 -13
right_child=2 -3 5 -5 -6 7 -8 8 9 -11 -12 12 -14
leaf_value=-2.4657953319588571e-07 3.6252776619056189e-08 -1.3332927454501733e-06 1.6679764763912667e-07 -1.9324548476733243e-07 2.2074529916998083e-06 6.5349147651735011e-07 -1.4741795405887554e-06 -4.3496065088368709e-08 -1.1463721944930209e-06 -2.9342141006181455e-09 8.0175234071280523e-07 -1.4547536709563287e-08 5.7362017296706356e-07
leaf_weight=22 22 27 39 37 21 24 22 133 30 6391 67 23 30
leaf_count=22 22 27 39 37 21 24 22 133 30 6391 67 23 30
internal_value=6.94353e-16 -2.40683e-07 3.61769e-09 5.0005e-07 1.09661e-06 -2.30455e-09 -4.2503e-07 1.576e-09 -7.87086e-10 -8.27655e-09 2.39662e-07 1.52657e-07 3.18378e-07
internal_weight=6888 102 6786 80 43 6706 61 6645 6621 6421 200 75 53
internal_count=6888 102 6786 80 43 6706 61 6645 6621 6421 200 75 53
is_linear=0
shrinkage=0.05


Tree=220
num_leaves=24
num_cat=0
split_feature=14 14 3 27 3 8 8 8 23 14 12 27 14 3 12 8 14 12 8 8 8 14 27
split_gain=2.25096e-09 1.18308e-08 3.97589e-08 8.95183e-09 6.96741e-09 4.49834e-09 9.09161e-09 4.92063e-09 4.39622e-09 2.91176e-09 6.63567e-09 1.01392e-08 6.05207e-09 1.5498e-08 3.31854e-08 1.6712e-08 4.41682e-09 1.90446e-08 4.20157e-09 4.627e-10 2.19677e-10 1.16413e-10 8.21008e-11
threshold=-0.99630266176052629 -0.99275805973510278 18.650000000000002 1.0000000180025095e-35 16.650000000000002 86.376432502574787 109.77275541986442 57.026660123704609 201.50000000000003 -0.98523971305672675 0.25881904510252091 56.500000000000007 -0.94975917145599731 18.450000000000003 0.60355339059327384 103.59314869256782 -0.90574346089748803 0.78656609248549325 81.864278336017534 151.98416661219997 211.42874949973151 -0.99763297024448894 56.166666666666679
decision_type=2 2 2 2 2 2 2 2 2 2 2 2 2 2 2 2 2 2 2 2 2 2 2
left_child=4 2 -2 -4 -1 7 -7 -6 -5 10 20 -12 13 14 -11 -15 17 -14 -18 -8 -3 -21 -22
right_child=1 9 3 8 5 6 19 -9 -10 12 11 -13 16 15 -16 -17 18 -19 -20 21 22 -23 -24
leaf_value=1.0439381651394796e-06 -2.1831218912111621e-06 -2.0191327873167862e-07 -6.0910688100942631e-07 1.0812166981821747e-06 1.3135309573152926e-07 1.0228934915748713e-06 2.3382790049329635e-07 -9.6448808667659596e-07 4.5413573126379134e-08 1.6342679337986195e-07 1.8599640050354083e-08 1.3214495560021078e-06 -8.5354704398627265e-09 1.1926083810318108e-06 -1.2508856051303664e-06 -8.6783904034410224e-08 -7.4538200568002639e-08 1.1475183600219277e-06 2.5745985716876216e-08 -3.2894951646361265e-08 -8.5551191968846755e-08 8.7270413956730413e-08 3.1116935333098144e-08
leaf_weight=20 27 21 28 20 21 27 23 20 21 81 32 28 171 29 85 213 1368 45 4416 104 25 25 38
leaf_count=20 27 21 28 20 21 27 23 20 21 81 32 28 171 29 85 213 1368 45 4416 104 25 25 38
internal_value=6.928e-16 -5.43085e-09 -5.56472e-07 8.00439e-08 1.50434e-07 6.92068e-08 1.77413e-07 -4.03204e-07 5.50683e-07 2.64301e-09 2.24995e-07 6.26596e-07 -2.35366e-09 -1.88694e-07 -5.60769e-07 6.65317e-08 1.03175e-08 2.32309e-07 2.02732e-09 2.72285e-08 -6.18633e-08 -9.60709e-09 -1.51799e-08
internal_weight=6888 6648 96 69 240 220 179 41 41 6552 144 60 6408 408 166 242 6000 216 5784 152 84 129 63
internal_count=6888 6648 96 69 240 220 179 41 41 6552 144 60 6408 408 166 242 6000 216 5784 152 84 129 63
is_linear=0
shrinkage=0.05


Tree=221
num_leaves=31
num_cat=0
split_feature=17 8 14 4 17 14 27 14 21 24 0 14 21 24 17 8 14 17 8 14 14 14 7 8 14 13 7 14 21 24
split_gain=2.34458e-09 1.98545e-08 1.25433e-07 2.91419e-08 4.32107e-08 3.62111e-08 2.73777e-08 2.03863e-08 6.33556e-09 2.84619e-08 1.88568e-08 6.21642e-09 4.61227e-09 4.88803e-09 3.89974e-09 2.27753e-08 1.36447e-08 8.92336e-09 2.07249e-08 4.67393e-08 8.29885e-09 8.00077e-09 2.92781e-08 4.8202e-08 2.89748e-08 4.58303e-08 2.3132e-08 8.53869e-09 7.85761e-09 8.52915e-09
threshold=0.90602659689568432 99.949376656828846 0.89404822654372251 1.5000000000000002 0.93394055203379522 0.46800856592688472 7.166666666666667 -0.049434980436038223 238.50000000000003 0.00014159571237352299 238.50000000000003 0.59868201182722736 263.50000000000006 8.3965969982449965e-05 0.82398527834959245 86.953777572817486 0.25206111083856975 0.7925369743887799 97.353951737631562 0.31799963745711152 0.99761913169647187 0.81428061195174062 96.175059912847928 93.676487606239235 0.79904096188274243 0.37940952255126048 98.993601809905883 0.78857998149907527 133.50000000000003 6.8280498459080303e-05
decision_type=2 2 2 2 2 2 2 2 2 2 2 2 2 2 2 2 2 2 2 2 2 2 2 2 2 2 2 2 2 2
left_child=14 2 3 5 -5 7 -6 -2 9 10 11 -3 -10 -14 17 16 -16 21 19 -19 28 24 23 -23 27 -26 -24 -1 29 -17
right_child=1 8 -4 4 6 -7 -8 -9 12 -11 -12 -13 13 -15 15 20 -18 18 -20 -21 -22 22 26 -25 25 -27 -28 -29 -30 -31
leaf_value=-1.453712786759362e-08 4.6902600387976894e-07 7.0078780601711014e-08 -3.9882501082304415e-06 -2.6095433757133005e-06 -1.6219872896900124e-06 2.4008871650949008e-06 5.3580534717073128e-07 -1.3598046274410082e-06 -7.0149853215184521e-07 1.9031918261210497e-06 -1.2697484170649146e-06 1.1295171193559384e-06 7.7364122780920767e-07 -1.4080669955469659e-08 3.4084302888120469e-07 -1.7228107372838727e-07 1.6128853014772569e-06 1.4589256203123568e-07 -3.0732262903519878e-08 -2.9337878086979882e-06 -9.5663331441371505e-07 1.4989898481667554e-06 -1.2738879754254559e-06 1.7934423191607782e-07 -2.5346514187982267e-06 3.2794036218109358e-07 7.3400726844411991e-09 8.9541141385587675e-07 -1.101146874471952e-08 9.6523942542287639e-07
leaf_weight=3059 64 45 23 23 21 20 49 20 24 24 23 20 20 1286 49 26 37 28 147 22 21 89 37 311 29 27 736 26 537 45
leaf_count=3059 64 45 23 23 21 20 49 20 24 24 23 20 20 1286 49 26 37 28 147 22 21 89 37 311 29 27 736 26 537 45
internal_value=-1.18891e-15 -5.17279e-08 -4.94169e-07 -8.62307e-08 -7.2932e-07 4.8884e-07 -1.11532e-07 3.35901e-08 1.57735e-08 3.76931e-07 -3.93219e-08 3.9606e-07 -1.46398e-08 -2.01755e-09 1.64508e-08 1.2494e-07 8.88117e-07 -7.44906e-10 -3.29827e-07 -1.20917e-06 2.05946e-08 1.42827e-08 1.25707e-07 4.72965e-07 -2.73285e-08 -1.15447e-06 -5.39865e-08 -6.86819e-09 5.43475e-08 5.48683e-07
internal_weight=6888 1662 220 197 93 104 70 84 1442 112 88 65 1330 1306 5226 715 86 4511 197 50 629 4314 1173 400 3141 56 773 3085 608 71
internal_count=6888 1662 220 197 93 104 70 84 1442 112 88 65 1330 1306 5226 715 86 4511 197 50 629 4314 1173 400 3141 56 773 3085 608 71
is_linear=0
shrinkage=0.05


Tree=222
num_leaves=23
num_cat=0
split_feature=15 15 27 27 11 3 13 27 27 15 15 3 15 15 15 15 15 15 27 27 17 3
split_gain=2.35488e-09 8.85267e-09 6.09588e-08 8.46616e-09 6.70596e-09 9.87267e-09 1.72739e-08 7.66448e-09 3.90122e-09 5.17305e-08 2.23223e-08 2.98182e-08 1.00725e-08 4.03548e-08 1.3258e-08 6.76668e-09 4.00076e-08 8.54254e-09 4.26327e-09 3.38315e-09 3.08911e-09 2.20442e-09
threshold=-0.97507822412530132 -0.96687281075841669 1.1666666666666667 61.166666666666679 16.512500000000003 18.250000000000004 0.37940952255126048 40.500000000000007 7.5000000000000009 -0.9575230291762723 -0.9575230291762723 22.150000000000002 -0.46800559042974538 -0.39827153806311183 -0.53495380374625956 -0.57782411410281842 -0.59177783207548873 -0.32613736746952143 1.1666666666666667 5.166666666666667 0.94600223972303854 17.150000000000002
decision_type=2 2 2 2 2 2 2 2 2 2 2 2 2 2 2 2 2 2 2 2 2 2
left_child=3 2 20 4 -1 6 -6 19 10 -10 11 -3 14 -14 -12 16 -11 -17 -13 -7 -2 -8
right_child=1 8 -4 -5 5 7 21 -9 9 15 12 18 13 -15 -16 17 -18 -19 -20 -21 -22 -23
leaf_value=-4.9532963901245434e-07 6.7772254335054916e-07 -2.5100139052505083e-06 -2.400776269131837e-06 -6.5168979727698378e-07 1.6443549520772648e-06 1.8126629191390585e-07 5.40979394597365e-07 1.0512894147041151e-06 2.2939780176329807e-06 -3.9062448454094303e-08 4.8817247493963544e-08 2.5599730907220998e-07 -1.6097563240855742e-06 -6.5186528019440831e-08 8.3120744896986754e-07 2.246404588746341e-07 -1.7577150408344876e-06 1.0074776857255277e-08 -6.7411605364497973e-07 -9.4551992962485135e-08 -1.36787145112466e-09 -1.1830131384504839e-07
leaf_weight=39 34 21 29 36 30 235 21 20 25 1041 815 22 44 1087 58 574 35 2418 28 211 33 32
leaf_count=39 34 21 29 36 30 235 21 20 25 1041 815 22 44 1087 58 574 35 2418 28 211 33 32
internal_value=-1.02159e-16 -9.2273e-09 -4.85678e-07 9.26279e-08 1.38198e-07 1.83203e-07 6.85609e-07 9.37187e-08 -1.81172e-09 2.65013e-08 -5.766e-08 -9.28924e-07 -2.67919e-08 -1.25276e-07 1.00797e-07 1.25665e-08 -9.49666e-08 5.12381e-08 -2.64866e-07 5.07783e-08 3.43245e-07 1.42923e-07
internal_weight=6888 6264 96 624 588 549 83 466 6168 4093 2075 71 2004 1131 873 4068 1076 2992 50 446 67 53
internal_count=6888 6264 96 624 588 549 83 466 6168 4093 2075 71 2004 1131 873 4068 1076 2992 50 446 67 53
is_linear=0
shrinkage=0.05


Tree=223
num_leaves=19
num_cat=0
split_feature=15 24 26 20 26 8 20 25 25 27 16 24 8 18 14 8 14 3
split_gain=2.29399e-09 2.46546e-09 1.23328e-08 3.14449e-08 2.57548e-08 3.73957e-08 1.31984e-08 1.13942e-08 1.35919e-08 9.15567e-09 8.56209e-09 6.49682e-09 1.06435e-08 8.42093e-09 3.01041e-09 1.89139e-08 5.1549e-09 2.76914e-10
threshold=0.98929220549296726 0.00031250509970022348 0.00039335159257015788 0.00043745000000000003 0.00035756379148633739 95.123362590545796 0.00045957000000000002 0.00040629599318147395 0.00036815049759551235 17.500000000000004 553.91000000000008 0.00033093612617243919 136.7282823065874 0.0003695900000000001 0.21862473630160603 117.12797434739029 0.1849296026015865 21.250000000000004
decision_type=2 2 2 2 2 2 2 2 2 2 2 2 2 2 2 2 2 2
left_child=1 2 4 -4 7 -6 -5 8 -1 -8 -9 12 -3 -13 16 -16 -15 -14
right_child=-2 11 3 6 5 -7 9 10 -10 -11 -12 13 17 14 15 -17 -18 -19
leaf_value=1.295911387039987e-08 -4.8798050139945801e-07 -1.296997754496732e-06 2.2553578045858557e-06 -9.460305321263224e-07 -2.2404302771314356e-06 1.9623029263726723e-07 7.3027281839229938e-07 1.345869432611835e-06 -1.232858875772019e-06 7.4201236991392454e-08 1.0291167148087273e-08 6.9870369020081247e-07 -1.5434834482035017e-07 -6.0801430006779156e-10 -6.4302553306155071e-07 -1.0791248517784135e-08 7.134785242134657e-07 9.9489314640623312e-08
leaf_weight=4514 24 27 20 23 31 32 83 28 22 148 21 39 22 904 140 763 26 21
leaf_count=4514 24 27 20 23 31 32 83 28 22 148 21 39 22 904 140 763 26 21
internal_value=-1.47576e-16 1.70623e-09 2.0529e-08 3.46507e-07 1.31261e-09 -1.00276e-06 1.96204e-07 1.51091e-08 6.91679e-09 3.09933e-07 7.73479e-07 -4.60002e-08 -5.18933e-07 -2.83157e-08 -4.37842e-08 -1.08812e-07 1.93557e-08 -3.03811e-08
internal_weight=6888 6864 4922 274 4648 63 254 4585 4536 231 49 1942 70 1872 1833 903 930 43
internal_count=6888 6864 4922 274 4648 63 254 4585 4536 231 49 1942 70 1872 1833 903 930 43
is_linear=0
shrinkage=0.05


Tree=224
num_leaves=15
num_cat=0
split_feature=5 12 5 12 5 12 3 3 5 5 12 27 5 7
split_gain=2.22717e-09 1.61951e-08 7.2938e-09 1.03366e-08 7.84832e-09 1.96478e-08 7.68081e-09 3.59055e-09 4.19359e-09 1.4275e-08 1.1447e-08 1.8588e-09 1.66013e-09 5.4095e-10
threshold=1.4500000000000002 0.78656609248549325 2.1500000000000008 0.60355339059327384 2.3500000000000001 0.60355339059327384 15.750000000000002 8.7500000000000018 3.2500000000000004 3.4500000000000006 0.78656609248549325 22.833333333333339 0.8500000000000002 133.84133589369182
decision_type=2 2 2 2 2 2 2 2 2 2 2 2 2 2
left_child=1 11 3 13 5 -4 -5 -6 10 -10 -9 -1 -13 -2
right_child=2 -3 4 6 7 -7 -8 8 9 -11 -12 12 -14 -15
leaf_value=-2.4023576605197212e-07 1.0283406110842307e-07 -1.2819546689705156e-06 4.7003909468656958e-07 3.7996640313312214e-07 6.1203091282398723e-07 -1.6727658667694254e-06 1.7338203406325192e-06 9.3430481740337039e-09 -8.1718644400454988e-07 -8.0203249260870162e-10 8.8885866953391162e-07 -1.3107395655810174e-08 5.5151052957095696e-07 -2.2148787479636669e-07
leaf_weight=22 36 27 20 22 24 23 20 151 54 6367 49 23 30 20
leaf_count=22 36 27 20 22 24 23 20 151 54 6367 49 23 30 20
internal_value=-8.20584e-16 -2.31903e-07 3.48572e-09 4.31714e-07 -2.78915e-09 -6.76112e-07 1.02466e-06 1.56795e-09 -6.44877e-10 -7.66775e-09 2.24824e-07 1.46115e-07 3.06488e-07 -1.29952e-08
internal_weight=6888 102 6786 98 6688 43 42 6645 6621 6421 200 75 53 56
internal_count=6888 102 6786 98 6688 43 42 6645 6621 6421 200 75 53 56
is_linear=0
shrinkage=0.05


Tree=225
num_leaves=19
num_cat=0
split_feature=5 14 12 3 5 8 17 3 21 3 17 8 4 4 8 8 4 8
split_gain=2.11076e-09 1.10353e-08 2.61286e-08 1.2546e-08 9.78849e-09 3.46702e-09 2.79183e-09 3.79974e-08 1.78084e-08 1.8447e-08 8.8478e-09 4.48684e-09 3.39332e-08 3.43804e-08 1.87466e-08 1.20972e-08 4.66922e-08 3.04691e-09
threshold=22.650000000000002 0.84773968378660736 1.0000000180025095e-35 14.350000000000003 22.350000000000005 155.50342488737434 0.90602659689568432 15.050000000000002 12.500000000000002 18.450000000000003 0.9752786032485391 73.132515692899702 87.500000000000014 81.500000000000014 62.59798576636738 99.949376656828846 87.500000000000014 104.30363909927918
decision_type=2 2 2 2 2 2 2 2 2 2 2 2 2 2 2 2 2 2
left_child=4 3 -3 -2 6 -5 11 -8 10 -10 -9 12 13 -1 -14 16 -13 -17
right_child=1 2 -4 5 -6 -7 7 8 9 -11 -12 15 14 -15 -16 17 -18 -19
leaf_value=-1.2399732239779955e-07 -1.2517386218746653e-06 -2.3349091457751978e-07 2.06913069792874e-06 7.349713402504676e-07 -1.0335100125201814e-06 -8.6091097411471977e-08 -1.9173743699714881e-06 1.5299654478440062e-07 -7.8449551586791909e-07 -1.3965361518607872e-08 1.5518264378605171e-06 3.8208269008294126e-07 2.4305246784800306e-07 -1.8143264795863587e-06 1.3714297229781527e-06 -2.9533643728632608e-07 -6.131502504172845e-07 6.5608537470369337e-09
leaf_weight=1016 20 28 22 20 23 36 27 20 82 1473 26 693 126 31 52 86 142 2965
leaf_count=1016 20 28 22 20 23 36 27 20 82 1473 26 693 126 31 52 86 142 2965
internal_value=-3.87095e-16 2.02766e-07 7.79663e-07 -1.76771e-07 -3.77825e-09 2.07145e-07 -2.63804e-10 -5.72858e-08 -2.59164e-08 -5.45978e-08 9.4364e-07 1.78993e-08 -6.554e-08 -1.74045e-07 5.72691e-07 4.42023e-08 2.12833e-07 -1.94887e-09
internal_weight=6888 126 50 76 6762 56 6739 1628 1601 1555 46 5111 1225 1047 178 3886 835 3051
internal_count=6888 126 50 76 6762 56 6739 1628 1601 1555 46 5111 1225 1047 178 3886 835 3051
is_linear=0
shrinkage=0.05


Tree=226
num_leaves=25
num_cat=0
split_feature=15 27 15 8 15 11 27 27 12 15 12 27 27 15 15 5 8 5 5 3 3 7 6 12
split_gain=2.28288e-09 2.93414e-08 4.66162e-09 9.48799e-09 8.21766e-09 4.62111e-08 1.524e-08 3.28033e-08 2.2561e-08 9.63539e-09 3.64471e-08 8.16787e-09 1.2671e-08 9.16091e-09 4.18262e-09 4.08758e-09 1.36534e-08 1.20441e-08 4.07372e-09 2.97749e-09 2.47524e-09 6.14722e-10 3.27841e-10 3.19054e-10
threshold=-0.99938741687870725 30.833333333333339 -0.97507822412530132 104.30363909927918 -0.93543596745397617 15.328125000000002 12.16666666666667 0.50000000000000011 0.60355339059327384 -0.92272482904738262 0.78656609248549325 5.166666666666667 45.166666666666679 -0.99465740988130902 -0.99983123799342477 14.550000000000002 105.89593020310592 14.350000000000003 12.350000000000003 23.450000000000003 22.050000000000004 10.319830303594637 0.00077376500000000015 1.0000000180025095e-35
decision_type=2 2 2 2 2 2 2 2 2 2 2 2 2 2 2 2 2 2 2 2 2 2 2 2
left_child=1 14 3 11 5 -4 7 -7 -8 10 20 19 13 -13 -1 17 -17 -11 -14 -2 -6 -5 23 -23
right_child=2 -3 4 21 9 6 8 -9 -10 15 -12 12 18 -15 -16 16 -18 -19 -20 -21 -22 22 -24 -25
leaf_value=-6.802724260445025e-08 1.2211811600819133e-06 -1.6395083329606913e-06 -2.0215541191894524e-06 2.1349560264318579e-07 4.2309000984156841e-07 2.8564068774487142e-07 -1.8573370280784552e-08 -9.1131535058300966e-07 1.527153818159377e-06 -1.5143325856516569e-08 2.4019879583647707e-06 -6.2560558256243646e-07 4.578997953785802e-07 2.6682771615455692e-07 7.1128285826076051e-07 3.5838996819027162e-07 -2.0117674979052022e-08 -7.5956561607364919e-07 1.454986536265053e-06 5.3362249370358943e-07 -1.9078307274331346e-07 -6.4482610660690567e-08 -2.46306709848134e-07 1.1737268963500996e-07
leaf_weight=36 31 27 33 22 24 116 90 113 32 4491 20 44 20 83 33 322 916 55 21 32 52 226 22 27
leaf_count=36 31 27 33 22 24 116 90 113 32 4491 20 44 20 83 33 322 916 55 21 32 52 226 22 27
internal_value=-1.09375e-15 -2.42118e-07 3.42217e-09 1.46097e-07 -8.6041e-09 -2.32704e-07 -6.45214e-08 -3.04997e-07 3.86863e-07 6.03099e-09 5.02846e-07 3.8643e-07 2.04362e-07 -4.23618e-08 3.04686e-07 -2.2149e-09 7.8331e-08 -2.41498e-08 9.68603e-07 8.71945e-07 3.07158e-09 -4.08278e-08 -6.11737e-08 -4.50751e-08
internal_weight=6888 96 6792 528 6264 384 351 229 122 5880 96 231 168 127 69 5784 1238 4546 41 63 76 297 275 253
internal_count=6888 96 6792 528 6264 384 351 229 122 5880 96 231 168 127 69 5784 1238 4546 41 63 76 297 275 253
is_linear=0
shrinkage=0.05


Tree=227
num_leaves=22
num_cat=0
split_feature=8 22 14 19 22 3 6 25 8 5 25 6 27 8 27 8 14 4 5 14 21
split_gain=2.21737e-09 2.3614e-08 3.61183e-08 2.5497e-08 2.47232e-08 6.32061e-08 4.94724e-08 1.96243e-08 1.74657e-08 1.83162e-08 1.74072e-08 1.08082e-08 4.99246e-09 2.74674e-08 6.13812e-09 2.62038e-08 5.34426e-09 5.50205e-09 2.7843e-09 3.46096e-09 7.37774e-10
threshold=81.864278336017534 182.50000000000003 0.38243310158943505 0.00028579000000000007 33.500000000000007 20.750000000000004 8.3015000000000017e-05 2.5192526132404186e-05 83.952622196820059 11.850000000000003 0.00039211270632282181 1.0190000000000002e-05 99.833333333333357 108.64304524185037 98.833333333333357 118.84717587202074 0.99983759474438971 94.500000000000014 5.0500000000000007 0.25206111083856975 302.50000000000006
decision_type=2 2 2 2 2 2 2 2 2 2 2 2 2 2 2 2 2 2 2 2 2
left_child=1 3 10 4 6 -6 7 -1 9 11 -3 -2 14 -14 16 -16 17 -10 -15 -20 -17
right_child=8 2 -4 -5 5 -7 -8 -9 12 -11 -12 -13 13 18 15 20 -18 -19 19 -21 -22
leaf_value=-4.598645004739336e-09 9.1202785820849966e-07 -1.213581537569331e-06 -2.7558060696719625e-06 1.4823006208887689e-06 -2.8414970933631088e-06 3.4018497833462669e-07 2.2533457354256824e-06 -1.1419523225879693e-06 2.7492549590248515e-08 1.8694521686484221e-06 7.9897120108605371e-07 -4.7811310095211311e-07 -1.470243000152845e-06 -5.7303219673343626e-07 1.9736221182548824e-06 1.7133962793359894e-07 -6.2688817160616246e-07 -1.6939514589281303e-07 3.4990746432966422e-07 -8.3538745150127702e-08 -1.064244391184272e-07
leaf_weight=1378 29 21 20 28 27 37 24 39 4395 25 22 27 37 20 21 45 33 386 65 158 51
leaf_count=1378 29 21 20 28 27 37 24 39 4395 25 22 27 37 20 21 45 33 386 65 158 51
internal_value=6.90982e-16 -5.16578e-08 -1.00038e-06 -1.26692e-08 -4.04826e-08 -1.00209e-06 2.22569e-09 -3.5902e-08 1.55793e-08 7.44149e-07 -1.83903e-07 2.41781e-07 4.25443e-09 -2.01124e-07 1.59166e-08 3.7375e-07 7.21976e-09 1.15966e-08 -7.88387e-09 4.28021e-08 2.37775e-08
internal_weight=6888 1596 63 1533 1505 64 1441 1417 5292 81 43 56 5211 280 4931 117 4814 4781 243 223 96
internal_count=6888 1596 63 1533 1505 64 1441 1417 5292 81 43 56 5211 280 4931 117 4814 4781 243 223 96
is_linear=0
shrinkage=0.05


Tree=228
num_leaves=18
num_cat=0
split_feature=14 14 12 8 7 22 12 23 3 21 14 3 14 8 14 6 14
split_gain=2.26921e-09 2.44147e-08 5.11367e-08 2.06028e-08 1.67019e-08 1.62517e-08 1.96203e-08 1.19922e-08 1.19853e-08 8.31055e-09 7.43321e-09 5.88305e-09 7.37156e-09 9.01208e-09 5.74129e-09 1.89109e-09 2.70094e-10
threshold=0.9962888416657264 0.99374995976406788 0.60355339059327384 84.804716948795075 116.10305010382527 71.500000000000014 0.12940952255126045 221.50000000000003 17.150000000000002 648.50000000000011 0.99274428880883148 9.6500000000000004 0.99053107487289871 229.06080412005954 0.96234642434711437 9.0690000000000014e-05 0.99939377080793557
decision_type=2 2 2 2 2 2 2 2 2 2 2 2 2 2 2 2 2
left_child=1 10 15 4 -2 6 16 -7 -9 -10 11 -1 14 -14 -13 -3 -5
right_child=3 2 -4 5 -6 7 -8 8 9 -11 -12 12 13 -15 -16 -17 -18
leaf_value=6.136256416994367e-07 2.031697061657111e-06 1.886137998023211e-07 -2.9977417744660107e-06 -3.0538347009686126e-08 2.5339924205112647e-07 1.3583450438437424e-06 -1.8859060137698258e-06 -8.0622932536668117e-07 1.1790344509019792e-06 -1.9317953796160466e-08 8.8290517386013789e-07 -9.7397992718415597e-09 -1.4294911403034405e-06 7.1515325217319514e-08 1.9284397712319567e-07 -4.3002954861376134e-07 -2.6433736019541924e-07
leaf_weight=39 23 30 21 30 31 21 23 29 23 39 24 6102 20 20 371 21 21
leaf_count=39 23 30 21 30 31 21 23 29 23 39 24 6102 20 20 371 21 21
internal_value=1.12528e-15 -5.45282e-09 -9.21178e-07 1.51043e-07 1.01082e-06 -9.85704e-08 -6.73555e-07 2.8133e-07 3.27884e-08 4.25232e-07 4.57337e-09 1.35604e-09 -2.31025e-09 -6.78988e-07 1.87129e-09 -6.61217e-08 -1.26809e-07
internal_weight=6888 6648 72 240 54 186 74 112 91 62 6576 6552 6513 40 6473 51 51
internal_count=6888 6648 72 240 54 186 74 112 91 62 6576 6552 6513 40 6473 51 51
is_linear=0
shrinkage=0.05


Tree=229
num_leaves=31
num_cat=0
split_feature=15 11 5 15 15 12 8 15 15 5 4 5 15 12 15 15 12 15 15 8 5 4 15 12 3 4 8 5 13 4
split_gain=2.20498e-09 1.42828e-08 1.91565e-08 1.1269e-08 3.34508e-08 8.02714e-08 2.72998e-08 2.93196e-08 1.9919e-08 1.25557e-08 3.5902e-08 1.13968e-08 1.1144e-08 1.86499e-08 8.68235e-09 2.04541e-08 7.30379e-08 2.14256e-08 1.75284e-08 3.19643e-08 1.05815e-08 8.77301e-09 2.68674e-08 8.68697e-09 7.31072e-09 5.58934e-09 5.12283e-09 2.86641e-09 1.31315e-09 1.30184e-09
threshold=-0.75013812021657655 14.418750000000001 6.9500000000000011 -0.84774213365954088 -0.86548532668110156 0.60355339059327384 113.42698626310248 -0.8142754349318998 -0.77788789561442695 14.550000000000002 74.500000000000014 11.750000000000002 -0.72694848937061807 0.60355339059327384 -0.69676771491221523 -0.64580103137750788 0.78656609248549325 -0.67168186667784702 -0.70900320270980455 108.64304524185037 13.050000000000002 1.0000000180025095e-35 -0.18493013702746822 0.25881904510252091 20.750000000000004 45.500000000000007 231.42976188336954 7.2500000000000009 -0.78656609248549325 14.500000000000002
decision_type=2 2 2 2 2 2 2 2 2 2 2 2 2 2 2 2 2 2 2 2 2 2 2 2 2 2 2 2 2 2
left_child=1 2 -1 4 9 26 7 24 -9 11 -11 -3 13 28 18 16 20 -18 27 -20 -16 22 -17 -23 -5 -4 -6 -14 -2 -30
right_child=12 3 25 6 5 -7 -8 8 -10 10 -12 -13 14 -15 15 21 17 -19 19 -21 -22 23 -24 -25 -26 -27 -28 -29 29 -31
leaf_value=2.0549570084860137e-06 -4.4476927236303254e-07 -3.0141267736607264e-09 -3.7292011637904664e-07 2.0765796898913892e-06 -7.4579747320058234e-07 -3.4544473914858521e-06 -8.4245288381353486e-08 -3.883022931894807e-07 1.1311261713210704e-06 -1.2556888073152909e-07 -2.2957638905262728e-06 3.6397118317615617e-07 -5.8965449724723838e-07 -1.6376203404888658e-06 3.7241884986438659e-07 -5.6817432555128309e-07 -1.2674383378907807e-06 -3.5818261403619547e-06 2.6792309995471443e-06 6.2078238727281135e-08 -4.6309482210935314e-07 -2.8908549893157507e-08 3.8573331864704384e-08 1.2860646869702901e-07 1.0568805623442575e-06 7.0071114266654525e-07 2.1272665742159185e-07 1.1469544753950345e-07 -1.9219205572614847e-07 3.3270910416980491e-07
leaf_weight=20 20 952 22 32 20 24 242 59 34 206 21 272 20 28 80 257 20 20 20 28 72 2051 629 1527 39 27 46 52 27 21
leaf_count=20 20 952 22 32 20 24 242 59 34 206 21 272 20 28 80 257 20 20 20 28 72 2051 629 1527 39 27 46 52 27 21
internal_value=-2.21326e-16 4.39778e-08 7.50929e-07 1.89241e-08 -4.28195e-08 -9.78192e-07 2.53276e-07 7.51325e-07 1.67188e-07 1.51981e-08 -3.26336e-07 7.85382e-08 -1.81977e-08 -5.51573e-07 -7.4766e-09 -1.82994e-08 -5.23618e-07 -2.42463e-06 4.12449e-07 1.15256e-06 -2.33508e-08 3.43469e-09 -1.37425e-07 3.83149e-08 1.51646e-06 2.18673e-07 -7.77352e-08 -8.09573e-08 -1.04378e-07 3.74522e-08
internal_weight=6888 2016 69 1947 1541 90 406 164 93 1451 227 1224 4872 96 4776 4656 192 40 120 48 152 4464 886 3578 71 49 66 72 68 48
internal_count=6888 2016 69 1947 1541 90 406 164 93 1451 227 1224 4872 96 4776 4656 192 40 120 48 152 4464 886 3578 71 49 66 72 68 48
is_linear=0
shrinkage=0.05


Tree=230
num_leaves=15
num_cat=0
split_feature=5 1 13 5 5 4 27 27 15 3 5 5 27 14
split_gain=2.13534e-09 1.3544e-08 3.45722e-08 6.54604e-09 6.90371e-09 1.78824e-08 6.77964e-09 1.28748e-08 3.32781e-08 3.13423e-09 3.54883e-09 1.25462e-08 1.11554e-08 2.23012e-09
threshold=1.4500000000000002 356.90000000000003 0.25881904510252057 2.1500000000000008 2.3500000000000001 27.500000000000004 11.833333333333334 38.833333333333336 -0.22700609751797865 8.7500000000000018 3.2500000000000004 3.4500000000000006 56.500000000000007 0.92602006027323147
decision_type=2 2 2 2 2 2 2 2 2 2 2 2 2 2
left_child=1 2 -1 6 5 -5 -2 -8 -9 -6 12 -12 -11 -4
right_child=3 -3 13 4 9 -7 7 8 -10 10 11 -13 -14 -15
leaf_value=-2.0618391568518746e-06 1.2303791760359673e-06 9.3956216630886056e-07 4.0717169874761169e-07 3.6216488232619004e-07 5.7190873121726331e-07 -1.6776744749742128e-06 -8.5981595227784572e-07 2.2316489076956716e-06 -2.9980954325525536e-07 -5.8137431921839444e-08 -7.6589273026717858e-07 -5.3627487118918104e-10 7.3302300851717305e-07 -2.4118018837086876e-07
leaf_weight=25 20 20 36 22 24 21 21 20 37 133 54 6367 67 21
leaf_count=25 20 20 36 22 24 21 21 20 37 133 54 6367 67 21
internal_value=2.54362e-16 -2.27072e-07 -5.11617e-07 3.41311e-09 -2.53142e-09 -6.34036e-07 4.09097e-07 1.98511e-07 5.88421e-07 1.55506e-09 -5.12371e-10 -6.97285e-09 2.06901e-07 1.68305e-07
internal_weight=6888 102 82 6786 6688 43 98 78 57 6645 6621 6421 200 57
internal_count=6888 102 82 6786 6688 43 98 78 57 6645 6621 6421 200 57
is_linear=0
shrinkage=0.05


Tree=231
num_leaves=23
num_cat=0
split_feature=8 22 15 18 22 3 1 1 25 8 5 3 8 8 5 17 18 8 5 8 3 8
split_gain=2.12224e-09 2.10224e-08 3.19206e-08 2.38004e-08 1.72064e-08 5.26875e-08 3.55345e-08 2.2492e-08 1.56539e-08 1.5493e-08 1.65464e-08 9.90597e-09 4.71178e-09 1.72585e-08 3.40078e-08 2.49472e-08 2.16394e-08 7.62932e-09 9.81589e-09 8.38265e-09 2.9019e-08 1.30045e-08
threshold=81.864278336017534 182.50000000000003 -0.91939278948206182 8.3015000000000017e-05 33.500000000000007 20.250000000000004 102.30000000000003 60.350000000000009 0.00039211270632282181 83.952622196820059 11.850000000000003 14.350000000000003 88.356080700843151 86.953777572817486 7.9500000000000011 0.96301408259680377 0.00028692500000000005 89.864064250933993 12.050000000000002 91.341464676511251 16.850000000000005 92.004444205745941
decision_type=2 2 2 2 2 2 2 2 2 2 2 2 2 2 2 2 2 2 2 2 2 2
left_child=1 3 8 4 6 -6 7 -1 -3 10 11 -2 13 15 -15 16 -11 18 -14 20 -19 -21
right_child=9 2 -4 -5 5 -7 -8 -9 -10 12 -12 -13 17 14 -16 -17 -18 19 -20 21 -22 -23
leaf_value=-3.1712415140238373e-09 -6.682420711712212e-07 -1.1545658575566146e-06 -2.5959530512409401e-06 1.6189712306930399e-06 -2.3416615587367938e-06 4.1993243976379839e-07 2.092548274958972e-06 -1.5162729896474048e-06 7.5394163762222315e-07 -7.1532695889416016e-08 1.7709882295093851e-06 7.1961969215155678e-07 8.7881830147714087e-08 -2.509267122522116e-06 4.4432421364426491e-08 -1.5681738403117154e-06 1.4741524413723036e-06 -1.6105797809110123e-06 1.483855660993072e-06 1.1084882431675767e-06 7.3345042861576628e-07 8.136202740157249e-09
leaf_weight=1396 20 21 20 22 31 39 20 25 22 84 25 36 34 22 32 20 31 31 20 27 23 4887
leaf_count=1396 20 21 20 22 31 39 20 25 22 84 25 36 34 22 32 20 31 31 20 27 23 4887
internal_value=1.07387e-15 -5.05375e-08 -9.45686e-07 -1.37506e-08 -3.75229e-08 -8.03059e-07 -3.35123e-10 -2.97916e-08 -1.7812e-07 1.52415e-08 7.01434e-07 2.23955e-07 4.57527e-09 -2.40505e-07 -9.95964e-07 6.16778e-08 3.4513e-07 1.37987e-08 6.04909e-07 7.37363e-09 -6.12197e-07 1.41821e-08
internal_weight=6888 1596 63 1533 1511 70 1441 1421 43 5292 81 56 5211 189 54 135 115 5022 54 4968 54 4914
internal_count=6888 1596 63 1533 1511 70 1441 1421 43 5292 81 56 5211 189 54 135 115 5022 54 4968 54 4914
is_linear=0
shrinkage=0.05


Tree=232
num_leaves=30
num_cat=0
split_feature=27 12 27 9 5 15 15 12 15 12 4 15 5 12 15 15 11 12 15 3 2 15 15 12 26 27 5 5 15
split_gain=1.9904e-09 1.73124e-08 4.26716e-08 1.33833e-08 1.03883e-08 1.11232e-08 8.32499e-09 2.36072e-08 1.48729e-07 1.08689e-08 1.53791e-08 7.32792e-09 2.37722e-08 4.02219e-08 1.56234e-08 2.27281e-08 1.17266e-08 1.2169e-08 1.14539e-08 1.79563e-08 9.06159e-09 8.76856e-09 2.63829e-08 1.63427e-08 8.46027e-09 6.03462e-09 5.63999e-09 5.33435e-09 1.06962e-08
threshold=7.5000000000000009 0.98296291314453421 1.8333333333333337 -13.146522644453039 2.6500000000000008 -0.21022037796396451 -0.42958798411962301 0.78656609248549325 -0.091258822863740666 0.91597561503675362 1.5000000000000002 -0.99273797715557011 13.65 0.25881904510252091 -0.95242240592625282 -0.96234030595689413 15.715625000000001 0.78656609248549325 -0.94137724084408114 16.450000000000003 160.50000000000003 -0.90531874877253482 -0.85674049181790024 0.60355339059327384 0.00022922268850039847 1.1666666666666667 14.15 8.4500000000000011 -0.99938741687870725
decision_type=2 2 2 2 2 2 2 2 2 2 2 2 2 2 2 2 2 2 2 2 2 2 2 2 2 2 2 2 2
left_child=1 4 3 -3 5 -1 9 26 -9 25 -11 12 24 -14 15 16 -13 -18 19 -16 -21 23 -23 -20 27 -6 -8 -2 -29
right_child=11 2 -4 -5 6 -7 7 8 -10 10 -12 14 13 -15 18 -17 17 -19 21 20 -22 22 -24 -25 -26 -27 -28 28 -30
leaf_value=-1.5164269875356242e-08 4.6413580184889731e-07 -9.4364648134614986e-07 -2.5219533535884391e-06 7.3761555086093722e-07 1.2083807476390348e-07 1.2746078153824671e-06 -1.0520673328068203e-07 -3.2859128201912762e-06 2.2966300105883974e-07 1.402201548046378e-06 -9.0892036172028701e-08 -9.08159594814606e-07 4.5904280344436065e-07 -2.2647529700600099e-06 -1.8926841329403033e-06 1.6970021643799322e-06 1.0408721833150631e-07 1.0369477959612799e-06 2.8868629530631829e-08 5.7571979582930303e-07 -8.1311807009668606e-07 -7.5470838058552895e-07 2.7674542518359568e-08 1.0191653341133778e-06 8.1544604803925291e-07 -1.0680961476111971e-07 1.9122058124109533e-07 5.3894120355835184e-07 -8.7723197580658055e-07
leaf_weight=35 25 20 24 29 663 32 691 41 113 35 34 20 23 33 20 31 122 49 127 24 23 111 3682 62 31 519 209 20 40
leaf_count=35 25 20 24 29 663 32 691 41 113 35 34 20 23 33 20 31 122 49 127 24 23 111 3682 62 31 519 209 20 40
internal_value=4.24434e-16 -3.6232e-08 -7.94643e-07 5.13861e-08 -1.28914e-08 6.00846e-07 -3.07311e-08 -1.34254e-07 -7.06302e-07 5.64894e-08 6.66474e-07 1.99386e-08 -3.00041e-07 -1.14605e-06 3.28247e-08 4.4123e-07 2.37413e-07 3.71398e-07 1.04326e-08 -6.37882e-07 -1.03924e-07 2.13409e-08 4.77855e-09 3.53728e-07 1.08377e-07 2.08811e-08 -3.63697e-08 -1.49495e-07 -4.05174e-07
internal_weight=6888 2445 73 49 2372 67 2305 1054 154 1251 69 4443 172 56 4271 222 191 171 4049 67 47 3982 3793 189 116 1182 900 85 60
internal_count=6888 2445 73 49 2372 67 2305 1054 154 1251 69 4443 172 56 4271 222 191 171 4049 67 47 3982 3793 189 116 1182 900 85 60
is_linear=0
shrinkage=0.05


Tree=233
num_leaves=31
num_cat=0
split_feature=24 11 8 6 25 23 6 25 22 25 25 8 14 17 1 24 25 11 21 18 7 23 26 23 26 24 8 26 14 8
split_gain=2.12639e-09 1.49877e-08 1.05245e-08 1.12306e-08 8.69912e-09 4.81681e-08 2.06953e-08 7.87554e-09 5.38878e-09 4.63125e-09 1.11061e-08 4.45575e-09 3.10827e-08 1.25453e-08 2.14246e-08 8.07305e-09 3.51062e-09 2.99177e-09 5.04565e-09 4.48258e-09 2.66175e-09 1.43066e-09 3.74138e-09 3.64091e-09 6.78099e-09 1.14106e-09 2.81797e-09 2.41166e-09 8.94887e-10 5.05248e-10
threshold=0.00037821101705771265 39.990625000000009 100.82326560581713 0.00045908 0.00045072379080859931 469.50000000000006 0.00049093500000000007 0.00044089405773684194 510.50000000000006 0.00042674998349425064 0.00040629599318147395 103.59314869256782 0.65233619298682533 0.9901945763414276 687.80000000000007 0.00042767354659592889 0.00054815533833116803 43.175000000000004 471.50000000000006 0.00038342000000000004 42.344349452053365 527.50000000000011 0.00042088683820365355 561.50000000000011 0.00037325529206335366 0.00059499272569213445 111.03009239048184 0.00075189565443834589 0.93237596376505805 249.41537297263798
decision_type=2 2 2 2 2 2 2 2 2 2 2 2 2 2 2 2 2 2 2 2 2 2 2 2 2 2 2 2 2 2
left_child=1 4 3 -3 7 6 -6 9 -7 10 -1 12 13 14 15 -2 -10 18 -4 20 -19 22 28 24 -23 27 -27 -25 -13 -30
right_child=11 2 17 -5 5 8 -8 -9 16 -11 -12 21 -14 -15 -16 -17 -18 19 -20 -21 -22 23 -24 25 -26 26 -28 -29 29 -31
leaf_value=8.7274841881981334e-10 -4.2470454449780196e-07 1.9422323427014428e-06 1.191780063436454e-06 3.2569856888254767e-07 -2.8875907836274047e-06 9.4282801962701041e-07 -6.9317148617384112e-07 9.7411809446292692e-07 -2.6682390178641129e-07 -6.3743945575924148e-07 8.8239198590874454e-07 -3.3384354997854433e-08 -2.1439810302581466e-06 1.0342823063934783e-06 -1.3526708103896572e-06 6.7668861170315688e-07 5.6801850824683696e-07 4.0478546275868335e-07 1.9623466029271086e-07 -4.987929020927595e-07 -1.543570231754937e-07 -1.0944159366488292e-07 -7.8773393966002911e-07 1.0328290353512947e-08 1.1257598954017568e-06 -5.4588339939355455e-07 -4.153769580697395e-08 5.0296904760762993e-07 -4.6994109833775608e-07 -1.1453721953103014e-07
leaf_weight=4772 28 21 20 22 21 24 22 21 34 28 36 202 20 23 31 41 20 80 35 24 29 25 20 558 20 29 616 26 20 20
leaf_count=4772 28 21 20 22 21 24 22 21 34 28 36 202 20 23 31 41 20 80 35 24 29 25 20 558 20 29 616 26 20 20
internal_value=1.04501e-15 1.57722e-08 4.09487e-07 1.11517e-06 -2.49777e-09 -4.21264e-07 -1.76486e-06 7.93474e-09 3.19439e-07 3.73916e-09 7.47314e-09 -4.89325e-08 -3.15884e-07 -1.86325e-08 -2.60803e-07 2.29746e-07 4.2377e-08 2.48081e-07 5.58251e-07 1.19815e-07 2.56023e-07 -2.40795e-08 -1.30488e-07 -2.19647e-09 4.39537e-07 -1.83706e-08 -6.42137e-08 3.22609e-08 -7.61703e-08 -2.92239e-07
internal_weight=6888 5209 231 43 4978 121 43 4857 78 4836 4808 1679 143 123 100 69 54 188 55 133 109 1536 262 1274 45 1229 645 584 242 40
internal_count=6888 5209 231 43 4978 121 43 4857 78 4836 4808 1679 143 123 100 69 54 188 55 133 109 1536 262 1274 45 1229 645 584 242 40
is_linear=0
shrinkage=0.05


Tree=234
num_leaves=17
num_cat=0
split_feature=5 12 5 12 3 5 12 3 4 5 11 5 14 11 11 9
split_gain=2.01477e-09 1.3682e-08 5.87786e-09 8.85884e-09 6.5329e-09 6.52824e-09 1.6811e-08 2.94485e-09 1.87716e-08 8.05429e-09 4.34132e-09 4.56907e-09 3.87386e-09 1.7519e-09 1.47729e-09 4.41565e-10
threshold=1.4500000000000002 0.78656609248549325 2.1500000000000008 0.60355339059327384 15.750000000000002 2.3500000000000001 0.60355339059327384 10.050000000000002 53.500000000000007 5.4500000000000011 10.65 3.0500000000000003 0.98667101781630195 17.703125000000004 22.106250000000006 -41.048669778142873
decision_type=2 2 2 2 2 2 2 2 2 2 2 2 2 2 2 2
left_child=1 13 3 15 -5 6 -4 8 9 -7 12 -12 -9 -1 -15 -2
right_child=2 -3 5 4 -6 7 -8 10 -10 -11 11 -13 -14 14 -16 -17
leaf_value=-1.6101419654783591e-07 -2.1232756438394063e-07 -1.1857145409521764e-06 4.437741048768373e-07 3.4209557475280277e-07 1.5906897010609102e-06 -8.6800245272892573e-07 -1.5383079970809417e-06 -9.8856412694745129e-07 1.5664832192539637e-06 4.9059029606723924e-07 2.9391947884800236e-07 -4.3737322015379858e-09 -2.817422482405077e-08 6.1944147572939367e-07 4.0003141643651932e-08 8.069083563297695e-08
leaf_weight=31 20 27 20 22 20 24 23 21 21 20 131 6407 21 22 22 36
leaf_count=31 20 27 20 22 20 24 23 21 21 20 131 6407 21 22 22 36
internal_value=1.88138e-16 -2.20568e-07 3.31535e-09 3.87737e-07 9.36664e-07 -2.31762e-09 -6.16409e-07 1.65618e-09 3.36552e-07 -2.5046e-07 -1.65206e-09 1.60308e-09 -5.08369e-07 1.26885e-07 3.29722e-07 -2.39586e-08
internal_weight=6888 102 6786 98 42 6688 43 6645 65 44 6580 6538 42 75 44 56
internal_count=6888 102 6786 98 42 6688 43 6645 65 44 6580 6538 42 75 44 56
is_linear=0
shrinkage=0.05


Tree=235
num_leaves=30
num_cat=0
split_feature=15 3 14 12 8 15 15 8 14 12 14 11 8 5 8 14 8 15 15 8 5 13 14 8 8 15 7 20 14
split_gain=2.03531e-09 1.13703e-08 2.32843e-08 1.15664e-08 8.31619e-09 6.42778e-09 3.26525e-08 5.3817e-08 2.63129e-08 7.42508e-08 1.3676e-08 8.03501e-09 1.02246e-08 7.46221e-09 2.05106e-08 6.75005e-09 5.01113e-09 4.29569e-09 7.19495e-09 6.26948e-09 3.73357e-09 6.50351e-09 2.80632e-09 1.10334e-08 2.50272e-09 2.07957e-09 1.96008e-09 5.9649e-10 1.97384e-11
threshold=0.9052873537896472 13.950000000000001 0.3504237462291826 0.78656609248549325 106.86421211404389 0.60553543375389329 0.57780407610161799 148.0505631407099 0.73283908552571653 0.60355339059327384 0.76696112484652046 12.709375000000001 109.77275541986442 21.050000000000004 102.77591655968864 0.52033990680116082 151.98416661219997 0.53493525241775031 0.44504239796885176 148.0505631407099 12.950000000000001 -0.78656609248549325 0.3342611484689354 174.73399450569516 141.71046372956297 0.53493525241775031 125.52661264652936 0.00046218000000000002 0.38243310158943505
decision_type=2 2 2 2 2 2 2 2 2 2 2 2 2 2 2 2 2 2 2 2 2 2 2 2 2 2 2 2 2
left_child=5 2 4 22 -2 6 13 -8 11 20 -11 26 15 17 -15 -13 -14 18 -1 -19 -10 -22 24 -24 -3 -16 -7 -26 -25
right_child=1 3 -4 -5 -6 8 7 -9 9 10 -12 12 16 14 25 -17 -18 19 -20 -21 21 -23 23 28 27 -27 -28 -29 -30
leaf_value=-4.9412297602388522e-09 -6.0976602396234374e-07 4.003276258729854e-07 -1.5666419954327836e-06 9.0071899681528784e-07 4.8422673962240994e-07 7.7247027926811524e-07 -3.2895895265028235e-06 1.0632102258918103e-07 -3.9458857108749209e-07 1.6196140385155949e-06 3.4241082738888165e-06 1.9950286882605092e-07 4.231159112868082e-07 1.3895303987333642e-06 1.2110718695826758e-07 -7.8608256283845053e-07 -4.8445176847747781e-08 1.0832034544963875e-06 -4.4614107582175587e-07 -7.4116311424177189e-08 9.2393743778490289e-07 -1.1356990774076664e-07 -1.1858271550408974e-06 2.1715977754186241e-08 5.2722514975317443e-09 -4.308886516416319e-07 1.7342648109516548e-07 -2.2510367433762705e-07 8.0117634887608935e-08
leaf_weight=5447 32 39 37 35 38 36 20 28 35 21 21 23 69 36 91 71 307 22 94 25 23 44 25 23 128 21 22 36 39
leaf_count=5447 32 39 37 35 38 36 20 28 35 21 21 23 69 36 91 71 307 22 94 25 23 44 25 23 128 21 22 36 39
internal_value=-5.21465e-16 -1.0507e-07 -5.52128e-07 4.21152e-08 -1.58842e-08 7.0307e-09 -9.97479e-09 -1.30864e-06 1.53399e-07 7.52507e-07 2.52186e-06 -9.99366e-09 -7.85127e-08 8.92715e-10 3.51319e-07 -5.44929e-07 3.80913e-08 -8.38843e-09 -1.24259e-08 4.67608e-07 2.39499e-08 2.42589e-07 -6.15094e-08 -2.99099e-07 4.03147e-08 1.7608e-08 5.45247e-07 -4.52981e-08 5.84525e-08
internal_weight=6888 432 107 325 70 6456 5784 48 672 144 42 528 470 5736 148 94 376 5588 5541 47 102 67 290 87 203 112 58 164 62
internal_count=6888 432 107 325 70 6456 5784 48 672 144 42 528 470 5736 148 94 376 5588 5541 47 102 67 290 87 203 112 58 164 62
is_linear=0
shrinkage=0.05


Tree=236
num_leaves=31
num_cat=0
split_feature=14 3 4 7 14 7 19 12 8 15 14 12 27 12 27 8 15 14 4 27 8 27 8 12 8 14 12 21 8 8
split_gain=1.99253e-09 9.67413e-09 3.19123e-08 3.2028e-08 2.99716e-08 6.26298e-08 1.55585e-08 1.01243e-08 8.89299e-09 9.67187e-09 5.23841e-09 2.12895e-08 4.14417e-09 6.19366e-09 3.73707e-09 1.30635e-08 1.53961e-08 1.85693e-08 1.26644e-08 1.25349e-08 6.04148e-08 8.42106e-09 3.15185e-08 1.2621e-08 6.91222e-09 1.48348e-08 1.25659e-08 3.6126e-09 2.39425e-09 1.89383e-09
threshold=-0.94705910369513524 18.450000000000003 1.5000000000000002 128.08375214157095 -0.95995996396290595 123.31799008001028 5.025000000000001e-06 0.98296291314453421 103.59314869256782 0.063390085881955341 -0.90574346089748803 0.78656609248549325 29.500000000000004 0.37940952255126054 83.166666666666671 85.436314226714089 -0.69676771491221523 0.94138322595482449 98.500000000000014 80.166666666666671 96.580181888762709 92.833333333333357 120.4551600581412 0.37940952255126054 81.864278336017534 0.93845596220871974 0.91597561503675362 6.5000000000000009 114.55616008044332 83.952622196820059
decision_type=2 2 2 2 2 2 2 2 2 2 2 2 2 2 2 2 2 2 2 2 2 2 2 2 2 2 2 2 2 2
left_child=1 2 3 -1 6 -6 7 -4 9 -3 11 12 13 -2 19 16 18 -18 -16 24 -21 22 -17 -23 25 -12 -26 -22 -10 -13
right_child=10 8 4 -5 5 -7 -8 -9 28 -11 14 29 -14 -15 15 21 17 -19 -20 20 27 23 -24 -25 26 -27 -28 -29 -30 -31
leaf_value=-2.8221870235009432e-06 5.1479519307683643e-08 1.1234909433747926e-06 1.7113037826162155e-07 -2.3682546429881771e-07 -3.2769207742993398e-06 2.8328668146097393e-07 -9.7632653204118123e-07 1.2431562184929135e-06 -4.0034736328882566e-07 -3.73167522921596e-08 -4.1061370082660719e-08 1.6378296709262941e-06 6.494205833751906e-07 -8.5217710400921426e-07 1.9616012676893798e-06 -1.6712358257443747e-06 -2.1883409056696245e-07 1.0121019356448516e-06 4.6525346227378077e-07 -2.5365649437221523e-06 9.6416863897275103e-07 -2.4566189263697791e-08 1.8014017920879504e-08 6.0445561681869253e-07 8.6337023382043135e-09 -5.6378159032465432e-07 4.6585006121068887e-07 5.428539206301745e-08 1.2400787520169404e-08 9.4974788794388593e-07
leaf_weight=23 108 38 185 25 21 30 27 25 38 34 1002 20 21 23 26 34 96 45 31 27 20 410 147 99 3509 157 157 24 466 20
leaf_count=23 108 38 185 25 21 30 27 25 38 34 1002 20 21 23 26 34 96 45 31 27 20 410 147 99 3509 157 157 24 466 20
internal_value=-1.49133e-15 -6.88388e-08 -2.82055e-07 -1.47564e-06 -8.31234e-08 -1.18268e-06 1.5349e-07 2.98753e-07 5.55372e-08 5.75332e-07 1.05055e-08 2.67443e-07 -2.64772e-09 -1.07178e-07 1.97647e-09 9.63469e-08 4.54349e-07 1.74018e-07 1.1478e-06 -1.51397e-08 -6.74662e-07 -6.38404e-09 -2.99304e-07 9.77779e-08 -5.43484e-09 -1.1187e-07 2.82144e-08 4.67869e-07 -1.87191e-08 1.29379e-06
internal_weight=6888 912 336 48 288 51 237 210 576 72 5976 192 152 131 5784 888 198 141 57 4896 71 690 181 509 4825 1159 3666 44 504 40
internal_count=6888 912 336 48 288 51 237 210 576 72 5976 192 152 131 5784 888 198 141 57 4896 71 690 181 509 4825 1159 3666 44 504 40
is_linear=0
shrinkage=0.05


Tree=237
num_leaves=31
num_cat=0
split_feature=15 3 14 13 12 8 15 15 8 14 12 14 11 8 14 15 8 27 15 8 15 8 8 27 14 27 17 8 3 21
split_gain=2.02224e-09 1.03867e-08 1.58811e-08 4.54952e-08 9.83955e-09 7.56975e-09 5.95032e-09 2.92777e-08 4.80908e-08 2.34052e-08 6.67159e-08 1.22278e-08 6.06209e-09 7.79383e-09 7.1717e-09 5.32056e-09 1.44782e-08 9.85916e-09 4.53132e-09 1.06594e-08 6.67922e-09 4.04658e-09 2.29391e-09 2.25027e-09 1.67048e-09 1.64127e-09 7.30416e-09 2.34579e-09 1.40432e-09 1.28181e-10
threshold=0.89784768270548698 13.950000000000001 0.3504237462291826 0.25881904510252057 0.78656609248549325 106.86421211404389 0.60553543375389329 0.57780407610161799 148.0505631407099 0.73283908552571653 0.60355339059327384 0.76696112484652046 12.709375000000001 109.77275541986442 0.64579916509010216 0.52032336593087203 148.0505631407099 76.833333333333357 0.44504239796885176 100.82326560581713 0.38242094458159287 151.98416661219997 120.4551600581412 2.8333333333333335 0.77788564761185042 95.500000000000014 0.53335207513236493 174.73399450569516 12.050000000000002 418.50000000000006
decision_type=2 2 2 2 2 2 2 2 2 2 2 2 2 2 2 2 2 2 2 2 2 2 2 2 2 2 2 2 2 2
left_child=6 2 5 -4 22 -2 7 15 -9 12 23 -12 28 14 -14 18 17 -17 20 -20 -1 -15 -3 24 -11 27 -27 -24 -8 -18
right_child=1 4 3 -5 -6 -7 9 8 -10 10 11 -13 13 21 -16 16 29 -19 19 -21 -22 -23 25 -25 -26 26 -28 -29 -30 -31
leaf_value=-5.5845046067488526e-09 -5.9189227696876401e-07 -5.1120408079441404e-07 -3.0274648850081576e-06 9.4870090868884714e-08 8.3300256136453755e-07 4.5184912384331115e-07 1.5093213316201098e-07 -3.111205025447816e-06 9.8961075778447594e-08 4.6025674382832449e-08 1.5371092353061179e-06 3.2433835604890538e-06 -1.0888201912023885e-07 3.8541069707000796e-07 -1.0232826547188461e-06 1.8820262998175966e-06 -8.7591444382607114e-08 3.1206130898908671e-07 -1.1250565682037936e-06 -3.6766466236947008e-08 4.1514874219809416e-07 -4.7955788908281312e-08 -3.8458109021719942e-07 3.2724607198088656e-07 -4.7754938471378236e-07 -2.3754899795084461e-07 7.8912289530534239e-07 1.1398621711771392e-08 6.65424752731446e-07 -2.4248205654296064e-07
leaf_weight=5424 32 25 20 28 35 38 21 20 28 39 21 21 51 66 37 20 34 20 30 90 96 293 49 38 25 41 30 158 36 22
leaf_count=5424 32 25 20 28 35 38 21 20 28 39 21 21 51 66 37 20 34 20 30 90 96 293 49 38 25 41 30 158 36 22
internal_value=-2.26154e-16 -1.01749e-07 -5.05621e-07 -1.2061e-06 3.92476e-08 -2.52898e-08 7.21355e-09 -8.88328e-09 -1.23861e-06 1.50893e-07 7.13069e-07 2.39025e-06 -9.7292e-09 -7.16519e-08 -4.93346e-07 1.4073e-09 3.70511e-07 1.09704e-06 -4.87531e-09 -3.08839e-07 1.7326e-09 3.1716e-08 -5.24403e-08 2.24668e-08 -1.58496e-07 -1.11846e-08 1.96256e-07 -8.23357e-08 4.75875e-07 -1.48441e-07
internal_weight=6888 456 118 48 338 70 6432 5784 48 648 144 42 504 447 88 5736 96 40 5640 120 5520 359 303 102 64 278 71 207 57 56
internal_count=6888 456 118 48 338 70 6432 5784 48 648 144 42 504 447 88 5736 96 40 5640 120 5520 359 303 102 64 278 71 207 57 56
is_linear=0
shrinkage=0.05


Tree=238
num_leaves=20
num_cat=0
split_feature=15 24 6 11 4 6 15 11 25 21 24 5 21 21 14 24 25 1 2
split_gain=2.07171e-09 2.14203e-09 1.08666e-08 2.04015e-08 2.18743e-08 1.17142e-08 9.72724e-09 6.30434e-09 3.70487e-08 1.27094e-08 5.68996e-09 2.26656e-08 7.6634e-09 1.06524e-08 1.97992e-08 8.4063e-09 9.96473e-09 3.42035e-09 1.57051e-09
threshold=0.98929220549296726 0.00031250509970022348 0.00047657500000000008 28.831250000000001 95.500000000000014 0.00046541000000000003 0.32410992729244009 30.178125000000005 0.00037513079414961201 105.50000000000001 0.00033093612617243919 10.15 361.50000000000006 403.50000000000006 0.38243310158943505 0.0003445106166434973 0.0004716170408059248 527.45000000000016 214.50000000000003
decision_type=2 2 2 2 2 2 2 2 2 2 2 2 2 2 2 2 2 2 2
left_child=1 2 5 -4 6 7 -5 8 -1 -9 11 -3 15 14 -14 -12 -17 -13 -15
right_child=-2 10 3 4 -6 -7 -8 9 -10 -11 12 17 13 18 -16 16 -18 -19 -20
leaf_value=3.7043198967732258e-09 -4.6373589073963236e-07 -1.6208584633449743e-06 1.8492525025625253e-06 7.9525153066727304e-07 -1.1233811127766557e-06 -1.1447830547436669e-06 -4.4405492715782203e-07 9.5079481708608566e-07 -2.0533943122493591e-06 9.6813040719039355e-08 1.2586793427648116e-06 -1.8833577602968579e-07 3.8279219844688281e-07 -5.6429252876972752e-08 -1.6481766195397541e-06 -7.814267228295216e-07 4.8137466202862299e-07 7.0571129356267199e-07 5.6674329269146291e-08
leaf_weight=4293 24 27 22 76 25 22 20 49 22 393 22 23 21 1319 28 21 61 20 400
leaf_count=4293 24 27 22 76 25 22 20 49 22 393 22 23 21 1319 28 21 61 20 400
internal_value=-1.20474e-16 1.62145e-09 1.91662e-08 4.48651e-07 1.93996e-07 6.31496e-09 5.37063e-07 1.16385e-08 -6.78378e-09 1.91485e-07 -4.28458e-08 -4.85438e-07 -2.62959e-08 -5.08319e-08 -7.77761e-07 3.90816e-07 1.57974e-07 2.275e-07 -3.01108e-08
internal_weight=6888 6864 4922 143 121 4779 96 4757 4315 442 1942 70 1872 1768 49 104 82 43 1719
internal_count=6888 6864 4922 143 121 4779 96 4757 4315 442 1942 70 1872 1768 49 104 82 43 1719
is_linear=0
shrinkage=0.05


Tree=239
num_leaves=19
num_cat=0
split_feature=14 14 12 8 9 22 12 17 27 8 14 22 3 9 14 14 6 14
split_gain=2.00751e-09 2.13547e-08 4.50499e-08 1.86472e-08 1.51981e-08 1.48135e-08 1.7884e-08 1.70041e-08 6.90894e-09 6.80581e-09 6.45966e-09 6.26819e-09 5.16256e-09 2.78358e-08 7.08491e-09 5.88782e-09 1.60938e-09 2.52111e-10
threshold=0.9962888416657264 0.99374995976406788 0.60355339059327384 84.804716948795075 -26.239936839315842 71.500000000000014 0.12940952255126045 0.70502226753346453 42.833333333333336 174.73399450569516 0.99274428880883148 654.50000000000011 10.050000000000002 -31.791100506048448 0.99053107487289871 0.96234642434711437 9.0690000000000014e-05 0.99939377080793557
decision_type=2 2 2 2 2 2 2 2 2 2 2 2 2 2 2 2 2 2
left_child=1 10 16 4 -2 6 17 -7 9 -9 12 -10 13 -1 15 -14 -3 -5
right_child=3 2 -4 5 -6 7 -8 8 11 -11 -12 -13 14 -15 -16 -17 -18 -19
leaf_value=-7.7373207231930387e-07 2.3750182347817654e-07 1.7600537656055813e-07 -2.8106110827745096e-06 -2.9354842207377869e-08 1.9338584094009054e-06 1.5497737245179487e-06 -1.8018235857158764e-06 1.0012101701368406e-06 -1.1100578246571655e-06 -1.7953831072776876e-07 8.2304310081345504e-07 1.1159075789973507e-07 -1.022580962233466e-08 1.6648624261961231e-06 -6.7441518618821674e-07 1.9519370954019129e-07 -3.9470359279816657e-07 -2.5523646735607708e-07
leaf_weight=22 31 30 21 30 23 21 23 23 21 26 24 21 6096 25 39 370 21 21
leaf_count=22 31 30 21 30 23 21 23 23 21 26 24 21 6096 25 39 370 21 21
internal_value=1.6613e-15 -5.12876e-09 -8.61548e-07 1.42067e-07 9.60024e-07 -9.54047e-08 -6.44359e-07 2.67297e-07 -2.8659e-08 3.74691e-07 4.24809e-09 -4.99234e-07 1.24884e-09 5.23393e-07 -2.52376e-09 1.52879e-09 -5.89924e-08 -1.22365e-07
internal_weight=6888 6648 72 240 54 186 74 112 91 49 6576 42 6552 47 6505 6466 51 51
internal_count=6888 6648 72 240 54 186 74 112 91 49 6576 42 6552 47 6505 6466 51 51
is_linear=0
shrinkage=0.05


Tree=240
num_leaves=31
num_cat=0
split_feature=27 12 27 7 14 15 12 6 7 12 14 15 14 12 15 14 11 12 15 3 2 15 15 12 12 27 5 5 12 27
split_gain=1.93428e-09 1.57226e-08 3.84025e-08 1.27427e-08 9.726e-09 3.46588e-08 1.17358e-07 3.30999e-08 2.02367e-08 3.45282e-08 1.52211e-08 6.76137e-09 5.28018e-08 5.29474e-08 1.37502e-08 2.6265e-08 1.36179e-08 1.08681e-08 1.05195e-08 1.61369e-08 8.06811e-09 7.87698e-09 2.38033e-08 1.47895e-08 7.23168e-09 8.5006e-09 6.35569e-09 1.44098e-08 8.40381e-09 3.73247e-09
threshold=7.5000000000000009 0.98296291314453421 1.8333333333333337 103.33276729460415 0.90162119223771331 -0.18493013702746822 0.78656609248549325 0.00041935500000000011 126.19056416385025 1.0000000180025095e-35 0.84313847884979054 -0.99273797715557011 -0.015050995721668367 0.60355339059327384 -0.95242240592625282 0.25206111083856975 15.815625000000002 0.91597561503675362 -0.94137724084408114 16.450000000000003 160.50000000000003 -0.90531874877253482 -0.85674049181790024 0.60355339059327384 0.78656609248549325 44.500000000000007 4.4500000000000011 4.6500000000000012 0.37940952255126054 21.833333333333339
decision_type=2 2 2 2 2 2 2 2 2 2 2 2 2 2 2 2 2 2 2 2 2 2 2 2 2 2 2 2 2 2
left_child=1 4 3 -3 10 6 7 -6 9 -7 26 12 13 -2 15 16 -13 -18 19 -16 -21 23 -23 -20 25 29 28 -28 -1 -14
right_child=11 2 -4 -5 5 8 -8 -9 -10 -11 -12 14 24 -15 18 -17 17 -19 21 20 -22 22 -24 -25 -26 -27 27 -29 -30 -31
leaf_value=-2.2051070895605968e-08 1.5093792983732005e-07 7.1373039061435179e-07 -2.3970983654327447e-06 -9.2680375587406169e-07 2.5241230356082079e-07 -1.7984893474838104e-07 -4.137860366387506e-06 -2.0135248386665696e-06 -8.1968102940933076e-07 1.5019218577429135e-06 1.1822912677697925e-06 -1.0672355308827263e-06 6.1460438140719433e-08 -3.2246160960023822e-06 -1.7998152873488492e-06 1.5932543827436629e-06 1.3733114947974859e-07 1.252379119766654e-06 2.7480080310320186e-08 5.3720991515978269e-07 -7.7328472982213479e-07 -7.1561977195615982e-07 2.7530581872023512e-08 9.6954185716141748e-07 8.4744764876631968e-07 8.1177966701299438e-07 -1.2635729036927418e-06 -4.2446472690032538e-09 6.3836750542945531e-07 -6.985688387513752e-07
leaf_weight=105 21 29 24 20 83 76 23 20 38 51 28 20 35 26 20 39 137 26 127 24 23 111 3682 62 36 24 23 1836 89 30
leaf_count=105 21 29 24 20 83 76 23 20 38 51 28 20 35 26 20 39 137 26 127 24 23 111 3682 62 36 24 23 1836 89 30
internal_value=-4.50572e-16 -3.57176e-08 -7.58469e-07 4.41246e-08 -1.34744e-08 -2.84225e-07 -9.08659e-07 -1.87575e-07 1.92616e-07 4.95508e-07 2.43864e-08 1.96555e-08 -2.87706e-07 -1.71639e-06 3.20335e-08 4.15173e-07 1.64107e-07 3.15192e-07 1.10266e-08 -6.10281e-07 -1.04096e-07 2.14805e-08 5.78271e-09 3.36516e-07 2.49479e-07 7.60407e-09 8.59425e-09 -1.98254e-08 2.80924e-07 -2.89322e-07
internal_weight=6888 2445 73 49 2372 291 126 103 165 127 2081 4443 172 47 4271 222 183 163 4049 67 47 3982 3793 189 125 89 2053 1859 194 65
internal_count=6888 2445 73 49 2372 291 126 103 165 127 2081 4443 172 47 4271 222 183 163 4049 67 47 3982 3793 189 125 89 2053 1859 194 65
is_linear=0
shrinkage=0.05


Tree=241
num_leaves=17
num_cat=0
split_feature=5 12 5 12 3 5 12 27 5 12 27 8 3 27 5 7
split_gain=1.93297e-09 1.21942e-08 5.05879e-09 7.7833e-09 5.8951e-09 5.88935e-09 1.52642e-08 2.94722e-09 1.34444e-08 2.28366e-08 5.96006e-09 1.46472e-08 2.90732e-09 2.06274e-09 1.4134e-09 3.87513e-10
threshold=1.4500000000000002 0.78656609248549325 2.1500000000000008 0.60355339059327384 15.750000000000002 2.3500000000000001 0.60355339059327384 99.833333333333357 17.850000000000005 0.78656609248549325 99.500000000000014 118.84717587202074 8.7500000000000018 22.833333333333339 0.8500000000000002 133.84133589369182
decision_type=2 2 2 2 2 2 2 2 2 2 2 2 2 2 2 2
left_child=1 13 3 15 -5 6 -4 10 9 -9 12 -12 -7 -1 -15 -2
right_child=2 -3 5 4 -6 7 -8 8 -10 -11 11 -13 -14 14 -16 -17
leaf_value=-2.9502062357118903e-07 7.2020518339223201e-08 -1.1272052452787412e-06 4.249857899907284e-07 3.096078112915538e-07 1.4956872996663152e-06 5.5424082366547132e-07 -1.4637112339800218e-06 -1.9927071984555155e-08 9.9569565490398317e-07 -1.1078630348038133e-06 1.6039584492943962e-06 -1.2091971679645264e-07 2.8689698812576613e-09 -1.3976064085751284e-08 5.0699738911437944e-07 -2.0247844531695591e-07
leaf_weight=22 36 27 20 22 20 24 23 246 24 60 20 32 6239 23 30 20
leaf_count=22 36 27 20 22 20 24 23 246 24 60 20 32 6239 23 30 20
internal_value=-4.79231e-16 -2.16044e-07 3.24735e-09 3.5988e-07 8.74408e-07 -1.97843e-09 -5.85248e-07 1.79592e-09 -1.4387e-07 -2.33248e-07 9.40792e-09 5.42495e-07 4.98184e-09 1.11974e-07 2.80915e-07 -2.60148e-08
internal_weight=6888 102 6786 98 42 6688 43 6645 330 306 6315 52 6263 75 53 56
internal_count=6888 102 6786 98 42 6688 43 6645 330 306 6315 52 6263 75 53 56
is_linear=0
shrinkage=0.05


Tree=242
num_leaves=30
num_cat=0
split_feature=6 11 25 18 3 3 3 21 20 20 8 21 27 4 14 12 27 8 9 5 14 8 27 4 8 22 20 11 18
split_gain=1.91714e-09 2.39335e-08 1.86705e-08 1.6749e-08 4.63233e-08 1.13685e-08 1.27988e-08 1.02069e-08 1.89256e-08 9.39839e-09 1.11428e-08 6.6029e-09 3.31368e-09 1.54036e-08 3.2523e-08 1.2074e-08 3.43787e-08 1.49212e-08 1.00347e-08 8.71491e-09 9.23626e-09 8.10831e-09 5.19183e-09 1.11742e-08 1.08985e-08 3.11156e-09 1.10579e-09 1.32415e-09 5.5199e-10
threshold=0.00041069500000000004 27.825000000000003 0.00037513079414961201 0.00030069500000000007 21.850000000000005 28.250000000000004 24.850000000000005 232.50000000000003 0.00047214000000000007 0.00057234000000000007 123.50151690810246 252.50000000000003 6.5000000000000009 2.5000000000000004 0.82414472752956958 0.98296291314453421 1.8333333333333337 86.376432502574787 -36.571016988417547 2.7500000000000004 -0.96463499255812291 118.84717587202074 21.500000000000004 33.500000000000007 97.353951737631562 370.50000000000006 0.00078274500000000016 47.596875000000004 0.00026386500000000006
decision_type=2 2 2 2 2 2 2 2 2 2 2 2 2 2 2 2 2 2 2 2 2 2 2 2 2 2 2 2 2
left_child=9 2 -2 4 -3 6 -6 8 -5 12 -11 -9 15 14 18 19 17 -17 -14 21 -21 -1 24 -24 -15 -13 27 28 -12
right_child=1 3 -4 7 5 -7 -8 11 -10 10 26 25 13 22 -16 16 -18 -19 -20 20 -22 -23 23 -25 -26 -27 -28 -29 -30
leaf_value=1.1668499668899288e-06 2.0465602814804623e-06 -2.3065652729681666e-06 3.0003237433911586e-08 -4.0045568880486828e-07 3.8015301652194467e-07 1.0294348078332405e-06 -1.2734187739676434e-06 -9.5888322164228164e-07 1.7025967825089618e-06 1.4663496472167026e-06 -5.9419285621102485e-08 -5.7705646554495622e-07 -6.544342698162084e-07 3.5320763393664074e-07 2.0179678850240632e-06 7.6866662491009529e-07 -2.3351395808194039e-06 -1.0065676099202392e-06 5.063813983993052e-07 -4.1750622647995783e-07 -4.4393247202367117e-09 -4.9142718571405251e-08 -2.2145600621795411e-07 3.3380744198286658e-08 -4.3138847871317409e-08 -3.5767250083502962e-08 -1.0769599988691426e-07 5.1793263791520795e-07 2.9896484133609024e-07
leaf_weight=29 24 31 22 20 25 20 22 20 23 22 22 27 29 313 30 29 22 20 52 152 1234 26 543 2070 389 1592 20 39 21
leaf_count=29 24 31 22 20 25 20 22 20 23 22 22 27 29 313 30 29 22 20 52 152 1234 26 543 2070 389 1592 20 39 21
internal_value=4.6168e-16 -4.39199e-08 1.08212e-06 -7.30198e-08 -7.08431e-07 3.10046e-08 -3.93859e-07 -3.59982e-08 7.24433e-07 1.58431e-08 4.45776e-07 -5.59485e-08 5.04689e-09 3.22571e-08 6.11642e-07 -5.6608e-08 -6.93142e-07 4.40812e-08 9.07807e-08 -2.52451e-08 -4.97396e-08 5.92017e-07 1.28569e-08 -1.95761e-08 1.3358e-07 -4.47943e-08 2.25652e-07 3.06956e-07 1.15606e-07
internal_weight=6888 1826 46 1780 98 67 47 1682 43 5062 124 1639 4938 3426 111 1512 71 49 81 1441 1386 55 3315 2613 702 1619 102 82 43
internal_count=6888 1826 46 1780 98 67 47 1682 43 5062 124 1639 4938 3426 111 1512 71 49 81 1441 1386 55 3315 2613 702 1619 102 82 43
is_linear=0
shrinkage=0.05


Tree=243
num_leaves=23
num_cat=0
split_feature=14 14 27 8 4 12 27 14 15 14 3 12 8 4 12 14 27 8 12 14 8 4
split_gain=2.07419e-09 1.03486e-08 3.67017e-08 1.00827e-07 7.95922e-09 1.06581e-08 8.38425e-09 2.52736e-09 1.55515e-08 5.27126e-09 1.31606e-08 2.9076e-08 1.4019e-08 4.22074e-09 5.92646e-09 4.00301e-09 1.60237e-08 3.25964e-09 5.3096e-10 4.00285e-10 2.11986e-10 9.93301e-11
threshold=-0.99630266176052629 -0.99275805973510278 7.5000000000000009 129.53585182048829 19.500000000000004 0.60355339059327384 6.5000000000000009 -0.98523971305672675 0.14888728888808328 -0.94975917145599731 18.450000000000003 0.60355339059327384 103.59314869256782 98.500000000000014 0.60355339059327384 -0.90574346089748803 50.500000000000007 81.864278336017534 0.25881904510252091 -0.99467753128998015 205.07660427641852 1.0000000180025095e-35
decision_type=2 2 2 2 2 2 2 2 2 2 2 2 2 2 2 2 2 2 2 2 2 2
left_child=4 2 3 -2 5 18 -7 8 13 10 11 -9 -12 14 -3 16 -11 -17 20 -5 -1 -22
right_child=1 7 -4 19 -6 6 -8 9 -10 15 12 -13 -14 -15 -16 17 -18 -19 -20 -21 21 -23
leaf_value=-1.3356632418353659e-07 -4.1554853154934793e-06 1.0057306739876951e-07 8.6200851328044343e-07 2.769420386915623e-07 -5.3003866780328114e-07 1.482223099510857e-06 2.8583739659637785e-07 1.5878241657792576e-07 1.3713685537671457e-06 3.7969029986397879e-08 1.0903356667803375e-06 -1.165069942651505e-06 -8.1449492752332429e-08 5.8608816486768153e-07 -7.37536116767226e-07 -6.5823128165792731e-08 1.2349742971885077e-06 2.2507471688230382e-08 2.3529455851366444e-07 -2.4676593730015901e-08 9.863942400369848e-08 -1.1901957774143085e-08
leaf_weight=27 20 66 32 22 37 27 32 81 24 183 29 85 213 23 31 1368 33 4416 27 22 31 59
leaf_count=27 20 66 32 22 37 27 32 81 24 183 29 85 213 23 31 1368 33 4416 27 22 31 59
internal_value=4.91237e-16 -5.21325e-09 -5.20579e-07 -1.21187e-06 1.44407e-07 2.67335e-07 8.33336e-07 2.3379e-09 2.09494e-07 -2.31728e-09 -1.76222e-07 -5.19094e-07 5.8971e-08 -2.28814e-08 -1.67276e-07 9.50824e-09 2.20845e-07 1.616e-09 3.54324e-08 1.26133e-07 -1.06896e-08 2.61734e-08
internal_weight=6888 6648 96 64 240 203 59 6552 144 6408 408 166 242 120 97 6000 216 5784 144 44 117 90
internal_count=6888 6648 96 64 240 203 59 6552 144 6408 408 166 242 120 97 6000 216 5784 144 44 117 90
is_linear=0
shrinkage=0.05


Tree=244
num_leaves=27
num_cat=0
split_feature=15 15 11 3 27 17 15 8 27 8 11 14 14 7 8 14 15 11 7 3 15 8 15 26 8 27
split_gain=1.92114e-09 8.29987e-09 3.88604e-08 1.29133e-08 1.30657e-08 2.73572e-08 1.13656e-08 2.27522e-08 6.7333e-09 6.91207e-09 1.24826e-08 6.90603e-09 2.50656e-08 9.75829e-09 5.58746e-09 3.2726e-09 3.06839e-09 2.17156e-08 2.52769e-08 1.89731e-08 1.01739e-08 1.53431e-08 7.59032e-09 1.53837e-09 1.08874e-09 7.62078e-10
threshold=-0.97507822412530132 -0.93237865822738086 15.328125000000002 16.350000000000005 1.0000000180025095e-35 0.95691316418583694 -0.92272482904738262 89.102571890424755 61.166666666666679 80.111588617701798 16.512500000000003 -0.066607572871769438 -0.11798679274379933 121.47874013339293 108.64304524185037 0.1849296026015865 -0.75013812021657655 14.715625000000001 114.4056598535895 15.950000000000001 -0.72694848937061807 99.949376656828846 -0.69676771491221523 0.00075506969401958033 91.341464676511251 49.166666666666679
decision_type=2 2 2 2 2 2 2 2 2 2 2 2 2 2 2 2 2 2 2 2 2 2 2 2 2 2
left_child=8 2 -2 -4 14 -6 7 -3 9 10 -1 12 -12 -13 -5 23 17 18 -8 -19 21 -18 -22 24 -11 -9
right_child=1 6 3 4 5 -7 16 25 -10 15 11 13 -14 -15 -16 -17 20 19 -20 -21 22 -23 -24 -25 -26 -27
leaf_value=-5.7340455066017586e-07 -1.8713288692527965e-06 1.8134327138323687e-06 8.1874489473597751e-07 8.2693561640815352e-07 -1.6569122902752715e-07 -1.7184621811745246e-06 2.0607359760623663e-06 1.9499966942504444e-07 -5.8012381458638635e-07 -2.5957274827588493e-07 8.9470441949571081e-07 1.2082122220628359e-06 -1.2209498328004321e-06 -6.7084632178193719e-08 3.9513580659099462e-08 5.0037727103990905e-07 -1.2904846156603667e-06 -7.564272967145321e-07 1.115435426212431e-07 8.695036124269865e-08 3.8620346348790709e-07 -3.4415108455040392e-09 -1.6546036825344099e-08 -4.5283072410029494e-07 2.6542456988937879e-08 -2.1553216636395801e-07
leaf_weight=28 33 26 36 33 202 33 29 20 36 37 42 60 21 20 71 32 39 73 39 771 120 57 4656 20 328 26
leaf_count=28 33 26 36 33 202 33 29 20 36 37 42 60 21 20 71 32 39 73 39 771 120 57 4656 20 328 26
internal_value=-3.92766e-16 -8.33431e-09 -2.26381e-07 -8.16259e-08 -1.77241e-07 -3.8374e-07 6.85749e-09 6.31186e-07 8.36636e-08 1.24304e-07 3.92008e-07 5.8104e-07 1.89486e-07 8.89388e-07 2.89369e-07 1.45256e-08 -9.14232e-10 8.32578e-08 9.42817e-07 1.40042e-08 -1.66706e-08 -5.26303e-07 -6.4267e-09 -2.58568e-08 -2.461e-09 -3.70401e-08
internal_weight=6888 6264 408 375 339 235 5856 72 624 588 171 143 63 80 104 417 5784 912 68 844 4872 96 4776 385 365 46
internal_count=6888 6264 408 375 339 235 5856 72 624 588 171 143 63 80 104 417 5784 912 68 844 4872 96 4776 385 365 46
is_linear=0
shrinkage=0.05


Tree=245
num_leaves=26
num_cat=0
split_feature=17 3 18 8 3 5 5 21 24 3 8 3 11 27 17 12 24 5 8 3 8 5 12 4 1
split_gain=1.87668e-09 2.42165e-08 1.47034e-08 1.31005e-08 7.07462e-08 2.79105e-08 1.1199e-08 4.7264e-09 2.37411e-08 3.6714e-09 1.13701e-08 4.73052e-09 1.30276e-08 7.46773e-09 9.71483e-09 6.166e-09 3.55863e-09 3.40079e-09 1.19906e-08 2.53954e-08 2.06271e-08 6.37124e-09 1.01587e-08 3.76874e-09 1.58343e-10
threshold=0.90602659689568432 15.050000000000002 1.0000000180025095e-35 99.949376656828846 23.250000000000004 11.850000000000003 10.65 238.50000000000003 0.00014159571237352299 29.950000000000003 166.90661653912363 25.750000000000004 26.459375000000005 34.166666666666679 0.72176846900690739 0.78656609248549325 8.3965969982449965e-05 16.350000000000005 80.591617775109953 16.850000000000005 89.864064250933993 15.950000000000001 0.60355339059327384 97.500000000000014 497.40000000000003
decision_type=2 2 2 2 2 2 2 2 2 2 2 2 2 2 2 2 2 2 2 2 2 2 2 2 2
left_child=9 -2 -3 4 5 -4 -6 8 -5 11 -11 17 -13 15 -15 -14 -9 21 19 -19 -20 23 -23 -1 -12
right_child=1 2 3 7 6 -7 -8 16 -10 10 24 12 13 14 -16 -17 -18 18 20 -21 -22 22 -24 -25 -26
leaf_value=4.923368791688412e-08 -1.4784809093663202e-06 1.2076076482496016e-06 -2.3468524283249881e-06 -9.3483430221555062e-08 7.7401221088371874e-07 -1.3036288635248638e-07 -2.0145046946140611e-07 6.1880150638722722e-07 1.7517545119438223e-06 1.3777313643004166e-06 -1.7231544012204159e-07 -1.2806489799288557e-06 -5.5531632586196959e-08 -1.4158842708540802e-06 7.00211641961475e-08 7.9822046229101801e-07 -2.245267649575891e-08 3.6619593176545133e-07 1.2669825559163245e-06 -1.1461411335287967e-06 -6.4807803968160863e-08 8.3635716259985087e-08 1.3435147915667283e-06 -8.2789600586340923e-08 2.4263298916693542e-08
leaf_weight=3570 29 24 49 72 62 20 56 22 23 20 21 25 178 22 22 24 1305 46 31 70 468 48 24 637 20
leaf_count=3570 29 24 49 72 62 20 56 22 23 20 21 25 178 22 22 24 1305 46 31 70 468 48 24 637 20
internal_value=-6.97047e-16 -4.62794e-08 -2.08454e-08 -3.91691e-08 -4.32596e-07 -1.70439e-06 3.11081e-07 1.25685e-08 3.53258e-07 1.4718e-08 4.00349e-07 1.01636e-08 -1.93183e-07 -8.2668e-08 -6.72932e-07 4.59043e-08 -1.18215e-08 2.14237e-08 -8.85178e-08 -5.46421e-07 1.79287e-08 3.72251e-08 5.03595e-07 2.92435e-08 -7.64234e-08
internal_weight=6888 1662 1633 1609 187 69 118 1422 95 5226 61 5165 271 246 44 202 1327 4894 615 116 499 4279 72 4207 41
internal_count=6888 1662 1633 1609 187 69 118 1422 95 5226 61 5165 271 246 44 202 1327 4894 615 116 499 4279 72 4207 41
is_linear=0
shrinkage=0.05


Tree=246
num_leaves=25
num_cat=0
split_feature=14 14 3 15 12 14 15 23 27 14 15 14 8 8 14 12 14 7 5 5 8 27 12 17
split_gain=1.86969e-09 9.42157e-09 3.42515e-08 7.22501e-09 1.0099e-08 9.90783e-09 7.14558e-09 5.69782e-09 5.43155e-09 2.27822e-09 1.39762e-08 4.75497e-09 1.31643e-08 1.96808e-08 8.96706e-09 1.72023e-08 8.26116e-09 2.41671e-09 9.29426e-09 5.31643e-09 4.27717e-10 1.10908e-10 3.91804e-11 5.22718e-12
threshold=-0.99630266176052629 -0.99275805973510278 18.650000000000002 0.063390085881955341 0.37940952255126054 -0.99866806308218525 0.097680735332368748 193.50000000000003 6.5000000000000009 -0.98523971305672675 0.14888728888808328 -0.96689237009891416 73.132515692899702 88.356080700843151 -0.96235977360714686 0.25881904510252091 -0.95500086777008153 101.8587139098626 8.8500000000000032 3.2500000000000004 155.50342488737434 0.83333333333333337 -0.5 0.90602659689568432
decision_type=2 2 2 2 2 2 2 2 2 2 2 2 2 2 2 2 2 2 2 2 2 2 2 2
left_child=3 2 -2 4 20 8 7 -4 -6 10 17 12 -11 -14 15 -13 -16 18 -3 -19 -1 23 -23 -22
right_child=1 9 6 -5 5 -7 -8 -9 -10 11 -12 14 13 -15 16 -17 -18 19 -20 -21 21 22 -24 -25
leaf_value=-2.3797710682060825e-07 -2.0064817146316343e-06 -1.0928829671759862e-06 1.0684165283691982e-06 -6.8590636348453415e-07 9.327225217248271e-07 1.451968038660804e-06 -7.0233387880591638e-07 -2.8587995786736056e-08 -1.0570089460436386e-07 -1.0878951745074094e-06 1.3003939496177473e-06 -1.1291338112126175e-07 1.4267834055203822e-06 -2.2517203913845411e-07 -5.3142750646470763e-07 1.8070378712309322e-06 7.3309141518028868e-09 8.0268050531319961e-07 1.8101141148936981e-07 -2.0062279967063772e-07 8.7986680714635672e-08 -6.5144015728858476e-08 8.9631583708879141e-09 5.1837045891289791e-08
leaf_weight=22 27 21 20 24 20 27 20 29 34 37 24 28 20 183 72 20 6048 23 45 31 20 42 31 20
leaf_count=22 27 21 20 24 20 27 20 29 34 37 24 28 20 183 72 20 6048 23 45 31 20 42 31 20
internal_value=-1.16344e-15 -4.94958e-09 -4.96692e-07 1.37103e-07 2.28549e-07 6.69923e-07 9.40957e-08 4.19169e-07 2.789e-07 2.25543e-09 1.98936e-07 -2.16435e-09 -2.20512e-07 -6.24178e-08 6.33167e-09 6.87066e-07 9.9258e-10 -2.13557e-08 -2.24319e-07 2.2671e-07 -3.62756e-08 2.99366e-09 -3.36738e-08 6.99119e-08
internal_weight=6888 6648 96 240 216 81 69 49 54 6552 144 6408 240 203 6168 48 6120 120 66 54 135 113 73 40
internal_count=6888 6648 96 240 216 81 69 49 54 6552 144 6408 240 203 6168 48 6120 120 66 54 135 113 73 40
is_linear=0
shrinkage=0.05


Tree=247
num_leaves=27
num_cat=0
split_feature=14 14 5 12 14 12 4 7 14 8 4 12 8 4 14 14 8 12 7 14 17 14 21 19 17 1
split_gain=1.8347e-09 2.39863e-08 1.63499e-08 5.13303e-08 1.42331e-08 3.87518e-08 3.11968e-08 2.40782e-08 2.25063e-08 6.23746e-08 1.01304e-08 1.79811e-08 3.2326e-08 6.43832e-09 6.31012e-09 2.74634e-08 6.5997e-08 2.35657e-08 5.71171e-08 1.60971e-08 8.07773e-09 5.63108e-09 3.13652e-09 2.79433e-09 1.45594e-09 6.35144e-10
threshold=0.97875492728876534 0.98049069993378934 10.950000000000001 0.78656609248549325 0.96234642434711437 0.37940952255126054 1.0000000180025095e-35 98.158587806253749 0.95752911693909493 144.24169878086246 1.0000000180025095e-35 0.78656609248549325 84.804716948795075 30.500000000000004 0.91248814248966237 0.89017062131308955 111.03009239048184 0.78656609248549325 96.830395083909892 0.84313847884979054 0.68471333762399722 0.99865421017599998 77.500000000000014 0.0005954100000000001 0.99379303022755627 497.40000000000003
decision_type=2 2 2 2 2 2 2 2 2 2 2 2 2 2 2 2 2 2 2 2 2 2 2 2 2 2
left_child=4 -2 10 21 8 23 -7 -8 14 -10 -3 13 -13 -12 15 19 -17 20 -19 -1 -16 22 -4 24 25 -6
right_child=1 2 3 -5 5 6 7 -9 9 -11 11 12 -14 -15 17 16 -18 18 -20 -21 -22 -23 -24 -25 -26 -27
leaf_value=-1.1109953644177256e-08 -1.632828386040804e-06 8.5495220543764712e-07 -5.2253973445174534e-07 2.2968010257343475e-06 -2.0402848473498705e-07 1.5180276334596726e-07 3.4362190313058385e-06 1.0121246646122019e-06 -3.1276722476529052e-06 5.0564324925306682e-07 -4.3735195522659156e-07 -2.3590929879867837e-07 -2.3817979494057138e-06 9.0179577365297919e-08 -2.704765902188346e-07 -2.0531656100011088e-06 1.4994802682917397e-07 2.638516243971554e-06 -1.6353848382974238e-07 3.8891691308921379e-07 2.6193357799285546e-07 6.0925379883766237e-07 2.1959899198681547e-08 4.2098284666280958e-07 -5.568825279169687e-07 1.2500523194347579e-07
leaf_weight=5304 24 21 38 29 55 31 21 20 21 27 85 54 26 181 141 55 89 31 44 264 144 31 87 20 25 20
leaf_count=5304 24 21 38 29 55 31 21 20 21 27 85 54 26 181 141 55 89 31 44 264 144 31 87 20 25 20
internal_value=-5.40743e-16 -8.54237e-08 -1.81452e-08 3.65125e-07 7.79532e-09 4.31693e-07 1.34874e-06 2.25373e-06 -5.50344e-09 -1.08393e-06 -2.11347e-07 -2.76064e-07 -9.33323e-07 -7.83925e-08 3.02169e-09 -9.77449e-09 -6.91519e-07 2.06054e-07 9.94644e-07 7.85684e-09 -1.46935e-09 6.03121e-09 -1.43568e-07 -1.18532e-07 -2.26435e-07 -1.16286e-07
internal_weight=6888 576 552 185 6312 192 72 41 6120 48 367 346 80 266 6072 5712 144 360 75 5568 285 156 125 120 100 75
internal_count=6888 576 552 185 6312 192 72 41 6120 48 367 346 80 266 6072 5712 144 360 75 5568 285 156 125 120 100 75
is_linear=0
shrinkage=0.05


Tree=248
num_leaves=26
num_cat=0
split_feature=6 11 25 21 15 26 8 26 8 24 20 2 6 23 11 3 20 11 20 8 21 21 23 6 2
split_gain=1.87054e-09 2.14304e-08 1.66727e-08 1.57069e-08 4.64692e-08 1.14464e-08 3.35417e-08 1.06881e-08 2.445e-08 8.39313e-09 6.4193e-09 6.38599e-09 5.63523e-09 3.08446e-08 3.7262e-08 1.94439e-08 1.53482e-08 9.87663e-08 6.62213e-09 4.89736e-09 3.53708e-09 2.00585e-09 1.86208e-09 1.89959e-09 7.53117e-11
threshold=0.00041069500000000004 27.825000000000003 0.00037513079414961201 174.50000000000003 -0.68432604233786842 0.00039606930438599149 103.59314869256782 0.00034989873920319742 179.08923626611684 0.00024820562454800683 0.00042862000000000005 96.500000000000014 0.00027302000000000007 168.50000000000003 24.681250000000002 16.550000000000004 0.00023698000000000002 23.887500000000003 0.00015625000000000003 129.53585182048829 232.50000000000003 374.50000000000006 606.50000000000011 0.00028158000000000008 148.50000000000003
decision_type=2 2 2 2 2 2 2 2 2 2 2 2 2 2 2 2 2 2 2 2 2 2 2 2 2
left_child=5 2 -2 4 10 7 -7 12 -9 19 -3 -11 16 15 -15 -14 18 -18 -1 -5 -13 -8 -23 -24 -10
right_child=1 3 -4 9 -6 6 21 8 24 11 -12 20 13 14 -16 -17 17 -19 -20 -21 -22 22 23 -25 -26
leaf_value=-3.5222964652513103e-09 1.9335260082205726e-06 6.0824401316494924e-07 2.7914127865745866e-08 1.2267073407201679e-06 -2.7103792852110269e-06 1.8624816004120249e-06 -3.5745970965450625e-07 -2.041387771728729e-06 9.7098709099241468e-08 -9.0361078755243158e-07 -5.0365027382886851e-07 5.1110361027895128e-07 2.4488851072814926e-06 -1.3508826332177987e-06 2.8120063148862437e-07 3.1722747507956232e-07 -3.7740207119441038e-06 -5.4268735657328046e-09 2.6620522336655047e-07 1.3345999914939795e-07 -5.5717153001011094e-08 6.2518182012638587e-07 2.7505405017740665e-07 -7.3643109704736883e-08 -3.3074733188698249e-08
leaf_weight=4079 24 25 22 20 22 32 20 21 20 22 27 28 23 42 209 20 20 133 241 21 1615 20 84 73 25
leaf_count=4079 24 25 22 20 22 32 20 21 20 22 27 28 23 42 209 20 20 133 241 21 1615 20 84 73 25
internal_value=4.19504e-16 -4.33828e-08 1.02215e-06 -7.0919e-08 -7.84065e-07 1.56493e-08 3.61059e-07 -7.17038e-10 -6.32637e-07 -3.99853e-08 3.09143e-08 -5.73884e-08 8.03201e-09 2.20077e-07 8.10303e-09 1.45742e-06 -5.90525e-09 -4.98054e-07 1.1525e-08 6.66751e-07 -4.60574e-08 1.17173e-07 1.70804e-07 1.12921e-07 2.47801e-08
internal_weight=6888 1826 46 1780 74 5062 229 4833 66 1706 52 1665 4767 294 251 43 4473 153 4320 41 1643 197 177 157 45
internal_count=6888 1826 46 1780 74 5062 229 4833 66 1706 52 1665 4767 294 251 43 4473 153 4320 41 1643 197 177 157 45
is_linear=0
shrinkage=0.05


Tree=249
num_leaves=30
num_cat=0
split_feature=15 15 3 1 5 15 8 7 15 4 17 3 25 8 25 15 8 5 3 15 8 15 5 8 5 14 15 8 16
split_gain=1.82163e-09 7.76491e-09 2.56798e-08 7.01583e-09 6.04547e-09 1.90999e-08 7.8656e-09 9.61831e-09 1.30568e-08 5.7158e-09 4.88151e-09 4.22957e-09 3.51087e-09 1.11703e-08 6.89661e-09 2.59483e-09 3.87048e-08 4.73869e-08 1.99483e-08 1.0458e-08 2.07592e-08 5.40396e-09 3.2523e-09 1.09879e-08 1.04887e-08 2.49628e-09 1.40415e-09 1.24204e-09 2.76696e-10
threshold=-0.97507822412530132 -0.96687281075841669 21.850000000000005 674.95000000000016 16.350000000000005 -0.99052477729077237 74.62925234670395 93.044494271700145 -0.99465740988130902 13.500000000000002 0.73153397247723351 17.550000000000004 0.00030376437422054224 253.72910846656586 0.00041794370744286378 -0.93237865822738086 55.856289206726821 11.050000000000002 15.950000000000001 -0.92272482904738262 89.102571890424755 -0.9575230291762723 14.550000000000002 105.89593020310592 14.350000000000003 -0.083760455055074887 -0.99938741687870725 106.86421211404389 652.2650000000001
decision_type=2 2 2 2 2 2 2 2 2 2 2 2 2 2 2 2 2 2 2 2 2 2 2 2 2 2 2 2 2
left_child=4 2 -2 -4 6 -6 7 10 11 -10 -1 -9 13 -8 -14 16 17 -3 -18 20 -17 -20 24 -24 -21 -16 -15 -7 -22
right_child=1 15 3 -5 5 27 12 8 9 -11 -12 -13 14 26 25 19 18 -19 21 22 28 -23 23 -25 -26 -27 -28 -29 -30
leaf_value=1.4337848303261252e-06 -1.6108344841114787e-06 -2.8384337465786413e-06 5.8560046710059369e-07 -4.6968316002197043e-07 -1.3961688550891808e-06 5.8503666997873031e-07 -1.2397794137086749e-06 -2.9042333267170762e-08 1.3385651354404955e-06 2.6303286124592278e-07 4.3280907080077757e-07 -1.0045699363914195e-06 9.0481477325202567e-07 3.2819779747228497e-07 -2.3461179353592113e-07 1.7344773268107998e-06 1.6218896996633703e-06 2.1505877860761303e-07 -3.771017646136065e-07 -1.2300886504921302e-08 -1.4064204570182972e-07 1.361852654088176e-07 3.2194566417838672e-07 -1.7611044197903083e-08 -7.0699217109519586e-07 1.8680755160420454e-07 -5.392711005773354e-08 3.4475941079747942e-08 1.0672901169073157e-07
leaf_weight=29 32 27 36 28 27 21 20 25 21 30 21 20 28 28 51 26 20 24 74 4491 26 167 322 916 55 113 170 20 20
leaf_count=29 32 27 36 28 27 21 20 25 21 30 21 20 28 28 51 26 20 24 74 4491 26 167 322 916 55 113 170 20 20
internal_value=7.51433e-16 -8.11559e-09 -4.54336e-07 1.23914e-07 8.14681e-08 -3.63548e-07 1.35895e-07 4.51042e-07 1.5816e-07 7.05899e-07 1.01338e-06 -4.6261e-07 2.36712e-08 -1.13641e-07 1.79577e-07 -1.17054e-09 -1.4167e-07 -1.4015e-06 1.04503e-07 6.3151e-09 6.05199e-07 -2.14215e-08 -1.13988e-09 7.07066e-08 -2.07056e-08 5.57564e-08 1.10756e-10 3.1647e-07 -3.30894e-08
internal_weight=6888 6264 96 64 624 68 556 146 96 51 50 45 410 218 192 6168 312 51 261 5856 72 241 5784 1238 4546 164 198 41 46
internal_count=6888 6264 96 64 624 68 556 146 96 51 50 45 410 218 192 6168 312 51 261 5856 72 241 5784 1238 4546 164 198 41 46
is_linear=0
shrinkage=0.05


Tree=250
num_leaves=20
num_cat=0
split_feature=15 6 11 25 11 12 26 8 26 8 2 8 19 2 19 15 22 22 2
split_gain=1.7568e-09 1.83112e-09 1.92838e-08 1.50169e-08 1.44348e-08 4.21307e-08 1.05029e-08 3.00747e-08 9.65618e-09 2.20439e-08 6.74156e-09 5.59112e-09 5.18219e-09 6.49589e-09 6.02298e-09 3.28082e-09 1.51321e-09 1.30319e-09 6.75123e-11
threshold=0.98929220549296726 0.00041069500000000004 27.825000000000003 0.00037513079414961201 30.965625000000003 0.60355339059327384 0.00039606930438599149 103.59314869256782 0.00034989873920319742 179.08923626611684 96.500000000000014 86.953777572817486 0.00041830500000000005 125.50000000000001 0.00039661500000000006 0.39825772665344078 463.50000000000006 579.50000000000011 155.50000000000003
decision_type=2 2 2 2 2 2 2 2 2 2 2 2 2 2 2 2 2 2 2
left_child=1 6 3 -3 5 15 8 -8 12 -10 -6 -12 14 -14 -1 -4 -9 -18 -11
right_child=-2 2 4 -5 10 -7 7 16 9 18 11 -13 13 -15 -16 -17 17 -19 -20
leaf_value=8.380068676785186e-09 -4.270385920139101e-07 1.8342277381104095e-06 -3.295688345043383e-07 2.5710711442689612e-08 -7.9548308783007006e-07 -2.6424360666645783e-06 1.7700744572302085e-06 -2.9576697773592292e-07 -1.9369113390764271e-06 9.042914109165458e-08 4.013846171891887e-07 -4.6012190084478073e-08 1.2153564323824639e-06 6.4005681110757004e-09 -8.4028822395036205e-07 5.2619187239802818e-07 5.3282180680691049e-07 1.1294357910217413e-07 -3.2329581900469861e-08
leaf_weight=4682 24 24 24 22 29 21 32 20 21 21 73 1609 20 25 21 21 21 154 24
leaf_count=4682 24 24 24 22 29 21 32 20 21 21 73 1609 20 25 21 21 21 154 24
internal_value=-5.10688e-16 1.49314e-09 -4.1451e-08 9.69285e-07 -6.76153e-08 -7.93194e-07 1.70232e-08 3.49382e-07 1.35117e-09 -5.99273e-07 -3.96269e-08 -2.65948e-08 9.7002e-09 5.43714e-07 4.59057e-09 6.97862e-08 1.16242e-07 1.63329e-07 2.49578e-08
internal_weight=6888 6864 1823 46 1777 66 5041 227 4814 66 1711 1682 4748 45 4703 45 195 175 45
internal_count=6888 6864 1823 46 1777 66 5041 227 4814 66 1711 1682 4748 45 4703 45 195 175 45
is_linear=0
shrinkage=0.05


Tree=251
num_leaves=20
num_cat=0
split_feature=14 5 4 13 14 27 12 5 12 3 14 12 14 8 14 8 8 4 2
split_gain=1.74259e-09 1.29589e-08 1.48496e-08 8.42094e-09 4.20547e-09 1.10098e-08 2.93093e-08 2.75363e-08 1.77031e-08 8.6839e-09 7.8431e-09 2.75937e-08 1.57203e-08 3.35218e-08 1.31095e-08 3.82946e-09 1.24986e-08 7.93814e-10 4.93877e-10
threshold=0.99939377080793557 10.950000000000001 48.500000000000007 0.60355339059327384 0.98667101781630195 24.833333333333339 0.78656609248549325 5.0500000000000007 0.60355339059327384 10.050000000000002 0.98213580174693105 0.60355339059327384 0.97875492728876534 136.7282823065874 0.96234642434711437 99.949376656828846 117.12797434739029 5.5000000000000009 97.500000000000014
decision_type=2 2 2 2 2 2 2 2 2 2 2 2 2 2 2 2 2 2 2
left_child=4 2 -2 -4 9 8 15 -8 17 -1 12 18 14 -14 -11 -7 -17 -6 -12
right_child=1 -3 3 -5 5 6 7 -9 -10 10 11 -13 13 -15 -16 16 -18 -19 -20
leaf_value=9.5563233403576447e-07 -1.0453569738425965e-06 1.2464778098111983e-06 1.0251412102381718e-06 -3.3952872133369285e-07 -3.5514918335723324e-07 4.8798837147697228e-07 -2.4749985540337446e-06 -3.2192086619585152e-07 1.6055330889113997e-06 -9.0655563183181917e-09 -2.5900478365114256e-07 2.0470766311778527e-06 -2.4679834653795753e-06 2.1217537355003711e-07 4.1054496964972503e-07 -1.3124735551173217e-06 5.4338390221910183e-09 4.5665936217649992e-08 5.2244123139644218e-08
leaf_weight=24 27 23 26 20 21 29 27 33 21 6096 26 21 20 28 192 20 179 30 25
leaf_count=24 27 23 26 20 21 29 27 33 21 6096 26 21 20 28 192 20 179 30 25
internal_value=-6.14123e-16 2.11536e-07 -1.14542e-07 4.31806e-07 -2.98991e-09 -1.69293e-07 -3.07547e-07 -1.29081e-06 3.83723e-07 6.3181e-09 2.76261e-09 5.21675e-07 -3.13412e-09 -9.04557e-07 3.74698e-09 -4.87945e-08 -1.27019e-07 -1.19376e-07 -1.06432e-07
internal_weight=6888 96 73 46 6792 360 288 60 72 6432 6408 72 6336 48 6288 228 199 51 51
internal_count=6888 96 73 46 6792 360 288 60 72 6432 6408 72 6336 48 6288 228 199 51 51
is_linear=0
shrinkage=0.05


Tree=252
num_leaves=31
num_cat=0
split_feature=15 14 12 14 12 7 14 8 14 8 14 14 15 12 15 15 12 27 14 4 8 12 4 1 27 12 8 13 4 4
split_gain=1.75361e-09 1.68907e-08 3.09821e-08 2.80305e-08 5.85989e-08 2.04867e-08 1.74566e-08 4.06826e-08 1.24227e-08 5.16704e-08 1.02082e-08 9.25932e-09 8.99891e-09 1.61958e-08 6.96024e-09 1.76964e-08 6.53193e-08 6.58832e-08 1.70271e-08 6.76649e-09 2.22652e-08 7.51073e-09 6.57605e-09 6.11511e-09 6.09159e-09 4.73671e-09 2.73546e-09 1.02546e-09 1.1654e-09 1.35591e-10
threshold=-0.75013812021657655 0.52766072109828632 0.37940952255126054 0.49812943072827093 0.25881904510252091 104.07102137590913 0.45273815774107123 81.207906161365869 0.42179998225932674 106.86421211404389 0.3504237462291826 0.58481550752069722 -0.72694848937061807 0.60355339059327384 -0.69676771491221523 -0.64580103137750788 0.78656609248549325 53.833333333333336 0.70290292807158616 1.0000000180025095e-35 96.580181888762709 0.25881904510252091 97.500000000000014 703.75000000000011 41.166666666666679 0.60355339059327384 113.42698626310248 -0.78656609248549325 14.500000000000002 22.500000000000004
decision_type=2 2 2 2 2 2 2 2 2 2 2 2 2 2 2 2 2 2 2 2 2 2 2 2 2 2 2 2 2 2
left_child=1 3 26 6 -5 11 8 -8 10 -10 -1 -4 13 27 18 16 22 -18 24 20 -17 -21 -16 -9 25 -14 -3 -2 -29 -28
right_child=12 2 5 4 -6 -7 7 23 9 -11 -12 -13 14 -15 15 19 17 -19 -20 21 -22 -23 -24 -25 -26 -27 29 28 -30 -31
leaf_value=-2.2097445659000466e-08 -3.7959582389390788e-07 4.8211248315036908e-07 2.505418935546307e-06 2.7067300464470432e-07 -3.272900212323293e-06 2.2067178114022162e-07 2.6334581218093047e-06 4.9548228903090758e-07 -2.7476845434648571e-06 5.7981282271920728e-07 5.0961458796609331e-07 1.197278365522482e-06 1.5876194453848824e-08 -1.5075993912562679e-06 1.1480350587753854e-07 -5.9950227189257306e-07 -2.5485492869847805e-07 -4.3132780967880532e-06 1.560571771956158e-06 -2.7942800292276232e-08 1.1184610944491647e-08 1.1852052640643827e-07 -8.5810620902293528e-07 -6.0998781234192478e-07 -7.048209963045338e-07 8.7511389482563615e-07 -4.8444601676221418e-08 -1.707380343856173e-07 3.2589711420933603e-07 -1.5218090204713452e-07
leaf_weight=1512 20 24 24 28 20 35 21 29 20 28 96 31 53 28 132 190 20 20 24 2051 696 1527 20 22 20 23 63 27 21 63
leaf_count=1512 20 24 24 28 20 35 21 29 20 28 96 31 53 28 132 190 20 20 24 2051 696 1527 20 22 20 23 63 27 21 63
internal_value=6.24828e-16 3.92192e-08 4.32919e-07 -1.39834e-08 -1.20582e-06 1.16632e-06 1.9123e-08 7.81276e-07 -1.40141e-08 -8.06644e-07 9.64656e-09 1.7681e-06 -1.62286e-08 -4.95529e-07 -6.59446e-09 -1.62847e-08 -4.86306e-07 -2.28407e-06 3.69386e-07 3.93128e-09 -1.19775e-07 3.4564e-08 -1.32109e-08 1.86128e-08 7.159e-08 2.75909e-07 -7.12471e-09 -7.87942e-08 4.65398e-08 -1.00313e-07
internal_weight=6888 2016 240 1776 48 90 1728 72 1656 48 1608 55 4872 96 4776 4656 192 40 120 4464 886 3578 152 51 96 76 150 68 48 126
internal_count=6888 2016 240 1776 48 90 1728 72 1656 48 1608 55 4872 96 4776 4656 192 40 120 4464 886 3578 152 51 96 76 150 68 48 126
is_linear=0
shrinkage=0.05


Tree=253
num_leaves=14
num_cat=0
split_feature=5 3 12 5 3 12 3 5 12 5 5 12 4
split_gain=1.67316e-09 1.15589e-08 2.93733e-08 4.57491e-09 5.85016e-09 1.60057e-08 2.83706e-09 2.67887e-09 9.64375e-09 2.68951e-09 1.17143e-08 9.78145e-09 8.71214e-10
threshold=1.4500000000000002 14.950000000000001 0.60355339059327384 2.0500000000000003 15.350000000000003 0.60355339059327384 8.7500000000000018 2.3500000000000001 0.78656609248549325 3.2500000000000004 3.3500000000000001 0.78656609248549325 23.500000000000004
decision_type=2 2 2 2 2 2 2 2 2 2 2 2 2
left_child=1 -1 12 4 -2 -6 -5 8 -8 11 -11 -9 -3
right_child=3 2 -4 6 5 -7 7 9 -10 10 -12 -13 -14
leaf_value=6.8610938270736645e-07 -3.6168175792994362e-07 -6.5945194803264586e-08 -1.9197248534510436e-06 5.4118734738040075e-07 2.6500646682209732e-08 1.7386500963939832e-06 1.3893833628213333e-07 -1.8998521354499693e-08 -1.1702863567109034e-06 -9.9170915847916309e-07 -1.3702231290594439e-09 7.9401953772800457e-07 3.5692676167909983e-07
leaf_weight=27 20 21 25 24 39 21 39 151 22 30 6391 49 29
leaf_count=27 20 21 25 24 39 21 39 151 22 30 6391 49 29
internal_value=3.68376e-16 -2.01001e-07 -5.20361e-07 3.02124e-09 3.78894e-07 6.25753e-07 -1.46278e-09 -3.41184e-09 -3.33241e-07 -3.73084e-10 -5.99725e-09 1.80191e-07 1.79321e-07
internal_weight=6888 102 75 6786 80 60 6706 6682 61 6621 6421 200 50
internal_count=6888 102 75 6786 80 60 6706 6682 61 6621 6421 200 50
is_linear=0
shrinkage=0.05


Tree=254
num_leaves=26
num_cat=0
split_feature=14 14 27 8 5 12 14 14 12 15 27 14 12 15 14 12 14 17 8 27 15 8 8 15 27
split_gain=1.69975e-09 8.5412e-09 3.33971e-08 8.81192e-08 6.91018e-09 9.55943e-09 9.5462e-09 2.24528e-09 9.96594e-09 1.61829e-08 1.33049e-08 9.74346e-09 2.40571e-08 1.04906e-08 8.14786e-09 1.54536e-08 7.45728e-09 3.77171e-09 9.58227e-10 3.65259e-10 2.63152e-10 3.21372e-10 2.95476e-10 2.23048e-10 1.00469e-10
threshold=-0.99630266176052629 -0.99275805973510278 7.5000000000000009 129.53585182048829 19.750000000000004 0.60355339059327384 -0.99940763397299126 -0.97876850416056738 0.37940952255126054 0.14888728888808328 28.833333333333339 -0.96689237009891416 0.60355339059327384 0.19969739736768838 -0.96235977360714686 0.25881904510252091 -0.95500086777008153 0.74472161005804938 151.98416661219997 1.0000000180025095e-35 0.011826144619637555 151.98416661219997 241.87146320289372 0.13185577213185923 1.0000000180025095e-35
decision_type=2 2 2 2 2 2 2 2 2 2 2 2 2 2 2 2 2 2 2 2 2 2 2 2 2
left_child=4 2 3 -2 5 20 -7 8 18 10 -10 12 17 -14 15 -13 -16 -9 -3 -5 21 -1 -22 -20 -23
right_child=1 7 -4 19 -6 6 -8 11 9 -11 -12 14 13 -15 16 -17 -18 -19 23 -21 22 24 -24 -25 -26
leaf_value=-2.0293039169616557e-07 -3.8842234984670662e-06 -3.9428673601433861e-07 8.459514022618464e-07 -3.9324355505243605e-08 -6.9336615231177158e-07 3.8765367195635141e-08 1.2697282155866358e-06 1.8699310016264312e-07 1.055536276339808e-06 1.5923574500852232e-06 -4.4072519816660217e-07 -1.0340858917093751e-07 -2.2074802787063254e-06 -6.2705236673753552e-07 -5.0501692295689006e-07 1.7163414651122367e-06 6.8579829348885513e-09 -5.0217766737727358e-07 1.1626769435761168e-08 2.4999397260453783e-07 2.4001565944466903e-07 8.8922199807939254e-08 -4.5219027722254169e-09 -1.2312642113056537e-07 -3.267531519696898e-08
leaf_weight=24 20 23 32 20 23 28 36 75 24 27 39 28 21 21 72 20 6048 27 75 24 21 25 30 52 53
leaf_count=24 20 23 32 20 23 28 36 75 24 27 39 28 21 21 72 20 6048 27 75 24 21 25 30 52 53
internal_value=3.40748e-16 -4.71929e-09 -4.72924e-07 -1.13236e-06 1.30724e-07 2.1807e-07 7.31182e-07 2.14085e-09 1.52246e-07 5.68203e-07 1.29279e-07 -3.56658e-09 -4.10135e-07 -1.41727e-06 5.9253e-09 6.54821e-07 8.35925e-10 4.56554e-09 -9.73277e-08 1.18486e-07 3.43533e-09 -4.2932e-08 9.617e-08 -4.35478e-08 6.29825e-09
internal_weight=6888 6648 96 64 240 217 64 6552 240 90 63 6312 144 42 6168 48 6120 102 150 44 153 102 51 127 78
internal_count=6888 6648 96 64 240 217 64 6552 240 90 63 6312 144 42 6168 48 6120 102 150 44 153 102 51 127 78
is_linear=0
shrinkage=0.05


Tree=255
num_leaves=31
num_cat=0
split_feature=3 4 8 17 24 22 24 14 20 15 2 20 17 11 19 23 8 11 3 22 9 3 3 14 2 24 5 5 3 27
split_gain=1.68805e-09 8.63398e-09 4.72927e-09 5.056e-09 3.28112e-09 2.94224e-09 4.92921e-08 5.25939e-08 2.98148e-08 3.79031e-08 2.9409e-08 2.52576e-08 1.41066e-08 1.05444e-08 9.55668e-09 8.03531e-09 1.84447e-08 1.24662e-08 2.50889e-08 9.30886e-09 6.64589e-09 2.83517e-09 3.82651e-09 2.30468e-10 1.27363e-10 1.35631e-10 9.39833e-11 8.04322e-11 9.80539e-11 3.11345e-11
threshold=28.050000000000004 97.500000000000014 174.73399450569516 0.9901945763414276 0.00059137728042794587 137.50000000000003 2.888568261592463e-05 0.78325454425165997 0.00015625000000000003 -0.71502926860092908 56.500000000000007 0.00010766000000000002 0.68068488633760216 18.803125000000005 0.00010487000000000002 151.50000000000003 233.9505292759961 23.706250000000001 17.050000000000004 315.50000000000006 9.7935672167321446 33.850000000000001 30.350000000000005 -0.65962448909395344 175.50000000000003 0.00075506969401958033 10.250000000000002 13.350000000000003 30.550000000000004 17.500000000000004
decision_type=2 2 2 2 2 2 2 2 2 2 2 2 2 2 2 2 2 2 2 2 2 2 2 2 2 2 2 2 2 2
left_child=5 2 3 21 -5 8 7 -7 11 -10 12 14 -11 -13 20 16 -8 18 -17 -19 -1 22 -2 27 25 -25 -26 -4 -29 -18
right_child=1 -3 23 4 -6 6 15 -9 9 10 -12 13 -14 -15 -16 17 29 19 -20 -21 -22 -23 -24 24 26 -27 -28 28 -30 -31
leaf_value=1.1023611710823465e-08 2.7199524126838731e-07 1.078266878354196e-06 -6.0455454667630641e-08 1.0996003041441327e-06 2.3246560488132675e-07 1.4743103804448765e-07 1.7917539653922179e-06 -3.3584167350336032e-06 -9.3635956523030467e-07 -3.9628455169804508e-07 2.7238022646542959e-06 -1.655315863557938e-06 1.174909184896933e-06 -2.5178147298091697e-07 1.074675529772711e-06 -7.928701741494091e-08 6.6251997897443689e-10 2.1950666401990825e-07 -1.9600131295192117e-06 -5.6367469930553412e-08 -7.4892161651091714e-07 5.714534550120503e-07 -2.5269807138003041e-07 -1.0834523269926171e-07 -1.2795120280121151e-07 -2.3505869756945686e-07 3.2473672298202967e-09 1.1664370482167285e-07 -2.4484578176053874e-08 -8.3543566071447068e-08
leaf_weight=3616 70 21 47 24 20 20 20 23 25 20 25 32 50 23 21 61 23 363 25 1940 29 27 69 136 21 25 39 20 32 21
leaf_count=3616 70 21 47 24 20 20 20 23 25 20 25 32 50 23 21 61 23 363 25 1940 29 27 69 136 21 25 39 20 32 21
internal_value=5.77685e-16 8.39424e-08 4.45447e-08 2.28916e-07 7.05448e-07 -7.29877e-09 -4.95624e-08 -1.72779e-06 2.01655e-08 7.95882e-07 1.25173e-06 -4.85091e-09 7.25997e-07 -1.06838e-06 1.1105e-08 -2.01439e-08 5.32748e-07 -3.49555e-08 -6.2601e-07 -1.28841e-08 4.97741e-09 1.02607e-07 1.1536e-08 -7.64493e-08 -1.0485e-07 -1.28021e-07 -4.26721e-08 -1.30509e-08 2.97955e-08 -3.95267e-08
internal_weight=6888 551 530 210 44 6337 2496 43 3841 120 95 3721 70 55 3666 2453 64 2389 86 2303 3645 166 139 320 221 161 60 99 52 44
internal_count=6888 551 530 210 44 6337 2496 43 3841 120 95 3721 70 55 3666 2453 64 2389 86 2303 3645 166 139 320 221 161 60 99 52 44
is_linear=0
shrinkage=0.05


Tree=256
num_leaves=26
num_cat=0
split_feature=15 15 27 4 8 11 3 15 8 8 26 8 24 8 3 11 8 11 8 14 8 27 15 3 17
split_gain=1.68369e-09 7.00168e-09 4.59783e-08 5.95446e-09 6.41169e-09 1.00509e-08 6.98476e-09 1.42697e-08 8.98337e-09 4.17985e-09 2.55024e-09 5.03319e-09 3.53584e-09 1.36932e-08 2.23727e-08 1.25985e-08 1.41352e-08 6.32327e-09 2.36242e-09 2.43382e-09 2.27982e-09 2.11201e-09 1.37256e-09 4.64264e-10 3.31049e-10
threshold=-0.97507822412530132 -0.96687281075841669 1.1666666666666667 69.500000000000014 74.62925234670395 16.512500000000003 18.250000000000004 -0.99465740988130902 44.053632639287635 103.59314869256782 0.00074495676006362062 125.53802552134648 0.00037821101705771265 100.82326560581713 23.350000000000005 39.990625000000009 100.82326560581713 37.959375000000001 81.207906161365869 0.1849296026015865 117.12797434739029 42.166666666666679 -0.84313311835787952 28.150000000000002 0.97133449029196905
decision_type=2 2 2 2 2 2 2 2 2 2 2 2 2 2 2 2 2 2 2 2 2 2 2 2 2
left_child=3 2 9 4 5 -1 8 -8 -7 -2 12 -12 15 14 -14 17 -17 -3 -6 21 -15 -20 -13 -24 -11
right_child=1 10 -4 -5 18 6 7 -9 -10 24 11 22 13 20 -16 16 -18 -19 19 -21 -22 -23 23 -25 -26
leaf_value=-4.5920746166875204e-07 8.5319290619167989e-07 5.2167601301608383e-09 -2.0947443281447079e-06 -6.2129110803794149e-07 -3.6543027521462582e-07 2.433624037285367e-07 -7.625388204617237e-07 7.8040739647930917e-07 1.53061225868593e-06 -1.0905562373864086e-07 9.1081367786087366e-07 3.1266328661743234e-07 -1.6131992283221366e-06 -2.8558057853808538e-07 6.3825473745447822e-08 1.3001298943117315e-06 2.0601449541532223e-07 -4.5179935292181896e-07 -1.1892487991386615e-08 4.7042443869216304e-07 -1.8841922450780174e-08 5.1615322590237159e-07 -2.0035114726045903e-07 7.9218126905992127e-08 1.6386565857118287e-07
leaf_weight=28 22 4437 29 29 37 23 23 43 33 25 22 37 37 86 43 36 164 77 356 32 1169 20 33 27 20
leaf_count=28 22 4437 29 29 37 23 23 43 33 25 22 37 37 86 43 36 164 77 356 32 1169 20 33 27 20
internal_value=-8.04111e-16 -7.80227e-09 -4.31525e-07 7.83228e-08 1.12422e-07 3.95126e-07 5.91202e-07 2.42714e-07 1.00192e-06 2.88376e-07 -1.20736e-09 2.28015e-07 -5.71677e-09 -7.75506e-08 -7.11798e-07 1.46265e-08 4.02955e-07 -2.57904e-09 1.71281e-08 5.18209e-08 -3.71204e-08 1.6195e-08 7.3153e-08 -7.4545e-08 1.22427e-08
internal_weight=6888 6264 96 624 595 150 122 66 56 67 6168 119 6049 1335 80 4714 200 4514 445 408 1255 376 97 60 45
internal_count=6888 6264 96 624 595 150 122 66 56 67 6168 119 6049 1335 80 4714 200 4514 445 408 1255 376 97 60 45
is_linear=0
shrinkage=0.05


Tree=257
num_leaves=31
num_cat=0
split_feature=15 14 13 21 5 14 14 14 13 15 15 14 21 13 21 5 15 0 14 27 5 14 15 15 5 13 5 27 21 27
split_gain=1.59427e-09 1.29377e-08 1.61976e-08 3.35904e-08 6.09977e-09 6.62589e-09 6.82927e-09 8.92866e-09 5.19117e-09 4.86221e-09 2.58384e-08 2.19093e-08 1.66336e-08 4.96912e-08 1.09618e-08 6.00356e-09 1.27702e-08 1.35129e-08 3.70347e-09 5.06828e-09 4.45179e-09 3.4563e-09 3.04728e-09 6.49259e-09 2.7934e-09 2.69799e-09 2.64821e-09 8.0109e-09 2.56481e-09 2.188e-09
threshold=0.91936090643431534 0.3342611484689354 -0.12940952255126037 294.50000000000006 16.550000000000004 0.31799963745711152 0.25206111083856975 0.26866988313759588 -0.12940952255126037 0.60553543375389329 0.57780407610161799 0.73283908552571653 145.50000000000003 0.37940952255126048 30.500000000000004 21.050000000000004 0.53493525241775031 246.50000000000003 0.52033990680116082 32.166666666666679 4.5500000000000007 0.7090011537757156 0.53493525241775031 0.44504239796885176 13.65 0.78656609248549303 15.750000000000002 38.500000000000007 5.5000000000000009 48.500000000000007
decision_type=2 2 2 2 2 2 2 2 2 2 2 2 2 2 2 2 2 2 2 2 2 2 2 2 2 2 2 2 2 2
left_child=9 4 3 -3 5 6 8 -8 -2 10 15 18 13 -13 -12 22 17 -17 26 21 -21 -20 23 -1 -14 -15 27 -11 -24 -4
right_child=1 2 29 -5 -6 -7 7 -9 -10 11 14 12 24 25 -16 16 -18 -19 19 20 -22 -23 28 -25 -26 -27 -28 -29 -30 -31
leaf_value=-4.3558731466358626e-09 4.2179473023812815e-07 -2.8210884994450682e-06 2.5215418307800165e-07 -4.6597768569670947e-08 6.6789238089184542e-07 7.7027912143516151e-07 -1.2903923852410535e-06 -1.1714798490825019e-07 -1.6625877075479931e-07 2.3369932357627176e-07 -1.8596974605976049e-06 2.5699467914819255e-06 -4.7496785575695811e-07 5.4642954395352679e-07 -3.4323029545000531e-07 1.157204569494752e-06 -7.1562282505510677e-07 9.0240878981223614e-08 -4.0079461970200937e-07 -5.1075858604754391e-07 1.6881020786984272e-07 1.3490973091883893e-07 7.4947456701684809e-08 -4.2346834914314244e-07 2.657778722842912e-07 -1.6481789539094888e-07 7.1432603986565369e-07 -8.0856259020698595e-07 8.2199801241245043e-07 -4.1450662832787091e-07
leaf_weight=5447 66 20 32 24 37 24 24 50 87 151 26 35 20 24 22 50 25 73 145 28 173 38 27 94 35 30 20 21 20 20
leaf_count=5447 66 20 32 24 37 24 24 50 87 151 26 35 20 24 22 50 25 73 145 28 173 38 27 94 35 30 20 21 20 20
internal_value=-2.53604e-17 -9.89986e-08 -6.0168e-07 -1.30773e-06 6.85619e-08 -1.97856e-08 -1.03317e-07 -4.9766e-07 8.74114e-08 5.84494e-09 -9.40783e-09 1.28375e-07 6.80005e-07 1.10245e-06 -1.16465e-06 2.5947e-10 3.14576e-07 5.23966e-07 -9.53198e-09 -9.91816e-08 7.41439e-08 -2.89555e-07 -8.0653e-09 -1.14659e-08 -3.58421e-09 1.51292e-07 1.69767e-07 1.06446e-07 3.92841e-07 -4.25382e-09
internal_weight=6888 384 96 44 288 251 227 74 153 6504 5784 720 144 89 48 5736 148 123 576 384 201 183 5588 5541 55 54 192 172 47 52
internal_count=6888 384 96 44 288 251 227 74 153 6504 5784 720 144 89 48 5736 148 123 576 384 201 183 5588 5541 55 54 192 172 47 52
is_linear=0
shrinkage=0.05


Tree=258
num_leaves=27
num_cat=0
split_feature=17 3 18 8 3 5 5 21 24 3 8 3 14 8 5 8 14 14 5 14 7 14 24 25 24 24
split_gain=1.62222e-09 2.06971e-08 1.22694e-08 1.17011e-08 5.8946e-08 2.44089e-08 9.85494e-09 4.04981e-09 2.11657e-08 3.18288e-09 9.83044e-09 4.21245e-09 1.61009e-08 4.12892e-08 5.1973e-09 5.21684e-09 3.47995e-09 2.44378e-08 2.509e-08 1.51127e-08 2.89561e-08 2.67931e-08 3.08128e-09 2.93894e-09 5.80774e-10 1.35826e-10
threshold=0.90602659689568432 15.050000000000002 1.0000000180025095e-35 99.949376656828846 23.250000000000004 11.850000000000003 10.65 238.50000000000003 0.00014159571237352299 29.950000000000003 166.90661653912363 25.750000000000004 -0.74512825849743647 100.82326560581713 15.550000000000002 121.96597701646358 0.97875492728876534 0.98213580174693105 10.850000000000003 0.96234642434711437 97.469251553508556 0.95242846126021108 8.3965969982449965e-05 0.00045982624462280106 0.00024820562454800683 0.00048838969353776735
decision_type=2 2 2 2 2 2 2 2 2 2 2 2 2 2 2 2 2 2 2 2 2 2 2 2 2 2
left_child=9 -2 -3 4 5 -4 -6 8 -5 11 -11 16 13 -13 23 -16 19 -18 -19 21 -21 -1 -9 -14 -15 -12
right_child=1 2 3 7 6 -7 -8 22 -10 10 25 12 14 24 15 -17 17 18 -20 20 -22 -23 -24 -25 -26 -27
leaf_value=3.4201071387816883e-08 -1.3670736551367899e-06 1.1026638066624628e-06 -2.1697776914180044e-06 -9.3808850386444146e-08 7.0501849813075351e-07 -9.6986336188820128e-08 -2.100383315368453e-07 5.7687175322678805e-07 1.648472936929703e-06 1.2815432478419099e-06 -1.6382757557664719e-07 -2.5711554811728686e-06 2.5257258035634936e-08 1.7928283899681931e-07 1.1221258509408471e-06 3.8710807942266003e-08 -1.4656973677017139e-06 -2.401096877967072e-07 6.0778125870916766e-07 2.0681642240560907e-06 1.6899175589396074e-07 -9.9652963552188108e-07 -1.9825915914314301e-08 -5.0088027102144481e-07 -1.6855992479580806e-07 1.823814284992612e-08
leaf_weight=4239 29 24 49 72 62 20 56 22 23 20 20 23 121 24 20 25 31 327 119 26 88 64 1305 34 24 21
leaf_count=4239 29 24 49 72 62 20 56 22 23 20 20 23 121 24 20 25 31 327 119 26 88 64 1305 34 24 21
internal_value=1.16229e-15 -4.30277e-08 -1.95143e-08 -3.62528e-08 -4.08074e-07 -1.56897e-06 2.70754e-07 1.26435e-08 3.28007e-07 1.36839e-08 3.72743e-07 9.44332e-09 -1.82446e-07 -8.29285e-07 4.71824e-08 5.20229e-07 2.0069e-08 -1.08232e-07 -1.38787e-08 3.39244e-08 6.02136e-07 1.88707e-08 -9.93341e-09 -9.01536e-08 5.36146e-09 -7.05744e-08
internal_weight=6888 1662 1633 1609 187 69 118 1422 95 5226 61 5165 271 71 200 45 4894 477 446 4417 114 4303 1327 155 48 41
internal_count=6888 1662 1633 1609 187 69 118 1422 95 5226 61 5165 271 71 200 45 4894 477 446 4417 114 4303 1327 155 48 41
is_linear=0
shrinkage=0.05


Tree=259
num_leaves=18
num_cat=0
split_feature=14 14 11 14 5 17 5 5 2 7 19 14 7 3 14 11 3
split_gain=1.61825e-09 1.75214e-08 1.59485e-08 8.64597e-09 1.30392e-08 1.82469e-08 1.18513e-08 7.60968e-09 1.93967e-08 6.61144e-09 6.4566e-09 6.12348e-09 4.90044e-09 3.98775e-09 5.33435e-09 5.00902e-09 2.30316e-09
threshold=0.9962888416657264 0.99374995976406788 13.156250000000002 0.99761913169647187 10.850000000000003 0.66224187626364184 7.3500000000000005 5.9500000000000011 94.500000000000014 98.993601809905883 0.00017273500000000001 0.99274428880883148 127.64326954099973 9.6500000000000004 0.99053107487289871 10.65 14.850000000000003
decision_type=2 2 2 2 2 2 2 2 2 2 2 2 2 2 2 2 2
left_child=1 11 -3 6 7 -6 -2 9 -9 -5 -4 13 -11 -1 15 -15 -16
right_child=3 2 10 4 5 -7 -8 8 -10 12 -12 -13 -14 14 16 -17 -18
leaf_value=5.0505558915457905e-07 1.4206415804991409e-06 -1.8665270364754575e-06 2.6929874103678648e-07 -6.7482395952112036e-07 1.7789756130003386e-06 -5.7517386839310206e-08 -1.6309067342761063e-07 -1.415507833070265e-06 3.0153334605607786e-07 9.0819558592099758e-07 -8.8075790253706947e-07 8.0109308425354211e-07 -1.2492095012558737e-07 -6.225080499078218e-07 -9.5708311686593117e-07 4.6075829944555978e-09 -1.9827547781403609e-07
leaf_weight=39 27 23 26 20 21 38 21 38 29 24 23 24 22 32 20 6441 20
leaf_count=39 27 23 26 20 21 38 21 38 29 24 23 24 22 32 20 6441 20
internal_value=-3.9229e-16 -4.60475e-09 -7.80358e-07 1.27552e-07 -2.25003e-08 5.9615e-07 7.27759e-07 -2.96939e-07 -6.72311e-07 8.41205e-08 -2.70524e-07 3.8889e-09 4.14096e-07 9.68739e-10 -2.04974e-09 1.50737e-09 -5.77679e-07
internal_weight=6888 6648 72 240 192 59 48 133 67 66 49 6576 46 6552 6513 6473 40
internal_count=6888 6648 72 240 192 59 48 133 67 66 49 6576 46 6552 6513 6473 40
is_linear=0
shrinkage=0.05


Tree=260
num_leaves=17
num_cat=0
split_feature=15 4 4 8 27 3 3 8 25 8 15 27 27 12 14 23
split_gain=1.61331e-09 1.64969e-09 1.317e-08 3.98127e-08 1.17649e-08 7.42216e-09 7.63378e-09 2.05293e-08 8.92922e-09 2.17525e-08 7.34226e-09 7.18852e-09 2.12272e-08 1.2584e-08 2.42196e-09 2.05946e-09
threshold=0.98929220549296726 51.500000000000007 48.500000000000007 98.149196325191511 76.166666666666671 9.6500000000000004 26.650000000000002 111.03009239048184 0.00055767581698774242 141.71046372956297 -0.99761278905001471 69.166666666666671 61.833333333333336 0.60355339059327384 0.42958674266195179 606.50000000000011
decision_type=2 2 2 2 2 2 2 2 2 2 2 2 2 2 2 2
left_child=1 2 4 -4 11 -3 8 -8 10 -10 -7 12 -1 -13 -5 -9
right_child=-2 5 3 14 -6 6 7 15 9 -11 -12 13 -14 -15 -16 -17
leaf_value=6.7165293749885295e-09 -4.0922860880717353e-07 8.6197136692202613e-07 -2.3529964901551167e-06 -3.1562160221672762e-07 -1.1850061970078298e-06 -8.1769509424134416e-07 1.8933397177534063e-06 4.6867085671919996e-07 -1.5781895668472621e-06 6.0774984634603102e-09 4.4910812068544372e-08 -1.5009395613565002e-07 -9.6419285206276358e-07 1.4554689187207259e-06 3.7542405708634877e-07 -1.4778559701714553e-07
leaf_weight=4557 24 27 24 21 21 25 20 20 30 78 1861 26 57 23 32 42
leaf_count=4557 24 27 24 21 21 25 20 20 30 78 1861 26 57 23 32 42
internal_value=4.11314e-16 1.43087e-09 -1.48603e-08 -6.6346e-07 -4.19803e-09 3.83126e-08 2.76003e-08 5.00405e-07 8.15697e-09 -4.33997e-07 3.34765e-08 1.11979e-09 -5.2778e-09 6.03538e-07 1.01614e-07 5.10713e-08
internal_weight=6888 6864 4761 77 4684 2103 2076 82 1994 108 1886 4663 4614 49 53 62
internal_count=6888 6864 4761 77 4684 2103 2076 82 1994 108 1886 4663 4614 49 53 62
is_linear=0
shrinkage=0.05


Tree=261
num_leaves=22
num_cat=0
split_feature=14 5 4 13 14 12 4 5 14 12 14 12 14 12 14 11 21 12 2 11 2
split_gain=1.46816e-09 1.05786e-08 1.30169e-08 7.56458e-09 3.52222e-09 7.34192e-09 1.86934e-08 1.39114e-08 6.60822e-09 2.43774e-08 1.2854e-08 2.97244e-08 1.06254e-08 3.36963e-08 1.87894e-08 2.6338e-09 5.99641e-09 1.10002e-08 4.81154e-09 3.20986e-09 5.10453e-10
threshold=0.99939377080793557 10.950000000000001 48.500000000000007 0.60355339059327384 0.98667101781630195 0.78656609248549325 49.500000000000007 5.0500000000000007 0.98213580174693105 0.60355339059327384 0.97875492728876534 0.25881904510252091 0.96234642434711437 0.37940952255126054 0.95752911693909493 11.350000000000003 65.500000000000014 0.37940952255126054 107.50000000000001 9.5500000000000025 97.500000000000014
decision_type=2 2 2 2 2 2 2 2 2 2 2 2 2 2 2 2 2 2 2 2 2
left_child=4 2 -2 -4 8 15 -7 -8 10 20 12 -12 14 -14 -1 19 17 -17 -18 -6 -10
right_child=1 -3 3 -5 5 6 7 -9 9 -11 11 -13 13 -15 -16 16 18 -19 -20 -21 -22
leaf_value=2.8793587914895534e-09 -9.7193151410229567e-07 1.1292415059000157e-06 9.7343360389109316e-07 -3.1998662336718558e-07 -1.3193950991308158e-07 3.1994049056738308e-07 -2.1965645936732125e-06 -3.9741205804168864e-07 -2.6338176653027356e-07 1.9158442155133214e-06 2.368367664016903e-07 -2.2869529854574468e-06 -1.4024475794608785e-07 1.2279715211289185e-06 -9.9027282012646239e-07 -4.5857742321686599e-08 5.5030927902576784e-07 -1.3303932030339639e-06 -8.3471910787697971e-08 7.4326799086386272e-07 5.3047285064167232e-08
leaf_weight=6072 27 23 26 20 20 32 21 22 26 21 28 20 120 72 48 50 39 25 129 22 25
leaf_count=6072 27 23 26 20 20 32 21 22 26 21 28 20 120 72 48 50 39 25 129 22 25
internal_value=-4.35777e-16 1.94166e-07 -1.00447e-07 4.11077e-07 -2.7444e-09 -1.5494e-07 -5.95104e-07 -1.27607e-06 5.77399e-09 4.82097e-07 3.81654e-10 -8.14742e-07 6.58032e-09 3.72836e-07 -4.91007e-09 -3.91068e-08 -1.02298e-07 -4.74036e-07 6.36559e-08 3.26503e-07 -1.08269e-07
internal_weight=6888 96 73 46 6792 360 75 43 6432 72 6360 48 6312 192 6120 285 243 75 168 42 51
internal_count=6888 96 73 46 6792 360 75 43 6432 72 6360 48 6312 192 6120 285 243 75 168 42 51
is_linear=0
shrinkage=0.05


Tree=262
num_leaves=30
num_cat=0
split_feature=8 8 6 27 27 7 5 4 7 5 7 3 5 7 8 2 14 7 5 6 27 27 8 14 14 8 14 5 14
split_gain=1.49319e-09 2.18956e-08 2.71299e-08 1.81145e-08 1.855e-08 3.26238e-08 2.30021e-08 3.90381e-08 1.82982e-08 1.41364e-08 1.13904e-08 3.31027e-08 1.21899e-08 9.51171e-09 6.95963e-09 2.8162e-08 1.51659e-08 1.2841e-08 1.57584e-08 2.08941e-08 6.90885e-09 4.37752e-09 2.44404e-08 5.28085e-09 5.13963e-09 4.26373e-08 1.58086e-08 2.39523e-09 3.1071e-09
threshold=80.591617775109953 79.707600843569097 0.00028692500000000005 81.166666666666671 67.833333333333357 101.8587139098626 3.4500000000000006 26.500000000000004 81.810948287212696 12.65 105.60033753098635 14.950000000000001 5.4500000000000011 135.44066987908892 83.952622196820059 77.500000000000014 0.36648264796514479 124.30467822286322 12.250000000000002 1.0190000000000002e-05 91.833333333333357 99.833333333333357 108.64304524185037 0.99983759474438971 0.91248814248966237 108.64304524185037 0.89017062131308955 5.0500000000000007 0.25206111083856975
decision_type=2 2 2 2 2 2 2 2 2 2 2 2 2 2 2 2 2 2 2 2 2 2 2 2 2 2 2 2 2
left_child=1 3 -3 4 6 -6 7 -1 -8 -7 11 -5 13 -12 15 17 -17 18 19 -2 -14 23 -23 24 26 -26 -16 -24 -29
right_child=14 2 -4 10 5 9 8 -9 -10 -11 12 -13 20 -15 21 16 -18 -19 -20 -21 -22 22 27 -25 25 -27 -28 28 -30
leaf_value=1.09541861093021e-07 1.6181430964934408e-06 -2.0729429518818004e-06 1.7467178804508877e-07 2.5372972955169233e-06 -2.5453658082597031e-06 1.5547086825841284e-07 6.8735868060798576e-07 -1.8654894561946508e-06 -2.2765571438496141e-08 -1.3733753877973176e-06 1.6157974676428674e-06 1.3087537075578791e-09 3.4564665077772993e-07 1.7782545787572146e-07 1.1254002906044356e-08 2.2760158515211513e-07 -1.719571992566671e-06 -2.9015932113907188e-07 2.2254965656380274e-06 -3.8785892900250474e-07 -4.3088644600465777e-07 -1.3861407579325541e-06 -5.3088895697328557e-07 -6.1614544041400556e-07 9.1087219106674605e-07 -3.2318161797731997e-08 -6.1324385638396646e-07 3.3128146019232819e-07 -7.9409196331335906e-08
leaf_weight=58 27 29 25 22 20 54 100 44 977 21 23 31 54 23 3959 20 20 20 23 25 61 37 20 33 145 690 104 65 158
leaf_count=58 27 29 25 22 20 54 100 44 977 21 23 31 54 23 3959 20 20 20 23 25 61 37 20 33 145 690 104 65 158
internal_value=4.20798e-16 -4.33465e-08 -1.03238e-06 -7.45409e-09 -7.89537e-08 -7.51082e-07 -2.47958e-08 -7.42432e-07 4.31698e-08 -2.72606e-07 4.18202e-07 1.05398e-06 2.08908e-07 8.96811e-07 1.25029e-08 3.66942e-07 -7.45985e-07 8.35543e-07 1.13573e-06 6.53719e-07 -6.62535e-08 3.32048e-09 -1.88994e-07 1.42408e-08 1.8488e-08 1.31469e-07 -4.73117e-09 -6.7125e-09 4.02988e-08
internal_weight=6888 1542 54 1488 1274 95 1179 102 1077 75 214 53 161 46 5346 135 40 95 75 52 115 5211 280 4931 4898 835 4063 243 223
internal_count=6888 1542 54 1488 1274 95 1179 102 1077 75 214 53 161 46 5346 135 40 95 75 52 115 5211 280 4931 4898 835 4063 243 223
is_linear=0
shrinkage=0.05


Tree=263
num_leaves=31
num_cat=0
split_feature=14 3 14 12 20 3 8 14 7 7 14 12 8 2 26 8 8 8 17 18 14 8 14 11 8 3 8 8 17 8
split_gain=1.55083e-09 8.67183e-09 2.27465e-08 4.25501e-08 2.05174e-08 1.80662e-08 6.80047e-09 8.09879e-09 5.64054e-09 5.17786e-09 4.36841e-09 1.85275e-08 3.64018e-09 3.45076e-09 8.81764e-09 4.48819e-09 2.8679e-09 2.19009e-08 2.16377e-08 1.58424e-08 1.49972e-08 1.05848e-08 8.28376e-09 6.5954e-09 2.09843e-08 8.28949e-09 2.6295e-09 1.88825e-09 1.32315e-09 1.25554e-09
threshold=-0.94705910369513524 18.450000000000003 -0.97509794945709805 0.60355339059327384 2.3250000000000002e-06 16.850000000000005 103.59314869256782 -0.99630266176052629 104.07102137590913 129.38726630401638 -0.90574346089748803 0.78656609248549325 90.576085265625622 115.50000000000001 0.00011997954197965833 158.75784134206859 88.356080700843151 86.953777572817486 0.9999486178193403 0.00028692500000000005 0.49812943072827093 89.864064250933993 0.60555468348150676 11.509375000000002 105.89593020310592 11.65 114.55616008044332 83.952622196820059 0.99175625636078546 179.08923626611684
decision_type=2 2 2 2 2 2 2 2 2 2 2 2 2 2 2 2 2 2 2 2 2 2 2 2 2 2 2 2 2 2
left_child=1 2 4 -4 8 -5 7 -3 -1 -9 11 13 -10 14 -2 -15 17 18 19 -12 -19 22 -18 24 -23 -25 -8 -13 29 -28
right_child=10 6 3 5 -6 -7 26 9 12 -11 16 27 -14 15 -16 -17 21 20 -20 -21 -22 23 -24 25 -26 -27 28 -29 -30 -31
leaf_value=8.1595973659370271e-07 5.5054484409881639e-08 -1.7303132869562465e-07 2.3296411576723131e-07 -7.3625687421624136e-07 -1.1462284498886533e-06 -2.4762500424913013e-06 -4.0784780184678408e-07 1.4707244934635872e-06 2.8029236462131876e-07 3.9778243051535399e-07 -3.4186253016850103e-08 1.5448951200269792e-06 -2.1402388455994234e-07 9.0856933042005041e-07 -1.1202091111250924e-06 -4.0660451011529915e-08 1.8902307356956254e-07 -2.2788501214761158e-07 -1.513287260065018e-06 7.6356981904924531e-07 -2.0335039439685162e-06 1.7009325721536091e-06 1.5425318377992881e-06 -8.3627887398773143e-07 -7.0984230908586391e-08 1.2101574902561118e-08 -1.5289295802745075e-07 8.5782622363694825e-07 3.6443229214613541e-07 4.9436792946457603e-08
leaf_weight=33 79 27 50 26 32 35 38 22 101 23 1462 20 59 20 20 33 26 23 24 65 23 24 20 29 55 4033 99 20 27 340
leaf_count=33 79 27 50 26 32 35 38 22 101 23 1462 20 59 20 20 33 26 23 24 65 23 24 20 29 55 4033 99 20 27 340
internal_value=-8.9214e-16 -6.07315e-08 -2.626e-07 -8.48317e-07 2.63532e-08 -1.73461e-06 5.70254e-08 5.11571e-07 2.20771e-07 9.22332e-07 9.26825e-09 2.43902e-07 9.80132e-08 -8.06109e-09 -1.82373e-07 3.17539e-07 1.47959e-09 -5.55286e-08 -2.3641e-08 -2.28071e-10 -1.13069e-06 2.32236e-08 7.77505e-07 1.48447e-08 4.6732e-07 6.0447e-09 -7.9096e-09 1.20136e-06 2.47034e-08 3.8089e-09
internal_weight=6888 912 336 111 225 61 576 72 193 45 5976 192 160 152 99 53 5784 1597 1551 1527 46 4187 46 4141 79 4062 504 40 466 439
internal_count=6888 912 336 111 225 61 576 72 193 45 5976 192 160 152 99 53 5784 1597 1551 1527 46 4187 46 4141 79 4062 504 40 466 439
is_linear=0
shrinkage=0.05


Tree=264
num_leaves=25
num_cat=0
split_feature=24 26 20 26 19 14 21 0 9 2 19 25 15 19 19 25 17 18 4 21 27 21 21 17
split_gain=1.5253e-09 8.70214e-09 2.18589e-08 2.03868e-08 3.0723e-08 2.5585e-08 1.37579e-08 1.04108e-08 1.29892e-08 1.29034e-08 9.204e-09 1.43708e-08 2.51376e-08 1.22622e-08 1.09616e-08 1.05574e-08 5.14595e-09 2.72634e-09 1.33816e-08 3.73918e-09 2.638e-09 1.16901e-08 6.94321e-09 1.92765e-09
threshold=0.00031250509970022348 0.00039335159257015788 0.00043745000000000003 0.00035756379148633739 0.00046742500000000005 -0.032247759394263838 170.50000000000003 418.50000000000006 35.802834783331093 114.50000000000001 0.00041830500000000005 0.00031250509970022348 -0.21022037796396451 0.00026330500000000008 0.00045837000000000004 0.00040114966991971335 1.0133872625401985 0.0003695900000000001 10.500000000000002 289.50000000000006 64.833333333333357 403.50000000000006 361.50000000000006 0.97636158988766353
decision_type=2 2 2 2 2 2 2 2 2 2 2 2 2 2 2 2 2 2 2 2 2 2 2 2
left_child=1 3 -3 10 5 -5 -4 8 -8 -9 11 13 -13 -1 -12 -16 17 18 23 -19 22 -22 -21 -2
right_child=16 2 6 4 -6 -7 7 9 -10 -11 14 12 -14 -15 15 -17 -18 19 -20 20 21 -23 -24 -25
leaf_value=-4.6723664025809075e-09 -5.7260621616705981e-07 1.8792345354690099e-06 -7.899815021990739e-07 -3.8121603935792341e-07 6.6675841723162237e-07 -2.8521510597815078e-06 1.9280086710793397e-06 -1.0394831089602771e-06 2.7168304713682276e-07 2.8172425640718387e-07 1.2733553815326471e-06 -2.1614414514542226e-06 -4.2749819125934411e-08 4.3716477123193088e-07 -7.8674199981844052e-07 6.1688435420291105e-07 -8.3539994392367586e-07 -7.03667188940385e-07 1.3262150112663699e-06 4.889917910719407e-07 -1.1577740358524757e-06 -7.1867264329168487e-08 -2.8013384689725619e-08 9.8574029943452129e-08
leaf_weight=4288 20 20 33 20 21 22 20 21 29 154 31 21 42 163 21 37 20 21 21 68 27 302 1443 23
leaf_count=4288 20 20 33 20 21 22 20 21 29 154 31 21 42 163 21 37 20 21 21 68 27 302 1443 23
internal_value=-2.81811e-16 1.47593e-08 2.87042e-07 -1.40497e-09 -8.94757e-07 -1.67552e-06 1.63136e-07 3.03551e-07 9.47734e-07 1.23179e-07 1.08221e-08 8.94326e-10 -7.4898e-07 1.15081e-08 5.1435e-07 1.08675e-07 -3.7509e-08 -2.92193e-08 2.9165e-07 -4.0254e-08 -3.26824e-08 -1.60984e-07 -4.74644e-09 -2.13603e-07
internal_weight=6888 4943 277 4666 63 42 257 224 49 175 4603 4514 63 4451 89 58 1945 1925 64 1861 1840 329 1511 43
internal_count=6888 4943 277 4666 63 42 257 224 49 175 4603 4514 63 4451 89 58 1945 1925 64 1861 1840 329 1511 43
is_linear=0
shrinkage=0.05


Tree=265
num_leaves=28
num_cat=0
split_feature=6 11 21 14 17 11 26 26 21 21 15 4 21 21 26 15 18 21 0 18 19 22 19 25 21 16 18
split_gain=1.45672e-09 1.699e-08 1.4738e-08 4.13699e-08 1.35553e-08 1.22036e-08 9.24948e-09 7.5586e-09 1.88068e-08 7.26466e-09 1.62039e-08 1.45774e-08 6.98863e-09 5.47734e-09 4.75687e-09 1.45387e-08 3.47457e-08 2.37687e-08 4.97032e-09 6.09096e-08 2.33288e-08 3.20182e-09 8.18326e-10 1.65888e-09 1.22625e-09 8.02057e-10 9.99503e-11
threshold=0.00041069500000000004 27.825000000000003 174.50000000000003 0.48314048284850658 0.65488990024524429 36.759375000000013 0.00039606930438599149 0.00034989873920319742 346.50000000000006 619.50000000000011 0.080547328232315238 19.500000000000004 218.50000000000003 246.50000000000003 0.0002600029253030319 -0.24372464231556024 0.00013892500000000003 396.50000000000006 156.50000000000003 3.9370000000000004e-05 0.00026330500000000008 370.50000000000006 0.00054713000000000016 0.00058546012625077589 851.50000000000011 827.80000000000007 0.00051046000000000012
decision_type=2 2 2 2 2 2 2 2 2 2 2 2 2 2 2 2 2 2 2 2 2 2 2 2 2 2 2
left_child=6 4 3 5 -2 -3 7 14 -9 10 11 -8 -4 -14 18 17 -17 -16 20 -20 -1 -15 24 -24 25 -11 -10
right_child=1 2 12 -5 -6 -7 9 8 26 22 -12 -13 13 21 15 16 -18 -19 19 -21 -22 -23 23 -25 -26 -27 -28
leaf_value=8.482837441934712e-09 -6.8172491296536472e-08 -6.3374249471122101e-07 6.6640923299538761e-07 -2.6961798471347722e-06 1.6632461294053567e-06 9.0811692679099444e-07 4.2977110625158203e-07 -1.7678419358920413e-06 1.2392490332114819e-07 1.2737907919144652e-08 -1.1578569961551005e-07 2.1207533311553563e-06 -7.4092039556359989e-07 -5.6576575867392115e-07 1.8530663900888143e-06 -1.8679485404117135e-06 3.8515529845173657e-07 -3.5697600661885632e-08 -2.847862112052013e-06 -4.4836404275088735e-08 1.5721068647186105e-06 -2.6476064895906754e-08 6.1605111980611591e-07 4.2172308876415092e-08 3.1106266558111888e-07 -3.7052225453138023e-07 -2.5441535626373007e-08
leaf_weight=3931 20 33 35 20 26 21 26 21 21 43 37 25 28 28 31 22 77 36 20 626 24 1615 20 34 24 20 24
leaf_count=3931 20 33 35 20 26 21 26 21 21 43 37 25 28 28 31 22 77 36 20 626 24 1615 20 34 24 20 24
internal_value=2.63708e-17 -3.82845e-08 -6.28025e-08 -7.53603e-07 9.10455e-07 -3.41305e-08 1.38102e-08 -9.01935e-10 -5.32316e-07 3.24308e-07 6.80782e-07 1.25868e-06 -3.28381e-08 -4.74842e-08 6.45559e-09 2.6941e-07 -1.15534e-07 8.38208e-07 -3.03157e-09 -1.31617e-07 1.79713e-08 -3.56666e-08 1.01827e-07 2.5472e-07 6.92861e-09 -1.08932e-07 4.42628e-08
internal_weight=6888 1826 1780 74 46 54 5062 4833 66 229 88 51 1706 1671 4767 166 99 67 4601 646 3955 1643 141 54 87 63 45
internal_count=6888 1826 1780 74 46 54 5062 4833 66 229 88 51 1706 1671 4767 166 99 67 4601 646 3955 1643 141 54 87 63 45
is_linear=0
shrinkage=0.05


Tree=266
num_leaves=26
num_cat=0
split_feature=15 14 21 15 12 27 15 7 15 11 4 27 15 8 5 8 5 27 8 15 15 27 4 11 5
split_gain=1.46146e-09 2.55268e-08 5.74509e-09 3.37136e-09 7.42147e-09 1.05521e-08 1.11048e-08 1.73994e-08 4.23815e-09 3.50657e-08 1.84738e-08 9.26578e-09 8.90491e-09 1.86161e-08 2.5476e-09 9.12175e-09 9.12118e-09 2.23908e-09 9.74293e-10 1.15761e-09 2.86455e-09 7.18164e-10 2.07603e-10 8.73977e-11 8.67253e-11
threshold=-0.99938741687870725 -0.015050995721668367 185.50000000000003 -0.98521978256641018 0.60355339059327384 8.1666666666666696 -0.99273797715557011 93.044494271700145 -0.93237865822738086 15.328125000000002 90.500000000000014 12.16666666666667 -0.92272482904738262 89.102571890424755 14.550000000000002 105.89593020310592 14.350000000000003 23.833333333333339 245.65838548900635 -0.99273797715557011 -0.99628250747696534 49.166666666666679 1.5000000000000002 19.506250000000005 5.0500000000000007
decision_type=2 2 2 2 2 2 2 2 2 2 2 2 2 2 2 2 2 2 2 2 2 2 2 2 2
left_child=1 -1 17 4 18 -6 7 -7 9 -5 11 -11 13 -10 16 -16 -14 -3 19 20 -2 -15 24 -24 -20
right_child=3 2 -4 8 5 6 -8 -9 12 10 -12 -13 14 21 15 -17 -18 -19 22 -21 -22 -23 23 -25 -26
leaf_value=-1.605912705334352e-06 3.1387066343313566e-07 3.0240076213772228e-07 -2.2234499731377257e-07 -1.5836624386659027e-06 1.256554046236147e-06 6.5321339093316055e-07 9.0372791392567822e-07 -1.2506953138332242e-06 1.6286269704743556e-06 -2.4402725136288493e-07 1.461247057932269e-06 2.1397472402950601e-07 -9.7591245264490537e-09 1.800374238314362e-07 2.9221998930663082e-07 -1.7161117856074377e-08 -6.5758363784983557e-07 1.0505779732739029e-06 -2.1479904326326961e-07 3.9773663630171545e-07 -4.5864494715885942e-07 -2.1849084491056316e-07 3.4914915506926529e-08 -5.0628708845003611e-08 -8.9664175296396337e-08
leaf_weight=24 30 20 32 39 32 24 32 24 26 326 20 167 4491 20 322 916 55 20 20 30 20 26 48 79 45
leaf_count=24 30 20 32 39 32 24 32 24 26 326 20 167 4491 20 322 916 55 20 20 30 20 26 48 79 45
internal_value=-1.86742e-16 -1.93723e-07 2.77007e-07 2.73813e-09 1.46641e-07 4.89192e-07 1.82247e-07 -2.98741e-07 -5.88527e-09 -1.38328e-07 -2.84487e-08 -8.88826e-08 6.59908e-09 5.59226e-07 -2.80096e-10 6.3308e-08 -1.75969e-08 6.76489e-07 5.59081e-09 1.52192e-07 4.86442e-09 -4.52177e-08 -5.54928e-08 -1.82973e-08 -1.28167e-07
internal_weight=6888 96 72 6792 384 112 80 48 6408 552 513 493 5856 72 5784 1238 4546 40 272 80 50 46 192 127 65
internal_count=6888 96 72 6792 384 112 80 48 6408 552 513 493 5856 72 5784 1238 4546 40 272 80 50 46 192 127 65
is_linear=0
shrinkage=0.05


Tree=267
num_leaves=21
num_cat=0
split_feature=8 8 20 4 4 4 7 3 15 27 8 4 8 8 8 14 4 8 14 3
split_gain=1.56076e-09 2.0507e-08 2.25234e-08 1.68247e-08 1.9886e-08 4.0695e-08 2.82981e-08 1.82246e-08 3.214e-08 1.63732e-08 1.40203e-08 1.21938e-08 6.06442e-09 6.58338e-09 1.02364e-08 1.50605e-08 5.73293e-09 3.95219e-09 2.00954e-08 5.83928e-09
threshold=80.591617775109953 79.707600843569097 0.00039643500000000005 89.500000000000014 81.500000000000014 77.500000000000014 131.77766011380569 13.65 0.30778899014954286 69.166666666666671 69.564170468431641 22.500000000000004 81.207906161365869 81.864278336017534 83.952622196820059 0.84313847884979054 23.500000000000004 88.356080700843151 0.7210268013660811 10.550000000000002
decision_type=2 2 2 2 2 2 2 2 2 2 2 2 2 2 2 2 2 2 2 2
left_child=1 3 -3 4 5 11 -6 8 -5 -9 -11 -1 -2 -14 15 16 -15 18 -16 -19
right_child=12 2 -4 7 6 -7 -8 9 -10 10 -12 -13 13 14 17 -17 -18 19 -20 -21
leaf_value=5.8090242831887578e-08 7.6023431482233855e-07 -1.8160713936636471e-06 2.7860700981818812e-07 2.3604661145831028e-06 -2.2443367979576578e-06 1.9610461254160328e-06 1.116743841468913e-07 1.4810490295502633e-06 -2.6387013107864732e-07 1.9008412103071819e-07 -1.1470850348397715e-06 -2.6305980064199622e-07 -7.6977821032010579e-07 6.2683279448912916e-07 1.1013950288314058e-07 1.7614146953626176e-06 -3.4588579507856466e-07 6.1444370114571722e-07 -1.0249127887039902e-06 7.9081255506467112e-09
leaf_weight=703 27 33 21 28 25 25 26 20 20 107 24 510 27 33 134 20 28 40 55 4982
leaf_count=703 27 33 21 28 25 25 26 20 20 107 24 510 27 33 134 20 28 40 55 4982
internal_value=-2.47332e-16 -4.43163e-08 -1.00147e-06 -9.58078e-09 -7.56414e-08 -3.5781e-08 -1.04323e-06 4.1832e-07 1.26699e-06 1.48543e-07 -5.48934e-08 -7.69357e-08 1.27826e-08 8.98843e-09 1.29617e-08 5.70728e-07 1.80339e-07 4.29179e-09 -2.20167e-07 1.27392e-08
internal_weight=6888 1542 54 1488 1289 1238 51 199 48 151 131 1213 5346 5319 5292 81 61 5211 189 5022
internal_count=6888 1542 54 1488 1289 1238 51 199 48 151 131 1213 5346 5319 5292 81 61 5211 189 5022
is_linear=0
shrinkage=0.05


Tree=268
num_leaves=31
num_cat=0
split_feature=15 11 5 15 15 12 8 15 8 5 27 27 15 5 4 15 15 11 11 27 15 8 15 27 8 4 18 24 12 18
split_gain=1.41108e-09 1.11451e-08 1.5888e-08 9.00438e-09 2.53479e-08 6.31963e-08 2.0741e-08 2.50179e-08 1.73053e-08 9.08899e-09 2.86668e-08 1.19224e-08 8.01196e-09 1.48674e-08 6.45239e-09 5.99128e-09 1.54982e-08 5.61855e-08 1.96079e-08 1.54856e-08 6.4158e-09 1.80245e-08 1.74424e-08 4.20598e-09 4.32215e-09 4.1479e-09 3.92497e-09 2.45039e-09 5.25556e-10 9.99388e-11
threshold=-0.75013812021657655 14.418750000000001 6.9500000000000011 -0.84774213365954088 -0.86548532668110156 0.60355339059327384 112.1993504803276 -0.8142754349318998 59.752354094569064 14.550000000000002 62.500000000000007 45.166666666666679 -0.72694848937061807 6.9500000000000011 1.0000000180025095e-35 -0.69676771491221523 -0.64580103137750788 15.603125 25.765625000000004 63.500000000000007 -0.61915584096709908 99.949376656828846 -0.61236746317008228 33.833333333333336 90.576085265625622 45.500000000000007 0.00034264000000000001 0.00017389136044514554 1.0000000180025095e-35 0.00079651000000000016
decision_type=2 2 2 2 2 2 2 2 2 2 2 2 2 2 2 2 2 2 2 2 2 2 2 2 2 2 2 2 2 2
left_child=1 2 -1 4 9 26 7 14 -9 11 -11 -3 13 -2 -5 19 17 -17 -19 23 21 -18 -22 24 -14 -4 -6 -15 29 -8
right_child=12 3 25 6 5 -7 28 8 -10 10 -12 -13 15 27 -16 16 20 18 -20 -21 22 -23 -24 -25 -26 -27 -28 -29 -30 -31
leaf_value=1.8472530291546721e-06 -1.3678186120607221e-06 -2.7540029849669526e-09 -3.3468771815395572e-07 7.9740577437600487e-07 2.4367295968964178e-07 -3.0535367239773828e-06 -8.2376858647246712e-08 -9.9895147405959516e-07 5.39473876206303e-07 -7.1457130855650499e-08 -1.7801604630765919e-06 4.3684984906923921e-07 8.9897938124750001e-07 3.3888993199363646e-07 1.7820602912118975e-06 -2.9626254735148908e-06 1.2932791782481623e-06 5.7615830206840694e-07 -5.4840802922949809e-07 1.6134356275543382e-06 -1.3486458637486841e-06 -1.2189688877506377e-07 3.0013986761926522e-09 -5.0396667813609628e-07 4.4674537731537572e-08 5.9020015686217918e-07 -5.5120054116741814e-07 -2.8776055015187154e-07 1.4382262393680252e-07 -1.9257748573779834e-07
leaf_weight=20 31 1043 22 28 41 24 195 25 68 199 28 181 20 26 41 20 36 59 113 20 24 60 4344 23 57 27 25 39 26 23
leaf_count=20 31 1043 22 28 41 24 195 25 68 199 28 181 20 26 41 20 36 59 113 20 24 60 4344 23 57 27 25 39 26 23
internal_value=9.11821e-16 3.5181e-08 6.59672e-07 1.30496e-08 -4.21424e-08 -8.56381e-07 2.22534e-07 6.61125e-07 1.25919e-07 8.36178e-09 -2.82222e-07 6.22528e-08 -1.45576e-08 -4.66811e-07 1.38249e-06 -5.46712e-09 -1.44576e-08 -4.54319e-07 -1.62656e-07 3.43363e-07 4.4612e-09 4.08794e-07 -4.42523e-09 8.9348e-08 2.66572e-07 1.74944e-07 -5.74155e-08 -3.71004e-08 -6.86614e-08 -9.40035e-08
internal_weight=6888 2016 69 1947 1541 90 406 162 93 1451 227 1224 4872 96 69 4776 4656 192 172 120 4464 96 4368 100 77 49 66 65 244 218
internal_count=6888 2016 69 1947 1541 90 406 162 93 1451 227 1224 4872 96 69 4776 4656 192 172 120 4464 96 4368 100 77 49 66 65 244 218
is_linear=0
shrinkage=0.05


Tree=269
num_leaves=16
num_cat=0
split_feature=2 8 2 8 21 14 14 8 14 4 14 6 6 21 9
split_gain=1.48715e-09 8.48472e-09 5.66091e-09 1.1266e-08 4.05207e-09 3.74592e-09 1.04843e-08 2.97497e-09 2.42362e-09 8.13764e-09 5.80486e-09 1.90737e-09 1.39734e-09 8.50261e-10 5.26883e-11
threshold=212.50000000000003 94.362123524710071 206.50000000000003 131.62561396681662 310.50000000000006 0.99983759474438971 0.99966190462023474 104.30363909927918 0.98667101781630195 1.0000000180025095e-35 0.98213580174693105 0.00028158000000000008 0.00015786500000000001 427.50000000000006 54.581537834417169
decision_type=2 2 2 2 2 2 2 2 2 2 2 2 2 2 2
left_child=2 -2 5 -4 -3 6 8 -6 10 -10 -1 12 -9 -13 -5
right_child=1 4 3 14 7 -7 -8 11 9 -11 -12 13 -14 -15 -16
leaf_value=-9.7992245352314857e-10 1.0404992343766976e-06 6.8808172164094496e-07 -1.4240463086491132e-06 4.2892946273586191e-08 -5.5910932449488759e-07 -4.9063285500458221e-07 1.1162332731102999e-06 1.1208285014182214e-07 8.1552527666823558e-07 -2.0238032304949978e-07 4.570750270462197e-07 -2.3077469689288441e-07 6.5163215881902666e-07 2.2712679316608309e-08 -6.7830649594501407e-08
leaf_weight=5810 22 23 21 22 22 39 21 30 21 302 70 36 20 408 21
leaf_count=5810 22 23 21 22 22 39 21 30 21 302 70 36 20 408 21
internal_value=-1.14094e-15 7.80222e-08 -6.91805e-09 -4.74778e-07 3.87375e-08 -2.13711e-09 9.23839e-10 9.79381e-09 -2.85199e-09 -1.36201e-07 4.47311e-09 3.51296e-08 3.27903e-07 2.15965e-09 -1.11814e-08
internal_weight=6888 561 6327 64 539 6263 6224 516 6203 323 5880 494 50 444 43
internal_count=6888 561 6327 64 539 6263 6224 516 6203 323 5880 494 50 444 43
is_linear=0
shrinkage=0.05


Tree=270
num_leaves=27
num_cat=0
split_feature=14 14 4 14 13 15 3 5 15 11 13 3 1 13 14 21 13 18 4 3 11 3 26 6 11 18
split_gain=1.4851e-09 1.71982e-08 1.90371e-08 1.68595e-08 1.8469e-08 1.34716e-08 1.66521e-08 1.12443e-08 1.23877e-08 1.40529e-08 3.86396e-08 1.02747e-08 9.06468e-09 1.87102e-08 1.22971e-08 1.18648e-08 8.22722e-09 2.41444e-08 7.50256e-09 6.89115e-09 6.5146e-09 5.89189e-09 5.63347e-09 5.53996e-09 1.51669e-09 5.28165e-10
threshold=0.97314989601849466 0.96234642434711437 84.500000000000014 0.95752911693909493 0.1294095225512602 -0.18493013702746822 26.150000000000002 10.950000000000001 0.029024409397335523 39.712500000000006 0.1294095225512602 19.350000000000005 365.65000000000003 -0.12940952255126037 0.99374995976406788 232.50000000000003 -0.12940952255126037 0.00054240000000000007 2.5000000000000004 10.050000000000002 10.65 12.350000000000003 0.00050245546814890404 0.0003117350000000001 14.715625000000001 0.00070444500000000005
decision_type=2 2 2 2 2 2 2 2 2 2 2 2 2 2 2 2 2 2 2 2 2 2 2 2 2 2
left_child=1 3 11 19 -5 6 -2 12 9 10 -9 -3 13 14 -7 -14 17 -13 -15 -1 -21 -22 -17 24 -10 -11
right_child=5 2 -4 4 -6 7 -8 8 23 25 -12 16 15 18 -16 22 -18 -19 -20 20 21 -23 -24 -25 -26 -27
leaf_value=8.4880790491107892e-07 -1.8490033998274237e-06 1.3322791872383279e-06 2.0084764537386944e-06 -1.8397133107310554e-06 1.286889945555975e-07 -3.2195334043194634e-07 1.519256989013229e-08 2.3239632134914938e-06 4.3920456607911733e-07 7.7581869817322513e-08 -7.1708982227974986e-10 1.8061251165590875e-06 1.3176626471000931e-06 -9.4526692861289046e-07 -1.7964400315360849e-06 -2.1402955041864585e-07 -4.8139328596888039e-07 -5.69255764335337e-07 -9.9422123668197496e-09 -8.4000896623839925e-07 2.5297523432178406e-07 -6.695907603871826e-09 7.2782426826734084e-07 -7.1035333245939416e-07 -7.393651642657102e-08 -2.8579305904941066e-07
leaf_weight=24 23 20 20 26 22 26 25 33 24 20 39 20 20 24 31 77 37 23 201 23 227 5798 20 29 36 20
leaf_count=24 23 20 20 26 22 26 25 33 24 20 39 20 20 24 31 77 37 23 201 23 227 5798 20 29 36 20
internal_value=9.40089e-16 7.48165e-09 6.00277e-07 -4.14178e-09 -9.37529e-07 -7.20455e-08 -8.78068e-07 -7.56369e-09 2.97401e-07 6.47309e-07 1.06476e-06 3.18637e-07 -1.61192e-07 -3.14699e-07 -1.12387e-06 2.08799e-07 6.52259e-08 5.35573e-07 -1.0971e-07 3.23677e-09 -1.18667e-10 3.08755e-09 -1.98329e-08 -1.42933e-07 1.3132e-07 -1.04106e-07
internal_weight=6888 6240 120 6120 48 648 48 600 201 112 72 100 399 282 57 117 80 43 225 6072 6048 6025 97 89 60 40
internal_count=6888 6240 120 6120 48 648 48 600 201 112 72 100 399 282 57 117 80 43 225 6072 6048 6025 97 89 60 40
is_linear=0
shrinkage=0.05


Tree=271
num_leaves=21
num_cat=0
split_feature=8 8 20 27 9 3 25 22 9 14 27 14 8 8 8 14 5 27 8 15
split_gain=1.50588e-09 1.84475e-08 2.01446e-08 1.5679e-08 1.80564e-08 2.08981e-08 1.41004e-08 6.17877e-08 1.67654e-08 8.42947e-09 5.65693e-09 5.51128e-09 5.33615e-09 5.9504e-09 8.96602e-09 1.34199e-08 4.63689e-09 3.89243e-09 1.75648e-08 8.26586e-09
threshold=80.591617775109953 79.707600843569097 0.00039643500000000005 87.500000000000014 -24.465009421922513 15.950000000000001 0.00019987786527132369 38.500000000000007 9.3523115590038035 0.94138322595482449 23.166666666666668 0.54940630780725741 81.207906161365869 81.864278336017534 83.952622196820059 0.84313847884979054 5.9500000000000011 74.833333333333357 113.42698626310248 0.9052873537896472
decision_type=2 2 2 2 2 2 2 2 2 2 2 2 2 2 2 2 2 2 2 2
left_child=1 3 -3 6 9 -6 7 8 -1 11 -8 -5 -2 -14 15 16 -15 19 -19 -16
right_child=12 2 -4 4 5 -7 10 -9 -10 -11 -12 -13 13 14 17 -17 -18 18 -20 -21
leaf_value=-6.9897870000643374e-08 7.1369252265395965e-07 -1.7217324766809753e-06 2.592452280699339e-07 3.1327205561344851e-07 2.0813412985868731e-06 2.4798408406110998e-08 1.3553434645591947e-06 -2.2662124266048522e-06 1.1264960880907894e-06 9.6361142761287008e-07 2.2029803024755288e-07 -4.9650428443425315e-07 -7.3138538204552285e-07 7.6791339654933155e-07 4.3948102286316423e-08 1.6587465972861536e-06 -1.4959198082920011e-07 -5.3108106674446299e-07 1.2513801394926286e-08 -2.5145799724080394e-07
leaf_weight=1224 27 33 21 38 30 21 23 32 30 22 21 47 27 21 3927 20 40 180 852 252
leaf_count=1224 27 33 21 38 30 21 23 32 30 22 21 47 27 21 3927 20 40 180 852 252
internal_value=-2.67011e-16 -4.35303e-08 -9.51352e-07 -1.05851e-08 4.60311e-07 1.23453e-06 -6.65261e-08 -9.66399e-08 -4.1276e-08 9.12905e-08 8.13617e-07 -1.34487e-07 1.25559e-08 8.9968e-09 1.27743e-08 5.34783e-07 1.66271e-07 4.66013e-09 -8.22993e-08 2.61347e-08
internal_weight=6888 1542 54 1488 158 51 1330 1286 1254 107 44 85 5346 5319 5292 81 61 5211 1032 4179
internal_count=6888 1542 54 1488 158 51 1330 1286 1254 107 44 85 5346 5319 5292 81 61 5211 1032 4179
is_linear=0
shrinkage=0.05


Tree=272
num_leaves=23
num_cat=0
split_feature=14 14 4 12 4 12 14 14 5 12 21 14 8 8 14 12 14 25 5 19 14 24
split_gain=1.45108e-09 8.24313e-09 2.94315e-08 7.48234e-08 6.63844e-09 7.37058e-09 5.648e-09 1.86215e-09 7.13813e-09 9.73862e-09 7.62014e-09 4.09098e-09 1.232e-08 1.74169e-08 7.38903e-09 1.42716e-08 6.17485e-09 2.08565e-09 4.67476e-10 3.27826e-10 2.50403e-10 1.40467e-10
threshold=-0.99630266176052629 -0.99275805973510278 4.5000000000000009 0.37940952255126054 19.500000000000004 0.60355339059327384 -0.99866806308218525 -0.98523971305672675 5.3500000000000005 0.37940952255126054 133.50000000000003 -0.96689237009891416 73.132515692899702 88.356080700843151 -0.96235977360714686 0.25881904510252091 -0.94975917145599731 0.00044089405773684194 17.250000000000004 0.00042645500000000006 -0.99763297024448894 0.00049901899395875021
decision_type=2 2 2 2 2 2 2 2 2 2 2 2 2 2 2 2 2 2 2 2 2 2
left_child=4 2 3 19 5 18 -7 8 9 -3 -10 12 -9 -14 15 -13 -16 -12 20 -2 21 -1
right_child=1 7 -4 -5 -6 6 -8 11 10 -11 17 14 13 -15 16 -17 -18 -19 -20 -21 -22 -23
leaf_value=-7.5229216132463811e-08 2.7323595413295354e-07 -1.0380743662671162e-07 8.0337712637218282e-07 -3.4405919240067882e-06 -4.9516494053215959e-07 2.9863227455604961e-07 1.2945046923581081e-06 -1.0432524989619504e-06 -9.0288131660975568e-07 1.1352050806375962e-06 -5.5691663301980939e-08 -1.0445006617081682e-07 1.349729616890727e-06 -2.043138978507658e-07 -3.5371717436542366e-07 1.6443200985349904e-06 8.5197026359678155e-09 5.7130838066703818e-07 2.6451919715952954e-07 -3.5520781693776371e-09 1.4196575561615969e-07 5.1435616509433085e-08
leaf_weight=65 23 29 31 22 37 35 24 37 23 35 36 28 20 183 120 20 6000 21 20 20 26 33
leaf_count=65 23 29 31 22 37 35 24 37 23 35 36 28 20 183 120 20 6000 21 20 20 26 33
internal_value=-1.03724e-15 -4.36043e-09 -4.64322e-07 -1.06892e-06 1.20784e-07 2.3305e-07 7.03733e-07 2.37894e-09 1.80195e-07 5.73778e-07 -1.34671e-07 -1.61692e-09 -2.04147e-07 -5.12062e-08 6.26361e-09 6.24204e-07 1.41702e-09 1.75308e-07 4.02012e-08 1.44497e-07 4.02085e-09 -3.25768e-08
internal_weight=6888 6648 96 65 240 203 59 6552 144 64 80 6408 240 203 6168 48 6120 57 144 43 124 98
internal_count=6888 6648 96 65 240 203 59 6552 144 64 80 6408 240 203 6168 48 6120 57 144 43 124 98
is_linear=0
shrinkage=0.05


Tree=273
num_leaves=22
num_cat=0
split_feature=3 14 14 8 7 15 8 5 8 9 8 14 14 8 14 3 14 3 15 14 3
split_gain=1.51276e-09 2.05941e-09 1.53937e-08 3.76053e-08 4.73787e-08 1.15642e-08 2.77059e-08 1.22772e-08 2.12245e-08 3.21918e-08 1.44184e-08 2.68649e-08 9.37043e-09 3.21101e-08 1.48713e-08 2.4298e-08 2.15202e-08 8.40068e-09 1.96784e-09 1.89058e-09 3.15361e-10
threshold=8.7500000000000018 0.97314989601849466 0.96465729447553372 136.7282823065874 98.158587806253749 -0.18493013702746822 136.7282823065874 8.0500000000000025 100.82326560581713 -10.00773848597442 104.30363909927918 0.9962888416657264 0.95242846126021108 101.76012528432049 0.94138322595482449 14.050000000000002 0.93845596220871974 24.950000000000003 0.063390085881955341 0.99966190462023474 24.350000000000005
decision_type=2 2 2 2 2 2 2 2 2 2 2 2 2 2 2 2 2 2 2 2 2
left_child=-1 2 12 4 -4 6 -3 10 9 -9 11 -7 14 -14 16 -16 -2 -15 -12 -10 -5
right_child=1 5 3 20 -6 7 -8 8 19 -11 18 -13 13 17 15 -17 -18 -19 -20 -21 -22
leaf_value=3.6676756646362005e-07 2.1793490522056474e-09 -2.2551361234945945e-06 3.5271243515033752e-06 -3.5413198052732956e-07 8.5514291754407172e-08 -1.5062326611385929e-06 1.8145663765218553e-07 1.7159126775552415e-08 -9.3928592796828255e-08 2.1221910834867688e-06 -1.4847597419537675e-07 1.1948572783045583e-07 -1.6416394124600008e-06 4.0405420583560444e-07 1.8956904102704238e-06 1.2280350919034163e-07 -1.4980885135666238e-06 -7.7442878932743052e-07 1.9738326178989714e-07 3.6626883957069367e-07 -1.0904280323131843e-07
leaf_weight=28 5903 20 20 21 20 54 28 42 208 32 87 48 38 62 27 68 24 20 78 25 35
leaf_count=28 5903 20 20 21 20 54 28 42 208 32 87 48 38 62 27 68 24 20 78 25 35
internal_value=8.88879e-16 -1.49701e-09 7.15371e-09 6.35411e-07 1.80632e-06 -8.82545e-08 -8.3379e-07 -2.59101e-08 1.89741e-07 9.27443e-07 -2.73868e-07 -7.41189e-07 -2.66601e-09 -4.40163e-07 6.05195e-09 6.26677e-07 -3.89563e-09 1.16619e-07 1.50211e-08 -4.45512e-08 -2.00951e-07
internal_weight=6888 6860 6238 96 40 622 48 574 307 74 267 102 6142 120 6022 95 5927 82 165 233 56
internal_count=6888 6860 6238 96 40 622 48 574 307 74 267 102 6142 120 6022 95 5927 82 165 233 56
is_linear=0
shrinkage=0.05


Tree=274
num_leaves=28
num_cat=0
split_feature=17 3 18 8 3 22 5 24 6 8 3 8 3 14 8 15 15 8 14 15 8 15 5 8 27 24 24
split_gain=1.39394e-09 1.96598e-08 1.07585e-08 1.13446e-08 5.10204e-08 5.72612e-08 8.4468e-09 3.61902e-09 2.20387e-08 3.63882e-09 2.91971e-09 8.39765e-09 3.8464e-09 1.43658e-08 3.79393e-08 4.449e-09 2.53712e-08 4.54179e-08 1.65675e-08 9.27013e-09 2.57418e-08 1.78752e-08 4.38705e-09 4.35088e-09 2.54765e-09 5.20896e-10 1.30048e-10
threshold=0.90602659689568432 15.050000000000002 1.0000000180025095e-35 99.949376656828846 23.250000000000004 366.50000000000006 10.65 0.00026766235902672979 0.00035712500000000007 114.55616008044332 29.950000000000003 166.90661653912363 25.750000000000004 -0.74512825849743647 100.82326560581713 -0.32613736746952143 -0.35846086284744721 113.42698626310248 0.92273069556937592 -0.27694043983797384 93.005165608530163 -0.26037106507032781 15.550000000000002 121.96597701646358 28.833333333333339 0.00024820562454800683 0.00048838969353776735
decision_type=2 2 2 2 2 2 2 2 2 2 2 2 2 2 2 2 2 2 2 2 2 2 2 2 2 2 2
left_child=10 -2 -3 4 5 -4 -6 8 -5 -9 12 -12 15 14 -14 16 18 -18 -1 20 -17 -21 24 -24 -15 -16 -13
right_child=1 2 3 7 6 -7 -8 9 -10 -11 11 26 13 22 25 19 17 -19 -20 21 -22 -23 23 -25 -26 -27 -28
leaf_value=5.9972601352829588e-08 -1.3303263760290379e-06 1.0338417583947527e-06 -9.973619796710409e-08 2.0074754458130065e-08 6.3483215599042589e-07 -2.9832139530712581e-06 -2.1233120693432896e-07 -3.2029172003651761e-07 1.433789985855373e-06 2.8908346235755014e-09 1.1965436954142206e-06 -1.4440772648338653e-07 -2.4554454247881157e-06 -1.570136125377915e-09 1.790522905054104e-07 -1.4457060710306618e-06 2.4012146459195805e-06 -1.1228089951131893e-07 -1.022296420999997e-06 1.2525804937522726e-06 1.2866406635539233e-07 -1.7395328082446217e-08 1.0264510692081786e-06 3.7033058049473768e-08 -5.8242647706727923e-07 -1.5037145233431916e-07 3.3743416695740184e-08
leaf_weight=1993 29 24 36 249 62 33 56 95 31 1047 20 20 23 133 24 42 32 41 36 28 68 2654 20 25 22 24 21
leaf_count=1993 29 24 36 249 62 33 56 95 31 1047 20 20 23 133 24 42 32 41 36 28 68 2654 20 25 22 24 21
internal_value=1.03568e-15 -3.98855e-08 -1.69689e-08 -3.26429e-08 -3.98757e-07 -1.47879e-06 2.32789e-07 1.55029e-08 1.76593e-07 -2.39939e-08 1.26846e-08 3.56579e-07 8.62311e-09 -1.74739e-07 -7.85731e-07 1.87766e-08 7.37194e-08 9.89525e-07 4.07702e-08 -2.25879e-08 -4.72459e-07 -4.13682e-09 4.21632e-08 4.76774e-07 -8.40143e-08 1.43404e-08 -5.31596e-08
internal_weight=6888 1662 1633 1609 187 69 118 1422 280 1142 5226 61 5165 271 71 4894 2102 73 2029 2792 110 2682 200 45 155 48 41
internal_count=6888 1662 1633 1609 187 69 118 1422 280 1142 5226 61 5165 271 71 4894 2102 73 2029 2792 110 2682 200 45 155 48 41
is_linear=0
shrinkage=0.05


Tree=275
num_leaves=21
num_cat=0
split_feature=15 15 15 14 21 13 13 27 14 14 14 27 13 15 14 27 15 4 15 14
split_gain=1.36657e-09 1.68979e-09 2.30741e-08 2.26828e-08 1.85931e-08 3.85127e-08 1.13151e-08 8.41332e-09 5.01691e-09 9.68723e-09 4.67197e-09 3.9047e-09 8.05306e-09 3.85421e-09 1.12148e-08 5.98359e-09 4.05309e-09 6.93511e-09 6.24151e-09 2.99121e-09
threshold=0.98929220549296726 0.60553543375389329 0.57780407610161799 0.75580964594513067 145.50000000000003 0.37940952255126048 0.1294095225512602 62.500000000000007 0.42958674266195179 0.3342611484689354 0.52033990680116082 82.500000000000014 0.25881904510252057 0.52032336593087203 0.84773968378660736 81.166666666666671 0.44504239796885176 90.500000000000014 0.42957308670649791 0.41398981800788198
decision_type=2 2 2 2 2 2 2 2 2 2 2 2 2 2 2 2 2 2 2 2
left_child=1 2 13 7 5 -5 -4 8 9 -3 -10 12 -9 16 15 -15 18 -18 -1 -13
right_child=-2 3 6 4 -6 -7 -8 11 10 -11 -12 19 -14 14 -16 -17 17 -19 -20 -21
leaf_value=-2.8787083446209381e-09 -3.7663611654655448e-07 -5.5939113260814939e-08 -1.8072605817346464e-06 2.9415943137554796e-06 -8.634443110770156e-08 3.2230899211782575e-07 -2.6654473220911646e-07 9.600605938000292e-07 2.1979689730376885e-07 -7.1513160927978339e-07 -1.3152788372929509e-07 2.6298495162348904e-07 2.3582839831874186e-08 3.44553934539249e-07 1.2499158662156637e-06 -6.04413756568953e-07 -5.771416455488435e-07 2.1555632065032074e-07 8.0520328846015827e-07 -9.6138927637031759e-08
leaf_weight=5496 24 152 26 23 37 36 22 44 144 88 276 118 48 46 24 26 77 43 24 114
leaf_count=5496 24 152 26 23 37 36 22 44 144 88 276 118 48 46 24 26 77 43 24 114
internal_value=-7.9851e-17 1.31691e-09 -9.4031e-09 5.87285e-08 7.92344e-07 1.34339e-06 -1.1011e-06 -1.28437e-08 -1.15281e-07 -2.97643e-07 -1.10737e-08 1.95824e-07 4.71464e-07 -2.6757e-10 3.13882e-07 1.87116e-09 -5.6148e-09 -2.93092e-07 6.34692e-10 8.65189e-08
internal_weight=6888 6864 5784 1080 96 59 48 984 660 240 420 324 92 5736 96 72 5640 120 5520 232
internal_count=6888 6864 5784 1080 96 59 48 984 660 240 420 324 92 5736 96 72 5640 120 5520 232
is_linear=0
shrinkage=0.05


Tree=276
num_leaves=16
num_cat=0
split_feature=2 8 2 8 14 14 21 21 17 14 14 20 13 8 17
split_gain=1.38217e-09 7.52345e-09 3.88362e-09 1.29407e-08 3.45741e-09 8.87572e-09 2.9033e-09 2.45497e-09 2.19522e-09 6.22402e-09 2.29383e-09 1.10476e-09 2.1317e-09 1.64347e-09 2.7572e-10
threshold=214.50000000000003 94.362123524710071 206.50000000000003 127.36843394903754 0.99983759474438971 0.99966190462023474 310.50000000000006 400.50000000000006 1.0133872625401985 0.45273815774107123 0.97875492728876534 0.00080360000000000013 -0.98296291314453399 179.08923626611684 0.8334630956088448
decision_type=2 2 2 2 2 2 2 2 2 2 2 2 2 2 2
left_child=2 -2 4 -4 5 8 -3 -8 10 -10 -1 12 -9 -13 -5
right_child=1 6 3 14 -6 -7 7 11 9 -11 -12 13 -14 -15 -16
leaf_value=8.4402804545370202e-09 9.8222553361893002e-07 6.0046636140110765e-07 -1.4542693270414021e-06 1.5285058754860808e-07 -4.7141679793765271e-07 1.0270221759171926e-06 -4.3291895917620649e-07 -2.330267233791656e-07 1.7268670152109029e-07 -9.6026181430695279e-07 -1.1053710648533815e-07 5.0721038129377745e-07 6.5783377892704493e-08 -7.359119129952368e-08 -6.8522957386873127e-08
leaf_weight=5718 22 22 20 22 39 21 29 72 27 22 436 29 349 21 39
leaf_count=5718 22 22 20 22 39 21 29 72 27 22 436 29 349 21 39
internal_value=8.35383e-17 7.64866e-08 -6.55875e-09 -3.50556e-07 -2.1098e-09 8.30911e-10 3.83137e-08 1.3579e-08 -2.64322e-09 -3.35984e-07 1.09433e-11 4.10704e-08 1.46805e-08 2.63274e-07 1.13167e-08
internal_weight=6888 544 6344 81 6263 6224 522 500 6203 49 6154 471 421 50 61
internal_count=6888 544 6344 81 6263 6224 522 500 6203 49 6154 471 421 50 61
is_linear=0
shrinkage=0.05


Tree=277
num_leaves=16
num_cat=0
split_feature=3 8 27 27 27 27 11 7 3 3 3 8 8 25 27
split_gain=1.41361e-09 1.46075e-09 1.31667e-08 5.20168e-08 3.27889e-08 2.20122e-08 1.53299e-08 2.56727e-08 2.00714e-08 8.38157e-09 7.56363e-09 4.24166e-09 3.02202e-09 1.05222e-08 2.93771e-09
threshold=8.7500000000000018 91.341464676511251 83.166666666666671 80.166666666666671 77.500000000000014 67.833333333333357 21.506250000000005 105.60033753098635 14.750000000000002 11.850000000000003 10.550000000000002 92.004444205745941 93.676487606239235 0.00034779883382310693 99.833333333333357
decision_type=2 2 2 2 2 2 2 2 2 2 2 2 2 2 2
left_child=-1 2 3 4 5 -2 7 8 -4 -9 -3 -12 13 -13 -14
right_child=1 10 6 -5 -6 -7 -8 9 -10 -11 11 12 14 -15 -16
leaf_value=3.5454481844356326e-07 -2.9085048525428683e-08 7.7930883710664036e-07 2.4591593975618828e-06 -2.1524409720541372e-06 1.8657340133772365e-06 -7.708246620353256e-07 -1.0376326383720879e-06 -6.7313711567827531e-07 5.7824224392014603e-07 2.5444232441054904e-07 6.5769171487772845e-07 -8.847071060886381e-07 1.9353056678740914e-08 2.7675701181952043e-07 -1.5104342882667978e-07
leaf_weight=28 1534 32 23 30 22 107 20 29 37 152 25 39 4503 39 268
leaf_count=28 1534 32 23 30 22 107 20 29 37 152 25 39 4503 39 268
internal_value=2.0503e-16 -1.44712e-09 -3.80064e-08 -8.89674e-08 -5.1743e-08 -7.74495e-08 2.92556e-07 4.02946e-07 1.29926e-06 1.05825e-07 1.3114e-08 8.08359e-09 4.7344e-09 -3.03975e-07 9.78142e-09
internal_weight=6888 6860 1954 1693 1663 1641 261 241 60 181 4906 4874 4849 78 4771
internal_count=6888 6860 1954 1693 1663 1641 261 241 60 181 4906 4874 4849 78 4771
is_linear=0
shrinkage=0.05


Tree=278
num_leaves=15
num_cat=0
split_feature=5 3 12 5 12 5 12 3 3 5 5 27 4 3
split_gain=1.38824e-09 1.06796e-08 2.67013e-08 4.1559e-09 6.45922e-09 4.05067e-09 1.12447e-08 4.01733e-09 2.63037e-09 2.29114e-09 1.03979e-08 8.96683e-09 7.34426e-10 3.2667e-10
threshold=1.4500000000000002 14.950000000000001 0.60355339059327384 2.1500000000000008 0.60355339059327384 2.3500000000000001 0.60355339059327384 15.750000000000002 8.7500000000000018 3.2500000000000004 3.3500000000000001 56.500000000000007 23.500000000000004 16.850000000000005
decision_type=2 2 2 2 2 2 2 2 2 2 2 2 2 2
left_child=1 -1 12 4 13 6 -5 -6 -7 11 -11 -10 -3 -2
right_child=3 2 -4 5 7 8 -8 -9 9 10 -12 -13 -14 -15
leaf_value=6.6960892213417e-07 1.2458063648771143e-07 -4.8150682408461201e-08 -1.8242593546347055e-06 3.8136916167275105e-07 3.2847034183512069e-07 5.2364647539585956e-07 -1.2396908562342777e-06 1.3075929052774882e-06 -7.1714095799936158e-08 -9.3461718686664123e-07 -1.5799620317370848e-09 6.3760447950013514e-07 3.4010737819007071e-07 -1.2268713841980543e-07
leaf_weight=27 22 21 25 20 22 24 23 20 133 30 6391 67 29 34
leaf_count=27 22 21 25 20 22 24 23 20 133 30 6391 67 29 34
internal_value=7.22259e-16 -1.83089e-07 -4.9006e-07 2.752e-09 3.25996e-07 -1.98453e-09 -4.85709e-07 7.94719e-07 1.14567e-09 -7.48305e-10 -5.93927e-09 1.65908e-07 1.77039e-07 -2.55462e-08
internal_weight=6888 102 75 6786 98 6688 43 42 6645 6621 6421 200 50 56
internal_count=6888 102 75 6786 98 6688 43 42 6645 6621 6421 200 50 56
is_linear=0
shrinkage=0.05


Tree=279
num_leaves=30
num_cat=0
split_feature=3 4 8 17 6 11 21 15 8 26 23 24 8 20 1 26 4 6 15 26 24 14 14 17 14 6 26 22 8
split_gain=1.3806e-09 7.26542e-09 3.75015e-09 4.37177e-09 3.07647e-09 1.63284e-08 3.05397e-08 3.46182e-08 1.26014e-08 7.99497e-09 1.2699e-08 7.73801e-09 6.35391e-09 3.37301e-09 1.23345e-08 3.7935e-09 9.99622e-09 3.27379e-09 4.50881e-09 3.0844e-09 2.65226e-09 2.48862e-09 2.77934e-09 1.17912e-09 2.3605e-10 1.59038e-10 1.64707e-10 6.8049e-11 4.30348e-11
threshold=28.050000000000004 97.500000000000014 174.73399450569516 0.9901945763414276 0.00041069500000000004 27.825000000000003 174.50000000000003 -0.68432604233786842 114.55616008044332 0.00049622577333047549 641.50000000000011 0.00024820562454800683 112.1993504803276 0.00047669000000000005 627.10000000000014 0.00039606930438599149 22.500000000000004 0.00028692500000000005 -0.44505783185115427 0.00031948402636577071 0.00059137728042794587 -0.61997826140404 -0.2028534878149206 0.95023646078443436 -0.65962448909395344 0.00075457500000000006 0.00052319587211217583 872.50000000000011 254.9290799512807
decision_type=2 2 2 2 2 2 2 2 2 2 2 2 2 2 2 2 2 2 2 2 2 2 2 2 2 2 2 2 2
left_child=4 2 3 21 9 8 7 -7 -6 13 -11 -8 -13 15 -15 19 -17 18 -12 -1 -5 23 -23 -2 27 26 -26 28 -4
right_child=1 -3 24 20 5 6 11 -9 -10 10 17 12 -14 14 -16 16 -18 -19 -20 -21 -22 22 -24 -25 25 -27 -28 -29 -30
leaf_value=7.7349554269481201e-09 -4.1499489733378769e-07 9.880359364444757e-07 8.1240893979771628e-08 1.0014431291930728e-06 1.7992209245676348e-06 -3.1907586838365713e-07 6.4018925804987248e-07 -2.9135557338122455e-06 1.2983601672763495e-07 1.5624309009609762e-06 1.0067796903881355e-06 -3.0212840058233445e-07 -2.0532834344848232e-08 -1.0746487001019509e-06 4.1326407095053903e-07 -1.7411478841756468e-07 1.3007083335025984e-06 -1.7546252886419121e-07 1.163050655137645e-07 -2.8623259923622213e-07 2.2182133051273924e-07 3.3200561394009666e-07 -2.9229573570432878e-07 7.695914749070826e-08 -1.1642201544359388e-07 -2.0373600964518349e-07 -2.0869895247582533e-08 -6.6676064456316913e-08 -3.490422991771243e-09
leaf_weight=4588 29 21 22 24 20 36 39 20 26 20 21 248 1042 30 26 27 20 39 44 91 20 94 22 21 118 30 73 30 47
leaf_count=4588 29 21 22 24 20 36 39 20 26 20 21 248 1042 30 26 27 20 39 44 91 20 94 22 21 118 30 73 30 47
internal_value=8.20508e-16 7.59142e-08 3.97735e-08 2.03954e-07 -6.60071e-09 -7.11065e-08 -1.01887e-07 -1.24568e-06 8.55656e-07 1.22146e-08 4.08592e-07 -5.36913e-08 -7.4669e-08 1.93628e-09 -3.83832e-07 6.50738e-09 4.5347e-07 1.867e-07 4.03997e-07 2.0177e-09 6.4707e-07 8.65019e-08 2.13604e-07 -2.08374e-07 -6.797e-08 -9.67121e-08 -7.99021e-08 -3.80841e-09 2.35254e-08
internal_weight=6888 551 530 210 6337 1431 1385 56 46 4906 124 1329 1290 4782 56 4726 47 104 65 4679 44 166 116 50 320 221 191 99 69
internal_count=6888 551 530 210 6337 1431 1385 56 46 4906 124 1329 1290 4782 56 4726 47 104 65 4679 44 166 116 50 320 221 191 99 69
is_linear=0
shrinkage=0.05


Tree=280
num_leaves=21
num_cat=0
split_feature=14 8 14 12 7 22 12 23 3 14 11 3 11 8 7 14 3 3 6 3
split_gain=1.34089e-09 1.48697e-08 1.3307e-08 3.15074e-08 1.31766e-08 1.13308e-08 1.40562e-08 1.03435e-08 8.20336e-09 4.87674e-09 4.63694e-09 3.01551e-09 1.45539e-08 2.09044e-08 1.16448e-08 1.81596e-08 5.43493e-09 2.96672e-09 1.29756e-09 2.6428e-10
threshold=0.9962888416657264 84.804716948795075 0.99374995976406788 0.60355339059327384 116.10305010382527 71.500000000000014 0.12940952255126045 221.50000000000003 17.150000000000002 0.99274428880883148 40.712500000000013 12.350000000000003 12.709375000000001 98.149196325191511 125.52661264652936 0.46039464932087154 11.450000000000001 12.950000000000001 9.0690000000000014e-05 12.750000000000002
decision_type=2 2 2 2 2 2 2 2 2 2 2 2 2 2 2 2 2 2 2 2
left_child=2 4 9 18 -2 6 19 -7 -9 11 -10 14 13 -13 15 -1 -16 -14 -4 -3
right_child=1 5 3 -5 -6 7 -8 8 10 -11 -12 12 17 -15 16 -17 -18 -19 -20 -21
leaf_value=-9.8368419344296853e-07 1.7532920485732378e-06 2.8419382240851834e-08 2.0193832066084382e-07 -2.3102338370032765e-06 1.7377470895083999e-07 1.2215059324408425e-06 -1.6022046800710247e-06 -7.0369556072164573e-07 7.6169577919079267e-07 7.1464572073409735e-07 -1.0356260633503922e-07 -1.2267343143753548e-06 3.3384717302008326e-07 1.8387495993958208e-07 -5.3502714819831188e-07 6.1962696478958796e-07 7.7679719982746e-08 -7.0153321488438497e-10 -3.1050799454609058e-07 -2.047069998415311e-07
leaf_weight=20 23 20 30 21 31 21 23 29 30 24 32 58 67 48 61 151 89 6058 21 31
leaf_count=20 23 20 30 21 31 21 23 29 30 24 32 58 67 48 61 151 89 6058 21 31
internal_value=-7.36986e-16 1.16108e-07 -4.19161e-09 -6.80242e-07 8.46532e-07 -9.59511e-08 -5.76057e-07 2.21262e-07 -9.56375e-09 3.2104e-09 3.15111e-07 6.04412e-10 -7.09464e-09 -5.87968e-07 1.50052e-07 4.32105e-07 -1.71488e-07 2.95802e-09 -9.06899e-09 -1.13285e-07
internal_weight=6888 240 6648 72 54 186 74 112 91 6576 62 6552 6231 106 321 171 150 6125 51 51
internal_count=6888 240 6648 72 54 186 74 112 91 6576 62 6552 6231 106 321 171 150 6125 51 51
is_linear=0
shrinkage=0.05


Tree=281
num_leaves=20
num_cat=0
split_feature=8 14 14 4 12 15 12 14 7 14 14 8 12 15 14 8 17 8 4
split_gain=1.33158e-09 1.34461e-09 7.41618e-09 2.64949e-08 6.76244e-08 6.32215e-09 7.51452e-09 8.11605e-09 3.25959e-09 1.77019e-09 8.33947e-09 2.25666e-08 7.9963e-09 1.42851e-08 6.25806e-09 7.27762e-10 3.52609e-10 3.34839e-10 8.19573e-11
threshold=359.28908972677465 -0.99630266176052629 -0.99275805973510278 4.5000000000000009 0.37940952255126054 0.063390085881955341 0.37940952255126054 -0.99940763397299126 102.09042446547402 -0.97876850416056738 -0.96689237009891416 73.132515692899702 0.37940952255126054 0.14888728888808328 -0.96235977360714686 151.98416661219997 0.90437548698576486 155.50342488737434 1.0000000180025095e-35
decision_type=2 2 2 2 2 2 2 2 2 2 2 2 2 2 2 2 2 2 2
left_child=1 5 3 4 16 6 17 -8 -9 12 11 -11 15 -14 -12 -4 -3 -1 -19
right_child=-2 2 9 -5 -6 -7 7 8 -10 10 14 -13 13 -15 -16 -17 -18 18 -20
leaf_value=-2.0647963394021025e-07 3.5044442643926167e-07 2.7795170590200709e-07 -3.4825429014764939e-07 7.6093423271664331e-07 -3.2701972605247486e-06 -6.5499021640510098e-07 2.1582722409263513e-08 5.5303572764842102e-07 1.4094285643295734e-06 -1.816039058217425e-06 5.7323230393535598e-07 -1.0748916469999342e-07 9.4304497865764576e-08 1.468917322132189e-06 7.5823481753905247e-11 -4.2590087381942281e-08 -8.4856677874865596e-09 6.7756867820960634e-08 -2.2982445198400415e-08
leaf_weight=22 27 22 23 31 22 24 36 20 25 23 48 121 63 27 6093 127 21 37 76
leaf_count=22 27 22 23 31 22 24 36 20 25 23 48 121 63 27 6093 127 21 37 76
internal_value=6.37689e-16 -1.3791e-09 -5.59333e-09 -4.41861e-07 -1.0155e-06 1.14881e-07 2.00422e-07 5.81153e-07 1.02881e-06 8.25321e-10 -4.26379e-09 -3.80383e-07 1.34097e-07 5.06688e-07 4.5558e-09 -8.94586e-08 1.38064e-07 -2.80164e-08 6.72866e-09
internal_weight=6888 6861 6621 96 65 240 216 81 45 6525 6285 144 240 90 6141 150 43 135 113
internal_count=6888 6861 6621 96 65 240 216 81 45 6525 6285 144 240 90 6141 150 43 135 113
is_linear=0
shrinkage=0.05


Tree=282
num_leaves=17
num_cat=0
split_feature=2 8 2 8 21 14 14 13 14 27 14 8 6 25 21 17
split_gain=1.25359e-09 6.72017e-09 4.55667e-09 9.13661e-09 3.33456e-09 3.01479e-09 8.02703e-09 2.38577e-08 3.04639e-09 9.94948e-09 4.88096e-09 2.59738e-09 1.4766e-09 1.20903e-09 6.74728e-10 8.65642e-11
threshold=212.50000000000003 94.362123524710071 206.50000000000003 131.62561396681662 310.50000000000006 0.99983759474438971 0.99939377080793557 0.25881904510252057 0.98667101781630195 24.833333333333339 0.98213580174693105 104.30363909927918 0.00028158000000000008 0.00030376437422054224 427.50000000000006 0.84368460989301031
decision_type=2 2 2 2 2 2 2 2 2 2 2 2 2 2 2 2
left_child=2 -2 5 -4 -3 6 8 -8 10 -10 -1 -6 13 -13 -14 -5
right_child=1 4 3 15 11 -7 7 -9 9 -11 -12 12 14 -15 -16 -17
leaf_value=-9.7333519900655215e-10 9.2820157404234631e-07 6.2572652694825601e-07 -1.2809712189431639e-06 6.7462165223020071e-08 -5.2116004087630268e-07 -4.4030026248338009e-07 1.8750429860791062e-06 -5.3792597512369874e-07 3.8439151412187047e-07 -3.0974581460030452e-07 4.1905066685745036e-07 5.5465572538301228e-08 -2.0242156312614649e-07 5.4759650952955028e-07 2.3389075012651886e-08 -7.4768946822306972e-08
leaf_weight=5810 22 23 21 20 22 39 21 20 66 237 70 26 36 24 408 23
leaf_count=5810 22 23 21 20 22 39 21 20 66 237 70 26 36 24 408 23
internal_value=-4.00634e-16 7.16339e-08 -6.35161e-09 -4.26107e-07 3.66719e-08 -2.06223e-09 6.83794e-10 6.97985e-07 -3.94007e-09 -1.58548e-07 4.02695e-09 1.04156e-08 3.4089e-08 2.91688e-07 5.0801e-09 -8.61494e-09
internal_weight=6888 561 6327 64 539 6263 6224 41 6183 303 5880 516 494 50 444 43
internal_count=6888 561 6327 64 539 6263 6224 41 6183 303 5880 516 494 50 444 43
is_linear=0
shrinkage=0.05


Tree=283
num_leaves=29
num_cat=0
split_feature=17 3 27 21 3 21 14 21 14 8 3 8 3 14 8 5 12 15 15 12 14 15 12 15 25 3 2 1
split_gain=1.28165e-09 1.78889e-08 3.21773e-08 1.14819e-08 9.73201e-09 3.41834e-08 8.74026e-09 5.42864e-09 2.1778e-08 1.09538e-08 2.54546e-09 7.51353e-09 3.44003e-09 1.2885e-08 3.37522e-08 4.05456e-09 6.44155e-09 3.89213e-09 2.24833e-08 4.80088e-08 1.50339e-08 8.44531e-09 3.31209e-08 1.56911e-08 3.0414e-09 5.88309e-10 3.9976e-10 1.14214e-10
threshold=0.90602659689568432 15.950000000000001 37.833333333333336 12.500000000000002 18.450000000000003 201.50000000000003 -0.56456755436774708 192.50000000000003 0.26866988313759588 95.123362590545796 29.950000000000003 166.90661653912363 25.750000000000004 -0.74512825849743647 100.82326560581713 15.250000000000002 0.25881904510252091 -0.32613736746952143 -0.35846086284744721 0.60355339059327384 0.92273069556937592 -0.27694043983797384 0.78656609248549325 -0.26037106507032781 0.00045982624462280106 17.850000000000005 103.50000000000001 497.40000000000003
decision_type=2 2 2 2 2 2 2 2 2 2 2 2 2 2 2 2 2 2 2 2 2 2 2 2 2 2 2 2
left_child=10 2 -2 6 5 -5 -3 8 -6 -9 12 -12 17 14 -14 24 -17 18 20 -20 -1 22 -19 -23 -15 -7 -16 -13
right_child=1 3 -4 4 7 25 -8 9 -10 -11 11 27 13 15 26 16 -18 21 19 -21 -22 23 -24 -25 -26 -27 -28 -29
leaf_value=5.663689255335123e-08 -2.5050072929388991e-06 1.4120558666045706e-07 2.9727748450828325e-07 -2.3611093186559629e-06 -1.6092310741004127e-07 -9.0686919119274118e-08 1.5564709913462592e-06 -6.2783739237652124e-07 1.4246419053343118e-06 1.2510537732967076e-09 1.1277802036602225e-06 -1.3574950839613719e-07 -2.3185673448413424e-06 2.4460302285340047e-08 1.6138730097242407e-07 -2.616621815278567e-08 1.1247783401557855e-06 8.1193271939672419e-08 6.1816743883724705e-08 2.8220323444024277e-06 -9.7432320818787365e-07 1.1743364944345154e-06 -1.8669096129997341e-06 -1.552739331569583e-08 -5.3205666460136796e-07 2.3673433751671682e-07 -1.2745221884813419e-07 3.1204527655148696e-08
leaf_weight=1993 20 24 21 20 67 34 20 73 32 1328 20 21 23 118 23 31 20 80 50 23 36 28 30 2654 31 23 25 20
leaf_count=1993 20 24 21 20 67 34 20 73 32 1328 20 21 23 118 23 31 20 80 50 23 36 28 30 2654 31 23 25 20
internal_value=-9.71216e-16 -3.82453e-08 -1.06969e-06 -1.21569e-08 -3.43847e-08 -5.82606e-07 7.84508e-07 -6.24269e-09 3.51583e-07 -3.1528e-08 1.2163e-08 3.33262e-07 8.37071e-09 -1.65035e-07 -7.43682e-07 4.03849e-08 4.25185e-07 1.79729e-08 6.93622e-08 9.31474e-07 3.83448e-08 -2.07164e-08 -4.50108e-07 -3.10525e-09 -9.13251e-08 4.14304e-08 1.09501e-08 -5.43085e-08
internal_weight=6888 1662 41 1621 1577 77 44 1500 99 1401 5226 61 5165 271 71 200 51 4894 2102 73 2029 2792 110 2682 149 57 48 41
internal_count=6888 1662 41 1621 1577 77 44 1500 99 1401 5226 61 5165 271 71 200 51 4894 2102 73 2029 2792 110 2682 149 57 48 41
is_linear=0
shrinkage=0.05


Tree=284
num_leaves=31
num_cat=0
split_feature=27 15 15 15 3 12 15 12 27 15 27 8 8 15 27 3 12 3 15 5 5 8 5 3 13 8 27 27 19 8
split_gain=1.2706e-09 1.79076e-08 7.94909e-09 1.18788e-08 4.04923e-08 3.84619e-08 1.61429e-08 4.22494e-08 9.58081e-09 7.44834e-09 6.54257e-09 2.72861e-08 5.44557e-08 7.30409e-08 1.71458e-08 1.00657e-08 2.78811e-08 9.04328e-09 4.93819e-08 1.13551e-08 8.37238e-09 7.5264e-09 6.6665e-09 5.33579e-09 5.08527e-09 7.42797e-09 1.87548e-09 1.08281e-09 9.81936e-10 1.97855e-09
threshold=34.166666666666679 -0.99938741687870725 -0.9575230291762723 -0.60555643346685839 13.450000000000001 0.78656609248549325 -0.22700609751797865 0.78656609248549325 72.833333333333357 -0.15950993297387572 25.500000000000004 91.341464676511251 70.381741398916134 -0.59177783207548873 30.500000000000004 11.950000000000001 0.91597561503675362 13.950000000000001 -0.38243420677835349 5.5500000000000007 9.9500000000000011 106.86421211404389 1.4500000000000002 14.450000000000001 0.25881904510252057 53.159036283406898 13.833333333333334 32.500000000000007 0.00050647500000000005 226.97332153416144
decision_type=2 2 2 2 2 2 2 2 2 2 2 2 2 2 2 2 2 2 2 2 2 2 2 2 2 2 2 2 2 2
left_child=10 -2 8 4 -4 -6 7 -5 24 -8 15 12 14 -14 20 16 26 18 -17 -20 -12 -13 -19 -24 -3 -26 -1 -16 29 -23
right_child=1 2 3 6 5 -7 9 -9 -10 -11 11 21 13 -15 27 17 -18 22 19 -21 -22 28 23 -25 25 -27 -28 -29 -30 -31
leaf_value=-4.6499259670182173e-07 -1.3638723025312926e-06 7.6605528009237714e-07 2.0285795318386591e-06 4.1905538459928378e-08 -3.3852016448851768e-08 -1.025234687551712e-06 -4.604463551228331e-07 1.0376608309772334e-06 1.3199025494259332e-06 2.0535567412959568e-08 -4.6428589519984182e-09 8.8852315508768673e-07 -7.3236914133190122e-08 -3.7228651114344696e-06 1.0039020076018938e-06 -1.9297152231974207e-06 2.0192521782106446e-06 -7.5741537021960833e-07 8.8595490402013013e-07 -1.6324133300547391e-07 -1.2996949289837782e-06 5.4124519046183648e-07 4.8066693629195588e-07 8.7270998439725323e-09 6.655352942175342e-07 -5.6279917319268517e-07 2.0400542425136336e-07 4.8984149032094142e-07 -1.4523180336731773e-07 9.8318995951788268e-09
leaf_weight=22 23 26 20 394 426 127 85 146 25 1517 26 27 26 29 21 39 23 28 33 118 24 20 61 3296 20 32 20 20 73 141
leaf_count=22 23 26 20 394 426 127 85 146 25 1517 26 27 26 29 21 39 23 28 33 118 24 20 61 3296 20 32 20 20 73 141
internal_value=-2.28817e-16 2.56306e-08 3.69715e-08 2.0615e-08 -1.81595e-07 -2.61529e-07 7.47076e-08 3.11128e-07 4.68118e-07 -4.9847e-09 -1.79928e-08 -2.08114e-07 -7.55492e-07 -1.99759e-06 -4.77605e-09 3.26533e-09 6.19893e-07 -7.94609e-09 -3.43605e-07 6.60532e-08 -6.26268e-07 9.8082e-08 1.08944e-08 1.73027e-08 1.9511e-07 -9.03628e-08 -1.46422e-07 7.53141e-07 6.87726e-09 7.5846e-08
internal_weight=6888 2841 2818 2715 573 553 2142 540 103 1602 4047 407 146 55 91 3640 65 3575 190 151 50 261 3385 3357 78 52 42 41 234 161
internal_count=6888 2841 2818 2715 573 553 2142 540 103 1602 4047 407 146 55 91 3640 65 3575 190 151 50 261 3385 3357 78 52 42 41 234 161
is_linear=0
shrinkage=0.05


Tree=285
num_leaves=25
num_cat=0
split_feature=14 15 12 15 12 15 12 3 15 13 11 4 15 12 15 14 12 13 2 3 7 3 13 6
split_gain=1.2659e-09 3.35343e-08 5.02678e-08 3.00057e-08 5.80929e-08 1.62514e-08 2.38354e-08 1.17434e-08 1.75668e-08 5.06618e-08 1.25934e-08 1.63799e-08 1.02772e-08 3.06785e-08 2.9092e-08 7.97195e-09 4.70003e-08 7.00597e-09 5.9271e-09 5.04048e-09 1.92142e-08 6.93925e-09 2.97111e-09 8.77993e-10
threshold=0.44505654568748165 -0.8739740505118182 0.12940952255126045 -0.85674049181790024 0.25881904510252091 -0.79904327102181261 0.37940952255126054 13.950000000000001 0.93842613001991437 0.1294095225512602 14.509375000000002 50.500000000000007 -0.57782411410281842 0.78656609248549325 -0.54940789553007929 0.42179998225932674 0.37940952255126054 0.1294095225512602 21.500000000000004 15.550000000000002 121.70211509702138 15.950000000000001 0.78656609248549303 0.00071752000000000014
decision_type=2 2 2 2 2 2 2 2 2 2 2 2 2 2 2 2 2 2 2 2 2 2 2 2
left_child=7 2 -2 4 -3 6 23 8 9 -1 11 -9 13 -7 -14 19 -17 -10 -8 20 -12 -21 -19 -5
right_child=1 3 -4 5 -6 12 18 10 17 -11 15 -13 14 -15 -16 16 -18 22 -20 21 -22 -23 -24 -25
leaf_value=-3.0922159392535577e-06 -1.5337768530798714e-07 2.329362460759147e-07 3.0940339208675804e-06 -4.0577195079549714e-08 -3.2953027687199207e-06 -1.1740062787551161e-08 1.7734146318141885e-06 4.0439573329504382e-08 7.2023438217110711e-07 1.3246476857018716e-07 -7.4942049219507389e-07 1.7267788140410783e-06 1.2555149101700636e-06 -1.0492551131985947e-06 1.2205595519206601e-08 4.1876359747360629e-07 -2.5624895198461675e-06 -7.1766853864119191e-07 6.886547316753422e-07 4.7342361293673124e-07 3.4285521860951263e-07 -3.7045784703235815e-09 7.9035763243175768e-08 3.3506352338008582e-07
leaf_weight=21 26 28 22 70 20 342 34 36 23 29 93 24 48 90 2376 39 20 25 20 78 71 3311 22 20
leaf_count=21 26 28 22 70 20 342 34 36 23 29 93 24 48 90 2376 39 20 25 20 78 71 3311 22 20
internal_value=7.06508e-16 2.37223e-08 1.33502e-06 3.07197e-09 -1.23716e-06 2.29157e-08 5.41181e-07 -1.93682e-08 -5.06105e-07 -1.2219e-06 -3.46179e-09 7.14975e-07 -3.21528e-09 -2.27889e-07 3.68256e-08 -1.5396e-08 -5.91831e-07 5.17806e-09 1.37165e-06 -5.82387e-09 -2.76545e-07 7.27683e-09 -3.44743e-07 4.28985e-08
internal_weight=6888 3096 48 3048 48 3000 144 3792 120 50 3672 60 2856 432 2424 3612 59 70 54 3553 164 3389 47 90
internal_count=6888 3096 48 3048 48 3000 144 3792 120 50 3672 60 2856 432 2424 3612 59 70 54 3553 164 3389 47 90
is_linear=0
shrinkage=0.05


Tree=286
num_leaves=29
num_cat=0
split_feature=17 3 18 8 3 22 5 24 6 8 5 15 12 5 3 5 12 17 21 12 15 8 15 15 11 15 5 1
split_gain=1.27051e-09 1.63541e-08 8.60615e-09 9.26575e-09 4.53974e-08 5.06095e-08 7.76985e-09 3.40743e-09 1.90719e-08 3.16006e-09 2.4291e-09 1.17829e-08 1.13144e-08 2.00454e-08 1.61375e-08 5.75875e-09 9.01762e-09 4.55865e-09 1.61397e-08 1.06503e-08 3.18463e-09 5.74279e-09 1.32312e-08 5.15926e-09 3.0029e-08 1.08398e-08 2.8757e-09 1.2423e-09
threshold=0.90602659689568432 15.050000000000002 1.0000000180025095e-35 99.949376656828846 23.250000000000004 366.50000000000006 10.65 0.00026766235902672979 0.00035712500000000007 114.55616008044332 16.350000000000005 0.95995164131966326 0.91597561503675362 17.550000000000004 13.15 15.950000000000001 0.60355339059327384 0.72011862731252663 110.50000000000001 0.60355339059327384 -0.98521978256641018 74.62925234670395 -0.99465740988130902 -0.93543596745397617 15.328125000000002 -0.90531874877253482 13.65 451.50000000000006
decision_type=2 2 2 2 2 2 2 2 2 2 2 2 2 2 2 2 2 2 2 2 2 2 2 2 2 2 2 2
left_child=10 -2 -3 4 5 -4 -6 8 -5 -9 15 12 17 -14 -15 20 27 19 -19 -12 21 22 -1 24 -22 -25 -23 -17
right_child=1 2 3 7 6 -7 -8 9 -10 -11 11 -13 13 14 -16 16 -18 18 -20 -21 23 26 -24 25 -26 -27 -28 -29
leaf_value=2.9212400276534822e-09 -1.2150385040168377e-06 9.2266206349241519e-07 -8.4366559526137697e-08 2.302287288970379e-08 6.1925613017647714e-07 -2.7951970595853654e-06 -1.9325179288566731e-07 -3.0212847564682405e-07 1.3381449002002727e-06 -9.5562827431608108e-10 -6.6979999248208585e-09 1.0615145383626027e-06 -2.0503284622463983e-06 -1.3132921407077448e-06 4.8663295512018194e-07 -1.0640932239791568e-07 1.2584940918713984e-06 1.4695495863071258e-06 -3.698030793520536e-09 -6.5577042140013211e-07 -1.5068888689926864e-06 1.063328732515919e-07 1.121807990026961e-06 4.4312383956838978e-07 5.3426964670548339e-10 5.4240707404484707e-09 -3.8751415215437645e-07 3.9592714088598765e-07
leaf_weight=64 29 24 36 249 62 33 56 95 31 1047 316 22 20 20 33 32 24 21 162 79 38 145 45 147 253 3748 37 20
leaf_count=64 29 24 36 249 62 33 56 95 31 1047 316 22 20 20 33 32 24 21 162 79 38 145 45 147 253 3748 37 20
internal_value=-5.1456e-16 -3.80786e-08 -1.71773e-08 -3.11961e-08 -3.62069e-07 -1.38085e-06 2.33659e-07 1.23154e-08 1.68626e-07 -2.60094e-08 1.211e-08 -7.65545e-08 -1.15015e-07 -7.01555e-07 -1.92584e-07 2.52159e-08 4.56807e-07 -4.09359e-08 1.65363e-07 -1.36512e-07 1.78893e-08 1.7783e-07 4.64847e-07 6.77067e-09 -1.96311e-07 2.19432e-08 5.9354e-09 8.6797e-08
internal_weight=6888 1662 1633 1609 187 69 118 1422 280 1142 5226 673 651 73 53 4553 76 578 183 395 4477 291 109 4186 291 3895 182 52
internal_count=6888 1662 1633 1609 187 69 118 1422 280 1142 5226 673 651 73 53 4553 76 578 183 395 4477 291 109 4186 291 3895 182 52
is_linear=0
shrinkage=0.05


Tree=287
num_leaves=21
num_cat=0
split_feature=14 8 7 14 8 22 7 17 14 17 3 3 11 8 9 3 3 3 15 4
split_gain=1.28111e-09 1.37353e-08 1.18622e-08 1.1396e-08 2.25882e-08 9.67268e-09 1.31392e-08 1.17014e-08 4.40816e-09 3.648e-09 6.5621e-09 2.89479e-09 1.27041e-08 1.83377e-08 1.07437e-08 1.70955e-08 8.18899e-09 2.83806e-09 4.61164e-10 2.52581e-10
threshold=0.9962888416657264 84.804716948795075 116.10305010382527 0.99374995976406788 118.84717587202074 71.500000000000014 99.872220768261101 0.70502226753346453 0.99274428880883148 0.92382858386491162 17.450000000000003 12.350000000000003 12.709375000000001 98.149196325191511 -30.37907355170125 10.550000000000002 11.450000000000001 12.950000000000001 0.011826144619637555 59.500000000000007
decision_type=2 2 2 2 2 2 2 2 2 2 2 2 2 2 2 2 2 2 2 2
left_child=3 2 -2 8 -5 6 -3 -7 11 10 -9 14 13 -13 16 -16 -1 -14 -8 -6
right_child=1 5 -4 4 19 7 18 9 -10 -11 -12 12 17 -15 15 -17 -18 -19 -20 -21
leaf_value=-5.4491452476871218e-07 1.6758434533723791e-06 -1.5923496788229298e-06 1.7718085027538676e-07 -1.7730460568911981e-06 1.8290594466309682e-07 1.2666408892414438e-06 1.4615097902274481e-08 -9.5042343042967505e-07 6.791457783113704e-07 4.3211837252548389e-07 1.2000675947827339e-07 -1.1482413235096923e-06 3.2575837930034509e-07 1.729362432959884e-07 1.5633080051559644e-06 1.9938545530173714e-07 1.6780119970486629e-07 -1.4553853403126015e-09 -2.8296988333572103e-07 -5.4538063443132505e-08
leaf_weight=70 23 21 31 27 21 21 30 22 24 28 41 58 67 48 28 128 95 6058 23 24
leaf_count=70 23 21 31 27 21 21 30 22 24 28 41 58 67 48 28 128 95 6058 23 24
internal_value=-1.47923e-16 1.1349e-07 8.155e-07 -4.0971e-09 -6.29724e-07 -9.03197e-08 -5.33908e-07 2.02765e-07 2.75283e-09 -4.27442e-08 -2.53794e-07 2.75197e-10 -7.26817e-09 -5.49972e-07 1.46701e-07 4.44192e-07 -1.34563e-07 2.12393e-09 -1.14526e-07 5.62691e-08
internal_weight=6888 240 54 6648 72 186 74 112 6576 91 63 6552 6231 106 321 156 165 6125 53 45
internal_count=6888 240 54 6648 72 186 74 112 6576 91 63 6552 6231 106 321 156 165 6125 53 45
is_linear=0
shrinkage=0.05


Tree=288
num_leaves=31
num_cat=0
split_feature=27 12 27 3 14 12 15 17 14 12 15 14 12 5 9 15 14 13 15 14 15 15 3 12 12 5 5 12 3 12
split_gain=1.29471e-09 1.3981e-08 2.9772e-08 1.12132e-08 7.48224e-09 2.89089e-08 8.76364e-08 6.45335e-09 6.38477e-09 2.15223e-08 2.79442e-08 1.13104e-08 4.04025e-08 7.13246e-09 5.67627e-09 4.93116e-09 3.9165e-08 4.39547e-08 9.83573e-09 2.47571e-08 9.12481e-09 8.60528e-09 1.32758e-08 2.04662e-08 6.33849e-09 1.84254e-08 6.34532e-09 6.05472e-09 5.21989e-09 1.00613e-08
threshold=7.5000000000000009 0.98296291314453421 1.8333333333333337 16.250000000000004 0.85226249403558707 0.78656609248549325 -0.18493013702746822 0.99379303022755627 0.45273815774107123 0.37940952255126054 0.69674355214024553 0.21862473630160603 0.25881904510252091 2.6500000000000008 -51.074998024864747 -0.99273797715557011 -0.015050995721668367 0.60355339059327384 -0.95242240592625282 0.25206111083856975 -0.97874870457683594 -0.94137724084408114 23.050000000000004 0.25881904510252091 0.98296291314453421 4.3500000000000005 4.1500000000000012 0.25881904510252091 16.450000000000003 0.78656609248549325
decision_type=2 2 2 2 2 2 2 2 2 2 2 2 2 2 2 2 2 2 2 2 2 2 2 2 2 2 2 2 2 2
left_child=1 4 3 -3 8 7 -7 14 11 -10 -11 13 -13 -1 -6 16 17 -2 19 20 27 22 23 -20 26 -26 -23 -17 -18 -30
right_child=15 2 -4 -5 5 6 -8 -9 9 10 -12 12 -14 -15 -16 18 28 -19 21 -21 -22 24 -24 -25 25 -27 -28 -29 29 -31
leaf_value=6.9786017784161616e-07 -2.7928504256056773e-06 8.338374000645258e-07 -2.1535656101671446e-06 -6.8684965949867346e-07 -6.5631434840914458e-07 -3.5679277338520324e-06 8.4618392034743995e-07 -6.3702319579306283e-07 -2.9974746030735458e-08 1.5786838868539884e-06 8.4877764790312092e-08 1.3020688632892077e-07 -1.6471883553704368e-06 3.9369668276957466e-09 1.5880900160733086e-07 -5.4011665815176558e-08 -4.6418695740899436e-07 2.997561469797461e-07 -4.3701432097329665e-08 1.4944620570298494e-06 -6.3216798058279526e-07 -1.6284178485864419e-07 3.5920124537369702e-07 -2.2536728783961736e-06 1.3195820656619618e-06 5.7480438597843381e-08 2.9448183128465555e-08 5.8380871274499901e-07 1.09256474729591e-07 1.3166304083514744e-06
leaf_weight=38 27 22 24 27 24 23 22 38 308 56 71 100 47 1451 194 72 23 20 22 39 34 493 25 20 36 147 3306 77 80 22
leaf_count=38 27 22 24 27 24 23 22 38 308 56 71 100 47 1451 194 72 23 20 22 39 34 493 25 20 36 147 3306 77 80 22
internal_value=-3.5219e-16 -2.92218e-08 -7.10768e-07 -4.0922e-09 -8.24676e-09 -2.41182e-07 -1.40992e-06 -3.57402e-08 2.56081e-08 1.95863e-07 7.43564e-07 -1.96613e-08 -4.38076e-07 2.16462e-08 6.90707e-08 1.60809e-08 -2.46406e-07 -1.47685e-06 2.66516e-08 3.50697e-07 1.06944e-07 8.88477e-09 -5.53058e-07 -1.09607e-06 1.83398e-08 3.05763e-07 4.49452e-09 2.756e-07 2.16241e-07 3.6967e-07
internal_weight=6888 2445 73 49 2372 301 45 256 2071 435 127 1636 147 1489 218 4443 172 47 4271 222 183 4049 67 42 3982 183 3799 149 125 102
internal_count=6888 2445 73 49 2372 301 45 256 2071 435 127 1636 147 1489 218 4443 172 47 4271 222 183 4049 67 42 3982 183 3799 149 125 102
is_linear=0
shrinkage=0.05


Tree=289
num_leaves=23
num_cat=0
split_feature=27 5 5 5 12 14 14 27 8 15 15 8 9 27 8 15 15 14 4 5 8 5
split_gain=1.2953e-09 1.78159e-08 3.74901e-08 8.8701e-09 1.73801e-08 1.29636e-08 4.48831e-09 3.84545e-09 9.36587e-09 1.91872e-09 1.29194e-08 2.90186e-08 3.27285e-08 9.74178e-09 1.51055e-08 5.28894e-09 2.02649e-08 1.57482e-08 1.59497e-09 1.60601e-09 1.41201e-09 9.3476e-10
threshold=99.833333333333357 3.2500000000000004 5.0500000000000007 17.850000000000005 0.78656609248549325 0.26866988313759588 0.25206111083856975 99.500000000000014 139.37818040257878 0.94422823979932036 0.9052873537896472 139.37818040257878 -24.821471602765691 64.500000000000014 141.71046372956297 0.60553543375389329 0.57780407610161799 0.75580964594513067 31.500000000000004 12.350000000000003 175.79037162244484 21.450000000000003
decision_type=2 2 2 2 2 2 2 2 2 2 2 2 2 2 2 2 2 2 2 2 2 2
left_child=7 -2 -3 4 6 -6 -4 9 -9 10 15 12 -12 18 -15 16 -1 -17 20 -20 -11 -13
right_child=1 2 3 -5 5 -7 -8 8 -10 13 11 21 -14 14 -16 17 -18 -19 19 -21 -22 -23
leaf_value=-5.1640632166025203e-11 1.2193361167571008e-06 -2.0129813559212659e-06 3.9276600164820752e-07 8.8899202298856987e-07 -1.9297752573487786e-06 -1.5108724028323194e-07 -8.9675537954803109e-08 1.1597745010287024e-06 -1.7552071930747938e-07 -3.3311706821657273e-07 -2.2873856740564711e-07 1.6410447414076134e-07 -2.8986388718459985e-06 1.6294266906697886e-06 3.8120101015176095e-11 3.8621382360352653e-08 -1.0319158626259651e-06 7.332304777174504e-07 5.3465938947283582e-07 -9.1393109850438736e-08 1.3602535512783713e-08 -2.297926272154527e-07
leaf_weight=5459 24 26 69 24 21 20 160 24 29 55 24 61 22 25 33 544 48 96 20 21 63 20
leaf_count=5459 24 26 69 24 21 20 160 24 29 55 24 61 22 25 33 544 48 96 20 21 63 20
internal_value=-2.00123e-16 -9.45695e-08 -1.93112e-07 -3.21716e-08 -1.14053e-07 -1.06212e-06 5.56889e-08 4.97126e-09 4.29141e-07 1.50784e-09 -3.54781e-09 -5.02719e-07 -1.50565e-06 1.47679e-07 7.02361e-07 6.7653e-09 -9.04555e-09 1.42813e-07 -5.46575e-08 2.13998e-07 -1.48004e-07 6.68459e-08
internal_weight=6888 344 320 294 270 41 229 6544 53 6491 6274 127 46 217 58 6147 5507 640 159 41 118 81
internal_count=6888 344 320 294 270 41 229 6544 53 6491 6274 127 46 217 58 6147 5507 640 159 41 118 81
is_linear=0
shrinkage=0.05


Tree=290
num_leaves=17
num_cat=0
split_feature=15 4 4 8 27 11 27 27 12 14 12 14 12 27 5 5
split_gain=1.30267e-09 1.50356e-09 1.11864e-08 3.36766e-08 9.74699e-09 6.7718e-09 6.08571e-09 1.72767e-08 1.14526e-08 5.34181e-09 1.50165e-08 7.28663e-09 4.31521e-08 8.91659e-09 2.26759e-09 1.68342e-10
threshold=0.98929220549296726 51.500000000000007 48.500000000000007 98.149196325191511 76.166666666666671 9.5500000000000025 69.166666666666671 61.833333333333336 0.60355339059327384 -0.98523971305672675 0.37940952255126054 -0.95500086777008153 0.78656609248549325 31.500000000000004 8.1500000000000004 12.15
decision_type=2 2 2 2 2 2 2 2 2 2 2 2 2 2 2 2
left_child=1 2 4 -4 6 -3 7 -1 -8 10 15 12 -11 -13 -5 -7
right_child=-2 5 3 14 -6 9 8 -9 -10 11 -12 13 -14 -15 -16 -17
leaf_value=5.3341207138682541e-09 -3.6772601402409091e-07 9.091201106188733e-07 -2.1659232999127197e-06 5.1172145891342776e-07 -1.0792215082319888e-06 3.0747043124662446e-08 -1.6426907861658653e-07 -8.7058169547121455e-07 1.3674168772210933e-06 4.3844159091138244e-08 1.2388610511827799e-06 8.1878692945736022e-07 -2.0257308555452861e-06 2.3850584112410536e-08 -1.6299015759145594e-07 -1.2398760238507833e-07
leaf_weight=4557 24 22 24 20 21 39 26 57 23 157 34 36 30 1753 33 32
leaf_count=4557 24 22 24 20 21 39 26 57 23 157 34 36 30 1753 33 32
internal_value=3.85239e-16 1.28576e-09 -1.42672e-08 -6.12031e-07 -4.44057e-09 3.64962e-08 3.99748e-10 -5.48669e-09 5.54686e-07 2.72709e-08 3.74789e-07 8.80466e-09 -2.88173e-07 3.98471e-08 9.1618e-08 -3.89925e-08
internal_weight=6888 6864 4761 77 4684 2103 4663 4614 49 2081 105 1976 187 1789 53 71
internal_count=6888 6864 4761 77 4684 2103 4663 4614 49 2081 105 1976 187 1789 53 71
is_linear=0
shrinkage=0.05


Tree=291
num_leaves=26
num_cat=0
split_feature=27 15 4 8 14 15 17 2 14 4 27 8 14 8 27 8 5 27 8 7 8 14 8 14 6
split_gain=1.31145e-09 1.54776e-08 1.249e-08 7.05059e-09 1.87447e-08 1.39498e-08 9.60665e-09 1.70486e-08 1.17273e-08 6.6863e-09 7.52276e-09 3.05963e-08 3.44466e-08 7.52896e-08 1.17335e-08 7.28126e-09 1.3708e-08 4.64338e-09 1.40852e-08 2.77287e-08 2.68525e-08 9.18939e-09 4.17577e-08 1.62737e-08 5.79988e-10
threshold=36.833333333333336 -0.99938741687870725 6.5000000000000009 84.804716948795075 0.99700008544936913 -0.90531874877253482 0.9806531038130285 118.50000000000001 0.99818282439137029 69.500000000000014 25.500000000000004 91.341464676511251 0.80417553764032002 70.381741398916134 27.500000000000004 125.53802552134648 9.7500000000000018 15.16666666666667 44.859736310568458 128.08375214157095 105.0100910826214 0.90162119223771331 88.356080700843151 0.84313847884979054 0.0005831050000000001
decision_type=2 2 2 2 2 2 2 2 2 2 2 2 2 2 2 2 2 2 2 2 2 2 2 2 2
left_child=9 -2 -3 4 5 -4 8 -8 -5 10 17 12 14 -14 -12 16 -13 21 19 -19 -20 23 -23 -1 -17
right_child=1 2 3 6 -6 -7 7 -9 -10 -11 11 15 13 -15 -16 24 -18 18 20 -21 -22 22 -24 -25 -26
leaf_value=-7.040114765795548e-09 -1.2645219919210397e-06 9.5037705266372858e-07 6.057572342038161e-07 -1.7355349743240525e-08 1.5050248323404959e-06 8.2181161610124848e-09 1.4750947164949531e-06 -4.0952684697361163e-07 -6.7680196232901486e-07 7.1397172226559108e-07 -1.1292999836180518e-06 -5.0930864006204499e-07 -6.1553301833328075e-08 -4.2153297664526687e-06 -4.8412236886008486e-08 3.5903826575319098e-09 1.0811150150944048e-06 -1.8675820315365855e-06 6.7522988142062035e-07 3.1266940644465129e-07 -6.1222566099583049e-08 -1.2216889676641439e-06 3.6913533049155766e-08 9.4158108837568179e-07 -1.800484143801542e-07
leaf_weight=2635 23 37 118 1828 25 567 28 21 70 31 34 20 24 20 96 211 42 25 197 35 333 86 282 46 54
leaf_count=2635 23 37 118 1828 25 567 28 21 70 31 34 20 24 20 96 211 42 25 197 35 333 86 282 46 54
internal_value=-7.00055e-16 2.70318e-08 3.80585e-08 2.5354e-08 1.60232e-07 1.11152e-07 -2.38311e-08 6.674e-07 -4.16764e-08 -1.76086e-08 -2.30866e-08 -2.04735e-07 -7.40389e-07 -1.94963e-06 -3.31106e-07 8.02924e-08 5.68075e-07 1.9218e-09 1.30317e-07 -5.95769e-07 2.12515e-07 -2.29235e-08 -2.57216e-07 9.23612e-09 -3.38304e-08
internal_weight=6888 2717 2694 2657 710 685 1947 49 1898 4171 4140 501 174 44 130 327 62 3639 590 60 530 3049 368 2681 265
internal_count=6888 2717 2694 2657 710 685 1947 49 1898 4171 4140 501 174 44 130 327 62 3639 590 60 530 3049 368 2681 265
is_linear=0
shrinkage=0.05


Tree=292
num_leaves=25
num_cat=0
split_feature=6 11 18 11 26 8 21 24 18 26 8 18 26 8 24 20 18 20 11 9 23 6 22 24
split_gain=1.39507e-09 1.32197e-08 1.08238e-08 3.59857e-08 7.96594e-09 2.28269e-08 7.95231e-09 1.17486e-08 6.88916e-09 5.70285e-09 1.55493e-08 5.53093e-09 3.7938e-09 3.46874e-08 3.01012e-08 4.68844e-09 2.92278e-08 4.34373e-09 3.46084e-09 1.40959e-09 2.71528e-09 1.34722e-09 7.02354e-10 1.3318e-10
threshold=0.00041069500000000004 27.003125000000004 0.00028692500000000005 35.193750000000001 0.00039606930438599149 103.59314869256782 218.50000000000003 0.00024033509394223512 0.00033158500000000007 0.00034989873920319742 179.08923626611684 0.00034754500000000005 0.0002600029253030319 98.149196325191511 9.0314960629921275e-05 0.00023698000000000002 3.9370000000000004e-05 0.00015625000000000003 39.990625000000009 37.963620059762405 616.50000000000011 0.00028692500000000005 587.50000000000011 0.00041514998686304323
decision_type=2 2 2 2 2 2 2 2 2 2 2 2 2 2 2 2 2 2 2 2 2 2 2 2
left_child=4 -2 3 -3 9 -6 7 -4 -8 12 -11 -10 15 -14 -15 17 -17 -1 -5 22 -21 -22 -7 -12
right_child=1 2 6 18 5 19 8 -9 11 10 23 -13 13 14 -16 16 -18 -19 -20 20 21 -23 -24 -25
leaf_value=-3.2519084117875393e-09 9.6985109845348924e-07 -1.8509614275284121e-06 -1.170373800387724e-07 -9.2512021618186613e-08 1.5402733675173863e-06 -3.7247440900500809e-07 -7.9964149335864931e-07 1.3620412801174099e-06 7.1841743007894367e-07 -1.5851720335257641e-06 1.5449820071331662e-07 -4.626030587759878e-08 1.9991702165119325e-06 -1.8540293029900569e-06 2.3869207154337081e-07 -1.4891685276253205e-06 2.9199784824861407e-08 2.0672433618014474e-07 8.0681201269250375e-07 7.1299871088115204e-07 2.1871697817584707e-07 -1.0193573052158007e-07 4.1539946069167946e-08 -1.791898431117526e-08
leaf_weight=4110 32 34 29 23 32 20 30 25 24 21 21 1609 24 20 122 38 191 262 20 20 81 55 21 24
leaf_count=4110 32 34 29 23 32 20 30 25 24 21 21 1609 24 20 122 38 191 262 20 20 81 55 21 24
internal_value=-6.46495e-16 -3.74656e-08 -5.54333e-08 -6.3538e-07 1.35148e-08 3.01665e-07 -2.94252e-08 5.67721e-07 -4.88154e-08 -1.38441e-10 -4.6173e-07 -3.50219e-08 6.25238e-09 2.41084e-07 -5.60574e-08 -2.22013e-09 -2.22757e-07 9.3313e-09 3.25778e-07 1.00469e-07 1.69036e-07 8.90413e-08 -1.60418e-07 6.25424e-08
internal_weight=6888 1826 1794 77 5062 229 1717 54 1663 4833 66 1633 4767 166 142 4601 229 4372 43 197 156 136 41 45
internal_count=6888 1826 1794 77 5062 229 1717 54 1663 4833 66 1633 4767 166 142 4601 229 4372 43 197 156 136 41 45
is_linear=0
shrinkage=0.05


Tree=293
num_leaves=24
num_cat=0
split_feature=17 3 18 8 3 14 21 14 8 14 14 12 15 14 14 14 7 17 5 4 7 5 17
split_gain=1.37772e-09 1.43872e-08 5.81037e-09 6.27492e-09 3.6529e-08 1.93544e-08 3.20295e-09 1.63274e-08 2.70182e-09 2.47201e-09 2.57173e-08 7.20143e-08 1.32597e-08 1.28186e-08 1.43653e-08 1.69571e-08 7.81694e-09 2.9642e-08 2.95332e-08 2.12236e-08 2.08353e-08 9.62767e-09 2.64689e-09
threshold=0.90027933948235705 15.050000000000002 1.0000000180025095e-35 99.949376656828846 18.850000000000005 0.46800856592688472 238.50000000000003 0.69676570133721638 115.70595468830687 0.81428061195174062 0.79904096188274243 0.60355339059327384 -0.54940789553007929 0.78857998149907527 0.78325454425165997 0.75580964594513067 96.175059912847928 0.44598867912595269 11.950000000000001 4.5000000000000009 98.158587806253749 19.350000000000005 0.56018107567434872
decision_type=2 2 2 2 2 2 2 2 2 2 2 2 2 2 2 2 2 2 2 2 2 2 2
left_child=9 -2 -3 4 -4 -6 7 -5 -8 10 13 22 -11 14 15 -1 17 18 -14 -19 -18 -22 -12
right_child=1 2 3 6 5 -7 8 -9 -10 12 11 -13 16 -15 -16 -17 20 19 -20 -21 21 -23 -24
leaf_value=-6.7562561105455106e-09 -1.1061366559451632e-06 7.374458218691871e-07 -2.2667358897316653e-06 -5.0374916476788426e-08 -3.5992227105711187e-07 8.6147754563023423e-07 -2.4995514694227594e-07 1.5552420762787735e-06 6.2800867251639693e-09 1.0455269052927715e-06 5.365088509537683e-07 -3.4872666634555571e-06 4.8396589588806957e-07 9.8997548382778238e-07 -1.2191541201393246e-06 7.8453893813137107e-07 -1.3988154853856423e-06 1.1079143826280068e-06 2.5686792558031891e-06 -6.7115223927897453e-08 -5.9859284560031481e-08 6.3999309950108931e-07 -2.5825165664628005e-07
leaf_weight=3605 31 25 21 76 132 43 112 20 1263 34 22 20 65 33 24 69 28 42 23 452 675 53 20
leaf_count=3605 31 25 21 76 132 43 112 20 1263 34 22 20 65 33 24 69 28 42 23 452 675 53 20
internal_value=3.44169e-16 -3.87166e-08 -1.91598e-08 -3.05066e-08 -2.96264e-07 -5.98069e-08 4.90355e-09 2.84129e-07 -1.45914e-08 1.29155e-08 -7.88843e-09 -1.01786e-06 7.04296e-08 8.89477e-09 1.39855e-10 8.10476e-09 4.56514e-08 1.83391e-07 1.02883e-06 3.27861e-08 -6.03865e-08 -8.90849e-09 1.58051e-07
internal_weight=6888 1723 1692 1667 196 175 1471 96 1375 5165 3793 62 1372 3731 3698 3674 1338 582 88 494 756 728 42
internal_count=6888 1723 1692 1667 196 175 1471 96 1375 5165 3793 62 1372 3731 3698 3674 1338 582 88 494 756 728 42
is_linear=0
shrinkage=0.05


Tree=294
num_leaves=19
num_cat=0
split_feature=14 8 7 14 12 22 12 17 27 26 8 14 17 3 11 20 7 27
split_gain=1.29959e-09 1.16494e-08 1.11069e-08 1.01329e-08 2.54957e-08 8.56026e-09 1.19445e-08 1.04218e-08 4.38981e-09 5.82918e-09 5.31585e-09 3.90007e-09 3.08073e-09 2.94543e-09 1.1388e-08 1.04329e-08 1.27659e-09 3.29031e-10
threshold=0.9962888416657264 84.804716948795075 116.10305010382527 0.99374995976406788 0.60355339059327384 71.500000000000014 0.12940952255126045 0.70502226753346453 44.166666666666679 0.00026256663434149117 205.07660427641852 0.99274428880883148 1.0188627020362733 12.350000000000003 12.709375000000001 2.1035000000000001e-05 60.439275948749803 66.833333333333357
decision_type=2 2 2 2 2 2 2 2 2 2 2 2 2 2 2 2 2 2
left_child=3 2 -2 11 16 6 17 -7 9 -9 -10 12 13 15 -15 -1 -5 -3
right_child=1 5 -4 4 -6 7 -8 8 10 -11 -12 -13 -14 14 -16 -17 -18 -19
leaf_value=6.5572598235606316e-08 1.5933186909747925e-06 -1.7035240100919207e-07 1.431531711293041e-07 -2.7751641030445997e-07 -2.0603273675251764e-06 1.206347797646924e-06 -1.4366251494009149e-06 -2.131784139304795e-07 -9.6848121605338146e-07 8.7003216809539872e-07 1.7051827356340256e-07 6.385513122116512e-07 -4.6126160224702062e-07 -5.1888764750841204e-07 3.8538788329602684e-09 1.1105036910827529e-06 2.2757550966459882e-07 8.7697319188572748e-08
leaf_weight=294 23 30 31 22 21 21 23 27 21 23 20 24 36 106 6090 26 29 21
leaf_count=294 23 30 31 22 21 21 23 27 21 23 20 24 36 106 6090 26 29 21
internal_value=-4.40957e-16 1.14305e-07 7.60816e-07 -4.12654e-09 -5.94063e-07 -7.33915e-08 -4.90693e-07 2.02326e-07 -2.93716e-08 2.85098e-07 -4.12872e-07 2.33262e-09 2.14494e-12 2.55056e-09 -5.08908e-09 1.50473e-07 9.69272e-09 -6.40966e-08
internal_weight=6888 240 54 6648 72 186 74 112 91 50 41 6576 6552 6516 6196 320 51 51
internal_count=6888 240 54 6648 72 186 74 112 91 50 41 6576 6552 6516 6196 320 51 51
is_linear=0
shrinkage=0.05


Tree=295
num_leaves=31
num_cat=0
split_feature=14 3 4 7 14 7 19 12 26 21 12 3 25 14 12 14 14 21 14 12 14 12 14 4 6 25 1 6 14 7
split_gain=1.29575e-09 7.33411e-09 2.8295e-08 2.48951e-08 1.86354e-08 4.88758e-08 1.12934e-08 8.47505e-09 3.25444e-09 1.36064e-08 6.71218e-09 1.52383e-08 1.40794e-08 2.96578e-09 1.45497e-08 2.67941e-09 1.2611e-08 2.02532e-08 4.51084e-09 2.17902e-08 7.08406e-09 2.12142e-08 1.04247e-08 2.64087e-09 2.49619e-09 1.10328e-08 2.43842e-09 1.86939e-09 1.82088e-09 1.77183e-09
threshold=-0.94705910369513524 18.450000000000003 1.5000000000000002 128.08375214157095 -0.95995996396290595 123.31799008001028 5.025000000000001e-06 0.98296291314453421 0.00032913940569140836 246.50000000000003 0.60355339059327384 20.950000000000003 0.00011794210494714435 -0.90574346089748803 0.78656609248549325 -0.80987086063721203 -0.82956760399815743 3.5000000000000004 -0.77853607112676126 0.60355339059327384 -0.74512825849743647 0.60355339059327384 -0.70973637838083836 1.0000000180025095e-35 0.00048619000000000006 0.00026150614573549729 711.35000000000002 0.00030069500000000007 -0.93273441465163176 49.939331661215
decision_type=2 2 2 2 2 2 2 2 2 2 2 2 2 2 2 2 2 2 2 2 2 2 2 2 2 2 2 2 2 2
left_child=1 2 3 -1 6 -6 7 -4 10 -10 -3 12 -12 14 24 16 23 -18 19 -17 21 -20 -22 -15 25 -2 -26 -11 -16 -29
right_child=13 8 4 -5 5 -7 -8 -9 9 27 11 -13 -14 15 28 18 17 -19 20 -21 22 -23 -24 -25 26 -27 -28 29 -30 -31
leaf_value=-2.5522347157121935e-06 9.8005605885062246e-08 3.5698642578692604e-08 1.3972807776439065e-07 -2.7287218767924062e-07 -2.7709151427621866e-06 3.7416445541301377e-07 -8.2984519799032978e-07 1.1205604837414285e-06 -1.3380692422515495e-06 4.515162134496272e-07 1.7458290087309556e-06 -5.2359313413448525e-07 5.7814044193297119e-08 5.5665336553545328e-07 7.1292516054199953e-07 -1.5549322168151957e-07 -2.0512131410468795e-06 1.914752638912079e-08 6.2364647926905977e-08 1.7582008135196336e-06 6.0849420059720207e-07 -1.8258665639742894e-06 2.786546073888735e-09 -4.649912194063476e-08 6.8443467724710859e-07 -1.1803328276591802e-06 -5.3325279540198758e-08 -9.5221343102452688e-08 1.3876245672861387e-06 3.0759985874523165e-07
leaf_weight=23 86 269 185 25 21 30 27 25 20 23 30 22 21 20 20 51 21 27 51 21 72 21 5304 196 21 21 24 158 20 33
leaf_count=23 86 269 185 25 21 30 27 25 20 23 30 22 21 20 20 51 21 27 51 21 72 21 5304 196 21 21 24 158 20 33
internal_value=1.71957e-16 -5.55125e-08 -2.4116e-07 -1.36507e-06 -5.38417e-08 -9.20868e-07 1.32734e-07 2.56494e-07 5.27815e-08 -9.09004e-08 1.5109e-07 5.763e-07 1.05076e-06 8.47179e-09 2.01801e-07 2.05422e-09 -1.53558e-07 -8.86635e-07 9.49654e-09 4.02668e-07 4.30044e-09 -4.88369e-07 1.08987e-08 9.34833e-09 -2.14815e-08 -1.52883e-07 2.90963e-07 2.56575e-08 1.05027e-06 -2.5624e-08
internal_weight=6888 912 336 48 288 51 237 210 576 234 342 73 51 5976 192 5784 264 48 5520 72 5448 72 5376 216 152 107 45 214 40 191
internal_count=6888 912 336 48 288 51 237 210 576 234 342 73 51 5976 192 5784 264 48 5520 72 5448 72 5376 216 152 107 45 214 40 191
is_linear=0
shrinkage=0.05


Tree=296
num_leaves=28
num_cat=0
split_feature=24 6 8 17 11 19 6 18 2 24 21 21 21 18 24 27 11 25 27 20 21 3 19 15 26 8 8
split_gain=1.26356e-09 6.86293e-09 1.25013e-08 1.06294e-08 1.25419e-08 1.06913e-08 9.05118e-09 8.64026e-09 4.66046e-09 4.43112e-09 1.61628e-08 5.78111e-09 8.25945e-09 2.50335e-08 7.34864e-09 7.58414e-09 4.40132e-09 1.69788e-08 1.61574e-08 1.30532e-08 8.77659e-09 8.12928e-09 4.66753e-09 4.14194e-09 2.46725e-09 2.11054e-09 2.94078e-09
threshold=0.00031250509970022348 0.00047657500000000008 118.84717587202074 0.86197437487137762 29.737500000000001 0.00054405500000000021 0.00045723500000000006 0.00028692500000000005 168.50000000000003 0.00033093612617243919 315.50000000000006 361.50000000000006 403.50000000000006 0.00047191500000000005 0.0003445106166434973 35.166666666666679 30.178125000000005 0.00029710350087074311 28.833333333333339 0.00037072500000000008 110.50000000000001 26.150000000000002 0.00041664000000000008 -0.48313741114591585 0.00037035616725173076 93.005165608530163 99.077140012725621
decision_type=2 2 2 2 2 2 2 2 2 2 2 2 2 2 2 2 2 2 2 2 2 2 2 2 2 2 2
left_child=1 6 3 4 -3 -6 16 -8 -4 10 -2 14 13 -13 -11 23 17 19 -19 -1 21 -18 -22 -16 -12 -14 -27
right_child=9 2 8 -5 5 -7 7 -9 -10 11 24 12 25 -15 15 -17 20 18 -20 -21 22 -23 -24 -25 -26 26 -28
leaf_value=1.1472826645582047e-09 -1.4440593969311522e-06 1.3872139290816405e-06 -8.36949442906132e-07 1.6260611041355828e-06 -8.6994031701950998e-07 7.2735004977175785e-07 -1.4448408607103418e-06 7.2731648970147941e-09 1.1039049129936832e-07 1.1541743695240506e-06 -2.2052274163264013e-07 -2.0418131839505803e-06 -4.531726103453236e-07 2.5758734753465215e-07 1.2246152842010363e-07 -6.6906950373570666e-07 1.3690662574053595e-06 3.9139908570480959e-07 -1.2612852820268474e-06 1.2815205195693126e-06 -5.9720627010828872e-08 1.7317704681829582e-07 3.054919390601412e-07 1.0037186615363682e-06 5.2011859294638769e-07 3.9270828114145253e-07 -2.613380400141988e-08
leaf_weight=4233 25 21 20 24 22 20 21 20 37 22 23 20 28 29 40 22 27 21 50 20 239 30 138 20 22 43 1651
leaf_count=4233 25 21 20 24 22 20 21 20 37 22 23 20 28 29 40 22 27 21 50 20 239 30 138 20 22 43 1651
internal_value=-7.63138e-16 1.34334e-08 3.53547e-07 7.30635e-07 3.89521e-07 -1.09326e-07 3.22787e-09 -7.36493e-07 -2.22009e-07 -3.41395e-08 -4.24727e-07 -1.95575e-08 -4.08332e-08 -6.80943e-07 3.42742e-07 1.2504e-07 9.60209e-09 -5.63322e-09 -7.72463e-07 7.16832e-09 1.61393e-07 7.39651e-07 7.39646e-08 4.16214e-07 1.41569e-07 -2.26186e-08 -1.5502e-08
internal_weight=6888 4943 144 87 63 42 4799 41 57 1945 70 1875 1771 49 104 82 4758 4324 71 4253 434 57 377 60 45 1722 1694
internal_count=6888 4943 144 87 63 42 4799 41 57 1945 70 1875 1771 49 104 82 4758 4324 71 4253 434 57 377 60 45 1722 1694
is_linear=0
shrinkage=0.05


Tree=297
num_leaves=31
num_cat=0
split_feature=27 15 15 15 14 8 11 15 8 27 17 14 14 14 8 7 14 11 5 8 14 8 17 21 7 15 5 8 5 7
split_gain=1.30476e-09 1.3861e-08 6.43336e-09 1.04011e-08 3.09357e-08 4.82509e-08 3.42233e-08 1.43736e-08 2.85417e-08 8.33741e-09 8.01284e-09 5.93155e-09 4.93071e-08 3.73448e-08 2.39559e-08 1.00965e-07 1.22561e-08 3.42227e-08 8.25099e-09 1.71225e-08 1.55485e-08 8.07429e-09 7.29469e-09 1.2551e-08 4.76242e-09 4.72536e-09 8.58552e-09 6.76442e-09 4.44372e-09 4.27871e-09
threshold=36.833333333333336 -0.99938741687870725 -0.9575230291762723 -0.60555643346685839 0.71503381463111937 100.82326560581713 13.956250000000002 -0.4755978891912595 105.0100910826214 72.833333333333357 0.9584814073018072 0.83376496542330847 0.84313847884979054 0.84773968378660736 88.356080700843151 98.993601809905883 0.73283908552571653 15.115625000000001 14.750000000000002 172.97747765956015 0.78857998149907527 95.123362590545796 0.9901945763414276 60.500000000000007 101.48722266945252 -0.98521978256641018 16.050000000000004 93.676487606239235 5.3500000000000005 121.04336491898867
decision_type=2 2 2 2 2 2 2 2 2 2 2 2 2 2 2 2 2 2 2 2 2 2 2 2 2 2 2 2 2 2
left_child=11 -2 9 4 6 -6 -4 8 -5 24 -9 16 -13 -14 15 -15 22 -18 20 -20 -19 -16 25 -24 -3 26 -1 -27 -25 -26
right_child=1 2 3 7 5 -7 -8 10 -10 -11 -12 12 13 14 21 -17 17 18 19 -21 -22 -23 23 28 29 27 -28 -29 -30 -31
leaf_value=1.9434053856621058e-07 -1.1952810876644674e-06 7.7078842805762688e-07 1.5096666809962958e-06 1.1864869986142389e-06 -2.0445150246816823e-06 1.3045117006137007e-07 -1.2063523767046311e-07 1.2809011214277595e-08 -9.9704122208693337e-08 1.2253329416580528e-06 5.4020235180966364e-07 -2.376715048235667e-06 1.8664007697566378e-06 -3.1399190222049527e-06 1.0050298806163483e-06 -5.4607101185705028e-09 1.8836425756063591e-06 2.2476436879118867e-07 1.6262278798251374e-06 -8.8564152120104488e-08 -1.0342003544060257e-06 -1.965725357542677e-08 1.4472109151464353e-06 -5.522249097111853e-07 -6.7615582949542846e-07 -1.8230847668408183e-07 -8.0345860387269676e-07 -7.2469891707327826e-09 2.112820083652188e-07 2.813751111980472e-07
leaf_weight=344 23 22 35 82 51 51 401 1813 91 25 75 24 24 33 20 116 32 88 24 37 34 496 20 21 20 788 23 1841 206 28
leaf_count=344 23 22 35 82 51 51 401 1813 91 25 75 24 24 33 20 116 32 88 24 37 34 496 20 21 20 788 23 1841 206 28
internal_value=9.96092e-16 2.69627e-08 3.73976e-08 2.26253e-08 -1.73148e-07 -9.57032e-07 1.02376e-08 7.37296e-08 5.09936e-07 4.41537e-07 3.37595e-08 -1.75636e-08 -1.48875e-07 -7.12722e-08 -1.41203e-07 -6.9967e-07 9.51128e-09 3.75096e-07 1.11306e-07 5.86108e-07 -1.26095e-07 2.00593e-08 -1.47257e-08 2.46444e-07 1.6161e-07 -3.62574e-08 1.31808e-07 -5.97188e-08 1.40649e-07 -1.17596e-07
internal_weight=6888 2717 2694 2599 538 102 436 2061 173 95 1888 4171 713 689 665 149 3458 215 183 61 122 516 3243 247 70 2996 367 2629 227 48
internal_count=6888 2717 2694 2599 538 102 436 2061 173 95 1888 4171 713 689 665 149 3458 215 183 61 122 516 3243 247 70 2996 367 2629 227 48
is_linear=0
shrinkage=0.05


Tree=298
num_leaves=18
num_cat=0
split_feature=22 18 19 23 20 21 3 20 20 27 26 22 19 1 21 4 21
split_gain=1.2885e-09 5.96504e-08 1.68465e-08 1.03917e-08 1.48338e-08 1.16261e-08 3.46626e-08 6.16082e-09 1.44608e-08 1.86558e-08 1.74684e-08 2.73516e-08 1.47075e-08 1.39314e-08 5.78107e-09 9.95393e-09 6.9728e-09
threshold=159.50000000000003 3.9370000000000004e-05 0.00027171000000000004 151.50000000000003 0.00014627000000000002 60.500000000000007 18.450000000000003 0.00024557500000000005 0.00015625000000000003 5.166666666666667 5.3956929982783615e-05 33.500000000000007 5.5740000000000005e-05 258.7000000000001 128.50000000000003 33.500000000000007 170.50000000000003
decision_type=2 2 2 2 2 2 2 2 2 2 2 2 2 2 2 2 2
left_child=2 -2 7 4 -3 6 -5 8 10 -10 12 -12 -1 -11 15 -7 -16
right_child=1 3 -4 5 -6 14 -8 -9 9 13 11 -13 -14 -15 16 -17 -18
leaf_value=4.9221981264857802e-09 -2.5615044179353986e-06 -6.3161193793348506e-08 1.1988908156013168e-06 -1.8344775739365106e-06 1.7637494937616796e-06 5.040123093412343e-09 5.5218640917356141e-07 -7.8911344871812625e-07 -5.0417665341950036e-07 5.0517192723315743e-07 9.5333809952080633e-07 -1.1367945122328945e-06 9.9365319281212962e-07 1.900551984801024e-06 -5.0024891381064957e-07 9.0452263332329672e-07 -4.7070383188817278e-09
leaf_weight=3681 23 25 30 32 20 89 29 24 29 53 20 72 38 27 73 47 2576
leaf_count=3681 23 25 30 32 20 89 29 24 29 53 20 72 38 27 73 47 2576
internal_value=-8.06374e-17 -2.52543e-08 1.85181e-08 -5.07654e-09 7.48799e-07 -1.69966e-08 -6.99834e-07 9.53959e-09 1.44293e-08 5.82274e-07 -1.81186e-09 -6.82418e-07 1.50249e-08 9.76113e-07 -2.04035e-09 3.15891e-07 -1.8363e-08
internal_weight=6888 2914 3974 2891 45 2846 61 3944 3920 109 3811 92 3719 80 2785 136 2649
internal_count=6888 2914 3974 2891 45 2846 61 3944 3920 109 3811 92 3719 80 2785 136 2649
is_linear=0
shrinkage=0.05


Tree=299
num_leaves=27
num_cat=0
split_feature=17 3 22 11 26 24 11 17 3 17 12 16 24 17 3 3 14 12 3 12 17 19 24 2 7 12
split_gain=1.32894e-09 1.4512e-08 4.43552e-09 1.33681e-08 9.83966e-09 8.57438e-09 5.85977e-09 4.64542e-09 5.27454e-09 2.78692e-09 6.91981e-09 1.28793e-08 2.35908e-08 5.30807e-09 4.5828e-09 5.35776e-09 1.24232e-08 2.96802e-08 5.48434e-09 1.8048e-08 4.76968e-09 3.37284e-09 4.94116e-10 4.93818e-10 4.39377e-10 3.67419e-10
threshold=0.88501249759487766 15.050000000000002 159.50000000000003 25.503125000000004 0.00010087332094237051 7.7427480009368017e-05 29.503125000000004 0.92585638680092053 16.750000000000004 0.84368460989301031 0.25881904510252091 206.715 0.00015517338391415983 0.85601387050786271 30.150000000000002 25.750000000000004 -0.74512825849743647 0.25881904510252091 24.150000000000002 0.78656609248549325 0.78334889666105789 0.00044746000000000006 0.00014483060274449175 241.50000000000003 87.874961514513529 1.0000000180025095e-35
decision_type=2 2 2 2 2 2 2 2 2 2 2 2 2 2 2 2 2 2 2 2 2 2 2 2 2 2
left_child=9 -2 4 -4 7 -5 -7 -3 -9 14 22 -12 -13 -14 15 18 17 -17 20 -20 -1 -18 24 25 -11 -24
right_child=1 2 3 5 -6 6 -8 8 -10 10 11 12 13 -15 -16 16 21 -19 19 -21 -22 -23 23 -25 -26 -27
leaf_value=1.4586759215771778e-08 -1.0751692261646076e-06 -5.2506143272050097e-07 -1.3251798691271688e-06 9.557850931555964e-07 9.3898775011331592e-07 -5.2292970560567184e-07 -1.9582143146004001e-08 9.0749063048178884e-07 -3.2091906557409748e-08 2.9942525190396199e-07 -4.9584870339458579e-07 1.9259679717720246e-06 9.0937626127511482e-07 1.434104367111407e-09 6.295636764705173e-07 8.1048958472014953e-08 8.1557983326437445e-08 -2.3698083563907685e-06 7.5782209705888804e-08 1.5613643540746127e-06 -1.8555467393093328e-07 -6.0447697877851266e-07 -6.5196899630270323e-08 1.2912890232947684e-07 -2.8032840666759017e-08 -2.9013071574419364e-07
leaf_weight=3942 33 30 20 22 38 60 1592 20 59 20 30 28 22 60 29 30 122 21 138 24 322 21 134 29 21 21
leaf_count=3942 33 30 20 22 38 60 1592 20 59 20 30 28 22 60 29 30 122 21 138 24 322 21 134 29 21 21
internal_value=-8.31648e-16 -3.59239e-08 -1.72954e-08 -4.01575e-08 2.46164e-07 -2.48048e-08 -3.78635e-08 4.62887e-09 2.05777e-07 1.34267e-08 1.46464e-07 4.22457e-07 6.72904e-07 2.45028e-07 2.98171e-09 -9.51377e-10 -2.58136e-07 -9.28128e-07 1.03215e-08 2.95868e-07 -5.27111e-10 -1.91884e-08 -2.52648e-08 -6.02413e-08 1.31703e-07 -9.56718e-08
internal_weight=6888 1874 1841 1694 147 1674 1652 109 79 5014 365 140 110 82 4649 4620 194 51 4426 162 4264 143 225 184 41 155
internal_count=6888 1874 1841 1694 147 1674 1652 109 79 5014 365 140 110 82 4649 4620 194 51 4426 162 4264 143 225 184 41 155
is_linear=0
shrinkage=0.05


end of trees

feature_importances:
dia_anio_sin=1127
dia_anio_cos=889
azimut_solar=858
hora_sin=622
nubosidad_media_movil=519
viento_velocidad=518
temp_ambiente=456
angulo_cenital_solar=355
nubosidad=280
elevacion_solar=216
generacion_teorica_mw=206
temp_panel=186
indice_cielo_despejado=160
ghi_lag_1h=146
hora_cos=122
ghi_lag_24h=116
generacion_teorica_mw_lag_24h=107
generacion_horaria_estimada_mw_lag_24h=96
generacion_teorica_mw_lag_1h=93
dni=85
generacion_horaria_estimada_mw_lag_1h=80
generacion_horaria_estimada_mw_lag_168h=80
dhi=66
generacion_teorica_mw_lag_168h=64
ghi=38
ghi_lag_168h=38
ghi_cielo_despejado=24

parameters:
[boosting: gbdt]
[objective: regression]
[metric: l2]
[tree_learner: serial]
[device_type: cpu]
[data_sample_strategy: bagging]
[data: ]
[valid: ]
[num_iterations: 300]
[learning_rate: 0.05]
[num_leaves: 31]
[num_threads: 12]
[seed: 42]
[deterministic: 0]
[force_col_wise: 0]
[force_row_wise: 0]
[histogram_pool_size: -1]
[max_depth: 6]
[min_data_in_leaf: 20]
[min_sum_hessian_in_leaf: 0.001]
[bagging_fraction: 0.8]
[pos_bagging_fraction: 1]
[neg_bagging_fraction: 1]
[bagging_freq: 0]
[bagging_seed: 400]
[bagging_by_query: 0]
[feature_fraction: 0.8]
[feature_fraction_bynode: 1]
[feature_fraction_seed: 30056]
[extra_trees: 0]
[extra_seed: 12879]
[early_stopping_round: 0]
[early_stopping_min_delta: 0]
[first_metric_only: 0]
[max_delta_step: 0]
[lambda_l1: 0]
[lambda_l2: 0]
[linear_lambda: 0]
[min_gain_to_split: 0]
[drop_rate: 0.1]
[max_drop: 50]
[skip_drop: 0.5]
[xgboost_dart_mode: 0]
[uniform_drop: 0]
[drop_seed: 17869]
[top_rate: 0.2]
[other_rate: 0.1]
[min_data_per_group: 100]
[max_cat_threshold: 32]
[cat_l2: 10]
[cat_smooth: 10]
[max_cat_to_onehot: 4]
[top_k: 20]
[monotone_constraints: ]
[monotone_constraints_method: basic]
[monotone_penalty: 0]
[feature_contri: ]
[forcedsplits_filename: ]
[refit_decay_rate: 0.9]
[cegb_tradeoff: 1]
[cegb_penalty_split: 0]
[cegb_penalty_feature_lazy: ]
[cegb_penalty_feature_coupled: ]
[path_smooth: 0]
[interaction_constraints: ]
[verbosity: -1]
[saved_feature_importance_type: 0]
[use_quantized_grad: 0]
[num_grad_quant_bins: 4]
[quant_train_renew_leaf: 0]
[stochastic_rounding: 1]
[linear_tree: 0]
[max_bin: 255]
[max_bin_by_feature: ]
[min_data_in_bin: 3]
[bin_construct_sample_cnt: 200000]
[data_random_seed: 175]
[is_enable_sparse: 1]
[enable_bundle: 1]
[use_missing: 1]
[zero_as_missing: 0]
[feature_pre_filter: 1]
[pre_partition: 0]
[two_round: 0]
[header: 0]
[label_column: ]
[weight_column: ]
[group_column: ]
[ignore_column: ]
[categorical_feature: ]
[forcedbins_filename: ]
[precise_float_parser: 0]
[parser_config_file: ]
[objective_seed: 16083]
[num_class: 1]
[is_unbalance: 0]
[scale_pos_weight: 1]
[sigmoid: 1]
[boost_from_average: 1]
[reg_sqrt: 0]
[alpha: 0.9]
[fair_c: 1]
[poisson_max_delta_step: 0.7]
[tweedie_variance_power: 1.5]
[lambdarank_truncation_level: 30]
[lambdarank_norm: 1]
[label_gain: ]
[lambdarank_position_bias_regularization: 0]
[eval_at: ]
[multi_error_top_k: 1]
[auc_mu_weights: ]
[num_machines: 1]
[local_listen_port: 12400]
[time_out: 120]
[machine_list_filename: ]
[machines: ]
[gpu_platform_id: -1]
[gpu_device_id: -1]
[gpu_device_id_list: ]
[gpu_use_dp: 0]
[num_gpu: 1]

end of parameters

pandas_categorical:[]
