tree
version=v4
num_class=1
num_tree_per_iteration=1
label_index=0
max_feature_idx=27
objective=regression
feature_names=ghi dni dhi temp_ambiente nubosidad viento_velocidad generacion_teorica_mw angulo_cenital_solar azimut_solar elevacion_solar es_de_dia temp_panel hora_sin hora_cos dia_anio_sin dia_anio_cos ghi_cielo_despejado indice_cielo_despejado generacion_teorica_mw_lag_1h generacion_teorica_mw_lag_24h generacion_teorica_mw_lag_168h ghi_lag_1h ghi_lag_24h ghi_lag_168h generacion_horaria_estimada_mw_lag_1h generacion_horaria_estimada_mw_lag_24h generacion_horaria_estimada_mw_lag_168h nubosidad_media_movil
feature_infos=[0:1043] [0:957.10000000000002] [0:437] [7:38.899999999999999] [0:100] [0.40000000000000002:32.899999999999999] [0:0.00086146000000000009] [4.5570677088313687:174.09833613644111] [0.012081198961823247:359.99014538747406] [-84.098336136441091:85.442932291168631] [0:1] [7:68.462500000000006] [-1:1] [-1:1] [-0.9999994220246925:0.99998555065071859] [-0.99997919295908233:0.99054538760918331] [0:1039] [0:1.2] [0:0.00086146000000000009] [0:0.00086146000000000009] [0:0.00086146000000000009] [0:1043] [0:1043] [0:1043] [0:0.00084115571566731144] [0:0.00084115571566731144] [0:0.00084115571566731144] [0:100]
tree_sizes=3002 3032 3010 3031 3020 3042 3007 3008 3028 3009 3021 3017 3030 3024 3021 3010 3071 3043 3023 3038 3067 3037 3010 3027 3038 3017 3036 3013 3031 3027 3028 3033 3034 3010 3008 3035 3044 3023 3038 3022 3022 3040 3034 3041 3000 3034 3014 3027 3037 3018 3006 3041 3035 3033 3047 3033 3037 3029 3045 3051 3051 2840 3038 3055 3038 3063 2957 3017 3053 2963 2212 2613 3055 2204 3025 2284 2299 2875 2761 3026 2308 2582 3047 2574 2019 2417 2218 2214 2027 1841 2201 1249 2108 2022 1731 1276 3035 2274 1273 3036 1468 2118 1640 1637 2721 2030 1729 2080 2316 2276 2073 2097 2383 2088 1928 2294 2185 1637 2385 3000 1812 2297 2553 2300 2285 1898 2657 3004 2308 1791 1920 2584 2013 2471 1819 2987 2108 2666 2023 2480 3059 3020 2127 1819 2986 2547 2593 3013 3046 2177 2311 3001 2471 1989 2466 1646 2817 1635 2009 1717 1895 2997 2290 3010 2469 1800 2292 2010 1366 2765 1729 1621 2937 2830 2411 1347 1884 1730 1627 1840 2121 2989 2201 1530 1920 1837 2372 2077 2470 1440 2456 2654 2763 2009 1444 2283 2001 2548 2179 1746 3027 1640 1360 2583 2003 2465 2466 2303 2272 2298 2681 3005 1344 1740 2277 3005 2673 2344 1354 2713 2591 2647 2761 2300 1710 3021 2003 2016 2186 3035 2460 2988 2125 1710 2473 2340 1635 2992 3039 2025 2135 3037 3045 2282 2876 2680 1803 1715 1371 2207 3037 2295 2380 2122 1085 976 1346 3032 1632 1934 1726 2890 1725 2540 3030 3066 2022 3038 3022 2953 1462 3029 1651 3013 1271 1725 1080 2214 1596 2482 2622 2133 2554 2547 1716 3029 1920 2923 1569 2756 2908 3020 1754 2482 2008 2956 1938 2815 3060 2663

Tree=0
num_leaves=31
num_cat=0
split_feature=12 12 12 15 8 15 13 14 20 8 8 8 9 15 8 12 14 14 14 12 3 15 9 9 8 3 9 14 9 8
split_gain=0.000307659 1.69354e-05 1.45473e-05 8.80963e-06 3.73207e-06 3.02007e-06 2.84676e-06 1.92215e-06 1.84962e-06 1.8293e-06 1.5921e-06 1.13422e-06 1.0705e-06 1.02774e-06 9.58948e-07 8.941e-07 7.28468e-07 6.22002e-07 5.62175e-07 5.50434e-07 6.01717e-07 2.77306e-07 2.53491e-07 2.41032e-07 2.29557e-07 2.23829e-07 2.20602e-07 2.07018e-07 1.87072e-07 1.70612e-07
threshold=-0.5 -0.25881904510252113 -0.70710678118654735 -0.42958798411962301 313.52670824671821 0.04621408538533487 0.98296291314453421 0.21862473630160603 0.00045533000000000005 236.497761277433 208.74077742930891 300.89941900934707 -53.053497373043996 0.91245913578114801 224.72111322930317 -0.9159756150367534 0.31799963745711152 0.23537774960157334 -0.73354686966117377 -0.9159756150367534 15.550000000000002 -0.68432604233786842 -45.057980879391231 -36.595518766941346 248.02962813885136 17.950000000000003 69.524292059438622 0.23537774960157334 76.926426707370595 278.79558407676467
decision_type=2 2 2 2 2 2 2 2 2 2 2 2 2 2 2 2 2 2 2 2 2 2 2 2 2 2 2 2 2 2
left_child=2 4 3 7 10 11 28 8 18 -5 -2 24 -8 15 -7 -11 -15 -13 -1 25 -21 27 -16 -24 -4 -9 29 -6 -3 -12
right_child=1 6 5 9 21 14 12 19 -10 13 26 17 -14 16 22 -17 -18 -19 -20 20 -22 -23 23 -25 -26 -27 -28 -29 -30 -31
leaf_value=0.00020328116876573886 0.00017420833885736024 0.00017307366461176532 0.00018828214324057908 0.00018877204754678693 0.00019258349165269433 0.00018019018507670447 0.0001749689798365321 0.00020689831261732242 0.00019856750383282878 0.00019889611149806599 0.00017926301017389453 0.00019913140134909991 0.00018109962258335081 0.00019469755870442736 0.00018308975530174977 0.00019551551467878296 0.00018386832272706874 0.00019274431368314105 0.00020778680468562904 0.00020580750473579682 0.00019688545597623032 0.00018666146717196175 0.0001905804802257971 0.00018568481214930067 0.00019167766195939161 0.00020155634768368407 0.00018350556161534308 0.00018768138738420494 0.00017522444700613006 0.00018215997198364612
leaf_weight=90 88 3627 75 78 62 65 131 23 84 410 96 81 156 44 25 374 24 72 300 22 134 66 65 41 148 133 119 33 104 108
leaf_count=90 88 3627 75 78 62 65 131 23 84 410 96 81 156 44 25 374 24 72 300 22 134 66 65 41 148 133 119 33 104 108
internal_value=0.000182115 0.000174649 0.000197093 0.000199395 0.000182698 0.000190187 0.000173503 0.000203291 0.000205298 0.000196101 0.00018017 0.00019281 0.000178301 0.000196772 0.000185155 0.000197283 0.000190875 0.000196126 0.000206747 0.000200244 0.000198144 0.000189151 0.000187619 0.000188687 0.000190536 0.000202344 0.000181795 0.000190881 0.000173134 0.000180797
internal_weight=6878 4590 2288 1716 572 572 4018 786 474 930 411 376 287 852 196 784 68 153 390 312 156 161 131 106 223 156 323 95 3731 204
internal_count=6878 4590 2288 1716 572 572 4018 786 474 930 411 376 287 852 196 784 68 153 390 312 156 161 131 106 223 156 323 95 3731 204
is_linear=0
shrinkage=1


Tree=1
num_leaves=31
num_cat=0
split_feature=12 12 12 15 15 15 13 14 20 15 12 1 7 18 17 21 7 14 12 3 15 14 14 14 7 2 15 15 15 2
split_gain=0.000277662 1.52842e-05 1.31289e-05 7.95069e-06 2.72561e-06 2.6336e-06 2.56921e-06 1.73474e-06 1.66928e-06 1.65758e-06 1.19257e-06 1.10251e-06 9.75012e-07 9.35218e-07 7.97009e-07 7.25562e-07 6.72008e-07 5.07363e-07 4.96767e-07 5.43049e-07 4.84247e-07 4.76746e-07 4.44192e-07 4.10017e-07 3.81192e-07 2.9937e-07 2.91635e-07 2.68954e-07 2.34803e-07 2.20839e-07
threshold=-0.5 -0.25881904510252113 -0.70710678118654735 -0.42958798411962301 0.04621408538533487 -0.27694043983797384 0.98296291314453421 0.21862473630160603 0.00045533000000000005 0.91245913578114801 -0.9159756150367534 222.05000000000004 142.7861645084927 0.00020346500000000003 0.5420105766062554 505.50000000000006 126.47564345848802 -0.73354686966117377 -0.9159756150367534 15.550000000000002 -0.67168186667784702 0.31799963745711152 0.23537774960157334 -0.99630266176052629 134.86555899557905 72.500000000000014 0.35041260675351149 0.32410992729244009 -0.68432604233786842 119.50000000000001
decision_type=2 2 2 2 2 2 2 2 2 2 2 2 2 2 2 2 2 2 2 2 2 2 2 2 2 2 2 2 2 2
left_child=2 5 3 7 15 11 -3 8 17 10 23 28 -8 -7 -12 20 26 -1 29 -20 22 25 -4 -5 -18 -11 -6 -15 -2 -9
right_child=1 6 4 9 16 13 12 18 -10 21 14 -13 -14 27 -16 -17 24 -19 19 -21 -22 -23 -24 -25 -26 -27 -28 -29 -30 -31
leaf_value=2.0108063326410452e-05 8.2554364466558746e-06 -8.5321103242333345e-06 1.7273238705774208e-05 2.1554963144202096e-05 3.3651312045295462e-06 -2.0363059290092948e-07 -9.3339807517256098e-07 2.0586510129528594e-05 1.5630082591704713e-05 1.2342854977088704e-05 1.3792562246173836e-05 7.1290813287311505e-07 -6.7808024237875191e-06 -3.7988041480310549e-06 9.2349695319472744e-06 7.9171288125903437e-06 8.195950629178986e-06 2.4388418096369453e-05 2.2508082871685146e-05 1.4032136587319207e-05 9.6930077480519493e-06 2.6442624061928656e-06 1.0371094744973439e-05 1.5485575467059457e-05 1.0950854074407187e-06 5.3425684446513825e-06 -1.9760660234530247e-06 -8.3472913516183884e-06 4.165878212916141e-06 1.6632173110001197e-05
leaf_weight=90 97 3731 63 30 43 142 155 102 84 42 263 148 132 65 151 184 63 300 22 134 92 36 37 384 27 24 63 65 55 54
leaf_count=90 97 3731 63 30 43 142 155 102 84 42 263 148 132 65 151 184 63 300 22 134 92 36 37 384 27 24 63 65 55 54
internal_value=-8.73589e-14 -7.09282e-06 1.4229e-05 1.64158e-05 7.66884e-06 5.54195e-07 -8.18145e-06 2.01178e-05 2.20236e-05 1.32869e-05 1.40278e-05 3.7847e-06 -3.6228e-06 -3.00887e-06 1.21303e-05 1.01608e-05 2.88837e-06 2.34006e-05 1.72226e-05 1.52275e-05 1.23109e-05 7.2727e-06 1.47194e-05 1.59254e-05 6.06569e-06 9.7973e-06 1.90646e-07 -6.07305e-06 6.77566e-06 1.92177e-05
internal_weight=6878 4590 2288 1716 572 572 4018 786 474 930 828 300 287 272 414 376 196 390 312 156 192 102 100 414 90 66 106 130 152 156
internal_count=6878 4590 2288 1716 572 572 4018 786 474 930 828 300 287 272 414 376 196 390 312 156 192 102 100 414 90 66 106 130 152 156
is_linear=0
shrinkage=0.05


Tree=2
num_leaves=31
num_cat=0
split_feature=8 7 13 15 7 7 8 8 16 8 21 7 8 7 8 8 7 7 8 13 7 14 14 7 7 8 21 14 19 5
split_gain=0.000205927 5.66075e-05 1.20283e-05 4.81092e-06 4.02888e-06 3.93729e-06 2.48581e-06 1.80777e-06 1.57049e-06 1.49289e-06 1.22391e-06 1.01757e-06 7.21224e-07 7.33168e-07 6.10217e-07 5.97421e-07 3.87035e-07 3.73591e-07 2.04449e-07 1.93425e-07 1.7701e-07 1.45027e-07 1.29796e-07 1.07127e-07 1.00522e-07 9.15225e-08 7.85013e-08 6.22685e-08 6.11593e-08 5.38963e-08
threshold=222.25121069428295 124.27651325583892 -0.60355339059327384 -0.42958798411962301 112.06654625211192 137.03383026550861 335.07049946007731 201.31954222287254 644.95000000000016 239.78407604440201 17.500000000000004 25.472206529763564 324.797955770893 148.00001953910112 354.97372237062882 314.38522753639387 31.587524471309226 134.86555899557905 230.71074127603376 0.98296291314453421 10.319830303594637 0.98213580174693105 0.21862473630160603 145.27278087689675 155.86547814042794 215.01485218476412 963.50000000000011 0.23537774960157334 0.00050103500000000004 6.3500000000000005
decision_type=2 2 2 2 2 2 2 2 2 2 2 2 2 2 2 2 2 2 2 2 2 2 2 2 2 2 2 2 2 2
left_child=7 2 11 4 8 6 17 20 -4 18 -11 -2 13 29 22 -6 26 21 -5 -14 -1 -3 -8 -21 -15 -9 -13 -19 -18 -7
right_child=1 5 3 9 15 12 14 25 -10 10 -12 16 19 24 -16 -17 28 27 -20 23 -22 -23 -24 -25 -26 -27 -28 -29 -30 -31
leaf_value=-5.876176542837389e-06 1.3018300317906588e-06 6.7647024958014906e-06 2.0373929796930854e-05 4.2184087610954386e-06 1.3745664878465155e-05 -1.2960558141265101e-06 1.3235099938668783e-06 -3.584835824902392e-06 1.517636160208724e-05 9.92070211327374e-06 1.4329333283025423e-05 7.8274905167169151e-06 -8.13252922585782e-06 -4.4171136644709969e-06 -6.0371450571336834e-06 8.2456694663486562e-06 6.715039985308601e-06 2.918298907843564e-06 8.7011670316246988e-06 -3.5654827663202762e-06 -8.198799720724181e-06 2.3545698738979855e-06 -1.9726404637004131e-06 -6.8889123364594231e-06 -7.72029384929088e-06 -1.063778312489679e-06 1.0413838504973683e-05 -1.0272211648043594e-06 4.0209644197744498e-06 1.205201476933883e-06
leaf_weight=84 122 166 598 41 104 33 64 108 192 209 638 71 136 51 72 94 29 20 67 49 3500 21 56 48 42 54 50 20 77 62
leaf_count=84 122 166 598 41 104 33 64 108 192 209 638 71 136 51 72 94 29 20 67 49 3500 21 56 48 42 54 50 20 77 62
internal_value=-1.90416e-13 9.46169e-06 1.35311e-05 1.50662e-05 1.75123e-05 -1.64191e-06 1.78943e-06 -7.91084e-06 1.91107e-05 1.25356e-05 1.32415e-05 4.98458e-06 -5.05694e-06 -2.75305e-06 -2.39811e-06 1.11346e-05 6.96385e-06 5.33131e-06 6.99938e-06 -6.91588e-06 -8.14436e-06 6.26945e-06 -2.14694e-07 -5.21007e-06 -5.90887e-06 -2.74448e-06 8.89623e-06 9.45539e-07 4.75802e-06 3.36344e-07
internal_weight=6878 3132 2292 1943 988 840 419 3746 790 955 847 349 421 188 192 198 227 227 108 233 3584 187 120 97 93 162 121 40 106 95
internal_count=6878 3132 2292 1943 988 840 419 3746 790 955 847 349 421 188 192 198 227 227 108 233 3584 187 120 97 93 162 121 40 106 95
is_linear=0
shrinkage=0.05


Tree=3
num_leaves=31
num_cat=0
split_feature=8 9 13 7 8 7 14 8 8 7 14 8 7 14 8 7 8 9 7 13 7 14 14 9 8 7 8 21 5 19
split_gain=0.00018585 5.20899e-05 1.02213e-05 3.6473e-06 4.80609e-06 3.46302e-06 2.31691e-06 2.29371e-06 2.18548e-06 8.87859e-07 6.75726e-07 6.50905e-07 6.61684e-07 6.34193e-07 6.04575e-07 5.62674e-07 5.50721e-07 3.32996e-07 3.00058e-07 1.74566e-07 1.57592e-07 1.39628e-07 1.17141e-07 1.05802e-07 9.60049e-08 9.17672e-08 8.01073e-08 7.08474e-08 4.86414e-08 4.33741e-08
threshold=224.72111322930317 -34.484648859997556 -0.60355339059327384 108.30399270153734 258.44490064136215 137.03383026550861 0.21862473630160603 208.74077742930891 335.07049946007731 25.472206529763564 0.23537774960157334 324.797955770893 148.00001953910112 0.41398981800788198 244.03129762188402 120.6146084065237 354.97372237062882 -45.057980879391231 31.587524471309226 0.98296291314453421 14.606327157728112 0.98213580174693105 0.21862473630160603 -54.684474731934159 215.01485218476412 154.47489146175459 201.31954222287254 963.50000000000011 6.3500000000000005 0.00050103500000000004
decision_type=2 2 2 2 2 2 2 2 2 2 2 2 2 2 2 2 2 2 2 2 2 2 2 2 2 2 2 2 2 2
left_child=7 5 9 4 14 8 -6 20 17 -3 15 12 28 -12 -4 -5 22 -2 27 -13 -1 -19 -10 -21 -9 -14 -22 -11 -7 -20
right_child=1 2 3 10 6 11 -8 24 16 18 13 19 25 -15 -16 -17 -18 21 29 23 26 -23 -24 -25 -26 -27 -28 -29 -30 -31
leaf_value=-5.8877148005290355e-06 5.9540813784527326e-07 1.3438371272406701e-06 8.2486497689939061e-06 1.4199768937174693e-05 1.9492795561872208e-05 -1.2312530243848001e-06 1.4919496923138425e-05 -2.8528425914591207e-06 1.2573345053557006e-06 7.4361160277732501e-06 3.065619195620105e-06 -7.7259023301474597e-06 -3.9912955293807002e-06 9.7583961354813058e-06 1.2310222630146857e-05 8.6623462881535114e-06 -5.7352877572864398e-06 6.3326936474015562e-06 6.3792880014104951e-06 -6.5178504883078862e-06 -7.7979039219525102e-06 2.0054281256826863e-06 -1.8740084714506468e-06 -3.2108097308952462e-06 -4.1845816668124649e-07 -7.1341788422311472e-06 -5.0638484615909106e-06 9.8931467782676932e-06 1.1449413900407074e-06 4.0844246016181579e-06
leaf_weight=114 36 114 146 141 562 33 546 81 64 71 44 136 45 181 246 68 72 166 29 51 3470 21 56 46 81 48 27 50 62 71
leaf_count=114 36 114 146 141 562 33 546 81 64 71 44 136 45 181 246 68 72 166 29 51 3470 21 56 46 81 48 27 50 62 71
internal_value=1.38411e-13 9.06011e-06 1.29911e-05 1.43878e-05 1.55557e-05 -1.60905e-06 1.72392e-05 -7.45604e-06 1.63219e-06 4.9278e-06 1.03511e-05 -4.8041e-06 -2.61539e-06 8.44959e-06 1.07975e-05 1.23981e-05 -2.27821e-06 4.99899e-06 6.77654e-06 -6.57009e-06 -7.71716e-06 5.84674e-06 -2.03959e-07 -4.94956e-06 -1.63565e-06 -5.61343e-06 -7.77679e-06 8.45142e-06 3.19526e-07 4.74993e-06
internal_weight=6878 3105 2269 1934 1500 836 1108 3773 415 335 434 421 188 225 392 209 192 223 221 233 3611 187 120 97 162 93 3497 121 95 100
internal_count=6878 3105 2269 1934 1500 836 1108 3773 415 335 434 421 188 225 392 209 192 223 221 233 3611 187 120 97 162 93 3497 121 95 100
is_linear=0
shrinkage=0.05


Tree=4
num_leaves=31
num_cat=0
split_feature=12 12 12 15 8 15 13 7 14 15 8 8 12 7 17 11 14 14 14 14 14 7 14 11 14 7 24 7 7 7
split_gain=0.000204371 1.11514e-05 9.58191e-06 5.98334e-06 2.442e-06 2.04768e-06 1.88697e-06 1.41254e-06 1.5355e-06 1.29796e-06 1.0641e-06 9.57584e-07 9.43094e-07 7.24803e-07 6.82421e-07 5.12846e-07 4.72707e-07 4.29588e-07 4.28161e-07 3.6418e-07 3.50015e-07 2.30325e-07 2.09047e-07 2.06666e-07 1.63454e-07 1.61128e-07 1.55406e-07 1.50831e-07 1.41309e-07 1.40438e-07
threshold=-0.5 -0.25881904510252113 -0.70710678118654735 -0.42958798411962301 313.52670824671821 -0.42958798411962301 0.98296291314453421 51.866406612036563 0.21862473630160603 0.91245913578114801 208.74077742930891 224.72111322930317 -0.9159756150367534 141.96297153092007 0.5420105766062554 41.581250000000004 0.54219432480460406 -0.73354686966117377 0.31799963745711152 0.23537774960157334 -0.99630266176052629 134.86555899557905 0.23537774960157334 27.215625000000003 0.54219432480460406 129.04452365090586 0.00064168694323259395 21.162751577311308 10.319830303594637 120.13543891197232
decision_type=2 2 2 2 2 2 2 2 2 2 2 2 2 2 2 2 2 2 2 2 2 2 2 2 2 2 2 2 2 2
left_child=2 4 3 7 10 15 28 26 17 12 -2 -7 20 -8 -14 19 -10 -9 23 -4 -5 29 25 -11 -21 -6 -1 -12 -3 -13
right_child=1 6 5 9 22 11 13 8 16 18 27 21 14 -15 -16 -17 -18 -19 -20 24 -22 -23 -24 -25 -26 -27 -28 -29 -30 -31
leaf_value=1.0838514194664171e-05 -6.4722182778289367e-06 -5.2879819512392193e-06 1.4151248518032846e-05 1.8905817535899891e-05 8.6944858208062951e-06 -1.5422890169247694e-06 -7.0688357772041856e-07 1.7163737827685408e-05 1.255446392713111e-05 1.0276763014585216e-05 1.0986724752393869e-06 4.3524704145903759e-06 1.1867708668993119e-05 -5.7374293182011663e-06 7.6504517262898863e-06 7.5589882856417856e-06 1.6936669994578326e-05 2.1094921417808692e-05 1.6531169787330986e-06 5.269817342536954e-06 1.3298083035747275e-05 9.2807769626098752e-07 3.7129347840557272e-06 4.188656350265774e-06 1.090742938711426e-05 3.9395034546032554e-06 1.4282888170363058e-05 -1.1229933884776417e-06 -7.3622297144593972e-06 6.9183997591608204e-06
leaf_weight=66 88 84 80 30 62 65 150 90 100 46 124 93 263 137 151 126 160 305 36 20 384 27 74 20 36 25 65 199 3647 125
leaf_count=66 88 84 80 30 62 65 150 90 100 46 124 93 263 137 151 126 160 305 36 20 384 27 74 20 36 25 65 199 3647 125
internal_value=1.66626e-13 -6.08514e-06 1.22075e-05 1.40756e-05 4.46691e-07 6.60312e-06 -7.01501e-06 1.72872e-05 1.82351e-05 1.13614e-05 -1.59804e-06 3.85287e-06 1.2017e-05 -3.10822e-06 1.03295e-05 9.85724e-06 1.52512e-05 2.01992e-05 6.03938e-06 1.19865e-05 1.37044e-05 5.28424e-06 5.66648e-06 8.43188e-06 8.894e-06 7.32811e-06 1.25476e-05 -2.70094e-07 -7.31553e-06 5.82376e-06
internal_weight=6878 4590 2288 1716 572 572 4018 786 655 930 411 310 828 287 414 262 260 395 102 136 414 245 161 66 56 87 131 323 3731 218
internal_count=6878 4590 2288 1716 572 572 4018 786 655 930 411 310 828 287 414 262 260 395 102 136 414 245 161 66 56 87 131 323 3731 218
is_linear=0
shrinkage=0.05


Tree=5
num_leaves=31
num_cat=0
split_feature=12 12 12 15 15 15 13 7 14 15 12 23 15 24 11 1 24 14 15 14 14 14 14 7 6 14 15 6 7 14
split_gain=0.000184445 1.00641e-05 8.64768e-06 5.39997e-06 1.84803e-06 1.71371e-06 1.70299e-06 1.27482e-06 1.38579e-06 1.17141e-06 8.51142e-07 7.15345e-07 6.62089e-07 6.44013e-07 4.63048e-07 4.50031e-07 4.47687e-07 4.26618e-07 4.19573e-07 3.87703e-07 3.86416e-07 3.25591e-07 3.15889e-07 2.63534e-07 1.96216e-07 1.81609e-07 1.79826e-07 1.55029e-07 1.5466e-07 1.47969e-07
threshold=-0.5 -0.25881904510252113 -0.70710678118654735 -0.42958798411962301 -0.42958798411962301 -0.27694043983797384 0.98296291314453421 51.866406612036563 0.21862473630160603 0.91245913578114801 -0.9159756150367534 614.50000000000011 -0.45273527932988084 9.7436098337166772e-05 39.275000000000013 60.350000000000009 0.00015907215334622912 0.54219432480460406 0.35041260675351149 -0.73354686966117377 0.31799963745711152 0.23537774960157334 -0.99630266176052629 134.86555899557905 0.00013456500000000004 0.23537774960157334 0.32410992729244009 0.00055551000000000005 129.04452365090586 0.54219432480460406
decision_type=2 2 2 2 2 2 2 2 2 2 2 2 2 2 2 2 2 2 2 2 2 2 2 2 2 2 2 2 2 2
left_child=2 5 3 7 14 11 -3 27 19 10 22 25 -8 -7 21 -12 23 -10 -18 -9 24 -4 -5 -6 -11 28 -15 -1 -2 -23
right_child=1 6 4 9 16 13 12 8 17 20 15 -13 -14 26 -16 -17 18 -19 -20 -21 -22 29 -24 -25 -26 -27 -28 -29 -30 -31
leaf_value=9.8982452879102894e-06 8.2597613534803287e-06 -6.9497538385519169e-06 1.3443686197120997e-05 1.796052658392e-05 6.2736899950357151e-06 -8.7430380375508325e-08 -2.7622904830160167e-07 1.6305551610760934e-05 1.1926740779585999e-05 9.8079240773507137e-06 1.097872524323211e-05 5.3941001202214724e-07 -5.1075472496530035e-06 -3.1377080675617855e-06 7.2136761937402488e-06 7.4817107242384027e-06 3.9520673278365183e-06 1.608983648342388e-05 -1.538415530503102e-06 2.0040175322810592e-05 1.5704610626067331e-06 5.0063263489619204e-06 1.2633178833058404e-05 8.8167381464801223e-07 3.8757251525112223e-06 3.3920945746501733e-06 -6.8290899798739709e-06 1.3383417004469696e-05 3.7258150836418351e-06 1.0426307451392431e-05
leaf_weight=55 62 3731 80 30 141 140 128 90 100 46 276 147 159 67 128 138 81 160 61 305 36 20 384 27 20 64 65 76 27 34
leaf_count=55 62 3731 80 30 141 140 128 90 100 46 276 147 159 67 128 138 81 160 61 305 36 20 384 27 20 64 65 76 27 34
internal_value=-5.08322e-14 -5.78088e-06 1.15971e-05 1.33719e-05 6.27297e-06 4.24357e-07 -6.66426e-06 1.64228e-05 1.73234e-05 1.07933e-05 1.14161e-05 3.0303e-06 -2.95281e-06 -2.44984e-06 9.36438e-06 9.81305e-06 3.66022e-06 1.44886e-05 1.59348e-06 1.91892e-05 5.73741e-06 1.14188e-05 1.30192e-05 5.40712e-06 8.01029e-06 5.4235e-06 -4.95543e-06 1.19202e-05 6.88429e-06 8.41891e-06
internal_weight=6878 4590 2288 1716 572 572 4018 786 655 930 828 300 287 272 262 414 310 260 142 395 102 134 414 168 66 153 132 131 89 54
internal_count=6878 4590 2288 1716 572 572 4018 786 655 930 828 300 287 272 262 414 310 260 142 395 102 134 414 168 66 153 132 131 89 54
is_linear=0
shrinkage=0.05


Tree=6
num_leaves=31
num_cat=0
split_feature=12 12 12 8 9 8 14 8 13 8 8 8 8 7 18 7 14 5 4 7 23 14 14 7 27 7 8 7 7 9
split_gain=0.000166462 9.08287e-06 7.80453e-06 3.28297e-06 2.36031e-06 2.00365e-06 1.78098e-06 1.64707e-06 1.53695e-06 1.28217e-06 1.00179e-06 8.7171e-07 6.76026e-07 6.05903e-07 4.92534e-07 3.73531e-07 3.56562e-07 3.17648e-07 2.65102e-07 2.57104e-07 1.8811e-07 1.71041e-07 1.66422e-07 1.57513e-07 1.41368e-07 1.36321e-07 1.33419e-07 1.59169e-07 1.31188e-07 1.27775e-07
threshold=-0.5 -0.25881904510252113 -0.70710678118654735 258.44490064136215 -17.837834927834219 313.52670824671821 0.21862473630160603 299.54689481711222 0.98296291314453421 273.97857004479448 226.39009706154982 208.74077742930891 236.497761277433 143.54589772849121 0.00015179500000000003 121.6872745303951 0.23537774960157334 3.8500000000000001 3.5000000000000004 31.587524471309226 460.50000000000006 -0.97509794945709805 0.23537774960157334 134.86555899557905 51.166666666666679 119.29980650516791 222.25121069428295 147.05448798163789 129.04452365090586 76.493530565059118
decision_type=2 2 2 2 2 2 2 2 2 2 2 2 2 2 2 2 2 2 2 2 2 2 2 2 2 2 2 2 2 2
left_child=2 5 3 12 15 11 9 10 29 -6 -4 -2 -1 -10 -8 17 25 -5 20 -12 -14 -20 28 -21 -18 -9 -13 -28 -7 -3
right_child=1 8 7 4 6 22 14 16 13 -11 19 26 18 -15 -16 -17 24 -19 21 23 -22 -23 -24 -25 -26 -27 27 -29 -30 -31
leaf_value=4.6807098296761609e-06 -5.8605918396701581e-06 -6.6525437574117991e-06 -9.4483575920397321e-07 5.0117029755271909e-06 1.3676325182569046e-05 7.8467734584269385e-06 1.1367034578230597e-05 1.3682069865969806e-05 -7.5838673926131864e-07 1.865304184191586e-05 7.2899820324441075e-06 -2.0790611971296802e-06 1.3187794192722674e-05 -5.383799899341177e-06 1.4387567040771044e-05 3.5167127293789236e-06 6.0983892640346461e-06 1.0775607930380669e-05 1.2684818256485204e-05 4.9215999819173886e-06 8.8183100312259448e-06 8.3811000353996212e-06 3.3882467468592463e-06 8.3759017528521979e-07 1.0620838800066311e-05 9.2439455064171242e-06 8.1502580257742853e-07 -2.9156222918765819e-06 3.5562376674533882e-06 -4.899392933171313e-06
leaf_weight=78 88 3624 75 29 204 62 283 62 160 354 121 76 78 127 258 28 48 136 26 188 36 206 74 27 27 24 214 33 25 107
leaf_count=78 88 3624 75 29 204 62 283 62 160 354 121 76 78 127 258 28 48 136 26 188 36 206 74 27 27 24 214 33 25 107
internal_value=1.69144e-13 -5.49184e-06 1.10173e-05 1.27033e-05 1.39561e-05 4.03139e-07 1.48517e-05 5.95932e-06 -6.33104e-06 1.68336e-05 4.28005e-06 -1.449e-06 8.88565e-06 -2.80517e-06 1.28075e-05 8.85642e-06 1.02461e-05 9.76256e-06 9.83358e-06 5.44632e-06 1.1808e-05 8.86341e-06 5.13128e-06 4.40872e-06 7.72647e-06 1.24435e-05 -2.47086e-07 3.16599e-07 6.61386e-06 -6.60227e-06
internal_weight=6878 4590 2288 1716 1292 572 1099 572 4018 558 411 411 424 287 541 193 161 165 346 336 114 232 161 215 75 86 323 247 87 3731
internal_count=6878 4590 2288 1716 1292 572 1099 572 4018 558 411 411 424 287 541 193 161 165 346 336 114 232 161 215 75 86 323 247 87 3731
is_linear=0
shrinkage=0.05


Tree=7
num_leaves=31
num_cat=0
split_feature=12 12 12 15 8 15 13 23 8 8 21 8 18 7 15 8 8 5 5 27 3 5 7 15 8 7 7 9 7 7
split_gain=0.000150232 8.19729e-06 7.04359e-06 4.45312e-06 1.80829e-06 1.50868e-06 1.3871e-06 1.11736e-06 9.77109e-07 7.86718e-07 7.44715e-07 5.67122e-07 5.64074e-07 5.59445e-07 5.1435e-07 4.67378e-07 4.17386e-07 3.97704e-07 2.51697e-07 2.39157e-07 2.17358e-07 1.71516e-07 1.46963e-07 1.41658e-07 1.3409e-07 1.24805e-07 1.66649e-07 1.20614e-07 1.17275e-07 1.16506e-07
threshold=-0.5 -0.25881904510252113 -0.70710678118654735 -0.42958798411962301 313.52670824671821 0.04621408538533487 0.98296291314453421 624.50000000000011 239.78407604440201 208.74077742930891 17.500000000000004 300.89941900934707 1.8685000000000005e-05 136.45928460076402 -0.73284120334876357 224.72111322930317 250.03553974331544 6.1500000000000012 3.2500000000000004 8.8333333333333339 20.050000000000004 7.7500000000000009 67.990363345414593 -0.68432604233786842 248.02962813885136 134.86555899557905 126.47564345848802 69.524292059438622 46.07241559324693 10.319830303594637
decision_type=2 2 2 2 2 2 2 2 2 2 2 2 2 2 2 2 2 2 2 2 2 2 2 2 2 2 2 2 2 2
left_child=2 4 3 7 9 11 29 12 22 -2 18 24 17 -8 -14 -7 -12 -1 -10 28 21 -13 -5 -6 -4 26 -17 -11 -9 -3
right_child=1 6 5 8 23 15 13 19 10 27 16 20 14 -15 -16 25 -18 -19 -20 -21 -22 -23 -24 -25 -26 -27 -28 -29 -30 -31
leaf_value=8.7625812653100546e-06 -5.5675623901730768e-06 -4.4311255556922769e-06 4.1845542521817455e-06 3.9781795084159619e-06 6.1109150714113831e-06 -1.3614775403206857e-06 -3.9469032577844936e-09 1.1739372908842988e-05 2.2160542823712603e-06 -9.7267929376977335e-07 8.7101668456008538e-06 5.3092918064169599e-06 1.7811998287106116e-05 -4.4962850191154756e-06 1.4154907752810318e-05 2.1299263031190695e-06 1.1800254278874805e-05 1.4595663557013874e-05 8.1573526508358691e-06 8.7239794615575541e-06 1.2205943527684818e-05 9.8642824336674237e-06 7.9190276431160913e-06 3.0953397336991824e-06 6.7796834260727909e-06 7.9571060538270367e-07 6.2255986449599737e-06 1.0303223111346414e-06 1.6080773893918379e-05 -6.3145563999215155e-06
leaf_weight=37 88 84 75 73 95 65 117 70 20 204 140 31 317 170 138 41 498 139 164 65 60 62 35 66 148 27 63 119 20 3647
leaf_count=37 88 84 75 73 95 65 117 70 20 204 140 31 317 170 138 41 498 139 164 65 60 62 35 66 148 27 63 119 20 3647
internal_value=1.22947e-14 -5.21725e-06 1.04664e-05 1.20681e-05 3.82982e-07 5.66135e-06 -6.01449e-06 1.48387e-05 9.72651e-06 -1.37655e-06 1.0314e-05 7.51533e-06 1.5773e-05 -2.66491e-06 1.67028e-05 2.10473e-06 1.11222e-05 1.33694e-05 7.51156e-06 1.1035e-05 9.85967e-06 8.34595e-06 5.25531e-06 4.87472e-06 5.90688e-06 3.82461e-06 4.61096e-06 -2.34731e-07 1.27041e-05 -6.27215e-06
internal_weight=6878 4590 2288 1716 572 572 4018 786 930 411 822 376 631 287 455 196 638 176 184 155 153 93 108 161 223 131 104 323 90 3731
internal_count=6878 4590 2288 1716 572 572 4018 786 930 411 822 376 631 287 455 196 638 176 184 155 153 93 108 161 223 131 104 323 90 3731
is_linear=0
shrinkage=0.05


Tree=8
num_leaves=31
num_cat=0
split_feature=8 9 13 15 8 7 8 8 16 14 14 15 7 9 8 8 14 7 7 2 7 8 14 7 8 21 21 19 14 15
split_gain=0.000111759 3.10914e-05 6.07407e-06 2.50039e-06 2.36755e-06 2.14177e-06 1.30936e-06 1.219e-06 1.11082e-06 6.76042e-07 5.34428e-07 5.23931e-07 5.21391e-07 4.27286e-07 4.09562e-07 2.87102e-07 2.09698e-07 1.89612e-07 1.55346e-07 1.39007e-07 1.11451e-07 1.05035e-07 1.03874e-07 9.85128e-08 8.99053e-08 6.50279e-08 4.14123e-08 4.06817e-08 2.99405e-08 2.42448e-08
threshold=224.72111322930317 -34.484648859997556 -0.60355339059327384 -0.42958798411962301 304.07527270162086 137.03383026550861 201.31954222287254 335.07049946007731 644.95000000000016 -0.99630266176052629 0.23537774960157334 0.91245913578114801 25.472206529763564 -60.224164379586931 326.12423047573299 354.97372237062882 0.9916835347852474 31.587524471309226 134.86555899557905 82.500000000000014 14.606327157728112 215.01485218476412 0.21862473630160603 147.05448798163789 354.97372237062882 963.50000000000011 974.50000000000011 0.00050103500000000004 0.21862473630160603 0.61913436964878354
decision_type=2 2 2 2 2 2 2 2 2 2 2 2 2 2 2 2 2 2 2 2 2 2 2 2 2 2 2 2 2 2
left_child=6 5 12 4 8 7 20 16 -4 19 -6 -11 26 -7 23 22 18 25 -2 -5 28 -8 -9 -15 -16 -14 -3 -19 -1 -23
right_child=1 2 3 9 10 13 21 15 -10 11 -12 -13 17 14 24 -17 -18 27 -20 -21 -22 29 -24 -25 -26 -27 -28 -29 -30 -31
leaf_value=-5.2261793219562001e-06 4.947277652283501e-06 5.5671156870383645e-07 1.5346397631628181e-05 1.6198201830355593e-05 1.0580407092498902e-05 -5.6941746053976724e-06 -2.7465529668204538e-06 1.2852497049964384e-06 1.0948180692752867e-05 9.3552219522210348e-06 5.7239120771298265e-06 5.3096297547148265e-06 5.6223688040156156e-06 5.6444702780943185e-07 -3.2026456163488809e-06 -4.0845691223189031e-06 -7.8804074622563689e-07 5.2306197035093272e-06 1.0985880987479299e-06 1.1152494826525245e-05 -6.0462957284869887e-06 -8.6003102020841944e-07 -1.6634453314599641e-06 -2.4446201672390088e-06 -5.8522590811431443e-06 7.9763243011257142e-06 2.7706148236867585e-06 3.0081230486014737e-06 -3.603325583551648e-06 1.1460184509815008e-06
leaf_weight=60 170 86 569 39 129 167 108 64 192 794 101 89 71 85 70 72 22 29 31 21 3470 61 56 40 59 50 28 71 54 20
leaf_count=60 170 86 569 39 129 167 108 64 192 794 101 89 71 85 70 72 22 29 31 21 3470 61 56 40 59 50 28 71 54 20
internal_value=4.46101e-15 7.02575e-06 1.00628e-05 1.11394e-05 1.28932e-05 -1.21702e-06 -5.78186e-06 1.33198e-06 1.42367e-05 9.29643e-06 8.44777e-06 8.94746e-06 3.84694e-06 -3.7297e-06 -2.43809e-06 -1.58847e-06 3.84644e-06 5.26366e-06 4.3537e-06 1.44322e-05 -5.99576e-06 -1.72576e-06 -9.0808e-08 -3.98454e-07 -4.41448e-06 6.59508e-06 1.10048e-06 3.65265e-06 -4.45746e-06 -3.6471e-07
internal_weight=6878 3105 2269 1934 991 836 3773 415 761 943 230 883 335 421 254 192 223 221 201 60 3584 189 120 125 129 121 114 100 114 81
internal_count=6878 3105 2269 1934 991 836 3773 415 761 943 230 883 335 421 254 192 223 221 201 60 3584 189 120 125 129 121 114 100 114 81
is_linear=0
shrinkage=0.05


Tree=9
num_leaves=31
num_cat=0
split_feature=12 12 12 15 8 15 13 8 21 16 8 8 8 7 15 2 27 7 7 7 27 27 18 15 5 15 9 15 5 19
split_gain=0.00012253 6.61766e-06 5.72954e-06 3.67015e-06 1.43764e-06 1.25301e-06 1.13433e-06 1.09747e-06 7.76854e-07 7.35242e-07 6.29847e-07 5.82456e-07 5.60319e-07 4.5956e-07 4.43773e-07 3.40311e-07 3.02475e-07 2.87395e-07 2.63191e-07 1.40034e-07 1.37698e-07 1.34223e-07 1.33741e-07 1.2763e-07 1.13554e-07 1.3497e-07 1.06975e-07 1.05619e-07 1.03418e-07 1.01976e-07
threshold=-0.5 -0.25881904510252113 -0.70710678118654735 -0.68432604233786842 312.33047237571492 -0.45273527932988084 0.98296291314453421 246.72101321124265 20.500000000000004 652.2650000000001 208.74077742930891 224.72111322930317 304.07527270162086 143.54589772849121 -0.65883892954715351 133.50000000000003 15.16666666666667 121.6872745303951 66.088353772852344 134.86555899557905 1.5000000000000002 37.500000000000007 0.0005291600000000002 -0.68432604233786842 5.1500000000000012 -0.68432604233786842 69.524292059438622 -0.69676771491221523 6.2500000000000009 0.00050103500000000004
decision_type=2 2 2 2 2 2 2 2 2 2 2 2 2 2 2 2 2 2 2 2 2 2 2 2 2 2 2 2 2 2
left_child=2 4 3 9 10 15 -3 18 17 12 -2 -7 16 27 -10 24 -1 -9 22 29 -11 -20 -5 28 -4 -26 -12 -8 -6 -13
right_child=1 6 5 7 23 11 13 8 14 20 26 19 -14 -15 -16 -17 -18 -19 21 -21 -22 -23 -24 -25 25 -27 -28 -29 -30 -31
leaf_value=1.6483628897371118e-05 -5.037490490684088e-06 -5.6610674258619414e-06 6.2940789059477245e-06 2.7645904112667326e-06 2.3184892803501935e-06 -1.2060594555298218e-06 4.7391087657273291e-07 8.0511088900370523e-06 3.4013330036941625e-06 1.248723240335449e-05 -9.6957278159154647e-07 5.1672886109461769e-06 9.1471560956001168e-06 -4.6447492676218931e-06 1.0953142366971085e-05 5.7625445391436612e-06 1.3425843373649537e-05 2.6304988537617647e-06 1.0079704100839659e-05 7.0297402190691275e-07 9.1672649674023897e-06 5.795692101001447e-06 6.1199781731901523e-06 2.6350759485903337e-06 1.1238544792108886e-05 7.5013467033256479e-06 9.290915538751521e-07 -2.1299738937066097e-06 6.294113346927122e-06 2.7707520463290627e-06
leaf_weight=298 88 3731 24 62 21 65 93 193 20 61 197 163 36 127 712 119 111 28 41 27 64 33 57 73 78 35 119 67 74 61
leaf_count=298 88 3731 24 62 21 65 93 193 20 61 197 163 36 127 712 119 111 28 41 27 64 33 57 73 78 35 119 67 74 61
internal_value=-9.14871e-14 -4.71174e-06 9.45231e-06 1.08969e-05 3.20053e-07 5.11857e-06 -5.42806e-06 9.2661e-06 9.96242e-06 1.41756e-05 -1.29639e-06 3.01225e-06 1.51274e-05 -2.39902e-06 1.07468e-05 7.71857e-06 1.56538e-05 7.36433e-06 5.82782e-06 4.10464e-06 1.07874e-05 8.16927e-06 4.37179e-06 4.20722e-06 9.4176e-06 1.0081e-05 -2.54569e-07 -6.16466e-07 5.41529e-06 4.51466e-06
internal_weight=6878 4590 2288 1716 572 572 4018 1146 953 570 404 316 445 287 732 256 409 221 193 251 125 74 119 168 137 113 316 160 95 224
internal_count=6878 4590 2288 1716 572 572 4018 1146 953 570 404 316 445 287 732 256 409 221 193 251 125 74 119 168 137 113 316 160 95 224
is_linear=0
shrinkage=0.05


Tree=10
num_leaves=31
num_cat=0
split_feature=12 12 12 15 8 15 13 23 15 11 12 8 8 15 15 8 15 3 2 23 27 2 3 15 15 6 0 16 3 15
split_gain=0.000110583 5.97244e-06 5.17091e-06 3.33985e-06 1.29747e-06 1.13084e-06 1.02373e-06 8.84022e-07 7.98334e-07 6.24476e-07 6.10545e-07 5.69541e-07 5.25667e-07 4.54895e-07 4.10871e-07 3.69212e-07 3.49967e-07 3.17028e-07 3.07131e-07 2.07469e-07 2.03991e-07 1.6471e-07 1.1542e-07 1.15186e-07 1.05604e-07 1.05229e-07 9.29805e-08 8.54641e-08 8.11836e-08 7.74189e-08
threshold=-0.5 -0.25881904510252113 -0.70710678118654735 -0.42958798411962301 312.33047237571492 -0.45273527932988084 0.98296291314453421 624.50000000000011 0.91245913578114801 20.193750000000005 -0.9159756150367534 215.01485218476412 224.72111322930317 -0.68432604233786842 -0.45273527932988084 250.03553974331544 0.94975093725139803 15.550000000000002 133.50000000000003 79.500000000000014 8.8333333333333339 72.500000000000014 20.050000000000004 -0.68432604233786842 0.32410992729244009 0.00041069500000000004 713.50000000000011 993.6500000000002 17.350000000000005 0.89014232404703397
decision_type=2 2 2 2 2 2 2 2 2 2 2 2 2 2 2 2 2 2 2 2 2 2 2 2 2 2 2 2 2 2
left_child=2 4 3 7 11 18 27 9 10 17 19 24 -7 -11 -8 -12 -10 -1 22 -5 26 -18 -4 28 -2 -22 -9 -3 -6 -13
right_child=1 6 5 8 23 12 14 20 16 13 15 29 -14 -15 -16 -17 21 -19 -20 -21 25 -23 -24 -25 -26 -27 -28 -29 -30 -31
leaf_value=1.5683784074364363e-05 -2.5328594426465508e-06 -5.4220120747587292e-06 7.6076487313936946e-06 1.2261231259035025e-05 3.2307826092749439e-06 -1.1457564496945103e-06 -1.7055785530573076e-07 1.3735126942099834e-05 1.8475867812463144e-07 1.5298808784418874e-05 4.9828683127464364e-06 3.0562097512407137e-07 3.8994063567167492e-06 1.1903049460468337e-05 -3.976480532954602e-06 8.373222598713077e-06 8.201506006159997e-06 9.3197616884712917e-06 5.4744173598824055e-06 9.5894082547154385e-06 4.2161026158282771e-06 3.0090583815460078e-06 1.0519602380107186e-05 2.5033221724965661e-06 -5.3721914837996547e-06 8.5749702722953068e-06 9.9955590324979682e-06 -4.0764577880643216e-06 6.2608773775233809e-06 -2.9258440190460533e-06
leaf_weight=24 66 3609 74 94 35 65 128 22 36 366 109 253 251 135 159 305 42 106 119 320 20 24 63 73 65 45 68 122 60 20
leaf_count=24 66 3609 74 94 35 65 128 22 36 366 109 253 251 135 159 305 42 106 119 320 20 24 63 73 65 45 68 122 60 20
internal_value=6.89414e-14 -4.47615e-06 8.9797e-06 1.0352e-05 3.0405e-07 4.86265e-06 -5.15666e-06 1.27515e-05 8.32415e-06 1.35825e-05 8.83832e-06 -1.23157e-06 2.86164e-06 1.43838e-05 -2.27907e-06 7.48059e-06 4.15031e-06 1.04947e-05 7.33264e-06 1.01961e-05 9.36817e-06 6.31334e-06 8.94672e-06 3.99686e-06 -3.94169e-06 7.23378e-06 1.09097e-05 -5.37801e-06 5.14453e-06 6.88836e-08
internal_weight=6878 4590 2288 1716 572 572 4018 786 930 631 828 404 316 501 287 414 102 130 256 414 155 66 137 168 131 65 90 3731 95 273
internal_count=6878 4590 2288 1716 572 572 4018 786 930 631 828 404 316 501 287 414 102 130 256 414 155 66 137 168 131 65 90 3731 95 273
is_linear=0
shrinkage=0.05


Tree=11
num_leaves=31
num_cat=0
split_feature=12 12 12 15 8 15 13 7 15 12 11 8 27 9 8 8 15 8 15 23 11 2 6 15 8 15 27 9 7 11
split_gain=9.98013e-05 5.39012e-06 4.66675e-06 3.01422e-06 1.17097e-06 1.02612e-06 9.23917e-07 7.99676e-07 7.20496e-07 5.51017e-07 5.29621e-07 5.1538e-07 4.21379e-07 3.82843e-07 3.82489e-07 3.33214e-07 3.15845e-07 3.02295e-07 2.26174e-07 1.87241e-07 1.60843e-07 1.48651e-07 1.26174e-07 1.03956e-07 9.68092e-08 9.64699e-08 9.16346e-08 9.15394e-08 8.91954e-08 8.80406e-08
threshold=-0.5 -0.25881904510252113 -0.70710678118654735 -0.42958798411962301 312.33047237571492 0.04621408538533487 0.98296291314453421 51.866406612036563 0.91245913578114801 -0.9159756150367534 20.193750000000005 208.74077742930891 15.16666666666667 -54.684474731934159 300.89941900934707 250.03553974331544 0.94975093725139803 222.25121069428295 -0.83849291496497236 79.500000000000014 20.034375000000004 72.500000000000014 0.00055551000000000005 -0.68432604233786842 248.02962813885136 -0.72102888505294738 13.833333333333334 69.524292059438622 10.319830303594637 48.584375000000009
decision_type=2 2 2 2 2 2 2 2 2 2 2 2 2 2 2 2 2 2 2 2 2 2 2 2 2 2 2 2 2 2
left_child=2 4 3 7 11 14 28 22 9 19 18 -2 -12 -8 24 -11 -10 -7 -9 -5 -16 -18 29 -6 -4 -15 -26 -13 -3 -1
right_child=1 6 5 8 23 17 13 10 16 15 12 27 -14 25 20 -17 21 -19 -20 -21 -22 -23 -24 -25 26 -27 -28 -29 -30 -31
leaf_value=4.6864770040513208e-06 -4.5541112761136244e-06 -3.4982565271742973e-06 3.3641360397875057e-06 1.1648169411370312e-05 4.8873003388986324e-06 -1.3058644569000689e-06 -4.304061839929474e-06 7.6097536125636211e-06 1.7552077827708167e-07 4.7337248738711073e-06 1.4506348670226586e-05 -8.8899347832556774e-07 1.1469680468475676e-05 5.151478201158814e-07 6.7716350972610812e-06 7.9545614117765208e-06 7.7914307569569378e-06 2.9749560767778767e-06 1.1812798817540208e-05 9.109937664462109e-06 1.0092106022057125e-05 2.8586054393523835e-06 9.8677860478346702e-06 2.3781560629100721e-06 6.6255590928280035e-06 -1.9018687519055911e-06 4.1039042952756828e-06 8.6735594740545108e-07 -5.1462155810069817e-06 8.6880613772726581e-06
leaf_weight=27 88 84 75 94 95 59 121 57 36 109 357 197 168 89 93 305 42 137 73 320 60 24 76 73 86 77 62 119 3647 28
leaf_count=27 88 84 75 94 95 59 121 57 36 109 357 197 168 89 93 305 42 137 73 320 60 24 76 73 86 77 62 119 3647 28
internal_value=-6.85043e-14 -4.25235e-06 8.53071e-06 9.83444e-06 2.88848e-07 4.61951e-06 -4.89883e-06 1.21139e-05 7.90795e-06 8.39641e-06 1.28271e-05 -1.17e-06 1.35346e-05 -2.16511e-06 6.14851e-06 7.10656e-06 3.9428e-06 1.68634e-06 9.96993e-06 9.68625e-06 8.07378e-06 5.99768e-06 8.54773e-06 3.79702e-06 4.82758e-06 -6.05998e-07 5.56919e-06 -2.27583e-07 -5.10911e-06 6.72365e-06
internal_weight=6878 4590 2288 1716 572 572 4018 786 930 828 655 404 525 287 376 414 102 196 130 414 153 66 131 168 223 166 148 316 3731 55
internal_count=6878 4590 2288 1716 572 572 4018 786 930 828 655 404 525 287 376 414 102 196 130 414 153 66 131 168 223 166 148 316 3731 55
is_linear=0
shrinkage=0.05


Tree=12
num_leaves=31
num_cat=0
split_feature=12 12 12 15 8 15 13 15 14 14 14 20 14 14 15 8 8 3 9 17 11 14 17 9 14 15 14 9 15 15
split_gain=9.00706e-05 4.86459e-06 4.21174e-06 2.75949e-06 1.0568e-06 9.2867e-07 8.33835e-07 8.06927e-07 1.57259e-06 8.10527e-07 7.27669e-07 6.43917e-07 6.36995e-07 7.2178e-07 5.62567e-07 4.71389e-07 4.29543e-07 3.94521e-07 3.45515e-07 3.16623e-07 2.41829e-07 1.84799e-07 1.79827e-07 1.31116e-07 1.29638e-07 9.38201e-08 1.05366e-07 9.32709e-08 8.70641e-08 8.70567e-08
threshold=-0.5 -0.25881904510252113 -0.70710678118654735 -0.68432604233786842 312.33047237571492 -0.45273527932988084 0.98296291314453421 0.04621408538533487 0.9916835347852474 0.42958674266195179 0.21862473630160603 0.00042706500000000007 0.54219432480460406 0.67802080537253973 -0.65883892954715351 215.01485218476412 226.39009706154982 18.650000000000002 -54.684474731934159 0.9498237307892613 41.581250000000004 0.23537774960157334 0.74756785659175773 -45.057980879391231 0.54219432480460406 -0.68432604233786842 0.23537774960157334 -57.458630206924063 -0.72102888505294738 0.32410992729244009
decision_type=2 2 2 2 2 2 2 2 2 2 2 2 2 2 2 2 2 2 2 2 2 2 2 2 2 2 2 2 2 2
left_child=2 4 3 10 15 20 -3 14 9 -9 11 22 17 -14 -5 29 -7 -12 -8 -16 21 -4 -1 -18 -23 26 -6 -17 -20 -2
right_child=1 6 5 7 25 16 18 8 -10 -11 12 -13 13 -15 19 27 23 -19 28 -21 -22 24 -24 -25 -26 -27 -28 -29 -30 -31
leaf_value=1.2753023679323725e-05 -2.2979049004568494e-06 -4.8536574745728191e-06 9.6729574486231208e-06 1.8019440955659622e-06 5.8577742317039897e-06 -7.2931460937297751e-07 -4.0888587610116846e-06 4.7826261559402208e-06 -4.5156304016321281e-06 8.7160575099946515e-06 3.0759545400845433e-06 9.5221447477515432e-06 1.6063600657313752e-05 5.8039916363365291e-06 1.0171673774042769e-05 -2.6091487319686639e-06 1.7553430552652572e-07 9.3320679120098693e-06 4.8939042890171468e-07 6.9047673196620783e-06 5.041325829977946e-06 2.6736700306173589e-06 1.5458918534766948e-05 4.0003377569827647e-06 7.7468375580150782e-06 2.2592482608079954e-06 2.3605108543217119e-06 3.9022441247095913e-07 -1.8067752961684024e-06 -4.8758762960250567e-06
leaf_weight=89 66 3731 78 24 62 75 121 210 30 348 36 79 60 24 445 29 25 84 89 89 124 20 198 216 34 73 33 244 77 65
leaf_count=89 66 3731 78 24 62 75 121 210 30 348 36 79 60 24 445 29 25 84 89 89 124 20 198 216 34 73 33 244 77 65
internal_value=3.17652e-14 -4.03973e-06 8.10418e-06 9.34272e-06 2.74405e-07 4.38854e-06 -4.65389e-06 7.92865e-06 6.63617e-06 7.23573e-06 1.21857e-05 1.35195e-05 9.79284e-06 1.31323e-05 9.29062e-06 -1.1115e-06 2.5752e-06 7.45523e-06 -2.05686e-06 9.62719e-06 6.62688e-06 8.11634e-06 1.46198e-05 3.60357e-06 5.86789e-06 3.60717e-06 4.64294e-06 7.16097e-08 -5.75698e-07 -3.57705e-06
internal_weight=6878 4590 2288 1716 572 572 4018 1146 588 558 570 366 204 84 558 404 316 120 287 534 256 132 287 241 54 168 95 273 166 131
internal_count=6878 4590 2288 1716 572 572 4018 1146 588 558 570 366 204 84 558 404 316 120 287 534 256 132 287 241 54 168 95 273 166 131
is_linear=0
shrinkage=0.05


Tree=13
num_leaves=31
num_cat=0
split_feature=8 9 13 3 9 7 15 8 8 8 9 17 7 7 8 15 7 8 8 7 14 9 7 21 8 8 4 14 6 7
split_gain=6.72654e-05 1.85088e-05 3.76334e-06 2.17224e-06 1.33586e-06 8.89627e-07 7.69468e-07 7.46813e-07 7.46315e-07 7.42442e-07 5.13144e-07 4.77187e-07 3.43004e-07 3.21203e-07 3.17737e-07 2.95698e-07 2.4352e-07 2.10383e-07 1.64129e-07 1.52275e-07 1.06358e-07 1.0994e-07 8.55966e-08 8.14775e-08 6.77508e-08 6.21474e-08 5.47405e-08 4.66769e-08 4.42216e-08 4.14989e-08
threshold=224.72111322930317 -34.484648859997556 -0.3794095225512602 19.950000000000003 -45.057980879391231 112.39259302514411 -0.68432604233786842 322.93462131557686 201.31954222287254 256.53320538400237 -22.172311483949578 0.99693430275816175 148.00001953910112 26.617429685811743 326.12423047573299 -0.6391983530350368 113.97519241024931 239.78407604440201 342.23210573242926 38.497484314770638 0.98213580174693105 -37.953217055190684 14.606327157728112 886.50000000000011 354.97372237062882 215.01485218476412 92.500000000000014 0.21862473630160603 0.00069333500000000011 155.86547814042794
decision_type=2 2 2 2 2 2 2 2 2 2 2 2 2 2 2 2 2 2 2 2 2 2 2 2 2 2 2 2 2 2
left_child=8 4 9 5 12 11 10 20 22 13 -5 -4 14 -3 26 -8 -7 -15 27 28 21 -6 -1 -21 -16 -10 -2 -9 -11 -14
right_child=1 2 3 6 7 16 15 18 25 19 -12 -13 29 17 24 -17 -18 -19 -20 23 -22 -23 -24 -25 -26 -27 -28 -29 -30 -31
leaf_value=-3.2989880393966143e-06 7.1684724910639892e-07 9.2404489660592902e-07 8.5780383175739841e-06 8.224551940478049e-06 3.4814127737896032e-06 7.1823411360583125e-07 4.3748637348731531e-06 1.4134576582395753e-06 -2.2085678716976531e-06 3.9243527839680142e-06 1.3200467806137531e-05 9.1102856675293194e-07 -3.3825104740679565e-06 2.6385877384715223e-06 -2.1693339119537045e-06 9.7130081678046657e-06 5.3891746435162509e-06 5.3540460520101386e-06 -2.58256126977286e-06 6.4289411230649629e-06 4.3855978955911094e-07 6.647598668981421e-06 -4.6913916036071124e-06 8.9761007244912139e-06 -4.4104605755516482e-06 -3.7643037561663752e-07 -2.122950361922449e-06 -6.3926633869551499e-07 6.2904829962917579e-06 -4.8029727258835922e-06
leaf_weight=114 112 114 604 61 115 32 28 58 108 39 344 21 93 136 77 353 218 150 76 54 21 36 3470 75 60 81 20 53 40 115
leaf_count=114 112 114 604 61 115 32 28 58 108 39 344 21 93 136 77 353 218 150 76 54 21 36 3470 75 60 81 20 53 40 115
internal_value=-8.1546e-14 5.45064e-06 7.79386e-06 9.02585e-06 -9.09143e-07 7.3121e-06 1.09336e-05 1.39474e-06 -4.48562e-06 4.42818e-06 1.2451e-05 8.32043e-06 -2.64309e-06 3.16824e-06 -1.46408e-06 9.3207e-06 4.79129e-06 4.06278e-06 -7.92381e-07 6.85115e-06 3.77259e-06 4.23627e-06 -4.6471e-06 7.90985e-06 -3.15085e-06 -1.42337e-06 2.86575e-07 4.33328e-07 5.12239e-06 -4.16786e-06
internal_weight=6878 3105 2269 1661 836 875 786 359 3773 608 405 625 477 400 269 381 250 286 187 208 172 151 3584 129 137 189 132 111 79 208
internal_count=6878 3105 2269 1661 836 875 786 359 3773 608 405 625 477 400 269 381 250 286 187 208 172 151 3584 129 137 189 132 111 79 208
is_linear=0
shrinkage=0.05


Tree=14
num_leaves=31
num_cat=0
split_feature=12 12 12 15 15 14 26 13 15 15 14 12 14 14 19 14 7 2 2 15 21 19 14 2 17 14 14 2 14 5
split_gain=7.34524e-05 3.93708e-06 3.41908e-06 2.30294e-06 7.65604e-07 7.33491e-07 7.64052e-07 6.78936e-07 6.61558e-07 5.89232e-07 4.78793e-07 4.18405e-07 3.28582e-07 3.82163e-07 2.8834e-07 2.85464e-07 2.83165e-07 2.71164e-07 2.23155e-07 2.1911e-07 2.03737e-07 1.86163e-07 1.44661e-07 1.25294e-07 1.23832e-07 1.20512e-07 1.1057e-07 1.0633e-07 1.03401e-07 9.01324e-08
threshold=-0.5 -0.25881904510252113 -0.70710678118654735 -0.42958798411962301 -0.45273527932988084 0.21862473630160603 0.00024710740829280358 0.98296291314453421 -0.28519997588938989 0.91245913578114801 -0.99630266176052629 -0.9159756150367534 0.85226249403558707 0.67802080537253973 0.00017011500000000003 0.31799963745711152 143.54589772849121 145.50000000000003 133.50000000000003 0.91245913578114801 46.500000000000007 0.00045908 0.23537774960157334 72.500000000000014 0.8662101906326648 0.54219432480460406 0.44505654568748165 82.500000000000014 0.23537774960157334 5.9500000000000011
decision_type=2 2 2 2 2 2 2 2 2 2 2 2 2 2 2 2 2 2 2 2 2 2 2 2 2 2 2 2 2 2
left_child=2 8 3 5 18 6 20 -3 17 10 27 -12 13 -7 26 23 -9 28 22 21 -1 29 -4 -11 -8 -24 -10 -5 -2 -6
right_child=1 7 4 9 19 12 24 16 14 15 11 -13 -14 -15 -16 -17 -18 -19 -20 -21 -22 -23 25 -25 -26 -27 -28 -29 -30 -31
leaf_value=1.0675651044922246e-05 4.3364017553788044e-06 -4.3808518911531452e-06 8.7503121528698104e-06 1.3038383454281407e-05 2.0407382845195782e-06 9.3169124129370101e-06 5.6615612178435325e-06 -4.5792913688780246e-07 -1.7164454831318751e-06 6.76503287823358e-06 8.0231850892934869e-06 5.6890927359128566e-06 1.3036987785300072e-05 5.4105099228725832e-06 -3.2725583561266093e-06 -4.1684416171645157e-07 -3.6199780900578769e-06 1.6061628836709802e-07 4.4190868198184188e-06 -1.4675463235642598e-06 1.3747386211552142e-05 1.1384632147708067e-06 2.443876252029787e-06 2.2362969000748005e-06 9.4391431582868122e-06 7.2099553158801022e-06 1.0955201766194022e-06 8.625406129188681e-06 1.837998021645298e-06 4.5237298164540623e-06
leaf_weight=69 91 3731 80 39 52 180 26 160 58 42 384 384 36 96 128 36 127 131 119 34 248 107 21 24 131 36 88 21 76 123
leaf_count=69 91 3731 80 39 52 180 26 160 58 42 384 384 36 96 128 36 127 131 119 34 248 107 21 24 131 36 88 21 76 123
internal_value=-5.09377e-14 -3.64807e-06 7.31847e-06 8.4344e-06 3.97069e-06 1.04268e-05 1.1666e-05 -4.20059e-06 2.33052e-07 6.75047e-06 7.1922e-06 6.85614e-06 8.54418e-06 7.95816e-06 -1.54028e-06 3.16467e-06 -1.85716e-06 1.86356e-06 6.00303e-06 2.32423e-06 1.30788e-05 2.78139e-06 7.37887e-06 5.11822e-06 8.81356e-06 5.45403e-06 -2.15621e-08 1.14938e-05 3.1994e-06 3.78593e-06
internal_weight=6878 4590 2288 1716 572 786 474 4018 572 930 828 768 312 276 274 102 287 298 256 316 317 282 137 66 157 57 146 60 167 175
internal_count=6878 4590 2288 1716 572 786 474 4018 572 930 828 768 312 276 274 102 287 298 256 316 317 282 137 66 157 57 146 60 167 175
is_linear=0
shrinkage=0.05


Tree=15
num_leaves=31
num_cat=0
split_feature=12 12 12 15 8 15 14 20 8 8 21 14 14 14 8 7 8 7 5 14 5 14 7 8 15 14 14 7 7 7
split_gain=6.62908e-05 3.55321e-06 3.08572e-06 2.08318e-06 7.83457e-07 6.967e-07 6.64074e-07 6.87135e-07 5.56896e-07 5.45371e-07 4.98548e-07 3.93691e-07 3.80592e-07 3.44902e-07 3.27024e-07 2.76689e-07 2.6256e-07 2.31857e-07 2.30394e-07 1.75151e-07 1.64508e-07 1.53445e-07 1.24444e-07 1.19736e-07 1.0329e-07 1.01493e-07 9.7205e-08 9.03357e-08 8.86781e-08 7.77265e-08
threshold=-0.5 -0.25881904510252113 -0.70710678118654735 -0.45273527932988084 222.25121069428295 0.04621408538533487 0.21862473630160603 0.00040960000000000004 239.78407604440201 305.477147762892 17.500000000000004 0.9916835347852474 0.85226249403558707 0.67802080537253973 314.38522753639387 136.45928460076402 300.89941900934707 126.47564345848802 3.2500000000000004 0.23537774960157334 14.850000000000003 0.41398981800788198 50.344608515650599 342.23210573242926 0.30778899014954286 -0.70973637838083836 0.23537774960157334 67.990363345414593 147.05448798163789 14.606327157728112
decision_type=2 2 2 2 2 2 2 2 2 2 2 2 2 2 2 2 2 2 2 2 2 2 2 2 2 2 2 2 2 2
left_child=2 4 3 6 24 16 7 20 27 29 18 -12 13 -8 28 23 -4 22 -10 -18 -1 -19 -7 -11 -2 -9 -16 -5 -6 -3
right_child=1 9 5 8 14 17 12 25 10 15 11 -13 -14 -15 26 -17 19 21 -20 -21 -22 -23 -24 -25 -26 -27 -28 -29 -30 -31
leaf_value=1.2623864879869517e-05 -1.6544205378128946e-06 -2.914996033665742e-06 3.9376122916950193e-06 2.0636482484200294e-06 6.4915496429436689e-07 1.0251627916501172e-06 8.851066766087317e-06 4.4207199496781864e-06 -3.3139444245274978e-07 2.1893211220780153e-07 7.9732854214720658e-06 4.1228523071670983e-06 1.3490131326155582e-05 5.1399844352317816e-06 4.3693272587061293e-06 -3.3873606825067818e-06 8.22214265941444e-06 5.7195456975023269e-07 5.2271711773158481e-06 4.832813113529887e-06 9.4480633746802883e-06 4.8302333945165247e-06 -2.5688854504022784e-06 -2.3343984536703282e-06 -4.2071125654498487e-06 8.3707928804388994e-06 1.8587430654785447e-06 5.1533475032426524e-06 -2.1303665247077414e-06 -4.2419912766000749e-06
leaf_weight=308 97 114 223 73 220 69 180 20 21 106 578 75 30 96 83 271 81 34 166 72 47 56 37 81 67 87 72 35 33 3446
leaf_count=308 97 114 223 73 220 69 180 20 21 106 578 75 30 96 83 271 81 34 166 72 47 56 37 81 67 87 72 35 33 3446
internal_value=-3.13887e-15 -3.46567e-06 6.95255e-06 8.01268e-06 2.21399e-07 3.77215e-06 9.9482e-06 1.11448e-05 6.44466e-06 -3.99056e-06 6.8792e-06 7.53105e-06 8.14162e-06 7.56026e-06 1.3946e-06 -2.36649e-06 5.03203e-06 1.35524e-06 4.60295e-06 6.62716e-06 1.22034e-05 3.22155e-06 -2.29363e-07 -8.87056e-07 -2.69729e-06 7.63246e-06 3.20312e-06 3.06494e-06 2.86609e-07 -4.1995e-06
internal_weight=6878 4590 2288 1716 572 572 768 462 948 4018 840 653 306 276 408 458 376 196 187 153 355 90 106 187 164 107 155 108 253 3560
internal_count=6878 4590 2288 1716 572 572 768 462 948 4018 840 653 306 276 408 458 376 196 187 153 355 90 106 187 164 107 155 108 253 3560
is_linear=0
shrinkage=0.05


Tree=16
num_leaves=31
num_cat=0
split_feature=21 13 21 13 7 13 15 13 7 9 15 13 14 14 14 15 15 3 14 3 13 15 13 3 15 14 13 7 9 15
split_gain=1.07998e-05 3.54696e-05 4.3904e-06 3.36147e-06 5.09509e-06 2.3146e-06 1.29642e-06 1.09206e-06 1.59855e-06 1.08747e-06 9.5609e-07 7.824e-07 4.40442e-07 1.07411e-06 3.91525e-07 1.07519e-06 4.33437e-07 3.75944e-07 3.31727e-07 2.99082e-07 2.73916e-07 2.69393e-07 2.17133e-07 1.94369e-07 1.94325e-07 2.76376e-07 1.9257e-07 8.04231e-07 1.83052e-07 1.94866e-07
threshold=3.5000000000000004 -0.3794095225512602 818.50000000000011 0.60355339059327384 121.47277138685801 -0.78656609248549325 -0.73284120334876357 -0.60355339059327384 62.732563898845576 -45.057980879391231 -0.23537842981696178 0.91597561503675351 0.54219432480460406 0.21862473630160603 0.9916835347852474 0.04621408538533487 0.9052873537896472 18.650000000000002 0.98522604642031408 17.450000000000003 -0.60355339059327384 -0.99938741687870725 -0.9159756150367534 15.350000000000003 0.18281312110578132 0.90162119223771331 -0.78656609248549325 53.710178897188733 -60.224164379586931 0.21652257995689161
decision_type=2 2 2 2 2 2 2 2 2 2 2 2 2 2 2 2 2 2 2 2 2 2 2 2 2 2 2 2 2 2
left_child=3 2 7 -1 19 22 12 26 -9 28 11 -11 13 21 16 -16 18 -15 -8 24 -7 -3 -4 -18 25 -5 -2 -28 -6 -30
right_child=1 6 5 4 9 20 14 8 -10 10 -12 -13 -14 17 15 -17 23 -19 -20 -21 -22 -23 -24 -25 -26 -27 27 -29 29 -31
leaf_value=-4.0411141526419669e-06 -3.858209105530512e-06 6.1209962768771221e-06 -3.0250014109104279e-06 4.1051892840944982e-06 -3.9577433663377326e-06 3.5914900372966386e-06 7.8555566235934784e-06 3.8071208838397044e-06 -3.7072856531873789e-06 -3.3167944428228736e-06 3.0508380847803754e-06 3.7520164223827974e-07 1.5140440264076459e-05 1.6061531675227849e-06 7.9331291423538154e-06 -6.0000108533131426e-06 -6.6826632811561082e-08 7.9930529150118442e-06 1.3957904055765224e-05 7.2243322110181541e-06 6.57224163873082e-06 1.2138934672756873e-05 -2.0251127662356925e-07 5.6486765676227683e-06 6.5627564183361969e-06 -2.4804484166365693e-06 1.3591267831318488e-06 -3.9647277321130261e-06 -3.0576440106698095e-06 -8.8122331827638475e-07
leaf_weight=1337 1148 20 112 66 336 173 702 134 150 271 156 305 50 36 45 20 21 64 23 138 139 265 174 51 45 21 97 264 373 142
leaf_count=1337 1148 20 112 66 336 173 702 134 150 271 156 305 50 36 45 20 21 64 23 138 139 265 174 51 45 21 97 264 373 142
internal_value=1.69287e-14 1.84267e-06 -1.76879e-06 -2.13033e-06 -7.51638e-07 1.94119e-06 8.50034e-06 -3.00614e-06 -1.61756e-07 -1.83444e-06 -4.21426e-07 -1.36183e-06 1.07256e-05 1.01522e-05 7.37738e-06 3.64601e-06 7.6817e-06 5.69377e-06 8.04915e-06 5.5968e-06 4.91945e-06 1.17166e-05 -1.30782e-06 3.98165e-06 3.89528e-06 2.51555e-06 -3.54147e-06 -2.53422e-06 -3.04987e-06 -2.45754e-06
internal_weight=6878 3688 2391 3190 1853 598 1297 1793 284 1583 732 576 435 385 862 65 797 100 725 270 312 285 286 72 132 87 1509 361 851 515
internal_count=6878 3688 2391 3190 1853 598 1297 1793 284 1583 732 576 435 385 862 65 797 100 725 270 312 285 286 72 132 87 1509 361 851 515
is_linear=0
shrinkage=0.05


Tree=17
num_leaves=31
num_cat=0
split_feature=12 12 12 27 14 22 5 25 14 12 21 20 25 7 9 5 9 9 14 12 17 9 14 5 27 18 14 14 14 14
split_gain=5.41482e-05 2.98342e-06 2.46532e-06 1.19372e-06 5.49878e-07 5.10523e-07 4.82037e-07 4.12051e-07 4.08114e-07 3.7995e-07 3.57973e-07 3.72809e-07 2.96408e-07 3.58175e-07 3.20225e-07 2.90512e-07 2.78712e-07 2.76527e-07 2.46399e-07 2.08917e-07 1.71909e-07 2.1034e-07 1.47038e-07 1.27085e-07 1.13772e-07 1.13441e-07 9.51927e-08 8.68469e-08 8.36806e-08 8.3276e-08
threshold=-0.5 -0.25881904510252113 -0.70710678118654735 16.166666666666668 0.16799745313369893 458.50000000000006 20.550000000000004 0.00010859431340914191 -0.95995996396290595 1.0000000180025095e-35 26.500000000000004 0.00020549000000000004 0.00012594113899328579 36.85595259520818 -34.484648859997556 5.7500000000000009 -46.144473956455506 63.995476958209537 -0.73354686966117377 -0.9159756150367534 0.50156755663430441 -54.684474731934159 0.23537774960157334 5.6500000000000012 21.500000000000004 0.00011291500000000001 0.54219432480460406 0.23537774960157334 -0.96902457013955734 0.54219432480460406
decision_type=2 2 2 2 2 2 2 2 2 2 2 2 2 2 2 2 2 2 2 2 2 2 2 2 2 2 2 2 2 2
left_child=2 7 3 4 5 8 10 16 -1 20 15 -12 14 -14 24 -5 -2 -9 -7 25 21 -3 -16 -21 -4 -6 -24 -18 -15 -29
right_child=1 9 12 6 19 18 -8 17 -10 -11 11 -13 13 28 22 -17 27 -19 -20 23 -22 -23 26 -25 -26 -27 -28 29 -30 -31
leaf_value=7.459439172098661e-06 -2.8341580128303357e-07 -3.1523623464230443e-06 4.7015363096844256e-06 1.1323992306902905e-06 6.0010736049460125e-06 4.0601209618924064e-06 8.6123422298732707e-07 -2.8934156414003789e-06 1.1558737340928133e-05 -3.8116830061366618e-06 7.5559269211773319e-06 5.0372900717426159e-06 3.778556560002437e-06 2.4625700628381052e-06 7.4647597116603631e-06 5.6639186839883377e-06 3.9771851580179134e-06 2.8361827326770982e-07 8.5017414726971589e-06 8.2162888097803672e-06 -3.2935533787773846e-06 -4.1814916754330982e-07 1.6789058825204188e-06 5.0613923947619024e-06 1.5693513482266794e-06 8.8656182674487553e-06 5.462698158332976e-06 -1.0110638371651521e-06 -6.8904547119660395e-07 2.5974154079361133e-06
leaf_weight=78 122 121 44 56 45 45 45 124 274 3444 427 224 158 28 82 96 85 153 102 42 285 168 22 133 85 149 68 21 85 67
leaf_count=78 122 121 44 56 45 45 45 124 274 3444 427 224 158 28 82 96 85 153 102 42 285 168 22 133 85 149 68 21 85 67
internal_value=-2.33415e-14 -3.13222e-06 6.28361e-06 7.23119e-06 8.53466e-06 9.61686e-06 5.89698e-06 2.46309e-07 1.06504e-05 -3.61319e-06 6.17918e-06 6.6893e-06 3.44085e-06 2.24131e-06 4.52084e-06 3.99441e-06 1.54671e-06 -1.13859e-06 7.14206e-06 7.07121e-06 -2.42221e-06 -1.56292e-06 5.9332e-06 5.81857e-06 2.63769e-06 8.20116e-06 4.53777e-06 2.83731e-06 9.18858e-08 1.7363e-06
internal_weight=6878 4590 2288 1716 868 499 848 572 352 4018 803 651 572 271 301 152 295 277 147 369 574 289 172 175 129 194 90 173 113 88
internal_count=6878 4590 2288 1716 868 499 848 572 352 4018 803 651 572 271 301 152 295 277 147 369 574 289 172 175 129 194 90 173 113 88
is_linear=0
shrinkage=0.05


Tree=18
num_leaves=31
num_cat=0
split_feature=12 12 12 15 15 27 15 5 15 13 22 15 13 15 5 3 17 15 2 7 15 24 15 2 5 5 19 5 15 7
split_gain=4.88687e-05 2.69254e-06 2.22496e-06 1.63615e-06 8.93681e-07 6.09176e-07 5.5147e-07 5.50314e-07 5.44158e-07 4.71661e-07 4.63952e-07 4.61479e-07 3.55507e-07 3.18642e-07 2.87335e-07 3.27134e-07 2.91207e-07 2.62244e-07 2.10679e-07 2.05069e-07 2.01174e-07 1.99133e-07 1.86729e-07 1.47184e-07 1.28211e-07 1.06666e-07 9.73928e-08 1.12592e-07 8.66121e-08 8.29063e-08
threshold=-0.5 -0.25881904510252113 -0.70710678118654735 0.04621408538533487 0.13185577213185923 1.0000000180025095e-35 -0.73284120334876357 6.9500000000000011 -0.68432604233786842 0.98296291314453421 629.50000000000011 -0.42958798411962301 -0.3794095225512602 -0.84313311835787952 13.550000000000002 17.250000000000004 0.89051835074284369 0.29137697329261131 151.50000000000003 130.1185447242822 -0.69676771491221523 0.00053261348060629047 0.72100388094302625 150.50000000000003 10.450000000000001 5.1500000000000012 0.00045908 5.7500000000000009 0.26659387353423869 145.27278087689675
decision_type=2 2 2 2 2 2 2 2 2 2 2 2 2 2 2 2 2 2 2 2 2 2 2 2 2 2 2 2 2 2
left_child=2 11 3 6 7 17 10 -5 23 -3 13 18 -7 -1 16 -16 -8 -6 -2 28 -11 -12 26 25 -24 -4 27 -10 -13 -21
right_child=1 9 8 4 5 12 14 -9 22 20 21 19 -14 -15 15 -17 -18 -19 -20 29 -22 -23 24 -25 -26 -27 -28 -29 -30 -31
leaf_value=9.1324372758247211e-06 3.0231907388924443e-06 -3.5827750345119366e-06 3.762550120237999e-06 -6.9159393206064125e-06 1.4038211338629482e-05 1.3674358680246553e-06 7.148763635792708e-06 2.858548951836484e-06 1.2454734362184659e-06 4.3263246385610919e-07 2.2857317346733909e-06 -1.2645276935583575e-06 5.2188699785561282e-06 1.2345348251056196e-05 1.4738201744399878e-05 7.9377142225516594e-06 4.3763850105091386e-06 7.628895496975619e-06 1.6330949111071483e-07 1.0877360857080021e-06 -2.3958536011490388e-06 7.4136686333321664e-06 2.3770362905716248e-06 3.8922292337214716e-06 -1.8412170204608755e-06 7.5524200915757182e-06 1.6025301181837916e-06 4.1107550930835007e-06 -3.6028893153646402e-06 -1.405850461026148e-06
leaf_weight=317 148 3731 24 24 20 72 342 36 45 93 25 88 357 102 21 112 131 79 114 100 194 78 31 84 43 82 119 144 72 50
leaf_count=317 148 3731 24 24 20 72 342 36 45 93 25 88 357 102 21 112 131 79 114 100 194 78 31 84 43 82 119 144 72 50
internal_value=1.2469e-14 -2.97561e-06 5.96943e-06 6.86963e-06 4.73123e-06 5.38833e-06 7.98433e-06 -1.05125e-06 3.26881e-06 -3.43253e-06 9.17551e-06 2.33993e-07 4.57248e-06 9.91458e-06 6.95827e-06 9.01148e-06 6.38094e-06 8.92371e-06 1.77881e-06 -1.07163e-06 -1.47931e-06 6.16902e-06 2.18118e-06 5.45551e-06 -7.41109e-08 6.69434e-06 2.72304e-06 3.42855e-06 -2.31679e-06 2.56541e-07
internal_weight=6878 4590 2288 1716 588 528 1128 60 572 4018 522 572 429 419 606 133 473 99 262 310 287 103 382 190 74 106 308 189 160 150
internal_count=6878 4590 2288 1716 588 528 1128 60 572 4018 522 572 429 419 606 133 473 99 262 310 287 103 382 190 74 106 308 189 160 150
is_linear=0
shrinkage=0.05


Tree=19
num_leaves=31
num_cat=0
split_feature=12 12 12 15 14 14 22 14 16 15 13 15 5 24 20 9 14 2 9 27 15 9 15 9 14 14 9 15 9 9
split_gain=4.4104e-05 2.43001e-06 2.00802e-06 1.47663e-06 1.17421e-06 6.24848e-07 6.74586e-07 5.8479e-07 5.96938e-07 4.93606e-07 4.25674e-07 4.16485e-07 3.66457e-07 3.84002e-07 3.177e-07 3.0758e-07 2.2981e-07 1.90138e-07 1.85075e-07 1.81721e-07 1.81559e-07 1.79819e-07 1.73899e-07 1.80966e-07 1.23016e-07 1.16139e-07 9.84357e-08 7.81674e-08 7.71296e-08 7.67836e-08
threshold=-0.5 -0.25881904510252113 -0.70710678118654735 0.04621408538533487 0.9916835347852474 0.42958674266195179 326.50000000000006 0.21862473630160603 521.20500000000015 0.04621408538533487 0.98296291314453421 -0.42958798411962301 12.450000000000001 0.00015907215334622912 0.00019558000000000002 -10.901771773711673 0.31799963745711152 151.50000000000003 -40.246320000105591 8.8333333333333339 -0.69676771491221523 -36.595518766941346 -0.73284120334876357 -24.096977632222835 0.41398981800788198 0.23537774960157334 35.788125863564169 0.26659387353423869 -56.554683762400792 -30.422309830468411
decision_type=2 2 2 2 2 2 2 2 2 2 2 2 2 2 2 2 2 2 2 2 2 2 2 2 2 2 2 2 2 2
left_child=2 11 3 7 5 16 -7 8 15 22 -3 17 13 -9 -14 -1 -5 -2 28 -10 -12 24 23 -4 -11 -25 -23 -20 -13 -24
right_child=1 10 9 4 -6 6 -8 12 19 21 20 18 14 -15 -16 -17 -18 -19 27 -21 -22 26 29 25 -26 -27 -28 -29 -30 -31
leaf_value=7.6258820467435259e-06 2.8720311644446082e-06 -3.4036362779618856e-06 8.7876435079505742e-06 3.6858955692561526e-06 -5.1416275588659729e-06 7.7793407237990721e-06 3.0086859182136954e-06 4.1715601582836829e-06 7.3669132179192456e-06 3.4221020324393441e-07 4.1100085694466461e-07 -1.7027765448131648e-06 1.1471367218973683e-05 7.2933779887987187e-06 5.3441100349386141e-06 1.0531323116454611e-05 -4.4919510146644917e-07 1.5514402546438776e-07 -1.2013013194720683e-06 4.1781730615753078e-06 -2.2760609369154472e-06 -3.3017786312877273e-06 4.5671992569568278e-06 5.5864997064023366e-06 4.1549625190587647e-06 2.5690240240313265e-06 4.5528220590811201e-07 -3.4227447662892201e-06 9.0412983884442216e-07 2.4887539936457873e-06
leaf_weight=131 148 3731 31 168 30 241 107 212 148 34 93 38 56 184 34 299 42 114 88 64 194 22 66 95 56 48 84 72 112 136
leaf_count=131 148 3731 31 168 30 241 107 212 148 34 93 38 56 184 34 299 42 114 88 64 194 22 66 95 56 48 84 72 112 136
internal_value=9.43921e-15 -2.82683e-06 5.67096e-06 6.52615e-06 4.49467e-06 5.01275e-06 6.3125e-06 7.58512e-06 8.57564e-06 3.10537e-06 -3.2609e-06 2.22294e-07 6.27664e-06 5.6221e-06 9.15663e-06 9.64618e-06 2.85888e-06 1.68987e-06 -1.01805e-06 6.40427e-06 -1.40534e-06 1.07101e-06 4.16583e-06 5.32441e-06 2.71459e-06 4.57364e-06 -3.24485e-07 -2.20095e-06 2.43714e-07 3.16785e-06
internal_weight=6878 4590 2288 1716 588 558 348 1128 642 572 4018 572 486 396 90 430 210 262 310 212 287 196 376 174 90 143 106 160 150 202
internal_count=6878 4590 2288 1716 588 558 348 1128 642 572 4018 572 486 396 90 430 210 262 310 212 287 196 376 174 90 143 106 160 150 202
is_linear=0
shrinkage=0.05


Tree=20
num_leaves=31
num_cat=0
split_feature=21 13 21 13 7 13 15 9 13 7 15 13 14 14 3 14 5 14 15 3 13 21 13 15 5 7 15 13 7 5
split_gain=7.22677e-06 2.3888e-05 2.95454e-06 2.23051e-06 3.34576e-06 1.49157e-06 9.16729e-07 7.4654e-07 6.98685e-07 1.03023e-06 6.1542e-07 5.48684e-07 4.14205e-07 8.49309e-07 3.361e-07 3.29412e-07 2.74585e-07 2.7598e-07 2.36825e-07 2.35117e-07 1.75565e-07 1.57231e-07 1.47149e-07 1.44723e-07 2.43757e-07 1.31001e-07 1.6037e-07 1.29775e-07 5.35286e-07 9.78442e-08
threshold=3.5000000000000004 -0.3794095225512602 823.50000000000011 0.60355339059327384 121.47277138685801 -0.78656609248549325 -0.73284120334876357 -45.057980879391231 -0.60355339059327384 62.732563898845576 -0.23537842981696178 0.91597561503675351 0.54219432480460406 0.21862473630160603 18.650000000000002 -0.99630266176052629 20.550000000000004 -0.95244167294248061 -0.99938741687870725 17.450000000000003 -0.60355339059327384 944.50000000000011 0.78656609248549303 0.18281312110578132 6.5500000000000007 148.00001953910112 0.20812153622207724 -0.78656609248549325 50.344608515650599 16.950000000000003
decision_type=2 2 2 2 2 2 2 2 2 2 2 2 2 2 2 2 2 2 2 2 2 2 2 2 2 2 2 2 2 2
left_child=3 2 8 -1 19 21 12 25 27 29 11 -9 13 18 -15 -8 17 -17 -3 23 -7 -4 -12 24 -5 26 -6 -2 -29 -10
right_child=1 6 5 4 7 20 15 10 9 -11 22 -13 -14 14 -16 16 -18 -19 -20 -21 -22 -23 -24 -25 -26 -27 -28 28 -30 -31
leaf_value=-3.2991538319038227e-06 -3.1479495527817235e-06 4.4308075121080036e-06 -1.7588618660222699e-06 -1.7316121340715449e-06 -2.4455860975190116e-06 2.9793195258943181e-06 1.0457596717969865e-05 -2.7179067000599386e-06 3.5425798720234925e-06 -3.0698001329104354e-06 -2.9445895782948135e-07 3.7386716702466866e-07 1.312356678681681e-05 4.5672365255692669e-07 6.4956959811235398e-06 3.5716157078497017e-06 1.0323787168529416e-06 6.3462251599084045e-06 1.0073260631852121e-05 5.9678902628719159e-06 5.3944914915438895e-06 8.3172372103216542e-07 3.315790178917536e-06 5.3182192924497138e-06 3.7946677950222761e-06 -3.155078729474991e-06 -2.2530806847634754e-07 1.3563840971021391e-06 -3.1394894959425938e-06 8.583076123613864e-08
leaf_weight=1337 1152 20 199 31 339 170 40 271 113 150 37 305 50 36 64 103 29 690 265 138 135 83 119 45 56 405 107 87 277 25
leaf_count=1337 1152 20 199 31 339 170 40 271 113 150 37 305 50 36 64 103 29 690 265 138 135 83 119 45 56 405 107 87 277 25
internal_value=-2.75818e-15 1.50734e-06 -1.45643e-06 -1.74265e-06 -6.19589e-07 1.6248e-06 6.971e-06 -1.49704e-06 -2.45903e-06 -2.01433e-07 -3.26283e-07 -1.08077e-06 8.84224e-06 8.28623e-06 4.32167e-06 6.0267e-06 5.81108e-06 5.98584e-06 9.6773e-06 4.52485e-06 4.04833e-06 -9.96385e-07 2.45951e-06 3.01622e-06 1.82553e-06 -2.50408e-06 -1.91292e-06 -2.88791e-06 -2.06493e-06 2.91636e-06
internal_weight=6878 3688 2391 3190 1853 587 1297 1583 1804 288 732 576 435 385 100 862 822 793 285 270 305 282 156 132 87 851 446 1516 364 138
internal_count=6878 3688 2391 3190 1853 587 1297 1583 1804 288 732 576 435 385 100 862 822 793 285 270 305 282 156 132 87 851 446 1516 364 138
is_linear=0
shrinkage=0.05


Tree=21
num_leaves=31
num_cat=0
split_feature=12 12 15 12 22 3 22 5 14 14 14 15 12 21 5 14 7 6 15 15 24 15 15 12 20 25 22 7 2 5
split_gain=3.60235e-05 2.05465e-06 1.65965e-06 1.11071e-06 7.47e-07 4.8111e-07 4.62592e-07 4.45216e-07 3.59506e-07 7.16384e-07 6.07486e-07 3.48484e-07 2.70657e-07 2.54846e-07 3.05529e-07 2.44944e-07 2.21068e-07 2.10494e-07 1.77456e-07 2.01677e-07 1.60001e-07 1.54512e-07 1.4879e-07 1.47304e-07 2.45501e-07 1.41356e-07 1.34612e-07 1.14527e-07 1.10212e-07 8.43204e-08
threshold=-0.5 -0.25881904510252113 -0.68432604233786842 -0.78656609248549292 629.50000000000011 20.350000000000005 370.50000000000006 20.150000000000002 0.54219432480460406 0.40614137006726808 0.67802080537253973 -0.28519997588938989 1.0000000180025095e-35 12.500000000000002 3.0500000000000003 -0.99630266176052629 112.39259302514411 0.00039897000000000006 0.42957308670649791 -0.62587551141915865 0.00015907215334622912 -0.69676771491221523 0.35041260675351149 -0.78656609248549292 0.00023764000000000004 0.00033185371618578137 818.50000000000011 66.088353772852344 153.50000000000003 12.850000000000003
decision_type=2 2 2 2 2 2 2 2 2 2 2 2 2 2 2 2 2 2 2 2 2 2 2 2 2 2 2 2 2 2
left_child=2 11 4 6 5 8 7 15 9 -1 -10 25 21 14 -5 -4 -16 -6 19 -8 -13 28 29 24 -7 -2 -19 -20 -3 -15
right_child=1 12 3 13 17 23 18 -9 10 -11 -12 20 -14 22 16 -17 -18 26 27 -21 -22 -23 -24 -25 -26 -27 -28 -29 -30 -31
leaf_value=6.7766424930908607e-06 2.3968541912122256e-06 3.0509174291096102e-07 1.07499209237479e-05 -1.6748391764285142e-06 3.1291522991186536e-07 1.0832102874808377e-05 -3.2087687573255697e-07 4.6397048048247059e-07 1.2051956626237371e-05 -1.3777909660692221e-06 2.5061250166800164e-06 1.0993002693816657e-07 -3.1214538373465197e-06 8.9805120963325566e-07 7.3763370481730003e-06 6.111880328424547e-06 3.2259867678850258e-06 6.4014103814871402e-06 4.9835883554147463e-07 4.795997837276375e-06 -2.309728160436901e-06 -2.5167099699471527e-06 -9.7484104312823347e-07 7.3212775405832067e-06 7.6256187837672132e-06 2.0282793080368096e-07 3.6183353900061855e-06 4.6679064508759398e-06 -2.1496346488658202e-06 3.2949116425484704e-06
leaf_weight=99 167 105 30 29 27 170 21 34 50 37 25 144 3444 86 36 557 295 90 58 232 130 388 63 86 92 131 84 23 81 64
leaf_count=99 167 105 30 29 27 170 21 34 50 37 25 144 3444 86 36 557 295 90 58 232 130 388 63 86 92 131 84 23 81 64
internal_value=-1.67429e-14 -2.55478e-06 5.12519e-06 4.17547e-06 7.03463e-06 7.97461e-06 5.21968e-06 6.02671e-06 6.09081e-06 4.55816e-06 8.87001e-06 2.48969e-07 -2.95392e-06 2.43514e-06 3.24623e-06 6.34892e-06 3.67738e-06 4.42048e-06 3.71916e-06 4.37128e-06 -1.03808e-06 -1.94873e-06 1.06428e-06 9.11679e-06 9.70616e-06 1.43237e-06 5.05786e-06 1.6823e-06 -7.63902e-07 1.92071e-06
internal_weight=6878 4590 2288 1528 760 559 955 621 211 136 75 572 4018 573 360 587 331 201 334 253 274 574 213 348 262 298 174 81 186 150
internal_count=6878 4590 2288 1528 760 559 955 621 211 136 75 572 4018 573 360 587 331 201 334 253 274 574 213 348 262 298 174 81 186 150
is_linear=0
shrinkage=0.05


Tree=22
num_leaves=31
num_cat=0
split_feature=12 12 8 12 14 15 8 14 8 17 15 14 14 8 14 8 14 3 8 2 9 8 8 14 14 15 9 9 14 12
split_gain=3.25112e-05 1.85432e-06 1.73517e-06 1.18642e-06 4.9914e-07 8.09465e-07 4.41944e-07 5.07341e-07 4.27114e-07 3.17336e-07 3.13708e-07 5.96456e-07 3.26688e-07 2.98821e-07 2.74596e-07 2.73266e-07 1.93678e-07 2.65471e-07 1.62793e-07 1.53944e-07 1.35933e-07 1.16092e-07 6.58525e-08 6.00398e-08 6.5567e-08 5.98462e-08 5.87159e-08 5.63472e-08 5.53975e-08 5.21492e-08
threshold=-0.5 -0.25881904510252113 249.18193451645695 -0.78656609248549292 0.9916835347852474 0.04621408538533487 274.7225223449629 0.21862473630160603 222.25121069428295 0.7925369743887799 1.0000000180025095e-35 0.98372640911059162 0.93845596220871974 305.477147762892 0.9053161325100999 224.72111322930317 0.21862473630160603 14.65 313.52670824671821 109.50000000000001 -46.144473956455506 289.66728801412097 342.23210573242926 0.23537774960157334 0.55656748448714433 0.35041260675351149 -56.554683762400792 80.060618111620343 0.21862473630160603 0.12940952255126045
decision_type=2 2 2 2 2 2 2 2 2 2 2 2 2 2 2 2 2 2 2 2 2 2 2 2 2 2 2 2 2 2
left_child=2 8 15 4 6 9 14 -8 25 -6 16 12 -12 27 -4 -1 21 -18 26 -17 29 -5 28 -20 -25 -2 -10 -3 -22 -15
right_child=1 13 3 10 5 -7 7 -9 18 -11 11 -13 -14 20 -16 19 17 -19 23 -21 22 -23 -24 24 -26 -27 -28 -29 -30 -31
leaf_value=-7.5566796566270065e-07 -1.1641475384299112e-06 -2.9912380609778058e-06 5.2895358420648312e-06 3.792009167492931e-06 9.6829404428717689e-06 -6.1721386373392308e-06 9.2003671142339301e-06 6.0716734366171724e-06 -1.5115190166170578e-06 1.3455789190261604e-06 2.4151106452881686e-06 -5.5636324397958315e-06 9.1794281797774615e-06 -1.6100109571358123e-06 8.027579604722288e-06 4.2984460256118633e-06 7.6071379773168246e-06 2.658446785555837e-06 3.2303222386174423e-06 1.8708398301715007e-06 1.2264924579092681e-06 6.1187059278028487e-06 -1.6314064788502946e-06 -1.1526734471090097e-06 2.1986518506596272e-06 -3.127866084613497e-06 6.2512092073342521e-07 -1.6572205543435517e-06 -1.1253669692039348e-06 -2.9897432750331329e-06
leaf_weight=78 101 3479 502 75 25 20 283 239 38 21 166 22 20 135 112 90 32 177 87 238 62 188 80 20 54 63 209 81 42 139
leaf_count=78 101 3479 502 75 25 20 283 239 38 21 166 22 20 135 112 90 32 177 87 238 62 188 80 20 54 63 209 81 42 139
internal_value=9.21639e-15 -2.42704e-06 4.86894e-06 5.50847e-06 6.45271e-06 2.22557e-06 6.6983e-06 7.76788e-06 2.36521e-07 5.87675e-06 3.83939e-06 2.22162e-06 3.14246e-06 -2.80623e-06 5.78898e-06 1.90438e-06 4.55231e-06 3.41614e-06 1.10276e-06 2.53695e-06 -1.60406e-06 5.4552e-06 -5.5291e-07 2.33982e-06 1.29289e-06 -1.9185e-06 2.96407e-07 -2.96089e-06 2.76703e-07 -2.30995e-06
internal_weight=6878 4590 2288 1882 1202 66 1136 522 572 46 680 208 186 4018 614 406 472 209 408 328 458 263 184 161 74 164 247 3560 104 274
internal_count=6878 4590 2288 1882 1202 66 1136 522 572 46 680 208 186 4018 614 406 472 209 408 328 458 263 184 161 74 164 247 3560 104 274
is_linear=0
shrinkage=0.05


Tree=23
num_leaves=31
num_cat=0
split_feature=12 12 8 12 15 22 8 13 6 15 8 4 15 15 11 22 2 8 9 11 15 11 15 9 15 15 25 18 9 8
split_gain=2.93414e-05 1.67352e-06 1.56599e-06 1.07074e-06 4.53721e-07 4.28656e-07 3.85484e-07 2.96318e-07 2.84955e-07 2.83122e-07 2.52724e-07 2.07209e-07 2.588e-07 2.03514e-07 1.95433e-07 1.9799e-07 1.59411e-07 1.41795e-07 1.33837e-07 1.15643e-07 1.32165e-07 9.27324e-08 5.88698e-08 5.51328e-08 5.25713e-08 5.11096e-08 4.97967e-08 8.51581e-08 4.85412e-08 4.35266e-08
threshold=-0.5 -0.25881904510252113 249.18193451645695 -0.78656609248549292 -0.73284120334876357 436.50000000000006 224.72111322930317 0.98296291314453421 0.00029693500000000007 1.0000000180025095e-35 228.4487711701731 31.500000000000004 0.18281312110578132 -0.84313311835787952 13.703125000000002 370.50000000000006 105.50000000000001 313.52670824671821 -54.684474731934159 14.603125 -0.68432604233786842 15.512500000000001 0.35041260675351149 -57.458630206924063 0.93234632485081093 -0.97507822412530132 0.00012594113899328579 0.00037221500000000007 80.060618111620343 215.01485218476412
decision_type=2 2 2 2 2 2 2 2 2 2 2 2 2 2 2 2 2 2 2 2 2 2 2 2 2 2 2 2 2 2
left_child=2 6 10 4 5 13 22 28 -7 19 29 21 -13 -4 -6 -16 24 23 -9 -5 -21 -11 -2 -8 -12 -20 -18 -28 -3 -1
right_child=1 7 3 9 14 8 17 18 -10 11 16 12 -14 -15 15 -17 26 -19 25 20 -22 -23 -24 -25 -26 -27 27 -29 -30 -31
leaf_value=-1.5155418246218975e-06 -1.0514909876706293e-06 -2.8118695873448293e-06 7.9000515737649194e-06 7.2267810608650514e-06 1.2982075223330217e-06 5.6472305550414602e-07 -1.7403589634190259e-06 -2.3824284332844806e-06 6.3305496372170939e-06 2.1231551687606045e-06 5.5923402507167863e-06 -3.783993066463154e-06 1.9463647692636412e-06 1.1130623248531125e-05 6.0712155987423122e-06 4.2592276774837449e-06 4.0044784117736317e-06 2.2228333679557676e-06 1.8399308268831542e-06 4.7946733297391457e-06 3.0110012647675097e-06 5.3530772511294345e-06 -2.9714727249469549e-06 5.8540425037617315e-07 2.5503643814772663e-06 -5.7399848417714703e-07 -7.7367560777474877e-07 2.1278488283415778e-06 -1.5743595508374599e-06 5.3155884651766336e-07
leaf_weight=38 109 3650 195 32 28 25 29 121 150 40 49 25 93 65 528 211 26 161 26 272 168 50 63 210 20 140 30 161 81 82
leaf_count=38 109 3650 195 32 28 25 29 121 150 40 49 25 93 65 528 211 26 161 26 272 168 50 63 210 20 140 30 161 81 82
internal_value=1.95211e-14 -2.30569e-06 4.62549e-06 5.23305e-06 6.13007e-06 7.42e-06 2.24695e-07 -2.66591e-06 5.50686e-06 3.64742e-06 1.80916e-06 2.11054e-06 7.32306e-07 8.70769e-06 5.3985e-06 5.55386e-06 2.61721e-06 1.07585e-06 -1.11775e-06 4.3247e-06 4.11363e-06 3.91756e-06 -1.75474e-06 3.03199e-07 4.71061e-06 -1.95913e-07 1.95157e-06 1.67211e-06 -2.785e-06 -1.1669e-07
internal_weight=6878 4590 2288 1882 1202 435 572 4018 175 680 406 208 118 260 767 739 286 400 287 472 440 90 172 239 69 166 217 191 3731 120
internal_count=6878 4590 2288 1882 1202 435 572 4018 175 680 406 208 118 260 767 739 286 400 287 472 440 90 172 239 69 166 217 191 3731 120
is_linear=0
shrinkage=0.05


Tree=24
num_leaves=31
num_cat=0
split_feature=12 12 15 12 15 13 11 27 22 15 11 13 15 15 19 5 4 5 11 15 15 25 7 7 24 21 15 15 21 15
split_gain=2.64806e-05 1.51036e-06 1.28203e-06 8.42654e-07 6.11377e-07 6.74389e-07 5.31674e-07 4.93561e-07 4.51525e-07 3.2711e-07 3.25633e-07 2.67427e-07 2.64905e-07 2.44471e-07 1.98099e-07 3.14009e-07 2.15221e-07 1.60851e-07 1.58372e-07 1.54019e-07 1.37951e-07 1.25179e-07 1.20996e-07 1.17535e-07 9.95123e-08 1.88056e-07 9.92727e-08 7.60924e-08 6.39239e-08 5.65832e-08
threshold=-0.5 -0.25881904510252113 0.04621408538533487 -0.78656609248549292 0.13185577213185923 -0.3794095225512602 18.706250000000001 50.833333333333336 619.50000000000011 -0.73284120334876357 15.512500000000001 0.98296291314453421 -0.42958798411962301 0.91245913578114801 0.00019654500000000004 5.7500000000000009 6.5000000000000009 8.6500000000000004 14.715625000000001 -0.17646730165275518 -0.84313311835787952 0.00055226242163898141 151.93917986248999 130.1185447242822 0.00052548389647128033 823.50000000000011 -0.67801649466304881 0.42957308670649791 956.50000000000011 -0.97507822412530132
decision_type=2 2 2 2 2 2 2 2 2 2 2 2 2 2 2 2 2 2 2 2 2 2 2 2 2 2 2 2 2 2
left_child=2 12 3 8 6 27 -4 10 9 20 -7 -3 21 -9 15 16 -5 -8 -17 -11 -1 -2 29 -14 25 -10 -26 -6 -16 -13
right_child=1 11 4 14 5 7 17 13 24 19 -12 22 23 -15 28 18 -18 -19 -20 -21 -22 -23 -24 -25 26 -27 -28 -29 -30 -31
leaf_value=7.3337692611126064e-06 2.2635352244601819e-06 -2.6457531189864661e-06 -7.6134475585594904e-06 5.7138874277976965e-06 1.9907680067869176e-06 2.8557487558283571e-06 -2.3138146181622691e-06 3.3735779094017278e-06 1.045632416207809e-08 5.2390648773827512e-06 6.6055061150001872e-06 1.7479342064829187e-06 -1.7184128291258816e-06 -3.0173224085198551e-07 1.6309633625305171e-06 8.7737143183980386e-06 1.3741239289658785e-07 3.2787337782262209e-06 4.7594380896769167e-06 7.3757613494825793e-06 9.7239442710153173e-06 2.6002212601411284e-08 -2.7423726686347205e-06 2.2976541266454357e-07 5.732818076269367e-06 5.2784137054118225e-06 2.6660207331096409e-06 -2.0250334134763356e-07 3.6055176132698819e-06 -7.4479169885541371e-07
leaf_weight=237 159 3731 24 24 60 81 20 184 36 309 203 26 160 60 114 27 62 36 273 116 81 103 78 150 92 32 37 116 64 183
leaf_count=237 159 3731 24 24 60 81 20 184 36 309 203 26 160 60 114 27 62 36 273 116 81 103 78 150 92 32 37 116 64 183
internal_value=-4.23495e-15 -2.19041e-06 4.39421e-06 5.24874e-06 2.75492e-06 3.2256e-06 -1.38706e-06 4.11907e-06 6.16548e-06 6.72975e-06 5.53603e-06 -2.53262e-06 2.1346e-07 2.46981e-06 3.72084e-06 4.35718e-06 1.69364e-06 1.2814e-06 5.12072e-06 5.82226e-06 7.94259e-06 1.38389e-06 -1.06187e-06 -7.75746e-07 4.0373e-06 2.4895e-06 4.85319e-06 5.45203e-07 2.34092e-06 -4.34692e-07
internal_weight=6878 4590 2288 1504 784 704 80 528 940 743 284 4018 572 244 564 386 86 56 300 425 318 262 287 310 197 68 129 176 178 209
internal_count=6878 4590 2288 1504 784 704 80 528 940 743 284 4018 572 244 564 386 86 56 300 425 318 262 287 310 197 68 129 176 178 209
is_linear=0
shrinkage=0.05


Tree=25
num_leaves=31
num_cat=0
split_feature=12 8 8 21 23 14 12 4 5 3 3 4 14 8 8 9 25 4 20 4 4 18 11 14 14 14 14 14 16 8
split_gain=2.38987e-05 1.37502e-06 1.29704e-06 8.96326e-07 4.71989e-07 4.97466e-07 4.54502e-07 3.21982e-07 2.23668e-07 2.23385e-07 2.15483e-07 2.26312e-07 2.13107e-07 2.06231e-07 1.7583e-07 1.35676e-07 1.11444e-07 9.82761e-08 9.15466e-08 8.20491e-08 6.643e-08 9.16933e-08 6.87826e-08 5.45211e-08 5.24336e-08 6.11355e-08 4.96697e-08 6.29233e-08 4.61137e-08 4.40598e-08
threshold=-0.5 208.74077742930891 249.18193451645695 17.500000000000004 624.50000000000011 0.9916835347852474 -1.0000000180025095e-35 97.500000000000014 2.6500000000000008 20.550000000000004 16.050000000000004 99.500000000000014 0.41398981800788198 228.4487711701731 313.52670824671821 -48.664388319385907 0.00010859431340914191 10.500000000000002 0.00058699000000000012 20.500000000000004 3.5000000000000004 0.0003695900000000001 44.35625000000001 0.42958674266195179 0.23537774960157334 0.55656748448714433 0.39036257410962044 0.98372640911059162 1001.9250000000001 342.23210573242926
decision_type=2 2 2 2 2 2 2 2 2 2 2 2 2 2 2 2 2 2 2 2 2 2 2 2 2 2 2 2 2 2
left_child=2 28 13 8 5 9 14 -7 -4 -5 12 -12 -10 -1 26 -8 23 18 -6 -19 22 -22 -18 -15 -16 -26 -3 -28 -2 -17
right_child=1 6 3 4 17 7 15 -9 10 -11 11 -13 -14 16 24 29 20 19 -20 -21 21 -23 -24 -25 25 -27 27 -29 -30 -31
leaf_value=-1.2830538254071655e-07 -2.5602185986754609e-06 -5.5830321504187692e-07 -9.9956302873953754e-07 5.3345670526841452e-06 5.3708274052002704e-06 -7.3715575631973072e-07 -2.1859295397389264e-06 6.8875132183165997e-06 -1.619868196485186e-06 6.8067727715392527e-06 4.5977149352392365e-06 6.4404643888983328e-08 2.6997528292834857e-06 2.7958406938275653e-06 2.8526695150608198e-06 1.195668787926586e-07 4.7771829066789454e-06 -2.4951050264739341e-07 3.0229595487677823e-06 3.096759809548328e-06 -1.2233777745736476e-06 1.8405992349982463e-06 1.7448738855010662e-06 5.7409746337574088e-06 -1.3193582485371281e-06 1.9167319140986249e-06 1.2139678251490136e-06 -1.3922397580119715e-06 -1.4202135660946856e-06 -1.3560099915982898e-06
leaf_weight=120 3520 179 34 484 93 45 288 20 35 551 246 31 155 33 87 119 32 23 75 90 31 115 45 30 20 54 115 29 91 88
leaf_count=120 3520 179 34 484 93 45 288 20 35 551 246 31 155 33 87 119 32 23 75 90 31 115 45 30 20 54 115 29 91 88
internal_value=1.91672e-16 -2.08089e-06 4.1745e-06 4.72744e-06 5.38466e-06 5.85186e-06 -4.1885e-07 1.6089e-06 2.9158e-06 6.11832e-06 3.20086e-06 4.09038e-06 1.90403e-06 1.6114e-06 6.70648e-07 -1.48414e-06 2.34135e-06 3.5558e-06 4.32267e-06 2.41566e-06 1.81674e-06 1.19003e-06 3.00505e-06 4.19829e-06 2.02049e-06 1.04211e-06 -2.18244e-09 6.89107e-07 -2.53149e-06 -5.07732e-07
internal_weight=6878 4590 2288 1882 1381 1100 979 65 501 1035 467 277 190 406 484 495 286 281 168 113 223 146 77 63 161 74 323 144 3611 207
internal_count=6878 4590 2288 1882 1381 1100 979 65 501 1035 467 277 190 406 484 495 286 281 168 113 223 146 77 63 161 74 323 144 3611 207
is_linear=0
shrinkage=0.05


Tree=26
num_leaves=31
num_cat=0
split_feature=12 12 15 12 22 15 15 3 14 14 14 14 15 14 6 12 2 20 0 15 15 19 7 3 5 2 9 9 9 5
split_gain=2.15686e-05 1.23185e-06 1.08008e-06 6.99365e-07 5.21994e-07 3.60069e-07 3.7802e-07 3.58886e-07 3.02702e-07 6.31492e-07 5.14278e-07 3.00152e-07 2.21595e-07 2.10851e-07 1.77026e-07 1.69182e-07 1.06062e-07 1.05665e-07 1.74343e-07 1.02667e-07 1.00629e-07 9.98416e-08 9.50497e-08 8.01385e-08 7.30968e-08 6.84218e-08 5.26904e-08 5.20919e-08 4.70601e-08 9.53249e-08
threshold=-0.5 -0.25881904510252113 -0.68432604233786842 -0.70710678118654735 629.50000000000011 -0.65883892954715351 0.91245913578114801 20.350000000000005 0.54219432480460406 0.40614137006726808 0.67802080537253973 0.9916835347852474 -0.42958798411962301 0.31799963745711152 0.00041508000000000002 1.0000000180025095e-35 151.50000000000003 0.00023764000000000004 14.500000000000002 -0.69676771491221523 0.72100388094302625 0.00056985000000000011 130.1185447242822 24.450000000000003 10.450000000000001 153.50000000000003 -55.615518082705492 61.05162068917425 -30.422309830468411 5.9500000000000011
decision_type=2 2 2 2 2 2 2 2 2 2 2 2 2 2 2 2 2 2 2 2 2 2 2 2 2 2 2 2 2 2
left_child=2 12 4 5 7 -4 11 8 9 -1 -10 -7 16 -8 -6 19 -2 18 -9 25 28 -16 27 -19 -22 -3 -24 -14 29 -5
right_child=1 15 3 20 14 6 13 17 10 -11 -12 -13 22 -15 21 -17 -18 23 -20 -21 24 -23 26 -25 -26 -27 -28 -29 -30 -31
leaf_value=5.3414287200359119e-06 2.1475139472638174e-06 3.1691841372992802e-07 -2.242631205717771e-06 4.9852681169751324e-07 -3.6748598891530753e-07 4.5038793076502314e-06 2.723558445654128e-06 5.93920752158911e-06 1.0142779494344723e-05 -2.3146270989000924e-06 1.3597423076134875e-06 1.4799060479870403e-06 -2.1052796881075406e-06 -2.0334532333916085e-06 5.6772403971582337e-06 -2.4183503819295406e-06 1.1835188436299704e-07 3.5994243566912179e-06 8.7208711505415755e-06 -1.9541568871638579e-06 1.5420318418584372e-06 3.0977939942759051e-06 -1.1936649392001972e-06 6.7990298017460967e-06 -1.643044439058644e-06 -1.6172161754942256e-06 8.2662631224774528e-07 -7.0169567595183797e-08 1.2269272630839011e-06 3.4282991366280234e-06
leaf_weight=99 148 105 24 41 28 930 66 84 50 37 25 90 117 36 55 3444 114 28 171 388 31 118 47 65 43 81 103 43 181 86
leaf_count=99 148 105 24 41 28 930 66 84 50 37 25 90 117 36 55 3444 114 28 171 388 31 118 47 65 43 81 103 43 181 86
internal_value=-2.57361e-15 -1.97684e-06 3.96578e-06 3.19962e-06 5.50615e-06 3.81721e-06 3.94684e-06 6.29191e-06 4.66489e-06 3.25853e-06 7.2151e-06 4.23706e-06 1.94107e-07 1.04461e-06 3.32089e-06 -2.2859e-06 1.2646e-06 7.2784e-06 7.80456e-06 -1.49117e-06 1.34686e-06 3.91785e-06 -7.10628e-07 5.83571e-06 -3.08756e-07 -5.25366e-07 1.93602e-07 -1.55834e-06 1.74463e-06 2.48247e-06
internal_weight=6878 4590 2288 1528 760 1146 1122 559 211 136 75 1020 572 102 201 4018 262 348 255 574 382 173 310 93 74 186 150 160 308 127
internal_count=6878 4590 2288 1528 760 1146 1122 559 211 136 75 1020 572 102 201 4018 262 348 255 574 382 173 310 93 74 186 150 160 308 127
is_linear=0
shrinkage=0.05


Tree=27
num_leaves=31
num_cat=0
split_feature=12 8 8 12 7 15 22 5 8 4 6 8 8 15 11 22 15 9 7 2 15 7 8 2 18 8 6 7 4 8
split_gain=1.94657e-05 1.1333e-06 1.0948e-06 7.64207e-07 3.41594e-07 3.06037e-07 3.15077e-07 2.18159e-07 2.30586e-07 2.12653e-07 1.85113e-07 1.71676e-07 1.67436e-07 1.5286e-07 1.45829e-07 1.75112e-07 1.16479e-07 1.12558e-07 1.08924e-07 1.04742e-07 1.02302e-07 6.64169e-08 5.95291e-08 4.68481e-08 8.10004e-08 4.37066e-08 4.22086e-08 4.00645e-08 3.9824e-08 4.1669e-08
threshold=-0.5 201.31954222287254 249.18193451645695 -0.78656609248549292 145.27278087689675 -0.73284120334876357 432.50000000000006 5.7500000000000009 278.2253509541319 6.5000000000000009 0.00029693500000000007 224.72111322930317 342.23210573242926 -0.84313311835787952 13.703125000000002 370.50000000000006 -0.85674049181790024 -26.292283944848474 121.6872745303951 109.50000000000001 -0.73284120334876357 122.01366210749326 326.85811795944278 170.50000000000003 0.0003695900000000001 222.25121069428295 0.00041508000000000002 7.2412960181902628 53.500000000000007 234.90440143455513
decision_type=2 2 2 2 2 2 2 2 2 2 2 2 2 2 2 2 2 2 2 2 2 2 2 2 2 2 2 2 2 2
left_child=2 27 11 5 12 6 13 9 18 21 -8 -1 20 -4 -7 -16 -11 -10 -9 28 22 -5 -3 24 -21 -22 -25 -2 29 -13
right_child=1 4 3 7 -6 14 10 8 17 16 -12 19 -14 -15 15 -17 -18 -19 -20 23 25 -23 -24 26 -26 -27 -28 -29 -30 -31
leaf_value=-6.9571497159032368e-07 -9.6735099732419324e-07 1.8530788066091949e-06 6.5072601593161198e-06 5.1815441679536889e-06 -1.9516940705119558e-06 8.9056994110643076e-07 9.0565508391667512e-07 2.7255190885765704e-06 3.1052798475330844e-06 3.3949025033114758e-06 5.2081354587395866e-06 2.1755508839114348e-06 -1.5111391970803889e-06 9.3162728276533579e-06 5.0532336603207035e-06 3.3491466359126171e-06 -6.5925207064328094e-07 4.9738008265762805e-06 -1.0546265613080006e-07 -1.7035719110936043e-06 -9.1510837979244945e-07 1.5878827048254609e-06 2.495174209803276e-07 3.4066142267497862e-06 1.3640692923175113e-06 2.9799316759868488e-07 1.3517506233018396e-06 -2.3153071396947053e-06 1.5179289925206583e-06 4.8212517333962277e-06
leaf_weight=78 56 159 190 36 261 28 30 130 135 22 150 22 126 65 528 211 91 200 46 27 103 20 91 41 106 266 64 3528 22 46
leaf_count=78 56 159 190 36 261 28 30 130 135 22 150 22 126 65 528 211 91 200 46 27 103 20 91 41 106 266 64 3528 22 46
internal_value=-1.36191e-14 -1.878e-06 3.76749e-06 4.27549e-06 -3.9507e-07 5.03331e-06 6.09271e-06 2.93592e-06 3.45096e-06 1.37863e-06 4.49106e-06 1.41268e-06 1.50271e-07 7.22328e-06 4.43248e-06 4.56668e-06 1.30052e-07 4.22081e-06 1.9856e-06 1.91406e-06 4.88458e-07 3.89809e-06 1.26938e-06 1.36461e-06 7.41315e-07 -4.06233e-08 2.15413e-06 -2.29425e-06 3.36705e-06 3.96529e-06
internal_weight=6878 4590 2288 1882 1006 1202 435 680 511 169 180 406 745 255 767 739 113 335 176 328 619 56 250 238 133 369 105 3584 90 68
internal_count=6878 4590 2288 1882 1006 1202 435 680 511 169 180 406 745 255 767 739 113 335 176 328 619 56 250 238 133 369 105 3584 90 68
is_linear=0
shrinkage=0.05


Tree=28
num_leaves=31
num_cat=0
split_feature=12 8 8 11 23 18 14 15 12 15 15 15 8 8 2 7 2 6 25 14 18 14 14 15 14 8 15 15 14 3
split_gain=1.75678e-05 1.02352e-06 9.88058e-07 7.01411e-07 4.69794e-07 3.59387e-07 4.12327e-07 6.78857e-07 3.36933e-07 2.93227e-07 2.58042e-07 2.08794e-07 1.55913e-07 1.37795e-07 1.06897e-07 1.0685e-07 9.3074e-08 7.35643e-08 1.00087e-07 4.70812e-08 7.12884e-08 4.08083e-08 7.68475e-08 3.74672e-08 3.71839e-08 3.98885e-08 3.71014e-08 4.98875e-08 3.68537e-08 3.65375e-08
threshold=-0.5 208.74077742930891 249.18193451645695 19.909375000000001 624.50000000000011 0.00010055000000000002 0.9916835347852474 1.0000000180025095e-35 -1.0000000180025095e-35 -0.68432604233786842 0.91245913578114801 -0.6523320455745395 228.4487711701731 312.33047237571492 105.50000000000001 136.45928460076402 153.50000000000003 0.00028158000000000008 0.00047143576710041642 0.9053161325100999 0.0003695900000000001 0.98372640911059162 0.44505654568748165 0.93234632485081093 0.21862473630160603 354.97372237062882 -0.68432604233786842 -0.84313311835787952 0.52766072109828632 18.950000000000003
decision_type=2 2 2 2 2 2 2 2 2 2 2 2 2 2 2 2 2 2 2 2 2 2 2 2 2 2 2 2 2 2
left_child=2 -2 12 5 9 6 10 -8 13 16 -4 -11 -1 21 23 24 -5 -6 -19 20 -16 22 -3 -14 25 -10 27 -15 -26 -21
right_child=1 8 3 4 17 -7 7 -9 15 11 -12 -13 14 26 19 -17 -18 18 -20 29 -22 -23 -24 -25 28 -27 -28 -29 -30 -31
leaf_value=-1.7061617108164266e-07 -2.1728668904051345e-06 -4.8408591082251915e-07 3.3000731684099517e-06 6.5704413116621513e-06 7.2002141768547842e-07 9.0935962734048114e-06 5.2632979748609833e-06 -6.3798516543277906e-06 1.0774388649390438e-06 -3.5123694899430986e-07 -5.1307841442138629e-08 4.7454784336825533e-06 4.4353468800701584e-06 1.6368032482525701e-06 -1.4979328134359094e-06 -1.8397589984855789e-06 3.9745108958748843e-06 4.6478900580797441e-06 2.5584901933498035e-06 3.9116335025417883e-06 1.426893840016419e-06 -1.9248643761434674e-06 1.1995043449274255e-06 1.8672753870419003e-06 -2.3490114102742155e-06 -7.838527085207819e-07 8.973264735774038e-07 4.1248395071871241e-06 -7.0482671747283483e-08 1.5442681669533624e-06
leaf_weight=120 3611 182 560 378 31 22 21 31 63 21 64 466 49 66 25 308 38 89 161 28 125 26 108 20 36 53 73 29 35 39
leaf_count=120 3611 182 560 378 31 22 21 31 63 21 64 466 49 66 25 308 38 89 161 28 125 26 108 20 36 53 73 29 35 39
internal_value=1.70798e-15 -1.7841e-06 3.57911e-06 4.06171e-06 4.80285e-06 2.80454e-06 2.59987e-06 -1.67781e-06 -3.50145e-07 5.35844e-06 2.95634e-06 4.5257e-06 1.34204e-06 5.87914e-07 1.97672e-06 -1.26736e-06 6.33331e-06 3.01744e-06 3.30232e-06 1.43164e-06 9.39423e-07 -2.72267e-08 1.42906e-07 3.69098e-06 -3.24582e-07 2.27021e-07 1.74497e-06 2.39631e-06 -1.22579e-06 2.53361e-06
internal_weight=6878 4590 2288 1882 1184 698 676 52 979 903 624 487 406 484 286 495 416 281 250 217 150 316 290 69 187 116 168 95 71 67
internal_count=6878 4590 2288 1882 1184 698 676 52 979 903 624 487 406 484 286 495 416 281 250 217 150 316 290 69 187 116 168 95 71 67
is_linear=0
shrinkage=0.05


Tree=29
num_leaves=31
num_cat=0
split_feature=12 12 15 14 12 14 20 5 22 4 14 17 7 0 14 17 6 13 15 2 5 3 3 14 7 25 7 0 18 25
split_gain=1.58549e-05 9.13382e-07 8.37805e-07 6.86777e-07 5.67553e-07 4.64184e-07 3.30296e-07 3.84706e-07 3.16925e-07 3.08619e-07 2.77526e-07 7.77133e-07 2.31665e-07 2.2404e-07 1.99174e-07 1.80142e-07 2.30362e-07 1.66183e-07 1.6337e-07 1.21489e-07 2.00026e-07 1.73135e-07 1.5696e-07 9.16364e-08 8.79356e-08 8.69023e-08 7.31619e-08 6.32457e-08 4.74415e-08 5.96762e-08
threshold=-0.5 -0.25881904510252113 0.04621408538533487 0.9916835347852474 -0.78656609248549292 0.9053161325100999 0.00030589000000000007 4.6500000000000012 619.50000000000011 50.500000000000007 0.67802080537253973 0.98611014922912044 65.686581408302658 232.50000000000003 0.54219432480460406 0.96940595143563291 0.00040496500000000002 0.98296291314453421 -0.42958798411962301 128.50000000000003 6.3500000000000005 21.250000000000004 14.750000000000002 -0.97509794945709805 154.47489146175459 0.00055226242163898141 130.1185447242822 651.50000000000011 0.00074650500000000006 0.00051378321013136866
decision_type=2 2 2 2 2 2 2 2 2 2 2 2 2 2 2 2 2 2 2 2 2 2 2 2 2 2 2 2 2 2
left_child=2 18 4 5 8 9 7 -7 10 12 14 -12 -4 -5 -1 16 -10 -3 25 20 21 -6 -22 -11 -19 -2 -20 -17 29 -21
right_child=1 17 3 13 19 6 -8 -9 15 23 11 -13 -14 -15 -16 27 -18 24 26 28 22 -23 -24 -25 -26 -27 -28 -29 -30 -31
leaf_value=5.6571233671180224e-06 1.8265553066409421e-06 -2.0502011997816806e-06 5.5108414509191005e-07 -8.0493149471294608e-06 5.1689366955542935e-07 2.1465207005633148e-06 1.5272629750452712e-06 8.843649663783883e-06 -1.9846503727978476e-06 3.4218073033116526e-06 4.7632284314636191e-06 -5.6011918832155065e-06 3.5876499058031459e-06 -5.6533061581376393e-07 9.4597033214970897e-06 7.4575348298822062e-06 3.0943255279812526e-06 -3.4220124294708716e-07 -1.3460851777580274e-06 2.2432319725851358e-06 7.6220313194089279e-06 5.6705754832364616e-06 3.6195752774420051e-06 2.4213864686393859e-07 -2.4689017323285066e-06 -3.7759088193577789e-08 1.9096419062710388e-07 4.1400059609598016e-06 2.5488509015706621e-06 -4.3992037484882576e-07
leaf_weight=497 159 3731 84 20 88 32 47 65 29 25 189 20 249 20 37 20 97 225 160 40 27 20 264 242 62 103 150 51 82 43
leaf_count=497 159 3731 84 20 88 32 47 65 29 25 189 20 249 20 37 20 97 225 160 40 27 20 264 242 62 103 150 51 82 43
internal_value=-7.30246e-15 -1.69489e-06 3.40016e-06 2.07497e-06 4.09095e-06 2.4181e-06 4.96741e-06 6.63429e-06 4.84331e-06 1.80626e-06 5.31605e-06 3.77142e-06 2.82167e-06 -4.30732e-06 5.9206e-06 3.06033e-06 1.92535e-06 -1.96102e-06 1.74483e-07 2.83702e-06 3.30892e-06 1.47128e-06 3.99094e-06 5.3986e-07 -8.01628e-07 1.09364e-06 -6.02352e-07 5.07452e-06 1.69587e-06 8.53165e-07
internal_weight=6878 4590 2288 784 1504 744 144 97 940 600 743 209 333 40 534 197 126 4018 572 564 399 108 291 267 287 262 310 71 165 83
internal_count=6878 4590 2288 784 1504 744 144 97 940 600 743 209 333 40 534 197 126 4018 572 564 399 108 291 267 287 262 310 71 165 83
is_linear=0
shrinkage=0.05


Tree=30
num_leaves=31
num_cat=0
split_feature=12 8 8 12 7 27 15 14 14 14 15 0 15 5 14 14 8 8 15 8 15 2 8 13 16 15 4 8 7 8
split_gain=1.43091e-05 8.42207e-07 8.14073e-07 5.87854e-07 2.68784e-07 2.52893e-07 2.50549e-07 3.90041e-07 3.00546e-07 2.26064e-07 7.27672e-07 2.18958e-07 1.72205e-07 2.00823e-07 1.38042e-07 2.72414e-07 1.28476e-07 1.45901e-07 1.20634e-07 1.1937e-07 7.12002e-08 6.48444e-08 4.53487e-08 4.48244e-08 3.692e-08 3.56253e-08 2.8887e-08 2.66868e-08 2.64783e-08 3.44723e-08
threshold=-0.5 201.31954222287254 246.72101321124265 -0.78656609248549292 145.27278087689675 12.16666666666667 1.0000000180025095e-35 0.9916835347852474 0.93544191479114935 0.90162119223771331 -0.16799793862756093 411.50000000000006 -0.73284120334876357 3.0500000000000003 0.54219432480460406 0.23537774960157334 326.85811795944278 314.38522753639387 0.91245913578114801 224.72111322930317 -0.73284120334876357 109.50000000000001 224.72111322930317 0.98296291314453421 1001.9250000000001 -0.97507822412530132 34.500000000000007 234.90440143455513 155.86547814042794 326.85811795944278
decision_type=2 2 2 2 2 2 2 2 2 2 2 2 2 2 2 2 2 2 2 2 2 2 2 2 2 2 2 2 2 2
left_child=2 24 19 5 16 9 8 -8 -7 11 -11 -4 14 -14 15 -5 17 22 -15 -1 -19 26 -3 -18 -2 -25 27 -21 29 -6
right_child=1 4 3 12 28 6 7 -9 -10 10 -12 -13 13 18 -16 -17 23 20 -20 21 -22 -23 -24 25 -26 -27 -28 -29 -30 -31
leaf_value=-6.7779753126801672e-07 -1.9948811252373308e-06 -7.2887655679760699e-07 6.1505761806642352e-06 4.0491855551063682e-06 -5.8686253495401033e-07 3.7183552797303249e-06 3.1539364115058896e-06 -2.5083253477633765e-06 7.4270659504029699e-06 -2.4031320399923353e-06 7.5893507528235208e-06 4.1048668012951017e-06 -2.0935879930069255e-06 2.4147067751127058e-06 6.6716433078302857e-06 6.6475813887441411e-08 -1.3479713315361481e-06 3.1223810523783868e-06 -6.9956639061488482e-07 1.9514198935543061e-06 8.6630347582553544e-07 1.065636531504945e-06 5.3712536231824532e-07 1.5894754990488136e-06 -9.7472968446924149e-07 -4.2257160007434354e-07 1.1197548251118405e-06 4.1618149162382501e-06 -2.2800178911715508e-06 -2.1352684584030613e-06
leaf_weight=78 3493 111 334 174 82 317 196 36 66 38 35 215 30 364 30 57 130 72 34 22 68 206 195 26 91 143 20 36 115 64
leaf_count=78 3493 111 334 174 82 317 196 36 66 38 35 215 30 364 30 57 130 72 34 22 68 206 195 26 91 143 20 36 115 64
internal_value=-5.22279e-15 -1.61015e-06 3.23015e-06 3.63903e-06 -3.31775e-07 4.29097e-06 3.57199e-06 2.27531e-06 4.35745e-06 5.00184e-06 2.38778e-06 5.34943e-06 2.46859e-06 1.85131e-06 3.48083e-06 3.06644e-06 1.51969e-07 6.89583e-07 2.14866e-06 1.05471e-06 2.02657e-06 1.53054e-06 7.78894e-08 -6.49959e-07 -1.96898e-06 -1.13026e-07 2.75835e-06 3.32339e-06 -1.71257e-06 -1.26562e-06
internal_weight=6878 4590 2288 1926 1006 1237 615 232 383 622 73 549 689 428 261 231 745 446 398 362 140 284 306 299 3584 169 78 58 261 146
internal_count=6878 4590 2288 1926 1006 1237 615 232 383 622 73 549 689 428 261 231 745 446 398 362 140 284 306 299 3584 169 78 58 261 146
is_linear=0
shrinkage=0.05


Tree=31
num_leaves=31
num_cat=0
split_feature=8 9 8 11 22 24 9 5 19 15 11 8 6 8 9 7 15 19 5 9 15 8 14 7 14 14 14 14 8 14
split_gain=1.09585e-05 3.02401e-06 7.44461e-07 4.89639e-07 3.30319e-07 2.61969e-07 2.5203e-07 2.0848e-07 2.05229e-07 1.58603e-07 1.28187e-07 1.13759e-07 1.13373e-07 1.03088e-07 7.77501e-08 7.0604e-08 6.02339e-08 5.13755e-08 4.81701e-08 4.82088e-08 4.81774e-08 4.65071e-08 3.4975e-08 3.45237e-08 3.2826e-08 3.15342e-08 2.94611e-08 2.68199e-08 2.5545e-08 2.03099e-08
threshold=224.72111322930317 -34.484648859997556 258.44490064136215 19.909375000000001 619.50000000000011 7.0575037346375674e-05 -45.057980879391231 3.9500000000000006 0.00025516000000000004 0.20812153622207724 15.512500000000001 322.93462131557686 0.00039386000000000005 201.31954222287254 3.7047098268639345 148.00001953910112 0.20812153622207724 0.00030732500000000006 6.0500000000000007 -39.131555194860702 0.13185577213185923 239.78407604440201 0.21862473630160603 10.319830303594637 0.52766072109828632 0.21862473630160603 -0.98523971305672675 0.80926549319045582 354.97372237062882 0.7210268013660811
decision_type=2 2 2 2 2 2 2 2 2 2 2 2 2 2 2 2 2 2 2 2 2 2 2 2 2 2 2 2 2 2
left_child=13 6 8 5 9 7 15 -4 10 -5 -3 18 -6 23 -12 16 26 -10 20 -20 -8 -19 28 25 -24 -1 -2 -18 -13 -17
right_child=1 2 3 4 12 -7 11 -9 17 -11 14 22 -14 -15 -16 29 27 21 19 -21 -22 -23 24 -25 -26 -27 -28 -29 -30 -31
leaf_value=-1.7707025169026263e-06 7.3899199264815258e-07 -1.0208600872374519e-06 2.7185130967163881e-07 4.742354221277352e-06 4.0094060616204594e-07 7.9135357507173243e-06 -1.5235444679588415e-06 2.8061890780160961e-06 -9.0849688981800302e-07 9.0470212874358609e-06 5.0466056057468289e-06 1.0803176511464292e-06 3.2401784261050387e-06 -6.7240650890781477e-07 2.7291853670707205e-06 -2.1904698596605007e-06 -7.4120729281006531e-08 5.3417962133533715e-07 1.3585341897022077e-06 3.412979024391842e-06 1.7854447393843161e-06 1.667304471883061e-06 -2.131144718633651e-06 -1.8945707633130434e-06 -1.0549595673283977e-07 1.7180052633391777e-07 -1.2904057525137158e-06 1.8804891392567068e-06 -4.7902496203751828e-07 -1.1644352869815953e-06
leaf_weight=45 20 20 99 782 44 22 22 450 31 22 44 58 175 189 204 132 54 152 85 43 22 224 36 3500 45 39 169 26 48 76
leaf_count=45 20 20 99 782 44 22 22 450 31 22 44 58 175 189 204 132 54 152 85 43 22 224 36 3500 45 39 169 26 48 76
internal_value=9.91019e-15 2.20002e-06 3.14717e-06 3.73653e-06 4.39123e-06 2.56357e-06 -3.70641e-07 2.34918e-06 1.7554e-06 4.86014e-06 2.8298e-06 6.30061e-07 2.66974e-06 -1.81051e-06 3.14034e-06 -1.12379e-06 -5.88879e-07 1.04793e-06 1.55811e-06 2.0487e-06 1.3095e-07 1.20923e-06 -2.23547e-07 -1.87053e-06 -1.00578e-06 -8.68826e-07 -1.07565e-06 5.61127e-07 3.742e-07 -1.81557e-06
internal_weight=6878 3105 2269 1594 1023 571 836 549 675 804 268 359 219 3773 248 477 269 407 172 128 44 376 187 3584 81 84 189 80 106 208
internal_count=6878 3105 2269 1594 1023 571 836 549 675 804 268 359 219 3773 248 477 269 407 172 128 44 376 187 3584 81 84 189 80 106 208
is_linear=0
shrinkage=0.05


Tree=32
num_leaves=31
num_cat=0
split_feature=12 8 8 12 8 14 15 9 22 15 5 14 14 5 15 15 8 19 12 8 15 14 14 19 21 4 7 27 14 8
split_gain=1.1684e-05 6.78488e-07 6.69071e-07 4.67795e-07 3.12563e-07 2.42225e-07 5.39034e-07 2.28144e-07 1.71923e-07 1.51369e-07 1.7131e-07 1.25665e-07 2.35091e-07 1.10991e-07 1.1336e-07 1.03088e-07 6.78009e-08 1.17129e-07 5.69537e-08 5.4555e-08 5.3959e-08 4.38504e-08 8.22444e-08 3.88576e-08 3.37121e-08 3.2155e-08 3.12178e-08 2.63606e-08 2.7889e-08 2.63233e-08
threshold=-0.5 208.74077742930891 239.78407604440201 -0.78656609248549292 258.44490064136215 0.9916835347852474 1.0000000180025095e-35 -46.144473956455506 370.50000000000006 -0.73284120334876357 3.0500000000000003 0.54219432480460406 0.23537774960157334 19.950000000000003 -0.25206183926700709 0.91245913578114801 326.85811795944278 0.00012268000000000004 -1.0000000180025095e-35 215.01485218476412 -0.73284120334876357 0.21862473630160603 0.3504237462291826 0.00027302000000000007 987.00000000000011 21.500000000000004 7.2412960181902628 5.166666666666667 -0.96463499255812291 354.97372237062882
decision_type=2 2 2 2 2 2 2 2 2 2 2 2 2 2 2 2 2 2 2 2 2 2 2 2 2 2 2 2 2 2
left_child=2 26 19 4 13 8 -7 18 -6 11 -11 12 -5 14 -4 -12 17 20 25 -1 -9 29 -23 -21 -19 -3 -2 -25 -29 -18
right_child=1 7 3 9 5 6 -8 16 -10 10 15 -13 -14 -15 -16 -17 21 24 -20 23 -22 22 -24 27 -26 -27 -28 28 -30 -31
leaf_value=-1.2718352417170751e-06 -6.0016781384675259e-07 7.2873810521001616e-07 2.2370843686709511e-08 3.6671288924104563e-06 4.9216894326522607e-06 5.5961709417065977e-06 -4.6154572601153638e-06 2.8284473828161065e-06 3.5441509211941103e-06 -2.0122626657818425e-06 2.1259148826750474e-06 6.1939590235245612e-06 -3.2704696694277679e-08 -6.6211554002182785e-07 3.0576471593705475e-06 -7.4417429700320903e-07 9.9320353718032875e-07 -2.7861349922652537e-07 -1.5037459952210999e-06 1.9431691077476935e-06 9.5406353079536325e-07 -3.7566196199448948e-06 -2.5577393216735803e-07 1.3501283754809562e-06 1.5977652054743885e-06 -9.1699750417857606e-07 -1.7899590515150545e-06 1.6372617739079944e-06 -4.3117399231624117e-07 -5.3223727915197876e-07
leaf_weight=38 56 51 35 174 584 28 24 73 370 30 392 30 57 27 254 34 62 165 311 54 81 23 62 49 28 71 3555 20 88 52
leaf_count=38 56 51 35 174 584 28 24 73 370 30 392 30 57 27 254 34 62 165 311 54 81 23 62 49 28 71 3555 20 88 52
internal_value=3.6147e-15 -1.45498e-06 2.91886e-06 3.21765e-06 3.7754e-06 4.20629e-06 8.83112e-07 -2.87479e-07 4.38742e-06 2.18929e-06 1.63967e-06 3.14956e-06 2.75418e-06 2.40363e-06 2.69005e-06 1.89685e-06 3.92242e-07 8.14184e-07 -1.14459e-06 4.72127e-07 1.84257e-06 -3.43507e-07 -1.20306e-06 7.86205e-07 -6.39275e-09 -2.29026e-07 -1.77151e-06 3.88269e-07 -4.81303e-08 2.97388e-07
internal_weight=6878 4590 2288 2039 1322 1006 52 979 954 717 456 261 231 316 289 426 546 347 433 249 154 199 85 211 193 122 3611 157 108 114
internal_count=6878 4590 2288 2039 1322 1006 52 979 954 717 456 261 231 316 289 426 546 347 433 249 154 199 85 211 193 122 3611 157 108 114
is_linear=0
shrinkage=0.05


Tree=33
num_leaves=31
num_cat=0
split_feature=12 8 8 21 7 3 17 7 22 4 3 8 8 8 17 7 3 15 21 4 21 22 18 19 15 15 9 4 8 7
split_gain=1.05448e-05 6.1329e-07 6.06383e-07 4.77219e-07 2.7654e-07 2.09909e-07 5.01883e-07 2.01256e-07 1.80502e-07 1.55636e-07 1.57267e-07 1.00498e-07 9.29659e-08 1.0571e-07 6.66048e-08 6.53994e-08 6.14622e-08 5.54252e-08 4.76213e-08 6.2934e-08 5.86943e-08 4.82722e-08 4.34326e-08 4.01244e-08 4.00501e-08 3.66426e-08 3.63925e-08 3.30627e-08 3.11783e-08 2.86731e-08
threshold=-0.5 201.31954222287254 249.18193451645695 26.500000000000004 51.866406612036563 20.550000000000004 0.99693430275816175 145.27278087689675 370.50000000000006 99.500000000000014 18.550000000000004 236.497761277433 326.85811795944278 312.33047237571492 0.98779194195223707 121.00076425000705 12.050000000000002 -0.73284120334876357 738.50000000000011 28.500000000000004 374.50000000000006 685.50000000000011 0.00070749000000000018 0.00027302000000000007 -0.28519997588938989 -0.97507822412530132 -36.904476305830336 11.500000000000002 224.72111322930317 10.319830303594637
decision_type=2 2 2 2 2 2 2 2 2 2 2 2 2 2 2 2 2 2 2 2 2 2 2 2 2 2 2 2 2 2
left_child=2 29 11 9 14 6 -6 12 -7 10 16 23 13 28 22 -11 -4 -15 19 -13 -21 -20 -5 -1 -12 -14 -27 -25 -3 -2
right_child=1 7 3 4 5 8 -8 -9 -10 15 24 18 25 17 -16 -17 -18 -19 21 20 -22 -23 -24 27 -26 26 -28 -29 -30 -31
leaf_value=1.574798470600895e-06 -7.7554654771867209e-07 -6.3212706621001629e-07 -1.1830893834030577e-06 1.2841288514031657e-06 3.606273026384419e-06 5.5137307655652843e-06 -4.4736789311627946e-06 -1.4861619969524746e-06 3.7020406407699707e-06 8.1802371065956928e-07 3.9499270343800286e-06 3.8172305648250439e-06 6.514439163560417e-07 2.6591948386883108e-06 4.0404417854175379e-06 -2.7710848392168622e-06 1.6820445984931978e-06 7.5259026038599623e-07 -1.0003294191847089e-06 -6.0482126845391075e-07 2.3659390088444831e-06 1.729270062518797e-06 2.6709803529231501e-06 7.6173907215224836e-07 2.4132674825259662e-06 -6.1909969831377668e-07 -2.7497969344122713e-06 -7.0936420041701558e-07 4.3111630683644943e-07 -1.7103442531362947e-06
leaf_weight=44 84 111 20 128 492 304 20 261 251 30 110 48 52 72 43 22 292 81 25 23 60 46 101 63 69 225 22 97 182 3500
leaf_count=44 84 111 20 128 492 304 20 261 251 30 110 48 52 72 43 22 292 81 25 23 60 46 101 63 69 225 22 97 182 3500
internal_value=1.9886e-14 -1.38223e-06 2.77292e-06 3.15099e-06 3.65801e-06 4.02081e-06 3.29065e-06 -2.91339e-07 4.69439e-06 1.9007e-06 2.17618e-06 1.0204e-06 1.2725e-07 5.84572e-07 2.23484e-06 -7.00445e-07 1.49838e-06 1.64982e-06 1.81094e-06 2.37613e-06 1.54272e-06 7.68143e-07 1.8958e-06 2.3761e-07 3.35758e-06 -5.54909e-07 -8.08878e-07 -1.30117e-07 2.83176e-08 -1.68843e-06
internal_weight=6878 4590 2288 1882 1339 1067 512 1006 555 543 491 406 745 446 272 52 312 153 202 131 83 71 229 204 179 299 247 160 293 3584
internal_count=6878 4590 2288 1882 1339 1067 512 1006 555 543 491 406 745 446 272 52 312 153 202 131 83 71 229 204 179 299 247 160 293 3584
is_linear=0
shrinkage=0.05


Tree=34
num_leaves=31
num_cat=0
split_feature=12 15 8 12 22 15 3 15 8 3 9 18 0 0 18 24 8 15 3 8 4 4 24 26 15 15 2 8 8 15
split_gain=9.51671e-06 5.67228e-07 5.53494e-07 3.63135e-07 3.01496e-07 1.98549e-07 3.68285e-07 5.12315e-07 1.95017e-07 1.88155e-07 1.79855e-07 1.72909e-07 4.4212e-07 2.21993e-07 2.41042e-07 1.91034e-07 1.67903e-07 1.23933e-07 1.17276e-07 8.897e-08 8.82983e-08 6.85486e-08 1.13653e-07 6.83376e-08 5.20868e-08 5.5947e-08 3.56428e-08 3.45036e-08 3.07134e-08 2.69406e-08
threshold=-0.5 -0.73284120334876357 201.31954222287254 -0.9159756150367534 629.50000000000011 -0.84313311835787952 20.450000000000003 -0.91249077947840473 236.497761277433 11.950000000000001 -55.615518082705492 8.7105000000000014e-05 60.500000000000007 159.50000000000003 0.00015790500000000004 9.3747320471597039e-06 263.47423577758337 0.91245913578114801 20.750000000000004 342.23210573242926 19.500000000000004 1.5000000000000002 0.00053261348060629047 0.00058769251086926075 -0.73865259438682551 -0.84313311835787952 120.50000000000001 270.4320496296308 215.01485218476412 -0.78858226040708135
decision_type=2 2 2 2 2 2 2 2 2 2 2 2 2 2 2 2 2 2 2 2 2 2 2 2 2 2 2 2 2 2
left_child=1 4 -2 11 5 6 7 -1 28 -10 -4 12 15 16 -15 -3 -13 -11 29 24 -8 23 -23 -6 25 -12 -20 -24 -5 -7
right_child=2 3 10 8 21 18 20 -9 9 17 19 13 -14 14 -16 -17 -18 -19 26 -21 -22 22 27 -25 -26 -27 -28 -29 -30 -31
leaf_value=3.9162480835398377e-06 -1.6040132050666934e-06 -3.546261588646168e-07 -1.4271060667365354e-06 -1.2110305985626575e-06 4.0937970879895147e-06 9.3097253490916713e-06 5.4423014601720106e-06 -2.6320910920544935e-06 -2.5001099473342949e-06 2.1571494862178753e-06 5.0090104241039235e-07 2.6262046314210846e-06 -3.9906481278790281e-06 -1.4638761575920869e-06 3.2855501586871455e-06 4.7097633053757213e-06 6.7627928173906545e-06 -4.151068333158037e-07 5.5624695820510038e-06 -1.0890271598507085e-06 2.7932881659974039e-06 -2.014616157711399e-06 1.3339958253608429e-06 1.3963402722721297e-06 -1.1670525027128781e-08 2.2657272937730171e-06 3.0787343439442342e-06 3.7501343161817541e-06 3.858921379246724e-07 7.0219192615871691e-06
leaf_weight=93 3584 27 254 38 59 22 210 44 24 738 188 36 29 29 339 60 77 50 52 128 37 22 45 39 377 59 20 22 145 31
leaf_count=93 3584 27 254 38 59 22 210 44 24 738 188 36 29 29 339 60 77 50 52 128 37 22 45 39 377 59 20 22 145 31
internal_value=2.87425e-15 2.63427e-06 -1.31312e-06 2.11373e-06 3.82493e-06 4.4557e-06 3.89228e-06 1.81313e-06 1.5288e-06 1.86111e-06 -2.76772e-07 3.08863e-06 1.35588e-06 3.5065e-06 2.91127e-06 3.13806e-06 5.44494e-06 1.99394e-06 6.18653e-06 1.11771e-07 5.04549e-06 2.10803e-06 1.1035e-06 3.02032e-06 3.58089e-07 9.22459e-07 4.87254e-06 2.12735e-06 5.42907e-08 7.97157e-06
internal_weight=6878 2288 4590 1592 696 509 384 137 995 812 1006 597 116 481 368 87 113 788 125 752 247 187 89 98 624 247 72 67 183 53
internal_count=6878 2288 4590 1592 696 509 384 137 995 812 1006 597 116 481 368 87 113 788 125 752 247 187 89 98 624 247 72 67 183 53
is_linear=0
shrinkage=0.05


Tree=35
num_leaves=31
num_cat=0
split_feature=12 12 12 27 5 14 14 14 14 19 5 5 14 14 4 19 12 27 24 9 19 9 19 4 7 3 14 27 4 9
split_gain=8.58883e-06 4.96882e-07 4.89529e-07 3.46373e-07 2.11265e-07 1.86187e-07 1.81034e-07 2.17925e-07 5.31465e-07 2.27432e-07 1.74039e-07 2.45934e-07 1.33531e-07 4.04968e-07 1.1166e-07 8.31602e-08 7.77395e-08 7.44441e-08 6.99589e-08 6.1975e-08 6.16131e-08 6.96959e-08 6.86052e-08 6.21451e-08 5.01651e-08 4.98796e-08 4.57866e-08 6.8874e-08 3.32453e-08 3.25718e-08
threshold=-0.5 -0.70710678118654735 -0.25881904510252113 16.166666666666668 16.950000000000003 0.73283908552571653 0.21862473630160603 -0.95995996396290595 -0.99630266176052629 0.0003117350000000001 5.6500000000000012 10.350000000000003 -0.98523971305672675 -0.91978325482952472 1.0000000180025095e-35 0.00017011500000000003 1.0000000180025095e-35 77.500000000000014 6.5776629629400323e-05 -46.144473956455506 0.00044944000000000006 -34.484648859997556 0.00058471000000000011 75.500000000000014 21.162751577311308 13.250000000000002 0.23537774960157334 51.166666666666679 4.5000000000000009 -67.261394829070341
decision_type=2 2 2 2 2 2 2 2 2 2 2 2 2 2 2 2 2 2 2 2 2 2 2 2 2 2 2 2 2 2
left_child=1 3 15 6 12 18 7 8 -1 -9 14 -12 -5 -14 -8 19 29 -7 -6 -2 21 23 -22 25 -17 -3 -23 -28 -24 -4
right_child=2 20 16 4 5 17 10 9 -10 -11 11 -13 13 -15 -16 24 -18 -19 -20 -21 22 26 28 -25 -26 -27 27 -29 -30 -31
leaf_value=5.4349591690244683e-06 -1.7291628427260475e-07 -6.1475139325750669e-07 -2.2271440557656315e-06 5.2443720451698211e-06 -4.274218287284147e-06 3.1637102105719351e-06 6.5575207870660097e-06 5.4574639497997433e-06 -1.9991497161051735e-06 2.989930202694257e-06 6.299535805367298e-07 3.6951706159098244e-06 -1.2662912389974476e-06 2.7421528643932735e-06 2.6709364702224834e-06 2.5215440699000172e-07 -1.532075055097946e-06 -5.1258571364174024e-07 -2.8264427696523766e-07 1.2900993141009964e-06 -6.3668402883889175e-07 3.0379360458526564e-06 1.9239052159437691e-06 -1.1783368014661733e-06 -1.115394520969765e-06 2.0127945789096126e-06 6.2829985972712167e-07 3.0857284328881769e-06 4.4954841890406296e-07 -7.9638863747221365e-07
leaf_weight=53 122 24 43 42 23 40 42 298 44 136 135 127 70 631 33 120 3444 21 21 178 76 93 78 32 152 73 75 46 75 531
leaf_count=53 122 24 43 42 23 40 42 298 44 136 135 127 70 631 33 120 3444 21 21 178 76 93 78 32 152 73 75 46 75 531
internal_value=-2.28316e-14 2.50256e-06 -1.24746e-06 2.92797e-06 2.20927e-06 1.0992e-07 3.63011e-06 4.20536e-06 2.06279e-06 4.68423e-06 2.7237e-06 2.11576e-06 2.50595e-06 2.34188e-06 4.84742e-06 1.21085e-07 -1.44229e-06 1.8981e-06 -2.36915e-06 6.9514e-07 1.22633e-06 1.65034e-06 5.91235e-07 7.3235e-07 -5.12064e-07 1.36268e-06 2.20371e-06 1.56253e-06 1.20118e-06 -9.03571e-07
internal_weight=6878 2288 4590 1716 848 105 868 531 97 434 337 262 743 701 75 572 4018 61 44 300 572 343 229 129 272 97 214 121 153 574
internal_count=6878 2288 4590 1716 848 105 868 531 97 434 337 262 743 701 75 572 4018 61 44 300 572 343 229 129 272 97 214 121 153 574
is_linear=0
shrinkage=0.05


Tree=36
num_leaves=31
num_cat=0
split_feature=12 15 12 12 14 14 22 18 14 17 9 18 23 23 18 15 9 18 5 5 14 15 6 12 9 15 2 14 5 4
split_gain=7.75142e-06 4.78081e-07 4.418e-07 3.14665e-07 2.74131e-07 6.50956e-07 2.31256e-07 2.14765e-07 1.78875e-07 1.6015e-07 2.39362e-07 1.51419e-07 4.02515e-07 2.46429e-07 1.62828e-07 1.44343e-07 1.37655e-07 1.30019e-07 1.18516e-07 1.18054e-07 1.00119e-07 8.30784e-08 8.14917e-08 7.01599e-08 5.61286e-08 5.16518e-08 4.80574e-08 4.32057e-08 3.00797e-08 4.82361e-08
threshold=-0.5 -0.73284120334876357 -0.25881904510252113 -0.9159756150367534 0.54219432480460406 0.49812943072827093 629.50000000000011 0.00058518000000000014 0.21862473630160603 0.5420105766062554 -17.837834927834219 8.7105000000000014e-05 79.500000000000014 178.50000000000003 1.1550000000000001e-05 0.42957308670649791 -6.2653337913075822 0.00015790500000000004 4.8500000000000005 2.7500000000000004 0.76696112484652046 0.04621408538533487 0.00041508000000000002 1.0000000180025095e-35 -47.936724282128047 -0.72694848937061807 134.50000000000003 0.41398981800788198 6.0500000000000007 24.500000000000004
decision_type=2 2 2 2 2 2 2 2 2 2 2 2 2 2 2 2 2 2 2 2 2 2 2 2 2 2 2 2 2 2
left_child=1 4 21 11 5 6 8 -6 -1 10 19 12 14 15 -3 -13 -11 -15 -12 -5 -18 26 -8 25 27 -4 28 -23 29 -2
right_child=2 3 23 9 7 -7 22 -9 -10 16 18 13 -14 17 -16 -17 20 -19 -20 -21 -22 24 -24 -25 -26 -27 -28 -29 -30 -31
leaf_value=4.5954942581491545e-06 1.5883074775047135e-06 -5.2461194854913629e-07 -1.4514198315137864e-07 -1.8402278673702626e-06 7.9706669467586018e-06 -4.9596194993265876e-06 -9.4871292394995898e-07 2.3815226531951338e-06 2.1933041209942332e-06 -2.9953992052469403e-06 6.635595626346092e-07 6.0138949590639512e-06 -3.6915442101123901e-06 -9.0594564706127412e-07 4.3369181082466712e-06 2.3117278399493242e-06 1.6473942296950428e-07 2.7702580548375721e-06 4.080292113631653e-06 1.4684970608339797e-06 1.8009411924469483e-06 -1.207279221409194e-06 2.271053382222127e-06 -1.4554712503605239e-06 -1.4992310478428965e-06 -1.1737992569089953e-06 -9.2599617751432106e-08 1.0523046887073967e-06 1.3388977880854409e-06 -1.8427134705234495e-06
leaf_weight=333 20 24 176 29 55 24 23 25 101 25 31 98 31 26 61 36 229 321 140 383 158 34 135 3444 106 398 164 56 171 21
leaf_count=333 20 24 176 29 55 24 23 25 101 25 31 98 31 26 61 36 229 321 140 383 158 34 135 3444 106 398 164 56 171 21
internal_value=1.81377e-15 2.37743e-06 -1.18509e-06 1.89954e-06 3.47053e-06 3.11293e-06 3.44019e-06 6.22406e-06 4.03646e-06 1.35504e-06 1.8883e-06 2.80704e-06 1.18555e-06 3.19809e-06 2.96425e-06 5.01928e-06 6.00459e-07 2.49481e-06 3.46088e-06 1.2356e-06 8.32749e-07 1.1503e-07 1.80235e-06 -1.37017e-06 -7.19576e-07 -8.58392e-07 5.50091e-07 1.98684e-07 1.04727e-06 -1.69045e-07
internal_weight=6878 2288 4590 1592 696 616 592 80 434 995 583 597 116 481 85 134 412 347 171 412 387 572 158 4018 196 574 376 90 212 41
internal_count=6878 2288 4590 1592 696 616 592 80 434 995 583 597 116 481 85 134 412 347 171 412 387 572 158 4018 196 574 376 90 212 41
is_linear=0
shrinkage=0.05


Tree=37
num_leaves=31
num_cat=0
split_feature=8 7 8 11 23 17 21 7 25 14 3 14 14 27 14 8 2 11 7 8 5 7 8 14 27 8 16 14 7 14
split_gain=6.00116e-06 1.636e-06 4.35075e-07 3.0755e-07 2.30397e-07 1.74543e-07 1.58529e-07 1.47827e-07 1.31715e-07 1.69334e-07 1.16858e-07 7.83452e-08 1.66151e-07 1.61671e-07 7.4955e-08 6.59613e-08 6.22103e-08 5.23794e-08 4.71525e-08 4.65818e-08 4.02797e-08 3.87595e-08 3.84855e-08 3.38099e-08 3.34978e-08 2.64088e-08 2.27448e-08 1.95949e-08 1.51936e-08 1.30453e-08
threshold=224.72111322930317 124.27651325583892 258.44490064136215 19.909375000000001 761.50000000000011 0.92993490039750804 44.500000000000007 134.86555899557905 0.00010859431340914191 0.42958674266195179 15.350000000000003 -0.97509794945709805 -0.94705910369513524 1.0000000180025095e-35 -0.99630266176052629 322.93462131557686 74.500000000000014 51.618750000000006 154.47489146175459 201.31954222287254 6.0500000000000007 129.04452365090586 347.43814026114779 0.21862473630160603 73.833333333333357 293.85798326952505 1001.9250000000001 0.40614137006726808 128.0792720685574 0.79383249484937135
decision_type=2 2 2 2 2 2 2 2 2 2 2 2 2 2 2 2 2 2 2 2 2 2 2 2 2 2 2 2 2 2
left_child=19 2 8 5 14 6 -4 15 9 10 -2 13 -13 -10 -5 20 -11 -6 22 26 25 -22 24 28 -9 -3 -1 -25 -17 -28
right_child=1 7 3 4 17 -7 -8 18 11 16 -12 12 -14 -15 -16 23 -18 -19 -20 -21 21 -23 -24 27 -26 -27 29 -29 -30 -31
leaf_value=-1.400486515853656e-06 -2.4146737359842519e-06 1.2019876045260822e-06 1.4843364126548853e-06 5.9753503293791261e-06 4.7537476918260441e-07 -2.2402510985557458e-06 3.3659449194179975e-06 5.665064937450855e-08 -1.524442941445159e-06 5.2894439424435836e-06 1.8523979240867183e-06 -3.2233108059800648e-06 8.3247646437064821e-07 3.7250799912478466e-06 3.5101735277726411e-06 1.4527741512893046e-06 2.7075057611606707e-06 2.3827716259578144e-06 -1.6495579797215499e-06 -5.7476528486861434e-07 2.8751536775153209e-06 1.0394787835778458e-06 -1.5112438375534764e-06 -2.177773375742411e-06 -1.2273677415198191e-06 -1.2504456351606402e-06 -9.2867094710252893e-08 -4.2935034420421387e-07 9.2676066407784084e-08 -1.3067811814356614e-06
leaf_weight=3493 21 21 384 32 71 25 158 210 20 43 68 27 390 55 847 28 51 73 128 189 44 83 78 22 67 23 53 59 77 38
leaf_count=3493 21 21 384 32 71 25 158 210 20 43 68 27 390 55 847 28 51 73 128 189 44 83 78 22 67 23 53 59 77 38
internal_value=1.29756e-15 1.62805e-06 2.32699e-06 2.7785e-06 3.29621e-06 1.84444e-06 2.03285e-06 -2.56573e-07 1.26342e-06 2.40865e-06 8.45561e-07 8.37453e-07 5.69872e-07 2.32521e-06 3.59992e-06 5.14947e-07 3.88861e-06 1.44232e-06 -8.26827e-07 -1.33981e-06 1.22377e-06 1.67546e-06 -5.3018e-07 -1.36715e-07 -2.53924e-07 -7.99661e-08 -1.38016e-06 -9.04231e-07 4.55369e-07 -5.99776e-07
internal_weight=6878 3105 2265 1590 1023 567 542 840 675 183 89 492 417 75 879 357 94 144 483 3773 171 127 355 186 277 44 3584 81 105 91
internal_count=6878 3105 2265 1590 1023 567 542 840 675 183 89 492 417 75 879 357 94 144 483 3773 171 127 355 186 277 44 3584 81 105 91
is_linear=0
shrinkage=0.05


Tree=38
num_leaves=31
num_cat=0
split_feature=12 15 8 12 14 14 22 18 14 14 14 14 24 7 5 15 21 8 8 14 27 26 8 15 9 16 14 8 7 23
split_gain=6.32622e-06 4.0832e-07 3.78732e-07 2.62972e-07 2.51854e-07 5.79022e-07 1.98295e-07 1.93503e-07 1.65685e-07 2.42634e-07 3.96488e-07 1.89038e-07 1.64132e-07 1.35433e-07 1.11445e-07 1.03994e-07 9.85523e-08 6.51589e-08 6.87645e-08 6.51083e-08 5.59696e-08 4.32076e-08 3.4907e-08 3.05104e-08 4.04752e-08 2.02997e-08 1.66852e-08 2.71605e-08 2.1729e-08 1.23657e-08
threshold=-0.5 -0.73284120334876357 208.74077742930891 -0.78656609248549292 0.54219432480460406 0.49812943072827093 629.50000000000011 0.00058518000000000014 -0.99630266176052629 -0.95244167294248061 -0.96463499255812291 -0.75648915189404875 4.3974544348681327e-05 145.27278087689675 3.0500000000000003 0.91245913578114801 12.500000000000002 326.85811795944278 326.12423047573299 0.30164402523644185 13.833333333333334 4.4820302333882316e-05 242.84748527535143 -0.97507822412530132 -36.904476305830336 1001.9250000000001 0.41398981800788198 326.85811795944278 154.47489146175459 17.500000000000004
decision_type=2 2 2 2 2 2 2 2 2 2 2 2 2 2 2 2 2 2 2 2 2 2 2 2 2 2 2 2 2 2
left_child=1 4 25 8 5 6 12 29 21 10 -10 -11 -1 17 -5 16 -16 18 22 -17 -8 -3 -4 -19 -25 -2 -15 28 -28 -6
right_child=2 3 13 14 7 -7 20 -9 9 11 -12 -13 -14 26 15 19 -18 23 -20 -21 -22 -23 -24 24 -26 -27 27 -29 -30 -31
leaf_value=2.5637422568627006e-06 -1.3261612145870123e-06 6.2596554204807548e-06 -2.3764878591134019e-07 -2.0933965932575425e-06 6.5012016767425297e-06 -4.7982451908031489e-06 2.0814868758322287e-06 2.1498886208064505e-06 1.3968348017507586e-06 4.1645709096883364e-06 -5.6095173567882744e-06 2.051355129963938e-06 4.5260386703216873e-06 -1.6533461394663171e-06 1.8212725348913321e-06 3.7446362057380609e-07 4.1575200865492871e-07 6.9316552629727064e-07 3.2164342408815054e-06 -3.255507334642971e-06 -2.6012253826479539e-07 3.2816449545082705e-06 7.4755178516656242e-07 -4.3923176445383029e-07 -2.6862690586685032e-06 -5.6978745477436149e-07 5.5533780428359851e-07 -1.4874959471761699e-06 -1.1729398238458089e-06 8.0443625259196024e-06
leaf_weight=188 3520 29 138 30 21 24 126 25 105 125 25 690 246 107 305 30 211 52 23 21 32 21 258 225 22 91 44 79 31 34
leaf_count=188 3520 29 138 30 21 24 126 25 105 125 25 690 246 107 305 30 211 52 23 21 32 21 258 225 22 91 44 79 31 34
internal_value=-8.99924e-15 2.14778e-06 -1.07061e-06 1.70613e-06 3.15798e-06 2.81522e-06 3.12387e-06 5.79726e-06 2.2039e-06 2.05549e-06 4.94594e-08 2.37547e-06 3.67601e-06 -1.98341e-07 8.76513e-07 1.03365e-06 1.24653e-06 1.56226e-07 5.58594e-07 -1.12023e-06 1.60724e-06 5.00889e-06 4.04224e-07 -4.07627e-07 -6.39373e-07 -1.3071e-06 -1.17374e-06 -8.40509e-07 -1.59017e-07 7.45516e-06
internal_weight=6878 2288 4590 1592 696 616 592 80 995 945 130 815 434 979 597 567 516 718 419 51 158 50 396 299 247 3611 261 154 75 55
internal_count=6878 2288 4590 1592 696 616 592 80 995 945 130 815 434 979 597 567 516 718 419 51 158 50 396 299 247 3611 261 154 75 55
is_linear=0
shrinkage=0.05


Tree=39
num_leaves=31
num_cat=0
split_feature=12 15 14 14 8 12 14 2 2 27 15 14 25 14 17 17 14 6 7 5 14 27 3 27 17 14 8 15 15 27
split_gain=5.70941e-06 3.75597e-07 5.34498e-07 3.42615e-07 3.42171e-07 2.63823e-07 2.6222e-07 2.94825e-07 1.78478e-07 1.7633e-07 1.85405e-07 1.70224e-07 1.6779e-07 2.00005e-07 4.90916e-07 1.65115e-07 1.56484e-07 1.55967e-07 1.17463e-07 7.62205e-08 7.0254e-08 1.37982e-07 1.51753e-07 1.51574e-07 1.18637e-07 9.99487e-08 5.43904e-08 4.0439e-08 5.63794e-08 2.54284e-08
threshold=-0.5 0.04621408538533487 0.9916835347852474 0.9053161325100999 201.31954222287254 -0.78656609248549292 0.98372640911059162 105.50000000000001 103.50000000000001 38.500000000000007 0.61913436964878354 -0.97876850416056738 0.00021247959199887707 0.67802080537253973 0.98611014922912044 0.96562891895721226 0.54219432480460406 0.00021684000000000002 145.27278087689675 8.2500000000000018 0.21862473630160603 51.166666666666679 19.050000000000004 39.166666666666679 0.73950088742624021 0.036545658007091128 342.23210573242926 -0.97111920233974802 -0.93543596745397617 5.5000000000000009
decision_type=2 2 2 2 2 2 2 2 2 2 2 2 2 2 2 2 2 2 2 2 2 2 2 2 2 2 2 2 2 2
left_child=1 5 3 9 -2 12 7 -5 -4 10 -3 -11 13 16 -15 17 -1 -14 26 -17 24 23 -23 -22 25 -7 27 -6 -29 -26
right_child=4 2 8 6 18 20 -8 -9 -10 11 -12 -13 15 14 -16 19 -18 -19 -20 -21 21 22 -24 -25 29 -27 -28 28 -30 -31
leaf_value=3.886178441951197e-06 -1.2458003686655062e-06 -6.5689731592410869e-09 -7.8172288522182511e-06 6.4859194822020074e-06 1.3302025816333949e-06 2.423557030283519e-06 -1.1249760945020171e-06 1.3430010292061277e-06 -1.1374436166988743e-06 4.1153890530646697e-06 2.6529594071806709e-06 -2.7413586157873342e-07 -2.8508655373116199e-06 3.0641967941846814e-06 -5.2445336132223023e-06 5.1481510326993887e-06 7.8943317860718638e-06 1.7690761007292107e-06 -1.115054267891309e-06 2.5844347406298084e-06 7.9140829940839512e-07 4.2754798969562611e-06 6.8747157102835544e-08 -3.4624040288235848e-06 1.184822694237179e-06 5.9742144003394062e-06 -8.2937659285679707e-07 -1.6083837803784092e-06 2.9997106947337735e-07 -6.1445865382152248e-07
leaf_weight=384 3584 97 20 76 84 200 24 44 20 24 202 277 20 160 20 50 26 211 261 69 129 53 36 25 72 22 126 42 493 27
leaf_count=384 3584 97 20 76 84 200 24 44 20 24 202 277 20 160 20 50 26 211 261 69 129 53 36 25 72 22 126 42 493 27
internal_value=-4.85158e-16 2.04039e-06 1.15309e-06 1.4558e-06 -1.01708e-06 2.50292e-06 3.64599e-06 4.60018e-06 -4.47734e-06 9.30157e-07 1.79017e-06 7.58595e-08 3.01587e-06 3.53038e-06 2.141e-06 2.14855e-06 4.14035e-06 1.36908e-06 -2.02247e-07 3.66163e-06 1.64799e-06 1.00661e-06 2.57388e-06 1.00854e-07 2.13352e-06 2.77542e-06 1.17543e-07 3.10292e-07 1.50156e-07 6.9411e-07
internal_weight=6878 2288 784 744 4590 1504 144 120 40 600 299 301 940 590 180 350 410 231 1006 119 564 243 89 154 321 222 745 619 535 99
internal_count=6878 2288 784 744 4590 1504 144 120 40 600 299 301 940 590 180 350 410 231 1006 119 564 243 89 154 321 222 745 619 535 99
is_linear=0
shrinkage=0.05


Tree=40
num_leaves=31
num_cat=0
split_feature=12 8 8 12 27 15 14 14 1 16 18 9 14 15 27 3 15 15 8 7 15 14 7 19 27 17 14 9 14 3
split_gain=5.15274e-06 3.53066e-07 3.09565e-07 2.53657e-07 1.66477e-07 1.86099e-07 2.47387e-07 2.26579e-07 1.57297e-07 2.6872e-07 1.94033e-07 1.14956e-07 9.13837e-08 8.01395e-08 5.55297e-08 3.78386e-08 3.36481e-08 4.28975e-08 3.26255e-08 3.08638e-08 4.3858e-08 3.03871e-08 2.54083e-08 2.51124e-08 1.95126e-08 2.22223e-08 2.17076e-08 1.85801e-08 2.08668e-08 1.00649e-08
threshold=-0.5 239.78407604440201 208.74077742930891 -0.78656609248549292 11.500000000000002 1.0000000180025095e-35 0.82414472752956958 0.9916835347852474 458.35000000000008 214.45000000000002 5.3375000000000003e-05 -46.144473956455506 0.9916835347852474 0.91245913578114801 99.833333333333357 14.450000000000001 -0.97111920233974802 -0.93543596745397617 215.01485218476412 154.47489146175459 0.22491561436810906 0.41398981800788198 126.47564345848802 0.00013456500000000004 5.166666666666667 0.93637167903261098 -0.96463499255812291 82.938559294973601 0.21862473630160603 13.15
decision_type=2 2 2 2 2 2 2 2 2 2 2 2 2 2 2 2 2 2 2 2 2 2 2 2 2 2 2 2 2 2
left_child=1 18 27 4 8 6 -6 -7 10 -10 -3 19 13 14 -5 -13 22 -18 -1 20 29 -22 -17 -20 25 -25 -26 -2 -29 -4
right_child=2 3 11 12 5 7 -8 -9 9 -11 -12 15 -14 -15 -16 16 17 -19 23 -21 21 -23 -24 24 26 -27 -28 28 -30 -31
leaf_value=-1.1876523728915345e-06 -1.1940073428151461e-06 2.8592430203389088e-06 -1.6914764966554071e-06 1.7294139212907645e-06 1.9566126247848934e-06 1.6046569503798201e-06 4.7990501494373704e-06 -2.4674275351799224e-06 -2.9902682529479667e-06 2.8203278531583783e-06 5.637727890803434e-06 1.7656889673251101e-06 -1.3030693518582364e-06 -8.5051469127125434e-07 -7.2110539880062185e-07 1.5679868809941688e-06 -1.3130817767453046e-06 1.8133955056220196e-07 2.0895560149369885e-06 -1.4376519173353587e-06 -1.2911327550445215e-06 7.654135609032704e-07 3.1874976053182365e-08 -3.563942698292522e-07 1.3284663013605909e-06 1.7026770706252137e-06 -3.907452927729047e-07 -1.1721119602137559e-06 7.9906614791980263e-07 -7.780045594920313e-07
leaf_weight=38 3557 140 37 629 290 234 104 40 21 379 114 41 30 34 24 67 56 337 20 128 23 82 45 20 22 38 111 29 25 163
leaf_count=38 3557 140 37 629 290 234 104 40 21 379 114 41 30 34 24 67 56 337 20 128 23 82 45 20 22 38 111 29 25 163
internal_value=-2.47184e-16 1.93837e-06 -9.66228e-07 2.15542e-06 2.56612e-06 2.01095e-06 2.7069e-06 1.01019e-06 3.13319e-06 2.51527e-06 4.10628e-06 -1.77619e-07 1.39817e-06 1.51612e-06 1.63935e-06 3.04875e-07 1.86274e-07 -3.1606e-08 1.60995e-07 -7.8603e-07 -5.12562e-07 3.14932e-07 9.50799e-07 4.03879e-07 2.27368e-07 9.92652e-07 -1.06364e-07 -1.18003e-06 -2.5953e-07 -9.46997e-07
internal_weight=6878 2288 4590 2039 1322 668 394 274 654 400 254 979 717 687 653 546 505 393 249 433 305 105 112 211 191 58 133 3611 54 200
internal_count=6878 2288 4590 2039 1322 668 394 274 654 400 254 979 717 687 653 546 505 393 249 433 305 105 112 211 191 58 133 3611 54 200
is_linear=0
shrinkage=0.05


Tree=41
num_leaves=31
num_cat=0
split_feature=12 15 12 14 14 12 15 14 18 18 2 21 14 18 24 3 1 21 11 13 19 11 21 9 5 9 14 18 27 16
split_gain=4.65035e-06 3.16167e-07 2.65745e-07 2.19484e-07 5.09554e-07 2.12049e-07 1.77321e-07 1.85676e-07 1.64398e-07 1.25733e-07 3.02002e-07 1.85333e-07 1.67179e-07 1.4277e-07 1.40063e-07 1.2043e-07 1.37211e-07 2.13257e-07 1.26345e-07 5.63868e-08 5.53669e-08 4.90302e-08 4.00676e-08 3.90218e-08 3.02974e-08 3.9377e-08 2.8702e-08 2.0749e-08 1.78875e-08 1.65774e-08
threshold=-0.5 -0.73284120334876357 -0.25881904510252113 0.54219432480460406 0.49812943072827093 -0.9159756150367534 -0.99938741687870725 0.21862473630160603 0.00058518000000000014 8.7105000000000014e-05 35.500000000000007 340.50000000000006 0.93544191479114935 0.00015502500000000001 9.3747320471597039e-06 11.950000000000001 60.350000000000009 26.500000000000004 27.215625000000003 0.98296291314453421 0.00017011500000000003 19.109375000000004 981.50000000000011 -67.261394829070341 6.0500000000000007 -56.554683762400792 -0.96463499255812291 0.00081085500000000019 55.166666666666679 1001.9250000000001
decision_type=2 2 2 2 2 2 2 2 2 2 2 2 2 2 2 2 2 2 2 2 2 2 2 2 2 2 2 2 2 2
left_child=1 3 20 4 6 9 -1 -8 -5 10 14 12 -11 -13 -3 -7 17 -17 -18 29 21 24 27 -21 -2 -26 -25 -22 -28 -4
right_child=2 5 19 8 -6 15 7 -9 -10 11 -12 13 -14 -15 -16 16 18 -19 -20 23 22 -23 -24 26 25 -27 28 -29 -30 -31
leaf_value=-9.2004501013320809e-07 -8.373248969363331e-07 -6.7166185536498912e-07 -1.1300761462591441e-06 6.7223538446176633e-06 -4.7317652904628936e-06 -2.4930427201752537e-06 3.4224371912208464e-06 1.2992426929138353e-06 1.8323201311432058e-06 3.2104484311565247e-06 -3.4132101887962566e-06 -1.0084001061321553e-06 7.714337159216354e-06 2.3453443493709158e-06 3.700051716050399e-06 1.0464442896499405e-06 -3.481313456177304e-06 3.3142757332706073e-06 5.9388669515995757e-07 -1.7749300008459658e-06 -8.1544626949905474e-07 1.4835233458713972e-06 1.2658283440619163e-06 -1.6179282910939195e-06 -1.2534678253709551e-06 8.960684349220836e-07 3.84792815296264e-07 6.1052408470678878e-07 -5.782788955901209e-07 -4.4684147405610275e-07
leaf_weight=32 59 27 3640 55 24 24 424 136 25 78 32 35 28 340 57 426 20 137 388 43 212 97 31 29 26 118 142 29 73 91
leaf_count=32 59 27 3640 55 24 24 424 136 25 78 32 35 28 340 57 426 20 137 388 43 212 97 31 29 26 118 142 29 73 91
internal_value=3.81828e-16 1.84145e-06 -9.17917e-07 2.73038e-06 2.4104e-06 1.45282e-06 2.69995e-06 2.9068e-06 5.19422e-06 2.1978e-06 7.20219e-07 2.55414e-06 4.40015e-06 2.03233e-06 2.29486e-06 1.00584e-06 1.09232e-06 1.5983e-06 3.94122e-07 -1.06146e-06 9.04139e-08 5.58818e-07 -4.26209e-07 -3.86117e-07 1.16964e-07 5.07958e-07 -1.41368e-07 -6.43856e-07 5.77964e-08 -1.11341e-06
internal_weight=6878 2288 4590 696 616 1592 592 560 80 597 116 481 106 375 84 995 971 563 408 4018 572 300 272 287 203 144 244 241 215 3731
internal_count=6878 2288 4590 696 616 1592 592 560 80 597 116 481 106 375 84 995 971 563 408 4018 572 300 272 287 203 144 244 241 215 3731
is_linear=0
shrinkage=0.05


Tree=42
num_leaves=31
num_cat=0
split_feature=12 15 12 15 0 15 14 14 2 14 14 5 14 17 27 15 22 15 9 13 11 9 15 15 18 14 15 5 15 27
split_gain=4.19694e-06 2.90987e-07 2.39835e-07 2.26759e-07 3.74963e-07 2.2988e-07 2.10989e-07 3.12618e-07 2.10226e-07 2.18173e-07 4.53701e-07 2.02203e-07 1.64265e-07 7.08886e-08 9.5058e-08 7.92911e-08 5.79454e-08 5.12315e-08 5.9871e-08 5.08891e-08 4.37896e-08 3.52172e-08 3.48211e-08 3.19998e-08 2.79689e-08 2.59035e-08 2.46146e-08 2.52236e-08 2.12215e-08 1.61435e-08
threshold=-0.5 -0.42958798411962301 -0.25881904510252113 -0.39036009226888674 246.50000000000003 -0.36648370705903521 -0.99630266176052629 0.41398981800788198 146.50000000000003 0.85226249403558707 0.67802080537253973 12.450000000000001 0.54219432480460406 0.66714170868961498 8.8333333333333339 -0.9260227363677036 629.50000000000011 -0.68432604233786842 -32.562986798192455 0.98296291314453421 42.675000000000004 -67.261394829070341 -0.97111920233974802 -0.93543596745397617 0.00044602000000000004 -0.96463499255812291 0.9052873537896472 11.450000000000001 -0.99273797715557011 55.166666666666679
decision_type=2 2 2 2 2 2 2 2 2 2 2 2 2 2 2 2 2 2 2 2 2 2 2 2 2 2 2 2 2 2
left_child=1 8 17 4 -3 -5 20 -8 9 10 12 -12 -1 -10 16 -16 -15 18 -2 -4 -7 -21 28 -24 26 -23 27 -19 -20 -27
right_child=2 3 19 5 -6 6 7 -9 13 -11 11 -13 -14 14 15 -17 -18 24 22 21 -22 25 23 -25 -26 29 -28 -29 -30 -31
leaf_value=2.8285928113326012e-06 2.4229765595388626e-06 -7.3134022852627825e-06 -1.0577412892911424e-06 6.1987090854624218e-06 2.3685738187850803e-06 4.4323708522624352e-06 -7.522148110320851e-08 1.6947924782789039e-06 4.069290002917114e-06 6.7934064204702295e-06 -1.912254685655978e-06 3.7794213312736248e-06 5.4012815930296452e-06 3.3991632009016961e-06 -2.705265866176848e-06 5.9580613583028901e-07 1.2726178861957698e-06 -2.0757577391092044e-07 2.9370772206708093e-07 -1.6861835066202034e-06 1.7736998935496168e-06 -1.5370318939450705e-06 -1.7611777029405521e-06 2.8667491221767708e-07 -7.4908501955939721e-07 3.6555317313138138e-07 -1.4309038553382499e-06 9.2813634686515138e-07 2.2403873840305878e-06 -5.4936495540188888e-07
leaf_weight=546 42 20 3731 24 20 59 384 712 21 33 71 20 70 42 23 87 135 110 28 43 21 29 27 65 161 142 23 88 28 73
leaf_count=546 42 20 3731 24 20 59 384 712 21 33 71 20 70 42 23 87 135 110 28 43 21 29 27 65 161 142 23 88 28 73
internal_value=3.20653e-15 1.74938e-06 -8.72021e-07 1.231e-06 -2.47241e-06 1.35444e-06 1.25558e-06 1.07464e-06 2.36273e-06 2.8196e-06 2.63412e-06 -6.61337e-07 3.12094e-06 1.26506e-06 1.05987e-06 -9.4418e-08 1.77722e-06 8.58932e-08 7.56851e-07 -1.00839e-06 3.73447e-06 -3.66812e-07 2.84032e-07 -3.14325e-07 -2.47829e-07 -1.34299e-07 1.17339e-07 2.97185e-07 1.26705e-06 5.49066e-08
internal_weight=6878 2288 4590 1240 40 1200 1176 1096 1048 740 707 91 616 308 287 110 177 572 190 4018 80 287 148 92 382 244 221 198 56 215
internal_count=6878 2288 4590 1240 40 1200 1176 1096 1048 740 707 91 616 308 287 110 177 572 190 4018 80 287 148 92 382 244 221 198 56 215
is_linear=0
shrinkage=0.05


Tree=43
num_leaves=31
num_cat=0
split_feature=12 12 12 15 15 14 14 14 14 15 26 17 15 15 9 13 7 25 25 11 27 15 26 15 20 7 4 7 14 18
split_gain=3.78774e-06 2.82913e-07 2.16451e-07 2.13582e-07 1.9671e-07 1.70312e-07 2.38425e-07 1.62703e-07 2.60033e-07 1.94336e-07 1.84124e-07 1.25453e-07 5.97739e-08 4.62364e-08 5.40336e-08 4.59274e-08 3.20287e-08 3.15155e-08 4.36571e-08 4.25412e-08 6.73862e-08 3.14261e-08 3.0371e-08 2.88798e-08 2.80232e-08 2.70416e-08 5.56062e-08 4.6326e-08 3.19177e-08 2.52419e-08
threshold=-0.5 -0.70710678118654735 -0.25881904510252113 -0.42958798411962301 -0.39036009226888674 -0.99630266176052629 -0.99275805973510278 0.21862473630160603 0.85226249403558707 -0.99938741687870725 0.00020697457026859964 0.96184562241374971 0.04621408538533487 -0.68432604233786842 -32.562986798192455 0.98296291314453421 154.47489146175459 0.00048031153721478885 0.00059497286394466227 17.406250000000004 51.166666666666679 -0.97111920233974802 4.4820302333882316e-05 -0.93543596745397617 0.00069368500000000009 126.47564345848802 75.500000000000014 54.180037540146678 0.67167992559793654 0.00044602000000000004
decision_type=2 2 2 2 2 2 2 2 2 2 2 2 2 2 2 2 2 2 2 2 2 2 2 2 2 2 2 2 2 2
left_child=1 3 13 7 -5 22 -7 9 11 -1 -11 -9 17 14 -2 -4 -17 19 -19 20 -3 -16 -6 -23 -20 27 28 -14 -27 -15
right_child=2 12 15 4 5 6 -8 8 -10 10 -12 -13 25 29 21 16 -18 18 24 -21 -22 23 -24 -25 -26 26 -28 -29 -30 -31
leaf_value=-1.210553814701143e-06 2.3018277916196985e-06 -8.0413409098885808e-07 -1.0048542252354474e-06 -2.5128371355857364e-06 5.0018971309421038e-06 -3.4928264767586372e-06 1.563497632538295e-06 5.9597425961500161e-07 5.6997763141768904e-06 4.2177146374516828e-06 2.1451914120497085e-06 3.121820203233483e-06 -1.5259444027936384e-08 1.1147185618326078e-07 1.2036951538111193e-06 -7.1200810907612323e-08 -1.3546932039741566e-06 -1.0682133240282253e-06 1.7661146584469983e-06 1.8359857566146705e-06 2.3200132618837547e-06 -1.67311877029769e-06 2.6434096883219483e-06 2.723411463989578e-07 5.9046927379892046e-08 3.1301796606645181e-07 -1.4928771191613994e-06 -2.5926749499789865e-06 2.4978313646784047e-06 -7.1163076131381087e-07
leaf_weight=24 42 45 3731 30 39 24 816 212 36 274 176 64 84 221 56 225 62 35 53 171 28 27 21 65 44 35 23 22 32 161
leaf_count=24 42 45 3731 30 39 24 816 212 36 274 176 64 84 221 56 225 62 35 53 171 28 27 21 65 44 35 23 22 32 161
internal_value=1.52411e-15 1.66191e-06 -8.2842e-07 1.98291e-06 1.47009e-06 1.60286e-06 1.41903e-06 2.58968e-06 1.703e-06 3.17332e-06 3.40713e-06 1.18168e-06 6.98902e-07 8.15986e-08 7.19009e-07 -9.5797e-07 -3.48471e-07 1.06793e-06 4.45566e-07 1.40462e-06 3.94169e-07 2.6983e-07 4.17643e-06 -2.98609e-07 9.91775e-07 -9.03359e-09 6.28334e-07 -5.50195e-07 1.35651e-06 -2.35438e-07
internal_weight=6878 2288 4590 1716 930 900 840 786 312 474 450 276 572 572 190 4018 287 376 132 244 73 148 60 92 97 196 90 106 67 382
internal_count=6878 2288 4590 1716 930 900 840 786 312 474 450 276 572 572 190 4018 287 376 132 244 73 148 60 92 97 196 90 106 67 382
is_linear=0
shrinkage=0.05


Tree=44
num_leaves=31
num_cat=0
split_feature=12 8 8 12 17 8 24 14 7 14 15 14 3 15 11 25 4 4 3 7 15 7 3 7 7 14 11 20 3 16
split_gain=3.41843e-06 2.68583e-07 2.11372e-07 2.01458e-07 1.35022e-07 1.36241e-07 1.48032e-07 1.356e-07 8.2891e-08 7.55671e-08 6.20728e-08 5.11252e-08 3.50783e-08 2.7582e-08 4.03297e-08 2.71742e-08 2.6388e-08 2.52051e-08 2.89424e-08 2.09741e-08 3.53121e-08 2.62188e-08 1.84545e-08 1.63414e-08 1.59325e-08 1.81889e-08 1.55795e-08 1.43823e-08 9.5064e-09 4.85256e-09
threshold=-0.5 239.78407604440201 208.74077742930891 -0.78656609248549292 1.0101803279037567 282.29755514591278 0.00020334894941037264 -0.99630266176052629 135.97942722134681 0.9916835347852474 0.91245913578114801 0.93544191479114935 14.450000000000001 -0.97111920233974802 17.203125000000004 0.00010529621990732113 15.500000000000002 70.500000000000014 21.750000000000004 154.47489146175459 0.22491561436810906 142.7861645084927 20.950000000000003 126.47564345848802 7.2412960181902628 0.21862473630160603 42.675000000000004 0.00053674000000000007 13.15 1028.7600000000002
decision_type=2 2 2 2 2 2 2 2 2 2 2 2 2 2 2 2 2 2 2 2 2 2 2 2 2 2 2 2 2 2
left_child=1 15 24 4 5 7 -7 -3 12 10 11 -5 -4 23 -15 -1 22 27 -19 20 28 -22 -17 -14 25 -2 -24 -18 -10 -26
right_child=2 3 8 9 -6 6 -8 -9 19 -11 -12 -13 13 14 -16 16 17 18 -20 -21 21 -23 26 -25 29 -27 -28 -29 -30 -31
leaf_value=1.5583350620300524e-06 -9.6575721443059591e-07 4.5404765356056973e-06 1.7027498529387232e-06 1.1606342063975184e-06 -1.4334375779211629e-06 2.4084970759218217e-06 4.8034803321026791e-06 1.7885659602196559e-06 -1.5333987585416106e-06 -1.3631055867335818e-06 -8.8232347733912101e-07 2.6283875231766537e-06 1.3507808867911787e-06 -1.0274829302508798e-06 2.2592650387834016e-07 -6.3434378535021098e-07 -2.0260681243858667e-06 6.6877237729228843e-07 -1.3489766733645982e-06 -1.1859366310318365e-06 1.90043470071476e-06 -7.4812382769163757e-08 2.124722722101069e-06 1.188671320859511e-07 -9.8146123430892375e-07 8.4108511176649554e-07 4.4168163264983342e-07 -3.4526444324001206e-07 -6.47602319329004e-07 -2.3657148321118174e-07
leaf_weight=26 30 47 40 587 26 216 92 941 37 30 34 66 67 81 309 25 35 52 27 128 21 84 20 45 3533 26 44 20 167 22
leaf_count=26 30 47 40 587 26 216 92 941 37 30 34 66 67 81 309 25 35 52 27 128 21 84 20 45 3533 26 44 20 167 22
internal_value=1.0068e-14 1.57881e-06 -7.86999e-07 1.76812e-06 2.13414e-06 2.20571e-06 3.12388e-06 1.91948e-06 -1.35356e-07 1.09327e-06 1.20053e-06 1.30898e-06 2.77761e-07 1.64216e-07 -3.4397e-08 2.86052e-08 -1.49749e-07 -5.93014e-07 -2.08381e-08 -6.47735e-07 -4.24791e-07 3.20237e-07 5.17639e-07 8.55816e-07 -9.6367e-07 -1.26866e-07 9.67632e-07 -1.41487e-06 -8.08261e-07 -9.76852e-07
internal_weight=6878 2288 4590 2039 1322 1296 308 988 979 717 687 653 542 502 390 249 223 134 79 437 309 105 89 112 3611 56 64 55 204 3555
internal_count=6878 2288 4590 2039 1322 1296 308 988 979 717 687 653 542 502 390 249 223 134 79 437 309 105 89 112 3611 56 64 55 204 3555
is_linear=0
shrinkage=0.05


Tree=45
num_leaves=31
num_cat=0
split_feature=12 8 8 12 5 22 6 18 5 14 8 9 14 3 14 3 25 14 14 8 27 14 3 9 8 27 9 14 5 24
split_gain=3.08514e-06 2.42396e-07 1.90764e-07 1.81816e-07 1.47812e-07 1.22097e-07 2.9063e-07 2.03834e-07 8.00533e-08 1.54298e-07 7.84005e-08 7.17658e-08 7.06797e-08 4.91678e-08 4.83676e-08 2.71329e-08 2.45247e-08 2.44539e-08 7.25026e-08 3.77523e-08 2.09644e-08 2.83758e-08 2.17147e-08 1.85293e-08 2.35323e-08 2.22502e-08 1.45285e-08 1.67001e-08 1.4432e-08 1.33231e-08
threshold=-0.5 239.78407604440201 201.31954222287254 -0.78656609248549292 20.550000000000004 370.50000000000006 9.5280000000000009e-05 5.9025000000000005e-05 5.7500000000000009 0.98372640911059162 278.2253509541319 -46.144473956455506 0.93845596220871974 15.050000000000002 0.40614137006726808 14.450000000000001 0.00010529621990732113 0.21862473630160603 0.3504237462291826 252.8489753228165 5.166666666666667 -0.96463499255812291 22.550000000000004 -67.261394829070341 326.85811795944278 11.500000000000002 82.938559294973601 0.21862473630160603 9.7500000000000018 0.00059137728042794587
decision_type=2 2 2 2 2 2 2 2 2 2 2 2 2 2 2 2 2 2 2 2 2 2 2 2 2 2 2 2 2 2
left_child=1 16 26 4 5 7 -7 -3 9 12 14 23 -5 -12 -10 28 -1 19 -19 -17 29 -22 -23 -4 25 -25 -2 -28 -13 -18
right_child=2 3 11 8 -6 6 -8 -9 10 -11 13 15 -14 -15 -16 17 20 18 -20 -21 21 22 -24 24 -26 -27 27 -29 -30 -31
leaf_value=1.480418301451454e-06 -9.3087595836421325e-07 1.5895672448279579e-06 -1.2142538172851988e-06 2.547212622605599e-07 -1.6340900755393603e-06 -3.9880082239130351e-06 1.7626412099624445e-06 3.2161691862532578e-06 -1.189675286564364e-07 -3.7154013220377082e-06 3.1475176310698117e-06 4.7917113761286605e-07 3.4508802491473038e-06 1.5354875295481376e-06 1.4000059080929991e-06 -3.1528693258627724e-07 7.0733631879869954e-08 -2.47955026431157e-06 1.0551385669657601e-07 8.1343909616917679e-07 1.2498024933024898e-06 -4.015495180759321e-07 -1.9655720718349457e-06 9.9688258265681419e-07 -8.5127921633376804e-07 -3.5373228893546119e-07 -9.2089877527761362e-07 8.4253045133664267e-07 2.3349697192481307e-06 1.54125378912795e-06
leaf_weight=26 3530 345 102 128 27 23 491 436 114 23 57 20 20 278 97 116 43 32 178 205 21 107 28 41 171 119 29 25 22 24
leaf_count=26 3530 345 102 128 27 23 491 436 114 23 57 20 20 278 97 116 43 32 178 205 21 107 28 41 171 119 29 25 22 24
internal_value=7.65529e-15 1.49987e-06 -7.47649e-07 1.67972e-06 2.02743e-06 2.10377e-06 1.50532e-06 2.49763e-06 1.03861e-06 9.45479e-08 1.33427e-06 -1.39239e-07 6.86635e-07 1.80977e-06 5.79328e-07 2.27871e-07 2.71749e-08 1.31107e-07 -2.88401e-07 4.05551e-07 -1.42262e-07 -4.59974e-07 -7.25939e-07 -6.25045e-07 -4.43476e-07 -7.63723e-09 -9.18425e-07 -1.04496e-07 1.45126e-06 5.97487e-07
internal_weight=6878 2288 4590 2039 1322 1295 514 781 717 171 546 1006 148 335 211 573 249 531 210 321 223 156 135 433 331 160 3584 54 42 67
internal_count=6878 2288 4590 2039 1322 1295 514 781 717 171 546 1006 148 335 211 573 249 531 210 321 223 156 135 433 331 160 3584 54 42 67
is_linear=0
shrinkage=0.05


Tree=46
num_leaves=31
num_cat=0
split_feature=12 12 18 23 12 22 18 11 14 14 14 14 20 5 5 14 18 24 17 5 11 5 5 27 11 4 5 19 11 5
split_gain=2.78434e-06 2.15999e-07 1.81921e-07 1.79656e-07 1.60902e-07 1.53733e-07 2.30673e-07 3.4708e-07 1.32318e-07 2.05873e-07 1.76534e-07 1.78764e-07 1.68462e-07 1.66195e-07 1.18161e-07 1.64914e-07 1.12259e-07 1.08023e-07 9.79406e-08 9.25755e-08 1.10824e-07 9.04697e-08 8.74782e-08 8.57009e-08 9.71835e-08 8.30333e-08 6.74092e-08 3.81449e-08 3.82222e-08 3.50073e-08
threshold=-0.5 -0.9159756150367534 0.00010323000000000001 79.500000000000014 -0.25881904510252113 370.50000000000006 0.00030462500000000005 35.828125000000007 0.21862473630160603 0.3744682635859638 -0.94139628442229062 -0.98214942551678475 0.00058451000000000022 11.250000000000002 4.0500000000000007 0.95242846126021108 7.2795000000000024e-05 9.3747320471597039e-06 0.46396510968901555 6.8500000000000005 16.806250000000002 7.0500000000000007 14.450000000000001 18.833333333333339 20.193750000000005 1.0000000180025095e-35 12.65 0.00017011500000000003 19.109375000000004 5.5500000000000007
decision_type=2 2 2 2 2 2 2 2 2 2 2 2 2 2 2 2 2 2 2 2 2 2 2 2 2 2 2 2 2 2
left_child=1 2 3 17 27 23 7 -7 10 19 11 25 22 -13 15 -11 -5 -1 -16 -10 -21 -8 -12 26 -25 -3 -4 28 -2 -19
right_child=4 8 5 16 -6 6 21 -9 9 14 12 13 -14 -15 18 -17 -18 29 -20 20 -22 -23 -24 24 -26 -27 -28 -29 -30 -31
leaf_value=-8.8134514114174714e-07 7.3001755315757689e-08 -9.7431333336356593e-07 3.2619969384659401e-06 -3.8049018333670879e-06 -8.2196258070678634e-07 -6.6478026631955352e-06 3.675301164532487e-06 2.1892215963816855e-06 1.3603532747332621e-06 6.9937556805807175e-07 3.0721875853068074e-06 -3.4086873414628872e-06 3.4974654524841987e-07 8.8959214808296976e-07 1.8181865850273144e-06 -3.8805236233107783e-06 5.2058507321817155e-07 1.1503650489430584e-06 5.4029913991668583e-07 -5.5805410920584111e-06 -1.2235129821489307e-06 1.5907818380601117e-06 1.1013389231381335e-06 5.2855378304646677e-06 1.8828727694644405e-06 2.4037586090527069e-06 5.4052445685389402e-06 -3.5447230286328133e-07 1.2795775538488106e-06 3.6401871582825152e-06
leaf_weight=26 203 23 146 30 4018 20 70 25 21 61 272 46 102 44 294 29 30 20 306 20 54 203 71 24 167 87 49 272 97 48
leaf_count=26 203 23 146 30 4018 20 70 25 21 61 272 46 102 44 294 29 30 20 306 20 54 203 71 24 167 87 49 272 97 48
internal_value=3.90545e-15 1.42488e-06 2.05206e-06 4.95401e-07 -7.10267e-07 2.39258e-06 1.57854e-06 -1.73834e-06 1.04857e-06 6.12601e-07 1.57917e-06 3.45301e-07 2.13372e-06 -1.30731e-06 9.13051e-07 -7.7637e-07 -1.64216e-06 1.8598e-06 1.16646e-06 -1.56961e-06 -2.40109e-06 2.12527e-06 2.66423e-06 3.06322e-06 2.31043e-06 1.69743e-06 3.80056e-06 7.4339e-08 4.63128e-07 2.90789e-06
internal_weight=6878 2288 858 154 4590 704 318 45 1430 785 645 200 445 90 690 90 60 94 600 95 74 273 343 386 191 110 195 572 300 68
internal_count=6878 2288 858 154 4590 704 318 45 1430 785 645 200 445 90 690 90 60 94 600 95 74 273 343 386 191 110 195 572 300 68
is_linear=0
shrinkage=0.05


Tree=47
num_leaves=31
num_cat=0
split_feature=12 15 15 8 8 3 15 22 3 5 5 6 9 3 5 3 25 15 15 17 9 15 7 7 5 9 15 16 8 8
split_gain=2.51286e-06 2.17752e-07 3.91985e-07 1.62142e-07 1.54888e-07 1.52654e-07 1.4182e-07 1.17911e-07 1.39153e-07 1.86694e-07 1.08652e-07 8.6026e-08 6.65604e-08 5.76889e-08 4.80985e-08 2.73183e-08 2.2889e-08 2.1855e-08 2.98742e-08 1.91006e-08 1.58803e-08 2.82e-08 2.6093e-08 1.39974e-08 1.31058e-08 1.30455e-08 1.47774e-08 4.55455e-09 4.48499e-09 2.09251e-09
threshold=-0.5 -0.68432604233786842 -0.65883892954715351 208.74077742930891 236.497761277433 11.750000000000002 -0.99938741687870725 629.50000000000011 18.550000000000004 9.5500000000000025 20.550000000000004 0.00041508000000000002 -46.144473956455506 27.650000000000002 8.2500000000000018 13.850000000000003 0.00010529621990732113 -0.97111920233974802 -0.93543596745397617 0.98043584480611512 -67.261394829070341 0.22491561436810906 142.7861645084927 126.47564345848802 7.6500000000000012 82.938559294973601 -0.96234030595689413 1028.7600000000002 0.43500081574669031 294.860513877215
decision_type=2 2 2 2 2 2 2 2 2 2 2 2 2 2 2 2 2 2 2 2 2 2 2 2 2 2 2 2 2 2
left_child=1 6 -3 25 16 -6 -1 8 9 -8 -7 -9 20 -10 -13 -14 -4 23 -19 -18 29 24 -23 -17 -22 27 -27 28 -2 -5
right_child=3 2 4 12 5 10 7 11 13 -11 -12 14 15 -15 -16 17 19 18 -20 -21 21 22 -24 -25 -26 26 -28 -29 -30 -31
leaf_value=-1.2125097597959213e-06 -2.1546634830623851e-07 -4.4660004032692768e-06 1.2635809816856636e-06 -1.5710024717918717e-06 -2.8992847286904831e-06 1.4842341756089656e-06 -3.3216970756638836e-07 -1.5489713090433864e-06 2.6894157328614875e-06 3.5296710629885566e-06 -1.1019549728665707e-06 2.7868822146909328e-06 1.8447921267859504e-06 4.0785344322791918e-06 9.6125284459708988e-07 1.2608107357352053e-06 -5.6921242662012538e-07 -1.0584617330928432e-06 1.848572065022879e-07 8.7395225684169287e-07 -1.2423625827501296e-06 1.8037136896964512e-06 -1.3009956227753578e-07 1.2066771533783242e-07 -4.3058511207600389e-07 -7.4399043269168796e-07 9.3937860150752143e-07 -1.3987125271341939e-07 -8.5079602242016618e-07 -1.000599252997412e-06
leaf_weight=32 28 32 25 20 21 1229 81 26 305 51 42 53 26 99 113 67 152 56 352 27 83 21 103 45 124 32 22 23 3506 82
leaf_count=32 28 32 25 20 21 1229 81 26 305 51 42 53 26 99 113 67 152 56 352 27 83 21 103 45 124 32 22 23 3506 82
internal_value=2.4468e-15 1.35364e-06 1.00963e-06 -6.74753e-07 1.12675e-06 1.32891e-06 2.04527e-06 2.18847e-06 2.56932e-06 1.15991e-06 1.39877e-06 1.12528e-06 -1.0402e-07 3.02982e-06 1.54413e-06 2.63122e-07 -1.53598e-07 1.84039e-07 1.42056e-08 -3.51528e-07 -5.66975e-07 -3.98885e-07 1.97401e-07 8.02718e-07 -7.5608e-07 -8.29488e-07 -5.81734e-08 -8.41198e-07 -8.45762e-07 -1.11244e-06
internal_weight=6878 2288 1528 4590 1496 1292 760 728 536 132 1271 192 979 404 166 546 204 520 408 179 433 331 124 112 207 3611 54 3557 3534 102
internal_count=6878 2288 1528 4590 1496 1292 760 728 536 132 1271 192 979 404 166 546 204 520 408 179 433 331 124 112 207 3611 54 3557 3534 102
is_linear=0
shrinkage=0.05


Tree=48
num_leaves=31
num_cat=0
split_feature=12 15 8 12 15 21 15 15 27 15 15 22 8 22 3 6 9 25 0 15 4 3 15 15 7 15 8 7 9 15
split_gain=2.26786e-06 1.96892e-07 1.46333e-07 1.33364e-07 1.32229e-07 1.16489e-07 1.25402e-07 2.85257e-07 9.97168e-08 1.96162e-07 2.97477e-07 1.53995e-07 1.11118e-07 9.43627e-08 7.07352e-08 6.1633e-08 6.00707e-08 4.45144e-08 2.77746e-08 3.58753e-08 3.17765e-08 2.46548e-08 1.97242e-08 2.69614e-08 1.45276e-08 2.7701e-08 3.47699e-08 1.26327e-08 1.17736e-08 1.33366e-08
threshold=-0.5 -0.73284120334876357 208.74077742930891 -0.70710678118654735 -0.99938741687870725 713.50000000000011 -0.84313311835787952 -0.8611288361322974 18.833333333333339 -0.6523320455745395 1.0000000180025095e-35 370.50000000000006 284.81361740207586 396.50000000000006 20.950000000000003 0.00030069500000000007 -46.144473956455506 0.00051879279224787724 890.50000000000011 -0.6523320455745395 99.500000000000014 13.850000000000003 -0.97111920233974802 -0.93543596745397617 151.93917986248999 0.22491561436810906 302.05608334128959 126.47564345848802 82.938559294973601 -0.96234030595689413
decision_type=2 2 2 2 2 2 2 2 2 2 2 2 2 2 2 2 2 2 2 2 2 2 2 2 2 2 2 2 2 2
left_child=1 4 28 8 -1 6 7 -6 11 -10 -11 12 -3 -13 -8 -7 24 -17 19 -5 -21 -18 27 -24 25 -4 -27 -23 -2 -30
right_child=2 3 16 18 5 15 14 -9 9 10 -12 13 -14 -15 -16 17 21 -19 -20 20 -22 22 23 -25 -26 26 -28 -29 29 -31
leaf_value=-1.1518843066937735e-06 -7.9913800935211586e-07 2.8299201908366428e-06 -6.687551233075168e-07 -1.9333214736217908e-06 2.5028858800343745e-06 -1.4256757572184142e-06 5.4637939992971959e-06 -3.6617697514884643e-06 -2.7434826576053539e-06 2.3741685159228698e-06 1.8277000112911598e-07 -2.2657230856566457e-06 4.3780393351451083e-07 1.0491363351873343e-06 2.9269166593850081e-06 2.2563238663575685e-06 1.7525525619860744e-06 7.9408379378578137e-07 1.7349330408722852e-06 3.9114285534341688e-07 -9.591768371494397e-07 1.1977702018754568e-06 -1.0055386432458338e-06 1.7561434614591065e-07 -9.3441038176334648e-07 -1.6062861482663248e-07 2.1221124241451024e-06 1.1463431797488335e-07 -7.0679091077607838e-07 8.9240968140881134e-07
leaf_weight=32 3557 274 191 21 304 20 50 20 36 256 392 25 59 152 61 98 26 111 27 299 51 67 56 352 151 69 22 45 32 22
leaf_count=32 3557 274 191 21 304 20 50 20 36 256 392 25 59 152 61 98 26 111 27 299 51 67 56 352 151 69 22 45 32 22
internal_value=2.11262e-15 1.28595e-06 -6.41016e-07 9.79271e-07 1.98745e-06 2.13874e-06 2.61925e-06 2.12235e-06 1.24349e-06 8.48929e-07 1.04851e-06 1.77266e-06 2.40609e-06 5.80936e-07 4.06965e-06 1.22598e-06 -9.88187e-08 1.47973e-06 1.86626e-07 7.39459e-08 1.94382e-07 2.49966e-07 1.74837e-07 1.34953e-08 -5.38626e-07 -3.26699e-07 3.91243e-07 7.62582e-07 -7.88014e-07 -5.52647e-08
internal_weight=6878 2288 4590 1592 696 664 435 324 1194 684 648 510 333 177 111 229 979 209 398 371 350 546 520 408 433 282 91 112 3611 54
internal_count=6878 2288 4590 1592 696 664 435 324 1194 684 648 510 333 177 111 229 979 209 398 371 350 546 520 408 433 282 91 112 3611 54
is_linear=0
shrinkage=0.05


Tree=49
num_leaves=31
num_cat=0
split_feature=12 12 8 14 15 14 15 8 14 4 14 14 15 1 17 7 14 15 15 14 5 14 8 8 15 14 15 7 5 14
split_gain=2.04674e-06 1.83528e-07 1.80303e-07 1.39483e-07 3.3068e-07 1.40043e-07 2.33193e-07 1.32065e-07 1.14212e-07 6.83991e-08 8.84678e-08 1.45276e-07 6.38918e-08 6.3101e-08 7.05041e-08 5.37656e-08 5.33823e-08 5.16066e-08 7.43636e-08 7.16791e-08 6.46722e-08 4.55324e-08 3.1419e-08 4.78496e-08 3.1114e-08 2.61181e-08 2.10368e-08 2.58416e-08 1.70774e-08 1.18841e-08
threshold=-0.5 -0.78656609248549292 258.44490064136215 0.9916835347852474 1.0000000180025095e-35 0.96465729447553372 -0.16799793862756093 208.74077742930891 0.94978112945126536 7.5000000000000009 -0.97509794945709805 -0.94139628442229062 0.91245913578114801 664.35000000000002 0.86493289964018183 148.00001953910112 0.30164402523644185 -0.97111920233974802 -0.93543596745397617 0.23537774960157334 5.7500000000000009 0.036545658007091128 326.85811795944278 326.12423047573299 0.097680735332368748 -0.10088855117215338 -0.97507822412530132 127.30166787462443 4.4500000000000011 0.7210268013660811
decision_type=2 2 2 2 2 2 2 2 2 2 2 2 2 2 2 2 2 2 2 2 2 2 2 2 2 2 2 2 2 2
left_child=1 2 9 5 -5 8 -7 -2 -4 13 -11 -12 17 14 -1 22 -14 21 19 -19 -20 25 23 28 -15 -3 -24 -28 -9 -17
right_child=7 12 3 4 -6 6 -8 15 -10 10 11 -13 16 24 -16 29 -18 18 20 -21 -22 -23 26 -25 -26 -27 27 -29 -30 -31
leaf_value=1.3344254837477366e-06 -7.4861320975925733e-07 2.0832348120336521e-06 2.0064489988019361e-06 3.1027241046136366e-06 -4.8954490997251323e-06 1.6753418492498897e-07 6.9012657137237608e-06 -8.4872367169539025e-07 -1.7248066060779995e-06 3.1187616509479689e-06 -3.9385108307628389e-06 3.2028371069444072e-07 2.8062811954517507e-07 -5.6113387858424562e-07 4.6057434276341226e-06 -1.0940414698139152e-06 -3.0062494963496129e-06 6.3941602817186286e-07 -1.5971699517118018e-07 -3.4917403446516328e-06 1.0050438959714994e-06 3.2692384624826652e-06 6.4257336042863671e-07 2.4945639133875376e-06 1.3876037683160205e-06 -2.4941683231342418e-07 -1.9541826158222018e-06 -2.9600952169562991e-07 3.3572950817133371e-07 -3.0918486297531151e-07
leaf_weight=40 3611 24 877 28 24 20 36 33 21 24 22 223 30 33 28 132 21 21 154 21 527 36 52 25 54 24 26 244 391 76
leaf_count=40 3611 24 877 28 24 20 36 33 21 24 22 223 30 33 28 132 21 21 154 21 527 36 52 25 54 24 26 244 391 76
internal_value=1.18627e-15 1.22166e-06 1.56853e-06 1.93302e-06 -5.8874e-07 2.07047e-06 4.49636e-06 -6.08965e-07 1.91919e-06 7.0372e-07 2.21659e-07 -6.21387e-08 6.43537e-07 1.54033e-06 2.68144e-06 -9.38778e-08 -1.07279e-06 7.52004e-07 6.15716e-07 -1.42616e-06 7.41647e-07 1.92505e-06 9.858e-08 3.68879e-07 6.48427e-07 9.16909e-07 -2.78327e-07 -4.55685e-07 2.43543e-07 -8.07267e-07
internal_weight=6878 2288 1430 1006 52 954 56 4590 898 424 269 245 858 155 68 979 51 807 723 42 681 84 771 449 87 48 322 270 424 208
internal_count=6878 2288 1430 1006 52 954 56 4590 898 424 269 245 858 155 68 979 51 807 723 42 681 84 771 449 87 48 322 270 424 208
is_linear=0
shrinkage=0.05


Tree=50
num_leaves=31
num_cat=0
split_feature=12 8 14 27 14 14 3 27 14 14 8 3 9 4 14 19 8 8 14 14 27 1 3 1 14 0 12 14 4 7
split_gain=1.84719e-06 1.70092e-07 1.51058e-07 3.74679e-07 1.95787e-07 1.94257e-07 1.50601e-07 2.11928e-07 1.4138e-07 3.28149e-07 1.20193e-07 9.70213e-08 6.10059e-08 3.441e-08 3.30671e-08 3.41031e-08 2.74695e-08 3.55592e-08 2.704e-08 4.63414e-08 2.57335e-08 2.5403e-08 2.29536e-08 2.27445e-08 3.44149e-08 1.42377e-08 1.25633e-08 2.4307e-08 2.95804e-08 1.7303e-08
threshold=-0.5 246.72101321124265 0.9916835347852474 99.166666666666671 0.96465729447553372 0.99761913169647187 26.450000000000003 36.500000000000007 0.94978112945126536 0.93845596220871974 222.25121069428295 16.250000000000004 -46.144473956455506 15.500000000000002 -0.96902457013955734 0.00027302000000000007 326.85811795944278 326.12423047573299 0.21862473630160603 0.3504237462291826 56.500000000000007 388.80000000000001 14.450000000000001 743.1500000000002 0.74443451080969758 1000.5000000000001 0.12940952255126045 0.64579916509010216 13.500000000000002 148.00001953910112
decision_type=2 2 2 2 2 2 2 2 2 2 2 2 2 2 2 2 2 2 2 2 2 2 2 2 2 2 2 2 2 2
left_child=1 13 4 5 8 -4 7 -6 9 -3 25 -7 26 23 -15 21 17 22 -18 -20 -17 -16 -14 -1 -25 -2 27 29 -29 -12
right_child=10 2 3 -5 6 11 -8 -9 -10 -11 12 -13 16 14 15 20 18 -19 19 -21 -22 -23 -24 24 -26 -27 -28 28 -30 -31
leaf_value=1.5680036523128433e-06 -7.1309195803837858e-07 1.3058339440962494e-06 -4.7182437780262464e-06 5.5938671823696499e-06 7.6349871622984652e-06 -1.9459997275816932e-06 3.4520188381537556e-07 2.3525254534412621e-06 -1.6518140537067292e-06 6.9669426501115175e-06 -1.7632822899357446e-07 2.7692998310158148e-06 1.990607036176421e-06 1.5288484617500494e-06 -8.6954109511068412e-07 -1.8877135248806594e-06 3.9015434534723938e-07 2.541226297620122e-06 -2.704897609300647e-06 -7.7025164786860973e-08 -4.0012753346028275e-07 1.3077468031189859e-06 3.3229406660161156e-07 -3.6241318179677634e-07 1.5672141893929849e-06 5.0871550314468552e-07 -8.8137387968953654e-07 1.5948157950636719e-06 -2.0844291574675522e-07 -1.1854811710147531e-06
leaf_weight=53 3663 1656 37 20 34 24 27 43 39 26 83 20 23 23 21 46 114 23 23 62 79 37 225 68 35 24 139 30 94 87
leaf_count=53 3663 1656 37 20 34 24 27 43 39 26 83 20 23 23 21 46 114 23 23 62 79 37 225 68 35 24 139 30 94 87
internal_value=7.57754e-16 1.16057e-06 1.34747e-06 -5.34809e-07 1.45164e-06 -2.04806e-06 3.55835e-06 4.68504e-06 1.32434e-06 1.39334e-06 -5.78517e-07 1.97318e-07 -6.15111e-08 1.66181e-07 -2.58035e-07 -4.82615e-07 3.32953e-07 6.6051e-07 -1.13119e-07 -7.88097e-07 -9.47559e-07 5.19418e-07 4.86089e-07 7.26363e-07 2.93285e-07 -7.05139e-07 -4.89682e-07 -3.04494e-07 2.27829e-07 -6.92777e-07
internal_weight=6878 2288 1926 101 1825 81 104 77 1721 1682 4590 44 903 362 206 183 470 271 199 85 125 58 248 156 103 3687 433 294 124 170
internal_count=6878 2288 1926 101 1825 81 104 77 1721 1682 4590 44 903 362 206 183 470 271 199 85 125 58 248 156 103 3687 433 294 124 170
is_linear=0
shrinkage=0.05


Tree=51
num_leaves=31
num_cat=0
split_feature=12 15 15 15 14 14 14 23 15 14 14 14 27 8 9 11 8 8 14 14 11 0 27 7 15 14 7 24 14 8
split_gain=1.66708e-06 1.69712e-07 3.41779e-07 1.24617e-07 2.65687e-07 1.58181e-07 4.07143e-07 1.29087e-07 1.20855e-07 2.15251e-07 1.42818e-07 2.26267e-07 1.17353e-07 1.08474e-07 5.50578e-08 2.53478e-08 2.47912e-08 3.20922e-08 2.44036e-08 4.18231e-08 2.07157e-08 1.28495e-08 1.16907e-08 1.54816e-08 2.87881e-08 1.12366e-08 5.07606e-09 7.91014e-09 4.35316e-09 4.00449e-09
threshold=-0.5 -0.68432604233786842 -0.65883892954715351 -0.70289845916694649 0.67802080537253973 0.54219432480460406 0.49812943072827093 460.50000000000006 -0.46800559042974538 0.85226249403558707 -0.99630266176052629 -0.99275805973510278 99.833333333333357 222.25121069428295 -46.144473956455506 42.675000000000004 326.85811795944278 326.12423047573299 0.21862473630160603 0.3504237462291826 14.418750000000001 1000.5000000000001 73.833333333333357 148.82659488268874 0.20812153622207724 0.036545658007091128 14.606327157728112 0.00062660670358882277 0.7210268013660811 0.43500081574669031
decision_type=2 2 2 2 2 2 2 2 2 2 2 2 2 2 2 2 2 2 2 2 2 2 2 2 2 2 2 2 2 2
left_child=1 3 -3 4 5 6 -1 -7 9 12 15 -12 -4 21 22 -10 17 20 25 -20 -16 26 23 24 -15 -18 27 -2 -25 -28
right_child=13 2 8 -5 -6 7 -8 -9 10 -11 11 -13 -14 14 16 -17 18 -19 19 -21 -22 -23 -24 28 -26 -27 29 -29 -30 -31
leaf_value=1.7589249542514448e-06 3.874145314204063e-07 -4.3141042951333475e-06 1.8212339100903179e-06 5.2587037619863018e-06 -3.5767688089549667e-06 5.1424591662764315e-06 -4.8807172780366654e-06 7.0479088020400255e-07 3.300096965192051e-06 5.7870602541143512e-06 -3.5607388205960434e-06 7.0087756321012935e-07 -1.9968785310360862e-06 -4.2547158175239023e-07 1.8910766970214393e-06 1.2773117694970487e-06 1.2790067504807745e-07 2.4141650555975505e-06 -2.5696527603342831e-06 -7.3173893244324245e-08 3.1567937091697079e-07 4.8327974795370214e-07 -9.1868268713030688e-07 -9.0811002988659881e-07 9.4723000818868805e-07 1.3857660250819623e-06 -9.1650887006673142e-08 -6.049505243785922e-07 -3.4257697284037597e-07 -6.9196350265134277e-07
leaf_weight=608 28 32 161 24 24 57 24 23 59 32 32 1168 23 125 23 21 92 23 23 62 225 24 107 92 55 22 28 71 54 3536
leaf_count=608 28 32 161 24 24 57 24 23 59 32 32 1168 23 125 23 21 92 23 23 62 225 24 107 92 55 22 28 71 54 3536
internal_value=9.43964e-17 1.10254e-06 7.98845e-07 1.71314e-06 1.59752e-06 1.77194e-06 1.50679e-06 3.86663e-06 9.08213e-07 2.00221e-06 7.23602e-07 5.87234e-07 1.34397e-06 -5.49591e-07 -5.84355e-08 2.76912e-06 3.16305e-07 6.27485e-07 -1.07463e-07 -7.48692e-07 4.61785e-07 -6.69882e-07 -4.65198e-07 -3.16355e-07 -6.03498e-09 3.70647e-07 -6.77437e-07 -3.24282e-07 -6.9894e-07 -6.87247e-07
internal_weight=6878 2288 1528 760 736 712 632 80 1496 216 1280 1200 184 4590 903 80 470 271 199 85 248 3687 433 326 180 114 3663 99 146 3564
internal_count=6878 2288 1528 760 736 712 632 80 1496 216 1280 1200 184 4590 903 80 470 271 199 85 248 3687 433 326 180 114 3663 99 146 3564
is_linear=0
shrinkage=0.05


Tree=52
num_leaves=31
num_cat=0
split_feature=12 8 14 14 5 8 14 7 9 14 16 11 0 24 5 21 25 11 24 2 0 8 14 14 7 7 14 14 23 8
split_gain=1.51577e-06 2.43791e-07 1.13639e-07 1.50443e-07 2.55892e-07 1.35055e-07 1.35823e-07 1.04979e-07 9.53951e-08 9.42541e-08 9.40017e-08 5.87968e-08 1.02874e-07 7.09963e-08 3.90739e-08 2.75586e-08 3.82446e-08 4.43662e-08 3.04445e-08 1.31182e-08 1.16556e-08 1.12898e-08 2.29427e-08 2.16468e-08 1.4429e-08 4.65419e-09 7.32386e-09 4.91079e-09 3.71291e-09 3.64767e-09
threshold=-0.70710678118654735 222.25121069428295 0.9916835347852474 0.99761913169647187 6.8500000000000005 258.44490064136215 0.98522604642031408 121.6872745303951 -45.057980879391231 0.21862473630160603 166.13000000000002 15.512500000000001 77.500000000000014 0.0001017832400468014 7.9500000000000011 981.50000000000011 0.00050204950403098553 17.406250000000004 0.00058924856422722246 156.50000000000003 1000.5000000000001 338.4121500173141 0.7090011537757156 0.98372640911059162 148.00001953910112 14.606327157728112 0.21862473630160603 0.69056404122701587 898.50000000000011 0.43500081574669031
decision_type=2 2 2 2 2 2 2 2 2 2 2 2 2 2 2 2 2 2 2 2 2 2 2 2 2 2 2 2 2 2
left_child=2 20 5 4 -4 11 7 9 21 -7 -5 -1 14 -14 -13 16 17 -10 -18 28 25 22 24 -24 -3 26 -2 -28 -17 -27
right_child=1 8 3 10 -6 6 -8 -9 15 -11 -12 12 13 -15 -16 19 18 -19 -20 -21 -22 -23 23 -25 -26 29 27 -29 -30 -31
leaf_value=-2.0558941105264239e-06 -6.621678819936671e-07 -2.2203939479936706e-07 -6.530267602112785e-06 -1.1479409840831067e-06 1.2752794619007632e-06 2.0637607122456284e-06 5.4498909222551772e-06 -1.4546884861894277e-06 2.8974413971304282e-08 1.1659589122220124e-06 3.3401789502412226e-06 1.6747867283163066e-06 -2.3280790113892764e-06 6.1073717162548532e-07 4.5906395121164686e-06 1.4739487953972589e-06 -1.5583778705960772e-06 8.5320699549369454e-07 3.5940148252523898e-08 3.8822554472517366e-07 4.5911575323742683e-07 -8.1850288997372099e-07 7.045800337834863e-07 -8.0676481061483653e-07 -1.0397732341014221e-06 -8.7068332277340235e-08 7.6823773795808849e-07 -3.3977681326291534e-07 2.414175135289129e-06 -6.5997418658545858e-07
leaf_weight=20 59 120 21 20 21 624 23 28 270 550 28 27 22 312 20 21 37 413 157 20 24 142 84 33 98 28 20 20 21 3595
leaf_count=20 59 120 21 20 21 624 23 28 270 550 28 27 22 312 20 21 37 413 157 20 24 142 84 33 98 28 20 20 21 3595
internal_value=1.74441e-15 -4.27962e-07 1.28738e-06 -4.42095e-07 -2.62749e-06 1.3831e-06 1.64382e-06 1.57099e-06 1.30923e-07 1.64316e-06 1.47013e-06 5.86649e-07 7.25366e-07 4.17162e-07 2.91558e-06 4.23424e-07 3.51403e-07 5.27376e-07 -2.68131e-07 1.44218e-06 -6.39222e-07 -4.44881e-07 -2.86511e-07 2.78303e-07 -5.89645e-07 -6.46304e-07 -3.08068e-07 2.1423e-07 1.94406e-06 -6.55547e-07
internal_weight=6878 5162 1716 90 42 1626 1225 1202 1416 1174 48 401 381 334 47 939 877 683 194 62 3746 477 335 117 218 3722 99 40 42 3623
internal_count=6878 5162 1716 90 42 1626 1225 1202 1416 1174 48 401 381 334 47 939 877 683 194 62 3746 477 335 117 218 3722 99 40 42 3623
is_linear=0
shrinkage=0.05


Tree=53
num_leaves=31
num_cat=0
split_feature=12 12 27 5 14 14 14 14 5 5 18 14 14 14 14 14 14 14 5 14 26 5 25 21 4 7 26 9 27 27
split_gain=1.36798e-06 2.06411e-07 1.22543e-07 1.2599e-07 1.21921e-07 1.04878e-07 3.02525e-07 1.78101e-07 1.13788e-07 1.03657e-07 2.3585e-07 1.42451e-07 1.88543e-07 1.60379e-07 1.40192e-07 1.28387e-07 1.27397e-07 4.62479e-07 8.51057e-08 7.7599e-08 6.20563e-08 5.98223e-08 3.70187e-08 5.73875e-08 5.17398e-08 4.77171e-08 2.92556e-08 2.63792e-08 7.19435e-08 2.40324e-08
threshold=-0.70710678118654735 -0.25881904510252113 14.833333333333334 16.750000000000004 0.83849049182116964 -0.98523971305672675 -0.91978325482952472 -0.96902457013955734 5.6500000000000012 13.250000000000002 0.00042305500000000003 0.63920241694561786 0.96465729447553372 0.97875492728876534 0.84313847884979054 0.74443451080969758 -0.95995996396290595 -0.99630266176052629 18.750000000000004 -0.6850858595978212 0.00026710988321568567 20.550000000000004 0.00033753816640886436 963.50000000000011 99.500000000000014 117.21687905931778 9.3548340926940412e-05 -38.1912552463479 75.833333333333357 86.500000000000014
decision_type=2 2 2 2 2 2 2 2 2 2 2 2 2 2 2 2 2 2 2 2 2 2 2 2 2 2 2 2 2 2
left_child=2 22 9 5 18 -4 7 -7 -8 11 15 16 14 -14 -13 26 17 -1 -5 -18 -12 -6 24 -24 27 -26 -11 29 -29 -2
right_child=1 -3 3 4 21 6 8 -9 -10 10 20 12 13 -15 -16 -17 19 -19 -20 -21 -22 -23 23 -25 25 -27 -28 28 -30 -31
leaf_value=3.5134385771449339e-06 3.2418939990585048e-07 -5.7527154173732717e-07 3.4653060300202235e-06 -4.2171037300927793e-06 3.1122804451590791e-06 -1.0561358405494702e-07 9.0757967611498771e-08 -5.2255051433929055e-06 1.6244987640898474e-06 3.8066155299013252e-06 -1.7710933152990211e-06 4.4702226854756848e-07 5.3744447733095061e-06 -4.0589428541200807e-07 -3.4649340024273891e-06 7.429905129659649e-06 3.5077982677459847e-06 -4.0993598806955176e-06 -6.0404214886707805e-07 1.7651638326147654e-06 1.4493297859766804e-06 -4.9735751019852612e-07 -4.4343187141710169e-07 9.1812146843812133e-07 7.8493959218154228e-07 -1.844016325725938e-06 1.6116487904582756e-06 5.8881832184529933e-07 2.7902203030515966e-06 -1.4451087876988737e-06
leaf_weight=42 223 4018 42 28 22 41 162 29 477 63 21 49 24 24 43 24 77 38 39 375 52 24 368 98 28 45 20 319 42 21
leaf_count=42 223 4018 42 28 22 41 162 29 477 63 21 49 24 24 43 24 77 38 39 375 52 24 368 98 28 45 20 319 42 21
internal_value=-1.5845e-15 -4.06564e-07 1.22301e-06 8.03425e-07 -7.53124e-07 1.03763e-06 8.93821e-07 -2.22671e-06 1.23566e-06 1.6485e-06 2.71411e-06 1.36307e-06 -5.60204e-08 2.48428e-06 -1.38139e-06 4.20904e-06 1.73651e-06 -1.02641e-07 -2.11398e-06 2.06203e-06 5.22907e-07 1.22899e-06 1.85979e-07 -1.57097e-07 4.2178e-07 -8.3565e-07 3.27771e-06 5.73503e-07 8.44937e-07 1.71914e-07
internal_weight=6878 5162 1716 864 113 751 709 70 639 852 180 672 140 48 92 107 532 80 67 452 73 46 1144 466 678 73 83 605 361 244
internal_count=6878 5162 1716 864 113 751 709 70 639 852 180 672 140 48 92 107 532 80 67 452 73 46 1144 466 678 73 83 605 361 244
is_linear=0
shrinkage=0.05


Tree=54
num_leaves=31
num_cat=0
split_feature=12 8 27 15 15 15 5 4 15 15 5 15 5 18 15 15 15 11 9 8 15 26 26 7 22 20 21 21 25 11
split_gain=1.2346e-06 2.04479e-07 1.10707e-07 1.69121e-07 1.89622e-07 1.86116e-07 3.35704e-07 1.36837e-07 1.55406e-07 1.13176e-07 1.00685e-07 1.00564e-07 9.40102e-08 1.99005e-07 9.29723e-08 3.62592e-07 1.82178e-07 1.23442e-07 8.01301e-08 7.8532e-08 7.11045e-08 5.98097e-08 5.4035e-08 5.12687e-08 2.96969e-08 2.37447e-08 2.48235e-08 2.3134e-08 3.26222e-08 3.99847e-08
threshold=-0.70710678118654735 222.25121069428295 13.833333333333334 1.0000000180025095e-35 -0.17646730165275518 0.13185577213185923 6.1500000000000012 75.500000000000014 -0.36648370705903521 -0.77788789561442695 12.950000000000001 0.30778899014954286 13.250000000000002 0.00042305500000000003 -0.67801649466304881 -0.074115882986646633 -0.28519997588938989 20.193750000000005 -45.057980879391231 267.39257413139825 0.29137697329261131 0.00026710988321568567 4.4820302333882316e-05 72.045776063657641 4.5000000000000009 0.00013327500000000003 46.500000000000007 981.50000000000011 0.00050204950403098553 17.406250000000004
decision_type=2 2 2 2 2 2 2 2 2 2 2 2 2 2 2 2 2 2 2 2 2 2 2 2 2 2 2 2 2 2
left_child=2 -2 12 4 7 6 -5 8 -4 -9 11 -7 14 25 17 16 -16 -1 -3 -12 -17 -15 -19 -6 -25 26 -14 28 29 -20
right_child=1 18 3 5 23 10 -8 9 -10 -11 19 -13 13 21 15 20 -18 22 27 -21 -22 -23 -24 24 -26 -27 -28 -29 -30 -31
leaf_value=-1.5517793476268102e-06 -5.7971416174392029e-07 -4.0211868305415912e-07 8.0834004778276269e-07 -7.6439585384269742e-06 1.9771303539073417e-06 -5.2033332029887174e-07 2.3325461807201609e-07 4.7406816012131896e-06 -2.7867192709761315e-06 1.4815224977699073e-06 -1.1090711046086134e-06 1.8832037189840839e-06 3.104490918303782e-06 -1.6825386277711613e-06 1.3349916939268852e-07 3.191236016820098e-06 -3.5850446514743061e-06 3.0388265111416766e-06 1.7073691293700431e-08 1.9288875871727497e-06 1.2624470554362636e-06 1.4879584435167249e-06 1.6567224354239732e-06 3.7152223808334388e-06 6.4399662824143885e-06 2.689547517110003e-06 5.0101629008499539e-06 1.3270854636509227e-06 -2.4448382390280893e-07 7.9954805894194318e-07
leaf_weight=24 3746 477 213 21 20 62 38 34 35 123 117 146 25 21 93 87 51 113 270 26 106 51 189 20 20 27 54 62 194 413
leaf_count=24 3746 477 213 21 20 62 38 34 35 123 117 146 25 21 93 87 51 113 270 26 106 51 189 20 20 27 54 62 194 413
internal_value=-2.95973e-17 -3.86235e-07 1.16186e-06 7.68132e-07 1.42086e-06 2.78473e-08 -2.5705e-06 1.03223e-06 3.00973e-07 2.18733e-06 4.64606e-07 1.16676e-06 1.5715e-06 2.59175e-06 1.29759e-06 7.15238e-07 -1.18349e-06 1.89959e-06 1.25609e-07 -5.56715e-07 2.1319e-06 5.6323e-07 2.17387e-06 4.04411e-06 5.07759e-06 3.96961e-06 4.4071e-06 3.93688e-07 3.27701e-07 4.90224e-07
internal_weight=6878 5162 1716 875 465 410 59 405 248 157 351 208 841 178 663 337 144 326 1416 143 193 72 302 60 40 106 79 939 877 683
internal_count=6878 5162 1716 875 465 410 59 405 248 157 351 208 841 178 663 337 144 326 1416 143 193 72 302 60 40 106 79 939 877 683
is_linear=0
shrinkage=0.05


Tree=55
num_leaves=31
num_cat=0
split_feature=12 8 17 27 15 14 14 27 14 14 5 5 20 14 15 14 9 14 8 14 14 14 7 15 27 8 14 7 14 5
split_gain=1.11423e-06 1.84542e-07 1.12402e-07 1.17653e-07 1.70538e-07 3.27502e-07 2.77364e-07 2.15811e-07 1.7337e-07 1.57445e-07 1.46341e-07 8.74601e-08 1.56885e-07 1.1086e-07 5.34081e-07 1.03089e-07 7.23174e-08 5.47754e-08 4.13186e-08 2.34688e-08 5.40692e-08 3.35964e-08 2.73856e-08 3.53913e-08 1.25028e-08 1.4148e-08 1.9393e-08 8.58187e-09 1.05048e-08 6.85033e-09
threshold=-0.70710678118654735 222.25121069428295 1.0101803279037567 12.16666666666667 0.04621408538533487 0.98372640911059162 0.9053161325100999 61.833333333333336 0.82414472752956958 0.99939377080793557 14.550000000000002 13.250000000000002 0.00013327500000000003 0.76140650896573503 -0.031174269516803289 -0.95995996396290595 -45.057980879391231 0.7210268013660811 262.77088913376446 0.93544191479114935 0.90162119223771331 0.85226249403558707 126.47564345848802 1.0000000180025095e-35 73.833333333333357 338.4121500173141 0.7090011537757156 7.2412960181902628 0.21862473630160603 4.4500000000000011
decision_type=2 2 2 2 2 2 2 2 2 2 2 2 2 2 2 2 2 2 2 2 2 2 2 2 2 2 2 2 2 2
left_child=2 27 3 11 8 6 -6 -7 10 -10 -5 13 17 15 -15 -1 24 -13 -14 20 21 -18 23 -21 25 26 -3 28 -2 -26
right_child=1 16 -4 4 5 7 -8 -9 9 -11 -12 12 18 14 -16 -17 19 -19 -20 22 -22 -23 -24 -25 29 -27 -28 -29 -30 -31
leaf_value=-6.7526913258724991e-08 -5.7392890463840264e-07 -3.5749879754682557e-07 -2.0968325046582053e-06 1.17515696097599e-06 -1.4568701862986631e-07 -6.9727478778356904e-06 3.5479452758262332e-06 -2.4407237643489766e-07 3.5575733890406508e-06 -1.1353472294623706e-06 -1.8426941812576125e-06 3.4248217880588074e-06 2.1789043249607577e-06 -2.6807330797250681e-06 4.6638302607286612e-06 1.9256766815920871e-06 2.9400723723415025e-07 6.3731473267619993e-06 4.1409945197301565e-08 1.4756869844253136e-06 -1.8366456437245782e-06 1.9231966572271744e-06 2.3525511079469654e-06 -6.994291229744932e-07 -1.5807721714130214e-06 -7.1907122030509377e-07 5.5790891584213872e-07 -5.600515126745238e-07 7.9919689295156101e-07 -6.3533684235488574e-07
leaf_weight=76 30 162 27 317 282 26 62 22 120 21 46 50 52 71 38 443 770 23 40 45 29 33 30 32 24 106 90 3690 26 95
leaf_count=76 30 162 27 317 282 26 62 22 120 21 46 50 52 71 38 443 770 23 40 45 29 33 30 32 24 106 90 3690 26 95
internal_value=-5.95836e-15 -3.66924e-07 1.10376e-06 1.15493e-06 7.62338e-07 -1.9827e-08 5.20026e-07 -3.88877e-06 1.37069e-06 2.85863e-06 7.9273e-07 1.59851e-06 2.62293e-06 1.32936e-06 -1.20243e-07 1.6338e-06 1.19328e-07 4.35375e-06 1.24956e-06 3.74003e-07 2.84361e-07 3.6096e-07 1.07103e-06 5.71743e-07 -3.82013e-07 -2.34426e-07 -3.05675e-08 -5.50728e-07 6.35938e-08 -8.26013e-07
internal_weight=6878 5162 1716 1689 896 392 344 48 504 141 363 793 165 628 109 519 1416 73 92 939 832 803 107 77 477 358 252 3746 56 119
internal_count=6878 5162 1716 1689 896 392 344 48 504 141 363 793 165 628 109 519 1416 73 92 939 832 803 107 77 477 358 252 3746 56 119
is_linear=0
shrinkage=0.05


Tree=56
num_leaves=31
num_cat=0
split_feature=12 8 17 27 15 14 14 27 14 14 5 5 24 14 14 15 14 9 14 14 14 14 7 15 4 8 14 7 0 16
split_gain=1.00559e-06 1.6655e-07 1.01443e-07 1.06182e-07 1.5391e-07 2.95571e-07 2.50321e-07 1.9477e-07 1.56466e-07 1.42094e-07 1.32073e-07 7.89327e-08 1.47569e-07 1.30881e-07 1.00279e-07 4.41985e-07 9.72113e-08 6.52664e-08 5.08364e-08 2.11806e-08 4.87974e-08 3.03207e-08 2.47155e-08 3.19407e-08 1.59555e-08 1.51002e-08 2.66346e-08 1.00695e-08 9.69952e-09 4.13748e-09
threshold=-0.70710678118654735 222.25121069428295 1.0101803279037567 12.16666666666667 0.04621408538533487 0.98372640911059162 0.9053161325100999 61.833333333333336 0.82414472752956958 0.99939377080793557 14.550000000000002 13.250000000000002 0.00037218747747383565 0.7210268013660811 0.65883702558178847 -0.048362832084465616 -0.95995996396290595 -45.057980879391231 0.16799745313369893 0.93544191479114935 0.90162119223771331 0.85226249403558707 126.47564345848802 1.0000000180025095e-35 93.500000000000014 338.4121500173141 0.80926549319045582 139.77809670501622 1000.5000000000001 1028.7600000000002
decision_type=2 2 2 2 2 2 2 2 2 2 2 2 2 2 2 2 2 2 2 2 2 2 2 2 2 2 2 2 2 2
left_child=2 28 3 11 8 6 -6 -7 10 -10 -5 14 13 -13 16 -16 -1 24 -14 20 21 -19 23 -21 25 26 -3 -26 29 -2
right_child=1 17 -4 4 5 7 -8 -9 9 -11 -12 12 18 -15 15 -17 -18 19 -20 22 -22 -23 -24 -25 27 -27 -28 -29 -30 -31
leaf_value=-6.4150502734456071e-08 -5.337177063499572e-07 -3.4571147021925493e-07 -1.9919908027077329e-06 1.1163991201023271e-06 -1.384026613624483e-07 -6.6241104272753904e-06 3.3705480137218874e-06 -2.3186880856552638e-07 3.3796947290435738e-06 -1.0785798757578527e-06 -1.7505594465483872e-06 2.7033654165741021e-06 1.9152422103002739e-06 6.9981583540842015e-06 -2.4161813335491677e-06 3.5661481918990692e-06 1.877735681517197e-06 2.7930687660340613e-07 -7.6654369801569076e-07 1.4019026411915548e-06 -1.7448133568340663e-06 1.8270368314281797e-06 2.2349235569170863e-06 -6.6445766258027569e-07 -1.9815365888575799e-06 -7.0005632353081452e-07 7.3214920376689592e-07 -6.833249334264974e-07 4.7875294093557843e-07 1.5400627443217341e-07
leaf_weight=76 3700 196 27 317 282 26 62 22 120 21 46 68 43 24 76 52 424 770 30 45 29 33 30 32 20 121 81 59 24 22
leaf_count=76 3700 196 27 317 282 26 62 22 120 21 46 68 43 24 76 52 424 770 30 45 29 33 30 32 20 121 81 59 24 22
internal_value=7.64993e-15 -3.48577e-07 1.04858e-06 1.09718e-06 7.24221e-07 -1.88356e-08 4.94024e-07 -3.69433e-06 1.30215e-06 2.7157e-06 7.53093e-07 1.51859e-06 2.49178e-06 3.82375e-06 1.26289e-06 1.414e-08 1.58257e-06 1.13362e-07 8.13138e-07 3.55303e-07 2.70143e-07 3.42912e-07 1.01748e-06 5.43156e-07 -3.62912e-07 -2.34076e-07 -3.05248e-08 -1.01199e-06 -5.23192e-07 -5.29653e-07
internal_weight=6878 5162 1716 1689 896 392 344 48 504 141 363 793 165 92 628 128 500 1416 73 939 832 803 107 77 477 398 277 79 3746 3722
internal_count=6878 5162 1716 1689 896 392 344 48 504 141 363 793 165 92 628 128 500 1416 73 939 832 803 107 77 477 398 277 79 3746 3722
is_linear=0
shrinkage=0.05


Tree=57
num_leaves=31
num_cat=0
split_feature=12 12 18 23 23 18 9 18 11 19 11 21 5 20 6 8 5 4 4 23 18 7 5 8 25 11 7 9 8 8
split_gain=9.08969e-07 1.19351e-07 1.26176e-07 1.83407e-07 1.28961e-07 1.1688e-07 9.05177e-08 8.99854e-08 7.10436e-08 8.20891e-08 1.13314e-07 7.32064e-08 6.8713e-08 7.33564e-08 6.71675e-08 5.98474e-08 4.79935e-08 4.64438e-08 4.58586e-08 4.07839e-08 3.80059e-08 2.65377e-08 2.1068e-08 1.87444e-08 2.0549e-08 1.32847e-08 8.00896e-09 7.59302e-09 8.93964e-09 5.44187e-09
threshold=-0.5 -0.9159756150367534 8.7105000000000014e-05 79.500000000000014 178.50000000000003 0.00015790500000000004 6.3758358003508224 1.1550000000000001e-05 12.081250000000002 0.00027302000000000007 19.909375000000001 159.50000000000003 4.7500000000000009 1.2995000000000002e-05 2.5940000000000002e-05 201.31954222287254 5.5500000000000007 2.5000000000000004 70.500000000000014 15.500000000000002 0.00040183500000000007 148.00001953910112 3.9500000000000006 354.97372237062882 0.00052502356743311005 16.206250000000001 133.28691221988004 82.938559294973601 170.66743615379588 294.860513877215
decision_type=2 2 2 2 2 2 2 2 2 2 2 2 2 2 2 2 2 2 2 2 2 2 2 2 2 2 2 2 2 2
left_child=1 2 3 7 12 -6 -5 -1 -3 10 11 -10 -4 -14 -7 27 -9 20 -19 -12 -11 22 25 24 -24 -17 -27 -2 -29 -23
right_child=15 8 4 6 5 14 -8 16 9 17 19 -13 13 -15 -16 21 -18 18 -20 -21 -22 29 23 -25 -26 26 -28 28 -30 -31
leaf_value=-1.3982422721880994e-06 -5.1047640353310981e-07 -2.107596054884198e-06 5.4113654228289807e-06 -5.1548166113878415e-06 -1.7937357890860446e-06 -1.06875844115469e-06 -6.1446360968661997e-07 2.8020850506783021e-07 6.0292370864604019e-07 2.7138975201523866e-06 1.1566505157173633e-06 -1.6957813538492458e-06 1.431560502149877e-06 3.849857186275166e-06 1.4892456816054251e-06 -1.5696931059053519e-06 3.2320067144553375e-06 -8.3260534590694146e-07 4.3384602634455592e-07 2.3135585861775954e-06 4.2468399776909153e-07 -1.1178550103928452e-06 4.2559777330434436e-07 -4.6883112093252878e-07 -2.2997265703873764e-07 3.754082712248419e-07 -9.5546045031369431e-07 -4.8847128198303835e-07 8.0620337256457706e-07 -4.4908484624740371e-07
leaf_weight=24 3530 25 22 21 31 27 23 21 542 20 184 37 79 52 518 29 40 179 119 130 194 37 456 105 162 26 20 30 24 171
leaf_count=24 3530 25 22 21 31 27 23 21 542 20 184 37 79 52 518 29 40 179 119 130 194 37 456 105 162 26 20 30 24 171
internal_value=-7.06133e-15 8.14126e-07 1.28033e-06 -1.61062e-07 1.53539e-06 1.19265e-06 -2.78145e-06 1.19537e-06 5.34402e-07 5.81413e-07 8.70803e-07 4.56029e-07 2.82572e-06 2.3915e-06 1.36252e-06 -4.05822e-07 2.21581e-06 7.66757e-08 -3.26875e-07 1.63563e-06 6.38629e-07 -6.50438e-08 6.60652e-08 1.4881e-07 2.53749e-07 -7.31596e-07 -2.0323e-07 -5.01475e-07 8.69397e-08 -5.68049e-07
internal_weight=6878 2288 858 129 729 576 44 85 1430 1405 893 579 153 131 545 4590 61 512 298 314 214 1006 798 723 618 75 46 3584 54 208
internal_count=6878 2288 858 129 729 576 44 85 1430 1405 893 579 153 131 545 4590 61 512 298 314 214 1006 798 723 618 75 46 3584 54 208
is_linear=0
shrinkage=0.05


Tree=58
num_leaves=31
num_cat=0
split_feature=21 13 17 14 15 14 17 21 13 7 5 21 27 5 5 4 13 20 1 11 9 14 2 14 7 17 21 4 9 5
split_gain=1.81997e-07 6.91728e-07 9.31014e-08 8.85321e-08 2.38383e-07 1.34936e-07 1.11503e-07 6.64308e-08 4.67707e-08 9.13258e-08 9.59703e-08 8.94541e-08 6.91831e-08 7.89949e-08 4.85198e-08 3.963e-08 3.38843e-08 4.51683e-08 3.64487e-08 3.32962e-08 2.72667e-08 3.55438e-08 2.3139e-08 2.17241e-08 2.02502e-08 1.53426e-08 1.06811e-08 3.88843e-08 9.74903e-09 9.34346e-09
threshold=17.500000000000004 -0.3794095225512602 1.0101803279037567 0.9916835347852474 0.04621408538533487 0.98522604642031408 0.96184562241374971 956.50000000000011 0.60355339059327384 120.6146084065237 5.7500000000000009 1.0000000180025095e-35 2.8333333333333335 11.550000000000002 11.950000000000001 99.500000000000014 -0.60355339059327384 0.00040641000000000006 837.1500000000002 17.906250000000004 -45.057980879391231 0.93845596220871974 158.50000000000003 0.45273815774107123 27.211074475547981 0.48563697628355668 7.5000000000000009 66.500000000000014 59.484411832400141 8.8500000000000032
decision_type=2 2 2 2 2 2 2 2 2 2 2 2 2 2 2 2 2 2 2 2 2 2 2 2 2 2 2 2 2 2
left_child=8 7 3 5 -5 6 -3 16 26 10 11 23 13 -12 -14 20 25 22 -19 -17 -11 -22 -18 -10 29 -2 -1 -28 -26 -9
right_child=1 2 -4 4 -6 -7 -8 24 9 15 12 -13 14 -15 -16 19 17 18 -20 -21 21 -23 -24 -25 28 -27 27 -29 -30 -31
leaf_value=-4.4763900992826548e-07 7.0951836808793205e-07 1.0879098440848428e-06 -1.9342751764507621e-06 1.6650756215779275e-06 -5.0489984801060933e-06 5.446290238069196e-06 2.4691625284845033e-06 1.3490244350577998e-06 1.6006354999695932e-06 -3.7416338819216019e-07 -2.1265646434390615e-06 -3.3569010421767112e-06 2.6489918174122118e-06 1.9877375359556026e-06 9.2690538138103778e-07 -6.310991056939163e-07 -7.9931760000744014e-07 4.126091744048673e-07 2.6698788769863314e-06 -2.4479009483213689e-06 -5.4545278473548935e-08 1.1803332577997594e-06 5.771327284520567e-07 -6.2366702679909118e-07 8.8184596204854424e-07 -4.3066942257182411e-07 -3.0002107488750576e-07 -2.8796151019334849e-06 2.3765538685438517e-06 1.274030426329848e-07
leaf_weight=1378 30 940 23 39 20 20 173 20 21 760 28 24 78 20 86 119 129 169 20 32 651 64 40 23 20 1786 48 21 24 72
leaf_count=1378 30 940 23 39 20 20 173 20 21 760 28 24 78 20 86 119 129 169 20 32 651 64 40 23 20 1786 48 21 24 72
internal_value=-1.72659e-15 2.50847e-07 1.21662e-06 1.27742e-06 -6.10882e-07 1.37575e-06 1.30261e-06 -2.57126e-07 -2.63715e-07 -1.01005e-07 7.33034e-07 -9.01421e-07 1.25729e-06 -4.12272e-07 1.74595e-06 -2.44628e-07 -3.2419e-07 1.20396e-07 6.51474e-07 -1.01612e-06 -1.65649e-07 5.59893e-08 -4.73531e-07 4.37932e-07 8.1491e-07 -4.11834e-07 -4.78037e-07 -1.08511e-06 1.69714e-06 3.92973e-07
internal_weight=6878 3525 1215 1192 59 1133 1113 2310 3353 1906 280 68 212 48 164 1626 2174 358 189 151 1475 715 169 44 136 1816 1447 69 44 92
internal_count=6878 3525 1215 1192 59 1133 1113 2310 3353 1906 280 68 212 48 164 1626 2174 358 189 151 1475 715 169 44 136 1816 1447 69 44 92
is_linear=0
shrinkage=0.05


Tree=59
num_leaves=31
num_cat=0
split_feature=12 8 15 15 15 5 19 15 7 1 4 11 27 5 25 27 24 1 4 12 14 24 8 7 7 14 14 11 8 7
split_gain=7.4521e-07 1.26782e-07 8.29624e-08 1.54223e-07 1.86193e-07 9.24258e-08 9.75952e-08 6.03833e-08 4.96269e-08 4.94085e-08 3.11289e-08 2.56168e-08 9.92755e-08 9.53186e-08 5.44855e-08 3.1448e-08 2.23818e-08 2.10829e-08 1.94675e-08 1.78302e-08 2.50778e-08 1.01407e-08 9.2947e-09 7.83141e-09 6.95264e-09 8.30165e-09 6.25558e-09 4.0798e-09 3.26338e-09 2.9301e-09
threshold=-0.70710678118654735 222.25121069428295 -0.99938741687870725 -0.97507822412530132 -0.96234030595689413 2.3500000000000001 0.00025113500000000004 -0.99465740988130902 129.04452365090586 490.4500000000001 43.500000000000007 17.406250000000004 4.5000000000000009 6.5500000000000007 0.00048711568698447662 99.833333333333357 0.00069292071768410212 636.45000000000016 93.500000000000014 0.12940952255126045 0.93544191479114935 5.8171020556690697e-05 313.52670824671821 139.09069372665155 14.606327157728112 0.21862473630160603 0.69056404122701587 17.703125000000004 0.43500081574669031 132.76463360824081
decision_type=2 2 2 2 2 2 2 2 2 2 2 2 2 2 2 2 2 2 2 2 2 2 2 2 2 2 2 2 2 2
left_child=2 24 -1 7 -5 10 -7 9 11 -4 -6 12 -3 -14 15 -13 -16 21 19 20 -10 -9 23 -20 25 -2 -27 -24 -26 -21
right_child=1 8 3 4 5 6 -8 17 18 -11 -12 14 13 -15 16 -17 -18 -19 22 29 -22 -23 27 -25 28 26 -28 -29 -30 -31
leaf_value=-2.0164149503898445e-06 -4.7271678629575347e-07 -3.4509703687035656e-06 2.646048604814356e-06 -2.7488892950936855e-06 -2.6653430371549226e-06 1.1944542734747022e-06 2.5813973393260243e-07 2.9568793434009423e-06 -8.5485360789856565e-08 -5.7348843204801434e-07 -8.6532365912717081e-08 1.1367292724094745e-06 -1.2819105573040273e-06 1.2166368822688896e-06 -5.6849878941208914e-07 -7.8453112401486733e-07 4.0238693435432657e-07 2.1034876353284112e-06 -2.1241390061277346e-06 -1.1900173636046047e-07 9.7904830874650747e-07 4.3301657614193104e-06 -1.9827871564915689e-07 -7.4166408342621478e-07 7.3214958920938707e-08 8.4536587838013693e-07 -2.429525458417768e-07 -1.053675777029639e-06 -4.6866744261779487e-07 -6.4076135895571191e-07
leaf_weight=24 60 20 26 36 22 1105 372 20 342 22 25 288 61 102 102 23 142 23 20 34 66 41 46 21 28 31 23 20 3604 129
leaf_count=24 60 20 26 36 22 1105 372 20 342 22 25 288 61 102 102 23 142 23 20 34 66 41 46 21 28 31 23 20 3604 129
internal_value=-3.69604e-15 -3.00074e-07 9.02669e-07 9.44075e-07 8.05217e-07 8.89173e-07 9.58632e-07 2.58511e-06 1.0296e-07 1.17043e-06 -1.29364e-06 3.86676e-07 -1.26333e-07 2.81598e-07 5.5583e-07 9.94642e-07 -3.47513e-09 3.39351e-06 -2.05863e-07 -8.98828e-08 8.67186e-08 3.87991e-06 -8.24786e-07 -1.41604e-06 -4.52422e-07 -6.79349e-08 3.81823e-07 -4.5749e-07 -4.6449e-07 -5.31928e-07
internal_weight=6878 5162 1716 1692 1560 1524 1477 132 1416 48 47 738 183 163 555 311 244 84 678 571 408 61 107 41 3746 114 54 66 3632 163
internal_count=6878 5162 1716 1692 1560 1524 1477 132 1416 48 47 738 183 163 555 311 244 84 678 571 408 61 107 41 3746 114 54 66 3632 163
is_linear=0
shrinkage=0.05


Tree=60
num_leaves=31
num_cat=0
split_feature=12 8 17 14 17 25 24 22 11 18 22 6 20 5 9 11 27 5 5 25 7 4 7 7 8 7 14 14 14 8
split_gain=6.72552e-07 1.14421e-07 8.94717e-08 1.37383e-07 1.09353e-07 1.49456e-07 1.41364e-07 1.37095e-07 1.19704e-07 1.15889e-07 1.06029e-07 8.65238e-08 7.11727e-08 5.64709e-08 4.56797e-08 1.88881e-08 8.0242e-08 6.76337e-08 3.3514e-08 3.06099e-08 2.92492e-08 1.23201e-08 1.18801e-08 1.1229e-08 1.22111e-08 6.27476e-09 7.49224e-09 6.17874e-09 5.64566e-09 2.9452e-09
threshold=-0.70710678118654735 222.25121069428295 0.9999486178193403 0.52766072109828632 0.96562891895721226 0.00016970745751834578 4.3974544348681327e-05 35.500000000000007 24.503125000000004 0.00012263500000000003 370.50000000000006 0.00019629000000000003 0.00023099000000000001 7.1500000000000012 -45.057980879391231 17.406250000000004 2.5000000000000004 6.5500000000000007 4.9500000000000011 0.00050886417902384939 123.7421259816571 88.500000000000014 139.77809670501622 148.00001953910112 354.97372237062882 14.606327157728112 0.21862473630160603 0.7210268013660811 0.69056404122701587 0.43500081574669031
decision_type=2 2 2 2 2 2 2 2 2 2 2 2 2 2 2 2 2 2 2 2 2 2 2 2 2 2 2 2 2 2
left_child=2 25 4 -4 5 6 7 -1 -8 -6 -11 -7 -13 -12 21 16 -16 -18 20 -20 -17 23 -23 24 -3 26 -2 -25 -28 -27
right_child=1 14 3 -5 9 11 8 -9 -10 10 13 12 -14 -15 15 18 17 -19 19 -21 -22 22 -24 27 -26 29 28 -29 -30 -31
leaf_value=7.7873893850401675e-07 -4.4908094013843924e-07 2.6320637502156055e-07 9.3045338519826365e-07 -4.3073398263091116e-06 -1.2303698076721049e-06 -2.3538032442167224e-06 2.881904993889369e-06 -2.0337048125200335e-06 1.169247892236895e-06 4.9213139376166407e-06 3.3612591768029568e-06 1.5697872867458244e-06 -2.1066382606110905e-07 1.2498778936087628e-06 -2.5868358566835276e-06 3.0082764288122039e-06 -8.6533864432812955e-07 8.7229269681234417e-07 6.112196361378608e-07 -1.1776779799295886e-07 4.2732753053358125e-07 -1.8615787832047881e-06 -5.120770972771176e-07 -7.3410379098959312e-07 -6.1298396233793867e-07 6.9554210670373462e-08 8.0309757813959176e-07 -9.8799931390291738e-08 -2.3080491662040994e-07 -4.4523406213416752e-07
leaf_weight=555 60 169 31 21 25 38 150 47 319 34 44 71 268 113 28 23 88 154 400 225 21 21 73 100 52 28 31 62 23 3604
leaf_count=555 60 169 31 21 25 38 150 47 319 34 44 71 268 113 28 23 88 154 400 225 21 21 73 100 52 28 31 62 23 3604
internal_value=1.01623e-15 -2.8507e-07 8.57536e-07 -1.18481e-06 9.21359e-07 7.6481e-07 1.06619e-06 5.59163e-07 1.71701e-06 1.97082e-06 2.38982e-06 -9.13728e-08 1.62233e-07 1.8416e-06 9.78123e-08 3.0022e-07 -5.27708e-08 2.40427e-07 4.42682e-07 3.48784e-07 1.77646e-06 -3.00637e-07 -8.13562e-07 -1.7475e-07 5.70439e-08 -4.29801e-07 -6.45381e-08 -4.90963e-07 3.62732e-07 -4.41265e-07
internal_weight=6878 5162 1716 52 1664 1448 1071 602 469 216 191 377 339 157 1416 939 270 242 669 625 44 477 94 383 221 3746 114 162 54 3632
internal_count=6878 5162 1716 52 1664 1448 1071 602 469 216 191 377 339 157 1416 939 270 242 669 625 44 477 94 383 221 3746 114 162 54 3632
is_linear=0
shrinkage=0.05


Tree=61
num_leaves=29
num_cat=0
split_feature=8 15 9 15 15 17 22 4 8 3 3 15 15 5 15 16 22 8 11 17 2 22 21 7 3 8 26 8
split_gain=5.68938e-07 3.15673e-07 2.27301e-07 1.38003e-07 3.25866e-07 7.89916e-08 6.8336e-08 4.84097e-08 3.52199e-08 4.57847e-08 3.20525e-08 1.81399e-08 1.7954e-08 1.59724e-08 1.48103e-08 1.13589e-08 6.66729e-09 4.51239e-09 2.07585e-08 2.59238e-08 2.64516e-08 9.12363e-09 3.32889e-09 7.35031e-09 3.90123e-09 3.11252e-09 9.57194e-09 2.62439e-09
threshold=236.497761277433 -0.99983123799342477 -29.618685712370056 -0.97111920233974802 -0.96234030595689413 0.9999486178193403 798.50000000000011 99.500000000000014 326.85811795944278 14.950000000000001 18.150000000000002 -0.99864786094873803 -0.99465740988130902 6.4500000000000011 -0.97507822412530132 1008.995 966.50000000000011 226.39009706154982 50.196875000000013 0.82676568114058568 212.50000000000003 610.50000000000011 769.50000000000011 34.387309887461278 26.850000000000005 183.93496850054598 0.0005909183413512544 0.43500081574669031
decision_type=2 2 2 2 2 2 2 2 2 2 2 2 2 2 2 2 2 2 2 2 2 2 2 2 2 2 2 2
left_child=15 -2 7 6 -5 -6 11 8 9 -3 13 -4 -8 -9 -10 17 -17 22 19 20 -19 -21 25 24 -24 27 -27 -1
right_child=1 2 3 4 5 -7 12 10 14 -11 -12 -13 -14 -15 -16 16 -18 18 -20 21 -22 -23 23 -25 -26 26 -28 -29
leaf_value=6.6076501476735362e-08 -5.1850737094127913e-06 -2.5421528047166155e-07 3.7266543544050093e-06 -3.9730528473885195e-06 8.934825159471623e-07 -1.230519080005858e-06 -4.7532512989315974e-07 -1.832132435310996e-06 5.396373944440332e-07 7.1758482457355621e-07 -2.9147014049613064e-06 2.3158963528334275e-06 1.2806107898507287e-06 -1.553907898536339e-07 -3.9708988376406482e-07 -2.1448061049242725e-07 7.711028037427071e-07 -1.8536157483595162e-06 -1.3260624267853996e-06 3.7040470980779596e-07 5.466400684402591e-07 1.7490837090387384e-06 -1.3655093217342561e-07 4.1302687711285633e-07 -5.6859948975520949e-07 -8.1692209819741995e-07 9.6551283866751381e-08 -4.2004328076472848e-07
leaf_weight=28 24 197 27 36 1606 45 24 20 48 315 20 146 37 49 349 37 32 22 27 24 24 24 105 37 104 141 36 3294
leaf_count=28 24 197 27 36 1606 45 24 20 48 315 20 146 37 49 349 37 32 22 27 24 24 24 105 37 104 141 36 3294
internal_value=-6.9741e-16 5.25834e-07 5.72789e-07 8.90809e-07 7.32975e-07 8.3559e-07 2.0287e-06 -3.93525e-08 6.96117e-08 3.4367e-07 -1.15226e-06 2.53607e-06 5.89751e-07 -6.41403e-07 -2.83833e-07 -3.93273e-07 2.42602e-07 -4.04622e-07 -1.041e-07 2.46889e-07 -6.01308e-07 1.05974e-06 -4.14332e-07 -2.36546e-07 -3.51542e-07 -4.26831e-07 -6.31131e-07 -4.15946e-07
internal_weight=6878 2943 2919 1921 1687 1651 234 998 909 512 89 173 61 69 397 3935 69 3866 121 94 46 48 3745 246 209 3499 177 3322
internal_count=6878 2943 2919 1921 1687 1651 234 998 909 512 89 173 61 69 397 3935 69 3866 121 94 46 48 3745 246 209 3499 177 3322
is_linear=0
shrinkage=0.05


Tree=62
num_leaves=31
num_cat=0
split_feature=12 8 15 3 14 14 4 27 14 17 15 14 9 9 14 14 9 9 21 1 6 14 2 4 9 9 15 0 8 23
split_gain=5.49998e-07 9.27309e-08 7.87657e-08 1.06345e-07 8.76363e-08 2.91121e-07 2.02783e-07 1.99333e-07 1.44494e-07 1.38222e-07 1.02197e-07 8.98894e-08 8.69742e-08 3.77951e-08 3.67627e-08 3.42614e-08 3.42248e-08 2.5002e-08 1.85292e-08 2.4419e-08 3.73178e-08 2.35657e-08 1.10691e-08 1.04368e-08 1.71853e-08 1.09534e-08 1.60121e-08 6.48172e-09 4.32193e-09 3.60776e-09
threshold=-0.70710678118654735 222.25121069428295 0.9052873537896472 15.350000000000003 -0.94705910369513524 -0.96463499255812291 1.0000000180025095e-35 22.500000000000004 -0.10088855117215338 1.0057309573050304 0.18281312110578132 -0.98214942551678475 30.271356002129036 -45.057980879391231 -0.56456755436774708 0.25206111083856975 -10.901771773711673 16.373537654759591 981.50000000000011 739.1500000000002 0.00053280000000000005 0.93845596220871974 156.50000000000003 75.500000000000014 -47.20600612545784 -60.224164379586931 0.20812153622207724 1000.5000000000001 293.85798326952505 898.50000000000011
decision_type=2 2 2 2 2 2 2 2 2 2 2 2 2 2 2 2 2 2 2 2 2 2 2 2 2 2 2 2 2 2
left_child=2 27 4 -4 5 6 -1 -7 12 10 -10 -8 16 23 -14 -5 -6 -17 19 21 -21 -15 29 25 28 -3 -27 -2 -25 -20
right_child=1 13 3 15 8 7 11 -9 9 -11 -12 -13 14 18 -16 17 -18 -19 22 20 -22 -23 -24 24 -26 26 -28 -29 -30 -31
leaf_value=-2.4539777721082305e-06 -3.9336608515093409e-07 -5.2191487641365436e-07 -3.0615276260922049e-06 -7.2010580132492975e-07 1.3461874118547713e-06 -1.9200219412596199e-07 2.4944172982941382e-06 -7.0889696990599823e-06 4.0371584212684781e-07 -3.4286401296412805e-06 1.4969564819744405e-06 -1.3787761403705191e-07 -9.693091624974455e-08 2.2827460037679538e-07 1.6285050692047285e-06 2.5111103289408793e-06 2.6243384430912901e-06 9.3908138154574772e-08 1.1039709620707159e-06 -2.3875141573626025e-06 -6.0046457489402968e-08 1.1276990296498365e-06 1.3821551291925971e-07 -1.0827339258412394e-06 -1.9963717068094413e-06 -2.3190006059498253e-07 6.565135274755472e-07 4.3097140496328738e-07 -2.7689199136635568e-07 2.0307880720879657e-06
leaf_weight=38 3722 115 30 35 70 20 100 22 636 20 322 48 66 651 58 23 208 20 21 20 124 82 20 20 20 145 78 24 99 21
leaf_count=38 3722 115 30 35 70 20 100 22 636 20 322 48 66 651 58 23 208 20 21 20 124 82 20 20 20 145 78 24 99 21
internal_value=3.04126e-15 -2.57792e-07 7.75478e-07 -5.31628e-07 8.63269e-07 -4.48462e-08 8.04153e-07 -3.8047e-06 1.01331e-06 6.85287e-07 7.71173e-07 1.6407e-06 1.81132e-06 8.68956e-08 7.10128e-07 4.4141e-07 2.3025e-06 1.38683e-06 2.71008e-07 2.11952e-07 -3.83306e-07 3.28892e-07 1.10636e-06 -2.75539e-07 -6.40248e-07 -1.25555e-07 7.88455e-08 -3.88085e-07 -4.12328e-07 1.56738e-06
internal_weight=6878 5162 1716 108 1608 228 186 42 1380 978 958 148 402 1416 124 78 278 43 939 877 144 733 62 477 139 338 223 3746 119 42
internal_count=6878 5162 1716 108 1608 228 186 42 1380 978 958 148 402 1416 124 78 278 43 939 877 144 733 62 477 139 338 223 3746 119 42
is_linear=0
shrinkage=0.05


Tree=63
num_leaves=31
num_cat=0
split_feature=12 12 14 14 14 14 27 4 15 6 14 15 14 15 4 22 15 9 15 14 14 14 20 0 14 14 21 11 11 13
split_gain=4.96373e-07 7.987e-08 7.24566e-08 2.26139e-07 1.71043e-07 1.99899e-07 4.1367e-07 1.83012e-07 1.24073e-07 1.08922e-07 8.11252e-08 6.78962e-08 3.9764e-07 2.9711e-07 1.91551e-07 1.11726e-07 3.78874e-08 3.76166e-08 3.47478e-08 7.10425e-08 5.74677e-08 1.0516e-07 4.32581e-08 3.48176e-08 2.97241e-08 3.2807e-08 3.52896e-08 3.10555e-08 6.30162e-08 7.49812e-09
threshold=-0.70710678118654735 -0.25881904510252113 0.21862473630160603 0.25206111083856975 -0.94139628442229062 -0.96463499255812291 3.1666666666666674 1.0000000180025095e-35 -0.99938741687870725 0.00013456500000000004 -0.98214942551678475 0.18281312110578132 0.95998215779580554 0.097680735332368748 73.500000000000014 258.50000000000006 -0.67801649466304881 -11.914987315262239 -0.73284120334876357 0.54219432480460406 0.23537774960157334 0.3504237462291826 0.00070488000000000007 459.50000000000006 0.93544191479114935 0.91596454896554913 953.50000000000011 13.681250000000002 26.481250000000003 0.98296291314453421
decision_type=2 2 2 2 2 2 2 2 2 2 2 2 2 2 2 2 2 2 2 2 2 2 2 2 2 2 2 2 2 2
left_child=2 18 4 -4 5 7 -7 -1 -6 17 -9 13 15 14 -5 -13 -11 -10 19 20 22 -22 -2 -21 25 26 -20 -26 -29 -3
right_child=1 29 3 11 8 6 -8 10 9 16 -12 12 -14 -15 -16 -17 -18 -19 24 23 21 -23 -24 -25 27 -27 -28 28 -30 -31
leaf_value=-2.3312789284988726e-06 1.122701316276149e-06 -3.6879086581541614e-07 -4.3490424445735696e-06 -1.5337798481201823e-07 -1.9198858789574541e-06 2.3889349607919071e-06 -6.4611809795033262e-06 2.3696964277633014e-06 1.5217433255470381e-06 1.3827919584257388e-06 -1.3098370648852627e-07 1.1751952840009072e-06 6.071499529348835e-06 -4.637825337946803e-06 2.0062584000809959e-06 -7.0130684530465913e-07 -5.2428864213046235e-09 2.8238422720002397e-06 -2.2392231205839197e-07 3.9979813846002803e-06 -3.3454629767147382e-06 5.1023713657135277e-07 -3.6474542980613483e-07 1.0476605689291319e-06 -8.4275235084615749e-07 -2.0294954244567029e-06 1.6947574372352394e-06 2.2768171879761213e-06 3.9804010846049046e-08 -1.0357621672180187e-07
leaf_weight=38 162 3731 24 346 24 23 31 100 78 171 48 242 36 30 146 118 69 192 579 20 28 48 70 20 33 24 25 50 85 287
leaf_count=38 162 3731 24 346 24 23 31 100 78 171 48 242 36 30 146 118 69 192 579 20 28 48 70 20 33 24 25 50 85 287
internal_value=2.20111e-15 -2.44902e-07 7.36705e-07 4.42198e-07 1.09514e-06 -1.3572e-08 -2.69169e-06 7.63945e-07 1.59343e-06 1.75876e-06 1.55867e-06 5.67459e-07 1.06115e-06 1.92931e-07 4.8749e-07 5.6012e-07 9.83732e-07 2.44768e-06 1.23689e-07 5.4045e-07 2.83e-07 -9.10284e-07 6.73903e-07 2.52282e-06 -5.85133e-08 -2.16545e-07 -1.44507e-07 5.32222e-07 8.68327e-07 -3.49847e-07
internal_weight=6878 5162 1716 942 774 240 54 186 534 510 148 918 396 522 492 360 240 270 1144 348 308 76 232 40 796 628 604 168 135 4018
internal_count=6878 5162 1716 942 774 240 54 186 534 510 148 918 396 522 492 360 240 270 1144 348 308 76 232 40 796 628 604 168 135 4018
is_linear=0
shrinkage=0.05


Tree=64
num_leaves=31
num_cat=0
split_feature=12 8 17 14 17 17 5 14 14 14 17 18 7 11 5 11 15 25 21 4 14 4 8 14 8 4 5 11 7 14
split_gain=4.47977e-07 7.61615e-08 7.13341e-08 1.10909e-07 1.01724e-07 1.56094e-07 9.80111e-08 1.33162e-07 8.87215e-08 1.42386e-07 7.74495e-08 6.317e-08 3.20115e-08 2.1193e-08 6.5466e-08 7.43078e-08 5.26325e-08 4.21499e-08 2.32962e-08 2.06442e-08 2.05675e-08 1.45661e-08 1.9128e-08 1.33189e-08 1.18371e-08 1.17922e-08 9.62143e-09 7.46947e-09 5.25911e-09 6.1424e-09
threshold=-0.70710678118654735 222.25121069428295 0.99973502331467745 0.52766072109828632 0.96184562241374971 0.95066743866435932 7.0500000000000007 0.90892735371523092 -0.99630266176052629 -0.95244167294248061 0.95562795574651349 0.00030069500000000007 129.04452365090586 17.406250000000004 6.5500000000000007 14.509375000000002 -0.8901731938066898 0.00046965724048611941 963.50000000000011 99.500000000000014 0.46800856592688472 45.500000000000007 280.6814860278937 0.95998215779580554 282.29755514591278 3.5000000000000004 6.5500000000000007 15.115625000000001 14.606327157728112 0.21862473630160603
decision_type=2 2 2 2 2 2 2 2 2 2 2 2 2 2 2 2 2 2 2 2 2 2 2 2 2 2 2 2 2 2
left_child=2 28 4 -4 5 8 20 11 25 -10 -7 -8 13 14 16 -16 -3 19 -19 -15 -6 22 27 -24 -23 -1 -26 -14 29 -2
right_child=1 12 3 -5 6 10 7 -9 9 -11 -12 -13 21 17 15 -17 -18 18 -20 -21 -22 24 23 -25 26 -27 -28 -29 -30 -31
leaf_value=3.4990113548432147e-06 -3.6452292788998383e-07 6.0087899410890797e-07 7.6155057754614537e-07 -3.8216300998266728e-06 2.3406137846050429e-06 -4.4466330746217868e-06 3.3323740851864429e-06 -2.0662051428286888e-06 -8.4050382810508455e-07 8.1503234460813741e-07 -6.1963678548729667e-07 9.9995632579525893e-07 3.8808763092458237e-07 1.001427705068215e-06 2.8031648298565416e-06 -1.5413880932028819e-07 -2.3832449288521378e-06 -3.3429997930361261e-07 6.9565537195614981e-07 -3.8114295098997292e-07 4.1087151203100801e-06 -1.4231689330504847e-06 -2.2253700347107868e-07 6.1615875109412495e-07 -8.2973692809913779e-07 1.9395609049349165e-06 -1.4020756169812061e-07 1.7382382830533061e-06 -3.6123305716286838e-07 3.7053048703017813e-07
leaf_weight=27 60 22 33 22 29 20 42 28 146 1176 39 94 21 270 28 88 45 175 80 30 38 28 306 56 71 22 176 20 3632 54
leaf_count=27 60 22 33 22 29 20 42 28 146 1176 39 94 21 270 28 88 45 175 80 30 38 28 306 56 71 22 176 20 3632 54
internal_value=1.52023e-15 -2.32657e-07 6.99869e-07 -1.07172e-06 7.58531e-07 6.01265e-07 1.73208e-06 1.07379e-06 7.09634e-07 6.32197e-07 -1.91692e-06 1.72026e-06 7.97213e-08 3.07587e-07 -1.59029e-07 5.59693e-07 -1.40338e-06 4.61443e-07 -1.11767e-08 8.63171e-07 3.34342e-06 -1.68309e-07 2.31344e-08 -9.2794e-08 -4.4886e-07 2.79885e-06 -3.38412e-07 1.0467e-06 -3.50737e-07 -1.63397e-08
internal_weight=6878 5162 1716 55 1661 1430 231 164 1371 1322 59 136 1416 738 183 116 67 555 255 300 67 678 403 362 275 49 247 41 3746 114
internal_count=6878 5162 1716 55 1661 1430 231 164 1371 1322 59 136 1416 738 183 116 67 555 255 300 67 678 403 362 275 49 247 41 3746 114
is_linear=0
shrinkage=0.05


Tree=65
num_leaves=31
num_cat=0
split_feature=12 15 3 17 14 14 27 12 17 27 15 14 14 14 20 0 14 14 11 11 14 15 12 15 14 3 11 14 15 7
split_gain=4.04299e-07 6.99023e-08 9.95453e-08 7.13426e-08 8.02676e-08 2.13435e-07 1.03352e-07 6.58712e-08 3.09452e-08 2.92935e-08 2.87189e-08 6.35166e-08 5.05595e-08 9.52267e-08 3.72408e-08 3.10194e-08 2.70427e-08 2.93969e-08 2.7069e-08 5.67678e-08 2.6067e-08 8.31853e-09 5.66332e-09 1.03435e-08 1.39272e-08 2.14437e-08 5.56423e-09 8.11964e-09 3.66353e-09 3.61456e-09
threshold=-0.70710678118654735 0.9052873537896472 15.350000000000003 1.0101803279037567 -0.99630266176052629 -0.99275805973510278 1.0000000180025095e-35 -0.25881904510252113 0.5420105766062554 31.500000000000004 -0.73284120334876357 0.54219432480460406 0.23537774960157334 0.3504237462291826 0.00070488000000000007 459.50000000000006 0.93544191479114935 -0.99630266176052629 13.681250000000002 26.481250000000003 0.91596454896554913 1.0000000180025095e-35 1.0000000180025095e-35 -0.72694848937061807 0.52766072109828632 16.650000000000002 15.115625000000001 0.7210268013660811 1.0000000180025095e-35 148.82659488268874
decision_type=2 2 2 2 2 2 2 2 2 2 2 2 2 2 2 2 2 2 2 2 2 2 2 2 2 2 2 2 2 2
left_child=1 3 -3 4 21 -6 -7 10 -4 -10 11 12 14 -14 -2 -13 17 28 -18 -20 -19 -1 23 24 25 -9 27 -25 -12 -28
right_child=7 2 8 -5 5 6 -8 22 9 -11 16 15 13 -15 -16 -17 18 20 19 -21 -22 -23 -24 26 -26 -27 29 -29 -30 -31
leaf_value=2.0602409131242892e-06 1.0322346139306028e-06 -3.0141758412582932e-06 1.5378931534955471e-06 -1.8009252842064058e-06 -3.9556928375835323e-06 1.6539891286184053e-06 5.9603828459274874e-07 -1.5541898788740129e-06 7.1538930909535265e-07 -1.8417046037809216e-06 6.3041800814289671e-07 3.7594041145894153e-06 -3.1874123233624887e-06 4.8166173911567971e-07 -3.4788635909015803e-07 9.7464947486969326e-07 -7.7216462738182266e-07 -2.2321751076241873e-07 2.1621562632390125e-06 3.8944679282755773e-08 -1.9057343460341753e-06 3.2699702185507503e-06 -3.4056343724777641e-07 -7.1038549936019994e-07 1.2675921915672462e-06 2.0268169580383458e-07 -3.3717968793587477e-07 3.6212678044951948e-07 1.5874358086875874e-06 -8.0872805104566713e-07
leaf_weight=30 162 30 33 27 24 285 1215 20 24 21 20 20 28 48 70 20 33 564 50 85 24 27 3444 25 24 132 265 60 20 48
leaf_count=30 162 30 33 27 24 285 1215 20 24 21 20 20 28 48 70 20 33 564 50 85 24 27 3444 25 24 132 265 60 20 48
internal_value=1.27782e-15 6.64876e-07 -5.66493e-07 7.4758e-07 7.91103e-07 7.22203e-07 7.97049e-07 -2.21024e-07 3.74923e-07 -4.77921e-07 1.1371e-07 4.92596e-07 2.49163e-07 -8.70102e-07 6.15819e-07 2.36703e-06 -5.19328e-08 -2.02668e-07 5.11528e-07 8.25319e-07 -2.91892e-07 2.63327e-06 -3.16329e-07 -1.70925e-07 1.48252e-07 -2.84856e-08 -3.12069e-07 4.6682e-08 1.10893e-06 -4.09494e-07
internal_weight=6878 1716 108 1608 1581 1524 1500 5162 78 45 1144 348 308 76 232 40 796 628 168 135 588 57 4018 574 176 152 398 85 40 313
internal_count=6878 1716 108 1608 1581 1524 1500 5162 78 45 1144 348 308 76 232 40 796 628 168 135 588 57 4018 574 176 152 398 85 40 313
is_linear=0
shrinkage=0.05


Tree=66
num_leaves=30
num_cat=0
split_feature=12 8 8 5 14 15 14 15 14 14 15 5 1 8 15 14 15 15 8 15 15 9 14 20 0 8 7 14 8
split_gain=3.67407e-07 8.2565e-08 8.15089e-08 7.52231e-08 6.40394e-08 2.06164e-07 1.04678e-07 1.5934e-07 9.04526e-08 9.47767e-08 4.61379e-08 5.94546e-08 6.38764e-08 3.55649e-08 4.23087e-08 9.12998e-08 3.54106e-08 5.88328e-08 3.0773e-08 2.14839e-08 1.07353e-08 2.40398e-08 9.35487e-09 6.34155e-09 5.03425e-09 2.36934e-09 2.16289e-09 3.83702e-09 1.83997e-09
threshold=-0.78656609248549292 258.44490064136215 222.25121069428295 1.2000000000000004 0.9916835347852474 1.0000000180025095e-35 0.96465729447553372 -0.16799793862756093 0.94978112945126536 0.93237596376505805 -0.25206183926700709 12.950000000000001 300.75000000000006 326.85811795944278 0.91245913578114801 0.31799963745711152 0.080547328232315238 0.29958852271690523 326.12423047573299 0.52032336593087203 -0.97507822412530132 -36.904476305830336 1.0000000180025095e-35 0.00030589000000000007 1000.5000000000001 0.43500081574669031 14.606327157728112 0.21862473630160603 218.20996162009871
decision_type=2 2 2 2 2 2 2 2 2 2 2 2 2 2 2 2 2 2 2 2 2 2 2 2 2 2 2 2 2
left_child=1 10 24 -4 6 -6 8 -8 9 -3 -1 16 -13 14 18 -16 23 -18 -5 -14 22 -22 -15 -12 25 -2 27 -27 -28
right_child=2 4 3 13 5 -7 7 -9 -10 -11 11 12 19 20 15 -17 17 -19 -20 -21 21 -23 -24 -25 -26 26 28 -29 -30
leaf_value=-1.6107595948661976e-06 1.3597034853596313e-07 9.2052947848558738e-07 -2.8742994773199915e-06 3.0293180452095396e-07 2.1659785070531663e-06 -4.1493077787890801e-06 -4.2787520115439293e-07 5.1383496813489027e-06 -2.3206092009786519e-06 4.4024212684234953e-06 1.5063230472378565e-06 -2.2943781659336852e-06 -7.4294490195083922e-07 -2.5321210728179722e-07 4.1172935670953275e-07 -3.422053237045475e-06 -1.018209529017137e-06 9.9458360562298585e-07 2.0422935536911473e-06 6.520470060752194e-07 -2.5196203582271628e-07 -1.9928526886100635e-06 1.0880610740461915e-06 2.7654448626890373e-06 4.0424611921589344e-07 -3.5146366422861007e-07 -3.2919223409253136e-07 2.8288620669059127e-07 -7.7783987683727429e-07
leaf_weight=35 28 857 21 1158 28 24 20 36 21 20 20 37 46 26 44 24 48 149 26 69 356 21 26 20 24 59 3572 40 23
leaf_count=35 28 857 21 1158 28 24 20 36 21 20 20 37 46 26 44 24 48 149 26 69 356 21 26 20 24 59 3572 40 23
internal_value=1.38464e-15 7.13285e-07 -1.87224e-07 9.96938e-08 9.59937e-07 -7.48769e-07 1.05307e-06 3.15041e-06 9.22282e-07 9.99934e-07 1.28069e-07 2.84519e-07 -4.87344e-07 1.36847e-07 2.71471e-07 -9.4137e-07 7.79554e-07 5.04157e-07 3.41127e-07 9.40502e-08 -2.56043e-07 -3.48935e-07 4.17424e-07 2.13588e-06 -3.17586e-07 -3.2224e-07 -3.25714e-07 -9.51607e-08 -3.32063e-07
internal_weight=6878 1430 5448 1702 1006 52 954 56 898 877 424 389 152 1681 1252 68 237 197 1184 115 429 377 52 40 3746 3722 3694 99 3595
internal_count=6878 1430 5448 1702 1006 52 954 56 898 877 424 389 152 1681 1252 68 237 197 1184 115 429 377 52 40 3746 3722 3694 99 3595
is_linear=0
shrinkage=0.05


Tree=67
num_leaves=31
num_cat=0
split_feature=12 22 18 1 11 17 17 18 17 5 21 12 5 11 17 1 25 24 17 21 5 3 4 5 27 14 21 14 11 14
split_gain=3.31585e-07 7.49263e-08 1.05898e-07 1.74444e-07 8.67988e-08 9.00744e-08 8.57966e-08 9.69006e-08 8.26786e-08 8.05964e-08 7.6872e-08 7.12453e-08 7.26263e-08 6.56357e-08 9.05989e-08 5.8156e-08 6.10926e-08 5.5548e-08 4.99911e-08 4.60045e-08 3.68361e-08 4.491e-08 2.66166e-08 5.98033e-08 1.04224e-07 6.30626e-08 3.95399e-08 8.56127e-08 4.74385e-08 2.59849e-08
threshold=-0.78656609248549292 370.50000000000006 0.00011291500000000001 378.10000000000008 22.243750000000002 0.98690601810995637 0.97425354138888143 0.00038342000000000004 1.0004624396259378 13.65 606.50000000000011 -0.25881904510252113 1.3500000000000003 20.309375000000006 0.8123719396940382 683.05000000000007 0.00018183043223926956 0.000512643531194239 0.67335323716304285 374.50000000000006 7.1500000000000012 24.450000000000003 36.500000000000007 6.0500000000000007 46.833333333333336 0.81925054981890411 7.5000000000000009 0.95998215779580554 17.609375000000004 0.46800856592688472
decision_type=2 2 2 2 2 2 2 2 2 2 2 2 2 2 2 2 2 2 2 2 2 2 2 2 2 2 2 2 2 2
left_child=1 2 3 4 5 -1 7 9 20 10 -3 12 -2 -4 18 16 -9 -17 -15 -16 29 -22 26 24 -24 -25 27 -14 -28 -8
right_child=11 6 13 -5 -6 -7 8 15 -10 -11 -12 -13 22 14 19 17 -18 -19 -20 -21 21 -23 23 25 -26 -27 28 -29 -30 -31
leaf_value=5.4464712960021169e-07 -2.8666513895814205e-06 -6.3491665040752798e-07 4.1227432973300898e-06 -3.5143215983216656e-06 2.1025161988642471e-06 -2.9160544028172808e-06 1.7093893438868692e-06 3.2509729542405034e-06 -1.4930226528952557e-06 8.9830666449112566e-07 -4.0840980779778742e-06 -2.8573106568228049e-07 4.5688486368099025e-07 1.6686966851021309e-06 4.1247408316849033e-06 -2.1598389646617131e-06 4.7836147746689151e-07 1.070605644703061e-07 -1.734616495067415e-07 1.8357668548674156e-06 2.2259649541685651e-06 -2.7360465260355297e-08 -4.1677996389056636e-06 -2.6710452359465683e-07 -3.203627635836407e-07 9.94525436207001e-07 -2.2326898033497854e-06 2.8477787368718146e-06 1.4530888043345223e-07 4.2276319921559972e-06
leaf_weight=314 20 30 24 26 88 20 20 22 23 24 35 4018 345 59 25 39 205 88 98 180 48 41 23 308 75 146 22 42 449 21
leaf_count=314 20 30 24 26 88 20 20 22 23 24 35 4018 345 59 25 39 205 88 98 180 48 41 23 308 75 146 22 42 449 21
internal_value=3.12882e-15 6.77621e-07 9.83577e-07 4.60596e-07 7.05497e-07 3.37419e-07 2.49488e-07 -1.03066e-07 1.27028e-06 -1.57788e-06 -2.49217e-06 -1.77863e-07 1.25223e-07 1.59056e-06 1.42268e-06 2.67721e-07 7.47073e-07 -5.89074e-07 5.18814e-07 2.11491e-06 1.75917e-06 1.18792e-06 1.67661e-07 -1.03178e-07 -1.22333e-06 1.38618e-07 3.41907e-07 7.16362e-07 3.42346e-08 2.99922e-06
internal_weight=6878 1430 834 448 422 334 596 443 153 89 65 5448 1430 386 362 354 227 127 157 205 130 89 1410 552 98 454 858 387 471 41
internal_count=6878 1430 834 448 422 334 596 443 153 89 65 5448 1430 386 362 354 227 127 157 205 130 89 1410 552 98 454 858 387 471 41
is_linear=0
shrinkage=0.05


Tree=68
num_leaves=31
num_cat=0
split_feature=12 15 15 15 15 15 15 15 12 0 15 14 14 14 20 0 14 14 11 11 14 1 24 13 3 14 15 4 7 14
split_gain=3.00916e-07 6.35306e-08 1.06223e-07 1.54279e-07 7.75243e-08 1.01733e-07 7.57624e-08 5.01594e-08 4.73013e-08 4.02204e-08 2.53042e-08 5.66039e-08 4.215e-08 8.66384e-08 3.29078e-08 2.73915e-08 2.21284e-08 2.64437e-08 2.34932e-08 4.93771e-08 2.34516e-08 1.74752e-08 7.54499e-09 5.42882e-09 1.15873e-08 8.99708e-09 1.64503e-08 8.13569e-09 3.792e-09 5.23757e-09
threshold=-0.70710678118654735 -0.99938741687870725 -0.97507822412530132 -0.96234030595689413 -0.90531874877253482 -0.8901731938066898 -0.93237865822738086 -0.99465740988130902 -0.25881904510252113 400.50000000000006 -0.73284120334876357 0.54219432480460406 0.23537774960157334 0.3504237462291826 0.00070488000000000007 459.50000000000006 0.93544191479114935 0.91596454896554913 13.681250000000002 26.481250000000003 -0.99630266176052629 636.45000000000016 6.5776629629400323e-05 0.98296291314453421 22.750000000000004 0.52766072109828632 -0.97507822412530132 64.500000000000014 7.2412960181902628 0.21862473630160603
decision_type=2 2 2 2 2 2 2 2 2 2 2 2 2 2 2 2 2 2 2 2 2 2 2 2 2 2 2 2 2 2
left_child=1 -1 7 -4 6 -6 -5 9 10 -3 11 12 14 -14 -2 -13 17 20 -18 -20 -12 22 -9 28 25 26 -25 -27 29 -10
right_child=8 2 3 4 5 -7 -8 21 23 -11 16 15 13 -15 -16 -17 18 -19 19 -21 -22 -23 -24 24 -26 27 -28 -29 -30 -31
leaf_value=-1.980846447698544e-06 9.4503404468511041e-07 2.0137579414180297e-06 -2.7406096422784762e-06 7.2593984303680232e-07 -2.7578859658206056e-06 5.2550681014976508e-07 3.3366378237550033e-06 2.4366167894107135e-06 -3.2938018136974277e-07 -8.9103958777834371e-07 1.0357056081922167e-06 3.5265338965473351e-06 -3.0134814303599863e-06 4.862302859010015e-07 -3.5231490853350674e-07 9.0969116001815579e-07 -7.487192209682138e-07 -1.8265255675942172e-06 1.9862994923869338e-06 6.1176282048001989e-09 -2.1716083227948013e-07 1.5340773989405335e-06 3.5840003061151185e-06 7.3922448772615716e-07 8.0474967055178074e-07 5.0422691973591409e-07 -7.0102640274415126e-07 -3.4859426243372129e-07 -2.9378620157102252e-07 6.4019567783081874e-07
leaf_weight=24 162 26 36 66 24 1386 48 23 30 22 40 20 28 48 70 20 33 24 50 85 564 23 38 24 34 67 114 48 3675 26
leaf_count=24 162 26 36 66 24 1386 48 23 30 22 40 20 28 48 70 20 33 24 50 85 564 23 38 24 34 67 114 48 3675 26
internal_value=-5.80325e-16 5.73604e-07 6.09837e-07 4.94597e-07 5.7102e-07 4.69619e-07 1.82518e-06 1.97176e-06 -1.90683e-07 6.82392e-07 9.29718e-08 4.48619e-07 2.18815e-07 -8.03137e-07 5.53593e-07 2.21811e-06 -6.25124e-08 -1.98865e-07 4.47186e-07 7.39518e-07 -1.3419e-07 2.70855e-06 3.15138e-06 -2.71445e-07 -6.18936e-08 -1.78359e-07 -4.50548e-07 1.48267e-07 -2.87564e-07 1.2078e-07
internal_weight=6878 1716 1692 1560 1524 1410 114 132 5162 48 1144 348 308 76 232 40 796 628 168 135 604 84 61 4018 287 253 138 115 3731 56
internal_count=6878 1716 1692 1560 1524 1410 114 132 5162 48 1144 348 308 76 232 40 796 628 168 135 604 84 61 4018 287 253 138 115 3731 56
is_linear=0
shrinkage=0.05


Tree=69
num_leaves=30
num_cat=0
split_feature=12 8 17 14 8 5 15 15 15 15 5 17 24 15 6 15 15 7 14 14 14 4 8 8 6 0 8 8 8
split_gain=2.73397e-07 7.06751e-08 6.35912e-08 1.29612e-07 6.16398e-08 6.22578e-08 5.95009e-08 6.3986e-08 2.21792e-07 4.01661e-08 5.31248e-08 9.70156e-08 4.44204e-08 3.98984e-08 3.44589e-08 3.1563e-08 5.15191e-08 2.88076e-08 1.99554e-08 1.5494e-07 5.30486e-08 1.38249e-08 1.08493e-08 7.45695e-09 6.03204e-09 4.1749e-09 2.15759e-09 2.01795e-09 2.59265e-09
threshold=-0.78656609248549292 258.44490064136215 0.99973502331467745 0.16799745313369893 222.25121069428295 1.2000000000000004 -0.99938741687870725 -0.97111920233974802 -0.96234030595689413 -0.25206183926700709 12.950000000000001 0.68891254589608042 0.00039560877816485312 -0.99465740988130902 8.7105000000000014e-05 0.080547328232315238 0.29958852271690523 129.04452365090586 0.21862473630160603 0.3504237462291826 0.036545658007091128 95.500000000000014 318.02681378379668 313.52670824671821 0.00039386000000000005 1000.5000000000001 0.43500081574669031 218.20996162009871 215.01485218476412
decision_type=2 2 2 2 2 2 2 2 2 2 2 2 2 2 2 2 2 2 2 2 2 2 2 2 2 2 2 2 2
left_child=1 9 6 -4 25 -6 -3 13 -9 -1 15 14 -13 -8 -12 24 -17 18 20 -20 -7 22 -19 -23 -11 26 -2 28 -28
right_child=4 2 3 -5 5 17 7 8 -10 10 11 12 -14 -15 -16 16 -18 21 19 -21 -22 23 -24 -25 -26 -27 27 -29 -30
leaf_value=-1.5485417572693093e-06 1.5814769942214062e-07 -1.7733486038196135e-06 1.7955858174900644e-06 -3.8286018945568466e-06 -2.6175825221722942e-06 2.8731635613145292e-07 6.4688945053958948e-07 -4.367306794392789e-06 9.6211412152442938e-07 2.5823037151440077e-06 -3.9038342823583994e-06 1.1140663602086183e-06 -9.4320363760144505e-07 2.7515301164720242e-06 -1.0722215794852932e-06 -9.9683291097107953e-07 8.8670033523426641e-07 2.0919921654041219e-07 -2.2533536086001052e-06 4.0012100990260113e-07 1.674007960647065e-06 -1.2370714374798342e-06 -2.3131686639301953e-07 -3.4536779343063988e-07 1.3542931878873787e-06 3.8247347440290018e-07 -2.8304607996659297e-07 -7.4930193250111188e-07 2.1802445556974049e-07
leaf_weight=35 28 20 20 21 21 434 32 20 817 20 22 65 44 76 21 48 149 250 63 434 82 37 317 64 20 24 3645 23 26
leaf_count=35 28 20 20 21 21 434 32 20 817 20 22 65 44 76 21 48 149 250 63 434 82 37 317 64 20 24 3645 23 26
internal_value=1.98417e-15 6.15299e-07 8.43501e-07 -1.0851e-06 -1.61505e-07 8.80042e-08 9.25441e-07 9.82559e-07 8.34768e-07 7.38578e-08 2.19832e-07 -5.09787e-07 2.83609e-07 2.12793e-06 -2.52095e-06 6.87773e-07 4.27768e-07 1.21804e-07 2.89887e-07 6.37651e-08 5.07682e-07 -1.33088e-07 -3.70858e-08 -6.72032e-07 1.9683e-06 -2.74869e-07 -2.79108e-07 -2.82422e-07 -2.79497e-07
internal_weight=6878 1430 1006 41 5448 1702 965 945 837 424 389 152 109 108 43 237 197 1681 1013 497 516 668 567 101 40 3746 3722 3694 3671
internal_count=6878 1430 1006 41 5448 1702 965 945 837 424 389 152 109 108 43 237 197 1681 1013 497 516 668 567 101 40 3746 3722 3694 3671
is_linear=0
shrinkage=0.05


Tree=70
num_leaves=22
num_cat=0
split_feature=8 15 15 15 21 17 4 27 7 22 15 15 21 23 21 8 21 7 2 15 27
split_gain=2.41103e-07 2.69e-07 1.30822e-07 2.05728e-07 1.09306e-07 8.14334e-08 5.36104e-08 4.93715e-08 3.51315e-08 4.22208e-08 2.03696e-08 1.31991e-08 7.19268e-09 7.1862e-09 4.98014e-09 9.09472e-09 4.30797e-09 1.57343e-08 4.16964e-09 2.95185e-09 1.38405e-10
threshold=236.497761277433 -0.99983123799342477 -0.97111920233974802 -0.96234030595689413 26.500000000000004 0.48563697628355668 99.500000000000014 0.50000000000000011 126.47564345848802 798.50000000000011 -0.99864786094873803 -0.99465740988130902 963.50000000000011 1000.5000000000001 894.50000000000011 218.20996162009871 759.50000000000011 41.452536805425432 148.50000000000003 0.35041260675351149 18.500000000000004
decision_type=2 2 2 2 2 2 2 2 2 2 2 2 2 2 2 2 2 2 2 2 2
left_child=12 -2 8 7 6 -6 -5 -4 9 10 -3 -11 13 14 16 18 19 -18 -16 -1 -10
right_child=1 2 3 4 5 -7 -8 -9 20 11 -12 -13 -14 -15 15 -17 17 -19 -20 -21 -22
leaf_value=-2.458198222585747e-07 -4.9295391770935261e-06 3.057375398973772e-06 -1.229984997569938e-06 9.2070328780876553e-08 1.4923355791268761e-06 4.6221018098703735e-07 -1.0347547446306531e-06 -4.4483160694907243e-06 -1.0047979562462691e-07 -5.1156852668062429e-07 1.687170487788959e-06 9.9399883414680768e-07 6.4552984533541102e-07 5.8392019877828715e-07 -7.1255669098491126e-07 -1.3443444809505916e-06 -2.1276400935350342e-07 9.4058595453482086e-07 2.5027501647934475e-07 -3.4946409858689256e-07 8.3306259455184777e-08
leaf_weight=2621 24 32 22 1079 231 1132 117 26 21 24 178 37 22 25 22 30 227 34 23 931 20
leaf_count=2621 24 32 22 1079 231 1132 117 26 21 24 178 37 22 25 22 30 227 34 23 931 20
internal_value=-2.28191e-15 3.42308e-07 3.85653e-07 2.69855e-07 3.30687e-07 6.36795e-07 -1.81626e-08 -2.97325e-06 1.35323e-06 1.5596e-06 1.89596e-06 4.01644e-07 -2.56013e-07 -2.61082e-07 -2.66516e-07 -6.70003e-07 -2.58579e-07 -6.25192e-08 -2.20443e-07 -2.72986e-07 -1.08281e-08
internal_weight=6878 2943 2919 2607 2559 1363 1196 48 312 271 210 61 3935 3913 3888 75 3813 261 45 3552 41
internal_count=6878 2943 2919 2607 2559 1363 1196 48 312 271 210 61 3935 3913 3888 75 3813 261 45 3552 41
is_linear=0
shrinkage=0.05


Tree=71
num_leaves=26
num_cat=0
split_feature=15 5 15 15 5 3 13 6 15 14 15 13 24 26 15 13 9 22 25 7 19 18 24 13 3
split_gain=1.18279e-07 7.33223e-08 6.79811e-08 8.79991e-08 6.97824e-08 4.92831e-08 1.13596e-07 8.63632e-08 3.93397e-08 1.90538e-07 1.2206e-07 3.12536e-08 6.6189e-08 6.69288e-08 2.68722e-08 2.38362e-08 4.38919e-08 1.5106e-08 1.15281e-08 3.37665e-09 2.4339e-09 4.33273e-09 2.11882e-09 4.56767e-10 3.64503e-10
threshold=-0.99983123799342477 13.250000000000002 -0.97111920233974802 -0.96234030595689413 10.450000000000001 20.050000000000004 -0.3794095225512602 8.7105000000000014e-05 -0.83849291496497236 0.51297097409535064 -0.73284120334876357 -0.78656609248549325 4.1675746900431494e-05 4.8644014565316344e-05 -0.99864786094873803 0.60355339059327384 -30.74403473591909 441.50000000000006 0.00024844827239407292 94.078794264647215 0.00081700000000000013 0.00077672500000000014 7.0575037346375674e-05 0.1294095225512602 28.950000000000003
decision_type=2 2 2 2 2 2 2 2 2 2 2 2 2 2 2 2 2 2 2 2 2 2 2 2 2
left_child=1 -1 11 4 -4 8 18 -8 9 -5 -10 20 15 22 -15 23 -17 19 -7 -6 21 24 -14 -13 -2
right_child=2 -3 3 5 17 6 7 -9 10 -11 -12 12 13 14 -16 16 -18 -19 -20 -21 -22 -23 -24 -25 -26
leaf_value=-4.3594206258405949e-07 -1.9206824413953339e-07 -4.3477242447806935e-06 -4.0070606809711697e-06 -2.3651436963794812e-07 2.4611169919808161e-07 2.6851901231696369e-07 2.9090567528717295e-07 1.3343954353731567e-06 1.1868700517838861e-06 -4.3252687227379738e-06 -1.5233381632851473e-07 -1.9033126971233486e-07 2.8930349549227687e-06 2.4352096943403012e-06 6.3194538607153123e-07 3.2481402162579015e-08 1.6475714350042726e-06 -1.7153245940854895e-06 -1.6289143805474737e-07 -6.1804120489429042e-07 -6.5428919633347964e-07 4.9974556395682161e-07 3.6208429946782418e-06 -3.8113177817484196e-07 -4.3707290444672256e-07
leaf_weight=23 63 25 22 260 20 175 739 271 180 32 3108 73 20 25 119 116 66 28 1345 26 22 25 20 55 20
leaf_count=23 63 25 22 260 20 175 739 271 180 32 3108 73 20 25 119 116 66 28 1345 26 22 25 20 55 20
internal_value=-1.9059e-15 -2.47333e-06 1.73821e-08 -3.26375e-08 -1.5347e-06 -9.03714e-09 1.59882e-07 5.70892e-07 -1.28413e-07 -6.84597e-07 -7.90197e-08 5.14852e-07 6.96377e-07 1.4476e-06 9.45012e-07 2.50488e-07 6.18173e-07 -7.99675e-07 -1.13222e-07 -2.42323e-07 -1.74942e-07 -7.72974e-08 3.25694e-06 -2.72316e-07 -2.51106e-07
internal_weight=6878 48 6830 6206 96 6110 2530 1010 3580 292 3288 624 494 184 144 310 182 74 1520 46 130 108 40 128 83
internal_count=6878 48 6830 6206 96 6110 2530 1010 3580 292 3288 624 494 184 144 310 182 74 1520 46 130 108 40 128 83
is_linear=0
shrinkage=0.05


Tree=72
num_leaves=31
num_cat=0
split_feature=12 19 3 18 1 24 20 6 27 27 18 8 1 18 1 18 1 20 11 15 15 15 15 9 4 6 19 19 9 21
split_gain=2.10355e-07 5.88719e-08 7.8821e-08 5.32379e-08 1.44375e-07 1.04733e-07 8.61019e-08 7.30052e-08 5.08772e-08 9.7758e-08 4.9696e-08 4.86831e-08 4.67585e-08 5.21011e-08 4.01666e-08 8.95748e-08 2.76805e-08 3.03817e-08 2.67629e-08 3.94512e-08 9.23226e-08 3.56586e-08 3.05131e-08 2.92427e-08 2.49683e-08 2.17991e-08 2.08699e-08 3.32366e-08 2.7741e-08 2.02378e-08
threshold=-0.78656609248549292 0.00026799000000000001 23.950000000000003 0.00015179500000000003 483.2000000000001 7.0575037346375674e-05 1.0235000000000001e-05 1.8685000000000005e-05 9.8333333333333339 18.833333333333339 0.00034754500000000005 222.25121069428295 775.1500000000002 0.00032354500000000006 470.65000000000003 0.0003181800000000001 820.00000000000011 0.00040433 19.806250000000002 -0.97507822412530132 -0.94137724084408114 -0.99864786094873803 -0.91249077947840473 -30.74403473591909 24.500000000000004 0.00023610500000000002 0.00055505500000000015 0.00059756000000000013 -40.631141452362918 963.50000000000011
decision_type=2 2 2 2 2 2 2 2 2 2 2 2 2 2 2 2 2 2 2 2 2 2 2 2 2 2 2 2 2 2
left_child=1 2 3 4 5 -1 -5 -8 10 -10 -3 -2 13 -11 24 -16 17 -12 19 21 -21 -13 -22 -23 -4 -17 28 -28 -20 -29
right_child=11 8 14 6 -6 -7 7 -9 9 12 16 18 -14 -15 15 25 -18 -19 26 20 22 23 -24 -25 -26 -27 27 29 -30 -31
leaf_value=1.0830287657342619e-07 -2.424138618428308e-07 2.9517855546146166e-06 1.9334672017922618e-06 3.5085810470865267e-06 -2.9625735254178246e-06 2.3783718584666734e-06 -1.7909406107736899e-06 9.7554812625115046e-07 -3.3242306092991693e-06 -2.7688310490248112e-06 1.6078293736740627e-06 -7.4962625238027696e-07 2.1822336577770329e-06 -3.8173427225027135e-08 -2.0852722070685557e-06 1.0046216948704039e-06 -9.3925933729873839e-07 1.4326985110672157e-07 -1.8358420880382201e-07 -2.6936885296890981e-06 1.8546306756661579e-06 5.7290251171642539e-07 -1.2019675259969335e-07 2.719921575911438e-06 3.8969826618995285e-06 2.7227488908465602e-06 -1.8895842531078828e-06 -1.8022367467342187e-07 7.7120078232001995e-07 8.192345303541515e-07
leaf_weight=366 3746 20 85 31 34 59 26 288 27 20 52 23 20 138 20 48 35 111 100 35 20 35 889 29 20 30 22 156 318 75
leaf_count=366 3746 20 85 31 34 59 26 288 27 20 52 23 20 138 20 48 35 111 100 35 20 35 889 29 20 30 22 156 318 75
internal_value=4.28903e-16 5.39717e-07 7.47644e-07 5.25367e-07 1.72626e-07 4.23442e-07 9.94665e-07 7.46476e-07 4.47225e-08 -5.20752e-07 5.76476e-07 -1.41666e-07 -9.55049e-08 -3.83826e-07 1.628e-06 8.99988e-07 3.36545e-07 6.10491e-07 8.00745e-08 -7.98773e-08 -1.73773e-07 9.38941e-07 -7.67462e-08 1.54577e-06 2.30747e-06 1.66544e-06 3.25842e-07 -3.25816e-08 5.42783e-07 1.44276e-07
internal_weight=6878 1430 1007 804 459 425 345 314 423 205 218 5448 178 158 203 98 198 163 1702 1031 944 87 909 64 105 78 671 253 418 231
internal_count=6878 1430 1007 804 459 425 345 314 423 205 218 5448 178 158 203 98 198 163 1702 1031 944 87 909 64 105 78 671 253 418 231
is_linear=0
shrinkage=0.05


Tree=73
num_leaves=22
num_cat=0
split_feature=8 15 24 1 0 2 23 15 4 24 27 15 15 0 8 8 0 0 11 23 2
split_gain=1.89963e-07 2.28143e-07 1.04659e-07 1.24639e-07 9.2959e-08 8.44256e-08 9.18487e-08 6.80648e-08 5.68331e-08 5.65355e-08 5.31632e-08 4.9328e-08 1.81687e-08 6.698e-09 5.23127e-09 8.74569e-09 1.69655e-08 4.31544e-08 1.73307e-08 4.60728e-09 3.23328e-09
threshold=244.03129762188402 -0.99983123799342477 1.3903243243243246e-05 413.45000000000005 173.50000000000003 7.5000000000000009 5.5000000000000009 -0.42958798411962301 99.500000000000014 0.00015556956963110944 1.0000000180025095e-35 -0.91249077947840473 -0.70289845916694649 1000.5000000000001 242.84748527535143 236.497761277433 595.50000000000011 411.50000000000006 50.196875000000013 997.50000000000011 277.50000000000006
decision_type=2 2 2 2 2 2 2 2 2 2 2 2 2 2 2 2 2 2 2 2 2
left_child=13 -2 5 10 -5 6 8 -7 -3 -6 12 -12 -4 14 15 19 17 -17 -18 20 -1
right_child=1 2 3 4 9 7 -8 -9 -10 -11 11 -13 -14 -15 -16 16 18 -19 -20 -21 -22
leaf_value=-2.4293122304385307e-07 -4.5376932083248301e-06 2.0933936517836242e-07 2.1439025204017526e-06 -3.0391089535442009e-06 -1.2450442914276515e-06 -3.8206305895261633e-08 3.3694787816784811e-06 -3.4352221276397666e-06 -8.9238939637859005e-07 5.2878491196737899e-07 2.4358520456119621e-06 9.2542010751804678e-07 4.0649763559486023e-06 5.5240279124291196e-07 -9.1724236797206151e-07 -3.5893689954491491e-07 -1.5144892477976447e-06 2.5565589701479689e-06 3.1239280718321039e-07 4.3222578741418923e-07 4.7960012335231432e-08
leaf_weight=3784 24 1369 32 20 48 29 22 30 128 700 65 321 20 28 27 30 21 22 34 26 98
leaf_count=3784 24 1369 32 20 48 29 22 30 128 700 65 321 20 28 27 30 21 22 34 26 98
internal_value=-2.07066e-15 3.16353e-07 3.58198e-07 7.08872e-07 3.25007e-07 9.01924e-08 1.6227e-07 -1.7655e-06 1.15137e-07 4.14956e-07 1.38195e-06 1.17977e-06 2.88278e-06 -2.1826e-07 -2.23599e-07 -2.18934e-07 2.2704e-07 8.74542e-07 -3.85144e-07 -2.31145e-07 -2.35588e-07
internal_weight=6878 2808 2784 1206 768 1578 1519 59 1497 748 438 386 52 4070 4042 4015 107 52 55 3908 3882
internal_count=6878 2808 2784 1206 768 1578 1519 59 1497 748 438 386 52 4070 4042 4015 107 52 55 3908 3882
is_linear=0
shrinkage=0.05


Tree=74
num_leaves=31
num_cat=0
split_feature=12 25 18 23 27 3 24 6 23 27 3 22 0 3 0 15 27 8 3 25 4 4 7 3 7 3 7 4 3 15
split_gain=1.72355e-07 5.98929e-08 1.03049e-07 7.51657e-08 9.9044e-08 1.32494e-07 1.19631e-07 7.19982e-08 6.27625e-08 1.15311e-07 4.89194e-08 5.09914e-08 8.41999e-08 4.35123e-08 4.21788e-08 4.20293e-08 8.00155e-08 3.94368e-08 3.69163e-08 2.85317e-08 2.4367e-08 5.29113e-08 1.19565e-07 9.15504e-08 7.04352e-08 5.20134e-08 3.4859e-08 3.14947e-08 2.82608e-08 4.76811e-08
threshold=-0.78656609248549292 0.00011825773742662896 0.00023610500000000002 194.50000000000003 93.833333333333357 19.150000000000002 7.0575037346375674e-05 9.0690000000000014e-05 211.50000000000003 22.166666666666668 20.150000000000002 646.50000000000011 685.50000000000011 19.250000000000004 370.50000000000006 0.097680735332368748 66.166666666666671 222.25121069428295 19.050000000000004 9.7795736268598303e-05 36.500000000000007 55.500000000000007 117.21687905931778 17.450000000000003 117.21687905931778 19.350000000000005 123.7421259816571 26.500000000000004 16.550000000000004 -0.33426211444629356
decision_type=2 2 2 2 2 2 2 2 2 2 2 2 2 2 2 2 2 2 2 2 2 2 2 2 2 2 2 2 2 2
left_child=1 2 3 4 6 -6 -1 -3 -5 -10 15 14 -13 -4 -12 18 -17 -2 -9 -15 27 22 23 -22 25 -23 -24 28 29 -19
right_child=17 7 13 8 5 -7 -8 10 9 -11 11 12 -14 19 -16 16 -18 20 -20 -21 21 24 26 -25 -26 -27 -28 -29 -30 -31
leaf_value=4.5414242907301359e-07 -2.1891040292571606e-07 -2.7506341352602164e-06 8.0805736256836245e-07 -2.7718814831602908e-06 6.1212660208790727e-07 -3.8712356399628339e-06 2.1509576186725942e-06 1.5846468417733157e-06 2.7943206710599206e-06 -1.8782715521352189e-06 -7.1770453626125277e-07 -2.4252020074931759e-06 3.3452999842000156e-07 3.0748130848531072e-06 9.917395084565583e-07 -3.1143758320695272e-06 2.9420442150363999e-07 -1.5393857067681806e-06 -1.0977166292160173e-06 9.4634658637460239e-07 -5.1618528649062988e-06 1.815187744678783e-06 1.7896640956264904e-06 -1.0485083105176009e-06 -3.102702962436702e-07 2.2113515103391809e-08 -4.3304565772385186e-07 1.0678930539391728e-06 2.8438496964033016e-07 1.0904020947085276e-07
leaf_weight=343 3746 21 51 29 45 26 149 29 23 31 41 36 119 74 301 36 33 62 23 20 24 84 22 31 348 78 89 100 714 150
leaf_count=343 3746 21 51 29 45 26 149 29 23 31 41 36 119 74 301 36 33 62 23 20 24 84 22 31 348 78 89 100 714 150
internal_value=1.60622e-15 4.88541e-07 7.7938e-07 5.09002e-07 7.16087e-07 -1.02967e-06 9.68015e-07 1.28521e-07 -8.95682e-07 1.11907e-07 2.26356e-07 4.45854e-07 -3.0644e-07 1.98396e-06 7.86806e-07 -6.75219e-07 -1.48419e-06 -1.28233e-07 3.98217e-07 2.62195e-06 7.13421e-08 -1.61731e-07 -9.37088e-07 -2.84342e-06 9.06403e-08 9.51856e-07 7.49141e-09 2.24907e-07 1.33871e-07 -3.73047e-07
internal_weight=6878 1430 791 646 563 71 492 639 83 54 618 497 155 145 342 121 69 5448 52 94 1702 676 166 55 510 162 111 1026 926 212
internal_count=6878 1430 791 646 563 71 492 639 83 54 618 497 155 145 342 121 69 5448 52 94 1702 676 166 55 510 162 111 1026 926 212
is_linear=0
shrinkage=0.05


Tree=75
num_leaves=23
num_cat=0
split_feature=8 15 15 15 9 14 14 4 12 1 15 24 3 15 0 8 8 0 0 25 23 2
split_gain=1.56268e-07 2.05367e-07 9.07401e-08 1.80306e-07 8.24754e-08 7.58048e-08 5.2242e-08 4.66553e-08 3.14279e-08 2.50099e-08 2.85377e-08 2.41257e-08 6.16808e-09 7.72065e-09 5.98832e-09 4.87953e-09 7.16871e-09 1.52075e-08 3.84214e-08 1.61376e-08 4.1412e-09 2.82394e-09
threshold=244.03129762188402 -0.99983123799342477 -0.97111920233974802 -0.96234030595689413 -15.767630539405166 -0.94139628442229062 0.23537774960157334 36.500000000000007 -0.5 578.05000000000007 -0.99465740988130902 5.8171020556690697e-05 18.350000000000005 -0.99273797715557011 1000.5000000000001 242.84748527535143 236.497761277433 595.50000000000011 411.50000000000006 0.00046965724048611941 997.50000000000011 277.50000000000006
decision_type=2 2 2 2 2 2 2 2 2 2 2 2 2 2 2 2 2 2 2 2 2 2
left_child=14 -2 8 6 7 -6 -4 -5 9 11 -11 -3 -10 -14 15 16 20 18 -18 -19 21 -1
right_child=1 2 3 4 5 -7 -8 -9 12 10 -12 -13 13 -15 -16 -17 17 19 -20 -21 -22 -23
leaf_value=-2.2063198722465126e-07 -4.3184598245223552e-06 1.2602999780486961e-06 -1.1159662575850731e-06 2.777766682346524e-07 -4.6163395122419159e-07 7.2127658588719148e-07 -4.489165368681825e-06 -3.4812537961953064e-07 1.0113308979769851e-06 -3.6289857341387233e-07 1.5568708358749025e-06 2.6396525503864947e-06 -3.6627766129575845e-07 6.629996869453169e-07 5.3073407753702535e-07 -8.7292469035876115e-07 -3.4556781315586708e-07 -1.507325918055358e-06 2.4054035861809101e-06 2.7309344342743968e-07 4.1936561103739226e-07 5.1222876287951929e-08
leaf_weight=3784 24 66 22 645 155 1073 24 553 31 32 49 61 35 38 28 27 30 20 22 35 26 98
leaf_count=3784 24 66 22 645 155 1073 24 553 31 32 49 61 35 38 28 27 30 20 22 35 26 98
internal_value=1.28251e-15 2.86928e-07 3.26629e-07 2.25218e-07 2.84019e-07 5.71968e-07 -2.8759e-06 -1.11414e-08 1.13012e-06 1.48496e-06 7.98443e-07 1.92282e-06 4.20438e-07 1.69511e-07 -1.97959e-07 -2.03007e-07 -1.98502e-07 2.05267e-07 8.18305e-07 -3.74332e-07 -2.09557e-07 -2.13769e-07
internal_weight=6878 2808 2784 2472 2426 1228 46 1198 312 208 81 127 104 73 4070 4042 4015 107 52 55 3908 3882
internal_count=6878 2808 2784 2472 2426 1228 46 1198 312 208 81 127 104 73 4070 4042 4015 107 52 55 3908 3882
is_linear=0
shrinkage=0.05


Tree=76
num_leaves=23
num_cat=0
split_feature=8 15 14 14 14 15 17 14 14 14 14 15 14 15 9 21 23 14 8 8 8 8
split_gain=1.41032e-07 1.85344e-07 8.20839e-08 1.6233e-07 1.23934e-07 1.44342e-07 1.22774e-07 7.70521e-08 1.8542e-07 7.14749e-08 6.92695e-08 6.49829e-08 9.75237e-08 6.02406e-08 5.40754e-08 7.50287e-09 4.99755e-09 4.4956e-09 1.45838e-08 1.35106e-08 4.4958e-09 7.62771e-12
threshold=244.03129762188402 -0.99983123799342477 -0.94139628442229062 -0.98214942551678475 0.21862473630160603 -0.93237865822738086 0.9999486178193403 -0.95995996396290595 -0.96689237009891416 -0.91978325482952472 0.31799963745711152 0.13185577213185923 -0.99630266176052629 -0.29342786347392819 -36.595518766941346 981.50000000000011 997.50000000000011 -0.99866806308218525 242.84748527535143 181.91807799644863 236.497761277433 68.748850908163874
decision_type=2 2 2 2 2 2 2 2 2 2 2 2 2 2 2 2 2 2 2 2 2 2
left_child=15 -2 3 11 9 10 -7 8 -5 -4 -6 12 -3 -9 -11 16 17 19 20 21 -19 -1
right_child=1 2 4 7 5 6 -8 13 -10 14 -12 -13 -14 -15 -16 -17 -18 18 -20 -21 -22 -23
leaf_value=-2.2137504629426985e-07 -4.1025368759051167e-06 1.4075649080112556e-06 3.3043435944913153e-06 -1.1725189463639236e-06 -9.7110626993628871e-07 3.1616520501174509e-07 -3.4485625540334944e-06 -1.9795175500416077e-06 -6.2082773865768111e-06 4.451989384918056e-08 -4.0728421225821881e-06 3.0035455570972166e-06 -1.054796388626318e-06 1.2050560416575921e-06 9.8329445554557866e-07 7.5458957499428107e-07 4.198442625961847e-07 -2.0780768288814686e-07 -1.5203237407625975e-06 1.196867701727787e-06 1.3349448190730081e-07 -1.8504074957420997e-07
leaf_weight=20 24 83 29 68 72 1385 22 27 25 195 24 24 78 33 719 21 33 3801 21 23 99 52
leaf_count=20 24 83 29 68 72 1385 22 27 25 195 24 24 78 33 719 21 33 3801 21 23 99 52
internal_value=-1.62375e-15 2.72581e-07 3.10298e-07 -4.20058e-07 4.11222e-07 1.2931e-07 2.573e-07 -1.62496e-06 -2.52622e-06 8.60547e-07 -1.74654e-06 5.76426e-07 2.1462e-07 -2.28002e-07 7.83009e-07 -1.88061e-07 -1.9295e-07 -1.97985e-07 -2.0622e-07 1.41877e-07 -1.99144e-07 -1.95134e-07
internal_weight=6878 2808 2784 338 2446 1503 1407 153 93 943 96 185 161 60 914 4070 4049 4016 3921 95 3900 72
internal_count=6878 2808 2784 338 2446 1503 1407 153 93 943 96 185 161 60 914 4070 4049 4016 3921 95 3900 72
is_linear=0
shrinkage=0.05


Tree=77
num_leaves=29
num_cat=0
split_feature=12 17 22 6 17 17 5 5 27 15 3 19 12 5 15 14 5 27 14 19 9 14 13 3 14 7 13 14
split_gain=1.32047e-07 5.81802e-08 5.92029e-08 1.43365e-07 9.09657e-08 6.98379e-08 6.46083e-08 7.72886e-08 9.56808e-08 5.97173e-08 4.75826e-08 3.84468e-08 2.75864e-08 5.87132e-08 3.44784e-08 7.20067e-08 2.27283e-08 4.1472e-08 3.94497e-08 1.49761e-08 2.71287e-09 4.16958e-09 2.18095e-09 9.30301e-09 7.5727e-09 2.14347e-09 2.8986e-09 1.00552e-09
threshold=-0.78656609248549292 1.0101803279037567 370.50000000000006 8.7105000000000014e-05 0.96562891895721226 0.94641258130548922 18.650000000000002 9.3500000000000032 99.500000000000014 0.27487873330147788 14.950000000000001 0.00056118500000000018 -0.25881904510252113 1.3500000000000003 0.91245913578114801 0.31799963745711152 13.450000000000001 21.833333333333339 0.78857998149907527 0.00043496500000000005 82.938559294973601 0.21862473630160603 0.98296291314453421 23.150000000000002 0.83849049182116964 132.76463360824081 0.91597561503675351 0.93237596376505805
decision_type=2 2 2 2 2 2 2 2 2 2 2 2 2 2 2 2 2 2 2 2 2 2 2 2 2 2 2 2
left_child=1 2 6 -4 5 -5 7 9 -9 -1 -8 -6 13 -2 16 19 18 -18 -15 -16 22 -22 25 24 -24 26 -14 -27
right_child=12 -3 3 4 11 -7 10 8 -10 -11 -12 -13 20 14 15 -17 17 -19 -20 -21 21 -23 23 -25 -26 27 -28 -29
leaf_value=3.807294540630598e-08 -2.6137200455877975e-06 -1.8713720944813555e-06 -3.6167764044421349e-06 1.2526224360956658e-07 1.5575888194952319e-06 -1.7037042494947737e-06 -2.7966167809132632e-06 1.6483370706461237e-06 -1.5049062458143244e-06 1.3799695785453146e-06 2.8589719708208812e-07 -5.0191913179749767e-07 -1.8463684316469169e-07 2.326304128809114e-07 8.6154670447225564e-07 -2.83213270752943e-06 1.0490475427998309e-06 1.7841884627500805e-08 -5.1425457967265542e-07 -8.3670505059022354e-07 -2.3529144073108911e-07 6.4584676158574439e-07 -3.091104921615758e-07 7.6664146439314574e-07 3.1569087594308398e-07 -2.4694989214242896e-07 1.3863012597275836e-07 -4.0521920927858449e-07
leaf_weight=304 20 27 25 330 141 62 21 322 26 114 31 27 2972 696 34 30 182 210 237 21 29 25 191 31 65 509 71 125
leaf_count=304 20 27 25 330 141 62 21 322 26 114 31 27 2972 696 34 30 182 210 237 21 29 25 191 31 65 509 71 125
internal_value=5.20601e-17 4.27616e-07 4.71858e-07 8.77875e-08 2.5317e-07 -1.64013e-07 7.4653e-07 8.62308e-07 1.41275e-06 4.04045e-07 -9.58964e-07 1.2266e-06 -1.12241e-07 7.63561e-08 1.14513e-07 -8.61673e-07 1.77137e-07 4.96616e-07 4.29072e-08 2.13123e-07 -1.79363e-07 1.72643e-07 -1.84158e-07 -5.14088e-08 -1.5047e-07 -1.94519e-07 -1.77094e-07 -2.78154e-07
internal_weight=6878 1430 1403 585 560 392 818 766 348 418 52 168 5448 1430 1410 85 1325 392 933 55 4018 54 3964 287 256 3677 3043 634
internal_count=6878 1430 1403 585 560 392 818 766 348 418 52 168 5448 1430 1410 85 1325 392 933 55 4018 54 3964 287 256 3677 3043 634
is_linear=0
shrinkage=0.05


Tree=78
num_leaves=28
num_cat=0
split_feature=12 17 3 17 17 25 6 27 5 6 17 24 8 5 9 2 27 8 11 8 9 3 23 9 16 8 18
split_gain=1.19172e-07 5.27458e-08 9.30122e-08 6.0042e-08 1.40321e-07 8.43242e-08 7.62178e-08 7.26942e-08 7.10823e-08 9.16464e-08 6.36945e-08 6.11383e-08 2.50101e-08 5.08179e-08 1.98471e-08 1.94316e-08 1.85503e-08 4.86112e-08 4.52917e-08 8.8066e-09 1.06987e-08 6.97986e-09 3.68107e-09 2.46326e-09 1.89256e-09 1.86151e-09 1.30601e-09
threshold=-0.78656609248549292 0.99973502331467745 21.250000000000004 0.96184562241374971 0.95066743866435932 0.00016970745751834578 0.00019982000000000002 25.500000000000004 7.0500000000000007 3.0185e-05 0.95562795574651349 0.0004717663543862998 226.39009706154982 1.2000000000000004 -39.510171777870084 90.500000000000014 77.500000000000014 300.89941900934707 17.406250000000004 340.62047025378274 -41.059870901485169 24.850000000000005 1000.5000000000001 -41.059870901485169 1028.7600000000002 0.43500081574669031 0.00079298500000000007
decision_type=2 2 2 2 2 2 2 2 2 2 2 2 2 2 2 2 2 2 2 2 2 2 2 2 2 2 2
left_child=1 3 -3 4 5 7 -7 -1 15 -10 -6 -11 22 -14 19 -5 18 -18 -16 20 -15 -17 24 -21 25 -2 -27
right_child=12 2 -4 8 10 6 -8 -9 9 11 -12 -13 13 14 16 21 17 -19 -20 23 -22 -23 -24 -25 -26 26 -28
leaf_value=1.2577264705537524e-06 2.213185872790291e-07 -3.728400987971067e-06 5.0385863232804699e-07 3.8347360487023252e-06 -4.3502958669705546e-06 -2.4965882540996203e-06 3.5475021990651938e-08 2.7386107982126783e-07 -2.5299129561062731e-06 2.141416527012195e-06 -8.7973535213537761e-07 8.0108490863040066e-08 -2.3897662139288082e-06 4.4124210419574203e-08 -4.1584898255974369e-07 1.2969146337127313e-06 7.0455158776601478e-08 1.9721164744186566e-06 3.7422194877952585e-07 -5.2036572958719724e-07 -8.6393519463204675e-07 2.5393404275046823e-06 4.3934159066338907e-07 4.7684556521558496e-08 2.4324195526158013e-07 -1.848785818647841e-07 -4.7952070743624639e-07
leaf_weight=357 28 21 34 21 20 33 299 396 20 70 39 74 21 443 260 20 95 52 600 144 35 26 24 22 26 3660 38
leaf_count=357 28 21 34 21 20 33 299 396 20 70 39 74 21 443 260 20 95 52 600 144 35 26 24 22 26 3660 38
internal_value=2.86327e-16 4.06235e-07 -1.1121e-06 4.66968e-07 3.18498e-07 4.47629e-07 -2.16206e-07 7.40315e-07 1.20225e-06 6.4164e-07 -2.0562e-06 1.08213e-06 -1.06629e-07 5.43638e-08 8.54521e-08 2.57449e-06 2.24087e-07 7.43152e-07 1.35363e-07 -1.31327e-07 -2.23655e-08 1.99916e-06 -1.77916e-07 -4.45082e-07 -1.81865e-07 -1.84831e-07 -1.87906e-07
internal_weight=6878 1430 55 1375 1144 1085 332 753 231 164 59 144 5448 1672 1651 67 1007 147 860 644 478 46 3776 166 3752 3726 3698
internal_count=6878 1430 55 1375 1144 1085 332 753 231 164 59 144 5448 1672 1651 67 1007 147 860 644 478 46 3776 166 3752 3726 3698
is_linear=0
shrinkage=0.05


Tree=79
num_leaves=31
num_cat=0
split_feature=12 17 18 14 22 6 14 17 5 5 27 7 15 14 15 8 5 15 14 14 14 8 7 8 18 7 12 9 14 8
split_gain=1.07553e-07 5.1172e-08 1.43766e-07 9.16707e-08 5.9739e-08 1.65228e-07 1.45049e-07 7.47391e-08 5.80011e-08 9.4023e-08 5.21768e-08 9.96938e-08 3.88527e-08 3.69267e-08 3.34838e-08 2.25922e-08 4.56261e-08 2.17784e-08 6.11599e-08 2.20984e-08 9.1347e-08 2.05571e-08 1.68536e-08 3.44693e-08 1.7952e-08 1.2657e-08 4.01904e-09 2.44913e-09 3.57753e-09 1.64254e-09
threshold=-0.78656609248549292 0.48563697628355668 1.1550000000000001e-05 0.83849049182116964 213.50000000000003 5.9025000000000005e-05 0.31799963745711152 0.96562891895721226 17.050000000000004 9.3500000000000032 53.833333333333336 94.751506778066911 -0.26867065956352881 0.98372640911059162 0.72100388094302625 215.01485218476412 1.2000000000000004 0.91245913578114801 0.31799963745711152 -0.95995996396290595 -0.98214942551678475 342.23210573242926 102.06946121046911 265.67311376027436 7.3650000000000006e-06 148.82659488268874 -0.5 82.938559294973601 0.21862473630160603 0.43500081574669031
decision_type=2 2 2 2 2 2 2 2 2 2 2 2 2 2 2 2 2 2 2 2 2 2 2 2 2 2 2 2 2 2
left_child=1 3 12 10 8 6 -6 -7 9 -4 22 -12 -3 -5 -13 26 -17 19 25 20 -18 -21 24 -24 -1 -19 -2 29 -29 -28
right_child=15 2 4 13 5 7 -8 -9 -10 -11 11 14 -14 -15 -16 16 17 18 -20 21 -22 -23 23 -25 -26 -27 27 28 -30 -31
leaf_value=3.1533702099295627e-06 -6.830736645132388e-07 -1.0973553081666545e-06 3.4813660723626144e-07 4.095101093267219e-06 -9.3140832697307432e-09 -3.912310323481797e-08 -5.8860035876153106e-06 1.0944570367734972e-06 -1.3368097825150472e-06 1.9666664266316271e-06 1.8587969075648897e-06 -3.0809960953774863e-06 -4.1388437325838911e-06 1.4437123830646216e-06 -4.9318741548631812e-07 -2.2702778951930842e-06 4.1125714024954538e-07 1.2134010755524763e-06 -2.5221025589416966e-06 2.456368195894881e-07 -2.0960143248513225e-06 -3.1373616873803841e-07 1.974424750983417e-06 -5.2941753286480278e-07 1.0348802925363998e-06 -3.3487443474631154e-07 2.1025265665005781e-07 -2.0983138681615324e-07 6.0635507315964793e-07 -1.7420161484230723e-07
leaf_weight=20 38 21 215 29 21 519 21 202 28 154 30 25 21 24 25 21 107 22 30 1300 55 188 28 27 20 33 28 29 25 3572
leaf_count=20 38 21 215 29 21 519 21 202 28 154 30 25 21 24 25 21 107 22 30 1300 55 188 28 27 20 33 28 29 25 3572
internal_value=6.47836e-16 3.85923e-07 2.55656e-07 1.07268e-06 3.59706e-07 1.00883e-07 -2.94766e-06 2.78468e-07 8.57142e-07 1.02362e-06 5.20937e-07 -4.19884e-07 -2.6181e-06 2.89447e-06 -1.78709e-06 -1.01298e-07 4.63407e-08 7.43805e-08 -7.06107e-07 1.14587e-07 -4.39977e-07 1.74963e-07 1.31321e-06 7.45266e-07 2.09413e-06 2.84436e-07 -1.71518e-07 -1.66198e-07 1.68033e-07 -1.71211e-07
internal_weight=6878 1430 1202 228 1160 763 42 721 397 369 175 80 42 53 50 5448 1756 1735 85 1650 162 1488 95 55 40 55 3692 3654 54 3600
internal_count=6878 1430 1202 228 1160 763 42 721 397 369 175 80 42 53 50 5448 1756 1735 85 1650 162 1488 95 55 40 55 3692 3654 54 3600
is_linear=0
shrinkage=0.05


Tree=80
num_leaves=23
num_cat=0
split_feature=8 15 14 14 27 14 14 15 17 27 14 8 12 0 12 21 8 6 8 16 21 27
split_gain=9.84087e-08 1.69149e-07 7.27567e-08 1.41672e-07 1.13634e-07 2.36724e-07 1.00793e-07 1.30394e-07 8.33517e-08 7.63817e-08 1.17204e-07 6.61227e-08 6.40747e-08 7.3494e-08 1.28947e-08 6.08071e-09 5.14736e-09 1.50976e-08 1.10037e-08 4.06644e-09 3.92285e-09 2.08718e-09
threshold=244.03129762188402 -0.99983123799342477 -0.94139628442229062 -0.98214942551678475 1.1666666666666667 -0.99630266176052629 0.21862473630160603 -0.96234030595689413 0.9999486178193403 2.5000000000000004 -0.96463499255812291 280.6814860278937 -0.70710678118654735 427.50000000000006 0.12940952255126045 981.50000000000011 241.47447747126355 0.00042753500000000005 239.78407604440201 1028.7600000000002 894.50000000000011 27.833333333333339
decision_type=2 2 2 2 2 2 2 2 2 2 2 2 2 2 2 2 2 2 2 2 2 2
left_child=15 -2 3 4 5 -3 12 -8 -9 -5 -11 -6 13 -4 -14 16 18 -18 19 20 -1 -21
right_child=1 2 6 9 11 -7 7 8 -10 10 -12 -13 14 -15 -16 -17 17 -19 -20 21 -22 -23
leaf_value=-1.5933391650517945e-07 -3.9519038582606452e-06 1.7124224050348859e-06 1.5699449404635226e-06 4.2858544727120746e-07 2.4243926601583453e-06 -5.3990323398135269e-06 -2.8684085969467158e-06 2.2503102477242886e-07 -2.808824406795042e-06 -7.9712531337670285e-07 -4.0064478876047358e-06 2.271197801727946e-07 4.533177513275032e-07 2.9101846508066979e-07 -2.3304813564947572e-07 6.915286359712593e-07 -1.4675689739205054e-06 2.7569643881851452e-07 9.1220831729780611e-07 -3.1816044554489055e-08 -5.0077953930408624e-07 6.8188705908834802e-07
leaf_weight=3848 24 25 339 37 63 22 36 1444 23 66 50 75 351 168 85 21 27 23 24 20 86 21
leaf_count=3848 24 25 339 37 63 22 36 1444 23 66 50 75 351 168 85 21 27 23 24 20 86 21
internal_value=-1.20279e-15 2.27695e-07 2.63726e-07 -4.23883e-07 5.07041e-07 -1.61634e-06 3.58744e-07 1.0451e-07 1.77465e-07 -1.54951e-06 -2.18045e-06 1.23022e-06 7.63953e-07 1.14616e-06 3.19508e-07 -1.57093e-07 -1.61494e-07 -6.65667e-07 -1.55191e-07 -1.61635e-07 -1.66798e-07 3.33739e-07
internal_weight=6878 2808 2784 338 185 47 2446 1503 1467 153 116 138 943 507 436 4070 4049 50 3999 3975 3934 41
internal_count=6878 2808 2784 338 185 47 2446 1503 1467 153 116 138 943 507 436 4070 4049 50 3999 3975 3934 41
is_linear=0
shrinkage=0.05


Tree=81
num_leaves=26
num_cat=0
split_feature=12 17 25 17 6 11 11 0 17 5 2 1 5 2 21 5 12 12 15 15 25 9 15 7 6
split_gain=8.98407e-08 4.66199e-08 4.68815e-08 8.32317e-08 9.75547e-08 6.11811e-08 6.70327e-08 5.45965e-08 3.95429e-08 3.45237e-08 3.95305e-08 3.35137e-08 3.34896e-08 3.10038e-08 2.12005e-08 1.36317e-08 2.40417e-08 1.85397e-08 2.72735e-08 6.02415e-08 3.05996e-08 2.18068e-09 3.02631e-09 1.97341e-09 3.71084e-12
threshold=-0.78656609248549292 1.0101803279037567 0.00021247959199887707 0.96562891895721226 0.00020346500000000003 35.51250000000001 34.66875000000001 396.50000000000006 0.95357648064688838 8.1500000000000004 124.50000000000001 821.60000000000014 6.5500000000000007 105.50000000000001 1000.5000000000001 1.2000000000000004 0.12940952255126045 -0.25881904510252113 0.91245913578114801 0.94975093725139803 0.00050204950403098553 82.938559294973601 -0.96234030595689413 142.7861645084927 7.3650000000000006e-06
decision_type=2 2 2 2 2 2 2 2 2 2 2 2 2 2 2 2 2 2 2 2 2 2 2 2 2
left_child=1 2 5 4 -4 6 7 -1 -6 10 -5 -11 -7 -14 15 16 -2 18 20 -20 -17 23 -23 -19 -18
right_child=14 -3 3 9 8 12 -8 -9 -10 11 -12 -13 13 -15 -16 17 24 21 19 -21 -22 22 -24 -25 -26
leaf_value=5.8916679818192982e-07 -2.2648990898233026e-06 -1.7052331073770162e-06 -3.6237583651160571e-06 3.4476521218493876e-06 -3.4152154485900433e-08 3.4045432523105938e-06 -2.2862558125780198e-06 -1.6199117924080731e-06 -1.9540426986471479e-06 1.2128548857188233e-06 5.4159697397567053e-07 -7.4060291141806277e-07 2.7304834588903759e-06 7.1978638584291174e-07 1.0690018295160068e-06 2.6535410181409631e-07 -1.7424406564714445e-07 -1.3808037364069226e-07 -2.6036914533733581e-06 1.8169440194655679e-07 -2.952380244902197e-07 -1.4189597461466973e-07 6.1989800211780348e-07 -2.4553632990270417e-07 -1.4448602727994016e-07
leaf_weight=787 20 27 23 25 253 22 22 29 30 54 22 37 26 73 39 961 20 3433 30 55 326 32 22 488 22
leaf_count=787 20 27 23 25 253 22 22 29 30 54 22 37 26 73 39 961 20 3433 30 55 326 32 22 488 22
internal_value=1.98437e-16 3.52717e-07 3.92321e-07 -3.24548e-08 -4.92184e-07 5.88984e-07 4.37231e-07 5.10658e-07 -2.37674e-07 9.86944e-07 2.08737e-06 4.18592e-07 1.63997e-06 1.24785e-06 -9.25817e-08 -1.00957e-07 -8.3809e-07 -9.24097e-08 6.60642e-08 -8.01383e-07 1.23355e-07 -1.47108e-07 1.68465e-07 -1.51454e-07 -1.58657e-07
internal_weight=6878 1430 1403 444 306 959 838 816 283 138 47 91 121 99 5448 5409 62 5347 1372 85 1287 3975 54 3921 42
internal_count=6878 1430 1403 444 306 959 838 816 283 138 47 91 121 99 5448 5409 62 5347 1372 85 1287 3975 54 3921 42
is_linear=0
shrinkage=0.05


Tree=82
num_leaves=31
num_cat=0
split_feature=12 14 14 4 14 14 20 14 14 11 14 14 14 21 21 8 27 3 14 4 14 26 2 0 2 8 20 16 14 21
split_gain=8.10812e-08 4.01463e-08 3.17634e-07 1.72105e-07 6.09199e-08 7.56178e-08 5.36286e-08 5.1135e-08 5.57574e-08 3.72693e-08 4.70025e-08 3.08403e-08 2.62343e-08 2.49921e-08 1.91638e-08 1.51534e-08 2.89732e-08 6.33295e-08 2.43446e-08 8.64108e-08 2.71066e-08 1.48666e-08 1.06953e-08 1.71537e-08 1.11208e-08 8.35729e-09 4.4233e-09 2.96125e-09 4.32787e-09 3.16817e-09
threshold=-0.78656609248549292 -0.95244167294248061 -0.96463499255812291 1.0000000180025095e-35 -0.10088855117215338 1.0000000180025095e-35 5.6230000000000002e-05 0.16799745313369893 0.26866988313759588 21.903125000000003 -0.98523971305672675 -0.23641503605938965 -0.90574346089748803 403.50000000000006 997.50000000000011 263.47423577758337 99.833333333333357 18.050000000000004 0.9916835347852474 25.500000000000004 0.93544191479114935 6.7179256805556409e-05 50.500000000000007 12.500000000000002 72.500000000000014 258.44490064136215 0.00067396000000000003 1028.7600000000002 0.69056404122701587 960.50000000000011
decision_type=2 2 2 2 2 2 2 2 2 2 2 2 2 2 2 2 2 2 2 2 2 2 2 2 2 2 2 2 2 2
left_child=1 2 3 -1 6 -6 22 21 -9 10 -5 12 -8 -11 15 25 18 -18 20 -20 -17 -7 23 -3 -24 27 -16 29 -29 -2
right_child=14 4 -4 9 5 7 11 8 -10 13 -12 -13 -14 -15 26 16 17 -19 19 -21 -22 -23 24 -25 -26 -27 -28 28 -30 -31
leaf_value=-2.6626018820131912e-06 -1.4843714194164073e-07 2.4465230597814769e-06 -5.5929552690940917e-06 1.6449482752879984e-06 -2.2482212784780131e-06 2.6134789974408844e-06 1.8122368278454815e-06 -1.2660196841807192e-06 3.1760021362822725e-07 3.0805721209934276e-06 -1.5791473833814963e-06 2.1377584779167172e-06 7.484599814768173e-08 1.2418309942014667e-06 1.4509374628414121e-06 6.3881944433577555e-08 3.2539731028963061e-07 -3.2307873620343999e-06 2.0054679453096471e-06 -1.8516455502064656e-06 8.1917288399720016e-07 1.025204538758076e-06 3.2535742753853335e-06 8.7696924923392898e-07 1.7633550698754394e-06 -8.7401061410930259e-07 4.8339029153457545e-07 7.9048191694363646e-07 -1.3328077823615559e-07 2.6454603112191025e-07
leaf_weight=34 3891 27 25 26 30 26 25 60 755 33 20 26 166 42 21 1112 31 21 20 53 133 34 21 49 31 39 27 21 32 47
leaf_count=34 3891 27 25 26 30 26 25 60 755 33 20 26 166 42 21 1112 31 21 20 53 133 34 21 49 31 39 27 21 32 47
internal_value=-2.04229e-15 3.35081e-07 -3.6306e-07 4.80471e-07 4.35613e-07 2.20097e-07 1.00095e-06 3.04725e-07 2.01015e-07 1.36365e-06 2.43168e-07 5.22175e-07 3.02253e-07 2.05088e-06 -8.79526e-08 -9.67939e-08 4.68611e-08 -1.11075e-06 9.25333e-08 -7.94902e-07 1.44568e-07 1.71346e-06 1.81263e-06 1.43457e-06 2.36517e-06 -1.45629e-07 9.06692e-07 -1.38512e-07 2.32738e-07 -1.43508e-07
internal_weight=6878 1430 180 155 1250 905 345 875 815 121 46 217 191 75 5448 5400 1370 52 1318 73 1245 60 128 76 52 4030 48 3991 53 3938
internal_count=6878 1430 180 155 1250 905 345 875 815 121 46 217 191 75 5448 5400 1370 52 1318 73 1245 60 128 76 52 4030 48 3991 53 3938
is_linear=0
shrinkage=0.05


Tree=83
num_leaves=26
num_cat=0
split_feature=12 17 23 14 4 3 7 24 15 22 21 5 15 21 5 5 12 12 15 14 21 7 13 14 7
split_gain=7.31758e-08 4.36175e-08 1.2346e-07 8.42311e-08 5.99449e-08 8.7297e-08 5.42344e-08 7.33264e-08 6.84317e-08 6.67511e-08 3.38888e-08 3.17162e-08 3.16668e-08 1.74092e-08 1.44365e-08 1.2617e-08 2.24637e-08 1.60735e-08 2.39342e-08 4.73482e-08 2.4606e-08 2.0781e-09 3.07448e-09 8.81923e-10 3.47597e-12
threshold=-0.78656609248549292 0.48563697628355668 9.5000000000000018 0.83849049182116964 66.500000000000014 19.850000000000005 94.751506778066911 2.3697113083232493e-05 -0.73284120334876357 35.500000000000007 86.500000000000014 6.5500000000000007 0.70897861563100306 1000.5000000000001 11.450000000000001 1.2000000000000004 0.12940952255126045 -0.25881904510252113 0.9052873537896472 0.31799963745711152 12.500000000000002 141.96297153092007 0.91597561503675351 0.7210268013660811 91.882349106329045
decision_type=2 2 2 2 2 2 2 2 2 2 2 2 2 2 2 2 2 2 2 2 2 2 2 2 2
left_child=1 3 -3 4 11 12 7 8 -4 -9 -5 -1 -6 15 -13 16 -2 18 20 -20 -17 22 -19 -23 -18
right_child=13 2 6 10 5 -7 -8 9 -10 -11 -12 14 -14 -15 -16 17 24 21 19 -21 -22 23 -24 -25 -26
leaf_value=1.2674379033078846e-07 -2.1795050633954817e-06 -2.8660126297097578e-06 4.2461508709969903e-07 1.1379493116692174e-06 -2.9801381626926881e-06 1.9005946901036926e-06 2.7999160495472186e-06 2.8217170246045083e-06 -3.4129117440128404e-06 2.5784007712524949e-07 3.7228959563151421e-06 2.6731364111280226e-06 -5.5686046899998992e-07 9.6905418897035714e-07 1.0977618960448755e-06 3.2932419360672669e-07 -1.2983986928041055e-07 -1.3405086530452934e-07 1.9131313251818942e-07 -2.1611772128185943e-06 -1.0922797203463004e-07 -2.8029660512629564e-07 3.7919151245734352e-08 -1.4483143992003116e-07 -1.5864080523897431e-07
leaf_weight=38 20 32 21 21 26 24 21 26 26 1076 32 33 28 39 26 670 22 3184 55 35 612 313 283 195 20
leaf_count=38 20 32 21 21 26 24 21 26 26 1076 32 33 28 39 26 670 22 3184 55 35 612 313 283 195 20
internal_value=6.21363e-16 3.18327e-07 1.9806e-07 9.52367e-07 4.23487e-07 -6.0848e-07 2.81863e-07 2.35841e-07 -1.69827e-06 3.18331e-07 2.69867e-06 1.25332e-06 -1.72362e-06 -8.3555e-08 1.9789e-06 -9.11445e-08 -8.00313e-07 -8.29215e-08 6.46361e-08 -7.23544e-07 1.19969e-07 -1.33852e-07 -1.20014e-07 -2.28297e-07 -1.43555e-07
internal_weight=6878 1430 1202 228 175 78 1170 1149 47 1102 53 97 54 5448 59 5409 62 5347 1372 90 1282 3975 3467 508 42
internal_count=6878 1430 1202 228 175 78 1170 1149 47 1102 53 97 54 5448 59 5409 62 5347 1372 90 1282 3975 3467 508 42
is_linear=0
shrinkage=0.05


Tree=84
num_leaves=20
num_cat=0
split_feature=15 12 8 15 15 14 14 11 14 12 15 15 3 15 8 15 8 0 15
split_gain=6.94299e-08 9.99529e-08 8.20812e-08 6.86938e-08 1.53165e-07 5.85888e-08 1.20392e-07 8.13428e-08 3.76677e-08 2.1706e-08 2.60796e-08 6.61762e-08 6.29091e-09 6.87325e-09 5.38894e-09 2.17108e-08 1.28895e-08 3.33204e-09 2.85089e-09
threshold=-0.99983123799342477 -0.25881904510252113 244.03129762188402 -0.97111920233974802 -0.96234030595689413 -0.94139628442229062 -0.98214942551678475 17.406250000000004 0.23537774960157334 -0.5 -0.99864786094873803 -0.99465740988130902 18.350000000000005 -0.99273797715557011 241.47447747126355 0.04621408538533487 239.78407604440201 1000.5000000000001 0.72100388094302625
decision_type=2 2 2 2 2 2 2 2 2 2 2 2 2 2 2 2 2 2 2
left_child=1 -1 14 9 8 6 -6 -7 -5 10 -4 -12 -11 -14 16 -16 17 18 -2
right_child=2 -3 3 4 5 7 -8 -9 -10 12 11 -13 13 -15 15 -17 -18 -19 -20
leaf_value=-4.5946407044539227e-06 -1.1716830125789121e-07 3.337001187121912e-08 2.529290867414602e-06 -1.2297410633395472e-06 4.3568457501836555e-07 -1.1827770990966841e-07 -1.4601318985025464e-06 5.2735106548938458e-07 -4.0940298617897497e-06 9.2833657295306047e-07 -6.0570475393835937e-07 1.5712617158714083e-06 -4.2735449515670811e-07 5.437960413289782e-07 5.3732650801817801e-07 -1.4901709505465988e-06 9.6500720440383667e-07 4.1234306168900867e-07 -2.3637190924394079e-07
leaf_weight=20 3347 28 32 22 185 777 153 1311 24 31 48 128 35 38 23 31 27 28 590
leaf_count=20 3347 28 32 22 185 777 153 1311 24 31 48 128 35 38 23 31 27 28 590
internal_value=-9.83995e-16 -1.89497e-06 1.33175e-08 2.22276e-07 1.3404e-07 1.88235e-07 -4.22481e-07 2.87096e-07 -2.72415e-06 9.21379e-07 1.21627e-06 9.77544e-07 3.31589e-07 7.81759e-08 -1.30464e-07 -6.26607e-07 -1.23753e-07 -1.31167e-07 -1.35032e-07
internal_weight=6878 48 6830 2784 2472 2426 338 2088 46 312 208 176 104 73 4046 54 3992 3965 3937
internal_count=6878 48 6830 2784 2472 2426 338 2088 46 312 208 176 104 73 4046 54 3992 3965 3937
is_linear=0
shrinkage=0.05


Tree=85
num_leaves=24
num_cat=0
split_feature=15 12 12 15 15 15 15 1 15 15 14 12 11 14 15 14 8 15 8 7 8 15 14
split_gain=6.26605e-08 9.02075e-08 7.54948e-08 4.99332e-08 1.31063e-07 5.42744e-08 7.51598e-08 5.53628e-08 2.23447e-08 5.74816e-08 2.24727e-08 1.54657e-08 2.64847e-08 2.46129e-08 6.76785e-08 5.5748e-08 2.62581e-09 3.62182e-09 2.97958e-09 6.43058e-09 2.77357e-09 1.83114e-09 5.1481e-10
threshold=-0.99983123799342477 -0.25881904510252113 -0.78656609248549292 -0.97111920233974802 -0.96234030595689413 -0.90531874877253482 -0.88620506325989179 592.20000000000016 -0.99864786094873803 -0.99465740988130902 0.15101559051660998 -0.25881904510252113 11.612500000000002 0.93544191479114935 0.18281312110578132 0.89787622492179153 342.23210573242926 -0.91939278948206182 332.69128857788991 130.1185447242822 326.85811795944278 -0.84774213365954088 0.036545658007091128
decision_type=2 2 2 2 2 2 2 2 2 2 2 2 2 2 2 2 2 2 2 2 2 2 2
left_child=1 -1 3 8 -5 7 -7 -6 -2 -10 -11 12 -4 15 -15 -14 18 22 20 -20 -13 -19 -18
right_child=2 -3 11 4 5 6 -8 -9 9 10 -12 16 13 14 -16 -17 17 21 19 -21 -22 -23 -24
leaf_value=-4.364908606362406e-06 2.8084420637242147e-06 3.1701517550735459e-08 -1.5438263881151215e-06 -3.7730787960299495e-06 2.2558785709427619e-06 -2.4989059347717559e-06 2.7226195110178013e-07 -3.6513966843530994e-07 -8.7487768951177724e-07 2.2565186591546906e-06 4.4854689940621032e-07 -1.1944436152272262e-07 8.6544923754484205e-08 7.4303508469895687e-08 2.2274813565675277e-06 -1.5871570350502506e-06 -7.3172977839893372e-08 -8.1816531610456879e-07 5.2911530791074516e-07 -1.1104123100640487e-07 -5.4339171461274074e-07 -3.4674039925565202e-07 2.6581506198280773e-07
leaf_weight=20 20 28 25 20 66 25 1150 29 30 55 25 3577 1151 143 49 52 24 25 56 131 39 117 21
leaf_count=20 20 28 25 20 66 25 1150 29 30 55 25 3577 1151 143 49 52 24 25 56 131 39 117 21
internal_value=1.09452e-15 -1.80022e-06 1.26516e-08 3.3712e-07 2.42997e-07 3.06242e-07 2.13301e-07 1.45578e-06 1.27111e-06 9.91599e-07 1.69153e-06 -7.25139e-08 6.91953e-08 9.81025e-08 6.23812e-07 1.41987e-08 -1.22947e-07 -3.05865e-07 -1.13952e-07 8.06634e-08 -1.24017e-07 -4.29738e-07 8.50214e-08
internal_weight=6878 48 6830 1420 1290 1270 1175 95 130 110 80 5410 1420 1395 192 1203 3990 187 3803 187 3616 142 45
internal_count=6878 48 6830 1420 1290 1270 1175 95 130 110 80 5410 1420 1395 192 1203 3990 187 3803 187 3616 142 45
is_linear=0
shrinkage=0.05


Tree=86
num_leaves=22
num_cat=0
split_feature=8 15 15 15 18 21 23 27 14 14 0 27 8 4 8 15 8 23 15 8 27
split_gain=5.6858e-08 1.22439e-07 5.77038e-08 1.29999e-07 5.52759e-08 1.0925e-07 9.35961e-08 3.64585e-08 2.03326e-08 6.48831e-08 2.99578e-08 2.54718e-08 2.16884e-08 7.25935e-09 5.17768e-09 1.97443e-08 1.1317e-08 4.54541e-09 2.66759e-09 9.91848e-09 4.19818e-09
threshold=244.03129762188402 -0.99983123799342477 -0.97111920233974802 -0.96234030595689413 0.00010323000000000001 340.50000000000006 50.500000000000007 0.50000000000000011 -0.049434980436038223 -0.10088855117215338 648.50000000000011 12.500000000000002 341.65330520310596 1.0000000180025095e-35 241.47447747126355 0.04621408538533487 239.78407604440201 1000.5000000000001 0.72100388094302625 183.93496850054598 99.833333333333357
decision_type=2 2 2 2 2 2 2 2 2 2 2 2 2 2 2 2 2 2 2 2 2
left_child=14 -2 8 7 6 -6 -5 -4 9 11 12 -3 -10 -12 16 -16 17 18 20 -20 -1
right_child=1 2 3 4 5 -7 -8 -9 10 -11 13 -13 -14 -15 15 -17 -18 -19 19 -21 -22
leaf_value=-1.1792011640903419e-07 -3.3829173334017548e-06 1.5091223679220305e-06 -9.7447694862412836e-07 8.3083446385181212e-08 2.1797713803697788e-06 3.0734344052570002e-07 -1.7741389611523707e-06 -3.800454072006687e-06 1.8499364647388867e-06 -1.4370979787909418e-06 6.8606074661986972e-07 -3.9901583882031284e-07 6.2432245329091532e-08 -5.4801374021322282e-07 5.0422072688335275e-07 -1.4292755032153266e-06 9.0733881058390073e-07 5.2677212099499432e-07 -1.0470513217454183e-07 -5.7976759423028191e-07 1.7851203736999226e-07
leaf_weight=3248 24 73 21 1523 87 745 71 25 112 36 26 23 20 22 23 31 27 27 444 146 124
leaf_count=3248 24 73 21 1523 87 745 71 25 112 36 26 23 20 22 23 31 27 27 444 146 124
internal_value=-2.99079e-16 1.73075e-07 2.0373e-07 1.22859e-07 1.72788e-07 5.03138e-07 3.58985e-10 -2.51033e-06 8.44474e-07 3.73129e-07 1.19013e-06 1.05196e-06 1.5791e-06 1.20443e-07 -1.19409e-07 -6.05749e-07 -1.12869e-07 -1.19775e-07 -1.24181e-07 -2.22263e-07 -1.07019e-07
internal_weight=6878 2808 2784 2472 2426 832 1594 46 312 132 180 96 132 48 4070 54 4016 3989 3962 590 3372
internal_count=6878 2808 2784 2472 2426 832 1594 46 312 132 180 96 132 48 4070 54 4016 3989 3962 590 3372
is_linear=0
shrinkage=0.05


Tree=87
num_leaves=22
num_cat=0
split_feature=8 15 14 14 27 14 14 5 3 14 15 8 21 14 8 15 8 0 21 14 21
split_gain=5.13144e-08 1.10501e-07 5.69169e-08 1.08944e-07 9.66735e-08 2.07872e-07 7.94389e-08 6.9106e-08 8.82779e-08 5.55179e-08 1.09518e-07 5.16932e-08 3.72879e-08 3.20313e-08 4.67286e-09 1.78193e-08 1.02136e-08 2.94997e-09 2.75229e-09 1.41987e-08 4.75587e-09
threshold=244.03129762188402 -0.99983123799342477 -0.94139628442229062 -0.98214942551678475 1.1666666666666667 -0.99630266176052629 -0.91978325482952472 12.750000000000002 18.450000000000003 0.21862473630160603 -0.93237865822738086 284.81361740207586 646.50000000000011 -0.95244167294248061 241.47447747126355 0.04621408538533487 239.78407604440201 1000.5000000000001 894.50000000000011 -0.64659911526563996 759.50000000000011
decision_type=2 2 2 2 2 2 2 2 2 2 2 2 2 2 2 2 2 2 2 2 2
left_child=14 -2 3 4 5 -3 -4 8 -5 12 -11 -6 -8 -9 16 -16 17 18 20 -20 -1
right_child=1 2 6 7 11 -7 9 13 -10 10 -12 -13 -14 -15 15 -17 -18 -19 19 -21 -22
leaf_value=-1.2639506935560397e-07 -3.2137714867985782e-06 1.5625153591827255e-06 2.8789269988700307e-06 -2.6378617825511834e-07 1.9687051295942933e-06 -5.1014893973512126e-06 7.4262174137437668e-07 1.6946493533829373e-06 -3.1792871321640103e-06 -1.5744741803806289e-06 1.7098706690272202e-07 2.8174789346024911e-08 1.3905626248602852e-08 -1.0354000411635668e-06 4.7900968179024146e-07 -1.3578117197480866e-06 8.6197187606537094e-07 3.9762546657178584e-07 -1.4644056413406203e-06 -3.4969565019593432e-08 8.756245585748803e-08
leaf_weight=3587 24 25 29 42 74 22 677 21 68 96 1407 64 237 22 23 31 27 28 23 71 280
leaf_count=3587 24 25 29 42 74 22 677 21 68 96 1407 64 237 22 23 31 27 28 23 71 280
internal_value=-8.86937e-16 1.64421e-07 1.93543e-07 -4.14628e-07 4.01716e-07 -1.55681e-06 2.77583e-07 -1.40171e-06 -2.0661e-06 2.46371e-07 5.95005e-08 1.06875e-06 5.53666e-07 2.9788e-07 -1.13438e-07 -5.75462e-07 -1.07226e-07 -1.13786e-07 -1.17401e-07 -3.84725e-07 -1.10903e-07
internal_weight=6878 2808 2784 338 185 47 2446 153 110 2417 1503 138 914 43 4070 54 4016 3989 3961 94 3867
internal_count=6878 2808 2784 338 185 47 2446 153 110 2417 1503 138 914 43 4070 54 4016 3989 3961 94 3867
is_linear=0
shrinkage=0.05


Tree=88
num_leaves=20
num_cat=0
split_feature=12 17 14 14 27 14 14 21 5 8 8 27 3 7 8 15 5 2 8
split_gain=4.92097e-08 4.12599e-08 4.32647e-08 1.35239e-07 5.71539e-08 1.17163e-07 7.64021e-08 1.48362e-08 1.13706e-08 2.62381e-08 1.13717e-08 2.83442e-08 5.60707e-08 2.26972e-08 8.8361e-09 8.33883e-09 4.58071e-09 2.46852e-09 1.28273e-10
threshold=-0.78656609248549292 1.0101803279037567 -0.99630266176052629 -0.99275805973510278 1.0000000180025095e-35 0.84313847884979054 0.83376496542330847 997.50000000000011 1.2000000000000004 279.77915454520326 263.47423577758337 99.833333333333357 18.050000000000004 129.04452365090586 258.44490064136215 -0.022575793296316496 8.7500000000000018 195.50000000000003 84.486030854091027
decision_type=2 2 2 2 2 2 2 2 2 2 2 2 2 2 2 2 2 2 2
left_child=1 2 15 -4 5 -5 -6 8 9 18 14 13 -13 -12 17 -1 -9 -10 -2
right_child=7 -3 3 4 6 -7 -8 16 10 -11 11 12 -14 -15 -16 -17 -18 -19 -20
leaf_value=1.0158632059642514e-06 -1.2304161600695807e-07 -1.6749907276621174e-06 -3.8345061784639255e-06 1.5290966764049039e-06 -1.023335441981284e-07 -1.0528186651624441e-06 8.5905189756450919e-07 1.3845801504430711e-06 -1.1995519998768179e-07 -2.2400811468514802e-06 3.073797745070368e-07 2.8785388783110951e-07 -3.0807731258435178e-06 -1.1086985393317381e-07 -8.5983712986093542e-07 2.3628846823460968e-06 3.9383208592726403e-07 -8.4386796528792965e-09 5.1917103291998506e-08
leaf_weight=20 22 27 20 204 797 56 279 20 3368 20 662 30 21 636 39 27 28 582 20
leaf_count=20 22 27 20 204 797 56 279 20 3368 20 662 30 21 636 39 27 28 582 20
internal_value=-7.00296e-16 2.61045e-07 2.98303e-07 2.4661e-07 3.07705e-07 9.72992e-07 1.46948e-07 -6.85194e-08 -7.62986e-08 -7.49519e-07 -6.84793e-08 5.70138e-08 -1.09923e-06 1.02444e-07 -1.10919e-07 1.78968e-06 8.06644e-07 -1.03524e-07 -3.97279e-08
internal_weight=6878 1430 1403 1356 1336 260 1076 5448 5400 62 5338 1349 51 1298 3989 47 48 3950 42
internal_count=6878 1430 1403 1356 1336 260 1076 5448 5400 62 5338 1349 51 1298 3989 47 48 3950 42
is_linear=0
shrinkage=0.05


Tree=89
num_leaves=18
num_cat=0
split_feature=15 12 12 15 17 25 24 17 21 15 12 11 15 11 15 13 27
split_gain=4.60353e-08 7.16195e-08 5.59865e-08 4.13321e-08 4.11975e-08 4.18725e-08 7.16694e-08 7.06115e-08 1.46397e-08 7.98397e-09 2.18304e-08 3.22336e-08 9.85368e-09 2.87665e-08 1.50419e-08 5.38079e-09 4.67524e-09
threshold=-0.99983123799342477 -0.25881904510252113 -0.78656609248549292 -0.99864786094873803 1.0101803279037567 0.00012594113899328579 7.0575037346375674e-05 0.96562891895721226 993.50000000000011 -0.97507822412530132 -0.5 20.506250000000005 -0.93543596745397617 17.609375000000004 -0.91249077947840473 0.91597561503675351 6.8333333333333348
decision_type=2 2 2 2 2 2 2 2 2 2 2 2 2 2 2 2 2
left_child=1 -1 3 -2 5 6 -5 -7 9 10 11 -4 13 -11 -14 -12 -10
right_child=2 -3 8 4 -6 7 -8 -9 16 12 15 -13 14 -15 -16 -17 -18
leaf_value=-3.8282541834178123e-06 2.5471951346389689e-06 8.927391823882707e-08 2.1112818146207247e-06 8.0103810498835755e-08 -1.7137126633315347e-06 -3.5589414365338818e-07 1.0422857879820775e-06 8.5738964677457602e-07 3.72696343798783e-07 -1.1585943318632747e-06 -1.0893956496965837e-07 -5.5789863789395649e-08 4.5277485474042964e-07 -6.341991527985474e-08 -8.6805067683689982e-08 3.7132130560458955e-07 1.3136867562738274e-06
leaf_weight=20 20 28 32 407 26 432 369 166 33 83 307 37 133 216 4475 72 22
leaf_count=20 20 28 32 407 26 432 369 166 33 83 307 37 133 216 4475 72 22
internal_value=-1.0711e-15 -1.54303e-06 1.08441e-08 2.90263e-07 2.58021e-07 2.95332e-07 5.37636e-07 -1.90963e-08 -6.24969e-08 -7.08325e-08 1.31222e-07 9.49229e-07 -8.92797e-08 -3.67432e-07 -7.12313e-08 -1.77027e-08 7.49093e-07
internal_weight=6878 48 6830 1420 1400 1374 776 598 5410 5355 448 69 4907 299 4608 379 55
internal_count=6878 48 6830 1420 1400 1374 776 598 5410 5355 448 69 4907 299 4608 379 55
is_linear=0
shrinkage=0.05


Tree=90
num_leaves=22
num_cat=0
split_feature=15 12 12 15 15 15 15 27 15 15 14 14 2 21 5 8 8 27 8 19 8
split_gain=4.15469e-08 6.46366e-08 5.05278e-08 3.96836e-08 9.05621e-08 1.20583e-07 1.53594e-07 8.39642e-08 7.27317e-08 8.92613e-08 6.4645e-08 1.14086e-07 6.0095e-08 1.32124e-08 1.02482e-08 2.37689e-08 1.10689e-08 2.59264e-08 6.47244e-09 4.4342e-09 1.09158e-10
threshold=-0.99983123799342477 -0.25881904510252113 -0.78656609248549292 -0.73865259438682551 -0.6391983530350368 -0.68432604233786842 -0.71502926860092908 77.500000000000014 -0.60555643346685839 -0.57077231802681661 0.54219432480460406 0.31799963745711152 96.500000000000014 993.50000000000011 1.2000000000000004 279.77915454520326 263.47423577758337 99.833333333333357 258.44490064136215 0.00069797500000000009 84.486030854091027
decision_type=2 2 2 2 2 2 2 2 2 2 2 2 2 2 2 2 2 2 2 2 2
left_child=1 -1 3 7 5 6 -5 10 -6 -10 11 -2 -12 14 15 20 18 -18 -16 -15 -4
right_child=2 -3 13 4 8 -7 -8 -9 9 -11 12 -13 -14 19 16 -17 17 -19 -20 -21 -22
leaf_value=-3.6368415865695169e-06 6.695500147130667e-07 8.4810215282362022e-08 -1.0768035487920067e-07 -3.0630830286781932e-06 2.9047493644611678e-06 -3.7102418978715185e-06 2.8155691825304531e-06 3.4937008149427133e-06 -2.7751801540034651e-06 2.5510579464003578e-07 4.2490413220331817e-06 -1.8095689552989244e-06 5.0963624806337813e-07 1.092252347345557e-06 -9.5521569312506306e-08 -2.1250858236498972e-06 1.0851312482472674e-07 -1.0409841994420703e-06 -7.5122528637494002e-07 1.8208735237680154e-07 5.3716838408490736e-08
leaf_weight=20 297 28 22 20 25 35 25 25 25 870 21 55 22 32 3919 20 1285 51 38 23 20
leaf_count=20 297 28 22 20 25 35 25 25 25 870 21 55 22 32 3919 20 1285 51 38 23 20
internal_value=-1.04699e-15 -1.46588e-06 1.03019e-08 2.7575e-07 1.0445e-07 -1.50914e-06 2.02835e-07 6.83606e-07 2.44762e-07 1.70461e-07 5.05752e-07 2.82188e-07 2.33586e-06 -5.9372e-08 -6.72909e-08 -7.06393e-07 -5.98047e-08 6.46326e-08 -1.01818e-07 7.11638e-07 -3.08245e-08
internal_weight=6878 48 6830 1420 1000 80 45 420 920 895 395 352 43 5410 5355 62 5293 1336 3957 55 42
internal_count=6878 48 6830 1420 1000 80 45 420 920 895 395 352 43 5410 5355 62 5293 1336 3957 55 42
is_linear=0
shrinkage=0.05


Tree=91
num_leaves=12
num_cat=0
split_feature=14 15 5 5 5 3 27 14 27 14 11
split_gain=3.84965e-08 3.78749e-08 5.70813e-08 3.10647e-08 2.67622e-08 4.4039e-08 7.42025e-08 2.9263e-08 7.15491e-08 4.66075e-08 1.64591e-08
threshold=0.99995780822346225 -0.99983123799342477 13.250000000000002 27.900000000000002 20.550000000000004 13.65 76.833333333333357 0.99761913169647187 82.500000000000014 0.9916835347852474 15.403125000000001
decision_type=2 2 2 2 2 2 2 2 2 2 2
left_child=1 2 -1 4 7 6 -6 9 -9 -3 -7
right_child=-2 3 -4 -5 5 10 -8 8 -10 -11 -12
leaf_value=4.0505503084600409e-07 -1.9990136422620707e-06 3.5336686773666447e-08 -3.046412120852438e-06 1.8513155690352112e-06 -4.0002443272028769e-06 1.1556761310636093e-06 -8.8377945488631402e-08 2.1764920509562779e-07 3.0462290615779005e-06 -8.0864553165751893e-07 -3.2757792358802897e-07
leaf_weight=23 24 6217 25 23 22 21 27 130 27 168 171
leaf_count=23 24 6217 25 23 22 21 27 130 27 168 171
internal_value=1.64619e-16 6.99976e-09 -1.39258e-06 1.68705e-08 1.06502e-08 -5.06798e-07 -1.84473e-06 2.97124e-08 7.04093e-07 1.31301e-08 -1.65347e-07
internal_weight=6878 6854 48 6806 6783 241 49 6542 157 6385 192
internal_count=6878 6854 48 6806 6783 241 49 6542 157 6385 192
is_linear=0
shrinkage=0.05


Tree=92
num_leaves=21
num_cat=0
split_feature=8 15 18 21 18 22 22 17 22 18 11 24 21 8 1 27 5 5 8 8
split_gain=3.71687e-08 8.8601e-08 5.88058e-08 1.17184e-07 2.17365e-07 1.12147e-07 8.84945e-08 1.02348e-07 5.15881e-08 6.31762e-08 4.60721e-08 3.05601e-08 1.084e-08 1.08505e-08 5.2762e-08 5.41731e-08 8.94489e-09 6.6045e-09 1.18018e-08 4.56442e-09
threshold=258.44490064136215 -0.99983123799342477 4.8865000000000007e-05 374.50000000000006 0.00013093500000000002 35.500000000000007 26.500000000000004 0.60899439336288885 90.500000000000014 0.00013456500000000004 27.628125000000004 7.0575037346375674e-05 1000.5000000000001 255.6847745887824 339.4500000000001 44.833333333333336 26.250000000000004 23.150000000000002 194.5573624904479 249.18193451645695
decision_type=2 2 2 2 2 2 2 2 2 2 2 2 2 2 2 2 2 2 2 2
left_child=12 -2 5 8 -5 6 7 -3 11 -10 -6 -4 13 16 -15 -16 17 19 -19 -1
right_child=1 2 3 4 10 -7 -8 -9 9 -11 -12 -13 -14 14 15 -17 -18 18 -20 -21
leaf_value=-9.0719177149977811e-08 -3.0014048708050145e-06 1.0266126132660957e-07 1.6125988038546549e-07 -4.1720911907658676e-06 2.1744247682623349e-06 -2.7475938003994494e-06 3.1535563325830837e-06 -2.2195187758992391e-06 4.7364525812554348e-06 1.7082451386457134e-06 3.0490971985876778e-07 2.0860339041917087e-06 8.9478529840139994e-07 6.4744042680477166e-07 -3.6951655363823411e-06 -5.9120411677326956e-08 8.4313840711904329e-07 -9.9579764878399146e-08 -1.6001332565807049e-06 1.6656338072351676e-07
leaf_weight=4076 22 1499 58 27 35 36 23 49 24 61 564 32 28 39 21 20 26 38 20 180
leaf_count=4076 22 1499 58 27 35 36 23 49 24 61 564 32 28 39 21 20 26 38 20 180
internal_value=1.14681e-15 1.57256e-07 1.86114e-07 5.36094e-07 2.16338e-07 1.16685e-08 7.48979e-08 2.91556e-08 1.67991e-06 2.56327e-06 4.14147e-07 8.45624e-07 -8.59109e-08 -9.21235e-08 -6.69134e-07 -1.92148e-06 -8.14873e-08 -8.706e-08 -6.17012e-07 -7.98379e-08
internal_weight=6878 2430 2408 801 626 1607 1571 1548 175 85 599 90 4448 4420 80 41 4340 4314 58 4256
internal_count=6878 2430 2408 801 626 1607 1571 1548 175 85 599 90 4448 4420 80 41 4340 4314 58 4256
is_linear=0
shrinkage=0.05


Tree=93
num_leaves=20
num_cat=0
split_feature=14 8 15 18 1 1 18 14 23 5 8 14 4 8 2 11 15 21 21
split_gain=3.39815e-08 3.98823e-08 8.10524e-08 5.0855e-08 1.05456e-07 8.44429e-08 1.34036e-07 5.48618e-08 4.09386e-08 2.96185e-08 1.03066e-08 8.65995e-08 4.32571e-08 8.88801e-09 1.86539e-08 2.92106e-08 2.77215e-08 5.85674e-09 4.37745e-09
threshold=0.99995780822346225 258.44490064136215 -0.99983123799342477 2.5940000000000002e-05 60.350000000000009 409.05000000000007 0.00013093500000000002 0.9053161325100999 2.5000000000000004 7.5500000000000007 255.6847745887824 0.41398981800788198 79.500000000000014 249.18193451645695 76.500000000000014 17.103125000000002 0.25829915227078726 981.50000000000011 897.50000000000011
decision_type=2 2 2 2 2 2 2 2 2 2 2 2 2 2 2 2 2 2 2
left_child=1 10 -3 4 8 7 -7 -5 -4 -6 13 12 -12 17 15 -15 -16 18 -1
right_child=-2 2 3 5 9 6 -8 -9 -10 -11 11 -13 -14 14 16 -17 -18 -19 -20
leaf_value=-8.3611200249503922e-08 -1.8781341872535035e-06 -2.8513345809535259e-06 3.9098162486848858e-08 8.8443604432911629e-07 -3.7091855099127066e-06 -3.1738292324822897e-06 3.2127554346599005e-07 2.7253568745777559e-06 1.2688662501448204e-06 -1.0506042463021003e-06 -3.8143553975292632e-06 1.0845195238049965e-06 -6.0510192053611501e-07 -1.4678850042717229e-07 2.6018531977666072e-07 2.3467703954338507e-06 -1.7481087959936303e-06 5.5659445532033452e-07 -3.7734077894272923e-07
leaf_weight=3997 24 22 1445 258 22 29 507 48 71 20 21 38 21 23 122 24 20 35 131
leaf_count=3997 24 22 1445 258 22 29 507 48 71 20 21 38 21 23 122 24 20 35 131
internal_value=7.47694e-16 6.57648e-09 1.69732e-07 1.97425e-07 2.82235e-08 5.10507e-07 1.32175e-07 1.17321e-06 9.66928e-08 -2.44319e-06 -8.25846e-08 -6.44961e-07 -2.20973e-06 -7.22468e-08 2.63105e-07 1.12652e-06 -2.2673e-08 -8.74717e-08 -9.29326e-08
internal_weight=6878 6854 2422 2400 1558 842 536 306 1516 42 4432 80 42 4352 189 47 142 4163 4128
internal_count=6878 6854 2422 2400 1558 842 536 306 1516 42 4432 80 42 4352 189 47 142 4163 4128
is_linear=0
shrinkage=0.05


Tree=94
num_leaves=17
num_cat=0
split_feature=14 8 15 8 11 15 14 17 8 21 8 4 17 8 14 21
split_gain=3.06683e-08 3.63305e-08 7.36643e-08 6.35113e-08 6.20805e-08 5.31747e-08 1.76942e-07 1.5123e-07 4.94959e-08 2.54231e-08 1.6489e-08 5.90293e-08 2.71139e-08 9.30169e-09 7.81561e-08 8.1302e-09
threshold=0.99995780822346225 263.47423577758337 -0.99983123799342477 265.67311376027436 21.006250000000005 -0.73865259438682551 0.54219432480460406 0.98611014922912044 262.77088913376446 766.50000000000011 258.44490064136215 1.0000000180025095e-35 0.952515639027112 255.6847745887824 0.41398981800788198 1000.5000000000001
decision_type=2 2 2 2 2 2 2 2 2 2 2 2 2 2 2 2
left_child=1 8 -3 4 -4 6 -5 -7 10 -6 13 -12 -13 15 -15 -1
right_child=-2 2 3 5 9 7 -8 -9 -10 -11 11 12 -14 14 -16 -17
leaf_value=-7.4034089634148175e-08 -1.7842274909677751e-06 -2.7087678125264411e-06 3.5307682520834977e-06 2.0649678340043412e-07 -7.1403576849992203e-07 2.5101323490845099e-08 2.5530776238724685e-06 -3.8263552695000804e-06 -2.2089767534688927e-06 1.4939408139014177e-06 2.1529256001681507e-06 2.8083771894671374e-07 -1.7153887747347406e-06 -2.0992422269912261e-06 1.0302935280785614e-06 7.963082566675439e-07
leaf_weight=4325 24 22 27 748 22 1293 90 26 27 32 38 75 22 42 38 27
leaf_count=4325 24 22 27 748 22 1293 90 26 27 32 38 75 22 42 38 27
internal_value=9.91459e-16 6.24766e-09 1.70373e-07 1.98675e-07 1.57319e-06 1.4706e-07 4.58516e-07 -5.08182e-08 -7.4493e-08 5.94395e-07 -6.1874e-08 4.82485e-07 -1.71915e-07 -7.84554e-08 -6.12713e-07 -6.86344e-08
internal_weight=6878 6854 2260 2238 81 2157 838 1319 4594 54 4567 135 97 4432 80 4352
internal_count=6878 6854 2260 2238 81 2157 838 1319 4594 54 4567 135 97 4432 80 4352
is_linear=0
shrinkage=0.05


Tree=95
num_leaves=12
num_cat=0
split_feature=14 5 15 5 15 15 5 5 13 21 19
split_gain=2.76781e-08 2.74408e-08 2.4316e-08 5.09237e-08 2.34447e-08 5.15076e-08 5.86445e-08 2.20274e-08 9.6827e-09 2.56959e-08 1.73779e-09
threshold=0.99995780822346225 27.900000000000002 -0.99983123799342477 13.250000000000002 -0.97111920233974802 -0.96234030595689413 10.450000000000001 20.550000000000004 -0.78656609248549325 44.500000000000007 0.00081700000000000013
decision_type=2 2 2 2 2 2 2 2 2 2 2
left_child=1 2 3 -1 8 6 -6 -7 10 -10 -4
right_child=-2 -3 4 -5 5 7 -8 -9 9 -11 -12
leaf_value=5.7663431245758982e-07 -1.6950161044822682e-06 1.7300824755812241e-06 -1.3285565701069034e-09 -2.6833600541067428e-06 -3.4371082353924401e-06 1.5639390697230625e-08 -4.9680595514584484e-07 -4.8219021640108555e-07 1.0621078847648079e-07 8.4205708693237599e-07 -4.8887597729222169e-07
leaf_weight=23 24 23 108 25 22 5832 74 231 296 198 22
leaf_count=23 24 23 108 25 22 5832 74 231 296 198 22
internal_value=5.74945e-16 5.93528e-09 1.30068e-10 -1.12128e-06 8.06574e-09 -2.15225e-08 -1.17063e-06 -3.32789e-09 3.00107e-07 4.01145e-07 -8.38366e-08
internal_weight=6878 6854 6831 48 6783 6159 96 6063 624 494 130
internal_count=6878 6854 6831 48 6783 6159 96 6063 624 494 130
is_linear=0
shrinkage=0.05


Tree=96
num_leaves=31
num_cat=0
split_feature=12 18 14 23 6 22 25 18 6 27 5 15 14 27 3 5 5 12 12 3 14 15 14 8 15 9 12 8 15 14
split_gain=2.81018e-08 4.42545e-08 1.13183e-07 6.28819e-08 7.34566e-08 9.21539e-08 7.9152e-08 5.53144e-08 5.42572e-08 5.3619e-08 5.6319e-08 6.23758e-08 4.62285e-08 2.818e-08 3.11781e-08 1.9142e-08 1.43371e-08 2.38965e-08 1.39305e-08 4.48421e-08 3.65508e-08 9.14373e-08 7.81708e-08 3.67918e-09 4.24106e-09 2.05909e-09 3.44795e-09 2.63638e-09 1.51005e-09 1.03225e-09
threshold=-0.9159756150367534 8.7105000000000014e-05 0.79904096188274243 178.50000000000003 5.9025000000000005e-05 213.50000000000003 7.3392301621859804e-05 0.00020346500000000003 0.00011291500000000001 91.833333333333357 5.0500000000000007 -0.46800559042974538 0.56369777965491019 30.166666666666668 20.150000000000002 8.7500000000000018 1.2000000000000004 -1.0000000180025095e-35 -0.25881904510252113 11.65 0.93544191479114935 0.18281312110578132 0.89787622492179153 342.23210573242926 -0.9292178835113839 -67.261394829070341 0.12940952255126045 178.30265023231252 -0.84774213365954088 -0.015050995721668367
decision_type=2 2 2 2 2 2 2 2 2 2 2 2 2 2 2 2 2 2 2 2 2 2 2 2 2 2 2 2 2 2
left_child=1 2 12 9 5 7 15 -5 -8 10 -3 -12 13 14 -1 -6 17 -2 19 -18 22 -22 -21 25 29 26 -20 -27 -26 -25
right_child=16 3 -4 4 6 -7 8 -9 -10 -11 11 -13 -14 -15 -16 -17 18 -19 23 20 21 -23 -24 24 28 27 -28 -29 -30 -31
leaf_value=1.5257667725493845e-06 -2.0719140569949361e-06 4.0675710503516411e-06 -3.9446099738900867e-06 -2.2438797028101477e-06 3.2305758287250119e-06 -3.5794583844243017e-06 -1.6700857511153801e-06 9.50933607176315e-07 3.3588587001756754e-07 -1.0269341189649867e-06 2.7631101455083935e-06 3.1917126695150012e-07 2.1124171222585246e-06 -1.4496557760606102e-06 -1.064515466471979e-06 1.4317105109853403e-06 -1.9453496945600449e-06 -7.5222942409392238e-08 -6.3434616684622432e-07 9.2321350364136283e-08 1.0242994504472978e-07 2.2174517501498584e-06 -1.591526808100399e-06 -1.23721470063607e-07 -7.6072346776153871e-07 -7.957510921531794e-08 -9.4718603623346692e-08 6.8006323358668505e-08 -3.516150293347076e-07 3.6113687320207448e-07
leaf_weight=26 23 21 21 20 21 27 37 42 379 21 42 69 22 39 21 50 27 43 43 1614 197 69 72 21 28 3316 95 333 116 23
leaf_count=26 23 21 21 20 21 27 37 42 379 21 42 69 22 39 21 50 27 43 43 1614 197 69 72 21 28 3316 95 333 116 23
internal_value=-1.64571e-15 2.67708e-07 -5.85931e-07 4.18763e-07 1.7943e-07 -1.14139e-06 4.20811e-07 -7.96513e-08 1.5747e-07 1.31978e-06 1.69312e-06 1.2439e-06 6.71455e-08 -4.56064e-07 3.68407e-07 1.96377e-06 -3.8155e-08 -7.7104e-07 -3.0031e-08 7.83604e-08 1.06352e-07 6.51063e-07 2.04132e-08 -8.39949e-08 -2.99892e-07 -7.3277e-08 -2.62863e-07 -6.61071e-08 -4.31164e-07 1.29727e-07
internal_weight=6878 858 129 729 576 89 487 62 416 153 132 111 108 86 47 71 6020 66 5954 1979 1952 266 1686 3975 188 3787 138 3649 144 44
internal_count=6878 858 129 729 576 89 487 62 416 153 132 111 108 86 47 71 6020 66 5954 1979 1952 266 1686 3975 188 3787 138 3649 144 44
is_linear=0
shrinkage=0.05


Tree=97
num_leaves=23
num_cat=0
split_feature=8 14 14 14 4 8 14 11 14 8 14 4 8 22 22 5 0 17 8 6 8 16
split_gain=2.54378e-08 7.25396e-08 6.2125e-08 6.87423e-08 1.43275e-07 1.17898e-07 9.33283e-08 1.85984e-07 7.87293e-08 7.68098e-09 7.21701e-08 3.84343e-08 7.395e-09 2.47213e-08 3.49452e-08 5.17565e-08 2.55452e-08 1.77282e-08 5.5595e-09 9.13912e-09 8.44149e-09 3.2114e-09
threshold=258.44490064136215 0.99966190462023474 0.99865421017599998 0.9916835347852474 73.500000000000014 289.66728801412097 0.98522604642031408 14.303125000000003 0.97875492728876534 255.6847745887824 0.41398981800788198 79.500000000000014 244.03129762188402 227.50000000000003 396.50000000000006 15.050000000000002 451.50000000000006 0.69876801996888116 241.47447747126355 0.00042753500000000005 239.78407604440201 1028.7600000000002
decision_type=2 2 2 2 2 2 2 2 2 2 2 2 2 2 2 2 2 2 2 2 2 2
left_child=9 2 3 6 5 -5 8 -8 -2 12 11 -11 18 17 15 -15 -16 -14 20 -20 21 -1
right_child=1 -3 -4 4 -6 -7 7 -9 -10 10 -12 -13 13 14 16 -17 -18 -19 19 -21 -22 -23
leaf_value=-8.3570885124816585e-08 1.7277310981071162e-07 -2.5493336574982099e-06 2.5887851919037531e-06 -5.4628254342029933e-06 1.5764360206823632e-06 -5.5662481463514269e-07 -8.7794969225623863e-07 5.7004590003502517e-06 -2.2515492687221815e-06 -3.504229682351122e-06 9.9529709773494865e-07 -4.7916251094734659e-07 2.1280983125903637e-07 2.8676495069455332e-07 1.7337361905826282e-06 -3.2276303750222723e-06 -1.9253750415079977e-08 1.7406445172773113e-06 -1.1875971502941586e-06 1.1692104021676643e-07 8.0819187865523019e-07 3.508755883711824e-07
leaf_weight=3946 2226 25 26 24 27 25 21 22 34 21 39 21 39 22 24 20 155 37 29 25 27 43
leaf_count=3946 2226 25 26 24 27 25 21 22 34 21 39 21 39 22 24 20 155 37 29 25 27 43
internal_value=5.88744e-16 1.30094e-07 1.57947e-07 1.3138e-07 -1.34815e-06 -2.95966e-06 1.80206e-07 2.48775e-06 1.36301e-07 -7.10721e-08 -5.53514e-07 -1.9917e-06 -6.21237e-08 1.78737e-07 -8.87712e-08 -1.38676e-06 2.15784e-07 9.56624e-07 -7.97e-08 -5.83654e-07 -7.29238e-08 -7.88877e-08
internal_weight=6878 2430 2405 2379 76 49 2303 43 2260 4448 81 42 4367 297 221 42 179 76 4070 54 4016 3989
internal_count=6878 2430 2405 2379 76 49 2303 43 2260 4448 81 42 4367 297 221 42 179 76 4070 54 4016 3989
is_linear=0
shrinkage=0.05


Tree=98
num_leaves=12
num_cat=0
split_feature=5 14 8 15 8 5 11 8 8 23 21
split_gain=2.5438e-08 2.2864e-08 2.77462e-08 6.32965e-08 5.86651e-08 6.00123e-08 5.4809e-08 4.51721e-08 1.24742e-08 2.57684e-08 8.48915e-09
threshold=26.250000000000004 0.99995780822346225 263.47423577758337 -0.99983123799342477 265.67311376027436 9.5500000000000025 21.006250000000005 262.77088913376446 258.44490064136215 798.50000000000011 981.50000000000011
decision_type=2 2 2 2 2 2 2 2 2 2 2
left_child=1 2 7 -4 6 -6 -5 8 10 -10 -1
right_child=-2 -3 3 4 5 -7 -8 -9 9 -11 -12
leaf_value=-8.1772565814091277e-08 1.4064494552101793e-06 -1.5471314161648782e-06 -2.5264744666938815e-06 3.3289826359561164e-06 -1.3382660494995191e-07 3.9475707808140274e-07 5.6993244112601572e-07 -2.1110956755297527e-06 7.1426573302397006e-07 -1.1930270342678082e-06 5.7345979223555344e-07
leaf_weight=4356 32 24 22 27 1123 1029 54 27 113 21 50
leaf_count=4356 32 24 22 27 1123 1029 54 27 113 21 50
internal_value=-1.32529e-16 -6.57411e-09 -1.15439e-09 1.42348e-07 1.68642e-07 1.18921e-07 1.48962e-06 -7.20099e-08 -5.98832e-08 4.15362e-07 -7.43369e-08
internal_weight=6878 6846 6822 2255 2233 2152 81 4567 4540 134 4406
internal_count=6878 6846 6822 2255 2233 2152 81 4567 4540 134 4406
is_linear=0
shrinkage=0.05


Tree=99
num_leaves=31
num_cat=0
split_feature=12 18 23 27 22 23 17 17 18 27 5 17 22 22 27 5 12 12 3 17 9 19 8 9 5 9 12 8 9 3
split_gain=2.31002e-08 4.02386e-08 9.80554e-08 7.67251e-08 5.71387e-08 5.59369e-08 8.7736e-08 1.46673e-07 1.07381e-07 4.90589e-08 5.00392e-08 7.81447e-08 4.79922e-08 5.56537e-08 2.14444e-08 1.27762e-08 2.17356e-08 1.07226e-08 3.81577e-08 3.15499e-08 3.80694e-08 3.21869e-08 3.81322e-09 2.51922e-09 3.55701e-09 2.02683e-09 3.25815e-09 1.80187e-09 4.07277e-10 1.17197e-11
threshold=-0.9159756150367534 8.7105000000000014e-05 50.500000000000007 60.500000000000007 33.500000000000007 178.50000000000003 0.96184562241374971 0.9498237307892613 0.00020346500000000003 91.833333333333357 5.0500000000000007 0.87244288156085525 370.50000000000006 396.50000000000006 39.500000000000007 1.2000000000000004 -1.0000000180025095e-35 -0.25881904510252113 11.65 0.9999486178193403 49.003980492402626 0.00026799000000000001 342.23210573242926 -42.971027409008961 4.2500000000000009 -67.261394829070341 0.12940952255126045 178.30265023231252 -67.261394829070341 15.250000000000002
decision_type=2 2 2 2 2 2 2 2 2 2 2 2 2 2 2 2 2 2 2 2 2 2 2 2 2 2 2 2 2 2
left_child=1 2 4 -4 14 9 7 8 -7 10 -3 -12 -8 -14 -1 16 -2 18 -17 21 -21 -20 25 28 -25 26 -19 -27 -24 -18
right_child=15 5 3 -5 -6 6 12 -9 -10 -11 11 -13 13 -15 -16 17 29 22 19 20 -22 -23 23 24 -26 27 -28 -29 -30 -31
leaf_value=6.5742511651478713e-07 -1.9670943938466658e-06 3.8318315134910375e-06 -3.6339044875015082e-06 1.5559499295456839e-07 2.9132874078641183e-06 -2.2533084554445601e-06 2.8282381000670804e-06 -3.3034458484897708e-06 3.6783617771370154e-07 -1.0081461910193044e-06 2.0518041993283706e-06 -8.2623271784059943e-07 -1.6132078772421838e-06 1.2394697453442939e-06 -1.3718464831823521e-06 -1.7986215332846904e-06 -3.4828970001399289e-08 -6.1256640538108835e-07 2.8728045811664235e-07 -2.8395717367857288e-06 2.0849991664189952e-07 -1.3356066237877998e-07 -2.6867121975775606e-07 -6.1114684147156605e-07 1.8250694129307023e-07 -6.737819760537623e-08 -8.8001352420824816e-08 5.4630172345286319e-08 -4.8384330150233986e-07 -8.7162976816888782e-08
leaf_weight=30 23 21 34 22 20 44 35 35 349 21 77 34 21 92 23 27 20 43 1167 20 21 744 29 20 48 3316 95 333 91 23
leaf_count=30 23 21 34 22 20 44 35 35 349 21 77 34 21 92 23 27 20 43 1167 20 21 744 29 20 48 3316 95 333 91 23
internal_value=3.23589e-16 2.42717e-07 -5.71268e-07 -2.14517e-06 6.3611e-07 3.86756e-07 1.61026e-07 -2.01849e-07 7.43747e-08 1.23656e-06 1.59368e-06 1.17024e-06 1.21042e-06 7.09326e-07 -2.23202e-07 -3.45933e-08 -7.26432e-07 -2.69243e-08 6.81715e-08 9.39929e-08 -1.27836e-06 1.23437e-07 -7.42688e-08 -2.94063e-07 -5.09206e-08 -6.33575e-08 -2.51453e-07 -5.6244e-08 -4.31843e-07 -6.28216e-08
internal_weight=6878 858 129 56 73 729 576 428 393 153 132 111 148 113 53 6020 66 5954 1979 1952 41 1911 3975 188 68 3787 138 3649 120 43
internal_count=6878 858 129 56 73 729 576 428 393 153 132 111 148 113 53 6020 66 5954 1979 1952 41 1911 3975 188 68 3787 138 3649 120 43
is_linear=0
shrinkage=0.05


Tree=100
num_leaves=14
num_cat=0
split_feature=5 14 12 5 1 0 14 5 12 15 14 12 27
split_gain=2.28704e-08 2.03488e-08 2.03846e-08 4.92003e-08 3.6042e-08 1.29412e-07 9.67482e-08 1.15351e-08 1.96163e-08 1.13289e-08 2.88069e-08 1.65473e-08 7.63343e-12
threshold=27.900000000000002 0.99995780822346225 -0.9159756150367534 19.950000000000003 422.40000000000003 173.50000000000003 0.93544191479114935 1.2000000000000004 -1.0000000180025095e-35 0.91245913578114801 0.31799963745711152 -0.25881904510252113 30.500000000000004
decision_type=2 2 2 2 2 2 2 2 2 2 2 2 2
left_child=1 2 3 4 6 -6 -1 8 -4 11 -11 -9 -10
right_child=-2 -3 7 -5 5 -7 -8 9 12 10 -12 -13 -14
leaf_value=3.3331043023345942e-07 1.5740403183451198e-06 -1.4586372363586029e-06 -1.8687396643303067e-06 -1.8714609550611555e-06 -3.8341366072407782e-06 1.8498566470835312e-07 2.6412514148003815e-06 1.1452950360672187e-07 -3.8118092843000171e-08 3.1999683287953605e-08 -9.1028518106668343e-07 -6.8698235084047059e-08 -8.0262796522199342e-08
leaf_weight=317 23 24 23 27 21 433 53 1844 21 231 125 3714 22
leaf_count=317 23 24 23 27 21 433 53 1844 21 231 125 3714 22
internal_value=1.20672e-15 -5.28124e-09 -1.75029e-10 2.28788e-07 2.97606e-07 -9.20872e-10 6.63907e-07 -3.27582e-08 -6.9011e-07 -2.54221e-08 -2.98859e-07 -7.90803e-09 -5.96805e-08
internal_weight=6878 6855 6831 851 824 454 370 5980 66 5914 356 5558 43
internal_count=6878 6855 6831 851 824 454 370 5980 66 5914 356 5558 43
is_linear=0
shrinkage=0.05


Tree=101
num_leaves=21
num_cat=0
split_feature=5 5 12 12 17 18 14 11 14 27 22 11 8 5 8 12 14 7 8 8
split_gain=2.11077e-08 2.00986e-08 5.4421e-08 2.38326e-08 4.02672e-08 7.55278e-08 6.5873e-08 4.81621e-08 4.12144e-08 3.19105e-08 1.65015e-08 9.90736e-09 8.83649e-09 6.90133e-09 1.68541e-08 6.57147e-09 2.06726e-08 3.02956e-09 9.91728e-10 1.23382e-10
threshold=26.250000000000004 20.550000000000004 -0.70710678118654735 -0.78656609248549292 0.48563697628355668 1.1550000000000001e-05 0.85226249403558707 16.415625000000002 0.98372640911059162 84.166666666666671 9.5000000000000018 13.231250000000001 224.72111322930317 1.2000000000000004 279.77915454520326 -0.25881904510252113 -0.99630266176052629 130.90815691121261 175.38697478176792 84.486030854091027
decision_type=2 2 2 2 2 2 2 2 2 2 2 2 2 2 2 2 2 2 2 2
left_child=1 3 -3 4 6 10 9 -7 -8 -1 -6 -4 18 14 19 16 -15 -17 -13 -5
right_child=-2 2 11 13 5 7 8 -9 -10 -11 -12 12 -14 15 -16 17 -18 -19 -20 -21
leaf_value=8.3741081671097624e-07 1.2811578288030036e-06 -2.1937031662171074e-06 -9.284468444281658e-07 -7.607593088013429e-08 -1.0433741817905683e-06 2.5837590646915489e-06 3.7274228807965067e-06 1.0801067926370544e-07 8.797366869354543e-07 -5.8932909572225377e-07 -3.0744789128789311e-06 -2.6205311869060269e-08 9.9118059757702654e-07 1.0812698638673623e-06 -1.7578777823246127e-06 -4.1965913949215325e-08 2.467582175260148e-08 -1.4833793944557735e-07 -3.2264988389075514e-07 9.5514876718993957e-08
leaf_weight=113 32 38 32 22 20 20 27 1104 24 60 20 102 21 48 20 2948 1302 866 39 20
leaf_count=113 32 38 32 22 20 20 27 1104 24 60 20 102 21 48 20 2948 1302 866 39 20
internal_value=-6.56455e-16 -5.98847e-09 -4.63416e-07 1.00568e-08 1.94225e-07 7.60841e-08 8.08133e-07 1.52063e-07 2.38734e-06 3.42588e-07 -2.05893e-06 -1.24494e-07 3.43118e-08 -3.88573e-08 -5.63241e-07 -3.25614e-08 6.22436e-08 -6.61186e-08 -1.08201e-07 5.63398e-09
internal_weight=6878 6846 232 6614 1388 1164 224 1124 51 173 40 194 162 5226 62 5164 1350 3814 141 42
internal_count=6878 6846 232 6614 1388 1164 224 1124 51 173 40 194 162 5226 62 5164 1350 3814 141 42
is_linear=0
shrinkage=0.05


Tree=102
num_leaves=16
num_cat=0
split_feature=15 5 8 14 14 14 15 14 8 8 4 17 8 14 21
split_gain=1.97111e-08 4.5485e-08 2.23189e-08 6.79804e-08 5.71774e-08 6.73368e-08 1.87608e-07 7.23776e-08 4.21912e-08 1.08527e-08 5.06637e-08 2.23455e-08 7.67375e-09 6.25487e-08 6.55068e-09
threshold=-0.99983123799342477 13.250000000000002 263.47423577758337 0.99966190462023474 0.99865421017599998 0.9916835347852474 0.04621408538533487 0.93544191479114935 262.77088913376446 258.44490064136215 1.0000000180025095e-35 0.952515639027112 255.6847745887824 0.41398981800788198 1000.5000000000001
decision_type=2 2 2 2 2 2 2 2 2 2 2 2 2 2 2
left_child=1 -1 8 4 5 7 -7 -4 9 12 -11 -12 14 -14 -2
right_child=2 -3 3 -5 -6 6 -8 -9 -10 10 11 -13 13 -15 -16
leaf_value=5.9500323311073346e-07 -5.3839122811721516e-08 -2.4859892560016305e-06 9.1889073816515075e-08 -2.5105925359980575e-06 2.5920830481140912e-06 1.4880203444533891e-06 -3.6483513591178963e-06 1.0635314787099723e-06 -2.0268531157112365e-06 1.9446711052607594e-06 2.0187604028857702e-07 -1.6103358981147474e-06 -1.8790539483927117e-06 9.017141460040315e-07 7.274037998770298e-07
leaf_weight=23 4314 25 1913 24 24 32 40 213 27 38 75 22 42 39 27
leaf_count=23 4314 25 1913 24 24 32 40 213 27 38 75 22 42 39 27
internal_value=1.29016e-15 -1.00968e-06 7.09585e-09 1.36222e-07 1.6481e-07 1.38307e-07 -1.36552e-06 1.89236e-07 -5.61714e-08 -4.44952e-08 3.97117e-07 -2.09141e-07 -5.79773e-08 -5.40166e-07 -4.898e-08
internal_weight=6878 48 6830 2246 2222 2198 72 2126 4584 4557 135 97 4422 81 4341
internal_count=6878 48 6830 2246 2222 2198 72 2126 4584 4557 135 97 4422 81 4341
is_linear=0
shrinkage=0.05


Tree=103
num_leaves=16
num_cat=0
split_feature=14 14 14 13 14 27 2 21 14 14 3 14 21 11 14
split_gain=1.73222e-08 1.5928e-08 2.85692e-08 3.69285e-08 2.24557e-08 8.28254e-08 4.50797e-08 6.56591e-08 3.40195e-08 8.45379e-08 7.32319e-08 5.68238e-08 3.18207e-08 2.58382e-08 1.35331e-08
threshold=0.99995780822346225 0.99907018497641664 0.99966190462023474 -0.12940952255126037 0.9916835347852474 99.500000000000014 172.50000000000003 1.5000000000000002 0.98522604642031408 0.98213580174693105 20.150000000000002 0.96465729447553372 80.500000000000014 13.306250000000002 0.99983759474438971
decision_type=2 2 2 2 2 2 2 2 2 2 2 2 2 2 2
left_child=1 4 3 -3 8 6 7 -6 9 11 13 -1 -11 -10 -4
right_child=-2 2 14 -5 5 -7 -8 -9 10 12 -12 -13 -14 -15 -16
leaf_value=-1.4809443542585921e-08 -1.3409313008120687e-06 -9.0663831997517264e-10 -1.0578896739351271e-06 2.7824799758491284e-06 -3.2239725276466488e-07 2.5201967944997796e-06 8.5038268551329574e-07 -2.2611179908871295e-06 -6.305523055384267e-07 -8.5818886361721527e-07 3.6091235968171991e-06 8.1032242002160507e-07 -3.4351729870314047e-06 9.9286115316812234e-07 6.2121774059657288e-07
leaf_weight=6134 24 22 24 26 111 21 36 72 43 25 20 216 23 57 24
leaf_count=6134 24 22 24 26 111 21 36 72 43 25 20 216 23 57 24
internal_value=-1.5372e-16 4.69541e-09 6.44213e-07 1.50676e-06 -4.38918e-09 -4.7937e-07 -7.66999e-07 -1.08517e-06 1.31001e-08 -2.54379e-09 8.47182e-07 1.3258e-08 -2.09299e-06 2.94793e-07 -2.18336e-07
internal_weight=6878 6854 96 48 6758 240 219 183 6518 6398 120 6350 48 100 48
internal_count=6878 6854 96 48 6758 240 219 183 6518 6398 120 6350 48 100 48
is_linear=0
shrinkage=0.05


Tree=104
num_leaves=28
num_cat=0
split_feature=5 15 14 14 12 12 18 27 12 14 15 15 12 27 15 12 12 15 12 15 15 11 4 12 5 12 7
split_gain=1.9109e-08 1.81145e-08 7.13098e-08 1.59767e-07 2.37678e-07 9.23427e-08 8.52882e-08 5.58235e-08 9.02348e-08 5.15147e-08 5.04061e-08 6.64209e-08 1.47276e-07 7.6795e-08 6.04079e-08 5.34051e-08 5.22318e-08 3.40848e-08 8.63522e-08 6.73505e-08 2.79332e-08 1.25311e-08 1.20557e-08 7.82429e-09 3.42216e-09 1.06056e-09 4.66151e-11
threshold=26.250000000000004 -0.73865259438682551 0.54219432480460406 0.51297097409535064 -0.25881904510252113 1.0000000180025095e-35 0.0005831050000000001 77.500000000000014 -0.5 0.48314048284850658 -0.6391983530350368 -0.68432604233786842 -0.5 43.500000000000007 -0.71502926860092908 -0.70710678118654735 -0.5 -0.60555643346685839 -0.70710678118654735 -0.59867820553660911 -0.46800559042974538 15.328125000000002 21.500000000000004 1.0000000180025095e-35 13.65 0.25881904510252091 122.40626089446307
decision_type=2 2 2 2 2 2 2 2 2 2 2 2 2 2 2 2 2 2 2 2 2 2 2 2 2 2 2
left_child=1 2 3 7 -5 6 21 9 -9 -1 11 14 13 -13 16 -16 -3 18 -12 -19 -21 -4 -8 -14 -20 -7 -27
right_child=-2 10 5 4 -6 25 22 8 -10 -11 17 12 23 -15 15 -17 -18 19 24 20 -22 -23 -24 -25 -26 26 -28
leaf_value=-2.5269753937060074e-08 1.2189942900420193e-06 -2.6127856039614986e-06 1.9812327061365731e-06 -6.9979554609744813e-06 1.3863611789994529e-07 2.7992039605351241e-07 -5.7018934309939069e-07 3.5368876388020002e-06 2.1358117070491291e-07 1.6366190729755205e-06 3.143082432567705e-06 -4.8278479526844527e-06 -1.0311806570533527e-06 -9.6360628148772792e-07 2.5462912482983789e-06 1.1033064075781517e-07 -1.3873803057506963e-07 -2.6757501518185718e-06 2.7456504708738816e-07 3.6152079674416445e-07 -6.2651000380794616e-08 3.4089091362451053e-06 1.0317465540291929e-06 -6.6057126532758142e-08 -3.6953374653592165e-07 -1.0186496126607381e-07 -1.872090643928459e-07
leaf_weight=1634 32 32 22 20 28 20 23 30 64 48 30 36 28 20 30 90 64 24 58 432 3822 51 24 84 32 80 20
leaf_count=1634 32 32 22 20 28 20 23 30 64 48 30 36 28 20 30 90 64 24 58 432 3822 51 24 84 32 80 20
internal_value=-8.088e-16 -5.6979e-09 1.18101e-07 1.14942e-08 -2.83494e-06 9.28309e-07 1.90908e-06 8.8425e-08 1.27421e-06 2.21563e-08 -5.91316e-08 -6.08506e-07 -1.35415e-06 -3.44776e-06 -2.85643e-08 7.19321e-07 -9.63421e-07 -1.11644e-08 8.19935e-07 -3.44771e-08 -1.95757e-08 2.97865e-06 2.4782e-07 -3.07338e-07 4.55521e-08 -5.24581e-08 -1.18934e-07
internal_weight=6878 6846 2064 1824 48 240 120 1776 94 1682 4782 384 168 56 216 120 96 4398 120 4278 4254 73 47 112 90 120 100
internal_count=6878 6846 2064 1824 48 240 120 1776 94 1682 4782 384 168 56 216 120 96 4398 120 4278 4254 73 47 112 90 120 100
is_linear=0
shrinkage=0.05


Tree=105
num_leaves=20
num_cat=0
split_feature=15 12 12 15 17 23 9 5 23 5 8 15 15 8 27 8 9 8 3
split_gain=1.7715e-08 4.49674e-08 2.28543e-08 3.31514e-08 3.63726e-08 8.52979e-08 4.61653e-08 5.04623e-08 4.34817e-08 5.80052e-09 1.47402e-08 5.9694e-09 1.86921e-08 5.49786e-08 1.48914e-08 1.19942e-08 3.36368e-08 6.57374e-09 1.44122e-10
threshold=-0.99983123799342477 -0.25881904510252113 -0.78656609248549292 -0.99864786094873803 0.48563697628355668 9.5000000000000018 -18.562383315377641 3.9500000000000006 26.500000000000004 1.2000000000000004 279.77915454520326 -0.73284120334876357 -0.84313311835787952 298.00922809614991 77.500000000000014 307.44630236150971 -36.904476305830336 302.05608334128959 15.250000000000002
decision_type=2 2 2 2 2 2 2 2 2 2 2 2 2 2 2 2 2 2 2
left_child=1 -1 3 -2 6 -6 -5 -8 -7 10 18 12 14 -14 -11 17 -17 -13 -4
right_child=2 -3 9 4 5 8 7 -9 -10 11 -12 15 13 -15 -16 16 -18 -19 -20
leaf_value=-2.7679579864070551e-06 2.2065286956518549e-06 3.3621160807152862e-07 1.0817127739259913e-07 -1.1673091717869154e-06 -2.5019985905316844e-06 1.6751302723605478e-06 -1.3822452956446797e-06 1.2651406566356451e-06 5.4297452809800719e-08 -9.966047029126806e-08 -1.6381876466198266e-06 -4.7562284683115115e-08 2.5642905113018769e-08 1.4304337577739387e-06 6.0243744522451533e-07 -1.8171142544110272e-07 -1.7607834154804352e-06 4.4560339693302728e-07 -7.7281542070812229e-08
leaf_weight=20 20 28 20 28 32 43 20 180 1097 1117 20 3265 308 90 81 381 37 69 22
leaf_count=20 20 28 20 28 32 43 20 180 1097 1117 20 3265 308 90 81 381 37 69 22
internal_value=3.01483e-16 -9.57192e-07 6.72697e-09 1.85252e-07 1.56376e-07 4.39684e-08 7.34192e-07 1.0004e-06 1.15434e-07 -4.01316e-08 -5.20976e-07 -3.45571e-08 4.64372e-08 3.43309e-07 -5.21897e-08 -6.90099e-08 -3.21486e-07 -3.73558e-08 1.10293e-08
internal_weight=6878 48 6830 1420 1400 1172 228 200 1140 5410 62 5348 1596 398 1198 3752 418 3334 42
internal_count=6878 48 6830 1420 1400 1172 228 200 1140 5410 62 5348 1596 398 1198 3752 418 3334 42
is_linear=0
shrinkage=0.05


Tree=106
num_leaves=17
num_cat=0
split_feature=5 15 12 15 15 12 12 11 15 12 2 14 8 9 15 16
split_gain=1.73369e-08 1.58269e-08 4.05831e-08 2.03804e-08 4.61955e-08 8.69983e-08 3.81374e-08 2.17816e-08 2.16143e-08 1.85918e-08 9.06002e-08 1.49027e-08 4.36272e-09 9.34252e-09 4.105e-09 1.45158e-09
threshold=27.900000000000002 -0.99983123799342477 -0.25881904510252113 -0.97111920233974802 -0.96234030595689413 -0.60355339059327362 -0.5 19.909375000000001 -0.99465740988130902 -0.98296291314453399 136.50000000000003 -0.99866806308218525 326.12423047573299 -36.595518766941346 -0.96687281075841669 1001.9250000000001
decision_type=2 2 2 2 2 2 2 2 2 2 2 2 2 2 2 2
left_child=1 2 -1 6 5 -5 7 -3 -9 10 -6 -11 15 -14 -7 -8
right_child=-2 3 -4 4 9 14 12 8 -10 11 -12 -13 13 -15 -16 -17
leaf_value=-2.6295601196579812e-06 1.3704526452329448e-06 2.0981093524008837e-06 3.1940103732657532e-07 -3.459632987252397e-06 1.1907796112424456e-07 -5.3659470387568789e-07 -4.265076934464482e-08 -6.4640485066190332e-08 1.0612719823757234e-06 4.8667311326933458e-07 3.4770529406490493e-06 -3.9175527151782968e-08 -1.0621541058424392e-07 1.1319816350123801e-06 2.4037176507530443e-07 -4.3086054863404292e-07
leaf_weight=20 23 29 28 28 231 34 326 70 109 138 22 5696 39 25 34 26
leaf_count=20 23 29 28 28 231 34 326 70 109 138 22 5696 39 25 34 26
internal_value=-1.05346e-15 -4.59816e-09 -9.09333e-07 1.78163e-09 -2.57031e-08 -1.11397e-06 2.74118e-07 8.26918e-07 6.20971e-07 -8.53963e-09 4.11076e-07 -2.67369e-08 -2.28218e-09 3.77455e-07 -1.48111e-07 -7.13254e-08
internal_weight=6878 6855 48 6807 6183 96 624 208 179 6087 253 5834 416 64 68 352
internal_count=6878 6855 48 6807 6183 96 624 208 179 6087 253 5834 416 64 68 352
is_linear=0
shrinkage=0.05


Tree=107
num_leaves=21
num_cat=0
split_feature=5 5 3 27 14 14 27 20 14 14 16 3 11 3 3 5 5 21 7 27
split_gain=1.57978e-08 1.7571e-08 4.473e-08 7.7748e-08 1.7502e-08 5.88241e-08 1.48462e-07 4.71303e-08 2.39228e-08 5.92391e-08 1.75478e-08 1.75317e-08 1.15756e-08 1.33504e-08 1.10171e-08 1.40022e-08 8.28015e-09 3.38737e-09 3.11781e-10 2.54963e-11
threshold=26.250000000000004 20.550000000000004 13.65 76.833333333333357 -0.99630266176052629 -0.99275805973510278 0.83333333333333337 0.00023764000000000004 -0.98523971305672675 -0.95995996396290595 3.5649999999999999 18.550000000000004 15.403125000000001 16.150000000000002 18.550000000000004 9.5500000000000025 17.250000000000004 754.50000000000011 142.7861645084927 5.5000000000000009
decision_type=2 2 2 2 2 2 2 2 2 2 2 2 2 2 2 2 2 2 2 2
left_child=1 4 3 -3 14 6 7 -6 11 -10 -8 -7 -4 -14 18 -16 -17 -15 19 -1
right_child=-2 2 12 -5 5 8 10 -9 9 -11 -12 -13 13 17 15 16 -18 -19 -20 -21
leaf_value=8.30910028612596e-09 1.1083609294360031e-06 -4.1726645832795842e-06 1.0180328775363923e-06 -2.606747878749397e-08 -5.1655647967306455e-06 1.0621774596800555e-07 -2.3805528378355068e-07 -1.7741010884719801e-06 -6.7291177574136981e-07 3.4229849406012555e-08 1.6002308211140882e-06 1.2097191434719836e-06 -1.1452470203260346e-06 -1.138861661196511e-07 1.5487843576725679e-06 5.9436827614971031e-07 -5.1482296726135246e-07 5.9206258072208586e-07 -2.6568466345062397e-07 -6.7892030440065274e-08
leaf_weight=21 32 20 21 26 21 73 34 20 312 5836 21 71 32 113 35 106 20 20 21 23
leaf_count=21 32 20 21 26 21 73 34 20 312 5836 21 71 32 113 35 106 20 20 21 23
internal_value=-2.89972e-16 -5.18077e-09 -4.3288e-07 -1.82894e-06 9.82168e-09 -5.47699e-09 -1.23383e-06 -3.51119e-06 1.32646e-08 -1.65632e-09 4.63836e-07 6.50305e-07 -8.76188e-08 -2.28338e-07 4.42246e-07 6.64062e-07 4.18306e-07 -7.72846e-09 -1.07175e-07 -3.15233e-08
internal_weight=6878 6846 232 46 6614 6388 96 41 6292 6148 55 144 186 165 226 161 126 133 65 44
internal_count=6878 6846 232 46 6614 6388 96 41 6292 6148 55 144 186 165 226 161 126 133 65 44
is_linear=0
shrinkage=0.05


Tree=108
num_leaves=23
num_cat=0
split_feature=14 12 18 17 22 7 21 27 5 12 15 15 3 14 15 12 15 15 21 14 5 15
split_gain=1.53758e-08 1.69814e-08 3.3553e-08 4.09013e-08 2.85149e-08 9.50831e-08 6.8921e-08 2.62661e-08 1.13197e-08 2.46061e-08 6.26648e-08 5.38901e-08 4.86201e-08 1.71313e-08 8.12196e-08 1.82512e-07 2.59043e-08 1.78689e-08 4.37276e-08 3.20804e-08 1.07855e-09 6.31651e-10
threshold=0.99995780822346225 -0.9159756150367534 1.1550000000000001e-05 0.48563697628355668 133.50000000000003 83.466320785161358 238.50000000000003 99.166666666666671 13.450000000000001 -0.25881904510252113 0.76693674423623703 -0.54940789553007929 16.450000000000003 0.67167992559793654 -0.35042475891464198 -0.5 -0.30164489695395946 -0.35846086284744721 814.50000000000011 0.54219432480460406 25.700000000000006 -0.99628250747696534
decision_type=2 2 2 2 2 2 2 2 2 2 2 2 2 2 2 2 2 2 2 2 2 2
left_child=1 2 -1 7 6 -6 -5 -4 13 10 11 -10 -12 17 15 -15 -16 19 -19 -3 21 -11
right_child=-2 8 3 4 5 -7 -8 -9 9 20 12 -13 -14 14 16 -17 -18 18 -20 -21 -22 -23
leaf_value=-1.5918769568088464e-06 -1.2633535021677745e-06 2.2886575343772363e-08 4.9244695614818388e-07 -5.6438387946400329e-07 1.7165585210469817e-07 -2.9135876607492371e-06 1.8321583978225441e-06 2.8569908958312837e-06 -1.2433674474165025e-07 1.7058192645080796e-07 -3.0819808569049203e-06 9.5139754111107035e-07 -2.4118306997166417e-07 -2.7480323357460724e-06 1.0046247524091058e-06 -2.0401106827272081e-07 -4.328447938284388e-08 -1.0885655457135488e-07 -2.2654593478203351e-06 6.9012261181693886e-07 -4.1880751545875226e-07 -5.4963067204471138e-08
leaf_weight=25 24 1600 23 50 632 26 75 24 184 32 20 317 61 94 63 282 923 1139 24 203 20 1037
leaf_count=25 24 1600 23 50 632 26 75 24 184 32 20 317 61 94 63 282 923 1139 24 203 20 1037
internal_value=-9.65884e-17 4.42376e-09 2.12892e-07 2.67253e-07 1.81259e-07 4.97465e-08 8.73541e-07 1.69987e-06 -2.5288e-08 8.52478e-08 3.47703e-07 5.56317e-07 -9.42615e-07 -6.79648e-08 -2.14762e-07 -8.40016e-07 2.36712e-08 -5.54696e-10 -1.53361e-07 9.80108e-08 -5.50177e-08 -4.82115e-08
internal_weight=6878 6854 855 830 783 658 125 47 5999 1671 582 501 81 4328 1362 376 986 2966 1163 1803 1089 1069
internal_count=6878 6854 855 830 783 658 125 47 5999 1671 582 501 81 4328 1362 376 986 2966 1163 1803 1089 1069
is_linear=0
shrinkage=0.05


Tree=109
num_leaves=23
num_cat=0
split_feature=15 5 12 15 25 22 14 22 3 14 15 21 21 4 27 14 7 5 8 8 27 15
split_gain=1.45765e-08 3.99665e-08 1.87824e-08 3.00656e-08 2.95808e-08 6.53174e-08 8.32981e-08 7.28892e-08 4.3875e-08 6.21496e-08 3.65756e-08 8.79387e-09 1.29422e-08 1.38913e-08 1.90789e-08 1.166e-08 1.845e-08 8.69137e-09 5.36956e-09 5.76133e-09 4.21467e-09 2.60341e-09
threshold=-0.99983123799342477 13.250000000000002 -0.78656609248549292 -0.99864786094873803 0.00012594113899328579 289.50000000000006 0.9916835347852474 370.50000000000006 20.150000000000002 0.76696112484652046 0.097680735332368748 963.50000000000011 897.50000000000011 2.5000000000000004 43.500000000000007 0.92273069556937592 27.211074475547981 10.15 342.23210573242926 215.01485218476412 1.1666666666666667 -0.90161545992537195
decision_type=2 2 2 2 2 2 2 2 2 2 2 2 2 2 2 2 2 2 2 2 2 2
left_child=1 -1 3 -2 5 6 -5 -7 10 -10 -6 12 18 17 -15 16 20 -14 19 -4 -13 -20
right_child=2 -3 11 4 8 7 -8 -9 9 -11 -12 15 13 14 -16 -17 -18 -19 21 -21 -22 -23
leaf_value=6.3592217479115629e-07 2.0928514595652815e-06 -2.252128915756657e-06 -5.4494791367147082e-08 3.1925542557276399e-07 2.4128339898905121e-08 3.2815340130367221e-06 -2.0297601022534199e-06 3.0752377913106309e-07 -1.7290345728908238e-07 1.2961001359198834e-06 -1.7024827528789694e-06 -1.9183679869330365e-07 5.1834812495599183e-07 -1.7097213947042804e-06 1.9770543720672626e-09 -6.630000669360925e-07 1.6863614506284086e-06 -4.7068929465767494e-07 1.8329053696192515e-09 6.7349155620405017e-08 6.345603900904786e-07 -4.1214020319387994e-07
leaf_weight=23 20 25 3623 668 54 38 40 45 396 88 71 36 36 41 27 21 29 58 53 1325 27 134
leaf_count=23 20 25 3623 668 54 38 40 45 396 88 71 36 36 41 27 21 29 58 53 1325 27 134
internal_value=-1.73463e-16 -8.68271e-07 6.10205e-09 1.67944e-07 1.40445e-07 3.4211e-07 1.86543e-07 1.66912e-06 -1.21488e-07 9.41881e-08 -9.56587e-07 -3.63776e-08 -4.56884e-08 -4.85708e-07 -1.03008e-06 4.00075e-07 6.42734e-07 -9.1909e-08 -3.18066e-08 -2.18668e-08 1.62333e-07 -2.94811e-07
internal_weight=6878 48 6830 1420 1400 791 708 83 609 484 125 5410 5297 162 68 113 92 94 5135 4948 63 187
internal_count=6878 48 6830 1420 1400 791 708 83 609 484 125 5410 5297 162 68 113 92 94 5135 4948 63 187
is_linear=0
shrinkage=0.05


Tree=110
num_leaves=21
num_cat=0
split_feature=5 5 8 3 14 14 4 8 8 14 14 8 9 5 5 8 8 8 0 6
split_gain=1.45354e-08 1.56874e-08 4.33896e-08 5.89353e-08 1.61189e-08 5.27383e-08 8.27623e-08 1.81399e-07 2.60748e-08 2.14211e-08 5.37041e-08 3.41053e-08 1.80421e-08 1.28036e-08 3.08077e-09 4.94624e-09 3.52426e-09 1.64211e-10 1.08761e-10 1.7838e-11
threshold=26.250000000000004 20.550000000000004 241.47447747126355 13.65 -0.99630266176052629 -0.99275805973510278 2.5000000000000004 228.4487711701731 208.74077742930891 -0.98523971305672675 -0.95995996396290595 226.39009706154982 -42.971027409008961 9.3500000000000032 23.150000000000002 176.61211869847395 208.74077742930891 157.56050214773725 665.50000000000011 0.00015790500000000004
decision_type=2 2 2 2 2 2 2 2 2 2 2 2 2 2 2 2 2 2 2 2
left_child=1 4 14 -4 8 6 7 -6 18 11 -11 -7 -10 -14 16 -16 17 -3 19 -1
right_child=-2 2 3 -5 5 9 -8 -9 12 10 -12 -13 13 -15 15 -17 -18 -19 -20 -21
leaf_value=-5.1251958199360607e-08 1.0631525857007774e-06 1.3807424655472764e-08 -3.5699410743646973e-06 -2.0582439371234312e-07 -9.0114640849086368e-08 -3.5250645966232782e-08 6.4517616938755244e-07 -5.8062592598695991e-06 -2.8562975661440182e-07 -6.4097628271404414e-07 3.2319280429178224e-08 1.5255490647329378e-06 2.4271715471968492e-06 9.8048717212315332e-07 5.81075223493599e-09 -9.7488760875563674e-07 6.9279440465054776e-07 -1.4309125942548107e-07 -1.9142240745395611e-07 -1.0010312112740394e-07
leaf_weight=74 32 81 23 30 35 84 38 23 22 312 5836 60 20 65 36 20 21 21 20 25
leaf_count=74 32 81 23 30 35 84 38 23 22 312 5836 60 20 65 36 20 21 21 20 25
internal_value=1.30939e-15 -4.96945e-09 -4.09094e-07 -1.66572e-06 9.20606e-09 -5.47568e-09 -1.16856e-06 -2.35686e-06 4.24193e-07 1.227e-08 -1.84926e-09 6.15083e-07 9.90572e-07 1.32088e-06 -3.7019e-08 -3.44439e-07 1.02944e-07 -1.84952e-08 -8.50729e-08 -6.35881e-08
internal_weight=6878 6846 232 53 6614 6388 96 58 226 6292 6148 144 107 85 179 56 123 102 119 99
internal_count=6878 6846 232 53 6614 6388 96 58 226 6292 6148 144 107 85 179 56 123 102 119 99
is_linear=0
shrinkage=0.05


Tree=111
num_leaves=21
num_cat=0
split_feature=14 8 8 26 3 23 11 8 3 14 15 9 1 14 8 27 14 8 14 21
split_gain=1.36849e-08 1.60724e-08 5.14748e-08 4.69139e-08 4.43128e-08 4.86394e-08 6.27748e-08 3.78602e-08 3.06804e-08 8.88753e-08 7.87004e-08 2.88985e-08 2.1451e-08 1.7371e-08 8.40055e-09 2.59086e-08 2.11413e-08 8.30199e-09 5.29707e-08 5.48017e-09
threshold=0.99995780822346225 263.47423577758337 265.67311376027436 0.00010774964572960554 24.350000000000005 624.50000000000011 35.51250000000001 262.77088913376446 25.650000000000002 0.45273815774107123 -0.67801649466304881 48.776510062166672 757.75000000000011 0.47559651477048942 258.44490064136215 1.0000000180025095e-35 0.63257020223555627 255.6847745887824 0.41398981800788198 1000.5000000000001
decision_type=2 2 2 2 2 2 2 2 2 2 2 2 2 2 2 2 2 2 2 2
left_child=1 7 3 13 5 6 -4 14 9 -6 -10 -7 -5 -3 17 -16 -17 19 -19 -1
right_child=-2 2 4 12 8 11 -8 -9 10 -11 -12 -13 -14 -15 15 16 -18 18 -20 -21
leaf_value=-4.5482988591781045e-08 -1.1918622703888105e-06 1.5272877749339388e-06 -4.5862152199634925e-08 -9.5366747272930217e-07 4.6272480974775124e-07 -2.6025238452932954e-06 1.6712106535847356e-06 -1.9163364329331133e-06 7.1175260207370332e-07 3.7377357005897028e-06 -1.240433140938238e-06 -4.4743661330163122e-07 1.3343609450089389e-06 3.6112157999923513e-06 1.6459163380962612e-06 6.1847490679485478e-07 -8.0833982662064031e-07 -1.7788591087591634e-06 7.9756026845769306e-07 6.6907325701861371e-07
leaf_weight=4325 24 20 1653 21 89 28 55 27 225 27 67 35 20 20 30 58 47 42 38 27
leaf_count=4325 24 20 1653 21 89 28 55 27 225 27 67 35 20 20 30 58 47 42 38 27
internal_value=6.29082e-16 4.17343e-09 1.13337e-07 1.35099e-06 6.73301e-08 -4.08947e-08 9.43e-09 -4.95293e-08 5.371e-07 1.22501e-06 2.6382e-07 -1.40525e-06 1.62444e-07 2.56925e-06 -3.84928e-08 3.50052e-07 -2.01945e-08 -5.0328e-08 -5.5506e-07 -4.10499e-08
internal_weight=6878 6854 2260 81 2179 1771 1708 4594 408 116 292 63 41 40 4567 135 105 4432 80 4352
internal_count=6878 6854 2260 81 2179 1771 1708 4594 408 116 292 63 41 40 4567 135 105 4432 80 4352
is_linear=0
shrinkage=0.05


Tree=112
num_leaves=24
num_cat=0
split_feature=15 12 15 15 12 12 4 15 15 14 12 2 17 5 27 14 12 13 7 16 24 7 27
split_gain=1.33344e-08 3.64055e-08 1.64709e-08 4.289e-08 8.02954e-08 3.20906e-08 2.03557e-08 2.55302e-08 6.28164e-08 2.09647e-08 1.49549e-08 7.83611e-08 4.50748e-08 1.55344e-08 2.9318e-08 1.75125e-08 4.03487e-09 2.58915e-09 7.15683e-09 1.37671e-09 1.92289e-09 2.08787e-10 4.1982e-11
threshold=-0.99983123799342477 -0.25881904510252113 -0.97111920233974802 -0.96234030595689413 -0.60355339059327362 -0.5 28.500000000000004 -0.99465740988130902 -0.99864786094873803 0.1849296026015865 -0.98296291314453399 136.50000000000003 0.95562795574651349 13.450000000000001 12.16666666666667 0.78857998149907527 1.0000000180025095e-35 0.91597561503675351 126.47564345848802 1001.9250000000001 0.00072945381651665596 102.93724120015294 18.500000000000004
decision_type=2 2 2 2 2 2 2 2 2 2 2 2 2 2 2 2 2 2 2 2 2 2 2
left_child=1 -1 5 4 -4 6 7 8 -2 -9 11 12 -5 15 -15 -12 -6 19 -19 20 -7 -18 -20
right_child=2 -3 3 10 16 17 -8 9 -10 -11 13 -13 -14 14 -16 -17 21 18 22 -21 -22 -23 -24
leaf_value=-2.4597386618552266e-06 1.6004635528832767e-06 3.3331908854604212e-07 -3.3209133617008646e-06 -2.8101514692064978e-07 -7.3619156713888868e-07 -6.6117091377473558e-08 2.066462377570133e-06 1.3170580429465008e-06 -1.571393808050645e-06 -4.2539010137044813e-07 -4.8266106080557936e-09 3.225202362955315e-06 1.368187463413051e-06 4.2386747416026122e-07 -3.5662619158067969e-08 -2.2987242382611008e-07 2.0961693447674182e-08 7.6099234234248259e-07 -2.4752999690593115e-07 -4.1232334152797334e-07 4.4066114742113971e-07 2.3248012084309267e-07 -1.463094233145057e-07
leaf_weight=20 27 28 28 178 20 292 26 97 37 21 3085 22 54 518 1052 1201 28 37 21 26 20 20 20
leaf_count=20 27 28 28 178 20 292 26 97 37 21 3085 22 54 518 1052 1201 28 37 21 26 20 20 20
internal_value=-7.97034e-16 -8.30455e-07 5.83629e-09 -1.87847e-08 -1.06743e-06 2.50704e-07 7.5779e-07 5.70837e-07 -2.33266e-07 1.00696e-06 -2.30846e-09 3.73291e-07 1.02851e-07 -1.85998e-08 1.15953e-07 -6.78877e-08 -1.39519e-07 -2.83889e-09 2.56826e-07 -6.27615e-08 -3.36313e-08 1.09094e-07 -1.98154e-07
internal_weight=6878 48 6830 6206 96 624 208 182 64 118 6110 254 232 5856 1570 4286 68 416 78 338 312 48 41
internal_count=6878 48 6830 6206 96 624 208 182 64 118 6110 254 232 5856 1570 4286 68 416 78 338 312 48 41
is_linear=0
shrinkage=0.05


Tree=113
num_leaves=21
num_cat=0
split_feature=5 5 12 1 14 14 27 12 18 14 14 12 5 12 15 12 12 8 8 4
split_gain=1.33759e-08 1.22343e-08 3.6536e-08 4.25242e-08 1.43613e-08 4.77631e-08 1.25051e-07 3.54405e-08 2.48961e-08 1.94615e-08 4.79276e-08 4.42325e-08 7.64609e-09 6.95726e-09 4.58129e-09 1.02939e-08 4.57054e-09 4.13524e-09 1.20962e-09 1.07193e-09
threshold=27.900000000000002 20.550000000000004 -0.70710678118654735 315.75000000000006 -0.99630266176052629 -0.99275805973510278 0.50000000000000011 -0.60355339059327362 2.2145000000000002e-05 -0.98523971305672675 -0.95995996396290595 -0.70710678118654735 9.7500000000000018 -0.9159756150367534 0.029024409397335523 -0.5 -0.25881904510252113 132.85920187730932 154.23346869777382 87.500000000000014
decision_type=2 2 2 2 2 2 2 2 2 2 2 2 2 2 2 2 2 2 2 2
left_child=1 4 3 -3 7 6 -6 12 -8 11 -11 -7 -1 -14 17 -16 -9 -4 -18 -17
right_child=-2 2 14 -5 5 9 8 16 -10 10 -12 -13 13 -15 15 19 18 -19 -20 -21
leaf_value=2.1762138192116255e-06 1.2037615562121573e-06 -3.3642652624621409e-06 -1.814610876037039e-08 -1.0373760574111658e-07 -3.4417191852437808e-06 2.1041399160518874e-06 -4.6155129445114889e-07 5.5683704858736371e-07 1.6737980307165607e-06 -6.054933188361694e-07 3.0562240558476943e-08 8.0380049605611036e-08 3.0035096074243486e-07 1.5213511464448208e-06 -1.279632894011229e-06 2.1163672646218096e-08 -6.0923961542551841e-08 8.831195348335541e-07 -4.4259115729626222e-07 -3.252960340327898e-07
leaf_weight=20 23 20 35 20 36 36 39 29 21 312 5836 108 20 28 20 97 103 20 26 29
leaf_count=20 23 20 35 20 36 36 39 29 21 312 5836 108 20 28 20 97 103 20 26 29
internal_value=4.25807e-16 -4.03888e-09 -3.53967e-07 -1.734e-06 8.71177e-09 -5.1464e-09 -1.11201e-06 4.0042e-07 2.85821e-07 1.17415e-08 -1.71644e-09 5.8632e-07 1.35484e-06 1.0126e-06 -7.93338e-08 -2.25845e-07 -1.03434e-08 3.09587e-07 -1.37849e-07 -5.85771e-08
internal_weight=6878 6855 241 40 6614 6388 96 226 60 6292 6148 144 68 48 201 146 158 55 129 126
internal_count=6878 6855 241 40 6614 6388 96 226 60 6292 6148 144 68 48 201 146 158 55 129 126
is_linear=0
shrinkage=0.05


Tree=114
num_leaves=19
num_cat=0
split_feature=5 5 12 12 17 23 3 22 27 24 21 21 27 5 3 8 19 8
split_gain=1.23124e-08 1.28905e-08 3.86649e-08 1.25611e-08 3.36308e-08 5.48375e-08 5.62607e-08 3.54756e-08 7.48225e-08 1.2517e-08 6.60821e-09 6.70533e-09 2.1066e-08 6.15094e-09 6.07718e-09 6.54435e-09 4.7701e-09 8.99614e-10
threshold=26.250000000000004 20.550000000000004 -0.70710678118654735 -0.78656609248549292 0.48563697628355668 9.5000000000000018 15.350000000000003 46.500000000000007 84.166666666666671 0.00010859431340914191 993.50000000000011 897.50000000000011 5.8333333333333348 17.450000000000003 13.250000000000002 224.72111322930317 0.00069797500000000009 176.61211869847395
decision_type=2 2 2 2 2 2 2 2 2 2 2 2 2 2 2 2 2 2
left_child=1 3 -3 4 7 -6 -7 8 -1 -9 11 13 -13 -5 -4 17 -12 -16
right_child=-2 2 14 10 5 6 -8 9 -10 -11 16 12 -14 -15 15 -17 -18 -19
leaf_value=1.0255403955410225e-06 9.7848230193875464e-07 -1.8293613927174813e-06 -7.1488395070318234e-07 -3.5215569032621814e-08 -2.07596800085715e-06 1.8637932707543919e-06 1.9913828147451198e-08 2.9370578931775528e-06 -1.2409691734092121e-06 1.1680921255674549e-06 9.126365169365159e-07 2.175034726311272e-08 -1.0501892342364444e-06 2.0021417515109124e-07 -9.5449283693802676e-09 8.6261364209522519e-07 -1.9860282899723341e-08 -2.991870382206151e-07
leaf_weight=134 32 38 32 4659 30 43 1091 20 50 20 32 150 66 295 105 21 24 36
leaf_count=134 32 38 32 4659 30 43 1091 20 50 20 32 150 66 295 105 21 24 36
internal_value=-1.20574e-15 -4.57368e-09 -3.70906e-07 8.27618e-09 1.41979e-07 3.40121e-08 8.98317e-08 7.03022e-07 4.09641e-07 2.05258e-06 -2.72347e-08 -3.30863e-08 -3.05787e-07 -2.11962e-08 -8.52286e-08 3.91478e-08 5.12995e-07 -8.34961e-08
internal_weight=6878 6846 232 6614 1388 1164 1134 224 184 40 5226 5170 216 4954 194 162 56 141
internal_count=6878 6846 232 6614 1388 1164 1134 224 184 40 5226 5170 216 4954 194 162 56 141
is_linear=0
shrinkage=0.05


Tree=115
num_leaves=23
num_cat=0
split_feature=15 5 15 15 12 12 11 15 15 15 14 14 12 15 15 15 15 13 7 19 2 5
split_gain=1.2107e-08 3.55854e-08 1.47151e-08 3.89193e-08 7.3015e-08 2.88441e-08 1.9208e-08 1.84975e-08 6.47256e-08 1.40042e-08 5.55799e-08 1.4532e-07 7.96615e-08 4.60172e-08 5.83035e-08 3.01354e-08 2.31708e-09 2.30567e-09 6.51927e-09 1.18147e-09 1.43348e-09 4.72013e-11
threshold=-0.99983123799342477 13.250000000000002 -0.97111920233974802 -0.96234030595689413 -0.5 -0.5 19.909375000000001 -0.99864786094873803 -0.99465740988130902 -0.73865259438682551 0.54219432480460406 0.51297097409535064 1.0000000180025095e-35 -0.6391983530350368 -0.68432604233786842 -0.60555643346685839 -0.96687281075841669 0.91597561503675351 126.47564345848802 0.00081700000000000013 229.50000000000003 11.450000000000001
decision_type=2 2 2 2 2 2 2 2 2 2 2 2 2 2 2 2 2 2 2 2 2 2
left_child=1 -1 5 4 -4 6 -2 -8 -9 10 11 -5 -12 14 -11 -15 -6 19 -19 20 -7 -20
right_child=2 -3 3 9 16 17 7 8 -10 13 12 -13 -14 15 -16 -17 -18 18 21 -21 -22 -23
leaf_value=6.2804532292474233e-07 1.9114958085953641e-06 -2.0971188712337605e-06 -2.9667260487031834e-06 1.1577088048464319e-07 -3.4243574910386432e-07 -6.2929660444794807e-08 1.6571095567504321e-06 -1.423981194221824e-06 9.2758805836938589e-07 -2.3007139019440809e-08 1.7416486431010016e-06 -2.7001030877234674e-06 -8.0226048832325142e-08 7.8576863910958162e-07 -1.2649495586103399e-06 -1.7537914320426721e-08 2.5926510506257826e-07 7.2285723932951889e-07 -1.3759704778681936e-07 -4.1420080415219022e-07 3.7443936491854405e-07 -2.4492535836933326e-07
leaf_weight=23 29 25 32 1008 32 296 30 40 109 216 120 48 120 120 168 4310 32 37 20 22 20 21
leaf_count=23 29 25 32 1008 32 296 30 40 109 216 120 48 120 120 168 4310 32 37 20 22 20 21
internal_value=-6.62948e-16 -7.91311e-07 5.56119e-09 -1.77105e-08 -1.01663e-06 2.3701e-07 7.17762e-07 5.24364e-07 2.96294e-07 -2.01546e-09 1.43876e-07 -1.22234e-08 8.30711e-07 -4.12915e-08 -5.66357e-07 4.22208e-09 -4.15853e-08 -3.3665e-09 2.41671e-07 -5.99136e-08 -3.52481e-08 -1.9257e-07
internal_weight=6878 48 6830 6206 96 624 208 179 149 6110 1296 1056 240 4814 384 4430 64 416 78 338 316 41
internal_count=6878 48 6830 6206 96 624 208 179 149 6110 1296 1056 240 4814 384 4430 64 416 78 338 316 41
is_linear=0
shrinkage=0.05


Tree=116
num_leaves=22
num_cat=0
split_feature=5 5 8 3 12 17 18 3 21 1 8 22 21 21 27 5 19 5 8 8 0
split_gain=1.11329e-08 1.15912e-08 3.51166e-08 5.08815e-08 1.10133e-08 3.07318e-08 5.11355e-08 5.10839e-08 3.27844e-08 2.87786e-08 2.00818e-08 1.52265e-08 5.68361e-09 6.19695e-09 1.92954e-08 5.78137e-09 4.4754e-09 2.59079e-09 3.84962e-09 3.52887e-09 1.62134e-10
threshold=26.250000000000004 20.550000000000004 241.47447747126355 13.65 -0.78656609248549292 0.48563697628355668 1.1550000000000001e-05 15.350000000000003 50.500000000000007 1.0000000180025095e-35 266.33045738596439 9.5000000000000018 993.50000000000011 897.50000000000011 5.8333333333333348 17.450000000000003 0.00069797500000000009 23.150000000000002 176.61211869847395 208.74077742930891 603.50000000000011
decision_type=2 2 2 2 2 2 2 2 2 2 2 2 2 2 2 2 2 2 2 2 2
left_child=1 4 17 -4 5 8 11 -8 10 -10 -1 -7 13 15 -15 -6 -14 19 -19 20 -3
right_child=-2 2 3 -5 12 6 7 -9 9 -11 -12 -13 16 14 -16 -17 -18 18 -20 -21 -22
leaf_value=6.1016499699917412e-07 9.3043508293533254e-07 2.2891199477070857e-08 -3.2515583690748985e-06 -1.257422839747354e-07 -3.3003187499961969e-08 -7.5139081900488236e-07 1.8470823772531731e-06 2.7588629882622361e-08 1.9615395215515818e-06 5.3430177198973447e-07 -1.0059994150577876e-06 -2.7024494447402957e-06 8.6269727468391015e-07 2.0469170214217535e-08 -1.0054336184425496e-06 1.9524422582187275e-07 -4.0535158044955707e-08 1.0078895584797466e-08 -8.5510118921661158e-07 7.0158905275872847e-07 -1.303767697115952e-07
leaf_weight=40 32 80 23 30 4659 20 40 1084 59 88 37 20 32 150 66 295 24 36 20 21 22
leaf_count=40 32 80 23 30 4659 20 40 1084 59 88 37 20 32 150 66 295 24 36 20 21 22
internal_value=1.22048e-16 -4.3491e-09 -3.51728e-07 -1.48223e-06 7.83595e-09 1.33031e-07 2.98218e-08 9.23393e-08 6.69348e-07 1.10714e-06 -1.66433e-07 -1.72692e-06 -2.54152e-08 -3.0842e-08 -2.93001e-07 -1.94115e-08 4.75598e-07 -1.69989e-08 -2.98914e-07 1.11353e-07 -1.01666e-08
internal_weight=6878 6846 232 53 6614 1388 1164 1124 224 147 77 40 5226 5170 216 4954 56 179 56 123 102
internal_count=6878 6846 232 53 6614 1388 1164 1124 224 147 77 40 5226 5170 216 4954 56 179 56 123 102
is_linear=0
shrinkage=0.05


Tree=117
num_leaves=16
num_cat=0
split_feature=14 14 3 7 14 27 2 21 14 14 3 14 21 11 20
split_gain=1.19712e-08 1.46766e-08 2.59298e-08 2.58983e-08 1.7392e-08 6.99638e-08 3.93629e-08 5.81273e-08 2.96188e-08 7.53761e-08 6.25746e-08 5.05897e-08 2.87381e-08 2.26618e-08 1.26988e-08
threshold=0.99995780822346225 0.99907018497641664 14.050000000000002 112.39259302514411 0.9916835347852474 99.500000000000014 172.50000000000003 1.5000000000000002 0.98522604642031408 0.98213580174693105 20.150000000000002 0.96465729447553372 80.500000000000014 13.156250000000002 0.00021996000000000003
decision_type=2 2 2 2 2 2 2 2 2 2 2 2 2 2 2
left_child=1 4 3 -3 8 6 7 -6 9 11 13 -1 -11 -10 -4
right_child=-2 2 14 -5 5 -7 -8 -9 10 12 -12 -13 -14 -15 -16
leaf_value=-1.5584571150474668e-08 -1.1147438044645243e-06 2.7078296498183634e-06 -1.2356516559464127e-06 4.7457492632809479e-07 -2.6680445932009683e-07 2.3340242386265821e-06 8.2417043832568512e-07 -2.0909431252608749e-06 -6.2469815459946142e-07 -8.0447920777260146e-07 3.3419140549995066e-06 7.6297016657160084e-07 -3.253460866990627e-06 9.0568171385731329e-07 5.2477972467440421e-07
leaf_weight=6134 24 21 20 34 111 21 36 72 41 25 20 216 23 59 21
leaf_count=6134 24 21 20 34 111 21 36 72 41 25 20 216 23 59 21
internal_value=-1.44323e-16 3.90339e-09 6.17784e-07 1.32727e-06 -4.81703e-09 -4.22827e-07 -6.87183e-07 -9.84498e-07 1.05746e-08 -4.02247e-09 7.88841e-07 1.08986e-08 -1.97795e-06 2.78226e-07 -3.33967e-07
internal_weight=6878 6854 96 55 6758 240 219 183 6518 6398 120 6350 48 100 41
internal_count=6878 6854 96 55 6758 240 219 183 6518 6398 120 6350 48 100 41
is_linear=0
shrinkage=0.05


Tree=118
num_leaves=24
num_cat=0
split_feature=15 12 15 15 12 12 3 15 15 15 14 8 14 15 8 15 14 8 7 15 16 24 8
split_gain=1.0931e-08 3.24128e-08 1.34618e-08 3.51351e-08 6.6377e-08 2.59283e-08 1.44131e-08 1.77403e-08 6.3491e-08 1.30632e-08 4.99792e-08 1.45172e-07 1.31244e-07 4.12029e-08 6.11761e-08 2.72995e-08 1.17406e-08 3.50555e-09 1.23261e-08 3.43159e-09 1.136e-09 1.79585e-09 1.12066e-10
threshold=-0.99983123799342477 -0.25881904510252113 -0.97111920233974802 -0.96234030595689413 -0.60355339059327362 -0.5 19.950000000000003 -0.99465740988130902 -0.99864786094873803 -0.73865259438682551 0.54219432480460406 276.97408129887862 0.51297097409535064 -0.6391983530350368 258.44490064136215 -0.60555643346685839 0.15101559051660998 326.12423047573299 126.47564345848802 -0.96687281075841669 1001.9250000000001 0.00072945381651665596 357.73097872125072
decision_type=2 2 2 2 2 2 2 2 2 2 2 2 2 2 2 2 2 2 2 2 2 2 2
left_child=1 -1 5 4 -4 6 -2 8 -8 10 12 -12 -5 14 -11 -15 -9 20 -19 -6 21 -7 -20
right_child=2 -3 3 9 19 17 7 16 -10 13 11 -13 -14 15 -16 -17 -18 18 22 -21 -22 -23 -24
leaf_value=-2.2892440057376008e-06 1.5628027118677174e-06 3.462076934722193e-07 -3.0149807899869175e-06 1.124551409985187e-07 -4.7762292818815158e-07 -6.7770443892598102e-08 1.5961983824934517e-06 1.1756626009420511e-06 -1.528427501367529e-06 -1.7625824714754769e-08 -3.0893679466834584e-08 2.6319615213848211e-06 -2.5635774462055377e-06 7.4693487015053963e-07 -1.3039280793130678e-06 -1.7639288747212218e-08 -1.043831488182743e-07 1.2655959202991496e-06 -2.652693521554284e-07 2.3276160206573676e-07 -3.8119564106973661e-07 4.2126200362702092e-07 -9.989290539297578e-08
leaf_weight=20 38 28 28 1008 34 306 29 81 37 229 166 74 48 120 155 4310 23 23 20 34 26 20 21
leaf_count=20 38 28 28 1008 34 306 29 81 37 229 166 74 48 120 155 4310 23 23 20 34 26 20 21
internal_value=1.29246e-16 -7.51897e-07 5.2842e-09 -1.69744e-08 -9.66091e-07 2.26657e-07 6.82463e-07 4.85681e-07 -1.55486e-07 -2.06194e-09 1.38842e-07 7.90153e-07 -9.1827e-09 -3.99955e-08 -5.36836e-07 3.07152e-09 8.92576e-07 -1.24527e-09 3.3915e-07 -1.22431e-07 -6.31352e-08 -3.77685e-08 -1.80564e-07
internal_weight=6878 48 6830 6206 96 624 208 170 66 6110 1296 240 1056 4814 384 4430 104 416 64 68 352 326 41
internal_count=6878 48 6830 6206 96 624 208 170 66 6110 1296 240 1056 4814 384 4430 104 416 64 68 352 326 41
is_linear=0
shrinkage=0.05


Tree=119
num_leaves=31
num_cat=0
split_feature=15 15 8 8 15 15 12 8 15 7 15 15 12 27 12 11 15 15 12 15 3 21 8 9 27 8 21 15 8 21
split_gain=1.07268e-08 2.3272e-08 6.96266e-08 4.10708e-08 2.21504e-08 1.77218e-07 2.20817e-07 6.65666e-08 9.09278e-08 1.97599e-08 1.71353e-08 3.66446e-08 3.09546e-08 1.70683e-08 3.65588e-08 8.07834e-08 2.63774e-08 5.65953e-08 4.39335e-08 1.34559e-08 8.8982e-09 6.82092e-09 6.69887e-09 9.08363e-09 3.968e-09 2.87754e-09 2.72962e-09 2.6536e-09 3.74794e-09 2.25949e-09
threshold=0.9052873537896472 0.94975093725139803 250.03553974331544 270.4320496296308 0.61913436964878354 0.59175731018202693 -0.25881904510252113 239.78407604440201 0.67165857384232497 132.2567850090422 0.96901616890815878 0.97311896095856321 -0.5 60.500000000000007 -0.5 18.309375000000006 0.42957308670649791 0.20812153622207724 -0.70710678118654735 0.85671078145001467 24.150000000000002 728.50000000000011 249.18193451645695 -46.681048836959114 61.833333333333336 289.66728801412097 557.50000000000011 0.93234632485081093 157.56050214773725 263.50000000000006
decision_type=2 2 2 2 2 2 2 2 2 2 2 2 2 2 2 2 2 2 2 2 2 2 2 2 2 2 2 2 2 2
left_child=4 2 27 -4 5 13 -7 20 -9 19 12 -12 -3 16 15 -15 17 -1 -18 -10 21 26 29 -24 -16 -11 -6 -2 -29 -13
right_child=1 10 3 -5 7 6 -8 8 9 25 11 22 -14 14 24 -17 18 -19 -20 -21 -22 -23 23 -25 -26 -27 -28 28 -30 -31
leaf_value=-7.4525077983778054e-08 1.5641306786277002e-07 1.8541672330840697e-06 -3.5941866877288298e-06 -6.8386238596799979e-07 -9.0491066157393757e-09 -7.052967887375417e-06 -1.7415814946377039e-07 3.289939150540199e-06 7.0298050662971997e-07 3.0623835115761724e-07 -2.061777378544368e-06 2.6572259947954535e-08 -5.0431618506263654e-08 1.5659063287520119e-06 5.4287380137907346e-07 1.0565309424257446e-07 -2.4118394632508963e-06 6.1415925352363183e-07 -4.2164257340112202e-08 2.0548229940686723e-06 -1.0807387736479411e-06 8.3100380479095301e-07 -1.2112921632995659e-07 1.3511761994777772e-06 -3.2005668653247144e-08 -2.707421036488318e-07 -3.4931530972621877e-07 3.7915874457894464e-08 -8.3301022965001505e-07 -4.5159013646005927e-07
leaf_weight=3904 68 32 27 22 306 20 28 36 79 40 24 60 64 133 31 329 31 323 53 24 21 22 22 20 946 47 73 30 21 42
leaf_count=3904 68 32 27 22 306 20 28 36 79 40 24 60 64 133 31 329 31 323 53 24 21 22 22 20 946 47 73 30 21 42
internal_value=-7.14649e-16 -2.412e-07 -7.01236e-07 -2.28751e-06 1.61648e-08 -1.48211e-08 -3.04033e-06 2.93412e-07 9.85901e-07 5.49347e-07 5.15504e-08 -2.52955e-07 5.84435e-07 1.04353e-08 1.59539e-07 5.26029e-07 -3.93352e-08 -2.19003e-08 -9.16687e-07 1.01797e-06 -7.74466e-08 -2.49051e-08 4.85155e-08 5.79969e-07 -1.37649e-08 -5.46373e-09 -7.45885e-08 -4.80643e-08 -3.20701e-07 -1.70318e-07
internal_weight=6878 432 168 49 6446 5798 48 648 226 190 264 168 96 5750 1439 462 4311 4227 84 103 422 401 144 42 977 87 379 119 51 102
internal_count=6878 432 168 49 6446 5798 48 648 226 190 264 168 96 5750 1439 462 4311 4227 84 103 422 401 144 42 977 87 379 119 51 102
is_linear=0
shrinkage=0.05


Tree=120
num_leaves=18
num_cat=0
split_feature=14 14 8 14 14 27 12 5 14 8 5 14 12 14 8 6 20
split_gain=1.09572e-08 1.30798e-08 3.26592e-08 7.12618e-08 1.57617e-08 6.25595e-08 1.12389e-07 7.87645e-08 2.64556e-08 6.96329e-08 1.29544e-07 6.77653e-08 1.06149e-07 4.43093e-08 9.34772e-09 3.61754e-09 2.57499e-09
threshold=0.99995780822346225 0.99907018497641664 246.72101321124265 0.99966190462023474 0.9916835347852474 99.500000000000014 -0.70710678118654735 6.9500000000000011 0.98522604642031408 252.8489753228165 11.950000000000001 0.98213580174693105 -0.25881904510252113 0.96465729447553372 236.497761277433 0.00035221500000000007 0.000152325
decision_type=2 2 2 2 2 2 2 2 2 2 2 2 2 2 2 2 2
left_child=1 4 16 -4 8 6 7 -6 11 15 -11 13 -13 -1 -8 -10 -3
right_child=-2 2 3 -5 5 -7 14 -9 9 10 -12 12 -14 -15 -16 -17 -18
leaf_value=-1.4278183734495521e-08 -1.0664857957938997e-06 -4.4887762630846992e-07 3.7848675401619408e-06 -4.3596637283371825e-07 -4.6587845723969134e-06 2.2044584915598927e-06 1.4920153653555156e-07 -5.4171782180457658e-07 1.0789266177915545e-07 -1.1238246053415844e-07 5.1675891903696107e-06 -4.6573565657581643e-06 1.1194812253708824e-07 7.1434969582745213e-07 -7.0880523545773558e-07 -5.9772038537510214e-07 2.5871932415988394e-07
leaf_weight=6134 24 36 20 20 26 21 130 21 39 26 21 20 28 216 42 34 20
leaf_count=6134 24 36 20 20 26 21 130 21 39 26 21 20 28 216 42 34 20
internal_value=1.79475e-15 3.73441e-09 5.83258e-07 1.67445e-06 -4.49795e-09 -4.02435e-07 -6.52411e-07 -2.81924e-06 1.01545e-08 7.4569e-07 2.24675e-06 -3.64105e-09 -1.87526e-06 1.05066e-08 -6.03117e-08 -2.20749e-07 -1.96164e-07
internal_weight=6878 6854 96 40 6758 240 219 47 6518 120 47 6398 48 6350 172 73 56
internal_count=6878 6854 96 40 6758 240 219 47 6518 120 47 6398 48 6350 172 73 56
is_linear=0
shrinkage=0.05


Tree=121
num_leaves=23
num_cat=0
split_feature=14 12 15 14 14 12 27 12 12 14 14 23 8 5 14 14 8 8 23 8 8 11
split_gain=1.05416e-08 2.44633e-08 3.19056e-08 2.21198e-08 1.91859e-07 3.15169e-07 6.22645e-08 9.09028e-08 5.13444e-08 3.8978e-08 3.08123e-08 2.92798e-08 1.59886e-08 2.88361e-08 6.61475e-08 3.27879e-08 1.15099e-08 9.63454e-09 3.20341e-09 2.6957e-09 4.37297e-10 1.18868e-11
threshold=-0.99866806308218525 -0.25881904510252113 1.0000000180025095e-35 -0.95995996396290595 -0.96463499255812291 -0.25881904510252113 1.1666666666666667 -0.60355339059327362 -0.78656609248549292 -0.98523971305672675 -0.95754239937548935 200.50000000000003 244.03129762188402 3.9500000000000006 0.98372640911059162 0.96465729447553372 242.84748527535143 291.67647861439474 997.50000000000011 183.93496850054598 132.85920187730932 18.803125000000005
decision_type=2 2 2 2 2 2 2 2 2 2 2 2 2 2 2 2 2 2 2 2 2 2
left_child=1 2 -1 4 6 -6 7 11 9 -8 -5 -2 16 14 -14 -15 18 -10 -12 -9 21 -3
right_child=3 20 -4 10 5 -7 8 19 17 -11 12 -13 13 15 -16 -17 -18 -19 -20 -21 -22 -23
leaf_value=4.1402818453661892e-08 -1.6032025507684011e-06 -3.9003156524440554e-08 2.347395762356541e-06 1.8085224339732994e-06 -8.1224157065662444e-06 9.5628554942970929e-08 2.2788154062274113e-06 1.1072634427278628e-07 5.9286892425523464e-08 2.3145997162195587e-07 -5.2430859341039916e-08 -4.2763389934580554e-06 -6.0322767086033155e-08 9.802809125363787e-08 -2.3523012600890073e-06 6.9975048714689046e-07 -1.1699536166222813e-06 -6.5519412681231356e-07 4.4252414706093219e-07 -5.408582759194112e-07 -3.07865929964161e-07 -8.5662272010181148e-08
leaf_weight=30 20 39 30 24 20 28 47 57 332 46 3485 21 211 2018 37 255 23 55 33 22 24 21
leaf_count=30 20 39 30 24 20 28 47 57 332 46 3485 21 211 2018 37 255 23 55 33 22 24 21
internal_value=3.84587e-16 4.233e-07 1.1944e-06 -9.05185e-09 -2.86769e-07 -3.32856e-06 -4.3426e-08 -1.06212e-06 2.11248e-07 1.26614e-06 2.05178e-08 -2.97237e-06 1.34389e-08 1.09676e-07 -4.02271e-07 1.65533e-07 -5.50769e-08 -4.22543e-08 -4.7788e-08 -7.07276e-08 -1.27486e-07 -5.53338e-08
internal_weight=6878 144 60 6734 648 48 600 120 480 93 6086 41 6062 2521 248 2273 3541 387 3518 79 84 60
internal_count=6878 144 60 6734 648 48 600 120 480 93 6086 41 6062 2521 248 2273 3541 387 3518 79 84 60
is_linear=0
shrinkage=0.05


Tree=122
num_leaves=26
num_cat=0
split_feature=5 15 14 14 12 12 23 27 12 14 15 27 12 15 15 12 15 15 12 4 11 12 27 12 13
split_gain=1.02118e-08 1.08464e-08 4.73072e-08 1.17114e-07 2.16443e-07 6.40906e-08 6.63204e-08 4.66698e-08 7.76768e-08 4.63984e-08 3.90746e-08 5.91996e-08 1.1379e-07 5.84014e-08 2.53604e-08 7.47778e-08 5.84285e-08 2.44274e-08 2.18763e-08 1.2481e-08 1.0106e-08 5.49398e-09 3.39667e-09 9.63078e-10 4.33547e-11
threshold=26.250000000000004 -0.73284120334876357 0.54219432480460406 0.51297097409535064 -0.25881904510252113 1.0000000180025095e-35 460.50000000000006 77.500000000000014 -0.5 0.48314048284850658 -0.6391983530350368 1.0000000180025095e-35 -0.5 -0.67801649466304881 -0.60555643346685839 -0.70710678118654735 -0.59867820553660911 -0.46800559042974538 -0.5 21.500000000000004 15.328125000000002 1.0000000180025095e-35 92.500000000000014 0.25881904510252091 0.60355339059327384
decision_type=2 2 2 2 2 2 2 2 2 2 2 2 2 2 2 2 2 2 2 2 2 2 2 2 2
left_child=1 2 3 7 -5 6 20 9 -9 -1 11 18 13 -13 15 -12 -16 -18 -3 -8 -4 -14 -17 -7 -25
right_child=-2 10 5 4 -6 23 19 8 -10 -11 14 12 21 -15 16 22 17 -19 -20 -21 -22 -23 -24 24 -26
leaf_value=-3.4058803723982414e-08 8.9111350067838666e-07 2.3613112489329071e-06 1.5410224079914771e-06 -6.4050862829390104e-06 4.0524138447446083e-07 2.5090829886664778e-07 -9.1812433083759976e-07 3.2540207575948445e-06 1.706277288959779e-07 1.5428196043387745e-06 2.8738781702486448e-06 -1.0712659681538989e-06 -6.0040900115154737e-07 -3.4956744620419914e-06 -2.4850839932829179e-06 -1.7805113603272086e-07 3.4528807260810389e-07 -5.1373270872144476e-08 1.7954287017118987e-07 7.8972370841790473e-07 2.8090025123426379e-06 -1.2743506492723832e-09 5.481945126665064e-07 -1.1271177193350469e-07 -1.9501709346059216e-07
leaf_weight=1658 32 20 22 20 28 20 20 30 64 48 30 54 50 46 24 69 432 3822 27 23 55 163 21 80 20
leaf_count=1658 32 20 22 20 28 20 20 30 64 48 30 54 50 46 24 69 432 3822 27 23 55 163 21 80 20
internal_value=-4.95542e-16 -4.1653e-09 9.08388e-08 5.07125e-09 -2.4324e-06 7.51249e-07 1.56832e-06 7.00704e-08 1.15469e-06 1.03082e-08 -4.58569e-08 -5.46677e-07 -7.95136e-07 -2.18649e-06 -4.86205e-09 7.12024e-07 -2.49711e-08 -1.10917e-08 1.10795e-06 -4.62422e-09 2.44672e-06 -1.41916e-07 -8.59382e-09 -6.5826e-08 -1.29173e-07
internal_weight=6878 6846 2088 1848 48 240 120 1800 94 1706 4758 360 313 100 4398 120 4278 4254 47 43 77 213 90 120 100
internal_count=6878 6846 2088 1848 48 240 120 1800 94 1706 4758 360 313 100 4398 120 4278 4254 47 43 77 213 90 120 100
is_linear=0
shrinkage=0.05


Tree=123
num_leaves=23
num_cat=0
split_feature=14 14 14 8 27 8 17 21 7 14 8 8 14 14 9 27 8 14 17 25 2 9
split_gain=9.63574e-09 1.95681e-08 1.73153e-07 2.51233e-07 5.61937e-08 7.37652e-08 7.89623e-08 3.82702e-08 4.98087e-08 2.79033e-08 1.52679e-08 1.41782e-08 2.80298e-08 6.79171e-08 2.6915e-08 1.32655e-08 1.03841e-08 9.77206e-09 3.33905e-09 1.1498e-09 4.13697e-11 1.9614e-12
threshold=-0.99866806308218525 -0.95995996396290595 -0.96463499255812291 212.58762223568516 1.1666666666666667 228.4487711701731 0.85735012176796732 110.50000000000001 55.886549876404054 -0.95754239937548935 208.74077742930891 244.03129762188402 -0.94139628442229062 -0.91978325482952472 -7.6290102173272771 3.1666666666666674 242.84748527535143 -0.98523971305672675 0.97970752765197566 0.00059129381705945179 90.500000000000014 -38.858266714359146
decision_type=2 2 2 2 2 2 2 2 2 2 2 2 2 2 2 2 2 2 2 2 2 2
left_child=10 2 4 -4 5 19 -7 17 -9 -3 20 16 14 -14 -13 -12 18 -6 -11 -2 21 -1
right_child=1 9 3 -5 7 6 -8 8 -10 11 15 12 13 -15 -16 -17 -18 -19 -20 -21 -22 -23
leaf_value=-5.3766904990482096e-08 2.1032554375910451e-07 1.7206649407815651e-06 3.0621808167341913e-08 -7.2612224162834799e-06 1.0793943311668258e-07 -8.8371561659528206e-07 -4.8886143622439712e-06 1.9446494282944642e-07 1.9540204524067426e-06 -6.0874223904742329e-08 1.6315256020301864e-06 -1.3461282902983753e-07 2.5324520097142501e-06 9.8425574196710935e-08 -2.4872581602153333e-06 2.1119731227812618e-07 -1.1110466827987061e-06 -4.6892961945718836e-07 1.0597497301600945e-07 -2.4090597232628853e-07 -1.1754739221357471e-07 -3.3552432512351516e-08
leaf_weight=20 48 24 27 21 167 32 20 122 60 3187 35 31 29 2441 20 31 23 131 331 20 28 30
leaf_count=20 48 24 27 21 167 32 20 122 60 3187 35 31 29 2441 20 31 23 131 331 20 28 30
internal_value=-1.28639e-15 -8.65419e-09 -2.69862e-07 -3.15956e-06 -3.8686e-08 -1.00645e-06 -2.42406e-06 2.03254e-07 7.74538e-07 1.91576e-08 4.04703e-07 1.24212e-08 1.03046e-07 1.27003e-07 -1.05722e-06 9.64402e-07 -5.2099e-08 -1.45651e-07 -4.51758e-08 7.76104e-08 -6.88877e-08 -4.16382e-08
internal_weight=6878 6734 648 48 600 120 52 480 182 6086 144 6062 2521 2470 51 66 3541 298 3518 68 78 50
internal_count=6878 6734 648 48 600 120 52 480 182 6086 144 6062 2521 2470 51 66 3541 298 3518 68 78 50
is_linear=0
shrinkage=0.05


Tree=124
num_leaves=23
num_cat=0
split_feature=15 5 15 15 12 12 4 15 15 15 5 8 14 8 14 15 14 8 9 15 19 18
split_gain=9.77898e-09 3.18318e-08 1.2469e-08 3.12777e-08 6.08098e-08 2.26098e-08 1.63403e-08 1.92241e-08 3.51707e-08 2.20537e-08 1.37016e-08 6.36553e-08 9.78511e-08 2.36166e-08 1.90477e-08 1.15271e-07 2.32776e-08 2.95133e-09 6.43731e-09 1.83917e-09 1.01628e-09 1.47186e-09
threshold=-0.99983123799342477 13.250000000000002 -0.97111920233974802 -0.96234030595689413 -0.5 -0.5 28.500000000000004 -0.99273797715557011 -0.99864786094873803 -0.98801846520836312 13.450000000000001 269.6625029065371 0.82414472752956958 266.33045738596439 0.67802080537253973 -0.35042475891464198 -0.95244167294248061 326.12423047573299 -36.595518766941346 -0.96687281075841669 0.00081700000000000013 0.00077672500000000014
decision_type=2 2 2 2 2 2 2 2 2 2 2 2 2 2 2 2 2 2 2 2 2 2
left_child=1 -1 5 4 -4 6 7 8 -2 -9 14 13 -13 -12 16 -16 -5 20 -19 -6 21 -7
right_child=2 -3 3 10 19 17 -8 9 -10 -11 11 12 -14 -15 15 -17 -18 18 -20 -21 -22 -23
leaf_value=6.3123858897439356e-07 1.3535115922675484e-06 -1.9461920223875495e-06 -2.691581585523295e-06 -2.309446879810674e-07 -2.9013253592946598e-07 -5.9850501731459379e-08 1.8162033493004297e-06 2.0412374734376267e-06 -8.7077287275450809e-07 4.4615684614433977e-07 -1.3368653357788701e-08 1.438300024973167e-07 1.9031660684119297e-06 -1.4818339731651319e-06 -8.8098801284862679e-07 7.7084078460739041e-08 1.0526691598737632e-07 -8.3923376738043885e-08 9.4387990884570177e-07 2.4593687266150078e-07 -3.8059708171318947e-07 3.3921077954346407e-07
leaf_weight=23 27 25 32 668 32 305 26 31 52 72 1236 248 116 28 434 1135 2245 39 25 32 22 25
leaf_count=23 27 25 32 668 32 305 26 31 52 72 1236 248 116 28 434 1135 2245 39 25 32 22 25
internal_value=1.53901e-16 -7.11173e-07 4.998e-09 -1.64241e-08 -9.11926e-07 2.18052e-07 6.4369e-07 4.76188e-07 -1.10574e-07 9.2623e-07 -2.35403e-09 1.21881e-07 7.04498e-07 -4.58979e-08 -4.748e-08 -1.87928e-07 2.81679e-08 5.23249e-09 3.17562e-07 -2.20978e-08 -5.15547e-08 -2.96186e-08
internal_weight=6878 48 6830 6206 96 624 208 182 79 103 6110 1628 364 1264 4482 1569 2913 416 64 64 352 330
internal_count=6878 48 6830 6206 96 624 208 182 79 103 6110 1628 364 1264 4482 1569 2913 416 64 64 352 330
is_linear=0
shrinkage=0.05


Tree=125
num_leaves=19
num_cat=0
split_feature=14 14 12 14 14 27 12 11 12 14 12 5 14 12 14 9 24 4
split_gain=9.68428e-09 1.15745e-08 2.35515e-08 6.19647e-08 1.47769e-08 5.62594e-08 1.34664e-07 5.10528e-08 5.9721e-08 2.30359e-08 6.30584e-08 8.5504e-08 6.21326e-08 9.61344e-08 3.79975e-08 7.08227e-09 2.62694e-09 8.87214e-10
threshold=0.99995780822346225 0.99907018497641664 -0.25881904510252113 0.99966190462023474 0.9916835347852474 61.166666666666679 -0.70710678118654735 13.681250000000002 -0.60355339059327362 0.98522604642031408 -0.5 9.7500000000000018 0.98213580174693105 -0.25881904510252113 0.96465729447553372 -33.932580997886568 0.00033185371618578137 61.500000000000007
decision_type=2 2 2 2 2 2 2 2 2 2 2 2 2 2 2 2 2 2
left_child=1 4 3 -3 9 6 -6 -7 -9 12 11 -11 14 -14 -1 -8 -12 -4
right_child=-2 2 17 -5 5 7 15 8 -10 10 16 -13 13 -15 -16 -17 -18 -19
leaf_value=-1.2323934535114102e-08 -1.002626280903011e-06 3.4432426809871688e-06 9.3044319482015893e-08 -4.9264163067164194e-07 -3.4731367390186748e-06 -1.4173676134987545e-06 -6.0531434779358793e-07 3.5504699507204017e-06 1.8731645811289073e-07 5.5325483572232767e-09 5.1257747297010313e-08 4.6289515330499854e-06 -4.4426701765587496e-06 9.6077595955281133e-08 6.6241440845142098e-07 1.7329156939638327e-07 -6.1042421521051434e-07 -3.0524369623796296e-07
leaf_weight=6134 24 20 27 20 39 20 46 22 33 20 60 20 20 28 216 80 20 29
leaf_count=6134 24 20 27 20 39 20 46 22 33 20 60 20 20 28 216 80 20 29
internal_value=1.64281e-15 3.5108e-09 5.48668e-07 1.4753e-06 -4.23337e-09 -3.89538e-07 -9.05657e-07 7.45926e-07 1.53258e-06 9.95396e-09 6.96306e-07 2.31724e-06 -2.91915e-09 -1.79507e-06 1.06278e-08 -1.10961e-07 -1.14163e-07 -1.13212e-07
internal_weight=6878 6854 96 40 6758 240 165 75 55 6518 120 40 6398 48 6350 126 80 56
internal_count=6878 6854 96 40 6758 240 165 75 55 6518 120 40 6398 48 6350 126 80 56
is_linear=0
shrinkage=0.05


Tree=126
num_leaves=27
num_cat=0
split_feature=14 14 27 21 12 14 14 14 12 8 12 15 14 15 15 21 14 14 27 8 8 14 3 5 8 2
split_gain=9.51667e-09 3.79203e-08 1.04077e-07 2.34072e-08 2.26654e-08 1.78892e-08 4.59193e-08 1.277e-07 2.61578e-07 5.89833e-08 3.18142e-08 5.01716e-08 2.54548e-08 1.70411e-08 1.81923e-08 1.66764e-08 1.3204e-08 1.14915e-08 9.75462e-09 1.43486e-09 6.38482e-10 1.481e-10 1.18609e-11 8.41749e-12 4.20653e-12 1.69101e-12
threshold=-0.99630266176052629 -0.99275805973510278 0.50000000000000011 71.500000000000014 -0.25881904510252113 -0.98214942551678475 -0.95995996396290595 -0.96463499255812291 -0.25881904510252113 271.12862323049529 -0.25881904510252113 0.13185577213185923 -0.95754239937548935 0.04621408538533487 1.0000000180025095e-35 169.50000000000003 0.21862473630160603 -0.99866806308218525 10.833333333333334 181.91807799644863 157.56050214773725 -0.98523971305672675 18.850000000000005 17.050000000000004 66.964224978126836 123.50000000000001
decision_type=2 2 2 2 2 2 2 2 2 2 2 2 2 2 2 2 2 2 2 2 2 2 2 2 2 2
left_child=4 2 -2 18 13 10 7 9 -9 -7 11 15 -8 14 17 -3 -14 -1 -4 22 21 -12 24 25 -6 -24
right_child=1 5 3 -5 19 6 12 8 -10 -11 20 -13 16 -15 -16 -17 -18 -19 -20 -21 -22 -23 23 -25 -26 -27
leaf_value=7.6340835638196354e-09 -3.1230850991745583e-06 -7.189344742950811e-07 -1.201607869631971e-06 1.6741601240255478e-06 -3.6887419831882224e-08 2.9153152499445166e-07 1.6420605755721834e-06 -7.3567311633837566e-06 1.3009042841056435e-07 -1.7266398162603211e-06 -4.6134310429206915e-08 2.8568398874995185e-06 1.0506038176717018e-07 -4.2118262967960616e-07 2.1839928065977195e-06 1.1132117336913965e-06 -4.7092064567778258e-08 1.5549117597402076e-06 3.6001141994645997e-07 -4.9344028866471487e-07 -3.2121366359660898e-07 1.0037068760667629e-07 -7.2623297628722322e-08 -2.4757609879649023e-08 -8.5811718975037371e-09 -5.2744143914651437e-08
leaf_weight=30 36 23 20 20 21 170 24 20 28 46 69 30 2294 20 30 27 3768 20 20 20 20 23 23 21 35 20
leaf_count=30 36 23 20 20 21 170 24 20 28 46 69 30 2294 20 30 27 3768 20 20 20 20 23 23 21 35 20
internal_value=6.68188e-17 -1.11833e-08 -9.97706e-07 2.77521e-07 3.0931e-07 3.29338e-09 -1.10838e-08 -6.56656e-07 -2.98942e-06 -1.38264e-07 4.78789e-07 1.24033e-06 1.692e-08 8.84234e-07 1.21059e-06 2.70424e-07 1.04859e-08 6.26545e-07 -4.20798e-07 -1.01349e-07 -6.51698e-08 -9.50806e-09 -3.60009e-08 -5.07051e-08 -1.9196e-08 -6.33772e-08
internal_weight=6878 6638 96 60 240 6542 6350 264 48 216 192 80 6086 100 80 50 6062 50 40 140 112 92 120 64 56 43
internal_count=6878 6638 96 60 240 6542 6350 264 48 216 192 80 6086 100 80 50 6062 50 40 140 112 92 120 64 56 43
is_linear=0
shrinkage=0.05


Tree=127
num_leaves=31
num_cat=0
split_feature=15 14 8 8 15 15 12 8 14 8 14 14 12 27 12 3 4 8 15 14 3 21 8 8 21 14 22 27 14 3
split_gain=9.27943e-09 2.06794e-08 6.37696e-08 3.67518e-08 2.04056e-08 1.59032e-07 1.98823e-07 5.84482e-08 8.20296e-08 1.80326e-08 1.58756e-08 3.2743e-08 2.8309e-08 1.46495e-08 3.5584e-08 9.09976e-08 3.36286e-08 4.7743e-08 3.03525e-08 1.35717e-08 7.97855e-09 6.12567e-09 5.75159e-09 4.63087e-09 2.47903e-09 2.35546e-09 3.30877e-09 2.12853e-09 1.65357e-09 1.37393e-09
threshold=0.9052873537896472 0.31799963745711152 250.03553974331544 270.4320496296308 0.61913436964878354 0.59175731018202693 -0.25881904510252113 239.78407604440201 0.74443451080969758 282.29755514591278 0.25206111083856975 0.23537774960157334 -0.5 47.500000000000007 -0.5 15.350000000000003 36.500000000000007 284.39925620700222 0.42957308670649791 0.52033990680116082 24.150000000000002 728.50000000000011 249.18193451645695 340.62047025378274 557.50000000000011 0.36648264796514479 133.50000000000003 98.166666666666671 0.39827038710620805 15.350000000000003
decision_type=2 2 2 2 2 2 2 2 2 2 2 2 2 2 2 2 2 2 2 2 2 2 2 2 2 2 2 2 2 2
left_child=4 10 25 -4 5 13 -7 20 9 19 11 22 -12 16 15 -15 18 -18 -1 -9 21 24 27 -16 -6 26 -3 -2 -27 -24
right_child=1 2 3 -5 7 6 -8 8 -10 -11 12 -13 -14 14 23 -17 17 -19 -20 -21 -22 -23 29 -25 -26 28 -28 -29 -30 -31
leaf_value=2.1812421574127034e-08 -4.6474366904587619e-08 1.0515186249248332e-07 -3.4121474982384826e-06 -6.5909681927161569e-07 -1.2430459784952398e-09 -6.6883380168292214e-06 -1.6108810800037027e-07 1.6774406938048339e-06 3.1184271013747401e-06 -1.845098245945748e-07 1.778807944319283e-06 -1.951292996071885e-06 -4.2582212825270638e-08 1.6281067388490557e-06 3.0832834424134659e-09 1.1301363140399434e-07 -1.1748976484032102e-07 -1.2426852484456865e-06 -1.5252555098710375e-06 5.3233133809024611e-07 -1.016402628178661e-06 7.9449735543655402e-07 2.4996551517341733e-07 -3.9458203839141489e-07 -3.2551443504018287e-07 4.0631346425963202e-07 -7.0047030772002478e-07 -6.2176655747592234e-07 -8.6811187042822782e-08 8.2191535230300541e-07
leaf_weight=3429 82 26 27 22 306 20 28 36 36 62 32 24 64 128 1192 439 318 134 32 92 21 22 21 78 73 34 25 20 34 21
leaf_count=3429 82 26 27 22 306 20 28 36 36 62 32 24 64 128 1192 439 318 134 32 92 21 22 21 78 73 34 25 20 34 21
internal_value=5.49328e-16 -2.24338e-07 -6.57993e-07 -2.17608e-06 1.50348e-08 -1.47057e-08 -2.88078e-06 2.81138e-07 9.30027e-07 5.15383e-07 5.16244e-08 -2.41475e-07 5.64548e-07 9.21975e-09 1.25699e-07 4.55045e-07 -4.54625e-08 -4.51065e-07 7.50841e-09 8.54393e-07 -6.63707e-08 -1.66184e-08 4.34949e-08 -2.13403e-08 -6.37017e-08 -3.28969e-08 -2.89761e-07 -1.59277e-07 1.59751e-07 5.3594e-07
internal_weight=6878 432 168 49 6446 5798 48 648 226 190 264 168 96 5750 1837 567 3913 452 3461 128 422 401 144 1270 379 119 51 102 68 42
internal_count=6878 432 168 49 6446 5798 48 648 226 190 264 168 96 5750 1837 567 3913 452 3461 128 422 401 144 1270 379 119 51 102 68 42
is_linear=0
shrinkage=0.05


Tree=128
num_leaves=23
num_cat=0
split_feature=5 3 15 25 12 15 5 12 3 5 15 12 4 15 15 15 20 20 24 7 4 3
split_gain=9.07722e-09 9.77202e-09 2.15152e-08 2.35463e-08 3.55921e-08 2.9313e-08 1.47735e-08 3.89726e-08 5.51886e-08 1.74669e-08 3.95035e-08 9.19028e-08 3.46162e-08 6.42793e-08 3.47294e-08 3.07945e-08 8.30833e-09 2.53509e-08 1.75194e-08 1.3206e-09 1.01208e-09 8.30067e-10
threshold=27.900000000000002 20.050000000000004 -0.99983123799342477 0.00032564991189160407 1.0000000180025095e-35 -0.68432604233786842 20.150000000000002 -0.5 14.65 7.6500000000000012 0.21652257995689161 -0.70710678118654735 2.5000000000000004 -0.3744658827978154 0.2499757677084001 0.29137697329261131 0.00013327500000000003 0.00030589000000000007 0.00055679228125017166 132.76463360824081 87.500000000000014 14.850000000000003
decision_type=2 2 2 2 2 2 2 2 2 2 2 2 2 2 2 2 2 2 2 2 2 2
left_child=1 6 -3 4 5 -4 9 8 -8 10 11 -1 13 -11 -14 -12 18 -18 -5 -6 21 -9
right_child=-2 2 3 16 19 -7 7 20 -10 12 15 -13 14 -15 -16 -17 17 -19 -20 -21 -22 -23
leaf_value=-1.2937819276402946e-06 9.9164272603996761e-07 -1.3962031775349717e-06 7.2888413844814488e-07 1.6976374535460083e-06 -6.7510248601093225e-08 1.5595696106637354e-07 -3.7217705903458409e-06 1.9481968740819867e-07 -3.076512376961107e-07 -1.8157313878113787e-06 1.2063843265242015e-06 -1.078085149053221e-07 2.8903471996613367e-07 -2.0578136986324436e-08 -1.6730109914958119e-07 4.1530315539961567e-08 -9.4481091823972456e-07 -2.9827037829134679e-08 -3.951720560735339e-07 -2.8883383980245575e-07 -2.9002884977268618e-07 -1.1076587192349052e-07
leaf_weight=205 23 25 406 20 459 496 20 50 29 67 64 804 1229 195 631 500 80 1409 20 79 27 40
leaf_count=205 23 25 406 20 459 496 20 50 29 67 64 804 1229 195 631 500 80 1409 20 79 27 40
internal_value=1.22467e-16 -3.32717e-09 6.44655e-08 7.67648e-08 2.21859e-07 4.13838e-07 -5.58968e-08 -5.17336e-07 -1.70117e-06 -3.51663e-08 -1.6143e-07 -3.48764e-07 5.84307e-08 -4.79644e-07 1.34224e-07 1.73712e-07 -5.98835e-08 -7.89867e-08 6.51233e-07 -1.00009e-07 -2.15421e-08 5.90039e-08
internal_weight=6878 6855 2994 2969 1440 902 3861 166 49 3695 1573 1009 2122 262 1860 564 1529 1489 40 538 117 90
internal_count=6878 6855 2994 2969 1440 902 3861 166 49 3695 1573 1009 2122 262 1860 564 1529 1489 40 538 117 90
is_linear=0
shrinkage=0.05


Tree=129
num_leaves=18
num_cat=0
split_feature=14 14 8 14 14 15 8 27 8 14 8 3 14 12 14 0 20
split_gain=8.87406e-09 1.03322e-08 2.70649e-08 5.81136e-08 1.27163e-08 5.42891e-08 1.12015e-07 3.42559e-08 4.18865e-08 2.06209e-08 5.69409e-08 1.15082e-07 5.56015e-08 8.63548e-08 3.35433e-08 2.28996e-09 2.16916e-09
threshold=0.99995780822346225 0.99907018497641664 246.72101321124265 0.99966190462023474 0.9916835347852474 0.097680735332368748 244.03129762188402 99.500000000000014 271.78126056529027 0.98522604642031408 252.8489753228165 13.65 0.98213580174693105 -0.25881904510252113 0.96465729447553372 396.50000000000006 0.000152325
decision_type=2 2 2 2 2 2 2 2 2 2 2 2 2 2 2 2 2
left_child=1 4 16 -4 9 7 -7 8 -6 12 15 -12 14 -14 -1 -11 -3
right_child=-2 2 3 -5 5 6 -8 -9 -10 10 11 -13 13 -15 -16 -17 -18
leaf_value=-1.1724083261350636e-08 -9.5976868124125754e-07 -4.2304810714297348e-07 3.417588589513798e-06 -3.9402547372446869e-07 2.9072627754681928e-07 1.7598533769306155e-07 -4.7233329860318918e-06 1.9204066358638342e-06 -1.4197981188295209e-06 2.524015164069516e-08 -6.2146756279317252e-07 4.3369201885070652e-06 -4.2076407089552965e-06 9.4057689909681533e-08 6.2223438697846711e-07 -5.4131198061030212e-07 2.2639837318649827e-07
leaf_weight=6134 24 36 20 20 120 28 20 21 51 42 22 25 20 28 216 31 20
leaf_count=6134 24 36 20 20 120 28 20 21 51 42 22 25 20 28 216 31 20
internal_value=4.66357e-16 3.36073e-09 5.18432e-07 1.51178e-06 -3.95606e-09 -3.61388e-07 -1.8654e-06 1.46145e-08 -2.1943e-07 9.20498e-09 6.58584e-07 2.01597e-06 -2.97469e-09 -1.69832e-06 9.84049e-09 -2.1535e-07 -1.91103e-07
internal_weight=6878 6854 96 40 6758 240 48 192 171 6518 120 47 6398 48 6350 73 56
internal_count=6878 6854 96 40 6758 240 48 192 171 6518 120 47 6398 48 6350 73 56
is_linear=0
shrinkage=0.05


Tree=130
num_leaves=19
num_cat=0
split_feature=17 14 0 17 14 8 5 5 1 8 6 9 1 14 14 14 21 3
split_gain=8.70774e-09 3.58511e-08 1.54819e-08 1.26709e-08 6.07235e-08 3.25988e-08 3.44799e-08 4.40662e-08 1.79002e-08 8.02197e-08 1.82862e-08 2.59834e-08 1.43487e-08 1.1276e-08 1.09336e-07 7.05932e-08 2.58543e-09 1.09491e-09
threshold=1.0101803279037567 0.52766072109828632 414.50000000000006 0.97510452844991746 0.98213580174693105 230.71074127603376 15.450000000000001 5.9500000000000011 683.05000000000007 273.06941131118424 0.00016561000000000004 27.908655345861497 674.95000000000016 0.93544191479114935 0.92922379131507438 0.94978112945126536 939.50000000000011 24.850000000000005
decision_type=2 2 2 2 2 2 2 2 2 2 2 2 2 2 2 2 2 2
left_child=3 2 -2 8 5 16 7 -7 12 10 -10 -12 13 14 -1 -15 17 -5
right_child=1 -3 -4 4 -6 6 -8 -9 9 -11 11 -13 -14 15 -16 -17 -18 -19
leaf_value=3.9808216792021081e-09 1.3180407361090829e-06 -2.1107720585167302e-06 -6.2574792429987136e-07 5.0290318067778198e-08 -2.2941974382616614e-06 2.0495515315133162e-06 2.4064657168310078e-06 2.1846870180745583e-07 1.2454967566594387e-06 -2.8686968343143758e-06 -1.8401577460488863e-06 -1.3197556179184855e-07 1.011105129637239e-06 1.371783204609203e-06 -2.4459244292405973e-06 -2.9439369051066544e-09 5.3049021987914919e-07 -1.3982956223833527e-07
leaf_weight=4566 20 24 21 154 23 40 28 184 23 28 23 694 36 108 46 690 21 149
leaf_count=4566 20 24 21 154 23 40 28 184 23 28 23 694 36 108 46 690 21 149
internal_value=-1.82316e-15 -5.75976e-07 3.22442e-07 5.49514e-09 2.25117e-07 3.25715e-07 7.52228e-07 5.45448e-07 -1.56754e-08 -2.41656e-07 -1.42254e-07 -1.86771e-07 1.61926e-08 9.57212e-09 -2.04545e-08 1.83109e-07 -6.01729e-09 -4.3201e-08
internal_weight=6878 65 41 6813 599 576 252 224 6214 768 740 717 5446 5410 4612 798 324 303
internal_count=6878 65 41 6813 599 576 252 224 6214 768 740 717 5446 5410 4612 798 324 303
is_linear=0
shrinkage=0.05


Tree=131
num_leaves=26
num_cat=0
split_feature=14 14 15 14 15 12 14 14 14 12 15 12 15 14 15 15 21 3 14 12 12 14 3 15 7
split_gain=8.51703e-09 3.40756e-08 7.31564e-08 2.84977e-08 6.30254e-08 2.03829e-08 1.66069e-08 4.22677e-08 1.15373e-07 2.34073e-07 3.02742e-08 2.91207e-08 4.51699e-08 2.27897e-08 1.56702e-08 1.62883e-08 1.45387e-08 1.13354e-08 1.03914e-08 1.28781e-09 4.5645e-10 1.35007e-10 5.34371e-12 6.32785e-12 4.0929e-12
threshold=-0.99630266176052629 -0.99275805973510278 -0.10837475778693638 -0.99467753128998015 0.080547328232315238 -0.25881904510252113 -0.98214942551678475 -0.95995996396290595 -0.96463499255812291 -0.25881904510252113 0.2332836900311728 -0.25881904510252113 0.13185577213185923 -0.95754239937548935 0.04621408538533487 1.0000000180025095e-35 169.50000000000003 24.350000000000005 -0.99866806308218525 1.0000000180025095e-35 0.12940952255126045 -0.98523971305672675 18.650000000000002 0.011826144619637555 139.09069372665155
decision_type=2 2 2 2 2 2 2 2 2 2 2 2 2 2 2 2 2 2 2 2 2 2 2 2 2
left_child=5 2 -2 4 -4 14 11 8 10 -10 -8 12 16 -9 15 18 -3 -15 -1 -7 -13 -22 24 -24 -21
right_child=1 6 3 -5 -6 19 7 13 9 -11 -12 20 -14 17 -16 -17 -18 -19 -20 22 21 -23 23 -25 -26
leaf_value=9.598428931667515e-09 -3.3364331873286803e-06 -6.5419207198433673e-07 9.5953940585739405e-07 1.2579093663589448e-06 -2.6640337311552763e-06 -4.6827558207951371e-07 -4.5375120667384433e-07 1.5538712858642612e-06 -6.978718178061173e-06 1.035556524110946e-07 9.700773417738636e-07 -2.5242605895906913e-07 2.7236901701144236e-06 -2.5285616717710176e-08 -4.1398278540327736e-07 2.071832063847978e-06 1.0564989801659302e-06 1.4228983420907411e-07 1.4809471792887053e-06 -1.3128881111157397e-08 -4.2185536906138379e-08 1.0083747422516931e-07 -6.1466102086645451e-08 -3.017217726965425e-08 -4.1483124064711777e-08
leaf_weight=30 24 23 24 24 24 20 168 24 20 28 48 24 30 4783 20 30 27 1279 20 35 66 22 30 35 20
leaf_count=30 24 23 24 24 24 20 168 24 20 28 48 24 30 4783 20 30 27 1279 20 35 66 22 30 35 20
internal_value=-7.47334e-16 -1.05796e-08 -9.45755e-07 -1.48862e-07 -8.52247e-07 2.92615e-07 3.14352e-09 -1.07088e-08 -6.30081e-07 -2.84739e-06 -1.37345e-07 4.6128e-07 1.18987e-06 1.61585e-08 8.37822e-07 1.15077e-06 2.69581e-07 1.00705e-08 5.98138e-07 -9.68192e-08 -5.91433e-08 -6.42978e-09 -3.49099e-08 -4.46155e-08 -2.34395e-08
internal_weight=6878 6638 96 72 48 240 6542 6350 264 48 216 192 80 6086 100 80 50 6062 50 140 112 88 120 65 55
internal_count=6878 6638 96 72 48 240 6542 6350 264 48 216 192 80 6086 100 80 50 6062 50 140 112 88 120 65 55
is_linear=0
shrinkage=0.05


Tree=132
num_leaves=20
num_cat=0
split_feature=5 5 12 14 14 27 20 12 14 14 12 16 7 12 12 5 5 12 27
split_gain=8.27163e-09 9.81054e-09 3.88023e-08 1.03858e-08 3.10012e-08 9.42356e-08 3.85243e-08 2.58752e-08 1.47389e-08 3.86555e-08 2.62815e-08 1.20921e-08 4.8664e-09 4.5257e-09 2.37731e-09 1.15996e-09 1.4397e-09 7.8773e-10 2.5301e-10
threshold=26.250000000000004 21.750000000000004 -0.70710678118654735 -0.99630266176052629 -0.99275805973510278 0.83333333333333337 0.00023764000000000004 -0.60355339059327362 -0.98214942551678475 -0.95995996396290595 -0.25881904510252113 3.5649999999999999 129.73507405754765 -0.9159756150367534 -0.25881904510252113 23.150000000000002 22.550000000000004 0.12940952255126045 67.500000000000014
decision_type=2 2 2 2 2 2 2 2 2 2 2 2 2 2 2 2 2 2 2
left_child=1 3 -3 7 5 6 -5 13 10 -10 -6 -7 15 -1 -9 16 -4 -16 -17
right_child=-2 2 12 4 8 11 -8 14 9 -11 -12 -13 -14 -15 17 18 -18 -19 -20
leaf_value=6.9477038550758157e-07 8.0200661098928096e-07 -2.3441575104305398e-06 4.0060247808493873e-08 -4.2085824675485214e-06 1.1303783908545029e-06 -1.2857080931931198e-07 -1.1423511290331589e-06 4.0321450687143036e-07 -5.9857663496449569e-07 1.9800958969054819e-08 -5.618610871957078e-08 1.3974214000643856e-06 -7.6127577212251454e-07 1.5162846236044539e-06 -3.3741139168578611e-07 -1.086933353528147e-08 5.6659482172705111e-07 -3.518162168373089e-08 -2.4550352378582829e-07
leaf_weight=30 32 22 37 21 80 34 20 29 264 5916 112 21 21 38 27 27 20 107 20
leaf_count=30 32 22 37 21 80 34 20 29 264 5916 112 21 21 38 27 27 20 107 20
internal_value=1.89455e-16 -3.74879e-09 -4.07807e-07 5.1177e-09 -6.64767e-09 -8.98467e-07 -2.71286e-06 3.34548e-07 6.7884e-09 -6.61517e-09 4.38216e-07 4.54081e-07 -6.70097e-08 1.15385e-06 -7.24736e-09 7.31787e-08 2.24809e-07 -9.60787e-08 -1.10714e-07
internal_weight=6878 6846 147 6699 6468 96 41 231 6372 6180 192 55 125 68 163 104 57 134 47
internal_count=6878 6846 147 6699 6468 96 41 231 6372 6180 192 55 125 68 163 104 57 134 47
is_linear=0
shrinkage=0.05


Tree=133
num_leaves=25
num_cat=0
split_feature=15 5 15 15 12 12 4 15 15 14 5 8 1 8 14 15 14 27 8 7 16 24 8 8
split_gain=8.2049e-09 2.86892e-08 9.87956e-09 2.89188e-08 5.58348e-08 1.94518e-08 1.56677e-08 1.76223e-08 4.24226e-08 1.76621e-08 1.09869e-08 5.34863e-08 9.00083e-08 2.05119e-08 1.64572e-08 1.13587e-07 3.58885e-08 6.99318e-09 2.76836e-09 1.04198e-08 1.06317e-09 1.44838e-09 8.56164e-10 1.17241e-10
threshold=-0.99983123799342477 13.250000000000002 -0.97111920233974802 -0.96234030595689413 -0.70710678118654735 -0.5 28.500000000000004 -0.99465740988130902 -0.99864786094873803 0.1849296026015865 13.450000000000001 269.6625029065371 339.4500000000001 266.33045738596439 0.78857998149907527 -0.38243420677835349 0.76696112484652046 1.5000000000000002 326.12423047573299 126.47564345848802 1001.9250000000001 0.00072945381651665596 92.262984225039091 357.73097872125072
decision_type=2 2 2 2 2 2 2 2 2 2 2 2 2 2 2 2 2 2 2 2 2 2 2 2
left_child=1 -1 5 4 -4 6 7 8 -2 -9 14 13 -13 -12 16 -16 -5 -6 20 -20 21 -7 -19 -21
right_child=2 -3 3 10 17 18 -8 9 -10 -11 11 12 -14 -15 15 -17 -18 22 19 23 -22 -23 -24 -25
leaf_value=6.2299982939452023e-07 1.2638853834590481e-06 -1.8238983051332981e-06 -2.9641254637150879e-06 -6.5002904029111152e-09 -8.3481505354344481e-07 -6.0577061805005498e-08 1.7371464790672828e-06 1.0719660455843323e-06 -1.3427242526011077e-06 -5.2736045669613915e-07 -1.3191284730236468e-08 3.5657603194253923e-07 2.7925639304734181e-06 -1.3817332582480699e-06 -1.3537319920889896e-06 4.3938388425158955e-10 1.1381107962092431e-06 1.9020570827767471e-09 1.1511200227687369e-06 -2.6515954715478074e-07 -3.6586979367515283e-07 3.786048706189149e-07 4.37038648422039e-07 -9.6007454143345755e-08
leaf_weight=23 27 25 24 3159 26 306 26 97 37 21 1236 321 43 28 181 1072 70 26 23 20 26 20 20 21
leaf_count=23 27 25 24 3159 26 306 26 97 37 21 1236 321 43 28 181 1072 70 26 23 20 26 20 20 21
internal_value=-8.73055e-16 -6.51426e-07 4.5781e-09 -1.44903e-08 -8.75562e-07 1.94223e-07 5.89019e-07 4.25001e-07 -2.43061e-07 7.8734e-07 -9.61201e-10 1.10288e-07 6.44344e-07 -4.35071e-08 -4.13702e-08 -1.95175e-07 1.83132e-08 -1.79375e-07 -3.17472e-09 2.99319e-07 -5.81736e-08 -3.36334e-08 1.91092e-07 -1.78521e-07
internal_weight=6878 48 6830 6206 96 624 208 182 64 118 6110 1628 364 1264 4482 1253 3229 72 416 64 352 326 46 41
internal_count=6878 48 6830 6206 96 624 208 182 64 118 6110 1628 364 1264 4482 1253 3229 72 416 64 352 326 46 41
is_linear=0
shrinkage=0.05


Tree=134
num_leaves=18
num_cat=0
split_feature=14 14 18 12 14 15 12 11 12 27 14 12 5 14 12 14 18
split_gain=7.6681e-09 9.75404e-09 2.11986e-08 5.52615e-08 1.12127e-08 4.91408e-08 9.62776e-08 3.18214e-08 3.66404e-08 3.27975e-08 1.83215e-08 5.10737e-08 7.12751e-08 4.92335e-08 7.74542e-08 2.97353e-08 2.14415e-09
threshold=0.99995780822346225 0.99907018497641664 0.00014438500000000002 -1.0000000180025095e-35 0.9916835347852474 0.097680735332368748 -0.25881904510252113 13.681250000000002 0.37940952255126054 35.833333333333336 0.98522604642031408 -0.5 9.7500000000000018 0.98213580174693105 -0.25881904510252113 0.96465729447553372 0.00041508000000000002
decision_type=2 2 2 2 2 2 2 2 2 2 2 2 2 2 2 2 2
left_child=1 4 3 -3 10 7 -7 8 -6 -9 13 12 -12 15 -15 -1 -13
right_child=-2 2 -4 -5 5 6 -8 9 -10 -11 11 16 -14 14 -16 -17 -18
leaf_value=-1.1351834186867217e-08 -8.9217342065239795e-07 3.0792528667172355e-06 -4.1435312410660694e-07 -1.0151985277120603e-07 -2.4332440114941772e-06 -4.4201141668054336e-06 1.2201167027825478e-07 -5.3515191483663967e-07 2.6609181459872804e-08 1.1154685149123022e-06 -3.1346786499852897e-08 4.0530539481646124e-08 4.1898835422671255e-06 -3.9749040445258293e-06 9.9078426732798384e-08 5.8553810265283136e-07 -5.5726440834291674e-07
leaf_weight=6134 24 22 38 36 24 20 28 49 41 78 20 60 20 20 28 216 20
leaf_count=6134 24 22 38 36 24 20 28 49 41 78 20 60 20 20 28 216 20
internal_value=7.46482e-16 3.12404e-09 5.03577e-07 1.10498e-06 -3.98509e-09 -3.3962e-07 -1.77054e-06 1.81105e-08 -8.81644e-07 4.78615e-07 8.37335e-09 6.20477e-07 2.07927e-06 -3.10719e-09 -1.59841e-06 8.95182e-09 -1.08918e-07
internal_weight=6878 6854 96 58 6758 240 48 192 65 127 6518 120 40 6398 48 6350 80
internal_count=6878 6854 96 58 6758 240 48 192 65 127 6518 120 40 6398 48 6350 80
is_linear=0
shrinkage=0.05


Tree=135
num_leaves=31
num_cat=0
split_feature=15 14 8 8 15 15 12 8 14 7 27 14 14 12 27 12 3 15 15 12 3 21 11 12 8 5 4 8 21 4
split_gain=7.61957e-09 2.08252e-08 6.89697e-08 3.11883e-08 1.75194e-08 1.41397e-07 1.79378e-07 5.09045e-08 7.39582e-08 1.68659e-08 1.45155e-08 1.44417e-08 2.95974e-08 2.56785e-08 1.27505e-08 3.22413e-08 8.07633e-08 3.02705e-08 3.79636e-08 3.6749e-08 7.09899e-09 5.41537e-09 5.17683e-09 1.5276e-08 4.21076e-09 3.26368e-09 3.0977e-09 3.23599e-09 2.57745e-09 2.43925e-09
threshold=0.91245913578114801 0.31799963745711152 250.03553974331544 269.6625029065371 0.61913436964878354 0.59175731018202693 -0.25881904510252113 239.78407604440201 0.74443451080969758 132.2567850090422 6.8333333333333348 0.25206111083856975 0.23537774960157334 -0.5 47.500000000000007 -0.5 15.350000000000003 0.42957308670649791 0.22491561436810906 -0.78656609248549292 24.150000000000002 728.50000000000011 20.853125000000002 -0.37940952255126065 340.62047025378274 14.15 25.500000000000004 183.93496850054598 557.50000000000011 35.500000000000007
decision_type=2 2 2 2 2 2 2 2 2 2 2 2 2 2 2 2 2 2 2 2 2 2 2 2 2 2 2 2 2 2
left_child=4 11 26 -4 5 14 -7 20 9 10 -9 12 22 -13 17 16 -16 18 -1 -19 21 28 23 -2 -17 -24 -3 -28 -6 -11
right_child=1 2 3 -5 7 6 -8 8 -10 29 -12 13 -14 -15 15 24 -18 19 -20 -21 -22 -23 25 -25 -26 -27 27 -29 -30 -31
leaf_value=-6.9273173899921545e-08 1.2987261593130266e-06 3.901601226173414e-07 -3.6976226490217165e-06 -9.6949878889862619e-07 1.80233596281563e-09 -6.3338606742036063e-06 -1.3401392879229337e-07 1.2782672590616038e-07 2.9349349650450072e-06 1.5238263000862735e-07 1.3378424813147244e-06 1.6999343380064149e-06 -1.8509082999311017e-06 -3.4768604138812889e-08 1.5350565301108787e-06 -2.4074672564959312e-10 1.0770391083876735e-07 -2.8509548121476093e-06 5.4870889228341648e-07 -2.0523838377885438e-07 -9.6018247128475721e-07 7.4547408356228186e-07 -7.3221346614228956e-07 -1.3528470017257852e-07 -3.794394709589783e-07 5.2648297700950655e-08 3.6446251021426722e-08 -7.2291299375137901e-07 -3.2221003286416867e-07 -3.9829024264766609e-07
leaf_weight=3590 26 35 22 20 319 20 28 39 36 61 68 32 24 64 128 1192 439 21 267 35 21 22 27 65 78 26 47 20 76 30
leaf_count=3590 26 35 22 20 319 20 28 39 36 61 68 32 24 64 128 1192 439 21 267 35 21 22 27 65 78 26 47 20 76 30
internal_value=1.3502e-15 -2.09569e-07 -6.93246e-07 -2.39852e-06 1.32155e-08 -1.47952e-08 -2.71728e-06 2.5489e-07 8.50268e-07 4.71238e-07 8.96809e-07 5.42552e-08 -2.25294e-07 5.43466e-07 7.76473e-09 1.16432e-07 4.29928e-07 -4.32504e-08 -2.64935e-08 -1.19738e-06 -6.31882e-08 -1.80158e-08 4.56421e-08 2.74433e-07 -2.35301e-08 -3.47187e-07 8.92469e-09 -1.90228e-07 -6.05393e-08 -2.91579e-08
internal_weight=6878 408 144 42 6470 5798 48 672 234 198 107 264 168 96 5750 1837 567 3913 3857 56 438 417 144 91 1270 53 102 67 395 91
internal_count=6878 408 144 42 6470 5798 48 672 234 198 107 264 168 96 5750 1837 567 3913 3857 56 438 417 144 91 1270 53 102 67 395 91
is_linear=0
shrinkage=0.05


Tree=136
num_leaves=21
num_cat=0
split_feature=17 3 17 20 12 18 26 26 17 19 2 5 6 8 17 12 17 21 5 21
split_gain=7.4732e-09 2.08908e-08 1.16396e-08 4.92408e-08 3.6176e-08 3.03749e-08 3.1948e-08 1.74004e-08 1.71572e-08 1.4292e-08 8.0408e-08 5.18095e-08 2.92063e-08 6.33575e-08 2.8494e-08 1.42562e-08 8.91278e-09 8.66969e-09 1.62898e-08 8.32934e-09
threshold=1.0101803279037567 20.850000000000005 0.97510452844991746 1.0235000000000001e-05 -0.9159756150367534 0.00035712500000000007 6.4350247476790666e-05 0.00022312132841452559 0.973140026325647 0.00017011500000000003 137.50000000000003 9.1500000000000004 0.00019629000000000003 245.33041273304414 0.75623287175206511 -0.98296291314453399 1.0188627020362733 928.50000000000011 8.2500000000000018 911.50000000000011
decision_type=2 2 2 2 2 2 2 2 2 2 2 2 2 2 2 2 2 2 2 2
left_child=2 -2 8 -4 5 6 -5 -7 9 10 14 -12 13 -11 -1 -14 -3 19 -19 -6
right_child=1 16 3 4 17 7 -8 -9 -10 12 11 -13 15 -15 -16 -17 -18 18 -20 -21
leaf_value=-3.0804102541648064e-08 -1.8781513024634933e-06 -6.8825899329824776e-07 -2.0530597329643965e-06 8.3031109075667106e-07 4.1056493760019213e-08 -3.7399241852440086e-07 3.4681839606905258e-06 1.1928955649870437e-06 -1.2501060562878206e-06 8.3962148859739462e-08 3.5348012832040847e-06 7.9250883040177164e-07 7.581389838253695e-07 -2.1320196676490678e-06 4.2331311940504722e-07 -8.8814434539042427e-08 7.2222279647871099e-07 1.7400172634465673e-06 2.0120358449934144e-07 -1.0104358102580592e-06
leaf_weight=3608 20 21 23 24 323 34 22 37 28 78 24 61 51 55 382 1927 24 21 95 20
leaf_count=3608 20 21 23 24 323 34 22 37 28 78 24 61 51 55 382 1927 24 21 95 20
internal_value=-3.0496e-16 -5.33586e-07 5.09073e-09 2.15586e-07 3.06174e-07 1.09102e-06 2.0919e-06 4.42555e-07 -1.52e-08 -9.61036e-09 4.50902e-08 1.5668e-06 -1.15202e-07 -8.32421e-07 1.26728e-08 -6.69769e-08 6.3998e-08 1.06116e-07 4.79782e-07 -2.0255e-08
internal_weight=6878 65 6813 599 576 117 46 71 6214 6186 4075 85 2111 133 3990 1978 45 459 116 343
internal_count=6878 65 6813 599 576 117 46 71 6214 6186 4075 85 2111 133 3990 1978 45 459 116 343
is_linear=0
shrinkage=0.05


Tree=137
num_leaves=27
num_cat=0
split_feature=14 12 14 14 14 12 27 12 12 14 14 12 17 8 14 25 18 1 22 6 17 8 8 5 8 5
split_gain=7.59528e-09 1.37562e-08 8.56141e-09 3.08585e-08 9.92019e-08 2.10474e-07 3.49472e-08 5.43558e-08 3.26355e-08 2.77534e-08 2.55057e-08 5.43185e-08 2.46754e-08 1.68671e-08 1.36969e-08 1.00846e-08 5.9117e-08 8.35008e-08 5.50919e-08 3.3673e-08 2.51205e-08 7.62689e-09 7.00608e-09 2.12212e-09 2.50648e-09 8.4477e-10
threshold=-0.99985146406598202 -0.25881904510252113 -0.94139628442229062 -0.96463499255812291 -0.95995996396290595 -0.25881904510252113 1.1666666666666667 -0.78656609248549292 -0.78656609248549292 -0.95754239937548935 -0.89832046920331654 -0.5 0.63537387312251525 255.6847745887824 -0.91978325482952472 0.00013100653911868145 0.00015179500000000003 488.05000000000007 137.50000000000003 8.7105000000000014e-05 0.98155384625803732 208.74077742930891 310.87402597001812 10.850000000000003 140.82510863233119 7.3500000000000005
decision_type=2 2 2 2 2 2 2 2 2 2 2 2 2 2 2 2 2 2 2 2 2 2 2 2 2 2
left_child=1 -1 3 6 5 -5 7 -2 12 -6 11 14 -8 -11 -4 16 17 -12 -18 -17 -21 -9 -10 25 -25 -13
right_child=2 -3 10 4 9 -7 8 21 22 13 15 23 -14 -15 -16 19 18 -19 -20 20 -22 -23 -24 24 -26 -27
leaf_value=1.628284731438612e-06 -2.3141165947412159e-06 -8.8616343211064429e-08 2.8923534311312933e-06 -6.5912654960698092e-06 1.4778312087552573e-06 1.2450957133805903e-07 2.9979569908059983e-07 2.3505633892362266e-07 5.4637670502553273e-08 -5.603347357065343e-09 1.7263433690365091e-08 2.0715106568363556e-08 1.8297191566469994e-06 -1.1880375930243297e-06 1.2031192274738109e-06 -1.7741356528919651e-06 3.0290036361198723e-06 -2.5497912368166453e-06 5.2885490838573048e-07 -1.3701972311190779e-07 2.9940517639302146e-07 -7.4239763558454863e-07 -7.23838980966027e-07 -6.6931396667448767e-08 6.9675603174887549e-07 -3.3536243951895206e-07
leaf_weight=20 38 28 24 20 24 28 60 64 427 101 3150 36 47 43 24 29 24 32 269 1855 401 29 31 22 21 31
leaf_count=20 38 28 24 20 24 28 60 64 427 101 3150 36 47 43 24 29 24 32 269 1855 401 29 31 22 21 31
internal_value=-9.14939e-18 6.26759e-07 -4.40475e-09 -1.47006e-07 -6.69086e-07 -2.67373e-06 1.50193e-08 -7.20781e-07 1.85621e-07 -9.6331e-08 1.75709e-08 6.44305e-07 9.71818e-07 -3.58691e-07 2.04774e-06 3.79255e-10 5.40272e-08 -8.55233e-09 7.33645e-07 -8.12079e-08 -5.9446e-08 -6.97411e-08 1.94602e-09 3.1899e-08 3.06032e-07 -1.44037e-07
internal_weight=6878 48 6830 912 216 48 696 131 565 168 5918 158 107 144 48 5760 3475 3182 293 2285 2256 93 458 110 43 67
internal_count=6878 48 6830 912 216 48 696 131 565 168 5918 158 107 144 48 5760 3475 3182 293 2285 2256 93 458 110 43 67
is_linear=0
shrinkage=0.05


Tree=138
num_leaves=20
num_cat=0
split_feature=5 5 12 14 14 27 20 12 14 14 12 12 4 3 7 12 15 12 12
split_gain=7.56962e-09 8.40866e-09 3.41361e-08 9.40366e-09 2.70334e-08 8.27599e-08 3.4375e-08 2.31164e-08 1.29045e-08 3.23245e-08 2.28132e-08 9.76911e-09 6.08274e-09 6.21071e-09 4.44134e-09 1.99463e-09 1.04734e-09 6.50499e-10 5.08806e-10
threshold=26.250000000000004 21.750000000000004 -0.70710678118654735 -0.99630266176052629 -0.99275805973510278 0.83333333333333337 0.00023764000000000004 -0.60355339059327362 -0.98214942551678475 -0.95995996396290595 -0.25881904510252113 -0.25881904510252113 3.5000000000000004 24.050000000000004 129.73507405754765 -0.25881904510252113 0.04621408538533487 0.12940952255126045 -0.25881904510252113
decision_type=2 2 2 2 2 2 2 2 2 2 2 2 2 2 2 2 2 2 2
left_child=1 3 -3 7 5 6 -5 12 10 -10 -6 -7 13 -1 16 -9 -4 -17 -18
right_child=-2 2 14 4 8 11 -8 15 9 -11 -12 -13 -14 -15 -16 17 18 -19 -20
leaf_value=2.0401562184443638e-06 7.6721891408837459e-07 -2.1938558314166753e-06 3.507383691788627e-07 -3.9525785377052325e-06 1.0545384436255745e-06 1.2760556024832546e-06 -1.0561767976469127e-06 3.7100575598052618e-07 -5.4788721099110622e-07 1.7588414432060443e-08 -5.0963413590026416e-08 -9.5551741118108972e-08 4.7229003195070624e-07 8.3801945558142111e-07 -7.2126619651650499e-07 -3.0564568710381671e-07 -2.1317297019770056e-07 -3.1000478969329549e-08 6.6885088582809127e-08
leaf_weight=22 32 22 26 21 80 21 20 29 264 5916 112 34 25 21 21 27 23 107 55
leaf_count=22 32 22 26 21 80 21 20 29 264 5916 112 34 25 21 21 27 23 107 55
internal_value=-4.74207e-16 -3.58618e-09 -3.77663e-07 4.62241e-09 -6.57286e-09 -8.39367e-07 -2.5397e-06 3.1809e-07 5.97395e-09 -6.56783e-09 4.09662e-07 4.28153e-07 1.09249e-06 1.45307e-06 -5.80135e-08 -4.97128e-09 7.59125e-08 -8.63394e-08 -1.56961e-08
internal_weight=6878 6846 147 6699 6468 96 41 231 6372 6180 192 55 68 43 125 163 104 134 78
internal_count=6878 6846 147 6699 6468 96 41 231 6372 6180 192 55 68 43 125 163 104 134 78
is_linear=0
shrinkage=0.05


Tree=139
num_leaves=25
num_cat=0
split_feature=15 8 15 15 5 8 14 14 27 27 14 16 5 8 14 8 14 8 8 7 2 8 7 20
split_gain=7.33461e-09 2.82143e-08 9.028e-09 2.62573e-08 4.08865e-08 1.53901e-08 1.68232e-08 3.2375e-08 1.91044e-08 1.22583e-08 1.64853e-08 1.08839e-08 1.01325e-08 4.60295e-08 8.36307e-08 1.77232e-08 1.66264e-08 9.47048e-08 2.26824e-08 8.90383e-09 3.65335e-09 3.68147e-09 1.95347e-09 2.12346e-10
threshold=-0.99983123799342477 272.41374569257584 -0.97111920233974802 -0.96234030595689413 10.450000000000001 266.80853237446945 -0.049434980436038223 -0.10088855117215338 12.500000000000002 12.500000000000002 0.1849296026015865 439.89500000000004 13.450000000000001 269.6625029065371 0.82414472752956958 266.33045738596439 0.67802080537253973 271.78126056529027 279.29218398119542 120.13543891197232 233.50000000000003 248.02962813885136 94.078794264647215 0.00068245500000000011
decision_type=2 2 2 2 2 2 2 2 2 2 2 2 2 2 2 2 2 2 2 2 2 2 2 2
left_child=1 -1 5 4 -4 20 7 8 -7 10 -8 22 16 15 -15 -14 18 -18 -5 -11 21 23 -6 -2
right_child=2 -3 3 12 11 6 9 -9 -10 19 -12 -13 13 14 -16 -17 17 -19 -20 -21 -22 -23 -24 -25
leaf_value=4.0860923807680852e-07 -4.6028209336632305e-08 -2.0502366328400968e-06 -2.7268599565517934e-06 -4.5392536875207764e-08 5.728354260270408e-07 1.0162538588650007e-06 8.2469450253499753e-07 -1.4006028425228579e-06 -6.9092909145527046e-07 1.9747725616525716e-06 -7.1292923601741558e-07 -1.0489901521256888e-06 -8.6640952209956088e-09 8.2930606089852928e-08 1.7094102555099534e-06 -1.2807800597361816e-06 8.1847004336601397e-08 -7.6776048346615473e-07 2.8614479961271995e-07 7.6645315534880223e-07 4.5679795314461965e-07 -6.3991499519875954e-07 -8.4445712234836591e-08 8.202414764841788e-08
leaf_weight=28 259 20 22 2243 20 57 72 30 23 30 23 28 1236 248 116 28 1102 467 670 31 35 27 26 37
leaf_count=28 259 20 22 2243 20 57 72 30 23 30 23 28 1236 248 116 28 1102 467 670 31 35 27 26 37
internal_value=1.53411e-15 -6.1591e-07 4.3285e-09 -1.38996e-08 -8.34391e-07 1.85616e-07 4.73687e-07 1.54687e-10 5.25439e-07 8.07589e-07 4.52428e-07 -2.71765e-07 -1.0081e-09 1.05828e-07 6.01259e-07 -3.68439e-08 -3.98142e-08 -1.71032e-07 3.08622e-08 1.36071e-06 -2.84251e-08 -8.10035e-08 2.01329e-07 -3.00217e-08
internal_weight=6878 48 6830 6206 96 624 266 110 80 156 95 74 6110 1628 364 1264 4482 1569 2913 61 358 323 46 296
internal_count=6878 48 6830 6206 96 624 266 110 80 156 95 74 6110 1628 364 1264 4482 1569 2913 61 358 323 46 296
is_linear=0
shrinkage=0.05


Tree=140
num_leaves=31
num_cat=0
split_feature=3 11 12 14 8 14 8 27 14 27 15 12 14 15 14 14 14 5 8 9 3 8 21 27 21 14 14 15 15 8
split_gain=7.09278e-09 2.21835e-08 3.11041e-08 1.91856e-08 4.32747e-08 4.00249e-08 6.42387e-08 2.07954e-08 2.8275e-08 1.50452e-08 1.27094e-07 1.85463e-07 1.68119e-07 7.76099e-08 5.86214e-08 9.37878e-08 3.97329e-08 2.33853e-08 4.43355e-08 9.28179e-08 1.04554e-07 3.82243e-08 6.89128e-08 9.10284e-08 2.69781e-08 2.61373e-08 1.45716e-08 1.44895e-08 1.31782e-08 1.84979e-08
threshold=20.350000000000005 20.853125000000002 -1.0000000180025095e-35 0.98522604642031408 238.25064773721266 0.97875492728876534 242.84748527535143 1.8333333333333337 -0.98214942551678475 2.1666666666666674 -0.10837475778693638 0.12940952255126045 0.84313847884979054 -0.87810534180523914 0.95998215779580554 0.78857998149907527 0.74443451080969758 7.2500000000000009 275.4934438189394 -10.040481203342059 16.450000000000003 275.4934438189394 1.0000000180025095e-35 82.500000000000014 484.50000000000006 0.99466373373798567 0.93544191479114935 -0.99465740988130902 0.94975093725139803 249.18193451645695
decision_type=2 2 2 2 2 2 2 2 2 2 2 2 2 2 2 2 2 2 2 2 2 2 2 2 2 2 2 2 2 2
left_child=9 2 -2 5 -5 7 -7 8 -3 10 11 12 13 -1 15 16 -12 21 28 25 -21 24 26 -24 -11 -20 -23 -9 -19 -30
right_child=1 3 -4 4 -6 6 -8 27 -10 17 14 -13 -14 -15 -16 -17 -18 18 19 20 -22 22 23 -25 -26 -27 -28 -29 29 -31
leaf_value=-4.2141643405102519e-06 2.3116831313857872e-06 -5.7573615531813077e-07 -3.334972116672105e-08 -1.5567114229325496e-07 2.7477995142059327e-06 2.9431813932406468e-08 -3.4877970898876467e-06 -7.4631091172831221e-07 3.0332503148212711e-07 7.4217650395319737e-08 4.0343824083774931e-08 -1.9672199992070408e-08 -6.9559168490617269e-06 -2.6691620929120815e-07 2.1120674954840366e-06 -3.2204561252709619e-06 1.8181428528978624e-06 -8.2438815196415008e-08 2.7463286869410262e-07 5.0324262566564792e-06 9.8914562540609152e-07 -3.8017584513908066e-07 -2.3087173715000663e-06 1.0339901669235239e-06 -1.4542171102386685e-06 -1.4849264764713803e-06 4.2597283081459878e-07 -3.0413121179782999e-08 1.2851805028675626e-07 1.8026480032321244e-06
leaf_weight=20 26 101 31 33 21 34 21 74 970 767 308 104 22 33 37 21 35 1506 519 21 67 193 94 26 30 22 79 1575 66 22
leaf_count=20 26 101 31 33 21 34 21 74 970 767 308 104 22 33 37 21 35 1506 519 21 67 193 94 26 30 22 79 1575 66 22
internal_value=5.09277e-16 5.97165e-08 1.03631e-06 4.00395e-08 9.73456e-07 2.18757e-08 -1.31351e-06 4.8878e-08 2.20426e-07 -4.31718e-08 -2.78603e-07 -1.38641e-06 -3.28162e-06 -1.75644e-06 2.15905e-07 2.3163e-08 2.21752e-07 -3.15122e-09 9.25809e-08 4.48044e-07 1.95402e-06 -1.82136e-07 -5.86372e-07 -1.58446e-06 1.66856e-08 2.0308e-07 -1.46037e-07 -6.25395e-08 -4.76866e-08 5.47051e-07
internal_weight=6878 2886 57 2829 54 2775 55 2720 1071 3992 580 179 75 53 401 364 343 3412 2223 629 88 1189 392 120 797 541 272 1649 1594 88
internal_count=6878 2886 57 2829 54 2775 55 2720 1071 3992 580 179 75 53 401 364 343 3412 2223 629 88 1189 392 120 797 541 272 1649 1594 88
is_linear=0
shrinkage=0.05


Tree=141
num_leaves=31
num_cat=0
split_feature=15 14 8 8 15 15 8 8 14 7 27 14 14 8 27 15 15 27 14 8 15 3 21 11 7 17 27 8 21 8
split_gain=7.12631e-09 1.76825e-08 6.27133e-08 2.74553e-08 1.50944e-08 1.22819e-07 1.66031e-07 4.44184e-08 6.31974e-08 1.51557e-08 1.31874e-08 1.26714e-08 2.65462e-08 2.26743e-08 1.15303e-08 2.12631e-08 4.21015e-08 2.05255e-08 1.80177e-08 6.15726e-08 3.53861e-08 6.35848e-09 4.80637e-09 4.3528e-09 5.70066e-09 3.16178e-09 2.6904e-09 2.31523e-09 2.2727e-09 2.22071e-09
threshold=0.91245913578114801 0.31799963745711152 250.03553974331544 269.6625029065371 0.61913436964878354 0.59175731018202693 230.71074127603376 239.78407604440201 0.74443451080969758 132.2567850090422 6.8333333333333348 0.25206111083856975 0.23537774960157334 233.17242719103459 60.500000000000007 0.42957308670649791 0.22491561436810906 52.500000000000007 0.83849049182116964 254.62635741609648 0.26659387353423869 24.150000000000002 728.50000000000011 20.853125000000002 140.40309149535096 0.8606240263575532 13.500000000000002 289.66728801412097 557.50000000000011 194.5573624904479
decision_type=2 2 2 2 2 2 2 2 2 2 2 2 2 2 2 2 2 2 2 2 2 2 2 2 2 2 2 2 2 2
left_child=4 11 26 -4 5 14 -7 21 9 10 -9 12 23 -13 15 16 -1 -17 20 -20 -16 22 28 24 -2 -25 -3 -11 -6 -28
right_child=1 2 3 -5 7 6 -8 8 -10 27 -12 13 -14 -15 18 17 -18 -19 19 -21 -22 -23 -24 25 -26 -27 29 -29 -30 -31
leaf_value=-6.1529304838299679e-08 5.6513033168347323e-07 4.8413947442889809e-07 -3.4933333526251687e-06 -9.3367834882229776e-07 1.2136862992152068e-09 -4.6616901881537031e-08 -6.0113472423495294e-06 1.1334588112988106e-07 2.7203126472209586e-06 2.4095119228951219e-07 1.266680578486798e-06 -9.6540202757141226e-08 -1.7609676836135199e-06 1.490710822022518e-06 9.5048300607824035e-08 -1.2577391378443271e-06 5.4741241079997048e-07 5.7732437131363678e-07 -4.7311290394851415e-08 9.9826909069151975e-07 -9.3966225471371256e-07 -9.0893943806912881e-07 7.020146430069087e-07 -7.6610002963661827e-07 -2.4419064743905517e-07 1.3100188923272545e-08 3.5426643381305413e-08 -2.6494956009465958e-07 -3.0304139167170481e-07 -5.7556315368856304e-07
leaf_weight=3921 55 24 22 20 319 28 20 39 36 42 68 60 24 36 741 64 306 20 382 223 93 21 22 23 36 30 58 49 76 20
leaf_count=3921 55 24 22 20 319 28 20 39 36 42 68 60 24 36 741 64 306 20 382 223 93 21 22 23 36 30 58 49 76 20
internal_value=7.08267e-16 -2.02672e-07 -6.48362e-07 -2.27445e-06 1.27805e-08 -1.32194e-08 -2.53192e-06 2.37107e-07 7.93263e-07 4.4289e-07 8.46306e-07 4.04317e-08 -2.21424e-07 4.98679e-07 7.80631e-09 -3.31007e-08 -1.74469e-08 -8.20819e-07 1.30357e-07 3.38084e-07 -2.03331e-08 -6.00169e-08 -1.72654e-08 3.51667e-08 2.44959e-07 -3.25043e-07 2.12042e-08 -3.14569e-08 -5.73265e-08 -1.21237e-07
internal_weight=6878 408 144 42 6470 5798 48 672 234 198 107 264 168 96 5750 4311 4227 84 1439 605 834 438 417 144 91 53 102 91 395 78
internal_count=6878 408 144 42 6470 5798 48 672 234 198 107 264 168 96 5750 4311 4227 84 1439 605 834 438 417 144 91 53 102 91 395 78
is_linear=0
shrinkage=0.05


Tree=142
num_leaves=21
num_cat=0
split_feature=5 3 17 14 25 15 25 15 11 4 14 14 20 7 27 17 25 14 14 14
split_gain=7.05706e-09 7.46623e-09 3.56287e-08 1.16166e-07 1.50212e-07 7.84423e-08 6.08566e-08 2.84251e-08 1.97951e-08 2.23428e-08 1.72905e-08 3.60412e-08 3.99585e-08 2.95833e-08 1.88189e-08 1.49129e-08 2.81209e-08 1.44932e-08 1.15422e-07 6.65485e-08
threshold=27.900000000000002 20.350000000000005 0.93216981107391106 0.90162119223771331 0.00018866762716111257 -0.83849291496497236 5.5910764679107881e-05 -0.46800559042974538 20.853125000000002 26.500000000000004 0.98522604642031408 0.97875492728876534 0.00039146500000000007 45.536111064370367 1.8333333333333337 0.9104700012423752 8.4444201194056254e-05 0.93544191479114935 0.92922379131507438 0.94978112945126536
decision_type=2 2 2 2 2 2 2 2 2 2 2 2 2 2 2 2 2 2 2 2
left_child=1 2 15 5 -5 6 -4 -7 9 -3 11 14 -13 -12 -10 17 -17 18 -1 -19
right_child=-2 8 3 4 -6 7 -8 -9 10 -11 13 12 -14 -15 -16 16 -18 19 -20 -21
leaf_value=-3.6152744636012785e-08 8.7436050389145668e-07 1.9595341955534552e-07 -3.7236737043144787e-06 -5.7581986850337953e-06 -1.5920978501071658e-07 2.2119002737213121e-06 8.2856965242345249e-08 2.714351272879092e-07 2.1124435597348602e-07 2.229390598949201e-06 -8.2251152332079778e-08 -2.3451512934581265e-06 4.0583149427675382e-07 2.2844590405483081e-06 -5.7937678656459874e-08 2.299513245702656e-06 -2.7540659175429029e-08 1.4033029071251295e-06 -2.7070458363159394e-06 -1.9871598365634479e-08
leaf_weight=3014 23 35 21 23 25 25 21 77 1071 22 31 33 22 23 1649 20 37 96 41 569
leaf_count=3014 23 35 21 23 25 25 21 77 1071 22 31 33 22 23 1649 20 37 96 41 569
internal_value=-8.35492e-16 -2.93367e-09 -4.743e-08 -7.11864e-07 -2.84206e-06 -1.79958e-09 -1.82041e-06 7.47039e-07 5.82604e-08 9.80789e-07 3.96729e-08 2.24295e-08 -1.24476e-06 9.25792e-07 4.80527e-08 -1.36542e-08 7.88969e-07 -2.59524e-08 -7.19978e-08 1.85579e-07
internal_weight=6878 6855 3969 192 48 144 42 102 2886 57 2829 2775 55 54 2720 3777 57 3720 3055 665
internal_count=6878 6855 3969 192 48 144 42 102 2886 57 2829 2775 55 54 2720 3777 57 3720 3055 665
is_linear=0
shrinkage=0.05


Tree=143
num_leaves=18
num_cat=0
split_feature=14 14 8 14 15 8 27 8 14 15 8 14 8 14 6 20 5
split_gain=6.61068e-09 8.76439e-09 2.20518e-08 9.64013e-09 4.20801e-08 9.04192e-08 2.58757e-08 3.30414e-08 1.37129e-08 4.30173e-08 8.36743e-08 4.01066e-08 7.12594e-08 2.45524e-08 9.72741e-09 6.46077e-09 7.84929e-09
threshold=0.99995780822346225 0.99907018497641664 266.80853237446945 0.9916835347852474 0.097680735332368748 244.03129762188402 99.500000000000014 271.78126056529027 0.98522604642031408 -0.13398942717002907 252.8489753228165 0.98213580174693105 242.84748527535143 0.96465729447553372 0.00035221500000000007 0.00016742500000000004 8.6500000000000004
decision_type=2 2 2 2 2 2 2 2 2 2 2 2 2 2 2 2 2
left_child=1 3 15 8 6 -6 7 -5 11 10 -10 13 -13 -1 -11 16 -3
right_child=-2 2 -4 4 5 -7 -8 -9 9 14 -12 12 -14 -15 -16 -17 -18
leaf_value=-9.8767979777832173e-09 -8.283778602920697e-07 2.3337206744115473e-07 1.629134588507315e-06 2.6567563999361591e-07 1.9488341216344909e-07 -4.2068821369412043e-06 1.6723410854389104e-06 -1.2535480537372216e-06 -6.7727620794195383e-08 1.3714621004521411e-07 4.1666803053885817e-06 1.8601871616397149e-07 -3.7216494524727751e-06 5.3250480834039825e-07 -1.1414694852144672e-06 6.5783169541982316e-07 -1.1078196759228832e-06
leaf_weight=6134 24 24 29 120 28 20 21 51 28 51 20 28 20 216 21 23 20
leaf_count=6134 24 24 29 120 28 20 21 51 28 51 20 28 20 216 21 23 20
internal_value=9.05259e-16 2.90065e-09 4.77287e-07 -3.83819e-09 -3.15048e-07 -1.63919e-06 1.59859e-08 -1.87426e-07 7.62092e-09 5.37174e-07 1.69661e-06 -2.3113e-09 -1.44218e-06 8.57272e-09 -2.35783e-07 -2.12737e-08 -3.76261e-07
internal_weight=6878 6854 96 6758 240 48 192 171 6518 120 48 6398 48 6350 72 67 44
internal_count=6878 6854 96 6758 240 48 192 171 6518 120 48 6398 48 6350 72 67 44
is_linear=0
shrinkage=0.05


Tree=144
num_leaves=31
num_cat=0
split_feature=15 15 12 15 12 14 12 14 14 12 12 6 27 15 27 3 12 27 15 20 14 15 12 15 1 12 27 27 12 12
split_gain=6.57678e-09 1.08806e-07 1.46569e-07 3.02478e-08 5.7019e-08 5.17188e-08 8.94998e-08 4.08505e-08 1.01755e-07 1.9044e-07 5.40567e-08 5.83366e-08 4.03108e-08 1.42221e-08 6.71781e-08 1.07298e-07 6.45151e-08 1.10655e-07 2.23791e-08 8.37985e-08 1.93325e-07 4.29632e-08 7.50637e-08 2.90888e-08 1.58414e-08 6.67223e-09 5.07262e-09 9.20899e-10 8.88429e-10 4.22938e-10
threshold=-0.68432604233786842 -0.65883892954715351 -0.5 -0.70289845916694649 -0.5 0.67802080537253973 -0.5 0.54219432480460406 0.51297097409535064 -0.25881904510252113 1.0000000180025095e-35 0.00042305500000000003 77.500000000000014 -0.46800559042974538 99.833333333333357 22.550000000000004 -0.5 2.5000000000000004 -0.39036009226888674 2.3925000000000002e-05 0.90162119223771331 -0.36648370705903521 -0.5 -0.35846086284744721 812.80000000000007 0.12940952255126045 91.166666666666671 69.833333333333357 0.25881904510252091 0.37940952255126054
decision_type=2 2 2 2 2 2 2 2 2 2 2 2 2 2 2 2 2 2 2 2 2 2 2 2 2 2 2 2 2 2
left_child=3 2 -2 5 -5 7 -7 8 12 -10 11 -9 -1 14 16 -16 17 -3 19 20 -15 22 -20 -23 -21 -4 -18 -8 -12 -6
right_child=1 13 25 4 29 6 27 10 9 -11 28 -13 -14 18 15 -17 26 -19 21 24 -22 23 -24 -25 -26 -27 -28 -29 -30 -31
leaf_value=8.1520220966641919e-09 -4.4629941374552121e-06 -8.0219771213571086e-07 -1.0758275618627523e-06 3.0678357992049621e-06 2.5129486876570206e-07 -3.7745383799858701e-06 -2.2811867729109915e-07 2.3305327227041608e-06 -5.9960331657293866e-06 3.9212625080965932e-07 2.4937707105543438e-07 7.20291012234558e-08 1.0709555888956616e-06 -9.5381160298341823e-08 -3.9565031137260105e-06 6.3825831670396006e-07 -3.8142444559700863e-08 1.8648482892808878e-06 3.4879986401392671e-06 2.0732670135698705e-07 -4.3099672022861299e-06 -1.7636875744149923e-06 6.3279817698787735e-08 -1.7047035064849003e-08 1.7057078118589495e-06 2.5595787495563178e-08 6.9719562083037093e-07 2.1335520240687141e-07 -1.15676840124479e-07 -4.7888543027359756e-08
leaf_weight=1754 32 54 20 24 21 24 27 73 20 28 20 47 94 90 24 27 379 139 24 89 39 24 48 3518 22 44 25 21 100 27
leaf_count=1754 32 54 20 24 21 24 27 73 20 28 20 47 94 90 24 27 379 139 24 89 39 24 48 3518 22 44 25 21 100 27
internal_value=-9.58123e-16 -3.44293e-08 -1.70006e-06 6.94325e-08 1.07795e-06 3.65461e-08 -1.2815e-06 8.09745e-08 3.17898e-09 -2.26961e-06 6.95559e-07 1.44595e-06 6.22124e-08 1.08843e-09 2.17818e-07 -1.52398e-06 3.66615e-07 1.11863e-06 -3.53518e-08 -5.02897e-07 -1.36956e-06 -4.30287e-09 1.20485e-06 -2.8882e-08 5.04303e-07 -3.18599e-07 7.36115e-09 -3.49739e-08 -5.48345e-08 8.30042e-08
internal_weight=6878 4598 96 2280 72 2208 72 2136 1896 48 240 120 1848 4502 648 51 597 193 3854 240 129 3614 72 3542 111 64 404 48 120 48
internal_count=6878 4598 96 2280 72 2208 72 2136 1896 48 240 120 1848 4502 648 51 597 193 3854 240 129 3614 72 3542 111 64 404 48 120 48
is_linear=0
shrinkage=0.05


Tree=145
num_leaves=26
num_cat=0
split_feature=15 8 15 15 5 8 21 8 5 8 1 15 15 15 3 5 1 1 5 2 8 4 7 0 22
split_gain=6.41286e-09 2.58631e-08 8.29814e-09 2.35601e-08 3.53527e-08 1.34768e-08 1.18208e-08 9.73757e-09 9.60457e-09 5.23498e-08 1.42231e-08 8.27019e-09 2.03991e-08 1.48641e-08 1.44018e-08 8.24549e-09 6.30232e-09 5.24097e-09 4.37814e-09 3.46325e-09 3.48421e-09 1.92514e-09 1.51865e-09 1.43062e-09 1.73331e-10
threshold=-0.99983123799342477 272.41374569257584 -0.97111920233974802 -0.96234030595689413 10.450000000000001 266.80853237446945 619.50000000000011 340.62047025378274 13.450000000000001 269.6625029065371 426.35000000000008 -0.99273797715557011 -0.99761278905001471 -0.98801846520836312 19.850000000000005 15.450000000000001 129.15000000000001 397.40000000000003 11.65 233.50000000000003 248.02962813885136 2.5000000000000004 135.41616403236412 44.500000000000007 923.50000000000011
decision_type=2 2 2 2 2 2 2 2 2 2 2 2 2 2 2 2 2 2 2 2 2 2 2 2 2
left_child=1 -1 5 4 -4 19 23 8 10 -10 -5 12 17 16 -14 -15 -13 -7 21 20 24 -9 -20 -6 -2
right_child=2 -3 3 7 6 11 -8 18 9 -11 -12 13 14 15 -16 -17 -18 -19 22 -21 -22 -23 -24 -25 -26
leaf_value=4.0499236096788339e-07 -3.461003518268058e-08 -1.9491735076826447e-06 -2.5503829099513746e-06 3.3378887091676306e-08 -7.1915454398420566e-08 1.1347170051032244e-06 -1.2714044923576412e-06 -5.2278961405438302e-07 -3.0289474820416961e-08 6.8120914456192543e-07 -1.6119711338022043e-07 9.0256649230013866e-07 4.0456967866475678e-07 6.0646526128223182e-07 -1.1666971680922092e-06 -5.0123871847604503e-07 2.1427543072150003e-06 1.5497985367844758e-07 -1.0654291401124284e-06 4.4998844020126072e-07 -6.1736644780736518e-07 -8.1252344123449608e-08 -5.2953745726114227e-07 4.6400191231477097e-07 1.1442130067556328e-07
leaf_weight=28 275 20 22 2954 33 39 21 33 1264 325 1377 21 25 84 35 21 20 21 20 35 27 98 39 20 21
leaf_count=28 275 20 22 2954 33 39 21 33 1264 325 1377 21 25 84 35 21 20 21 20 35 27 98 39 20 21
internal_value=-1.68844e-17 -5.7591e-07 4.04739e-09 -1.34284e-08 -7.90636e-07 1.77853e-07 -2.67468e-07 -1.21693e-09 1.00912e-08 1.15234e-07 -2.84847e-08 4.47423e-07 1.39903e-07 7.00178e-07 -5.12003e-07 3.84924e-07 1.50754e-06 7.91809e-07 -3.53554e-07 -2.24419e-08 -7.36341e-08 -1.92479e-07 -7.11196e-07 1.30318e-07 -2.40369e-08
internal_weight=6878 48 6830 6206 96 624 74 6110 5920 1589 4331 266 120 146 60 105 41 60 190 358 323 131 59 53 296
internal_count=6878 48 6830 6206 96 624 74 6110 5920 1589 4331 266 120 146 60 105 41 60 190 358 323 131 59 53 296
is_linear=0
shrinkage=0.05


Tree=146
num_leaves=26
num_cat=0
split_feature=14 12 14 14 14 12 27 12 12 15 14 14 12 12 14 19 24 14 18 19 14 20 12 5 4
split_gain=6.60947e-09 1.15176e-08 6.95515e-09 2.85564e-08 8.58797e-08 1.88468e-07 2.8035e-08 4.95856e-08 3.02793e-08 2.7124e-08 2.46495e-08 2.11964e-08 4.61609e-08 1.29795e-08 1.04798e-08 8.92923e-09 5.78589e-08 3.93093e-08 3.25211e-08 2.94694e-08 3.04027e-08 1.82392e-08 6.07924e-09 1.87315e-09 5.07468e-10
threshold=-0.99985146406598202 -0.25881904510252113 -0.94139628442229062 -0.96463499255812291 -0.95995996396290595 -0.25881904510252113 1.1666666666666667 -0.78656609248549292 -0.98296291314453399 -0.22700609751797865 -0.95754239937548935 -0.89832046920331654 -0.5 -0.78656609248549292 -0.91978325482952472 0.00018505000000000003 0.00020334894941037264 0.46800856592688472 0.00020346500000000003 0.00019982000000000002 0.73865729060996166 8.3885000000000014e-05 -0.25881904510252113 13.750000000000002 12.500000000000002
decision_type=2 2 2 2 2 2 2 2 2 2 2 2 2 2 2 2 2 2 2 2 2 2 2 2 2
left_child=1 -1 3 6 5 -5 7 -2 -8 -10 -6 12 14 -12 -4 16 18 -18 -13 20 -17 -21 -9 24 -14
right_child=2 -3 11 4 10 -7 8 22 9 -11 13 15 23 -15 -16 19 17 -19 -20 21 -22 -23 -24 -25 -26
leaf_value=1.5010902177436948e-06 -2.1576175793382535e-06 -6.9913051195921326e-08 2.6195994792033165e-06 -6.2071354750514728e-06 1.3815683018947312e-06 1.4786057072058157e-07 2.0390089069960161e-06 -6.6292429454943678e-07 -1.1842308105925489e-06 2.0086317897972299e-07 -1.274568401944028e-06 1.9633996971187927e-08 -2.3312160584154641e-07 -1.0569645957066822e-07 1.1420047092277249e-06 -2.8552917616798645e-07 1.122725492862898e-07 1.522896935234207e-06 -1.252787074421059e-06 1.174105374559531e-06 -2.7859612865199779e-06 -6.727319192759314e-08 2.3784174033177749e-07 4.1306418019360081e-07 1.4110308822022062e-08
leaf_weight=20 38 28 24 20 24 28 21 26 38 506 30 3267 35 114 24 31 91 108 51 30 20 2162 67 24 51
leaf_count=20 38 28 24 20 24 28 21 26 38 506 30 3267 35 114 24 31 91 108 51 30 20 2162 67 24 51
internal_value=-4.76332e-16 5.84672e-07 -4.10897e-09 -1.32639e-07 -6.34868e-07 -2.50005e-06 2.32257e-08 -6.35802e-07 1.76027e-07 1.0411e-07 -1.01957e-07 1.56982e-08 5.87041e-07 -3.49211e-07 1.8808e-06 2.59876e-11 4.97418e-08 8.77838e-07 7.59877e-11 -7.79278e-08 -1.26609e-06 -5.02835e-08 -1.39853e-08 2.24901e-08 -8.65073e-08
internal_weight=6878 48 6830 912 216 48 696 131 565 544 168 5918 158 144 48 5760 3517 199 3318 2243 51 2192 93 110 86
internal_count=6878 48 6830 912 216 48 696 131 565 544 168 5918 158 144 48 5760 3517 199 3318 2243 51 2192 93 110 86
is_linear=0
shrinkage=0.05


Tree=147
num_leaves=31
num_cat=0
split_feature=15 15 8 8 15 15 12 8 15 7 21 12 17 2 3 4 4 12 17 3 3 21 4 8 4 8 21 23 4 4
split_gain=6.4007e-09 1.61013e-08 5.71721e-08 2.42776e-08 1.38401e-08 1.10625e-07 1.52266e-07 3.96278e-08 5.58536e-08 1.37991e-08 1.14853e-08 1.88401e-08 9.65846e-09 1.82966e-08 9.59604e-09 8.16191e-09 3.25693e-08 2.7865e-08 7.06167e-09 5.70243e-09 5.34734e-09 4.35901e-09 2.38419e-09 2.47914e-09 2.23444e-09 2.01882e-09 2.01586e-09 1.14603e-09 2.0918e-10 5.24889e-12
threshold=0.91245913578114801 0.94975093725139803 250.03553974331544 269.6625029065371 0.61913436964878354 0.59175731018202693 -0.25881904510252113 239.78407604440201 0.67165857384232497 132.2567850090422 238.50000000000003 -0.37940952255126065 1.0101803279037567 110.50000000000001 19.850000000000005 55.500000000000007 53.500000000000007 -0.60355339059327362 0.71652453325675958 24.150000000000002 17.450000000000003 728.50000000000011 25.500000000000004 183.93496850054598 35.500000000000007 285.64816725486781 557.50000000000011 460.50000000000006 99.500000000000014 56.500000000000007
decision_type=2 2 2 2 2 2 2 2 2 2 2 2 2 2 2 2 2 2 2 2 2 2 2 2 2 2 2 2 2 2
left_child=4 2 22 -4 5 12 -7 19 -9 14 11 20 15 -14 -10 16 -1 -17 -12 21 -3 26 -2 29 -11 28 -6 -20 -13 -24
right_child=1 10 3 -5 7 6 -8 8 9 24 18 25 13 -15 -16 17 -18 -19 27 -21 -22 -23 23 -25 -26 -27 -28 -29 -30 -31
leaf_value=-7.6004064680820258e-09 3.5638779349613157e-07 1.5698319741743574e-06 -3.3161377028921955e-06 -9.0916528343143461e-07 3.7397537328827868e-09 -5.7352600379090296e-06 -2.3127008574874709e-08 2.563852651683697e-06 1.0348045377825122e-06 1.4396846311825119e-07 -1.2852750958813888e-06 -1.1918597860353468e-08 -1.4472968973356891e-06 4.3808955049487708e-07 -1.7979574408855116e-07 4.5067416240611752e-07 -1.2436996002312962e-06 -1.8688346776247095e-08 7.0421423063275298e-08 -8.5766349366438245e-07 5.0601231199228394e-07 6.7174605162408216e-07 2.619934221570475e-08 -6.1903803612040069e-07 -3.8307842543143048e-07 -4.8322281636294722e-07 -2.8280761826406466e-07 -3.8664779762331851e-07 1.2640818586602058e-07 5.9994609734480453e-08
leaf_weight=4050 35 27 22 20 319 20 28 36 87 61 20 75 31 22 20 435 54 1158 24 21 21 22 20 20 30 22 76 32 43 27
leaf_count=4050 35 27 22 20 319 20 28 36 87 61 20 75 31 22 20 435 54 1158 24 21 21 22 20 20 30 22 76 32 43 27
internal_value=-1.70762e-16 -1.92077e-07 -6.17373e-07 -2.16996e-06 1.21124e-08 -1.27838e-08 -2.40318e-06 2.26916e-07 7.52224e-07 4.22837e-07 3.99029e-08 2.49588e-07 7.17087e-09 -6.64684e-07 8.07776e-07 1.34212e-08 -2.38649e-08 1.0948e-07 -4.78791e-07 -5.37281e-08 1.10441e-06 -1.32422e-08 2.1928e-08 -1.5279e-07 -2.97833e-08 -4.34946e-08 -5.13934e-08 -1.90761e-07 3.84886e-08 4.56136e-08
internal_weight=6878 408 144 42 6470 5798 48 672 234 198 264 188 5750 53 107 5697 4104 1593 76 438 48 417 102 67 91 140 395 56 118 47
internal_count=6878 408 144 42 6470 5798 48 672 234 198 264 188 5750 53 107 5697 4104 1593 76 438 48 417 102 67 91 140 395 56 118 47
is_linear=0
shrinkage=0.05


Tree=148
num_leaves=31
num_cat=0
split_feature=3 11 12 5 21 15 19 4 14 27 15 12 14 15 14 14 14 5 15 12 3 12 14 15 14 14 12 5 11 14
split_gain=6.4601e-09 1.69287e-08 2.61259e-08 1.48403e-08 4.19236e-08 3.53731e-08 3.12325e-08 2.91057e-08 2.42117e-08 1.34687e-08 1.06151e-07 1.63916e-07 1.45035e-07 6.65315e-08 5.20937e-08 7.65784e-08 2.84017e-08 2.12417e-08 3.12215e-08 9.32317e-08 1.44214e-07 2.96179e-08 8.7404e-08 1.3373e-07 9.49905e-08 1.66502e-08 4.53703e-08 1.61386e-08 1.43218e-08 1.26433e-08
threshold=20.350000000000005 20.853125000000002 -1.0000000180025095e-35 5.3500000000000005 418.50000000000006 -0.99273797715557011 0.00041749000000000007 89.500000000000014 0.48314048284850658 2.1666666666666674 -0.10837475778693638 0.12940952255126045 0.84313847884979054 -0.87810534180523914 0.95998215779580554 0.78857998149907527 0.74443451080969758 7.2500000000000009 0.04621408538533487 -0.70710678118654735 15.350000000000003 -0.70710678118654735 0.95242846126021108 -0.35042475891464198 0.99761913169647187 -0.95244167294248061 -0.5 12.550000000000002 14.418750000000001 0.98522604642031408
decision_type=2 2 2 2 2 2 2 2 2 2 2 2 2 2 2 2 2 2 2 2 2 2 2 2 2 2 2 2 2 2
left_child=9 2 -2 4 7 -6 -7 8 -3 10 11 12 13 -1 15 16 -12 21 19 20 -19 22 23 -11 -24 26 -20 -27 -21 -5
right_child=1 3 -4 29 5 6 -8 -9 -10 17 14 -13 -14 -15 -16 -17 -18 18 25 28 -22 -23 24 -25 -26 27 -28 -29 -30 -31
leaf_value=-3.9170562155277365e-06 2.0789753869201795e-06 -1.6220173121981594e-07 -7.021937754126568e-08 -1.0741405952543342e-08 -5.6362598201076251e-07 2.8387513542800966e-06 6.9190324245224646e-07 -1.6084157352384937e-06 1.4429663424389294e-06 -1.7847539678969751e-06 3.2351734062104481e-08 8.5130582583303749e-09 -6.4708446871009078e-06 -2.62372665901873e-07 1.9754506750642406e-06 -2.9246790242880364e-06 1.5354229083592536e-06 4.4839381424590724e-06 -2.8054196675276174e-06 4.4169289303977401e-07 6.903087671493387e-07 -4.1251607597630814e-08 -3.7257377268673512e-06 8.6411457895962952e-07 4.9453617290140528e-07 1.9413960811167195e-07 5.2501998750677201e-08 -2.3530850419616461e-07 -3.3506111177498012e-08 7.9214332424726314e-07
leaf_weight=20 26 97 31 2537 20 36 32 26 31 77 308 104 22 33 37 21 35 29 21 196 184 927 40 125 20 357 41 565 830 50
leaf_count=20 26 97 31 2537 20 36 32 26 31 77 308 104 22 33 37 21 35 29 21 196 184 927 40 125 20 357 41 565 830 50
internal_value=-8.28453e-16 5.69909e-08 9.10115e-07 3.98018e-08 4.14227e-07 1.28481e-06 1.82847e-06 -8.32495e-08 2.2655e-07 -4.12014e-08 -2.63957e-07 -1.27638e-06 -3.05811e-06 -1.6415e-06 1.87974e-07 6.27988e-09 1.85726e-07 -3.33549e-09 8.79038e-08 2.54893e-07 1.20681e-06 -1.7392e-07 -6.43323e-07 -1.45603e-07 -2.31898e-06 -1.2236e-07 -9.15504e-07 -6.90254e-08 5.72726e-08 4.77627e-09
internal_weight=6878 2886 57 2829 242 88 68 154 128 3992 580 179 75 53 401 364 343 3412 2223 1239 213 1189 262 202 60 984 62 922 1026 2587
internal_count=6878 2886 57 2829 242 88 68 154 128 3992 580 179 75 53 401 364 343 3412 2223 1239 213 1189 262 202 60 984 62 922 1026 2587
is_linear=0
shrinkage=0.05


Tree=149
num_leaves=22
num_cat=0
split_feature=5 15 15 12 15 12 14 8 14 8 14 15 27 3 8 3 15 8 17 12 14
split_gain=6.44997e-09 7.03748e-09 9.74552e-08 1.3317e-07 2.66556e-08 5.01684e-08 4.63227e-08 8.52451e-08 3.56144e-08 9.98438e-08 9.10637e-08 1.29878e-08 6.05957e-08 9.65321e-08 7.20474e-08 2.0174e-08 2.01376e-08 6.25213e-09 1.63582e-09 4.15731e-10 3.83503e-11
threshold=26.250000000000004 -0.68432604233786842 -0.65883892954715351 -0.5 -0.70289845916694649 -0.5 0.67802080537253973 268.16576738323027 0.54219432480460406 276.97408129887862 0.51297097409535064 -0.46800559042974538 99.833333333333357 22.550000000000004 270.4320496296308 29.850000000000005 -0.39036009226888674 130.85707967364596 0.48563697628355668 0.37940952255126054 0.72695311118111527
decision_type=2 2 2 2 2 2 2 2 2 2 2 2 2 2 2 2 2 2 2 2 2
left_child=1 4 3 -3 6 -6 8 18 10 -10 -1 12 14 -14 -4 16 -13 20 -8 -7 -5
right_child=-2 2 11 17 5 19 7 -9 9 -11 -12 15 13 -15 -16 -17 -18 -19 -20 -21 -22
leaf_value=6.2811732374054184e-08 7.0820837096974296e-07 -4.2489902558173752e-06 -3.2268915850290277e-08 -1.6518698244816222e-08 2.8816936340566219e-06 2.4875576169084265e-07 4.4508973984542473e-07 -3.4309040184207674e-06 -2.7453981038739442e-08 2.1808874556746881e-06 -2.1431109444118119e-06 -4.7514342331004644e-07 -3.7598236472054702e-06 5.9834040223870921e-07 1.1469440055496931e-06 -1.5858428229518853e-06 -1.9585251811878834e-09 -1.0315692064466476e-06 -1.5917758463916227e-07 -4.7867732822771392e-08 7.7228894390657388e-08
leaf_weight=1848 32 32 407 20 24 21 21 27 166 74 48 240 24 27 190 21 3561 20 24 27 24
leaf_count=1848 32 32 407 20 24 21 21 27 166 74 48 240 24 27 190 21 3561 20 24 27 24
internal_value=-1.15755e-15 -3.31035e-09 -3.91332e-08 -1.61537e-06 6.84295e-08 1.01517e-06 3.75576e-08 -1.20983e-06 7.96044e-08 6.53451e-07 6.96559e-09 -5.28101e-09 2.01706e-07 -1.45256e-06 3.43025e-07 -4.03745e-08 -3.1836e-08 -2.98567e-07 1.22814e-07 8.1905e-08 3.46164e-08
internal_weight=6878 6846 4566 96 2280 72 2208 72 2136 240 1896 4470 648 51 597 3822 3801 64 45 48 44
internal_count=6878 6846 4566 96 2280 72 2208 72 2136 240 1896 4470 648 51 597 3822 3801 64 45 48 44
is_linear=0
shrinkage=0.05


Tree=150
num_leaves=23
num_cat=0
split_feature=5 3 15 8 8 8 25 21 6 21 19 3 19 9 6 21 21 21 22 27 8 6
split_gain=5.90059e-09 6.49036e-09 1.66009e-08 2.01477e-08 3.38739e-08 4.30441e-08 3.17979e-08 1.49001e-08 5.28879e-08 3.55993e-08 8.4941e-08 5.3604e-08 2.93653e-08 3.95937e-08 2.67352e-08 2.24437e-08 6.0884e-08 1.43686e-08 1.3289e-08 1.10732e-08 2.17826e-08 1.31103e-08
threshold=27.900000000000002 20.050000000000004 -0.99983123799342477 282.29755514591278 284.81361740207586 286.53700244114242 5.8171020556690697e-05 394.50000000000006 4.8865000000000007e-05 246.50000000000003 2.2285000000000004e-05 18.550000000000004 0.00017011500000000003 37.878224344548705 0.00010055000000000002 156.50000000000003 169.50000000000003 141.50000000000003 285.50000000000006 99.166666666666671 234.90440143455513 8.7105000000000014e-05
decision_type=2 2 2 2 2 2 2 2 2 2 2 2 2 2 2 2 2 2 2 2 2 2
left_child=1 7 -3 19 6 -6 -5 9 -9 15 11 -11 18 -14 -12 17 -17 -1 -10 21 -21 -4
right_child=-2 2 3 4 5 -7 -8 8 12 10 14 -13 13 -15 -16 16 -18 -19 -20 20 -22 -23
leaf_value=-2.8506528306232669e-08 7.9951485571180702e-07 -1.2304881597628991e-06 -2.7265738870971261e-07 3.0417948274979218e-06 -1.5919958294093263e-06 3.4234609999870931e-07 6.1745154458342793e-07 -2.8393485763444918e-06 -2.9944521803112631e-07 1.1285558978215704e-06 -1.6368247586910912e-06 4.13880856978635e-06 -1.3441874199514153e-06 -7.1356222986482395e-08 2.2324087128107053e-07 -3.1281086713923812e-06 -2.5476505795993017e-07 1.1750425268246544e-06 1.0197333593175983e-06 -2.7925363571041314e-08 1.2874383440727603e-06 3.5395355210109035e-08
leaf_weight=3078 23 25 421 21 31 398 38 20 28 50 25 21 86 211 85 21 151 25 60 88 49 1923
leaf_count=3078 23 25 421 21 31 398 38 20 28 50 25 21 86 211 85 21 151 25 60 88 49 1923
internal_value=-7.21625e-16 -2.68255e-09 5.25665e-08 6.33703e-08 3.57055e-07 2.02568e-07 1.48035e-06 -4.55252e-08 -3.32454e-07 -1.19008e-08 6.70705e-07 2.01891e-06 -2.02225e-07 -4.3992e-07 -1.99501e-07 -4.96265e-08 -6.0558e-07 -1.88099e-08 5.99995e-07 5.60401e-09 4.42533e-07 -1.99332e-08
internal_weight=6878 6855 2994 2969 488 429 59 3861 405 3456 181 71 385 297 110 3275 172 3103 88 2481 137 2344
internal_count=6878 6855 2994 2969 488 429 59 3861 405 3456 181 71 385 297 110 3275 172 3103 88 2481 137 2344
is_linear=0
shrinkage=0.05


Tree=151
num_leaves=31
num_cat=0
split_feature=15 15 15 8 12 15 1 15 8 15 8 27 12 3 15 15 12 3 17 1 8 7 5 20 8 8 8 8 8 27
split_gain=5.90284e-09 1.27683e-08 9.67635e-08 1.40559e-07 3.56982e-08 9.87804e-08 2.69834e-08 1.82677e-08 1.21432e-08 3.22634e-08 2.61728e-08 1.0073e-08 1.93952e-08 4.32451e-08 1.9254e-08 3.65857e-08 3.31714e-08 8.74222e-09 7.04779e-09 1.66054e-08 8.60913e-09 6.24498e-09 3.56346e-09 9.60974e-09 4.4156e-09 2.51219e-09 2.47348e-09 4.73335e-09 2.02083e-09 9.26182e-10
threshold=0.9052873537896472 0.61913436964878354 0.59175731018202693 230.71074127603376 -0.5 0.67165857384232497 451.50000000000006 0.73281578960684157 256.53320538400237 0.94975093725139803 276.97408129887862 60.500000000000007 -0.25881904510252113 16.550000000000004 0.42957308670649791 0.22491561436810906 -0.70710678118654735 22.350000000000005 0.56018107567434872 278.60000000000008 233.17242719103459 149.67070402429349 14.15 0.00031301500000000009 183.93496850054598 340.62047025378274 291.67647861439474 279.29218398119542 183.93496850054598 3.1666666666666674
decision_type=2 2 2 2 2 2 2 2 2 2 2 2 2 2 2 2 2 2 2 2 2 2 2 2 2 2 2 2 2 2
left_child=1 2 11 -4 5 -3 7 -7 18 10 -10 14 13 -13 15 -1 -16 -8 20 -20 -2 -11 24 -24 -21 -14 27 28 -6 -28
right_child=8 4 3 -5 26 6 17 -9 9 21 -12 12 25 -15 16 -17 -18 -19 19 22 -22 -23 23 -25 -26 -27 29 -29 -30 -31
leaf_value=-5.7303719681583366e-08 2.1624273721854001e-08 3.3112865367002089e-06 3.9563561265205346e-08 -5.4485845100771255e-06 -7.8173290653291949e-09 2.0553229143902373e-06 -9.189867905998082e-08 4.6892552332927391e-07 -2.9051482404699157e-06 6.6785845168245333e-07 -4.0599378309025275e-07 9.9059314260774804e-07 -6.8113423237663702e-09 5.9103912232914601e-08 -2.0798672452318925e-06 5.103493042901842e-07 -2.0788057698708593e-08 -1.2941772265068472e-06 -1.4288406759919671e-06 1.4820210564314708e-08 9.4310398341598727e-07 -3.9789285953669862e-07 1.1093899620195914e-06 -1.4623632560994972e-07 -8.9343343115219999e-07 -3.3494297490334708e-07 -6.0445927787937274e-07 6.5672269547926252e-07 -4.5804642691446477e-07 -1.8563557725078301e-07
leaf_weight=3921 139 32 28 20 324 23 54 86 22 27 20 179 787 410 31 306 53 21 26 32 31 28 20 64 23 63 22 26 27 33
leaf_count=3921 139 32 28 20 324 23 54 86 22 27 20 179 787 410 31 306 53 21 26 32 31 28 20 64 23 63 22 26 27 33
internal_value=1.05837e-16 1.19913e-08 -1.15343e-08 -2.24716e-06 2.22487e-07 7.47319e-07 3.01412e-07 8.0367e-07 -1.78926e-07 -6.71567e-07 -1.71507e-06 7.12838e-09 1.21673e-07 3.42188e-07 -3.11062e-08 -1.62103e-08 -7.80686e-07 -4.28537e-07 -3.62803e-08 -2.69066e-07 1.89659e-07 1.25294e-07 -5.21298e-08 1.52722e-07 -3.64995e-07 -3.11317e-08 -3.99291e-08 5.76849e-09 -4.24503e-08 -3.53165e-07
internal_weight=6878 6446 5798 48 648 216 184 109 432 97 42 5750 1439 589 4311 4227 84 75 335 165 170 55 139 84 55 850 432 377 351 55
internal_count=6878 6446 5798 48 648 216 184 109 432 97 42 5750 1439 589 4311 4227 84 75 335 165 170 55 139 84 55 850 432 377 351 55
is_linear=0
shrinkage=0.05


Tree=152
num_leaves=25
num_cat=0
split_feature=14 14 27 8 12 14 14 14 12 8 12 15 14 21 9 17 5 2 12 8 8 14 12 8
split_gain=6.39803e-09 2.27547e-08 7.13425e-08 1.56001e-07 1.43216e-08 1.11905e-08 2.62345e-08 8.22632e-08 1.68514e-07 5.09612e-08 1.9448e-08 4.20068e-08 1.61525e-08 1.26252e-08 9.20842e-09 8.51355e-09 6.24432e-09 3.04532e-09 1.84886e-09 1.02823e-09 4.09349e-10 1.267e-10 9.20837e-12 5.63861e-12
threshold=-0.99630266176052629 -0.99275805973510278 0.83333333333333337 208.74077742930891 -0.60355339059327362 -0.98214942551678475 -0.95995996396290595 -0.96463499255812291 -0.25881904510252113 271.12862323049529 -0.25881904510252113 0.13185577213185923 -0.95754239937548935 169.50000000000003 -18.562383315377641 0.96418361812676634 10.550000000000002 82.500000000000014 -0.25881904510252113 181.91807799644863 157.56050214773725 -0.98523971305672675 0.25881904510252091 66.964224978126836
decision_type=2 2 2 2 2 2 2 2 2 2 2 2 2 2 2 2 2 2 2 2 2 2 2 2
left_child=4 2 3 -2 16 10 7 9 -9 -7 11 13 -8 -3 -4 -14 -1 -18 -6 22 21 -12 -20 -24
right_child=1 5 14 -5 18 6 12 8 -10 -11 20 -13 15 -15 -16 -17 17 -19 19 -21 -22 -23 23 -25
leaf_value=1.4514889985807725e-06 6.5780593261132761e-07 -7.7478354238218867e-07 -2.5536202417486965e-07 -5.512426500899892e-06 3.6197382958865394e-07 3.1828318831351928e-07 1.3064138101981371e-06 -5.8749389586409968e-06 1.3422583500550496e-07 -1.5576329706559392e-06 -3.6484715139561169e-08 2.452678316634168e-06 -1.5786375318333193e-08 8.1936177425463777e-07 1.0387829642625033e-06 1.6275159093015819e-07 9.3255749057163949e-07 8.8946994171989074e-08 1.572789924075835e-08 -4.0247691813988239e-07 -2.5219191797987149e-07 9.9022730575657275e-08 -4.5183110444213529e-08 -1.5500904572141037e-08
leaf_weight=27 21 23 27 20 30 170 24 20 28 46 69 30 5298 27 28 764 20 23 20 20 20 23 20 80
leaf_count=27 21 23 27 20 30 170 24 20 28 46 69 30 5298 27 28 764 20 23 20 20 20 23 20 80
internal_value=1.68145e-15 -9.16957e-09 -7.73369e-07 -2.35206e-06 2.53615e-07 2.04461e-09 -9.32654e-09 -4.97286e-07 -2.36959e-06 -8.12175e-08 3.78122e-07 9.73539e-07 1.18403e-08 8.60549e-08 4.03475e-07 6.71495e-09 8.5553e-07 4.81324e-07 5.76765e-09 -7.05622e-08 -4.71764e-08 -2.60785e-09 -1.52431e-08 -2.14373e-08
internal_weight=6878 6638 96 41 240 6542 6350 264 48 216 192 80 6086 50 55 6062 70 43 170 140 112 92 120 100
internal_count=6878 6638 96 41 240 6542 6350 264 48 216 192 80 6086 50 55 6062 70 43 170 140 112 92 120 100
is_linear=0
shrinkage=0.05


Tree=153
num_leaves=20
num_cat=0
split_feature=14 14 8 14 27 8 8 11 8 14 8 11 14 8 14 20 27 22 11
split_gain=6.22727e-09 6.75379e-09 1.91708e-08 8.64533e-09 3.56224e-08 7.08528e-08 7.14187e-08 3.60909e-08 4.52364e-08 1.18495e-08 3.57126e-08 9.48868e-08 3.51443e-08 6.40048e-08 2.01208e-08 5.33108e-09 5.65197e-09 3.71888e-09 1.95909e-09
threshold=0.99995780822346225 0.99907018497641664 266.80853237446945 0.9916835347852474 61.166666666666679 251.02135102734101 289.66728801412097 13.681250000000002 256.53320538400237 0.98522604642031408 252.8489753228165 14.303125000000003 0.98213580174693105 242.84748527535143 0.96465729447553372 0.00016742500000000004 68.500000000000014 636.50000000000011 25.309375000000006
decision_type=2 2 2 2 2 2 2 2 2 2 2 2 2 2 2 2 2 2 2
left_child=1 3 15 9 5 17 -7 -6 -9 12 18 -12 14 -14 -1 16 -3 -5 -11
right_child=-2 2 -4 4 7 6 -8 8 -10 10 11 -13 13 -15 -16 -17 -18 -19 -20
leaf_value=-7.9945100589863445e-09 -8.0399638212232591e-07 -9.8884177319291681e-07 1.4932204655043939e-06 -7.4316218458390129e-08 -1.2131779505608622e-06 -3.7444095280048462e-06 -3.2225733169373902e-07 1.83153820460445e-07 3.1640465513760323e-06 4.3164840715093078e-08 -9.2477992417289429e-07 3.5940452099007067e-06 1.9375968590378588e-07 -3.5096597591177671e-06 4.8300413742670878e-07 5.7127751273108758e-07 1.4924529117739856e-07 6.4610515847641148e-07 -4.77275697046075e-07
leaf_weight=6134 24 20 29 81 20 31 30 35 20 40 21 26 28 20 216 23 24 23 33
leaf_count=6134 24 20 29 81 20 31 30 35 20 40 21 26 28 20 216 23 24 23 33
internal_value=-3.35801e-16 2.81528e-09 4.19248e-07 -3.10031e-09 -2.97816e-07 -7.08507e-07 -2.06138e-06 6.05703e-07 1.26711e-06 7.75145e-09 5.00011e-07 1.575e-06 -1.4813e-09 -1.34933e-06 8.70718e-09 -4.56055e-08 -3.68067e-07 8.50077e-08 -1.92103e-07
internal_weight=6878 6854 96 6758 240 165 61 75 55 6518 120 47 6398 48 6350 67 44 104 73
internal_count=6878 6854 96 6758 240 165 61 75 55 6518 120 47 6398 48 6350 67 44 104 73
is_linear=0
shrinkage=0.05


Tree=154
num_leaves=25
num_cat=0
split_feature=14 14 27 18 5 8 14 14 14 8 8 14 8 3 1 27 3 14 3 1 0 3 17 7
split_gain=5.7934e-09 2.05127e-08 6.53519e-08 1.73652e-08 1.27062e-08 1.47563e-08 1.01232e-08 2.36324e-08 7.42425e-08 1.40961e-07 4.59925e-08 1.45884e-08 1.36217e-08 2.39752e-08 3.2904e-08 9.96163e-09 8.02337e-09 7.66778e-09 1.96231e-09 1.53306e-10 6.95065e-11 1.39692e-11 4.91136e-12 2.59432e-12
threshold=-0.99630266176052629 -0.99275805973510278 0.50000000000000011 2.2145000000000002e-05 19.050000000000004 208.74077742930891 -0.98214942551678475 -0.95995996396290595 -0.96463499255812291 224.72111322930317 271.12862323049529 -0.95754239937548935 212.58762223568516 18.550000000000004 309.85000000000008 3.1666666666666674 24.350000000000005 -0.99940763397299126 24.750000000000004 505.35000000000008 1.0000000180025095e-35 18.650000000000002 0.94278400310813415 139.09069372665155
decision_type=2 2 2 2 2 2 2 2 2 2 2 2 2 2 2 2 2 2 2 2 2 2 2 2
left_child=4 2 -2 -4 5 21 12 8 10 -10 -8 -9 19 -14 -15 18 -13 -17 -7 20 -3 23 -23 -1
right_child=1 6 3 -5 -6 15 7 11 9 -11 -12 16 13 14 -16 17 -18 -19 -20 -21 -22 22 -24 -25
leaf_value=1.8325562534116102e-09 -2.4184791325549467e-06 1.1537235895354613e-08 -3.4797615908288277e-07 1.4354003082774267e-06 -8.2555947135176667e-07 1.530322612808277e-06 3.0276876106891932e-07 1.2414928391990543e-06 3.9285312165253982e-08 -5.4567117689430231e-06 -1.4793516082549546e-06 -2.3420400348094962e-08 -1.5876565083270664e-07 2.8793686340122806e-06 2.3285601905033972e-07 -4.5923257971480782e-07 1.1756394285655102e-07 8.1335821924955695e-07 8.9897932298299565e-07 -8.4961726819364645e-08 1.2038437269268343e-07 -5.1733700999443353e-08 -2.1258290132664117e-08 -2.0741713910865657e-08
leaf_weight=35 36 55 39 21 25 32 170 24 28 20 46 4783 34 24 23 20 1279 29 20 36 20 39 20 20
leaf_count=35 36 55 39 21 25 32 170 24 28 20 46 4783 34 24 23 20 1279 29 20 36 20 39 20 20
internal_value=-8.23179e-16 -8.72555e-09 -7.34301e-07 2.76206e-07 2.41334e-07 3.65391e-07 1.92185e-09 -8.89345e-09 -4.72022e-07 -2.25071e-06 -7.67569e-08 1.11962e-08 3.59615e-07 8.52624e-07 1.58427e-06 8.05472e-07 6.32539e-09 2.93933e-07 1.2875e-06 -1.47628e-10 4.05631e-08 -2.45042e-08 -4.14031e-08 -6.37627e-09
internal_weight=6878 6638 96 60 240 215 6542 6350 264 48 216 6086 192 81 47 101 6062 49 52 111 75 114 59 55
internal_count=6878 6638 96 60 240 215 6542 6350 264 48 216 6086 192 81 47 101 6062 49 52 111 75 114 59 55
is_linear=0
shrinkage=0.05


Tree=155
num_leaves=16
num_cat=0
split_feature=5 12 14 8 8 11 3 25 8 3 11 14 14 27 11
split_gain=5.72064e-09 1.29293e-08 5.67271e-09 6.65667e-09 3.2392e-08 2.84307e-08 2.73454e-08 4.35408e-08 2.63211e-08 2.41166e-08 2.09563e-08 5.96503e-09 2.15408e-08 8.15721e-09 3.01666e-09
threshold=1.2000000000000004 -0.37940952255126065 0.99995780822346225 263.47423577758337 265.67311376027436 21.006250000000005 24.350000000000005 0.00044065003401691218 262.77088913376446 25.650000000000002 47.162500000000009 -0.96902457013955734 -0.95995996396290595 99.833333333333357 16.315625000000004
decision_type=2 2 2 2 2 2 2 2 2 2 2 2 2 2 2
left_child=1 -1 3 8 5 -5 7 -6 11 -8 -7 13 -13 -2 -3
right_child=2 14 -4 4 6 10 9 -9 -10 -11 -12 12 -14 -15 -16
leaf_value=-1.4873647928869192e-06 9.0811515410185651e-08 -4.6211112031099592e-07 -7.6262552776521874e-07 2.3845148600937842e-06 -8.9850319198230105e-09 -6.2478947335456235e-07 1.0315607696671914e-06 -1.790487875398737e-06 -1.5837337699580262e-06 1.7130973316190106e-07 1.3465386546483518e-06 -9.1414416079361593e-07 -2.3020927136390944e-08 9.0388275607017177e-07 3.0872588745604433e-07
leaf_weight=21 473 22 24 27 1709 26 113 35 27 292 28 69 3949 33 30
leaf_count=21 473 22 24 27 1709 26 113 35 27 292 28 69 3949 33 30
internal_value=1.07083e-15 -4.40265e-07 4.7229e-09 7.43878e-09 7.82093e-08 1.05976e-06 4.12128e-08 -4.47377e-08 -2.72389e-08 4.1133e-07 3.97381e-07 -1.79495e-08 -3.83239e-08 1.43838e-07 -1.73975e-08
internal_weight=6878 73 6805 6781 2230 81 2149 1744 4551 405 54 4524 4018 506 52
internal_count=6878 73 6805 6781 2230 81 2149 1744 4551 405 54 4524 4018 506 52
is_linear=0
shrinkage=0.05


Tree=156
num_leaves=29
num_cat=0
split_feature=15 15 12 15 12 14 8 14 8 14 12 14 11 15 27 3 8 14 3 15 8 15 22 14 8 1 5 14
split_gain=5.77495e-09 8.89453e-08 1.21209e-07 2.3692e-08 4.4599e-08 4.0596e-08 7.58247e-08 3.3242e-08 9.0344e-08 8.08788e-08 1.69985e-07 3.87127e-08 1.1404e-08 1.12501e-08 5.55451e-08 8.53893e-08 6.41401e-08 1.36164e-07 1.79266e-08 1.83729e-08 1.46398e-07 3.66658e-08 6.5391e-09 6.1364e-09 5.88835e-09 1.34271e-09 3.54448e-10 3.55885e-11
threshold=-0.68432604233786842 -0.65883892954715351 -0.5 -0.70289845916694649 -0.5 0.67802080537253973 268.16576738323027 0.54219432480460406 276.97408129887862 0.51297097409535064 -0.25881904510252113 0.48314048284850658 15.328125000000002 -0.46800559042974538 99.833333333333357 22.550000000000004 270.4320496296308 0.85226249403558707 29.850000000000005 -0.39036009226888674 268.95625165774919 -0.36648370705903521 925.50000000000011 -0.79966153313747201 130.85707967364596 149.40000000000001 9.9500000000000011 0.72695311118111527
decision_type=2 2 2 2 2 2 2 2 2 2 2 2 2 2 2 2 2 2 2 2 2 2 2 2 2 2 2 2
left_child=3 2 -2 5 -5 7 25 9 22 11 -11 -1 -10 14 16 -16 23 -18 19 20 -15 -21 -9 -3 27 -7 -6 -4
right_child=1 13 24 4 26 6 -8 8 12 10 -12 -13 -14 18 15 -17 17 -19 -20 21 -22 -23 -24 -25 -26 -27 -28 -29
leaf_value=2.0401481931041509e-08 -4.0507837141490205e-06 -2.8577194838088538e-07 -7.8601137154521445e-09 2.7174940119797005e-06 2.3174637357485719e-07 3.6935741265864409e-07 -3.226539833020878e-06 -1.3740566398345483e-07 1.1284055701630472e-06 -5.5417464562879114e-06 4.9358786863454696e-07 1.459170327130129e-06 2.4864097366179734e-06 3.9251867148618809e-07 -3.5612319450706312e-06 5.3768582772675109e-07 5.068365178573231e-07 4.1776105437444745e-06 -1.4894355694022602e-06 1.1206781486453968e-06 -2.2621765787945199e-06 -1.9125715007445612e-08 8.0663224945202011e-07 1.1901591620007334e-07 -9.9330337377523392e-07 -1.802879570345084e-07 -4.2143072537865265e-08 8.2448804043326149e-08
leaf_weight=1800 32 146 20 24 21 25 27 145 22 20 28 48 52 164 24 27 160 30 21 72 76 3521 21 261 20 20 27 24
leaf_count=1800 32 146 20 24 21 25 27 145 22 20 28 48 52 164 24 27 160 30 21 72 76 3521 21 261 20 20 27 24
internal_value=-1.661e-15 -3.22624e-08 -1.53822e-06 6.50624e-08 9.5762e-07 3.59573e-08 -1.13178e-06 7.53193e-08 6.29724e-07 5.14155e-09 -2.02113e-06 5.77721e-08 2.08268e-06 -1.49436e-10 1.92609e-07 -1.39122e-06 3.27911e-07 1.08643e-06 -3.25592e-08 -2.45774e-08 -4.48135e-07 3.71477e-09 -1.79792e-08 -2.61905e-08 -2.81945e-07 1.25071e-07 7.76836e-08 4.13993e-08
internal_weight=6878 4598 96 2280 72 2208 72 2136 240 1896 48 1848 74 4502 648 51 597 190 3854 3833 240 3593 166 407 64 45 48 44
internal_count=6878 4598 96 2280 72 2208 72 2136 240 1896 48 1848 74 4502 648 51 597 190 3854 3833 240 3593 166 407 64 45 48 44
is_linear=0
shrinkage=0.05


Tree=157
num_leaves=16
num_cat=0
split_feature=5 5 8 17 14 8 20 1 8 6 1 14 5 8 23
split_gain=5.4007e-09 6.31846e-09 2.70707e-08 7.08043e-09 3.16948e-08 2.45858e-08 6.16763e-08 1.52718e-08 7.03311e-08 1.53925e-08 1.19134e-08 9.0648e-09 1.33211e-09 2.55962e-09 4.62314e-10
threshold=26.250000000000004 21.750000000000004 241.47447747126355 0.97510452844991746 0.98213580174693105 289.66728801412097 2.5155000000000002e-05 683.05000000000007 273.06941131118424 0.00016561000000000004 674.95000000000016 0.99761913169647187 23.150000000000002 176.61211869847395 510.50000000000006
decision_type=2 2 2 2 2 2 2 2 2 2 2 2 2 2 2
left_child=1 3 12 7 5 6 -5 10 9 -9 11 -1 14 -14 -3
right_child=-2 2 -4 4 -6 -7 -8 8 -10 -11 -12 -13 13 -15 -16
leaf_value=-4.5862347980537185e-10 6.4804818169506015e-07 6.3226500153964107e-08 -1.6672619326148685e-06 -1.8921562405480207e-06 -1.5484230705426355e-06 1.9581131300583368e-06 3.0065331731014529e-07 1.1438366652535717e-06 -2.6831355374464955e-06 -1.7093525741380457e-07 9.3647203018219575e-07 3.8765453289266085e-07 9.2158630810640977e-08 -6.1332322701446181e-07 3.4311306515633079e-07
leaf_weight=5121 32 36 30 34 26 20 564 23 28 693 35 155 36 20 25
leaf_count=5121 32 36 30 34 26 20 564 23 28 693 35 155 36 20 25
internal_value=1.43497e-15 -3.02915e-09 -3.27297e-07 4.08645e-09 1.61706e-07 2.33653e-07 1.75979e-07 -1.26777e-08 -2.24836e-07 -1.28701e-07 1.70428e-08 1.09435e-08 1.6284e-08 -1.59799e-07 1.77934e-07
internal_weight=6878 6846 147 6699 644 618 598 6055 744 716 5311 5276 117 56 61
internal_count=6878 6846 147 6699 644 618 598 6055 744 716 5311 5276 117 56 61
is_linear=0
shrinkage=0.05


Tree=158
num_leaves=20
num_cat=0
split_feature=3 8 14 8 17 17 14 12 14 15 27 14 14 12 4 3 12 5 13
split_gain=5.47742e-09 1.81701e-08 1.00664e-08 1.19271e-08 8.77513e-09 1.83258e-08 8.09693e-09 1.92679e-08 1.841e-08 5.99593e-08 3.89104e-08 8.95735e-09 2.05914e-08 1.59052e-08 7.23567e-09 2.42101e-09 1.35145e-09 1.0221e-09 6.67533e-10
threshold=32.850000000000001 267.39257413139825 -0.6850858595978212 245.33041273304414 1.0101803279037567 1.0188627020362733 -0.99630266176052629 -0.60355339059327362 -0.99275805973510278 -0.10837475778693638 0.50000000000000011 -0.98214942551678475 -0.95995996396290595 -0.25881904510252113 3.5000000000000004 24.050000000000004 -0.25881904510252113 11.750000000000002 0.91597561503675351
decision_type=2 2 2 2 2 2 2 2 2 2 2 2 2 2 2 2 2 2 2
left_child=4 2 -2 17 6 -6 7 14 9 -8 -11 13 -13 -10 15 -1 -9 -4 -18
right_child=1 -3 3 -5 5 -7 8 16 11 10 -12 12 -14 -15 -16 -17 18 -19 -20
leaf_value=1.785227342479413e-06 -8.102294259515475e-07 1.7097768454732433e-06 -2.6376184556817445e-07 1.3613511658236565e-06 -1.7169523926665791e-06 7.122765262280202e-08 -2.8625526214890822e-06 3.0809534771996257e-07 8.7417092693411336e-07 -1.5228489771218916e-06 8.9708557137336209e-07 -4.4396872952506426e-07 8.1853129079760053e-09 -4.8903551687946268e-08 3.3124652929927835e-07 1.0259971401995114e-06 -2.1744123674949379e-08 1.6133302469165025e-07 -3.3471888709613041e-07
leaf_weight=21 25 20 26 21 23 38 24 29 80 26 46 263 5912 112 25 21 115 31 20
leaf_count=21 25 20 26 21 23 38 24 29 80 26 46 263 5912 112 25 21 115 31 20
internal_value=-2.68267e-16 3.30664e-07 6.28753e-08 3.42717e-07 -6.02098e-09 -6.03004e-07 -5.80884e-10 2.90289e-07 -1.09771e-08 -6.98223e-07 2.32203e-08 -6.15004e-10 -1.10724e-08 3.35711e-07 1.00473e-06 1.40561e-06 -1.58651e-09 -3.25699e-08 -6.81108e-08
internal_weight=6878 123 103 78 6755 61 6694 231 6463 96 72 6367 6175 192 67 42 164 57 135
internal_count=6878 123 103 78 6755 61 6694 231 6463 96 72 6367 6175 192 67 42 164 57 135
is_linear=0
shrinkage=0.05


Tree=159
num_leaves=17
num_cat=0
split_feature=15 5 15 12 5 12 8 8 5 8 15 3 11 5 12 11
split_gain=5.20068e-09 2.52415e-08 7.50993e-09 1.48924e-08 6.0579e-09 1.48565e-08 6.2754e-09 7.94892e-09 3.35147e-08 2.37411e-08 2.96695e-09 3.70385e-09 2.65083e-09 1.63572e-09 6.15141e-10 1.95792e-11
threshold=-0.99983123799342477 13.250000000000002 -0.99864786094873803 -0.60355339059327362 1.2000000000000004 -0.37940952255126065 339.47302831309213 263.47423577758337 14.250000000000002 262.77088913376446 -0.96234030595689413 15.950000000000001 16.315625000000004 11.15 1.0000000180025095e-35 18.603125000000002
decision_type=2 2 2 2 2 2 2 2 2 2 2 2 2 2 2 2
left_child=1 -1 3 -2 5 -4 7 9 -9 -6 13 -12 -7 -8 -5 -16
right_child=2 -3 4 14 6 12 10 8 -10 -11 11 -13 -14 -15 15 -17
leaf_value=6.7676696052449596e-07 1.4132509556523993e-06 -1.6183978468689021e-06 -1.6168970591934341e-06 2.7612070681470872e-07 -1.5410213031527329e-08 -4.302407738682684e-07 4.0026632857070866e-07 -1.2210300248218605e-09 5.411824842360308e-07 -1.5025386965640388e-06 -1.098442771003287e-07 -5.3494944090186461e-07 2.9234674035668227e-07 -1.622576424950165e-07 -1.9211122680541271e-08 -8.3301141847650455e-08
leaf_weight=23 28 25 20 20 4462 22 24 1568 348 27 101 104 30 28 22 26
leaf_count=23 28 25 20 20 4462 22 24 1568 348 27 101 104 30 28 22 26
internal_value=3.73051e-16 -5.18631e-07 3.64485e-09 4.4276e-07 -2.61519e-09 -4.58789e-07 2.31495e-09 1.20356e-08 9.72948e-08 -2.43548e-08 -2.39945e-07 -3.25507e-07 -1.33634e-08 9.73688e-08 4.31462e-08 -5.39265e-08
internal_weight=6878 48 6830 96 6734 72 6662 6405 1916 4489 257 205 52 52 68 48
internal_count=6878 48 6830 96 6734 72 6662 6405 1916 4489 257 205 52 52 68 48
is_linear=0
shrinkage=0.05


Tree=160
num_leaves=19
num_cat=0
split_feature=14 14 8 14 27 12 11 12 14 8 11 14 8 14 3 5 8 6
split_gain=5.08374e-09 5.95409e-09 1.73374e-08 7.66157e-09 3.22103e-08 8.14641e-08 3.24506e-08 4.23352e-08 1.08188e-08 3.22428e-08 8.55921e-08 3.0413e-08 5.80205e-08 1.78316e-08 5.39414e-09 3.82225e-09 3.7697e-09 2.69547e-09
threshold=0.99995780822346225 0.99907018497641664 266.80853237446945 0.9916835347852474 61.166666666666679 -0.70710678118654735 13.681250000000002 -0.60355339059327362 0.98522604642031408 252.8489753228165 14.303125000000003 0.98213580174693105 242.84748527535143 0.96465729447553372 17.150000000000002 7.8500000000000005 236.497761277433 0.00035221500000000007
decision_type=2 2 2 2 2 2 2 2 2 2 2 2 2 2 2 2 2 2
left_child=1 3 14 8 5 -5 -6 -8 11 17 -11 13 -13 -1 15 -3 -7 -10
right_child=-2 2 -4 4 6 16 7 -9 9 10 -12 12 -14 -15 -16 -17 -18 -19
leaf_value=-7.8620946654212877e-09 -7.2643568387320563e-07 -1.45134992106495e-07 1.4148723737199706e-06 -2.6679146706042864e-06 -1.146007002859051e-06 9.3306045530290912e-08 2.9048416381142903e-06 7.3230301704067346e-08 1.0362053680742416e-07 -8.751880002256214e-07 3.4166109976205495e-06 2.1372098328547348e-07 -3.3123198176099326e-06 4.5436330915635978e-07 -7.1251291309354642e-07 7.742695227364039e-07 -5.6452870568689057e-07 -5.0546353367973127e-07
leaf_weight=6134 24 26 29 39 20 98 22 33 39 21 26 28 20 216 21 20 28 34
leaf_count=6134 24 26 29 39 20 98 22 33 39 21 26 28 20 216 21 20 28 34
internal_value=5.82004e-17 2.54369e-09 3.93546e-07 -3.01065e-09 -2.80452e-07 -6.70979e-07 5.78706e-07 1.20587e-06 7.20506e-09 4.7757e-07 1.499e-06 -1.61704e-09 -1.25546e-06 7.86085e-09 -4.85208e-08 2.54606e-07 -5.28795e-08 -1.80062e-07
internal_weight=6878 6854 96 6758 240 165 75 55 6518 120 47 6398 48 6350 67 46 126 73
internal_count=6878 6854 96 6758 240 165 75 55 6518 120 47 6398 48 6350 67 46 126 73
is_linear=0
shrinkage=0.05


Tree=161
num_leaves=31
num_cat=0
split_feature=15 8 15 15 15 12 8 15 9 1 27 4 12 15 12 3 17 6 8 19 8 3 8 8 3 8 8 15 27 27
split_gain=5.03972e-09 1.33232e-08 3.79577e-08 1.11325e-08 8.69922e-08 1.29609e-07 3.15439e-08 4.27824e-08 1.22644e-08 1.25665e-08 9.72647e-09 2.5506e-08 4.25091e-08 2.17395e-08 2.12809e-08 5.26461e-08 6.27731e-09 1.24484e-08 1.07894e-08 5.11197e-09 5.11048e-09 4.7384e-09 4.31109e-09 3.85994e-09 3.17382e-09 8.89209e-09 4.28417e-09 3.0066e-09 8.81424e-11 1.24462e-11
threshold=0.91245913578114801 256.53320538400237 0.94975093725139803 0.61913436964878354 0.59175731018202693 -0.25881904510252113 239.78407604440201 0.67165857384232497 -28.792096850209216 124.35000000000001 47.500000000000007 36.500000000000007 -0.5 0.42957308670649791 -0.5 15.350000000000003 0.28667305848513908 5.025000000000001e-06 114.15133461837492 0.00013456500000000004 273.59079557098869 24.150000000000002 194.5573624904479 338.4121500173141 21.250000000000004 211.07666614949042 183.93496850054598 0.73281578960684157 99.833333333333357 3.8333333333333335
decision_type=2 2 2 2 2 2 2 2 2 2 2 2 2 2 2 2 2 2 2 2 2 2 2 2 2 2 2 2 2 2
left_child=3 16 -3 4 10 -6 21 -8 27 -10 11 13 -13 -1 15 -12 18 -18 28 -19 -4 24 -21 -16 26 -26 -5 -9 29 -2
right_child=1 2 20 6 5 -7 7 8 9 -11 14 12 -14 -15 23 -17 17 19 -20 22 -22 -23 -24 -25 25 -27 -28 -29 -30 -31
leaf_value=1.9795668136819863e-08 -2.4872460695490875e-08 -1.9659181199295342e-06 7.1274498002987292e-07 -5.5240041665043526e-09 -5.2055200205813896e-06 6.4520745571680245e-08 2.2576075149376923e-06 5.9435396195794973e-07 1.441312697140749e-06 2.0189488083862017e-07 1.2479749515570405e-06 -1.0628839128954836e-06 -4.138877012563914e-08 -1.2894974325661224e-06 1.0364752950133863e-08 9.5563853872179983e-08 -1.3241475461324049e-06 5.8596481354610525e-07 1.2022892798964811e-06 4.5708188323709604e-08 -2.7107138762325823e-07 -7.7982700515479205e-07 -5.3627079952779979e-07 -3.4232896207166885e-07 -1.244734749277134e-07 9.7208789909551527e-07 -5.2012486099844409e-07 -6.6743415106286291e-08 1.179742276165759e-07 2.0073998030666624e-08
leaf_weight=3429 20 36 22 290 20 28 36 21 43 39 128 155 297 32 1187 439 22 26 24 82 33 21 52 83 51 29 47 95 24 67
leaf_count=3429 20 36 22 290 20 28 36 21 43 39 128 155 297 32 1187 439 22 26 24 82 33 21 52 83 51 29 47 95 24 67
internal_value=-7.29958e-16 -1.70437e-07 -7.03714e-07 1.07478e-08 -1.15807e-08 -2.13133e-06 2.03398e-07 6.72073e-07 3.83794e-07 8.51833e-07 6.1146e-09 -3.84421e-08 -3.9168e-07 7.6901e-09 1.01025e-07 3.5572e-07 -1.73512e-08 -2.08979e-07 2.40991e-07 -5.56433e-08 1.22455e-07 -4.69904e-08 -1.80134e-07 -1.26853e-08 -1.0085e-08 2.7303e-07 -7.72933e-08 5.2938e-08 3.31432e-08 9.74148e-09
internal_weight=6878 408 91 6470 5798 48 672 234 198 82 5750 3913 452 3461 1837 567 317 182 135 160 55 438 134 1270 417 80 337 116 111 87
internal_count=6878 408 91 6470 5798 48 672 234 198 82 5750 3913 452 3461 1837 567 317 182 135 160 55 438 134 1270 417 80 337 116 111 87
is_linear=0
shrinkage=0.05


Tree=162
num_leaves=23
num_cat=0
split_feature=3 8 15 8 19 2 5 19 11 24 22 6 21 21 21 19 8 15 21 8 22 5
split_gain=4.98271e-09 1.6151e-08 9.10887e-09 1.09557e-08 5.29e-09 5.53629e-08 4.83802e-08 2.9357e-08 3.37204e-08 1.93059e-08 7.75471e-08 1.13138e-07 2.64205e-08 2.87553e-08 2.0399e-08 1.87566e-08 2.0067e-08 1.46846e-08 9.21934e-09 8.99812e-09 7.11008e-09 9.21791e-10
threshold=32.850000000000001 267.39257413139825 -0.6905596507703472 245.33041273304414 0.00018505000000000003 137.50000000000003 9.1500000000000004 0.00019982000000000002 30.440625000000001 0.00020334894941037264 213.50000000000003 8.7105000000000014e-05 599.50000000000011 530.50000000000011 238.50000000000003 0.00021292500000000001 241.47447747126355 0.063390085881955341 1000.5000000000001 245.33041273304414 674.50000000000011 11.750000000000002
decision_type=2 2 2 2 2 2 2 2 2 2 2 2 2 2 2 2 2 2 2 2 2 2
left_child=4 2 3 21 5 9 -7 8 -6 10 14 -12 13 -11 -1 16 -9 20 19 -17 -8 -2
right_child=1 -3 -4 -5 7 6 17 15 -10 12 11 -13 -14 -15 -16 18 -18 -19 -20 -21 -22 -23
leaf_value=-1.8895442695324105e-08 -2.5012832488996014e-07 1.6156110200427065e-06 -7.6763477477292953e-07 1.3053740157634561e-06 2.5466581024849563e-07 3.1776385307935586e-06 1.8240619866105591e-06 -1.1396777604278231e-07 -2.2552463539327052e-06 4.8704408627092359e-07 -3.5167735380103273e-06 9.4887475024338732e-07 -7.1778840285625332e-07 2.3551882325136831e-06 5.2321044579157686e-07 -1.9502145320161482e-08 1.7802246831926261e-06 -3.6891276282019068e-07 7.5879538979982478e-07 -2.5672844073768581e-07 4.90824847361182e-07 1.5356931446640669e-07
leaf_weight=3730 26 20 25 21 23 24 20 27 32 117 37 23 35 25 182 1862 29 26 34 509 20 31
leaf_count=3730 26 20 25 21 23 24 20 27 32 117 37 23 35 25 182 1862 29 26 34 509 20 31
internal_value=5.5048e-16 3.15378e-07 6.29058e-08 3.29105e-07 -5.74264e-09 2.83459e-08 1.25521e-06 -6.31756e-08 -1.20565e-06 1.73272e-09 -2.10353e-08 -1.80494e-06 5.12663e-07 8.15943e-07 6.32523e-09 -3.7643e-08 8.66953e-07 5.56152e-07 -5.87063e-08 -7.04293e-08 1.15744e-06 -3.05735e-08
internal_weight=6878 123 103 78 6755 4239 90 2516 55 4149 3972 60 177 142 3912 2461 56 66 2405 2371 40 57
internal_count=6878 123 103 78 6755 4239 90 2516 55 4149 3972 60 177 142 3912 2461 56 66 2405 2371 40 57
is_linear=0
shrinkage=0.05


Tree=163
num_leaves=31
num_cat=0
split_feature=15 15 12 15 12 14 8 27 12 14 8 14 20 15 27 8 8 27 15 8 5 15 8 8 15 14 8 12 4 12
split_gain=4.98458e-09 7.85469e-08 1.08128e-07 2.14887e-08 3.98205e-08 3.63038e-08 6.82718e-08 3.22498e-08 5.50838e-08 3.19227e-08 8.32013e-08 7.70503e-08 2.80871e-08 1.02932e-08 5.06556e-08 7.81159e-08 5.6837e-08 1.31611e-07 1.65679e-08 6.51726e-08 1.19202e-07 2.77793e-08 6.23148e-08 2.6977e-08 1.87698e-08 5.50809e-09 5.08656e-09 2.31455e-09 1.46726e-09 3.71598e-10
threshold=-0.68432604233786842 -0.65883892954715351 -0.5 -0.70289845916694649 -0.5 0.67802080537253973 268.16576738323027 77.500000000000014 -0.37940952255126065 0.54219432480460406 283.06589816405784 0.51297097409535064 0.00015672000000000003 -0.46800559042974538 99.833333333333357 278.2253509541319 270.4320496296308 3.1666666666666674 -0.17646730165275518 268.95625165774919 4.9500000000000011 -0.14250536273956091 252.8489753228165 263.47423577758337 -0.11692317777808843 -0.79966153313747201 130.85707967364596 0.25881904510252091 74.500000000000014 0.37940952255126054
decision_type=2 2 2 2 2 2 2 2 2 2 2 2 2 2 2 2 2 2 2 2 2 2 2 2 2 2 2 2 2 2
left_child=3 2 -2 5 -5 7 28 9 12 11 -11 -1 -9 14 16 -16 25 -18 19 23 -21 22 -20 -15 -23 -3 -4 -10 -7 -6
right_child=1 13 26 4 29 6 -8 8 27 10 -12 -13 -14 18 15 -17 17 -19 21 20 -22 24 -24 -25 -26 -27 -28 -29 -30 -31
leaf_value=1.1864169990287812e-09 -3.8182859235291747e-06 -2.654738200550871e-07 4.1910674450110462e-08 2.5734114274200693e-06 2.3677378513704232e-07 -1.3430786918178229e-07 -3.0592471352553765e-06 3.2904058037694573e-06 5.347516700737742e-07 2.8696737348792131e-08 2.3381153390836025e-06 -2.2181522072628468e-06 8.6297942103060047e-07 -1.7110680772558546e-08 2.4384161057132738e-07 -3.764169732676237e-06 -1.648159036449215e-06 1.6749594107402708e-06 -1.2504166049254196e-07 8.4133463960572244e-07 -1.5529426689318919e-06 -8.0001826779548448e-07 2.5062834402610358e-06 1.4971752343919962e-06 1.751244964701222e-08 1.1803106874093326e-07 -9.1976973664031909e-07 -7.9244707765465966e-08 4.402652912194327e-07 -4.3663566550043873e-08
leaf_weight=1754 32 146 44 24 21 25 27 26 20 156 52 40 22 574 31 20 37 153 60 72 187 72 36 31 2822 261 20 66 20 27
leaf_count=1754 32 146 44 24 21 25 27 26 20 156 52 40 22 574 31 20 37 153 60 72 187 72 36 31 2822 261 20 66 20 27
internal_value=-5.51766e-16 -2.99734e-08 -1.44517e-06 6.04464e-08 9.10489e-07 3.27276e-08 -1.07156e-06 6.99506e-08 8.20903e-07 1.96871e-08 6.06051e-07 -4.82972e-08 2.17784e-06 2.0408e-10 1.84583e-07 -1.32793e-06 3.13792e-07 1.02783e-06 -3.07968e-08 -2.2365e-07 -8.87352e-07 2.49306e-08 8.61705e-07 6.04808e-08 -2.82695e-09 -1.95407e-08 -2.58614e-07 6.35451e-08 1.21058e-07 7.90278e-08
internal_weight=6878 4598 96 2280 72 2208 72 2136 134 2002 208 1794 48 4502 648 51 597 190 3854 864 259 2990 96 605 2894 407 64 86 45 48
internal_count=6878 4598 96 2280 72 2208 72 2136 134 2002 208 1794 48 4502 648 51 597 190 3854 864 259 2990 96 605 2894 407 64 86 45 48
is_linear=0
shrinkage=0.05


Tree=164
num_leaves=25
num_cat=0
split_feature=14 12 14 8 25 27 18 14 12 21 8 3 23 5 18 12 27 5 27 5 5 8 27 5
split_gain=4.81262e-09 8.24053e-09 4.96346e-09 2.4921e-08 4.24616e-08 4.68135e-08 3.20922e-08 2.02641e-08 4.21135e-08 1.14452e-08 1.15181e-08 9.65613e-09 8.59037e-09 6.63857e-09 1.98007e-08 6.14709e-08 3.36541e-08 1.37343e-08 4.17974e-08 1.07047e-08 1.9354e-09 2.31849e-09 1.68793e-09 7.33007e-10
threshold=-0.99985146406598202 -0.25881904510252113 -0.94139628442229062 248.02962813885136 0.0001971394504594226 96.833333333333357 0.00023904500000000001 -0.89832046920331654 -0.5 818.50000000000011 201.31954222287254 21.350000000000005 573.50000000000011 3.9500000000000006 0.00013093500000000002 -0.60355339059327362 58.166666666666679 5.4500000000000011 1.0000000180025095e-35 5.7500000000000009 10.850000000000003 140.82510863233119 0.50000000000000011 8.2500000000000018
decision_type=2 2 2 2 2 2 2 2 2 2 2 2 2 2 2 2 2 2 2 2 2 2 2 2
left_child=1 -1 3 9 5 6 -5 8 11 10 22 -4 -12 14 15 -9 -16 18 -15 -19 23 -22 -2 -10
right_child=2 -3 7 4 -6 -7 -8 13 20 -11 12 -13 -14 17 16 -17 -18 19 -20 -21 21 -23 -24 -25
leaf_value=1.2740662828036876e-06 2.6255823491995654e-07 -5.4778552703384418e-08 2.4878171718114574e-06 -2.4714056612835865e-07 -2.6490601071383849e-06 -2.032727837786297e-06 1.8406451124519666e-06 -1.6582503451761317e-06 4.8594178236882612e-10 -8.313089455386394e-07 1.5219806745004794e-06 1.0682427430360211e-06 3.6432036222033462e-07 1.1302848217710123e-06 2.3112872024121184e-09 -4.5769730894615254e-08 2.2819130188622695e-06 -5.3097907277539119e-07 1.6932639955402257e-08 -3.0217080522335621e-10 -6.4279545094252355e-08 6.702103578824054e-07 -2.5958713848306789e-09 -3.3668455234316366e-07
leaf_weight=20 70 28 25 231 21 35 20 72 40 33 22 23 59 109 85 330 20 97 372 4675 22 21 421 27
leaf_count=20 70 28 25 231 21 35 20 72 40 33 22 23 59 109 85 330 20 97 372 4675 22 21 421 27
internal_value=6.03507e-16 4.98907e-07 -3.50623e-09 -1.12084e-07 -4.78998e-07 -3.19657e-07 -8.07831e-08 1.32263e-08 5.71862e-07 7.41016e-08 1.26337e-07 1.8076e-06 6.78747e-07 -2.09739e-09 -1.74878e-07 -3.34572e-07 4.36521e-07 1.45788e-08 2.69231e-07 -1.10892e-08 3.26293e-08 2.94425e-07 3.52061e-08 -1.35389e-07
internal_weight=6878 48 6830 912 307 286 251 5918 158 605 572 48 81 5760 507 402 105 5253 481 4772 110 43 491 67
internal_count=6878 48 6830 912 307 286 251 5918 158 605 572 48 81 5760 507 402 105 5253 481 4772 110 43 491 67
is_linear=0
shrinkage=0.05


Tree=165
num_leaves=18
num_cat=0
split_feature=14 8 14 8 14 27 12 11 8 14 8 14 5 14 17 11 8
split_gain=4.79735e-09 5.10705e-08 1.84166e-08 4.43879e-08 7.03596e-09 2.83519e-08 7.25796e-08 2.90644e-08 3.87901e-08 9.11723e-09 3.14709e-08 8.75189e-09 1.95508e-08 1.57755e-08 4.00204e-09 3.451e-09 3.30421e-09
threshold=0.99966190462023474 265.67311376027436 0.99907018497641664 246.72101321124265 0.9916835347852474 61.166666666666679 -0.70710678118654735 13.681250000000002 256.53320538400237 0.98802474685579866 262.0306077339032 0.98213580174693105 17.050000000000004 0.96465729447553372 0.6952003095212973 25.309375000000006 236.497761277433
decision_type=2 2 2 2 2 2 2 2 2 2 2 2 2 2 2 2 2
left_child=2 14 4 -4 9 6 -6 -7 -9 11 15 13 -13 -1 -2 -11 -8
right_child=1 -3 3 -5 5 7 16 8 -10 10 -12 12 -14 -15 -16 -17 -18
leaf_value=-6.7219775535099838e-09 1.1565554047457193e-07 -2.2892257158938872e-06 -3.0482139174685993e-07 2.7792826784889259e-06 -2.5197999204278742e-06 -1.0946991926630289e-06 8.5383682922856693e-08 1.2733351943389998e-07 2.8876763299479081e-06 1.8933820803680193e-07 1.9999828978143341e-06 -1.0134188236391396e-06 4.6906042086902752e-07 4.2803752591082769e-07 1.0319463405814779e-06 -6.7243867782789977e-07 -5.3049773701526903e-07
leaf_weight=6134 26 24 28 20 39 20 98 35 20 26 25 61 35 216 22 21 28
leaf_count=6134 26 24 28 20 39 20 98 35 20 26 25 61 35 216 22 21 28
internal_value=-4.71619e-17 -4.05994e-07 4.29497e-09 9.80222e-07 -2.63674e-09 -2.6851e-07 -6.349e-07 5.3755e-07 1.13109e-06 7.15299e-09 5.66683e-07 9.03205e-10 -4.72932e-07 8.06669e-09 5.35622e-07 -1.95711e-07 -5.14789e-08
internal_weight=6878 72 6806 48 6758 240 165 75 55 6518 72 6446 96 6350 48 47 126
internal_count=6878 72 6806 48 6758 240 165 75 55 6518 72 6446 96 6350 48 47 126
is_linear=0
shrinkage=0.05


Tree=166
num_leaves=23
num_cat=0
split_feature=14 14 27 8 12 16 14 12 14 14 12 8 14 14 9 2 12 12 8 8 12 15
split_gain=4.70228e-09 1.5897e-08 5.5369e-08 1.38238e-07 1.04932e-08 8.22342e-09 7.92546e-09 1.8081e-08 1.27712e-08 6.82914e-08 1.3819e-07 2.6643e-08 1.36922e-08 7.06117e-09 4.98553e-09 9.83627e-09 1.65746e-09 1.34613e-09 8.62543e-10 1.2995e-10 1.68879e-11 1.10289e-11
threshold=-0.99630266176052629 -0.99275805973510278 0.83333333333333337 208.74077742930891 -0.60355339059327362 3.5649999999999999 -0.98523971305672675 -0.70710678118654735 -0.95995996396290595 -0.96463499255812291 -0.25881904510252113 257.47764452810685 -0.95754239937548935 -0.95244167294248061 -3.1510350772115125 113.50000000000001 -0.25881904510252113 -0.25881904510252113 181.91807799644863 135.72236065735606 0.25881904510252091 -0.022575793296316496
decision_type=2 2 2 2 2 2 2 2 2 2 2 2 2 2 2 2 2 2 2 2 2 2
left_child=4 2 3 -2 14 -4 7 -3 9 11 -11 -8 -10 -14 -1 -16 -9 -6 20 -18 -19 -22
right_child=1 6 5 -5 17 -7 8 16 12 10 -12 -13 13 -15 15 -17 19 18 -20 -21 21 -23
leaf_value=1.2987715110739374e-06 7.9595066338134487e-07 1.3387663576638591e-06 -9.0339035306014389e-08 -5.012385086047289e-06 3.0921680770272058e-07 1.1680894787213265e-06 3.1309848199392208e-07 4.113196955775796e-07 1.2011613553871334e-06 -5.2279017029377425e-06 2.1380501448017445e-07 -8.0068825756522231e-07 -5.9950256677820954e-07 9.3526577769173806e-09 -2.7335419332530365e-07 1.2084000337338132e-06 -2.3923719084785314e-08 3.2751189515956015e-08 -3.6385642715686122e-07 -1.6754463030922906e-07 -3.7916403008431134e-08 -4.0217681688640525e-09
leaf_weight=25 21 36 34 20 30 21 189 24 24 20 28 75 48 6014 24 21 63 20 20 21 40 60
leaf_count=25 21 36 34 20 30 21 189 24 24 20 28 75 48 6014 24 21 63 20 20 21 40 60
internal_value=3.67468e-16 -7.86105e-09 -6.46608e-07 -2.03738e-06 2.17423e-07 3.90152e-07 1.51219e-09 3.68345e-07 -6.74412e-09 -3.18742e-07 -2.05357e-06 -3.31821e-09 9.25051e-09 4.53163e-09 7.32646e-07 4.18131e-07 4.48708e-08 5.27316e-09 -5.98576e-08 -5.98289e-08 -9.19115e-09 -1.75796e-08
internal_weight=6878 6638 96 41 240 55 6542 144 6398 312 48 264 6086 6062 70 45 108 170 140 84 120 100
internal_count=6878 6638 96 41 240 55 6542 144 6398 312 48 264 6086 6062 70 45 108 170 140 84 120 100
is_linear=0
shrinkage=0.05


Tree=167
num_leaves=20
num_cat=0
split_feature=3 8 14 8 17 17 14 12 14 15 27 14 14 15 4 3 12 14 13
split_gain=4.69613e-09 1.44165e-08 7.70361e-09 9.88798e-09 7.49962e-09 1.61135e-08 6.71366e-09 1.60936e-08 1.42327e-08 5.02336e-08 3.21999e-08 7.34323e-09 1.58353e-08 1.51539e-08 6.39697e-09 2.06767e-09 1.08289e-09 6.47361e-10 5.71054e-10
threshold=32.850000000000001 267.39257413139825 -0.6850858595978212 245.33041273304414 1.0101803279037567 1.0188627020362733 -0.99630266176052629 -0.60355339059327362 -0.99275805973510278 -0.10837475778693638 0.50000000000000011 -0.98214942551678475 -0.95995996396290595 0.13185577213185923 3.5000000000000004 24.050000000000004 -0.25881904510252113 -0.4149550716684644 0.91597561503675351
decision_type=2 2 2 2 2 2 2 2 2 2 2 2 2 2 2 2 2 2 2
left_child=4 2 -2 17 6 -6 7 14 9 -8 -11 13 -13 -10 15 -1 -9 -4 -18
right_child=1 -3 3 -5 5 -7 8 16 11 10 -12 12 -14 -15 -16 -17 18 -19 -20
leaf_value=1.6450131045617345e-06 -6.9614906567894158e-07 1.5346050986408956e-06 1.6833339491206801e-07 1.2399295729418707e-06 -1.6020153026374828e-06 7.4757969059646717e-08 -2.5953122351059697e-06 2.747740270410367e-07 -4.0460937622555098e-08 -1.3603798082000981e-06 8.4101528641341534e-07 -3.8999446972769593e-07 6.5179285127323209e-09 8.7708086908833145e-07 2.8400913220139049e-07 9.4337126700425189e-07 -1.9099602942696456e-08 -1.7295231231819552e-07 -3.0857504981218756e-07
leaf_weight=21 25 20 24 21 23 38 24 29 120 26 46 263 5912 72 25 21 115 33 20
leaf_count=21 25 20 24 21 23 38 24 29 120 26 46 263 5912 72 25 21 115 33 20
internal_value=9.25107e-16 3.06175e-07 6.76444e-08 3.1245e-07 -5.57505e-09 -5.57468e-07 -5.45849e-10 2.64315e-07 -1.00125e-08 -6.14278e-07 4.60671e-08 -9.0153e-10 -1.037e-08 3.03617e-07 9.17258e-07 1.29419e-06 -2.43603e-09 -2.92531e-08 -6.19849e-08
internal_weight=6878 123 103 78 6755 61 6694 231 6463 96 72 6367 6175 192 67 42 164 57 135
internal_count=6878 123 103 78 6755 61 6694 231 6463 96 72 6367 6175 192 67 42 164 57 135
is_linear=0
shrinkage=0.05


Tree=168
num_leaves=13
num_cat=0
split_feature=5 5 8 17 14 8 20 17 14 14 14 11
split_gain=4.76195e-09 5.75097e-09 1.52798e-08 5.01497e-09 3.31218e-08 2.20553e-08 5.37079e-08 1.42633e-08 8.01498e-09 6.02083e-08 5.59868e-08 2.35439e-10
threshold=26.250000000000004 23.250000000000004 211.07666614949042 0.97510452844991746 0.98213580174693105 289.66728801412097 2.5155000000000002e-05 0.973140026325647 0.85226249403558707 0.85673801594079257 0.78857998149907527 32.271875000000001
decision_type=2 2 2 2 2 2 2 2 2 2 2 2
left_child=1 3 11 7 5 6 -5 8 10 -10 -1 -3
right_child=-2 2 -4 4 -6 -7 -8 -9 9 -11 -12 -13
leaf_value=9.6784198037994346e-10 6.085197690630651e-07 1.9647634539004297e-07 -1.5789819928256423e-06 -1.7785481058417512e-06 -1.5822231924184287e-06 1.8399591249362856e-06 2.6640018773395102e-07 -1.1592242077593139e-06 2.5815562752976955e-06 5.4877317647415109e-08 -7.9227828364264508e-07 -4.3228300201647586e-08
leaf_weight=4502 32 21 21 34 27 20 577 27 24 1339 234 20
leaf_count=4502 32 21 21 34 27 20 577 27 24 1339 234 20
internal_value=1.24861e-15 -2.84438e-09 -4.82213e-07 1.53664e-09 1.32707e-07 2.06088e-07 1.52606e-07 -1.25525e-08 -7.47628e-09 9.93676e-08 -3.82255e-08 7.95472e-08
internal_weight=6878 6846 62 6784 658 631 611 6126 6099 1363 4736 41
internal_count=6878 6846 62 6784 658 631 611 6126 6099 1363 4736 41
is_linear=0
shrinkage=0.05


Tree=169
num_leaves=28
num_cat=0
split_feature=8 25 22 22 22 24 23 4 7 1 25 23 6 20 20 20 6 25 0 25 9 9 3 7 14 7 14
split_gain=4.52851e-09 5.42821e-09 4.20325e-08 6.11014e-08 3.20673e-08 7.22571e-08 3.20003e-08 3.16904e-08 4.46935e-08 2.57442e-08 1.86886e-08 3.62731e-08 1.59398e-08 1.47696e-08 1.19643e-08 2.42806e-08 2.14315e-08 1.25638e-08 1.1672e-08 4.48317e-09 2.7705e-09 5.46221e-09 1.2004e-09 1.56711e-09 4.48367e-10 3.79664e-10 3.42646e-10
threshold=341.65330520310596 0.00012594113899328579 289.50000000000006 370.50000000000006 213.50000000000003 0.0001971394504594226 211.50000000000003 3.5000000000000004 55.886549876404054 443.85000000000008 0.00015042491163533243 366.50000000000006 0.00010323000000000001 0.00015891500000000001 8.8965000000000013e-05 0.00011138500000000002 0.00029693500000000007 0.00016970745751834578 196.50000000000003 0.00013759838525218744 -38.1912552463479 -39.131555194860702 15.250000000000002 139.77809670501622 -0.43054369049759816 151.93917986248999 0.67167992559793654
decision_type=2 2 2 2 2 2 2 2 2 2 2 2 2 2 2 2 2 2 2 2 2 2 2 2 2 2 2
left_child=1 2 4 13 6 -6 9 -5 -9 -1 11 19 -7 -4 16 -16 -12 -17 -8 -3 21 22 25 24 -24 -2 -25
right_child=20 10 3 7 5 12 18 8 -10 -11 14 -13 -14 -15 15 17 -18 -19 -20 -21 -22 -23 23 26 -26 -27 -28
leaf_value=3.3164474283308391e-08 9.9617708748667159e-09 4.8374634585002245e-07 3.4926041530525253e-06 1.6017962123222442e-06 -2.9146999641701161e-06 1.0169314060072389e-06 2.1703929189156735e-06 5.1419031561665735e-07 -2.2258451651198515e-06 -1.0666478172222723e-06 1.8902843198599262e-06 -2.1753552544131103e-06 -8.1978043715463534e-07 1.5940527965713481e-06 -1.528887761466009e-06 5.9913532183306614e-07 -3.7120296511261589e-07 -4.139011685857207e-08 6.5335839996016895e-07 -4.2992626997170974e-07 -7.570715297333664e-07 4.5530440540157239e-07 -3.8317536939302954e-07 -4.8392238966243889e-07 -1.0245496274674188e-07 -2.2999178893916693e-07 -7.7660238844146085e-07
leaf_weight=3631 32 25 20 29 30 27 21 46 22 54 22 30 21 21 27 79 20 2476 32 29 22 30 25 20 33 34 20
leaf_count=3631 32 25 20 29 30 27 21 46 22 54 22 30 21 21 27 79 20 2476 32 29 22 30 25 20 33 34 20
internal_value=-8.7165e-16 7.30535e-09 4.46563e-08 9.01909e-07 1.36551e-08 -9.89734e-07 3.45925e-08 2.17899e-07 -3.72292e-07 1.70478e-08 -4.72315e-08 -7.81367e-07 2.1337e-07 2.52018e-06 -2.37302e-08 -3.73471e-08 8.13386e-07 -2.15852e-08 1.25445e-06 -6.92969e-09 -2.25316e-07 -1.65014e-07 -2.78487e-07 -3.89499e-07 -2.23455e-07 -1.13651e-07 -6.30262e-07
internal_weight=6878 6662 3954 138 3816 78 3738 97 68 3685 2708 84 48 41 2624 2582 42 2555 53 54 216 194 164 98 58 66 40
internal_count=6878 6662 3954 138 3816 78 3738 97 68 3685 2708 84 48 41 2624 2582 42 2555 53 54 216 194 164 98 58 66 40
is_linear=0
shrinkage=0.05


Tree=170
num_leaves=17
num_cat=0
split_feature=15 12 15 12 5 12 15 14 12 14 15 15 12 7 12 14
split_gain=4.66217e-09 2.46912e-08 6.75939e-09 1.33314e-08 5.42839e-09 1.32186e-08 4.79106e-09 9.63123e-09 2.07515e-08 1.09646e-08 9.02293e-09 7.55569e-08 2.83477e-08 1.71427e-09 5.80875e-10 1.99504e-11
threshold=-0.99983123799342477 -0.25881904510252113 -0.99864786094873803 -0.60355339059327362 1.2000000000000004 -0.37940952255126065 0.9052873537896472 0.31799963745711152 -0.25881904510252113 0.25206111083856975 0.61913436964878354 0.59175731018202693 -0.5 122.40626089446307 1.0000000180025095e-35 1.0000000180025095e-35
decision_type=2 2 2 2 2 2 2 2 2 2 2 2 2 2 2 2
left_child=1 -1 3 -2 5 -4 10 9 -9 -8 11 -6 -12 -7 -5 -16
right_child=2 -3 4 14 6 13 7 8 -10 -11 12 -13 -14 -15 15 -17
leaf_value=-1.8328377313991952e-06 1.3382691422845841e-06 4.6737555489276676e-07 -1.5267133471752458e-06 2.6834703731992703e-07 1.0049085181068417e-08 -2.4111432134210631e-07 -2.146374796753646e-07 -1.1123257398537588e-06 1.7257822122451061e-08 4.5521313976245222e-07 6.6072627031179419e-07 -1.9822721236388101e-06 -4.4076552854065598e-08 3.4897906399322669e-07 -8.4610761078944088e-08 -2.0141078390286302e-08
leaf_weight=20 28 28 20 20 5541 32 168 70 97 96 214 48 428 20 24 24
leaf_count=20 28 28 20 20 5541 32 168 70 97 96 214 48 428 20 24 24
internal_value=-3.47165e-16 -4.91047e-07 3.45099e-09 4.20046e-07 -2.488e-09 -4.3431e-07 2.17895e-09 -1.59043e-07 -4.5622e-07 2.89446e-08 1.33307e-08 -7.06156e-09 1.90858e-07 -1.41553e-08 4.19544e-08 -5.23759e-08
internal_weight=6878 48 6830 96 6734 72 6662 431 167 264 6231 5589 642 52 68 48
internal_count=6878 48 6830 96 6734 72 6662 431 167 264 6231 5589 642 52 68 48
is_linear=0
shrinkage=0.05


Tree=171
num_leaves=16
num_cat=0
split_feature=21 21 11 21 7 26 1 21 0 20 21 21 21 2 27
split_gain=4.48339e-09 1.05691e-08 1.24836e-08 1.13012e-08 8.56962e-09 5.37892e-09 5.3429e-09 5.25311e-09 1.08387e-08 1.0161e-08 1.01374e-08 5.1537e-09 7.45871e-09 5.07788e-09 4.63324e-09
threshold=960.50000000000011 942.50000000000011 57.615625000000009 932.50000000000011 27.211074475547981 0.00072429492301114397 867.65000000000009 897.50000000000011 802.50000000000011 0.00057593000000000021 911.50000000000011 886.50000000000011 872.50000000000011 181.50000000000003 1.1666666666666667
decision_type=2 2 2 2 2 2 2 2 2 2 2 2 2 2 2
left_child=1 3 -3 7 5 14 -6 11 10 -10 -9 12 -1 -13 -2
right_child=4 2 -4 -5 6 -7 -8 8 9 -11 -12 13 -14 -15 -16
leaf_value=2.8718742467144866e-09 -5.9840821064780263e-07 -1.3280577145391438e-06 2.6433810802473089e-07 9.37382363908057e-07 1.4701279962281433e-06 6.9694407952305308e-07 3.4096408269719678e-07 -4.1664996258207663e-07 -1.5463012309944382e-06 -3.2239836497528879e-07 1.1369479515061749e-06 5.0918941093177262e-08 -6.2929585702231388e-07 1.129659461112098e-06 2.6805390941970272e-07
leaf_weight=6439 36 32 20 32 20 21 22 21 22 74 21 24 47 20 27
leaf_count=6439 36 32 20 32 20 21 22 21 22 74 21 24 47 20 27
internal_value=-7.55223e-16 -5.51457e-09 -7.15598e-07 -3.47401e-12 2.95511e-07 3.93554e-09 8.78661e-07 -4.50203e-09 -3.09782e-07 -6.02876e-07 3.60149e-07 1.94952e-09 -1.70905e-09 5.41256e-07 -2.27067e-07
internal_weight=6878 6752 52 6700 126 84 42 6668 138 96 42 6530 6486 44 63
internal_count=6878 6752 52 6700 126 84 42 6668 138 96 42 6530 6486 44 63
is_linear=0
shrinkage=0.05


Tree=172
num_leaves=30
num_cat=0
split_feature=15 8 15 15 15 8 8 15 9 1 27 15 12 15 12 3 0 6 8 6 9 3 27 8 21 15 21 27 27
split_gain=4.26097e-09 1.17574e-08 3.2908e-08 8.988e-09 6.79272e-08 1.15159e-07 2.75835e-08 3.7737e-08 1.08247e-08 1.13374e-08 9.22828e-09 1.97742e-08 2.92732e-08 2.79735e-08 1.90405e-08 4.36993e-08 5.33088e-09 1.10214e-08 9.71474e-09 5.56369e-09 4.57242e-09 4.35182e-09 4.05057e-09 3.05254e-09 3.01259e-09 2.78529e-09 1.77053e-09 7.47506e-11 8.40009e-12
threshold=0.91245913578114801 256.53320538400237 0.94975093725139803 0.61913436964878354 0.59175731018202693 230.71074127603376 239.78407604440201 0.67165857384232497 -28.792096850209216 124.35000000000001 47.500000000000007 0.42957308670649791 -0.78656609248549292 0.38242094458159287 -0.25881904510252113 15.350000000000003 6.5000000000000009 5.025000000000001e-06 114.15133461837492 0.00013456500000000004 -60.224164379586931 24.150000000000002 98.833333333333357 338.4121500173141 728.50000000000011 0.73281578960684157 548.50000000000011 99.833333333333357 12.16666666666667
decision_type=2 2 2 2 2 2 2 2 2 2 2 2 2 2 2 2 2 2 2 2 2 2 2 2 2 2 2 2 2
left_child=3 16 -3 4 10 -6 21 -8 25 -10 11 13 -13 -1 15 -12 18 -18 27 -19 -4 24 -21 -16 26 -9 -5 28 -2
right_child=1 2 20 6 5 -7 7 8 9 -11 14 12 -14 -15 23 -17 17 19 -20 22 -22 -23 -24 -25 -26 -27 -28 -29 -30
leaf_value=-3.6521598970154823e-08 -1.4492825485948774e-08 -1.8329294252655221e-06 -4.2616513436245364e-07 6.676408005927333e-09 1.8652739822552382e-07 -4.7810634407596812e-06 2.1103640411486899e-06 5.6078408300934485e-07 1.3501250852937648e-06 1.7287935386379198e-07 1.0153843505360961e-06 -2.4465871579845304e-06 -8.5262662504906737e-08 1.4715261252557493e-06 -8.2948074094594164e-09 8.716983541080766e-08 -1.2388029277458786e-06 6.2413629809025924e-07 1.1373323637542399e-06 -4.0214266403302036e-08 4.9807637623189296e-07 -7.5346404498434692e-07 -7.3536950024706457e-07 -3.2348655116515234e-07 5.5366477098382145e-07 -7.5517024078252644e-08 -2.5432430808912965e-07 1.0606093514090958e-07 1.794835847922029e-08
leaf_weight=3826 31 36 23 313 28 20 36 21 43 39 164 21 35 31 1031 559 22 26 24 108 32 21 26 83 22 95 82 24 56
leaf_count=3826 31 36 23 313 28 20 36 21 43 39 164 21 35 31 1031 559 22 26 24 108 32 21 26 83 22 95 82 24 56
internal_value=8.83147e-16 -1.56717e-07 -6.57679e-07 9.8826e-09 -1.01804e-08 -1.8833e-06 1.82985e-07 6.21253e-07 3.50505e-07 7.90216e-07 5.45614e-09 -3.79445e-08 -9.70759e-07 -2.44009e-08 9.7904e-08 2.97719e-07 -1.29073e-08 -1.89499e-07 2.25165e-07 -4.522e-08 1.11575e-07 -5.11575e-08 -1.75095e-07 -3.17786e-08 -1.57896e-08 3.96754e-08 -4.7506e-08 2.79396e-08 6.38886e-09
internal_weight=6878 408 91 6470 5798 48 672 234 198 82 5750 3913 56 3857 1837 723 317 182 135 160 55 438 134 1114 417 116 395 111 87
internal_count=6878 408 91 6470 5798 48 672 234 198 82 5750 3913 56 3857 1837 723 317 182 135 160 55 438 134 1114 417 116 395 111 87
is_linear=0
shrinkage=0.05


Tree=173
num_leaves=29
num_cat=0
split_feature=15 12 15 15 15 12 3 12 3 22 15 5 15 12 3 15 15 27 5 8 7 27 27 8 16 18 27 5
split_gain=4.22473e-09 2.23141e-08 6.29106e-09 2.13695e-08 4.42834e-08 6.938e-08 7.19222e-08 2.76207e-08 6.85856e-08 5.60127e-08 1.54444e-08 3.96953e-08 2.60933e-08 1.18689e-08 1.13947e-08 1.40614e-08 4.11273e-08 8.40884e-09 7.66979e-09 1.87517e-09 8.74436e-09 1.58725e-09 2.4854e-09 1.38966e-09 9.69261e-10 9.14985e-10 4.27249e-10 5.21529e-11
threshold=-0.99983123799342477 -0.25881904510252113 -0.97111920233974802 -0.93543596745397617 -0.91249077947840473 -0.25881904510252113 22.250000000000004 -0.25881904510252113 17.650000000000002 407.50000000000006 -0.88620506325989179 3.8500000000000001 -0.86974577485258975 -0.5 20.150000000000002 -0.99465740988130902 -0.99864786094873803 18.166666666666668 8.8500000000000032 326.12423047573299 126.47564345848802 55.500000000000007 76.833333333333357 170.66743615379588 1001.9250000000001 0.00076159500000000011 33.833333333333336 11.450000000000001
decision_type=2 2 2 2 2 2 2 2 2 2 2 2 2 2 2 2 2 2 2 2 2 2 2 2 2 2 2 2
left_child=1 -1 13 7 5 6 -5 8 -4 -10 11 -6 -12 14 17 16 -16 -2 -17 24 -21 23 -23 -9 25 -15 -7 -22
right_child=2 -3 3 4 10 26 -8 21 9 -11 12 -13 -14 19 15 18 -18 -19 -20 20 27 22 -24 -25 -26 -27 -28 -29
leaf_value=-1.7430092884751504e-06 5.0481203314492717e-07 4.4367713947224274e-07 -3.570553263086497e-06 4.3799416165380874e-06 -1.7562608002603183e-06 3.6467657880274285e-08 9.2756267271454369e-07 -9.1060330174175347e-09 7.1891810330692327e-07 -1.459961478841566e-06 8.1817583382770573e-07 -2.0716800752572318e-08 -1.339397543128939e-08 -4.3389190416423307e-08 1.1619103521230433e-06 1.2500037693557684e-06 -1.4195895025813519e-06 1.9035980748023057e-06 3.3025760176281656e-07 1.0297007552550066e-06 -1.3057296470719849e-07 -6.5740678336241711e-07 7.8342932852137903e-08 3.8702234354927981e-07 -3.3863324006780171e-07 2.9782434580738486e-07 -1.7681975376076364e-07 -2.4339042453004279e-07
leaf_weight=20 22 28 21 22 45 59 48 123 54 65 96 123 5438 305 27 34 36 21 68 23 20 22 24 27 26 21 39 21
leaf_count=20 22 28 21 22 45 59 48 123 54 65 96 123 5438 305 27 34 36 21 68 23 20 22 24 27 26 21 39 21
internal_value=-9.08499e-16 -4.67442e-07 3.2851e-09 -1.19312e-08 1.02668e-08 8.10341e-07 2.0126e-06 -3.99734e-07 -9.36125e-07 -4.71226e-07 -1.33061e-08 -4.85595e-07 1.03152e-09 1.54619e-07 4.63007e-07 2.74085e-07 -3.13232e-07 1.18794e-06 6.3684e-07 4.24527e-10 2.49382e-07 -1.65977e-08 -2.73537e-07 6.21971e-08 -4.48405e-08 -2.14092e-08 -4.8412e-08 -1.88358e-07
internal_weight=6878 48 6830 6206 5870 168 70 336 140 119 5702 168 5534 624 208 165 63 43 102 416 64 196 46 150 352 326 98 41
internal_count=6878 48 6830 6206 5870 168 70 336 140 119 5702 168 5534 624 208 165 63 43 102 416 64 196 46 150 352 326 98 41
is_linear=0
shrinkage=0.05


Tree=174
num_leaves=25
num_cat=0
split_feature=8 8 5 27 27 7 3 27 7 5 1 4 8 8 8 5 3 5 3 8 4 5 8 7
split_gain=4.31403e-09 5.29599e-08 4.55733e-08 4.17226e-08 4.56719e-08 7.06376e-08 2.5649e-08 5.87269e-08 1.02261e-07 4.2749e-08 2.78431e-08 2.79526e-08 9.16621e-09 4.3732e-08 3.88766e-08 3.76274e-08 5.72781e-08 3.0803e-08 1.96919e-08 1.64885e-08 1.59843e-08 1.56898e-08 1.18269e-08 2.84247e-09
threshold=291.67647861439474 290.23734724554555 7.6500000000000012 99.833333333333357 91.166666666666671 123.7421259816571 18.550000000000004 2.1666666666666674 122.01366210749326 6.3500000000000005 97.65000000000002 66.500000000000014 284.81361740207586 285.64816725486781 282.29755514591278 9.3500000000000032 21.950000000000003 10.65 21.750000000000004 281.45339261052226 19.500000000000004 13.65 279.77915454520326 136.45928460076402
decision_type=2 2 2 2 2 2 2 2 2 2 2 2 2 2 2 2 2 2 2 2 2 2 2 2
left_child=1 12 -3 4 6 -6 7 8 -2 -9 11 -8 14 -14 19 16 -15 18 -16 22 -19 -17 -1 -7
right_child=3 2 -4 -5 5 23 10 9 -10 -11 -12 -13 13 15 17 21 -18 20 -20 -21 -22 -23 -24 -25
leaf_value=-5.3887910613673367e-09 -4.6840285904181659e-06 -1.7556122367585141e-07 2.7806532980179102e-06 -1.763449398595185e-06 3.4542287692048655e-06 6.1146281693610322e-07 1.4653025495726894e-07 -7.6878430425478039e-07 -5.955476431023061e-07 2.0180320618821379e-07 1.5122059772108645e-06 -1.5769555809583836e-06 -2.2023663421822239e-06 -1.1996372960220333e-06 -4.4333869219861717e-07 1.728680275171042e-06 1.5303909658541672e-06 2.934080587961448e-06 1.3331040951068364e-06 -1.2365888347052075e-06 1.0055352082157956e-06 -1.9593310406933251e-08 7.3834292282771026e-07 -1.0407779963575845e-07
leaf_weight=5285 20 22 32 36 23 23 399 174 65 326 35 25 27 83 39 33 25 22 26 27 21 21 54 35
leaf_count=5285 20 22 32 36 23 23 399 174 65 326 35 25 27 83 39 33 25 22 26 27 21 21 54 35
internal_value=1.17104e-15 1.78448e-08 1.57627e-06 -8.78716e-08 -3.42531e-08 1.10948e-06 -1.22991e-07 -3.42516e-07 -1.55754e-06 -1.35961e-07 1.56795e-07 4.49096e-08 2.98434e-09 -3.3936e-07 1.48044e-08 -2.88588e-08 -5.67686e-07 9.54042e-07 2.67238e-07 -4.09936e-09 1.99223e-06 1.0488e-06 2.1335e-09 1.79671e-07
internal_weight=6878 5717 54 1161 1125 81 1044 585 85 500 459 424 5663 189 5474 162 108 108 65 5366 43 54 5339 58
internal_count=6878 5717 54 1161 1125 81 1044 585 85 500 459 424 5663 189 5474 162 108 108 65 5366 43 54 5339 58
is_linear=0
shrinkage=0.05


Tree=175
num_leaves=13
num_cat=0
split_feature=14 14 4 27 8 14 8 14 14 12 17 27
split_gain=4.34947e-09 5.604e-09 3.05593e-08 3.90104e-08 3.03808e-08 1.441e-08 2.05936e-08 5.99398e-09 3.49327e-08 1.41911e-08 5.55619e-09 5.04877e-09
threshold=0.99995780822346225 0.99761913169647187 9.5000000000000018 82.500000000000014 265.67311376027436 0.9962888416657264 236.497761277433 0.99466373373798567 0.99374995976406788 -0.25881904510252113 0.97510452844991746 44.166666666666679
decision_type=2 2 2 2 2 2 2 2 2 2 2 2
left_child=1 5 -3 4 11 7 -7 8 10 -9 -1 -4
right_child=-2 2 3 -5 -6 6 -8 9 -10 -11 -12 -13
leaf_value=-1.0873761555777525e-08 -6.7192891227326377e-07 1.8286140529097692e-06 4.29729213394915e-07 1.6632248640949651e-06 -1.7851826767885846e-06 4.5338664036278347e-08 -2.0423493954998168e-06 1.5753778689031607e-06 -1.9067210642672212e-06 -1.684568805464843e-07 1.4344990595431015e-07 -3.5298599172506333e-07
leaf_weight=5919 24 27 45 28 30 27 21 20 24 28 647 38
leaf_count=5919 24 27 45 28 30 27 21 20 24 28 647 38
internal_value=1.25761e-15 2.35283e-09 2.8757e-07 -7.52367e-09 -4.21514e-07 -4.81386e-09 -8.68025e-07 1.4281e-09 -2.62686e-09 5.58141e-07 4.33297e-09 7.13777e-08
internal_weight=6878 6854 168 141 113 6686 48 6638 6590 48 6566 83
internal_count=6878 6854 168 141 113 6686 48 6638 6590 48 6566 83
is_linear=0
shrinkage=0.05


Tree=176
num_leaves=19
num_cat=0
split_feature=5 5 8 3 14 4 14 8 27 14 8 17 14 17 5 8 8 27
split_gain=4.16761e-09 5.0319e-09 2.8506e-08 2.93936e-08 7.05232e-09 2.59932e-08 2.09781e-08 3.68439e-08 3.55924e-08 1.30494e-08 1.85858e-08 5.76984e-09 2.15643e-08 1.24634e-08 1.20143e-09 2.85498e-09 1.80353e-09 1.78289e-10
threshold=26.250000000000004 20.550000000000004 241.47447747126355 13.65 0.99761913169647187 9.5000000000000018 0.99939377080793557 265.67311376027436 81.166666666666671 0.9962888416657264 236.497761277433 0.97510452844991746 0.90162119223771331 0.973140026325647 23.150000000000002 208.74077742930891 176.61211869847395 31.500000000000004
decision_type=2 2 2 2 2 2 2 2 2 2 2 2 2 2 2 2 2 2
left_child=1 4 14 -4 9 -6 8 -8 -7 11 -11 13 -13 -1 15 17 -16 -3
right_child=-2 2 3 -5 5 6 7 -9 -10 10 -12 12 -14 -15 16 -17 -18 -19
leaf_value=-7.6887202140292615e-09 5.6927971732179121e-07 -3.9472229955465937e-08 -2.5948831535060892e-06 -2.1908395263873597e-07 1.7138111597806268e-06 -2.2678348849629922e-08 2.2732224466941605e-07 -2.0378000574903756e-06 2.4803161761610684e-06 4.3071729531144841e-08 -1.9402319085635274e-06 2.9668108929175538e-07 -4.3366532828042909e-07 -1.0844669812694587e-06 8.9560395149451082e-08 6.8834320169723173e-07 -5.0262759955899126e-07 9.8018946083846893e-08
leaf_weight=5736 32 37 23 30 28 49 58 26 20 27 21 495 127 27 36 21 20 65
leaf_count=5736 32 37 23 30 28 49 58 26 20 27 21 495 127 27 36 21 20 65
internal_value=-6.71078e-16 -2.66096e-09 -2.3154e-07 -1.25009e-06 5.36745e-09 3.1317e-07 5.6843e-08 -4.73787e-07 7.02827e-07 -3.29293e-09 -8.24624e-07 2.88152e-09 1.47559e-07 -1.27335e-08 7.00424e-08 1.57447e-07 -1.21935e-07 4.81447e-08
internal_weight=6878 6846 232 53 6614 181 153 84 69 6433 48 6385 622 5763 179 123 56 102
internal_count=6878 6846 232 53 6614 181 153 84 69 6433 48 6385 622 5763 179 123 56 102
is_linear=0
shrinkage=0.05


Tree=177
num_leaves=17
num_cat=0
split_feature=21 21 11 21 15 15 19 1 18 15 8 3 8 17 27 22
split_gain=4.15306e-09 9.63899e-09 1.08623e-08 1.03575e-08 9.25951e-09 1.31028e-08 1.56564e-08 4.64032e-09 3.43109e-08 2.78118e-08 2.6616e-08 8.1693e-09 3.48193e-08 6.89025e-09 3.04787e-09 2.16605e-09
threshold=960.50000000000011 942.50000000000011 57.615625000000009 932.50000000000011 -0.38243420677835349 -0.90531874877253482 0.00073238000000000003 683.05000000000007 0.00022135500000000001 -0.28519997588938989 272.41374569257584 30.150000000000002 275.4934438189394 1.0101803279037567 3.1666666666666674 932.50000000000011
decision_type=2 2 2 2 2 2 2 2 2 2 2 2 2 2 2 2
left_child=1 3 -3 7 5 15 14 11 9 -9 -10 13 -13 -1 -7 -2
right_child=4 2 -4 -5 -6 6 -8 8 10 -11 -12 12 -14 -15 -16 -17
leaf_value=8.8527949841483119e-09 1.3870132988813567e-07 -1.2547316954325538e-06 2.3066446743769121e-07 8.9734682586772871e-07 -6.7402124273030503e-07 1.9673329393299358e-06 -1.5505936950094545e-07 2.3997808740627848e-06 -1.0049349262221137e-07 8.0240432406445254e-08 -1.1785888578033599e-06 -5.8374187546139899e-08 1.8980655283939997e-06 -7.2698063688925176e-07 1.0944260896650349e-06 -5.6584571211715234e-07
leaf_weight=5468 24 32 20 32 21 20 21 24 931 28 61 94 30 32 20 20
leaf_count=5468 24 32 20 32 21 20 21 24 931 28 61 94 30 32 20 20
internal_value=-2.20069e-15 -5.30753e-09 -6.83425e-07 -4.45217e-11 2.84416e-07 4.76103e-07 9.50474e-07 -4.35114e-09 -1.01161e-07 1.1508e-06 -1.66788e-07 1.36199e-08 4.14958e-07 4.57158e-09 1.53088e-06 -1.81547e-07
internal_weight=6878 6752 52 6700 126 105 61 6668 1044 52 992 5624 124 5500 40 44
internal_count=6878 6752 52 6700 126 105 61 6668 1044 52 992 5624 124 5500 40 44
is_linear=0
shrinkage=0.05


Tree=178
num_leaves=16
num_cat=0
split_feature=14 12 5 5 8 14 14 8 8 14 12 17 17 8 8
split_gain=3.87826e-09 6.53357e-09 3.8015e-09 4.47688e-09 3.26583e-08 6.56585e-09 1.9662e-08 6.16431e-08 4.087e-08 1.15896e-08 1.76984e-08 5.96593e-09 2.51185e-09 5.67683e-09 5.05529e-09
threshold=-0.99985146406598202 -0.25881904510252113 26.250000000000004 20.950000000000003 259.41841140483615 0.99761913169647187 0.99966190462023474 264.98143754926701 265.67311376027436 0.9962888416657264 -0.25881904510252113 0.97510452844991746 0.65488990024524429 132.85920187730932 222.25121069428295
decision_type=2 2 2 2 2 2 2 2 2 2 2 2 2 2 2
left_child=1 -1 3 5 12 9 7 -7 -8 11 -11 -2 13 -5 -14
right_child=2 -3 -4 4 -6 6 8 -9 -10 10 -12 -13 14 -15 -16
leaf_value=1.1380863722365575e-06 -1.7164838394170948e-08 -4.5150783860898564e-08 5.4054396017022552e-07 9.5341696317455432e-08 -1.7304019181555334e-06 -4.4678114123781869e-08 4.9945882706718219e-07 2.5663115727603272e-06 -2.0275814785956452e-06 -1.9170813304469904e-06 3.0355645387812407e-08 1.4561470640640251e-07 1.1867546461270357e-08 -9.0427744686927274e-07 8.870545906618299e-07
leaf_weight=20 5747 28 32 49 31 77 48 32 24 20 28 624 77 20 21
leaf_count=20 5747 28 32 49 31 77 48 32 24 20 28 624 77 20 21
internal_value=2.68654e-17 4.47865e-07 -3.14751e-09 -5.70681e-09 -2.39971e-07 1.32112e-09 2.98308e-07 7.21851e-07 -3.42888e-07 -7.05319e-09 -7.81076e-07 -1.22159e-09 3.66955e-08 -1.94403e-07 1.99408e-07
internal_weight=6878 48 6830 6798 198 6600 181 109 72 6419 48 6371 167 69 98
internal_count=6878 48 6830 6798 198 6600 181 109 72 6419 48 6371 167 69 98
is_linear=0
shrinkage=0.05


Tree=179
num_leaves=18
num_cat=0
split_feature=15 5 15 12 15 27 12 15 12 14 12 15 14 15 12 15 15
split_gain=3.92355e-09 2.14493e-08 5.40641e-09 1.04716e-08 4.52653e-09 1.84532e-08 1.95755e-08 9.03572e-09 1.56429e-08 8.83999e-09 7.13532e-09 6.58106e-09 5.26271e-08 3.87931e-08 1.72124e-09 4.95763e-10 1.9115e-10
threshold=-0.99983123799342477 13.250000000000002 -0.99864786094873803 -0.60355339059327362 -0.99465740988130902 19.833333333333339 -0.25881904510252113 -0.98801846520836312 -0.70710678118654735 -0.066607572871769438 1.0000000180025095e-35 -0.93543596745397617 0.31799963745711152 -0.91249077947840473 -0.25881904510252113 -0.99938741687870725 -0.99628250747696534
decision_type=2 2 2 2 2 2 2 2 2 2 2 2 2 2 2 2 2
left_child=1 -1 3 -2 5 6 9 8 -6 -4 -7 12 -9 -13 -10 -5 -8
right_child=2 -3 4 15 7 10 16 11 14 -11 -12 13 -14 -15 -16 -17 -18
leaf_value=6.5147713879399746e-07 1.1895401160342903e-06 -1.4642662390542683e-06 -2.2500734826280677e-06 -9.435697924044169e-08 1.2982568490669008e-06 1.2423024747931778e-06 3.1014571877016526e-08 -2.2015586277161307e-08 4.6818983368742313e-07 -7.9764725352437056e-07 5.7762115313053645e-09 7.5982621429741902e-07 -1.7512287782526598e-06 -1.1074068067487342e-08 -1.1939128213844796e-08 1.7565473835729258e-07 -1.5922876970179185e-07
leaf_weight=23 28 25 20 34 36 20 31 528 24 22 28 168 48 5702 84 34 23
leaf_count=23 28 25 20 34 36 20 31 528 24 22 28 168 48 5702 84 34 23
internal_value=3.29188e-16 -4.50473e-07 3.16584e-09 3.75742e-07 -2.14561e-09 -2.79463e-07 -6.79693e-07 3.91414e-09 3.95631e-07 -1.48928e-06 5.20995e-07 -4.8366e-09 -1.66117e-07 1.09892e-08 9.47562e-08 4.06489e-08 -5.0015e-08
internal_weight=6878 48 6830 96 6734 144 96 6590 144 42 48 6446 576 5870 108 68 54
internal_count=6878 48 6830 96 6734 144 96 6590 144 42 48 6446 576 5870 108 68 54
is_linear=0
shrinkage=0.05


Tree=180
num_leaves=21
num_cat=0
split_feature=25 18 18 3 24 24 17 14 21 5 3 6 14 6 6 6 5 12 5 6
split_gain=3.77055e-09 3.33328e-08 2.42901e-08 7.48929e-08 5.8267e-08 5.8133e-08 3.53205e-08 2.08657e-07 5.73414e-08 2.0529e-08 2.52773e-08 1.97305e-08 2.35839e-08 1.77074e-08 1.26488e-08 1.03218e-08 8.37082e-09 1.38365e-08 9.14723e-09 7.81938e-09
threshold=0.00012594113899328579 0.00023610500000000002 0.00019982000000000002 21.150000000000002 0.00020032054619859846 0.00015907215334622912 0.93216981107391106 0.90162119223771331 294.50000000000006 13.450000000000001 19.250000000000004 0.00035712500000000007 0.25206111083856975 8.7105000000000014e-05 0.00011784500000000001 0.00014438500000000002 8.2500000000000018 -0.5 8.4500000000000011 0.00014822500000000001
decision_type=2 2 2 2 2 2 2 2 2 2 2 2 2 2 2 2 2 2 2 2
left_child=1 2 5 -4 -5 6 8 -8 -1 10 -3 12 -12 -2 -15 -16 17 -17 -18 -11
right_child=13 9 3 4 -6 -7 7 -9 -10 19 11 -13 -14 14 15 16 18 -19 -20 -21
leaf_value=-6.6017893040444318e-09 -1.103646581176084e-06 -1.1859722953823217e-07 7.5875826544353531e-07 -4.0860127385981702e-06 -4.0392002617972183e-07 2.2087760180511396e-06 1.9802813173545772e-07 -5.4978984894660242e-06 1.2639781881351976e-06 -7.2522603718257251e-07 1.1581356135081934e-06 7.21539654099009e-08 2.9919529525715108e-06 9.2774941001206409e-07 -1.0341553112661693e-06 4.8494789907076591e-07 -7.497788848240817e-07 -3.175509481398092e-08 -6.4913248402885034e-08 4.0726811211097159e-07
leaf_weight=3670 39 36 38 22 21 30 82 20 91 27 50 21 27 34 26 189 50 412 1958 35
leaf_count=3670 39 36 38 22 21 30 82 20 91 27 50 21 27 34 26 189 50 412 1958 35
internal_value=-2.95069e-16 2.9833e-08 -1.56133e-09 -8.58541e-07 -2.28778e-06 1.62695e-08 -7.57498e-10 -9.1882e-07 2.41408e-08 6.6637e-07 1.01444e-06 1.43066e-06 1.80116e-06 -4.59394e-08 -3.04839e-08 -4.28482e-08 -3.29693e-08 1.30736e-07 -8.19667e-08 -8.59148e-08
internal_weight=6878 4170 3974 81 43 3893 3863 102 3761 196 134 98 77 2708 2669 2635 2609 601 2008 62
internal_count=6878 4170 3974 81 43 3893 3863 102 3761 196 134 98 77 2708 2669 2635 2609 601 2008 62
is_linear=0
shrinkage=0.05


Tree=181
num_leaves=31
num_cat=0
split_feature=15 15 12 0 15 15 12 15 15 12 12 15 11 15 27 4 12 15 12 3 22 11 12 5 5 12 12 13 15 4
split_gain=3.58799e-09 9.2244e-09 2.089e-08 5.31801e-08 9.8466e-09 2.26602e-08 1.71842e-08 8.26016e-09 6.10689e-08 1.06822e-07 2.39027e-08 7.68702e-08 2.97583e-08 1.80442e-08 8.87409e-09 2.04125e-08 3.64832e-08 1.75975e-08 1.57776e-08 4.14015e-08 5.8303e-09 2.92496e-09 9.7256e-09 2.90314e-09 2.24556e-09 1.68525e-09 2.02673e-09 1.4473e-09 1.56365e-10 8.06584e-11
threshold=0.91245913578114801 0.94975093725139803 -0.25881904510252113 128.50000000000003 0.96901616890815878 0.97311896095856321 -0.5 0.61913436964878354 0.59175731018202693 -0.25881904510252113 -0.5 0.67165857384232497 27.628125000000004 0.73281578960684157 47.500000000000007 36.500000000000007 -0.5 0.42957308670649791 -0.25881904510252113 15.350000000000003 400.50000000000006 20.853125000000002 -0.37940952255126065 14.15 24.550000000000004 -0.37940952255126065 -0.25881904510252113 0.91597561503675351 0.95995164131966326 33.500000000000007
decision_type=2 2 2 2 2 2 2 2 2 2 2 2 2 2 2 2 2 2 2 2 2 2 2 2 2 2 2 2 2 2
left_child=7 2 3 -2 6 -6 -3 8 14 -10 11 -9 13 -13 15 17 -17 -1 19 -16 -14 22 -7 -23 -20 -12 -27 -28 -8 -4
right_child=1 4 29 -5 5 21 28 10 9 -11 25 12 20 -15 18 16 -18 -19 24 -21 -22 23 -24 -25 -26 26 27 -29 -30 -31
leaf_value=1.4262826441633546e-08 -2.5707044199130281e-06 1.3817791202797027e-06 -1.0650749671688238e-08 4.1307053452653369e-07 -1.6214585762952538e-06 1.0272813815740497e-06 -1.1545038590549118e-07 2.8655568740987295e-06 -4.5771075963330074e-06 2.0728654706354226e-07 -4.1143054037969964e-07 1.9640122801596905e-06 -1.3035679432960024e-06 4.0477201053157334e-07 9.7575090804395323e-07 -9.7571642949069129e-07 -2.938852833706228e-08 -1.1637151597021501e-06 -1.2655428771947537e-08 7.2268944222881823e-08 -3.0166925163171676e-07 -6.2040209945840376e-07 -1.1692809210035632e-07 1.1983957826089409e-07 -5.2286960513211773e-07 4.001612999055786e-07 -9.3886971486784586e-10 -2.7549335267654636e-07 4.0857162808549678e-08 8.7787453109787427e-08
leaf_weight=3429 32 32 38 28 24 26 32 32 20 28 28 23 20 96 164 155 297 32 1092 559 53 27 65 26 22 28 336 56 32 46
leaf_count=3429 32 32 38 28 24 26 32 32 20 28 28 23 20 96 164 155 297 32 1092 559 53 27 65 26 22 28 336 56 32 46
internal_value=6.30271e-17 -1.43809e-07 -4.65716e-07 -1.17828e-06 3.17762e-08 -1.99054e-07 4.35729e-07 9.06865e-09 -1.01648e-08 -1.78621e-06 1.75015e-07 5.96734e-07 2.18597e-07 7.06138e-07 4.66131e-09 -3.78983e-08 -3.53904e-07 3.37138e-09 9.53177e-08 2.77208e-07 -5.76162e-07 3.80136e-08 2.09989e-07 -2.57265e-07 -2.27315e-08 -3.58451e-08 -1.08061e-08 -4.01609e-08 -3.72966e-08 4.32559e-08
internal_weight=6878 408 144 60 264 168 96 6470 5798 48 672 224 192 119 5750 3913 452 3461 1837 723 73 144 91 53 1114 448 420 392 64 84
internal_count=6878 408 144 60 264 168 96 6470 5798 48 672 224 192 119 5750 3913 452 3461 1837 723 73 144 91 53 1114 448 420 392 64 84
is_linear=0
shrinkage=0.05


Tree=182
num_leaves=22
num_cat=0
split_feature=14 14 12 12 14 12 14 14 12 18 14 14 9 0 14 12 12 8 8 12 15
split_gain=3.76656e-09 1.26551e-08 4.92364e-08 8.10318e-09 6.72397e-09 1.59913e-08 1.0065e-08 6.08004e-08 1.24437e-07 2.37906e-08 1.22259e-08 6.09935e-09 4.63171e-09 4.84749e-09 3.07522e-09 1.53911e-09 1.06471e-09 7.44608e-10 1.19147e-10 2.10571e-11 1.011e-11
threshold=-0.99630266176052629 -0.99275805973510278 -0.60355339059327362 -0.60355339059327362 -0.98523971305672675 -0.70710678118654735 -0.95995996396290595 -0.96463499255812291 -0.25881904510252113 0.0003695900000000001 -0.95754239937548935 -0.95244167294248061 -3.1510350772115125 432.50000000000006 -0.99467753128998015 -0.25881904510252113 -0.25881904510252113 181.91807799644863 105.59696383753 0.25881904510252091 0.04621408538533487
decision_type=2 2 2 2 2 2 2 2 2 2 2 2 2 2 2 2 2 2 2 2 2
left_child=3 2 -2 12 5 -3 7 9 -9 -6 -8 -12 -1 -14 -4 -7 -5 19 -17 -18 -21
right_child=1 4 14 16 6 15 10 8 -10 -11 11 -13 13 -15 -16 18 17 -19 -20 20 -22
leaf_value=1.1930185747814905e-06 -2.3415703822138314e-06 1.2518358177418224e-06 -1.8657477074674239e-07 2.784732752895517e-07 -2.5967062165875057e-07 3.8812853470441653e-07 1.1342050394584172e-06 -4.9323991629535165e-06 2.3141655225750972e-07 8.3648043685193656e-07 -5.5792737930400922e-07 7.9436167990480625e-09 -2.3599644521254962e-07 8.0836194410949254e-07 4.859120297135847e-07 -1.6783219126459414e-08 4.4147120124016228e-08 -3.3221495819191206e-07 -1.3810168284500434e-07 -2.0003027513815221e-08 1.9742277252987607e-08
leaf_weight=25 28 36 34 30 198 24 24 20 28 66 48 6014 20 25 34 50 20 20 34 80 20
leaf_count=25 28 36 34 30 198 24 24 20 28 66 48 6014 20 25 34 50 20 20 34 80 20
internal_value=7.60188e-16 -7.03556e-09 -5.76943e-07 1.94592e-07 1.3275e-09 3.39212e-07 -6.27729e-09 -2.83254e-07 -1.92017e-06 1.43671e-08 7.922e-09 3.46295e-09 6.47351e-07 3.44203e-07 1.49669e-07 3.50043e-08 8.16144e-09 -4.97625e-08 -6.58883e-08 -2.68712e-09 -1.2054e-08
internal_weight=6878 6638 96 240 6542 144 6398 312 48 264 6086 6062 70 45 68 108 170 140 84 120 100
internal_count=6878 6638 96 240 6542 144 6398 312 48 264 6086 6062 70 45 68 108 170 140 84 120 100
is_linear=0
shrinkage=0.05


Tree=183
num_leaves=15
num_cat=0
split_feature=21 21 11 21 25 14 7 21 8 14 14 8 8 5
split_gain=3.70694e-09 8.66042e-09 9.61902e-09 9.22979e-09 2.40873e-08 8.16154e-09 1.6775e-08 7.81328e-09 8.52885e-09 6.05359e-09 3.31854e-08 1.40978e-08 4.32818e-09 2.55556e-09
threshold=960.50000000000011 942.50000000000011 57.615625000000009 928.50000000000011 0.00058149947175994466 0.92273069556937592 27.211074475547981 916.50000000000011 245.33041273304414 0.21862473630160603 0.25206111083856975 279.77915454520326 253.64564840157325 11.65
decision_type=2 2 2 2 2 2 2 2 2 2 2 2 2 2
left_child=1 3 -3 7 -5 6 12 9 -9 11 -11 -1 13 -2
right_child=5 2 -4 4 -6 -7 -8 8 -10 10 -12 -13 -14 -15
leaf_value=-1.1887198730156404e-08 7.1920001532403572e-07 -1.1854073125761035e-06 2.1239933175820627e-07 2.0069831583668933e-06 -3.2103029718655311e-07 -6.3111409293101358e-07 1.4032072161107579e-06 1.1758428124894834e-08 -1.3652805845057712e-06 -9.9742720307125482e-07 -1.9840053673869371e-08 2.3596931891855072e-07 -4.5783425629711676e-07 -3.457900635586829e-08
leaf_weight=2217 22 32 20 20 25 21 32 23 22 89 3530 774 28 23
leaf_count=2217 22 32 20 20 25 21 32 23 22 89 3530 774 28 23
internal_value=1.60699e-15 -5.01436e-09 -6.47789e-07 -2.56568e-11 7.13642e-07 2.68706e-07 4.4867e-07 -4.85136e-09 -6.61461e-07 -3.81252e-10 -4.38813e-08 5.22522e-08 3.02428e-08 3.33935e-07
internal_weight=6878 6752 52 6700 45 126 105 6655 45 6610 3619 2991 73 45
internal_count=6878 6752 52 6700 45 126 105 6655 45 6610 3619 2991 73 45
is_linear=0
shrinkage=0.05


Tree=184
num_leaves=19
num_cat=0
split_feature=5 15 15 19 2 5 19 14 19 11 14 3 14 14 4 17 4 5
split_gain=3.67911e-09 1.08393e-08 1.62828e-08 3.69386e-09 4.35774e-08 4.03505e-08 2.30601e-08 2.56962e-08 1.51391e-08 1.52609e-08 1.45499e-08 4.45201e-08 2.05564e-08 2.34199e-08 1.12126e-08 8.83229e-09 7.73668e-09 7.51133e-09
threshold=1.2000000000000004 -0.22700609751797865 -0.89404254237865755 0.00018505000000000003 137.50000000000003 9.1500000000000004 0.00019982000000000002 0.73865729060996166 0.00021292500000000001 35.221875000000004 0.99966190462023474 12.450000000000001 0.99907018497641664 0.99818282439137029 99.500000000000014 0.46396510968901555 39.500000000000007 5.3500000000000005
decision_type=2 2 2 2 2 2 2 2 2 2 2 2 2 2 2 2 2 2
left_child=1 2 -1 4 10 -6 7 -5 9 -8 12 -12 13 -2 16 -10 -7 -17
right_child=3 -3 -4 6 5 14 8 -9 15 -11 11 -13 -14 -15 -16 17 -18 -19
leaf_value=1.2969642817495242e-07 1.966288961736265e-08 3.3657466462777564e-07 -1.863740290275473e-06 -2.4819193969152468e-07 2.8769100699340321e-06 6.7394322134835722e-07 1.0313304466597566e-07 -2.4834744894874917e-06 7.6137465695784857e-07 1.7809042377769441e-06 5.2154634340695346e-07 -2.6434201328129349e-06 1.3453763269298776e-06 -1.4063877066146705e-06 1.4711942209544306e-06 2.6099539157491909e-07 -6.241604610450354e-07 -7.4434864386046993e-08
leaf_weight=20 3993 32 21 36 24 24 33 20 34 23 25 20 29 29 20 180 22 2293
leaf_count=20 3993 32 21 36 24 24 33 20 34 23 25 20 29 29 20 180 22 2293
internal_value=3.30025e-16 -3.53072e-07 -8.91332e-07 3.78754e-09 3.29259e-08 1.12125e-06 -4.27848e-08 -1.04651e-06 -2.08541e-08 7.92218e-07 9.01241e-09 -8.85105e-07 1.89446e-08 9.38058e-09 4.82833e-07 -3.9016e-08 5.3111e-08 -5.00202e-08
internal_weight=6878 73 41 6805 4186 90 2619 56 2563 56 4096 45 4051 4022 66 2507 46 2473
internal_count=6878 73 41 6805 4186 90 2619 56 2563 56 4096 45 4051 4022 66 2507 46 2473
is_linear=0
shrinkage=0.05


Tree=185
num_leaves=18
num_cat=0
split_feature=5 5 1 17 17 13 17 14 6 1 19 13 14 14 14 14 14
split_gain=3.5925e-09 4.13028e-09 1.0227e-08 3.51233e-09 1.9286e-08 3.9405e-08 5.36504e-08 1.81182e-08 2.40984e-07 5.83367e-08 5.17846e-08 1.47199e-08 7.73456e-09 4.84755e-08 4.54386e-08 6.764e-09 3.15337e-10
threshold=26.250000000000004 23.250000000000004 243.20000000000002 0.96418361812676634 0.9498237307892613 -0.3794095225512602 0.95562795574651349 0.90162119223771331 9.0690000000000014e-05 818.35000000000014 1.3640000000000002e-05 -0.3794095225512602 0.85226249403558707 0.85673801594079257 0.78857998149907527 -0.97509794945709805 0.74443451080969758
decision_type=2 2 2 2 2 2 2 2 2 2 2 2 2 2 2 2 2
left_child=1 3 -3 4 12 15 -7 10 -9 -10 -5 -12 14 -14 -1 -6 -4
right_child=-2 2 16 7 5 6 -8 8 9 -11 11 -13 13 -15 -16 -17 -18
leaf_value=1.1138914135245341e-08 5.2854371110910849e-07 -1.2746143240023727e-06 -7.2859098736444143e-08 2.2435653058513103e-06 6.8715990595435985e-07 -3.689983372625605e-06 -4.6011878617314837e-07 -5.5145794867428327e-06 2.1538542462869427e-06 -2.2098303203782272e-07 -1.5634646650137555e-08 5.5403489770370329e-07 2.3878663462848798e-06 7.204564736303476e-08 -7.2605343940884195e-07 -2.1488228758452654e-07 2.0791544642406733e-07
leaf_weight=4191 32 22 20 30 24 20 36 20 34 108 485 148 23 1290 220 155 20
leaf_count=4191 32 22 20 30 24 20 36 20 34 108 485 148 23 1290 220 155 20
internal_value=1.62354e-16 -2.47055e-09 -4.08716e-07 1.24219e-09 -1.21443e-08 -4.5608e-07 -1.61364e-06 9.79329e-08 -3.76091e-07 3.4764e-07 2.13758e-07 1.17558e-07 6.08163e-09 1.12612e-07 -2.56288e-08 -9.39381e-08 6.75282e-08
internal_weight=6878 6846 62 6784 5959 235 56 825 162 142 663 633 5724 1313 4411 179 40
internal_count=6878 6846 62 6784 5959 235 56 825 162 142 663 633 5724 1313 4411 179 40
is_linear=0
shrinkage=0.05


Tree=186
num_leaves=24
num_cat=0
split_feature=8 8 5 27 27 7 14 9 4 14 14 5 7 8 17 14 8 25 5 24 8 8 7
split_gain=3.95079e-09 4.50488e-08 4.0261e-08 3.71671e-08 4.0974e-08 6.23443e-08 2.72302e-08 6.49427e-08 4.93134e-08 3.27588e-08 2.90619e-08 1.26889e-08 1.01767e-08 8.07636e-09 6.3537e-08 7.47076e-08 3.25382e-08 2.77945e-08 2.82395e-08 2.40716e-08 1.5051e-08 1.08771e-08 2.6155e-09
threshold=291.67647861439474 290.23734724554555 7.6500000000000012 99.833333333333357 91.166666666666671 123.7421259816571 0.21862473630160603 -20.730990887263726 52.500000000000007 0.3504237462291826 1.0000000180025095e-35 14.950000000000001 120.13543891197232 284.81361740207586 0.93071411690322869 0.95242846126021108 282.29755514591278 0.00017499419927112625 11.550000000000002 0.00014195922677899097 281.45339261052226 279.77915454520326 136.45928460076402
decision_type=2 2 2 2 2 2 2 2 2 2 2 2 2 2 2 2 2 2 2 2 2 2 2
left_child=1 13 -3 4 6 -6 10 9 -9 -8 11 -2 -12 16 15 19 20 18 -18 -15 21 -1 -7
right_child=3 2 -4 -5 5 22 7 8 -10 -11 12 -13 -14 14 -16 -17 17 -19 -20 -21 -22 -23 -24
leaf_value=-4.0866545534355908e-09 1.0680103159967226e-07 -1.9216627539332297e-07 2.5864127476182833e-06 -1.6655519705939999e-06 3.2526384430915962e-06 5.9050077365811935e-07 -1.6245913532960306e-06 -2.2319044096746105e-06 4.819458573799486e-07 1.7910868948166476e-08 1.5809294215894344e-06 -5.4742475295093704e-07 4.6556990050677024e-07 9.5086833527081378e-07 -2.2409748666112659e-06 -2.6523898365364101e-06 6.5099201278103047e-07 -2.6063244496930972e-07 2.6822221274512363e-06 -5.9115616830454474e-07 -1.1803672486444662e-06 7.0915568812779388e-07 -9.5877056277718767e-08
leaf_weight=5285 365 22 32 36 23 23 33 70 22 379 39 93 43 99 35 21 44 36 28 34 27 54 35
leaf_count=5285 365 22 32 36 23 23 33 70 22 379 39 93 43 99 35 21 44 36 28 34 27 54 35
internal_value=-1.84884e-15 1.70771e-08 1.4544e-06 -8.40909e-08 -3.34841e-08 1.04983e-06 -1.17535e-07 -3.81853e-07 -1.58294e-06 -1.13649e-07 1.29162e-07 -2.60439e-08 9.96046e-07 3.37135e-09 -3.17977e-07 1.19068e-07 1.44665e-08 8.73732e-07 1.44091e-06 5.56667e-07 -2.82771e-09 3.12726e-09 1.76307e-07
internal_weight=6878 5717 54 1161 1125 81 1044 504 92 412 540 458 82 5663 189 154 5474 108 72 133 5366 5339 58
internal_count=6878 5717 54 1161 1125 81 1044 504 92 412 540 458 82 5663 189 154 5474 108 72 133 5366 5339 58
is_linear=0
shrinkage=0.05


Tree=187
num_leaves=21
num_cat=0
split_feature=3 15 12 15 17 27 23 12 17 20 6 23 1 18 6 1 5 15 5 24
split_gain=3.666e-09 2.17469e-08 1.98314e-08 9.39872e-09 6.70591e-09 2.23372e-08 3.00538e-08 1.72037e-08 4.0684e-09 2.66119e-08 2.29066e-08 1.95243e-08 1.03429e-08 3.2468e-08 5.44686e-08 1.01577e-08 9.7699e-09 6.37915e-09 7.79229e-10 5.86574e-10
threshold=32.250000000000007 -0.67801649466304881 -0.5 -0.92272482904738262 1.0004624396259378 6.5000000000000009 357.50000000000006 -0.5 0.97510452844991746 1.0235000000000001e-05 0.00021292500000000001 383.50000000000006 683.05000000000007 0.00016969500000000003 0.00033158500000000007 674.95000000000016 7.8500000000000005 -0.99983123799342477 11.750000000000002 0.00070347241682268923
decision_type=2 2 2 2 2 2 2 2 2 2 2 2 2 2 2 2 2 2 2 2
left_child=4 2 3 -2 8 6 -6 -8 12 -10 11 -11 15 -14 -15 17 -12 -1 -4 -20
right_child=1 -3 18 -5 5 -7 7 -9 9 10 16 -13 13 14 -16 -17 -18 -19 19 -21
leaf_value=-6.0610787148193821e-07 4.8561251911781831e-07 -9.9912738775742578e-07 -1.6301276172371439e-07 1.8462236107552598e-06 1.4868343484977231e-06 -1.5302023461843773e-06 -1.7736257791511891e-06 7.4466932343351375e-08 -1.524348100128523e-06 3.818411603808625e-07 4.9303482565142709e-07 1.8389312899775537e-06 1.6998730615114256e-06 -1.5134523516062355e-06 -9.3440356982910971e-08 8.8759872913656048e-07 -1.0329503508329392e-07 1.2524301374064244e-08 -3.8013807817094409e-08 3.4034037877886261e-07
leaf_weight=42 22 29 36 30 25 31 20 34 23 67 90 35 22 76 606 33 290 5326 20 21
leaf_count=42 22 29 36 30 25 31 20 34 23 67 90 35 22 76 606 33 290 5326 20 21
internal_value=-3.52583e-16 2.38063e-07 5.16191e-07 1.27058e-06 -5.59731e-09 -3.92782e-07 5.35471e-08 -6.10012e-07 8.46014e-10 1.37235e-07 2.16522e-07 8.81823e-07 -1.04359e-08 -1.90696e-07 -2.51682e-07 1.30603e-08 3.7941e-08 7.68403e-09 6.73263e-09 1.55777e-07
internal_weight=6878 158 129 52 6720 110 79 54 6610 505 482 102 6105 704 682 5401 380 5368 77 41
internal_count=6878 158 129 52 6720 110 79 54 6610 505 482 102 6105 704 682 5401 380 5368 77 41
is_linear=0
shrinkage=0.05


Tree=188
num_leaves=25
num_cat=0
split_feature=8 8 14 27 27 7 14 9 14 14 14 14 7 8 17 14 8 22 11 23 24 8 8 7
split_gain=3.55724e-09 4.06919e-08 3.49148e-08 3.35755e-08 3.69938e-08 5.63945e-08 2.46279e-08 5.84003e-08 3.18351e-08 2.95648e-08 2.63127e-08 1.11552e-08 9.18974e-09 7.31379e-09 5.70598e-08 6.73754e-08 2.91475e-08 2.6669e-08 3.25576e-08 3.13157e-08 2.18514e-08 1.35985e-08 9.80901e-09 2.36049e-09
threshold=291.67647861439474 290.23734724554555 0.25206111083856975 99.833333333333357 91.166666666666671 123.7421259816571 0.21862473630160603 -20.730990887263726 0.72695311118111527 0.3504237462291826 1.0000000180025095e-35 -0.18598018461734842 120.13543891197232 284.81361740207586 0.93071411690322869 0.95242846126021108 282.29755514591278 159.50000000000003 34.66875000000001 2.5000000000000004 0.00014195922677899097 281.45339261052226 279.77915454520326 136.45928460076402
decision_type=2 2 2 2 2 2 2 2 2 2 2 2 2 2 2 2 2 2 2 2 2 2 2 2
left_child=1 13 -3 4 6 -6 10 9 -9 -8 11 -2 -12 16 15 20 21 19 -19 -18 -15 22 -1 -7
right_child=3 2 -4 -5 5 23 7 8 -10 -11 12 -13 -14 14 -16 -17 17 18 -20 -21 -22 -23 -24 -25
leaf_value=-3.8220919021778249e-09 7.6624991331167575e-08 1.1086574341859739e-07 2.6536392675148416e-06 -1.5829005525978977e-06 3.0927213866443311e-06 5.6034952511096061e-07 -1.5439879658432885e-06 -8.2266202658350562e-07 -2.7755013192631852e-06 1.6389114501760436e-08 1.5037163057977175e-06 -6.2600373133026365e-07 4.4382321069144571e-07 9.0269870538416609e-07 -2.1249675569379179e-06 -2.5203965855152567e-06 5.7691318681918347e-07 -9.207949229869083e-07 1.3550813582696719e-06 3.2313516248905221e-06 -5.6649394282965876e-07 -1.1219090634843836e-06 6.7349690871870502e-07 -9.1709418370555803e-08
leaf_weight=5285 392 27 27 36 23 23 33 60 32 379 39 66 43 99 35 21 25 33 30 20 34 27 54 35
leaf_count=5285 392 27 27 36 23 23 33 60 32 379 39 66 43 99 35 21 25 33 30 20 34 27 54 35
internal_value=-4.56446e-16 1.62042e-08 1.38225e-06 -7.97928e-08 -3.16933e-08 9.97664e-07 -1.11557e-07 -3.62928e-07 -1.50191e-06 -1.08593e-07 1.23056e-07 -2.46272e-08 9.47919e-07 3.17814e-09 -3.02623e-07 1.11546e-07 1.37365e-08 8.27001e-07 1.62956e-07 1.75666e-06 5.27116e-07 -2.63184e-09 3.02848e-09 1.66866e-07
internal_weight=6878 5717 54 1161 1125 81 1044 504 92 412 540 458 82 5663 189 154 5474 108 63 45 133 5366 5339 58
internal_count=6878 5717 54 1161 1125 81 1044 504 92 412 540 458 82 5663 189 154 5474 108 63 45 133 5366 5339 58
is_linear=0
shrinkage=0.05


Tree=189
num_leaves=14
num_cat=0
split_feature=21 21 21 25 11 14 7 21 8 21 21 0 17
split_gain=3.51521e-09 7.7159e-09 8.71169e-09 2.14974e-08 8.52222e-09 7.13322e-09 1.48391e-08 6.84187e-09 7.73207e-09 4.54777e-09 7.45758e-09 3.97857e-09 4.04414e-09
threshold=960.50000000000011 942.50000000000011 928.50000000000011 0.00058149947175994466 57.615625000000009 0.92273069556937592 27.211074475547981 916.50000000000011 245.33041273304414 911.50000000000011 897.50000000000011 935.50000000000011 0.98316109049460187
decision_type=2 2 2 2 2 2 2 2 2 2 2 2 2
left_child=1 2 7 -4 -3 6 11 9 -9 10 -1 -2 -13
right_child=5 4 3 -5 -6 -7 -8 8 -10 -11 -12 12 -14
leaf_value=1.4589343388538149e-09 -5.4448387995112822e-07 -1.1176350650288215e-06 1.9150080635910172e-06 -2.842928426431968e-07 1.9806847774361815e-07 -5.7956078695129008e-07 1.3276822900643026e-06 2.1700976366614474e-08 -1.2894381169107049e-06 6.4690794500974238e-07 -5.9404743138176585e-07 7.2918072100947035e-07 -1.5335658434667967e-07
leaf_weight=6530 21 32 20 25 20 21 32 23 22 27 53 25 27
leaf_count=6530 21 32 20 25 20 21 32 23 22 27 53 25 27
internal_value=-1.49198e-16 -4.88297e-09 -1.74154e-10 6.93174e-07 -6.11595e-07 2.61665e-07 4.2991e-07 -4.86246e-09 -6.193e-07 -6.79449e-10 -3.33551e-09 3.63661e-08 2.7094e-07
internal_weight=6878 6752 6700 45 52 126 105 6655 45 6610 6583 73 52
internal_count=6878 6752 6700 45 52 126 105 6655 45 6610 6583 73 52
is_linear=0
shrinkage=0.05


Tree=190
num_leaves=25
num_cat=0
split_feature=3 14 8 17 8 6 6 14 14 8 7 3 14 8 14 8 9 14 13 3 17 23 7 14
split_gain=3.3304e-09 2.42594e-08 1.84509e-08 6.05129e-09 4.12499e-08 1.36375e-08 7.3523e-09 5.52953e-09 1.20198e-08 4.73501e-08 3.41407e-08 1.43456e-08 1.41172e-08 2.92415e-08 9.83904e-09 6.96726e-09 8.96226e-09 3.44226e-09 2.75154e-09 5.5212e-10 4.10233e-10 3.29995e-10 8.12187e-12 4.13709e-12
threshold=32.250000000000007 -0.73354686966117377 262.77088913376446 1.0004624396259378 269.6625029065371 0.00023207000000000002 0.00044235000000000005 -0.99630266176052629 -0.9905448150984083 259.41841140483615 121.00076425000705 24.950000000000003 -0.98523971305672675 257.47764452810685 -0.95995996396290595 208.74077742930891 -42.971027409008961 -0.99940763397299126 -0.78656609248549325 25.250000000000004 0.98611014922912044 944.50000000000011 148.00001953910112 -0.99985146406598202
decision_type=2 2 2 2 2 2 2 2 2 2 2 2 2 2 2 2 2 2 2 2 2 2 2 2
left_child=3 -2 18 7 5 -5 -7 15 9 11 -11 -9 13 -10 -14 22 -17 -18 20 -8 21 -3 23 -1
right_child=1 2 -4 4 -6 6 19 8 12 10 -12 -13 14 -15 -16 16 17 -19 -20 -21 -22 -23 -24 -25
leaf_value=3.1398018891918998e-09 -1.1690838771454102e-06 4.2329125513808986e-08 1.50548347418782e-06 1.2468035360768682e-06 -2.3664256159030457e-06 -9.6594611692501581e-07 -3.6923163963346428e-08 3.9815056432524592e-07 4.4214577510359734e-08 -3.3822350678747172e-06 -4.60734716227762e-07 -1.0646900537245702e-06 -2.8135829509778888e-07 1.9640851673687266e-06 7.7200058782351832e-09 -3.5534356418958685e-07 3.9317249983843586e-07 1.0479496182679724e-06 6.6099869562614394e-07 3.0985253493492402e-07 1.9779872621422162e-07 -2.0766905241099596e-07 1.8627419775540944e-08 -2.1247376730059473e-08
leaf_weight=22 26 33 34 20 21 23 24 83 68 20 20 21 310 28 5830 22 34 49 21 22 22 22 20 83
leaf_count=22 26 33 34 20 21 23 24 83 68 20 20 21 310 28 5830 22 34 49 21 22 22 22 20 83
internal_value=-8.36925e-16 2.26905e-07 5.01872e-07 -5.33496e-09 -3.73137e-07 9.719e-08 -2.36031e-07 7.85791e-10 -7.89716e-09 -4.59524e-07 -1.92148e-06 1.02769e-07 2.53168e-09 6.04177e-07 -6.87515e-09 2.41643e-07 5.41903e-07 7.79728e-07 1.5368e-07 1.28926e-07 1.5321e-08 -5.76701e-08 -1.05753e-08 -1.61377e-08
internal_weight=6878 158 132 6720 110 89 69 6610 6380 144 40 104 6236 96 6140 230 105 83 98 46 77 55 125 105
internal_count=6878 158 132 6720 110 89 69 6610 6380 144 40 104 6236 96 6140 230 105 83 98 46 77 55 125 105
is_linear=0
shrinkage=0.05


Tree=191
num_leaves=27
num_cat=0
split_feature=8 8 5 27 27 7 14 9 3 14 5 4 7 5 27 8 3 8 3 3 8 5 21 8 14 7
split_gain=3.23567e-09 3.70181e-08 3.60492e-08 3.02576e-08 3.33642e-08 5.09065e-08 2.22115e-08 5.26708e-08 5.85183e-08 2.38303e-08 1.12104e-08 9.16953e-09 8.34396e-09 6.66801e-09 2.0925e-08 3.37486e-08 3.34996e-08 1.44711e-08 1.22591e-08 2.1723e-08 1.60776e-08 7.3891e-09 3.20469e-08 9.14079e-09 2.18176e-09 2.14077e-09
threshold=291.67647861439474 290.23734724554555 7.6500000000000012 99.833333333333357 91.166666666666671 123.7421259816571 0.21862473630160603 -31.161258420389963 14.550000000000002 1.0000000180025095e-35 14.950000000000001 88.500000000000014 120.13543891197232 6.0500000000000007 1.0000000180025095e-35 208.74077742930891 17.450000000000003 288.92278723469821 24.150000000000002 23.150000000000002 241.47447747126355 6.6500000000000012 116.00000000000001 282.29755514591278 -0.83904919127611233 136.45928460076402
decision_type=2 2 2 2 2 2 2 2 2 2 2 2 2 2 2 2 2 2 2 2 2 2 2 2 2 2
left_child=1 13 -3 4 6 -6 9 11 -9 10 -2 -8 -11 14 15 24 -17 21 19 -16 -20 22 -15 -23 -1 -7
right_child=3 2 -4 -5 5 25 7 8 -10 12 -12 -13 -14 17 18 16 -18 -19 20 -21 -22 23 -24 -25 -26 -27
leaf_value=5.1991265131334791e-07 1.0084320222340279e-07 -2.3968240027856654e-07 2.3895458224565403e-06 -1.5030100161948933e-06 2.9376263435788928e-06 5.3250153711034102e-07 7.3840749357360297e-08 1.3925935892444841e-06 -1.5111202282491659e-06 1.4311153300456846e-06 -5.1408729904072171e-07 -7.7883361508871276e-07 4.2117310376032805e-07 1.3200893831088371e-07 -3.9295248757246596e-09 -1.588116958301995e-07 1.9565486843848556e-06 -1.1189747593694697e-06 -7.2044963875396804e-08 -1.5953554527214921e-06 1.4245904006148682e-06 -1.5134301859431582e-08 -1.0264893159974892e-06 3.862100600892675e-07 -4.7806763551912335e-08 -8.8469566971330755e-08
leaf_weight=20 365 22 32 36 23 23 318 20 131 39 93 35 43 170 847 27 61 30 38 22 34 4065 92 147 110 35
leaf_count=20 365 22 32 36 23 23 318 20 131 39 93 35 43 170 847 27 61 30 38 22 34 4065 92 147 110 35
internal_value=-5.49359e-16 1.54544e-08 1.31838e-06 -7.61007e-08 -3.04396e-08 9.47117e-07 -1.06285e-07 -3.45005e-07 -1.12652e-06 1.16521e-07 -2.40226e-08 -1.0702e-08 9.01511e-07 3.03028e-09 1.09986e-07 5.51381e-07 1.30752e-06 -2.44922e-08 7.7282e-09 -4.42188e-08 6.347e-07 -1.71532e-08 -2.74792e-07 -1.12727e-09 3.95347e-08 1.57778e-07
internal_weight=6878 5717 54 1161 1125 81 1044 504 151 540 458 353 82 5663 1159 218 88 4504 941 869 72 4474 262 4212 130 58
internal_count=6878 5717 54 1161 1125 81 1044 504 151 540 458 353 82 5663 1159 218 88 4504 941 869 72 4474 262 4212 130 58
is_linear=0
shrinkage=0.05


Tree=192
num_leaves=28
num_cat=0
split_feature=5 3 17 14 12 15 12 13 17 20 24 27 3 5 14 12 15 20 27 14 15 12 13 14 18 2 14
split_gain=3.19422e-09 3.39648e-09 2.22828e-08 6.73304e-08 1.78272e-07 5.72949e-08 4.69757e-08 3.29334e-08 1.17155e-08 5.96538e-08 2.65693e-08 2.01521e-08 1.31295e-08 1.1547e-08 2.37185e-08 6.15502e-08 3.38962e-08 7.94517e-08 3.39864e-08 1.41905e-08 6.06359e-08 1.2852e-07 8.27448e-08 4.19726e-08 9.90109e-08 1.50269e-08 9.7644e-09
threshold=27.900000000000002 20.350000000000005 0.93216981107391106 0.90162119223771331 -0.70710678118654735 -0.83849291496497236 0.60355339059327384 -0.12940952255126037 0.75623287175206511 4.7300000000000013e-06 6.5776629629400323e-05 0.83333333333333337 20.250000000000004 5.6500000000000012 0.80417553764032002 -0.5 -0.60555643346685839 2.1120000000000004e-05 34.166666666666679 0.91596454896554913 -0.16799793862756093 -0.70710678118654735 -0.3794095225512602 0.76696112484652046 0.00020605000000000002 107.50000000000001 0.99907018497641664
decision_type=2 2 2 2 2 2 2 2 2 2 2 2 2 2 2 2 2 2 2 2 2 2 2 2 2 2 2
left_child=1 2 8 5 -5 6 -4 -7 12 10 -10 -11 26 14 16 -16 18 -18 -3 23 21 -21 -22 25 -25 -15 -1
right_child=-2 13 3 4 -6 7 -8 -9 9 11 -12 -13 -14 19 15 -17 17 -19 -20 20 22 -23 -24 24 -26 -27 -28
leaf_value=-4.5413961371969387e-08 5.8824890357834158e-07 1.6684009746832897e-07 -3.243286316016262e-06 -5.634319600067968e-06 5.0811677694026812e-07 1.5675445723672967e-08 1.0106405353228963e-07 1.9519387343791552e-06 8.849039932101733e-07 -1.1728242883313201e-06 3.2037657512145891e-06 1.2787634731831963e-07 -1.2305524256925208e-06 1.593622168728137e-07 2.84427672113452e-06 -2.0334208334195472e-07 -3.1251109071798545e-06 9.4335765126711772e-07 2.3458551190458365e-06 -3.6002682451099749e-06 -1.8127611757076271e-07 -1.7697794743901218e-07 3.1476714103935897e-06 3.596553330103908e-06 2.4791864691900859e-07 -1.1259090983743059e-07 5.1736272833430793e-07
leaf_weight=3163 23 170 21 21 27 70 21 32 30 32 21 429 23 809 30 37 24 24 20 36 84 115 24 27 121 1365 79
leaf_count=3163 23 170 21 21 27 70 21 32 30 32 21 429 23 809 30 37 24 24 20 36 84 115 24 27 121 1365 79
internal_value=1.14636e-15 -1.9737e-09 -3.19853e-08 -5.57442e-07 -2.1792e-06 -1.68566e-08 -1.57111e-06 6.23131e-07 -5.27419e-09 2.17099e-07 1.83973e-06 3.75891e-08 -4.01456e-08 3.93e-08 3.30238e-07 1.16126e-06 9.62934e-08 -1.09088e-06 3.9621e-07 4.91954e-09 -3.4612e-07 -9.93127e-07 5.5849e-07 4.40752e-08 8.58818e-07 -1.13903e-08 -3.17004e-08
internal_weight=6878 6855 3969 192 48 144 42 102 3777 512 51 461 3265 2886 305 67 238 48 190 2581 259 151 108 2322 148 2174 3242
internal_count=6878 6855 3969 192 48 144 42 102 3777 512 51 461 3265 2886 305 67 238 48 190 2581 259 151 108 2322 148 2174 3242
is_linear=0
shrinkage=0.05


Tree=193
num_leaves=20
num_cat=0
split_feature=3 15 8 17 8 3 6 17 20 6 8 17 27 19 2 19 8 5 23
split_gain=3.10067e-09 1.73934e-08 1.70513e-08 5.28094e-09 3.49947e-08 1.26782e-08 6.45759e-09 3.61303e-09 2.16104e-08 2.02327e-08 2.09685e-08 9.81922e-09 8.72207e-09 5.1671e-09 3.96841e-08 2.15604e-08 2.41096e-09 7.04539e-10 4.48398e-10
threshold=32.250000000000007 -0.67801649466304881 262.77088913376446 1.0004624396259378 269.6625029065371 27.650000000000002 0.00025516000000000004 0.97510452844991746 1.0235000000000001e-05 0.00021292500000000001 241.47447747126355 0.973140026325647 66.833333333333357 0.00018505000000000003 137.50000000000003 0.00019654500000000004 241.47447747126355 11.750000000000002 631.50000000000011
decision_type=2 2 2 2 2 2 2 2 2 2 2 2 2 2 2 2 2 2 2
left_child=3 2 16 7 5 6 -5 11 -9 10 -10 13 -11 14 -1 -15 17 -2 -8
right_child=1 -3 -4 4 -6 -7 18 8 9 12 -12 -13 -14 15 -16 -17 -18 -19 -20
leaf_value=2.9163520121185723e-09 -1.7940291462943086e-07 -8.8750477566455244e-07 1.4285688083044293e-06 1.1789132679496108e-06 -2.1846880090812364e-06 -9.5696999706392093e-07 2.4500766256844252e-07 -1.368222147784368e-06 5.0308016355113568e-08 -2.8088226795806567e-08 1.4885206175304948e-06 -9.4424320086058558e-07 9.7646628971589329e-07 -1.3595700082968953e-06 1.06453778452457e-06 -5.1057981809584433e-08 5.6943708198994736e-07 1.3353201508129736e-07 -6.5630106860226081e-08
leaf_weight=4016 35 29 34 20 21 22 26 23 47 357 55 28 23 32 90 1939 23 37 21
leaf_count=4016 35 29 34 20 21 22 26 23 47 357 55 28 23 32 90 1939 23 37 21
internal_value=4.8504e-16 2.18939e-07 4.67674e-07 -5.14767e-09 -3.48741e-07 8.44595e-08 4.26421e-07 5.7023e-10 1.29099e-07 2.00548e-07 8.25815e-07 -1.00616e-08 3.27138e-08 -5.75731e-09 2.61862e-08 -7.23022e-08 1.23775e-07 -1.85891e-08 1.06212e-07
internal_weight=6878 158 129 6720 110 89 67 6610 505 482 102 6105 380 6077 4106 1971 95 72 47
internal_count=6878 158 129 6720 110 89 67 6610 505 482 102 6105 380 6077 4106 1971 95 72 47
is_linear=0
shrinkage=0.05


Tree=194
num_leaves=14
num_cat=0
split_feature=5 15 15 5 15 12 15 15 12 12 4 5 19
split_gain=3.08278e-09 9.24368e-09 1.49422e-08 3.33958e-09 3.069e-09 2.02792e-08 4.14755e-09 1.79288e-08 4.66748e-08 7.75081e-09 8.4438e-09 5.72796e-09 1.11706e-09
threshold=1.2000000000000004 -0.22700609751797865 -0.89404254237865755 1.4500000000000002 -0.99983123799342477 -0.25881904510252113 -0.97111920233974802 -0.96234030595689413 -0.60355339059327362 -0.5 28.500000000000004 13.450000000000001 0.00081700000000000013
decision_type=2 2 2 2 2 2 2 2 2 2 2 2 2
left_child=1 2 -1 -2 5 -5 9 8 -8 10 -6 -9 -11
right_child=3 -3 -4 4 6 -7 7 11 -10 12 -12 -13 -14
leaf_value=1.5783214063702647e-07 5.3888055995112783e-07 3.1367232324885922e-07 -1.7517753852709056e-06 -1.6132238579302792e-06 2.5706058665050326e-07 4.7137077604984617e-07 -2.4044651967512568e-06 -2.7344816881468369e-08 2.1101938371844777e-08 2.2837438842658338e-08 1.2220304306800666e-06 8.2470650404589521e-08 -3.4333353550085704e-07
leaf_weight=20 29 32 21 20 177 28 28 4388 68 391 26 1628 22
leaf_count=20 29 32 21 20 177 28 28 4388 68 391 26 1628 22
internal_value=-8.72771e-17 -3.23194e-07 -8.2026e-07 3.46703e-09 1.17556e-09 -3.9721e-07 4.01779e-09 -8.44518e-09 -6.86355e-07 1.27676e-07 3.80653e-07 2.37253e-09 3.33196e-09
internal_weight=6878 73 41 6805 6776 48 6728 6112 96 616 203 6016 413
internal_count=6878 73 41 6805 6776 48 6728 6112 96 616 203 6016 413
is_linear=0
shrinkage=0.05


Tree=195
num_leaves=23
num_cat=0
split_feature=14 12 14 8 11 15 8 14 12 12 14 21 8 17 8 6 17 8 19 5 8 5
split_gain=3.10152e-09 5.10406e-09 3.47236e-09 2.10218e-08 4.21909e-08 4.05391e-08 3.60916e-08 1.81967e-08 3.63443e-08 9.51317e-09 8.67552e-09 8.29714e-09 5.71597e-09 4.85406e-09 2.70659e-08 9.66096e-08 1.81265e-08 4.79097e-08 7.85535e-09 1.58348e-09 2.15021e-09 7.10935e-10
threshold=-0.99985146406598202 -0.25881904510252113 -0.94139628442229062 245.33041273304414 36.625000000000007 0.26659387353423869 257.47764452810685 -0.89832046920331654 -0.5 -0.70710678118654735 -0.91978325482952472 818.50000000000011 201.31954222287254 0.96418361812676634 289.66728801412097 1.3425000000000001e-05 0.94641258130548922 278.2253509541319 0.00018505000000000003 10.850000000000003 140.82510863233119 7.3500000000000005
decision_type=2 2 2 2 2 2 2 2 2 2 2 2 2 2 2 2 2 2 2 2 2 2
left_child=1 -1 3 9 5 6 -5 8 10 -2 -4 12 -11 16 15 -15 18 -18 -9 21 -21 -10
right_child=2 -3 7 4 -6 -7 -8 13 19 11 -12 -13 -14 14 -16 -17 17 -19 -20 20 -22 -23
leaf_value=1.0105702586571396e-06 1.0571606305613083e-06 -3.5243511981824279e-08 2.3607345099208034e-06 1.8041188582174073e-06 -2.3517746425428552e-06 -1.929158646740703e-06 -2.3104002662520642e-07 4.226955785319649e-08 3.877759176725467e-08 3.8311391210552161e-08 1.0163384339530642e-06 -7.2858039536847429e-07 6.2119607464509228e-07 -3.2022797912842095e-06 1.701544124881156e-06 1.643313862933469e-07 -1.9717373770992586e-07 -2.4749205364899422e-06 -9.6866573129548795e-08 -6.9026215119485165e-08 6.3830714062922727e-07 -2.8787823235769529e-07
leaf_weight=20 24 28 24 24 26 32 236 3345 36 491 24 33 46 22 26 679 206 26 1456 22 21 31
leaf_count=20 24 28 24 24 26 32 236 3345 36 491 24 33 46 22 26 679 206 26 1456 22 21 31
internal_value=3.0316e-16 4.00512e-07 -2.81473e-09 -9.36307e-08 -4.21716e-07 -2.49862e-07 -4.31792e-08 1.11806e-08 5.40553e-07 8.20111e-08 1.68854e-06 4.09522e-08 8.82419e-08 -3.34041e-09 1.17429e-07 5.86745e-08 -2.07852e-08 -4.52438e-07 7.37223e-11 3.96149e-08 2.76416e-07 -1.12362e-07
internal_weight=6878 48 6830 912 318 292 260 5918 158 594 48 570 537 5760 727 701 5033 232 4801 110 43 67
internal_count=6878 48 6830 912 318 292 260 5918 158 594 48 570 537 5760 727 701 5033 232 4801 110 43 67
is_linear=0
shrinkage=0.05


Tree=196
num_leaves=20
num_cat=0
split_feature=14 14 4 27 20 3 14 5 21 5 18 14 15 14 21 21 14 6 5
split_gain=2.9756e-09 4.5062e-09 2.25937e-08 2.76744e-08 1.40047e-08 3.90967e-08 1.15047e-08 2.58428e-08 3.0935e-08 1.0288e-08 1.41695e-08 7.24856e-09 2.99336e-08 2.35653e-08 2.05836e-08 1.46232e-08 1.34662e-08 6.92236e-09 5.95972e-09
threshold=0.99995780822346225 0.99761913169647187 9.5000000000000018 82.500000000000014 0.00015672000000000003 12.750000000000002 0.9916835347852474 6.9500000000000011 80.500000000000014 11.350000000000003 9.0690000000000014e-05 0.98522604642031408 -0.13398942717002907 0.98213580174693105 4.5000000000000009 80.500000000000014 0.96465729447553372 0.00035221500000000007 4.3500000000000005
decision_type=2 2 2 2 2 2 2 2 2 2 2 2 2 2 2 2 2 2 2
left_child=1 6 -3 4 5 -4 11 8 18 10 -9 13 14 16 -13 -15 -1 -14 -8
right_child=-2 2 3 -5 -6 -7 7 9 -10 -11 -12 12 17 15 -16 -17 -18 -19 -20
leaf_value=-6.4922969944138209e-09 -5.5576686956252774e-07 1.5827686310229992e-06 2.8225765169262248e-07 1.4111819252450785e-06 4.2202583231825812e-07 -2.0298445363233911e-06 -7.0876062836017842e-07 1.5105746232262183e-06 -2.15902409161786e-06 -6.168878030621272e-07 -1.7419152076314504e-07 2.3262876076366658e-07 6.0873113357849759e-08 -2.6779337365923086e-07 2.3106642646990412e-06 -2.0147356533174311e-06 3.9518803879024776e-07 -1.0177469242139957e-06 2.7393708258808638e-07
leaf_weight=6134 24 27 41 28 39 33 36 26 34 21 24 22 51 25 26 23 216 21 27
leaf_count=6134 24 27 41 28 39 33 36 26 34 21 24 22 51 25 26 23 216 21 27
internal_value=3.09712e-16 1.94608e-09 2.57706e-07 3.97018e-09 -3.44719e-07 -7.48815e-07 -4.48043e-09 -4.13013e-07 -9.43566e-07 3.11827e-07 7.01887e-07 6.04941e-09 3.91058e-07 -1.17175e-09 1.35823e-06 -1.10487e-06 7.17116e-09 -2.53724e-07 -2.87604e-07
internal_weight=6878 6854 168 141 113 74 6686 168 97 71 50 6518 120 6398 48 48 6350 72 63
internal_count=6878 6854 168 141 113 74 6686 168 97 71 50 6518 120 6398 48 48 6350 72 63
is_linear=0
shrinkage=0.05


Tree=197
num_leaves=26
num_cat=0
split_feature=8 8 5 27 27 9 14 9 4 14 14 5 8 8 22 14 5 8 22 16 23 9 8 8 9
split_gain=3.23037e-09 3.24379e-08 3.27066e-08 2.73201e-08 2.92893e-08 4.50051e-08 2.01262e-08 4.76237e-08 4.34034e-08 2.56282e-08 2.1178e-08 1.02433e-08 7.26217e-09 6.41075e-09 4.75414e-08 5.91724e-08 5.13159e-08 2.49651e-08 2.37334e-08 2.88051e-08 2.87776e-08 2.33729e-08 1.22647e-08 9.29693e-09 1.81584e-09
threshold=291.67647861439474 290.23734724554555 7.6500000000000012 99.833333333333357 91.166666666666671 -33.932580997886568 0.21862473630160603 -20.730990887263726 52.500000000000007 0.3504237462291826 1.0000000180025095e-35 14.950000000000001 324.797955770893 284.81361740207586 210.50000000000003 0.79383249484937135 4.7500000000000009 282.29755514591278 159.50000000000003 439.89500000000004 2.5000000000000004 -25.682442037860444 281.45339261052226 279.77915454520326 -45.057980879391231
decision_type=2 2 2 2 2 2 2 2 2 2 2 2 2 2 2 2 2 2 2 2 2 2 2 2 2
left_child=1 13 -3 4 6 24 10 9 -9 -8 11 -2 -12 17 15 21 -17 22 20 -20 -19 -15 23 -1 -6
right_child=3 2 -4 -5 5 -7 7 8 -10 -11 12 -13 -14 14 -16 16 -18 18 19 -21 -22 -23 -24 -25 -26
leaf_value=-2.7456760268853625e-09 9.5242116798286371e-08 -2.4896945350602353e-07 2.2554004583952292e-06 -1.4319133792165909e-06 -8.5701741941842823e-08 2.7548463025516907e-06 -1.4376978499237311e-06 -1.9683268984392402e-06 5.777156409501252e-07 1.5086270332536314e-08 1.3424744660521052e-06 -4.9256361457063127e-07 4.0027360179252681e-07 -3.2274440878216578e-07 -2.4673398270765165e-06 4.2106911905648305e-07 -2.9204803737499148e-06 5.1243026291558643e-07 -7.2726547998806725e-07 1.4580465349354199e-06 3.0570235935556414e-06 1.1253074020214477e-06 -1.0644206859659014e-06 6.5665667450418743e-07 4.8620377870263283e-07
leaf_weight=5285 365 22 32 36 35 23 33 70 22 379 39 93 43 44 22 20 27 25 38 25 20 76 27 54 23
leaf_count=5285 365 22 32 36 35 23 33 70 22 379 39 93 43 44 22 20 27 25 38 25 20 76 27 54 23
internal_value=3.53015e-16 1.54418e-08 1.2351e-06 -7.60384e-08 -3.26504e-08 8.83267e-07 -1.03713e-07 -3.30951e-07 -1.35949e-06 -1.01278e-07 1.08376e-07 -2.41158e-08 8.48394e-07 3.81159e-09 -2.82489e-07 5.33545e-09 -1.49854e-06 1.36967e-08 7.66355e-07 1.39922e-07 1.64336e-06 5.94355e-07 -1.45188e-09 3.92369e-09 1.41088e-07
internal_weight=6878 5717 54 1161 1125 81 1044 504 92 412 540 458 82 5663 189 167 47 5474 108 63 45 120 5366 5339 58
internal_count=6878 5717 54 1161 1125 81 1044 504 92 412 540 458 82 5663 189 167 47 5474 108 63 45 120 5366 5339 58
is_linear=0
shrinkage=0.05


Tree=198
num_leaves=22
num_cat=0
split_feature=8 15 17 15 12 15 27 12 15 15 8 8 3 3 7 9 5 7 14 15 8
split_gain=3.02777e-09 3.96477e-09 2.30612e-08 4.83339e-09 8.6325e-09 5.14562e-09 1.39656e-08 1.68226e-08 7.25733e-09 1.73646e-08 1.10371e-08 4.21437e-09 3.04618e-09 6.41309e-09 4.8223e-09 3.00599e-09 1.29621e-09 9.55702e-10 5.60138e-10 3.48103e-10 3.36397e-10
threshold=341.65330520310596 -0.99983123799342477 0.75862714484091576 -0.99864786094873803 -0.60355339059327362 -0.99465740988130902 19.833333333333339 -0.25881904510252113 -0.97111920233974802 -0.96234030595689413 262.0306077339032 251.97765448936596 15.950000000000001 16.650000000000002 129.35567345552712 -39.853797750447107 9.9500000000000011 132.76463360824081 -0.61997826140404 -0.99938741687870725 354.97372237062882
decision_type=2 2 2 2 2 2 2 2 2 2 2 2 2 2 2 2 2 2 2 2 2
left_child=1 2 -1 4 -3 6 7 -5 10 -10 -7 -8 15 -14 -15 16 20 -16 -19 -6 -2
right_child=12 3 -4 5 19 8 11 -9 9 -11 -12 -13 13 14 17 -17 -18 18 -20 -21 -22
leaf_value=-1.4385004454617538e-06 -1.1382758273725814e-07 1.1013157863512138e-06 8.1983391741147217e-07 -1.39132873741909e-06 -6.7893191618706444e-08 -1.0239289584275124e-08 -6.36351916118481e-09 -3.3949804333133221e-08 -6.9174946350811542e-07 8.0132650872770842e-09 5.4714215532348754e-07 9.5905024636522281e-07 -1.0961126523921929e-06 4.8387373022313287e-07 -7.470234122494099e-08 5.6419567302089578e-07 -4.2556599391505386e-07 -3.010109026628053e-07 -6.0655359310620348e-07 1.6532575159711183e-07 1.638248967002672e-07
leaf_weight=26 20 28 20 42 32 208 26 50 90 5933 155 20 23 22 23 21 23 30 30 32 24
leaf_count=26 20 28 20 42 32 208 26 50 90 5933 155 20 23 22 23 21 23 30 30 32 24
internal_value=-2.45563e-16 5.97345e-09 -4.56616e-07 9.18976e-09 3.69073e-07 4.11477e-09 -2.97955e-07 -6.53623e-07 1.06424e-08 -2.44309e-09 2.27761e-07 4.13382e-07 -1.84237e-07 -3.39925e-07 -1.74284e-07 4.22197e-08 -1.21385e-07 -3.48736e-07 -4.53782e-07 4.87163e-08 3.76192e-08
internal_weight=6878 6662 46 6616 92 6524 138 92 6386 6023 363 46 216 128 105 88 67 83 60 64 44
internal_count=6878 6662 46 6616 92 6524 138 92 6386 6023 363 46 216 128 105 88 67 83 60 64 44
is_linear=0
shrinkage=0.05


Tree=199
num_leaves=17
num_cat=0
split_feature=5 2 17 26 25 18 27 27 14 14 8 27 15 27 15 13
split_gain=2.90053e-09 3.75259e-09 9.92079e-09 7.5425e-09 6.31705e-09 7.5494e-09 5.66974e-09 4.21281e-08 3.05835e-08 1.14728e-07 2.15272e-08 6.78926e-09 1.88021e-08 1.55167e-08 6.73554e-09 4.59869e-09
threshold=26.250000000000004 228.50000000000003 0.47716978822377293 0.00017466924250936398 0.00015967273393431957 0.00072308000000000008 97.166666666666671 98.166666666666671 0.79383249484937135 0.85226249403558707 282.29755514591278 95.166666666666671 -0.36648370705903521 94.500000000000014 0.22491561436810906 0.1294095225512602
decision_type=2 2 2 2 2 2 2 2 2 2 2 2 2 2 2 2
left_child=1 6 -3 -4 -5 -6 11 -8 10 -10 -9 13 -13 14 -1 -14
right_child=-2 2 3 4 5 -7 7 8 9 -11 -12 12 15 -15 -16 -17
leaf_value=-3.0744992459737673e-08 4.7492071608701281e-07 1.2310364476775251e-06 -8.1007455187434827e-07 8.9430494193666088e-07 -8.3055982203919927e-08 4.1675758064067941e-07 -1.7531426223262644e-06 6.2603824860765713e-08 -3.3777915624947737e-06 1.2824839067721294e-07 1.2177539917144844e-06 1.6271821959179535e-06 4.556249010725176e-07 -1.3007184045129042e-06 9.1943222292585181e-08 -5.1822432054893642e-07
leaf_weight=4392 32 20 22 26 224 114 39 228 30 105 49 24 22 23 1501 27
leaf_count=4392 32 20 22 26 224 114 39 228 30 105 49 24 22 23 1501 27
internal_value=6.2222e-16 -2.2199e-09 1.45214e-07 8.89537e-08 1.43291e-07 8.55202e-08 -1.15146e-08 -1.82476e-07 -3.37962e-08 -6.50872e-07 2.66944e-07 1.35954e-09 4.80604e-07 -4.55405e-09 5.04797e-10 -8.09859e-08
internal_weight=6878 6846 406 386 364 338 6440 451 412 135 277 5989 73 5916 5893 49
internal_count=6878 6846 406 386 364 338 6440 451 412 135 277 5989 73 5916 5893 49
is_linear=0
shrinkage=0.05


Tree=200
num_leaves=31
num_cat=0
split_feature=15 14 8 8 14 14 8 15 15 8 8 9 14 1 27 14 15 14 14 8 15 8 14 3 21 11 17 3 8 21
split_gain=3.03351e-09 7.64491e-09 2.77501e-08 1.95705e-08 8.5883e-09 1.8963e-08 1.66574e-08 7.41864e-09 5.43879e-08 9.77274e-08 2.11459e-08 3.02868e-08 3.59502e-08 9.88875e-09 6.57126e-09 1.81257e-08 6.14168e-08 3.6369e-08 1.26359e-08 3.54765e-08 1.46138e-08 5.62708e-09 6.4819e-09 3.68777e-09 2.39487e-09 3.62411e-09 2.62059e-09 2.35775e-09 6.90986e-09 3.32795e-09
threshold=0.9052873537896472 0.31799963745711152 250.03553974331544 276.97408129887862 0.25206111083856975 0.23537774960157334 233.17242719103459 0.61913436964878354 0.59175731018202693 230.71074127603376 239.78407604440201 -28.792096850209216 0.74443451080969758 124.35000000000001 47.500000000000007 0.88220160189607266 -0.16799793862756093 0.85226249403558707 0.8697513045430848 246.72101321124265 -0.73284120334876357 291.67647861439474 0.67167992559793654 24.150000000000002 263.50000000000006 14.418750000000001 0.8606240263575532 21.250000000000004 211.07666614949042 510.50000000000006
decision_type=2 2 2 2 2 2 2 2 2 2 2 2 2 2 2 2 2 2 2 2 2 2 2 2 2 2 2 2 2 2
left_child=7 4 -3 -4 5 24 -6 8 14 -10 23 21 13 -13 15 17 -17 -1 20 -20 -16 22 -12 27 25 -2 -26 29 -29 -9
right_child=1 2 3 -5 6 -7 -8 10 9 -11 11 12 -14 -15 18 16 -18 -19 19 -21 -22 -23 -24 -25 26 -27 -28 28 -30 -31
leaf_value=-4.7903931275597933e-09 -1.637727274541836e-07 2.0418542221344494e-08 -2.2232037049081617e-06 -1.9012114137240134e-07 -9.338494858586918e-08 -1.4772543221871125e-06 1.2670630944455752e-06 3.2914604635252503e-09 2.2133001767851317e-07 -4.3548671555981857e-06 3.4764047745070189e-08 1.274070740880522e-06 3.1085855448509393e-06 1.5445122435745651e-07 2.7021616812342807e-07 -8.6295054985049743e-07 8.5623786019646788e-08 1.1726409839304747e-06 -3.6095994693785555e-08 7.1678566554827061e-07 -1.2366739731230309e-07 -3.3249660243034838e-07 1.0785050811873157e-06 -6.8586690829198189e-07 -6.9118124470080032e-07 4.3647007974662329e-07 9.9621414802312952e-08 -1.1370072790212509e-07 8.5294077301757086e-07 -4.3710514285387335e-07
leaf_weight=3104 45 119 29 20 60 24 36 270 28 20 51 41 20 38 325 266 476 67 400 257 855 55 21 21 20 57 22 51 29 51
leaf_count=3104 45 119 29 20 60 24 36 270 28 20 51 41 20 38 325 266 476 67 400 257 855 55 21 21 20 57 22 51 29 51
internal_value=-1.14224e-15 -1.28267e-07 -3.91938e-07 -1.39337e-06 3.95233e-08 -1.76054e-07 4.16783e-07 8.59624e-09 -9.33603e-09 -1.68542e-06 1.69046e-07 5.59345e-07 1.21493e-06 7.3552e-07 4.65562e-09 -3.19679e-08 -2.54431e-07 2.00875e-08 8.26675e-08 2.5841e-07 -1.51825e-08 4.83013e-08 3.39189e-07 -3.99771e-08 4.0813e-08 1.71657e-07 -2.76951e-07 -6.15243e-09 2.36707e-07 -6.66781e-08
internal_weight=6878 432 168 49 264 168 96 6446 5798 48 648 226 99 79 5750 3913 742 3171 1837 657 1180 127 72 422 144 102 42 401 80 321
internal_count=6878 432 168 49 264 168 96 6446 5798 48 648 226 99 79 5750 3913 742 3171 1837 657 1180 127 72 422 144 102 42 401 80 321
is_linear=0
shrinkage=0.05


Tree=201
num_leaves=16
num_cat=0
split_feature=21 21 9 21 14 9 26 23 14 14 8 15 27 27 21
split_gain=3.05242e-09 9.03969e-09 9.32134e-09 8.65933e-09 5.88134e-09 1.01948e-08 4.00911e-09 5.56135e-09 3.65315e-09 2.55174e-08 5.3151e-08 1.25895e-08 1.18505e-08 3.28698e-08 1.50284e-08
threshold=956.50000000000011 942.50000000000011 69.524292059438622 932.50000000000011 0.92273069556937592 63.229319567834771 0.00072429492301114397 883.50000000000011 0.21862473630160603 0.25206111083856975 222.25121069428295 -0.93237865822738086 99.833333333333357 96.833333333333357 4.5000000000000009
decision_type=2 2 2 2 2 2 2 2 2 2 2 2 2 2 2
left_child=1 3 -3 8 5 -2 7 -7 12 10 -10 -11 13 -1 -14
right_child=4 2 -4 -5 -6 6 -8 -9 9 11 -12 -13 14 -15 -16
leaf_value=4.8286854036449661e-08 1.0585579543443158e-06 -1.4808563654306846e-06 8.8974534914346548e-09 8.2038892759150892e-07 -5.3492261201712608e-07 4.5615189337282081e-07 6.413674847343438e-07 -5.5834796544981404e-07 1.8074005060876288e-07 -4.9044028875860697e-07 -2.2895260030963985e-06 1.8250537283507295e-09 -1.3268310952567349e-07 -9.9854741120348588e-07 1.3008018231907845e-06
leaf_weight=2867 37 21 21 32 21 22 21 35 51 135 38 3426 33 77 41
leaf_count=2867 37 21 21 32 21 22 21 35 51 135 38 3426 33 77 41
internal_value=-6.04721e-17 -4.73081e-09 -7.35979e-07 -1.46868e-10 2.34523e-07 3.75031e-07 5.07933e-08 -1.66787e-07 -4.08465e-09 -3.77373e-08 -8.7398e-07 -1.68371e-08 3.66152e-08 2.0907e-08 6.61545e-07
internal_weight=6878 6742 42 6700 136 115 78 57 6668 3650 89 3561 3018 2944 74
internal_count=6878 6742 42 6700 136 115 78 57 6668 3650 89 3561 3018 2944 74
is_linear=0
shrinkage=0.05


Tree=202
num_leaves=13
num_cat=0
split_feature=14 14 4 27 8 14 12 27 14 14 12 5
split_gain=2.86195e-09 4.00346e-09 2.04681e-08 2.48155e-08 1.75599e-08 1.13265e-08 1.67561e-08 4.71633e-09 4.64711e-09 2.74881e-08 1.01886e-08 4.18859e-09
threshold=0.99995780822346225 0.99761913169647187 9.5000000000000018 82.500000000000014 265.67311376027436 0.9962888416657264 -0.25881904510252113 44.166666666666679 0.99466373373798567 0.99374995976406788 -0.25881904510252113 5.2500000000000009
decision_type=2 2 2 2 2 2 2 2 2 2 2 2
left_child=1 5 -3 4 7 8 -7 -4 9 11 -10 -1
right_child=-2 2 3 -5 -6 6 -8 -9 10 -11 -12 -13
leaf_value=9.5468229365881905e-08 -5.4505033896627235e-07 1.5041734219462594e-06 3.9236367450870251e-07 1.3340210749010087e-06 -1.3654562068647163e-06 -1.8748004771396153e-06 2.0084654333325199e-08 -3.6414347168021634e-07 1.3535027028410695e-06 -1.6912430616855546e-06 -1.2408655177027178e-07 -1.3444888567060277e-08
leaf_weight=1051 24 27 45 28 30 20 28 38 20 24 28 5515
leaf_count=1051 24 27 45 28 30 20 28 38 20 24 28 5515
internal_value=-2.76354e-16 1.90855e-09 2.42979e-07 1.47388e-09 -3.28715e-07 -4.14886e-09 -7.69451e-07 4.6011e-08 1.38511e-09 -2.18532e-09 4.91576e-07 3.98851e-09
internal_weight=6878 6854 168 141 113 6686 48 83 6638 6590 48 6566
internal_count=6878 6854 168 141 113 6686 48 83 6638 6590 48 6566
is_linear=0
shrinkage=0.05


Tree=203
num_leaves=26
num_cat=0
split_feature=3 17 14 12 22 13 11 12 14 12 14 20 27 14 12 17 26 27 21 21 20 27 12 17 13
split_gain=2.87342e-09 1.8185e-08 5.47007e-08 1.49089e-07 2.57283e-08 2.8976e-08 1.70194e-08 1.45954e-08 1.3623e-08 3.11751e-08 2.06003e-08 3.38885e-08 1.31633e-08 1.58021e-08 1.0552e-08 9.3461e-09 2.00841e-08 9.53669e-09 2.24982e-08 1.7223e-08 1.66326e-08 1.23885e-08 4.57366e-08 1.60562e-08 5.13587e-09
threshold=20.450000000000003 0.93216981107391106 0.90162119223771331 -0.70710678118654735 35.500000000000007 0.1294095225512602 20.853125000000002 -1.0000000180025095e-35 0.98522604642031408 -0.5 0.97875492728876534 0.00039146500000000007 9.1666666666666696 0.26866988313759588 -0.9159756150367534 0.9104700012423752 0.00014120942360721861 3.8333333333333335 192.50000000000003 86.500000000000014 1.1860000000000002e-05 26.833333333333339 -0.9159756150367534 0.90027933948235705 -0.3794095225512602
decision_type=2 2 2 2 2 2 2 2 2 2 2 2 2 2 2 2 2 2 2 2 2 2 2 2 2
left_child=1 15 4 -4 -3 24 7 -2 10 -10 12 -12 13 -8 -14 17 -17 18 19 -1 -20 22 -19 -23 -6
right_child=6 2 3 -5 5 -7 8 -9 9 -11 11 -13 14 -15 -16 16 -18 21 20 -21 -22 23 -24 -25 -26
leaf_value=-1.6182644266863666e-07 1.8437911251112382e-06 1.2090195729735405e-06 -5.123335859025247e-06 4.9389601704879841e-07 -1.2614497127681439e-07 -1.7112343683341655e-06 3.8237341327328067e-08 1.000267122464038e-07 2.2013586641749142e-06 -2.4537995180059132e-07 -1.9642131564289617e-06 5.6921836514592632e-07 -4.7720723794883535e-07 4.2715694923937587e-07 -4.2072996324896984e-08 1.8617853395852536e-06 -7.4187226336894014e-08 1.757696323455672e-06 -2.3331464819875694e-06 1.2989809789587526e-06 -4.5886751291257912e-07 -2.3799483949468697e-08 1.0006358979003272e-07 -1.3808772600689488e-06 7.7326989472767534e-07
leaf_weight=515 24 33 21 27 65 30 1282 24 23 30 33 22 164 328 926 21 37 44 20 21 29 2349 767 22 21
leaf_count=515 24 33 21 27 65 30 1282 24 23 30 33 22 164 328 926 21 37 44 20 21 29 2349 767 22 21
internal_value=1.22868e-16 -2.72331e-08 -4.95711e-07 -1.96364e-06 -2.28197e-08 -3.73257e-07 3.83513e-08 9.71909e-07 2.23931e-08 8.16412e-07 7.11795e-09 -9.50841e-07 2.66319e-08 1.17471e-07 -1.07543e-07 -3.10495e-09 6.26768e-07 -1.2803e-08 -1.98345e-07 -1.04593e-07 -1.22388e-06 2.13083e-08 1.89997e-07 -3.63915e-08 9.34796e-08
internal_weight=6878 4022 197 48 149 116 2856 48 2808 53 2755 55 2700 1610 1090 3825 58 3767 585 536 49 3182 811 2371 86
internal_count=6878 4022 197 48 149 116 2856 48 2808 53 2755 55 2700 1610 1090 3825 58 3767 585 536 49 3182 811 2371 86
is_linear=0
shrinkage=0.05


Tree=204
num_leaves=20
num_cat=0
split_feature=5 8 5 3 17 8 5 5 8 5 20 14 8 14 3 14 17 11 17
split_gain=2.83108e-09 9.57631e-09 3.12868e-09 2.95575e-09 1.91652e-08 5.49289e-08 1.00302e-07 1.12663e-08 2.30274e-08 4.73533e-08 1.82017e-08 1.26576e-08 1.18437e-07 3.85199e-08 1.0808e-08 1.98052e-08 1.1016e-08 5.46627e-09 4.27778e-10
threshold=1.2000000000000004 279.29218398119542 1.4500000000000002 20.050000000000004 0.93216981107391106 259.41841140483615 9.3500000000000032 6.3500000000000005 282.29755514591278 4.8500000000000005 2.3925000000000002e-05 0.91596454896554913 270.4320496296308 0.81925054981890411 19.750000000000004 -0.49157856216375384 0.9104700012423752 35.221875000000004 0.66714170868961498
decision_type=2 2 2 2 2 2 2 2 2 2 2 2 2 2 2 2 2 2 2
left_child=1 18 -2 4 14 17 -7 8 10 -10 -5 13 -13 -9 16 -16 -4 -6 -1
right_child=2 -3 3 7 5 6 -8 11 9 -11 -12 12 -14 -15 15 -17 -18 -19 -20
leaf_value=6.2333410703583631e-09 5.2155449331302145e-07 -1.0151184389134619e-06 2.40429986408453e-09 -5.9023619623798649e-07 2.7061457362652743e-07 -3.6623952752279368e-06 6.1360685622939106e-07 6.620387402280144e-10 -1.020020541183705e-07 2.0334020170764688e-06 2.9143781689124848e-07 8.7932480787957181e-08 -3.0819811827848972e-06 1.2000787558338123e-06 4.403281640359793e-07 -9.002219056863936e-07 7.8128646048570696e-07 -5.3147757879758369e-07 3.1836078726482379e-07
leaf_weight=23 29 29 3458 79 88 32 24 2242 54 50 226 221 34 69 41 84 46 28 21
leaf_count=23 29 29 3458 79 88 32 24 2242 54 50 226 221 34 69 41 84 46 28 21
internal_value=-6.07215e-16 -3.09719e-07 3.32248e-09 1.10455e-09 -2.81108e-08 -5.43822e-07 -1.82982e-06 3.84315e-08 2.82147e-07 9.24635e-07 6.30698e-08 -4.1487e-10 -3.34723e-07 3.64733e-08 -3.66821e-09 -4.60521e-07 1.26294e-08 7.70061e-08 1.55203e-07
internal_weight=6878 73 6805 6776 3801 172 56 2975 409 104 305 2566 255 2311 3629 125 3504 116 44
internal_count=6878 73 6805 6776 3801 172 56 2975 409 104 305 2566 255 2311 3629 125 3504 116 44
is_linear=0
shrinkage=0.05


Tree=205
num_leaves=25
num_cat=0
split_feature=14 12 14 8 15 3 15 21 14 12 8 0 3 19 11 11 11 19 14 26 27 5 12 5
split_gain=2.7771e-09 4.566e-09 3.10702e-09 1.95184e-08 2.9598e-08 3.52324e-08 2.14311e-08 1.74862e-08 1.59928e-08 3.24721e-08 8.98133e-09 1.26218e-08 8.54758e-09 4.94244e-09 2.81327e-08 4.22332e-08 1.92762e-08 1.85959e-08 1.99787e-08 1.0457e-08 1.60496e-09 1.44349e-09 1.89789e-09 6.10474e-10
threshold=-0.99985146406598202 -0.25881904510252113 -0.94139628442229062 255.6847745887824 0.26659387353423869 23.050000000000004 0.21652257995689161 814.50000000000011 -0.89832046920331654 -0.5 201.31954222287254 587.50000000000011 21.350000000000005 0.00018505000000000003 35.828125000000007 34.393750000000004 37.796875000000007 0.00019982000000000002 0.73865729060996166 6.7179256805556409e-05 0.50000000000000011 10.850000000000003 0.25881904510252091 8.2500000000000018
decision_type=2 2 2 2 2 2 2 2 2 2 2 2 2 2 2 2 2 2 2 2 2 2 2 2
left_child=1 -1 3 7 5 6 -5 10 9 12 20 -12 -4 14 15 -10 -16 18 -15 -19 -2 23 -23 -11
right_child=2 -3 8 4 -6 -7 -8 -9 13 21 11 -13 -14 17 16 -17 -18 19 -20 -21 -22 22 -24 -25
leaf_value=9.5599432683002325e-07 2.5985910814897906e-07 -3.3160844635306472e-08 2.2319411250464328e-06 -2.4666509973715078e-07 -2.0452712100485279e-06 -2.2328256309698363e-06 1.4293156276662127e-06 -9.9106977350592819e-07 2.4314041504546029e-08 1.225116477598931e-08 9.4815833451149602e-07 -1.7718880080326181e-07 8.9633562281407028e-07 -2.0999368107625068e-07 2.1453079486624793e-06 -2.2248639178693946e-06 4.7978134741104978e-07 8.8801435083496471e-07 -2.2369415893308546e-06 -5.1939091145521205e-08 1.3040547765937311e-09 5.994414112684527e-07 -6.5094774267829544e-08 -2.9544993720020545e-07
leaf_weight=20 70 28 25 208 26 21 21 37 3402 40 69 39 23 31 23 21 71 30 20 2162 421 21 22 27
leaf_count=20 70 28 25 208 26 21 21 37 3402 40 69 39 23 31 23 21 71 30 20 2162 421 21 22 27
internal_value=1.14832e-16 3.78987e-07 -2.66345e-09 -8.85691e-08 -4.397e-07 -2.7272e-07 -9.29725e-08 6.38084e-08 1.05751e-08 5.06857e-07 1.28968e-07 5.41783e-07 1.59196e-06 -3.03815e-09 3.39496e-08 1.05154e-08 8.87304e-07 -6.10346e-08 -1.00488e-06 -3.90748e-08 3.81653e-08 3.33553e-08 2.59446e-07 -1.11748e-07
internal_weight=6878 48 6830 912 276 250 229 636 5918 158 599 108 48 5760 3517 3423 94 2243 51 2192 491 110 43 67
internal_count=6878 48 6830 912 276 250 229 636 5918 158 599 108 48 5760 3517 3423 94 2243 51 2192 491 110 43 67
is_linear=0
shrinkage=0.05


Tree=206
num_leaves=25
num_cat=0
split_feature=14 14 8 7 14 12 3 5 12 14 8 14 14 4 14 23 8 12 12 3 14 8 15 3
split_gain=2.85779e-09 1.02603e-08 4.03795e-08 3.01869e-08 1.25992e-08 2.76413e-08 1.23587e-08 9.05545e-09 1.35785e-08 8.66656e-09 5.13544e-08 4.60418e-08 1.1606e-08 6.5476e-09 4.64269e-09 4.5786e-09 3.95883e-09 1.90544e-09 1.23267e-09 1.22276e-09 1.22247e-09 2.98362e-10 6.62015e-11 1.20318e-11
threshold=-0.99630266176052629 -0.9905448150984083 259.41841140483615 121.00076425000705 -0.98523971305672675 -0.70710678118654735 24.950000000000003 19.050000000000004 -0.60355339059327362 -0.95995996396290595 248.02962813885136 -0.96689237009891416 -0.95754239937548935 3.5000000000000004 -0.95244167294248061 788.50000000000011 150.58377819904746 -1.0000000180025095e-35 -0.25881904510252113 23.950000000000003 -0.99467753128998015 154.23346869777382 0.13185577213185923 18.850000000000005
decision_type=2 2 2 2 2 2 2 2 2 2 2 2 2 2 2 2 2 2 2 2 2 2 2 2
left_child=7 2 6 -4 5 -3 16 8 13 10 15 -12 -11 19 -14 -6 20 -7 -10 -1 -2 23 -19 -20
right_child=1 4 3 -5 9 17 -8 -9 18 12 11 -13 14 -15 -16 -17 -18 22 21 -21 -22 -23 -24 -25
leaf_value=1.5282699613245703e-06 -1.4767312293884062e-07 2.0411994422412743e-06 -3.1472125465370482e-06 -4.0008302558902643e-07 2.7503002936680576e-07 4.9659472040275426e-07 -9.8792357740811506e-07 -7.311768751208093e-07 3.1858598858931417e-07 1.1051308926350126e-06 -5.7775263005371217e-07 -3.0323856903464733e-06 -4.8635873559355065e-07 2.2194695598424611e-07 7.3380055225902101e-09 -5.2112644954860343e-07 9.8271406386629682e-07 -2.1260330945311198e-08 8.3972003953444345e-12 9.8199859962733164e-07 3.2549006729370874e-07 -2.0867743745611735e-07 -1.3409235633660571e-07 -3.5393745509030141e-08
leaf_weight=21 20 24 20 20 186 20 21 25 27 24 81 25 48 24 6014 20 20 26 56 20 43 25 26 42
leaf_count=21 20 24 20 20 186 20 21 25 27 24 81 25 48 24 6014 20 20 26 56 20 43 25 26 42
internal_value=-3.84171e-17 -6.12832e-09 -4.23579e-07 -1.77365e-06 3.12837e-09 5.71682e-07 9.56779e-08 1.69499e-07 2.74229e-07 -5.4026e-09 -2.62418e-07 -1.15668e-06 7.77336e-09 8.77852e-07 3.42883e-09 1.97733e-07 3.69842e-07 8.18434e-08 1.26588e-08 1.2618e-06 1.7528e-07 -5.4496e-08 -7.76763e-08 -1.51639e-08
internal_weight=6878 6638 144 40 6494 96 104 240 215 6398 312 106 6086 65 6062 206 83 72 150 41 63 123 52 98
internal_count=6878 6638 144 40 6494 96 104 240 215 6398 312 106 6086 65 6062 206 83 72 150 41 63 123 52 98
is_linear=0
shrinkage=0.05


Tree=207
num_leaves=23
num_cat=0
split_feature=3 14 13 15 24 6 9 6 3 1 3 6 19 15 14 14 14 6 5 14 5 24
split_gain=2.7764e-09 1.98797e-08 1.43172e-08 7.09178e-09 5.04166e-09 1.75071e-08 2.82324e-08 1.2064e-08 1.0476e-08 1.27096e-08 1.50314e-08 1.20361e-08 1.04383e-08 8.84635e-09 2.55088e-08 2.43719e-08 9.76235e-09 8.7774e-09 7.80313e-09 7.673e-09 6.88859e-10 4.10823e-10
threshold=32.250000000000007 -0.73354686966117377 -0.78656609248549325 -0.92272482904738262 0.00040878266867976391 0.00029693500000000007 24.511936945529637 0.00035712500000000007 24.350000000000005 803.95000000000016 24.250000000000004 0.00024357 0.00034264000000000001 -0.16799793862756093 0.97875492728876534 -0.99467753128998015 -0.049434980436038223 0.00038342000000000004 26.250000000000004 0.93237596376505805 11.750000000000002 0.00070347241682268923
decision_type=2 2 2 2 2 2 2 2 2 2 2 2 2 2 2 2 2 2 2 2 2 2
left_child=4 -2 20 -4 8 6 -6 12 9 10 18 -11 -7 14 16 -15 -10 -9 -1 -19 -3 -22
right_child=1 2 3 -5 5 7 -8 17 13 11 -12 -13 -14 15 -16 -17 -18 19 -20 -21 21 -23
leaf_value=-1.3494003831775474e-08 -1.0565319323282333e-06 -1.5219483150354017e-07 3.7685854191625947e-07 1.5357981701733729e-06 1.0395265874763028e-07 1.4343659703683899e-06 -1.9823653619049025e-06 -9.5566126765740092e-07 1.2829269930742941e-07 1.7461367517057624e-06 -1.2633731588588642e-06 5.1365002853096735e-08 -2.5480867578882756e-08 -4.6113851370422316e-07 -1.4729207459427215e-06 1.7597633624670077e-06 6.9892571725884554e-07 -1.3050582428491525e-08 8.9039397816274377e-07 -3.8709642579133753e-07 -2.022929153481941e-09 3.0715653688654734e-07
leaf_weight=4659 26 34 22 33 34 25 31 28 425 20 24 22 24 21 23 30 91 1082 24 157 22 21
leaf_count=4659 26 34 22 33 34 25 31 28 425 20 24 22 24 21 23 30 91 1082 24 157 22 21
internal_value=-3.98726e-16 2.07174e-07 4.56086e-07 1.07222e-06 -4.87107e-09 -9.00251e-08 -8.91061e-07 -5.04603e-08 1.71551e-08 -7.53154e-09 -1.52581e-08 8.58399e-07 7.19339e-07 2.15862e-07 1.56307e-07 8.45274e-07 2.28928e-07 -8.02316e-08 -8.86165e-09 -6.04478e-08 1.59891e-08 1.48972e-07
internal_weight=6878 158 132 55 6720 1381 65 1316 5339 4749 4707 42 49 590 539 51 516 1267 4683 1239 77 43
internal_count=6878 158 132 55 6720 1381 65 1316 5339 4749 4707 42 49 590 539 51 516 1267 4683 1239 77 43
is_linear=0
shrinkage=0.05


Tree=208
num_leaves=23
num_cat=0
split_feature=8 15 17 8 15 15 27 15 3 11 8 9 9 4 27 3 15 15 3 27 3 7
split_gain=2.64256e-09 4.83849e-09 2.46855e-08 5.00273e-09 3.05195e-08 1.10766e-07 1.34737e-07 7.76068e-08 7.09357e-08 4.45577e-08 1.90054e-08 1.75704e-08 3.58617e-09 3.78505e-09 4.11572e-09 3.06956e-09 3.05188e-09 3.45748e-09 2.13883e-09 8.60315e-10 5.66375e-10 3.70831e-10
threshold=339.47302831309213 -0.99983123799342477 0.75862714484091576 263.47423577758337 0.21652257995689161 0.28313308994381586 46.500000000000007 0.04621408538533487 13.850000000000003 13.703125000000002 262.77088913376446 -28.792096850209216 -41.059870901485169 44.500000000000007 25.833333333333339 15.15 0.98929220549296726 0.96901616890815878 17.950000000000003 8.5000000000000018 13.350000000000003 139.77809670501622
decision_type=2 2 2 2 2 2 2 2 2 2 2 2 2 2 2 2 2 2 2 2 2 2
left_child=1 2 -1 10 7 6 -6 8 -5 -9 16 -7 15 14 19 20 17 -3 -17 -14 -2 -20
right_child=12 3 -4 4 5 11 -8 9 -10 -11 -12 -13 13 -15 -16 18 -18 -19 21 -21 -22 -23
leaf_value=-1.5974302035222838e-06 7.230882186828805e-08 -6.6060713986350736e-09 7.8103574736587693e-07 1.8447628787560626e-06 5.057424760303143e-06 -3.9115635547457415e-08 -3.5716414402031662e-07 -2.6429348338297134e-06 1.488521647525967e-08 -5.9066153295427147e-07 -1.3415675366727724e-06 8.5099410851816637e-07 1.9399569804163014e-07 -3.84113914784414e-07 8.5305813399827459e-07 -9.0709490384218358e-07 6.0520442783484902e-07 -2.7861296419554966e-07 -2.5725454678174691e-07 -2.0194736111000606e-07 -2.0826912041067252e-07 -5.0705339074141873e-07
leaf_weight=24 37 4417 20 55 27 253 20 38 1429 87 27 71 34 33 21 24 20 120 39 23 35 24
leaf_count=24 37 4417 20 55 27 253 20 38 1429 87 27 71 34 33 21 24 20 120 39 23 35 24
internal_value=-5.67965e-16 6.26467e-09 -5.16309e-07 9.7676e-09 7.61845e-08 4.84991e-07 2.75334e-06 -1.80772e-08 8.27041e-08 -1.21455e-06 -1.89203e-08 1.55939e-07 -1.53322e-07 6.47705e-08 2.54683e-07 -3.05575e-07 -1.10837e-08 -1.38004e-08 -5.05431e-07 3.42292e-08 -6.40832e-08 -3.52416e-07
internal_weight=6878 6608 44 6564 1980 371 47 1609 1484 125 4584 324 270 111 78 159 4557 4537 87 57 72 63
internal_count=6878 6608 44 6564 1980 371 47 1609 1484 125 4584 324 270 111 78 159 4557 4537 87 57 72 63
is_linear=0
shrinkage=0.05


Tree=209
num_leaves=23
num_cat=0
split_feature=14 14 27 21 3 14 12 5 12 14 14 12 15 14 15 5 12 9 12 12 15 14
split_gain=2.70728e-09 9.12223e-09 4.01768e-08 2.42672e-08 1.69271e-08 1.15696e-08 2.50698e-08 7.97271e-09 1.23255e-08 7.68405e-09 4.79442e-08 1.01416e-07 2.06502e-08 1.04551e-08 6.06262e-09 4.49633e-09 1.74837e-09 1.43153e-09 1.11643e-09 2.52685e-10 5.71788e-11 1.07355e-11
threshold=-0.99630266176052629 -0.9905448150984083 0.50000000000000011 182.50000000000003 18.050000000000004 -0.98523971305672675 -0.70710678118654735 19.050000000000004 -0.60355339059327362 -0.95995996396290595 -0.96463499255812291 -0.25881904510252113 0.2332836900311728 -0.95754239937548935 1.0000000180025095e-35 3.9500000000000006 -1.0000000180025095e-35 -40.631141452362918 -0.25881904510252113 0.12940952255126045 0.13185577213185923 -0.99985146406598202
decision_type=2 2 2 2 2 2 2 2 2 2 2 2 2 2 2 2 2 2 2 2 2 2
left_child=7 2 -2 4 17 6 -3 8 14 10 12 -12 -7 -11 -1 -15 -8 -4 -10 -20 -18 -21
right_child=1 5 3 -5 -6 9 16 -9 18 13 11 -13 -14 15 -16 -17 20 -19 19 21 -22 -23
leaf_value=3.9127929052743382e-07 -1.846147367561773e-06 1.9470851318222533e-06 -1.0080087562869267e-07 1.1208395362301244e-06 -1.360983561096892e-06 -1.9159208234282774e-07 4.7838453440363085e-07 -6.8014118551218416e-07 3.0518068654230404e-07 1.0485222522523449e-06 -4.4203768840134217e-06 2.4139377588891116e-07 9.5494153621681721e-07 -1.3668311738930572e-07 1.3599188196167235e-06 1.6158977347138314e-08 -1.9278379672125717e-08 4.9026674187892971e-07 -1.8829769285680152e-07 1.7940073216881172e-08 -1.2413978101204311e-07 -2.1781308144971e-08
leaf_weight=35 36 24 20 37 30 216 20 25 27 24 20 28 48 527 30 5535 26 21 26 22 26 75
leaf_count=35 36 24 20 37 30 216 20 25 27 24 20 28 48 527 30 5535 26 21 26 22 26 75
internal_value=-1.2415e-15 -5.96475e-09 -3.99584e-07 8.26031e-08 -4.5845e-07 2.76349e-09 5.47592e-07 1.64975e-07 2.63244e-07 -5.41149e-09 -2.47421e-07 -1.70101e-06 1.68686e-08 6.99515e-09 8.38344e-07 2.87165e-09 8.10947e-08 2.01941e-07 1.40348e-08 -4.98753e-08 -7.17091e-08 -1.27723e-08
internal_weight=6878 6638 144 108 71 6494 96 240 215 6398 312 48 264 6086 65 6062 72 41 150 123 52 97
internal_count=6878 6638 144 108 71 6494 96 240 215 6398 312 48 264 6086 65 6062 72 41 150 123 52 97
is_linear=0
shrinkage=0.05


Tree=210
num_leaves=27
num_cat=0
split_feature=25 22 22 22 24 4 7 21 11 14 21 4 25 23 24 18 22 25 5 20 20 17 6 23 7 25
split_gain=2.72169e-09 2.79489e-08 4.89145e-08 2.5775e-08 5.13409e-08 2.57142e-08 3.50742e-08 2.56506e-08 5.25776e-08 5.48495e-08 3.94695e-08 3.16849e-08 1.50077e-08 2.94324e-08 1.32589e-08 1.25759e-08 1.1847e-08 8.42735e-09 1.76743e-08 9.02883e-09 1.92585e-08 7.77055e-09 5.6708e-09 3.95991e-09 4.90986e-09 2.72665e-09
threshold=0.00012594113899328579 289.50000000000006 370.50000000000006 213.50000000000003 0.0001971394504594226 3.5000000000000004 55.886549876404054 238.50000000000003 24.503125000000004 0.79383249484937135 218.50000000000003 44.500000000000007 0.00015042491163533243 366.50000000000006 0.00025774664948453613 0.00029693500000000007 99.500000000000014 0.00016970745751834578 14.450000000000001 8.8965000000000013e-05 0.00011138500000000002 0.96795305693452172 0.00046218000000000002 394.50000000000006 70.839162558645725 0.00013759838525218744
decision_type=2 2 2 2 2 2 2 2 2 2 2 2 2 2 2 2 2 2 2 2 2 2 2 2 2 2
left_child=1 3 14 7 -5 -4 22 10 11 -10 16 -9 13 25 -3 -6 -1 18 23 -19 -21 -22 -7 24 -14 -2
right_child=12 2 5 4 15 6 -8 8 9 -11 -12 -13 17 -15 -16 -17 -18 19 -20 20 21 -23 -24 -25 -26 -27
leaf_value=-5.1560928086456138e-09 3.8335619133533782e-07 3.0943040968622882e-06 1.3596281219414434e-06 -2.5212894463303809e-06 8.5991533806096558e-07 8.5360616686522499e-07 -2.0606219140028129e-06 7.2813164291483918e-07 3.403345497107272e-07 -2.2727709250602858e-06 -1.7351300305728562e-06 2.5876150952323469e-06 9.1712699166635049e-07 -1.9525900228719215e-06 1.2954717306001841e-06 -7.6436683645976124e-07 1.158611579557797e-06 7.2064179298591534e-07 1.7721681676796664e-06 -1.4268333435438764e-06 -8.3951244549858234e-08 1.1920596317253493e-07 -2.6626805535556738e-07 -4.9346898590231705e-07 -1.5404635792285026e-07 -3.2918899099954048e-07
leaf_weight=3653 25 20 29 30 26 26 22 63 123 24 33 36 20 30 21 22 22 39 20 25 1844 632 20 21 23 29
leaf_count=3653 25 20 29 30 26 26 22 63 123 24 33 36 20 30 21 22 22 39 20 25 1844 632 20 21 23 29
internal_value=-1.64069e-15 2.53463e-08 7.25036e-07 1.39858e-09 -8.98679e-07 1.1303e-07 -4.18607e-07 1.91543e-08 5.13582e-07 -8.62949e-08 -1.36475e-08 1.40431e-06 -3.90303e-08 -6.96908e-07 2.17295e-06 1.15453e-07 1.81068e-09 -1.79702e-08 4.74762e-07 -3.42652e-08 -4.60371e-08 -3.20953e-08 3.66704e-07 6.93223e-08 3.44174e-07 6.93038e-10
internal_weight=6878 4170 138 4032 78 97 68 3954 246 147 3708 99 2708 84 41 48 3675 2624 84 2540 2501 2476 46 64 43 54
internal_count=6878 4170 138 4032 78 97 68 3954 246 147 3708 99 2708 84 41 48 3675 2624 84 2540 2501 2476 46 64 43 54
is_linear=0
shrinkage=0.05


Tree=211
num_leaves=31
num_cat=0
split_feature=15 14 8 8 21 12 5 27 15 15 12 12 14 21 5 27 4 8 15 14 12 15 5 27 8 8 12 8 23 0
split_gain=2.61475e-09 7.6997e-09 2.43037e-08 1.76815e-08 7.94713e-09 1.12351e-08 2.34119e-08 1.10701e-08 6.58423e-09 4.89672e-08 9.05186e-08 1.93925e-08 5.77862e-08 1.73191e-08 1.65619e-08 6.14484e-09 1.74049e-08 3.12796e-08 1.64418e-08 1.17123e-08 3.5914e-08 1.39304e-08 3.63869e-09 2.92158e-09 1.86148e-09 2.17134e-09 1.3697e-09 1.31399e-09 9.91272e-10 3.70261e-09
threshold=0.9052873537896472 0.31799963745711152 250.03553974331544 276.97408129887862 238.50000000000003 -0.37940952255126065 7.8500000000000005 94.500000000000014 0.61913436964878354 0.59175731018202693 -0.25881904510252113 -0.5 0.74443451080969758 445.50000000000006 7.4500000000000011 47.500000000000007 36.500000000000007 284.39925620700222 0.42957308670649791 0.8697513045430848 -0.5 -0.73284120334876357 13.750000000000002 9.8333333333333339 291.67647861439474 279.29218398119542 1.0000000180025095e-35 183.93496850054598 331.50000000000006 128.50000000000003
decision_type=2 2 2 2 2 2 2 2 2 2 2 2 2 2 2 2 2 2 2 2 2 2 2 2 2 2 2 2 2 2
left_child=8 4 28 -4 5 6 -2 23 9 15 -11 12 13 14 -10 16 18 -18 -1 21 -21 -17 -15 -6 25 27 -7 -13 29 -3
right_child=1 2 3 -5 7 26 -8 -9 11 10 -12 24 -14 22 -16 19 17 -19 -20 20 -22 -23 -24 -25 -26 -27 -28 -29 -30 -31
leaf_value=1.7583917532558983e-08 -2.6741569913808592e-07 -1.2200873776119036e-07 -2.1096523182912844e-06 -1.7717633951974676e-07 -4.2368786495217143e-07 -3.647996733620444e-07 1.9430070506132326e-06 -1.3919188126010341e-06 1.9960042763671713e-07 -4.1683857159569022e-06 2.3579877306596179e-07 6.3723756736033669e-10 2.5070154464401643e-06 -1.841821515765642e-07 1.523815265527722e-06 2.6424079574178123e-07 -5.284589669510863e-08 -9.6360574435559783e-07 -1.1210575713183068e-06 7.8088036382017897e-07 -7.9362169114319673e-09 -1.2032230241986324e-07 -9.7584205983973029e-07 3.0278951354813996e-07 -3.0600986551347504e-07 4.462583009311717e-07 6.4929804905852718e-08 -3.6241227555756777e-07 -2.1691716472421123e-07 6.0590362301127243e-07
leaf_weight=3429 23 58 29 20 25 22 25 20 83 20 28 324 32 47 33 325 318 134 32 214 443 855 21 31 55 26 118 27 36 25
leaf_count=3429 23 58 29 20 25 22 25 20 83 20 28 324 32 47 33 325 318 134 32 214 443 855 21 31 55 26 118 27 36 25
internal_value=4.74912e-17 -1.19085e-07 -3.83699e-07 -1.32089e-06 4.93055e-08 2.23727e-07 8.83846e-07 -3.82159e-07 7.98088e-09 -8.91286e-09 -1.59928e-06 1.59138e-07 5.45963e-07 2.0491e-07 5.76317e-07 4.36323e-09 -3.10521e-08 -3.2285e-07 7.05617e-09 7.98015e-08 2.48999e-07 -1.44045e-08 -4.28665e-07 -2.15307e-08 -3.42743e-08 5.36883e-09 -2.59911e-09 -2.72896e-08 2.20223e-09 9.7242e-08
internal_weight=6878 432 168 49 264 188 48 76 6446 5798 48 648 216 184 116 5750 3913 452 3461 1837 657 1180 68 56 432 377 140 351 119 83
internal_count=6878 432 168 49 264 188 48 76 6446 5798 48 648 216 184 116 5750 3913 452 3461 1837 657 1180 68 56 432 377 140 351 119 83
is_linear=0
shrinkage=0.05


Tree=212
num_leaves=13
num_cat=0
split_feature=14 14 4 27 8 14 8 20 14 14 8 14
split_gain=2.56095e-09 3.54187e-09 1.78484e-08 1.90341e-08 1.22691e-08 1.00639e-08 1.5259e-08 4.54646e-09 4.1513e-09 2.18067e-08 6.04457e-09 4.14036e-09
threshold=0.99995780822346225 0.99761913169647187 6.5000000000000009 82.500000000000014 265.67311376027436 0.9962888416657264 236.497761277433 0.00020854500000000003 0.99466373373798567 0.99374995976406788 201.31954222287254 0.96465729447553372
decision_type=2 2 2 2 2 2 2 2 2 2 2 2
left_child=1 5 -3 4 7 8 -7 -4 9 11 -10 -1
right_child=-2 2 3 -5 -6 6 -8 -9 10 -11 -12 -13
leaf_value=-7.0881684085498491e-09 -5.155919078940012e-07 1.5920798687608069e-06 -2.6011911089899681e-07 1.20669408917148e-06 -1.0793405930797917e-06 6.0933143143494644e-08 -1.7361241591948958e-06 4.6667796851533716e-07 -9.646174006228137e-08 -1.5064640367749387e-06 1.025717382200734e-06 1.530613715143107e-07
leaf_weight=6134 24 21 48 28 32 27 21 39 24 24 24 432
leaf_count=6134 24 21 48 28 32 27 21 39 24 24 24 432
internal_value=5.74056e-16 1.8054e-09 2.28553e-07 3.37637e-08 -2.4222e-07 -3.89212e-09 -7.25279e-07 6.56865e-08 1.3243e-09 -2.0503e-09 4.64628e-07 3.44863e-09
internal_weight=6878 6854 168 147 119 6686 48 87 6638 6590 48 6566
internal_count=6878 6854 168 147 119 6686 48 87 6638 6590 48 6566
is_linear=0
shrinkage=0.05


Tree=213
num_leaves=17
num_cat=0
split_feature=5 2 17 26 25 9 27 27 5 5 8 27 15 27 23 9
split_gain=2.54903e-09 2.97639e-09 8.21186e-09 7.10906e-09 5.18991e-09 5.90706e-09 4.89733e-09 3.4688e-08 2.19094e-08 3.64123e-08 2.00874e-08 6.22196e-09 1.65094e-08 1.37018e-08 6.24781e-09 2.87122e-09
threshold=27.900000000000002 228.50000000000003 0.47716978822377293 0.00017466924250936398 0.00015967273393431957 63.728920748822048 97.166666666666671 98.166666666666671 11.050000000000002 5.7500000000000009 255.6847745887824 95.166666666666671 -0.36648370705903521 94.500000000000014 183.50000000000003 -20.054208167356364
decision_type=2 2 2 2 2 2 2 2 2 2 2 2 2 2 2 2
left_child=1 6 -3 -4 -5 -6 11 -8 9 -9 -10 13 -13 14 -1 -14
right_child=-2 2 3 4 5 -7 7 8 10 -11 -12 12 15 -15 -16 -17
leaf_value=4.1144872966002484e-08 5.2549193261928966e-07 1.1171058758918663e-06 -7.9478517446576997e-07 8.1150350092356732e-07 -1.025023720756604e-07 3.1771441451841611e-07 -1.5941971931181634e-06 -4.9898586371810445e-07 -1.0415706891323119e-07 7.2021454716924633e-07 -1.317514586451036e-06 1.5350809431306327e-06 -5.2643993399215104e-07 -1.2217732498366667e-06 -6.4947118734380845e-08 2.5229122608368081e-07
leaf_weight=3666 23 20 22 26 194 147 39 100 103 158 51 24 20 23 2233 29
leaf_count=3666 23 20 22 26 194 147 39 100 103 158 51 24 20 23 2233 29
internal_value=5.41728e-17 -1.76314e-09 1.29033e-07 7.82323e-08 1.30566e-07 7.86468e-08 -1.00622e-08 -1.68957e-07 -3.4044e-08 2.47656e-07 -5.05983e-07 1.89141e-09 4.60679e-07 -3.76403e-09 9.84945e-10 -6.55582e-08
internal_weight=6878 6855 409 389 367 341 6446 451 412 258 154 5995 73 5922 5899 49
internal_count=6878 6855 409 389 367 341 6446 451 412 258 154 5995 73 5922 5899 49
is_linear=0
shrinkage=0.05


Tree=214
num_leaves=23
num_cat=0
split_feature=14 14 27 8 21 14 8 11 5 12 14 8 8 14 4 5 23 15 12 11 8 14
split_gain=2.50097e-09 8.0271e-09 3.66425e-08 1.08113e-07 1.44557e-08 1.07969e-08 2.43792e-08 8.58343e-09 7.32024e-09 1.12288e-08 6.57008e-09 4.42253e-08 3.87576e-08 9.34279e-09 5.71219e-09 4.01496e-09 3.83503e-09 2.12273e-09 1.01992e-09 9.16236e-10 2.48656e-10 8.71976e-12
threshold=-0.99630266176052629 -0.9905448150984083 0.83333333333333337 208.74077742930891 182.50000000000003 -0.98523971305672675 257.47764452810685 18.012500000000003 19.050000000000004 -0.60355339059327362 -0.95995996396290595 248.02962813885136 263.47423577758337 -0.95754239937548935 3.5000000000000004 3.9500000000000006 788.50000000000011 0.13185577213185923 -0.25881904510252113 34.065625000000004 154.23346869777382 -0.99985146406598202
decision_type=2 2 2 2 2 2 2 2 2 2 2 2 2 2 2 2 2 2 2 2 2 2
left_child=8 2 3 -2 7 6 17 -4 9 14 11 16 -13 -12 19 -15 -7 -3 -11 -1 21 -20
right_child=1 5 4 -5 -6 10 -8 -9 -10 18 13 12 -14 15 -16 -17 -18 -19 20 -21 -22 -23
leaf_value=1.4024592064743047e-06 8.6651801298319794e-07 -2.6187717910003734e-07 2.1516992913514143e-07 -4.2700958601926685e-06 9.9095113979053693e-07 2.6853849000889821e-07 1.7704834655367968e-06 -8.9947449673159532e-07 -6.5123254194077164e-07 2.9314122358485934e-07 9.9059486918425445e-07 -2.875319161988876e-06 -5.557978013312315e-07 -1.2974148861517236e-07 1.8900884531565984e-07 1.468744646604042e-08 -4.6010788430805864e-07 2.9684102139986424e-07 1.740515736385491e-08 9.2959011172275678e-07 -1.8697593125693856e-07 -1.8339995976861184e-08
leaf_weight=20 21 34 39 20 33 186 28 31 25 27 24 23 83 527 24 5535 20 34 22 21 25 76
leaf_count=20 21 34 39 20 33 186 28 31 25 27 24 23 83 527 24 5535 20 34 22 21 25 76
internal_value=1.41023e-15 -5.73297e-09 -3.7497e-07 -1.63915e-06 1.28246e-07 2.45462e-09 5.28774e-07 -2.78458e-07 1.58564e-07 2.52727e-07 -5.44264e-09 -2.29223e-07 -1.05909e-06 6.0295e-09 8.01643e-07 2.13152e-09 1.97796e-07 1.74819e-08 1.48633e-08 1.16026e-06 -4.62222e-08 -1.03156e-08
internal_weight=6878 6638 144 41 103 6494 96 70 240 215 6398 312 106 6086 65 6062 206 68 150 41 123 98
internal_count=6878 6638 144 41 103 6494 96 70 240 215 6398 312 106 6086 65 6062 206 68 150 41 123 98
is_linear=0
shrinkage=0.05


Tree=215
num_leaves=31
num_cat=0
split_feature=15 8 9 15 15 8 12 15 11 15 27 4 12 15 12 11 17 1 8 8 23 8 15 21 5 8 8 8 27 15
split_gain=2.46836e-09 8.17222e-09 2.31641e-08 5.64342e-09 4.40897e-08 8.17751e-08 1.69175e-08 5.29155e-08 2.21731e-08 1.49391e-08 5.60217e-09 1.55365e-08 2.97506e-08 1.49327e-08 9.77404e-09 3.43885e-08 4.69181e-09 1.32005e-08 6.48375e-09 4.39575e-09 4.31085e-09 3.81278e-09 2.66978e-09 2.35214e-09 2.29948e-09 1.78897e-09 2.0095e-09 1.29645e-09 7.65119e-10 1.71103e-10
threshold=0.91245913578114801 256.53320538400237 -45.634082209001939 0.61913436964878354 0.59175731018202693 230.71074127603376 -0.5 0.67165857384232497 27.628125000000004 0.73281578960684157 47.500000000000007 36.500000000000007 -0.5 0.42957308670649791 -0.25881904510252113 16.512500000000003 0.56018107567434872 278.60000000000008 233.17242719103459 276.26012101658677 380.00000000000006 291.67647861439474 0.93234632485081093 445.50000000000006 24.550000000000004 291.67647861439474 278.79558407676467 183.93496850054598 3.1666666666666674 0.96901616890815878
decision_type=2 2 2 2 2 2 2 2 2 2 2 2 2 2 2 2 2 2 2 2 2 2 2 2 2 2 2 2 2 2
left_child=3 16 19 4 10 -6 7 -5 9 -9 11 13 -13 -1 15 -12 18 -18 29 -3 -10 -21 -19 -24 -16 26 27 -8 -27 -2
right_child=1 2 -4 6 5 -7 25 8 20 -11 14 12 -14 -15 24 -17 17 22 -20 21 -22 -23 23 -25 -26 28 -28 -29 -30 -31
leaf_value=1.6444097413530183e-08 -1.1128421768813457e-08 5.9691147682661678e-07 -1.7033522312729097e-06 2.3818797757257929e-06 2.2674039890170839e-07 -3.9593354906486419e-06 1.8105224414276587e-09 1.7511197266566858e-06 -1.1257712768042439e-06 3.323709638551146e-07 8.4861013866786584e-07 -8.667999867338584e-07 -1.2239353539944729e-08 -1.0686852821351068e-06 -6.4654084730635382e-09 3.042780052436576e-08 -1.3020661545288419e-06 4.5029350570320485e-07 8.3830965422748707e-07 -7.6320823784012007e-07 -2.6426238360847562e-07 2.0141607024015684e-07 1.2787520923458995e-07 -3.4561861084027985e-07 -5.2276867822084487e-07 -5.2545206798981778e-07 4.2163482958214985e-07 -3.5230840375837558e-07 -1.4915877386556533e-07 1.0537503642149987e-07
leaf_weight=3429 80 21 29 32 28 20 336 23 20 96 167 155 297 32 1092 556 23 26 31 21 53 20 51 54 22 22 27 28 35 52
leaf_count=3429 80 21 29 32 28 20 336 23 20 96 167 155 297 32 1092 556 23 26 31 21 53 20 51 54 22 22 27 28 35 52
internal_value=-3.82223e-16 -1.19279e-07 -5.36935e-07 7.52179e-09 -8.37592e-09 -1.51746e-06 1.44687e-07 4.99474e-07 1.8574e-07 6.06583e-07 4.22164e-09 -2.95937e-08 -3.05286e-07 6.41112e-09 7.62518e-08 2.19413e-07 6.15671e-10 -1.97284e-07 1.87588e-07 8.6466e-09 -5.00292e-07 -2.9266e-07 -3.31403e-09 -1.15636e-07 -1.66617e-08 -3.27068e-08 5.44205e-09 -2.54294e-08 -2.94395e-07 3.47669e-08
internal_weight=6878 408 91 6470 5798 48 672 224 192 119 5750 3913 452 3461 1837 723 317 154 163 62 73 41 131 105 1114 448 391 364 57 132
internal_count=6878 408 91 6470 5798 48 672 224 192 119 5750 3913 452 3461 1837 723 317 154 163 62 73 41 131 105 1114 448 391 364 57 132
is_linear=0
shrinkage=0.05


Tree=216
num_leaves=27
num_cat=0
split_feature=3 14 13 15 24 6 17 19 23 6 23 3 1 3 15 14 15 14 3 17 17 18 11 20 2 23
split_gain=2.54217e-09 1.77547e-08 1.31087e-08 6.32571e-09 4.10135e-09 1.62556e-08 2.82083e-08 1.07276e-08 1.97658e-08 1.01789e-08 1.9276e-08 9.22169e-09 1.13253e-08 1.32303e-08 1.1645e-08 8.19691e-09 2.22139e-08 2.57964e-08 1.47855e-08 1.37229e-08 7.44057e-09 6.01937e-09 5.16657e-09 3.67871e-09 3.80752e-10 3.81864e-10
threshold=32.250000000000007 -0.73354686966117377 -0.78656609248549325 -0.92272482904738262 0.00040878266867976391 0.00029360500000000001 0.95742942756432703 0.00033540500000000005 603.50000000000011 0.00059782500000000018 761.50000000000011 24.350000000000005 803.95000000000016 24.250000000000004 0.27487873330147788 -0.74512825849743647 -0.16799793862756093 0.97875492728876534 28.150000000000002 0.96018585451310645 0.93071411690322869 0.00057659500000000017 40.078125000000007 0.00027754 171.50000000000003 944.50000000000011
decision_type=2 2 2 2 2 2 2 2 2 2 2 2 2 2 2 2 2 2 2 2 2 2 2 2 2 2
left_child=4 -2 24 -4 11 6 -6 8 -7 10 -9 12 13 20 -14 18 17 -17 19 -13 -1 -10 -8 -11 -3 -26
right_child=1 2 3 -5 5 7 22 9 21 23 -12 15 14 -15 -16 16 -18 -19 -20 -21 -22 -23 -24 -25 25 -27
leaf_value=6.9439387489539072e-09 -9.9601528387001267e-07 1.5152829367555873e-07 3.6630120803238242e-07 1.460856162955276e-06 -2.261345278992374e-06 1.3672915032829397e-06 5.0443613261563771e-07 -1.0845554602041108e-07 -6.3391399995564548e-07 -4.0858086477067233e-07 -9.2131840895328957e-07 4.1759736310585243e-07 1.6826496150201821e-06 -1.186204431509926e-06 1.5642652603534399e-08 3.2028377133098133e-07 1.9332825689843959e-06 -1.4005434069297924e-06 -1.1182294555448871e-06 -1.0080974108394089e-06 -2.5454627752183038e-07 2.6985847140953616e-07 -6.3206870748899756e-07 4.8020539731693006e-08 6.3051734988661676e-08 -2.2205265123454373e-07
leaf_weight=4393 26 30 22 33 23 37 20 338 27 47 93 86 20 24 22 410 20 23 30 21 290 58 20 718 24 23
leaf_count=4393 26 30 22 33 23 37 20 338 27 47 93 86 20 24 22 410 20 23 30 21 290 58 20 718 24 23
internal_value=-2.42174e-16 1.98243e-07 4.33475e-07 1.02303e-06 -4.66107e-09 -8.14648e-08 -8.66089e-07 -4.396e-08 4.02671e-07 -8.95193e-08 -2.83853e-07 1.52052e-08 -7.95651e-09 -1.52502e-08 8.09455e-07 2.01637e-07 3.04127e-07 2.28877e-07 -1.37252e-07 1.37788e-07 -9.24913e-09 -1.72222e-08 -6.38163e-08 1.99679e-08 1.23621e-08 -7.64674e-08
internal_weight=6878 158 132 55 6720 1381 63 1318 122 1196 431 5339 4749 4707 42 590 453 433 137 107 4683 85 40 765 77 47
internal_count=6878 158 132 55 6720 1381 63 1318 122 1196 431 5339 4749 4707 42 590 453 433 137 107 4683 85 40 765 77 47
is_linear=0
shrinkage=0.05


Tree=217
num_leaves=24
num_cat=0
split_feature=14 15 8 14 12 14 12 14 14 8 12 14 8 14 15 8 8 14 3 6 27 12 7
split_gain=2.5302e-09 5.25546e-08 1.20247e-07 5.16237e-08 1.13988e-07 4.05525e-08 7.78029e-08 3.82137e-08 5.61976e-08 1.21238e-07 4.61218e-08 2.69972e-08 5.50835e-08 3.38678e-08 1.21606e-08 4.55666e-08 4.11147e-08 1.12743e-08 8.67196e-09 6.73277e-09 3.35108e-09 9.96714e-10 9.38115e-11
threshold=0.94978112945126536 -0.25206183926700709 271.78126056529027 0.93845596220871974 -0.5 0.92922379131507438 -0.5 0.95998215779580554 0.96687895796550427 239.78407604440201 -0.25881904510252113 0.91939013254733981 264.26802773333429 0.91596454896554913 1.0000000180025095e-35 263.47423577758337 276.26012101658677 0.91248814248966237 24.950000000000003 0.00024791500000000008 49.833333333333336 0.12940952255126045 109.74863879336955
decision_type=2 2 2 2 2 2 2 2 2 2 2 2 2 2 2 2 2 2 2 2 2 2 2
left_child=3 2 18 5 -5 11 -7 10 9 -9 -3 13 19 17 15 -10 -16 -1 -2 -13 -8 -6 -23
right_child=1 7 -4 4 21 6 20 8 14 -11 -12 12 -14 -15 16 -17 -18 -19 -20 -21 -22 22 -24
leaf_value=-1.2157838323135698e-09 6.3915719312745982e-07 -3.1670218459112227e-06 -4.2634186877184756e-06 3.5983867412880956e-06 2.361993264798912e-07 -3.5108396444864334e-06 -4.979044837295446e-07 -3.4620868092360981e-07 -1.9166400184020884e-07 4.7508030615972534e-06 -2.3260621048340876e-08 -5.759669271447148e-07 2.9883110661775508e-06 -1.8788648705007445e-06 1.0447535078294534e-07 9.9213449666257075e-07 -1.1486529616459046e-06 1.0847608585606851e-06 -7.2402926928560876e-07 5.9646918339240077e-07 3.4424920937891772e-07 -1.2285379393794927e-07 -2.694773797884409e-07
leaf_weight=5702 28 20 24 32 20 24 21 28 236 20 28 24 23 24 274 124 86 24 20 25 27 24 20
leaf_count=5702 28 20 24 32 20 24 21 28 236 20 28 24 23 24 274 124 86 24 20 25 27 24 20
internal_value=6.86936e-16 -7.87632e-08 -1.3737e-06 1.16764e-08 1.16182e-06 -7.05678e-09 -1.18641e-06 3.54958e-08 1.21037e-07 1.77755e-06 -1.33316e-06 7.52813e-09 9.69718e-07 -4.52016e-09 1.06029e-08 2.16089e-07 -1.94883e-07 3.33599e-09 7.11628e-08 2.22148e-08 -2.4193e-08 -5.64696e-08 -1.89501e-07
internal_weight=6878 888 72 5990 96 5894 72 816 768 48 48 5822 72 5750 720 360 360 5726 48 49 48 64 44
internal_count=6878 888 72 5990 96 5894 72 816 768 48 48 5822 72 5750 720 360 360 5726 48 49 48 64 44
is_linear=0
shrinkage=0.05


Tree=218
num_leaves=13
num_cat=0
split_feature=21 17 17 1 20 21 21 21 14 21 20 22
split_gain=2.45189e-09 6.08791e-09 5.19396e-09 4.5041e-09 4.08068e-09 3.18482e-09 5.19384e-09 8.87572e-09 1.41524e-08 6.44735e-09 6.22641e-09 4.96571e-09
threshold=981.50000000000011 0.97883610027480372 0.99329602496277714 900.6500000000002 0.00057234000000000007 960.50000000000011 942.50000000000011 928.50000000000011 0.39036257410962044 916.50000000000011 0.00069797500000000009 894.50000000000011
decision_type=2 2 2 2 2 2 2 2 2 2 2 2
left_child=3 -2 -3 5 -5 6 7 9 -9 -1 -8 -7
right_child=1 2 -4 4 -6 11 10 8 -10 -11 -12 -13
leaf_value=8.9845710181621216e-10 -2.6488015221510634e-07 1.2071798426983482e-06 9.3865720884878106e-08 -9.6001688793703388e-07 -9.7692994797050822e-08 9.6039686664798043e-07 1.1949158947159463e-07 -1.9639300603557787e-07 1.6845916530883187e-06 -6.3582201651257727e-07 -1.0045526859617634e-06 -4.3422285297570594e-08
leaf_weight=6570 29 22 20 23 34 22 22 20 20 40 28 28
leaf_count=6570 29 22 20 23 34 22 22 20 20 40 28 28
internal_value=-2.07033e-16 2.92306e-07 6.7703e-07 -3.04888e-09 -4.45648e-07 6.88623e-10 -2.27831e-09 1.53894e-09 7.44099e-07 -2.95462e-09 -5.09973e-07 3.98258e-07
internal_weight=6878 71 42 6807 57 6750 6700 6650 40 6610 50 50
internal_count=6878 71 42 6807 57 6750 6700 6650 40 6610 50 50
is_linear=0
shrinkage=0.05


Tree=219
num_leaves=27
num_cat=0
split_feature=3 17 14 12 15 13 15 17 26 17 25 17 14 15 2 2 5 14 14 14 17 25 20 25 15 20
split_gain=2.45801e-09 1.42821e-08 4.34725e-08 1.27865e-07 4.42767e-08 3.30108e-08 1.07367e-08 9.12508e-09 1.60759e-08 9.4285e-09 7.72782e-09 1.64353e-08 1.74631e-08 1.56062e-08 1.46806e-08 2.73551e-08 1.74948e-08 7.67972e-09 6.87829e-08 4.63158e-08 6.25808e-09 6.74981e-09 2.87681e-08 1.25247e-08 3.04405e-09 1.85672e-09
threshold=20.050000000000004 0.93216981107391106 0.90162119223771331 -0.70710678118654735 -0.83849291496497236 0.1294095225512602 -0.99983123799342477 0.9104700012423752 0.00014120942360721861 0.90329787516717153 0.00032564991189160407 0.97425354138888143 0.92273069556937592 -0.39827153806311183 132.50000000000003 113.50000000000001 6.5500000000000007 0.93544191479114935 0.92922379131507438 0.94978112945126536 0.65488990024524429 0.00036902432046520707 0.00030589000000000007 0.00039058838515079665 -0.17646730165275518 0.00018781500000000003
decision_type=2 2 2 2 2 2 2 2 2 2 2 2 2 2 2 2 2 2 2 2 2 2 2 2 2 2
left_child=1 7 4 -4 -3 25 -2 9 -9 17 11 14 13 -13 15 -8 -16 18 -1 -19 24 22 -22 -23 -12 -6
right_child=6 2 3 -5 5 -7 10 8 -10 -11 20 12 -14 -15 16 -17 -18 19 -20 -21 21 23 -24 -25 -26 -27
leaf_value=-1.5137047646490823e-08 -9.9779965148627516e-07 -1.4033980983040006e-06 -4.7983855426991799e-06 4.7632009435953181e-07 3.7709948816298275e-07 2.2967311689502494e-06 7.0377653003123839e-08 1.7644225906821021e-06 -4.262332928828272e-08 -1.0710544088627081e-06 9.475396096733043e-07 7.9037745982786031e-07 2.0012785255651977e-06 -4.0505383971378709e-07 1.8345431171729571e-06 -8.6840869031218076e-07 3.0533059459314571e-07 1.1801462109677339e-06 -2.1560476658291201e-06 -2.5696254909821133e-08 -2.1447855252176855e-06 6.3405412872420908e-07 -5.6455635952423287e-08 -5.7221292003644763e-08 1.2486679901774715e-07 -1.4835916214206436e-07
leaf_weight=2949 25 39 20 27 29 22 1018 20 32 21 23 86 20 40 21 84 171 93 38 554 20 69 94 1301 22 40
leaf_count=2949 25 39 20 27 29 22 1018 20 32 21 23 86 20 40 21 84 171 93 38 554 20 69 94 1301 22 40
internal_value=-1.2053e-17 -2.62432e-08 -4.65028e-07 -1.76824e-06 6.13137e-09 6.10215e-07 3.40443e-08 -5.29235e-09 6.52394e-07 -1.46493e-08 4.27328e-08 1.25855e-07 6.28739e-07 4.10875e-07 6.91152e-08 -1.18138e-09 4.72588e-07 -8.5446e-09 -4.23733e-08 1.47632e-07 -3.55508e-08 -5.31656e-08 -4.22829e-07 -2.24052e-08 5.45344e-07 7.24858e-08
internal_weight=6878 3884 177 47 130 91 2994 3707 52 3655 2969 1440 146 126 1294 1102 192 3634 2987 647 1529 1484 114 1370 45 69
internal_count=6878 3884 177 47 130 91 2994 3707 52 3655 2969 1440 146 126 1294 1102 192 3634 2987 647 1529 1484 114 1370 45 69
is_linear=0
shrinkage=0.05


Tree=220
num_leaves=26
num_cat=0
split_feature=3 8 23 25 25 22 22 27 19 22 11 21 11 21 21 25 6 20 1 20 20 20 6 26 2
split_gain=2.38457e-09 7.85203e-09 5.31803e-09 5.65117e-09 2.54747e-09 2.39533e-08 4.37319e-08 2.3014e-08 2.25724e-08 2.25152e-08 4.08442e-08 2.10825e-08 4.79831e-08 3.58724e-08 1.82336e-08 1.31453e-08 2.72447e-08 1.19345e-08 1.14249e-08 1.08951e-08 8.45069e-09 1.72944e-08 1.6614e-08 1.18908e-08 1.24264e-09
threshold=32.850000000000001 267.39257413139825 773.50000000000011 0.0006865855857647597 0.00012594113899328579 289.50000000000006 370.50000000000006 1.8333333333333337 8.7105000000000014e-05 213.50000000000003 28.084375000000005 238.50000000000003 24.503125000000004 218.50000000000003 451.50000000000006 0.00015042491163533243 0.00015179500000000003 0.00022519500000000006 309.85000000000008 0.00015891500000000001 8.8965000000000013e-05 0.00011138500000000002 0.00029693500000000007 0.0001245246115948587 171.50000000000003
decision_type=2 2 2 2 2 2 2 2 2 2 2 2 2 2 2 2 2 2 2 2 2 2 2 2 2
left_child=4 2 -2 -4 5 9 19 -8 -9 11 -11 13 -13 -1 -12 16 -6 18 -18 -7 22 -22 -17 -23 -5
right_child=1 -3 3 24 15 6 7 8 -10 10 14 12 -14 -15 -16 20 17 -19 -20 -21 21 23 -24 -25 -26
leaf_value=-2.4684099518811998e-10 -6.4724177472961432e-07 1.1247669425529238e-06 8.2000086428656178e-07 2.1252360987180354e-07 -2.1246591946128713e-06 2.8722194353747457e-06 1.6004438640493393e-06 -1.6149630247281018e-06 2.5547551648178005e-07 -2.0476189086011618e-06 -7.8528679306968813e-07 1.3133983093257944e-06 -1.1453303296422809e-07 -1.6561471055052664e-06 1.3241821559617506e-06 1.6291325906727458e-06 2.330167880160161e-07 8.5996170248340119e-07 -1.4570216318432473e-06 1.2415979180652975e-06 -1.2927792365897202e-06 6.998145924689123e-07 -3.6202543853391942e-07 -3.7300511437940257e-08 -2.7253565063790943e-07
leaf_weight=3675 22 20 27 23 23 20 20 23 54 37 21 99 145 33 20 22 20 21 20 21 27 56 20 2378 31
leaf_count=3675 22 20 27 23 23 20 20 23 54 37 21 99 145 33 20 22 20 21 20 21 27 56 20 2378 31
internal_value=1.0693e-15 2.18175e-07 4.21373e-08 2.29376e-07 -3.97268e-09 2.02179e-08 6.67959e-07 8.92825e-08 -3.03227e-07 -1.96281e-09 -8.43196e-07 1.46405e-08 4.64833e-07 -1.49838e-08 2.43722e-07 -4.29469e-08 -6.58191e-07 -1.05261e-07 -6.12002e-07 2.03702e-06 -2.22995e-08 -3.43015e-08 6.80962e-07 -2.03414e-08 -6.59363e-08
internal_weight=6878 123 103 81 6755 4168 138 97 77 4030 78 3952 244 3708 41 2587 84 61 40 41 2503 2461 42 2434 54
internal_count=6878 123 103 81 6755 4168 138 97 77 4030 78 3952 244 3708 41 2587 84 61 40 41 2503 2461 42 2434 54
is_linear=0
shrinkage=0.05


Tree=221
num_leaves=27
num_cat=0
split_feature=14 14 27 8 27 12 14 8 14 14 12 8 14 12 14 14 27 14 27 27 14 8 11 27 11 11
split_gain=2.44081e-09 7.02279e-09 3.27545e-08 9.74751e-08 1.33027e-08 2.7792e-08 9.83658e-09 2.19389e-08 5.81175e-09 4.21705e-08 8.74205e-08 1.84659e-08 8.50903e-09 4.30024e-09 4.89393e-09 5.03286e-09 4.20935e-09 3.99574e-09 1.35748e-09 1.04222e-09 1.2709e-09 5.08614e-10 4.65007e-11 1.16218e-11 5.19149e-12 2.98834e-12
threshold=-0.99630266176052629 -0.9905448150984083 0.83333333333333337 208.74077742930891 53.500000000000007 -0.60355339059327362 -0.98523971305672675 257.47764452810685 -0.95995996396290595 -0.96463499255812291 -0.25881904510252113 257.47764452810685 -0.95754239937548935 -0.25881904510252113 -0.99763297024448894 -0.99866806308218525 3.1666666666666674 -0.94139628442229062 8.1666666666666696 94.166666666666671 -0.98803845231459242 181.91807799644863 41.096875000000004 13.833333333333334 18.603125000000002 18.212500000000002
decision_type=2 2 2 2 2 2 2 2 2 2 2 2 2 2 2 2 2 2 2 2 2 2 2 2 2 2
left_child=13 2 3 -2 5 -4 7 19 9 11 -11 -8 -10 14 15 16 -1 -14 -7 20 -3 22 23 25 -25 -15
right_child=1 6 4 -5 -6 18 8 -9 12 10 -12 -13 17 21 -16 -17 -18 -19 -20 -21 -22 -23 -24 24 -26 -27
leaf_value=8.1509082373746161e-07 8.3293628536228522e-07 -4.1143540443044911e-07 2.0275225722343751e-06 -4.0444154819851979e-06 -1.0328238694512494e-06 -4.0770230403571379e-07 2.9527465235630537e-07 1.6822866937461967e-06 9.4485416279136796e-07 -4.1040322895469221e-06 2.2412699644139675e-07 -6.319724507702536e-07 -2.5870897905282899e-07 -1.4031359185651127e-09 1.1066352089983411e-06 -4.5472187725437153e-07 -3.4381205523459358e-08 7.8587841749392185e-09 7.0233234175440461e-08 3.225855848398851e-07 1.1042308747377661e-07 -2.5566838525059589e-07 8.2370411194884504e-08 4.6522472810228707e-09 4.06782599426947e-08 -2.4115345996302197e-08
leaf_weight=35 21 20 20 20 20 24 189 28 24 20 28 75 144 30 20 20 25 5918 39 20 28 20 22 20 20 28
leaf_count=35 21 20 20 20 20 24 189 28 24 20 28 75 144 30 20 20 25 5918 39 20 28 20 22 20 20 28
internal_value=7.3313e-16 -5.6636e-09 -3.51031e-07 -1.54626e-06 1.2474e-07 4.03671e-07 1.99468e-09 5.04363e-07 -5.5432e-09 -2.16013e-07 -1.57927e-06 3.18522e-08 5.24658e-09 1.56646e-07 4.07069e-07 2.32178e-07 4.61144e-07 1.52659e-09 -1.11837e-07 1.9336e-08 -1.07018e-07 -2.22281e-08 1.66786e-08 1.93149e-09 2.26653e-08 -1.23677e-08
internal_weight=6878 6638 144 41 103 83 6494 96 6398 312 48 264 6086 240 100 80 60 6062 63 68 48 140 120 98 40 58
internal_count=6878 6638 144 41 103 83 6494 96 6398 312 48 264 6086 240 100 80 60 6062 63 68 48 140 120 98 40 58
is_linear=0
shrinkage=0.05


Tree=222
num_leaves=28
num_cat=0
split_feature=3 17 13 3 15 11 4 17 25 17 3 4 27 15 15 15 15 27 15 21 11 3 15 22 13 19 27
split_gain=2.31105e-09 1.2743e-08 2.76262e-08 4.6393e-08 9.6708e-09 8.40846e-09 3.0641e-08 8.05499e-09 1.35117e-08 8.38965e-09 7.47495e-09 1.453e-08 7.41295e-09 5.61857e-09 1.78778e-08 1.19555e-08 1.14821e-08 3.24306e-08 1.56447e-08 8.18969e-09 5.19568e-09 5.7367e-09 4.53692e-09 4.85488e-09 4.3804e-09 1.96079e-09 3.99316e-10
threshold=20.050000000000004 0.93216981107391106 -0.12940952255126037 18.650000000000002 -0.99983123799342477 21.006250000000005 75.500000000000014 0.9104700012423752 9.0510047918843927e-05 0.90329787516717153 19.750000000000004 63.500000000000007 3.8333333333333335 -0.82899557272681157 -0.85225707553516283 -0.86974577485258975 -0.57077231802681661 99.833333333333357 -0.39827153806311183 788.50000000000011 20.506250000000005 20.750000000000004 0.16587474750015932 458.50000000000006 0.78656609248549303 0.0003695900000000001 47.500000000000007
decision_type=2 2 2 2 2 2 2 2 2 2 2 2 2 2 2 2 2 2 2 2 2 2 2 2 2 2 2
left_child=1 7 22 -4 -2 6 20 9 -9 10 12 -12 -1 14 15 -7 17 -15 -18 -16 24 -22 25 -24 -6 26 -3
right_child=4 2 3 -5 5 13 -8 8 -10 -11 11 -13 -14 16 19 -17 18 -19 -20 -21 21 -23 23 -25 -26 -27 -28
leaf_value=-1.6420598160033335e-07 -9.4627684268289163e-07 2.184839822897781e-07 -2.414922137115748e-06 3.7325966559365045e-07 -8.5091977368924958e-07 1.0092409722785692e-07 2.0496697497189115e-06 1.631753754001153e-06 -2.4915778884526674e-08 -1.010956406800019e-06 -4.3692758019213164e-08 -1.2541516744590809e-06 3.5811426601758496e-08 -1.3283581272225588e-07 5.1383515870366649e-07 -6.5335089224508445e-07 4.4792352493114208e-07 -2.087310534225718e-06 -2.0456524783586232e-08 1.6116382070045487e-06 9.2318200341878765e-07 -1.7099589550308219e-07 9.9256960221320405e-08 -9.5553096897127436e-07 1.5865868774545519e-07 6.8556485473436627e-07 -6.5793937138670076e-08
leaf_weight=549 25 30 37 25 22 849 24 20 32 21 85 35 2965 602 65 56 216 22 1021 23 25 23 24 20 21 20 21
leaf_count=549 25 30 37 25 22 849 24 20 32 21 85 35 2965 602 65 56 216 22 1021 23 25 23 24 20 21 20 21
internal_value=-1.84614e-16 -2.54466e-08 -4.39915e-07 -1.29066e-06 3.30109e-08 4.12568e-08 4.60438e-07 -5.65679e-09 6.12265e-07 -1.4448e-08 -8.68943e-09 -3.96743e-07 4.56226e-09 2.43662e-08 1.20407e-07 5.42507e-08 -2.68794e-08 -2.01744e-07 6.13301e-08 8.00761e-07 4.12994e-08 3.98888e-07 1.87451e-08 -3.80192e-07 -3.5787e-07 2.65974e-07 1.01428e-07
internal_weight=6878 3884 177 62 2994 2969 115 3707 52 3655 3634 120 3514 2854 993 905 1861 624 1237 88 91 48 115 44 43 71 51
internal_count=6878 3884 177 62 2994 2969 115 3707 52 3655 3634 120 3514 2854 993 905 1861 624 1237 88 91 48 115 44 43 71 51
is_linear=0
shrinkage=0.05


Tree=223
num_leaves=23
num_cat=0
split_feature=2 17 26 9 18 8 8 27 27 14 14 8 15 18 11 27 15 27 15 15 14 13
split_gain=2.39304e-09 7.26248e-09 6.13306e-09 8.15767e-09 6.65969e-09 1.9084e-08 5.95867e-09 4.5371e-09 2.98364e-08 2.88956e-08 9.82344e-08 1.97717e-08 3.85198e-08 1.21462e-08 1.07814e-08 5.38395e-09 1.44824e-08 1.26969e-08 6.03068e-09 6.82562e-08 1.31417e-08 3.03796e-09
threshold=228.50000000000003 0.47716978822377293 0.0002564012247414298 39.417564993648092 0.00072308000000000008 255.6847745887824 250.03553974331544 97.166666666666671 98.166666666666671 0.79383249484937135 0.85226249403558707 282.29755514591278 -0.54219087765047058 5.5955000000000009e-05 28.228125000000002 95.166666666666671 -0.36648370705903521 94.500000000000014 0.22491561436810906 0.28313308994381586 0.90162119223771331 0.1294095225512602
decision_type=2 2 2 2 2 2 2 2 2 2 2 2 2 2 2 2 2 2 2 2 2 2
left_child=7 -2 -3 -4 5 -5 -6 15 -9 11 -11 14 -13 -12 -10 17 -17 18 20 -20 -1 -18
right_child=1 2 3 4 6 -7 -8 8 9 10 13 12 -14 -15 -16 16 21 -19 19 -21 -22 -23
leaf_value=1.3423402345598955e-08 1.0460288314106946e-06 -6.056901935013934e-07 1.1085974514912779e-06 5.5894669827768112e-08 1.9554399932594812e-07 -1.5604855815354314e-06 1.0832792175582048e-06 -1.4822357178591352e-06 2.5738357660783375e-07 -3.158402627150281e-06 -3.1915447012229992e-07 2.6587590612151594e-06 -1.5028992335758702e-07 7.9991295466261136e-07 -5.4137877968374332e-07 1.43707649712758e-06 3.740639966584328e-07 -1.1737367685782375e-06 1.1494709435522383e-06 -1.6528202897105342e-08 -2.1415386773553649e-07 -4.1746331739297474e-07
leaf_weight=3623 20 31 20 210 89 20 24 39 172 30 67 23 26 38 56 24 22 23 138 1387 769 27
leaf_count=3623 20 31 20 210 89 20 24 39 172 30 67 23 26 38 56 24 22 23 138 1387 769 27
internal_value=-7.92535e-16 1.16537e-07 6.93549e-08 1.27003e-07 6.97676e-08 -8.46601e-08 3.8409e-07 -7.46386e-09 -1.6042e-07 -3.52962e-08 -6.35102e-07 2.57028e-07 1.16824e-06 8.58414e-08 6.11963e-08 4.00845e-09 4.30791e-07 -1.23652e-09 3.32111e-09 8.89852e-08 -2.64233e-08 -6.20837e-08
internal_weight=6878 414 394 363 343 230 113 6464 451 412 135 277 49 105 228 6013 73 5940 5917 1525 4392 49
internal_count=6878 414 394 363 343 230 113 6464 451 412 135 277 49 105 228 6013 73 5940 5917 1525 4392 49
is_linear=0
shrinkage=0.05


Tree=224
num_leaves=17
num_cat=0
split_feature=5 5 8 2 0 8 9 0 27 27 14 27 21 27 8 0
split_gain=2.44836e-09 3.15901e-09 1.1953e-08 3.08776e-09 6.55888e-09 1.30778e-08 8.24937e-09 5.89703e-09 4.06946e-09 2.70769e-08 2.64109e-08 4.86988e-09 1.40464e-08 1.14583e-08 2.52912e-09 1.48892e-10
threshold=26.250000000000004 23.250000000000004 208.74077742930891 228.50000000000003 539.50000000000011 246.72101321124265 49.406420175397791 445.50000000000006 97.166666666666671 97.833333333333357 0.79383249484937135 95.166666666666671 145.50000000000003 94.500000000000014 248.02962813885136 477.50000000000006
decision_type=2 2 2 2 2 2 2 2 2 2 2 2 2 2 2 2
left_child=1 3 15 8 5 7 -6 -5 11 -10 -11 13 -13 -1 -8 -3
right_child=-2 2 -4 4 6 -7 14 -9 9 10 -12 12 -14 -15 -16 -17
leaf_value=3.1495485158015854e-09 4.3633521888963856e-07 2.5400897669669574e-07 -1.2934407126604956e-06 -4.9314249246850998e-07 -7.2357474595162163e-07 1.5368527781249768e-06 4.6148025616342209e-08 4.7734725452748856e-07 -1.6034164807858058e-06 2.2675296512663534e-07 -6.2107135614974286e-07 -2.0620458229814176e-08 1.5385789578203912e-06 -1.1150499224785532e-06 4.6078852655930611e-07 6.107635272201151e-08
leaf_weight=5844 32 20 22 23 33 23 224 49 30 283 136 52 20 23 44 20
leaf_count=5844 32 20 22 23 33 23 224 49 30 283 136 52 20 23 44 20
internal_value=-7.04388e-16 -2.03955e-09 -3.57322e-07 1.20744e-09 1.3669e-07 4.98898e-07 2.23717e-08 1.6733e-07 -7.19129e-09 -1.52332e-07 -4.84358e-08 3.78163e-09 4.1249e-07 -1.23405e-09 1.14223e-07 1.57543e-07
internal_weight=6878 6846 62 6784 396 95 301 72 6388 449 419 5939 72 5867 268 40
internal_count=6878 6846 62 6784 396 95 301 72 6388 449 419 5939 72 5867 268 40
is_linear=0
shrinkage=0.05


Tree=225
num_leaves=31
num_cat=0
split_feature=5 4 12 18 26 14 4 14 8 5 12 8 7 5 11 21 14 8 17 4 14 14 5 14 14 8 8 3 14 12
split_gain=2.41046e-09 1.15817e-08 2.47571e-08 3.38957e-08 3.78343e-08 3.29031e-08 1.75838e-08 1.59264e-08 4.14524e-08 4.49565e-08 3.97509e-08 3.36985e-08 4.47235e-08 1.48783e-08 1.48579e-08 1.04883e-08 7.85393e-09 3.38231e-08 1.63821e-07 7.50817e-08 6.38478e-08 1.0763e-07 5.80025e-08 2.01508e-08 4.28572e-08 1.57851e-07 3.07088e-08 3.31465e-08 2.85028e-08 7.10448e-08
threshold=13.550000000000002 12.500000000000002 -0.5 0.00042305500000000003 0.0003273762800262492 0.7210268013660811 3.5000000000000004 0.80417553764032002 262.77088913376446 15.250000000000002 -0.98296291314453399 289.66728801412097 120.13543891197232 20.950000000000003 14.809375000000001 769.50000000000011 0.63257020223555627 271.78126056529027 0.8949169719760165 11.500000000000002 0.93544191479114935 0.95242846126021108 5.7500000000000009 0.54219432480460406 0.51297097409535064 281.45339261052226 288.15751301811184 15.350000000000003 0.48314048284850658 -0.25881904510252113
decision_type=2 2 2 2 2 2 2 2 2 2 2 2 2 2 2 2 2 2 2 2 2 2 2 2 2 2 2 2 2 2
left_child=16 2 3 5 -5 6 -2 10 -9 -10 -3 14 -13 -11 -12 -6 23 -18 20 -20 22 -22 -19 24 28 -26 -25 -28 -1 -30
right_child=1 7 -4 4 15 -7 -8 8 9 13 11 12 -14 -15 -16 -17 17 18 19 -21 21 -23 -24 26 25 -27 27 -29 29 -31
leaf_value=-6.8642536524438308e-09 1.3391542367457988e-06 -2.3970681007767781e-06 9.3580480114866193e-09 -1.6925007496411128e-06 -3.946425208379792e-07 2.6437896086727343e-06 -1.6015435276682239e-07 -1.0444904378259029e-07 2.5757002038329093e-06 7.7770351534876267e-07 -6.5020495120314635e-07 -2.3272384092288613e-06 -2.7197636878219531e-07 -6.7033406404940867e-07 1.407524885841147e-07 9.2223884217269701e-07 3.8254688594504481e-08 -2.0955765021836503e-06 -5.6407026954730105e-06 -1.4518772833644504e-06 2.6925532178470997e-06 -9.5356110696668332e-08 -2.8815821042406559e-07 1.8479674430021919e-07 9.7088627526266428e-08 -5.0014750380000811e-06 5.1916404105027562e-08 2.6070788510423885e-06 2.6158128025915382e-06 -2.6252638375978058e-07
leaf_weight=2858 48 20 466 25 21 31 33 345 32 68 68 37 93 24 468 54 1219 61 20 23 42 197 163 238 63 20 22 30 36 53
leaf_count=2858 48 20 466 25 21 31 33 345 32 68 68 37 93 24 468 54 1219 61 20 23 42 197 163 238 63 20 22 30 36 53
internal_value=-7.93284e-16 4.91064e-08 2.13147e-07 6.61098e-07 -7.99114e-09 1.2585e-06 7.28325e-07 -4.71874e-08 1.77363e-07 9.61437e-07 -2.00707e-07 -1.3475e-07 -8.56936e-07 3.99955e-07 4.04071e-08 5.53512e-07 -1.78418e-08 -1.0439e-07 -4.48034e-07 -3.40017e-06 -1.73861e-07 3.94569e-07 -7.80357e-07 2.71267e-08 -1.0982e-08 -1.13148e-06 4.25297e-07 1.52605e-06 2.0576e-08 9.01746e-07
internal_weight=6878 1833 678 212 100 112 81 1155 469 124 686 666 130 92 536 75 5045 1725 506 43 463 239 224 3320 3030 83 290 52 2947 89
internal_count=6878 1833 678 212 100 112 81 1155 469 124 686 666 130 92 536 75 5045 1725 506 43 463 239 224 3320 3030 83 290 52 2947 89
is_linear=0
shrinkage=0.05


Tree=226
num_leaves=20
num_cat=0
split_feature=5 5 8 3 5 8 0 12 15 5 8 15 15 8 1 4 5 8 15
split_gain=2.31303e-09 2.13738e-09 1.51517e-08 2.24582e-08 5.73141e-09 2.72775e-08 2.64916e-08 1.94285e-08 1.68478e-08 1.45211e-08 4.22911e-08 5.12253e-09 1.42565e-08 7.14422e-09 3.1056e-09 3.01227e-09 1.70102e-09 1.19858e-09 3.13964e-10
threshold=27.900000000000002 20.550000000000004 241.47447747126355 13.550000000000002 17.450000000000003 262.0306077339032 10.500000000000002 -0.9159756150367534 0.63255009372278048 17.050000000000004 272.41374569257584 -0.97111920233974802 -0.93543596745397617 284.81361740207586 488.05000000000007 1.0000000180025095e-35 25.200000000000006 215.01485218476412 0.029024409397335523
decision_type=2 2 2 2 2 2 2 2 2 2 2 2 2 2 2 2 2 2 2
left_child=1 4 16 -4 9 7 8 -6 -7 11 14 13 -13 -1 -11 -9 17 18 -3
right_child=-2 2 3 -5 5 6 -8 15 -10 10 -12 12 -14 -15 -16 -17 -18 -19 -20
leaf_value=2.6237663092911873e-08 5.005748344837744e-07 -4.4555822616606139e-08 -2.1611936192909655e-06 -9.2921438213774575e-08 -1.4555604072148013e-06 7.9181377039335102e-08 2.5209330146935827e-06 4.9922388017996447e-07 1.7177879418081182e-06 -1.9144938438131478e-07 -2.3847870738222814e-06 -3.4042086700152635e-07 5.471618359200711e-09 3.9541032351548395e-07 5.7163591146158763e-07 -5.4201334144356262e-09 -3.3219544192157317e-07 4.8969766226036886e-07 1.2201668686001103e-07
leaf_weight=438 23 39 21 35 23 62 20 34 21 40 25 316 5201 187 20 227 23 20 103
leaf_count=438 23 39 21 35 23 62 20 34 21 40 25 316 5201 187 20 227 23 20 103
internal_value=-6.72624e-16 -1.67954e-09 -1.47941e-07 -8.68524e-07 3.64992e-09 1.90354e-07 8.87393e-07 -6.24459e-08 4.93769e-07 -7.95346e-09 -6.56999e-07 1.02877e-09 -1.43402e-08 1.36694e-07 6.29124e-08 6.03189e-08 7.01811e-08 1.27309e-07 7.62679e-08
internal_weight=6878 6855 241 56 6614 387 103 284 83 6227 85 6142 5517 625 60 261 185 162 142
internal_count=6878 6855 241 56 6614 387 103 284 83 6227 85 6142 5517 625 60 261 185 162 142
is_linear=0
shrinkage=0.05


Tree=227
num_leaves=20
num_cat=0
split_feature=5 5 8 5 27 8 8 3 14 8 12 14 8 17 14 14 14 8 0
split_gain=2.21736e-09 2.60711e-09 1.02474e-08 2.56961e-09 1.64856e-08 3.09428e-08 1.83962e-08 1.40573e-08 1.38834e-08 5.62308e-08 3.35971e-08 7.11672e-09 3.05253e-08 1.47849e-07 1.96658e-08 1.81619e-08 3.86986e-08 2.7805e-08 1.47528e-10
threshold=26.250000000000004 23.250000000000004 208.74077742930891 13.550000000000002 1.5000000000000002 271.12862323049529 309.26761614651997 29.850000000000005 0.80417553764032002 269.6625029065371 -0.98296291314453399 0.63257020223555627 271.78126056529027 0.8949169719760165 0.64579916509010216 0.54219432480460406 0.51297097409535064 288.92278723469821 477.50000000000006
decision_type=2 2 2 2 2 2 2 2 2 2 2 2 2 2 2 2 2 2 2
left_child=1 3 18 11 5 7 -7 -5 10 -10 -6 15 14 -14 -13 16 -1 -17 -3
right_child=-2 2 -4 4 8 6 -8 -9 9 -11 -12 12 13 -15 -16 17 -18 -19 -20
leaf_value=1.9556708489350337e-08 4.1524167517792424e-07 2.4804262004352041e-07 -1.1914626285984429e-06 3.2572348055533318e-07 -1.8584025913999843e-06 1.9758122461899759e-06 3.212636778065254e-07 -6.3060777540613354e-07 -9.3971497290467521e-08 1.2227162153307429e-06 -7.0388853839660947e-08 -1.4121236836557401e-06 -1.6544200024481887e-07 -3.2304333439411535e-06 6.3918218278980135e-08 1.8299779678072311e-07 -1.0751804584130522e-06 1.489541540393577e-06 5.5995936349972917e-08
leaf_weight=2947 32 20 22 166 27 42 28 50 345 106 975 23 463 43 1196 241 83 49 20
leaf_count=2947 32 20 22 166 27 42 28 50 345 106 975 23 463 43 1196 241 83 49 20
internal_value=-8.96882e-16 -1.94095e-09 -3.247e-07 1.0088e-09 5.34221e-08 4.00417e-07 1.31399e-06 1.04351e-07 -1.48784e-08 2.15494e-07 -1.18569e-07 -1.70579e-08 -9.9444e-08 -4.25906e-07 3.60684e-08 2.57481e-08 -1.04311e-08 4.03759e-07 1.52019e-07
internal_weight=6878 6846 62 6784 1739 286 70 216 1453 451 1002 5045 1725 506 1219 3320 3030 290 40
internal_count=6878 6846 62 6784 1739 286 70 216 1453 451 1002 5045 1725 506 1219 3320 3030 290 40
is_linear=0
shrinkage=0.05


Tree=228
num_leaves=22
num_cat=0
split_feature=8 15 27 8 14 14 14 14 8 14 14 3 9 4 27 3 3 27 8 9 14
split_gain=2.19568e-09 3.07715e-09 1.85734e-08 4.41807e-09 3.06697e-08 2.65596e-08 1.20429e-07 1.0186e-07 1.71623e-08 3.88743e-09 1.20192e-08 4.64006e-09 3.06787e-09 3.28392e-09 3.6087e-09 2.85564e-09 1.82167e-09 7.8868e-10 5.25481e-10 1.03191e-09 3.83729e-10
threshold=339.47302831309213 -0.99983123799342477 16.166666666666668 263.47423577758337 0.99966190462023474 0.93544191479114935 0.92602006027323147 0.94978112945126536 262.77088913376446 -0.96902457013955734 -0.95244167294248061 27.650000000000002 -41.059870901485169 44.500000000000007 25.833333333333339 15.15 17.950000000000003 8.5000000000000018 354.97372237062882 -69.027224846112205 -0.43054369049759816
decision_type=2 2 2 2 2 2 2 2 2 2 2 2 2 2 2 2 2 2 2 2 2
left_child=1 2 -1 8 5 6 -5 -7 9 11 -11 -3 15 14 17 18 -17 -14 19 -2 -18
right_child=12 3 -4 4 -6 7 -8 -9 -10 10 -12 -13 13 -15 -16 16 20 -19 -20 -21 -22
leaf_value=5.7056967725583021e-07 5.2764017916777968e-08 1.4893981054957177e-07 -1.4861189325323548e-06 6.3902484277533198e-08 -1.8297191028674815e-06 3.0277298588682951e-06 -3.8391773114199174e-06 1.7083953271305558e-07 -1.2753331424796166e-06 -5.1619557823079189e-07 -1.2253699827674286e-08 -6.2793670622340866e-07 1.8539564562762975e-07 -3.5615507569404642e-07 7.9916106788654632e-07 -8.4403405014773138e-07 -4.3899728979902705e-07 -1.9370495483945374e-07 1.4337369478312214e-07 -4.1747397290237136e-07 -1.8964149906726864e-07
leaf_weight=23 28 493 21 1669 21 36 20 234 27 122 3922 20 34 33 21 24 36 23 24 20 27
leaf_count=23 28 493 21 1669 21 36 20 234 27 122 3922 20 34 33 21 24 36 23 24 20 27
internal_value=4.72038e-17 5.71045e-09 -4.11032e-07 8.50397e-09 7.09194e-08 9.12937e-08 1.76848e-08 5.51758e-07 -1.84556e-08 -1.10086e-08 -2.74567e-08 1.18652e-07 -1.39758e-07 6.19595e-08 2.38854e-07 -2.8058e-07 -4.73345e-07 3.24252e-08 -4.76544e-08 -1.43168e-07 -3.32131e-07
internal_weight=6878 6608 44 6564 1980 1959 1689 270 4584 4557 4044 513 270 111 78 159 87 57 72 48 63
internal_count=6878 6608 44 6564 1980 1959 1689 270 4584 4557 4044 513 270 111 78 159 87 57 72 48 63
is_linear=0
shrinkage=0.05


Tree=229
num_leaves=31
num_cat=0
split_feature=5 15 8 12 15 15 4 15 3 8 5 12 15 8 3 15 15 15 4 12 15 12 15 5 8 15 8 8 5 12
split_gain=2.096e-09 1.13685e-08 1.32731e-08 2.8067e-08 1.80572e-08 1.734e-08 1.34548e-08 3.39461e-08 1.13588e-08 7.97049e-09 1.69886e-08 7.33272e-09 6.32095e-09 2.36602e-08 9.68871e-08 4.75385e-08 2.9574e-08 1.48345e-08 1.21825e-08 2.01043e-08 1.78602e-08 6.85744e-08 1.4193e-08 1.29856e-08 6.20526e-09 5.89266e-09 5.36535e-09 4.79892e-09 7.24673e-09 5.48936e-09
threshold=13.550000000000002 -0.99983123799342477 263.47423577758337 -0.60355339059327362 -0.96234030595689413 -0.46800559042974538 40.500000000000007 -0.6523320455745395 17.050000000000004 257.47764452810685 16.050000000000004 -0.98296291314453399 0.20812153622207724 251.02135102734101 20.650000000000002 0.24164313636530552 0.27487873330147788 0.19969739736768838 73.500000000000014 -0.98296291314453399 -0.42958798411962301 -0.5 -0.52034141052533245 13.15 252.8489753228165 0.31595530242620651 224.72111322930317 244.03129762188402 7.9500000000000011 -0.70710678118654735
decision_type=2 2 2 2 2 2 2 2 2 2 2 2 2 2 2 2 2 2 2 2 2 2 2 2 2 2 2 2 2 2
left_child=12 -2 9 4 -4 -6 8 -8 -5 11 -11 -3 17 25 15 -15 -17 18 20 -20 22 -22 -1 -21 -13 26 -14 29 -29 -27
right_child=1 2 3 6 5 -7 7 -9 -10 10 -12 24 13 14 -16 16 -18 -19 19 23 21 -23 -24 -25 -26 27 -28 28 -30 -31
leaf_value=-3.0771145336542755e-08 -1.0588340303555647e-06 -8.2869314173177157e-07 -2.723474504724783e-07 1.0557632208277016e-06 1.3702949607044718e-06 3.6394284111308578e-07 -2.2073723767138374e-06 -5.5859092459410355e-08 2.0015691262642579e-08 3.0284553620418819e-07 -1.5595442564517727e-06 3.1583642708856524e-09 -2.3202195711194111e-07 2.3962171122843509e-06 3.3464965882173529e-06 -1.8169473059970187e-06 1.6148644109873424e-07 -1.3434772709915292e-06 1.3929143924249202e-06 1.3026987950734904e-07 -8.2391586797213677e-07 3.4268181055780204e-08 5.2552535932966381e-07 -1.1333698274678433e-06 7.6944403333443376e-07 -4.6569973385564535e-07 -1.0911439885387067e-06 -1.3155898435408226e-07 1.1983084044686621e-06 8.9725887098067174e-09
leaf_weight=1905 23 26 38 36 98 76 22 110 100 24 25 1228 135 23 26 20 340 22 31 638 349 699 122 21 27 68 21 21 20 584
leaf_count=1905 23 26 38 36 98 76 22 110 100 24 25 1228 135 23 26 20 340 22 31 638 349 699 122 21 27 68 21 21 20 584
internal_value=-7.04712e-17 4.57914e-08 5.98281e-08 2.85212e-07 7.15091e-07 9.30739e-07 -5.4842e-08 -4.14445e-07 2.94184e-07 -2.15134e-08 -6.47353e-07 2.42579e-09 -1.66374e-08 8.04668e-08 3.92881e-07 1.92375e-07 5.15735e-08 -4.88943e-08 -4.13297e-08 1.48539e-07 -8.39343e-08 -2.5152e-07 2.71093e-09 9.00021e-08 1.96442e-08 -7.00367e-08 -3.47673e-07 -7.53847e-09 5.17157e-07 -4.05331e-08
internal_weight=6878 1833 1810 480 212 174 268 132 136 1330 49 1281 5045 1258 409 383 360 3787 3765 690 3075 1048 2027 659 1255 849 156 693 41 652
internal_count=6878 1833 1810 480 212 174 268 132 136 1330 49 1281 5045 1258 409 383 360 3787 3765 690 3075 1048 2027 659 1255 849 156 693 41 652
is_linear=0
shrinkage=0.05


Tree=230
num_leaves=25
num_cat=0
split_feature=14 14 8 7 24 14 8 5 8 4 4 24 14 14 15 14 17 15 5 5 5 3 17 14
split_gain=2.32561e-09 6.4429e-09 3.04208e-08 2.6059e-08 9.72947e-09 8.50986e-09 2.02266e-08 6.25774e-09 6.2108e-09 7.97237e-09 6.22221e-09 5.96812e-09 5.18732e-09 3.66596e-08 1.97587e-08 7.88004e-09 3.64189e-09 1.8829e-09 1.74607e-09 1.25846e-09 8.99414e-10 2.40899e-10 1.8664e-11 1.00375e-11
threshold=-0.99630266176052629 -0.9905448150984083 259.41841140483615 121.00076425000705 0.00033753816640886436 -0.98523971305672675 257.47764452810685 19.050000000000004 228.4487711701731 3.5000000000000004 9.5000000000000018 0.00013100653911868145 -0.95995996396290595 -0.96235977360714686 0.2332836900311728 -0.95754239937548935 0.96418361812676634 1.0000000180025095e-35 11.950000000000001 4.9500000000000011 10.750000000000002 26.150000000000002 0.92004206098843333 -0.99985146406598202
decision_type=2 2 2 2 2 2 2 2 2 2 2 2 2 2 2 2 2 2 2 2 2 2 2 2
left_child=7 2 4 -4 11 6 18 8 21 17 -11 20 13 14 -7 -14 -17 -10 19 -3 -2 22 23 -1
right_child=1 5 3 -5 -6 12 -8 -9 9 10 -12 -13 15 -15 -16 16 -18 -19 -20 -21 -22 -23 -24 -25
leaf_value=1.755941654090791e-08 4.1014234874126033e-07 -5.8884397604843904e-08 -2.7843482894240881e-06 -2.3194865519826638e-07 -7.023280389525418e-07 -2.3280053543276817e-07 1.6000935071401403e-06 -5.9582062203844548e-07 7.0975600197894808e-07 -5.4043207834790041e-07 6.0711758443950986e-07 1.1438765190519007e-06 9.0920192405974378e-07 -2.0815349055662108e-06 8.7846968741533973e-07 -1.3307268438455522e-08 1.0346476160850652e-07 1.3639213627605138e-06 -3.8915633837177666e-07 4.5719668298445306e-07 -6.028148833856915e-09 1.6634542946480924e-07 -6.4124230612285587e-08 -2.2604924820868177e-08
leaf_weight=21 20 27 20 20 27 240 28 25 22 21 27 20 24 24 48 5298 764 22 20 21 37 20 22 60
leaf_count=21 20 27 20 20 27 240 28 25 22 21 27 20 24 24 48 5298 764 22 20 21 37 20 22 60
internal_value=-1.02583e-15 -5.52834e-09 -3.3633e-07 -1.50815e-06 1.1437e-07 1.80695e-09 4.6907e-07 1.52905e-07 2.39966e-07 5.50696e-07 1.05065e-07 4.00745e-07 -5.20419e-09 -2.04046e-07 -4.75888e-08 4.98949e-09 1.40963e-09 1.03684e-06 3.35478e-09 1.66901e-07 1.39997e-07 7.54982e-09 -2.32843e-08 -1.21919e-08
internal_weight=6878 6638 144 40 104 6494 96 240 215 92 48 77 6398 312 288 6086 6062 44 68 48 57 123 103 81
internal_count=6878 6638 144 40 104 6494 96 240 215 92 48 77 6398 312 288 6086 6062 44 68 48 57 123 103 81
is_linear=0
shrinkage=0.05


Tree=231
num_leaves=31
num_cat=0
split_feature=15 8 15 15 15 12 12 15 1 27 27 15 12 15 27 3 15 17 1 8 7 5 8 8 8 8 8 2 3 3
split_gain=2.1463e-09 7.97752e-09 2.04553e-08 5.15034e-09 3.86307e-08 7.48106e-08 1.41468e-08 4.1667e-08 1.47574e-08 1.29156e-08 4.82291e-09 1.40306e-08 2.31942e-08 2.27926e-08 8.81212e-09 6.49155e-09 4.37288e-09 3.91085e-09 1.18418e-08 5.82332e-09 3.41252e-09 2.53872e-09 5.99298e-09 2.91266e-09 1.88455e-09 6.06633e-09 7.25781e-10 5.73552e-10 2.03053e-10 1.58262e-10
threshold=0.91245913578114801 256.53320538400237 0.94975093725139803 0.61913436964878354 0.59175731018202693 -0.25881904510252113 -0.70710678118654735 0.67165857384232497 451.50000000000006 91.833333333333357 47.500000000000007 0.42957308670649791 -0.78656609248549292 0.38242094458159287 48.500000000000007 15.250000000000002 0.78855491365589059 0.56018107567434872 278.60000000000008 233.17242719103459 149.67070402429349 14.15 222.25121069428295 176.61211869847395 291.67647861439474 276.97408129887862 305.477147762892 179.50000000000003 16.850000000000005 15.15
decision_type=2 2 2 2 2 2 2 2 2 2 2 2 2 2 2 2 2 2 2 2 2 2 2 2 2 2 2 2 2 2
left_child=3 17 -3 4 10 -6 7 -5 9 -9 11 13 -13 -1 -12 -16 -10 19 -19 28 -4 23 -23 -20 25 27 -26 -8 29 -2
right_child=1 2 20 6 5 -7 24 8 16 -11 14 12 -14 -15 15 -17 -18 18 21 -21 -22 22 -24 -25 26 -27 -28 -29 -30 -31
leaf_value=-2.7289460449470253e-08 3.4777128547132629e-08 -1.4504551873548463e-06 4.8368383684444584e-07 2.4642015735783691e-06 -3.7563257956207964e-06 2.4752820781007552e-07 9.6032205010598549e-10 2.8133111779464589e-07 -9.7869388536678135e-07 1.7076295740653658e-06 8.8013798408046324e-07 -2.1271867770641013e-06 -2.5297205183960618e-08 1.3339610415729817e-06 1.8417440415701246e-07 -1.4349299318167923e-08 -7.5341837465522404e-08 -1.2198287761145328e-06 5.4772481694198167e-08 7.94626423832538e-07 -3.04138455423494e-07 -9.9999018933600793e-08 8.2371000343073332e-07 -7.4132599451104405e-07 -4.9875701202089272e-07 6.6249553150043998e-07 -1.2888679508351843e-07 -2.4167848909137585e-07 -8.9186086019257926e-08 1.9110204665828692e-07
leaf_weight=3826 85 36 27 24 20 28 385 65 21 21 33 21 35 31 636 1168 37 23 27 31 28 59 25 20 21 36 36 26 27 20
leaf_count=3826 85 36 27 24 20 28 385 65 21 21 33 21 35 31 636 1168 37 23 27 31 28 59 25 20 21 36 36 26 27 20
internal_value=-5.27969e-16 -1.11226e-07 -5.23877e-07 7.01394e-09 -8.17338e-09 -1.42074e-06 1.3805e-07 5.35401e-07 2.13934e-07 6.29613e-07 3.61852e-09 -2.7757e-08 -8.13506e-07 -1.63486e-08 7.04515e-08 5.56402e-08 -4.02418e-07 7.2321e-09 -1.73448e-07 1.77936e-07 8.26107e-08 1.02683e-08 1.74914e-07 -2.83993e-07 5.59941e-09 4.01251e-08 -2.65155e-07 -1.43891e-08 3.31066e-08 6.45533e-08
internal_weight=6878 408 91 6470 5798 48 672 168 144 86 5750 3913 56 3857 1837 1804 58 317 154 163 55 131 84 47 504 447 57 411 132 105
internal_count=6878 408 91 6470 5798 48 672 168 144 86 5750 3913 56 3857 1837 1804 58 317 154 163 55 131 84 47 504 447 57 411 132 105
is_linear=0
shrinkage=0.05


Tree=232
num_leaves=21
num_cat=0
split_feature=5 2 26 17 25 18 27 15 15 15 15 12 27 12 11 15 15 15 4 9
split_gain=2.10162e-09 2.81532e-09 6.31489e-09 6.20772e-09 4.12886e-09 4.44391e-09 4.12107e-09 1.95031e-08 2.61542e-08 7.48447e-08 2.54033e-08 2.49149e-08 7.3016e-09 1.35498e-08 1.9473e-08 6.42089e-09 5.79038e-08 1.02286e-08 5.24926e-10 2.32213e-10
threshold=26.250000000000004 228.50000000000003 0.00016943885954449935 0.48563697628355668 0.00015967273393431957 0.00072308000000000008 86.500000000000014 -0.77788789561442695 -0.56369940867848845 -0.60555643346685839 -0.50557503990954278 -0.37940952255126065 82.500000000000014 -0.25881904510252113 20.703125000000004 0.22491561436810906 0.28313308994381586 0.04621408538533487 99.500000000000014 -44.530729236693439
decision_type=2 2 2 2 2 2 2 2 2 2 2 2 2 2 2 2 2 2 2 2
left_child=1 6 -3 -4 -5 -6 12 11 9 -9 -10 -8 15 14 -14 17 -17 -1 -13 -15
right_child=-2 2 3 4 5 -7 7 8 10 -11 -12 18 13 19 -16 16 -18 -19 -20 -21
leaf_value=-9.0158464823835314e-09 4.0425917564590468e-07 -6.7887250192756181e-07 9.7052134349170335e-07 7.3015905319205278e-07 -5.2662916428489179e-08 3.345160780016871e-07 2.1754211138613755e-06 5.7869283135428228e-08 1.6719825711675186e-06 -3.0275355590940005e-06 -1.3868371086039818e-07 -9.7443533826443398e-08 2.1409746998622064e-06 -1.2093695583536765e-07 3.7246268840879737e-08 1.107576250360831e-06 -1.360739486805306e-08 -2.7859129529248788e-07 2.3353936808234722e-07 5.7726787552134985e-08
leaf_weight=3780 32 23 23 26 223 111 20 57 20 30 616 23 22 31 22 127 1235 388 25 44
leaf_count=3780 32 23 23 26 223 111 20 57 20 30 616 23 22 31 22 127 1235 388 25 44
internal_value=4.28111e-16 -1.88961e-09 1.25812e-07 1.74135e-07 1.23254e-07 7.60103e-08 -9.94034e-09 -1.16828e-07 -1.9297e-07 -1.00606e-06 -8.17445e-08 6.92731e-07 5.02665e-09 3.92536e-07 1.08911e-06 -3.31216e-09 9.09376e-08 -3.41107e-08 7.49434e-08 -1.61209e-08
internal_weight=6878 6846 406 383 360 334 6440 791 723 87 636 68 5649 119 44 5530 1362 4168 48 75
internal_count=6878 6846 406 383 360 334 6440 791 723 87 636 68 5649 119 44 5530 1362 4168 48 75
is_linear=0
shrinkage=0.05


Tree=233
num_leaves=17
num_cat=0
split_feature=14 4 8 3 8 14 8 14 14 22 5 21 5 15 14 14
split_gain=2.26285e-09 1.75457e-08 1.14136e-08 4.38947e-08 1.09526e-08 8.4027e-09 1.36389e-08 3.5602e-09 1.7043e-08 5.49959e-09 4.18168e-09 1.82556e-08 1.00265e-08 2.56119e-09 1.33348e-09 7.40506e-10
threshold=0.99761913169647187 6.5000000000000009 273.06941131118424 13.15 236.497761277433 0.9962888416657264 236.497761277433 0.99466373373798567 0.99374995976406788 4.5000000000000009 5.2500000000000009 773.50000000000011 5.7500000000000009 1.0000000180025095e-35 0.99966190462023474 0.99939377080793557
decision_type=2 2 2 2 2 2 2 2 2 2 2 2 2 2 2 2
left_child=5 -2 4 -4 13 7 -7 8 10 -9 11 -1 -12 15 -15 -3
right_child=1 2 3 -5 -6 6 -8 9 -10 -11 12 -13 -14 14 -16 -17
leaf_value=5.3801935298293674e-08 1.4979111535947967e-06 -6.2687462610216716e-08 8.6715853125865364e-07 -2.4058197686827048e-06 1.1237358027874169e-06 7.9279605626049306e-08 -1.6197024292198747e-06 -1.2902336208899512e-07 -1.3331976874771576e-06 9.4230332507549981e-07 -3.938019680989581e-07 1.1995380642165149e-06 -3.7530230515655515e-09 -4.8492848213145732e-09 4.9755332327094952e-07 -4.5216442812873611e-07
leaf_weight=1015 22 23 21 20 27 27 21 23 24 25 170 36 5345 28 25 26
leaf_count=1015 22 23 21 20 27 27 21 23 24 25 170 36 5345 28 25 26
internal_value=5.32468e-16 1.69239e-07 -2.70725e-09 -7.29416e-07 2.28262e-07 -4.85998e-09 -6.64025e-07 -9.3493e-11 -3.21861e-09 4.28959e-07 1.64272e-09 9.30469e-08 -1.57763e-08 -8.77484e-09 2.32133e-07 -2.69349e-07
internal_weight=6878 192 170 41 129 6686 48 6638 6590 48 6566 1051 5515 102 53 49
internal_count=6878 192 170 41 129 6686 48 6638 6590 48 6566 1051 5515 102 53 49
is_linear=0
shrinkage=0.05


Tree=234
num_leaves=25
num_cat=0
split_feature=14 14 8 9 24 14 12 5 12 24 14 8 8 14 4 2 25 12 3 12 5 9 8 2
split_gain=2.21553e-09 5.57969e-09 2.74273e-08 2.35379e-08 8.80349e-09 7.75053e-09 1.95423e-08 5.46648e-09 9.67542e-09 5.42861e-09 4.80647e-09 3.61279e-08 3.38218e-08 7.1127e-09 4.37676e-09 3.69683e-09 3.63791e-09 1.23574e-09 1.13616e-09 8.62817e-10 8.45642e-10 2.42813e-10 7.4622e-11 2.22354e-11
threshold=-0.99630266176052629 -0.9905448150984083 259.41841140483615 -31.161258420389963 0.00033753816640886436 -0.98523971305672675 -0.70710678118654735 19.050000000000004 -0.60355339059327362 0.00013100653911868145 -0.95995996396290595 248.02962813885136 263.47423577758337 -0.95754239937548935 3.5000000000000004 209.50000000000003 0.00013100653911868145 -1.0000000180025095e-35 23.950000000000003 -0.25881904510252113 10.750000000000002 -59.28622279728674 104.73171681483105 131.50000000000003
decision_type=2 2 2 2 2 2 2 2 2 2 2 2 2 2 2 2 2 2 2 2 2 2 2 2
left_child=7 2 4 -4 9 6 -3 8 14 20 11 15 -13 -12 18 -7 -15 -8 -1 -10 -2 -21 -19 -23
right_child=1 5 3 -5 -6 10 17 -9 19 -11 13 12 -14 16 -16 -17 -18 22 -20 21 -22 23 -24 -25
leaf_value=1.3109208831944367e-06 4.0037896610556344e-07 1.6829739861871457e-06 -2.130147618117917e-07 -2.6388082551420669e-06 -6.6215246108556506e-07 8.8551089133261829e-08 3.6949460707091936e-07 -5.5054793324416104e-07 2.6576346901610697e-07 1.0958637852809261e-06 8.6361166703833687e-07 -2.6433659533485418e-06 -4.7656727345671317e-07 3.2485890591702861e-08 2.0388780216743878e-07 6.3465084699612211e-07 -4.6727997503679945e-08 -4.5623365046987278e-08 7.8434976675367822e-07 -1.8546021185272823e-07 -3.1594632927918443e-09 -2.3701889265440767e-08 -1.6873954812979265e-07 3.3378506011675051e-08
leaf_weight=21 20 24 20 20 27 168 20 25 27 20 24 23 83 3664 24 38 2398 32 20 25 37 76 20 22
leaf_count=21 20 24 20 20 27 168 20 25 27 20 24 23 83 3664 24 38 2398 32 20 25 37 76 20 22
internal_value=2.38587e-16 -5.39591e-09 -3.1324e-07 -1.42591e-06 1.1471e-07 1.43033e-09 4.4736e-07 1.49242e-07 2.30613e-07 3.87116e-07 -5.2607e-09 -1.96664e-07 -9.46722e-07 4.55163e-09 7.40148e-07 1.89288e-07 1.15054e-09 3.54882e-08 1.05406e-06 9.81395e-09 1.38433e-07 -4.63701e-08 -9.29757e-08 -1.08879e-08
internal_weight=6878 6638 144 40 104 6494 96 240 215 77 6398 312 106 6086 65 206 6062 72 41 150 57 123 52 98
internal_count=6878 6638 144 40 104 6494 96 240 215 77 6398 312 106 6086 65 206 6062 72 41 150 57 123 52 98
is_linear=0
shrinkage=0.05


Tree=235
num_leaves=24
num_cat=0
split_feature=14 15 8 14 12 14 12 14 12 14 12 14 8 14 15 8 8 14 18 27 27 5 3
split_gain=2.19493e-09 4.55671e-08 1.04602e-07 3.61117e-08 9.50512e-08 3.44241e-08 4.11452e-08 4.11066e-08 1.05046e-07 3.19248e-08 6.80532e-08 2.57636e-08 5.2619e-08 2.74076e-08 1.12836e-08 4.19949e-08 3.47412e-08 9.27945e-09 8.42558e-09 8.01309e-09 2.9841e-09 1.58422e-09 4.8685e-10
threshold=0.94978112945126536 -0.25206183926700709 271.78126056529027 0.93845596220871974 -0.5 0.95998215779580554 -0.25881904510252113 0.96687895796550427 -0.25881904510252113 0.92922379131507438 -0.5 0.91939013254733981 264.26802773333429 0.91596454896554913 1.0000000180025095e-35 263.47423577758337 276.26012101658677 0.9053161325100999 0.00030732500000000006 15.833333333333334 49.833333333333336 6.5500000000000007 13.550000000000002
decision_type=2 2 2 2 2 2 2 2 2 2 2 2 2 2 2 2 2 2 2 2 2 2 2
left_child=3 2 19 9 -5 6 -3 8 -7 11 -11 13 18 17 15 -9 -16 -1 -13 -2 -12 22 -6
right_child=1 5 -4 4 21 7 -8 14 -10 10 20 12 -14 -15 16 -17 -18 -19 -20 -21 -22 -23 -24
leaf_value=-3.7371561733905757e-09 -4.775397858155664e-07 -2.9980870908730141e-06 -3.974318767537474e-06 3.1978098604668048e-06 -5.0680399965585821e-07 4.2985674605233723e-06 -2.8773703785049877e-08 -1.7373627621073193e-07 -4.4589738113895043e-07 -3.2251135555346387e-06 -4.112583992550645e-07 -5.4577579008555486e-07 2.9210162942352169e-06 -1.6897542681119464e-06 9.7013231124830753e-08 9.6271982159127253e-07 -1.0548977876195152e-06 5.6749513602794013e-07 7.7911282444022485e-07 8.328380308686435e-07 3.8344614381458089e-07 1.8147815226872885e-07 -1.5793083377957375e-07
leaf_weight=5654 28 20 24 32 20 20 28 236 28 24 21 28 23 24 274 124 86 72 21 20 27 24 20
leaf_count=5654 28 20 24 32 20 20 28 236 28 24 21 28 23 24 274 124 86 72 21 20 27 24 20
internal_value=3.6246e-16 -7.33595e-08 -1.27914e-06 1.08753e-08 9.7282e-07 3.30328e-08 -1.26599e-06 1.14222e-07 1.53096e-06 -4.79257e-09 -1.0512e-06 8.14818e-09 9.48098e-07 -3.62162e-09 1.97721e-08 2.1771e-07 -1.78166e-07 3.44565e-09 2.20336e-08 6.8451e-08 3.57629e-08 -1.39675e-07 -3.32367e-07
internal_weight=6878 888 72 5990 96 816 48 768 48 5894 72 5822 72 5750 720 360 360 5726 49 48 48 64 40
internal_count=6878 888 72 5990 96 816 48 768 48 5894 72 5822 72 5750 720 360 360 5726 49 48 48 64 40
is_linear=0
shrinkage=0.05


Tree=236
num_leaves=16
num_cat=0
split_feature=15 15 14 15 8 15 8 15 15 14 21 12 14 13 3
split_gain=2.07626e-09 3.50436e-09 1.30256e-08 4.98307e-09 1.28536e-08 8.18551e-09 2.5449e-08 4.29513e-09 3.4742e-08 1.36014e-08 2.46209e-09 4.55144e-09 1.2916e-09 4.29621e-10 3.24579e-10
threshold=0.98929220549296726 0.96901616890815878 0.23537774960157334 0.94975093725139803 233.17242719103459 0.91936090643431534 250.03553974331544 0.61913436964878354 0.59175731018202693 0.69676570133721638 263.50000000000006 -0.37940952255126065 0.36648264796514479 0.78656609248549303 20.550000000000004
decision_type=2 2 2 2 2 2 2 2 2 2 2 2 2 2 2
left_child=1 3 10 5 14 7 12 8 -1 -9 11 -3 -7 -13 -5
right_child=-2 2 -4 4 -6 6 -8 9 -10 -11 -12 13 -14 -15 -16
leaf_value=3.0761013301842641e-09 4.6424386367741975e-07 7.7364202894614224e-07 -1.3090188514771247e-06 1.595794331764541e-09 1.1081722722473665e-06 -1.0267031575940743e-07 -1.545495168703123e-06 -1.3078001257764757e-08 -1.3476957995806061e-06 4.8146086520835707e-07 -3.7896461861919307e-07 -3.1482743159924362e-09 2.9517869134063884e-07 -2.8263517187099297e-07 -2.3972923725326923e-07
leaf_weight=5750 24 20 24 38 36 51 35 504 48 192 36 44 34 20 22
leaf_count=5750 24 20 24 38 36 51 35 504 48 192 36 44 34 20 22
internal_value=3.07078e-16 -1.6256e-09 -2.45678e-07 3.61188e-09 3.61258e-07 -1.57924e-09 -4.1077e-07 5.98204e-09 -8.10656e-09 1.23347e-07 -3.30093e-08 1.15257e-07 5.64693e-08 -9.04879e-08 -8.68901e-08
internal_weight=6878 6854 144 6710 96 6614 120 6494 5798 696 120 84 85 64 60
internal_count=6878 6854 144 6710 96 6614 120 6494 5798 696 120 84 85 64 60
is_linear=0
shrinkage=0.05


Tree=237
num_leaves=31
num_cat=0
split_feature=14 15 8 3 24 3 14 14 14 12 12 14 14 14 14 8 8 3 14 12 12 27 27 15 7 8 14 27 18 15
split_gain=2.08391e-09 2.03177e-08 4.36122e-08 9.55358e-08 7.68447e-08 2.47855e-08 2.00803e-08 1.8889e-08 5.91898e-08 1.65268e-07 4.07039e-08 4.28653e-08 1.94438e-08 1.72579e-08 3.61769e-08 1.41114e-07 2.76665e-08 3.34342e-08 2.303e-08 6.16214e-08 8.29947e-09 9.38608e-09 7.67326e-09 1.3432e-08 7.18857e-09 7.03407e-09 6.32904e-09 3.11375e-09 2.89553e-09 1.60438e-09
threshold=0.63257020223555627 -0.63257203029273779 258.44490064136215 16.850000000000005 0.00016943885954449935 20.250000000000004 0.64579916509010216 0.78857998149907527 0.80417553764032002 -0.5 -0.5 0.74443451080969758 0.80926549319045582 0.54219432480460406 0.51297097409535064 281.45339261052226 288.92278723469821 15.350000000000003 0.48314048284850658 -0.5 -0.70710678118654735 32.166666666666679 99.833333333333357 -0.21022037796396451 116.0398335207674 180.42615366829014 0.23537774960157334 1.1666666666666667 0.00076682000000000009 0.83846383739339581
decision_type=2 2 2 2 2 2 2 2 2 2 2 2 2 2 2 2 2 2 2 2 2 2 2 2 2 2 2 2 2 2
left_child=13 2 -2 24 -5 -6 -3 10 9 -9 11 -8 -10 14 18 25 20 -18 22 -20 21 -15 26 -24 -4 29 -1 -21 -22 -16
right_child=1 6 3 4 5 -7 7 8 12 -11 -12 -13 -14 16 15 -17 17 -19 19 27 28 -23 23 -25 -26 -27 -28 -29 -30 -31
leaf_value=1.3319860293393161e-08 7.9238846672834345e-08 -1.425566999994447e-06 1.1958106073428138e-06 -4.7675869382146633e-06 4.3003163138369675e-08 -2.416434297174419e-06 3.0463557902926653e-07 -4.8272260087856015e-06 1.4364203710925949e-06 2.5441902078426893e-07 -1.5658503724995982e-08 2.2812475980534448e-06 3.5416799250160664e-09 -1.0618351415527999e-07 6.5491023815411611e-07 -4.7027798347087925e-06 -2.5623586323449261e-08 2.5592542109389516e-06 2.5728959359483387e-06 2.9392041931501993e-07 -4.6186287556299452e-08 1.180059601362909e-06 1.1718704208676258e-06 8.5327591233708785e-08 -1.0031321039605246e-07 -6.3049309809920735e-07 -1.5648517043018482e-07 -4.1226567621354639e-07 5.8779680671250396e-07 8.2581037830209436e-08
leaf_weight=3074 157 24 23 23 21 20 64 24 24 48 224 48 1752 23 25 20 22 29 32 27 181 37 37 123 20 27 668 37 20 24
leaf_count=3074 157 24 23 23 21 20 64 24 24 48 224 48 1752 23 25 20 22 29 32 27 181 37 37 123 20 27 668 37 20 24
internal_value=4.26384e-16 -3.67431e-08 -4.51296e-07 -1.22975e-06 -2.45438e-06 -1.15672e-06 1.2823e-08 2.86295e-08 -3.40705e-08 -1.43946e-06 3.73479e-07 1.15176e-06 2.29049e-08 2.06148e-08 -6.70295e-09 -9.65877e-07 3.79073e-07 1.44421e-06 1.63288e-08 7.81403e-07 1.70943e-07 6.87e-07 -2.49419e-09 3.36591e-07 5.92962e-07 1.75183e-08 -1.69927e-08 -1.14343e-07 1.68966e-08 3.74586e-07
internal_weight=6878 2472 264 107 64 41 2208 2184 1848 72 336 112 1776 4406 4094 96 312 51 3998 96 261 60 3902 160 43 76 3742 64 201 49
internal_count=6878 2472 264 107 64 41 2208 2184 1848 72 336 112 1776 4406 4094 96 312 51 3998 96 261 60 3902 160 43 76 3742 64 201 49
is_linear=0
shrinkage=0.05


Tree=238
num_leaves=31
num_cat=0
split_feature=5 27 26 12 21 2 5 15 15 15 12 14 12 15 12 20 14 4 14 27 14 27 14 12 5 12 14 12 14 9
split_gain=2.09113e-09 1.28138e-08 1.48507e-08 2.37866e-08 1.84616e-08 1.32926e-08 1.11608e-08 9.5822e-09 6.38336e-08 1.50671e-08 5.33777e-08 1.9437e-08 1.78033e-08 2.99092e-08 1.17034e-08 7.80484e-09 7.20324e-09 1.5704e-08 1.22953e-08 2.34026e-08 2.82894e-08 1.90359e-08 1.20423e-08 3.88067e-08 7.48968e-08 2.28624e-08 1.20724e-08 8.74636e-08 7.20454e-08 4.2986e-08
threshold=13.550000000000002 1.5000000000000002 0.00021991121521710514 -0.25881904510252113 610.50000000000011 110.50000000000001 16.050000000000004 -0.6523320455745395 -0.67168186667784702 0.27487873330147788 -0.70710678118654735 -0.78921557292475952 -0.9159756150367534 0.68430231102288386 -0.9159756150367534 0.00051742500000000007 0.99761913169647187 10.500000000000002 0.99939377080793557 80.166666666666671 0.99983759474438971 66.166666666666671 0.97875492728876534 -0.70710678118654735 7.1500000000000012 -0.9159756150367534 0.96465729447553372 -0.70710678118654735 0.96234642434711437 14.915637266863286
decision_type=2 2 2 2 2 2 2 2 2 2 2 2 2 2 2 2 2 2 2 2 2 2 2 2 2 2 2 2 2 2
left_child=16 2 3 4 6 -4 -2 8 14 10 11 -9 13 -11 -3 -7 22 -18 21 20 -20 -19 26 24 25 -24 28 29 -1 -28
right_child=1 7 5 -5 -6 15 -8 9 -10 12 -12 -13 -14 -15 -16 -17 17 18 19 -21 -22 -23 23 -25 -26 -27 27 -29 -30 -31
leaf_value=-8.6935761429295013e-09 1.8808683652705754e-07 -1.086585557284427e-06 -7.7588822263007213e-07 -2.2875369640623353e-08 2.6338108477830245e-06 1.1144990602203294e-06 1.6296897829306546e-06 4.1524545913227066e-07 -2.6645565528724548e-06 -1.7742170134974564e-06 1.865708002817116e-08 1.8399252777242276e-06 -1.4358143487985191e-08 3.9064663284265138e-07 1.0293868740858675e-08 9.1046373712828779e-08 1.3908043227063769e-06 -8.2819488045338119e-08 -7.2027599649755549e-07 -1.7916630554282165e-06 1.5944240168153101e-06 1.88356693954006e-06 -1.5582151591718774e-06 1.9754092326351725e-08 4.0698628830731261e-07 -3.8913313628221484e-06 4.0847064201443573e-06 -2.4588861410441353e-07 -2.7555868927109374e-06 8.0652200836084369e-07
leaf_weight=4426 29 26 39 57 20 23 25 39 25 39 453 62 495 27 376 98 28 32 33 20 22 20 21 200 35 21 20 123 24 20
leaf_count=4426 29 26 39 57 20 23 25 39 25 39 453 62 495 27 376 98 28 32 33 20 22 20 21 200 35 21 20 123 24 20
internal_value=1.02848e-15 4.57382e-08 3.50053e-07 7.44802e-07 1.33612e-06 2.68524e-08 8.55496e-07 -1.16909e-08 -2.13102e-07 6.54415e-08 2.504e-07 1.2898e-06 -1.17209e-07 -8.88591e-07 -6.06486e-08 2.85587e-07 -1.66181e-08 3.18959e-07 8.26463e-08 -3.27001e-07 2.05604e-07 6.73483e-07 -2.7255e-08 -3.47455e-07 -1.30125e-06 -2.72477e-06 -8.02766e-09 4.14603e-07 -2.35083e-08 2.44561e-06
internal_weight=6878 1833 291 131 74 160 54 1542 427 1115 554 101 561 66 402 121 5045 155 127 75 55 52 4890 277 77 42 4613 163 4450 40
internal_count=6878 1833 291 131 74 160 54 1542 427 1115 554 101 561 66 402 121 5045 155 127 75 55 52 4890 277 77 42 4613 163 4450 40
is_linear=0
shrinkage=0.05


Tree=239
num_leaves=20
num_cat=0
split_feature=5 2 9 12 8 14 27 27 14 14 8 5 5 8 8 14 15 14 20
split_gain=2.06385e-09 2.44585e-09 5.07773e-09 9.33593e-09 5.58047e-09 5.54592e-09 3.91677e-09 2.34935e-08 2.26141e-08 8.56163e-08 1.62129e-08 4.46631e-09 1.6566e-08 2.28545e-08 1.58065e-08 7.43117e-09 9.01693e-08 1.77255e-08 2.71999e-09
threshold=26.250000000000004 228.50000000000003 40.723617904695075 -0.70710678118654735 242.84748527535143 0.49812943072827093 97.166666666666671 97.833333333333357 0.79383249484937135 0.85226249403558707 288.15751301811184 4.9500000000000011 4.0500000000000007 257.47764452810685 288.92278723469821 0.89787622492179153 -0.16799793862756093 0.85226249403558707 0.00031548500000000006
decision_type=2 2 2 2 2 2 2 2 2 2 2 2 2 2 2 2 2 2 2
left_child=1 6 -3 -4 18 -6 11 -8 10 -10 -9 12 14 -14 -1 17 -17 -13 -5
right_child=-2 2 3 4 5 -7 7 8 9 -11 -12 15 13 -15 -16 16 -18 -19 -20
leaf_value=1.0913304486408282e-07 4.0060964465737927e-07 7.2166354634362053e-07 -8.3013051026783725e-07 -4.9836130583138411e-07 1.0382432022989604e-06 2.3088175411926802e-10 -1.5033459668719236e-06 4.4985923470140034e-08 -2.8936806424164918e-06 9.0430698773887788e-08 1.1201960370638006e-06 -1.3658539715383591e-08 -2.5370837497844492e-08 8.6239165227258102e-07 -4.5656550872662047e-07 -9.3486228203853917e-07 2.064687666973196e-07 4.6620958001886258e-07 9.2161292773658031e-08
leaf_weight=466 32 32 27 21 31 22 30 242 31 107 41 4066 146 144 168 254 543 202 273
leaf_count=466 32 32 27 21 31 22 30 242 31 107 41 4066 146 144 168 254 543 202 273
internal_value=2.63101e-16 -1.87255e-09 1.17155e-07 6.54319e-08 1.35115e-07 6.0737e-07 -9.37644e-09 -1.51472e-07 -5.51387e-08 -5.79913e-07 2.00758e-07 1.32401e-09 1.02417e-07 4.15449e-07 -4.07681e-08 -1.71182e-08 -1.57268e-07 9.05312e-09 4.99811e-08
internal_weight=6878 6846 406 374 347 53 6440 451 421 138 283 5989 924 290 634 5065 797 4268 294
internal_count=6878 6846 406 374 347 53 6440 451 421 138 283 5989 924 290 634 5065 797 4268 294
is_linear=0
shrinkage=0.05


Tree=240
num_leaves=21
num_cat=0
split_feature=21 17 17 21 6 24 2 18 25 21 6 21 14 14 12 17 14 12 14 3
split_gain=2.10519e-09 5.54808e-09 4.87508e-09 2.53183e-09 3.27873e-08 2.22742e-08 4.60378e-08 1.85771e-08 1.47443e-08 1.40213e-08 3.48342e-08 7.48349e-09 5.33091e-09 7.14092e-08 1.68635e-07 3.52732e-08 1.94913e-08 5.28339e-08 1.00144e-08 2.01018e-09
threshold=981.50000000000011 0.97883610027480372 0.99329602496277714 566.50000000000011 8.7105000000000014e-05 0.00021823597881184394 119.50000000000001 0.00027893500000000007 8.1672832208138082e-05 539.50000000000011 0.00020605000000000002 747.50000000000011 0.78857998149907527 0.80417553764032002 1.0000000180025095e-35 0.98611014922912044 0.76696112484652046 -1.0000000180025095e-35 0.73865729060996166 22.450000000000003
decision_type=2 2 2 2 2 2 2 2 2 2 2 2 2 2 2 2 2 2 2 2
left_child=3 -2 -3 9 -5 6 -6 -7 -9 12 -11 -8 16 14 -14 -15 18 -18 -1 -12
right_child=1 2 -4 4 5 7 11 8 -10 10 19 -13 13 15 -16 -17 17 -19 -20 -21
leaf_value=3.0742461598167557e-08 -2.6105635619199442e-07 1.1517415308178029e-06 7.3144482257703208e-08 -1.8929553102490599e-06 2.7976099841810409e-06 -1.5867971382022005e-06 5.5797389638334198e-07 1.1765362306922121e-06 -7.3416289546449982e-08 2.1349921629391872e-06 2.5669512039632322e-07 -6.4973081301243092e-07 -5.2372491748800802e-06 3.7484192018248082e-08 4.1416573803113964e-07 -1.434628031761674e-06 2.8239032093571712e-06 -1.0067027054619902e-07 -5.1517159141436092e-07 -3.0484126393541072e-07
leaf_weight=3626 29 22 20 24 21 20 29 24 1390 27 34 23 22 1306 33 42 23 47 86 30
leaf_count=3626 29 22 20 24 21 20 29 24 1390 27 34 23 22 1306 33 42 23 47 86 30
internal_value=-9.72115e-17 2.70853e-07 6.38124e-07 -2.82512e-09 -5.94327e-08 -3.02326e-08 8.21743e-07 -7.36037e-08 -5.22007e-08 1.36014e-08 6.2887e-07 2.37968e-08 2.80302e-09 -8.04362e-08 -1.8464e-06 -8.38281e-09 3.36821e-08 8.60261e-07 1.80947e-08 -6.52506e-09
internal_weight=6878 71 42 6807 1531 1507 73 1434 1414 5276 91 52 5185 1403 55 1348 3782 70 3712 64
internal_count=6878 71 42 6807 1531 1507 73 1434 1414 5276 91 52 5185 1403 55 1348 3782 70 3712 64
is_linear=0
shrinkage=0.05


Tree=241
num_leaves=31
num_cat=0
split_feature=3 11 4 5 14 12 27 12 14 3 5 27 25 15 14 15 14 22 7 18 25 0 6 15 16 6 18 15 22 8
split_gain=1.98594e-09 8.97482e-09 2.89765e-08 8.35202e-09 2.01638e-08 3.53753e-08 1.89497e-08 1.04253e-08 7.84858e-09 7.09406e-09 2.08681e-08 1.31501e-08 1.06655e-08 6.91338e-09 5.90601e-09 4.66476e-08 1.77315e-08 5.85308e-09 7.81859e-08 2.28047e-08 2.15335e-08 2.44396e-08 1.91595e-08 1.81026e-08 1.60438e-08 1.29107e-08 1.11947e-08 9.35671e-09 5.79361e-09 5.04565e-09
threshold=19.950000000000003 21.006250000000005 71.500000000000014 5.3500000000000005 0.1051661082335764 -0.78656609248549292 9.5000000000000018 -0.9159756150367534 -0.1350501201252472 19.750000000000004 7.7500000000000009 58.833333333333336 7.8057909506170357e-05 -0.99983123799342477 0.9550229469509578 -0.16799793862756093 0.76696112484652046 213.50000000000003 74.86524398257437 0.00013093500000000002 1.4076008416253892e-05 133.50000000000003 0.00010911 0.097680735332368748 214.45000000000002 0.00014438500000000002 7.8090000000000006e-05 0.32410992729244009 690.50000000000011 284.39925620700222
decision_type=2 2 2 2 2 2 2 2 2 2 2 2 2 2 2 2 2 2 2 2 2 2 2 2 2 2 2 2 2 2
left_child=9 2 8 4 7 6 -6 -3 29 17 -11 12 -12 -5 16 -16 -15 19 22 24 21 -21 23 -19 26 -24 -1 -22 -7 -2
right_child=1 3 -4 13 5 28 -8 -9 -10 10 11 -13 -14 14 15 -17 -18 18 -20 20 27 -23 25 -25 -26 -27 -28 -29 -30 -31
leaf_value=-6.6830122035847261e-09 1.1063145682888022e-08 -9.3303708650416943e-07 1.929420736683614e-06 -8.4184615880644744e-07 2.561578950072934e-06 -3.203086689514597e-07 7.8046190949976339e-07 1.0436747070774711e-07 -6.5187795194836849e-07 -1.8414638057877364e-06 9.0951260533977278e-07 -1.1561556148365071e-06 -5.1175067616265386e-07 -2.640999410449155e-08 -1.0528461397486544e-06 4.3071154629770764e-07 4.5032313762550622e-07 2.0703643836128552e-06 -3.0826361611699128e-06 4.5349453817574871e-07 -6.1373610572938266e-07 2.8957107895166699e-06 -1.342582473149551e-06 1.3544142487746839e-08 1.1416805173780632e-06 -7.6803086768162398e-08 -6.9648531515772072e-07 7.9753683615496382e-07 6.8378386117728953e-07 8.4638565586350648e-07
leaf_weight=2983 48 33 26 25 28 51 32 91 28 21 33 20 22 2202 99 114 214 20 22 21 24 20 21 23 30 495 60 23 20 29
leaf_count=2983 48 33 26 25 28 51 32 91 28 21 33 20 22 2202 99 114 214 20 22 21 24 20 21 23 30 495 60 23 20 29
internal_value=3.78842e-16 3.01882e-08 4.35027e-07 1.19573e-08 2.85279e-07 7.17854e-07 1.61165e-06 -1.71716e-07 6.4987e-08 -2.39115e-08 -4.48317e-07 -5.82361e-08 3.41007e-07 -1.43039e-08 -6.4345e-09 -2.58829e-07 1.58172e-08 -1.30235e-08 -1.58883e-07 1.37859e-08 8.07401e-07 1.64482e-06 -4.38157e-08 9.70205e-07 -8.94049e-09 -1.28317e-07 -2.02841e-08 7.68868e-08 -3.74657e-08 3.25665e-07
internal_weight=6878 3040 131 2909 255 131 60 124 105 3838 96 75 55 2654 2629 213 2416 3742 581 3161 88 41 559 43 3073 516 3043 47 71 77
internal_count=6878 3040 131 2909 255 131 60 124 105 3838 96 75 55 2654 2629 213 2416 3742 581 3161 88 41 559 43 3073 516 3043 47 71 77
is_linear=0
shrinkage=0.05


Tree=242
num_leaves=31
num_cat=0
split_feature=5 27 8 8 3 6 8 14 8 5 12 8 12 14 11 5 21 18 14 14 3 8 12 14 12 5 12 14 12 14
split_gain=1.95923e-09 1.23709e-08 2.57153e-08 1.44662e-08 1.06888e-08 2.98578e-08 2.12851e-08 8.28366e-09 3.67592e-08 4.20056e-08 2.9402e-08 2.50005e-08 2.36516e-08 2.18095e-08 9.65277e-09 8.47421e-09 7.94211e-09 6.45715e-09 6.13214e-09 1.43532e-08 1.96104e-08 3.33197e-08 3.28181e-08 1.13733e-08 3.54718e-08 6.77411e-08 2.03759e-08 1.11224e-08 7.70144e-08 6.06647e-08
threshold=13.550000000000002 1.5000000000000002 271.12862323049529 309.26761614651997 29.850000000000005 0.00059969000000000005 239.78407604440201 0.80417553764032002 264.98143754926701 16.250000000000004 -0.98296291314453399 289.66728801412097 -0.37940952255126065 0.86548282553247169 14.303125000000003 20.950000000000003 883.50000000000011 0.00047676000000000006 0.99761913169647187 0.99818282439137029 13.250000000000002 265.67311376027436 0.12940952255126045 0.97875492728876534 -0.70710678118654735 7.1500000000000012 -0.9159756150367534 0.96465729447553372 -0.70710678118654735 0.96234642434711437
decision_type=2 2 2 2 2 2 2 2 2 2 2 2 2 2 2 2 2 2 2 2 2 2 2 2 2 2 2 2 2 2
left_child=18 2 4 -4 6 -6 -2 10 16 13 -3 14 -13 -10 -12 -11 17 -9 23 -20 22 -22 -21 27 25 26 -25 29 -29 -1
right_child=1 7 3 -5 5 -7 -8 8 9 15 11 12 -14 -15 -16 -17 -18 -19 19 20 21 -23 -24 24 -26 -27 -28 28 -30 -31
leaf_value=-8.4788086204189993e-09 -8.9214788859739795e-09 -1.7222615050977091e-06 1.7653191840222028e-06 2.9810983030691729e-07 -2.0656972861843314e-06 3.6898128043690928e-07 1.3929259511889862e-06 7.9060289399248888e-09 3.2646370891598053e-06 4.9648455499296827e-07 -5.4631989054865215e-07 -1.3687231142876766e-06 -1.5577284316422109e-07 1.1721677598223214e-06 1.1220981542062645e-07 -6.2370984687731839e-07 8.0658071263552199e-07 -4.3188323582855366e-07 1.4461997658706284e-06 2.316302789040492e-06 2.8191408025790564e-07 -2.1775808417736528e-06 -3.9078427473526743e-08 -1.5014887846323941e-06 1.3997965318424121e-08 3.7561450665992072e-07 -3.7040805571970329e-06 2.3042802683903578e-06 -2.2133481825295622e-07 -2.5290953059216767e-06
leaf_weight=4426 133 27 42 28 20 34 34 230 20 52 60 63 111 33 767 25 23 131 23 21 40 21 50 21 200 35 21 40 123 24
leaf_count=4426 133 27 42 28 20 34 34 230 20 52 60 63 111 33 767 25 23 131 23 21 40 21 50 21 200 35 21 40 123 24
internal_value=6.66368e-17 4.42722e-08 3.43281e-07 1.17844e-06 7.87527e-08 -5.32752e-07 2.76485e-07 -1.21556e-08 1.51735e-07 8.78452e-07 -9.41008e-08 -5.01844e-08 -5.94944e-07 1.96178e-06 6.44326e-08 1.32785e-07 -9.4289e-08 -1.51685e-07 -1.60854e-08 2.93538e-07 9.26955e-08 -5.64797e-07 6.57584e-07 -2.58997e-08 -3.37079e-07 -1.24897e-06 -2.60278e-06 -7.21406e-09 3.98448e-07 -2.20731e-08
internal_weight=6878 1833 291 70 221 54 167 1542 514 130 1028 1001 174 53 827 77 384 361 5045 155 132 61 71 4890 277 77 42 4613 163 4450
internal_count=6878 1833 291 70 221 54 167 1542 514 130 1028 1001 174 53 827 77 384 361 5045 155 132 61 71 4890 277 77 42 4613 163 4450
is_linear=0
shrinkage=0.05


Tree=243
num_leaves=23
num_cat=0
split_feature=5 2 0 8 1 8 0 8 27 27 14 15 8 5 8 5 8 5 20 8 6 20
split_gain=2.01239e-09 2.23366e-09 4.86061e-09 1.16905e-08 8.58005e-09 1.11604e-08 5.71348e-09 3.78873e-09 3.61335e-09 2.10905e-08 2.04141e-08 5.91467e-08 1.06754e-08 4.28179e-09 2.2913e-08 8.00485e-09 3.36661e-08 1.70059e-08 3.31165e-09 4.09338e-09 2.35772e-09 8.35362e-10
threshold=26.250000000000004 228.50000000000003 548.50000000000011 246.72101321124265 409.05000000000007 211.07666614949042 445.50000000000006 201.31954222287254 97.166666666666671 97.833333333333357 0.67802080537253973 -0.56369940867848845 246.72101321124265 20.950000000000003 241.47447747126355 17.450000000000003 262.0306077339032 17.050000000000004 0.00062359500000000012 250.03553974331544 0.0007098400000000001 0.00063611000000000017
decision_type=2 2 2 2 2 2 2 2 2 2 2 2 2 2 2 2 2 2 2 2 2 2
left_child=1 8 3 6 5 -4 -3 -8 13 -10 12 -12 -11 15 21 17 -17 -1 20 -20 -6 -15
right_child=-2 2 4 -5 18 -7 7 -9 9 10 11 -13 -14 14 -16 16 -18 -19 19 -21 -22 -23
leaf_value=3.6964232247137634e-09 3.9558358739810733e-07 -5.1274172574267143e-07 6.5760894140491176e-08 1.3719615097329552e-06 -3.1962696330315008e-07 -1.3981785529089711e-06 8.4614309271483088e-08 9.0911229232336734e-07 -1.4263732809164747e-06 -2.2248457299832834e-08 -2.3432710876517486e-06 -9.9625120926534529e-09 6.4925812785376317e-07 1.9948516263548458e-08 -1.3093888411183286e-06 -6.5568127720328114e-08 1.0265934664676952e-06 -7.7519509484837803e-07 1.6639916688546516e-07 9.1465387228595321e-07 2.4576210826410262e-07 3.7174011843887913e-07
leaf_weight=5401 32 25 30 24 54 23 38 22 30 157 34 135 95 108 39 252 98 71 141 21 28 20
leaf_count=5401 32 25 30 24 54 23 38 22 30 157 34 135 95 108 39 252 98 71 141 21 28 20
internal_value=-3.19623e-16 -1.84906e-09 1.11898e-07 3.97471e-07 7.09164e-09 -5.69534e-07 1.22321e-07 3.8693e-07 -9.02007e-09 -1.45501e-07 -5.42272e-08 -4.79386e-07 2.30899e-07 1.25757e-09 -2.48365e-07 8.41782e-09 2.40237e-07 -6.40981e-09 1.32342e-07 2.63395e-07 -1.26567e-07 7.4916e-08
internal_weight=6878 6846 406 109 297 53 85 60 6440 451 421 169 252 5989 167 5822 350 5472 244 162 82 128
internal_count=6878 6846 406 109 297 53 85 60 6440 451 421 169 252 5989 167 5822 350 5472 244 162 82 128
is_linear=0
shrinkage=0.05


Tree=244
num_leaves=29
num_cat=0
split_feature=24 6 8 6 8 6 26 8 22 27 20 14 18 20 25 4 4 14 14 15 8 8 7 22 24 24 8 1
split_gain=2.0075e-09 1.32915e-08 3.03643e-08 8.93103e-09 1.34016e-08 7.59408e-09 8.40743e-09 1.22675e-08 6.84478e-09 1.85552e-08 1.8104e-08 1.11189e-08 1.51131e-08 2.39029e-08 1.42497e-08 8.67128e-09 5.5258e-09 1.87522e-08 1.84056e-07 2.42301e-08 2.02763e-08 4.53236e-08 3.3074e-08 8.94096e-09 9.80559e-09 1.36455e-08 1.32225e-08 3.52993e-09
threshold=0.00040878266867976391 0.00029360500000000001 279.77915454520326 0.00035712500000000007 248.02962813885136 0.00038342000000000004 9.3548340926940412e-05 276.97408129887862 595.50000000000011 0.83333333333333337 0.00055029000000000005 0.80417553764032002 0.0004395300000000001 0.00053674000000000007 0.00035597417632652223 24.500000000000004 99.500000000000014 0.79383249484937135 0.82414472752956958 -0.031174269516803289 284.39925620700222 268.95625165774919 124.87916798629816 570.50000000000011 0.00035381870250170193 0.00028943951351232967 238.25064773721266 378.10000000000008
decision_type=2 2 2 2 2 2 2 2 2 2 2 2 2 2 2 2 2 2 2 2 2 2 2 2 2 2 2 2
left_child=8 2 -2 4 -3 -5 -7 -8 16 10 -10 12 13 -11 -13 -16 23 20 -19 -20 21 -18 -22 24 25 -1 -26 -14
right_child=1 3 -4 5 -6 6 7 -9 9 11 -12 14 27 -15 15 -17 17 18 19 -21 22 -23 -24 -25 26 -27 -28 -29
leaf_value=2.6858660456167413e-08 -1.6278932359880809e-06 -3.9157503920250755e-07 6.0434041631651784e-07 -8.5871928762669227e-07 1.258331402020918e-06 -9.5459284423782273e-07 -3.2387332084079909e-08 1.0251842898664368e-06 2.3102592928125886e-06 -2.1319363662541944e-06 2.53361212110764e-07 1.3147813512947483e-06 8.5617259470735812e-07 -1.5879653563536412e-07 -8.1358218182003852e-07 4.2558625035956272e-07 9.738914403265793e-08 -5.0894697056946829e-06 7.8638707157586319e-07 -5.3303596851851646e-07 2.4350384251192736e-06 -2.0265532638420937e-06 -3.8993131608679374e-08 -9.2487979447142275e-07 -7.0216438509628529e-08 -4.4926260074550906e-07 8.8885906347494865e-07 3.9924033665364247e-08
leaf_weight=4257 39 20 25 28 32 24 1325 28 20 20 23 34 27 66 20 48 244 20 61 81 22 28 35 25 69 156 75 26
leaf_count=4257 39 20 25 28 32 24 1325 28 20 20 23 34 27 66 20 48 244 20 61 81 22 28 35 25 69 156 75 26
internal_value=-1.18948e-16 -5.06947e-08 -7.55927e-07 -1.97168e-08 6.23752e-07 -4.3532e-08 -2.69559e-08 -1.05011e-08 1.43936e-08 2.53264e-07 1.21006e-06 8.25496e-08 -2.08379e-07 -6.17666e-07 4.7901e-07 6.11249e-08 1.02103e-09 -1.58391e-07 -5.98739e-07 3.37584e-08 5.84363e-08 -1.21252e-07 9.15896e-07 1.81034e-08 2.32767e-08 1.00277e-08 4.29302e-07 4.55749e-07
internal_weight=6878 1521 64 1457 52 1405 1377 1353 5357 284 43 241 139 86 102 68 5073 491 162 142 329 272 57 4582 4557 4413 144 53
internal_count=6878 1521 64 1457 52 1405 1377 1353 5357 284 43 241 139 86 102 68 5073 491 162 142 329 272 57 4582 4557 4413 144 53
is_linear=0
shrinkage=0.05


Tree=245
num_leaves=27
num_cat=0
split_feature=8 17 25 5 5 3 8 24 6 17 8 1 24 17 21 8 27 17 21 21 9 19 19 11 6 8
split_gain=2.0207e-09 1.99415e-09 2.43187e-08 3.75447e-08 7.24131e-08 8.69565e-08 4.7905e-08 4.37753e-08 2.26892e-08 1.19764e-08 4.64103e-08 2.36645e-08 6.5541e-08 1.7496e-08 1.50511e-08 4.65982e-08 1.82639e-08 1.54582e-08 1.48629e-08 3.27481e-08 2.65625e-08 9.89254e-09 2.48487e-08 1.91983e-08 9.53517e-09 9.2683e-09
threshold=0.43500081574669031 0.74756785659175773 1.57236673968987e-05 5.1500000000000012 9.9500000000000011 17.250000000000004 283.06589816405784 8.1484278986613401e-05 2.5940000000000002e-05 0.60899439336288885 264.26802773333429 193.80000000000004 0.00015036630814055783 0.6780851317226152 50.500000000000007 263.47423577758337 97.833333333333357 0.52342361186389896 7.5000000000000009 3.5000000000000004 -18.562383315377641 0.00018505000000000003 0.00019982000000000002 28.228125000000002 1.2700000000000002e-05 256.53320538400237
decision_type=2 2 2 2 2 2 2 2 2 2 2 2 2 2 2 2 2 2 2 2 2 2 2 2 2 2
left_child=-1 9 3 7 5 -5 -6 -3 -4 14 24 13 -13 -12 18 16 -16 -17 19 -2 -20 23 -23 -10 -11 -26
right_child=1 2 8 4 6 -7 -8 -9 21 10 11 12 -14 -15 15 17 -18 -19 20 -21 -22 22 -24 -25 25 -27
leaf_value=4.2389289040148781e-07 -1.0481555684048861e-08 6.0840210340172367e-07 -1.2228596269300111e-06 -3.8163014606595879e-06 8.6936749710275778e-09 1.0779646023214203e-07 2.5228138159613977e-06 3.5407607140314216e-06 -1.6174442924656339e-07 -8.6019106134926918e-07 -3.0723165838253408e-06 1.7959434401182946e-06 -1.6687143866916516e-06 -1.2085915736125732e-06 -7.2187459995135278e-07 7.6391660918528127e-07 2.997351153540122e-07 2.1128105878723053e-06 -1.6421138955568471e-06 1.6779486016056235e-06 -1.7254579969066183e-07 -1.2218001123782479e-06 -7.9372183920519444e-09 5.7696068213886071e-07 8.0609550949547665e-09 1.1132762642773741e-06
leaf_weight=28 2957 35 38 20 40 48 36 20 157 30 20 21 39 34 87 116 88 26 37 29 182 43 2159 200 368 20
leaf_count=28 2957 35 38 20 40 48 36 20 157 30 20 21 39 34 87 116 88 26 37 29 182 43 2159 200 368 20
internal_value=3.44813e-16 -1.7327e-09 3.07519e-08 5.6345e-07 1.39009e-07 -1.04635e-06 1.19959e-06 1.67471e-06 -1.00671e-08 -2.4137e-08 -2.45258e-07 -1.1395e-06 -4.56084e-07 -1.89886e-06 9.26349e-09 3.37921e-07 -2.08151e-07 1.0109e-06 -2.32434e-08 5.91646e-09 -4.20829e-07 7.94232e-09 -3.16412e-08 2.52096e-07 -1.37267e-09 6.50308e-08
internal_weight=6878 6850 2796 199 144 68 76 55 2597 4054 532 114 60 54 3522 317 175 142 3205 2986 219 2559 2202 357 418 388
internal_count=6878 6850 2796 199 144 68 76 55 2597 4054 532 114 60 54 3522 317 175 142 3205 2986 219 2559 2202 357 418 388
is_linear=0
shrinkage=0.05


Tree=246
num_leaves=18
num_cat=0
split_feature=5 12 5 3 14 15 8 14 27 14 14 12 14 12 14 18 5
split_gain=2.00874e-09 8.28306e-09 3.12601e-09 2.32179e-09 2.02764e-09 3.59773e-08 9.66078e-08 3.00781e-08 3.70447e-08 3.41814e-08 2.92818e-08 7.94648e-08 2.87997e-08 6.05294e-08 2.08252e-08 1.82547e-09 1.48196e-09
threshold=1.2000000000000004 -0.37940952255126065 1.4500000000000002 16.350000000000005 0.94978112945126536 -0.25206183926700709 264.98143754926701 0.95998215779580554 35.166666666666679 0.96687895796550427 0.93845596220871974 -0.5 0.92922379131507438 -0.25881904510252113 0.91939013254733981 0.00013456500000000004 6.5500000000000007
decision_type=2 2 2 2 2 2 2 2 2 2 2 2 2 2 2 2 2
left_child=1 -1 -2 -3 10 6 15 8 -7 -9 12 -12 14 -14 -4 -6 -13
right_child=2 3 4 -5 5 7 -8 9 -10 -11 11 16 13 -15 -16 -17 -18
leaf_value=-1.0989874010105961e-06 5.2080936266771335e-07 -2.4391404591239263e-07 -9.9298313456037897e-10 4.2478570881598901e-07 3.9434281435630871e-07 -2.4176216457918704e-06 -4.0936050618256561e-06 1.3893373394561573e-06 3.8240434690763776e-07 1.0391114063149845e-08 2.9582087380174104e-06 -3.3649226637814873e-07 -2.7105612040638034e-06 2.449320949334079e-07 8.8570157839825049e-07 -2.4272899378533195e-07 1.6537171596553437e-07
leaf_weight=21 29 27 5679 25 23 27 20 48 21 705 31 38 30 41 67 22 24
leaf_count=21 29 27 5679 25 23 27 20 48 21 705 31 38 30 41 67 22 24
internal_value=8.17096e-19 -2.60887e-07 2.79864e-09 7.75762e-08 5.81656e-10 -7.08702e-08 -1.20219e-06 2.09346e-08 -1.19261e-06 9.82921e-08 1.10516e-08 8.91255e-07 -3.02076e-09 -1.00387e-06 9.34613e-09 8.28855e-08 -1.42222e-07
internal_weight=6878 73 6805 52 6776 866 65 801 48 753 5910 93 5817 71 5746 45 62
internal_count=6878 73 6805 52 6776 866 65 801 48 753 5910 93 5817 71 5746 45 62
is_linear=0
shrinkage=0.05


Tree=247
num_leaves=17
num_cat=0
split_feature=15 15 14 15 12 15 8 15 15 14 21 12 2 13 11 2
split_gain=1.95137e-09 3.2689e-09 1.20704e-08 4.32402e-09 1.16485e-08 6.72927e-09 2.21672e-08 3.43737e-09 2.34901e-08 1.07358e-08 2.08848e-09 3.80691e-09 1.11636e-09 3.86759e-10 1.75847e-10 1.16158e-10
threshold=0.98929220549296726 0.96901616890815878 0.23537774960157334 0.94975093725139803 -0.5 0.91936090643431534 250.03553974331544 0.61913436964878354 0.59175731018202693 0.69676570133721638 263.50000000000006 -0.37940952255126065 114.50000000000001 0.78656609248549303 16.415625000000002 77.500000000000014
decision_type=2 2 2 2 2 2 2 2 2 2 2 2 2 2 2 2
left_child=1 3 10 5 -5 7 12 8 -1 -9 11 -3 -7 -13 -6 -16
right_child=-2 2 -4 4 14 6 -8 9 -10 -11 -12 13 -14 -15 15 -17
leaf_value=2.0942542344712259e-09 4.5006505292969723e-07 7.0612235930411776e-07 -1.2608980616353924e-06 1.1155445763577633e-06 -1.6732749999319326e-07 1.6422087441698026e-07 -1.4313984830291052e-06 -1.0708204647418426e-08 -1.1086067044141502e-06 4.2865674520035466e-07 -3.5119075049531525e-07 -1.3073225527379411e-09 -2.6295789908203919e-07 -2.6648602720058533e-07 8.645295731019526e-08 -8.0039074958904172e-08
leaf_weight=5750 24 20 24 32 22 65 35 504 48 192 36 44 20 20 22 20
leaf_count=5750 24 20 24 32 22 65 35 504 48 192 36 44 20 20 22 20
internal_value=3.12616e-16 -1.57595e-09 -2.37286e-07 3.48251e-09 3.3664e-07 -1.35315e-09 -3.72365e-07 5.50262e-09 -7.10092e-09 1.10496e-07 -3.25639e-08 1.03991e-07 6.37082e-08 -8.41757e-08 -5.28128e-08 7.17104e-09
internal_weight=6878 6854 144 6710 96 6614 120 6494 5798 696 120 84 85 64 64 42
internal_count=6878 6854 144 6710 96 6614 120 6494 5798 696 120 84 85 64 64 42
is_linear=0
shrinkage=0.05


Tree=248
num_leaves=13
num_cat=0
split_feature=3 3 21 6 24 2 6 21 6 2 1 3
split_gain=1.89353e-09 8.02421e-09 2.28387e-09 2.95059e-08 2.32604e-08 4.64107e-08 1.61132e-08 1.22014e-08 3.02567e-08 3.72199e-09 3.34991e-09 1.88611e-09
threshold=36.250000000000007 35.050000000000004 566.50000000000011 8.7105000000000014e-05 0.00021823597881184394 114.50000000000001 0.00019629000000000003 539.50000000000011 0.00020605000000000002 302.50000000000006 422.40000000000003 21.450000000000003
decision_type=2 2 2 2 2 2 2 2 2 2 2 2
left_child=1 2 7 -4 5 -5 -6 9 -9 10 -1 -10
right_child=-2 -3 3 4 6 -7 -8 8 11 -11 -12 -13
leaf_value=1.8303844672886722e-08 -4.6312546725279059e-07 8.9563115983537502e-07 -1.7945675653052719e-06 2.8870606985265117e-06 -8.6912318386717729e-07 1.1155804139260132e-07 -3.8871534554983004e-08 1.9915016978260342e-06 2.8717556825415226e-07 6.5287320632540457e-07 -9.3401917295032675e-08 -2.6171426940384679e-07
leaf_weight=4368 22 25 24 20 61 61 1392 27 29 22 793 34
leaf_count=4368 22 25 24 20 61 61 1392 27 29 22 793 34
internal_value=-4.15186e-16 1.48611e-09 -1.78627e-09 -5.49737e-08 -2.77571e-08 7.96867e-07 -7.37272e-08 1.39289e-08 5.91115e-07 3.90636e-09 1.13999e-09 -9.05069e-09
internal_weight=6878 6856 6831 1558 1534 81 1453 5273 90 5183 5161 63
internal_count=6878 6856 6831 1558 1534 81 1453 5273 90 5183 5161 63
is_linear=0
shrinkage=0.05


Tree=249
num_leaves=22
num_cat=0
split_feature=5 17 25 14 5 0 22 6 17 8 14 5 14 6 14 3 3 15 16 4 25
split_gain=1.95433e-09 2.36502e-09 2.18287e-08 4.91957e-08 1.26004e-07 2.198e-08 2.39825e-08 1.99519e-08 1.30067e-08 3.92019e-08 3.17512e-08 3.77012e-08 3.75561e-08 1.10111e-08 1.09861e-08 9.83444e-09 8.9486e-09 8.7199e-09 8.48378e-09 7.65542e-09 4.98797e-09
threshold=26.250000000000004 0.74756785659175773 1.57236673968987e-05 0.89404822654372251 5.3500000000000005 145.50000000000003 35.500000000000007 2.5940000000000002e-05 0.60899439336288885 264.26802773333429 0.67802080537253973 12.250000000000002 0.82414472752956958 1.2700000000000002e-05 -0.96235977360714686 29.250000000000004 28.150000000000002 -0.99938741687870725 2.5000000000000004 87.500000000000014 0.00054796916648131933
decision_type=2 2 2 2 2 2 2 2 2 2 2 2 2 2 2 2 2 2 2 2 2
left_child=1 8 3 5 -5 6 -3 -4 15 13 11 -11 -12 -10 -15 16 18 20 -1 -19 -9
right_child=-2 2 7 4 -6 -7 -8 17 9 10 12 -13 -14 14 -16 -17 -18 19 -20 -21 -22
leaf_value=-2.1698251505421047e-08 3.8983573205086944e-07 1.531811309803906e-06 -1.1579092212766253e-06 2.1274457253639412e-06 -2.8202983298430605e-06 2.0843377831801669e-06 3.5077259297189302e-08 1.3023328577688176e-06 -9.6945745273669994e-07 5.3677937276439654e-07 -3.7067506377752581e-06 -1.9815691210258433e-06 -8.9035260324290628e-07 7.4836649635775148e-07 -6.0903578256380229e-08 1.1138454972403621e-06 -1.0270953139080944e-06 -2.9835050011828668e-08 2.1131283531178326e-07 2.5674338577739668e-07 1.856448363923846e-07
leaf_weight=3051 32 46 37 22 31 36 64 20 29 42 20 23 29 48 332 20 21 2247 448 260 20
leaf_count=3051 32 46 37 22 31 36 64 20 29 42 20 23 29 48 332 20 21 2247 448 260 20
internal_value=-2.34437e-16 -1.82219e-09 3.36866e-08 5.38286e-07 -7.66518e-07 1.01195e-06 6.60984e-07 -5.17383e-09 -2.61444e-08 -2.5889e-07 -1.07883e-06 -3.54329e-07 -2.0399e-06 -3.03488e-08 4.132e-08 8.24144e-09 1.9596e-09 1.15718e-08 8.13569e-09 -1.14111e-10 7.43989e-07
internal_weight=6878 6846 2783 199 53 146 110 2584 4063 523 114 65 49 409 380 3540 3520 2547 3499 2507 40
internal_count=6878 6846 2783 199 53 146 110 2584 4063 523 114 65 49 409 380 3540 3520 2547 3499 2507 40
is_linear=0
shrinkage=0.05


Tree=250
num_leaves=31
num_cat=0
split_feature=5 27 8 3 6 8 8 15 14 4 14 12 5 12 14 27 14 8 14 12 14 9 8 14 27 12 12 15 5 14
split_gain=1.91569e-09 1.1743e-08 2.81179e-08 1.54205e-08 3.92765e-08 2.22283e-08 1.54011e-08 7.97529e-09 5.74907e-09 1.47261e-08 1.16352e-08 3.64227e-08 5.32711e-08 1.8038e-08 1.08684e-08 2.08067e-08 2.44948e-08 1.91236e-08 9.34795e-09 6.83404e-08 5.0607e-08 3.77806e-08 9.46766e-09 8.3393e-09 5.11603e-09 2.04899e-08 8.70883e-09 2.16886e-08 4.21484e-09 3.59053e-09
threshold=13.450000000000001 1.5000000000000002 271.12862323049529 29.850000000000005 0.00059372500000000013 239.78407604440201 309.26761614651997 -0.99983123799342477 0.99761913169647187 9.5000000000000018 0.97875492728876534 -0.70710678118654735 7.1500000000000012 -0.9159756150367534 0.99939377080793557 80.166666666666671 0.99983759474438971 234.90440143455513 0.96465729447553372 -0.70710678118654735 0.96234642434711437 14.915637266863286 242.84748527535143 0.93544191479114935 99.833333333333357 -0.70710678118654735 -0.70710678118654735 0.28313308994381586 25.050000000000004 -0.5358432840196804
decision_type=2 2 2 2 2 2 2 2 2 2 2 2 2 2 2 2 2 2 2 2 2 2 2 2 2 2 2 2 2 2
left_child=8 2 3 5 -5 -2 29 -3 10 -10 18 12 13 -12 17 16 -16 -11 20 21 23 -20 -21 -1 26 -26 27 -9 -28 -4
right_child=1 7 6 4 -6 -7 -8 24 9 14 11 -13 -14 -15 15 -17 -18 -19 19 22 -22 -23 -24 -25 25 -27 28 -29 -30 -31
leaf_value=-2.3794163238965547e-08 6.655255007175314e-10 -9.3557462842790819e-07 1.3022260342647012e-06 -2.4389519325351829e-06 3.3864126121687023e-07 1.4146553002092335e-06 2.7486546240343812e-07 6.5570608688205392e-07 1.4226273393092017e-06 -1.3363205212021019e-07 -1.427517507376511e-06 1.317209591444879e-08 1.9860320020705012e-07 -3.4998967575596733e-06 -6.5752223192435744e-07 -1.6951011127730453e-06 1.4836439147943152e-06 1.7964911456775078e-06 3.6971727035961521e-06 -4.4572705773715988e-07 -2.3100891580677779e-06 6.2387760408455511e-07 6.286862510653289e-07 2.8936282188835043e-07 -1.7734975332928118e-06 6.7003878712057483e-08 -1.9651995593142899e-08 -2.1820460621861779e-07 -5.6916531087204534e-07 2.2065038951060831e-06
leaf_weight=4174 135 23 21 20 35 35 28 161 24 33 21 200 34 21 34 20 22 21 20 97 24 20 26 224 20 62 1137 127 36 23
leaf_count=4174 135 23 21 20 35 35 28 161 24 33 21 200 34 21 34 20 22 21 20 97 24 20 26 224 20 62 1137 127 36 23
internal_value=3.34148e-16 4.32943e-08 3.31545e-07 5.63386e-08 -6.71393e-07 2.91781e-07 1.19156e-06 -1.13739e-08 -1.60832e-08 2.84688e-07 -2.56118e-08 -3.40901e-07 -1.27267e-06 -2.46371e-06 7.46065e-08 -3.10758e-07 1.8365e-07 6.16971e-07 -6.63258e-09 3.65223e-07 -2.03396e-08 2.16053e-06 -2.18615e-07 -7.84438e-09 2.40228e-09 -3.81899e-07 2.39715e-08 2.70336e-07 -3.65169e-08 1.77492e-06
internal_weight=6878 1863 297 225 55 170 72 1566 5015 154 4861 276 76 42 130 76 56 54 4585 163 4422 40 123 4398 1543 82 1461 288 1173 44
internal_count=6878 1863 297 225 55 170 72 1566 5015 154 4861 276 76 42 130 76 56 54 4585 163 4422 40 123 4398 1543 82 1461 288 1173 44
is_linear=0
shrinkage=0.05


Tree=251
num_leaves=23
num_cat=0
split_feature=5 17 25 14 5 0 22 6 17 8 14 5 14 14 12 15 3 3 15 15 2 16
split_gain=1.98941e-09 2.07914e-09 1.91168e-08 4.4997e-08 1.13247e-07 1.99924e-08 2.14928e-08 1.80656e-08 1.1669e-08 3.55134e-08 3.00735e-08 3.42061e-08 3.216e-08 9.06513e-09 1.3283e-08 1.30761e-08 8.69764e-09 8.21257e-09 8.12328e-09 8.46501e-09 8.02577e-09 7.78738e-09
threshold=26.250000000000004 0.74756785659175773 1.57236673968987e-05 0.89404822654372251 5.1500000000000012 145.50000000000003 35.500000000000007 2.5940000000000002e-05 0.60899439336288885 264.98143754926701 0.67802080537253973 12.250000000000002 0.82414472752956958 -0.96235977360714686 -0.9159756150367534 1.0000000180025095e-35 29.250000000000004 28.150000000000002 -0.99864786094873803 -0.99465740988130902 169.50000000000003 2.5000000000000004
decision_type=2 2 2 2 2 2 2 2 2 2 2 2 2 2 2 2 2 2 2 2 2 2
left_child=1 8 3 5 -5 6 -3 -4 16 13 11 -11 -12 15 -15 -10 17 21 20 -20 -9 -1
right_child=-2 2 7 4 -6 -7 -8 18 9 10 12 -13 -14 14 -16 -17 -18 -19 19 -21 -22 -23
leaf_value=-2.0647934857442697e-08 3.9331846650725312e-07 1.4463368658020363e-06 -1.1018011872619282e-06 2.1088443012169075e-06 -2.6165293185442806e-06 1.9794231308662486e-06 2.9422483427410385e-08 1.2240289590068785e-06 -7.0070891862785399e-08 5.1113011081616561e-07 -3.5175478365090389e-06 -1.8876481980758239e-06 -8.7221469542513403e-07 -8.0277818475461204e-07 1.7243009789932644e-08 1.5917873770199265e-06 1.0476679565840641e-06 -9.8380787141834288e-07 -5.411775320606388e-07 1.274500415587702e-08 7.6686189401138048e-08 2.025948825169964e-07
leaf_weight=3051 32 46 37 21 32 36 64 27 29 42 20 23 27 59 303 20 20 21 71 2414 35 448
leaf_count=3051 32 46 37 21 32 36 64 27 29 42 20 23 27 59 303 20 20 21 71 2414 35 448
internal_value=8.24492e-16 -1.83847e-09 3.14551e-08 5.03671e-07 -7.44211e-07 9.5667e-07 6.2195e-07 -4.91138e-09 -2.46433e-08 -2.45095e-07 -1.03437e-06 -3.37668e-07 -1.99789e-06 -3.00136e-08 -1.16407e-07 6.08239e-07 7.92629e-09 2.01866e-09 1.1023e-08 -3.08135e-09 5.76335e-07 7.93531e-09
internal_weight=6878 6846 2783 199 53 146 110 2584 4063 523 112 65 47 411 362 49 3540 3520 2547 2485 62 3499
internal_count=6878 6846 2783 199 53 146 110 2584 4063 523 112 65 47 411 362 49 3540 3520 2547 2485 62 3499
is_linear=0
shrinkage=0.05


Tree=252
num_leaves=24
num_cat=0
split_feature=8 14 14 27 8 21 8 14 8 11 14 8 14 6 11 12 15 15 14 15 8 15 12
split_gain=1.86159e-09 1.8471e-09 5.56676e-09 2.87747e-08 8.24618e-08 1.2435e-08 1.98981e-08 6.70524e-09 1.84173e-08 1.35541e-08 7.92362e-09 3.35288e-08 6.89436e-09 6.83994e-09 6.58217e-09 2.92195e-09 6.16674e-09 8.88445e-09 9.52611e-09 1.52258e-09 4.80994e-10 1.61382e-10 1.59624e-11
threshold=4.0086417299859827 -0.99630266176052629 -0.9905448150984083 0.83333333333333337 208.74077742930891 22.500000000000004 226.39009706154982 -0.98214942551678475 258.44490064136215 18.118750000000002 -0.95995996396290595 248.02962813885136 -0.95754239937548935 1.6870000000000003e-05 18.012500000000003 -0.25881904510252113 0.04621408538533487 1.0000000180025095e-35 -0.99866806308218525 -0.56369940867848845 181.91807799644863 0.04621408538533487 0.60355339059327384
decision_type=2 2 2 2 2 2 2 2 2 2 2 2 2 2 2 2 2 2 2 2 2 2 2
left_child=19 15 3 4 -3 14 -7 8 13 -10 11 -9 -12 -4 -5 16 17 18 -2 -1 21 22 -17
right_child=1 2 7 5 -6 6 -8 10 9 -11 12 -13 -14 -15 -16 20 -18 -19 -20 -21 -22 -23 -24
leaf_value=5.6715983977649273e-07 -4.3505498472503256e-07 7.5472644961597069e-07 -5.2722966044527201e-07 9.6604553497010257e-08 -3.7313200232347298e-06 -2.9381385139885876e-07 1.8827992381007097e-06 1.36217563657184e-07 3.2815700109267713e-07 2.1689512379907684e-06 8.6750670344253715e-07 -1.0584976642746825e-06 1.8374691222515113e-10 3.1409175823578374e-07 -9.9225198412163404e-07 1.9177563820455142e-08 -4.4501201728053276e-07 1.2168396701402647e-06 9.7370525693918346e-07 4.4393836506155067e-08 -2.4180919683425288e-07 1.3911971838235597e-07 -2.3144432865456517e-08
leaf_weight=26 30 21 40 35 20 21 21 169 20 20 23 90 6021 61 23 37 20 30 20 30 20 24 56
leaf_count=26 30 21 40 35 20 21 21 169 20 20 23 90 6021 61 23 37 20 30 20 30 20 24 56
internal_value=1.08654e-15 -2.35678e-09 -7.29256e-09 -3.18079e-07 -1.43359e-06 1.39281e-07 7.94493e-07 -4.92311e-10 3.40515e-07 1.24855e-06 -8.12074e-09 -2.78934e-07 3.48428e-09 -1.91048e-08 -3.35183e-07 1.34783e-07 3.40274e-07 5.36596e-07 1.28449e-07 2.87107e-07 -1.52104e-08 2.35244e-08 -6.30665e-09
internal_weight=6878 6822 6585 141 41 100 42 6444 141 40 6303 259 6044 101 58 237 100 80 50 56 137 117 93
internal_count=6878 6822 6585 141 41 100 42 6444 141 40 6303 259 6044 101 58 237 100 80 50 56 137 117 93
is_linear=0
shrinkage=0.05


Tree=253
num_leaves=21
num_cat=0
split_feature=3 3 17 8 2 8 3 19 17 5 5 8 24 12 18 8 18 22 25 11
split_gain=1.87983e-09 1.21997e-08 9.65144e-09 8.8038e-09 6.86731e-09 7.77141e-09 2.89973e-09 1.28719e-08 3.30198e-09 2.98612e-09 8.99003e-09 2.81432e-08 8.51801e-09 1.59873e-08 1.58315e-08 6.93711e-09 1.36227e-09 1.22531e-09 1.5994e-09 1.54924e-09
threshold=31.550000000000004 31.250000000000004 0.98779194195223707 208.74077742930891 138.50000000000003 262.0306077339032 30.150000000000002 0.00040496500000000002 0.97970752765197566 9.5500000000000025 8.8500000000000032 246.72101321124265 0.00040878266867976391 -0.60355339059327362 0.00046218000000000002 284.81361740207586 0.00069368500000000009 897.50000000000011 0.00072429492301114397 60.675000000000004
decision_type=2 2 2 2 2 2 2 2 2 2 2 2 2 2 2 2 2 2 2 2
left_child=1 6 4 -4 -2 17 9 -8 16 10 15 -12 13 -11 -14 -1 -9 19 -19 -6
right_child=2 -3 3 -5 5 -7 7 8 -10 12 11 -13 14 -15 -16 -17 -18 18 -20 -21
leaf_value=3.4018967728064623e-08 -8.9257676506804272e-07 -1.1542735613391107e-06 8.332600942361794e-08 1.5145849159898201e-06 -1.0798712777315701e-07 7.9976423568305406e-07 1.3297717944479618e-06 -1.1938699220337413e-07 -6.0769633033253004e-07 2.8062438740656815e-07 9.9254961122285937e-08 -8.4494208178059001e-07 -1.1203979548904621e-06 -7.0784355149290633e-10 -6.3576371703874435e-08 -1.5322162984900693e-07 4.5720583186504798e-07 -6.2024212525102481e-07 -5.3592415149454832e-08 3.9870722487607547e-07
leaf_weight=2060 20 23 21 22 48 31 22 20 20 680 192 134 37 1962 839 651 21 20 33 22
leaf_count=2060 20 23 21 22 48 31 22 20 20 680 192 134 37 1962 839 651 21 20 33 22
internal_value=-1.72706e-16 -4.71801e-09 1.44823e-07 8.15598e-07 -2.09429e-08 9.22563e-08 -7.34915e-10 2.92947e-07 -8.09892e-08 -4.45355e-09 -4.07749e-08 -2.88851e-07 2.69018e-08 7.17017e-08 -1.08214e-07 -1.09436e-08 1.75941e-07 -8.60587e-08 -2.67422e-07 5.12597e-08
internal_weight=6878 6661 217 43 174 154 6638 83 61 6555 3037 326 3518 2642 876 2711 41 123 53 70
internal_count=6878 6661 217 43 174 154 6638 83 61 6555 3037 326 3518 2642 876 2711 41 123 53 70
is_linear=0
shrinkage=0.05


Tree=254
num_leaves=10
num_cat=0
split_feature=5 15 15 5 17 17 14 12 14
split_gain=1.84963e-09 7.76498e-09 1.1729e-08 2.77263e-09 2.00316e-09 6.36926e-09 2.78812e-09 5.69945e-09 5.23854e-09
threshold=1.2000000000000004 -0.22700609751797865 -0.89404254237865755 1.4500000000000002 1.0188627020362733 1.0101803279037567 -0.99630266176052629 -0.60355339059327362 -0.9905448150984083
decision_type=2 2 2 2 2 2 2 2 2
left_child=1 2 -1 -2 5 6 7 -5 -8
right_child=3 -3 -4 4 -6 -7 8 -9 -10
leaf_value=1.6065163297440679e-07 4.9053915786061984e-07 3.3336610880674302e-07 -1.5312245164436501e-06 5.6089525681547678e-07 3.7257804020245861e-07 -7.8245658058447768e-07 -3.0697818766205795e-07 1.3585610783640707e-08 2.2306976872069668e-09
leaf_weight=20 29 32 21 67 36 26 140 164 6343
leaf_count=20 29 32 21 67 36 26 140 164 6343
internal_value=-1.80509e-16 -2.50342e-07 -7.05919e-07 2.68552e-09 5.97599e-10 -1.38924e-09 1.63545e-09 1.72329e-07 -4.44665e-09
internal_weight=6878 73 41 6805 6776 6740 6714 231 6483
internal_count=6878 73 41 6805 6776 6740 6714 231 6483
is_linear=0
shrinkage=0.05


Tree=255
num_leaves=9
num_cat=0
split_feature=3 3 3 3 8 17 8 14
split_gain=1.76507e-09 6.96262e-09 1.78932e-09 3.1941e-09 4.50595e-09 2.24294e-09 1.97597e-08 2.74404e-09
threshold=36.250000000000007 35.050000000000004 34.20000000000001 32.850000000000001 245.33041273304414 1.0004624396259378 269.6625029065371 0.99995780822346225
decision_type=2 2 2 2 2 2 2 2
left_child=1 2 3 5 -5 7 -7 -1
right_child=-2 -3 -4 4 -6 6 -8 -9
leaf_value=2.4165038918574161e-09 -4.4714009613306358e-07 8.343351112785058e-07 -4.4188255333457836e-07 2.7608007118139927e-08 9.7871409735716949e-07 1.0561219126403109e-07 -1.5678478206382352e-06 -5.5692093755252165e-07
leaf_weight=6622 22 25 23 33 20 89 22 22
leaf_count=6622 22 25 23 33 20 89 22 22
internal_value=6.15959e-16 1.43481e-09 -1.61342e-09 -1.26027e-10 3.86516e-07 -3.15964e-09 -2.26065e-07 5.64393e-10
internal_weight=6878 6856 6831 6808 53 6755 111 6644
internal_count=6878 6856 6831 6808 53 6755 111 6644
is_linear=0
shrinkage=0.05


Tree=256
num_leaves=13
num_cat=0
split_feature=21 17 17 1 20 21 15 21 21 14 21 11
split_gain=1.77961e-09 4.96113e-09 4.38323e-09 3.63938e-09 3.39803e-09 2.39842e-09 5.19885e-09 5.01911e-09 7.8278e-09 1.28904e-08 5.93313e-09 5.2912e-09
threshold=981.50000000000011 0.97883610027480372 0.99329602496277714 900.6500000000002 0.00057234000000000007 960.50000000000011 -0.8739740505118182 942.50000000000011 928.50000000000011 0.39036257410962044 916.50000000000011 57.084375000000009
decision_type=2 2 2 2 2 2 2 2 2 2 2 2
left_child=3 -2 -3 5 -5 7 -7 8 10 -10 -1 -9
right_child=1 2 -4 4 -6 6 -8 11 9 -11 -12 -13
leaf_value=1.4162005191013063e-09 -2.5395828319672329e-07 1.0833486156643217e-06 6.06084488552483e-08 -8.698256287378014e-07 -8.2928611324378473e-08 -1.2479314090409457e-07 8.9817711133709171e-07 -9.208625776106299e-07 -1.9829192723364031e-07 1.5968685590905807e-06 -6.0938499316876001e-07 1.2905809626317932e-07
leaf_weight=6570 29 22 20 23 34 27 23 30 20 20 40 20
leaf_count=6570 29 22 20 23 34 27 23 30 20 20 40 20
internal_value=-3.82105e-17 2.49029e-07 5.96329e-07 -2.59748e-09 -4.00448e-07 7.6215e-10 3.45773e-07 -1.81256e-09 1.93994e-09 6.99288e-07 -2.28002e-09 -5.00894e-07
internal_weight=6878 71 42 6807 57 6750 50 6700 6650 40 6610 50
internal_count=6878 71 42 6807 57 6750 50 6700 6650 40 6610 50
is_linear=0
shrinkage=0.05


Tree=257
num_leaves=31
num_cat=0
split_feature=15 15 14 5 15 4 15 5 21 15 14 15 27 15 5 4 14 5 21 5 21 27 15 14 1 15 14 4 14 27
split_gain=1.77995e-09 1.2688e-08 3.0784e-08 2.98273e-08 2.65841e-08 2.35408e-08 1.2298e-08 2.82558e-08 2.52767e-08 1.88792e-08 4.77824e-08 3.56079e-08 1.69974e-08 1.19811e-08 2.48145e-08 1.36345e-08 2.6476e-08 1.13836e-08 1.11599e-08 1.08855e-08 1.53324e-08 8.57299e-09 6.08372e-09 1.11007e-08 6.04555e-09 5.62543e-09 5.45075e-09 5.41691e-09 4.73044e-09 6.19801e-09
threshold=-0.97111920233974802 -0.93543596745397617 0.31799963745711152 5.9500000000000011 -0.91249077947840473 94.500000000000014 -0.88620506325989179 3.8500000000000001 12.500000000000002 -0.86974577485258975 0.48314048284850658 -0.85225707553516283 18.166666666666668 -0.96234030595689413 10.450000000000001 46.500000000000007 0.26866988313759588 4.6500000000000012 619.50000000000011 17.050000000000004 33.500000000000007 73.500000000000014 -0.99273797715557011 -0.066607572871769438 748.25000000000011 -0.99628250747696534 -0.10088855117215338 23.500000000000004 0.1849296026015865 15.500000000000002
decision_type=2 2 2 2 2 2 2 2 2 2 2 2 2 2 2 2 2 2 2 2 2 2 2 2 2 2 2 2 2 2
left_child=19 2 13 -4 5 17 7 8 -6 10 -8 -11 -9 14 -2 16 -15 -3 -16 22 -21 -17 23 26 -19 27 -1 -25 -24 -30
right_child=1 4 3 -5 6 -7 9 12 -10 11 -12 -13 -14 15 18 21 -18 24 -20 20 -22 -23 28 25 -26 -27 -28 -29 29 -31
leaf_value=4.9359729733152361e-08 -2.042199602411446e-06 1.3309364801443736e-06 -4.7335944941551138e-09 -2.5328866269602735e-06 -4.4311321138756914e-07 1.9520948602088799e-06 5.4299057867308107e-08 -4.8520253019937525e-07 -2.8279105242035032e-06 -9.6342733029719527e-07 2.6304282073397193e-06 8.1456788076014796e-09 7.3507852309578289e-07 -3.4647423901893026e-08 2.5693505389358881e-07 -1.4332378957337965e-06 1.5191148723047042e-06 3.2006249478954669e-07 -1.1050368866129984e-06 2.2752232607577603e-07 -1.5790452555788564e-06 1.3211842456041183e-08 3.9755001407885502e-07 7.7995281222833859e-08 -6.3638290889400653e-07 -3.4785036458299481e-07 -8.7350505696785299e-07 6.3452970596733502e-07 -4.1207506557622906e-07 6.2820925086677047e-07
leaf_weight=24 22 25 20 28 25 28 72 78 20 96 24 5342 45 115 53 20 36 95 21 24 23 21 237 138 20 48 48 64 45 21
leaf_count=24 22 25 20 28 25 28 72 78 20 96 24 5342 45 115 53 20 36 95 21 24 23 21 237 138 20 48 48 64 45 21
internal_value=-1.74766e-16 -8.36991e-09 -3.0719e-07 -1.47949e-06 8.73459e-09 6.28633e-07 -9.52969e-09 -4.30972e-07 -1.50302e-06 3.26437e-09 6.98331e-07 -9.00603e-09 -3.87582e-08 -1.11806e-07 -5.67881e-07 1.16231e-07 3.35786e-07 3.63941e-07 -1.2957e-07 7.72972e-08 -6.56543e-07 -6.92373e-07 1.32482e-07 -1.88422e-08 1.53724e-07 1.38706e-07 -5.65883e-07 2.54323e-07 2.93295e-07 -8.10755e-08
internal_weight=6878 6206 336 48 5870 168 5702 168 45 5534 96 5438 123 288 96 192 151 140 74 672 47 41 625 322 115 250 72 202 303 66
internal_count=6878 6206 336 48 5870 168 5702 168 45 5534 96 5438 123 288 96 192 151 140 74 672 47 41 625 322 115 250 72 202 303 66
is_linear=0
shrinkage=0.05


Tree=258
num_leaves=16
num_cat=0
split_feature=17 17 14 14 27 8 27 14 8 14 21 7 27 8 27
split_gain=1.77857e-09 5.57047e-09 2.51699e-09 4.49252e-09 2.60759e-08 7.44237e-08 1.18828e-08 5.81354e-09 1.68616e-08 6.96417e-09 3.22176e-09 4.15166e-09 1.85375e-09 3.87276e-09 1.35762e-09
threshold=1.0188627020362733 1.0101803279037567 -0.99630266176052629 -0.9905448150984083 0.83333333333333337 208.74077742930891 53.500000000000007 -0.98214942551678475 258.44490064136215 -0.95995996396290595 629.50000000000011 36.029536331925733 1.8333333333333337 260.35379677215627 17.166666666666668
decision_type=2 2 2 2 2 2 2 2 2 2 2 2 2 2 2
left_child=1 2 10 4 5 -4 -6 8 -5 -9 12 -12 13 -1 -14
right_child=-2 -3 3 7 6 -7 -8 9 -10 -11 11 -13 14 -15 -16
leaf_value=-6.2713298760286314e-08 3.3669615027211198e-07 -7.3238978090400381e-07 7.3145911950892444e-07 -2.0072270124648332e-08 4.070987812664257e-07 -3.5303384015605848e-06 -9.5056889904299168e-07 -2.576940009830868e-07 1.1878914790486307e-06 5.1484918908736299e-09 1.600082541131087e-08 9.9140936669073211e-07 -1.179963375295785e-07 8.7075963726590546e-07 2.1847784239525936e-07
leaf_weight=25 39 26 21 104 83 20 20 263 40 6031 20 24 99 20 43
leaf_count=25 39 26 21 104 83 20 20 263 40 6031 20 24 99 20 43
internal_value=-4.80255e-16 -1.92004e-09 8.67603e-10 -4.82576e-09 -2.8103e-07 -1.34747e-06 1.43474e-07 1.35216e-09 3.15473e-07 -5.8346e-09 1.63091e-07 5.48042e-07 7.25148e-08 3.52164e-07 -1.61063e-08
internal_weight=6878 6839 6813 6582 144 41 103 6438 144 6294 231 44 187 45 142
internal_count=6878 6839 6813 6582 144 41 103 6438 144 6294 231 44 187 45 142
is_linear=0
shrinkage=0.05


Tree=259
num_leaves=19
num_cat=0
split_feature=5 17 25 14 5 0 23 6 17 7 15 14 3 3 15 19 16 2
split_gain=1.75614e-09 2.08628e-09 1.72575e-08 4.06272e-08 1.02396e-07 1.78392e-08 1.95277e-08 1.61758e-08 1.10443e-08 3.08912e-08 1.73014e-08 1.08545e-08 7.60866e-09 7.58686e-09 7.49632e-09 7.07926e-09 6.68509e-09 5.00185e-09
threshold=26.250000000000004 0.74756785659175773 1.57236673968987e-05 0.89404822654372251 5.3500000000000005 145.50000000000003 26.500000000000004 2.5940000000000002e-05 0.60899439336288885 93.521682805530887 -0.99628250747696534 -0.96235977360714686 29.250000000000004 28.150000000000002 -0.99938741687870725 0.00018505000000000003 2.5000000000000004 188.50000000000003
decision_type=2 2 2 2 2 2 2 2 2 2 2 2 2 2 2 2 2 2
left_child=1 8 3 5 -5 6 -3 -4 12 10 -10 -12 13 16 17 -16 -1 -9
right_child=-2 2 7 4 -6 -7 -8 14 9 -11 11 -13 -14 -15 15 -17 -18 -19
leaf_value=-1.9207216832713217e-08 3.6954045690151816e-07 1.8556289409351242e-06 -1.0408649795617503e-06 1.9033612566297302e-06 -2.5568717730141459e-06 1.876839268612053e-06 2.426176537791954e-07 1.2503582736655973e-06 -1.5900354921427606e-06 -1.8860493886071103e-06 6.0040254285335479e-07 -1.7156493303298083e-07 9.7959048268592146e-07 -9.4593852244951816e-07 2.0920615282802012e-07 -3.2643916549184602e-08 1.876331710718279e-07 1.3211714653849071e-07
leaf_weight=3051 32 24 37 22 31 36 86 20 20 27 51 425 20 21 352 2155 448 20
leaf_count=3051 32 24 37 22 31 36 86 20 20 27 51 425 20 21 352 2155 448 20
internal_value=8.94174e-16 -1.72733e-09 3.16233e-08 4.80288e-07 -7.05454e-07 9.10729e-07 5.94547e-07 -2.9294e-09 -2.45713e-08 -2.39041e-07 -1.49386e-07 -8.88541e-08 7.11456e-09 1.58913e-09 1.21486e-08 1.31349e-09 7.27592e-09 6.91238e-07
internal_weight=6878 6846 2783 199 53 146 110 2584 4063 523 496 476 3540 3520 2547 2507 3499 40
internal_count=6878 6846 2783 199 53 146 110 2584 4063 523 496 476 3540 3520 2547 2507 3499 40
is_linear=0
shrinkage=0.05


Tree=260
num_leaves=17
num_cat=0
split_feature=15 15 12 15 8 15 8 15 15 14 8 3 6 27 3 12
split_gain=1.73094e-09 2.83398e-09 1.15369e-08 3.88984e-09 1.06864e-08 6.245e-09 1.97047e-08 2.78555e-09 2.12744e-08 9.90956e-09 1.44236e-09 1.32252e-09 1.02291e-09 9.36172e-10 3.90961e-10 7.99895e-11
threshold=0.98929220549296726 0.96901616890815878 -0.78656609248549292 0.94975093725139803 233.17242719103459 0.91936090643431534 250.03553974331544 0.61913436964878354 0.59175731018202693 0.69676570133721638 194.5573624904479 17.550000000000004 7.8090000000000006e-05 96.166666666666671 20.550000000000004 0.60355339059327384
decision_type=2 2 2 2 2 2 2 2 2 2 2 2 2 2 2 2
left_child=1 3 -3 5 14 7 12 8 -1 -9 13 -12 -7 15 -5 -4
right_child=-2 2 10 4 -6 6 -8 9 -10 -11 11 -13 -14 -15 -16 -17
leaf_value=2.6486783284637112e-09 4.2388315286689964e-07 -1.0933755691648154e-06 1.0799634463323639e-07 7.7014152108221733e-09 1.0002582274163766e-06 2.0832926242548562e-07 -1.3572539426474708e-06 -1.6687547217262262e-08 -1.0543724909458283e-06 4.0543251350888544e-07 7.0036606985013351e-08 -4.9174695614081802e-07 -1.4053631284202526e-07 4.3518035255374346e-07 -2.5715410891600432e-07 -1.8389290623588296e-08
leaf_weight=5750 24 30 21 38 36 47 35 504 48 192 20 22 38 20 22 31
leaf_count=5750 24 30 21 38 36 47 35 504 48 192 20 22 38 20 22 31
internal_value=-4.91543e-16 -1.48427e-09 -2.20955e-07 3.22568e-09 3.19214e-07 -1.36079e-09 -3.58773e-07 5.24369e-09 -6.1021e-09 9.97594e-08 8.62949e-09 -2.24231e-07 5.23658e-08 1.44465e-07 -8.94123e-08 3.26511e-08
internal_weight=6878 6854 144 6710 96 6614 120 6494 5798 696 114 42 85 72 60 52
internal_count=6878 6854 144 6710 96 6614 120 6494 5798 696 114 42 85 72 60 52
is_linear=0
shrinkage=0.05


Tree=261
num_leaves=30
num_cat=0
split_feature=5 5 12 4 12 14 4 12 5 14 22 14 14 12 2 14 12 14 14 12 14 14 5 5 5 7 0 11 14
split_gain=1.69598e-09 9.81584e-09 2.21095e-08 6.29197e-09 9.68041e-09 9.11853e-09 5.29469e-09 1.08935e-08 6.31598e-09 5.89352e-09 4.71429e-09 4.14108e-09 2.74444e-08 7.67438e-08 5.32185e-08 5.02961e-08 1.05054e-07 2.016e-08 1.75265e-08 6.63527e-08 3.0944e-08 4.37293e-08 2.48951e-09 2.15412e-09 1.59118e-09 1.08818e-09 9.64568e-10 3.63165e-10 2.23002e-10
threshold=17.450000000000003 17.050000000000004 -0.5 71.500000000000014 -0.70710678118654735 0.98802474685579866 56.500000000000007 -0.25881904510252113 23.050000000000004 -0.77853607112676126 423.50000000000006 0.94978112945126536 0.93544191479114935 -0.5 67.500000000000014 0.92922379131507438 -0.25881904510252113 0.91939013254733981 0.95998215779580554 -0.70710678118654735 0.96234642434711437 0.96465729447553372 5.1500000000000012 24.550000000000004 6.5500000000000007 129.73507405754765 629.50000000000011 23.503125000000004 0.82899317702918729
decision_type=2 2 2 2 2 2 2 2 2 2 2 2 2 2 2 2 2 2 2 2 2 2 2 2 2 2 2 2 2
left_child=1 11 -3 5 -5 6 8 -8 9 -2 -10 12 15 14 -14 17 -17 -1 19 -13 -20 -22 -21 25 -15 26 -6 -4 -27
right_child=3 2 27 4 23 -7 7 -9 10 -11 -12 18 13 24 -16 16 -18 -19 20 22 21 -23 -24 -25 -26 28 -28 -29 -30
leaf_value=1.3826558615466239e-09 -2.9028022083048942e-07 -1.5054880130297273e-06 -1.899708518170552e-08 -9.0619083042358602e-07 3.209486593331374e-07 1.0662653112776584e-06 1.3541825196625724e-06 3.1084401695278687e-09 -1.0842812520195367e-06 2.2809813149061025e-07 -2.3620586408025125e-08 -3.0170443646208397e-06 4.3749338374254876e-06 -3.0850698206505722e-07 7.2738166853270062e-07 -4.3805928862639125e-06 3.6404505759130809e-07 8.4393796053831383e-07 1.7835084700772828e-06 4.6191987647406763e-07 -2.1776396052312448e-06 -5.3612158434912517e-09 -1.7633837884289961e-07 -4.255761320829758e-07 1.4920923247346663e-07 -5.0111509608541386e-09 -3.6554239886362637e-08 2.5246951115117813e-07 -2.3829890773985341e-07
leaf_weight=5091 69 35 22 36 54 27 25 37 20 267 22 24 20 49 20 20 28 72 23 22 24 668 50 24 31 21 29 28 20
leaf_count=5091 69 35 22 36 54 27 25 37 20 267 22 24 20 49 20 20 28 72 23 22 24 668 50 24 31 21 29 28 20
internal_value=-3.1273e-17 -8.02787e-09 -5.41657e-07 7.67889e-08 -1.70852e-07 1.7436e-07 1.1963e-07 5.47896e-07 4.93852e-08 1.21645e-07 -5.28697e-07 -6.42902e-10 1.53703e-08 7.62958e-07 2.55116e-06 -1.84532e-09 -1.61289e-06 1.31324e-08 -1.05903e-07 -7.40247e-07 -2.07328e-08 -8.07004e-08 1.8685e-08 8.01429e-09 -1.31142e-07 9.1935e-08 1.96038e-07 1.33024e-07 -1.1881e-07
internal_weight=6878 6227 85 651 184 467 440 62 378 336 42 6142 5331 120 40 5211 48 5163 811 96 715 692 72 148 80 124 83 50 41
internal_count=6878 6227 85 651 184 467 440 62 378 336 42 6142 5331 120 40 5211 48 5163 811 96 715 692 72 148 80 124 83 50 41
is_linear=0
shrinkage=0.05


Tree=262
num_leaves=17
num_cat=0
split_feature=17 17 14 12 14 27 8 21 14 12 14 14 17 5 5 8
split_gain=1.7307e-09 4.91826e-09 2.30195e-09 4.62741e-09 4.06151e-09 2.34731e-08 6.71463e-08 1.12398e-08 5.23345e-09 1.43299e-08 4.84556e-09 3.09239e-09 7.83372e-10 7.11793e-10 9.17672e-10 3.69049e-10
threshold=1.0188627020362733 1.0101803279037567 -0.99630266176052629 -0.60355339059327362 -0.9905448150984083 0.83333333333333337 208.74077742930891 182.50000000000003 -0.98523971305672675 -0.70710678118654735 -0.94139628442229062 -0.99940763397299126 0.84667915456685805 13.350000000000003 11.950000000000001 154.23346869777382
decision_type=2 2 2 2 2 2 2 2 2 2 2 2 2 2 2 2
left_child=1 2 3 11 5 6 -4 -7 9 -6 -10 -1 -13 14 -5 -15
right_child=-2 -3 4 13 8 7 -8 -9 10 -11 -12 12 -14 15 -16 -17
leaf_value=9.2530148205267122e-08 3.3213391884528273e-07 -6.8826965777300479e-07 6.9551701493591766e-07 1.3634918159761571e-08 1.4256391400143306e-06 -2.2320383294527346e-07 -3.3525567653214241e-06 8.9613821738036376e-07 -1.5729650085303084e-07 1.4872024905404008e-08 8.100451070451697e-09 5.6379604956191548e-07 1.0063377089863934e-06 5.0327765421798182e-08 -3.4236697752762869e-07 3.1123426104166498e-07
leaf_weight=27 39 26 21 85 24 70 20 33 479 72 5863 20 20 33 23 23
leaf_count=27 39 26 21 85 24 70 20 33 479 72 5863 20 20 33 23 23
internal_value=-9.48779e-16 -1.89402e-09 7.25346e-10 1.55865e-07 -4.71938e-09 -2.6734e-07 -1.27915e-06 1.3542e-07 1.15471e-09 3.67564e-07 -4.39169e-09 5.05985e-07 7.85067e-07 1.28276e-08 -6.21803e-08 1.57486e-07
internal_weight=6878 6839 6813 231 6582 144 41 103 6438 96 6342 67 40 164 108 56
internal_count=6878 6839 6813 231 6582 144 41 103 6438 96 6342 67 40 164 108 56
is_linear=0
shrinkage=0.05


Tree=263
num_leaves=26
num_cat=0
split_feature=8 3 3 7 7 8 8 3 14 8 3 14 3 15 8 15 17 8 15 8 7 8 14 15 14
split_gain=1.73437e-09 2.36918e-09 5.8792e-09 3.29473e-09 2.58558e-09 2.3678e-09 8.65369e-09 8.24191e-09 9.35531e-09 6.49002e-09 5.93031e-09 8.13166e-09 7.0637e-09 7.52343e-09 3.86782e-09 3.72373e-09 2.65983e-08 3.6511e-09 2.04818e-08 1.33704e-08 9.25475e-10 8.56105e-10 8.58098e-10 4.22874e-10 2.27874e-10
threshold=341.65330520310596 15.950000000000001 16.650000000000002 129.35567345552712 129.73507405754765 313.52670824671821 309.26761614651997 14.550000000000002 -0.18598018461734842 314.38522753639387 22.850000000000005 -0.64659911526563996 13.850000000000003 -0.9575230291762723 329.03213541798777 -0.99983123799342477 0.75862714484091576 263.47423577758337 0.21652257995689161 262.77088913376446 147.05448798163789 357.25307277430142 -0.74512825849743647 -0.92272482904738262 0.93237596376505805
decision_type=2 2 2 2 2 2 2 2 2 2 2 2 2 2 2 2 2 2 2 2 2 2 2 2 2
left_child=5 4 -3 -4 -2 6 15 -8 -9 -7 12 -12 14 -14 -11 16 -1 19 -19 -17 -6 -5 -23 -13 -22
right_child=1 2 3 21 20 9 7 8 -10 10 11 23 13 -15 -16 17 -18 18 -20 -21 24 22 -24 -25 -26
leaf_value=-1.7667554732270221e-06 5.6001738215627481e-07 -1.0007688447528737e-06 4.2587265321520304e-07 -5.2973453276453342e-07 -3.7247134713425114e-07 8.6829945278968472e-07 3.6406377319053717e-07 -2.7187329676183123e-07 -1.5239860160293643e-06 8.7338305381952832e-07 -2.2346820810525971e-07 7.4237602703419731e-07 3.7476098413462442e-07 -2.6200009552530587e-07 7.6992038459373427e-08 -9.1386537031565316e-09 8.1192000507712685e-07 -2.0267017003344143e-08 4.313032826163017e-07 -1.1250831271859675e-06 -5.971585374758044e-08 -4.3441009012212817e-07 -3.492889400153045e-08 1.0567386018910049e-06 1.6125948832268477e-07
leaf_weight=20 20 23 22 22 20 27 20 35 26 30 25 20 59 217 31 4557 20 1208 317 27 28 20 41 23 20
leaf_count=20 20 23 22 22 20 27 20 35 26 30 25 20 59 217 31 4557 20 1208 317 27 28 20 41 23 20
internal_value=7.06907e-16 -1.39439e-07 -2.76742e-07 -1.18145e-07 6.02735e-08 4.521e-09 -3.32843e-09 -5.16765e-07 -8.05561e-07 1.1772e-07 6.76813e-08 4.93615e-07 -1.82637e-08 -1.25881e-07 4.6866e-07 3.435e-09 -4.77418e-07 6.58348e-09 7.36004e-08 -1.57116e-08 -8.671e-08 -2.62343e-07 -1.65906e-07 9.10523e-07 3.23572e-08
internal_weight=6878 216 128 105 88 6662 6230 81 61 432 405 68 337 276 61 6149 40 6109 1525 4584 68 83 61 43 48
internal_count=6878 216 128 105 88 6662 6230 81 61 432 405 68 337 276 61 6149 40 6109 1525 4584 68 83 61 43 48
is_linear=0
shrinkage=0.05


Tree=264
num_leaves=31
num_cat=0
split_feature=3 17 14 13 15 13 11 4 3 5 4 5 21 4 25 14 3 14 17 9 27 15 4 15 14 14 2 13 3 17
split_gain=1.7702e-09 1.04367e-08 2.7994e-08 7.14667e-08 3.1715e-08 2.58883e-08 8.88352e-09 2.66699e-08 7.486e-09 1.57383e-08 1.3243e-08 7.03198e-09 1.89111e-08 1.75932e-08 1.74715e-08 1.46994e-08 1.23477e-08 6.88349e-09 6.20743e-09 1.43477e-08 5.91662e-09 3.32311e-08 1.09622e-08 5.52862e-09 4.50533e-09 2.69113e-08 2.11845e-08 4.3934e-09 2.50195e-09 1.26266e-09
threshold=19.950000000000003 0.93216981107391106 0.90162119223771331 -0.3794095225512602 -0.83849291496497236 0.1294095225512602 21.006250000000005 71.500000000000014 19.750000000000004 8.5500000000000025 24.500000000000004 5.3500000000000005 436.50000000000006 97.500000000000014 0.00022372309512148599 0.48314048284850658 24.050000000000004 -0.57868120555502789 0.9104700012423752 21.870439351971765 3.8333333333333335 -0.39036009226888674 3.5000000000000004 -0.99983123799342477 0.91596454896554913 0.76696112484652046 100.50000000000001 0.78656609248549303 20.450000000000003 0.96339268432200698
decision_type=2 2 2 2 2 2 2 2 2 2 2 2 2 2 2 2 2 2 2 2 2 2 2 2 2 2 2 2 2 2
left_child=1 8 4 -4 -3 29 7 17 18 -10 -11 12 13 15 -14 -8 -16 27 20 -20 21 -1 -22 -13 25 -25 -26 -2 -19 -6
right_child=6 2 3 -5 5 -7 11 -9 9 10 -12 23 14 -15 16 -17 -18 28 19 -21 22 -23 -24 24 26 -27 -28 -29 -30 -31
leaf_value=-8.4368004305876851e-07 1.1290931863546423e-07 -1.231257459628254e-06 2.3468083072573251e-07 -3.7087479574893224e-06 3.1485617112559305e-07 1.9820991993087361e-06 -1.5605476195965843e-07 1.8649581855575329e-06 -1.553915355974785e-06 7.7576757507076596e-07 -7.5059908615079021e-07 -7.5376978645635983e-07 1.9207446255391175e-06 -1.4363031917241644e-06 -2.9984546568672867e-07 9.6322678000859685e-07 1.1627144184937303e-06 -7.5582498889952659e-07 1.5921132506235835e-06 -1.7479012139229209e-07 5.0731085412536456e-07 6.607482761326302e-08 7.3588596375177741e-09 -2.8192522238539526e-08 -8.7184530233746107e-07 6.6613150996520888e-07 8.5274831687575087e-08 1.0099328662926427e-06 -9.9937994687851722e-09 -1.3887159378387167e-07
leaf_weight=132 39 38 27 20 23 22 110 26 24 27 30 25 27 20 31 40 27 23 20 27 114 419 2869 2202 82 149 196 21 22 46
leaf_count=132 39 38 27 20 23 22 110 26 24 27 30 25 27 20 31 40 27 23 20 27 114 419 2869 2202 82 149 196 21 22 46
internal_value=-9.16325e-16 -2.25754e-08 -3.98674e-07 -1.44337e-06 -1.80465e-08 4.88569e-07 2.85014e-08 4.31276e-07 -4.49964e-09 -4.7983e-07 -2.75833e-08 1.03634e-08 2.61158e-07 -4.33119e-08 8.70096e-07 1.4242e-07 3.81001e-07 7.62687e-08 6.25203e-09 5.77084e-07 -1.33967e-09 -1.5187e-07 2.64653e-08 -1.37332e-08 -6.696e-09 1.58119e-08 -1.97041e-07 4.26868e-07 -3.91196e-07 1.2371e-08
internal_weight=6878 3838 176 47 129 91 3040 131 3662 81 57 2909 255 170 85 150 58 105 3581 47 3534 551 2983 2654 2629 2351 278 60 45 69
internal_count=6878 3838 176 47 129 91 3040 131 3662 81 57 2909 255 170 85 150 58 105 3581 47 3534 551 2983 2654 2629 2351 278 60 45 69
is_linear=0
shrinkage=0.05


Tree=265
num_leaves=31
num_cat=0
split_feature=15 15 13 21 15 14 14 14 13 14 13 11 27 13 3 13 21 15 27 14 26 27 15 26 14 15 13 21 15 27
split_gain=1.83244e-09 5.81286e-08 2.0205e-08 5.38278e-08 1.74228e-08 2.40446e-08 2.05612e-08 4.04114e-08 5.56679e-08 2.723e-08 1.95433e-08 3.71164e-08 1.49562e-08 1.39765e-08 3.50728e-08 9.40264e-09 2.4412e-08 6.24848e-09 3.33567e-08 3.31148e-08 4.16648e-08 3.26383e-08 1.07188e-08 4.46319e-08 8.76026e-08 2.52646e-08 3.15105e-08 1.37886e-08 1.23654e-08 4.7767e-09
threshold=-0.68432604233786842 -0.65883892954715351 -0.3794095225512602 12.500000000000002 -0.70289845916694649 0.67802080537253973 0.54219432480460406 0.51297097409535064 -0.12940952255126037 0.48314048284850658 -0.12940952255126037 15.328125000000002 39.166666666666679 -0.60355339059327384 14.950000000000001 -0.60355339059327384 6.5000000000000009 -0.46800559042974538 1.0000000180025095e-35 0.82414472752956958 0.00020256746987951809 99.833333333333357 -0.39036009226888674 0.00010137232901186496 0.90162119223771331 -0.36648370705903521 -0.3794095225512602 802.50000000000011 -0.35846086284744721 23.166666666666668
decision_type=2 2 2 2 2 2 2 2 2 2 2 2 2 2 2 2 2 2 2 2 2 2 2 2 2 2 2 2 2 2
left_child=4 2 -2 12 5 6 7 9 -9 -1 29 -12 -4 -7 -15 -6 -17 18 -3 21 -21 -20 23 24 -19 26 -24 -25 -27 -8
right_child=1 17 3 -5 15 13 10 8 -10 -11 11 -13 -14 14 -16 16 -18 22 19 20 -22 -23 25 27 -26 28 -28 -29 -30 -31
leaf_value=-7.3480770540510248e-09 -2.991558407611845e-07 -1.4225018341917918e-06 2.2831082663099522e-07 -3.9154227124527095e-06 -8.8378552780860844e-08 1.9861655526180281e-07 -4.0113693995079837e-07 4.0558151526552556e-07 -3.0118108970082875e-06 1.1993194585428284e-06 1.6955422765363437e-07 1.8796185843877374e-06 -1.7053525942145598e-06 -2.3699656498621382e-07 -2.9012160538854916e-06 2.5346986961475677e-07 2.4762004638237808e-06 -1.0994964525167157e-07 1.5469827068237408e-07 1.4573937281142261e-06 -3.4469435807965697e-07 -1.3388013669413114e-06 -4.1802244386649025e-07 1.3976916765260128e-07 -2.9081767974048491e-06 -1.1448035408534452e-06 1.7425856100356581e-06 1.5688682565052572e-06 -6.010764929046618e-09 2.6684001632748536e-07
leaf_weight=1800 36 32 20 20 21 21 46 22 26 48 75 55 20 30 21 30 21 93 428 101 47 40 27 86 40 24 45 21 3518 64
leaf_count=1800 36 32 20 20 21 21 46 22 26 48 75 55 20 30 21 30 21 93 428 101 47 40 27 86 40 24 45 21 3518 64
internal_value=-1.76839e-15 -1.81734e-08 -1.23561e-06 -1.79749e-06 3.66497e-08 1.16907e-08 4.19839e-08 -1.32086e-08 -1.44551e-06 2.39939e-08 4.78004e-07 8.93043e-07 -7.38521e-07 -8.87007e-07 -1.33403e-06 8.02061e-07 1.16871e-06 7.78709e-09 1.51443e-07 2.33206e-07 8.85109e-07 2.70487e-08 -1.63667e-08 -3.39942e-07 -9.51522e-07 5.12136e-09 9.32358e-07 4.20247e-07 -1.3727e-08 -1.24958e-08
internal_weight=6878 4598 96 60 2280 2208 2136 1896 48 1848 240 130 40 72 51 72 51 4502 648 616 148 468 3854 240 133 3614 72 107 3542 110
internal_count=6878 4598 96 60 2280 2208 2136 1896 48 1848 240 130 40 72 51 72 51 4502 648 616 148 468 3854 240 133 3614 72 107 3542 110
is_linear=0
shrinkage=0.05


Tree=266
num_leaves=20
num_cat=0
split_feature=3 3 14 8 17 2 3 13 17 21 11 19 7 21 19 5 17 18 26
split_gain=1.78533e-09 1.07528e-08 9.38496e-09 1.21477e-08 4.06073e-09 3.30203e-09 2.60249e-09 1.16206e-08 2.57043e-09 2.52802e-09 1.60208e-08 2.76335e-08 1.76646e-08 7.25849e-09 2.57239e-08 4.15423e-09 2.23794e-09 1.49339e-09 7.40861e-10
threshold=31.550000000000004 31.250000000000004 -0.73354686966117377 262.0306077339032 0.98779194195223707 157.50000000000003 30.150000000000002 -0.3794095225512602 0.97883610027480372 591.50000000000011 36.315625000000004 0.00020991000000000003 56.364987281861197 530.50000000000011 0.00020605000000000002 26.150000000000002 0.97021540582539889 0.00069368500000000009 0.00070347241682268923
decision_type=2 2 2 2 2 2 2 2 2 2 2 2 2 2 2 2 2 2 2
left_child=1 6 -2 4 16 -5 9 8 17 13 11 -11 -12 15 -15 -1 18 -8 -4
right_child=2 -3 3 5 -6 -7 7 -9 -10 10 12 -13 -14 14 -16 -17 -18 -19 -20
leaf_value=-2.9399156386947048e-09 -6.3530462756661468e-07 -1.0838327615102652e-06 1.8073696153242919e-07 1.395050798199312e-06 5.2415144703509083e-07 5.3652911555261766e-07 -1.6303315179655444e-07 1.2329205100800408e-06 -5.5175190496470348e-07 -1.8079605212863371e-06 -8.2336666567292691e-08 -6.060519428530143e-08 5.4841035131586629e-07 1.3729530435698095e-06 -3.4247673032989348e-08 6.3069245820420642e-07 -4.6953197686624055e-07 4.4798878164442611e-07 -1.3584584653937203e-07
leaf_weight=5079 33 23 42 24 34 21 20 23 20 35 1059 64 124 44 124 26 30 20 33
leaf_count=5079 33 23 42 24 34 21 20 23 20 35 1059 64 124 44 124 26 30 20 33
internal_value=-3.24991e-16 -4.59788e-09 1.41136e-07 2.80389e-07 4.92319e-08 9.94407e-07 -8.58445e-10 2.77364e-07 -8.89321e-08 -4.38133e-09 -6.73549e-08 -6.78357e-07 -1.62229e-08 1.09291e-08 3.34305e-07 2.87203e-10 -1.04552e-07 1.42478e-07 4.14405e-08
internal_weight=6878 6661 217 184 139 45 6638 83 60 6555 1282 99 1183 5273 168 5105 105 40 75
internal_count=6878 6661 217 184 139 45 6638 83 60 6555 1282 99 1183 5273 168 5105 105 40 75
is_linear=0
shrinkage=0.05


Tree=267
num_leaves=31
num_cat=0
split_feature=15 15 14 12 15 12 3 15 12 12 3 15 8 11 15 27 15 24 27 11 15 12 14 8 15 4 8 4 8 15
split_gain=1.77848e-09 1.12014e-08 2.73198e-08 6.98957e-08 2.37627e-08 4.25464e-08 5.18319e-08 1.08139e-08 3.99543e-08 1.31868e-08 1.19522e-08 1.06328e-08 2.88833e-08 2.74191e-08 1.65414e-08 4.39028e-08 3.12903e-08 9.81734e-09 7.10088e-09 6.59787e-09 5.42921e-09 1.04424e-08 8.12118e-09 1.00697e-08 7.03663e-09 6.549e-09 1.06738e-08 1.02031e-08 5.88936e-09 4.02225e-09
threshold=-0.97111920233974802 -0.93543596745397617 0.31799963745711152 -0.25881904510252113 -0.91249077947840473 -0.25881904510252113 22.250000000000004 -0.96234030595689413 -0.60355339059327362 -0.78656609248549292 27.150000000000002 -0.88620506325989179 283.76566139877372 19.206250000000001 -0.86974577485258975 0.83333333333333337 -0.85225707553516283 0.00054466472072951593 18.166666666666668 16.806250000000002 -0.99273797715557011 -0.25881904510252113 -0.066607572871769438 248.02962813885136 -0.98801846520836312 66.500000000000014 295.74347121946806 9.5000000000000018 266.33045738596439 -0.99052477729077237
decision_type=2 2 2 2 2 2 2 2 2 2 2 2 2 2 2 2 2 2 2 2 2 2 2 2 2 2 2 2 2 2
left_child=20 2 7 -4 5 6 -3 8 -2 10 -9 12 18 -14 15 -13 -16 -8 -6 -11 22 24 23 -1 29 26 28 -28 -24 -22
right_child=1 4 3 -5 11 -7 17 9 -10 19 -12 14 13 -15 16 -17 -18 -19 -20 -21 21 -23 25 -25 -26 -27 27 -29 -30 -31
leaf_value=5.5748469730677717e-08 -2.1279777783941463e-06 3.5449537108434017e-06 -3.6510609152173854e-06 2.1903533747393212e-07 -3.0095852375976712e-07 -7.8698979891608399e-08 1.2184989841504798e-06 1.7836273559623806e-06 1.1618261671685141e-07 -7.6530424185724164e-07 5.5032072623362181e-08 2.2389012836280626e-06 -1.71690565118545e-08 -2.3252034564378729e-06 -9.0384020723366376e-07 -6.7946794806083444e-08 6.9259371279414382e-09 -2.3191982901238364e-07 4.9160350059196388e-07 6.235813999265232e-08 6.0828443309901564e-07 -1.6194524362792401e-08 1.2135325819873484e-07 -1.1268598698500733e-06 3.2500475643715281e-07 -7.8360906132145053e-07 8.0652354077821139e-08 1.4429045137705263e-06 -5.2044459258511935e-07 1.6110622181031431e-06
leaf_weight=36 28 22 20 28 65 98 28 20 68 30 20 30 22 31 96 66 5342 20 50 122 20 196 140 36 100 21 28 27 48 20
leaf_count=36 28 22 20 28 65 98 28 20 68 30 20 30 22 31 96 66 5342 20 50 122 20 196 140 36 100 21 28 27 48 20
internal_value=-3.13427e-16 -8.36647e-09 -2.89135e-07 -1.3935e-06 7.7048e-09 5.93786e-07 1.53527e-06 -1.05074e-07 -5.38364e-07 1.11572e-07 9.1933e-07 -9.56312e-09 -4.01435e-07 -1.36715e-06 2.33326e-09 6.52943e-07 -9.15232e-09 6.14158e-07 4.36337e-08 -1.00996e-07 7.72653e-08 2.19385e-07 -6.48542e-08 -5.35556e-07 5.49196e-07 6.3519e-08 1.36728e-07 7.49394e-07 -4.251e-08 1.10967e-06
internal_weight=6878 6206 336 48 5870 168 70 288 96 192 40 5702 168 53 5534 96 5438 48 115 152 672 336 336 72 140 264 243 55 188 40
internal_count=6878 6206 336 48 5870 168 70 288 96 192 40 5702 168 53 5534 96 5438 48 115 152 672 336 336 72 140 264 243 55 188 40
is_linear=0
shrinkage=0.05


Tree=268
num_leaves=31
num_cat=0
split_feature=27 5 12 15 15 8 5 15 15 8 5 12 3 27 5 12 18 3 3 8 11 21 8 3 8 21 18 5 8 8
split_gain=1.72041e-09 2.80214e-08 2.75806e-08 1.67034e-08 3.25882e-08 1.60813e-08 3.00575e-08 6.10256e-08 1.40085e-07 1.34299e-08 7.02435e-09 2.52344e-08 7.48123e-09 6.7782e-09 1.72452e-08 2.82308e-08 2.55242e-08 1.26822e-08 7.05724e-09 1.41825e-08 6.45626e-09 5.2256e-09 1.50253e-08 2.36696e-08 8.75268e-09 7.99748e-09 2.79902e-08 6.65111e-09 4.29095e-09 3.89099e-09
threshold=1.0000000180025095e-35 5.4500000000000011 -0.70710678118654735 -0.8739740505118182 0.29137697329261131 284.81361740207586 10.450000000000001 -0.53495380374625956 -0.091258822863740666 279.29218398119542 10.65 -0.9159756150367534 29.950000000000003 0.50000000000000011 11.450000000000001 -0.70710678118654735 0.00011784500000000001 24.750000000000004 31.850000000000005 261.24403553257497 24.503125000000004 566.50000000000011 266.33045738596439 20.950000000000003 264.98143754926701 530.50000000000011 0.00041749000000000007 6.5500000000000007 307.44630236150971 291.67647861439474
decision_type=2 2 2 2 2 2 2 2 2 2 2 2 2 2 2 2 2 2 2 2 2 2 2 2 2 2 2 2 2 2
left_child=1 2 3 -1 -5 9 7 20 -9 10 12 -12 -3 14 15 16 -2 -16 21 -20 -7 25 24 -24 -23 27 -27 -15 -8 -4
right_child=13 5 29 4 -6 6 28 8 -10 -11 11 -13 -14 18 17 -17 -18 -19 19 -21 -22 22 23 -25 -26 26 -28 -29 -30 -31
leaf_value=3.9482764402866733e-07 -2.7366053428086919e-06 5.2844092640834426e-08 3.9567137319115653e-08 3.2837615640840775e-06 5.2410239646860647e-07 8.3518381093957341e-07 1.0062574433721326e-06 -5.3867035538652476e-06 1.0387623834599954e-07 1.0301814310942347e-06 -1.2912134837329684e-06 -1.375952217078909e-09 8.2197943545533492e-07 -9.1576401392001102e-08 9.8864974948314409e-07 -3.8803172923482199e-08 -5.3225936046052582e-07 -2.9025430761532248e-07 6.0255458863392025e-08 1.3943181812692274e-06 -3.2458122234402254e-07 -4.6860176782410852e-08 5.8711348667896495e-07 -8.1681391519692079e-07 9.8606613586785646e-07 1.8229109805908457e-06 -1.4877207154766151e-07 4.5603166538220181e-08 5.3294718301062698e-08 6.9914635323036534e-07
leaf_weight=26 24 327 111 23 20 21 21 21 26 32 45 241 35 1229 36 79 29 42 76 27 28 877 38 143 21 27 54 3144 27 28
leaf_count=26 24 327 111 23 20 21 21 21 26 32 45 241 35 1229 36 79 29 42 76 27 28 877 38 143 21 27 54 3144 27 28
internal_value=-3.26522e-16 5.95174e-08 5.78087e-07 1.39528e-06 2.0002e-06 -7.13837e-08 -5.51382e-07 -1.06218e-06 -2.34936e-06 3.02631e-08 -1.91156e-08 -2.04322e-07 1.27208e-07 -1.05067e-08 -2.89423e-07 -6.37723e-07 -1.53045e-06 3.00009e-07 -1.14123e-10 4.09961e-07 1.72461e-07 -7.74791e-09 -1.06472e-07 -5.22067e-07 -2.27049e-08 1.61684e-08 5.08456e-07 7.04984e-09 4.70216e-07 1.72432e-07
internal_weight=6878 1032 208 69 43 824 144 96 47 680 648 286 362 5846 210 132 53 78 5636 103 49 5533 1079 181 898 4454 81 4373 48 139
internal_count=6878 1032 208 69 43 824 144 96 47 680 648 286 362 5846 210 132 53 78 5636 103 49 5533 1079 181 898 4454 81 4373 48 139
is_linear=0
shrinkage=0.05


Tree=269
num_leaves=30
num_cat=0
split_feature=8 27 5 12 14 8 14 14 12 14 14 12 8 14 27 5 12 18 18 14 12 14 8 27 14 12 14 5 9
split_gain=1.7151e-09 1.70092e-09 2.52606e-08 2.48915e-08 2.39891e-08 7.43479e-08 1.07272e-07 1.46114e-08 2.10079e-08 1.29287e-08 1.22868e-08 1.11473e-08 9.34953e-09 6.65285e-09 5.91792e-09 1.56676e-08 2.5748e-08 2.18665e-08 1.07756e-08 5.40609e-09 1.63811e-08 1.01667e-08 4.73524e-08 1.01281e-08 6.28994e-09 4.39669e-09 4.08705e-09 3.46593e-09 1.55564e-09
threshold=4.0086417299859827 1.0000000180025095e-35 5.4500000000000011 -0.70710678118654735 0.84313847884979054 277.6112476263628 0.96687895796550427 -0.98523971305672675 -0.60355339059327362 0.48314048284850658 0.9550229469509578 -0.70710678118654735 280.6814860278937 0.78857998149907527 0.50000000000000011 12.350000000000003 -0.70710678118654735 0.00011784500000000001 0.00023207000000000002 -0.98523971305672675 -0.9159756150367534 -0.95995996396290595 248.02962813885136 11.833333333333334 -0.95754239937548935 -0.60355339059327362 0.47559651477048942 6.5500000000000007 -45.634082209001939
decision_type=2 2 2 2 2 2 2 2 2 2 2 2 2 2 2 2 2 2 2 2 2 2 2 2 2 2 2 2 2
left_child=28 2 3 9 7 10 -7 8 -4 12 -6 -9 -2 26 15 16 17 -3 -17 20 23 22 -21 -16 -23 -22 -5 -18 -1
right_child=1 14 4 13 5 6 -8 11 -10 -11 -12 -13 -14 -15 19 18 27 -19 -20 21 25 24 -24 -25 -26 -27 -28 -29 -30
leaf_value=3.0245385082376208e-08 1.5723806931029168e-06 -2.4970205499812439e-06 -1.8604976909347465e-06 1.4942941756662985e-07 1.1295795802977541e-06 -4.8350214001402492e-06 4.8621550920712332e-08 4.6428657490472743e-07 1.6298759043099286e-07 2.2334975806188596e-06 -1.932176860875813e-07 -2.9193829395186472e-09 1.1317150813777952e-07 8.5254057081231496e-07 1.9310087859025769e-06 1.3639095882922448e-06 5.0288312389441942e-07 -4.9480749112262864e-07 -6.9922582587136467e-08 1.6873428942763204e-07 4.4841390354282715e-07 8.2485728645896532e-07 -1.2212266343485897e-06 3.3977719454014738e-07 -3.9349344714332431e-09 -1.6186403913739594e-08 -5.8757697011616971e-07 -2.1192310592634403e-07 5.5865587006346347e-07
leaf_weight=30 21 25 23 87 21 22 23 185 29 25 107 412 23 28 20 20 22 30 38 176 62 23 94 20 4903 285 24 74 26
leaf_count=30 21 25 23 87 21 22 23 185 29 25 107 412 23 28 20 20 22 30 38 176 62 23 94 20 4903 285 24 74 26
internal_value=6.03461e-16 -2.26215e-09 5.69419e-08 5.49183e-07 -6.76154e-08 -5.90782e-07 -2.33894e-06 7.18419e-08 -7.32016e-07 1.32551e-06 2.38037e-08 1.4186e-07 8.09612e-07 1.6381e-07 -1.27905e-08 -2.74007e-07 -5.42309e-07 -1.4049e-06 4.24502e-07 -3.01184e-09 1.77272e-07 -1.64394e-08 -3.15178e-07 1.13539e-06 -6.52185e-11 6.68258e-08 -9.92331e-09 -4.81133e-08 2.75579e-07
internal_weight=6878 6822 1030 208 822 173 45 649 52 69 128 597 44 139 5792 209 151 55 58 5583 387 5196 270 40 4926 347 111 96 56
internal_count=6878 6822 1030 208 822 173 45 649 52 69 128 597 44 139 5792 209 151 55 58 5583 387 5196 270 40 4926 347 111 96 56
is_linear=0
shrinkage=0.05


Tree=270
num_leaves=14
num_cat=0
split_feature=3 3 21 6 24 2 18 21 6 14 3 14 14
split_gain=1.57544e-09 5.64332e-09 1.80817e-09 2.32362e-08 2.03903e-08 3.96095e-08 1.69755e-08 9.19595e-09 2.29031e-08 3.59459e-09 2.20309e-08 1.26719e-08 1.89776e-09
threshold=36.250000000000007 35.050000000000004 566.50000000000011 8.7105000000000014e-05 0.00021823597881184394 114.50000000000001 0.00027893500000000007 539.50000000000011 0.00020605000000000002 0.99966190462023474 12.950000000000001 0.99907018497641664 0.60555468348150676
decision_type=2 2 2 2 2 2 2 2 2 2 2 2 2
left_child=1 2 7 -4 5 -5 -6 9 -9 11 -11 -1 -10
right_child=-2 -3 3 4 6 -7 -8 8 12 10 -12 -13 -14
leaf_value=1.6728026051753327e-09 -4.2243906958364363e-07 7.5120517510640643e-07 -1.5924598296616448e-06 2.6784903371890326e-06 -1.514229685284363e-06 1.144051550995084e-07 -4.7411909596804289e-08 1.7320604084884679e-06 -2.3107480751306004e-07 5.4156730982413143e-07 -1.4271404231187475e-06 9.4306244089459314e-07 3.2984295648930131e-07
leaf_weight=5090 22 25 24 20 20 61 1433 27 38 30 27 36 25
leaf_count=5090 22 25 24 20 20 61 1433 27 38 30 27 36 25
internal_value=-2.55761e-16 1.35555e-09 -1.38874e-09 -4.8714e-08 -2.45615e-08 7.47513e-07 -6.76021e-08 1.25943e-08 5.13676e-07 3.89331e-09 -3.90978e-07 8.2842e-09 -8.48839e-09
internal_weight=6878 6856 6831 1558 1534 81 1453 5273 90 5183 57 5126 63
internal_count=6878 6856 6831 1558 1534 81 1453 5273 90 5183 57 5126 63
is_linear=0
shrinkage=0.05


Tree=271
num_leaves=31
num_cat=0
split_feature=15 15 14 12 15 12 3 15 12 12 3 5 8 15 14 14 15 12 3 11 8 27 18 5 7 17 3 8 27 8
split_gain=1.60151e-09 1.00099e-08 2.42e-08 6.23985e-08 2.11055e-08 3.90973e-08 4.46675e-08 9.7279e-09 3.57731e-08 1.21333e-08 1.11468e-08 9.28067e-09 1.7502e-08 6.4314e-09 4.41441e-08 3.19508e-08 1.07595e-08 1.02292e-08 8.45406e-09 5.94649e-09 5.63605e-09 6.98849e-09 1.06994e-08 9.02155e-09 6.60519e-09 6.31744e-09 5.61487e-09 5.73793e-09 5.58935e-09 5.24885e-09
threshold=-0.97111920233974802 -0.93543596745397617 0.31799963745711152 -0.25881904510252113 -0.91595872546125101 -0.25881904510252113 22.250000000000004 -0.96234030595689413 -0.70710678118654735 -0.78656609248549292 27.150000000000002 17.050000000000004 103.97465452863717 -0.85225707553516283 0.51297097409535064 0.48314048284850658 -0.82413948779581736 1.0000000180025095e-35 26.250000000000004 16.806250000000002 284.81361740207586 18.166666666666668 4.8865000000000007e-05 8.9500000000000011 112.39259302514411 0.98475258531004861 24.250000000000004 250.03553974331544 1.5000000000000002 252.8489753228165
decision_type=2 2 2 2 2 2 2 2 2 2 2 2 2 2 2 2 2 2 2 2 2 2 2 2 2 2 2 2 2 2
left_child=11 2 7 -4 5 6 -3 8 -2 10 -9 20 -13 14 15 -6 17 -15 -18 -11 25 22 23 -22 -23 26 -1 -28 -10 -27
right_child=1 4 3 -5 13 -7 -8 9 28 19 -12 12 -14 16 -16 -17 18 -19 -20 -21 21 24 -24 -25 -26 29 27 -29 -30 -31
leaf_value=-4.8575401124759379e-08 -2.1828377496054449e-06 3.3728889661688301e-06 -3.445806946729135e-06 2.1084698898578482e-07 -2.5176480395105434e-07 -9.1198890130766726e-08 5.4189920432104616e-07 1.7148479219031289e-06 -5.3979989385055664e-07 -7.2920609665831171e-07 4.5505797103828626e-08 2.2615287875809103e-07 -1.7253365173885982e-06 8.5417534165799227e-07 -2.2817072912554677e-06 1.1339186422413643e-06 1.4695718298239365e-08 1.1347539303269768e-08 -2.0786562897441833e-07 5.6539087008557275e-08 4.5052993832248306e-07 1.4580554880408075e-06 7.5157873892648145e-07 -6.4373558175863837e-07 3.9467435406947972e-07 -2.9982845658101572e-08 2.2784684249788402e-08 6.6304686189961484e-07 3.7737307855616855e-07 -1.0578600144190601e-06
leaf_weight=248 24 22 20 28 312 84 38 20 26 30 20 27 20 72 24 48 4729 72 469 122 31 23 45 48 40 27 69 71 46 23
leaf_count=248 24 22 20 28 312 84 38 20 26 30 20 27 20 72 24 48 4729 72 469 122 31 23 45 48 40 27 69 71 46 23
internal_value=1.02948e-16 -7.93929e-09 -2.73356e-07 -1.31276e-06 7.25319e-09 6.05104e-07 1.57993e-06 -1.00122e-07 -5.11081e-07 1.05358e-07 8.80177e-07 7.33203e-08 -6.04268e-07 -7.78183e-09 -2.05426e-07 -6.7007e-08 6.42544e-09 4.32761e-07 -5.38533e-09 -9.85422e-08 1.24275e-07 3.54066e-07 1.36195e-07 -2.1434e-07 7.82893e-07 2.61677e-08 9.43345e-08 3.47489e-07 4.61717e-08 -5.02806e-07
internal_weight=6878 6206 336 48 5870 144 60 288 96 192 40 672 47 5726 384 360 5342 144 5198 152 625 187 124 79 63 438 388 140 72 50
internal_count=6878 6206 336 48 5870 144 60 288 96 192 40 672 47 5726 384 360 5342 144 5198 152 625 187 124 79 63 438 388 140 72 50
is_linear=0
shrinkage=0.05


Tree=272
num_leaves=16
num_cat=0
split_feature=19 19 5 19 18 25 8 6 1 8 1 8 21 5 21
split_gain=1.66179e-09 1.33434e-08 8.1606e-09 7.54656e-09 1.50697e-08 6.80752e-09 1.55964e-08 5.88484e-09 5.70017e-09 2.78109e-08 7.97795e-09 4.64158e-09 4.13959e-09 2.66074e-09 2.24371e-09
threshold=0.00058263500000000008 0.00057809000000000018 26.250000000000004 0.00059352999999999999 0.00065943000000000002 0.00054149640576361307 234.90440143455513 0.00033158500000000007 801.6500000000002 263.47423577758337 683.05000000000007 266.33045738596439 791.50000000000011 23.750000000000004 883.50000000000011
decision_type=2 2 2 2 2 2 2 2 2 2 2 2 2 2 2
left_child=1 2 5 4 -2 8 -7 12 10 -10 -1 13 -5 14 -9
right_child=3 -3 -4 7 -6 6 -8 11 9 -11 -12 -13 -14 -15 -16
leaf_value=6.292772994511153e-10 -4.489459342060798e-08 -1.1409721810086746e-06 9.7813717080238621e-07 1.8242472759055773e-07 1.6788622195647241e-06 1.6128486382147514e-07 -1.6279141602483704e-06 7.307544070642772e-08 1.4909519542643354e-08 1.6337622262822592e-06 -2.6175702517731448e-07 -5.7439671559264715e-07 1.0858702309979847e-06 -5.509065508135791e-07 -1.100326601882134e-07
leaf_weight=5141 32 26 21 32 21 29 21 742 184 31 307 34 21 20 216
leaf_count=5141 32 26 21 32 21 29 21 742 184 31 307 34 21 20 216
internal_value=7.06051e-16 -1.08277e-08 -5.70324e-09 5.5785e-08 6.38103e-07 -9.31967e-09 -5.90179e-07 2.68058e-08 -4.19112e-09 2.48325e-07 -1.41564e-08 -9.15978e-11 5.40394e-07 1.9874e-08 3.17901e-08
internal_weight=6878 5760 5734 1118 53 5713 50 1065 5663 215 5448 1012 53 978 958
internal_count=6878 5760 5734 1118 53 5713 50 1065 5663 215 5448 1012 53 978 958
is_linear=0
shrinkage=0.05


Tree=273
num_leaves=31
num_cat=0
split_feature=3 11 4 21 27 21 22 24 8 3 5 21 21 23 6 21 11 5 27 14 8 5 27 14 18 21 4 15 14 8
split_gain=1.6387e-09 7.99275e-09 2.45183e-08 7.30714e-09 3.31421e-08 1.99908e-08 6.65854e-08 4.10734e-08 2.62357e-08 2.781e-08 1.97468e-08 1.36983e-08 3.10043e-08 3.9419e-08 1.20908e-08 1.1807e-08 1.17446e-08 1.06146e-08 6.62522e-09 6.3334e-09 6.56028e-09 5.2787e-09 1.07925e-08 1.61626e-08 1.48497e-08 2.86444e-08 1.71137e-08 4.74322e-09 4.59956e-09 4.09829e-08
threshold=19.950000000000003 21.006250000000005 71.500000000000014 394.50000000000006 0.83333333333333337 238.50000000000003 196.50000000000003 0.00018866762716111257 256.53320538400237 18.250000000000004 5.1500000000000012 156.50000000000003 173.50000000000003 26.500000000000004 0.00013456500000000004 141.50000000000003 28.415625000000002 10.65 95.500000000000014 -0.49157856216375384 284.81361740207586 6.0500000000000007 1.0000000180025095e-35 0.46800856592688472 3.0185e-05 4.5000000000000009 33.500000000000007 -0.99983123799342477 0.9550229469509578 262.77088913376446
decision_type=2 2 2 2 2 2 2 2 2 2 2 2 2 2 2 2 2 2 2 2 2 2 2 2 2 2 2 2 2 2
left_child=3 2 19 5 -5 11 8 -8 -7 -10 -6 15 -13 -14 17 18 -16 -12 -1 20 -2 22 23 -3 25 -24 -26 -23 -29 -30
right_child=1 21 -4 4 10 6 7 -9 9 -11 14 12 13 -15 16 -17 -18 -19 -20 -21 -22 27 24 -25 26 -27 -28 28 29 -31
leaf_value=1.1473734141695665e-08 1.3517806742751896e-08 1.8151931667033622e-07 1.784105741692726e-06 -2.0254158371812992e-06 -1.2970298546743921e-06 1.6927995005744378e-07 -2.2496340046080317e-06 1.7430463386477537e-07 1.3230567170215804e-06 3.5902829887661594e-06 -2.4913077268030023e-07 -1.927768047096379e-06 1.6394493941334076e-06 -5.7176673737493809e-07 -1.0358637831053842e-06 1.0781402917245942e-06 -1.9203382994091343e-08 1.1515717771640325e-06 -2.3482370050177566e-07 -4.1608391742135238e-07 1.0793408467758457e-06 -7.0057423141633991e-07 1.2555864955151227e-07 1.4289541672105494e-06 -9.2565815047843981e-08 -2.234473107876056e-06 9.6175248787462649e-07 1.1269765458502775e-08 9.9320767415142555e-08 -1.765748604043438e-06
leaf_weight=2761 42 82 26 24 32 24 22 85 38 21 21 30 25 104 32 25 253 38 303 41 22 25 36 38 134 20 54 2322 162 36
leaf_count=2761 42 82 26 24 32 24 22 85 38 21 21 30 25 104 32 25 253 38 303 41 22 25 36 38 134 20 54 2322 162 36
internal_value=-1.99195e-15 2.74223e-08 4.0947e-07 -2.17207e-08 -2.23983e-07 1.81184e-09 5.00309e-07 -3.24075e-07 1.56307e-06 2.13004e-06 -1.08998e-07 -2.7349e-08 -4.79941e-07 -1.43236e-07 1.51711e-09 -4.0528e-09 -1.33355e-07 6.53017e-07 -1.28827e-08 6.90839e-08 3.79894e-07 1.02177e-08 1.88314e-07 5.7654e-07 -2.61695e-09 -7.1731e-07 2.1027e-07 -1.52546e-08 -8.45579e-09 -2.39783e-07
internal_weight=6878 3040 131 3838 400 3438 190 107 83 59 376 3248 159 129 344 3089 285 59 3064 105 64 2909 364 120 244 56 188 2545 2520 198
internal_count=6878 3040 131 3838 400 3438 190 107 83 59 376 3248 159 129 344 3089 285 59 3064 105 64 2909 364 120 244 56 188 2545 2520 198
is_linear=0
shrinkage=0.05


Tree=274
num_leaves=12
num_cat=0
split_feature=9 22 23 19 15 15 5 5 8 15 15
split_gain=1.64564e-09 2.00608e-09 3.44464e-09 1.78183e-09 1.76219e-09 9.4258e-09 2.34045e-08 9.07207e-09 1.28056e-08 5.13358e-09 3.67837e-09
threshold=82.938559294973601 997.50000000000011 1000.5000000000001 0.00080360000000000013 -0.97111920233974802 -0.96234030595689413 10.450000000000001 17.050000000000004 92.262984225039091 -0.99273797715557011 -0.95242240592625282
decision_type=2 2 2 2 2 2 2 2 2 2 2
left_child=1 2 4 -2 7 6 -6 9 -9 -1 -7
right_child=3 -3 -4 -5 5 10 -8 8 -10 -11 -12
leaf_value=-1.5421107051287538e-08 5.2232827299796493e-07 -3.8528270318452356e-07 6.1060172304619107e-07 -5.8510264258747281e-08 -1.9796174721401864e-06 3.0739760317908595e-07 -7.6428571022445018e-08 1.8033485290324258e-07 -1.5495843057067307e-06 2.7916222461670742e-07 -7.8410614219873096e-09
leaf_weight=304 31 34 23 23 21 94 70 23 20 288 5947
leaf_count=304 31 34 23 23 21 94 70 23 20 288 5947
internal_value=4.7851e-16 -2.17562e-09 -2.57264e-10 2.74934e-07 -2.33348e-09 -1.05443e-08 -5.15626e-07 7.69555e-08 -6.24279e-07 1.2789e-07 -2.93584e-09
internal_weight=6878 6824 6790 54 6767 6132 91 635 43 592 6041
internal_count=6878 6824 6790 54 6767 6132 91 635 43 592 6041
is_linear=0
shrinkage=0.05


Tree=275
num_leaves=17
num_cat=0
split_feature=15 15 14 15 15 6 7 13 9 0 15 15 14 9 17 7
split_gain=1.61746e-09 2.63096e-09 1.08952e-08 3.19109e-09 5.92374e-09 9.27899e-09 8.34321e-09 3.55011e-09 7.06019e-09 2.68685e-09 1.99518e-09 2.02786e-08 8.69751e-09 1.4095e-09 3.32904e-09 2.11636e-09
threshold=0.98929220549296726 0.96901616890815878 0.23537774960157334 0.94975093725139803 0.91936090643431534 2.3550000000000007e-06 154.06921506372407 -0.3794095225512602 -32.562986798192455 380.00000000000006 0.61913436964878354 0.59175731018202693 0.69676570133721638 -7.6290102173272771 0.8606240263575532 140.99130500361065
decision_type=2 2 2 2 2 2 2 2 2 2 2 2 2 2 2 2
left_child=1 3 13 4 10 6 -6 -5 -9 -7 11 -1 -12 15 -15 -3
right_child=-2 2 -4 7 5 9 -8 8 -10 -11 12 -13 -14 14 -16 -17
leaf_value=4.322843555386011e-09 4.0975248523089651e-07 4.1197825817462785e-07 -1.18540216741773e-06 -1.0322934260484672e-07 -1.091131770151558e-06 5.1304633721212135e-07 1.2436971445595192e-07 6.6434759909179369e-08 1.1665791747645927e-06 -2.0577331871261495e-07 -2.3721017498482297e-08 -1.0276620116063859e-06 3.7174223604524715e-07 -6.1569440215924189e-07 1.5730028730824113e-07 -1.6419732487153264e-07
leaf_weight=5750 24 34 24 36 48 26 20 35 25 26 504 48 192 26 30 30
leaf_count=5750 24 34 24 36 48 26 20 35 25 26 504 48 192 26 30 30
internal_value=9.38096e-17 -1.43479e-09 -2.12898e-07 3.10332e-09 -1.05082e-09 -3.49149e-07 -7.33631e-07 2.89307e-07 5.24828e-07 1.53637e-07 5.38154e-09 -4.22067e-09 8.53723e-08 -1.83975e-08 -2.0159e-07 1.41896e-07
internal_weight=6878 6854 144 6710 6614 120 68 96 60 52 6494 5798 696 120 56 64
internal_count=6878 6854 144 6710 6614 120 68 96 60 52 6494 5798 696 120 56 64
is_linear=0
shrinkage=0.05


Tree=276
num_leaves=10
num_cat=0
split_feature=5 9 9 5 17 17 15 15 14
split_gain=1.64437e-09 7.22828e-09 1.94649e-08 2.46324e-09 1.93238e-09 4.52712e-09 2.15312e-09 2.71225e-08 1.02221e-08
threshold=1.2000000000000004 -35.724609430388888 -7.6290102173272771 1.4500000000000002 1.0188627020362733 1.0101803279037567 0.42957308670649791 0.38242094458159287 0.89787622492179153
decision_type=2 2 2 2 2 2 2 2 2
left_child=1 -1 -3 -2 5 6 7 -5 -8
right_child=3 2 -4 4 -6 -7 8 -9 -10
leaf_value=5.7388962241944348e-07 4.6236142454309153e-07 -1.7725149021430298e-06 2.0428388882182294e-07 2.4242490194367723e-09 3.6591359718032537e-07 -6.5988628950190805e-07 -3.6534486433640871e-08 9.86231143669779e-07 -1.0775917892380063e-06
leaf_weight=20 29 20 33 5274 36 26 1345 71 24
leaf_count=20 29 20 33 5274 36 26 1345 71 24
internal_value=4.87634e-16 -2.36043e-07 -5.41678e-07 2.53213e-09 5.64147e-10 -1.38727e-09 1.16277e-09 1.54926e-08 -5.47853e-08
internal_weight=6878 73 53 6805 6776 6740 6714 5345 1369
internal_count=6878 73 53 6805 6776 6740 6714 5345 1369
is_linear=0
shrinkage=0.05


Tree=277
num_leaves=22
num_cat=0
split_feature=11 12 3 21 15 15 12 21 11 3 17 8 17 3 4 27 8 27 4 4 7
split_gain=1.59293e-09 7.99258e-09 3.05968e-09 1.66835e-08 6.76023e-09 4.39568e-08 4.35451e-08 8.97679e-09 5.02679e-09 2.63634e-09 1.66541e-08 7.80571e-08 1.34259e-08 6.94926e-09 9.99029e-09 6.48583e-09 1.44113e-09 1.05514e-09 2.93493e-10 3.77496e-10 2.69846e-10
threshold=11.509375000000002 -1.0000000180025095e-35 13.850000000000003 116.00000000000001 0.011826144619637555 0.11478523713130606 -1.0000000180025095e-35 20.500000000000004 13.956250000000002 18.550000000000004 0.93216981107391106 263.47423577758337 0.80505442026149732 18.950000000000003 54.500000000000007 96.833333333333357 326.85811795944278 92.833333333333357 10.500000000000002 38.500000000000007 136.45928460076402
decision_type=2 2 2 2 2 2 2 2 2 2 2 2 2 2 2 2 2 2 2 2 2
left_child=1 -1 3 4 6 -6 -2 -7 -4 10 12 -12 -10 14 -11 -15 18 -8 -3 -20 -21
right_child=2 16 8 -5 5 7 17 -9 9 13 11 -13 -14 15 -16 -17 -18 -19 19 20 -22
leaf_value=-9.5612203206376138e-07 2.0512244117535752e-06 -2.3976392100812729e-07 -7.618742030711769e-07 1.2766177147129604e-06 -1.9760317837632817e-06 1.7836411266212794e-08 -3.8999560825203622e-08 1.1020559210805913e-06 -5.9503733662655142e-08 9.5547710867999061e-08 1.1450959848483915e-07 -3.2313501567733001e-06 3.7099965432751962e-07 2.4168383897207667e-08 8.9626173121628032e-07 -2.3263150354495541e-07 3.7009286762397442e-07 3.4493902219878695e-07 1.0179409595506888e-07 -4.6998062254642398e-08 -2.3710338181714974e-07
leaf_weight=26 30 22 22 29 28 420 170 20 1917 147 72 23 200 3250 53 266 21 20 34 84 24
leaf_count=26 30 22 22 29 28 420 170 20 1917 147 72 23 200 3250 53 266 21 20 34 84 24
internal_value=8.44946e-16 -1.35258e-07 4.28069e-09 1.01856e-07 5.23388e-08 -5.51207e-08 2.80934e-07 6.71191e-08 -7.47759e-09 -4.67787e-09 -4.78956e-08 -6.95541e-07 -1.88327e-08 2.10481e-08 3.07737e-07 4.74041e-09 -1.98928e-08 1.41503e-09 -6.983e-08 -4.35022e-08 -8.92437e-08
internal_weight=6878 211 6667 717 688 468 220 440 5950 5928 2212 95 2117 3716 200 3516 185 190 164 142 108
internal_count=6878 211 6667 717 688 468 220 440 5950 5928 2212 95 2117 3716 200 3516 185 190 164 142 108
is_linear=0
shrinkage=0.05


Tree=278
num_leaves=16
num_cat=0
split_feature=17 17 5 15 12 15 12 27 5 8 12 15 15 12 1
split_gain=1.58353e-09 3.93497e-09 1.84124e-09 1.3444e-08 5.41432e-08 9.34618e-09 2.416e-08 1.0186e-08 9.32293e-09 3.61036e-08 5.58631e-09 3.95123e-09 9.02353e-09 5.29513e-09 2.08852e-09
threshold=1.0188627020362733 1.0101803279037567 17.450000000000003 0.029024409397335523 -0.70710678118654735 0.53493525241775031 -0.5 69.166666666666671 17.050000000000004 272.41374569257584 -0.5 -0.97111920233974802 -0.96234030595689413 -0.5 381.95000000000005
decision_type=2 2 2 2 2 2 2 2 2 2 2 2 2 2 2
left_child=1 2 8 4 -4 6 -5 -7 11 14 -6 13 -13 -1 -10
right_child=-2 -3 3 5 10 7 -8 -9 9 -11 -12 12 -14 -15 -16
leaf_value=3.2173716495023815e-07 3.176993841655018e-07 -6.1575290911920237e-07 2.5305621700401669e-06 -1.33460419699342e-06 9.1146794346741443e-07 3.5254828297293696e-07 3.007040884561718e-08 -3.0264912887114214e-07 -1.2415209478517147e-07 -2.1691927945729126e-06 3.4231994575934292e-08 -5.379908280644941e-07 -6.3082907152940924e-09 1.3438669352314398e-08 4.7786090783574769e-07
leaf_weight=212 39 26 26 48 20 148 100 99 34 24 196 81 5394 406 25
leaf_count=212 39 26 26 48 20 148 100 99 34 24 196 81 5394 406 25
internal_value=-8.63379e-16 -1.81171e-09 5.31233e-10 8.14668e-08 3.74932e-07 -9.83268e-08 -4.12527e-07 8.99388e-08 -7.81656e-09 -5.3416e-07 1.15458e-07 -6.46611e-10 -1.41743e-08 1.19198e-07 1.30938e-07
internal_weight=6878 6839 6813 637 242 395 148 247 6176 83 216 6093 5475 618 59
internal_count=6878 6839 6813 637 242 395 148 247 6176 83 216 6093 5475 618 59
is_linear=0
shrinkage=0.05


Tree=279
num_leaves=25
num_cat=0
split_feature=8 3 17 8 15 15 21 11 4 17 8 27 17 7 21 19 14 8 14 8 27 8 14 15
split_gain=1.57133e-09 1.59691e-09 9.3678e-09 2.5781e-08 4.75441e-08 7.89314e-08 8.19676e-09 8.17274e-09 2.37408e-08 7.22252e-09 2.52026e-08 2.38272e-08 1.30069e-08 3.54655e-08 2.14773e-08 8.17684e-09 6.28629e-09 1.87011e-08 9.39147e-09 3.56672e-08 6.18738e-09 4.6757e-09 2.91048e-09 1.41463e-09
threshold=4.0086417299859827 20.350000000000005 0.93216981107391106 259.41841140483615 -0.42958798411962301 -0.83849291496497236 542.50000000000011 21.006250000000005 42.500000000000007 0.68891254589608042 266.80853237446945 53.833333333333336 0.48563697628355668 88.508869010646848 60.500000000000007 0.00010055000000000002 0.98522604642031408 238.25064773721266 0.97875492728876534 242.84748527535143 9.1666666666666696 140.82510863233119 -0.49157856216375384 -0.56369940867848845
decision_type=2 2 2 2 2 2 2 2 2 2 2 2 2 2 2 2 2 2 2 2 2 2 2 2
left_child=23 2 9 6 5 -5 21 8 22 12 15 -12 14 -14 -2 -11 18 -18 20 -20 -9 -4 -3 -1
right_child=1 7 3 4 -6 -7 -8 16 -10 10 11 -13 13 -15 -16 -17 17 -19 19 -21 -22 -23 -24 -25
leaf_value=5.3371857852915548e-07 -3.1985194457723516e-08 3.0409624200977704e-07 7.3025659969224136e-08 -2.389116529922744e-06 -3.1353231098104777e-06 1.9459954899048172e-06 -7.5674807215128008e-07 7.7754642016353343e-08 2.0163432751019172e-06 4.0733992479140642e-07 1.3765988557493779e-06 -2.0253014112212342e-07 -1.2465145579943171e-07 -1.6067036400040417e-06 6.7525153200849655e-07 -7.2584042139329101e-08 -1.9556028900691303e-07 1.7131218854837289e-06 3.5583388767811223e-07 -2.264982060717373e-06 -7.625416144805133e-08 9.2272181191788143e-07 -4.4297595694202267e-07 2.9824946690126811e-08
leaf_weight=26 2584 32 85 21 21 21 26 1604 20 108 71 36 286 47 112 498 33 21 34 21 1099 20 22 30
leaf_count=26 2584 32 85 21 21 21 26 1604 20 108 71 36 286 47 112 498 33 21 34 21 1099 20 22 30
internal_value=2.2005e-16 -2.16526e-09 -2.28798e-08 -3.61655e-07 -1.19281e-06 -2.21561e-07 3.80623e-08 2.60857e-08 5.44763e-07 -5.31632e-09 1.37859e-07 8.45303e-07 -3.90185e-08 -3.3383e-07 -2.60444e-09 1.2947e-08 1.24363e-08 5.46705e-07 1.97565e-09 -6.44841e-07 1.51369e-08 2.34873e-07 -2.66506e-10 2.63776e-07
internal_weight=6878 6822 3936 194 63 42 131 2886 74 3742 713 107 3029 333 2696 606 2812 54 2758 55 2703 105 54 56
internal_count=6878 6822 3936 194 63 42 131 2886 74 3742 713 107 3029 333 2696 606 2812 54 2758 55 2703 105 54 56
is_linear=0
shrinkage=0.05


Tree=280
num_leaves=26
num_cat=0
split_feature=1 20 22 26 6 19 14 25 18 2 24 23 25 5 5 24 18 5 8 18 14 14 18 18 11
split_gain=1.53683e-09 3.67074e-08 2.74923e-08 1.56472e-08 2.8116e-08 1.30328e-08 1.50536e-08 1.24907e-08 1.0003e-08 3.56366e-08 2.55106e-08 1.79085e-08 2.70965e-08 1.71377e-08 4.174e-08 1.04899e-08 9.21523e-09 2.62086e-08 3.53732e-08 1.99829e-08 1.79634e-08 2.03992e-08 9.04592e-09 9.98474e-09 8.14974e-09
threshold=422.40000000000003 2.3925000000000002e-05 156.50000000000003 4.4820302333882316e-05 5.9025000000000005e-05 0.00015790500000000004 0.46800856592688472 0.00015042491163533243 5.9025000000000005e-05 72.500000000000014 0.00013100653911868145 154.50000000000003 2.9203969228071721e-05 13.350000000000003 7.8500000000000005 0.00020728104991490342 1.3425000000000001e-05 5.5500000000000007 254.62635741609648 1.1550000000000001e-05 0.72695311118111527 0.25206111083856975 8.2450000000000015e-06 6.2400000000000012e-06 30.178125000000005
decision_type=2 2 2 2 2 2 2 2 2 2 2 2 2 2 2 2 2 2 2 2 2 2 2 2 2
left_child=8 2 -2 24 -5 6 -6 -7 16 10 13 -11 -13 14 -10 -14 19 18 -18 22 21 -19 23 -1 -3
right_child=1 3 -4 4 5 7 -8 -9 9 11 -12 12 15 -15 -16 -17 17 20 -20 -21 -22 -23 -24 -25 -26
leaf_value=-4.8463061733302884e-09 1.1758938110905216e-07 1.6925943437229308e-06 -2.1259164373393308e-06 -1.8851088094606894e-06 -1.4571964205685109e-07 -9.9824582507194881e-07 9.0157137638418197e-07 -1.7829252790337159e-08 -1.7526368394944832e-07 -1.3455041021831242e-06 2.4509169199281251e-06 1.4046003085768336e-06 -3.0552055863527144e-07 -4.2203464290494219e-07 2.1531906251463323e-06 1.6147850081979525e-07 2.1181965756379961e-07 -5.8811473454954325e-08 -2.1551357398744875e-06 1.3868394641637959e-06 -9.7083011894857194e-07 1.3877169630247974e-06 -8.9955072054083625e-07 9.4314743270183607e-07 2.6520649640815466e-07
leaf_weight=3468 22 20 36 20 59 33 82 2088 38 23 23 36 193 29 39 319 27 114 38 26 38 31 28 28 20
leaf_count=3468 22 20 36 20 59 33 82 2088 38 23 23 36 193 29 39 319 27 114 38 26 38 31 28 28 20
internal_value=-4.37796e-16 -3.24918e-08 -1.27493e-06 -1.45752e-09 -1.86417e-08 -2.1389e-09 4.63343e-07 -3.30833e-08 1.71922e-08 1.90874e-07 9.41446e-07 2.13051e-08 7.86711e-08 6.13919e-07 1.00408e-06 -1.45583e-08 -1.48187e-08 -3.09487e-07 -1.17194e-06 5.76663e-09 -3.15206e-09 2.50446e-07 -4.42289e-09 2.74632e-09 9.789e-07
internal_weight=6878 2380 58 2322 2282 2262 141 2121 4498 700 129 571 548 106 77 512 3798 248 65 3550 183 145 3524 3496 40
internal_count=6878 2380 58 2322 2282 2262 141 2121 4498 700 129 571 548 106 77 512 3798 248 65 3550 183 145 3524 3496 40
is_linear=0
shrinkage=0.05


Tree=281
num_leaves=21
num_cat=0
split_feature=21 6 18 17 6 22 0 6 25 18 21 6 16 21 0 26 21 8 21 14
split_gain=1.52436e-09 1.99629e-08 1.79097e-08 3.49889e-08 1.8383e-08 3.04553e-08 2.40517e-08 1.20077e-08 2.04198e-08 1.06652e-08 8.21372e-09 2.02099e-08 3.13619e-09 3.13058e-09 5.55341e-08 2.06164e-08 9.59503e-09 3.76744e-08 5.17855e-09 1.61231e-09
threshold=566.50000000000011 8.7105000000000014e-05 0.00022396500000000001 0.94278400310813415 0.00019629000000000003 697.50000000000011 411.50000000000006 0.00023904500000000001 0.0002349882267038855 0.00033158500000000007 539.50000000000011 0.00020605000000000002 840.8850000000001 374.50000000000006 176.50000000000003 4.4820302333882316e-05 271.00000000000006 256.53320538400237 213.50000000000003 0.60555468348150676
decision_type=2 2 2 2 2 2 2 2 2 2 2 2 2 2 2 2 2 2 2 2
left_child=10 -2 3 -3 5 6 -4 8 -6 -9 12 -12 13 16 -15 -16 18 -18 -1 -13
right_child=1 2 4 -5 7 -7 -8 9 -10 -11 11 19 -14 14 15 -17 17 -19 -20 -21
leaf_value=5.7844061449092198e-09 -1.4739098280832272e-06 -4.2278841468060189e-07 -4.6850834258921605e-07 1.8165833199492301e-06 1.0085937992089709e-07 7.0557350875688493e-07 -2.8615409903631233e-06 -1.0208378532589839e-06 1.9620619781335336e-06 -3.4878637472224274e-08 1.6310858623253605e-06 -2.0102058416481528e-07 5.2321214946789099e-07 -2.5165014788982539e-06 7.4867357730235879e-07 -1.4147994812440348e-07 -8.3509493754380882e-08 1.1009888229917994e-06 -2.932344592233941e-07 3.133576751679357e-07
leaf_weight=4172 24 33 21 37 56 20 21 28 20 1342 27 39 29 23 77 419 218 97 150 25
leaf_count=4172 24 33 21 37 56 20 21 28 20 1342 27 39 29 23 77 419 218 97 150 25
internal_value=-6.47732e-17 -4.27173e-08 -2.09501e-08 7.6088e-07 -5.72419e-08 -9.00316e-07 -1.66502e-06 -2.10935e-08 5.9065e-07 -5.50296e-08 1.29706e-08 4.83884e-07 4.70581e-09 1.78946e-09 -1.14666e-07 -3.29079e-09 1.48239e-08 2.81241e-07 -4.59339e-09 -9.15766e-11
internal_weight=6878 1602 1578 70 1508 62 42 1446 76 1370 5276 91 5185 5156 519 496 4637 315 4322 64
internal_count=6878 1602 1578 70 1508 62 42 1446 76 1370 5276 91 5185 5156 519 496 4637 315 4322 64
is_linear=0
shrinkage=0.05


Tree=282
num_leaves=26
num_cat=0
split_feature=15 15 8 15 8 14 12 14 8 14 12 14 27 17 17 8 5 15 5 16 16 14 27 19 7
split_gain=1.49169e-09 5.21259e-08 8.24788e-08 1.50923e-08 2.91677e-08 2.15925e-08 4.44297e-08 1.7153e-08 5.29159e-08 3.08973e-08 1.1165e-07 2.21909e-08 8.41192e-09 5.41237e-09 6.86011e-09 1.78426e-08 5.33562e-09 1.3064e-08 9.56625e-09 3.1866e-09 1.56666e-09 7.34134e-10 5.44036e-10 5.41705e-10 4.54648e-11
threshold=-0.68432604233786842 -0.65883892954715351 266.80853237446945 -0.70289845916694649 266.80853237446945 0.67802080537253973 -0.5 0.54219432480460406 277.6112476263628 0.51297097409535064 -0.25881904510252113 0.48314048284850658 57.166666666666679 1.0188627020362733 0.9999486178193403 233.17242719103459 13.450000000000001 0.27487873330147788 13.050000000000002 1028.7600000000002 778.50000000000011 0.78857998149907527 55.500000000000007 0.00037221500000000007 93.521682805530887
decision_type=2 2 2 2 2 2 2 2 2 2 2 2 2 2 2 2 2 2 2 2 2 2 2 2 2
left_child=3 2 20 5 23 7 -7 9 19 11 -11 -1 -10 14 16 21 18 -18 -3 -9 24 -16 -8 -5 -2
right_child=1 13 -4 4 -6 6 22 8 12 10 -12 -13 -14 -15 15 -17 17 -19 -20 -21 -22 -23 -24 -25 -26
leaf_value=-7.6308901729993396e-09 1.717960996927559e-07 -8.2730062581748723e-09 -3.1040663252822146e-06 -1.963498383439344e-07 2.0446605730668395e-06 -2.5983313880336332e-06 -1.6270992070133161e-07 -1.2397325153869088e-07 1.9959126469378439e-06 -4.1175358296641206e-06 7.7379031446460945e-07 1.081679230134173e-06 8.6623715210757493e-07 7.4182938098488194e-07 -1.5162653205101783e-07 -1.7491168290462157e-06 2.4318583343183378e-07 -6.9868973317784683e-08 -5.054710989229605e-07 5.4818080741370068e-07 -4.2193423059888603e-07 2.3747454840552319e-07 1.7872689832712903e-07 1.5138042956307022e-07 6.6460560289001376e-08
leaf_weight=1800 20 2971 35 24 27 24 20 149 45 20 28 48 26 25 27 20 705 632 100 20 20 22 28 21 21
leaf_count=1800 20 2971 35 24 27 24 20 149 45 20 28 48 26 25 27 20 705 632 100 20 20 22 28 21 21
internal_value=-1.69227e-16 -1.63969e-08 -1.16926e-06 3.30671e-08 7.4545e-07 9.83716e-09 -8.41803e-07 3.85441e-08 4.36791e-07 -1.18669e-08 -1.26426e-06 2.06629e-08 1.58223e-06 8.1867e-09 4.08997e-09 -4.90606e-07 1.18336e-08 9.52048e-08 -2.44631e-08 -4.44284e-08 -5.91326e-08 2.30719e-08 3.64616e-08 -3.40757e-08 1.17844e-07
internal_weight=6878 4598 96 2280 72 2208 72 2136 240 1896 48 1848 71 4502 4477 69 4408 1337 3071 169 61 49 48 45 41
internal_count=6878 4598 96 2280 72 2208 72 2136 240 1896 48 1848 71 4502 4477 69 4408 1337 3071 169 61 49 48 45 41
is_linear=0
shrinkage=0.05


Tree=283
num_leaves=26
num_cat=0
split_feature=8 5 27 9 8 8 15 5 5 8 14 14 15 14 5 12 21 5 3 8 5 12 5 27 7
split_gain=1.50968e-09 2.40858e-09 2.55866e-09 3.52666e-09 2.21346e-09 7.42829e-09 6.91595e-09 1.16347e-08 6.70645e-09 7.34431e-09 6.87817e-09 1.10842e-08 2.0501e-08 7.54821e-09 5.03181e-09 2.04737e-08 2.18066e-08 7.93079e-09 2.49615e-08 5.6648e-09 1.52548e-09 1.23953e-09 1.16184e-09 1.0945e-09 8.28887e-10
threshold=341.65330520310596 11.950000000000001 3.5000000000000004 -39.131555194860702 313.52670824671821 309.26761614651997 -0.52034141052533245 11.550000000000002 3.3500000000000001 326.85811795944278 0.97112537654464559 0.28519915169571858 -0.81925291736142503 -0.015050995721668367 2.3500000000000001 -0.60355339059327362 71.500000000000014 2.9500000000000006 18.550000000000004 304.07527270162086 17.250000000000004 0.37940952255126054 9.3500000000000032 33.833333333333336 147.05448798163789
decision_type=2 2 2 2 2 2 2 2 2 2 2 2 2 2 2 2 2 2 2 2 2 2 2 2 2
left_child=4 2 -2 22 5 14 7 -7 9 -6 11 13 -13 -10 15 16 -1 18 -16 -19 23 -17 24 -3 -4
right_child=1 20 3 -5 8 6 -8 -9 10 -11 -12 12 -14 -15 17 21 -18 19 -20 -21 -22 -23 -24 -25 -26
leaf_value=-2.3358876633427008e-06 -3.8682068902081332e-07 -3.2639663859212166e-07 -1.2545174958030917e-07 5.418789745803565e-07 1.4078941967454739e-06 -2.1259863627102308e-07 9.2643080229493085e-08 -1.7801858297161745e-06 3.3349340343950519e-08 5.2875021765430573e-08 7.4153691150858132e-07 -1.8588532876151475e-06 -1.1353608060916195e-07 7.035096147815652e-07 -1.4221665513770755e-07 4.1367776028827004e-07 -2.7481081992915058e-07 9.8609083588877574e-09 1.4276537380353285e-06 -3.7351783431306889e-07 -1.7245030647927708e-08 -1.0761938041319698e-10 -3.9779178104297556e-07 -8.1838621809993142e-07 2.4725044420064867e-07
leaf_weight=21 36 26 35 32 20 29 32 20 178 20 33 20 106 55 69 21 33 5736 40 98 20 131 21 20 26
leaf_count=21 36 26 35 32 20 29 32 20 178 20 33 20 106 55 69 21 33 5736 40 98 20 131 21 20 26
internal_value=3.66988e-16 -1.30094e-07 -1.93423e-08 9.67035e-08 4.218e-09 -3.37129e-09 -4.79068e-07 -8.5243e-07 1.13665e-07 7.30385e-07 5.07348e-08 -1.27651e-08 -3.90571e-07 1.91542e-07 2.895e-09 -2.40045e-07 -1.07634e-06 1.13159e-08 4.33883e-07 3.42088e-09 -3.81802e-07 5.70601e-08 -7.70235e-08 -5.40305e-07 3.34049e-08
internal_weight=6878 216 150 114 6662 6230 81 49 432 40 392 359 126 233 6149 206 54 5943 109 5834 66 152 82 46 61
internal_count=6878 216 150 114 6662 6230 81 49 432 40 392 359 126 233 6149 206 54 5943 109 5834 66 152 82 46 61
is_linear=0
shrinkage=0.05


Tree=284
num_leaves=17
num_cat=0
split_feature=15 15 12 15 12 15 8 15 15 15 8 6 27 5 13 15
split_gain=1.44922e-09 2.30106e-09 1.03941e-08 2.82652e-09 8.90311e-09 5.27917e-09 1.66305e-08 1.98118e-09 1.78575e-08 7.49987e-09 1.42198e-09 1.03166e-09 9.03856e-10 1.78628e-10 1.34227e-10 4.63092e-11
threshold=0.98929220549296726 0.96901616890815878 -0.70710678118654735 0.94975093725139803 -0.5 0.91936090643431534 250.03553974331544 0.61913436964878354 0.59175731018202693 0.72100388094302625 267.39257413139825 7.8090000000000006e-05 98.166666666666671 8.4500000000000011 0.25881904510252057 0.95995164131966326
decision_type=2 2 2 2 2 2 2 2 2 2 2 2 2 2 2 2
left_child=1 3 -3 5 -5 7 11 8 -1 -9 12 -7 14 -6 -4 -15
right_child=-2 2 10 4 13 6 -8 9 -10 -11 -12 -13 -14 15 -16 -17
leaf_value=3.4974722007523028e-09 3.87857931763667e-07 -9.3488986829568271e-07 -6.1559304562954574e-09 9.5320293986844722e-07 -1.9213253443339795e-07 2.0469969024603376e-07 -1.2469308285290027e-06 3.5068165581828135e-07 -9.6492564477893925e-07 -1.6546166242439128e-08 -3.3442928639715322e-07 -1.4565357201515453e-07 4.2810264140769054e-07 -6.0930993456517637e-08 1.4084220869570175e-07 4.1765665127427167e-08
leaf_weight=5750 24 36 44 32 20 47 35 192 48 504 20 38 20 23 24 21
leaf_count=5750 24 36 44 32 20 47 35 192 48 504 20 38 20 23 24 21
internal_value=-1.71541e-16 -1.35813e-09 -1.9912e-07 2.88594e-09 2.72245e-07 -1.02372e-09 -3.29638e-07 5.04861e-09 -4.51983e-09 8.47581e-08 4.61372e-08 4.80712e-08 1.3263e-07 -6.82341e-08 4.57258e-08 -1.19167e-08
internal_weight=6878 6854 144 6710 96 6614 120 6494 5798 696 108 85 88 64 68 44
internal_count=6878 6854 144 6710 96 6614 120 6494 5798 696 108 85 88 64 68 44
is_linear=0
shrinkage=0.05


Tree=285
num_leaves=31
num_cat=0
split_feature=15 15 12 14 12 25 15 8 5 4 15 12 15 8 15 4 3 4 2 4 12 14 14 8 4 25 7 8 17 5
split_gain=1.42488e-09 1.98304e-08 3.17414e-08 2.85763e-08 5.47997e-08 1.8854e-08 1.52938e-08 2.68609e-08 3.39234e-08 1.42293e-08 1.3296e-08 3.45321e-08 2.52678e-08 4.39171e-08 9.92813e-09 1.01223e-08 7.5199e-09 6.79825e-09 6.18792e-09 4.92571e-09 2.62199e-08 2.53478e-08 2.40983e-08 4.88543e-09 4.53353e-09 3.5034e-09 1.53902e-09 1.18859e-09 9.9376e-11 7.70322e-11
threshold=-0.90531874877253482 -0.93237865822738086 -0.25881904510252113 0.31799963745711152 -0.25881904510252113 0.00040166354195699948 -0.88620506325989179 278.2253509541319 4.1500000000000012 59.500000000000007 -0.86974577485258975 -0.60355339059327362 -0.85225707553516283 278.79558407676467 -0.82413948779581736 1.0000000180025095e-35 26.250000000000004 1.5000000000000002 158.50000000000003 46.500000000000007 -0.37940952255126065 0.26866988313759588 0.23537774960157334 165.00057361918337 13.500000000000002 0.00021823597881184394 126.47564345848802 175.38697478176792 0.94845635270320461 8.8500000000000032
decision_type=2 2 2 2 2 2 2 2 2 2 2 2 2 2 2 2 2 2 2 2 2 2 2 2 2 2 2 2 2 2
left_child=1 3 5 19 -5 9 7 18 -9 -3 11 -8 13 23 15 -14 -16 -13 25 21 -21 22 -1 -12 -19 -2 -22 28 29 -4
right_child=6 2 27 4 -6 -7 10 8 -10 -11 12 17 14 -15 16 -17 -18 24 -20 20 26 -23 -24 -25 -26 -27 -28 -29 -30 -31
leaf_value=6.4180786691855243e-08 -6.5691251064656327e-08 1.0911175633968437e-06 -9.4598671736741604e-08 -3.2281166568282063e-06 1.9865803363597732e-07 -1.0427747283648345e-08 2.0626430698809729e-06 -3.0761022890146708e-06 -2.6047520048885656e-07 2.6718144942113515e-06 1.7929140155907273e-07 6.5322711761221334e-07 -1.8703097186923342e-07 -2.4382771087026604e-06 1.3265499484273294e-08 7.0700934665256709e-07 -1.9663967712723286e-07 -9.2406459513667774e-07 -7.4195987091383945e-07 -1.8399116604748336e-06 1.7083939350361388e-07 1.3610509111453931e-06 -1.2414317616176234e-06 -7.4109499310214321e-07 9.2045629877499935e-08 7.3818285102333907e-07 -3.0267603909289229e-07 3.2151039455641242e-07 -5.1823213986779135e-09 -2.0430862637255132e-07
leaf_weight=789 33 35 48 20 28 21 28 20 23 24 46 24 47 29 4729 97 469 21 21 22 78 36 37 21 23 23 22 20 20 24
leaf_count=789 33 35 48 20 28 21 28 20 23 24 46 24 47 29 4729 97 469 21 21 22 78 36 37 21 23 23 22 20 20 24
internal_value=8.40301e-16 4.8912e-08 5.15501e-07 -3.78952e-08 -1.22916e-06 1.27617e-06 -1.05886e-08 -5.69031e-07 -1.57007e-06 1.73411e-06 1.52069e-09 5.84824e-07 -8.77669e-09 -8.12767e-07 5.67166e-09 4.15205e-07 -5.67362e-09 -2.36891e-08 -1.00099e-08 2.02155e-08 -2.77143e-07 6.2301e-08 5.69693e-09 -1.09188e-07 -3.92916e-07 2.64471e-07 6.6666e-08 -2.78356e-08 -1.0378e-07 -1.31169e-07
internal_weight=6878 1224 192 1032 48 80 5654 120 43 59 5534 96 5438 96 5342 144 5198 68 77 984 122 862 826 67 44 56 100 112 92 72
internal_count=6878 1224 192 1032 48 80 5654 120 43 59 5534 96 5438 96 5342 144 5198 68 77 984 122 862 826 67 44 56 100 112 92 72
is_linear=0
shrinkage=0.05


Tree=286
num_leaves=19
num_cat=0
split_feature=11 12 3 12 14 26 14 14 14 8 3 14 14 14 7 8 14 14
split_gain=1.42961e-09 7.07534e-09 3.00962e-09 1.7259e-08 5.32625e-09 3.00714e-08 4.2815e-09 6.16606e-09 1.38061e-08 1.21187e-09 9.55947e-10 2.72196e-09 1.8861e-09 7.84328e-10 2.82585e-10 2.33379e-10 2.30543e-10 1.73529e-10
threshold=11.509375000000002 -1.0000000180025095e-35 12.550000000000002 -0.37940952255126065 0.99966190462023474 0.00011030537635980818 0.99907018497641664 0.99818282439137029 0.99761913169647187 326.85811795944278 12.050000000000002 0.93237596376505805 0.93845596220871974 0.79904096188274243 143.54589772849121 102.40013839226587 0.99907018497641664 0.9916835347852474
decision_type=2 2 2 2 2 2 2 2 2 2 2 2 2 2 2 2 2 2
left_child=1 -1 3 -2 6 -6 7 8 -4 14 12 13 15 -12 16 -5 17 -3
right_child=2 9 4 10 5 -7 -8 -9 -10 -11 11 -13 -14 -15 -16 -17 -18 -19
leaf_value=-9.0046423443149823e-07 1.3195011955100075e-06 -3.8367689080857983e-08 -3.0539762448068578e-09 8.0903462553049492e-08 -1.8742845689055025e-06 6.8494170797350766e-07 5.778279922985519e-07 -6.942907984530678e-07 1.1984681064151442e-06 3.3802954736269645e-07 -7.5654123091760528e-08 -4.7911462909648141e-07 5.0270246839966575e-07 1.9636275289554279e-07 -1.937238009642282e-07 -9.4871590304381117e-08 -1.8797553593685735e-07 1.0944995087341497e-07
leaf_weight=26 29 84 6255 58 22 24 32 32 24 21 53 30 27 53 34 28 20 26
leaf_count=26 29 84 6255 58 22 24 32 32 24 21 53 30 27 53 34 28 20 26
internal_value=4.69879e-16 -1.28136e-07 4.05531e-09 1.65103e-07 -2.95224e-09 -5.39036e-07 9.35488e-10 -1.98965e-09 1.53856e-09 -1.95929e-08 3.06549e-08 -5.86462e-08 1.38132e-07 6.03543e-08 -6.5386e-08 2.36744e-08 -3.18208e-08 -3.42897e-09
internal_weight=6878 211 6667 278 6389 46 6343 6311 6279 185 249 136 113 106 164 86 130 110
internal_count=6878 211 6667 278 6389 46 6343 6311 6279 185 249 136 113 106 164 86 130 110
is_linear=0
shrinkage=0.05


Tree=287
num_leaves=30
num_cat=0
split_feature=24 6 8 6 8 26 17 8 2 22 4 7 4 21 14 8 21 8 6 21 11 11 22 3 21 21 0 21 11
split_gain=1.41576e-09 1.21499e-08 2.30392e-08 8.57993e-09 1.1092e-08 6.35179e-09 2.22592e-08 3.62103e-08 1.41482e-08 5.58634e-09 1.52951e-08 2.90941e-08 1.99691e-08 2.03157e-08 1.03793e-08 2.11412e-08 1.06503e-08 4.92305e-09 6.24928e-09 4.43815e-09 2.87929e-08 5.93651e-08 1.71727e-08 2.18114e-08 1.66174e-08 5.74827e-09 4.73579e-08 9.7459e-09 2.85439e-09
threshold=0.00040878266867976391 0.00029360500000000001 279.77915454520326 0.00035712500000000007 248.02962813885136 0.00022312132841452559 0.96418361812676634 238.25064773721266 159.50000000000003 595.50000000000011 1.5000000000000002 40.407544462605053 17.500000000000004 769.50000000000011 0.80417553764032002 230.71074127603376 521.50000000000011 276.97408129887862 0.00059782500000000018 560.50000000000011 35.51250000000001 33.80937500000001 436.50000000000006 24.750000000000004 539.50000000000011 374.50000000000006 176.50000000000003 271.00000000000006 53.41875000000001
decision_type=2 2 2 2 2 2 2 2 2 2 2 2 2 2 2 2 2 2 2 2 2 2 2 2 2 2 2 2 2
left_child=9 2 -2 4 -3 6 8 -8 -5 19 11 28 13 -12 16 -16 -14 18 -7 24 21 -21 23 -22 25 27 -27 -1 -11
right_child=1 3 -4 5 -6 17 7 -9 -10 10 12 -13 14 -15 15 -17 -18 -19 -20 20 22 -23 -24 -25 -26 26 -28 -29 -30
leaf_value=-3.8883882316619628e-09 -1.4763804465007688e-06 -3.0596573878938217e-07 4.680437285173866e-07 1.2056733133970387e-06 1.1950547824213232e-06 -1.8404113958128083e-07 9.6928270008269456e-08 -2.8426473866716152e-06 -3.5954517781668814e-07 -2.7441172799120235e-07 2.3648208328316182e-08 2.3308832735549262e-06 4.5839702089913523e-07 -2.0959945157983383e-06 1.0809538461523357e-07 1.7958662591053909e-06 -6.296986514674137e-07 6.6217625642492651e-07 5.4814188411425016e-08 7.9128981160933762e-08 2.0525845825215498e-06 -3.3539043704422513e-06 -6.574442552090766e-07 7.9038446272539613e-08 1.0784982338110342e-06 -2.3919298655528111e-06 -3.045368508480806e-08 3.0848932906877e-07 5.5091315076083447e-07
leaf_weight=4322 39 20 25 22 32 399 22 20 42 22 26 23 44 20 55 28 46 27 873 34 21 20 34 42 36 23 276 265 20
leaf_count=4322 39 20 25 22 32 399 22 20 42 22 26 23 44 20 55 28 46 27 873 34 21 20 34 42 36 23 276 265 20
internal_value=7.41868e-16 -4.25725e-08 -7.1684e-07 -1.29547e-08 6.17739e-07 -3.62971e-08 -4.08459e-07 -1.30287e-06 1.78499e-07 1.20875e-08 2.27885e-07 9.01408e-07 2.79808e-08 -8.97936e-07 2.74178e-07 6.77464e-07 -9.77408e-08 -5.92831e-09 -2.01098e-08 6.59865e-12 -2.66999e-07 -1.19236e-06 2.48152e-07 7.36887e-07 8.19797e-09 3.12005e-10 -2.12106e-07 1.41583e-08 1.186e-07
internal_weight=6878 1521 64 1457 52 1405 106 42 64 5357 284 65 219 46 173 83 90 1299 1272 5073 151 54 97 63 4922 4886 299 4587 42
internal_count=6878 1521 64 1457 52 1405 106 42 64 5357 284 65 219 46 173 83 90 1299 1272 5073 151 54 97 63 4922 4886 299 4587 42
is_linear=0
shrinkage=0.05


Tree=288
num_leaves=15
num_cat=0
split_feature=3 3 1 6 15 17 21 15 25 25 17 21 5 17
split_gain=1.39254e-09 4.96305e-09 1.65795e-09 3.18774e-08 4.79935e-08 1.3178e-08 2.36514e-08 2.14758e-08 1.21325e-08 2.47958e-08 1.99862e-08 1.00524e-08 9.20113e-09 1.01179e-08
threshold=36.250000000000007 35.250000000000007 422.40000000000003 2.5940000000000002e-05 0.18281312110578132 0.75623287175206511 238.50000000000003 -0.35042475891464198 0.00012594113899328579 0.00015042491163533243 0.91643220058781616 213.50000000000003 25.900000000000002 0.66714170868961498
decision_type=2 2 2 2 2 2 2 2 2 2 2 2 2 2
left_child=1 2 5 4 -4 12 11 -8 10 -10 -5 -7 13 -1
right_child=-2 -3 3 8 -6 6 7 -9 9 -11 -12 -13 -14 -15
leaf_value=4.6287856197367403e-09 -3.9716068009191967e-07 7.5105626199894528e-07 -2.4307489859369747e-06 8.7007829730875344e-07 5.8415878783080195e-07 1.2420605877663397e-07 4.0667006231555518e-07 1.7559798217397268e-06 -1.3798646457818155e-06 -1.8532806833357526e-08 -1.8096020410394788e-07 -8.2081897132116783e-07 1.0569062311560629e-06 -2.9500248063972982e-07
leaf_weight=3695 22 22 33 98 22 305 99 42 34 2066 84 31 20 305
leaf_count=3695 22 22 33 98 22 305 99 42 34 2066 84 31 20 305
internal_value=-2.75269e-16 1.27444e-09 -1.13926e-09 -3.53018e-08 -1.22479e-06 1.66143e-08 2.65092e-07 8.08592e-07 -6.63329e-09 -4.05734e-08 3.84984e-07 3.70162e-08 -1.28692e-08 -1.82181e-08
internal_weight=6878 6856 6834 2337 55 4497 477 141 2282 2100 182 336 4020 4000
internal_count=6878 6856 6834 2337 55 4497 477 141 2282 2100 182 336 4020 4000
is_linear=0
shrinkage=0.05


Tree=289
num_leaves=28
num_cat=0
split_feature=15 15 12 15 8 14 8 14 8 14 12 14 4 15 27 12 15 27 14 15 8 15 4 25 5 4 19
split_gain=1.43368e-09 4.62358e-08 7.60643e-08 1.37985e-08 2.65211e-08 1.95478e-08 4.0202e-08 1.5132e-08 4.81108e-08 2.74581e-08 9.8468e-08 2.04182e-08 1.33386e-08 5.6864e-09 2.44491e-08 5.10498e-08 2.25081e-08 5.89467e-08 2.28843e-08 1.67411e-08 5.53609e-08 9.38314e-09 2.92571e-09 2.88694e-09 1.66673e-09 9.77925e-10 5.23827e-10
threshold=-0.68432604233786842 -0.65883892954715351 -0.5 -0.70289845916694649 266.80853237446945 0.67802080537253973 268.16576738323027 0.54219432480460406 277.6112476263628 0.51297097409535064 -0.25881904510252113 0.48314048284850658 69.500000000000014 -0.60555643346685839 3.1666666666666674 -0.70710678118654735 -0.57077231802681661 99.500000000000014 0.80417553764032002 -0.46800559042974538 270.4320496296308 -0.39036009226888674 64.500000000000014 0.00071118698141538954 12.550000000000002 74.500000000000014 0.00037221500000000007
decision_type=2 2 2 2 2 2 2 2 2 2 2 2 2 2 2 2 2 2 2 2 2 2 2 2 2 2 2
left_child=3 2 -2 5 26 7 25 9 23 11 -11 -1 -10 14 -3 -16 17 18 -15 20 -18 -21 -4 -9 -17 -7 -5
right_child=1 13 22 4 -6 6 -8 8 12 10 -12 -13 -14 16 15 24 19 -19 -20 21 -22 -23 -24 -25 -26 -27 -28
leaf_value=-6.3027438975682417e-09 -3.0922519236753489e-06 -8.4422443197313551e-07 1.7297815001657719e-07 -1.8931054145410188e-07 1.9524473255269521e-06 -9.3414558250515266e-08 -2.3253975092108739e-06 -1.2512364636528737e-07 1.9629742626290991e-06 -3.8700101387689758e-06 7.23495245275834e-07 1.0385939372821914e-06 4.8098390317880504e-07 -7.3711268117239487e-07 2.2046872680271514e-06 2.3867579200112936e-07 -8.8678027392163523e-08 -3.0188552319610939e-06 8.4779735172920345e-07 -3.1770030373375524e-07 1.285560167553336e-06 5.1493532006926318e-09 -5.1535252848767554e-07 5.0133448935087337e-07 -1.3877105906688855e-07 3.7566231767094396e-07 1.5263339378856516e-07
leaf_weight=1800 32 39 38 24 27 25 27 148 49 20 28 48 22 62 36 59 228 22 36 240 108 3614 26 21 58 20 21
leaf_count=1800 32 39 38 24 27 25 27 148 49 20 28 48 22 62 36 59 228 22 36 240 108 3614 26 21 58 20 21
internal_value=2.01541e-16 -1.60749e-08 -1.10185e-06 3.24177e-08 7.13582e-07 1.02058e-08 -8.00109e-07 3.75198e-08 4.11571e-07 -9.82846e-09 -1.19047e-06 2.08374e-08 1.50377e-06 7.07811e-09 2.73318e-07 5.58182e-07 -4.78225e-09 -6.79959e-07 -1.54901e-07 1.45546e-08 3.53041e-07 -1.49555e-08 -1.06656e-07 -4.72797e-08 5.15654e-08 1.15064e-07 -2.97367e-08
internal_weight=6878 4598 96 2280 72 2208 72 2136 240 1896 48 1848 71 4502 192 153 4310 120 98 4190 336 3854 64 169 117 45 45
internal_count=6878 4598 96 2280 72 2208 72 2136 240 1896 48 1848 71 4502 192 153 4310 120 98 4190 336 3854 64 169 117 45 45
is_linear=0
shrinkage=0.05


Tree=290
num_leaves=30
num_cat=0
split_feature=8 5 8 5 14 14 5 8 4 11 14 7 5 12 21 5 12 8 7 4 14 27 9 14 11 12 14 11 5
split_gain=1.48036e-09 2.82185e-09 2.70265e-09 6.63898e-09 1.16606e-08 1.23844e-08 8.59928e-09 6.44672e-09 6.69833e-09 5.96791e-09 8.84827e-09 5.64124e-09 4.57639e-09 1.78905e-08 2.01773e-08 6.93144e-09 1.82683e-08 4.66759e-09 2.41655e-09 2.4037e-09 2.40026e-09 2.05825e-09 2.22924e-09 1.73506e-09 1.43934e-09 1.1263e-09 8.33936e-10 7.83824e-10 6.81228e-10
threshold=339.47302831309213 9.7500000000000018 313.52670824671821 5.0500000000000007 0.45273815774107123 0.94704596667653973 6.2500000000000009 309.26761614651997 21.500000000000004 14.050000000000002 0.28519915169571858 114.94557509000651 2.3500000000000001 -0.60355339059327362 71.500000000000014 2.9500000000000006 -0.60355339059327362 304.07527270162086 134.32125654022957 86.500000000000014 0.71503381463111937 3.5000000000000004 -39.131555194860702 -0.015050995721668367 13.956250000000002 0.37940952255126054 0.67802080537253973 23.887500000000003 11.950000000000001
decision_type=2 2 2 2 2 2 2 2 2 2 2 2 2 2 2 2 2 2 2 2 2 2 2 2 2 2 2 2 2
left_child=2 19 7 4 -4 -6 -5 12 11 -8 -11 -9 13 14 -1 16 -14 -17 -10 21 23 -2 26 27 -22 -15 -23 -3 -25
right_child=1 20 3 6 5 -7 9 8 18 10 -12 -13 15 25 -16 17 -18 -19 -20 -21 24 22 -24 28 -26 -27 -28 -29 -30
leaf_value=-2.222372190663875e-06 -1.629639087150864e-07 -4.7054329461857113e-07 1.2585513086481694e-06 -9.7021944441166845e-07 -8.9094439999826139e-07 8.6862693763123396e-07 6.8565189201607566e-07 -5.6959807709842738e-07 -1.2953071700394502e-06 1.9142007983776111e-07 -4.8818273801141631e-07 6.0374397548912394e-07 1.3880539210152745e-06 3.8863299906887779e-07 -2.3978807021332175e-07 9.1457349851965983e-09 -2.0808561540519577e-08 -3.3885649265951598e-07 -5.1804355962303815e-07 -4.6054426888986199e-07 -3.020696631494957e-07 -1.1239271764986366e-07 6.9509338652057095e-07 3.1637557569297319e-07 -9.0193148011508134e-07 -5.7996320417896989e-09 2.8303499217526469e-07 -7.6066181904366208e-08 -9.6307114745286536e-08
leaf_weight=21 39 34 33 20 20 20 38 21 20 182 65 20 33 21 33 5736 76 98 20 20 20 24 23 20 20 131 30 20 20
leaf_count=21 39 34 33 20 20 20 38 21 20 182 65 20 33 21 33 5736 76 98 20 20 20 24 23 20 20 131 30 20 20
internal_value=1.87407e-16 -1.14756e-07 4.68889e-09 1.34505e-07 5.6282e-07 -1.11587e-08 3.199e-08 -3.18758e-09 -4.46342e-07 1.02321e-07 1.25772e-08 2.7639e-09 2.65003e-09 -2.29035e-07 -1.01079e-06 1.06809e-08 4.05728e-07 3.29997e-09 -9.06675e-07 4.56933e-08 -2.776e-07 1.32976e-07 2.82867e-07 -1.39558e-07 -6.02001e-07 4.86943e-08 1.07289e-07 -3.24441e-07 1.10034e-07
internal_weight=6878 270 6608 378 73 40 305 6230 81 285 247 41 6149 206 54 5943 109 5834 40 136 134 116 77 94 40 152 54 54 40
internal_count=6878 270 6608 378 73 40 305 6230 81 285 247 41 6149 206 54 5943 109 5834 40 136 134 116 77 94 40 152 54 54 40
is_linear=0
shrinkage=0.05


Tree=291
num_leaves=31
num_cat=0
split_feature=5 14 8 7 14 8 27 21 15 27 8 8 5 4 8 8 8 15 6 14 8 24 15 14 8 21 5 8 25 0
split_gain=1.47063e-09 1.12404e-08 1.74574e-08 4.09543e-08 1.25542e-08 1.04276e-08 3.76501e-08 2.85231e-08 2.78123e-08 1.23714e-08 2.42747e-08 1.86916e-08 7.16349e-09 2.9382e-08 2.33814e-08 9.99263e-09 4.12138e-09 4.10213e-09 4.79796e-09 2.96725e-09 1.57198e-08 3.49623e-08 2.32721e-08 1.43456e-08 2.33484e-08 9.16763e-09 1.04091e-08 6.85226e-09 3.86228e-09 1.84089e-08
threshold=3.9500000000000006 0.95242846126021108 263.47423577758337 121.00076425000705 0.94138322595482449 285.64816725486781 46.833333333333336 41.500000000000007 -0.72102888505294738 56.166666666666679 181.91807799644863 254.62635741609648 4.4500000000000011 90.500000000000014 266.80853237446945 289.66728801412097 314.38522753639387 0.18281312110578132 0.00013892500000000003 -0.94139628442229062 255.6847745887824 0.00016943885954449935 0.19969739736768838 -0.91289842852956904 250.03553974331544 814.50000000000011 12.850000000000003 201.31954222287254 0.00013100653911868145 169.50000000000003
decision_type=2 2 2 2 2 2 2 2 2 2 2 2 2 2 2 2 2 2 2 2 2 2 2 2 2 2 2 2 2 2
left_child=1 4 -3 -4 5 9 7 -7 -8 10 -1 -11 13 14 17 -16 -17 18 -2 20 25 22 -22 24 -21 27 -27 -14 29 -25
right_child=12 2 3 -5 -6 6 8 -9 -10 11 -12 -13 19 -15 15 16 -18 -19 -20 23 21 -23 -24 28 -26 26 -28 -29 -30 -31
leaf_value=3.673861059766477e-08 -4.3507494867173852e-07 5.1652447262440773e-09 -2.5567712024591556e-06 8.7396036985154529e-08 1.1076962212978989e-06 -4.431877853919339e-07 2.0539809466671696e-06 -2.4222282054324751e-06 -3.2167388456397614e-07 3.4635372453471838e-08 1.1996595139152078e-06 -1.5454900655242911e-06 1.0959662677993682e-08 -1.0172365018193245e-06 2.1111017113071286e-06 3.2928711561908132e-07 1.3443465967810652e-06 6.3398069908663745e-07 4.8695407174918836e-07 3.371940363614747e-08 8.3793557373903766e-08 -2.0333748396221078e-06 -1.2308859609788671e-06 -6.5576073494165061e-11 1.7495953537791726e-06 -1.4886580612483158e-06 1.2449675832471029e-07 4.5235322933440576e-07 -4.9562773930690039e-08 4.4345819139660071e-07
leaf_weight=178 43 82 27 32 26 67 22 25 28 85 60 24 423 34 25 20 20 24 21 55 155 30 43 2717 31 20 20 111 2174 256
leaf_count=178 43 82 27 32 26 67 22 25 28 85 60 24 423 34 25 20 20 24 21 55 155 30 43 2717 31 20 20 111 2174 256
internal_value=1.37912e-16 -7.12039e-08 -4.66756e-07 -1.12265e-06 3.70928e-08 -1.98309e-08 -3.80765e-07 -9.80971e-07 7.23614e-07 1.27871e-07 3.29912e-07 -3.13282e-07 7.5072e-09 3.12286e-07 6.07736e-07 1.32693e-06 8.36817e-07 7.65153e-08 -1.32534e-07 -1.93666e-09 -9.1493e-08 -4.42725e-07 -2.01718e-07 1.17886e-08 6.52233e-07 4.80208e-08 -6.82081e-07 1.0271e-07 1.08756e-09 3.81255e-08
internal_weight=6878 656 141 59 515 489 142 92 50 347 238 109 6222 187 153 65 40 88 64 6035 802 228 198 5233 86 574 40 534 5147 2973
internal_count=6878 656 141 59 515 489 142 92 50 347 238 109 6222 187 153 65 40 88 64 6035 802 228 198 5233 86 574 40 534 5147 2973
is_linear=0
shrinkage=0.05


Tree=292
num_leaves=17
num_cat=0
split_feature=19 19 19 18 5 6 21 25 21 23 24 8 27 14 5 14
split_gain=1.53137e-09 1.13207e-08 7.01019e-09 1.36021e-08 6.95966e-09 6.02855e-09 5.83356e-09 1.06052e-08 1.27931e-08 9.49748e-09 4.45491e-09 4.36731e-09 4.14025e-09 4.06154e-09 2.42329e-09 2.32796e-09
threshold=0.00058263500000000008 0.00057809000000000018 0.00059352999999999999 0.00065943000000000002 26.250000000000004 0.00033158500000000007 928.50000000000011 0.00054149640576361307 807.50000000000011 781.50000000000011 0.00026799351921330631 266.33045738596439 4.8333333333333348 0.55656748448714433 23.750000000000004 0.93237596376505805
decision_type=2 2 2 2 2 2 2 2 2 2 2 2 2 2 2 2
left_child=1 4 3 -2 6 12 7 10 -9 -8 -1 14 -4 -11 15 -7
right_child=2 -3 5 -5 -6 11 9 8 -10 13 -12 -13 -14 -15 -16 -17
leaf_value=1.112902852908133e-08 -3.4092875722535611e-08 -1.0513611489233636e-06 9.5101485688185402e-08 1.603574430186243e-06 9.028945328282135e-07 5.8910681095143345e-08 1.3690982852931911e-06 6.668330943934311e-08 -1.6785902405878179e-06 5.3539934221837688e-07 -1.0984968917975693e-07 -5.5868203150269254e-07 9.7910282508766818e-07 -4.2536950698749109e-07 -5.2695307793726444e-07 -1.7489628266007385e-07
leaf_weight=4699 32 26 26 21 21 836 20 21 21 22 908 34 27 22 20 122
leaf_count=4699 32 26 26 21 21 836 20 21 21 22 908 34 27 22 20 122
internal_value=-3.89013e-16 -1.03941e-08 5.35512e-08 6.14794e-07 -5.67402e-09 2.56208e-08 -9.01376e-09 -1.43916e-08 -8.05953e-07 4.65666e-07 -8.46232e-09 -1.60303e-09 5.45442e-07 5.50149e-08 1.77637e-08 2.91357e-08
internal_weight=6878 5760 1118 53 5734 1065 5713 5649 42 64 5607 1012 53 44 978 958
internal_count=6878 5760 1118 53 5734 1065 5713 5649 42 64 5607 1012 53 44 978 958
is_linear=0
shrinkage=0.05


Tree=293
num_leaves=25
num_cat=0
split_feature=1 8 1 18 20 8 17 8 1 8 4 8 8 15 15 12 4 15 14 15 18 6 14 6
split_gain=1.53595e-09 1.57728e-08 4.82963e-09 2.14052e-08 3.90768e-08 9.48688e-09 6.23001e-08 6.06012e-09 5.33287e-09 8.04243e-09 4.40265e-09 1.06424e-08 8.81732e-09 4.29449e-09 1.77575e-08 3.83638e-08 1.61723e-08 1.19871e-08 3.24232e-08 8.90358e-09 3.81664e-09 9.2388e-09 8.36969e-10 1.72793e-10
threshold=801.6500000000002 267.39257413139825 683.05000000000007 0.00016969500000000003 0.00011138500000000002 272.41374569257584 0.96562891895721226 267.39257413139825 672.25000000000011 250.03553974331544 23.500000000000004 262.77088913376446 234.90440143455513 -0.90531874877253482 -0.93237865822738086 -0.25881904510252113 46.500000000000007 -0.84313311835787952 0.51297097409535064 -0.82413948779581736 0.00028158000000000008 0.00037790000000000008 0.80417553764032002 0.00058853500000000016
decision_type=2 2 2 2 2 2 2 2 2 2 2 2 2 2 2 2 2 2 2 2 2 2 2 2
left_child=2 10 8 -4 -5 7 -7 -6 13 -10 11 20 22 14 16 -16 -1 18 -15 -19 -2 -22 23 -12
right_child=1 -3 3 4 5 6 -8 -9 9 -11 12 -13 -14 17 15 -17 -18 19 -20 -21 21 -23 -24 -25
leaf_value=1.05575963391357e-07 -5.8903368881146901e-07 1.2152110567965651e-06 1.3063142368991975e-06 -2.306649118043511e-06 -9.5526426551725672e-08 -2.8731287021141078e-06 6.317065127880995e-07 6.3344846921609134e-07 2.9867689538117963e-08 1.267563715213696e-06 3.2864868121151858e-07 -1.0756518761922962e-06 1.2276194487033839e-06 -1.2240825971427658e-07 1.5533025518266187e-06 -4.8959460176803003e-08 -4.8779188250375432e-07 5.844893317211805e-07 -1.7138778656698306e-06 -5.1477454803797597e-09 8.1025471937815983e-07 -3.2920178727702486e-08 -1.1007686526097262e-07 1.2080664786751073e-07
leaf_weight=684 25 29 25 21 574 21 32 30 35 21 20 24 21 237 62 94 138 65 37 4259 36 333 35 20
leaf_count=684 25 29 25 21 574 21 32 30 35 21 20 24 21 237 62 94 138 65 37 4259 36 333 35 20
internal_value=-1.29852e-16 8.0705e-08 -6.91757e-09 -1.30486e-07 -1.83465e-07 -1.15601e-07 -7.57002e-07 -5.93191e-08 8.50653e-09 4.94004e-07 1.66959e-08 -5.34324e-08 3.22046e-07 3.63066e-09 9.87743e-08 5.87837e-07 5.95946e-09 -1.66065e-08 -3.37315e-07 3.7159e-09 8.83479e-09 4.93408e-08 6.84856e-08 2.24728e-07
internal_weight=6878 543 6335 703 678 657 53 604 5632 56 514 418 96 5576 978 156 822 4598 274 4324 394 369 75 40
internal_count=6878 543 6335 703 678 657 53 604 5632 56 514 418 96 5576 978 156 822 4598 274 4324 394 369 75 40
is_linear=0
shrinkage=0.05


Tree=294
num_leaves=20
num_cat=0
split_feature=26 11 5 9 5 20 21 5 27 1 8 1 24 8 27 8 27 20 14
split_gain=1.41386e-09 7.11785e-09 1.71709e-08 2.08964e-08 1.46655e-08 1.4232e-08 1.33888e-08 6.12757e-09 5.71659e-09 5.23164e-09 2.79005e-08 1.37737e-08 4.75079e-09 4.16814e-09 2.65845e-09 5.776e-09 4.62086e-09 3.72813e-09 1.35503e-09
threshold=0.00049868119142812558 45.503125000000004 6.3500000000000005 35.788125863564169 12.750000000000002 0.00023383 818.50000000000011 26.250000000000004 10.16666666666667 765.25000000000011 230.71074127603376 683.05000000000007 0.00012227057673838601 268.16576738323027 91.833333333333357 218.20996162009871 80.833333333333357 0.00056167000000000012 0.80417553764032002
decision_type=2 2 2 2 2 2 2 2 2 2 2 2 2 2 2 2 2 2 2
left_child=1 6 -3 -4 5 -5 7 9 -6 11 -11 -1 -2 14 16 18 17 -14 -16
right_child=12 2 3 4 8 -7 -8 -9 -10 10 -12 -13 13 -15 15 -17 -18 -19 -20
leaf_value=3.0708560972694076e-10 6.8280498408449643e-07 8.1537786659932221e-07 -1.7389425202054555e-06 -1.6632193538868024e-06 4.7219065666897423e-07 -3.425698722078273e-07 9.7859080345382885e-07 8.4990538776911043e-07 -2.4619730324933662e-07 -6.9150728730450946e-08 1.6477705902673278e-06 -4.752324289324988e-07 4.159275158785579e-07 -5.0242900020488637e-07 2.1141325144437829e-07 8.7785779195807365e-07 -6.4434572254867826e-07 1.7735102607858169e-08 -2.4591123144546148e-07
leaf_weight=5055 29 35 25 24 72 136 35 21 45 112 30 157 63 35 46 30 25 878 25
leaf_count=5055 29 35 25 24 72 136 35 21 45 112 30 157 63 35 46 30 25 878 25
internal_value=3.08096e-17 -1.00566e-08 -2.33007e-07 -3.54508e-07 -2.29559e-07 -5.40667e-07 3.83138e-09 -2.51589e-09 1.95888e-07 -5.85935e-09 2.93579e-07 -1.40175e-08 5.11012e-08 3.44775e-08 5.20892e-08 2.96168e-07 2.65696e-08 4.43941e-08 5.03835e-08
internal_weight=6878 5747 337 302 277 160 5410 5375 117 5354 142 5212 1131 1102 1067 101 966 941 71
internal_count=6878 5747 337 302 277 160 5410 5375 117 5354 142 5212 1131 1102 1067 101 966 941 71
is_linear=0
shrinkage=0.05


Tree=295
num_leaves=30
num_cat=0
split_feature=3 14 14 14 14 12 15 27 3 12 17 15 21 21 21 7 4 11 12 21 0 6 11 25 21 15 12 4 11
split_gain=1.44623e-09 1.16254e-08 1.27512e-08 9.31806e-09 1.42569e-08 1.1715e-08 1.22333e-08 9.20364e-09 5.27737e-09 1.60895e-08 4.07603e-08 1.78353e-08 1.35387e-08 1.91212e-08 8.21725e-09 2.93372e-08 8.79088e-09 2.73951e-08 8.10111e-09 7.22412e-09 1.94967e-08 7.54263e-09 5.08435e-09 2.01036e-08 6.88576e-09 3.76436e-09 2.52146e-09 4.25607e-09 3.1109e-10
threshold=24.350000000000005 0.98522604642031408 0.97875492728876534 -0.56456755436774708 -0.60639065890969945 -0.70710678118654735 -0.94703994556331683 8.8333333333333339 23.150000000000002 -0.9159756150367534 0.95806144013372962 -0.45273527932988084 836.50000000000011 935.50000000000011 754.50000000000011 54.180037540146678 59.500000000000007 42.93437500000001 -0.5 606.50000000000011 423.50000000000006 0.00035221500000000007 30.653125000000003 0.00016970745751834578 340.50000000000006 -0.23537842981696178 1.0000000180025095e-35 1.0000000180025095e-35 24.153125000000003
decision_type=2 2 2 2 2 2 2 2 2 2 2 2 2 2 2 2 2 2 2 2 2 2 2 2 2 2 2 2 2
left_child=8 2 3 4 7 6 -5 -2 14 10 11 -10 26 -14 19 16 17 -16 -18 22 -21 -22 24 -24 -1 -7 27 -11 -28
right_child=1 -3 -4 5 -6 25 -8 -9 9 12 -12 -13 13 -15 15 -17 18 -19 -20 20 21 -23 23 -25 -26 -27 28 -29 -30
leaf_value=3.6035136056426328e-09 9.427045334292678e-08 1.1360682982797244e-06 -9.3022163276276293e-07 3.6355774160416167e-08 -1.1489044148049744e-06 8.153008701054114e-08 7.6926382749447778e-07 -3.578045744439925e-07 -8.5731612271215626e-07 7.7342201515487055e-07 9.9941284915416872e-07 -2.8273004606660381e-06 -1.5449801933851688e-06 2.491920486978348e-07 -1.8125436741911472e-06 1.9591368539314167e-06 1.4475668461955138e-06 2.0350615717450264e-07 2.4444168786885714e-08 -1.7546910302712606e-06 2.5144151056449204e-07 -3.0935952196440839e-07 1.1405241593102292e-06 5.4337466519347725e-08 -2.7476531243838853e-07 -3.3412137919068215e-07 -1.0499748083806334e-07 7.6930870657558156e-08 2.4567928024812387e-08
leaf_weight=3786 364 24 34 99 31 509 134 163 27 31 20 20 33 27 20 24 20 107 20 20 86 198 47 455 236 61 70 75 137
leaf_count=3786 364 24 34 99 31 509 134 163 27 31 20 20 33 27 20 24 20 107 20 20 86 198 47 455 236 61 70 75 137
internal_value=1.17812e-15 4.49699e-08 2.61984e-08 5.00913e-08 -1.06853e-07 1.59151e-07 4.57857e-07 -4.55554e-08 -1.16894e-08 -1.77726e-07 -8.91124e-07 -1.69561e-06 -4.95825e-08 -7.37603e-07 2.86655e-09 3.24522e-07 8.96078e-08 -1.13982e-07 7.36006e-07 -9.85844e-09 -2.45799e-07 -1.39539e-07 5.99613e-09 1.56032e-07 -1.27304e-08 3.70481e-08 8.23063e-08 2.80622e-07 -1.92465e-08
internal_weight=6878 1419 1395 1361 558 803 233 527 5459 440 67 47 373 60 5019 191 167 127 40 4828 304 284 4524 502 4022 570 313 106 207
internal_count=6878 1419 1395 1361 558 803 233 527 5459 440 67 47 373 60 5019 191 167 127 40 4828 304 284 4524 502 4022 570 313 106 207
is_linear=0
shrinkage=0.05


Tree=296
num_leaves=19
num_cat=0
split_feature=19 19 19 18 6 25 17 17 17 8 8 6 15 11 8 3 3 8
split_gain=1.48356e-09 1.00673e-08 6.08356e-09 1.16964e-08 5.08054e-09 4.96511e-09 1.32285e-08 4.91976e-09 2.29531e-08 4.1615e-08 1.72038e-08 2.59413e-08 4.48769e-09 4.47953e-09 3.82237e-09 2.78753e-09 3.33393e-09 2.82403e-09
threshold=0.00058263500000000008 0.00057809000000000018 0.00059352999999999999 0.00065943000000000002 0.00033158500000000007 0.00054149640576361307 0.98779194195223707 0.96184562241374971 0.9498237307892613 248.02962813885136 289.66728801412097 1.1550000000000001e-05 -0.39036009226888674 39.803125000000009 266.33045738596439 18.250000000000004 18.850000000000005 150.58377819904746
decision_type=2 2 2 2 2 2 2 2 2 2 2 2 2 2 2 2 2 2
left_child=1 5 3 -2 12 7 -7 8 13 -10 11 -9 -4 -1 15 17 -17 -6
right_child=2 -3 4 -5 14 6 -8 10 9 -11 -12 -13 -14 -15 -16 16 -18 -19
leaf_value=1.1673432055024544e-08 -2.6174486994490209e-08 -9.918827550756339e-07 1.0500426034292849e-06 1.4924485220663406e-06 2.0392989264828923e-08 -1.2524798798360146e-06 3.7931360563818641e-07 -1.5209777435150805e-06 1.6574290440597082e-07 -1.7948935804952273e-06 1.4015112207324331e-06 1.6700199585545625e-07 1.1630049305535391e-07 -1.8387824417400496e-07 -5.1946832625764524e-07 6.1282266335638279e-07 2.7294462451700722e-08 -6.108458495311746e-07
leaf_weight=4772 32 26 22 21 37 27 23 24 59 50 26 441 31 312 34 25 882 34
leaf_count=4772 32 26 22 21 37 27 23 24 59 50 26 441 31 312 34 25 882 34
internal_value=-3.54671e-16 -1.02306e-08 5.27086e-08 5.75544e-07 2.66896e-08 -5.77943e-09 -5.01855e-07 -1.41565e-09 -1.57193e-08 -7.33632e-07 1.49865e-07 7.98805e-08 5.03892e-07 -3.27379e-10 1.69777e-09 1.9816e-08 4.34336e-08 -2.8189e-07
internal_weight=6878 5760 1118 53 1065 5734 50 5684 5193 109 491 465 53 5084 1012 978 907 71
internal_count=6878 5760 1118 53 1065 5734 50 5684 5193 109 491 465 53 5084 1012 978 907 71
is_linear=0
shrinkage=0.05


Tree=297
num_leaves=29
num_cat=0
split_feature=8 5 5 15 15 7 8 8 11 14 5 15 14 5 11 15 5 8 8 5 21 8 11 14 7 7 17 27
split_gain=1.40254e-09 2.45632e-09 2.41182e-09 2.22537e-09 2.20886e-09 2.19241e-09 2.13086e-09 6.06383e-09 6.27417e-09 6.81767e-09 5.55695e-09 1.06533e-08 9.96354e-09 7.75151e-09 5.40591e-09 8.03353e-09 3.92468e-09 9.42035e-09 1.65841e-08 6.23839e-09 1.53995e-08 4.18077e-09 1.23546e-09 1.08875e-09 7.50915e-10 3.76515e-10 3.59351e-10 3.01113e-10
threshold=339.47302831309213 9.7500000000000018 4.0500000000000007 -0.95242240592625282 -0.87810534180523914 129.04452365090586 313.52670824671821 309.26761614651997 14.509375000000002 -0.18598018461734842 5.0500000000000007 -0.85674049181790024 0.54219432480460406 6.2500000000000009 14.050000000000002 -0.67168186667784702 2.3500000000000001 254.62635741609648 279.77915454520326 2.9500000000000006 17.500000000000004 304.07527270162086 18.515625000000004 -0.015050995721668367 135.97942722134681 153.07457084205043 0.84667915456685805 67.500000000000014
decision_type=2 2 2 2 2 2 2 2 2 2 2 2 2 2 2 2 2 2 2 2 2 2 2 2 2 2 2 2
left_child=6 2 4 23 -2 -4 7 16 -9 -10 11 -8 -13 -12 -15 -16 17 26 -19 20 -18 -21 25 -3 -5 -7 -1 -26
right_child=1 3 5 24 -6 22 10 8 9 -11 13 12 -14 14 15 -17 19 18 -20 21 -22 -23 -24 -25 27 -27 -28 -29
leaf_value=-6.7846318344000347e-09 1.032964078540033e-07 -2.6090529714684593e-07 6.4322444984554757e-07 -6.0309615503918017e-07 -6.227299216086315e-07 3.242465757685514e-07 1.3486452644428938e-06 3.3629812662638874e-07 -2.2860495060886674e-07 -1.2974933604517412e-06 -9.2548308685991285e-07 -7.7657521600826852e-07 6.8460410815873731e-07 6.4800304053173816e-07 2.80126108149552e-07 -2.9074196330168629e-07 -1.2238388617727458e-07 -1.7840019235949435e-06 -1.396399037058354e-07 9.1991414335280181e-09 1.0809525175635377e-06 -3.201554596144814e-07 -2.3281153584520096e-07 2.1911934785142273e-07 -3.9205403152898344e-07 4.559197961384598e-08 2.1377680161032746e-07 -1.4618658511267313e-07
leaf_weight=115 20 21 20 33 22 27 25 20 35 26 20 20 28 38 129 118 63 23 46 5736 46 98 25 27 33 22 22 20
leaf_count=115 20 21 20 33 22 27 25 20 35 26 20 20 28 38 129 118 63 23 46 5736 46 98 25 27 33 22 22 20
internal_value=-3.59592e-16 -1.11699e-07 3.79982e-08 -2.6363e-07 -2.77003e-07 1.78743e-07 4.56397e-09 -2.42985e-09 -4.32223e-07 -6.84197e-07 1.19833e-07 5.11692e-07 7.57794e-08 2.60432e-08 9.2817e-08 7.40371e-09 3.23175e-09 -2.11323e-07 -6.87761e-07 1.06688e-08 3.85446e-07 3.66662e-09 5.3208e-08 9.10857e-09 -4.15857e-07 1.99136e-07 2.8634e-08 -2.99274e-07
internal_weight=6878 270 136 134 42 94 6608 6230 81 61 378 73 48 305 285 247 6149 206 69 5943 109 5834 74 48 86 49 137 53
internal_count=6878 270 136 134 42 94 6608 6230 81 61 378 73 48 305 285 247 6149 206 69 5943 109 5834 74 48 86 49 137 53
is_linear=0
shrinkage=0.05


Tree=298
num_leaves=31
num_cat=0
split_feature=5 14 12 14 12 14 12 4 12 15 5 4 12 24 7 4 12 14 27 27 15 14 12 12 19 16 12 1 15 15
split_gain=1.37347e-09 1.01719e-08 3.45377e-08 1.14496e-08 2.51827e-08 1.44634e-08 1.7551e-08 1.22844e-08 2.88083e-08 1.60788e-08 6.29798e-09 2.63408e-08 1.42314e-08 1.21671e-08 2.0609e-08 3.5757e-09 2.76319e-09 2.62529e-09 1.31324e-08 4.27285e-08 2.08817e-08 1.2714e-08 2.92198e-08 8.90698e-09 2.83596e-09 1.86923e-08 7.25118e-09 3.80636e-10 3.55222e-10 3.36418e-10
threshold=3.9500000000000006 0.95242846126021108 -0.60355339059327362 0.91248814248966237 -1.0000000180025095e-35 0.63257020223555627 -1.0000000180025095e-35 39.500000000000007 -0.37940952255126065 -0.8739740505118182 4.4500000000000011 99.500000000000014 1.0000000180025095e-35 2.2156582549475262e-05 113.97519241024931 83.500000000000014 0.25881904510252091 -0.94139628442229062 98.500000000000014 96.500000000000014 -0.10837475778693638 -0.91289842852956904 -0.25881904510252113 -0.70710678118654735 0.00012268000000000004 188.40000000000001 -0.70710678118654735 172.50000000000003 1.0000000180025095e-35 0.04621408538533487
decision_type=2 2 2 2 2 2 2 2 2 2 2 2 2 2 2 2 2 2 2 2 2 2 2 2 2 2 2 2 2 2
left_child=1 3 -3 5 -5 7 -7 9 -9 -1 11 12 13 14 -2 16 -4 18 19 20 -12 22 -19 -20 25 -23 -26 28 -14 -18
right_child=10 2 15 4 -6 6 -8 8 -10 -11 17 -13 27 -15 -16 -17 29 21 23 -21 -22 24 -24 -25 26 -27 -28 -29 -30 -31
leaf_value=-6.1420979112459497e-07 2.6781025089661627e-06 -1.9829549375634965e-06 5.6963733262212677e-07 1.9842618732344937e-06 -8.2807346445417536e-08 -1.9562086920575984e-06 -7.1538426094826713e-08 1.5562939081092962e-06 -2.2637933575572115e-08 1.8538862566413827e-07 -4.4625157666260414e-07 -1.3321249838327276e-06 -1.8588341684936237e-09 1.1468976473289722e-07 6.7627762648175214e-07 -5.362280872540331e-07 -2.101618986690331e-07 1.7540160252551954e-06 1.3223193882630279e-06 -2.3139830598882909e-06 1.1933621660971541e-07 -4.154987477066477e-09 -1.3100563712133459e-07 9.2943521344616729e-08 -1.9821638341895826e-07 4.5760360706308837e-07 1.0136009424260284e-08 -1.4637131890876412e-07 2.4491078298183312e-07 3.1511146245419594e-08
leaf_weight=111 20 29 24 23 41 21 30 40 104 145 250 22 35 28 36 28 24 34 26 22 470 2641 52 34 552 239 1715 21 25 36
leaf_count=111 20 29 24 23 41 21 30 40 104 145 250 22 35 28 36 28 24 34 26 22 470 2641 52 34 552 239 1715 21 25 36
internal_value=5.06183e-16 -6.88116e-08 -4.45094e-07 3.42094e-08 6.60046e-07 -5.4601e-08 -8.47579e-07 4.65037e-08 4.15954e-07 -1.61312e-07 7.25497e-09 2.9303e-07 5.09717e-07 9.65707e-07 1.39122e-06 -4.6898e-08 1.16212e-07 -1.60002e-09 -8.5838e-08 -1.43373e-07 -7.70484e-08 1.13101e-08 6.14235e-07 6.25673e-07 1.23601e-09 3.41646e-08 -4.05965e-08 3.68384e-08 1.00962e-07 -6.51581e-08
internal_weight=6878 656 141 515 64 451 51 400 144 256 6222 187 165 84 56 112 84 6035 802 742 720 5233 86 60 5147 2880 2267 81 60 60
internal_count=6878 656 141 515 64 451 51 400 144 256 6222 187 165 84 56 112 84 6035 802 742 720 5233 86 60 5147 2880 2267 81 60 60
is_linear=0
shrinkage=0.05


Tree=299
num_leaves=27
num_cat=0
split_feature=3 17 14 12 15 14 13 11 4 3 17 19 5 17 21 12 14 12 14 12 18 18 21 12 14 12
split_gain=1.43325e-09 7.9796e-09 1.804e-08 6.40127e-08 2.07956e-08 2.83667e-08 2.07327e-08 7.48857e-09 2.18957e-08 5.74615e-09 5.21492e-09 2.25982e-08 1.91694e-08 7.34158e-09 1.79513e-08 1.78847e-08 5.03416e-09 1.53004e-08 7.21655e-09 2.61771e-08 5.73109e-09 3.43427e-08 2.79268e-08 3.54957e-09 2.4508e-09 1.85204e-09
threshold=20.350000000000005 0.93216981107391106 0.90162119223771331 -0.70710678118654735 -0.83849291496497236 0.40614137006726808 0.1294095225512602 21.006250000000005 42.500000000000007 20.250000000000004 0.68891254589608042 2.2285000000000004e-05 9.9500000000000011 0.48563697628355668 60.500000000000007 -0.5 0.98522604642031408 -0.5 0.97875492728876534 -0.25881904510252113 0.00019982000000000002 0.00020991000000000003 302.50000000000006 -0.98296291314453399 -0.49157856216375384 -0.70710678118654735
decision_type=2 2 2 2 2 2 2 2 2 2 2 2 2 2 2 2 2 2 2 2 2 2 2 2 2 2
left_child=1 9 4 -4 5 -3 25 8 24 10 13 12 -12 14 -1 -15 18 -18 20 -20 22 -22 -9 -13 -2 -6
right_child=7 2 3 -5 6 -7 -8 16 -10 -11 11 23 -14 15 -16 -17 17 -19 19 -21 21 -23 -24 -25 -26 -27
leaf_value=-2.5271056983710905e-08 2.7921056320323603e-07 3.0467892193947982e-07 -3.2434897569882673e-06 4.3722597837885319e-07 3.7619928534127211e-07 -2.2941629971401635e-06 1.6864272778734219e-06 1.3036488223420987e-08 1.9365747446187242e-06 -6.6034073392639782e-07 2.7696502025165159e-07 4.3436121801379261e-07 1.6832412976683579e-06 -7.0503802923291502e-07 6.2388050659145863e-07 4.9029458598274646e-08 1.4328634331928214e-06 -2.6089540057228077e-07 -1.7575001515979239e-06 4.3319069119363014e-07 -1.7699709902174732e-06 -5.7441356444301953e-09 8.7961985762176829e-07 -2.7486519282779351e-08 -4.0633163586146672e-07 -1.7714001886831409e-07
leaf_weight=2626 32 21 21 27 20 21 22 709 20 33 64 45 39 130 111 199 24 30 25 30 28 1859 107 551 22 62
leaf_count=2626 32 21 21 27 20 21 22 709 20 33 64 45 39 130 111 199 24 30 25 30 28 1859 107 551 22 62
internal_value=-2.48157e-16 -1.94067e-08 -3.32189e-07 -1.17309e-06 -5.57292e-08 -9.94742e-07 3.23488e-07 2.6844e-08 5.23337e-07 -3.42997e-09 2.32781e-09 1.2557e-07 8.09439e-07 -2.57695e-08 1.05551e-09 -2.4893e-07 1.37784e-08 4.91886e-07 4.41729e-09 -5.62578e-07 1.59544e-08 -3.19224e-08 1.26669e-07 7.38453e-09 -8.44068e-11 -4.21792e-08
internal_weight=6878 3992 194 48 146 42 104 2886 74 3798 3765 699 103 3066 2737 329 2812 54 2758 55 2703 1887 816 596 54 82
internal_count=6878 3992 194 48 146 42 104 2886 74 3798 3765 699 103 3066 2737 329 2812 54 2758 55 2703 1887 816 596 54 82
is_linear=0
shrinkage=0.05


end of trees

feature_importances:
dia_anio_sin=1175
dia_anio_cos=916
azimut_solar=888
hora_sin=599
viento_velocidad=467
nubosidad_media_movil=341
temp_ambiente=304
angulo_cenital_solar=261
ghi_lag_1h=257
indice_cielo_despejado=229
temp_panel=180
nubosidad=178
elevacion_solar=175
generacion_teorica_mw=123
generacion_teorica_mw_lag_1h=120
ghi_lag_24h=97
dhi=96
hora_cos=94
generacion_horaria_estimada_mw_lag_24h=92
generacion_teorica_mw_lag_24h=84
dni=81
generacion_teorica_mw_lag_168h=80
generacion_horaria_estimada_mw_lag_1h=80
ghi=70
ghi_lag_168h=70
ghi_cielo_despejado=38
generacion_horaria_estimada_mw_lag_168h=36

parameters:
[boosting: gbdt]
[objective: regression]
[metric: l2]
[tree_learner: serial]
[device_type: cpu]
[data_sample_strategy: bagging]
[data: ]
[valid: ]
[num_iterations: 300]
[learning_rate: 0.05]
[num_leaves: 31]
[num_threads: 12]
[seed: 42]
[deterministic: 0]
[force_col_wise: 0]
[force_row_wise: 0]
[histogram_pool_size: -1]
[max_depth: 6]
[min_data_in_leaf: 20]
[min_sum_hessian_in_leaf: 0.001]
[bagging_fraction: 0.8]
[pos_bagging_fraction: 1]
[neg_bagging_fraction: 1]
[bagging_freq: 0]
[bagging_seed: 400]
[bagging_by_query: 0]
[feature_fraction: 0.8]
[feature_fraction_bynode: 1]
[feature_fraction_seed: 30056]
[extra_trees: 0]
[extra_seed: 12879]
[early_stopping_round: 0]
[early_stopping_min_delta: 0]
[first_metric_only: 0]
[max_delta_step: 0]
[lambda_l1: 0]
[lambda_l2: 0]
[linear_lambda: 0]
[min_gain_to_split: 0]
[drop_rate: 0.1]
[max_drop: 50]
[skip_drop: 0.5]
[xgboost_dart_mode: 0]
[uniform_drop: 0]
[drop_seed: 17869]
[top_rate: 0.2]
[other_rate: 0.1]
[min_data_per_group: 100]
[max_cat_threshold: 32]
[cat_l2: 10]
[cat_smooth: 10]
[max_cat_to_onehot: 4]
[top_k: 20]
[monotone_constraints: ]
[monotone_constraints_method: basic]
[monotone_penalty: 0]
[feature_contri: ]
[forcedsplits_filename: ]
[refit_decay_rate: 0.9]
[cegb_tradeoff: 1]
[cegb_penalty_split: 0]
[cegb_penalty_feature_lazy: ]
[cegb_penalty_feature_coupled: ]
[path_smooth: 0]
[interaction_constraints: ]
[verbosity: -1]
[saved_feature_importance_type: 0]
[use_quantized_grad: 0]
[num_grad_quant_bins: 4]
[quant_train_renew_leaf: 0]
[stochastic_rounding: 1]
[linear_tree: 0]
[max_bin: 255]
[max_bin_by_feature: ]
[min_data_in_bin: 3]
[bin_construct_sample_cnt: 200000]
[data_random_seed: 175]
[is_enable_sparse: 1]
[enable_bundle: 1]
[use_missing: 1]
[zero_as_missing: 0]
[feature_pre_filter: 1]
[pre_partition: 0]
[two_round: 0]
[header: 0]
[label_column: ]
[weight_column: ]
[group_column: ]
[ignore_column: ]
[categorical_feature: ]
[forcedbins_filename: ]
[precise_float_parser: 0]
[parser_config_file: ]
[objective_seed: 16083]
[num_class: 1]
[is_unbalance: 0]
[scale_pos_weight: 1]
[sigmoid: 1]
[boost_from_average: 1]
[reg_sqrt: 0]
[alpha: 0.9]
[fair_c: 1]
[poisson_max_delta_step: 0.7]
[tweedie_variance_power: 1.5]
[lambdarank_truncation_level: 30]
[lambdarank_norm: 1]
[label_gain: ]
[lambdarank_position_bias_regularization: 0]
[eval_at: ]
[multi_error_top_k: 1]
[auc_mu_weights: ]
[num_machines: 1]
[local_listen_port: 12400]
[time_out: 120]
[machine_list_filename: ]
[machines: ]
[gpu_platform_id: -1]
[gpu_device_id: -1]
[gpu_device_id_list: ]
[gpu_use_dp: 0]
[num_gpu: 1]

end of parameters

pandas_categorical:[]
