tree
version=v4
num_class=1
num_tree_per_iteration=1
label_index=0
max_feature_idx=27
objective=regression
feature_names=ghi dni dhi temp_ambiente nubosidad viento_velocidad generacion_teorica_mw angulo_cenital_solar azimut_solar elevacion_solar es_de_dia temp_panel hora_sin hora_cos dia_anio_sin dia_anio_cos ghi_cielo_despejado indice_cielo_despejado generacion_teorica_mw_lag_1h generacion_teorica_mw_lag_24h generacion_teorica_mw_lag_168h ghi_lag_1h ghi_lag_24h ghi_lag_168h generacion_horaria_estimada_mw_lag_1h generacion_horaria_estimada_mw_lag_24h generacion_horaria_estimada_mw_lag_168h nubosidad_media_movil
feature_infos=[0:1043] [0:957.10000000000002] [0:437] [7:38.899999999999999] [0:100] [0.40000000000000002:32.899999999999999] [0:0.00086146000000000009] [4.5570677088313687:174.09833613644111] [0.012081198961823247:359.99014538747406] [-84.098336136441091:85.442932291168631] [0:1] [7:68.462500000000006] [-1:1] [-1:1] [-0.9999994220246925:0.99998555065071859] [-0.99997919295908233:0.99054538760918331] [0:1039] [0:1.2] [0:0.00086146000000000009] [0:0.00086146000000000009] [0:0.00086146000000000009] [0:1043] [0:1043] [0:1043] [0:0.00084115571566731144] [0:0.00084115571566731144] [0:0.00084115571566731144] [0:100]
tree_sizes=3025 3043 3036 3031 3042 3055 3026 3019 3057 3048 3054 3042 3061 3030 3055 3019 3046 3034 3037 3057 3045 3047 3053 3059 3046 3060 3066 3049 3056 3038 3015 3050 3022 3044 3044 3029 3050 3054 3055 3053 3084 3055 3025 3030 3040 3040 3024 3051 3035 3032 3051 3070 3064 3045 3055 3032 3026 3061 3068 3014 3050 2672 2315 2875 2401 2691 2225 2767 2946 3056 2766 2751 2206 2754 1938 1581 2131 2231 2398 1755 2741 2229 3015 3012 1669 1652 2864 2568 2265 2393 1933 2030 2443 2095 1924 1806 2003 1733 2094 1269 1834 1916 2861 2102 1277 1751 1265 2110 1475 2117 900 1843 1998 2102 1945 1360 1644 2095 1447 2008 2089 2463 1931 1265 1835 1924 1636 3045 2844 2091 1556 2873 2384 2114 3056 2001 1528 2297 2662 3062 1170 1751 2296 2285 2947 2469 1628 2952 2299 1745 2578 2024 1264 2102 2175 2024 2577 3078 1082 1938 2752 1174 2688 2662 2376 2738 2674 1562 2761 1177 1838 1470 1642 1634 2391 2830 1740 2300 1939 3026 3053 1524 1549 1346 2192 1364 2303 2218 2025 3045 2109 2031 2308 2667 2224 3043 1356 1818 2195 1275 2102 2004 2552 2303 2459 3060 1166 1747 2666 2948 2001 1358 2284 2402 3074 2928 2647 3072 2098 2295 2376 2577 1933 2118 2783 1375 2042 1841 2573 1930 1627 1367 3043 2380 2724 2126 1634 2032 1826 3056 1552 1932 2279 1812 2274 3038 3051 2135 1552 1632 3040 2102 2681 2309 2297 2769 3013 1838 2192 2928 2415 1281 2490 2486 2313 2347 1370 2204 1170 2097 1460 2493 2580 2314 1939 1557 2668 1752 3051 2683 2096 2765 2384 2101 2029 2127 2007 2300 1924 2427 2014 3056 2123 1540 1373 2780 2317 2208 1638 1278

Tree=0
num_leaves=31
num_cat=0
split_feature=9 9 9 19 14 14 9 3 3 6 9 8 6 9 14 14 9 15 9 15 16 6 14 8 3 15 14 8 20 20
split_gain=0.000319493 1.90307e-05 1.77346e-05 4.43286e-06 3.26681e-06 1.53164e-06 1.46035e-06 1.2035e-06 1.05933e-06 7.5532e-07 7.33557e-07 6.66389e-07 6.18519e-07 5.13964e-07 4.75153e-07 4.18353e-07 4.06577e-07 3.68215e-07 3.44957e-07 3.36166e-07 2.90648e-07 2.47901e-07 1.88475e-07 1.74798e-07 1.68443e-07 1.45409e-07 1.43929e-07 1.34204e-07 1.08277e-07 1.14526e-07
threshold=28.808356128007137 12.287495524181763 54.004729762458155 0.00049266000000000012 0.23537774960157334 -0.7217484125045438 20.238293392074201 17.050000000000004 22.350000000000005 0.00049281500000000007 42.707100052915422 217.51076902763677 0.00033227000000000007 8.1392423411227011 0.9893236546938301 0.69056404122701587 68.624934841740142 0.63255009372278048 36.760986357844594 -0.72102888505294738 964.80000000000007 0.00020033500000000003 -0.99763297024448894 224.3546465814853 16.850000000000005 -0.99628250747696534 0.7090011537757156 253.56202171328084 0.00050667500000000016 0.00044332000000000003
decision_type=2 2 2 2 2 2 2 2 2 2 2 2 2 2 2 2 2 2 2 2 2 2 2 2 2 2 2 2 2 2
left_child=1 13 3 9 5 20 21 -6 15 14 23 -10 27 -1 18 -9 -7 19 -2 -12 22 -3 -4 24 -5 -18 -19 -8 29 -11
right_child=2 6 4 10 7 16 12 8 11 28 17 -13 -14 -15 -16 -17 25 26 -20 -21 -22 -23 -24 -25 -26 -27 -28 -29 -30 -31
leaf_value=0.00017331788287504294 0.00018978380440416183 0.00017887015547543556 0.00020568876741256927 0.000190678887843789 0.00018789452285208788 0.00020570491185263148 0.00018422052556490434 0.00020690279388148585 0.0002002310102037913 0.00019520995508844947 0.00019914210822750581 0.00019480887962645998 0.0001882412440108921 0.00017569271448073453 0.00018474950912531195 0.00020174224165989932 0.00020624836280569734 0.00019969152171641329 0.00019290323920075677 0.00019621269747666082 0.00020682662877451909 0.00018212636321937925 0.00020081680888846097 0.00018969521510488809 0.00019529359938702192 0.00021005538258196227 0.00020474150339860306 0.00018214481135579922 0.00019590466497030468 0.0001901638901856159
leaf_weight=3649 356 217 23 23 20 122 192 54 153 23 154 90 82 243 38 144 30 43 118 269 30 80 145 20 141 153 21 131 68 22
leaf_count=3649 356 217 23 23 20 122 192 54 153 23 154 90 82 243 38 144 30 43 118 269 30 80 145 20 141 153 21 131 68 22
internal_value=0.000182404 0.000174833 0.000197796 0.000193976 0.000202931 0.000205718 0.00018241 0.000199891 0.000200435 0.000190946 0.000196798 0.000198223 0.000184363 0.000173466 0.000190129 0.00020315 0.000207941 0.000197814 0.00019056 0.000197279 0.000202293 0.000179747 0.000201484 0.000194108 0.000194646 0.000209431 0.000201349 0.000183379 0.000194646 0.000192743
internal_weight=6854 4594 2260 1296 964 503 702 461 441 625 671 243 405 3892 512 198 305 487 474 423 198 297 168 184 164 183 64 323 113 45
internal_count=6854 4594 2260 1296 964 503 702 461 441 625 671 243 405 3892 512 198 305 487 474 423 198 297 168 184 164 183 64 323 113 45
is_linear=0
shrinkage=1


Tree=1
num_leaves=31
num_cat=0
split_feature=7 7 9 19 14 14 9 3 21 9 19 9 9 13 3 2 7 15 15 19 16 21 19 25 14 23 1 11 15 14
split_gain=0.000288633 1.70209e-05 1.56174e-05 4.26952e-06 2.99225e-06 1.37296e-06 1.14628e-06 1.08124e-06 1.07921e-06 7.49547e-07 7.20809e-07 6.27117e-07 4.63853e-07 4.23489e-07 4.05383e-07 3.77974e-07 3.66936e-07 3.50582e-07 3.47521e-07 3.43114e-07 2.5531e-07 2.31779e-07 2.1497e-07 1.83347e-07 1.6761e-07 1.48999e-07 1.4675e-07 1.46792e-07 1.31232e-07 1.29896e-07
threshold=62.286836437347731 36.203379934883934 12.287495524181763 0.00049266000000000012 0.23537774960157334 -0.7217484125045438 20.238293392074201 17.050000000000004 914.50000000000011 36.760986357844594 0.00070075000000000009 42.707100052915422 8.1392423411227011 -0.60355339059327384 16.550000000000004 257.50000000000006 26.004523041790474 0.63255009372278048 -0.6905596507703472 0.00035292500000000008 964.80000000000007 681.50000000000011 0.00018918500000000003 0.00068070483343839075 0.96687895796550427 538.00000000000011 848.70000000000016 40.115625000000001 -0.99628250747696534 0.7090011537757156
decision_type=2 2 2 2 2 2 2 2 2 2 2 2 2 2 2 2 2 2 2 2 2 2 2 2 2 2 2 2 2 2
left_child=1 4 12 9 5 20 22 -6 15 19 -10 26 -2 -8 -11 -9 28 18 -13 24 23 -16 -4 -1 -3 -21 27 -5 -7 -19
right_child=2 3 6 11 7 16 13 8 10 14 -12 17 -14 -15 21 -17 -18 29 -20 25 -22 -23 -24 -25 -26 -27 -28 -29 -30 -31
leaf_value=1.8875581335135945e-05 -8.6322734601468097e-06 5.2513455227529121e-06 -3.4683660765862919e-06 1.1358392743653939e-05 5.2155339290038684e-06 2.2651681388007701e-05 4.444941451838118e-06 1.7533398506627721e-05 1.0154972423529749e-05 3.5553147100638886e-06 1.8120389593402958e-05 1.5840489543039462e-05 -6.3761836546616939e-06 6.2382846731603466e-07 1.2496088262187701e-05 2.1323075225154755e-05 2.2135403500602689e-05 1.6422683205915788e-05 1.2873446294446801e-05 8.2805130619909688e-06 2.3201034637168049e-05 9.2049253314346264e-06 -6.0749923831019024e-07 1.4243859157431872e-05 3.8808898869485184e-07 5.9434461282007216e-06 1.4764460684091319e-05 7.6562215152829173e-06 2.6268350370182642e-05 2.1220165875829047e-05
leaf_weight=147 3649 91 199 126 20 30 99 231 77 21 45 161 243 271 106 92 122 43 255 210 30 108 98 25 22 101 24 34 153 21
leaf_count=147 3649 91 199 126 20 30 99 231 77 21 45 161 243 271 106 92 122 43 255 210 30 108 98 25 22 101 24 34 153 21
internal_value=6.28995e-14 1.44615e-05 -7.27993e-06 1.07707e-05 1.94851e-05 2.21419e-05 -2.10844e-07 1.65884e-05 1.70995e-05 7.91955e-06 1.3093e-05 1.36004e-05 -8.49141e-06 1.64623e-06 1.01846e-05 1.86128e-05 2.42594e-05 1.45518e-05 1.40217e-05 6.66417e-06 1.89447e-05 1.08351e-05 -2.52438e-06 1.82024e-05 4.30452e-06 7.52153e-06 1.11186e-05 1.05717e-05 2.56755e-05 1.79969e-05
internal_weight=6854 2295 4559 1323 972 507 667 465 445 659 122 664 3892 370 235 323 305 480 416 424 202 214 297 172 113 311 184 160 183 64
internal_count=6854 2295 4559 1323 972 507 667 465 445 659 122 664 3892 370 235 323 305 480 416 424 202 214 297 172 113 311 184 160 183 64
is_linear=0
shrinkage=0.05


Tree=2
num_leaves=31
num_cat=0
split_feature=7 7 7 6 14 14 6 3 21 19 19 14 7 15 15 6 6 6 7 7 18 15 11 7 16 2 8 15 14 15
split_gain=0.000260491 1.53614e-05 1.40607e-05 3.92355e-06 2.7005e-06 1.2391e-06 1.17946e-06 9.75818e-07 9.73985e-07 7.29708e-07 6.50531e-07 4.75777e-07 4.70886e-07 4.35728e-07 4.06052e-07 3.98516e-07 3.9774e-07 3.58698e-07 3.3116e-07 2.84884e-07 2.43823e-07 2.36032e-07 1.6816e-07 1.63026e-07 1.44817e-07 1.20529e-07 1.19844e-07 1.18437e-07 1.0639e-07 8.30753e-08
threshold=62.286836437347731 36.203379934883934 77.931819361348985 0.00049281500000000007 0.23537774960157334 -0.7217484125045438 0.00020033500000000003 17.050000000000004 914.50000000000011 0.0005084200000000001 0.00070075000000000009 0.98049069993378934 48.124701618148528 0.63255009372278048 -0.72102888505294738 0.00033227000000000007 3.0320000000000004e-05 0.00072669500000000008 26.004523041790474 57.597462683824602 0.00057809000000000018 0.011826144619637555 48.346875000000004 68.795241472968868 964.80000000000007 134.50000000000003 227.95824175762192 -0.99628250747696534 0.7090011537757156 -0.99628250747696534
decision_type=2 2 2 2 2 2 2 2 2 2 2 2 2 2 2 2 2 2 2 2 2 2 2 2 2 2 2 2 2 2
left_child=1 4 6 9 5 20 23 -6 17 11 -10 19 13 14 -5 -8 -4 -9 27 -3 22 -13 -1 -2 -22 -14 -11 -7 -15 -20
right_child=2 3 16 12 7 18 15 8 10 26 -12 21 25 28 -16 -17 -18 -19 29 -21 24 -23 -24 -25 -26 -27 -28 -29 -30 -31
leaf_value=1.7796741617944051e-05 6.5053572742809504e-08 8.0960348590449228e-06 -8.194482906198202e-06 1.514017038581577e-05 4.9547574599273507e-06 2.1519097117182658e-05 8.0964895942579254e-07 1.6233960770043034e-05 9.6472238941000145e-06 1.2873017314518621e-05 1.7214370309375227e-05 6.3562849351475723e-06 1.1727051969974885e-05 1.5925571380648762e-05 1.1933436642100952e-05 5.1208066864205655e-06 -5.9571521307502519e-06 1.9599225247998713e-05 1.8082100850733696e-05 5.536869797067422e-06 1.8181373765724376e-05 -2.419614275188933e-07 1.1614656515038487e-05 -3.2489356343154993e-06 2.204098302172497e-05 8.9513962026640823e-06 8.664945773548623e-06 2.4954932341405369e-05 1.9975479699496648e-05 2.1606383811826271e-05
leaf_weight=22 44 359 3674 154 20 30 330 184 77 64 45 23 96 50 275 64 210 139 20 156 128 33 22 237 30 66 23 153 24 102
leaf_count=22 44 359 3674 154 20 30 330 184 77 64 45 23 96 50 275 64 210 139 20 156 128 33 22 237 30 66 23 153 24 102
internal_value=-5.23439e-14 1.37385e-05 -6.91594e-06 1.02322e-05 1.85109e-05 2.10348e-05 -2.5514e-07 1.5759e-05 1.62445e-05 7.49484e-06 1.24384e-05 6.8449e-06 1.29407e-05 1.36958e-05 1.30846e-05 1.50994e-06 -8.07351e-06 1.76822e-05 2.30465e-05 7.32083e-06 1.79975e-05 2.46803e-06 1.47057e-05 -2.73002e-06 1.89142e-05 1.05962e-05 1.17605e-05 2.43917e-05 1.72391e-05 2.10286e-05
internal_weight=6854 2295 4559 1323 972 507 675 465 445 658 122 571 665 503 429 394 3884 323 305 515 202 56 44 281 158 162 87 183 74 122
internal_count=6854 2295 4559 1323 972 507 675 465 445 658 122 571 665 503 429 394 3884 323 305 515 202 56 44 281 158 162 87 183 74 122
is_linear=0
shrinkage=0.05


Tree=3
num_leaves=31
num_cat=0
split_feature=7 7 9 6 14 14 6 3 21 13 19 14 7 7 7 6 6 7 14 14 14 9 18 3 7 0 16 18 1 21
split_gain=0.000235093 1.38636e-05 1.27243e-05 3.54101e-06 2.4372e-06 1.11829e-06 1.02525e-06 8.80676e-07 8.79022e-07 6.71335e-07 5.87104e-07 5.34304e-07 4.61095e-07 4.24974e-07 3.85647e-07 3.27622e-07 3.23725e-07 2.98871e-07 2.79574e-07 3.15085e-07 3.03134e-07 2.61382e-07 2.20051e-07 2.09284e-07 1.60843e-07 1.58101e-07 1.30698e-07 1.21858e-07 1.07208e-07 9.9575e-08
threshold=62.286836437347731 36.203379934883934 12.287495524181763 0.00049281500000000007 0.23537774960157334 -0.7217484125045438 0.00021051000000000002 17.050000000000004 914.50000000000011 -0.78656609248549325 0.00070075000000000009 0.98049069993378934 47.495714803024534 48.124701618148528 81.467517005461659 0.00033227000000000007 0.00072669500000000008 26.004523041790474 -0.7217484125045438 0.77244481603295057 -0.98803845231459242 36.760986357844594 0.00057809000000000018 16.450000000000003 68.795241472968868 720.50000000000011 964.80000000000007 0.00032666500000000007 848.70000000000016 370.50000000000006
decision_type=2 2 2 2 2 2 2 2 2 2 2 2 2 2 2 2 2 2 2 2 2 2 2 2 2 2 2 2 2 2
left_child=1 4 14 9 5 22 24 -6 16 12 -10 21 -3 18 -2 -8 -9 -7 20 -20 -5 -11 25 -13 -4 -1 -24 -14 29 -15
right_child=2 3 6 13 7 17 15 8 10 11 -12 23 27 28 -16 -17 -18 -19 19 -21 -22 -23 26 -25 -26 -27 -28 -29 -30 -31
leaf_value=1.6834306568299601e-05 -5.6496181108351659e-06 1.3850751812448303e-05 2.5200210850872444e-07 1.490950362494914e-05 4.7070196569620754e-06 2.3172097248876189e-05 9.1953820825346608e-07 1.5422262701654835e-05 9.1648627193972543e-06 6.1314086127446002e-06 1.6353651671023626e-05 -2.4855619494701388e-06 6.5044797359157443e-06 1.0469134073726775e-05 -7.7866572143073979e-06 4.8647664470991007e-06 1.8619264150232038e-05 1.9977201751674735e-05 1.478974210717333e-05 1.179593592891572e-05 9.4256306804001929e-06 8.8595715990361317e-06 1.7272305094095942e-05 3.9602890892103248e-06 -2.8229315168215585e-06 1.0833770032886172e-05 2.0938933157594878e-05 1.02784889051171e-05 1.3228474070042072e-05 7.609025805726965e-06
leaf_weight=23 224 53 51 35 20 183 296 184 77 343 45 20 55 94 3668 64 139 122 239 139 90 118 128 34 256 21 30 35 23 45
leaf_count=23 224 53 51 35 20 183 296 184 77 343 45 20 55 94 3668 64 139 122 239 139 90 118 128 34 256 21 30 35 23 45
internal_value=1.18593e-13 1.30515e-05 -6.57014e-06 9.72056e-06 1.75853e-05 1.99831e-05 -1.8934e-07 1.4971e-05 1.54323e-05 7.1201e-06 1.18165e-05 6.27853e-06 1.01509e-05 1.22937e-05 -7.66366e-06 1.62091e-06 1.67981e-05 2.18941e-05 1.3011e-05 1.36888e-05 1.09611e-05 6.82972e-06 1.70976e-05 1.57294e-06 -2.31211e-06 1.39704e-05 1.79685e-05 7.97215e-06 1.00664e-05 9.5432e-06
internal_weight=6854 2295 4559 1323 972 507 667 465 445 658 122 515 143 665 3892 360 323 305 503 378 125 461 202 54 307 44 158 90 162 139
internal_count=6854 2295 4559 1323 972 507 667 465 445 658 122 515 143 665 3892 360 323 305 503 378 125 461 202 54 307 44 158 90 162 139
is_linear=0
shrinkage=0.05


Tree=4
num_leaves=31
num_cat=0
split_feature=7 7 7 7 14 7 7 3 11 8 0 15 13 15 24 21 19 18 14 15 15 18 19 3 21 14 7 8 17 8
split_gain=0.000212178 1.31102e-05 1.14539e-05 2.70347e-06 2.20322e-06 1.08308e-06 9.5868e-07 6.60997e-07 7.54583e-07 5.78851e-07 4.3582e-07 4.34788e-07 4.1985e-07 3.61141e-07 3.45487e-07 3.34326e-07 3.33356e-07 3.2412e-07 2.77002e-07 2.73249e-07 2.68628e-07 2.38984e-07 2.07027e-07 1.91757e-07 2.17585e-07 1.74149e-07 1.23607e-07 1.08878e-07 1.07286e-07 8.73243e-08
threshold=60.616776682589624 77.931819361348985 36.203379934883934 47.495714803024534 0.69056404122701587 69.349411252547171 23.086161877889456 17.050000000000004 56.037500000000009 224.3546465814853 993.50000000000011 0.63255009372278048 -0.60355339059327384 -0.72102888505294738 0.00032633344475301544 566.50000000000011 2.7975000000000002e-05 0.00032666500000000007 0.25206111083856975 0.91936090643431534 -0.23537842981696178 0.00056456000000000008 0.00017574500000000002 25.950000000000003 616.50000000000011 -0.7217484125045438 13.506469434940906 92.515029142683161 0.91378412153910782 253.56202171328084
decision_type=2 2 2 2 2 2 2 2 2 2 2 2 2 2 2 2 2 2 2 2 2 2 2 2 2 2 2 2 2 2
left_child=2 5 4 11 6 12 10 -6 14 17 26 13 -2 18 -9 -15 -3 27 -4 -19 -10 -11 -7 24 -8 -25 -1 -5 -13 -14
right_child=1 16 3 9 7 22 23 8 20 21 -12 28 29 15 -16 -17 -18 19 -20 -21 -22 -23 -24 25 -26 -27 -28 -29 -30 -31
leaf_value=2.2449875280259185e-05 4.1541483954688379e-06 -7.4010441096872035e-06 1.4650584071205231e-05 8.2366841525072232e-06 4.4716686329593364e-06 -3.2431943985306174e-06 1.7415054844605039e-05 1.0186534222377692e-05 4.479172719584313e-06 4.2535559382618978e-06 1.4976697266052617e-05 1.3665717142430367e-05 1.5029864723171184e-06 1.2045727021032512e-05 1.5679436731059269e-05 8.9280212609858561e-06 -5.4140368149546706e-06 1.1422748898879828e-05 1.0442182552937681e-05 7.312467820762929e-06 1.215004085246446e-05 7.229868005159309e-06 -6.9389424021276409e-07 1.5798360383199167e-05 1.3824624565131672e-05 1.9084405660568964e-05 2.0233156660173052e-05 5.9840353444706506e-06 1.7525883676070309e-05 -2.6589486543054423e-07
leaf_weight=94 125 3660 120 120 20 183 73 33 25 154 34 36 148 174 216 170 224 124 58 60 21 120 141 69 100 97 190 97 36 132
leaf_count=94 125 3660 120 120 20 183 73 33 25 154 34 36 148 174 216 170 224 124 58 60 21 120 141 69 100 97 190 97 36 132
internal_value=9.73506e-14 -6.13165e-06 1.26217e-05 9.49329e-06 1.67061e-05 2.09448e-08 1.83544e-05 1.32682e-05 1.38646e-05 7.32838e-06 2.03264e-05 1.19534e-05 1.74472e-06 1.1451e-05 1.49515e-05 1.0505e-05 -7.28645e-06 8.53871e-06 1.32793e-05 1.00824e-05 7.98109e-06 5.55705e-06 -2.13378e-06 1.65045e-05 1.53397e-05 1.77185e-05 2.09669e-05 7.22974e-06 1.55958e-05 6.69085e-07
internal_weight=6854 4613 2241 1269 972 729 657 315 295 675 318 594 405 522 249 344 3884 401 178 184 46 274 324 339 173 166 284 217 72 280
internal_count=6854 4613 2241 1269 972 729 657 315 295 675 318 594 405 522 249 344 3884 401 178 184 46 274 324 339 173 166 284 217 72 280
is_linear=0
shrinkage=0.05


Tree=5
num_leaves=31
num_cat=0
split_feature=7 7 9 19 14 14 6 6 6 26 1 9 14 7 6 14 15 14 20 15 7 15 15 25 20 18 11 5 26 15
split_gain=0.000191514 1.1287e-05 1.03569e-05 2.91435e-06 2.02836e-06 9.33109e-07 8.45961e-07 6.26587e-07 5.99894e-07 5.18402e-07 4.70752e-07 4.22566e-07 3.67772e-07 3.22262e-07 2.97415e-07 2.71599e-07 2.63302e-07 2.55753e-07 2.88317e-07 2.65685e-07 2.37318e-07 2.35726e-07 2.24579e-07 2.1871e-07 2.02134e-07 1.94818e-07 1.43036e-07 1.3897e-07 1.23747e-07 1.12538e-07
threshold=62.286836437347731 36.203379934883934 12.287495524181763 0.00049266000000000012 0.23537774960157334 -0.7217484125045438 0.00020033500000000003 0.00072669500000000008 0.00042495000000000006 0.00068954845129393083 626.85000000000014 42.707100052915422 0.69056404122701587 80.917531966057936 0.00033227000000000007 0.9893236546938301 -0.99938741687870725 0.98049069993378934 0.00049703500000000016 0.063390085881955341 26.004523041790474 0.63255009372278048 -0.6905596507703472 0.00069466358981070959 0.00050667500000000016 0.00057809000000000018 48.346875000000004 15.950000000000001 0.00021247959199887707 0.63255009372278048
decision_type=2 2 2 2 2 2 2 2 2 2 2 2 2 2 2 2 2 2 2 2 2 2 2 2 2 2 2 2 2 2
left_child=1 4 13 8 5 25 28 10 17 12 15 27 -9 -2 -8 -6 -7 18 -3 -19 -18 22 -13 -12 -10 26 -1 29 -4 -5
right_child=2 3 6 11 7 16 14 9 24 -11 23 21 -14 -15 -16 -17 20 19 -20 -21 -22 -23 -24 -25 -26 -27 -28 -29 -30 -31
leaf_value=1.5330767496379849e-05 -4.9461353094367844e-06 5.0077853516002207e-06 -2.6794861749485363e-06 8.5824364449061116e-06 1.631391437634496e-05 1.4258168064316124e-05 7.0395335363786445e-07 2.0910895048776487e-05 7.1980721386269815e-06 1.045733764991989e-05 9.7389741825201045e-06 1.2920641154394291e-05 1.5441850384411458e-05 -7.0216265107583482e-06 4.4283192979222008e-06 1.0296176158590242e-05 2.1371076450096334e-05 4.7073107771945121e-06 9.8996234756294359e-06 -2.5765960813320785e-06 1.8425925270748211e-05 1.4718132740654255e-05 1.0535476165913162e-05 1.4122963548288681e-05 1.0003635064664536e-05 1.6241849585018333e-05 9.6291667742579292e-06 6.5867209368767618e-06 7.7532440941311135e-07 1.1428331056102311e-05
leaf_weight=22 197 264 244 79 75 20 330 45 218 36 152 161 97 3695 64 25 171 31 34 21 114 64 255 35 91 158 22 43 29 62
leaf_count=22 197 264 244 79 75 20 330 45 218 36 152 161 97 3695 64 25 171 31 34 21 114 64 255 35 91 158 22 43 29 62
internal_value=1.35427e-13 1.17799e-05 -5.93e-06 8.77438e-06 1.58708e-05 1.80582e-05 -1.73303e-07 1.34858e-05 6.41877e-06 1.58164e-05 1.20403e-05 1.11122e-05 1.7175e-05 -6.91657e-06 1.30893e-06 1.48095e-05 1.98038e-05 5.00132e-06 5.56591e-06 1.76573e-06 2.0193e-05 1.18932e-05 1.14586e-05 1.05595e-05 8.02431e-06 1.54224e-05 1.248e-05 9.07499e-06 -2.31249e-06 9.83382e-06
internal_weight=6854 2295 4559 1323 972 507 667 465 659 178 287 664 142 3892 394 100 305 350 298 52 285 480 416 187 309 202 44 184 273 141
internal_count=6854 2295 4559 1323 972 507 667 465 659 178 287 664 142 3892 394 100 305 350 298 52 285 480 416 187 309 202 44 184 273 141
is_linear=0
shrinkage=0.05


Tree=6
num_leaves=31
num_cat=0
split_feature=7 9 7 9 14 6 9 3 3 6 8 23 14 14 6 14 6 19 19 14 22 6 14 25 27 5 5 8 14 14
split_gain=0.000172856 1.0698e-05 9.32331e-06 2.21881e-06 1.83059e-06 9.76921e-07 8.4334e-07 7.02106e-07 7.02662e-07 5.97663e-07 4.16798e-07 3.77906e-07 3.26479e-07 3.2529e-07 2.96809e-07 2.41098e-07 2.36509e-07 2.19011e-07 1.62067e-07 2.01826e-07 1.65949e-07 1.53116e-07 1.39787e-07 1.29678e-07 9.97789e-08 8.69978e-08 9.54754e-08 8.03619e-08 7.78649e-08 6.37279e-08
threshold=60.616776682589624 12.287495524181763 36.203379934883934 42.707100052915422 0.23537774960157334 0.00024452500000000005 68.624934841740142 17.050000000000004 22.350000000000005 0.00042495000000000006 217.51076902763677 802.50000000000011 0.30164402523644185 0.69056404122701587 2.7975000000000002e-05 -0.7217484125045438 0.00033561499999999999 0.00017574500000000002 0.00046000000000000007 -0.7217484125045438 716.50000000000011 0.00053035500000000004 -0.99763297024448894 0.00024601619323277418 49.166666666666679 12.65 11.350000000000003 236.17242991056216 -0.7217484125045438 0.42958674266195179
decision_type=2 2 2 2 2 2 2 2 2 2 2 2 2 2 2 2 2 2 2 2 2 2 2 2 2 2 2 2 2 2
left_child=2 14 4 9 6 17 15 -6 13 23 -10 18 -13 -9 -2 22 -7 -3 20 -20 -5 24 -1 27 -11 26 -8 -4 -25 -23
right_child=1 5 3 11 7 16 25 8 10 21 -12 12 -14 -15 -16 -17 -18 -19 19 -21 -22 29 -24 28 -26 -27 -28 -29 -30 -31
leaf_value=1.7883886333868799e-05 -6.6806762214448527e-06 -2.6152813284989945e-06 5.4141238807274435e-06 1.0698807535079955e-05 3.6469707396236117e-06 1.4025835723796017e-06 1.9705380682888277e-05 1.8724276115891472e-05 1.30000939216218e-05 7.9448955940035116e-06 8.7119556954146706e-06 1.0945664215965071e-05 3.4972470731894823e-06 1.4190571121039162e-05 -4.8364652927595108e-06 1.7146733780166079e-05 4.5594857029062128e-06 -3.683162265828462e-07 9.7239034034764026e-06 1.2223588858870087e-05 5.8127658498960954e-06 8.0683845271778413e-06 1.3701381103141324e-05 4.0211427536772908e-06 5.9775349117966904e-06 2.0826825887828213e-05 1.6767733913871869e-05 1.713036860580401e-06 6.0828628137928283e-06 1.0662586902103144e-05
leaf_weight=23 3660 206 22 57 20 202 85 54 153 205 90 28 31 148 232 122 84 229 106 339 25 40 152 65 94 84 41 44 155 58
leaf_count=23 3660 206 22 57 20 202 85 54 153 205 90 28 31 148 232 122 84 229 106 339 25 40 152 65 94 84 41 44 155 58
internal_value=-3.45591e-14 -5.53438e-06 1.13923e-05 8.56977e-06 1.50772e-05 5.99533e-08 1.71553e-05 1.28115e-05 1.32234e-05 6.63318e-06 1.14119e-05 1.08269e-05 7.03209e-06 1.54026e-05 -6.57074e-06 1.54405e-05 2.32979e-06 -1.4324e-06 1.12518e-05 1.16282e-05 9.20916e-06 7.88856e-06 1.42511e-05 4.89057e-06 7.32639e-06 1.95804e-05 1.87495e-05 2.94673e-06 5.47372e-06 9.60373e-06
internal_weight=6854 4613 2241 1269 972 721 507 465 445 683 243 586 59 202 3892 297 286 435 527 445 82 397 175 286 299 210 126 66 220 98
internal_count=6854 4613 2241 1269 972 721 507 465 445 683 243 586 59 202 3892 297 286 435 527 445 82 397 175 286 299 210 126 66 220 98
is_linear=0
shrinkage=0.05


Tree=7
num_leaves=31
num_cat=0
split_feature=7 7 9 19 15 3 7 21 8 7 15 25 9 13 18 2 3 7 13 3 8 15 8 15 19 8 5 8 26 15
split_gain=0.000156004 9.19084e-06 8.43095e-06 2.38806e-06 1.55134e-06 6.7704e-07 6.61874e-07 5.21306e-07 4.69477e-07 4.47981e-07 3.95006e-07 3.76542e-07 3.38544e-07 3.17381e-07 3.01422e-07 3.00825e-07 6.19647e-07 2.68647e-07 2.40493e-07 2.33146e-07 2.27521e-07 2.05251e-07 2.02182e-07 1.94612e-07 1.48842e-07 1.28751e-07 1.36174e-07 1.27179e-07 1.14043e-07 1.03816e-07
threshold=62.286836437347731 36.203379934883934 12.287495524181763 0.00049266000000000012 -0.72102888505294738 17.050000000000004 69.349411252547171 928.50000000000011 263.46639042655517 57.597462683824602 -0.97111920233974802 0.00067178885933521029 42.707100052915422 -0.78656609248549325 0.00044682000000000006 164.50000000000003 24.350000000000005 82.034982935269596 -0.60355339059327384 16.550000000000004 236.17242991056216 0.63255009372278048 106.07445573381064 0.063390085881955341 0.00020646000000000003 224.3546465814853 15.950000000000001 258.34228219437153 0.00050936519694084624 0.70897861563100306
decision_type=2 2 2 2 2 2 2 2 2 2 2 2 2 2 2 2 2 2 2 2 2 2 2 2 2 2 2 2 2 2
left_child=1 4 17 9 8 -6 18 14 15 13 -10 -9 25 28 -7 16 -1 -2 -4 -15 -11 23 -17 -14 -8 26 -5 -22 -3 -23
right_child=2 3 6 12 5 7 24 11 10 20 -12 -13 21 19 -16 22 -18 -19 -20 -21 27 29 -24 -25 -26 -27 -28 -29 -30 -31
leaf_value=7.8297847963995085e-06 -4.6600542589882947e-06 7.7442489707903553e-06 3.454184123269309e-06 9.5062316030795814e-06 3.4646222343326377e-06 1.0122768622781662e-05 -2.4393521975144019e-06 6.3612002103733788e-06 1.6000283848489231e-05 5.0183302961188985e-06 6.3924183587005258e-06 1.4388524920962352e-05 1.1022098092573993e-05 6.2493601831192797e-07 1.39925676142869e-05 1.5741716095576791e-05 1.6934655424257789e-05 -6.3512753391701648e-06 5.2752747583469937e-07 6.1821922867690111e-06 -1.5294059598621364e-06 1.6252660757995078e-05 1.8616627999984578e-05 8.6408875128470314e-06 7.7396821186772671e-08 4.4251110375626013e-06 6.1789132016157262e-06 3.0139359407342475e-06 1.1042595706385328e-05 1.1963746468143993e-05
leaf_weight=25 251 76 97 123 20 58 238 48 23 121 20 21 295 20 380 85 74 3641 254 335 24 21 218 121 78 20 41 43 40 43
leaf_count=25 251 76 97 123 20 58 238 48 23 121 20 21 295 20 380 85 74 3641 254 335 24 21 218 121 78 20 41 43 40 43
internal_value=1.14393e-13 1.06319e-05 -5.35208e-06 7.91975e-06 1.43234e-05 1.24878e-05 -1.58142e-07 1.28438e-05 1.64972e-05 5.78742e-06 1.15315e-05 8.8043e-06 1.0036e-05 6.61104e-06 1.34801e-05 1.70283e-05 1.46354e-05 -6.24221e-06 1.33632e-06 5.86911e-06 3.724e-06 1.0735e-05 1.78101e-05 1.03295e-05 -1.81813e-06 8.21252e-06 8.6744e-06 1.38647e-06 8.88161e-06 1.3371e-05
internal_weight=6854 2295 4559 1323 972 527 667 507 445 659 43 69 664 471 438 402 99 3892 351 355 188 480 303 416 316 184 164 67 116 64
internal_count=6854 2295 4559 1323 972 527 667 507 445 659 43 69 664 471 438 402 99 3892 351 355 188 480 303 416 316 184 164 67 116 64
is_linear=0
shrinkage=0.05


Tree=8
num_leaves=31
num_cat=0
split_feature=7 7 7 6 14 9 6 6 6 26 21 14 8 7 14 7 25 4 14 2 24 24 15 15 14 15 15 6 15 19
split_gain=0.000140812 8.73475e-06 7.59065e-06 1.8387e-06 1.52459e-06 7.10166e-07 5.91358e-07 5.87796e-07 5.03784e-07 4.40691e-07 4.06855e-07 4.22241e-07 4.00151e-07 4.71555e-07 3.00704e-07 2.62627e-07 2.29878e-07 2.14107e-07 2.00184e-07 2.48565e-07 1.83653e-07 1.72179e-07 1.6259e-07 2.21868e-07 2.16631e-07 1.61141e-07 1.37044e-07 1.36642e-07 1.24583e-07 1.14909e-07
threshold=60.616776682589624 74.576666967102838 36.203379934883934 0.00049281500000000007 0.23537774960157334 68.624934841740142 0.00029753000000000006 5.3375000000000003e-05 0.00072669500000000008 0.00068954845129393083 788.50000000000011 0.90892735371523092 227.95824175762192 47.495714803024534 0.69056404122701587 44.691395884719633 0.00028533201201385124 23.500000000000004 -0.93273441465163176 147.50000000000003 0.00048263068928456064 0.0005810352762575864 0.63255009372278048 0.16587474750015932 0.42958674266195179 -0.67801649466304881 0.63255009372278048 0.00020033500000000003 0.91936090643431534 0.00035292500000000008
decision_type=2 2 2 2 2 2 2 2 2 2 2 2 2 2 2 2 2 2 2 2 2 2 2 2 2 2 2 2 2 2
left_child=2 6 4 12 5 18 27 -3 10 14 20 -12 13 -4 -10 17 -14 26 19 -1 -6 -19 23 -17 -24 -18 -5 -2 -15 -8
right_child=1 7 3 15 8 -7 29 -9 9 -11 11 -13 16 28 -16 22 25 21 -20 -21 -22 -23 24 -25 -26 -27 -28 -29 -30 -31
leaf_value=1.6058819388630444e-05 -1.4635738462078355e-06 -5.9997833840828877e-06 1.1100186705797362e-05 1.0979016469409721e-05 1.3677953179900389e-05 1.772906393723263e-05 2.1548851729373079e-06 -3.3410088024574882e-06 1.8260035012644949e-05 8.6881929973969815e-06 1.0716620958574972e-05 5.3790852064139473e-06 2.3933908591731638e-06 6.5821915873206438e-06 1.3314746338765713e-05 8.6661560758368738e-06 7.0306708593146623e-06 9.7577338399878134e-06 1.4779212123436573e-05 1.0248120994970485e-05 9.8742080291569946e-06 5.4134660112075455e-06 6.5952406734075859e-06 4.8157468286676292e-06 1.1320603829793797e-05 4.1543469447796068e-06 1.5130686700682748e-05 3.0310621872585992e-07 3.6806920838393533e-06 4.9548486147075359e-06
leaf_weight=26 185 3772 57 206 84 210 114 220 45 36 88 64 95 208 97 117 85 123 208 63 51 28 35 55 79 114 22 268 45 54
leaf_count=26 185 3772 57 206 84 210 114 220 45 36 88 64 95 208 97 117 85 123 208 63 51 28 35 55 79 114 22 268 45 54
internal_value=-5.49888e-15 -4.99513e-06 1.02822e-05 7.73547e-06 1.36072e-05 1.55036e-05 5.2124e-07 -5.85326e-06 1.15395e-05 1.36293e-05 1.02434e-05 8.46924e-06 5.73843e-06 6.99173e-06 1.48819e-05 9.54932e-06 4.41692e-06 1.04125e-05 1.39301e-05 1.19456e-05 1.2241e-05 8.95217e-06 8.40548e-06 7.43492e-06 9.86983e-06 5.38293e-06 1.13796e-05 -4.18386e-07 6.06611e-06 3.05487e-06
internal_weight=6854 4613 2241 1269 972 507 621 3992 465 178 287 152 604 310 142 665 294 379 297 89 135 151 286 172 114 199 228 453 253 168
internal_count=6854 4613 2241 1269 972 507 621 3992 465 178 287 152 604 310 142 665 294 379 297 89 135 151 286 172 114 199 228 453 253 168
is_linear=0
shrinkage=0.05


Tree=9
num_leaves=31
num_cat=0
split_feature=9 7 7 6 15 6 6 6 8 8 7 0 15 15 2 15 7 15 2 19 27 15 8 16 20 19 19 19 15 19
split_gain=0.000127084 8.03844e-06 6.75677e-06 1.61208e-06 1.28298e-06 5.52e-07 5.37086e-07 4.89367e-07 4.02732e-07 3.60297e-07 4.11311e-07 3.59093e-07 3.41772e-07 2.80248e-07 2.61139e-07 4.59278e-07 2.37125e-07 2.58769e-07 3.19686e-07 2.11006e-07 2.25481e-07 1.89937e-07 1.8219e-07 1.72943e-07 1.48361e-07 1.37889e-07 1.24987e-07 1.19582e-07 1.19536e-07 9.928e-08
threshold=29.61330590851173 74.576666967102838 36.203379934883934 0.00049281500000000007 -0.72102888505294738 0.00029753000000000006 9.5280000000000009e-05 0.00064320000000000013 263.46639042655517 226.0723933787207 47.495714803024534 798.50000000000011 -0.97111920233974802 -0.42179730054635828 169.50000000000003 -0.82899557272681157 48.124701618148528 0.63255009372278048 122.50000000000001 0.00052126500000000014 32.833333333333336 -0.96687281075841669 106.07445573381064 964.80000000000007 0.00071752000000000014 0.00037355500000000008 0.00017574500000000002 1.2905000000000001e-05 0.91936090643431534 0.00035292500000000008
decision_type=2 2 2 2 2 2 2 2 2 2 2 2 2 2 2 2 2 2 2 2 2 2 2 2 2 2 2 2 2 2
left_child=1 5 4 9 8 26 27 11 14 10 -4 24 -10 -13 15 -2 17 18 -5 20 -9 -11 -16 -21 -6 -23 -1 -3 -12 -7
right_child=2 6 3 16 7 29 -8 19 12 21 28 13 -14 -15 22 -17 -18 -19 -20 23 -22 25 -24 -25 -26 -27 -28 -29 -30 -31
leaf_value=-1.7416491660696922e-06 1.1556582587385409e-05 -5.7545383261633935e-06 1.0545177331933749e-05 5.420770866312167e-06 1.3589751235688003e-05 2.0714965651595307e-06 -2.4606443494584947e-06 1.3072160445084418e-05 1.4461308819591069e-05 7.9107478711648589e-06 6.3569584568474822e-06 1.0750611075100342e-05 5.5242657626308759e-06 5.3433059280190028e-06 1.4212239237863681e-05 1.8644332205088091e-05 7.4081585625556476e-06 1.2338257604553932e-05 9.6380193398914724e-06 1.2178383343456578e-05 6.1062526050101536e-06 2.4109284640216036e-06 1.7017033490541005e-05 1.5040239451777512e-05 8.8455166300823653e-06 4.7382865186367964e-06 1.1485446112725515e-07 -4.761927609076547e-06 3.4966575195640973e-06 4.6050637436188673e-06
leaf_weight=125 87 3525 57 51 45 116 135 21 23 32 194 37 20 68 81 31 162 74 378 236 26 104 203 68 26 164 330 332 45 58
leaf_count=125 87 3525 57 51 45 116 135 21 23 32 194 37 20 68 81 31 162 74 378 236 26 104 203 68 26 164 330 332 45 58
internal_value=-2.51323e-15 -4.73281e-06 9.79414e-06 7.3794e-06 1.29268e-05 5.208e-07 -5.56059e-06 1.12576e-05 1.49037e-05 5.491e-06 6.72863e-06 9.10591e-06 1.03045e-05 7.24874e-06 1.53956e-05 1.34186e-05 9.07185e-06 9.60768e-06 9.13667e-06 1.23365e-05 9.21868e-06 4.26986e-06 1.62171e-05 1.28185e-05 1.18524e-05 3.83513e-06 -3.95174e-07 -5.6691e-06 5.81841e-06 2.91602e-06
internal_weight=6854 4621 2233 1261 972 629 3992 527 445 596 296 176 43 105 402 118 665 503 429 351 47 300 284 304 71 268 455 3857 239 174
internal_count=6854 4621 2233 1261 972 629 3992 527 445 596 296 176 43 105 402 118 665 503 429 351 47 300 284 304 71 268 455 3857 239 174
is_linear=0
shrinkage=0.05


Tree=10
num_leaves=31
num_cat=0
split_feature=13 19 6 21 15 16 13 15 6 6 23 6 3 19 3 3 3 2 6 6 15 13 6 15 0 27 20 8 25 6
split_gain=0.00011055 7.87957e-06 7.16959e-06 2.04851e-06 9.88114e-07 8.93748e-07 7.75008e-07 6.68882e-07 4.93264e-07 4.70828e-07 3.74098e-07 3.7026e-07 3.48467e-07 3.06171e-07 3.05035e-07 3.04892e-07 2.5865e-07 2.64877e-07 2.34741e-07 1.93632e-07 4.66285e-07 1.8206e-07 1.6351e-07 1.57925e-07 1.45737e-07 1.38588e-07 8.83983e-08 8.33441e-08 7.33734e-08 6.36502e-08
threshold=-0.5 0.00011310000000000001 0.00061284500000000021 116.00000000000001 -0.35846086284744721 606.84500000000014 -0.78656609248549325 -0.67801649466304881 0.00054101500000000005 0.00072308000000000008 171.50000000000003 5.9025000000000005e-05 17.250000000000004 0.00058204500000000011 16.350000000000005 16.550000000000004 23.850000000000005 171.50000000000003 0.00020033500000000003 0.00067396000000000003 -0.15950993297387572 -0.9159756150367534 0.00082834000000000011 -0.72102888505294738 681.50000000000011 51.833333333333336 0.00057771999999999999 277.62636869872119 6.6177525622254768e-06 0.00017541500000000003
decision_type=2 2 2 2 2 2 2 2 2 2 2 2 2 2 2 2 2 2 2 2 2 2 2 2 2 2 2 2 2 2
left_child=2 11 3 10 9 18 7 21 14 16 -1 28 -6 -11 -8 -9 17 -4 -3 24 -21 -5 -15 27 -14 -10 -18 -7 -2 -13
right_child=1 5 4 6 12 23 8 15 25 13 -12 29 19 22 -16 -17 26 -19 -20 20 -22 -23 -24 -25 -26 -27 -28 -29 -30 -31
leaf_value=-8.3951717255916139e-07 -5.4685563738880171e-06 -1.6424028807454144e-06 5.7078292982247339e-06 1.5070968731526738e-05 3.6575073326616802e-06 7.0119278758363139e-06 -7.8259972951855167e-07 3.4824549004497385e-06 9.5947183572556805e-06 9.6184491050215517e-06 3.5919008769574768e-06 -3.3139978740919574e-06 1.082660677768997e-05 1.4703809457479743e-05 5.5510631023973172e-06 8.2761230980181985e-06 1.0192235686190543e-05 1.1595023942488427e-05 6.3938269952566113e-07 7.0545110003611012e-06 1.3224278326794045e-05 1.0794267760310935e-05 1.8521136911247948e-05 2.2670134004303897e-06 7.693428600000113e-06 5.5133873694593119e-06 1.3328986362025855e-05 3.8699321987970065e-06 -4.6205597824485847e-06 -2.9443189362154956e-07
leaf_weight=70 3523 191 29 37 20 46 20 36 104 28 149 137 70 295 384 422 26 56 275 41 121 76 31 63 79 26 165 39 275 20
leaf_count=70 3523 191 29 37 20 46 20 36 104 28 149 137 70 295 384 422 26 56 275 41 121 76 31 63 79 26 165 39 275 20
internal_value=4.83393e-14 -4.49067e-06 8.97937e-06 6.59325e-06 1.22668e-05 7.79201e-07 7.46881e-06 8.74936e-06 6.09954e-06 1.34289e-05 2.17547e-06 -5.3088e-06 1.00549e-05 1.46359e-05 5.23752e-06 7.89933e-06 1.18809e-05 9.58645e-06 -2.95856e-07 1.04663e-05 1.16628e-05 1.21946e-05 1.50668e-05 4.16417e-06 9.16539e-06 8.77845e-06 1.2902e-05 5.57031e-06 -5.40716e-06 -2.92934e-06
internal_weight=6854 4569 2285 1324 961 614 1105 571 534 630 219 3955 331 354 404 458 276 85 466 311 162 113 326 148 149 130 191 85 3798 157
internal_count=6854 4569 2285 1324 961 614 1105 571 534 630 219 3955 331 354 404 458 276 85 466 311 162 113 326 148 149 130 191 85 3798 157
is_linear=0
shrinkage=0.05


Tree=11
num_leaves=31
num_cat=0
split_feature=7 7 7 19 15 6 6 6 8 0 26 15 6 0 8 9 15 15 23 8 25 26 1 20 21 20 8 6 25 19
split_gain=0.000103595 6.41956e-06 5.60493e-06 1.36896e-06 1.06088e-06 5.12308e-07 3.9079e-07 3.89521e-07 3.34513e-07 3.20843e-07 3.1576e-07 2.90615e-07 2.56277e-07 2.35386e-07 2.90044e-07 2.31033e-07 1.7968e-07 2.19691e-07 1.43426e-07 1.42444e-07 1.63192e-07 1.40137e-07 1.34965e-07 1.31964e-07 1.31911e-07 1.16134e-07 1.06319e-07 1.03664e-07 1.02813e-07 9.34803e-08
threshold=60.616776682589624 73.863124914161844 36.203379934883934 0.00049266000000000012 -0.72102888505294738 9.5280000000000009e-05 0.000294025 0.00064320000000000013 263.46639042655517 798.50000000000011 0.00063365167530476691 -0.97111920233974802 0.00042495000000000006 993.50000000000011 112.41973461483481 43.283995311635344 -0.6652727025667432 -0.35846086284744721 802.50000000000011 189.834976005085 0.00012659443872888211 0.00062058274066632303 848.70000000000016 0.00071752000000000014 370.50000000000006 0.00050667500000000016 120.84673731718779 0.0005954100000000001 6.6177525622254768e-06 0.00035292500000000008
decision_type=2 2 2 2 2 2 2 2 2 2 2 2 2 2 2 2 2 2 2 2 2 2 2 2 2 2 2 2 2 2
left_child=2 6 4 12 8 28 -2 9 13 23 -11 -10 19 14 -1 22 -9 -18 21 26 -21 -17 24 -6 -5 -14 -4 -20 -3 -8
right_child=1 5 3 15 7 -7 29 16 11 10 -12 -13 25 -15 -16 18 17 -19 27 20 -22 -23 -24 -25 -26 -27 -28 -29 -30 -31
leaf_value=1.2539503931445021e-05 -2.7163502635242111e-07 -5.1944409207055632e-06 4.6247373253348861e-06 7.2920367351205486e-06 1.2473570301760144e-05 -2.1734611695312532e-06 1.7717055074698815e-06 7.6094409996929955e-06 1.311563581744533e-05 4.154757151833691e-06 9.7119014058803671e-06 4.8745541357675398e-06 5.2948590088295166e-06 9.9420311902817694e-06 1.5415712431579971e-05 9.3505813210117833e-06 1.2939437844620856e-05 1.0297623519948373e-05 3.6829656065409924e-06 -6.9825836324829045e-07 3.6761231889558793e-06 5.558793969402569e-06 9.969633544548336e-06 7.9991808643871293e-06 4.4308134904220482e-06 7.4272731247439663e-06 8.7935581541387376e-06 8.5368317493041772e-06 -4.2852125609622768e-06 4.264188880003733e-06
leaf_weight=144 416 3524 65 115 45 154 124 33 23 61 44 20 214 34 224 388 143 175 22 24 191 26 29 26 62 91 20 22 341 54
leaf_count=144 416 3524 65 115 45 154 124 33 23 61 44 20 214 34 224 388 143 175 22 24 191 26 29 26 62 91 20 22 341 54
internal_value=-7.47868e-14 -4.28446e-06 8.81938e-06 6.63093e-06 1.16765e-05 -5.00154e-06 5.67269e-07 1.01586e-05 1.34741e-05 8.23894e-06 6.48347e-06 9.28257e-06 4.91048e-06 1.39225e-05 1.42902e-05 8.1985e-06 1.11212e-05 1.14856e-05 8.824e-06 3.87287e-06 3.18782e-06 9.11245e-06 6.80784e-06 1.08351e-05 6.2898e-06 5.93109e-06 5.60564e-06 6.1099e-06 -5.11422e-06 2.52785e-06
internal_weight=6854 4613 2241 1269 972 4019 594 527 445 176 105 43 605 402 368 664 351 318 458 300 215 414 206 71 177 305 85 44 3865 178
internal_count=6854 4613 2241 1269 972 4019 594 527 445 176 105 43 605 402 368 664 351 318 458 300 215 414 206 71 177 305 85 44 3865 178
is_linear=0
shrinkage=0.05


Tree=12
num_leaves=31
num_cat=0
split_feature=9 9 9 19 14 6 9 3 3 15 6 20 8 4 17 14 25 6 23 19 9 14 20 6 18 25 26 6 11 15
split_gain=9.35004e-05 5.88564e-06 4.94979e-06 1.2681e-06 1.10784e-06 5.75282e-07 5.25315e-07 5.04683e-07 5.2404e-07 3.0319e-07 2.79249e-07 2.33998e-07 2.2032e-07 1.80972e-07 2.04874e-07 1.73814e-07 1.69186e-07 1.54817e-07 1.4912e-07 1.84371e-07 1.44119e-07 1.41376e-07 1.3906e-07 1.33597e-07 1.26602e-07 1.22567e-07 8.39615e-08 7.2114e-08 6.79598e-08 6.64493e-08
threshold=29.61330590851173 12.287495524181763 54.004729762458155 0.0005084200000000001 0.23537774960157334 0.00024452500000000005 68.624934841740142 17.050000000000004 22.350000000000005 -0.082691941062253513 0.00053035500000000004 0.00078017500000000003 189.834976005085 5.5000000000000009 0.99812272828980653 0.90892735371523092 3.7761068754348189e-05 0.00064078500000000016 802.50000000000011 0.00056896000000000019 42.707100052915422 -0.7217484125045438 0.00018008500000000002 0.00033561499999999999 0.00057809000000000018 0.00025977098479645834 0.00078476268688999079 0.00013498000000000001 43.556250000000006 -0.99628250747696534
decision_type=2 2 2 2 2 2 2 2 2 2 2 2 2 2 2 2 2 2 2 2 2 2 2 2 2 2 2 2 2 2
left_child=1 16 3 10 6 22 21 -6 11 -10 12 -9 20 14 17 -14 -1 -5 19 -15 -2 24 27 -7 -4 -12 -8 -3 -27 -23
right_child=2 5 4 13 7 23 26 8 9 -11 25 -13 15 18 -16 -17 -18 -19 -20 -21 -22 29 -24 -25 -26 28 -28 -29 -30 -31
leaf_value=-4.8957771859221685e-06 5.2036533663429021e-06 -3.2013373891425511e-06 8.0445972647188068e-06 9.1068698137018935e-06 1.5629040763087688e-06 1.0736395251338745e-06 1.4957550156874565e-05 1.101690453628834e-05 7.51647370433422e-06 1.3230128879863164e-05 4.8608348665597822e-06 1.6720957316920247e-05 4.132377801454915e-06 5.9885154752093915e-06 5.1201111122720949e-06 1.1326084377596075e-06 -3.1315465953444309e-06 1.3296309902216308e-05 3.6481668670463618e-06 8.4276926591875047e-06 9.6242369636456725e-06 1.0021660764323316e-05 -2.5771142493292074e-07 3.3969994803193116e-06 1.1205196285449657e-05 1.0567405734036584e-05 1.1551682055142012e-05 -1.2737224484834799e-06 6.9548938525891261e-06 1.317361517896429e-05
leaf_weight=3751 236 81 42 187 20 203 190 178 217 26 27 20 266 119 29 59 141 25 26 222 20 20 235 89 129 30 20 121 23 102
leaf_count=3751 236 81 42 187 20 203 190 178 217 26 27 20 266 119 29 59 141 25 26 222 20 20 235 89 129 30 20 121 23 102
internal_value=2.15899e-14 -4.05958e-06 8.40095e-06 6.34919e-06 1.11019e-05 6.34991e-08 1.27246e-05 9.33133e-06 9.68364e-06 8.12781e-06 4.8333e-06 1.15931e-05 4.45195e-06 7.99722e-06 9.06172e-06 3.5878e-06 -4.83186e-06 9.60091e-06 7.29818e-06 7.57648e-06 5.54901e-06 1.13566e-05 -1.08465e-06 1.78179e-06 1.04289e-05 7.60284e-06 1.46332e-05 -2.04668e-06 8.99971e-06 1.26569e-05
internal_weight=6854 4621 2233 1269 964 729 503 461 441 243 661 198 581 608 241 325 3892 212 367 341 256 293 437 292 171 80 210 202 53 122
internal_count=6854 4621 2233 1269 964 729 503 461 441 243 661 198 581 608 241 325 3892 212 367 341 256 293 437 292 171 80 210 202 53 122
is_linear=0
shrinkage=0.05


Tree=13
num_leaves=31
num_cat=0
split_feature=9 7 7 7 14 3 7 3 21 6 5 6 6 2 15 2 14 17 17 21 4 25 20 1 2 15 19 15 15 6
split_gain=8.43841e-05 5.34087e-06 4.50562e-06 1.10596e-06 1.02895e-06 4.75837e-07 4.72987e-07 4.52295e-07 4.87678e-07 4.19766e-07 3.45257e-07 3.31132e-07 2.7114e-07 2.66354e-07 1.826e-07 2.67202e-07 1.51997e-07 1.18444e-07 9.71117e-08 9.04885e-08 1.06556e-07 8.7993e-08 8.50043e-08 8.47306e-08 7.88033e-08 7.78322e-08 6.93745e-08 6.90241e-08 6.81835e-08 6.28965e-08
threshold=29.61330590851173 73.863124914161844 36.203379934883934 48.124701618148528 0.23537774960157334 16.350000000000005 19.329387770696005 17.050000000000004 914.50000000000011 4.8865000000000007e-05 8.1500000000000004 0.00029753000000000006 0.00042495000000000006 257.50000000000006 0.63255009372278048 120.50000000000001 -0.7217484125045438 0.95838591338098555 0.91378412153910782 253.50000000000003 1.0000000180025095e-35 0.00078054733479616695 0.00024357 845.45000000000016 133.50000000000003 -0.96687281075841669 0.00035292500000000008 -0.99628250747696534 0.91936090643431534 0.00013114500000000002
decision_type=2 2 2 2 2 2 2 2 2 2 2 2 2 2 2 2 2 2 2 2 2 2 2 2 2 2 2 2 2 2
left_child=1 11 4 5 6 -4 21 -6 13 -3 -10 22 19 -9 15 -7 17 -8 -16 24 -21 -2 25 28 -5 -1 -13 -18 -14 -11
right_child=2 9 3 12 7 14 16 8 10 29 -12 26 23 -15 18 -17 27 -19 -20 20 -22 -23 -24 -25 -26 -27 -28 -29 -30 -31
leaf_value=1.9685662639119527e-06 1.4561090954631727e-05 -4.6483173388907179e-06 -7.4834379120147791e-08 3.8171740606003371e-06 1.4847588386146526e-06 4.5230846118049186e-06 1.076452942974317e-05 9.2821156676103336e-06 1.2310985065206687e-05 -3.1446697563756995e-06 5.2648513827356932e-06 1.6686642864223012e-06 5.4475540603161728e-06 1.2463387723780374e-05 8.2629475267511725e-06 7.8641014376692279e-06 9.5205776233342483e-06 7.9056276300557524e-06 1.1725739320809226e-05 4.67765940786396e-06 2.0707480080313648e-06 1.1519904952755108e-05 8.0924246604257887e-07 7.6920745020804661e-06 7.5307413499103856e-06 -9.4990763487520839e-07 3.7865450954238467e-06 1.270728449944888e-05 3.3361975345707673e-06 -1.514828938553592e-06
leaf_weight=25 158 3761 20 50 20 69 139 231 21 166 101 116 292 92 41 451 20 49 40 54 143 28 138 37 20 265 58 113 44 92
leaf_count=25 158 3761 20 50 20 69 139 231 21 166 101 116 292 92 41 451 20 49 40 54 143 28 138 37 20 265 58 113 44 92
internal_value=-7.76274e-14 -3.8566e-06 7.9809e-06 6.00903e-06 1.05391e-05 7.51226e-06 1.2097e-05 8.84038e-06 9.17097e-06 -4.51448e-06 6.47771e-06 5.35463e-07 4.55042e-06 1.01882e-05 7.76475e-06 7.42077e-06 1.09345e-05 1.00194e-05 9.97297e-06 3.33402e-06 2.78533e-06 1.41033e-05 -2.12233e-07 5.42114e-06 4.87819e-06 -6.98315e-07 2.37462e-06 1.22281e-05 5.17107e-06 -2.56349e-06
internal_weight=6854 4621 2233 1261 972 621 507 465 445 4019 122 602 640 323 601 520 321 188 81 267 197 186 428 373 70 290 174 133 336 258
internal_count=6854 4621 2233 1261 972 621 507 465 445 4019 122 602 640 323 601 520 321 188 81 267 197 186 428 373 70 290 174 133 336 258
is_linear=0
shrinkage=0.05


Tree=14
num_leaves=31
num_cat=0
split_feature=9 7 7 6 14 7 3 21 6 23 6 11 12 7 25 7 20 14 14 9 24 2 25 11 26 14 25 20 15 19
split_gain=7.61567e-05 4.82013e-06 4.06633e-06 1.00338e-06 9.28628e-07 4.26871e-07 4.08196e-07 4.46349e-07 3.81639e-07 3.53277e-07 2.98847e-07 2.56363e-07 2.1984e-07 2.31596e-07 1.736e-07 1.66321e-07 1.67571e-07 1.37177e-07 1.3054e-07 1.20788e-07 1.19057e-07 1.11281e-07 1.06077e-07 1.00988e-07 8.69256e-08 8.17576e-08 8.17248e-08 7.67164e-08 7.02436e-08 6.52098e-08
threshold=29.61330590851173 73.863124914161844 36.203379934883934 0.00049281500000000007 0.23537774960157334 19.329387770696005 17.050000000000004 932.50000000000011 9.5280000000000009e-05 759.50000000000011 0.00029753000000000006 42.10625000000001 -0.25881904510252113 47.495714803024534 0.00028533201201385124 44.691395884719633 0.00067075000000000001 -0.7217484125045438 -0.93273441465163176 36.760986357844594 0.00044778728179642631 128.50000000000003 0.00049482349192463485 34.962500000000006 0.00078476268688999079 0.90892735371523092 6.6177525622254768e-06 0.00024357 -0.96687281075841669 0.00056665000000000014
decision_type=2 2 2 2 2 2 2 2 2 2 2 2 2 2 2 2 2 2 2 2 2 2 2 2 2 2 2 2 2 2
left_child=1 10 4 12 5 24 -6 11 26 -9 27 -8 14 29 25 16 22 20 -17 -16 -7 -15 -5 -20 -2 -4 -3 28 -1 -14
right_child=2 8 3 15 6 17 7 9 -10 -11 -12 -13 13 21 19 18 -18 -19 23 -21 -22 -23 -24 -25 -26 -27 -28 -29 -30 -31
leaf_value=1.8701379339063352e-06 1.3773301728737769e-05 -4.4575354424769241e-06 2.6024701016125055e-06 6.7659255262242371e-06 1.4105209402259789e-06 6.5106175825795683e-06 1.2133116000768496e-05 1.1255971491085472e-05 -1.847847853771593e-06 4.0393181949626972e-06 2.255893325739102e-06 8.8339502895411169e-06 1.0545694143123304e-05 3.622332357763261e-06 3.1099352843248492e-06 3.4046159845801362e-06 3.276389415987069e-06 1.1616676471377084e-05 4.9894892882012723e-06 5.4002089402000016e-06 1.0044786155489761e-05 5.9668881625651104e-06 8.5878807294933546e-06 7.2033504453819272e-06 1.0284058262186591e-05 -4.3855364809484939e-07 -3.6468981686392641e-06 7.6878035076623609e-07 -9.0241225557946881e-07 6.8307214489862051e-06
leaf_weight=25 166 3524 77 120 20 28 75 22 154 74 174 274 21 121 126 38 20 133 73 106 160 87 239 175 20 31 341 138 265 27
leaf_count=25 166 3524 77 120 20 28 75 22 154 74 174 274 21 121 126 38 20 133 73 106 160 87 239 175 20 31 341 138 265 27
internal_value=-4.81553e-14 -3.66377e-06 7.58186e-06 5.70858e-06 1.00121e-05 1.14922e-05 8.39836e-06 8.71242e-06 -4.28876e-06 5.69313e-06 5.0869e-07 9.54294e-06 4.21876e-06 5.32543e-06 3.3855e-06 7.04381e-06 7.73072e-06 1.03878e-05 6.13355e-06 4.15635e-06 9.51842e-06 4.60299e-06 7.97887e-06 6.55169e-06 1.33981e-05 1.72958e-06 -4.38601e-06 -2.01622e-07 -6.63399e-07 8.45602e-06
internal_weight=6854 4621 2233 1261 972 507 465 445 4019 96 602 349 596 256 340 665 379 321 286 232 188 208 359 248 186 108 3865 428 290 48
internal_count=6854 4621 2233 1261 972 507 465 445 4019 96 602 349 596 256 340 665 379 321 286 232 188 208 359 248 186 108 3865 428 290 48
is_linear=0
shrinkage=0.05


Tree=15
num_leaves=31
num_cat=0
split_feature=7 6 7 19 14 14 14 2 15 15 3 7 7 6 3 20 7 14 14 3 15 23 1 2 14 20 25 25 7 20
split_gain=6.87275e-05 4.28416e-06 3.72122e-06 9.35056e-07 8.50565e-07 4.48163e-07 7.04876e-07 6.73893e-07 4.45938e-07 6.72114e-07 6.31691e-07 3.85251e-07 2.90206e-07 2.83287e-07 2.10626e-07 2.14485e-07 1.52375e-07 1.60399e-07 3.17315e-07 1.18481e-07 1.17042e-07 1.14502e-07 1.19871e-07 9.86548e-08 9.46879e-08 9.01861e-08 8.021e-08 7.26222e-08 7.24607e-08 5.19486e-08
threshold=60.616776682589624 0.00013498000000000001 36.203379934883934 0.00049266000000000012 0.69056404122701587 0.55656748448714433 0.23537774960157334 170.50000000000003 0.20812153622207724 0.011826144619637555 20.850000000000005 19.329387770696005 80.917531966057936 0.000294025 15.65 0.00050667500000000016 45.741451026922682 -0.95754239937548935 -0.98214942551678475 23.850000000000005 -0.70900320270980455 665.50000000000011 798.25000000000011 122.50000000000001 0.94978112945126536 0.00016481500000000004 0.00013848318683183441 0.00031130577425710223 27.810141218264459 0.00033057000000000003
decision_type=2 2 2 2 2 2 2 2 2 2 2 2 2 2 2 2 2 2 2 2 2 2 2 2 2 2 2 2 2 2
left_child=2 12 4 14 5 6 11 -8 9 10 -6 -1 25 26 -4 20 17 18 -5 -19 -16 22 -18 -17 -10 -2 -3 29 -7 -15
right_child=1 13 3 16 8 28 7 -9 24 -11 -12 -13 -14 27 15 23 21 19 -20 -21 -22 -23 -24 -25 -26 -27 -28 -29 -30 -31
leaf_value=1.2728208519312772e-05 -2.9584293414597343e-06 -1.2665460609135033e-06 -2.566333543135053e-07 7.6227923459141906e-06 1.1907685103272e-05 1.6639825723056371e-05 6.0563687812271593e-07 9.2703469766258262e-06 9.8538874386509569e-06 1.064855389225105e-08 5.9856463730453513e-06 9.8684018401348969e-06 -4.2100936208734433e-06 7.8761919717686001e-07 4.7035308797891838e-06 3.9311658890885437e-06 5.5171325254465755e-06 6.8990333962327578e-06 5.686573008460982e-07 8.7495517508691572e-06 3.0463622143425288e-06 3.2897520091731769e-06 8.3997539962744692e-06 6.962980373457889e-06 1.4330466859357488e-05 -5.3127882049845235e-07 1.7557829387630523e-07 3.7092303342915887e-06 1.2754472372762395e-05 2.9723507945497648e-06
leaf_weight=186 256 143 28 44 61 30 34 66 27 34 172 321 3695 90 172 39 155 199 25 153 280 41 47 86 21 45 296 49 20 39
leaf_count=186 256 143 28 44 61 30 34 66 27 34 172 321 3695 90 172 39 155 199 25 153 280 41 47 86 21 45 296 49 20 39
internal_value=-4.69537e-14 -3.48973e-06 7.18347e-06 5.40029e-06 9.5115e-06 1.05357e-05 1.01609e-05 6.32435e-06 7.37542e-06 6.57776e-06 7.53605e-06 1.09176e-05 -4.08848e-06 3.8803e-07 3.9784e-06 4.18392e-06 6.69583e-06 7.27128e-06 5.06695e-06 7.70338e-06 3.67697e-06 5.69886e-06 6.18784e-06 6.01705e-06 1.18124e-05 -2.59557e-06 -2.9418e-07 2.07056e-06 1.50857e-05 1.44812e-06
internal_weight=6854 4613 2241 1269 972 657 607 100 315 267 233 507 3996 617 605 577 664 421 69 352 452 243 202 125 48 301 439 178 50 129
internal_count=6854 4613 2241 1269 972 657 607 100 315 267 233 507 3996 617 605 577 664 421 69 352 452 243 202 125 48 301 439 178 50 129
is_linear=0
shrinkage=0.05


Tree=16
num_leaves=31
num_cat=0
split_feature=9 19 7 6 14 14 14 2 15 15 3 14 7 6 3 13 15 7 27 15 15 15 14 11 15 19 23 6 23 7
split_gain=6.20328e-05 3.94216e-06 3.31159e-06 8.36021e-07 7.67635e-07 4.04467e-07 6.36151e-07 6.08188e-07 4.02459e-07 6.06583e-07 5.70101e-07 3.61634e-07 3.05912e-07 2.07746e-07 1.94396e-07 2.01118e-07 1.90969e-07 1.34629e-07 1.58173e-07 1.32319e-07 1.19538e-07 1.77841e-07 1.63432e-07 1.14356e-07 1.11534e-07 1.05602e-07 8.91346e-08 7.58847e-08 7.27383e-08 6.53957e-08
threshold=29.61330590851173 0.00011310000000000001 36.203379934883934 0.00049281500000000007 0.69056404122701587 0.55656748448714433 0.23537774960157334 170.50000000000003 0.20812153622207724 0.011826144619637555 20.850000000000005 -0.7217484125045438 68.261266868369077 3.0320000000000004e-05 15.250000000000002 -0.78656609248549325 0.91936090643431534 44.691395884719633 30.833333333333339 -0.96687281075841669 0.63255009372278048 0.16587474750015932 0.42958674266195179 45.065625000000004 0.63255009372278048 0.00035292500000000008 639.50000000000011 0.00020676000000000003 484.50000000000006 27.810141218264459
decision_type=2 2 2 2 2 2 2 2 2 2 2 2 2 2 2 2 2 2 2 2 2 2 2 2 2 2 2 2 2 2
left_child=1 13 4 14 5 6 11 -8 9 10 -6 -2 25 -1 -4 16 -16 18 24 -17 21 -19 -22 -20 -5 28 -10 -14 -3 -7
right_child=2 12 3 17 8 29 7 -9 26 -11 -12 -13 27 -15 15 19 -18 20 23 -21 22 -23 -24 -25 -26 -27 -28 -29 -30 -31
leaf_value=-4.0041307279197953e-06 8.7308098673841852e-06 1.1421079108455218e-06 -7.1481758032345885e-07 7.4298622138794259e-06 1.1312300924026978e-05 1.5807834449030151e-05 5.7535505307522027e-07 8.8068295905362575e-06 8.7786509517346062e-06 1.011607149420717e-08 5.6863641219706558e-06 1.1458426221206091e-05 -1.3911980770485246e-06 -2.6028243319200431e-06 6.7966470902957591e-06 5.7519399671182981e-06 2.1091451344545931e-06 5.8222177401156432e-06 6.4675483115066036e-06 3.1536799211232152e-06 3.9634625019451571e-06 2.374944638693871e-06 8.0678007855458186e-06 3.1497921153298674e-06 1.1095717056140649e-05 3.2078453629213478e-06 1.3121976169511781e-05 2.0663109137547303e-07 -1.9197947646413622e-06 1.2116748712287519e-05
leaf_weight=3675 202 254 23 212 61 30 34 66 21 34 172 305 210 285 97 56 28 117 110 392 35 55 79 34 23 61 27 115 21 20
leaf_count=3675 202 254 23 212 61 30 34 66 21 34 172 305 210 285 97 56 28 117 110 392 35 55 79 34 23 61 27 115 21 20
internal_value=-1.60258e-14 -3.30663e-06 6.84277e-06 5.15226e-06 9.03593e-06 1.00089e-05 9.65281e-06 6.00813e-06 7.00665e-06 6.24887e-06 7.15925e-06 1.03717e-05 2.67881e-07 -3.90328e-06 3.79235e-06 3.97327e-06 5.74665e-06 6.37106e-06 6.98906e-06 3.47846e-06 5.55209e-06 4.71989e-06 6.8077e-06 5.68419e-06 7.78865e-06 1.32577e-06 1.12218e-05 -8.25812e-07 9.0829e-07 1.43314e-05
internal_weight=6854 4621 2233 1261 972 657 607 100 315 267 233 507 661 3960 596 573 125 665 379 448 286 172 114 144 235 336 48 325 275 50
internal_count=6854 4621 2233 1261 972 657 607 100 315 267 233 507 661 3960 596 573 125 665 379 448 286 172 114 144 235 336 48 325 275 50
is_linear=0
shrinkage=0.05


Tree=17
num_leaves=31
num_cat=0
split_feature=7 9 19 9 3 14 7 25 14 19 26 21 22 9 7 12 3 21 22 20 14 22 14 0 19 14 20 19 14 14
split_gain=5.5988e-05 4.37722e-06 1.98705e-06 1.05709e-06 7.62759e-07 5.67641e-07 4.2349e-07 3.39143e-07 3.41709e-07 2.89903e-07 2.70874e-07 2.41958e-07 1.89859e-07 1.63403e-07 1.51912e-07 1.44668e-07 1.56869e-07 1.41929e-07 1.35356e-07 1.20592e-07 7.32301e-08 1.07933e-07 7.25037e-08 5.26727e-08 4.71827e-08 4.1728e-08 3.60261e-08 2.86226e-08 5.34091e-08 2.53396e-08
threshold=65.874554419486131 42.707100052915422 0.00011310000000000001 63.382570314188264 16.350000000000005 0.90892735371523092 57.597462683824602 0.0005518737206568927 0.97875492728876534 0.00068216000000000012 0.00079444517052480344 919.50000000000011 997.50000000000011 9.2391135044506925 28.100281801125796 1.0000000180025095e-35 17.250000000000004 213.50000000000003 651.50000000000011 0.00024357 0.39036257410962044 441.50000000000006 -0.95754239937548935 521.50000000000011 0.00021051000000000002 0.20180702842483325 0.00016481500000000004 0.00043679500000000008 -0.7217484125045438 0.36648264796514479
decision_type=2 2 2 2 2 2 2 2 2 2 2 2 2 2 2 2 2 2 2 2 2 2 2 2 2 2 2 2 2 2
left_child=1 6 13 4 -3 10 15 -7 -9 11 12 -6 -5 -2 -11 16 -1 27 -18 24 25 -22 -19 -24 -4 -17 -15 28 -8 -21
right_child=2 3 19 5 9 7 17 8 -10 14 -12 -13 -14 26 -16 20 18 22 -20 29 21 -23 23 -25 -26 -27 -28 -29 -30 -31
leaf_value=-7.1019387012876742e-07 -3.799055182693435e-06 -2.0615937122177759e-06 -1.2110472439681581e-06 1.0764006927043932e-05 6.7655118788675506e-06 9.0731186114803798e-06 2.0955349597784334e-06 -2.2221920659148964e-06 6.8079849535768691e-06 5.9377816066416017e-06 4.76411171141742e-06 3.8057865308533053e-06 6.9221373704359789e-06 -2.7011104697176411e-06 9.0101089792371963e-06 4.5611568242046962e-06 3.1419055713561248e-06 -1.9809010473181846e-06 6.0007902889350699e-06 3.2278754436750513e-07 4.4869870485505494e-06 7.3365129850810542e-06 6.3086902632300876e-07 2.680468850774725e-06 1.6220004510129861e-08 2.267803378344979e-06 -8.7891916146256862e-07 1.2352600249089717e-06 4.1343095530363722e-06 1.7190908009112606e-06
leaf_weight=22 3703 24 222 396 669 37 58 20 22 50 22 77 35 217 206 96 220 20 51 66 73 61 109 44 121 25 31 21 72 64
leaf_count=22 3703 24 222 396 669 37 58 20 22 50 22 77 35 217 206 96 220 20 51 66 73 61 109 44 121 25 31 21 72 64
internal_value=7.1463e-14 6.09747e-06 -3.3492e-06 7.68507e-06 6.74724e-06 9.49374e-06 3.26091e-06 5.58275e-06 2.5079e-06 6.95823e-06 1.01758e-05 6.46002e-06 1.0452e-05 -3.71584e-06 8.41005e-06 4.10817e-06 3.35029e-06 1.8279e-06 3.67992e-06 -2.86605e-07 4.97899e-06 5.78416e-06 8.50216e-07 1.2203e-06 -7.78105e-07 4.08732e-06 -2.47334e-06 2.94803e-06 3.2247e-06 1.0102e-06
internal_weight=6854 2430 4424 1558 1026 532 872 79 42 1002 453 746 431 3951 256 548 293 324 271 473 255 134 173 153 343 121 248 151 130 130
internal_count=6854 2430 4424 1558 1026 532 872 79 42 1002 453 746 431 3951 256 548 293 324 271 473 255 134 173 153 343 121 248 151 130 130
is_linear=0
shrinkage=0.05


Tree=18
num_leaves=31
num_cat=0
split_feature=7 7 7 19 15 3 21 15 1 25 25 15 7 19 3 7 17 4 17 7 2 23 21 1 12 24 18 7 13 25
split_gain=5.05337e-05 3.15653e-06 2.7506e-06 6.98784e-07 5.96791e-07 3.11305e-07 2.69712e-07 2.66926e-07 4.49846e-07 2.56068e-07 2.43901e-07 2.3216e-07 1.84687e-07 1.81169e-07 1.63759e-07 1.6583e-07 1.3949e-07 1.21465e-07 2.09477e-07 1.16966e-07 1.11644e-07 1.74601e-07 1.10905e-07 7.96264e-08 5.19105e-08 7.53482e-08 5.09794e-08 4.149e-08 3.8596e-08 2.71363e-08
threshold=60.616776682589624 73.863124914161844 36.203379934883934 0.00049266000000000012 -0.72102888505294738 17.050000000000004 928.50000000000011 -0.82899557272681157 864.55000000000007 3.7761068754348189e-05 0.00067178885933521029 -0.6523320455745395 26.004523041790474 0.00030492000000000008 15.65 53.42502283445365 0.99179799185624007 5.5000000000000009 0.99812272828980653 17.37362987710247 275.50000000000006 802.50000000000011 346.50000000000006 864.55000000000007 -0.9159756150367534 0.00033305545728413044 0.00046004000000000005 66.900869362354712 -0.12940952255126037 4.0905476595123662e-06
decision_type=2 2 2 2 2 2 2 2 2 2 2 2 2 2 2 2 2 2 2 2 2 2 2 2 2 2 2 2 2 2
left_child=2 13 4 14 7 -6 11 8 12 29 -8 -7 -1 24 -4 16 -16 18 23 -9 21 -19 -17 -5 25 -2 27 -15 -11 -3
right_child=1 9 3 17 5 6 10 19 -10 28 -12 -13 -14 26 15 22 -18 20 -20 -21 -22 -23 -24 -25 -26 -27 -28 -29 -30 -31
leaf_value=1.0343686910026861e-05 -1.4299374151732991e-06 -3.6376153247148206e-06 -3.3681933148597767e-07 6.6799241695613043e-06 9.0422551807023416e-07 4.3199696488550723e-06 2.3922991014539249e-06 1.3674521582692657e-05 2.0947054113291772e-06 -1.484882530418906e-06 8.8528751692116375e-06 8.1113610180553576e-06 7.9143636971583705e-06 2.8039739727226298e-06 4.1784756480640726e-06 3.8182062515964019e-06 8.0660978850433973e-06 5.2368657181753072e-06 2.8049606846991541e-06 1.0237263096231884e-05 8.0892475712208836e-06 6.454463665600036e-07 2.026390181918537e-06 9.0914996365297302e-06 5.5002115287443213e-07 2.6768800553642649e-07 -2.7880552279797984e-07 5.5723442161391949e-07 -2.7401099148391953e-06 -3.1234321240336099e-06
leaf_weight=188 125 3484 28 185 20 45 48 45 23 158 21 393 134 98 205 166 26 352 32 55 31 22 180 42 186 137 22 26 100 277
leaf_count=188 125 3484 28 185 20 45 48 45 23 158 21 393 134 98 205 166 26 352 32 55 31 22 180 42 186 137 22 26 100 277
internal_value=3.27347e-14 -2.99239e-06 6.1597e-06 4.62662e-06 8.16122e-06 7.02275e-06 7.26411e-06 9.50948e-06 8.85019e-06 -3.49521e-06 4.35856e-06 7.72183e-06 9.33273e-06 4.09729e-07 3.39743e-06 3.57865e-06 4.61604e-06 5.74658e-06 6.59223e-06 1.1784e-05 5.20579e-06 4.96678e-06 2.88605e-06 7.12612e-06 -8.87611e-08 -5.42248e-07 1.93934e-06 2.33288e-06 -1.9714e-06 -3.59975e-06
internal_weight=6854 4613 2241 1269 972 527 507 445 345 4019 69 438 322 594 605 577 231 664 259 100 405 374 346 227 448 262 146 124 258 3761
internal_count=6854 4613 2241 1269 972 527 507 445 345 4019 69 438 322 594 605 577 231 664 259 100 405 374 346 227 448 262 146 124 258 3761
is_linear=0
shrinkage=0.05


Tree=19
num_leaves=31
num_cat=0
split_feature=9 19 9 9 25 23 13 14 15 15 9 14 5 14 14 14 9 25 1 15 13 25 15 0 15 26 14 19 23 19
split_gain=4.56147e-05 2.89979e-06 2.47696e-06 7.32773e-07 6.23839e-07 3.37631e-07 2.66407e-07 2.43312e-07 4.14373e-07 3.77146e-07 2.29752e-07 1.79406e-07 2.88098e-07 1.57849e-07 3.59645e-07 1.5967e-07 1.52764e-07 1.17921e-07 1.14772e-07 8.48819e-08 8.09933e-08 7.93924e-08 7.041e-08 9.43483e-08 8.7945e-08 5.33551e-08 4.9585e-08 4.76232e-08 3.91553e-08 3.91187e-08
threshold=29.61330590851173 0.00011310000000000001 45.936293311075922 69.891865099151048 9.4271127582411913e-05 1003.5000000000001 -0.78656609248549325 0.25206111083856975 0.20812153622207724 0.063390085881955341 21.350504499154642 0.23537774960157334 17.150000000000002 0.39827038710620805 0.30164402523644185 0.77788564761185042 9.2391135044506925 0.00019247201176036439 568.50000000000011 0.11478523713130606 -0.60355339059327384 0.00078054733479616695 0.64577863604729235 610.50000000000011 -0.70900320270980455 0.00016705035150939906 0.49065764355977465 0.00021051000000000002 484.50000000000006 0.00020646000000000003
decision_type=2 2 2 2 2 2 2 2 2 2 2 2 2 2 2 2 2 2 2 2 2 2 2 2 2 2 2 2 2 2
left_child=1 16 6 4 -4 11 13 9 -9 -6 27 21 -13 14 18 26 -1 -8 -2 -17 -12 -5 24 -24 -19 -18 -15 -3 29 -22
right_child=2 10 3 5 7 -7 17 8 -10 -11 20 12 -14 15 -16 19 25 22 -20 -21 28 -23 23 -25 -26 -27 -28 -29 -30 -31
leaf_value=-3.4290215817229091e-06 6.6825846223158201e-06 -1.1766249796781845e-06 -2.2748166156816295e-06 1.0934652051002736e-05 7.8656813480111516e-06 3.8855576631562902e-06 6.831985618363229e-07 4.9355621687225841e-06 8.1339924685033067e-06 3.3727743138675019e-06 2.1366379966333094e-06 9.1446044500287368e-06 3.066621034913228e-06 9.4188059695928437e-06 -1.9209879200232652e-06 6.3769240493153734e-06 -2.3833051407585757e-06 3.8917295476440594e-06 3.6041311378129447e-06 3.1224922457683947e-06 2.4628522200585178e-06 7.9607440196783645e-06 2.9091983701187801e-06 6.9782814404918875e-06 2.4115919040364552e-06 2.4671470392994321e-07 6.7095846979850256e-06 1.7760961625103798e-07 -1.4588374235493327e-06 4.8329289300622225e-07
leaf_weight=3703 48 215 20 164 459 29 49 353 142 52 123 128 23 24 24 33 236 173 82 51 29 26 29 28 239 21 57 93 22 179
leaf_count=3703 48 215 20 164 459 29 49 353 142 52 123 128 23 24 24 33 236 173 82 51 29 26 29 28 239 21 57 93 22 179
internal_value=2.35891e-14 -2.83548e-06 5.86778e-06 7.15724e-06 6.46931e-06 9.06482e-06 3.71715e-06 6.64315e-06 5.85309e-06 7.40848e-06 2.30238e-07 9.50529e-06 8.21882e-06 4.85386e-06 3.70259e-06 5.92838e-06 -3.34721e-06 3.01713e-06 4.74079e-06 4.40102e-06 1.10098e-06 1.05277e-05 3.26098e-06 4.90805e-06 3.03311e-06 -2.1684e-06 7.51232e-06 -7.67716e-07 5.47121e-07 7.59289e-07
internal_weight=6854 4621 2233 1396 1026 370 837 1006 495 511 661 341 151 319 154 165 3960 518 130 84 353 190 469 57 412 257 81 308 230 208
internal_count=6854 4621 2233 1396 1026 370 837 1006 495 511 661 341 151 319 154 165 3960 518 130 84 353 190 469 57 412 257 81 308 230 208
is_linear=0
shrinkage=0.05


Tree=20
num_leaves=31
num_cat=0
split_feature=7 9 6 6 3 6 15 14 14 14 14 15 7 2 6 21 3 15 14 26 15 6 23 18 25 11 9 14 3 7
split_gain=4.1191e-05 3.24964e-06 1.50303e-06 9.07824e-07 5.61433e-07 4.23203e-07 2.14851e-07 2.29941e-07 1.80226e-07 3.15197e-07 2.58583e-07 1.64505e-07 1.46201e-07 1.44941e-07 1.19235e-07 1.11156e-07 1.21191e-07 1.03802e-07 1.78631e-07 8.86804e-08 7.92612e-08 7.20456e-08 6.36866e-08 3.97016e-08 5.4546e-08 3.93225e-08 3.8774e-08 3.34518e-08 2.16229e-08 2.25399e-08
threshold=65.874554419486131 42.707100052915422 9.5280000000000009e-05 0.00072669500000000008 16.350000000000005 0.00035292500000000008 -0.97111920233974802 -0.99763297024448894 0.69056404122701587 0.86113431103781346 0.91939013254733981 -0.99864786094873803 57.597462683824602 150.50000000000003 0.00020033500000000003 222.50000000000003 16.750000000000004 0.63255009372278048 0.39827038710620805 0.00040350214870999893 -0.99628250747696534 1.2825000000000002e-05 610.50000000000011 0.00024059500000000002 0.00036053285645700964 29.503125000000004 17.789569957775601 -0.7217484125045438 17.750000000000004 67.803706177906378
decision_type=2 2 2 2 2 2 2 2 2 2 2 2 2 2 2 2 2 2 2 2 2 2 2 2 2 2 2 2 2 2
left_child=1 5 21 4 -3 15 20 -8 11 -10 -11 -5 17 -13 -4 25 -17 22 -19 -18 -6 -2 -7 27 -25 -1 -23 -14 29 -16
right_child=2 3 14 8 6 12 7 -9 9 10 -12 13 23 -15 28 16 19 18 -20 -21 -22 26 -24 24 -26 -27 -28 -29 -30 -31
leaf_value=4.3521652934220492e-06 -3.2815835717179547e-06 -2.0395182549360803e-06 -1.1433329197293081e-06 4.8476300617039679e-06 6.2938249863678075e-06 3.8375691616573769e-06 9.6269171128944053e-06 5.6630951463275078e-06 2.1770274374662052e-06 1.3349720939004328e-05 6.8363637176993569e-06 6.4763140899766077e-06 1.5747961181446184e-06 9.9557987156003949e-06 2.141807072651621e-06 -2.6351576445029841e-06 5.168393997571645e-07 2.9143453784941953e-06 6.7277997424450111e-06 3.4981168937520126e-06 9.2731762728922509e-06 -2.6784649090661901e-06 2.1209436651508225e-06 2.2405121927836581e-06 -8.6832341193734288e-07 1.6743164495052882e-06 -5.1460196136655545e-07 3.5688158534255843e-06 8.1478830900039161e-08 3.8759532746088883e-07
leaf_weight=29 3524 22 255 20 34 263 38 984 27 20 64 34 33 250 30 26 148 52 75 30 65 351 68 43 21 26 22 58 195 47
leaf_count=29 3524 22 255 20 34 263 38 984 27 20 64 34 33 250 30 26 148 52 75 30 65 351 68 43 21 26 22 58 195 47
internal_value=-3.90726e-16 5.23002e-06 -2.87273e-06 6.59794e-06 5.87068e-06 2.78597e-06 6.02592e-06 5.81048e-06 8.60096e-06 6.87659e-06 8.38716e-06 9.23058e-06 3.50196e-06 9.53924e-06 -3.66585e-07 1.09138e-06 5.53537e-07 3.95117e-06 5.16639e-06 1.0193e-06 8.24996e-06 -3.21164e-06 3.48491e-06 2.17462e-06 1.22043e-06 3.08627e-06 -2.55084e-06 2.84571e-06 3.61616e-07 1.07105e-06
internal_weight=6854 2430 4424 1558 1143 872 1121 1022 415 111 84 304 613 284 527 259 204 458 127 178 99 3897 331 155 64 55 373 91 272 77
internal_count=6854 2430 4424 1558 1143 872 1121 1022 415 111 84 304 613 284 527 259 204 458 127 178 99 3897 331 155 64 55 373 91 272 77
is_linear=0
shrinkage=0.05


Tree=21
num_leaves=31
num_cat=0
split_feature=7 9 6 3 6 6 4 20 21 9 12 23 19 14 6 6 7 14 15 15 23 2 6 17 9 3 3 26 2 24
split_gain=3.71749e-05 2.9346e-06 1.35648e-06 8.11719e-07 6.48931e-07 4.75652e-07 2.51032e-07 3.02485e-07 2.71506e-07 1.8189e-07 1.71109e-07 1.5088e-07 1.42255e-07 1.30726e-07 1.26368e-07 1.07609e-07 1.04925e-07 1.04711e-07 9.59354e-08 1.11172e-07 8.95538e-08 8.29154e-08 6.50211e-08 4.62998e-08 3.49935e-08 1.95147e-08 2.17249e-08 1.68884e-08 1.73783e-08 1.58958e-08
threshold=65.874554419486131 45.936293311075922 9.5280000000000009e-05 16.350000000000005 0.00072669500000000008 0.0003588550000000001 1.5000000000000002 0.00073564000000000019 919.50000000000011 36.760986357844594 1.0000000180025095e-35 610.50000000000011 0.0004180600000000001 -0.93273441465163176 0.00082834000000000011 0.00020033500000000003 57.597462683824602 -0.98523971305672675 0.91936090643431534 0.50555750738881688 665.50000000000011 124.50000000000001 1.2825000000000002e-05 0.93321880212088348 17.789569957775601 17.750000000000004 15.950000000000001 0.00019234990703749941 88.500000000000014 1.4740000000000003e-05
decision_type=2 2 2 2 2 2 2 2 2 2 2 2 2 2 2 2 2 2 2 2 2 2 2 2 2 2 2 2 2 2
left_child=1 5 22 -3 6 10 7 -5 -8 11 18 16 -6 17 -14 27 -7 -11 19 -1 -15 23 -2 -12 -24 26 -17 28 -4 -27
right_child=2 3 15 4 12 9 8 -9 -10 13 21 -13 14 20 -16 25 -18 -19 -20 -21 -22 -23 24 -25 -26 29 -28 -29 -30 -31
leaf_value=4.3171175175006207e-07 -3.1175045388892935e-06 -2.8514743027462037e-06 -9.1499837013668999e-07 6.2912892406952558e-06 4.1668983249110171e-06 3.8500416114245599e-06 5.6496758935805598e-06 1.0129853852401628e-05 2.2044333953807893e-06 4.3811907587574942e-06 9.3637521256795255e-07 -6.9345641285118687e-07 8.2088932713406429e-06 5.2417729672417689e-06 1.1357099413414421e-05 1.44263089095074e-07 2.083632790292547e-06 1.67784571658558e-07 -2.3795594494493762e-06 4.384283756735386e-06 3.168465676742816e-06 5.8814139958398994e-06 -2.5445416653440946e-06 3.7478136808507167e-06 -4.8887189142926051e-07 -1.2579531278333889e-06 1.8252474905011697e-06 1.4804154398007086e-07 -1.8389959176614101e-06 2.300172261300304e-07
leaf_weight=161 3524 23 154 298 20 204 537 62 64 29 32 28 357 247 35 37 143 30 26 20 66 21 351 27 22 20 40 25 76 175
leaf_count=161 3524 23 154 298 20 204 537 62 64 29 32 28 357 247 35 37 143 30 26 20 66 21 351 27 22 20 40 25 76 175
internal_value=-7.86853e-14 4.96852e-06 -2.72909e-06 6.46393e-06 6.61998e-06 2.94958e-06 5.90824e-06 6.95238e-06 5.28279e-06 3.61429e-06 1.21947e-06 2.8372e-06 8.28012e-06 4.39765e-06 8.48998e-06 -3.48256e-07 3.1221e-06 2.23878e-06 4.60496e-07 8.6846e-07 4.80459e-06 3.18331e-06 -3.05106e-06 2.22297e-06 -2.4233e-06 3.43535e-07 1.0175e-06 -1.08617e-06 -1.22032e-06 7.74049e-08
internal_weight=6854 2430 4424 1396 1373 1034 961 360 601 747 287 375 412 372 392 527 347 59 207 181 313 80 3897 59 373 272 77 255 230 195
internal_count=6854 2430 4424 1396 1373 1034 961 360 601 747 287 375 412 372 392 527 347 59 207 181 313 80 3897 59 373 272 77 255 230 195
is_linear=0
shrinkage=0.05


Tree=22
num_leaves=31
num_cat=0
split_feature=9 6 6 9 15 14 3 8 14 6 23 6 9 3 6 23 25 3 9 15 0 15 17 22 20 6 18 25 11 6
split_gain=3.35277e-05 2.157e-06 1.86791e-06 5.46316e-07 3.51925e-07 4.43523e-07 3.03029e-07 2.42236e-07 2.41195e-07 2.06565e-07 1.9281e-07 1.70764e-07 1.65105e-07 2.00773e-07 1.51153e-07 1.47258e-07 1.46408e-07 1.38301e-07 1.05147e-07 1.03102e-07 9.21557e-08 8.58364e-08 6.37053e-08 5.83904e-08 5.21687e-08 4.64934e-08 3.98667e-08 3.14231e-08 2.62813e-08 2.43366e-08
threshold=29.61330590851173 0.00013498000000000001 0.00064320000000000013 42.707100052915422 0.011826144619637555 0.97696484778429815 16.650000000000002 208.0148055152325 0.25206111083856975 0.00069797500000000009 1003.5000000000001 0.00034038000000000004 67.294547757043986 20.850000000000005 0.00025601000000000004 738.50000000000011 4.7423395539371875e-05 22.250000000000004 32.54419964145265 -0.13398942717002907 432.50000000000006 0.63255009372278048 0.96593365067163883 775.50000000000011 0.00020991000000000003 0.00033561499999999999 0.00025205000000000003 0.00013848318683183441 31.656250000000004 1.5405000000000002e-05
decision_type=2 2 2 2 2 2 2 2 2 2 2 2 2 2 2 2 2 2 2 2 2 2 2 2 2 2 2 2 2 2
left_child=1 16 3 11 10 9 -5 15 -9 17 12 20 19 -14 27 -8 29 -6 26 -4 -2 -20 -22 -11 -18 -16 -13 -3 -27 -1
right_child=2 14 4 6 5 -7 7 8 -10 23 -12 18 13 -15 25 -17 24 -19 21 -21 22 -23 -24 -25 -26 28 -28 -29 -30 -31
leaf_value=-2.9601005319535111e-06 3.5535171028706308e-06 -9.6313555970189795e-07 6.4616973062174957e-06 -1.2009654716393926e-06 6.4695495555684048e-06 -1.6773136614436067e-06 5.2793195058913831e-06 5.5268958271881275e-06 2.8087038937302838e-06 6.599260361673216e-06 2.6732917484921583e-06 3.0795811974826394e-06 1.2574594739607375e-05 7.9881059655784567e-06 7.4134041724102743e-07 7.4638657502469468e-06 -1.8260832210980231e-06 2.310404927467927e-06 3.1504225659822842e-06 9.1051169051968912e-06 -6.3026934139227301e-07 4.6825842407849728e-06 2.5222868003993429e-06 1.0175609641009943e-05 7.0685631944007079e-07 2.6386807835568061e-06 1.0847810284615921e-06 1.7758286862740789e-09 6.4690870906567654e-07 -2.4506496373872785e-06
leaf_weight=3549 28 135 303 20 39 23 270 150 179 21 21 40 26 290 174 108 175 41 333 42 59 126 22 25 23 67 67 225 22 251
leaf_count=3549 28 135 303 20 39 23 270 150 179 21 21 40 26 290 174 108 175 41 333 42 59 126 22 25 23 67 67 225 22 251
internal_value=8.37955e-15 -2.43095e-06 5.03064e-06 3.9173e-06 6.90899e-06 4.70762e-06 4.86835e-06 5.04004e-06 4.048e-06 5.87312e-06 7.38994e-06 2.89298e-06 7.53979e-06 8.36548e-06 3.05607e-07 5.90348e-06 -2.85738e-06 4.33799e-06 3.24198e-06 6.7835e-06 1.08076e-06 3.57102e-06 2.2598e-07 8.54293e-06 -1.53185e-06 1.21679e-06 1.8305e-06 -3.60066e-07 2.14633e-06 -2.92645e-06
internal_weight=6854 4621 2233 1402 831 149 727 707 329 126 682 675 661 316 623 378 3998 80 566 345 109 459 81 46 198 263 107 360 89 3800
internal_count=6854 4621 2233 1402 831 149 727 707 329 126 682 675 661 316 623 378 3998 80 566 345 109 459 81 46 198 263 107 360 89 3800
is_linear=0
shrinkage=0.05


Tree=23
num_leaves=31
num_cat=0
split_feature=9 6 6 9 15 15 8 15 25 2 6 23 16 21 6 23 6 25 20 17 9 0 15 15 17 20 6 18 25 17
split_gain=3.02587e-05 1.94669e-06 1.68579e-06 4.9305e-07 3.17612e-07 3.31974e-07 2.5998e-07 2.41669e-07 2.11717e-07 2.06417e-07 1.79783e-07 1.74011e-07 2.06214e-07 1.85893e-07 1.54115e-07 1.47724e-07 1.36415e-07 1.32133e-07 1.2506e-07 9.61102e-08 9.48949e-08 8.31705e-08 8.02386e-08 7.74673e-08 5.7494e-08 4.70823e-08 4.19603e-08 3.59797e-08 2.83593e-08 2.40184e-08
threshold=29.61330590851173 0.00013498000000000001 0.00064320000000000013 42.707100052915422 0.011826144619637555 0.20812153622207724 199.22693375577848 -0.97111920233974802 0.0005997891692007053 191.50000000000003 0.00065943000000000002 1003.5000000000001 964.80000000000007 883.50000000000011 0.00034038000000000004 935.50000000000011 0.00025601000000000004 4.7423395539371875e-05 0.00033057000000000003 0.97696709146076988 32.54419964145265 432.50000000000006 -0.85674049181790024 0.63255009372278048 0.96593365067163883 0.00020991000000000003 0.00033561499999999999 0.00025205000000000003 0.00013848318683183441 0.96957575321767064
decision_type=2 2 2 2 2 2 2 2 2 2 2 2 2 2 2 2 2 2 2 2 2 2 2 2 2 2 2 2 2 2
left_child=1 17 3 14 11 9 18 -8 -9 -6 -7 12 15 -14 21 -4 28 -1 -5 -12 27 -2 -20 -22 -23 -19 -18 -16 -3 -30
right_child=2 16 4 6 5 10 7 8 -10 -11 19 -13 13 -15 20 -17 26 25 22 -21 23 24 -24 -25 -26 -27 -28 -29 29 -31
leaf_value=-2.7801275005781704e-06 3.3758412575579656e-06 -9.14978782931173e-07 6.7618168780418763e-06 8.3762898533937662e-06 4.4817223533755167e-06 2.4531412076679841e-06 7.5137972970651392e-06 3.7161145877611361e-06 -2.7114597080733141e-08 -2.4636933900361011e-06 6.061569982307447e-06 2.5396269847988154e-06 9.9256470750058844e-06 6.9849232266491483e-06 2.9256020943080334e-06 2.647201849200705e-06 7.0427339552948964e-07 -1.734779053890634e-06 6.6161662777664816e-06 9.9005010270047933e-06 2.9929014549492522e-06 -5.9875586522771229e-07 4.8171841868553883e-06 4.4484550348969943e-06 2.3961724547337908e-06 6.7151352042223467e-07 2.0390160350949716e-06 1.030541982888294e-06 -2.5301836180173273e-07 1.0494523833544505e-06
leaf_weight=3800 28 135 423 35 20 27 36 267 44 23 56 21 106 109 40 23 174 175 81 23 333 59 264 126 22 23 89 67 181 44
leaf_count=3800 28 135 423 35 20 27 36 267 44 23 56 21 106 109 40 23 174 175 81 23 333 59 264 126 22 23 89 67 181 44
internal_value=-1.38127e-14 -2.3094e-06 4.77911e-06 3.72143e-06 6.56354e-06 4.47224e-06 4.62493e-06 3.63546e-06 3.18653e-06 7.66733e-07 5.97542e-06 7.02044e-06 7.1628e-06 8.43477e-06 2.74833e-06 6.54963e-06 2.90327e-07 -2.71451e-06 5.52846e-06 7.17923e-06 3.07988e-06 1.02672e-06 5.23955e-06 3.39247e-06 2.14681e-07 -1.45526e-06 1.15595e-06 1.73898e-06 -3.42063e-07 1.68703e-09
internal_weight=6854 4621 2233 1402 831 149 727 347 311 43 106 682 661 215 675 446 623 3998 380 79 566 109 345 459 81 198 263 107 360 225
internal_count=6854 4621 2233 1402 831 149 727 347 311 43 106 682 661 215 675 446 623 3998 380 79 566 109 345 459 81 198 263 107 360 225
is_linear=0
shrinkage=0.05


Tree=24
num_leaves=31
num_cat=0
split_feature=7 9 9 9 25 7 23 4 18 12 5 21 15 7 22 19 15 15 15 16 26 0 18 26 11 19 24 21 15 15
split_gain=2.73339e-05 2.16999e-06 9.73618e-07 4.85768e-07 4.9432e-07 2.92709e-07 2.44132e-07 1.89211e-07 2.36177e-07 1.50136e-07 1.39212e-07 2.78782e-07 1.34256e-07 1.12595e-07 1.00183e-07 9.88258e-08 8.6716e-08 2.94845e-07 1.8781e-07 7.38168e-08 6.08593e-08 5.59522e-08 5.36172e-08 5.24398e-08 4.9989e-08 3.54176e-08 3.1524e-08 3.00937e-08 2.49114e-08 2.24897e-08
threshold=65.874554419486131 45.936293311075922 11.543568592140199 69.891865099151048 9.4271127582411913e-05 57.597462683824602 1003.5000000000001 1.0000000180025095e-35 0.00044682000000000006 -0.5 17.550000000000004 883.50000000000011 -0.12545862287572049 72.425688617615464 997.50000000000011 0.00022202500000000002 0.91936090643431534 0.95499258812111987 0.63255009372278048 511.92500000000007 0.00034800319734417084 521.50000000000011 2.0765000000000005e-05 0.0002773340812399127 30.178125000000005 2.2385000000000003e-05 0.00026256663434149117 116.00000000000001 0.64577863604729235 -0.67801649466304881
decision_type=2 2 2 2 2 2 2 2 2 2 2 2 2 2 2 2 2 2 2 2 2 2 2 2 2 2 2 2 2 2
left_child=1 5 25 4 -3 9 10 12 -9 15 14 -12 -6 24 -5 -1 18 -18 -11 26 -17 -21 -15 -23 -4 -2 27 -7 29 -26
right_child=2 3 13 6 7 19 -8 8 -10 16 11 -13 -14 22 -16 20 17 -19 -20 21 -22 23 -24 -25 28 -27 -28 -29 -30 -31
leaf_value=-4.0030648765680113e-07 -2.6686053549361915e-06 -2.797422949498696e-06 6.6201589083602619e-07 8.1514151375367213e-06 5.5423581903003289e-06 1.8052246708826532e-06 2.6953808314985887e-06 2.7276948369434673e-06 5.1277818551324533e-06 3.3781904005622944e-06 8.876933461579029e-06 5.2854494470011559e-07 7.9792787189181126e-06 -5.3686871107232549e-07 5.1502661016632872e-06 3.5661500300250282e-06 -2.9043885774626689e-06 4.933084340639956e-06 6.1317131041960239e-06 -3.5837670221316003e-07 2.0351678038398834e-06 3.7183013614594533e-06 -2.0473730871877228e-06 3.1282503020800223e-07 -1.7942689157570242e-07 -2.0325400123096184e-06 6.0312094630004338e-07 3.3884856548400247e-06 9.4458882150168705e-07 -1.4807142759920567e-06
leaf_weight=31 3605 20 194 270 187 112 29 123 615 263 20 20 81 118 31 100 20 30 81 88 185 20 117 26 69 233 37 41 24 64
leaf_count=31 3605 20 194 270 187 112 29 123 615 263 20 20 81 118 31 100 20 30 81 88 185 20 117 26 69 233 37 41 24 64
internal_value=1.91587e-14 4.26043e-06 -2.34015e-06 5.54635e-06 4.98624e-06 2.52431e-06 7.0995e-06 5.14099e-06 4.72777e-06 3.0926e-06 7.47405e-06 4.70274e-06 6.27889e-06 -4.41874e-07 7.84233e-06 2.28073e-06 3.74375e-06 1.7981e-06 4.02655e-06 1.27898e-06 2.57235e-06 3.80316e-07 -1.28891e-06 1.79347e-06 1.25228e-07 -2.62999e-06 1.91278e-06 2.2295e-06 -5.38064e-07 -8.0561e-07
internal_weight=6854 2430 4424 1396 1026 1034 370 1006 738 710 341 40 268 586 301 316 394 50 344 324 285 134 235 46 351 3838 190 153 157 133
internal_count=6854 2430 4424 1396 1026 1034 370 1006 738 710 341 40 268 586 301 316 394 50 344 324 285 134 235 46 351 3838 190 153 157 133
is_linear=0
shrinkage=0.05


Tree=25
num_leaves=31
num_cat=0
split_feature=7 7 6 3 6 6 20 26 14 26 14 7 14 6 8 3 4 8 1 9 11 18 18 25 1 9 23 18 14 26
split_gain=2.46689e-05 1.96393e-06 9.05466e-07 6.90134e-07 5.61582e-07 2.23414e-07 1.82801e-07 2.95055e-07 1.969e-07 1.15055e-07 3.43841e-07 1.05096e-07 9.9905e-08 7.25167e-08 6.65215e-08 6.29574e-08 6.0368e-08 9.0323e-08 4.87642e-08 4.4979e-08 4.23548e-08 4.13926e-08 3.03425e-08 2.97352e-08 2.79971e-08 2.51076e-08 1.68688e-08 1.51329e-08 1.23534e-08 1.22979e-08
threshold=65.874554419486131 48.124701618148528 9.5280000000000009e-05 16.350000000000005 0.00072669500000000008 0.00033227000000000007 0.00073564000000000019 0.00063049318500310234 -0.99763297024448894 0.00076955878311510157 1.0000000180025095e-35 57.597462683824602 0.69056404122701587 0.00020033500000000003 189.834976005085 16.750000000000004 4.5000000000000009 156.46377666392053 845.45000000000016 5.0173166676857939 38.537500000000009 0.00024059500000000002 0.00020676000000000003 0.00036452091079059763 497.60000000000008 17.789569957775601 404.50000000000006 2.2285000000000004e-05 0.36648264796514479 0.00019234990703749941
decision_type=2 2 2 2 2 2 2 2 2 2 2 2 2 2 2 2 2 2 2 2 2 2 2 2 2 2 2 2 2 2
left_child=1 3 19 -1 6 14 8 -8 -5 12 -11 16 -6 29 24 -16 18 -18 -7 -2 -17 22 -13 -23 -3 -21 27 -15 -29 -4
right_child=2 5 13 4 9 11 7 -9 -10 10 -12 21 -14 26 15 20 17 -19 -20 25 -22 23 -24 -25 -26 -27 -28 28 -30 -31
leaf_value=-2.5649697261479594e-06 -2.5422768811596391e-06 3.7214089434201012e-06 -9.982072242781008e-07 7.9324385248918072e-06 7.6486313701166771e-06 3.3360810945737288e-06 1.5859582642211274e-06 7.2483151122236627e-06 4.262516221335324e-06 7.8195785476964371e-06 -5.3761111757921758e-07 1.6804818303970287e-06 5.805613010495806e-06 -7.6022326140900991e-07 -2.3884022712514881e-06 1.4117311749422307e-06 3.4624685293054083e-06 1.6108725703657576e-06 5.643149052048102e-06 -2.0716040951085434e-06 -3.4698197372454707e-07 1.2810991849633982e-06 3.536575524864724e-06 -8.9580476664455744e-07 1.2532206196906542e-06 -3.3177313877207452e-07 -8.0795514129990381e-07 1.6602319570904127e-07 9.2150024918761403e-07 1.6946910636761461e-07
leaf_weight=29 3514 20 230 38 257 151 28 129 957 32 20 76 103 24 21 70 126 138 27 361 67 62 31 21 27 22 31 103 114 25
leaf_count=29 3514 20 230 38 257 151 28 129 957 32 20 76 103 24 21 70 126 138 27 361 67 62 31 21 27 22 31 103 114 25
internal_value=-4.15948e-14 4.04741e-06 -2.22315e-06 5.07776e-06 5.21947e-06 2.08642e-06 4.65286e-06 6.23847e-06 4.40267e-06 6.80376e-06 4.60527e-06 2.55166e-06 7.12132e-06 -2.77972e-07 6.52108e-07 1.60867e-07 2.9744e-06 2.49459e-06 3.68603e-06 -2.4862e-06 5.51631e-07 1.56825e-06 2.21823e-06 7.30316e-07 2.30351e-06 -1.97167e-06 2.89924e-07 4.31145e-07 5.6291e-07 -8.83729e-07
internal_weight=6854 2430 4424 1593 1564 837 1152 157 995 412 52 632 360 527 205 158 442 264 178 3897 137 190 107 83 47 383 272 241 217 255
internal_count=6854 2430 4424 1593 1564 837 1152 157 995 412 52 632 360 527 205 158 442 264 178 3897 137 190 107 83 47 383 272 241 217 255
is_linear=0
shrinkage=0.05


Tree=26
num_leaves=31
num_cat=0
split_feature=7 9 6 3 6 6 14 21 15 15 14 14 15 24 12 19 6 19 17 3 15 2 6 6 17 20 23 24 17 5
split_gain=2.22636e-05 1.77583e-06 8.17183e-07 5.93242e-07 4.11406e-07 2.87562e-07 2.00761e-07 3.11555e-07 2.86438e-07 1.33139e-07 1.49555e-07 1.83179e-07 1.41151e-07 2.508e-07 1.21883e-07 1.16408e-07 1.02591e-07 9.02581e-08 8.26947e-08 8.134e-08 8.16798e-08 7.0063e-08 6.54464e-08 4.07134e-08 3.94312e-08 2.28645e-08 1.5224e-08 1.58396e-08 1.10545e-08 9.82954e-09
threshold=65.874554419486131 45.936293311075922 9.5280000000000009e-05 16.350000000000005 0.00072669500000000008 0.0003588550000000001 0.25206111083856975 788.50000000000011 0.063390085881955341 0.63255009372278048 0.39827038710620805 0.28519915169571858 0.16587474750015932 0.00042641087903882915 1.0000000180025095e-35 0.0004180600000000001 0.00082834000000000011 0.0005485100000000001 0.91378412153910782 16.450000000000003 0.91936090643431534 124.50000000000001 0.00020033500000000003 1.2825000000000002e-05 0.93321880212088348 0.00015324000000000002 404.50000000000006 1.4076008416253892e-05 0.95909703164898275 11.850000000000003
decision_type=2 2 2 2 2 2 2 2 2 2 2 2 2 2 2 2 2 2 2 2 2 2 2 2 2 2 2 2 2 2
left_child=1 5 23 -3 6 14 8 -8 -5 12 11 -11 17 -14 19 -6 -17 -7 -12 -1 -21 24 28 -2 -16 -25 27 -24 -4 -29
right_child=2 3 22 4 15 9 7 -9 -10 10 18 -13 13 -15 21 16 -18 -19 -20 20 -22 -23 26 25 -26 -27 -28 29 -30 -31
leaf_value=-2.6610293605786173e-06 -2.4144656558942791e-06 -2.9553791216091235e-06 -9.7730529792888174e-07 5.7478268594597834e-06 2.7427436417504227e-06 2.494436012966617e-06 4.9342729587073478e-06 2.3654407077001767e-06 1.9110534992705654e-06 3.7357061194407565e-06 3.7602290297082256e-06 -1.9613948357540982e-06 2.4406402502563652e-06 -2.7190661993310123e-06 5.166089923847039e-07 6.4001450492575677e-06 9.2367571414797574e-06 4.5982930473810026e-06 6.2086607784803458e-06 1.0153331829940621e-06 -2.1675888502692902e-06 5.0669131182768892e-06 -5.5770889401982358e-07 -1.9631442890677926e-06 3.1111430450470869e-06 -3.014918826755258e-07 -7.6755740660554432e-07 3.1647754735349039e-07 -5.2845684562821829e-08 1.0352825999765021e-06
leaf_weight=21 3524 23 217 421 20 375 282 203 55 43 83 21 72 35 32 357 35 59 59 163 23 21 36 351 27 22 31 130 38 75
leaf_count=21 3524 23 217 421 20 375 282 203 55 43 83 21 72 35 32 357 35 59 59 163 23 21 36 351 27 22 31 130 38 75
internal_value=-1.55864e-14 3.84504e-06 -2.11199e-06 5.00832e-06 5.14172e-06 2.2745e-06 4.57502e-06 3.85907e-06 5.3045e-06 2.79134e-06 3.87309e-06 1.86634e-06 2.37943e-06 7.52886e-07 9.29271e-07 6.46358e-06 6.65341e-06 2.78044e-06 4.77754e-06 2.88711e-07 6.21746e-07 2.58672e-06 -2.64074e-07 -2.36189e-06 1.70394e-06 -1.86514e-06 2.75428e-07 4.09588e-07 -8.39543e-07 5.79455e-07
internal_weight=6854 2430 4424 1396 1373 1034 961 485 476 747 206 64 541 107 287 412 392 434 142 207 186 80 527 3897 59 373 272 241 255 205
internal_count=6854 2430 4424 1396 1373 1034 961 485 476 747 206 64 541 107 287 412 392 434 142 207 186 80 527 3897 59 373 272 241 255 205
is_linear=0
shrinkage=0.05


Tree=27
num_leaves=31
num_cat=0
split_feature=7 7 6 3 6 21 15 6 7 23 16 7 6 24 8 23 0 11 3 9 8 25 0 15 3 3 20 25 24 5
split_gain=2.00929e-05 1.60798e-06 7.37508e-07 5.67064e-07 4.67163e-07 2.02766e-07 3.30711e-07 1.84854e-07 1.6303e-07 1.39679e-07 1.90326e-07 1.04046e-07 5.90653e-08 5.44058e-08 5.0942e-08 5.12451e-08 5.00588e-08 4.60424e-08 5.83461e-08 5.59668e-08 4.17493e-08 3.74682e-08 2.65678e-08 2.07887e-08 1.44729e-08 2.07585e-08 1.3398e-08 1.23874e-08 1.12536e-08 1.56787e-08
threshold=65.874554419486131 48.124701618148528 9.5280000000000009e-05 16.450000000000003 0.00067396000000000003 742.50000000000011 -0.42179730054635828 0.00032419000000000008 36.203379934883934 1003.5000000000001 964.80000000000007 57.597462683824602 0.00020033500000000003 0.00026256663434149117 277.62636869872119 658.50000000000011 471.50000000000006 38.537500000000009 16.750000000000004 32.013370755761891 277.62636869872119 4.7423395539371875e-05 340.50000000000006 -0.23537842981696178 17.750000000000004 15.950000000000001 0.00015021500000000004 1.0127600831006199e-06 1.4740000000000003e-05 11.550000000000002
decision_type=2 2 2 2 2 2 2 2 2 2 2 2 2 2 2 2 2 2 2 2 2 2 2 2 2 2 2 2 2 2
left_child=1 3 21 -1 5 8 -7 17 -5 10 -6 14 -4 22 15 -9 -15 18 -3 -20 23 27 -13 -19 25 -14 -23 -2 -26 -30
right_child=2 7 12 4 9 6 -8 11 -10 -11 -12 13 24 16 -16 -17 -18 20 19 -21 -22 26 -24 -25 28 -27 -28 -29 29 -31
leaf_value=-2.0036760830066671e-06 -2.2987593698900209e-06 -8.3001260842744776e-07 -7.9756555903608011e-07 6.1646460478379181e-06 5.2731498802370837e-06 4.4064238919496317e-06 1.4874966873742258e-06 3.0082393423509465e-06 4.1063078833988931e-06 1.708478590617666e-06 7.1244117047980236e-06 1.5912115512274675e-06 -1.1528849399469068e-08 -1.8727839598601088e-06 6.8335189725671789e-07 8.9508301595830536e-07 1.1170426438140913e-06 -2.4989510759200055e-06 1.0481972625157514e-06 3.9772554460103579e-06 1.0957054278151191e-06 -1.592614127316614e-06 3.487688660574019e-06 -2.9481416731869102e-07 -1.0911069296071219e-06 1.6316421229056744e-06 -1.6044708559093126e-07 -1.984909197700005e-06 -1.8531460325953762e-07 8.0786128048457354e-07
leaf_weight=32 3442 30 255 130 444 221 173 385 370 21 202 115 37 21 29 31 42 23 73 21 25 89 22 20 20 40 20 346 114 61
leaf_count=32 3442 30 255 130 444 221 173 385 370 21 202 115 37 21 29 31 42 23 73 21 25 89 22 20 20 40 20 346 114 61
internal_value=-3.86442e-14 3.65279e-06 -2.00639e-06 4.5851e-06 4.72017e-06 3.97304e-06 3.12476e-06 1.87838e-06 4.64148e-06 5.72157e-06 5.85203e-06 2.28379e-06 -2.5087e-07 1.33653e-06 2.70952e-06 2.85077e-06 1.20434e-07 5.16463e-07 1.08984e-06 1.70256e-06 -5.29111e-07 -2.24379e-06 1.89576e-06 -1.47377e-06 2.61657e-07 8.42066e-07 -1.32983e-06 -2.27009e-06 3.24694e-08 1.60878e-07
internal_weight=6854 2430 4424 1593 1561 894 394 837 500 667 646 645 527 200 445 416 63 192 124 94 68 3897 137 43 272 77 109 3788 195 175
internal_count=6854 2430 4424 1593 1561 894 394 837 500 667 646 645 527 200 445 416 63 192 124 94 68 3897 137 43 272 77 109 3788 195 175
is_linear=0
shrinkage=0.05


Tree=28
num_leaves=31
num_cat=0
split_feature=7 7 6 3 6 2 8 11 6 14 14 15 7 14 11 17 6 9 24 8 17 0 25 0 23 24 20 25 0 17
split_gain=1.81339e-05 1.45121e-06 6.65601e-07 5.11993e-07 4.26566e-07 1.88356e-07 2.34564e-07 1.76528e-07 1.6683e-07 1.32392e-07 5.5746e-07 1.68203e-07 9.39017e-08 6.56757e-08 7.02521e-08 9.80308e-08 5.33065e-08 4.96083e-08 4.91012e-08 4.59752e-08 5.45237e-08 4.5178e-08 3.3815e-08 2.39774e-08 1.35123e-08 1.25582e-08 1.20917e-08 1.11797e-08 1.07149e-08 9.97668e-09
threshold=65.874554419486131 48.124701618148528 9.5280000000000009e-05 16.350000000000005 0.00067396000000000003 252.50000000000003 177.62144833771274 46.081250000000004 0.00032419000000000008 0.25206111083856975 0.55656748448714433 -0.99864786094873803 57.597462683824602 0.98049069993378934 38.537500000000009 0.96593365067163883 0.00020033500000000003 27.956847400617225 0.00026256663434149117 277.62636869872119 0.97629675412161909 471.50000000000006 4.7423395539371875e-05 340.50000000000006 412.50000000000006 1.4076008416253892e-05 0.00015021500000000004 1.0127600831006199e-06 176.50000000000003 0.95909703164898275
decision_type=2 2 2 2 2 2 2 2 2 2 2 2 2 2 2 2 2 2 2 2 2 2 2 2 2 2 2 2 2 2
left_child=1 3 22 -1 5 6 -5 -7 13 11 -11 -6 19 14 17 -16 29 -3 23 20 -10 -20 27 -14 25 -18 -24 -2 -27 -4
right_child=2 8 16 4 9 7 -8 -9 12 10 -12 -13 18 -15 15 -17 24 -19 21 -21 -22 -23 26 -25 -26 28 -28 -29 -30 -31
leaf_value=-2.2269974202760658e-06 -2.1838214310452583e-06 6.5732294832773818e-07 -8.8856176119958028e-07 4.3583797662199229e-06 1.9763541464120258e-06 4.670987217214863e-06 2.6363298034165232e-06 9.6212307455615434e-06 2.4507599121237411e-06 -4.9257266229890077e-07 5.5861865325384468e-06 6.2976032364680924e-06 1.5116509681407751e-06 -2.0799630791853736e-06 -2.2117191750541882e-06 1.6240859856276486e-06 -5.167334077466674e-07 2.8645613091928523e-06 -1.7791447592550131e-06 6.4918431313532804e-07 3.9808686271923325e-06 1.0611905557717754e-06 -1.5129834030738475e-06 3.3133042713664261e-06 -1.0023651475421502e-06 8.6772514361434719e-07 -1.5242473864418573e-07 -1.8856637393714217e-06 1.6192682967394614e-07 -1.0325114742140852e-08
leaf_weight=29 3442 57 217 397 24 83 394 23 346 45 233 365 115 22 36 31 36 46 21 29 70 42 89 22 20 101 20 346 115 38
leaf_count=29 3442 57 217 397 24 83 394 23 346 45 233 365 115 22 36 31 36 46 21 29 70 42 89 22 20 101 20 346 115 38
internal_value=-5.21566e-14 3.47015e-06 -1.90607e-06 4.35585e-06 4.47791e-06 3.76585e-06 3.50062e-06 5.7451e-06 1.78446e-06 5.43549e-06 4.60221e-06 6.031e-06 2.1696e-06 4.9064e-07 8.23306e-07 -4.36944e-07 -2.38327e-07 1.64308e-06 1.2697e-06 2.57405e-06 2.70823e-06 1.14412e-07 -2.1316e-06 1.80097e-06 2.48574e-07 3.47855e-07 -1.26334e-06 -2.15659e-06 4.91953e-07 -7.57687e-07
internal_weight=6854 2430 4424 1593 1564 897 791 106 837 667 278 389 645 192 170 67 527 103 200 445 416 63 3897 137 272 252 109 3788 216 255
internal_count=6854 2430 4424 1593 1564 897 791 106 837 667 278 389 645 192 170 67 527 103 200 445 416 63 3897 137 272 252 109 3788 216 255
is_linear=0
shrinkage=0.05


Tree=29
num_leaves=31
num_cat=0
split_feature=9 7 6 3 6 2 4 23 6 15 15 7 4 21 15 14 14 12 14 20 18 15 25 14 2 25 23 2 21 25
split_gain=1.63694e-05 1.35121e-06 5.69115e-07 4.64239e-07 3.85748e-07 1.84576e-07 2.05797e-07 2.04082e-07 1.62008e-07 1.00275e-07 1.103e-07 7.22896e-08 5.1005e-08 7.19916e-08 6.73415e-08 4.94888e-08 4.93261e-08 1.05307e-07 9.9044e-08 4.45275e-08 3.33706e-08 2.84961e-08 2.8453e-08 2.33803e-08 1.93441e-08 1.68553e-08 1.65266e-08 2.28961e-08 2.07461e-08 1.38748e-08
threshold=23.780797127930814 48.124701618148528 9.5280000000000009e-05 16.450000000000003 0.00072669500000000008 252.50000000000003 1.0000000180025095e-35 816.50000000000011 0.00033227000000000007 -0.99864786094873803 -0.72102888505294738 57.597462683824602 4.5000000000000009 582.50000000000011 0.64577863604729235 0.98049069993378934 0.39036257410962044 -0.9159756150367534 0.25206111083856975 0.00024357 0.00024059500000000002 0.61913436964878354 4.7423395539371875e-05 -0.7217484125045438 86.500000000000014 0.0001532075884313231 346.50000000000006 97.500000000000014 11.500000000000002 0.00018961261375805366
decision_type=2 2 2 2 2 2 2 2 2 2 2 2 2 2 2 2 2 2 2 2 2 2 2 2 2 2 2 2 2 2
left_child=2 3 22 -2 5 6 -5 -7 15 -6 -11 12 14 -14 -10 16 18 -18 -3 25 23 -22 -1 -13 29 -4 28 -28 -27 -21
right_child=1 8 19 4 9 7 -8 -9 11 10 -12 20 13 -15 -16 -17 17 -19 -20 24 21 -23 -24 -25 -26 26 27 -29 -30 -31
leaf_value=-2.0506691007615621e-06 -1.8234998407251625e-06 8.9270901639793018e-07 -7.7795506948112008e-07 4.6244322738640784e-06 2.1194619762354704e-06 4.0025757069837282e-06 3.0804115081183779e-06 7.979267673400378e-06 2.5475508188112802e-06 6.4382401186927998e-06 4.7283615059958599e-06 9.3990010586716136e-07 2.5717184610322752e-06 8.1514416361360109e-07 4.8380342724114944e-06 -1.6317225923027463e-06 5.7156643457599041e-07 4.9174400237461671e-06 -2.5510401857130863e-06 1.111248590060031e-06 -2.7458505928260973e-07 1.6014777151797586e-06 -1.2201003943989734e-06 2.4382119590882215e-06 1.6635764976150137e-06 -3.0672299198286625e-07 -2.0701815919838261e-06 -7.0746739825692612e-08 1.2422045587472158e-06 -2.2074995087513945e-07
leaf_weight=3787 32 106 237 312 20 85 700 52 136 234 158 43 177 87 42 24 46 20 26 29 48 35 106 66 31 52 21 45 37 60
leaf_count=3787 32 106 237 312 20 85 700 52 136 234 158 43 177 87 42 24 46 20 26 29 48 35 106 66 31 52 21 45 37 60
internal_value=1.58172e-14 3.27713e-06 -1.82195e-06 4.13805e-06 4.26026e-06 3.7896e-06 3.55643e-06 5.51198e-06 1.67496e-06 5.57286e-06 5.74905e-06 2.082e-06 2.43388e-06 1.99285e-06 3.088e-06 5.12521e-07 7.72429e-07 1.8885e-06 2.14395e-07 -2.54822e-07 1.27192e-06 5.16526e-07 -2.02805e-06 1.84713e-06 5.87934e-07 -5.12808e-07 -1.0739e-07 -7.06931e-07 3.37213e-07 2.13272e-07
internal_weight=6854 2449 4405 1593 1561 1149 1012 137 856 412 392 634 442 264 178 222 198 66 132 512 192 83 3893 109 120 392 155 66 89 89
internal_count=6854 2449 4405 1593 1561 1149 1012 137 856 412 392 634 442 264 178 222 198 66 132 512 192 83 3893 109 120 392 155 66 89 89
is_linear=0
shrinkage=0.05


Tree=30
num_leaves=31
num_cat=0
split_feature=7 7 6 15 3 14 14 14 15 3 26 6 8 7 14 3 5 15 4 24 15 6 24 0 3 7 0 7 3 3
split_gain=1.47698e-05 1.18212e-06 5.41975e-07 4.32383e-07 3.3531e-07 3.00411e-07 9.85246e-07 3.08945e-07 2.2126e-07 3.78732e-07 2.59392e-07 1.3646e-07 8.41571e-08 7.67688e-08 5.41704e-08 5.38157e-08 5.55088e-08 4.68728e-08 4.40423e-08 7.09615e-08 6.07757e-08 4.36917e-08 4.16525e-08 4.06202e-08 3.60188e-08 2.89512e-08 2.08679e-08 1.6305e-08 1.26061e-08 1.88172e-08
threshold=65.874554419486131 48.124701618148528 9.5280000000000009e-05 -0.72102888505294738 16.350000000000005 0.55656748448714433 0.51297097409535064 0.23537774960157334 -0.6523320455745395 24.150000000000002 0.00061271849382225462 0.00032419000000000008 112.41973461483481 57.597462683824602 0.98049069993378934 23.650000000000002 8.3500000000000032 0.91936090643431534 4.5000000000000009 0.0004711290317216831 0.64577863604729235 0.00020033500000000003 0.00026256663434149117 471.50000000000006 21.750000000000004 85.185329238880655 340.50000000000006 72.425688617615464 17.750000000000004 15.15
decision_type=2 2 2 2 2 2 2 2 2 2 2 2 2 2 2 2 2 2 2 2 2 2 2 2 2 2 2 2 2 2
left_child=1 3 25 5 -5 6 7 -1 9 -6 -10 14 -7 18 15 17 -17 -3 20 -20 -13 -4 26 -24 -14 27 -15 -2 29 -23
right_child=2 11 21 4 8 12 -8 -9 10 -11 -12 13 24 22 -16 16 -18 -19 19 -21 -22 28 23 -25 -26 -27 -28 -29 -30 -31
leaf_value=5.6344696872622235e-06 -2.2410892657005564e-07 1.8726202470814885e-06 -6.8548909878000267e-07 -2.0244725827320382e-06 -3.292429764911731e-06 5.3038574378661003e-06 -6.0540947954125712e-06 2.743005209837799e-06 3.1009029811644353e-06 3.8229803431022445e-06 4.998191639035005e-06 2.4201732838392753e-06 7.9519503352847608e-06 1.3644305398508511e-06 -1.894378818499056e-06 1.5851782596395686e-06 -1.6179586962930682e-06 -8.0073327808349863e-07 2.4182619260289985e-06 5.8942586252196142e-07 4.5961325852095761e-06 -2.6679958539586679e-07 -1.7145345244292305e-06 9.7871610938411688e-07 1.0655468775605023e-05 -1.9692332119546646e-06 3.0452054860771489e-06 -1.5963520269958032e-06 1.1618260088014792e-08 1.3580584525675593e-06
leaf_weight=413 23 91 255 29 32 20 21 119 608 45 256 136 28 115 22 21 38 20 194 73 42 28 21 42 22 3506 22 368 195 49
leaf_count=413 23 91 255 29 32 20 21 119 608 45 256 136 28 115 22 21 38 20 194 73 42 28 21 42 22 3506 22 368 195 49
internal_value=-4.19412e-14 3.13177e-06 -1.72021e-06 3.93115e-06 3.27098e-06 4.95902e-06 4.56839e-06 4.98769e-06 3.43418e-06 8.65927e-07 3.66306e-06 1.61037e-06 8.04503e-06 1.95869e-06 4.40228e-07 7.42353e-07 -4.77859e-07 1.39093e-06 2.32439e-06 1.91824e-06 2.9336e-06 -2.15294e-07 1.14502e-06 8.09659e-08 9.1415e-06 -1.92372e-06 1.63434e-06 -1.51563e-06 2.25515e-07 7.67201e-07
internal_weight=6854 2430 4424 1593 970 623 553 532 941 77 864 837 70 645 192 170 59 111 445 267 178 527 200 63 50 3897 137 391 272 77
internal_count=6854 2430 4424 1593 970 623 553 532 941 77 864 837 70 645 192 170 59 111 445 267 178 527 200 63 50 3897 137 391 272 77
is_linear=0
shrinkage=0.05


Tree=31
num_leaves=31
num_cat=0
split_feature=9 9 6 3 6 6 14 21 15 15 14 14 1 26 14 8 11 15 15 15 17 6 17 25 8 20 14 5 9 15
split_gain=1.3336e-05 1.10949e-06 4.63144e-07 3.69606e-07 2.68469e-07 1.81646e-07 1.4973e-07 2.62756e-07 2.48125e-07 1.12675e-07 1.27379e-07 1.66207e-07 1.20806e-07 1.01079e-07 2.84993e-07 9.05421e-08 7.30315e-08 7.13737e-08 6.78954e-08 8.45769e-08 6.47656e-08 5.7653e-08 4.17026e-08 4.15391e-08 2.80613e-08 2.40217e-08 1.84215e-08 1.4633e-08 1.35109e-08 1.21283e-08
threshold=23.780797127930814 45.936293311075922 0.00013114500000000002 16.350000000000005 0.00072669500000000008 0.0003588550000000001 0.25206111083856975 788.50000000000011 0.063390085881955341 0.63255009372278048 0.39827038710620805 0.28519915169571858 816.45000000000016 0.00076955878311510157 1.0000000180025095e-35 175.08733390921239 48.571875000000013 0.16587474750015932 0.91936090643431534 0.24164313636530552 0.92189084955981004 0.00024059500000000002 0.83832139413142326 4.7423395539371875e-05 85.440378866772235 0.00029738000000000003 0.46800856592688472 9.0500000000000025 17.789569957775601 0.63255009372278048
decision_type=2 2 2 2 2 2 2 2 2 2 2 2 2 2 2 2 2 2 2 2 2 2 2 2 2 2 2 2 2 2
left_child=2 5 23 -3 6 15 8 -8 -5 12 11 -11 17 16 -15 21 -6 -7 19 -17 -12 -2 -23 -1 26 29 27 -4 -25 -26
right_child=1 3 24 4 13 9 7 -9 -10 10 20 -13 -14 14 -16 18 -18 -19 -20 -21 -22 22 -24 28 25 -27 -28 -29 -30 -31
leaf_value=-1.8485860673253663e-06 4.4447345050002695e-06 -2.4036778204785863e-06 -6.8581345579222024e-07 4.5723334119308117e-06 4.2431766197686175e-06 2.2451209651844321e-06 3.8988537321555495e-06 1.5397648656002939e-06 1.0013640313776375e-06 3.0706457894581926e-06 3.1449130946118992e-06 -2.3561150642524897e-06 -1.2075655469345749e-06 5.921052138546657e-06 -1.6874413479683881e-06 -6.0796284731691831e-08 5.8099696792512495e-06 7.3160427819611118e-07 -2.2270326055079818e-06 2.450841958666705e-06 5.3398311087625599e-06 3.0733135665049428e-06 4.1328749420045361e-07 -1.2693508903341115e-06 -6.6735038425187644e-07 1.1823499136198735e-06 1.4220963723856563e-06 7.0701686099219145e-07 -1.3352431693647304e-07 4.7550814400322899e-08
leaf_weight=3796 20 23 33 421 105 413 282 203 55 43 89 21 32 32 20 152 255 96 26 43 54 23 41 144 208 24 41 44 32 83
leaf_count=3796 20 23 33 421 105 413 282 203 55 43 89 21 32 32 20 152 255 96 26 43 54 23 41 144 208 24 41 44 32 83
internal_value=-1.16251e-14 2.95794e-06 -1.64449e-06 3.88223e-06 3.98753e-06 1.73258e-06 3.52974e-06 2.91144e-06 4.15972e-06 2.15192e-06 3.144e-06 1.28999e-06 1.77232e-06 5.05534e-06 2.99471e-06 7.04157e-07 5.35299e-06 1.95966e-06 1.73042e-07 4.93052e-07 3.97376e-06 2.1015e-06 1.36923e-06 -1.81377e-06 -9.16926e-08 -3.3805e-07 5.65956e-07 1.1009e-07 -1.06284e-06 -4.63444e-07
internal_weight=6854 2449 4405 1396 1373 1053 961 485 476 748 207 64 541 412 52 305 360 509 221 195 143 84 64 3972 433 315 118 77 176 291
internal_count=6854 2449 4405 1396 1373 1053 961 485 476 748 207 64 541 412 52 305 360 509 221 195 143 84 64 3972 433 315 118 77 176 291
is_linear=0
shrinkage=0.05


Tree=32
num_leaves=31
num_cat=0
split_feature=7 7 7 14 15 15 3 14 14 22 19 7 14 14 17 22 1 4 9 27 14 6 14 20 21 8 14 8 14 15
split_gain=1.20484e-05 8.71158e-07 6.87379e-07 2.82027e-07 2.55302e-07 3.23541e-07 3.965e-07 2.5373e-07 3.20055e-07 4.12212e-07 1.4775e-07 1.2282e-07 1.20897e-07 2.97357e-07 1.23337e-07 1.06738e-07 1.05271e-07 8.8976e-08 8.59749e-08 8.13968e-08 8.00152e-08 7.74545e-08 7.10002e-08 6.57305e-08 5.63781e-08 4.69025e-08 3.88902e-08 3.65704e-08 3.15301e-08 2.98016e-08
threshold=59.191004711427631 72.425688617615464 36.203379934883934 0.69056404122701587 0.20812153622207724 0.011826144619637555 20.850000000000005 0.55656748448714433 0.43733377705052551 923.50000000000011 0.00049266000000000012 23.086161877889456 -0.95754239937548935 -0.98214942551678475 0.99713837927718252 775.50000000000011 864.55000000000007 1.5000000000000002 36.760986357844594 0.50000000000000011 0.52766072109828632 9.5280000000000009e-05 0.94978112945126536 0.00064763000000000006 172.50000000000003 236.17242991056216 0.39036257410962044 122.3589582766211 0.28519915169571858 0.36647099799968202
decision_type=2 2 2 2 2 2 2 2 2 2 2 2 2 2 2 2 2 2 2 2 2 2 2 2 2 2 2 2 2 2
left_child=2 25 3 7 5 6 -5 8 11 -10 15 -1 13 17 16 18 -14 -12 24 -20 -16 -3 -6 -9 -4 26 28 29 -2 -28
right_child=1 21 10 4 22 -7 -8 23 9 -11 12 -13 14 -15 20 -17 -18 -19 19 -21 -22 -23 -24 -25 -26 -27 27 -29 -30 -31
leaf_value=5.4544732976690934e-06 4.8875811735140272e-07 -1.74535037339119e-06 2.2909400726979476e-06 6.3482320691914691e-06 4.4846868299238715e-06 -2.3364803904341364e-06 1.6564233321073623e-06 5.8464453559281541e-06 5.1142531127368336e-06 -5.0372470843740311e-06 5.314441062654186e-06 3.9791984112300323e-06 3.0183686936831927e-06 -2.7142050168832256e-06 2.5632350332757814e-06 -1.5278586524800631e-06 5.3680132940877783e-06 1.5174156250926293e-06 4.5121262989379254e-06 2.0933100165244327e-06 -1.8557598757951155e-06 -7.3390087091504954e-07 8.3610901648561197e-06 9.5469675458540842e-06 8.4707195264541932e-07 -1.3295284222496978e-07 1.2731056109613646e-06 2.5668294285650766e-06 -1.5833136482494109e-06 -7.0985920122742146e-07
leaf_weight=264 146 3874 98 61 27 34 172 20 20 20 27 303 474 33 21 25 53 36 44 166 20 199 21 30 218 270 90 43 21 24
leaf_count=264 146 3874 98 61 27 34 172 20 20 20 27 303 474 33 21 25 53 36 44 166 20 199 21 30 218 270 90 43 21 24
internal_value=-5.3449e-14 -1.43506e-06 3.06237e-06 4.05343e-06 2.82342e-06 2.21988e-06 2.88475e-06 4.64316e-06 4.36115e-06 3.8503e-08 2.26952e-06 4.6661e-06 2.7718e-06 1.13071e-06 3.04916e-06 1.66425e-06 3.25467e-06 3.14471e-06 1.81596e-06 2.60011e-06 4.07628e-07 -1.69593e-06 6.18061e-06 8.06676e-06 1.29485e-06 3.53751e-07 7.59338e-07 1.32431e-06 2.28198e-07 8.55639e-07
internal_weight=6854 4667 2187 972 315 267 233 657 607 40 1215 567 664 96 568 551 527 63 526 210 41 4073 48 50 316 594 324 157 167 114
internal_count=6854 4667 2187 972 315 267 233 657 607 40 1215 567 664 96 568 551 527 63 526 210 41 4073 48 50 316 594 324 157 167 114
is_linear=0
shrinkage=0.05


Tree=33
num_leaves=31
num_cat=0
split_feature=7 7 7 15 21 15 3 26 9 20 19 22 4 8 8 15 26 22 26 15 22 26 26 17 15 17 8 15 2 15
split_gain=1.08737e-05 7.8622e-07 6.2036e-07 2.42501e-07 2.81768e-07 3.41736e-07 2.54825e-07 1.55263e-07 1.57958e-07 1.47662e-07 1.35686e-07 1.25378e-07 1.08529e-07 1.04768e-07 9.27111e-08 1.13588e-07 1.0942e-07 1.06373e-07 8.83507e-08 1.3647e-07 1.02526e-07 8.48859e-08 7.4253e-08 5.61581e-08 5.55907e-08 5.90444e-08 4.23295e-08 4.0119e-08 3.45419e-08 2.76831e-08
threshold=59.191004711427631 72.425688617615464 36.203379934883934 -0.42179730054635828 751.50000000000011 -0.36648370705903521 21.850000000000005 0.00079444517052480344 63.382570314188264 0.00071752000000000014 0.0005485100000000001 761.50000000000011 55.500000000000007 263.46639042655517 227.95824175762192 -0.96687281075841669 0.00050683434353190383 781.50000000000011 0.00059671911253290368 0.28313308994381586 632.50000000000011 0.00039081062986754002 5.1697601086767813e-05 0.96593365067163883 0.93842613001991437 0.99713837927718252 236.17242991056216 -0.26037106507032781 90.500000000000014 -0.96687281075841669
decision_type=2 2 2 2 2 2 2 2 2 2 2 2 2 2 2 2 2 2 2 2 2 2 2 2 2 2 2 2 2 2
left_child=2 26 3 7 9 -6 -7 8 13 21 14 -10 -11 -1 16 -16 23 -17 24 20 -20 -5 -3 -4 25 -12 -2 -18 -24 -28
right_child=1 22 10 4 5 6 -8 -9 11 12 18 -13 -14 -15 15 17 27 -19 19 -21 -22 -23 28 -25 -26 -27 29 -29 -30 -31
leaf_value=3.8225414770117236e-06 7.2137149959579286e-07 -1.6656125466181907e-06 1.5735940830868208e-06 7.7926147999581498e-06 -4.7339690354419872e-06 -2.2221312166139901e-06 3.2086702682826638e-06 2.6393618410028552e-07 7.7109876764595909e-06 4.1651519495644607e-06 3.412550681106732e-06 4.8274637111110572e-06 -8.6007114803232117e-07 1.1609475093012276e-07 3.7442484407771794e-06 1.0352053799655229e-06 2.1359310449042823e-06 -2.6611792496363966e-06 2.2896306086295226e-06 4.3861932278394475e-06 -2.472103300568471e-06 4.4419852623362341e-06 -3.9156602439658986e-07 3.2668340800151108e-06 5.2380555189301962e-07 1.1700861589858392e-06 1.3056875902492383e-06 4.785615021773993e-06 -1.6801357617936987e-06 -3.0530430406313276e-07
leaf_weight=207 324 3824 288 24 21 27 108 22 42 22 355 368 21 21 36 266 20 21 20 22 26 89 175 59 20 32 30 50 74 240
leaf_count=207 324 3824 288 24 21 27 108 22 42 22 355 368 21 21 36 266 20 21 20 22 26 89 175 59 20 32 30 50 74 240
internal_value=1.41063e-14 -1.3633e-06 2.90925e-06 3.85076e-06 2.70211e-06 1.19952e-06 2.12251e-06 4.39376e-06 4.53616e-06 4.20469e-06 2.15605e-06 5.12285e-06 1.71097e-06 3.48116e-06 1.73272e-06 1.09682e-06 2.22527e-06 7.64738e-07 2.81555e-06 1.14727e-06 -4.01784e-07 5.15362e-06 -1.61114e-06 1.86149e-06 3.09429e-06 3.22713e-06 3.36064e-07 4.02856e-06 -7.74514e-07 -1.26305e-07
internal_weight=6854 4667 2187 972 312 156 135 660 638 156 1215 410 43 228 740 323 417 287 475 68 46 113 4073 347 407 387 594 70 249 270
internal_count=6854 4667 2187 972 312 156 135 660 638 156 1215 410 43 228 740 323 417 287 475 68 46 113 4073 347 407 387 594 70 249 270
is_linear=0
shrinkage=0.05


Tree=34
num_leaves=31
num_cat=0
split_feature=9 9 25 3 9 25 19 13 21 26 2 17 25 2 25 15 17 1 22 3 26 9 22 8 2 19 2 2 25 21
split_gain=9.82092e-06 8.2799e-07 3.3425e-07 3.0806e-07 2.0502e-07 1.64961e-07 1.79179e-07 1.35469e-07 1.11909e-07 1.7196e-07 7.34072e-08 1.06967e-07 6.39118e-08 6.2288e-08 6.1947e-08 5.16927e-08 4.98788e-08 6.15347e-08 4.86208e-08 4.70767e-08 5.60812e-08 4.20353e-08 4.13275e-08 3.34417e-08 2.42027e-08 2.0421e-08 1.71696e-08 1.60057e-08 1.30995e-08 1.06055e-08
threshold=23.780797127930814 45.936293311075922 5.2688459978959382e-05 16.350000000000005 75.837502636043652 9.4271127582411913e-05 0.00021762000000000002 -0.78656609248549325 886.50000000000011 0.00076328470760311112 151.50000000000003 0.96703963858831787 0.00050481185993998335 140.50000000000003 0.00024601619323277418 0.63255009372278048 0.99845780339954082 845.45000000000016 471.50000000000006 16.450000000000003 0.00038005420715115181 17.789569957775601 928.50000000000011 242.68116907034181 101.50000000000001 0.00020016000000000004 90.500000000000014 86.500000000000014 4.0905476595123662e-06 582.50000000000011
decision_type=2 2 2 2 2 2 2 2 2 2 2 2 2 2 2 2 2 2 2 2 2 2 2 2 2 2 2 2 2 2
left_child=2 7 28 -3 5 -5 -7 10 22 -10 11 13 18 -2 19 -13 17 -16 -12 -9 -21 26 -6 25 -25 -23 -4 -27 -1 -26
right_child=1 3 21 4 8 6 -8 14 9 -11 12 15 -14 -15 16 -17 -18 -19 -20 20 -22 23 -24 24 29 27 -28 -29 -30 -31
leaf_value=-1.6088605561365583e-06 1.5077829530605848e-06 -2.4019105081685628e-06 -5.299510895522183e-07 -1.289258793804038e-06 7.7666308968941057e-06 7.1048711773376759e-06 3.1913733882815606e-06 -1.8396602933495637e-06 5.2835970319830711e-06 3.9357508864089719e-08 3.0187888845440676e-06 2.1809496998188976e-06 1.4311505704730128e-06 -1.4549603451996519e-06 1.345468251291593e-06 5.0243406349181898e-06 -5.0054457005899173e-07 3.8001917346264236e-06 5.5622431271603672e-06 1.4337318066033899e-07 2.6544327949051408e-06 1.9745184263662113e-06 5.4677505461412423e-06 -1.6011404335059572e-06 -4.9526959079972622e-07 6.2161037782794258e-08 -1.4857646093679294e-06 1.1901491557522129e-06 -1.2871381574021291e-06 6.9406673078290246e-07
leaf_weight=3484 157 23 194 20 34 30 1167 23 54 22 42 33 30 20 469 31 34 27 34 126 27 21 46 38 53 135 62 41 348 29
leaf_count=3484 157 23 194 20 34 30 1167 23 54 22 42 33 30 20 469 31 34 27 34 126 27 21 46 38 53 135 62 41 348 29
internal_value=6.65833e-15 2.53836e-06 -1.41122e-06 3.33683e-06 3.43296e-06 3.21421e-06 3.28946e-06 1.47979e-06 5.1395e-06 3.76553e-06 2.28873e-06 1.80643e-06 3.38528e-06 1.17301e-06 1.0822e-06 3.55822e-06 1.3521e-06 1.47909e-06 4.15665e-06 2.69446e-07 5.86501e-07 -2.84886e-07 6.44477e-06 9.99623e-08 -5.58039e-07 5.00775e-07 -7.61437e-07 3.24931e-07 -1.57964e-06 -7.46506e-08
internal_weight=6854 2449 4405 1396 1373 1217 1197 1053 156 76 347 241 106 177 706 64 530 496 76 176 153 573 80 317 120 197 256 176 3832 82
internal_count=6854 2449 4405 1396 1373 1217 1197 1053 156 76 347 241 106 177 706 64 530 496 76 176 153 573 80 317 120 197 256 176 3832 82
is_linear=0
shrinkage=0.05


Tree=35
num_leaves=31
num_cat=0
split_feature=7 9 6 3 6 14 14 22 14 23 14 12 22 9 14 5 3 17 14 14 24 7 23 7 23 14 26 5 18 9
split_gain=8.86349e-06 7.60032e-07 2.93955e-07 2.51076e-07 1.93888e-07 1.80327e-07 2.65796e-07 2.29074e-07 2.25769e-07 2.18026e-07 1.15335e-07 9.61266e-08 8.34804e-08 7.77755e-08 7.14404e-08 6.62246e-08 6.55348e-08 6.35503e-08 5.21837e-08 1.27907e-07 3.67367e-08 2.19423e-08 2.19178e-08 1.84031e-08 1.55824e-08 1.38224e-08 1.25338e-08 1.08134e-08 8.49939e-09 1.73811e-08
threshold=66.346859947047278 50.055519368149369 9.5280000000000009e-05 16.550000000000004 0.0005435450000000002 -0.93273441465163176 0.23537774960157334 872.50000000000011 -0.96902457013955734 738.50000000000011 -0.99763297024448894 -0.5 775.50000000000011 37.974840177087664 0.39036257410962044 12.65 16.450000000000003 0.99713837927718252 -0.98523971305672675 -0.78921557292475952 0.00027401395515602673 72.425688617615464 412.50000000000006 85.185329238880655 114.50000000000001 -0.7217484125045438 4.5168161783879349e-05 11.850000000000003 0.00010323000000000001 10.065953215301457
decision_type=2 2 2 2 2 2 2 2 2 2 2 2 2 2 2 2 2 2 2 2 2 2 2 2 2 2 2 2 2 2
left_child=1 4 23 -3 11 8 15 -8 10 -10 -5 16 18 20 -15 -7 -1 -18 -6 -20 -13 22 25 28 26 -4 -23 -27 29 -2
right_child=2 3 21 5 12 6 7 -9 9 -11 -12 13 -14 14 -16 -17 17 -19 19 -21 -22 24 -24 -25 -26 27 -28 -29 -30 -31
leaf_value=-1.6143333973721904e-06 -1.1666492547949075e-06 -1.9276055612945957e-06 -7.9017433152599055e-07 6.1684709502666622e-06 5.1058528697467414e-06 4.0782063227664378e-06 3.8165990106310679e-06 1.6483714695152246e-06 -4.8421853762192768e-06 2.1339534403826593e-06 2.179667184636118e-06 1.5635011603446887e-06 -1.3651956157479651e-07 1.8712443587081536e-06 4.4176961591801963e-06 5.2975696101049452e-06 1.0343994842748781e-06 -1.2407536528922775e-06 -8.483648489345797e-07 2.8694623656813368e-06 2.6603078140396977e-08 -1.4952379701970218e-06 -1.4659004209120627e-06 -1.5275391435089982e-06 -1.3831455645743064e-06 6.0239126187177521e-08 -1.77313036542337e-07 7.4912933722766188e-07 -1.3700730831725147e-06 6.0582450671702379e-08
leaf_weight=28 131 22 33 24 22 269 294 208 21 24 74 286 27 71 45 190 439 33 25 310 45 21 22 3506 50 165 128 87 217 37
leaf_count=28 131 22 33 24 22 269 294 208 21 24 74 286 27 71 45 190 439 33 25 310 45 21 22 3506 50 165 128 87 217 37
internal_value=-1.32559e-14 2.40534e-06 -1.34408e-06 3.36144e-06 1.5965e-06 3.46683e-06 3.71334e-06 2.91821e-06 1.81026e-06 -1.12158e-06 3.15652e-06 1.21222e-06 2.54418e-06 1.745e-06 2.85909e-06 4.58295e-06 7.3591e-07 8.75332e-07 2.74693e-06 2.59201e-06 1.35456e-06 -2.10406e-07 5.46845e-08 -1.49151e-06 -6.19364e-07 1.72063e-07 -3.63061e-07 2.9807e-07 -1.16336e-06 -8.96366e-07
internal_weight=6854 2457 4397 1126 1331 1104 961 502 143 45 98 947 384 447 116 459 500 472 357 335 331 506 307 3891 199 285 149 252 385 168
internal_count=6854 2457 4397 1126 1331 1104 961 502 143 45 98 947 384 447 116 459 500 472 357 335 331 506 307 3891 199 285 149 252 385 168
is_linear=0
shrinkage=0.05


Tree=36
num_leaves=31
num_cat=0
split_feature=9 25 6 9 14 15 14 3 15 14 14 12 3 2 2 19 9 15 23 26 15 17 1 16 18 6 14 26 5 16
split_gain=8.00708e-06 5.16059e-07 4.99305e-07 1.62967e-07 1.58225e-07 5.56371e-07 2.33559e-07 1.51396e-07 1.47699e-07 1.67892e-07 1.48249e-07 1.25089e-07 1.48017e-07 1.37609e-07 1.03968e-07 1.03867e-07 4.46988e-08 4.44898e-08 3.79274e-08 3.44987e-08 2.65886e-08 2.3343e-08 2.16269e-08 1.7062e-08 1.70805e-08 1.63435e-08 1.17299e-08 1.08008e-08 9.5503e-09 8.99963e-09
threshold=29.61330590851173 9.0807517930669042e-05 0.00064320000000000013 72.858984939691766 0.98049069993378934 -0.031174269516803289 0.9550229469509578 23.850000000000005 -0.35846086284744721 0.86113431103781346 -0.99763297024448894 -0.25881904510252113 16.450000000000003 240.50000000000003 207.50000000000003 0.00071293000000000018 21.350504499154642 -0.30982845708428081 484.50000000000006 0.00013415404328842158 -0.13398942717002907 0.83832139413142326 287.80000000000001 258.61000000000007 2.6170000000000005e-05 1.2825000000000002e-05 -0.21966676340184951 9.0807517930669042e-05 12.050000000000002 312.71500000000009
decision_type=2 2 2 2 2 2 2 2 2 2 2 2 2 2 2 2 2 2 2 2 2 2 2 2 2 2 2 2 2 2
left_child=1 19 3 11 6 -6 8 -5 9 -4 -10 12 -2 -14 15 -13 23 -16 20 25 21 -18 -22 24 28 -1 -26 -25 -3 -27
right_child=2 16 4 7 5 -7 -8 -9 10 -11 -12 14 13 -15 17 -17 18 -19 -20 -21 22 -23 -24 27 26 29 -28 -29 -30 -31
leaf_value=-1.450342640157629e-06 -2.7375227525474408e-06 -4.4083299967987635e-08 3.6400616681274958e-06 1.6876755676793648e-06 4.6779015409245752e-06 -5.3628498511154085e-06 8.2787662834632042e-06 6.8613251304698002e-06 5.8046968623178452e-06 7.4819039279342789e-06 1.5642837903399514e-06 1.8907469564699737e-06 1.1486861897690268e-06 3.2723017953014991e-06 2.422025966097863e-06 5.4729527186108977e-06 9.896058399221901e-07 4.7830314738541589e-06 -1.6131493617077554e-06 9.8322273251782419e-08 2.4978177710072881e-06 -2.5398111461245106e-07 8.4669299091899577e-07 1.65967978303123e-08 8.2684188335970875e-08 -1.0226013344877179e-06 1.6137453320135881e-06 -1.102578905509688e-06 -9.6801543797133363e-07 -1.6896073299245912e-06
leaf_weight=3524 22 88 546 26 37 22 26 31 24 30 146 556 573 88 32 21 58 53 20 38 23 108 144 29 29 354 22 84 41 59
leaf_count=3524 22 88 546 26 37 22 26 31 24 30 146 556 573 88 32 21 58 53 20 38 23 108 144 29 29 354 22 84 41 59
internal_value=8.00691e-15 -1.18799e-06 2.45843e-06 1.88282e-06 3.42957e-06 9.33893e-07 3.62031e-06 4.50141e-06 3.45795e-06 3.84016e-06 2.16293e-06 1.77184e-06 1.29712e-06 1.43141e-06 2.26162e-06 2.02112e-06 1.22716e-07 3.89418e-06 5.01637e-07 -1.401e-06 6.28651e-07 1.80525e-07 1.07409e-06 -3.33799e-07 -3.14874e-08 -1.41547e-06 7.43142e-07 -8.15357e-07 -3.37736e-07 -1.11789e-06
internal_weight=6854 4621 2233 1402 831 59 772 57 746 576 170 1345 683 661 662 577 646 85 353 3975 333 166 167 293 180 3937 51 113 129 413
internal_count=6854 4621 2233 1402 831 59 772 57 746 576 170 1345 683 661 662 577 646 85 353 3975 333 166 167 293 180 3937 51 113 129 413
is_linear=0
shrinkage=0.05


Tree=37
num_leaves=31
num_cat=0
split_feature=7 25 6 13 14 14 14 14 14 16 14 8 3 26 20 14 26 0 14 7 25 7 1 27 14 17 6 8 14 26
split_gain=7.23862e-06 5.15451e-07 4.19347e-07 2.27937e-07 1.56708e-07 3.5112e-07 1.9304e-07 2.27458e-07 1.42798e-07 3.35648e-07 2.10787e-07 1.38811e-07 1.34626e-07 1.44254e-07 1.31951e-07 1.26329e-07 1.01288e-07 2.10806e-07 9.4829e-08 8.7279e-08 6.59704e-08 4.62009e-08 3.02576e-08 3.48783e-08 3.27457e-08 3.17328e-08 2.84238e-08 1.94798e-08 1.65462e-08 1.41354e-08
threshold=59.191004711427631 9.0807517930669042e-05 0.00064320000000000013 -0.9159756150367534 0.25206111083856975 0.39036257410962044 -0.95754239937548935 -0.98523971305672675 0.98049069993378934 928.56000000000006 0.9550229469509578 226.0723933787207 28.550000000000004 0.00076955878311510157 0.00033057000000000003 0.31799963745711152 0.00063049318500310234 788.50000000000011 -0.7217484125045438 41.956277211128075 0.00053016478425068746 68.261266868369077 292.95000000000005 7.5000000000000009 0.39036257410962044 0.99557882484531046 2.2285000000000004e-05 85.440378866772235 0.1849296026015865 0.00016705035150939906
decision_type=2 2 2 2 2 2 2 2 2 2 2 2 2 2 2 2 2 2 2 2 2 2 2 2 2 2 2 2 2 2
left_child=2 26 3 14 6 15 7 -5 10 -10 12 -7 13 -4 -1 -6 17 -16 -14 -8 -18 22 28 25 -25 -24 -2 -23 -3 -28
right_child=1 21 8 4 5 11 19 -9 9 -11 -12 -13 18 -15 16 -17 20 -19 -20 -21 -22 27 23 24 -26 -27 29 -29 -30 -31
leaf_value=5.9583421569248628e-06 -1.3739380340803387e-06 4.5944533750033858e-07 3.0473658466985758e-06 2.280492500081457e-06 -5.4627860549771864e-07 2.1873788400529174e-06 4.0544236751148688e-06 -2.1508896857195411e-06 -3.218423827783462e-06 4.3513162694353019e-06 7.8648280333044779e-06 4.9149891570583611e-07 2.2048216318840528e-06 -7.0414894421615089e-07 2.6692501588757896e-06 -5.2160453849735085e-06 5.9820885575567037e-06 -1.9615112656928042e-06 4.851908055369437e-06 2.2481012717086834e-06 2.9978728558371193e-06 4.1818117521883226e-07 1.2958013982452859e-06 -8.4509921118223836e-07 4.850784893244398e-07 -7.8439047683787073e-07 -9.9582973869198922e-07 -5.2043479358659428e-07 2.1824699875818815e-06 2.5875689715348929e-07
leaf_weight=33 3606 22 503 67 30 235 89 51 27 32 26 248 42 27 201 28 31 28 174 269 46 72 110 84 103 22 348 238 38 24
leaf_count=33 3606 22 503 67 30 235 89 51 27 32 26 248 42 27 201 28 31 28 174 269 46 72 110 84 103 22 348 238 38 24
internal_value=-4.00488e-15 -1.11232e-06 2.37367e-06 1.83167e-06 1.45739e-06 8.75209e-07 2.11908e-06 3.65234e-07 3.2581e-06 8.87198e-07 3.43929e-06 1.31662e-06 3.28505e-06 2.85625e-06 2.95448e-06 -2.80065e-06 2.63054e-06 2.10304e-06 4.3372e-06 2.69716e-06 4.19931e-06 1.50281e-07 5.20575e-07 3.26822e-07 -1.12434e-07 9.49103e-07 -1.33101e-06 -3.02434e-07 1.55069e-06 -9.14889e-07
internal_weight=6854 4667 2187 1356 1017 541 476 118 831 59 772 483 746 530 339 58 306 229 216 358 77 689 379 319 187 132 3978 310 60 372
internal_count=6854 4667 2187 1356 1017 541 476 118 831 59 772 483 746 530 339 58 306 229 216 358 77 689 379 319 187 132 3978 310 60 372
is_linear=0
shrinkage=0.05


Tree=38
num_leaves=31
num_cat=0
split_feature=7 25 9 15 5 14 3 13 26 26 26 14 25 23 22 21 7 1 27 17 14 18 8 27 7 15 17 25 21 18
split_gain=6.53285e-06 4.66277e-07 3.822e-07 2.23322e-07 2.68403e-07 1.97432e-07 1.82217e-07 1.76292e-07 1.6696e-07 1.64569e-07 2.77093e-07 1.36527e-07 1.33826e-07 1.27494e-07 1.80523e-07 8.1522e-08 6.47312e-08 2.66012e-08 3.25177e-08 2.99286e-08 2.96587e-08 2.25517e-08 1.67003e-08 1.32531e-08 1.29132e-08 1.26544e-08 2.04855e-08 1.41078e-08 1.22128e-08 9.59314e-09
threshold=59.191004711427631 6.586881873569678e-05 63.382570314188264 -0.41399101439218416 15.550000000000002 -0.99940763397299126 15.550000000000002 -0.9159756150367534 0.00079444517052480344 0.0004686533491854383 0.0006865855857647597 0.95242846126021108 9.4271127582411913e-05 686.50000000000011 997.50000000000011 370.50000000000006 68.261266868369077 292.95000000000005 7.5000000000000009 0.99557882484531046 0.39036257410962044 0.00010055000000000002 91.375086174824006 81.166666666666671 85.185329238880655 0.63255009372278048 0.86863056837734609 0.00018596408660509636 6.5000000000000009 0.00015541000000000003
decision_type=2 2 2 2 2 2 2 2 2 2 2 2 2 2 2 2 2 2 2 2 2 2 2 2 2 2 2 2 2 2
left_child=2 24 5 8 9 -1 15 11 13 -5 -11 -8 -9 -4 -15 -7 17 21 19 -19 -20 -3 28 -23 29 27 -27 -24 -18 -2
right_child=1 16 3 4 -6 6 7 12 -10 10 -12 -13 -14 14 -16 -17 22 18 20 -21 -22 23 25 -25 -26 26 -28 -29 -30 -31
leaf_value=6.0431221364914176e-06 -7.5748297031394101e-07 8.9723794758356245e-08 8.0248802805726879e-06 6.3112019233813047e-06 -3.6047887471630184e-06 6.9338267989916778e-07 2.3573205622624918e-06 -2.4162069172191315e-06 -3.3962805487548893e-07 -1.7618203358438222e-06 5.6297431651078767e-06 4.8474123530699189e-06 1.6143672847294602e-06 4.2349416932052507e-06 1.3589458219563502e-07 -3.7670268841338839e-06 -4.5212998607269132e-07 1.2735047839064996e-06 -7.7370669386897029e-07 -7.4517093418597317e-07 4.8536614205392407e-07 3.0611956663051387e-06 -6.7073134572705611e-07 1.2828068030692272e-06 -1.3102184335844828e-06 -6.0075629967152921e-07 1.2246457577641031e-06 -2.0149888800088694e-06 5.4016409779599013e-07 -1.2573313282634272e-06
leaf_weight=28 194 20 20 22 22 21 436 21 22 32 21 63 1066 364 29 20 57 111 85 22 104 20 173 22 3506 51 22 22 68 190
leaf_count=28 194 20 20 22 22 21 436 21 22 32 21 63 1066 364 29 20 57 111 85 22 104 20 173 22 3506 51 22 22 68 190
internal_value=-2.27129e-14 -1.05671e-06 2.25499e-06 3.42081e-06 1.25142e-06 1.88023e-06 1.80859e-06 1.89367e-06 3.90456e-06 2.6759e-06 1.16691e-06 2.6717e-06 1.5365e-06 4.13065e-06 3.93247e-06 -1.48243e-06 6.15386e-08 5.23225e-07 3.40616e-07 9.39588e-07 -8.08835e-08 1.47162e-06 -3.89575e-07 2.12966e-06 -1.28007e-06 -6.12174e-07 -5.06351e-08 -8.22391e-07 8.7678e-08 -1.0048e-06
internal_weight=6854 4667 2187 532 97 1655 1627 1586 435 75 53 499 1087 413 393 41 777 384 322 133 189 62 393 42 3890 268 73 195 125 384
internal_count=6854 4667 2187 532 97 1655 1627 1586 435 75 53 499 1087 413 393 41 777 384 322 133 189 62 393 42 3890 268 73 195 125 384
is_linear=0
shrinkage=0.05


Tree=39
num_leaves=31
num_cat=0
split_feature=7 25 6 13 15 14 14 14 3 15 14 15 14 15 14 27 14 15 15 15 7 23 11 27 17 6 2 8 6 2
split_gain=5.8959e-06 4.20815e-07 3.49685e-07 1.8929e-07 1.62284e-07 1.382e-07 3.17147e-07 1.80448e-07 1.7843e-07 1.45219e-07 1.23812e-07 4.71101e-07 1.86149e-07 1.21958e-07 1.58081e-07 1.36566e-07 1.13775e-07 1.02432e-07 1.15179e-07 9.68165e-08 5.84199e-08 4.81734e-08 2.48718e-08 2.92031e-08 2.74864e-08 2.47878e-08 1.97711e-08 1.5072e-08 1.19411e-08 2.00689e-08
threshold=59.191004711427631 6.586881873569678e-05 0.00064320000000000013 -0.9159756150367534 -0.85674049181790024 0.25206111083856975 0.39036257410962044 -0.7217484125045438 24.650000000000002 0.20812153622207724 0.98049069993378934 -0.031174269516803289 0.9550229469509578 -0.35846086284744721 0.86113431103781346 89.166666666666671 0.31799963745711152 -0.24372464231556024 -0.41399101439218416 0.91936090643431534 68.261266868369077 374.50000000000006 23.190625000000004 7.5000000000000009 0.99557882484531046 0.00029753000000000006 85.500000000000014 91.375086174824006 2.2285000000000004e-05 118.50000000000001
decision_type=2 2 2 2 2 2 2 2 2 2 2 2 2 2 2 2 2 2 2 2 2 2 2 2 2 2 2 2 2 2
left_child=2 28 3 4 -1 7 16 8 -5 -8 12 -12 13 14 -4 -15 -7 18 -6 -19 22 -9 26 24 -24 -25 -3 -22 -2 -30
right_child=1 20 10 5 17 6 9 21 -10 -11 11 -13 -14 15 -16 -17 -18 19 -20 -21 27 -23 23 25 -26 -27 -28 -29 29 -31
leaf_value=5.947070587808412e-06 -1.2407438400040662e-06 5.0063864335925242e-07 3.1267933803700081e-06 2.2781786414765877e-06 2.5020165341831878e-06 -5.9458191818369724e-07 6.1954106707974429e-07 1.5271021553076026e-06 -6.2307102618590419e-07 2.5225194775257354e-06 4.1873782646615766e-06 -5.0519554344480804e-06 7.2774506266936298e-06 1.1276163436148819e-06 6.8546886942992081e-06 4.7977099425664962e-06 -5.0262461911643191e-06 3.298290245323331e-06 -1.6557744915659105e-06 7.8504012842965194e-07 8.3294093766994605e-08 3.1583799299815194e-06 1.2252157693483566e-06 -7.1335898523762451e-07 -7.0791241713860389e-07 4.2239761139851771e-07 2.4519908324523217e-06 -5.8156533890719295e-07 -7.8718459415107275e-07 -2.3929517348213787e-06
leaf_weight=34 3604 25 546 107 36 30 341 58 105 142 37 22 26 139 30 31 28 190 31 48 125 206 112 82 22 116 27 268 265 21
leaf_count=34 3604 25 546 107 36 30 341 58 105 142 37 22 26 139 30 31 28 190 31 48 125 206 112 82 22 116 27 268 265 21
internal_value=1.30367e-14 -1.00387e-06 2.14224e-06 1.64729e-06 2.6705e-06 1.30622e-06 7.59499e-07 1.92761e-06 8.41239e-07 1.17901e-06 2.94987e-06 7.42203e-07 3.11859e-06 2.97364e-06 3.32095e-06 1.79687e-06 -2.73401e-06 2.30525e-06 5.78262e-07 2.79142e-06 5.84617e-08 2.79999e-06 4.97064e-07 3.3781e-07 9.07837e-07 -4.79662e-08 1.51384e-06 -3.70096e-07 -1.21607e-06 -9.05091e-07
internal_weight=6854 4667 2187 1356 339 1017 541 476 212 483 831 59 772 746 576 170 58 305 67 238 777 264 384 332 134 198 52 393 3890 286
internal_count=6854 4667 2187 1356 339 1017 541 476 212 483 831 59 772 746 576 170 58 305 67 238 777 264 384 332 134 198 52 393 3890 286
is_linear=0
shrinkage=0.05


Tree=40
num_leaves=31
num_cat=0
split_feature=9 7 9 15 14 14 25 3 26 13 14 25 25 26 26 8 18 19 14 14 21 14 14 15 3 0 14 27 25 26
split_gain=5.32305e-06 4.34215e-07 2.96396e-07 1.92095e-07 2.48563e-07 1.7727e-07 1.73457e-07 1.54233e-07 1.50926e-07 1.3726e-07 1.19844e-07 1.18388e-07 1.06984e-07 1.08989e-07 3.83372e-08 2.73033e-08 2.4362e-08 2.18476e-08 3.23525e-08 3.26667e-08 2.79878e-08 2.09695e-08 2.18494e-08 4.12035e-08 1.31878e-08 9.49531e-09 7.79844e-09 5.69111e-09 5.31134e-09 3.61733e-09
threshold=32.013370755761891 72.425688617615464 63.382570314188264 -0.41399101439218416 0.94138322595482449 -0.99940763397299126 0.0005518737206568927 15.550000000000002 0.00079444517052480344 -0.9159756150367534 0.82414472752956958 9.4271127582411913e-05 0.00026862571836993958 0.00051688068973866099 5.1697601086767813e-05 236.17242991056216 2.0765000000000005e-05 0.00043997000000000003 0.39036257410962044 0.28519915169571858 26.500000000000004 -0.96235977360714686 0.25206111083856975 -0.81925291736142503 23.750000000000004 95.500000000000014 -0.78921557292475952 37.500000000000007 1.0127600831006199e-06 0.00011769523820044567
decision_type=2 2 2 2 2 2 2 2 2 2 2 2 2 2 2 2 2 2 2 2 2 2 2 2 2 2 2 2 2 2
left_child=1 15 5 8 -5 -2 -6 -7 12 10 -9 -11 -4 -14 28 17 25 18 19 -1 -20 -17 24 -24 -23 29 -18 -28 -3 -16
right_child=2 14 3 4 6 7 -8 9 -10 11 -12 -13 13 -15 16 21 26 -19 20 -21 -22 22 23 -25 -26 -27 27 -29 -30 -31
leaf_value=4.2524874808185831e-07 5.6806911678514946e-06 -1.1851099810764794e-06 7.0778772999841281e-06 -2.4363332282849695e-06 5.3510600858263554e-06 -1.5229320377182229e-06 1.3483727495137525e-07 1.9735618824738709e-06 -4.8610764183236336e-07 -2.2961514917239714e-06 3.7645947107045959e-06 1.4964746403471593e-06 5.2676495257449131e-06 3.1574534024867386e-06 -9.3375117028348209e-08 -1.2144018440365572e-06 -1.9329585405142531e-06 -1.0598637277325908e-06 1.9920483165919861e-07 -1.6699626967021599e-06 1.6069158973731523e-06 1.4885541590516485e-06 -2.4336645537914593e-06 1.6607746625741165e-09 2.4979387660550859e-07 7.5090936808062629e-07 -5.195516689898088e-07 -1.3840266189624869e-06 -9.8859587894428887e-07 -6.5765203329546143e-07
leaf_weight=163 28 3442 23 33 34 37 30 361 22 21 126 1020 76 314 77 37 23 20 52 21 110 31 20 132 70 26 45 33 382 45
leaf_count=163 28 3442 23 33 34 37 30 361 22 21 126 1020 76 314 77 37 23 20 52 21 110 31 20 132 70 26 45 33 382 45
internal_value=7.9418e-15 -9.34056e-07 2.07866e-06 3.10049e-06 1.08848e-06 1.73741e-06 2.90596e-06 1.66686e-06 3.54915e-06 1.7441e-06 2.43695e-06 1.41997e-06 3.7641e-06 3.56867e-06 -1.12634e-06 2.59775e-07 -5.25186e-07 5.46908e-07 6.39785e-07 1.86121e-07 1.15506e-06 -1.02608e-07 5.99869e-08 -3.18777e-07 6.30007e-07 -1.16626e-07 -1.12387e-06 -8.85291e-07 -1.16548e-06 -3.0151e-07
internal_weight=6854 4729 2125 532 97 1593 64 1565 435 1528 487 1041 413 390 4073 656 249 366 346 184 162 290 253 152 101 148 101 78 3824 122
internal_count=6854 4729 2125 532 97 1593 64 1565 435 1528 487 1041 413 390 4073 656 249 366 346 184 162 290 253 152 101 148 101 78 3824 122
is_linear=0
shrinkage=0.05


Tree=41
num_leaves=31
num_cat=0
split_feature=9 9 9 14 25 14 14 3 26 13 14 25 25 22 26 15 9 24 2 21 25 18 9 14 17 17 1 21 14 25
split_gain=4.80405e-06 3.90327e-07 2.67498e-07 1.76898e-07 3.03521e-07 2.23168e-07 1.59986e-07 1.39195e-07 1.32717e-07 1.23877e-07 1.09857e-07 1.06845e-07 9.97934e-08 1.04974e-07 3.66437e-08 2.62174e-08 2.84136e-08 2.75874e-08 4.70594e-08 2.519e-08 2.27132e-08 1.95127e-08 1.8463e-08 1.68823e-08 1.54986e-08 1.27452e-08 1.0765e-08 8.47432e-09 8.13353e-09 4.79348e-09
threshold=32.013370755761891 17.789569957775601 63.382570314188264 0.90892735371523092 0.0005518737206568927 0.97875492728876534 -0.99940763397299126 15.550000000000002 0.00079444517052480344 -0.9159756150367534 0.95242846126021108 9.4271127582411913e-05 0.00026862571836993958 993.50000000000011 5.1697601086767813e-05 0.63255009372278048 27.956847400617225 0.00017003000123605422 101.50000000000001 702.50000000000011 0.00027736151098101651 2.0765000000000005e-05 22.600450247204428 0.39827038710620805 0.9575154343897978 0.87119475168288318 495.50000000000006 2.5000000000000004 -0.78921557292475952 1.0127600831006199e-06
decision_type=2 2 2 2 2 2 2 2 2 2 2 2 2 2 2 2 2 2 2 2 2 2 2 2 2 2 2 2 2 2
left_child=1 14 6 8 -5 -6 -2 -8 12 10 -9 -11 -4 -14 29 17 23 20 22 -20 24 27 -19 -17 -3 -25 -22 -16 -23 -1
right_child=2 15 3 4 5 -7 7 9 -10 11 -12 -13 13 -15 21 16 -18 18 19 -21 26 28 -24 25 -26 -27 -28 -29 -30 -31
leaf_value=-1.1258544911849821e-06 5.396656524681021e-06 3.6773491370092487e-08 6.7239834290534336e-06 4.064159151852978e-06 -5.9692988929782591e-06 1.3283687043109571e-06 -1.446785436938454e-06 2.0256300554730416e-06 -4.6180216279687809e-07 -2.1813438511994069e-06 4.263299757757711e-06 1.4216508971486102e-06 3.5922075466461774e-06 7.993159127832965e-07 -2.6798162147226883e-07 -4.5478595467329797e-07 2.2000722253778803e-06 -7.646491633295228e-07 -1.3031281733963311e-07 1.654935377101455e-06 1.7783215196232049e-06 -1.8363105958176516e-06 -2.7506898686236914e-06 2.6695590818867239e-07 1.4160141307639279e-06 1.8201762241005783e-06 4.862017485046872e-07 8.381469666574048e-07 -7.7645182489133652e-07 -9.3916608316993804e-07
leaf_weight=3442 28 178 23 37 20 22 37 424 22 21 63 1020 371 37 129 32 32 25 194 22 40 23 22 28 23 25 27 20 85 382
leaf_count=3442 28 178 23 37 20 22 37 424 22 21 63 1020 371 37 129 32 32 25 194 22 40 23 22 28 23 25 27 20 85 382
internal_value=2.44136e-15 -8.87353e-07 1.97473e-06 2.94547e-06 7.62177e-07 -2.14671e-06 1.65054e-06 1.58351e-06 3.32622e-06 1.65689e-06 2.3151e-06 1.34897e-06 3.51957e-06 3.33893e-06 -1.06836e-06 2.52622e-07 9.30157e-07 1.03335e-07 -2.6047e-07 5.1518e-08 4.60352e-07 -4.90429e-07 -1.69429e-06 4.52071e-07 1.94597e-07 9.99607e-07 1.25762e-06 -1.19508e-07 -1.00216e-06 -1.10721e-06
internal_weight=6854 4729 2125 532 79 42 1593 1565 453 1528 487 1041 431 408 4081 648 117 531 263 216 268 257 47 85 201 53 67 149 108 3824
internal_count=6854 4729 2125 532 79 42 1593 1565 453 1528 487 1041 431 408 4081 648 117 531 263 216 268 257 47 85 201 53 67 149 108 3824
is_linear=0
shrinkage=0.05


Tree=42
num_leaves=31
num_cat=0
split_feature=7 7 15 14 14 15 3 3 14 3 3 6 14 6 14 11 17 26 11 14 27 14 2 9 9 0 15 6 9 17
split_gain=4.33869e-06 4.0798e-07 2.25398e-07 2.65015e-07 7.65351e-07 2.05209e-07 3.06228e-07 3.29262e-07 1.87855e-07 1.76571e-07 2.49246e-07 1.42584e-07 6.80476e-08 5.91164e-08 4.14898e-08 4.38528e-08 5.3959e-08 3.79169e-08 9.37481e-08 5.32543e-08 5.90067e-08 5.6168e-08 5.13221e-08 3.46972e-08 9.67293e-09 1.72351e-08 2.48638e-08 1.57832e-08 1.34322e-08 8.80175e-09
threshold=66.346859947047278 48.124701618148528 -0.72102888505294738 0.55656748448714433 0.51297097409535064 -0.6523320455745395 24.150000000000002 31.650000000000002 0.23537774960157334 16.450000000000003 23.250000000000004 9.5280000000000009e-05 0.62587949062545845 0.00032419000000000008 0.98049069993378934 38.537500000000009 0.96593365067163883 0.00045477677173186981 34.065625000000004 -0.7217484125045438 18.833333333333339 -0.96689237009891416 123.50000000000001 27.956847400617225 20.238293392074201 176.50000000000003 -0.83375966452616657 0.00030492000000000008 22.296912265768025 0.5420105766062554
decision_type=2 2 2 2 2 2 2 2 2 2 2 2 2 2 2 2 2 2 2 2 2 2 2 2 2 2 2 2 2 2
left_child=1 2 3 4 8 6 -4 -8 -1 -7 -11 -2 -5 14 15 23 -17 19 -19 21 -21 -15 -20 -3 29 28 -27 -28 -26 -13
right_child=11 13 5 12 -6 9 7 -9 -10 10 -12 24 -14 17 -16 16 -18 18 22 20 -22 -23 -24 -25 25 26 27 -29 -30 -31
leaf_value=3.4065122190771214e-06 -1.0430523731244706e-06 2.3597078698934915e-07 -4.5350999059223799e-06 7.3569495413851534e-06 -6.8297261843023697e-06 -1.7526697275727088e-06 5.6885056628743771e-06 -2.9187031395849772e-06 1.1518117077719413e-06 2.9581724670706295e-06 1.2502554564580099e-06 -1.2904288548105053e-06 4.2390850597127739e-06 1.0318029449630056e-06 -1.9694936048091964e-06 -1.7777180626707866e-06 9.5882678739518545e-07 -4.442174979979835e-07 1.7295517598843919e-06 1.7318111077681348e-06 5.6688358975956007e-07 -1.168666977554463e-06 4.4551274714326756e-06 1.9939463706433371e-06 2.0617570100966987e-07 -1.3971498733002536e-06 4.9971569207940555e-07 -1.0706726669695854e-06 1.6659937889821429e-06 -2.5244629715989195e-07
leaf_weight=413 3891 72 32 35 21 32 25 20 119 393 468 22 35 58 22 43 31 29 39 213 222 58 31 46 40 33 80 20 26 285
leaf_count=413 3891 72 32 35 21 32 25 20 119 393 468 22 35 58 22 43 31 29 39 213 222 58 31 46 40 33 80 20 26 285
internal_value=-1.4707e-15 1.68288e-06 2.15738e-06 2.89951e-06 2.53261e-06 1.68073e-06 -7.95904e-07 1.86308e-06 2.90217e-06 1.89428e-06 2.02983e-06 -9.40376e-07 5.79802e-06 8.0802e-07 8.72165e-08 3.22881e-07 -6.31328e-07 1.04533e-06 1.94625e-06 8.83459e-07 1.1373e-06 -6.8432e-08 2.93659e-06 9.21283e-07 -1.50822e-07 1.20707e-07 -2.07084e-07 1.85638e-07 7.81256e-07 -3.26829e-07
internal_weight=6854 2457 1593 623 553 970 77 45 532 893 861 4397 70 864 214 192 74 650 99 551 435 116 70 118 506 199 133 100 66 307
internal_count=6854 2457 1593 623 553 970 77 45 532 893 861 4397 70 864 214 192 74 650 99 551 435 116 70 118 506 199 133 100 66 307
is_linear=0
shrinkage=0.05


Tree=43
num_leaves=31
num_cat=0
split_feature=7 7 15 14 14 15 14 0 14 15 26 9 27 12 6 27 5 26 16 14 14 14 14 15 14 9 13 14 14 1
split_gain=3.91567e-06 3.68202e-07 2.03421e-07 2.39176e-07 6.9073e-07 1.85201e-07 1.69539e-07 1.36137e-07 1.32411e-07 3.3799e-07 2.57266e-07 1.28979e-07 1.16859e-07 6.5641e-08 5.3422e-08 5.00467e-08 6.14462e-08 4.58293e-08 4.30497e-08 4.25568e-08 6.54133e-08 5.62987e-08 4.12519e-08 3.15018e-08 2.94464e-08 2.83812e-08 2.08902e-08 1.46068e-08 1.1206e-08 1.11316e-08
threshold=66.346859947047278 48.124701618148528 -0.72102888505294738 0.55656748448714433 0.51297097409535064 -0.6523320455745395 0.23537774960157334 890.50000000000011 0.98049069993378934 0.011826144619637555 0.00061271849382225462 11.543568592140199 12.16666666666667 0.25881904510252091 0.00030751000000000004 6.166666666666667 5.9500000000000011 0.00045477677173186981 668.55000000000007 0.25206111083856975 0.39036257410962044 0.83849049182116964 -0.95754239937548935 0.63255009372278048 0.62587949062545845 34.856062929546226 -0.12940952255126037 0.36648264796514479 0.50557357885840837 340.50000000000006
decision_type=2 2 2 2 2 2 2 2 2 2 2 2 2 2 2 2 2 2 2 2 2 2 2 2 2 2 2 2 2 2
left_child=1 2 3 4 6 7 -1 12 10 -10 -7 -2 -4 24 19 18 25 -18 23 22 -21 -22 -3 -16 -5 -17 27 29 -29 -13
right_child=11 14 5 13 -6 8 -8 -9 9 -11 -12 26 -14 -15 15 16 17 -19 -20 20 21 -23 -24 -25 -26 -27 -28 28 -30 -31
leaf_value=3.2361866187184381e-06 -9.9670567305962123e-07 -7.3892998945415585e-07 -4.9922594024835799e-06 7.6898721454199419e-06 -6.488239832184004e-06 1.4371480888783282e-06 1.0942211397301405e-06 2.6770785942582216e-06 2.5611926682693978e-06 -2.4825851632817446e-06 3.4264690010289442e-06 -3.7421909954377641e-08 -2.7433115454706634e-07 3.0872058914610537e-06 9.5921376415927546e-07 1.2675563766606502e-06 1.5920506842958029e-07 1.5582567820773522e-06 3.3355128971379598e-06 -3.0511194586818856e-06 1.8143683872519615e-06 -1.08591301452324e-06 1.5706804368886062e-06 2.4380714215359402e-06 5.2630890786531387e-06 3.3953438951357387e-06 -6.0304088246504751e-07 1.2374180546577273e-06 1.8610749104102929e-07 -9.0836910981768508e-07
leaf_weight=413 3838 29 21 25 21 522 119 21 76 59 236 146 35 20 154 42 313 72 30 23 27 44 58 47 25 25 194 31 139 49
leaf_count=413 3838 29 21 25 21 522 119 21 76 59 236 146 35 20 154 42 313 72 30 23 27 44 58 47 25 25 194 31 139 49
internal_value=-6.55337e-15 1.59873e-06 2.04951e-06 2.75453e-06 2.40598e-06 1.5967e-06 2.75706e-06 -7.56109e-07 1.79957e-06 3.56875e-07 2.05651e-06 -8.93357e-07 -2.04355e-06 5.50812e-06 7.67619e-07 9.70015e-07 6.64041e-07 4.20846e-07 1.56872e-06 3.88134e-09 -7.33702e-07 1.70109e-08 8.0081e-07 1.30502e-06 6.47648e-06 2.06151e-06 -1.83783e-07 3.90554e-08 3.77817e-07 -2.56275e-07
internal_weight=6854 2457 1593 623 553 970 532 77 893 135 758 4397 56 70 864 683 452 385 231 181 94 71 87 201 50 67 559 365 170 195
internal_count=6854 2457 1593 623 553 970 532 77 893 135 758 4397 56 70 864 683 452 385 231 181 94 71 87 201 50 67 559 365 170 195
is_linear=0
shrinkage=0.05


Tree=44
num_leaves=31
num_cat=0
split_feature=7 7 15 14 14 15 3 3 15 3 26 14 6 20 6 4 24 1 1 19 14 11 17 22 8 15 14 15 15 14
split_gain=3.53389e-06 3.32302e-07 1.83588e-07 2.15857e-07 6.23383e-07 1.67144e-07 2.78405e-07 2.92482e-07 1.64686e-07 1.58799e-07 3.1593e-07 2.36242e-07 1.16971e-07 6.24662e-08 4.85148e-08 3.84721e-08 7.30087e-08 4.18425e-08 4.58868e-08 3.66651e-08 3.53574e-08 3.98197e-08 4.80896e-08 3.21094e-08 1.09985e-08 1.48165e-08 1.77012e-08 1.53445e-08 1.13352e-08 8.9007e-09
threshold=66.346859947047278 48.124701618148528 -0.72102888505294738 0.55656748448714433 0.51297097409535064 -0.6523320455745395 24.150000000000002 31.650000000000002 -0.99938741687870725 23.250000000000004 0.00063365167530476691 0.9916835347852474 9.5280000000000009e-05 0.0006591250000000001 0.00032419000000000008 31.500000000000004 0.00050141076192049261 845.45000000000016 816.45000000000016 0.00049938500000000008 0.98049069993378934 38.537500000000009 0.96593365067163883 407.50000000000006 85.440378866772235 0.63255009372278048 0.3504237462291826 0.31595530242620651 -0.83375966452616657 0.46800856592688472
decision_type=2 2 2 2 2 2 2 2 2 2 2 2 2 2 2 2 2 2 2 2 2 2 2 2 2 2 2 2 2 2
left_child=1 2 3 4 8 6 -4 -8 -1 11 -11 -7 -2 -5 20 17 19 18 -16 -17 21 23 -23 -3 29 27 -27 28 -26 -14
right_child=12 14 5 13 -6 9 7 -9 -10 10 -12 -13 24 -15 15 16 -18 -19 -20 -21 -22 22 -24 -25 25 26 -28 -29 -30 -31
leaf_value=-1.1131106727394322e-06 -9.4168781490062427e-07 9.3383198553792259e-08 -4.2835875419200425e-06 3.9010544603512148e-06 -6.1638278349987341e-06 2.9593758296789573e-06 5.4224498544499513e-06 -2.6897907173406565e-06 2.826560760884682e-06 1.7759607598371318e-07 2.9564800020569613e-06 -1.1688549289158944e-07 -7.6187793050119294e-08 6.9080198544167707e-06 1.2243333027031231e-06 3.9306938960110214e-07 -1.958163545927911e-06 2.9182638075674144e-06 -1.1290628859486871e-06 1.9419647586964577e-06 -1.8223828959662571e-06 -1.6977073430500115e-06 8.8571945811523747e-07 1.7467747169451866e-06 -1.4652783465862741e-06 -6.217249162201935e-07 7.6022385398159595e-07 -1.4647841961799286e-06 -2.2006097733999084e-07 7.3825611759110124e-07
leaf_weight=28 3891 63 32 39 21 349 25 20 504 317 151 76 86 31 354 162 28 34 22 50 22 43 31 55 20 37 62 34 212 55
leaf_count=28 3891 63 32 39 21 349 25 20 504 317 151 76 86 31 354 162 28 34 22 50 22 43 31 55 20 37 62 34 212 55
internal_value=7.59071e-15 1.5188e-06 1.94703e-06 2.6168e-06 2.28568e-06 1.51686e-06 -7.18303e-07 1.81701e-06 2.61921e-06 1.70959e-06 1.0742e-06 2.40927e-06 -8.48689e-07 5.23271e-06 7.29238e-07 9.44219e-07 4.41445e-07 1.23853e-06 1.08663e-06 7.58375e-07 7.6258e-08 2.93811e-07 -6.15461e-07 8.64032e-07 -1.33556e-07 -2.78441e-07 2.43738e-07 -4.72786e-07 -3.27407e-07 2.41503e-07
internal_weight=6854 2457 1593 623 553 970 77 45 532 893 468 425 4397 70 864 650 240 410 376 212 214 192 74 118 506 365 99 266 232 141
internal_count=6854 2457 1593 623 553 970 77 45 532 893 468 425 4397 70 864 650 240 410 376 212 214 192 74 118 506 365 99 266 232 141
is_linear=0
shrinkage=0.05


Tree=45
num_leaves=31
num_cat=0
split_feature=7 7 3 2 23 7 18 23 9 23 9 5 2 23 24 26 6 8 14 0 9 24 5 8 8 22 3 25 14 8
split_gain=3.18933e-06 2.99903e-07 1.63984e-07 2.10272e-07 2.4366e-07 1.53865e-07 1.20659e-07 1.11669e-07 1.0674e-07 5.10655e-08 6.37768e-08 5.84142e-08 6.62426e-08 5.5835e-08 9.0232e-08 5.40416e-08 4.38614e-08 2.00764e-08 1.35835e-08 1.57056e-08 1.50178e-08 1.19777e-08 9.59201e-09 9.53982e-09 1.24034e-08 1.01551e-08 8.65865e-09 5.53882e-09 2.40005e-09 3.19991e-09
threshold=66.346859947047278 48.124701618148528 16.450000000000003 252.50000000000003 1003.5000000000001 14.409206828484239 0.0003588550000000001 812.50000000000011 11.543568592140199 658.50000000000011 36.760986357844594 14.550000000000002 133.50000000000003 610.50000000000011 0.0004505447729426226 0.00043083862498527475 0.00033227000000000007 242.68116907034181 0.36648264796514479 182.50000000000003 22.296912265768025 2.7154512788394098e-05 15.450000000000001 267.3648935667257 261.1400754196091 403.50000000000006 18.950000000000003 9.6016553363179165e-06 0.21862473630160603 75.136739509118954
decision_type=2 2 2 2 2 2 2 2 2 2 2 2 2 2 2 2 2 2 2 2 2 2 2 2 2 2 2 2 2 2
left_child=1 2 -1 4 5 -4 -5 -8 27 10 13 12 -12 16 -15 -13 -3 18 19 21 26 -10 23 24 -19 -25 -20 -2 -29 -30
right_child=8 9 3 6 -6 -7 7 -9 17 -11 11 15 -14 14 -16 -17 -18 22 20 -21 -22 -23 -24 25 -26 -27 -28 28 29 -31
leaf_value=-1.6934712576244238e-06 -9.1734861825962445e-07 1.1780844293781613e-08 3.523532697489946e-06 6.7099538493190882e-06 -3.5296219803885011e-06 1.6094820914641941e-06 1.7292134758032551e-06 4.1349082772976731e-06 -2.7853084823045977e-07 -1.1507137135503678e-06 3.3065673214593974e-06 -1.015362006739906e-06 1.0957545574304581e-06 1.2432593496214395e-06 -3.3487799871933102e-06 1.9317139392325901e-06 9.4521140178902012e-07 -5.5357619397214238e-07 -7.3870835095557702e-08 -1.2531240921662762e-06 1.3190038355657765e-06 7.7706461528098064e-07 2.4803797108082414e-07 -1.8895083578873365e-07 -1.9890144391899445e-06 -1.3016857162885852e-06 8.590179992945031e-07 -8.4134688135611003e-07 -1.8097078904216484e-07 -6.9464719350109778e-07
leaf_weight=32 3551 183 115 24 22 1207 95 98 106 36 64 35 72 20 23 28 403 34 101 31 35 36 33 97 27 26 33 136 42 109
leaf_count=32 3551 183 115 24 22 1207 95 98 106 36 64 35 72 20 23 28 403 34 101 31 35 36 33 97 27 26 33 136 42 109
internal_value=-1.10925e-14 1.44286e-06 1.84968e-06 1.92232e-06 1.68914e-06 1.77598e-06 3.36652e-06 2.95076e-06 -8.06255e-07 6.92776e-07 7.72928e-07 1.55309e-06 2.13614e-06 5.26104e-07 -1.21295e-06 2.9445e-07 6.53713e-07 -1.60746e-07 7.79385e-08 -2.33507e-07 3.96756e-07 -1.09151e-08 -5.36921e-07 -6.77701e-07 -1.18893e-06 -4.24163e-07 1.5587e-07 -9.00272e-07 -6.88991e-07 -5.5177e-07
internal_weight=6854 2457 1593 1561 1344 1322 217 193 4397 864 828 199 136 629 43 63 586 559 342 173 169 142 217 184 61 123 134 3838 287 151
internal_count=6854 2457 1593 1561 1344 1322 217 193 4397 864 828 199 136 629 43 63 586 559 342 173 169 142 217 184 61 123 134 3838 287 151
is_linear=0
shrinkage=0.05


Tree=46
num_leaves=31
num_cat=0
split_feature=9 7 7 14 14 14 14 14 14 27 9 21 20 22 14 18 9 5 14 14 5 17 0 16 1 9 23 7 19 5
split_gain=2.88123e-06 2.39009e-07 1.91775e-07 1.37629e-07 1.56632e-07 2.59559e-07 2.83891e-07 2.29946e-07 4.67149e-07 1.34147e-07 8.51981e-08 8.08951e-08 1.42891e-07 3.39402e-08 2.97903e-08 2.35134e-08 1.94736e-08 1.66996e-08 1.76017e-08 5.4264e-08 2.38114e-08 2.21743e-08 1.92504e-08 1.63234e-08 1.30944e-08 9.92408e-09 4.99531e-09 9.57202e-09 3.62568e-09 6.13048e-09
threshold=32.013370755761891 72.425688617615464 14.409206828484239 -0.99940763397299126 -0.93879691571722779 -0.96902457013955734 -0.95754239937548935 0.25206111083856975 0.39036257410962044 11.500000000000002 48.180870390798113 886.50000000000011 0.00078539500000000004 928.50000000000011 0.16799745313369893 0.00077832000000000021 10.065953215301457 4.0500000000000007 -0.93273441465163176 -0.98523971305672675 5.8500000000000005 0.84195457709811261 477.50000000000006 312.71500000000009 523.75000000000011 22.83042964674943 109.50000000000001 74.576666967102838 8.7105000000000014e-05 11.950000000000001
decision_type=2 2 2 2 2 2 2 2 2 2 2 2 2 2 2 2 2 2 2 2 2 2 2 2 2 2 2 2 2 2
left_child=1 17 11 -4 5 9 -7 10 -9 -5 -6 13 15 -2 -15 -13 -3 25 19 -19 24 -21 -22 26 -20 -1 27 -18 -25 -30
right_child=2 16 3 4 7 6 -8 8 -10 -11 -12 12 -14 14 -16 -17 23 18 20 21 22 -23 -24 28 -26 -27 -28 -29 29 -31
leaf_value=3.3812050730830385e-07 5.4651298497836772e-06 -8.6156054645656777e-07 4.8732185015459054e-06 -1.764000889328725e-07 1.5341714345809392e-06 -5.7864688673444936e-06 5.9230077924341365e-07 -2.2723884676612018e-06 1.3883728669241245e-06 2.6249007358983147e-06 2.7048294369430767e-06 5.1571752919699067e-06 -4.0636222472719109e-07 4.4919304686859333e-06 1.9459236136754045e-06 2.8768093688295966e-06 6.7423404384298389e-07 8.0025482192561474e-07 1.2126185114880173e-07 -6.887749251567901e-07 2.3110708815449974e-07 -2.9360047741582614e-06 1.2533193769789146e-06 -1.50592439177703e-06 -1.4059706838764896e-06 1.6137912991193696e-06 -5.4107429604466609e-07 -2.8263340593146466e-07 -3.7107557062654454e-07 -1.4553216951702035e-06
leaf_weight=30 35 3757 28 87 255 33 37 96 945 84 398 20 34 27 20 26 34 39 25 23 403 21 52 29 32 31 86 113 32 22
leaf_count=30 35 3757 28 87 255 33 37 96 945 84 398 20 34 27 20 26 34 39 25 23 403 21 52 29 32 31 86 113 32 22
internal_value=3.73535e-15 -6.87198e-07 1.5293e-06 1.39285e-06 1.34248e-06 1.4982e-07 -2.41483e-06 1.51216e-06 1.05078e-06 1.19968e-06 2.24768e-06 3.18274e-06 2.05155e-06 4.28634e-06 3.40852e-06 3.86827e-06 -8.29853e-07 1.98525e-07 1.1775e-07 -5.57687e-07 2.27245e-07 -1.76132e-06 3.47931e-07 -4.52878e-07 -7.36132e-07 9.86412e-07 -2.38395e-07 -6.13171e-08 -1.05498e-06 -8.12805e-07
internal_weight=6854 4729 2125 1963 1935 241 70 1694 1041 171 653 162 80 82 47 46 4073 656 595 83 512 44 455 316 57 61 233 147 83 54
internal_count=6854 4729 2125 1963 1935 241 70 1694 1041 171 653 162 80 82 47 46 4073 656 595 83 512 44 455 316 57 61 233 147 83 54
is_linear=0
shrinkage=0.05


Tree=47
num_leaves=31
num_cat=0
split_feature=9 7 2 15 15 6 11 15 8 15 3 15 25 15 8 26 26 8 7 15 9 24 2 0 7 25 18 25 15 17
split_gain=2.60031e-06 2.15706e-07 1.84498e-07 2.69207e-07 2.09136e-07 1.46317e-07 1.49628e-07 1.40639e-07 1.31467e-07 1.21139e-07 1.79515e-07 1.213e-07 8.96714e-08 6.48602e-08 5.21871e-08 3.75186e-08 1.89405e-08 1.78714e-08 1.77846e-08 1.67043e-08 2.32471e-08 2.01731e-08 4.06171e-08 1.9187e-08 1.85195e-08 1.73189e-08 1.60865e-08 1.59949e-08 1.30636e-08 1.12994e-08
threshold=32.013370755761891 72.425688617615464 241.50000000000003 -0.99938741687870725 -0.97111920233974802 0.00033227000000000007 53.034375000000004 -0.72102888505294738 179.77485579046365 -0.50557503990954278 26.850000000000005 -0.35042475891464198 0.00026528419177739162 -0.99273797715557011 105.23523298575601 0.00057996457832986184 4.5168161783879349e-05 250.88701283808317 14.833017467908734 0.63255009372278048 27.956847400617225 0.00017003000123605422 101.50000000000001 521.50000000000011 67.48807315176704 0.00027736151098101651 2.0765000000000005e-05 0.00018961261375805366 0.91936090643431534 0.87119475168288318
decision_type=2 2 2 2 2 2 2 2 2 2 2 2 2 2 2 2 2 2 2 2 2 2 2 2 2 2 2 2 2 2
left_child=1 19 3 -2 13 8 -7 17 -6 10 -9 -11 -13 14 -5 -15 -3 18 -4 21 28 25 24 -24 -23 27 -18 -1 29 -21
right_child=2 16 7 4 5 6 -8 9 -10 11 -12 12 -14 15 -16 -17 26 -19 -20 20 -22 22 23 -25 -26 -27 -28 -29 -30 -31
leaf_value=6.8130926046338925e-07 -4.0000913865393761e-06 -8.1714698461350591e-07 5.8281577003072017e-06 2.2838203221908772e-07 1.5686345449239525e-06 1.0107103782088723e-06 2.1888551489805214e-06 -3.4869439352168352e-06 -1.335022738463262e-06 5.4373627396368352e-06 2.5771706969652983e-06 -7.1542813552346515e-07 2.5210766270075432e-06 3.0835251580151079e-06 2.8577108705378681e-06 5.1021895558278633e-06 -5.1244308849618394e-08 3.2673440025982257e-06 4.0483039228433885e-06 9.5670474488583422e-08 1.8778448222178668e-06 -2.6315005878917544e-06 -1.0605130023202549e-07 1.4838084542220932e-06 -6.42419374344172e-07 1.070392734978234e-06 -8.2980120167960576e-07 -2.1695164294226361e-07 -4.8171909722586039e-07 1.5581363181809139e-06
leaf_weight=83 24 3802 25 32 62 1072 360 23 105 30 26 26 121 82 46 32 155 27 32 28 32 22 197 21 25 67 116 123 33 25
leaf_count=83 24 3802 25 32 62 1072 360 23 105 30 26 26 121 82 46 32 155 27 32 28 32 22 197 21 25 67 116 123 33 25
internal_value=6.79485e-15 -6.52838e-07 1.45283e-06 1.26029e-06 1.33078e-06 1.14356e-06 1.30689e-06 2.58014e-06 -2.57018e-07 1.93087e-06 -2.6925e-07 2.53994e-06 1.94863e-06 2.89001e-06 1.77901e-06 3.65017e-06 -7.88361e-07 4.327e-06 4.82894e-06 1.88599e-07 7.27343e-07 7.04355e-08 -2.40323e-07 4.71003e-08 -1.57348e-06 3.72088e-07 -3.84501e-07 1.44969e-07 2.99249e-07 7.85513e-07
internal_weight=6854 4729 2125 1815 1791 1599 1432 310 167 226 49 177 147 192 78 114 4073 84 57 656 118 538 265 218 47 273 271 206 86 53
internal_count=6854 4729 2125 1815 1791 1599 1432 310 167 226 49 177 147 192 78 114 4073 84 57 656 118 538 265 218 47 273 271 206 86 53
is_linear=0
shrinkage=0.05


Tree=48
num_leaves=31
num_cat=0
split_feature=9 7 2 15 15 4 3 4 15 25 23 21 21 15 2 20 21 6 15 9 24 2 27 7 25 25 22 15 4 16
split_gain=2.34678e-06 1.94675e-07 1.6737e-07 2.02574e-07 2.04406e-07 1.55497e-07 2.30269e-07 1.19409e-07 1.01766e-07 8.12651e-08 1.40846e-07 1.9737e-07 7.11411e-08 5.17828e-08 4.61874e-08 2.97725e-08 2.43007e-08 1.62775e-08 1.50757e-08 2.09805e-08 1.82062e-08 3.66569e-08 1.87599e-08 1.67139e-08 1.56303e-08 1.44354e-08 1.2312e-08 1.17899e-08 1.05797e-08 9.72272e-09
threshold=32.013370755761891 72.425688617615464 252.50000000000003 -0.99938741687870725 -0.97111920233974802 1.0000000180025095e-35 29.550000000000004 33.500000000000007 -0.12545862287572049 0.00067178885933521029 812.50000000000011 658.50000000000011 720.50000000000011 -0.99273797715557011 197.50000000000003 0.00066323500000000019 791.50000000000011 2.6170000000000005e-05 0.63255009372278048 27.956847400617225 0.00017003000123605422 101.50000000000001 30.166666666666668 67.48807315176704 0.00027736151098101651 0.00018961261375805366 775.50000000000011 0.91936090643431534 10.500000000000002 312.71500000000009
decision_type=2 2 2 2 2 2 2 2 2 2 2 2 2 2 2 2 2 2 2 2 2 2 2 2 2 2 2 2 2 2
left_child=1 18 3 -2 13 8 -7 16 -6 10 11 -9 -12 14 -5 -15 26 -3 20 27 24 23 -23 -22 25 -1 -4 -20 -26 -19
right_child=2 17 7 4 5 6 -8 9 -10 -11 12 -13 -14 15 -16 -17 -18 29 19 -21 21 22 -24 -25 28 -27 -28 -29 -30 -31
leaf_value=6.4724379760801071e-07 -3.0807596751266693e-06 -7.8305975752924619e-07 4.2594416822794307e-06 1.0402302271024e-06 1.3439423697507105e-06 5.525816807067601e-07 2.8220578957643743e-06 2.534655115622919e-06 2.9022341601531378e-06 -9.0325715146636034e-07 3.0215506567952675e-06 -2.401599553852268e-06 6.8007201116415679e-06 2.9670487259469318e-06 3.6179234866722257e-06 4.7365558090763386e-06 3.1354513952385832e-06 -3.3916582522711037e-07 7.4623720227888941e-07 1.7839525602525442e-06 -2.4999255773846846e-06 3.9441941646355393e-07 -5.7050405797877842e-07 -6.1029839616821853e-07 2.2787811148488732e-07 -2.0610407070776312e-07 5.97352458994878e-06 -4.5763315953171051e-07 1.5172113732172344e-06 -9.4521012815731389e-07
leaf_weight=83 27 3648 20 57 311 1056 125 81 158 22 33 27 20 85 25 33 23 343 53 32 22 139 79 25 26 123 22 33 41 82
leaf_count=83 27 3648 20 57 311 1056 125 81 158 22 33 27 20 85 25 33 23 343 53 32 22 139 79 25 26 123 22 33 41 82
internal_value=-8.6307e-15 -6.20196e-07 1.38019e-06 1.2189e-06 1.28165e-06 1.09867e-06 7.92789e-07 2.60097e-06 1.86891e-06 1.94709e-06 2.33658e-06 1.30059e-06 4.44765e-06 2.79123e-06 1.82611e-06 3.46191e-06 4.44187e-06 -7.48943e-07 1.79169e-07 6.90976e-07 6.69137e-08 -2.28307e-07 4.47453e-08 -1.4948e-06 3.53483e-07 1.37721e-07 5.15729e-06 2.84287e-07 1.01687e-06 -4.56097e-07
internal_weight=6854 4729 2125 1877 1850 1650 1181 248 469 183 161 108 53 200 82 118 65 4073 656 118 538 265 218 47 273 206 42 86 67 425
internal_count=6854 4729 2125 1877 1850 1650 1181 248 469 183 161 108 53 200 82 118 65 4073 656 118 538 265 218 47 273 206 42 86 67 425
is_linear=0
shrinkage=0.05


Tree=49
num_leaves=31
num_cat=0
split_feature=7 7 3 2 23 18 18 4 23 7 23 3 1 5 17 7 1 16 18 1 5 5 5 3 25 25 8 8 14 8
split_gain=2.11871e-06 2.49077e-07 1.39982e-07 1.58209e-07 2.15657e-07 1.25118e-07 9.66544e-08 8.98693e-08 4.21239e-08 5.38672e-08 5.05507e-08 4.23638e-08 5.55191e-08 5.14356e-08 3.92263e-08 3.64921e-08 3.10667e-08 1.78904e-08 8.91545e-09 7.01535e-09 4.76715e-09 4.31744e-09 8.21244e-09 5.09493e-09 4.02897e-09 3.43002e-09 3.74483e-09 3.23513e-09 2.19549e-09 3.3529e-09
threshold=68.261266868369077 48.124701618148528 16.450000000000003 241.50000000000003 1003.5000000000001 0.00012268000000000004 0.00030751000000000004 46.500000000000007 658.50000000000011 53.42502283445365 610.50000000000011 23.650000000000002 612.40000000000009 14.550000000000002 0.99966540723221564 78.57712321209128 707.15000000000009 258.61000000000007 0.00033227000000000007 439.65000000000003 9.6500000000000004 10.050000000000002 7.3500000000000005 20.650000000000002 5.5996656527138525e-06 4.9990128615431836e-05 83.282406002032488 269.6625029065371 0.3744682635859638 73.132515692899702
decision_type=2 2 2 2 2 2 2 2 2 2 2 2 2 2 2 2 2 2 2 2 2 2 2 2 2 2 2 2 2 2
left_child=1 2 -1 4 5 -4 -5 -8 9 11 14 13 -13 -3 -11 17 -12 19 21 25 -20 22 -19 -23 -17 -2 -27 -22 -26 -30
right_child=15 8 3 6 -6 -7 7 -9 -10 10 16 12 -14 -15 -16 24 -18 18 20 -21 27 23 -24 -25 28 26 -28 -29 29 -31
leaf_value=-1.7581893050122589e-06 5.5743895359228187e-07 2.4741059053150881e-06 -2.4877180260318712e-06 5.5737544383961133e-06 -3.5576541594392354e-06 1.4986308065432701e-06 3.5176578811131388e-06 1.5804231259656011e-06 -1.1709214340448348e-06 5.4671607307109969e-07 3.9043959532136801e-08 -1.9458063110278091e-06 1.1802923712385026e-06 4.2639576720474629e-07 -1.3624431699911709e-06 -7.5017859758268487e-07 -2.7478323920604455e-06 -6.3534791721053813e-07 1.278348226343323e-07 7.7377064075432966e-07 -1.0469010050498638e-06 -1.9876194355988287e-07 -1.943371015578066e-06 -1.2361067979327346e-06 -6.9581846843025382e-07 2.5002678236368021e-07 -2.5343773215051141e-07 -2.0748397299522974e-07 1.1097390496909537e-07 -5.3003709876055809e-07
leaf_weight=32 20 92 20 26 22 1245 101 147 36 688 20 20 49 46 28 3510 20 24 42 28 22 29 24 20 160 49 150 24 24 136
leaf_count=32 20 92 20 26 22 1245 101 147 36 688 20 20 49 46 28 3510 20 24 42 28 22 29 24 20 160 49 150 24 24 136
internal_value=-1.36006e-14 1.12726e-06 1.5154e-06 1.58251e-06 1.35025e-06 1.43561e-06 2.67344e-06 2.36938e-06 5.08322e-07 5.71097e-07 3.75419e-07 1.28575e-06 2.74177e-07 1.79154e-06 4.72056e-07 -6.85558e-07 -1.35439e-06 -2.49926e-07 -6.21718e-07 2.85425e-08 -2.573e-07 -9.52325e-07 -1.28936e-06 -6.22168e-07 -7.34694e-07 -6.67378e-08 -1.29469e-07 -6.08944e-07 -5.64852e-07 -4.33885e-07
internal_weight=6854 2592 1593 1561 1287 1265 274 248 999 963 756 207 69 138 716 4262 40 432 185 247 88 97 48 49 3830 219 199 46 320 160
internal_count=6854 2592 1593 1561 1287 1265 274 248 999 963 756 207 69 138 716 4262 40 432 185 247 88 97 48 49 3830 219 199 46 320 160
is_linear=0
shrinkage=0.05


Tree=50
num_leaves=31
num_cat=0
split_feature=7 19 7 14 14 3 2 14 14 14 2 21 26 26 22 3 7 19 0 4 19 8 26 7 8 7 14 2 14 24
split_gain=1.91825e-06 1.63098e-07 1.4653e-07 1.24362e-07 1.33087e-07 3.15842e-07 3.47673e-07 1.79105e-07 4.29528e-07 1.09122e-07 8.58064e-08 6.70976e-08 1.25884e-07 4.92881e-08 3.07969e-08 3.13392e-08 1.81652e-08 2.45726e-08 2.00629e-08 2.63292e-08 1.38383e-08 8.72344e-09 9.43448e-09 8.71897e-09 9.56093e-09 2.11351e-08 1.41289e-08 1.35514e-08 7.53618e-09 6.80622e-09
threshold=57.597462683824602 0.00013135000000000002 14.409206828484239 -0.99940763397299126 -0.93879691571722779 24.650000000000002 144.50000000000003 0.25206111083856975 0.39036257410962044 -0.96689237009891416 220.50000000000003 883.50000000000011 0.00076328470760311112 0.00051688068973866099 928.50000000000011 25.550000000000004 68.261266868369077 0.00021051000000000002 423.50000000000006 25.500000000000004 0.00043997000000000003 85.440378866772235 0.00011115858430144216 85.185329238880655 253.56202171328084 78.212746432966284 0.39827038710620805 119.50000000000001 -0.21966676340184951 1.7239940284795594e-05
decision_type=2 2 2 2 2 2 2 2 2 2 2 2 2 2 2 2 2 2 2 2 2 2 2 2 2 2 2 2 2 2
left_child=2 23 11 -4 5 9 -7 10 -9 -5 -6 14 13 -13 -1 -16 17 -3 20 -20 -19 28 -23 24 25 26 -2 -26 -18 -24
right_child=1 16 3 4 7 6 -8 8 -10 -11 -12 12 -14 -15 15 -17 21 18 19 -21 -22 22 29 -25 27 -27 -28 -29 -30 -31
leaf_value=4.8359957119308614e-06 -1.7747419178704149e-07 1.5892846630955709e-06 4.4437050876565215e-06 2.3536378508791902e-06 1.6422638782897248e-06 7.7097621278618634e-07 -5.0391760797698658e-06 -2.3863933896056088e-06 1.159146253999374e-06 -9.4635693234191755e-07 3.1982158625214223e-06 4.9048409994156825e-06 -1.5448063240083603e-06 1.8518902808094799e-06 1.3798559780298093e-06 4.0124922179529681e-06 -1.5379567119716262e-07 4.998375027311339e-07 9.0970195343904951e-08 -1.702603736143869e-06 -8.0039521063471586e-07 8.238614172380391e-08 -2.4322074977097446e-07 -7.1205251914467731e-07 -5.8480193797324513e-07 -4.7469194178025798e-07 1.6794407502272536e-06 -1.858466817378465e-06 9.0630655378731719e-07 -9.2625041059085252e-07
leaf_weight=35 20 35 28 104 540 52 51 94 936 33 106 20 22 39 20 26 38 293 76 28 22 87 75 3506 227 196 21 23 30 71
leaf_count=35 20 35 28 104 540 52 51 94 936 33 106 20 22 39 20 26 38 293 76 28 22 87 75 3506 227 196 21 23 30 71
internal_value=-1.56686e-14 -5.57088e-07 1.25596e-06 1.13557e-06 1.08722e-06 -1.39944e-08 -2.1059e-06 1.24491e-06 8.35573e-07 1.55875e-06 1.89757e-06 2.70072e-06 1.68315e-06 2.88679e-06 3.71829e-06 2.86787e-06 1.16843e-07 3.16541e-07 2.10226e-07 -3.91915e-07 4.09028e-07 -1.84361e-07 -3.29776e-07 -6.84516e-07 -4.86274e-07 -2.58738e-07 7.73629e-07 -7.01979e-07 3.13896e-07 -5.75379e-07
internal_weight=6854 4748 2106 1944 1916 240 103 1676 1030 137 646 162 81 59 81 46 755 454 419 104 315 301 233 3993 487 237 41 250 68 146
internal_count=6854 4748 2106 1944 1916 240 103 1676 1030 137 646 162 81 59 81 46 755 454 419 104 315 301 233 3993 487 237 41 250 68 146
is_linear=0
shrinkage=0.05


Tree=51
num_leaves=31
num_cat=0
split_feature=9 7 2 15 15 14 14 14 23 11 25 17 13 15 18 20 16 19 19 23 18 23 26 23 7 26 24 11 24 18
split_gain=1.73186e-06 1.41736e-07 1.34294e-07 1.86437e-07 1.71863e-07 1.27837e-07 1.23167e-07 1.50479e-07 6.28515e-08 1.08063e-07 8.52381e-08 1.04838e-07 6.44536e-08 4.78079e-08 5.41432e-08 3.49022e-08 3.46723e-08 1.68646e-08 2.44815e-08 1.63649e-08 3.74043e-08 2.32435e-08 1.28666e-08 1.39429e-08 7.26957e-09 6.84656e-09 6.37787e-09 6.27788e-09 2.97851e-09 2.15054e-09
threshold=32.013370755761891 72.425688617615464 252.50000000000003 -0.99938741687870725 -0.97111920233974802 0.9916835347852474 -0.99940763397299126 -0.93879691571722779 812.50000000000011 43.328125000000007 0.0006591994033307056 0.81574540807007645 -0.9159756150367534 -0.99628250747696534 0.00073085499999999998 0.00066323500000000019 928.56000000000006 0.00043997000000000003 0.00041619000000000004 494.50000000000006 0.00049046000000000018 448.50000000000006 4.5168161783879349e-05 109.50000000000001 74.576666967102838 7.855914967559549e-05 0.0001671368527079004 20.309375000000006 0.00017780412936066744 0.00025601000000000004
decision_type=2 2 2 2 2 2 2 2 2 2 2 2 2 2 2 2 2 2 2 2 2 2 2 2 2 2 2 2 2 2
left_child=1 17 3 -2 13 8 -6 -8 9 12 16 -12 -4 14 -5 -15 -10 18 19 21 -21 -1 29 24 -24 28 -27 -26 -25 -3
right_child=2 22 5 4 6 -7 7 -9 10 -11 11 -13 -14 15 -16 -17 -18 -19 -20 20 -22 -23 23 25 27 26 -28 -29 -30 -31
leaf_value=1.3511609769309721e-07 -3.0836726098102563e-06 -6.6942164604050052e-07 4.0355184498876931e-06 -2.5171624233264774e-07 4.2215198261276655e-06 -1.2714066916492298e-06 -3.7883384929561825e-07 1.0615450716905185e-06 2.9828490585801082e-06 -1.5072322881337643e-06 -8.626505251640993e-07 4.0871094706349343e-06 1.4264011351120385e-06 2.438491008186069e-06 3.1299122980499307e-06 4.1113770159675118e-06 5.452195923990903e-06 -1.2803269714822819e-06 1.9158599025104193e-06 -2.1439300060155377e-06 6.4758724557615705e-07 1.5223102932448997e-06 6.6064080150660888e-07 9.4059827078622648e-08 2.5633000056834516e-08 -1.821651596314734e-06 -6.9310602080360335e-07 -8.1804413255291562e-07 -6.2122807285737337e-07 -2.0414988648553847e-07
leaf_weight=536 27 3777 41 29 28 23 208 1414 21 20 20 23 56 107 20 44 44 20 20 24 24 32 33 22 92 21 31 29 43 25
leaf_count=536 27 3777 41 29 28 23 208 1414 21 20 20 23 56 107 20 44 44 20 20 24 24 32 33 22 92 21 31 29 43 25
internal_value=-1.5639e-14 -5.32781e-07 1.18566e-06 1.04118e-06 1.10138e-06 2.27917e-06 9.33594e-07 8.76836e-07 2.64212e-06 1.83923e-06 3.51192e-06 1.7849e-06 2.52922e-06 2.48559e-06 1.12854e-06 2.92595e-06 4.65441e-06 1.49291e-07 1.94247e-07 1.38351e-07 -7.48171e-07 2.13268e-07 -6.42636e-07 -3.09773e-07 2.83184e-09 -7.21235e-07 -1.14886e-06 -1.76571e-07 -3.79131e-07 -6.66362e-07
internal_weight=6854 4729 2125 1877 1850 248 1650 1622 225 117 108 43 97 200 49 151 65 656 636 616 48 568 4073 271 154 117 52 121 65 3802
internal_count=6854 4729 2125 1877 1850 248 1650 1622 225 117 108 43 97 200 49 151 65 656 636 616 48 568 4073 271 154 117 52 121 65 3802
is_linear=0
shrinkage=0.05


Tree=52
num_leaves=31
num_cat=0
split_feature=13 2 23 11 26 21 26 0 14 6 26 14 14 26 19 11 22 16 21 26 24 9 23 23 0 14 14 24 7 6
split_gain=1.56963e-06 1.50563e-07 1.73164e-07 1.73784e-07 1.95589e-07 1.64514e-07 1.2806e-07 1.2415e-07 1.17213e-07 9.70034e-08 8.09321e-08 8.57665e-08 2.70606e-07 7.24585e-08 6.50695e-08 2.36259e-08 4.39057e-08 2.15944e-08 2.09512e-08 1.12361e-08 1.54348e-08 1.83218e-08 1.59011e-08 1.07454e-08 8.99841e-09 8.08823e-09 3.72765e-09 2.30591e-09 3.53748e-09 2.67462e-09
threshold=-0.5 241.50000000000003 1003.5000000000001 50.203125000000007 0.00069681105718388044 974.50000000000011 0.00035587194134006477 851.50000000000011 0.9916835347852474 0.00020033500000000003 0.00034800319734417084 0.69056404122701587 0.82899317702918729 0.00060815680964385413 0.00042095500000000004 42.675000000000004 560.50000000000011 611.56500000000017 778.50000000000011 4.2954026354319188e-05 0.00010572730622301591 17.789569957775601 484.50000000000006 397.50000000000006 579.50000000000011 0.55656748448714433 0.39036257410962044 0.00022895082738759922 79.114887192306341 7.4050000000000003e-06
decision_type=2 2 2 2 2 2 2 2 2 2 2 2 2 2 2 2 2 2 2 2 2 2 2 2 2 2 2 2 2 2
left_child=1 2 3 4 7 14 -7 -1 10 19 -3 13 -13 -12 -5 16 17 25 24 27 21 26 23 -22 -17 -11 -21 28 -2 -30
right_child=9 8 -4 5 -6 6 -8 -9 -10 15 11 12 -14 -15 -16 18 -18 -19 -20 20 22 -23 -24 -25 -26 -27 -28 -29 29 -31
leaf_value=6.4772724909990057e-07 -1.1869759740373661e-06 4.7619721982528068e-06 -3.5014550576306649e-06 3.774427008031787e-06 -3.6595653747020574e-06 2.5166471780060173e-06 -2.0900963884666153e-06 4.0135896305011037e-06 -1.1140904156001433e-06 -1.8729224270462478e-07 1.6568657943223473e-06 -2.3652040873026927e-06 2.9933921686895174e-06 3.8617883681979492e-06 1.7713320763078194e-06 9.1012298610378592e-07 -2.1215157257460227e-06 1.522109468073023e-06 -9.2517643096447837e-09 -3.8515439101340956e-07 -6.1962737773258573e-07 1.4198219971495704e-06 -1.9575060696297442e-06 5.1356369018170269e-07 2.1809885232379692e-06 3.7288858779879999e-07 1.7720016971108946e-07 -1.3471033256614055e-07 -6.4452367495758604e-07 -4.8252220901965553e-07
leaf_weight=1271 29 32 22 44 26 22 48 28 26 178 69 38 62 81 516 30 23 26 39 79 163 21 20 24 26 101 47 23 3465 275
leaf_count=1271 29 32 22 44 26 22 48 28 26 178 69 38 62 81 516 30 23 26 39 79 163 21 20 24 26 101 47 23 3465 275
internal_value=-1.16565e-14 1.06995e-06 9.09755e-07 9.59395e-07 6.34334e-07 1.64305e-06 -6.42263e-07 7.20279e-07 2.09824e-06 -5.35094e-07 2.39441e-06 2.09136e-06 9.57126e-07 2.84752e-06 1.92872e-06 1.86176e-07 -1.49277e-08 1.4393e-07 8.80511e-07 -6.08682e-07 -3.39284e-07 5.24998e-08 -6.17507e-07 -4.74191e-07 1.50017e-06 1.54972e-08 -1.75387e-07 -6.33831e-07 -6.36877e-07 -6.32612e-07
internal_weight=6854 2285 1977 1955 1325 630 70 1299 308 4569 282 250 100 150 560 423 328 305 95 4146 354 147 207 187 56 279 126 3792 3769 3740
internal_count=6854 2285 1977 1955 1325 630 70 1299 308 4569 282 250 100 150 560 423 328 305 95 4146 354 147 207 187 56 279 126 3792 3769 3740
is_linear=0
shrinkage=0.05


Tree=53
num_leaves=31
num_cat=0
split_feature=9 7 14 14 27 25 14 5 14 4 4 14 14 4 14 23 23 6 7 14 14 23 14 26 23 0 26 22 20 24
split_gain=1.42196e-06 1.69778e-07 1.27313e-07 2.81541e-07 3.68157e-07 2.61645e-07 1.90695e-07 3.88073e-07 2.12178e-07 5.05017e-07 1.77648e-07 1.67395e-07 1.45395e-07 1.38994e-07 1.34486e-07 1.29665e-07 3.55724e-08 3.3029e-08 5.20076e-08 2.85734e-08 3.48186e-08 2.29339e-08 1.29644e-08 1.01992e-08 1.07705e-08 6.87706e-09 6.86207e-09 6.18042e-09 3.88183e-09 2.1967e-09
threshold=35.805800086635493 72.425688617615464 0.98049069993378934 0.98667101781630195 29.500000000000004 0.00015072335054503732 0.95242846126021108 11.250000000000002 0.90892735371523092 19.500000000000004 68.500000000000014 0.86113431103781346 0.96904697354198299 96.500000000000014 0.75014288946266361 781.50000000000011 610.50000000000011 0.00032666500000000007 57.597462683824602 -0.7217484125045438 -0.98523971305672675 553.50000000000011 -0.95754239937548935 5.1697601086767813e-05 109.50000000000001 95.500000000000014 7.855914967559549e-05 238.50000000000003 0.00015324000000000002 0.00020539623907024502
decision_type=2 2 2 2 2 2 2 2 2 2 2 2 2 2 2 2 2 2 2 2 2 2 2 2 2 2 2 2 2 2
left_child=1 16 6 -4 -5 -6 8 12 11 -10 -7 14 -8 -11 -2 -13 17 18 -1 20 -19 -21 -20 -3 25 28 29 -28 -25 -26
right_child=2 23 3 4 5 10 7 -9 9 13 -12 15 -14 -15 -16 -17 -18 19 22 21 -22 -23 -24 24 26 -27 27 -29 -30 -31
leaf_value=-2.4759992497603804e-06 1.3457364592974137e-06 -6.0054055429416284e-07 -4.7309234137823561e-06 5.6597575045695225e-06 -5.7680495922340928e-06 3.0010755304488156e-06 -1.0878109292364036e-06 8.9857364097648932e-06 -7.3954341900162038e-06 -6.4401263583995184e-07 -1.628333316253956e-06 2.3321866386164692e-06 3.6996136644315164e-06 4.1056774231644035e-06 -3.051231846113216e-07 6.9282037830340591e-06 -1.6808362488518469e-06 1.5314060721038914e-06 -7.1973038423474223e-07 6.3498004982609536e-07 -8.8265384780412608e-07 1.9620662030590485e-06 1.560257469398519e-07 4.7852909474954693e-08 9.8118537768717334e-08 7.4140578727967581e-07 -1.7567047279953841e-06 -6.3625936306266342e-07 -5.5048125324427618e-07 -5.6523959458970165e-07
leaf_weight=21 1328 3824 28 30 20 40 29 24 24 43 43 57 35 24 136 21 25 20 47 271 59 37 419 80 24 26 20 32 41 26
leaf_count=21 1328 3824 28 30 20 40 29 24 24 43 43 57 35 24 136 21 25 20 47 271 59 37 419 80 24 26 20 32 41 26
internal_value=4.19887e-15 -4.43083e-07 1.17057e-06 -1.73972e-07 7.85387e-07 -6.34333e-07 1.29635e-06 3.56361e-06 1.17417e-06 -1.17194e-06 6.02707e-07 1.31263e-06 1.53031e-06 1.05737e-06 1.19238e-06 3.56958e-06 1.78819e-07 2.32013e-07 -4.19888e-08 5.76815e-07 -2.71499e-07 7.94403e-07 6.76984e-08 -5.80351e-07 -2.70284e-07 3.63981e-09 -6.65057e-07 -1.0672e-06 -1.54888e-07 -2.46828e-07
internal_weight=6854 4972 1882 161 133 103 1721 88 1633 91 83 1542 64 67 1464 78 899 874 487 387 79 308 466 4073 249 147 102 52 121 50
internal_count=6854 4972 1882 161 133 103 1721 88 1633 91 83 1542 64 67 1464 78 899 874 487 387 79 308 466 4073 249 147 102 52 121 50
is_linear=0
shrinkage=0.05


Tree=54
num_leaves=31
num_cat=0
split_feature=9 7 15 2 15 15 15 11 21 27 2 1 15 15 19 15 9 23 15 1 15 21 27 26 23 21 26 15 5 25
split_gain=1.28332e-06 1.53224e-07 1.10343e-07 1.81212e-07 1.512e-07 1.4192e-07 1.28351e-07 1.20346e-07 1.15345e-07 1.40995e-07 1.37389e-07 1.16396e-07 9.92842e-08 1.34297e-07 9.61059e-08 1.04547e-07 7.31429e-08 3.21041e-08 2.40641e-08 3.48295e-08 3.26316e-08 2.49298e-08 1.81755e-08 9.20582e-09 1.05217e-08 7.13074e-09 6.25332e-09 3.58175e-09 3.52684e-09 1.88462e-09
threshold=35.805800086635493 72.425688617615464 -0.72102888505294738 119.50000000000001 -0.6523320455745395 -0.8739740505118182 -0.67801649466304881 51.065625000000004 928.50000000000011 0.50000000000000011 120.50000000000001 529.45000000000016 -0.99938741687870725 -0.97111920233974802 0.00056400500000000013 -0.82899557272681157 47.766093349752133 610.50000000000011 0.64577863604729235 800.25000000000011 0.73281578960684157 702.50000000000011 14.16666666666667 4.5168161783879349e-05 114.50000000000001 2.5000000000000004 9.0807517930669042e-05 -0.9260227363677036 10.050000000000002 1.0000000180025095e-35
decision_type=2 2 2 2 2 2 2 2 2 2 2 2 2 2 2 2 2 2 2 2 2 2 2 2 2 2 2 2 2 2
left_child=1 17 3 -2 6 12 7 -4 9 16 -10 -11 -5 -14 -7 -16 -6 18 19 21 -20 -1 -22 29 25 27 28 -25 -26 -3
right_child=2 23 4 5 8 14 -8 -9 10 11 -12 -13 13 -15 15 -17 -18 -19 20 -21 22 -23 -24 24 26 -27 -28 -29 -30 -31
leaf_value=7.3930308233012881e-08 -2.9635788537451024e-06 -5.8302952703484337e-07 -2.1117513489125136e-06 -1.4237710850295571e-06 1.3029759030100001e-06 5.3041171440781914e-06 -4.0247994758958939e-06 2.8534108502714413e-06 1.1259076279349905e-06 1.7036224000521021e-06 -3.2769518705155113e-06 4.6729598091264845e-07 2.458199749737021e-06 6.8373768805764084e-07 3.7137323391315631e-07 3.0990693443864282e-06 3.4913820539169853e-06 -1.5967944691510639e-06 2.6142331621702487e-06 -1.960035284582773e-06 1.2007902367630862e-06 1.2436550336207467e-06 2.5932275587596975e-08 -7.5317712116884655e-07 -7.0764798578419434e-07 8.5481867699854781e-07 -1.1574820186859526e-06 -2.8206295115998495e-08 -3.0810670637038132e-08 -4.6482561192430123e-07
leaf_weight=647 21 3428 26 32 70 33 28 23 37 278 34 604 190 243 48 131 84 25 21 20 55 49 82 20 39 21 38 115 38 374
leaf_count=647 21 3428 26 32 70 33 28 23 37 278 34 604 190 243 48 131 84 25 21 20 55 49 82 20 39 21 38 115 38 374
internal_value=-3.25705e-15 -4.20929e-07 1.11204e-06 1.61067e-06 8.18082e-07 1.75256e-06 -1.3243e-06 2.18835e-07 9.67101e-07 1.10071e-06 -9.82504e-07 8.56977e-07 1.26375e-06 1.46237e-06 2.82472e-06 2.36762e-06 2.49665e-06 1.69878e-07 2.20412e-07 9.71666e-08 7.78916e-07 1.56282e-07 4.97591e-07 -5.51333e-07 -2.69777e-07 -2.28253e-09 -6.32638e-07 -1.35609e-07 -3.73624e-07 -5.71402e-07
internal_weight=6854 4972 1882 698 1184 677 77 49 1107 1036 71 882 465 433 212 179 154 899 874 716 158 696 137 4073 271 156 115 135 77 3802
internal_count=6854 4972 1882 698 1184 677 77 49 1107 1036 71 882 465 433 212 179 154 899 874 716 158 696 137 4073 271 156 115 135 77 3802
is_linear=0
shrinkage=0.05


Tree=55
num_leaves=31
num_cat=0
split_feature=13 15 14 14 5 15 2 15 3 14 26 14 14 3 23 15 8 6 14 14 15 15 7 25 3 22 23 26 17 3
split_gain=1.16363e-06 1.44603e-07 1.79188e-07 5.12268e-07 1.34218e-07 1.55962e-07 1.31883e-07 1.26147e-07 1.87635e-07 2.57297e-07 1.15532e-07 3.55641e-07 1.84423e-07 1.83664e-07 2.37602e-07 1.39374e-07 7.92681e-08 6.89597e-08 3.18847e-08 1.80411e-08 1.13328e-07 5.24049e-08 2.97285e-08 2.92214e-08 1.63859e-08 1.46908e-08 8.33879e-09 2.55301e-08 7.30608e-09 7.86987e-09
threshold=-0.5 -0.72102888505294738 0.55656748448714433 0.51297097409535064 12.250000000000002 -0.99864786094873803 176.50000000000003 -0.6523320455745395 24.150000000000002 -0.7217484125045438 0.00061271849382225462 0.98049069993378934 0.82899317702918729 23.250000000000004 895.50000000000011 0.91936090643431534 112.41973461483481 0.00020033500000000003 0.62587949062545845 0.25206111083856975 -0.82899557272681157 -0.72102888505294738 56.111199874827221 0.00026242147329634568 26.350000000000005 603.50000000000011 484.50000000000006 0.00021247959199887707 0.75206010627302755 24.150000000000002
decision_type=2 2 2 2 2 2 2 2 2 2 2 2 2 2 2 2 2 2 2 2 2 2 2 2 2 2 2 2 2 2
left_child=1 2 3 4 5 -1 -6 8 -3 -10 13 12 -12 15 -15 -9 -4 26 -18 22 -21 -22 24 -23 -19 -26 27 -2 -24 -30
right_child=17 7 16 -5 6 -7 -8 10 9 -11 11 -13 -14 14 -16 -17 18 19 -20 20 21 23 28 -25 25 -27 -28 -29 29 -31
leaf_value=-3.1844566540877914e-06 -5.2730415920753775e-07 -3.7736411830116058e-06 1.7100167168848659e-06 -5.9345936278987212e-06 8.6220453971447973e-07 1.160644668186638e-06 3.2632976701485458e-06 1.2314813184151139e-06 -2.8238270526041262e-06 4.4240262050152521e-06 1.4908892447622402e-06 -3.161510970916094e-06 4.5770954858823265e-06 -1.9414831624062775e-08 -5.0598118832567707e-06 -6.578166543963924e-07 6.2236598314484581e-06 2.5646647102917087e-06 3.6983977706768202e-06 -2.6972076117363647e-06 2.2994427491414235e-06 3.3202801838937416e-07 -5.1631637270966668e-07 -1.5514949588350919e-06 1.7426373425505083e-06 -1.5084271922205518e-07 -1.4936237722519184e-06 1.0753760616353247e-06 7.5856379764944069e-07 -2.7752826335150845e-08
leaf_weight=22 4099 39 30 24 89 337 160 717 24 25 168 33 68 361 25 113 25 20 25 37 29 99 37 26 21 20 22 25 52 82
leaf_count=22 4099 39 30 24 89 337 160 717 24 25 168 33 68 361 25 113 25 20 25 37 29 99 37 26 21 20 22 25 52 82
internal_value=3.69509e-15 9.21242e-07 1.51245e-06 1.23024e-06 1.51306e-06 8.94371e-07 2.40508e-06 6.53639e-07 -1.18572e-06 8.74057e-07 7.62638e-07 1.7003e-06 2.38014e-06 5.5521e-07 -3.45865e-07 9.74264e-07 3.7419e-06 -4.60722e-07 4.96103e-06 1.47416e-07 -2.12466e-07 3.84518e-07 4.43697e-07 -5.97448e-08 1.39134e-06 8.18989e-07 -5.22768e-07 -5.17589e-07 1.05648e-07 2.77385e-07
internal_weight=6854 2285 712 632 608 359 249 1573 88 49 1485 269 236 1216 386 830 80 4569 50 423 191 154 232 125 61 41 4146 4124 171 134
internal_count=6854 2285 712 632 608 359 249 1573 88 49 1485 269 236 1216 386 830 80 4569 50 423 191 154 232 125 61 41 4146 4124 171 134
is_linear=0
shrinkage=0.05


Tree=56
num_leaves=31
num_cat=0
split_feature=9 3 9 2 15 4 14 5 24 4 0 3 0 27 14 14 14 14 15 17 9 15 2 15 25 24 26 16 14 8
split_gain=1.05324e-06 1.41984e-07 1.22935e-07 1.20364e-07 2.1888e-07 1.17954e-07 1.87114e-07 1.02199e-07 8.81891e-08 7.38614e-08 6.22873e-08 5.03538e-08 2.48002e-08 2.26972e-08 4.77433e-08 2.97228e-08 6.9392e-08 2.6035e-08 1.99633e-08 1.9131e-08 1.80079e-08 2.20988e-08 2.41999e-08 1.12332e-08 1.67811e-08 1.35404e-08 8.02804e-09 6.67378e-09 5.34077e-09 6.4899e-09
threshold=35.805800086635493 15.250000000000002 17.789569957775601 241.50000000000003 -0.99938741687870725 1.5000000000000002 -0.95754239937548935 17.350000000000005 0.00029080259479390982 46.500000000000007 681.50000000000011 20.150000000000002 374.50000000000006 2.8333333333333335 0.76140650896573503 0.54940630780725741 0.30164402523644185 0.68432406471780916 0.64577863604729235 0.70154653175691395 32.013370755761891 -0.52034141052533245 130.50000000000003 0.63255009372278048 0.00037011619002969221 0.00015063963026336682 4.5168161783879349e-05 312.71500000000009 0.67802080537253973 93.066833385459475
decision_type=2 2 2 2 2 2 2 2 2 2 2 2 2 2 2 2 2 2 2 2 2 2 2 2 2 2 2 2 2 2
left_child=2 -2 26 4 -3 7 -7 -6 19 11 -11 -10 20 14 18 16 -15 -17 -14 -5 23 22 -22 24 -4 -25 -1 28 -28 -30
right_child=1 3 12 8 5 6 -8 -9 9 10 -12 -13 13 15 -16 17 -18 -19 -20 -21 21 -23 -24 25 -26 -27 27 -29 29 -31
leaf_value=-5.165031897524457e-07 -2.8137426108780047e-06 -4.3161375589306767e-06 2.2574626506436807e-07 2.8428431462435539e-06 1.6682934919529535e-06 -1.4165358873168108e-06 8.3924875454474995e-07 -4.826875631519603e-07 4.9152967335430736e-06 1.5191342234860848e-06 -7.7673036223302462e-07 2.1031564099069866e-06 3.5171878695431742e-07 -2.1957759395263568e-07 -1.4035101361459416e-06 1.3221802400802254e-06 -2.9427047046226564e-06 -3.7598932160480799e-07 1.7466489547197335e-06 4.8718869720687508e-06 -6.7527112128118463e-07 2.3565936021379519e-06 1.2728001575045381e-06 2.6637889050107333e-07 -1.1709561966239088e-06 1.8280938317369202e-06 -2.2589249749483495e-07 -6.7362311083071737e-07 -2.4812472322111034e-07 9.9635392720126048e-07
leaf_weight=3802 24 20 331 21 583 104 792 61 20 113 40 78 96 75 33 31 34 83 35 26 25 23 44 35 23 23 170 67 20 22
leaf_count=3802 24 20 331 21 583 104 792 61 20 113 40 78 96 75 33 31 34 83 35 26 25 23 44 35 23 23 170 67 20 22
internal_value=2.50337e-15 1.00744e-06 -3.81335e-07 1.0568e-06 8.80906e-07 9.484e-07 5.77417e-07 1.46455e-06 1.97756e-06 1.60536e-06 9.18908e-07 2.67706e-06 1.50757e-07 -1.50279e-07 2.96231e-07 -4.78654e-07 -1.06899e-06 8.57936e-08 7.2441e-07 3.96529e-06 3.8191e-07 1.01438e-06 5.66977e-07 2.40678e-07 1.35e-07 8.8568e-07 -4.97506e-07 -2.38628e-07 -1.01153e-07 4.03745e-07
internal_weight=6854 1882 4972 1858 1560 1540 896 644 298 251 153 98 891 387 164 223 109 114 131 47 504 92 69 412 354 58 4081 279 212 42
internal_count=6854 1882 4972 1858 1560 1540 896 644 298 251 153 98 891 387 164 223 109 114 131 47 504 92 69 412 354 58 4081 279 212 42
is_linear=0
shrinkage=0.05


Tree=57
num_leaves=31
num_cat=0
split_feature=9 9 7 0 27 21 11 20 20 21 27 27 18 18 0 26 0 4 23 6 7 20 19 20 18 7 6 18 7 19
split_gain=9.50553e-07 1.10949e-07 9.43185e-08 1.19258e-07 8.90816e-08 8.63269e-08 1.22391e-07 1.35448e-07 8.76656e-08 8.56848e-08 7.77243e-08 2.16026e-07 1.35487e-07 5.76295e-08 5.73773e-08 7.10696e-08 4.09203e-08 2.79433e-08 2.72505e-08 2.50933e-08 4.47761e-08 2.32709e-08 2.25049e-08 1.94048e-08 1.6795e-08 1.15503e-08 7.33325e-09 4.32899e-09 8.40007e-09 3.55929e-09
threshold=35.805800086635493 17.789569957775601 14.833017467908734 971.50000000000011 1.0000000180025095e-35 685.50000000000011 49.98125000000001 0.00080633000000000018 0.00040789000000000005 974.50000000000011 44.500000000000007 66.166666666666671 0.00046704500000000008 0.00065462000000000018 807.50000000000011 0.00072945381651665596 468.50000000000006 44.500000000000007 610.50000000000011 0.00032666500000000007 57.597462683824602 0.00023904500000000001 0.00064460500000000013 0.00030705500000000003 0.0008074750000000001 60.616776682589624 7.4050000000000003e-06 1.8760000000000003e-05 74.576666967102838 0.00015806500000000001
decision_type=2 2 2 2 2 2 2 2 2 2 2 2 2 2 2 2 2 2 2 2 2 2 2 2 2 2 2 2 2 2
left_child=1 26 3 13 -5 8 10 9 16 -8 12 -12 -7 -2 15 -10 -4 24 19 20 -3 -21 -18 -23 -15 -22 -1 28 -28 -29
right_child=2 18 5 4 -6 6 7 -9 14 -11 11 -13 -14 17 -16 -17 22 -19 -20 21 25 23 -24 -25 -26 -27 27 29 -30 -31
leaf_value=-5.0080978888290328e-07 4.7525612405385394e-06 -2.309329606543456e-06 9.4072786079270648e-07 2.5071018455946615e-06 -1.800875202206953e-06 -2.2854999818507211e-06 1.4593768368850598e-06 -2.7441902843698385e-06 1.0028609469770933e-06 -5.8546621399512076e-07 -4.5812334623665915e-06 2.9104472124922374e-07 7.6973657311305816e-07 2.1319576999617153e-06 2.9326946215971131e-06 -1.8207468762600751e-06 2.6438574542947643e-06 6.0642085868846064e-07 -1.4842308519291692e-06 1.9343704978452411e-06 1.0967732521294239e-06 -1.0534124356809116e-06 4.5881998069965206e-06 4.7896930008040334e-07 3.5736095440135558e-06 -8.5413832841040618e-09 5.7854213668662175e-07 -4.0763954263515829e-07 -2.7339263923871747e-07 -1.0845550595511051e-06
leaf_weight=3468 29 21 26 20 30 44 389 23 717 59 35 65 207 58 37 23 46 21 25 26 25 22 22 339 31 433 32 258 302 21
leaf_count=3468 29 21 26 20 30 44 389 23 717 59 35 65 207 58 37 23 46 21 25 26 25 22 22 339 31 433 32 258 302 21
internal_value=-4.04019e-15 -3.62268e-07 9.57066e-07 2.01646e-06 -7.76844e-08 8.38799e-07 4.71274e-07 9.97959e-07 1.18565e-06 1.19008e-06 -2.35475e-07 -1.41425e-06 2.34157e-07 2.76975e-06 1.01118e-06 9.151e-07 2.62784e-06 2.247e-06 1.43219e-07 1.90201e-07 -5.17224e-08 4.89636e-07 3.27291e-06 3.85583e-07 2.63411e-06 5.17924e-08 -4.72631e-07 -3.1321e-07 -1.9177e-07 -4.5859e-07
internal_weight=6854 4972 1882 189 50 1693 822 471 871 448 351 100 251 139 777 740 94 110 891 866 479 387 68 361 89 458 4081 613 334 279
internal_count=6854 4972 1882 189 50 1693 822 471 871 448 351 100 251 139 777 740 94 110 891 866 479 387 68 361 89 458 4081 613 334 279
is_linear=0
shrinkage=0.05


Tree=58
num_leaves=31
num_cat=0
split_feature=7 14 14 14 14 14 14 15 14 15 27 4 14 7 7 23 6 23 9 18 17 21 14 20 20 17 6 9 20 20
split_gain=8.60176e-07 9.71538e-08 1.27434e-07 2.18393e-07 2.32207e-07 1.55854e-07 3.27577e-07 1.61199e-07 1.21674e-07 1.13928e-07 1.03251e-07 4.59758e-07 7.63763e-08 6.89863e-08 6.72224e-08 1.91259e-08 1.71621e-08 1.88485e-08 3.34703e-08 1.6094e-08 6.52599e-09 9.83402e-09 9.17679e-09 7.69966e-09 3.57039e-09 3.10063e-09 2.73203e-09 2.46471e-09 1.92111e-09 1.13491e-09
threshold=57.597462683824602 -0.99940763397299126 -0.93879691571722779 -0.96902457013955734 -0.95754239937548935 0.25206111083856975 0.3744682635859638 0.20812153622207724 0.31799963745711152 -0.99938741687870725 11.500000000000002 1.5000000000000002 -0.98803845231459242 42.803671912697233 72.425688617615464 494.50000000000006 0.00043997000000000003 448.50000000000006 31.034214623916995 0.00049046000000000018 0.68068488633760216 7.5000000000000009 0.3744682635859638 0.00010882000000000002 0.00010487000000000002 0.90083911071565415 5.9025000000000005e-05 14.889396289071593 0.00012268000000000004 7.4475000000000021e-05
decision_type=2 2 2 2 2 2 2 2 2 2 2 2 2 2 2 2 2 2 2 2 2 2 2 2 2 2 2 2 2 2
left_child=1 -1 3 10 -5 9 8 -8 -7 -4 11 -3 -12 -11 15 16 17 18 -2 -17 27 22 25 -24 26 -22 -23 28 29 -16
right_child=14 2 5 4 -6 6 7 -9 -10 13 12 -13 -14 -15 20 19 -18 -19 -20 -21 21 24 23 -25 -26 -27 -28 -29 -30 -31
leaf_value=3.7666393771879872e-06 7.4735098615697726e-08 1.8746414128874751e-06 -1.243894547554704e-06 -5.6817564978755953e-06 8.7215366383551972e-08 -5.8942157859466822e-07 3.7653840791802304e-07 1.7209220174612366e-06 -4.1619594189124994e-06 1.9695450517022174e-06 4.1845530754122034e-06 -6.0855171446186999e-06 9.2327193097562181e-07 9.0375636344478243e-07 -4.7301465865299483e-07 -1.7358982560153891e-06 -1.0865487201254627e-06 1.4061808183640779e-06 1.9465592777123675e-06 -5.4041742265036946e-08 -4.4861841667231115e-07 -4.4204197866168354e-07 -3.241452080082752e-08 9.910013569183588e-07 -9.4002909296619923e-07 1.4144239422135327e-07 -4.1696768457954099e-08 -1.0157825586464328e-06 4.316360889875103e-09 -8.2542164225584293e-07
leaf_weight=28 534 60 36 33 37 52 659 337 44 490 26 26 58 220 3416 25 26 32 25 33 79 327 40 34 32 31 49 21 21 23
leaf_count=28 534 60 36 33 37 52 659 337 44 490 26 26 58 220 3416 25 26 32 25 33 79 327 40 34 32 31 49 21 21 23
internal_value=-9.24044e-15 8.41042e-07 8.01621e-07 -2.81949e-07 -2.63244e-06 9.4311e-07 5.62558e-07 8.31415e-07 -2.22683e-06 1.50017e-06 6.85901e-07 -5.31918e-07 1.93272e-06 1.6393e-06 -3.73049e-07 8.90951e-08 1.70697e-07 2.26007e-07 1.58448e-07 -7.7898e-07 -4.49638e-07 -2.96166e-07 7.28981e-09 4.37804e-07 -4.33019e-07 -2.82329e-07 -3.89869e-07 -4.75738e-07 -4.7246e-07 -4.75372e-07
internal_weight=6854 2106 2078 240 70 1838 1092 996 96 746 170 86 84 710 4748 675 617 591 559 58 4073 592 184 74 408 110 376 3481 3460 3439
internal_count=6854 2106 2078 240 70 1838 1092 996 96 746 170 86 84 710 4748 675 617 591 559 58 4073 592 184 74 408 110 376 3481 3460 3439
is_linear=0
shrinkage=0.05


Tree=59
num_leaves=31
num_cat=0
split_feature=9 14 15 11 14 5 15 14 4 14 5 14 4 14 5 15 7 1 26 6 14 4 22 22 27 15 15 16 27 1
split_gain=7.77373e-07 9.51022e-08 3.07577e-07 1.87159e-07 1.64162e-07 3.34291e-07 2.44873e-07 1.77755e-07 4.35039e-07 1.59434e-07 1.54402e-07 1.3968e-07 1.21917e-07 1.12678e-07 1.11975e-07 1.01044e-07 8.99815e-08 2.2214e-08 3.65449e-08 2.72946e-08 2.95717e-08 2.71548e-08 1.82962e-08 1.54751e-08 1.44478e-08 2.11338e-08 2.87763e-08 2.39203e-08 1.69729e-08 1.00273e-08
threshold=35.805800086635493 0.98049069993378934 0.063390085881955341 51.618750000000006 0.95242846126021108 11.250000000000002 -0.23537842981696178 0.90892735371523092 19.500000000000004 0.99907018497641664 10.550000000000002 0.86113431103781346 96.500000000000014 0.77244481603295057 14.450000000000001 0.44504239796885176 69.349411252547171 404.35000000000008 0.00042285504610870477 0.00033561499999999999 0.25206111083856975 16.500000000000004 821.00000000000011 247.50000000000003 46.833333333333336 -0.19337245081799007 -0.72102888505294738 511.92500000000007 24.833333333333339 327.60000000000008
decision_type=2 2 2 2 2 2 2 2 2 2 2 2 2 2 2 2 2 2 2 2 2 2 2 2 2 2 2 2 2 2
left_child=16 4 3 9 7 6 -6 11 -9 14 -4 13 -10 -2 -3 -13 17 24 19 20 -19 -20 -8 -21 28 26 -26 -27 29 -1
right_child=1 2 10 -5 5 -7 22 8 12 -11 -12 15 -14 -15 -16 -17 -18 18 21 23 -22 -23 -24 -25 25 27 -28 -29 -30 -31
leaf_value=1.2363281155361703e-06 1.0039896489189081e-06 2.2031900365012311e-06 -5.6812650823471985e-07 -3.0524349313054701e-06 -2.9386380091360164e-06 8.1102376195000654e-06 2.4763551507367948e-06 -7.062768963805866e-06 -8.1086841472042166e-07 -2.6482712980526103e-07 -5.8223649806803165e-06 4.2489849117070357e-06 3.6374896012603133e-06 -6.4631247863441594e-07 7.0331140113921718e-06 3.4983846646241546e-07 -4.1824354701639614e-07 3.070049279758753e-07 -1.8343007054018776e-07 -7.499831583671672e-07 -7.8954394823540495e-07 -2.6153815778942855e-06 4.589441991811328e-06 6.0947279836108067e-07 7.5867698408979648e-07 1.6335286302417572e-06 -1.4001976830623983e-06 -1.4117139102154397e-07 1.9852745969514861e-06 -2.9115003436735218e-07
leaf_weight=22 1352 30 27 20 23 24 21 24 43 35 29 54 24 112 20 24 4208 121 24 23 125 22 20 233 29 43 33 34 34 21
leaf_count=22 1352 30 27 20 23 24 21 24 43 35 29 54 24 112 20 24 4208 121 24 23 125 22 20 233 29 43 33 34 34 21
internal_value=-9.32668e-15 8.65503e-07 -2.96569e-07 1.29943e-06 9.74215e-07 3.07783e-06 1.19068e-06 8.60854e-07 -1.28653e-06 2.3234e-06 -3.28907e-06 9.8758e-07 7.82573e-07 8.77737e-07 4.13516e-06 3.04925e-06 -3.2761e-07 1.71588e-07 2.32014e-09 1.25921e-07 -2.50185e-07 -1.34654e-06 3.50713e-06 4.87334e-07 6.01025e-07 2.96669e-07 -3.90401e-07 8.49895e-07 1.15045e-06 4.9035e-07
internal_weight=6854 1882 161 105 1721 88 64 1633 91 85 56 1542 67 1464 50 78 4972 764 548 502 246 46 41 256 216 139 62 77 77 43
internal_count=6854 1882 161 105 1721 88 64 1633 91 85 56 1542 67 1464 50 78 4972 764 548 502 246 46 41 256 216 139 62 77 77 43
is_linear=0
shrinkage=0.05


Tree=60
num_leaves=31
num_cat=0
split_feature=13 2 14 14 14 14 14 26 25 14 26 26 5 2 11 6 14 14 24 14 25 8 14 8 17 8 5 22 6 22
split_gain=7.04617e-07 1.08911e-07 9.58929e-08 1.56551e-07 2.28085e-07 1.60748e-07 1.55e-07 1.68875e-07 1.07575e-07 8.46591e-08 6.5701e-08 7.16877e-08 9.53588e-08 6.30139e-08 5.32669e-08 3.98813e-08 1.34181e-08 9.94552e-08 9.04133e-08 2.68233e-08 2.87159e-08 2.15466e-08 1.8196e-08 1.00262e-08 5.89129e-09 8.56422e-09 8.14812e-09 1.45845e-08 1.00915e-08 7.54698e-09
threshold=-0.5 252.50000000000003 -0.99940763397299126 -0.93879691571722779 -0.96902457013955734 -0.95754239937548935 -0.083760455055074887 0.0007782154805874847 0.00033571830758056875 0.9916835347852474 0.00034800319734417084 0.00059671911253290368 11.350000000000003 150.50000000000003 43.328125000000007 0.00020033500000000003 0.25206111083856975 0.54940630780725741 0.00028533201201385124 0.68432406471780916 0.00026242147329634568 267.3648935667257 0.036545658007091128 273.59079557098869 0.5420105766062554 241.23905159122384 15.750000000000002 204.50000000000003 0.00017018500000000002 95.500000000000014
decision_type=2 2 2 2 2 2 2 2 2 2 2 2 2 2 2 2 2 2 2 2 2 2 2 2 2 2 2 2 2 2
left_child=1 2 -1 4 8 -6 13 -8 -4 10 -3 14 -13 -5 -12 24 21 18 -18 -19 -21 -17 23 -23 -2 29 28 -28 -27 -26
right_child=15 9 3 6 5 -7 7 -9 -10 -11 11 12 -14 -15 -16 16 17 19 -20 20 -22 22 -24 -25 25 26 27 -29 -30 -31
leaf_value=3.3124933409567348e-06 -4.3515834009455445e-07 4.3209015546852716e-06 2.2348164100199703e-06 5.0486988629994649e-07 -5.1405820300213891e-06 -5.3996685326981954e-07 5.1237809143003989e-07 -3.4147023338196704e-06 -4.4561486782961271e-07 -1.1775191435093724e-06 1.4066598681403357e-06 3.4065338681874424e-07 3.579458613313513e-06 1.7947968068648179e-06 -1.3091131088458496e-06 -9.8066388426192427e-08 -4.6051404183344864e-08 1.5299984352766745e-06 -4.8003480668512572e-06 4.3011104471536354e-07 -1.4636460681808437e-06 1.4878563845178134e-06 2.117647528868237e-06 2.3351286857015993e-07 -1.5750413035935362e-07 -3.9105573256317959e-07 -3.8473543355621588e-07 1.2689232300999721e-06 -1.2816132677993237e-06 5.9954570751585835e-07
leaf_weight=32 3332 27 54 127 39 37 1228 28 122 23 65 33 73 372 25 122 20 38 20 87 26 21 23 66 186 494 40 20 34 40
leaf_count=32 3332 27 54 127 39 37 1228 28 122 23 65 33 73 372 25 122 20 38 20 87 26 21 23 66 186 494 40 20 34 40
internal_value=-1.81803e-15 7.16872e-07 5.96972e-07 5.53675e-07 -6.11692e-07 -2.90081e-06 7.21009e-07 4.24832e-07 3.7679e-07 1.71068e-06 2.00857e-06 1.69004e-06 2.57115e-06 1.4665e-06 6.52278e-07 -3.58515e-07 1.03961e-07 -2.06404e-07 -2.4232e-06 3.80827e-07 -5.62068e-09 3.59477e-07 8.66934e-07 5.36285e-07 -4.05699e-07 -2.85112e-07 -3.85659e-07 1.66484e-07 -4.48402e-07 -2.3513e-08
internal_weight=6854 2285 2039 2007 252 76 1755 1256 176 246 223 196 106 499 90 4569 423 191 40 151 113 232 110 87 4146 814 588 60 528 226
internal_count=6854 2285 2039 2007 252 76 1755 1256 176 246 223 196 106 499 90 4569 423 191 40 151 113 232 110 87 4146 814 588 60 528 226
is_linear=0
shrinkage=0.05


Tree=61
num_leaves=27
num_cat=0
split_feature=13 2 23 19 21 15 9 22 21 19 15 24 20 4 24 15 17 5 7 0 11 26 22 2 3 17
split_gain=6.41761e-07 1.05626e-07 1.46269e-07 1.00394e-07 1.1131e-07 8.32255e-08 7.16472e-08 1.18406e-07 1.021e-07 7.18851e-08 6.72344e-08 6.18196e-08 5.46713e-08 9.06835e-08 7.98323e-08 6.05737e-08 4.73478e-08 4.24512e-08 3.967e-08 3.54447e-08 2.54954e-08 2.20118e-08 2.58043e-08 2.15743e-08 1.30058e-08 3.35143e-09
threshold=-0.60355339059327384 252.50000000000003 1003.5000000000001 0.00070192000000000008 987.00000000000011 -0.99628250747696534 50.055519368149369 775.50000000000011 827.50000000000011 0.00056040500000000015 -0.77788789561442695 0.00039070420994253852 0.00050042000000000012 47.500000000000007 0.00042340972222222226 -0.56369940867848845 0.58498003824604972 13.350000000000003 72.425688617615464 648.50000000000011 49.103125000000006 0.00059671911253290368 888.50000000000011 292.50000000000006 27.850000000000005 0.65488990024524429
decision_type=2 2 2 2 2 2 2 2 2 2 2 2 2 2 2 2 2 2 2 2 2 2 2 2 2 2
left_child=1 2 3 4 10 -5 7 8 18 -9 -1 -7 23 21 16 -16 -15 20 19 -2 -10 -14 -23 -3 -8 -20
right_child=6 12 -4 5 -6 11 24 9 17 -11 -12 -13 13 14 15 -17 -18 -19 25 -21 -22 22 -24 -25 -26 -27
leaf_value=1.2685828912623463e-06 9.6952428639677572e-08 2.2875239380937275e-06 -3.4275431682379516e-06 -1.3500766002565528e-06 -2.3233660674090325e-06 4.034500048162401e-06 2.6984063288892914e-06 -5.0467528386174573e-06 -2.2069935382135625e-07 -8.582712803217874e-07 3.5640556660953206e-07 1.3652000803990048e-06 1.5196630145163952e-06 -4.1630244140833383e-08 1.2066082267665481e-06 -1.9971207671905705e-06 2.9779151879444507e-06 3.5709685721485583e-06 -4.1115163029413802e-07 -1.689578344855269e-06 2.1538341215432412e-06 4.4751096681836694e-06 2.1055486433851911e-06 4.6099318421966021e-06 8.9522713437872885e-07 -2.827880990712317e-07
leaf_weight=251 651 20 22 27 35 23 20 21 26 20 1035 381 21 20 25 36 37 20 3430 29 20 27 20 20 20 597
leaf_count=251 651 20 22 27 35 23 20 21 26 20 1035 381 21 20 25 36 37 20 3430 29 20 27 20 20 20 597
internal_value=4.85445e-15 7.53737e-07 6.24043e-07 6.74919e-07 4.58725e-07 1.33755e-06 -3.10563e-07 -3.28073e-07 -3.05091e-07 -3.00359e-06 5.34443e-07 1.51717e-06 1.77177e-06 1.41113e-06 5.73043e-07 -6.84117e-07 1.91843e-06 1.64785e-06 -3.32474e-07 2.07621e-08 8.11707e-07 2.86547e-06 3.46679e-06 3.44873e-06 1.79682e-06 -3.92122e-07
internal_weight=6854 2000 1774 1752 1321 431 4854 4814 4773 41 1286 404 226 186 118 61 57 66 4707 680 46 68 47 40 40 4027
internal_count=6854 2000 1774 1752 1321 431 4854 4814 4773 41 1286 404 226 186 118 61 57 66 4707 680 46 68 47 40 40 4027
is_linear=0
shrinkage=0.05


Tree=62
num_leaves=23
num_cat=0
split_feature=9 3 2 15 23 9 18 25 4 21 18 23 6 23 23 14 3 19 2 22 16 9
split_gain=5.83488e-07 1.11513e-07 8.72771e-08 1.82834e-07 1.07354e-07 1.01945e-07 7.26883e-08 6.39767e-08 5.80482e-08 8.64997e-08 3.57646e-08 2.24158e-08 2.36983e-08 2.99054e-08 2.66375e-08 2.25411e-08 2.76695e-08 2.05434e-08 1.96376e-08 1.10328e-08 4.17688e-09 7.53348e-09
threshold=35.805800086635493 15.250000000000002 241.50000000000003 -0.99938741687870725 1003.5000000000001 75.226761051572296 0.00030751000000000004 6.586881873569678e-05 46.500000000000007 463.50000000000006 0.00058471000000000011 610.50000000000011 0.00032666500000000007 484.50000000000006 442.50000000000006 -0.7217484125045438 20.950000000000003 0.00043997000000000003 118.50000000000001 238.50000000000003 258.61000000000007 10.065953215301457
decision_type=2 2 2 2 2 2 2 2 2 2 2 2 2 2 2 2 2 2 2 2 2 2
left_child=7 -2 3 -3 5 -5 -4 18 10 -10 -8 12 13 14 -9 16 -14 -17 19 20 21 -1
right_child=1 2 6 4 -6 -7 8 11 9 -11 -12 -13 15 -15 -16 17 -18 -19 -20 -21 -22 -23
leaf_value=-3.8244643113377521e-07 -2.6365660785880135e-06 -4.106055127977016e-06 4.0025656996281865e-06 6.3245713599899905e-07 -2.8449947681760286e-06 2.1284621900340811e-06 3.8102520946381449e-07 -7.1275118686110596e-08 2.9336602412715571e-06 1.7089711501110534e-07 2.7420475355287594e-06 -1.4235456484925636e-06 1.138384051040992e-06 -1.469450331620231e-06 1.6268285413900685e-06 9.2417085224489683e-07 -9.5970240412735959e-07 8.5940200544124924e-08 -1.9032787371369999e-06 8.011678340835716e-07 -1.048017398004405e-06 1.0790937923221833e-07
leaf_weight=3746 24 20 28 1395 21 124 20 612 36 133 81 25 22 37 24 187 55 120 21 20 23 80
leaf_count=3746 24 20 28 1395 21 124 20 612 36 133 81 25 22 37 24 187 55 120 21 20 23 80
internal_value=5.60399e-15 7.49842e-07 7.93585e-07 6.43808e-07 7.05495e-07 7.5458e-07 1.57765e-06 -2.8383e-07 1.32618e-06 7.59415e-07 2.27452e-06 5.62466e-08 9.12464e-08 -8.75871e-08 -7.19574e-09 4.04671e-07 -3.60249e-07 5.96524e-07 -3.78422e-07 -3.70145e-07 -3.76232e-07 -3.72193e-07
internal_weight=6854 1882 1858 1560 1540 1519 298 4972 270 169 101 1082 1057 673 636 384 77 307 3890 3869 3849 3826
internal_count=6854 1882 1858 1560 1540 1519 298 4972 270 169 101 1082 1057 673 636 384 77 307 3890 3869 3849 3826
is_linear=0
shrinkage=0.05


Tree=63
num_leaves=29
num_cat=0
split_feature=9 14 15 11 14 15 14 4 26 14 26 14 4 4 23 14 25 23 23 6 26 23 23 14 2 26 26 6
split_gain=5.26598e-07 8.11042e-08 2.6917e-07 1.68726e-07 1.53867e-07 2.25133e-07 1.53497e-07 3.87618e-07 1.44595e-07 1.42052e-07 1.31292e-07 1.22291e-07 1.07855e-07 1.02367e-07 9.83419e-08 9.70781e-08 5.7739e-08 5.65147e-08 2.02302e-08 2.14845e-08 3.1833e-08 2.78967e-08 2.59772e-08 2.06422e-08 1.77229e-08 1.28311e-08 3.15689e-09 5.41534e-09
threshold=35.805800086635493 0.98049069993378934 0.063390085881955341 51.618750000000006 0.95242846126021108 0.24164313636530552 0.90892735371523092 19.500000000000004 0.00048874215924437855 0.99907018497641664 0.00063365167530476691 0.86113431103781346 96.500000000000014 59.500000000000007 766.50000000000011 0.77244481603295057 6.586881873569678e-05 594.50000000000011 610.50000000000011 0.00033561499999999999 0.00019740510118676987 484.50000000000006 442.50000000000006 -0.7217484125045438 118.50000000000001 0.00011115858430144216 7.3392301621859804e-05 5.9025000000000005e-05
decision_type=2 2 2 2 2 2 2 2 2 2 2 2 2 2 2 2 2 2 2 2 2 2 2 2 2 2 2 2
left_child=16 4 3 9 6 10 11 -8 -4 13 17 15 -9 -3 -13 -2 24 -6 19 21 -21 22 -18 -22 25 26 27 -1
right_child=1 2 8 -5 5 -7 7 12 -10 -11 -12 14 -14 -15 -16 -17 18 -19 -20 20 23 -23 -24 -25 -26 -27 -28 -29
leaf_value=-3.6147176005095586e-07 8.3516523471185967e-07 5.6618399306292611e-06 2.4846264750522096e-07 -2.9997634010214826e-06 1.4048005833444677e-06 6.8639874371001497e-06 -6.744827182577258e-06 -8.3814496562364751e-07 -5.0539600613951232e-06 -3.3859288123494485e-07 4.2663425673432043e-06 1.6017389676841793e-06 3.3458215672984205e-06 1.0437865500989576e-06 5.4952498549423387e-06 -6.9664054030178187e-07 -6.302052768397664e-08 -2.3540134452559871e-06 -1.3523683712719504e-06 1.9855497161470651e-06 -5.0517815452622017e-07 -1.3766296577754334e-06 1.5805925721679159e-06 4.5907159453088468e-07 -1.8081148092668238e-06 9.1152948982653465e-07 -9.5543506197579764e-07 1.7297348343612668e-07
leaf_weight=3779 1352 30 20 20 20 25 24 43 36 35 23 55 24 20 23 112 626 20 25 29 70 39 25 268 21 20 22 48
leaf_count=3779 1352 30 20 20 20 25 24 43 36 35 23 55 24 20 23 112 626 20 25 29 70 39 25 268 21 20 22 48
internal_value=-4.83629e-16 7.1235e-07 -3.60798e-07 1.13224e-06 8.12743e-07 2.84933e-06 7.02994e-07 -1.29249e-06 -3.16024e-06 2.10447e-06 1.25622e-06 8.20756e-07 6.60589e-07 3.81462e-06 2.74983e-06 7.17978e-07 -2.69638e-07 -4.74606e-07 5.34342e-08 8.66841e-08 3.95776e-07 -7.77168e-08 9.8255e-11 2.59375e-07 -3.59501e-07 -3.51638e-07 -3.58202e-07 -3.54769e-07
internal_weight=6854 1882 161 105 1721 88 1633 91 56 85 63 1542 67 50 78 1464 4972 40 1082 1057 367 690 651 338 3890 3869 3849 3827
internal_count=6854 1882 161 105 1721 88 1633 91 56 85 63 1542 67 50 78 1464 4972 40 1082 1057 367 690 651 338 3890 3869 3849 3827
is_linear=0
shrinkage=0.05


Tree=64
num_leaves=24
num_cat=0
split_feature=13 7 21 14 14 14 14 25 14 19 26 25 23 11 25 23 25 19 15 17 22 5 26
split_gain=4.79337e-07 7.82782e-08 1.00097e-07 7.70835e-08 9.50683e-08 1.9072e-07 1.9983e-07 1.1707e-07 8.64623e-08 8.20613e-08 6.48176e-08 6.71669e-08 6.26311e-08 7.25062e-08 6.1509e-08 3.92439e-08 3.90241e-08 3.35664e-08 3.35652e-08 2.9919e-08 4.0338e-08 1.65591e-08 4.35279e-09
threshold=-0.60355339059327384 14.833017467908734 886.50000000000011 -0.99940763397299126 -0.93273441465163176 -0.96902457013955734 -0.95754239937548935 0.00045042996792981829 -0.91289842852956904 0.00010323000000000001 0.00072429492301114397 0.00069292071768410212 805.50000000000011 48.571875000000013 0.0005660400028181 766.50000000000011 0.00046164350660397559 0.00022202500000000002 -0.90161545992537195 0.99065583073017305 775.50000000000011 9.7500000000000018 0.00073457243935596422
decision_type=2 2 2 2 2 2 2 2 2 2 2 2 2 2 2 2 2 2 2 2 2 2 2
left_child=1 2 14 -3 5 7 -7 -5 -6 -10 11 -4 13 15 -1 16 17 -2 22 20 21 -15 -16
right_child=12 3 10 4 8 6 -8 -9 9 -11 -12 -13 -14 19 18 -17 -18 -19 -20 -21 -22 -23 -24
leaf_value=4.9280701394612464e-06 -3.2860250972349061e-07 3.1534403482120458e-06 -4.3657383961861183e-07 2.0454810595159267e-06 3.8454475976496254e-06 -5.2302800882638884e-06 -2.4000281340936744e-07 -5.6777440300237454e-07 -2.416459156765169e-06 6.5981946866119044e-07 -1.1152778661665088e-06 3.1815745550265378e-06 -2.8713734845654395e-06 2.3418462793263949e-06 3.473255267072957e-06 1.6518845287604425e-06 -2.2277446078078356e-06 1.2932578765356093e-07 8.2818236767872639e-07 2.7188295860014481e-06 -1.0330089655606292e-06 6.5550094601545629e-07 2.442582203912025e-06
leaf_weight=24 4229 28 23 75 21 35 47 100 22 1483 39 29 23 24 21 26 26 442 33 21 26 37 20
leaf_count=24 4229 28 23 75 21 35 47 100 22 1483 39 29 23 24 21 26 26 442 33 21 26 37 20
internal_value=4.55415e-16 6.51408e-07 1.61969e-06 5.50356e-07 5.09477e-07 -3.8018e-07 -2.37e-06 5.52192e-07 6.59308e-07 6.14851e-07 4.25589e-07 1.58124e-06 -2.68401e-07 -2.56008e-07 2.72851e-06 -2.853e-07 -2.96023e-07 -2.8527e-07 2.01514e-06 1.02495e-06 6.16088e-07 1.31898e-06 2.97049e-06
internal_weight=6854 2000 189 1811 1783 257 82 175 1526 1505 91 52 4854 4831 98 4723 4697 4671 74 108 87 61 41
internal_count=6854 2000 189 1811 1783 257 82 175 1526 1505 91 52 4854 4831 98 4723 4697 4671 74 108 87 61 41
is_linear=0
shrinkage=0.05


Tree=65
num_leaves=27
num_cat=0
split_feature=9 3 2 15 23 19 18 23 21 25 7 17 23 14 3 18 17 21 20 1 7 14 6 20 19 16
split_gain=4.35991e-07 9.1819e-08 7.4235e-08 1.30825e-07 9.67426e-08 1.03032e-07 7.40278e-08 5.58703e-08 1.53081e-07 6.90992e-08 4.58512e-08 2.67342e-08 2.23544e-08 2.03293e-08 3.45112e-08 1.46519e-08 6.73273e-09 9.45229e-09 8.64903e-09 7.58455e-09 4.62666e-09 3.10996e-09 2.96862e-09 5.069e-09 2.77108e-09 6.35566e-10
threshold=35.805800086635493 15.250000000000002 252.50000000000003 -0.99938741687870725 1003.5000000000001 0.00071982000000000014 0.0003588550000000001 812.50000000000011 710.50000000000011 0.0006591994033307056 68.261266868369077 0.9999486178193403 610.50000000000011 -0.93273441465163176 21.450000000000003 0.00056456000000000008 0.68068488633760216 24.500000000000004 0.00020346500000000003 419.50000000000006 72.425688617615464 0.88621069759564464 0.00016605000000000002 0.00019654500000000004 0.00013135000000000002 312.71500000000009
decision_type=2 2 2 2 2 2 2 2 2 2 2 2 2 2 2 2 2 2 2 2 2 2 2 2 2 2
left_child=10 -2 3 -3 5 -5 -4 8 -8 -9 11 12 13 14 -1 -15 22 19 20 21 -19 -18 24 -24 25 -12
right_child=1 2 6 4 -6 -7 7 9 -10 -11 16 -13 -14 15 -16 -17 17 18 -20 -21 -22 -23 23 -25 -26 -27
leaf_value=7.2342705249996343e-07 -2.4246911043708981e-06 -3.1776298918064486e-06 4.0291168510555928e-06 4.5275718526050508e-07 -2.7508721987466006e-06 1.4346456650742191e-06 1.2935091054059063e-06 3.2778362615380911e-06 -3.5237988265635067e-06 6.2493501976253656e-07 -3.3323887641021047e-07 -1.4470116818406846e-06 -1.3124746620481652e-06 2.895153886630861e-07 -1.3236808717920212e-06 1.4428506056933188e-06 -6.1361910959391122e-08 1.6633178332744101e-07 -1.0932675814423477e-06 9.8673312287528032e-07 -3.0398386356525265e-07 5.907479581424013e-07 -1.3290795993725625e-06 -2.168397675935315e-07 2.4118790195513739e-07 -6.0914899439099144e-07
leaf_weight=35 24 23 26 1234 21 341 94 54 20 45 3426 26 24 546 50 29 213 60 32 21 407 20 20 21 21 21
leaf_count=35 24 23 26 1234 21 341 94 54 20 45 3426 26 24 546 50 29 213 60 32 21 407 20 20 21 21 21
internal_value=-6.39973e-15 6.48176e-07 6.87868e-07 5.66438e-07 6.20394e-07 6.65344e-07 1.51044e-06 1.203e-06 4.48367e-07 2.07197e-06 -2.45347e-07 1.26665e-07 1.86483e-07 2.40991e-07 -4.80754e-07 3.47684e-07 -3.0732e-07 -1.7166e-07 -2.98048e-07 7.66388e-08 -2.43558e-07 -5.38681e-09 -3.36432e-07 -7.59396e-07 -3.31431e-07 -3.3492e-07
internal_weight=6854 1882 1858 1619 1596 1575 239 213 114 99 4972 710 684 660 85 575 4262 753 499 254 467 233 3509 41 3468 3447
internal_count=6854 1882 1858 1619 1596 1575 239 213 114 99 4972 710 684 660 85 575 4262 753 499 254 467 233 3509 41 3468 3447
is_linear=0
shrinkage=0.05


Tree=66
num_leaves=22
num_cat=0
split_feature=9 3 2 15 7 23 14 14 14 25 7 25 19 19 5 18 9 3 14 19 7
split_gain=3.93482e-07 8.28666e-08 6.75827e-08 1.49987e-07 8.75088e-08 1.2836e-07 6.38348e-08 6.73553e-08 6.51873e-08 4.71675e-08 4.15857e-08 2.0699e-08 1.74628e-08 1.75014e-08 1.89186e-08 7.02554e-09 7.76261e-09 5.98263e-09 7.93618e-09 8.58411e-10 1.82967e-09
threshold=35.805800086635493 15.250000000000002 241.50000000000003 -0.99938741687870725 13.506469434940906 981.50000000000011 0.9916835347852474 0.93845596220871974 0.69056404122701587 0.00076328470760311112 69.349411252547171 0.0004545345825566566 0.00049266000000000012 0.00047843000000000007 4.0500000000000007 0.00037872000000000003 10.065953215301457 13.950000000000001 0.3744682635859638 8.3015000000000017e-05 80.418165739280255
decision_type=2 2 2 2 2 2 2 2 2 2 2 2 2 2 2 2 2 2 2 2 2
left_child=10 -2 3 -3 9 -6 7 8 -4 -5 11 12 13 14 -1 16 19 -18 -19 20 -12
right_child=1 2 6 4 5 -7 -8 -9 -10 -11 15 -13 -14 -15 -16 -17 17 18 -20 -21 -22
leaf_value=9.9368938322186295e-07 -2.3034565729200079e-06 -3.7804126372975587e-06 1.9132680715626453e-06 2.8600604155731313e-06 5.4293704126437744e-07 -3.0712220614077526e-06 -1.1869958044648545e-06 4.2764890514219933e-06 2.299240252573947e-07 5.4271063096594476e-07 -7.5930533917610034e-07 -1.4051448886220897e-06 1.3759833531626751e-06 -1.3551542838285969e-06 6.4778285973143171e-08 -1.1661714944590013e-06 -7.1455681450061103e-07 -2.2151429872491918e-07 2.3453756553024182e-07 -1.4804568076504604e-09 -3.119688561430756e-07
leaf_weight=60 24 20 166 62 1419 25 23 21 88 34 23 22 28 20 634 23 35 230 163 22 3712
leaf_count=60 24 20 166 62 1419 25 23 21 88 34 23 22 28 20 634 23 35 230 163 22 3712
internal_value=-5.96384e-15 6.15767e-07 6.53475e-07 5.21676e-07 5.77547e-07 4.80365e-07 1.34343e-06 1.55506e-06 1.33006e-06 2.03933e-06 -2.3308e-07 1.06285e-07 1.51099e-07 1.03064e-07 1.45088e-07 -2.94695e-07 -2.89905e-07 -8.81499e-08 -3.2363e-08 -3.12889e-07 -3.14724e-07
internal_weight=6854 1882 1858 1560 1540 1444 298 275 254 96 4972 764 742 714 694 4208 4185 428 393 3757 3735
internal_count=6854 1882 1858 1560 1540 1444 298 275 254 96 4972 764 742 714 694 4208 4185 428 393 3757 3735
is_linear=0
shrinkage=0.05


Tree=67
num_leaves=28
num_cat=0
split_feature=13 18 25 23 1 14 14 14 23 3 4 14 3 18 1 25 25 1 5 23 23 20 14 17 0 17 1
split_gain=3.59304e-07 9.41847e-08 1.11285e-07 7.2999e-08 1.0014e-07 5.79332e-08 1.01313e-07 2.249e-07 2.78998e-07 1.54433e-07 3.17591e-07 6.5132e-08 1.06802e-07 1.0495e-07 1.00184e-07 5.51053e-08 5.28182e-08 5.95395e-08 4.92279e-08 1.85849e-07 1.06908e-07 4.58552e-08 3.60306e-08 2.82618e-08 2.67152e-08 1.49085e-08 1.28959e-08
threshold=-0.78656609248549325 0.00071628000000000013 0.00060242761538265618 766.50000000000011 790.35000000000002 -0.99940763397299126 -0.93273441465163176 -0.96689237009891416 738.50000000000011 24.850000000000005 1.5000000000000002 1.0000000180025095e-35 27.750000000000004 0.00060489000000000007 900.6500000000002 9.0807517930669042e-05 0.00075916684973125717 796.1500000000002 14.550000000000002 775.50000000000011 798.50000000000011 0.00070192000000000008 -0.98803845231459242 0.88194261686978803 505.50000000000006 0.93321880212088348 606.95000000000016
decision_type=2 2 2 2 2 2 2 2 2 2 2 2 2 2 2 2 2 2 2 2 2 2 2 2 2 2 2
left_child=5 2 15 -3 23 -1 7 9 -9 22 -11 16 14 -14 -13 24 21 -18 20 -20 -17 -8 -7 -5 26 -25 -2
right_child=1 3 -4 4 -6 6 11 8 -10 10 -12 12 13 -15 -16 18 17 -19 19 -21 -22 -23 -24 25 -26 -27 -28
leaf_value=3.3774975690903376e-06 -2.9294055796800686e-07 3.3253376124054647e-06 -3.6902060519819118e-06 1.9250194327469218e-09 -1.5348265393209331e-06 3.4154108334405467e-06 9.3367596891731076e-07 -6.0057838695546245e-06 1.366476290275473e-06 1.9704582338623109e-06 -6.1637223769226008e-06 5.972790107603896e-07 7.6247175456956034e-07 -4.2420258947376254e-06 3.0755236752537355e-06 4.4622534302476576e-08 1.5935633761046122e-06 -1.8929804137239143e-06 3.1068374707956536e-07 5.3196324506643581e-06 -2.2430606502339331e-06 2.1832762421315145e-06 1.231663827471654e-06 3.2429632743255102e-06 -2.1185314926697176e-06 1.5284523668945837e-06 9.7990630507638356e-07
leaf_weight=20 3956 29 23 20 39 30 127 33 21 28 21 790 20 22 43 941 25 24 250 20 54 174 51 21 20 32 20
leaf_count=20 3956 29 23 20 39 30 127 33 21 28 21 790 20 22 43 941 25 24 250 20 54 174 51 21 20 32 20
internal_value=-2.47791e-15 -1.858e-07 -2.19832e-07 1.08956e-06 5.10652e-07 7.05363e-07 6.67434e-07 -4.26538e-07 -3.13879e-06 7.00091e-07 -1.51562e-06 8.31753e-07 6.01169e-07 -1.85893e-06 7.25208e-07 -2.0466e-07 1.40821e-06 -1.14132e-07 8.29471e-08 6.81717e-07 -7.95331e-08 1.65604e-06 2.04046e-06 1.60344e-06 -2.95707e-07 2.20779e-06 -2.86538e-07
internal_weight=6854 5425 5284 141 112 1429 1409 184 54 130 49 1225 875 42 833 5261 350 49 1265 270 995 301 81 73 3996 53 3976
internal_count=6854 5425 5284 141 112 1429 1409 184 54 130 49 1225 875 42 833 5261 350 49 1265 270 995 301 81 73 3996 53 3976
is_linear=0
shrinkage=0.05


Tree=68
num_leaves=30
num_cat=0
split_feature=2 15 14 14 15 27 15 3 15 14 14 4 15 14 14 14 14 14 23 0 1 15 26 12 24 23 7 11 7
split_gain=3.26743e-07 9.838e-08 1.64709e-07 2.54092e-07 1.36862e-07 1.39085e-07 1.6289e-07 1.13557e-07 1.13269e-07 1.47081e-07 1.1584e-07 9.42689e-08 1.70332e-07 1.92516e-07 1.11413e-07 3.25076e-07 1.04288e-07 7.54711e-08 6.46889e-08 6.39887e-08 5.7621e-08 3.20225e-08 3.57213e-08 2.69714e-08 2.52427e-08 6.50934e-08 6.8459e-08 5.99904e-08 3.2059e-08
threshold=114.50000000000001 -0.72102888505294738 0.55656748448714433 0.51297097409535064 -0.6523320455745395 89.166666666666671 -0.6905596507703472 21.750000000000004 -0.8739740505118182 0.25206111083856975 -0.55028683855811034 1.0000000180025095e-35 -0.12545862287572049 0.85226249403558707 -0.95754239937548935 -0.96689237009891416 -0.94975917145599731 0.62587949062545845 716.50000000000011 788.50000000000011 845.45000000000016 0.91936090643431534 0.00034800319734417084 -0.25881904510252113 0.00043705405718779089 442.50000000000006 55.674646703967888 40.353125000000013 53.953493176465017
decision_type=2 2 2 2 2 2 2 2 2 2 2 2 2 2 2 2 2 2 2 2 2 2 2 2 2 2 2 2 2
left_child=19 2 3 8 5 6 7 -3 9 -2 -10 12 13 -6 15 -13 -16 -4 -14 20 24 22 -22 -19 25 26 -1 -26 -27
right_child=1 4 17 -5 11 -7 -8 -9 10 -11 -12 14 18 -15 16 -17 -18 23 -20 -21 21 -23 -24 -25 27 28 -28 -29 -30
leaf_value=-2.9722336243455925e-06 9.4989838179702111e-07 -2.7381529940345469e-06 4.6883030156670047e-06 -4.5939034710749325e-06 1.3570839200838237e-06 2.206082788234198e-06 -4.8350827365826068e-06 2.4133247916324762e-06 1.0375389890690748e-06 -1.0102343839632533e-06 3.8420546532410975e-06 -6.7152202162920471e-08 1.8137490828680542e-06 -3.7450069647512953e-06 3.9252904484566808e-06 -6.0873823389766379e-06 3.5815314695280972e-07 2.9706925098642908e-06 4.4861231414800459e-06 -2.61798939910867e-06 3.2027462841218347e-06 -5.1451680747049979e-07 6.8331623996233681e-07 5.1704037673516723e-07 7.849849077956606e-07 2.934481001474247e-06 -2.3734338625861214e-07 -2.7273854437871415e-06 3.9418705581637271e-07
leaf_weight=23 444 23 38 22 64 20 38 20 104 122 57 163 54 26 21 26 843 21 39 28 24 22 34 24 20 23 4453 31 27
leaf_count=23 444 23 38 22 64 20 38 20 104 122 57 163 54 26 21 26 843 21 39 28 24 22 34 24 20 23 4453 31 27
internal_value=-4.16799e-15 5.07372e-07 9.34244e-07 7.00056e-07 2.41734e-07 -1.52795e-06 -2.44993e-06 -3.42117e-07 8.60258e-07 5.27396e-07 2.03044e-06 3.86344e-07 1.43379e-06 -1.16853e-07 2.04308e-07 -8.95332e-07 4.44854e-07 3.04758e-06 2.93442e-06 -2.34896e-07 -2.20568e-07 1.10974e-06 1.72584e-06 1.66208e-06 -2.4382e-07 -2.31356e-07 -2.51397e-07 -1.34999e-06 1.56272e-06
internal_weight=6854 2169 832 749 1337 101 81 43 727 566 161 1236 183 90 1053 189 864 83 93 4685 4657 80 58 45 4577 4526 4476 51 50
internal_count=6854 2169 832 749 1337 101 81 43 727 566 161 1236 183 90 1053 189 864 83 93 4685 4657 80 58 45 4577 4526 4476 51 50
is_linear=0
shrinkage=0.05


Tree=69
num_leaves=31
num_cat=0
split_feature=9 8 14 15 19 27 0 26 14 6 25 7 24 26 25 19 8 20 5 7 5 21 17 26 26 19 19 0 17 21
split_gain=2.94892e-07 6.42278e-08 1.25491e-07 2.31749e-07 1.48524e-07 1.19976e-07 1.5066e-07 8.18404e-08 6.95586e-08 6.77744e-08 6.20009e-08 5.73692e-08 7.50205e-08 9.20275e-08 6.0216e-08 5.0719e-08 4.27427e-08 4.89091e-08 5.71997e-08 3.11729e-08 2.80555e-08 2.36751e-08 2.34394e-08 2.43038e-08 1.79102e-08 1.7325e-08 2.82421e-08 2.49571e-08 5.10391e-09 8.07843e-09
threshold=35.805800086635493 177.62144833771274 0.98049069993378934 0.063390085881955341 0.00018025000000000004 1.0000000180025095e-35 971.50000000000011 0.00038246399895872785 0.49812943072827093 0.00039223500000000006 0.00048199306125640013 14.833017467908734 0.00053599516884989798 0.00043083862498527475 0.00048969386942722046 0.00073228500000000016 134.58397411020451 0.00026842000000000006 9.8500000000000032 68.261266868369077 11.350000000000003 876.50000000000011 0.9999486178193403 0.00042285504610870477 0.00045477677173186981 0.00041619000000000004 0.00043679500000000008 566.50000000000011 0.68068488633760216 24.500000000000004
decision_type=2 2 2 2 2 2 2 2 2 2 2 2 2 2 2 2 2 2 2 2 2 2 2 2 2 2 2 2 2 2
left_child=19 7 4 10 8 9 -7 16 -3 -6 -4 15 13 -13 -14 -9 17 -2 -19 22 -18 -17 23 25 -25 27 -27 -1 -21 -30
right_child=1 2 3 -5 5 6 -8 11 -10 -11 -12 12 14 -15 -16 21 20 18 -20 28 -22 -23 -24 24 -26 26 -28 -29 29 -31
leaf_value=2.0709128522417525e-07 -8.5747195839758199e-07 1.3640228151719689e-06 1.893128738681928e-06 -5.7778320524448649e-06 3.7906100417855596e-06 1.4617101904857936e-07 -2.9483945960843512e-06 4.0114160107068961e-06 5.304386948929667e-06 1.0154272296240317e-06 -1.8098074815497967e-06 -9.8856656829108648e-07 -1.8840103641398146e-06 1.1000123935200075e-06 1.5323351721281872e-07 1.8675963529836382e-06 4.3800511311549906e-06 2.4355124696739951e-07 3.4580271968450451e-06 -2.7822406783841211e-07 2.0093759920095744e-06 -1.9688328350076474e-07 -1.3685562088574865e-06 -1.5297369894337213e-06 3.1727807719930538e-07 1.7339185462596014e-06 2.5705114855812697e-07 -1.1449796812097998e-06 9.4784424791178602e-08 -2.5160432792035924e-07
leaf_weight=440 20 24 26 24 26 619 42 21 21 143 20 60 45 436 187 41 24 25 31 3509 26 21 26 35 21 47 104 37 254 499
leaf_count=440 20 24 26 24 26 619 42 21 21 143 20 60 45 436 187 41 24 25 31 3509 26 21 26 35 21 47 104 37 254 499
internal_value=4.79466e-16 5.33072e-07 2.42217e-07 -1.7949e-06 4.05186e-07 2.53505e-07 -5.0458e-08 8.26409e-07 3.20286e-06 1.44238e-06 2.83156e-07 6.42222e-07 5.00227e-07 8.47362e-07 -2.41922e-07 1.88767e-06 2.01193e-06 1.26498e-06 2.02299e-06 -2.01778e-07 3.1473e-06 1.16834e-06 1.04962e-07 1.60973e-07 -8.37106e-07 2.49974e-07 7.16738e-07 1.02214e-07 -2.52877e-07 -1.34761e-07
internal_weight=6854 1882 945 70 875 830 661 937 45 169 46 811 728 496 232 83 126 76 56 4972 50 62 710 684 56 628 151 477 4262 753
internal_count=6854 1882 945 70 875 830 661 937 45 169 46 811 728 496 232 83 126 76 56 4972 50 62 710 684 56 628 151 477 4262 753
is_linear=0
shrinkage=0.05


Tree=70
num_leaves=28
num_cat=0
split_feature=2 15 15 15 3 3 22 15 15 15 4 15 8 15 15 21 26 23 15 5 7 15 26 27 20 5 7
split_gain=2.68993e-07 8.83303e-08 1.10309e-07 1.23643e-07 1.35932e-07 2.21836e-07 9.10036e-08 8.53025e-08 1.08499e-07 9.77815e-08 8.26674e-08 1.51388e-07 8.74672e-08 6.69307e-08 8.70304e-08 6.61759e-08 1.74471e-07 9.47284e-08 5.90884e-08 5.64037e-08 4.79684e-08 4.61091e-08 4.14526e-08 3.52088e-08 2.12199e-08 1.56878e-08 1.20491e-08
threshold=114.50000000000001 -0.99983123799342477 -0.72102888505294738 -0.6523320455745395 24.150000000000002 32.050000000000004 720.50000000000011 -0.8739740505118182 -0.97111920233974802 -0.9575230291762723 1.0000000180025095e-35 -0.12545862287572049 179.77485579046365 -0.85674049181790024 -0.82899557272681157 742.50000000000011 0.00034800319734417084 442.50000000000006 0.31595530242620651 12.250000000000002 54.257687487531186 -0.99628250747696534 0.00049119415141495135 14.500000000000002 0.00024357 12.950000000000001 66.900869362354712
decision_type=2 2 2 2 2 2 2 2 2 2 2 2 2 2 2 2 2 2 2 2 2 2 2 2 2 2 2
left_child=15 -2 7 4 6 -6 -4 8 21 -10 11 -5 -12 -9 -15 17 -17 20 19 -19 -1 -3 23 -20 26 -26 -22
right_child=1 2 3 10 5 -7 -8 13 9 -11 12 -13 -14 14 -16 16 -18 18 22 -21 24 -23 -24 -25 25 -27 -28
leaf_value=-2.5567990126712008e-06 -2.8471328960222309e-06 3.479848792409257e-07 -1.4589362032998347e-06 -1.3158051223803746e-07 2.6991069777228832e-06 -3.9372254741465444e-06 -5.8843302965561596e-06 3.6277829873429971e-06 -1.9053580012142441e-06 3.8994102581078742e-07 6.7588848125617367e-07 2.7450166437843748e-06 -2.3893294304010618e-07 -4.8192233680310891e-07 1.8789796921138024e-06 9.2473679558224831e-07 -4.14937228991145e-06 9.9184572718513656e-07 1.9324365328773985e-06 4.5068283449316889e-06 -1.4678874651963271e-06 1.7956965638726336e-06 -1.6268869069335779e-06 -6.7141935787162767e-07 -3.1366060666740043e-08 8.1409904351240156e-07 -2.377151098557143e-07
leaf_weight=22 20 80 26 90 34 20 21 38 58 232 481 93 572 50 178 32 36 25 37 21 20 176 20 20 185 78 4189
leaf_count=22 20 80 26 90 34 20 21 38 58 232 481 93 572 50 178 32 36 25 37 21 20 176 20 20 185 78 4189
internal_value=-1.05006e-15 4.60356e-07 4.91137e-07 2.11966e-07 -1.47008e-06 2.41206e-07 -3.43624e-06 9.50807e-07 5.93108e-07 -6.91188e-08 3.49415e-07 1.3303e-06 1.78948e-07 1.68503e-06 1.36124e-06 -2.13129e-07 -1.76156e-06 -1.90324e-07 1.17865e-06 2.59651e-06 -2.27792e-07 1.34329e-06 3.31611e-07 1.0188e-06 -2.16335e-07 2.1938e-07 -2.43561e-07
internal_weight=6854 2169 2149 1337 101 54 47 812 546 290 1236 183 1053 266 228 4685 68 4617 123 46 4494 256 77 57 4472 263 4209
internal_count=6854 2169 2149 1337 101 54 47 812 546 290 1236 183 1053 266 228 4685 68 4617 123 46 4494 256 77 57 4472 263 4209
is_linear=0
shrinkage=0.05


Tree=71
num_leaves=28
num_cat=0
split_feature=13 18 25 2 19 14 14 15 20 14 3 1 4 15 26 19 6 20 3 22 5 0 0 22 15 27 9
split_gain=2.52531e-07 7.20716e-08 1.00468e-07 6.74178e-08 9.8147e-08 8.96329e-08 4.31847e-07 8.9772e-08 8.54568e-08 1.06304e-07 2.99375e-07 1.08743e-07 1.02359e-07 7.40028e-08 6.72657e-08 6.44964e-08 6.29737e-08 5.37097e-08 5.10529e-08 4.92487e-08 4.01273e-08 3.64918e-08 9.519e-08 5.19608e-08 3.05795e-08 2.82527e-08 2.76296e-08
threshold=-0.78656609248549325 0.00071628000000000013 0.00060242761538265618 195.50000000000003 0.00018918500000000003 -0.93273441465163176 -0.96689237009891416 -0.12545862287572049 0.00050042000000000012 0.61915405168109316 20.050000000000004 641.45000000000016 40.500000000000007 -0.99465740988130902 0.00068070483343839075 0.00051710500000000002 0.00026500500000000007 0.0006296950000000001 21.550000000000004 766.50000000000011 12.15 862.50000000000011 818.50000000000011 798.50000000000011 -0.94137724084408114 66.166666666666671 62.014910107350936
decision_type=2 2 2 2 2 2 2 2 2 2 2 2 2 2 2 2 2 2 2 2 2 2 2 2 2 2 2
left_child=3 2 21 4 -1 6 7 -6 18 15 12 -12 -11 -7 17 -10 -15 19 25 -3 -17 22 23 -2 -21 -5 -19
right_child=1 14 -4 8 5 13 -8 -9 9 10 11 -13 -14 16 -16 20 -18 26 -20 24 -22 -23 -24 -25 -26 -27 -28
leaf_value=3.3685357930852875e-06 -1.6664636487283984e-07 2.3626866886447914e-06 -3.4829431016354967e-06 2.8617158363886121e-07 -2.3100528443094285e-06 -2.3263890069380941e-06 -5.9113818734300425e-06 1.3323084582831749e-06 3.8402597201638855e-06 4.3552204260777216e-06 -1.3180299565697302e-06 -5.5237027812505743e-06 6.590567604282332e-07 -1.7724136351863047e-06 -1.5137534976771429e-06 3.9223007485018075e-07 6.4497437266752588e-07 3.6702138615886542e-06 4.4610066407375807e-06 9.2613646359041006e-07 1.7038360691149872e-06 -2.1583696979098972e-06 2.9155223528505304e-06 -2.5484393122694559e-06 -1.7471179630675856e-06 2.9438346598453793e-06 1.3496359355011248e-06
leaf_weight=26 5190 23 23 20 21 23 33 87 25 26 51 22 67 28 23 98 712 29 26 20 144 23 25 23 23 20 23
leaf_count=26 5190 23 23 20 21 23 33 87 25 26 51 22 67 28 23 98 712 29 26 20 144 23 25 23 23 20 23
internal_value=-1.34488e-15 -1.55766e-07 -1.85536e-07 5.91343e-07 3.39778e-07 2.52667e-07 -9.05503e-07 6.24072e-07 1.06019e-06 8.04732e-07 -1.88846e-07 -2.58549e-06 1.69239e-06 4.66694e-07 9.59875e-07 1.42246e-06 5.53506e-07 1.44202e-06 2.73616e-06 4.95164e-07 1.17269e-06 -1.7112e-07 -1.62394e-07 -1.77155e-07 -5.03744e-07 1.615e-06 2.6438e-06
internal_weight=6854 5425 5284 1429 930 904 141 108 499 433 166 73 93 763 141 267 740 118 66 66 242 5261 5238 5213 43 40 52
internal_count=6854 5425 5284 1429 930 904 141 108 499 433 166 73 93 763 141 267 740 118 66 66 242 5261 5238 5213 43 40 52
is_linear=0
shrinkage=0.05


Tree=72
num_leaves=22
num_cat=0
split_feature=13 2 23 18 15 15 4 23 18 11 20 26 9 4 9 23 20 21 27 15 15
split_gain=2.30584e-07 6.46858e-08 1.02368e-07 6.92443e-08 6.41003e-08 8.7482e-08 6.2325e-08 5.94715e-08 4.68823e-08 4.63384e-08 3.92033e-08 7.34528e-08 5.0705e-08 4.37724e-08 4.21005e-08 2.71428e-08 3.53999e-08 2.2405e-08 9.31223e-09 2.29452e-08 7.29442e-09
threshold=-0.60355339059327384 252.50000000000003 1003.5000000000001 0.00081829500000000013 -0.99628250747696534 -0.97507822412530132 2.5000000000000004 805.50000000000011 0.0003588550000000001 48.571875000000013 0.00058432500000000023 0.00059671911253290368 64.442569571573927 47.500000000000007 59.650641197339034 766.50000000000011 0.00051772000000000005 827.50000000000011 9.8333333333333339 -0.67801649466304881 -0.86974577485258975
decision_type=2 2 2 2 2 2 2 2 2 2 2 2 2 2 2 2 2 2 2 2 2
left_child=1 2 3 4 6 -6 -1 9 -3 15 12 14 -10 -13 -12 16 17 -2 19 20 -11
right_child=7 8 -4 -5 5 -7 -8 -9 10 18 11 13 -14 -15 -16 -17 -18 -19 -20 -21 -22
leaf_value=-2.9787556233681508e-06 -2.0478845104964041e-07 3.245801770810011e-06 -3.0391605688154498e-06 2.5945089665973293e-06 1.8990557441488027e-06 3.1286525013042714e-07 6.2462836034510048e-07 -2.7226226541682515e-06 9.1214388777262765e-07 6.4778386133998301e-07 2.9047130076585086e-07 2.5004948839967344e-06 3.9016958137084577e-06 3.6516712620076373e-07 -2.8791847552156471e-06 1.4135632717135685e-06 -2.3054970608882285e-06 1.4320655033034632e-06 1.7949713976252368e-06 -7.7387102285926679e-07 1.7226350404666005e-06
leaf_weight=28 4656 26 22 35 92 1576 21 23 37 38 22 42 23 56 20 26 20 21 21 22 27
leaf_count=28 4656 26 22 35 92 1576 21 23 37 38 22 42 23 56 20 26 20 21 21 22 27
internal_value=-3.8864e-15 4.51802e-07 3.50308e-07 3.9287e-07 3.47991e-07 4.00353e-07 -1.43445e-06 -1.86156e-07 1.24848e-06 -1.7408e-07 9.88826e-07 5.30549e-07 2.05814e-06 1.28031e-06 -1.21889e-06 -1.97497e-07 -2.06415e-07 -1.97439e-07 8.49965e-07 6.21859e-07 1.09426e-06
internal_weight=6854 2000 1774 1752 1717 1668 49 4854 226 4831 200 140 60 98 42 4723 4697 4677 108 87 65
internal_count=6854 2000 1774 1752 1717 1668 49 4854 226 4831 200 140 60 98 42 4723 4697 4677 108 87 65
is_linear=0
shrinkage=0.05


Tree=73
num_leaves=28
num_cat=0
split_feature=13 18 25 23 1 2 19 14 14 23 15 14 11 16 14 25 4 6 2 0 22 0 0 22 15 2 15
split_gain=2.09883e-07 6.21812e-08 9.26491e-08 6.30921e-08 8.22767e-08 5.79724e-08 8.86591e-08 8.06938e-08 3.89742e-07 8.64565e-08 6.33914e-08 6.26912e-08 1.21734e-07 1.30197e-07 9.94698e-08 6.77837e-08 6.41284e-08 5.60286e-08 3.66123e-08 3.4465e-08 4.90072e-08 3.38417e-08 8.52572e-08 4.69349e-08 2.85718e-08 1.59425e-08 1.23758e-08
threshold=-0.78656609248549325 0.00071628000000000013 0.00060242761538265618 766.50000000000011 790.35000000000002 195.50000000000003 0.00018918500000000003 -0.93273441465163176 -0.96689237009891416 826.50000000000011 -0.99465740988130902 0.61915405168109316 42.93437500000001 1007.1050000000001 0.82899317702918729 0.00047107569782620182 31.500000000000004 0.00026500500000000007 221.50000000000003 707.50000000000011 707.50000000000011 862.50000000000011 818.50000000000011 798.50000000000011 -0.22700609751797865 252.50000000000003 -0.85225707553516283
decision_type=2 2 2 2 2 2 2 2 2 2 2 2 2 2 2 2 2 2 2 2 2 2 2 2 2 2 2
left_child=5 2 21 -3 18 6 -1 8 9 -8 -9 15 14 -14 -13 24 -16 -12 26 20 -17 22 23 -2 -7 -21 -5
right_child=1 3 -4 4 -6 11 7 10 -10 -11 17 12 13 -15 16 19 -18 -19 -20 25 -22 -23 -24 -25 -26 -27 -28
leaf_value=3.1844657174727992e-06 -1.5139228136897324e-07 2.9728001005298272e-06 -3.3361563747229924e-06 1.4366621176877508e-06 -1.4980117588819644e-06 4.2418819938811127e-06 1.3131120305629072e-06 -2.1589815262408908e-06 -5.6314560882845287e-06 -2.1423589240167413e-06 -1.6874647034878115e-06 -1.0017049749581634e-06 -3.4709011799805014e-06 7.2516777914930392e-07 4.566952882214537e-06 1.3825369129099946e-06 1.3933974141895516e-06 5.9272876546820499e-07 -3.04379413947849e-07 1.2847916834847548e-06 -8.7978642431005219e-07 -2.0695427288639781e-06 2.7654975656332685e-06 -2.4150683785869068e-06 1.7828270821545241e-06 2.4769909389096703e-06 3.030461254552176e-06
leaf_weight=26 5190 29 23 29 39 27 85 23 33 23 28 37 36 38 20 54 78 712 23 107 43 23 25 23 21 38 21
leaf_count=26 5190 29 23 29 39 27 85 23 33 23 28 37 36 38 20 54 78 712 23 107 43 23 25 23 21 38 21
internal_value=2.96232e-16 -1.42005e-07 -1.69657e-07 8.94262e-07 3.56069e-07 5.39101e-07 3.05823e-07 2.2303e-07 -8.75871e-07 5.77225e-07 4.26104e-07 9.73867e-07 3.13708e-07 -1.31616e-06 1.20712e-06 1.44964e-06 2.04106e-06 5.06451e-07 1.3466e-06 1.10919e-06 3.79651e-07 -1.55813e-07 -1.4741e-07 -1.6138e-07 3.16605e-06 1.59723e-06 2.10606e-06
internal_weight=6854 5425 5284 141 112 1429 930 904 141 108 763 499 209 74 135 290 98 740 73 242 97 5261 5238 5213 48 145 50
internal_count=6854 5425 5284 141 112 1429 930 904 141 108 763 499 209 74 135 290 98 740 73 242 97 5261 5238 5213 48 145 50
is_linear=0
shrinkage=0.05


Tree=74
num_leaves=19
num_cat=0
split_feature=2 3 15 15 15 27 15 15 3 15 21 23 23 19 20 22 23 23
split_gain=1.93393e-07 8.01564e-08 7.73477e-08 7.27165e-08 1.18286e-07 1.19759e-07 7.49804e-08 9.8321e-08 6.92313e-08 6.05511e-08 5.98776e-08 1.14543e-07 8.09371e-08 4.24124e-08 3.43108e-08 5.82273e-08 3.24198e-08 2.45846e-08
threshold=114.50000000000001 15.550000000000002 -0.99983123799342477 -0.72102888505294738 -0.6523320455745395 89.166666666666671 -0.8739740505118182 -0.90161545992537195 24.850000000000005 -0.85674049181790024 738.50000000000011 692.50000000000011 639.50000000000011 0.00040775000000000007 0.00056985000000000011 610.50000000000011 442.50000000000006 442.50000000000006
decision_type=2 2 2 2 2 2 2 2 2 2 2 2 2 2 2 2 2 2
left_child=10 16 -3 6 5 -5 7 -4 -6 -8 12 13 14 -12 15 17 -2 -1
right_child=1 2 3 4 8 -7 9 -9 -10 -11 11 -13 -14 -15 -16 -17 -18 -19
leaf_value=-1.9250770705417018e-07 -9.2238507304067591e-08 -2.6576747279705163e-06 7.4180520233847644e-07 -2.2653594068397407e-06 6.2082249931950912e-07 2.0550761109916494e-06 3.3732364206690893e-06 -1.3730032035695213e-06 -2.1537560434901273e-07 1.21741607758695e-06 -1.8587641339503796e-06 -4.5237530207981287e-06 2.4742942702103174e-06 1.1892423658537156e-06 -2.1919208155027483e-06 2.3431820824518344e-06 -2.6718336784895278e-06 8.180755007854669e-07
leaf_weight=4482 21 20 484 81 834 20 38 62 352 228 21 23 29 25 21 23 29 61
leaf_count=4482 21 20 484 81 834 20 38 62 352 228 21 23 29 25 21 23 29 61
internal_value=-1.30474e-15 3.90341e-07 4.37031e-07 4.66519e-07 2.32759e-07 -1.40983e-06 8.37021e-07 5.01662e-07 3.72642e-07 1.52539e-06 -1.80715e-07 -1.64274e-06 -1.5886e-07 -2.02239e-07 -1.75508e-07 -1.66234e-07 -1.5884e-06 -1.78938e-07
internal_weight=6854 2169 2119 2099 1287 101 812 546 1186 266 4685 69 4616 46 4587 4566 50 4543
internal_count=6854 2169 2119 2099 1287 101 812 546 1186 266 4685 69 4616 46 4587 4566 50 4543
is_linear=0
shrinkage=0.05


Tree=75
num_leaves=15
num_cat=0
split_feature=2 24 25 3 15 14 14 14 14 4 23 17 2 26
split_gain=1.74788e-07 1.24696e-07 1.09862e-07 7.13995e-08 6.96898e-08 6.64819e-08 2.97495e-07 7.84728e-08 8.89816e-08 7.73765e-08 3.08235e-08 2.63579e-08 2.38576e-08 4.16477e-08
threshold=113.50000000000001 0.00059735049053547364 0.00057336054889525138 15.550000000000002 -0.99983123799342477 -0.95754239937548935 -0.96689237009891416 -0.94975917145599731 -0.93273441465163176 1.0000000180025095e-35 464.50000000000006 1.0253463389462343 111.50000000000001 0.00044778728179642631
decision_type=2 2 2 2 2 2 2 2 2 2 2 2 2 2
left_child=1 2 11 10 -5 6 9 -7 -9 -6 -2 12 13 -1
right_child=3 -3 -4 4 5 7 -8 8 -10 -11 -12 -13 -14 -15
leaf_value=-1.7008053660445323e-07 -2.9089528484123383e-07 -4.1126408177660782e-06 3.4521725442884656e-06 -2.5247909976400255e-06 2.0510382262273198e-06 3.5811429240441484e-06 -4.9117399038506493e-06 -2.3970544937959368e-06 5.4873668754243114e-07 -1.9581375180617147e-07 -2.7273641308056542e-06 -1.939868791179747e-06 -1.428966652748552e-06 1.2809360345045207e-06
leaf_weight=4514 27 20 21 20 50 21 31 26 1827 164 25 21 37 50
leaf_count=4514 27 20 21 20 50 21 31 26 1827 164 25 21 37 50
internal_value=-1.22711e-15 -1.73078e-07 -1.56108e-07 3.68354e-07 4.12857e-07 4.40584e-07 -3.33982e-07 5.41848e-07 5.07403e-07 3.29152e-07 -1.46227e-06 -1.72502e-07 -1.64436e-07 -1.54184e-07
internal_weight=6854 4663 4643 2191 2139 2119 245 1874 1853 214 52 4622 4601 4564
internal_count=6854 4663 4643 2191 2139 2119 245 1874 1853 214 52 4622 4601 4564
is_linear=0
shrinkage=0.05


Tree=76
num_leaves=21
num_cat=0
split_feature=13 14 14 3 24 17 14 23 19 15 14 15 23 19 19 11 25 5 1 3
split_gain=1.63263e-07 5.53312e-08 8.03282e-08 2.01817e-07 2.90308e-07 1.78198e-07 8.69572e-08 7.50679e-08 7.05848e-08 6.28543e-08 1.53141e-07 7.89004e-08 5.46796e-08 5.17112e-08 4.05343e-08 3.12755e-08 6.62481e-08 2.98059e-08 2.77965e-08 1.91322e-08
threshold=-0.60355339059327384 -0.99940763397299126 -0.93879691571722779 24.650000000000002 0.00062660670358882277 0.97114221912551357 -0.96689237009891416 610.50000000000011 0.00010323000000000001 0.91936090643431534 0.30164402523644185 0.87394374251212481 802.50000000000011 0.00058432500000000023 0.00031868500000000003 48.800000000000004 0.00046164350660397559 13.450000000000001 819.6500000000002 28.250000000000004
decision_type=2 2 2 2 2 2 2 2 2 2 2 2 2 2 2 2 2 2 2 2
left_child=1 -1 3 6 5 -5 14 -8 -4 11 -11 -10 13 15 -3 16 18 19 -2 -17
right_child=12 2 8 4 -6 -7 7 -9 9 10 -12 -13 -14 -15 -16 17 -18 -19 -20 -21
leaf_value=2.5872310808543781e-06 -1.6834909011848549e-07 3.3392724196801284e-06 -2.2809020680617084e-06 -5.8083673934561382e-06 2.2476351823570441e-06 -2.4970180556054057e-07 -3.4740638295174688e-06 8.0614023261205154e-07 5.2856873033926557e-07 7.3836352408181769e-07 -3.2143158047179701e-06 2.7248638151009109e-06 -2.4004689765678012e-06 1.9253256408546802e-06 8.6713127023630447e-07 2.6816156457698528e-06 -2.5161988863449856e-06 -6.0745032459845579e-07 1.4405862232167607e-06 7.7105974283815741e-07
leaf_weight=28 4656 20 23 46 25 21 21 20 1550 69 38 42 27 30 97 20 30 26 27 38
leaf_count=28 4656 20 23 46 25 21 21 20 1550 69 38 42 27 30 97 20 30 26 27 38
internal_value=-2.28628e-15 3.80169e-07 3.48831e-07 -4.88692e-07 -2.35041e-06 -4.0661e-06 5.95346e-07 -1.38616e-06 4.70423e-07 5.07669e-07 -6.65392e-07 5.86511e-07 -1.56641e-07 -1.44091e-07 1.28972e-06 -1.57032e-07 -1.74077e-07 7.99272e-07 -1.59073e-07 1.42987e-06
internal_weight=6854 2000 1972 250 92 67 158 41 1722 1699 107 1592 4854 4827 117 4797 4713 84 4683 58
internal_count=6854 2000 1972 250 92 67 158 41 1722 1699 107 1592 4854 4827 117 4797 4713 84 4683 58
is_linear=0
shrinkage=0.05


Tree=77
num_leaves=22
num_cat=0
split_feature=13 22 27 15 14 19 14 15 20 14 5 6 21 11 22 22 25 21 19 20 23
split_gain=1.4956e-07 5.22816e-08 6.05578e-08 6.56474e-08 1.65078e-07 1.88059e-07 1.6895e-07 1.42991e-07 9.48831e-08 8.8343e-08 5.60208e-08 4.19928e-08 8.32907e-08 7.67868e-08 9.43079e-08 5.47196e-08 5.20969e-08 4.26656e-08 3.99111e-08 3.39355e-08 6.8215e-08
threshold=-0.78656609248549325 1007.5000000000001 90.833333333333357 0.063390085881955341 0.39827038710620805 0.00063523000000000008 0.9916835347852474 -0.13398942717002907 0.00026842000000000006 0.99907018497641664 8.9500000000000011 0.00071508500000000018 987.00000000000011 49.98125000000001 769.50000000000011 808.50000000000011 0.00036452091079059763 919.50000000000011 0.00057926500000000014 0.00073880000000000007 812.50000000000011
decision_type=2 2 2 2 2 2 2 2 2 2 2 2 2 2 2 2 2 2 2 2 2
left_child=1 2 3 7 5 -5 -6 8 -1 -9 -4 12 13 14 18 -16 -15 -18 -2 20 -12
right_child=11 -3 10 4 6 -7 -8 9 -10 -11 19 -13 -14 16 15 -17 17 -19 -20 -21 -22
leaf_value=-3.0188877303771734e-06 -1.4039980276575877e-07 -1.8589050512218819e-06 -9.3293458162820164e-07 -8.1666266301100585e-07 8.7197783043177475e-07 -6.1234814575072972e-06 -3.9010411933304566e-06 3.0851135812544804e-06 4.7231146035646198e-07 -4.1227879631586135e-07 1.5829409480780884e-06 1.8114486886742854e-06 -2.9000044782555457e-06 3.2219157251997136e-06 -3.5140445774572982e-06 -6.3333916888469132e-07 1.1743714217707882e-06 -4.8856747601651782e-07 1.4258910884630651e-06 1.1687393816828263e-07 4.8017306653491689e-06
leaf_weight=20 5074 24 22 101 254 20 20 84 723 23 93 28 27 21 32 34 108 60 41 25 20
leaf_count=20 5074 24 22 101 254 20 20 84 723 23 93 28 27 21 32 34 108 60 41 25 20
internal_value=-7.38858e-15 4.55081e-07 4.94609e-07 3.76931e-07 -1.55673e-07 -1.69382e-06 5.23582e-07 6.24436e-07 3.78336e-07 2.33334e-06 1.41028e-06 -1.19873e-07 -1.29893e-07 -1.15965e-07 -1.52077e-07 -2.03004e-06 8.73959e-07 5.80465e-07 -1.27845e-07 1.78384e-06 2.15264e-06
internal_weight=6854 1429 1405 1245 395 121 274 850 743 107 160 5425 5397 5370 5181 66 189 168 5115 138 113
internal_count=6854 1429 1405 1245 395 121 274 850 743 107 160 5425 5397 5370 5181 66 189 168 5115 138 113
is_linear=0
shrinkage=0.05


Tree=78
num_leaves=24
num_cat=0
split_feature=13 23 16 17 5 1 24 18 2 13 18 25 23 1 23 24 25 25 0 0 23 2 17
split_gain=1.34978e-07 5.14366e-08 5.10662e-08 8.12383e-08 8.72772e-08 6.8348e-08 9.7806e-08 8.8981e-08 7.97393e-08 5.44013e-08 4.59475e-08 8.33958e-08 5.65451e-08 6.88522e-08 4.48215e-08 4.30206e-08 6.44778e-08 3.99732e-08 3.21224e-08 7.61007e-08 3.70104e-08 3.20288e-08 1.74682e-08
threshold=-0.78656609248549325 1003.5000000000001 964.80000000000007 0.97449361410974056 15.750000000000002 856.25000000000011 0.000530206687456545 0.00060788500000000017 123.50000000000001 -0.98296291314453399 0.00071628000000000013 0.00060242761538265618 766.50000000000011 790.35000000000002 735.50000000000011 0.00075189565443834589 0.00055722847962715754 0.00075189565443834589 862.50000000000011 818.50000000000011 805.50000000000011 221.50000000000003 0.93321880212088348
decision_type=2 2 2 2 2 2 2 2 2 2 2 2 2 2 2 2 2 2 2 2 2 2 2
left_child=1 2 5 15 17 6 9 -8 14 -1 11 18 -12 21 -7 16 -4 -5 19 20 -2 22 -14
right_child=10 -3 3 4 -6 8 7 -9 -10 -11 12 -13 13 -15 -16 -17 -18 -19 -20 -21 -22 -23 -24
leaf_value=1.5715913751644342e-06 -1.1956216847389706e-07 -1.549716218107733e-06 3.5610977983710855e-06 1.8599045829708332e-06 -3.1173186653177259e-06 3.7769058369718782e-08 -2.5613940758201815e-06 -1.9014040150295843e-07 3.6505386333374193e-06 3.3393974627719822e-07 2.7446471606175505e-06 -3.1418644277397585e-06 3.0284598415164515e-06 -1.4286895853169532e-06 2.7495092126628152e-06 2.1632874837878796e-08 1.346166659904275e-06 -7.6151808431089973e-07 -1.9889985433901136e-06 2.635716438817326e-06 -1.9107628186875133e-06 -3.706567786534636e-07 1.1207897576544686e-06
leaf_weight=104 5184 32 46 33 20 64 47 250 31 607 29 23 20 39 20 34 115 26 23 25 29 23 30
leaf_count=104 5184 32 46 33 20 64 47 250 31 607 29 23 20 39 20 34 115 26 23 25 29 23 30
internal_value=-4.64771e-16 4.32327e-07 4.77728e-07 1.08973e-06 -2.62899e-07 3.28406e-07 1.96653e-07 -5.65389e-07 1.48325e-06 5.14975e-07 -1.13879e-07 -1.37649e-07 7.76905e-07 2.67401e-07 6.83421e-07 1.63772e-06 1.979e-06 7.04701e-07 -1.24516e-07 -1.16329e-07 -1.29527e-07 1.17353e-06 1.88386e-06
internal_weight=6854 1429 1397 274 79 1123 1008 297 115 711 5425 5284 141 112 84 195 161 59 5261 5238 5213 73 50
internal_count=6854 1429 1397 274 79 1123 1008 297 115 711 5425 5284 141 112 84 195 161 59 5261 5238 5213 73 50
is_linear=0
shrinkage=0.05


Tree=79
num_leaves=17
num_cat=0
split_feature=25 14 14 14 26 14 14 14 23 27 0 14 6 9 26 25
split_gain=1.26464e-07 6.53514e-08 1.03166e-07 9.0571e-08 1.76926e-07 1.29094e-07 2.08793e-07 1.31405e-07 8.47596e-08 7.1333e-08 5.95529e-08 3.45213e-08 2.69013e-08 7.80283e-09 5.88809e-09 6.08734e-09
threshold=9.0807517930669042e-05 0.99818282439137029 0.99907018497641664 0.9916835347852474 0.00047104223526006948 0.98667101781630195 0.98049069993378934 0.95242846126021108 616.50000000000011 42.166666666666679 670.50000000000011 0.99983759474438971 0.00024059500000000002 22.83042964674943 0.00013073135617358073 8.471675354765355e-05
decision_type=2 2 2 2 2 2 2 2 2 2 2 2 2 2 2 2
left_child=10 3 -3 5 9 6 7 -2 -8 -5 12 -4 13 14 15 -1
right_child=1 2 11 4 -6 -7 8 -9 -10 -11 -12 -13 -14 -15 -16 -17
leaf_value=-1.7175135766110555e-07 1.9743868331057939e-07 4.8185244969012333e-06 -9.7758380607480094e-07 2.5837889984359211e-06 -4.8248906016222188e-06 3.1214668209801086e-06 -9.8720090363713103e-07 1.8104290682120384e-06 -5.5353181540426928e-06 -1.4991269462983757e-06 -2.8361594028562351e-06 1.9249748856964288e-06 1.5024109795073553e-06 -1.1617317625223223e-06 6.4407026911794674e-07 -1.0462852961268255e-06
leaf_weight=3910 2494 20 21 20 26 39 20 133 21 23 21 20 24 20 22 20
leaf_count=3910 2494 20 21 20 26 39 20 133 21 23 21 20 24 20 22 20
internal_value=-9.35758e-16 2.55566e-07 1.87444e-06 2.19993e-07 -1.56886e-06 2.65589e-07 2.23843e-07 2.79101e-07 -3.31672e-06 3.99904e-07 -1.80493e-07 4.38298e-07 -1.66537e-07 -1.76621e-07 -1.71636e-07 -1.76202e-07
internal_weight=6854 2837 61 2776 69 2707 2668 2627 41 43 4017 41 3996 3972 3952 3930
internal_count=6854 2837 61 2776 69 2707 2668 2627 41 43 4017 41 3996 3972 3952 3930
is_linear=0
shrinkage=0.05


Tree=80
num_leaves=28
num_cat=0
split_feature=13 20 6 14 22 2 5 8 6 5 26 14 17 8 19 21 0 22 4 2 15 0 22 22 26 15 22
split_gain=1.2068e-07 6.87473e-08 6.37101e-08 6.10035e-08 5.04077e-08 4.67256e-08 8.49911e-08 1.32176e-07 9.27714e-08 6.53576e-08 8.04633e-08 1.01926e-07 6.16803e-08 6.92323e-08 4.27093e-08 5.6756e-08 9.20561e-08 6.9835e-08 3.9115e-08 4.7406e-08 3.40257e-08 3.3119e-08 3.22369e-08 3.04395e-08 2.50326e-08 2.24516e-08 1.21655e-08
threshold=-0.9159756150367534 0.00035712500000000007 0.00071508500000000018 0.85226249403558707 971.50000000000011 195.50000000000003 15.050000000000002 175.08733390921239 0.00054934500000000013 12.450000000000001 0.00059386013001965973 0.69056404122701587 0.99907878727191923 106.07445573381064 0.00071493500000000009 987.00000000000011 833.50000000000011 909.50000000000011 33.500000000000007 272.50000000000006 -0.36648370705903521 713.50000000000011 821.00000000000011 888.50000000000011 0.00074109323310950486 -0.70289845916694649 905.50000000000011
decision_type=2 2 2 2 2 2 2 2 2 2 2 2 2 2 2 2 2 2 2 2 2 2 2 2 2 2 2
left_child=1 3 14 21 24 6 12 8 -8 10 20 -12 13 -3 15 16 22 -18 23 -20 -7 -1 -2 -11 25 26 -4
right_child=2 5 4 -5 -6 9 7 -9 -10 18 11 -13 -14 -15 -16 -17 17 -19 19 -21 -22 -23 -24 -25 -26 -27 -28
leaf_value=1.8280701669937118e-06 -9.7963630356619437e-08 -1.1759269468933692e-06 1.9187833256637534e-06 2.0505445010663629e-08 -1.0280437195958189e-06 1.6843316940218717e-07 2.1597410886897705e-06 -4.2369943525955024e-06 -1.1179126239731922e-06 2.617474105386183e-06 1.4864609030230069e-07 -3.7738230720275506e-06 -1.5987260854349337e-06 1.0281158060767964e-06 -1.8217209079314974e-06 -2.101603855148174e-06 2.0723818506831527e-06 -8.1530523305316051e-07 -5.0072963915681616e-07 2.0593950590740532e-06 2.7066305817917907e-06 4.6710622225107495e-06 -1.2930599137019416e-06 5.2020705487104186e-07 2.8920917429786641e-09 2.6976798340118152e-06 4.0130267312373948e-07
leaf_weight=20 5614 41 25 22 26 23 30 25 77 81 67 22 31 272 36 35 83 28 40 33 31 21 57 22 25 39 28
leaf_count=20 5614 41 25 22 26 23 30 25 77 81 67 22 31 272 36 35 83 28 40 33 31 21 57 22 25 39 28
internal_value=-3.12656e-15 5.5463e-07 -7.9365e-08 2.14452e-06 9.63348e-07 4.28638e-07 1.14836e-07 -9.63727e-07 -1.98944e-07 8.96882e-07 1.029e-07 -8.20953e-07 5.28703e-07 7.39407e-07 -1.0484e-07 -9.42151e-08 -8.20638e-08 1.34396e-06 1.54199e-06 6.56587e-07 1.62555e-06 3.28424e-06 -1.09976e-07 2.16951e-06 1.40588e-06 1.78713e-06 1.1171e-06
internal_weight=6854 858 5996 63 143 795 476 132 107 319 143 89 344 313 5853 5817 5782 111 176 73 54 41 5671 103 117 92 53
internal_count=6854 858 5996 63 143 795 476 132 107 319 143 89 344 313 5853 5817 5782 111 176 73 54 41 5671 103 117 92 53
is_linear=0
shrinkage=0.05


Tree=81
num_leaves=22
num_cat=0
split_feature=2 15 15 15 27 15 4 5 17 15 15 27 20 11 21 24 15 15 15 6 17
split_gain=1.11546e-07 5.9265e-08 7.55681e-08 1.00321e-07 1.04949e-07 1.38367e-07 8.10929e-08 9.70751e-08 7.36974e-08 6.68469e-08 8.68667e-08 8.89497e-08 5.62214e-08 6.292e-08 9.57665e-08 6.56686e-08 5.56942e-08 7.10749e-08 3.48725e-08 3.10226e-08 1.12681e-08
threshold=115.50000000000001 -0.99983123799342477 -0.72102888505294738 -0.6523320455745395 89.166666666666671 -0.6905596507703472 1.0000000180025095e-35 17.550000000000004 0.87279613824438262 -0.8739740505118182 -0.97111920233974802 76.833333333333357 0.0006296950000000001 49.431250000000006 769.50000000000011 0.00047975049046006132 -0.85674049181790024 -0.82899557272681157 -0.99628250747696534 0.00056118500000000018 0.97053719802296889
decision_type=2 2 2 2 2 2 2 2 2 2 2 2 2 2 2 2 2 2 2 2 2
left_child=12 -2 9 4 5 -4 7 -5 -8 10 18 -12 13 14 15 19 -11 -18 -3 -1 -17
right_child=1 2 3 6 -6 -7 8 -9 -10 16 11 -13 -14 -15 -16 20 17 -19 -20 -21 -22
leaf_value=-1.2956422696863369e-07 -2.4102032301698274e-06 1.9774742664679935e-07 -2.8194800654810658e-07 1.646970108937073e-06 1.8198467557795086e-06 -4.4229191599386372e-06 4.0686381967899518e-07 -2.0571603249663897e-06 -4.4584449411010356e-07 3.1260308883486833e-06 -5.1305522297985417e-07 2.2817807938224635e-06 -2.6578321043499192e-06 2.3773868904299891e-06 -2.7065857469526442e-06 7.1028140856318109e-07 -6.0717850965374972e-07 1.5263596405637801e-06 1.4590189910753301e-06 -2.1031055996445505e-06 2.191860017898183e-06
leaf_weight=4552 20 80 43 153 20 38 605 20 436 38 258 32 22 25 36 21 50 178 174 20 33
leaf_count=4552 20 80 43 153 20 38 605 20 436 38 258 32 22 25 36 21 50 178 174 20 33
internal_value=9.67783e-16 2.98865e-07 3.24362e-07 9.03497e-08 -1.42374e-06 -2.22463e-06 2.16316e-07 1.21875e-06 4.97257e-08 7.04272e-07 3.8665e-07 -2.0466e-07 -1.36136e-07 -1.243e-07 -1.37715e-07 -1.17724e-07 1.35384e-06 1.05848e-06 1.06177e-06 -1.38197e-07 1.61569e-06
internal_weight=6854 2145 2125 1315 101 81 1214 173 1041 810 544 290 4709 4687 4662 4626 266 228 254 4572 54
internal_count=6854 2145 2125 1315 101 81 1214 173 1041 810 544 290 4709 4687 4662 4626 266 228 254 4572 54
is_linear=0
shrinkage=0.05


Tree=82
num_leaves=31
num_cat=0
split_feature=13 20 11 22 16 22 0 14 0 23 1 27 21 14 1 4 14 21 27 21 20 21 3 2 23 6 14 14 7 22
split_gain=1.0467e-07 6.07345e-08 5.7062e-08 6.88831e-08 1.23879e-07 7.79296e-08 6.87764e-08 1.04866e-07 6.6447e-08 6.60078e-08 9.53742e-08 5.75567e-08 8.16164e-08 5.44598e-08 4.62725e-08 6.43416e-08 1.94474e-07 7.54744e-08 6.74272e-08 4.38803e-08 4.23552e-08 3.9725e-08 3.7846e-08 3.15065e-08 4.23644e-08 3.32402e-08 3.65546e-08 3.25702e-08 3.10794e-08 2.36647e-08
threshold=-0.9159756150367534 0.00035712500000000007 53.034375000000004 868.00000000000011 936.04000000000008 914.50000000000011 919.50000000000011 0.90892735371523092 902.50000000000011 802.50000000000011 523.75000000000011 1.0000000180025095e-35 966.50000000000011 0.85226249403558707 661.6500000000002 1.0000000180025095e-35 -0.93879691571722779 876.50000000000011 1.1666666666666667 833.50000000000011 0.00049113500000000007 914.50000000000011 23.850000000000005 203.50000000000003 565.50000000000011 0.00072017000000000012 0.62587949062545845 0.91939013254733981 37.877411806503879 784.50000000000011
decision_type=2 2 2 2 2 2 2 2 2 2 2 2 2 2 2 2 2 2 2 2 2 2 2 2 2 2 2 2 2 2
left_child=1 13 3 4 9 -5 8 11 21 19 -11 -8 -13 28 23 18 -17 -18 22 -2 -6 29 -16 24 -3 27 -27 -25 -1 -4
right_child=2 14 6 5 20 -7 7 -9 -10 10 -12 12 -14 -15 15 16 17 -19 -20 -21 -22 -23 -24 25 -26 26 -28 -29 -30 -31
leaf_value=4.4311971275116472e-06 -1.0765239996172826e-07 1.240987659531022e-06 6.0009853889235225e-07 -3.7822477170097787e-06 1.0235081509049255e-06 -2.2873074764599248e-07 2.111137795769277e-06 -3.1397864458995175e-06 3.367753042482491e-06 6.6885095000015428e-07 -2.8477775864374445e-06 1.3434021628684846e-06 -2.3468371103984378e-06 4.0336537019604954e-09 -1.0794815864301201e-06 -3.7088029090993682e-06 3.8104686879289654e-07 -2.7475257952790432e-06 2.9839612454907184e-06 9.8767261153310067e-07 4.0922077956069685e-06 -3.0984447825233023e-07 7.9876024500659762e-07 1.3175741107899078e-06 -1.1884490289192305e-06 1.282522378685615e-06 -6.6882912330172641e-07 3.4130932094326867e-06 1.6771373111623689e-06 2.4273971947681077e-06
leaf_weight=21 5442 34 34 27 23 36 35 25 32 31 51 31 29 22 34 38 235 21 30 93 22 48 127 118 38 56 42 22 20 37
leaf_count=21 5442 34 34 27 23 36 35 25 32 31 51 31 29 22 34 38 235 21 30 93 22 48 127 118 38 56 42 22 20 37
internal_value=-2.07416e-15 5.16531e-07 -7.39133e-08 -1.07472e-07 -8.91776e-08 -1.75167e-06 6.35037e-07 -2.5848e-07 1.34512e-06 -1.10111e-07 -1.51832e-06 4.99758e-07 -4.40213e-07 2.0109e-06 3.9811e-07 9.31391e-08 -3.71043e-07 1.24406e-07 8.07639e-07 -8.92486e-08 2.52376e-06 8.01214e-07 4.02113e-07 8.75241e-07 -4.1215e-08 1.15249e-06 4.46229e-07 1.64687e-06 3.08775e-06 1.55235e-06
internal_weight=6854 858 5996 5725 5662 63 271 120 151 5617 82 95 60 63 795 485 294 256 191 5535 45 119 161 310 72 238 98 140 41 71
internal_count=6854 858 5996 5725 5662 63 271 120 151 5617 82 95 60 63 795 485 294 256 191 5535 45 119 161 310 72 238 98 140 41 71
is_linear=0
shrinkage=0.05


Tree=83
num_leaves=31
num_cat=0
split_feature=13 11 22 16 22 9 0 14 0 5 27 21 24 17 17 9 5 5 2 26 3 15 11 26 3 21 1 23 22 11
split_gain=9.44648e-08 5.14984e-08 6.2167e-08 1.118e-07 7.03315e-08 6.49361e-08 6.20707e-08 9.46419e-08 5.99684e-08 5.91645e-08 5.1945e-08 7.36588e-08 5.10442e-08 6.07298e-08 7.68019e-08 5.80401e-08 5.76606e-08 7.66351e-08 1.06648e-07 6.39219e-08 8.45851e-08 5.03454e-08 6.71608e-08 3.94809e-08 5.24369e-08 3.58518e-08 3.41859e-08 3.32283e-08 2.54986e-08 2.3476e-08
threshold=-0.9159756150367534 53.034375000000004 868.00000000000011 936.04000000000008 914.50000000000011 57.750345084381252 919.50000000000011 0.90892735371523092 902.50000000000011 11.850000000000003 1.0000000180025095e-35 966.50000000000011 0.00053599516884989798 0.99557882484531046 0.97629675412161909 75.226761051572296 15.050000000000002 18.350000000000005 197.50000000000003 0.00048464190990169892 23.950000000000003 -0.8142754349318998 51.065625000000004 0.00069681105718388044 26.050000000000004 914.50000000000011 586.75000000000011 802.50000000000011 953.50000000000011 56.478125000000013
decision_type=2 2 2 2 2 2 2 2 2 2 2 2 2 2 2 2 2 2 2 2 2 2 2 2 2 2 2 2 2 2
left_child=12 2 3 5 -4 27 8 10 25 -5 -8 -12 13 14 21 16 19 18 -18 -14 -21 26 -23 -17 -25 -3 -1 -2 -26 -27
right_child=1 6 4 9 -6 -7 7 -9 -10 -11 11 -13 15 -15 -16 23 17 -19 -20 20 -22 22 -24 24 28 29 -28 -29 -30 -31
leaf_value=7.0801266645048604e-07 -8.0530417664854184e-08 1.4747351268000222e-06 -3.5931353497491932e-06 3.7059331134514653e-07 -2.1729424967512993e-07 -2.8157309502189904e-06 2.0055809051200415e-06 -2.9827971907252506e-06 3.1993653706763327e-06 4.0191572043113411e-06 1.2762320385527641e-06 -2.2294952424121661e-06 1.769398942755919e-06 -1.6949133969939628e-06 3.2081578972843592e-06 2.2983856932504024e-06 -4.2465886853085864e-06 8.5638808168705853e-07 3.5244349524313854e-08 -1.9431047627771271e-06 4.433591144222206e-07 7.5739500032561356e-07 -2.1015424036621963e-06 -1.7207099842510488e-06 1.6466638095897164e-07 -1.602706399808085e-06 3.3383302403914663e-06 -1.2007495424361186e-06 2.6314243086744682e-06 6.4018643927608675e-07
leaf_weight=21 5528 71 27 20 36 22 35 25 32 25 31 29 49 22 36 42 33 27 26 53 124 310 22 21 22 20 30 67 20 28
leaf_count=21 5528 71 27 20 36 22 35 25 32 25 31 29 49 22 36 42 33 27 26 53 124 310 22 21 22 20 30 67 20 28
internal_value=-6.17449e-15 -7.02176e-08 -1.02099e-07 -8.47188e-08 -1.66408e-06 -1.04605e-07 6.03285e-07 -2.45556e-07 1.27786e-06 2.39757e-06 4.7477e-07 -4.18203e-07 4.90705e-07 8.65719e-07 1.00017e-06 9.41064e-08 -2.48096e-07 -1.34998e-06 -2.35968e-06 1.71206e-07 -2.71232e-07 7.92628e-07 5.67947e-07 1.11094e-06 3.19305e-07 7.61154e-07 2.25526e-06 -9.3945e-08 1.33931e-06 -2.94352e-07
internal_weight=6854 5996 5725 5662 63 5617 271 120 151 45 95 60 858 441 419 417 312 86 59 226 177 383 332 105 63 119 51 5595 42 48
internal_count=6854 5996 5725 5662 63 5617 271 120 151 45 95 60 858 441 419 417 312 86 59 226 177 383 332 105 63 119 51 5595 42 48
is_linear=0
shrinkage=0.05


Tree=84
num_leaves=16
num_cat=0
split_feature=2 3 15 20 11 21 24 14 14 14 14 15 6 26 17
split_gain=8.83769e-08 6.08427e-08 5.38987e-08 5.22677e-08 5.63467e-08 8.66226e-08 5.75245e-08 5.06317e-08 2.56541e-07 7.60481e-08 7.054e-08 7.00446e-08 2.89723e-08 2.57108e-08 9.94511e-09
threshold=115.50000000000001 15.550000000000002 -0.99983123799342477 0.0006296950000000001 49.431250000000006 769.50000000000011 0.00047975049046006132 -0.95754239937548935 -0.96689237009891416 -0.94975917145599731 -0.93273441465163176 -0.12545862287572049 0.00056118500000000018 0.00044374303062393565 0.97053719802296889
decision_type=2 2 2 2 2 2 2 2 2 2 2 2 2 2 2
left_child=3 13 -3 4 5 6 12 8 11 -9 -11 -4 -1 -2 -8
right_child=1 2 7 -5 -6 -7 14 9 -10 10 -12 -13 -14 -15 -16
leaf_value=-1.1426453327448309e-07 -5.319431147654541e-07 -2.2760570459467999e-06 -1.051148574240313e-06 -2.5525877659178647e-06 2.2576440193233797e-06 -2.5656134628743781e-06 6.6832409510468668e-07 3.4127921946405661e-06 -4.5957596571057485e-06 -2.1990815595857453e-06 4.2413540619254922e-07 9.1240144276803196e-07 -2.021475810352058e-06 -2.8463373200793289e-06 2.0602149292740664e-06
leaf_weight=4552 30 20 67 22 25 36 21 21 31 26 1789 141 20 20 33
leaf_count=4552 30 20 67 22 25 36 21 21 31 26 1789 141 20 20 33
internal_value=-1.75091e-15 2.66022e-07 3.07161e-07 -1.21176e-07 -1.09763e-07 -1.22459e-07 -1.03446e-07 3.3206e-07 -3.52497e-07 4.21171e-07 3.86558e-07 2.79912e-07 -1.22608e-07 -1.4577e-06 1.51892e-06
internal_weight=6854 2145 2095 4709 4687 4662 4626 2075 239 1836 1815 208 4572 50 54
internal_count=6854 2145 2095 4709 4687 4662 4626 2075 239 1836 1815 208 4572 50 54
is_linear=0
shrinkage=0.05


Tree=85
num_leaves=16
num_cat=0
split_feature=25 17 14 14 14 26 14 14 0 4 14 6 2 26 0
split_gain=8.25381e-08 6.04432e-08 6.01093e-08 8.60306e-08 8.40213e-08 1.49085e-07 1.15548e-07 1.81925e-07 5.64702e-08 5.52936e-08 2.80651e-08 2.27824e-08 8.5963e-09 1.37241e-08 6.3225e-09
threshold=9.0807517930669042e-05 1.0188627020362733 0.99818282439137029 0.99907018497641664 0.9916835347852474 0.00047104223526006948 0.98667101781630195 0.98049069993378934 670.50000000000011 45.500000000000007 0.99983759474438971 0.00024059500000000002 119.50000000000001 0.00013073135617358073 264.50000000000006
decision_type=2 2 2 2 2 2 2 2 2 2 2 2 2 2 2
left_child=8 2 4 -4 6 9 7 -2 11 -6 -5 12 13 14 -1
right_child=1 -3 3 10 5 -7 -8 -9 -10 -11 -12 -13 -14 -15 -16
leaf_value=-1.3755091552695536e-07 2.5026294209545717e-07 -2.2411987717418926e-06 4.4713681870689476e-06 -8.6935400304355422e-07 2.0301630446407548e-06 -4.517189338370232e-06 2.9397912787597027e-06 -3.1064683293063752e-06 -2.731835747042732e-06 -1.6023374951146252e-06 1.7794727813225111e-06 1.4036487755220152e-06 -1.0657457014531246e-06 1.109684922601611e-06 -9.3523673513118414e-07
leaf_weight=3900 2604 25 20 20 22 26 39 41 21 20 20 24 25 22 25
leaf_count=3900 2604 25 20 20 22 26 39 41 21 20 20 24 25 22 25
internal_value=9.25531e-17 2.06465e-07 2.28226e-07 1.79383e-06 1.94092e-07 -1.54162e-06 2.38067e-07 1.9823e-07 -1.45816e-07 3.00401e-07 4.55059e-07 -1.32225e-07 -1.41506e-07 -1.35651e-07 -1.42632e-07
internal_weight=6854 2837 2812 60 2752 68 2684 2645 4017 42 40 3996 3972 3947 3925
internal_count=6854 2837 2812 60 2752 68 2684 2645 4017 42 40 3996 3972 3947 3925
is_linear=0
shrinkage=0.05


Tree=86
num_leaves=29
num_cat=0
split_feature=2 16 21 15 6 14 14 0 20 22 25 25 14 23 25 14 14 14 15 25 24 18 6 17 18 5 17 14
split_gain=7.45461e-08 5.21548e-08 8.18061e-08 2.30632e-07 1.04324e-07 8.68919e-08 9.01703e-08 5.99595e-08 5.62328e-08 5.61562e-08 6.35354e-08 4.55974e-08 4.13044e-08 4.0624e-08 5.36275e-08 8.47291e-08 2.00677e-07 1.80859e-07 2.67491e-07 5.96203e-08 1.12959e-07 5.02469e-08 8.18831e-08 4.5814e-08 4.05746e-08 3.47714e-08 2.74976e-08 2.19647e-08
threshold=172.50000000000003 964.80000000000007 747.50000000000011 -0.14250536273956091 0.00045819000000000003 0.99818282439137029 0.9916835347852474 742.50000000000011 0.00049113500000000007 993.50000000000011 0.0005518737206568927 0.00066255616537437242 0.82899317702918729 981.50000000000011 0.00049482349192463485 0.54940630780725741 0.50557357885840837 0.77788564761185042 0.30778899014954286 0.00046873551491774626 0.000530206687456545 0.00067731500000000006 0.00058263500000000008 0.95838591338098555 0.00044357500000000003 10.65 0.90339067144461027 0.72695311118111527
decision_type=2 2 2 2 2 2 2 2 2 2 2 2 2 2 2 2 2 2 2 2 2 2 2 2 2 2 2 2
left_child=13 2 5 4 -4 6 12 -5 -6 10 27 -12 -2 14 19 16 24 23 -19 21 25 22 -1 -17 -16 -21 -13 -3
right_child=1 9 3 7 8 -7 -8 -9 -10 -11 11 26 -14 -15 15 17 -18 18 -20 20 -22 -23 -24 -25 -26 -27 -28 -29
leaf_value=-8.0672898103687921e-08 2.9006155337446396e-07 1.923306175203007e-06 -2.4784424691877881e-06 -2.1312659436305348e-06 -1.6694788439508558e-06 3.7521667798046111e-06 -2.6679735263403768e-06 -5.9565737845446164e-06 1.2012372777768368e-06 -1.1929796765679898e-06 -1.3243650357708248e-06 1.4641719019437006e-07 1.2966570554169295e-06 -2.040743152065261e-06 -1.0903462244893122e-06 1.8365669962842427e-06 -4.6809643380511673e-06 1.2331089326833147e-06 -4.6283001618500444e-06 -1.4271963961220991e-06 -4.3375879897666895e-06 1.8567618043920391e-06 -2.0940717363641051e-06 4.4355325278443979e-06 5.055449176558527e-07 1.2666198848567389e-06 1.8388513707476604e-06 4.1331608589762654e-06
leaf_weight=5131 436 22 30 21 20 20 23 20 116 23 20 36 133 26 47 30 22 103 24 25 24 33 51 39 261 23 72 23
leaf_count=5131 436 22 30 21 20 20 23 20 116 23 20 36 133 26 47 30 22 103 24 25 24 33 51 39 261 23 72 23
internal_value=-1.82303e-15 3.955e-07 2.20165e-07 -6.3907e-07 1.90366e-07 5.10788e-07 4.01282e-07 -3.99727e-06 7.79073e-07 1.12815e-06 1.43674e-06 8.68602e-07 5.25347e-07 -6.87503e-08 -5.99301e-08 4.21547e-07 -6.7516e-08 1.24497e-06 1.25441e-07 -1.07832e-07 -1.5368e-06 -8.8103e-08 -1.00488e-07 3.30555e-06 2.62016e-07 -1.36409e-07 1.27471e-06 3.05279e-06
internal_weight=6854 1015 819 207 166 612 592 41 136 196 173 128 569 5839 5813 526 330 196 127 5287 72 5215 5182 69 308 48 108 45
internal_count=6854 1015 819 207 166 612 592 41 136 196 173 128 569 5839 5813 526 330 196 127 5287 72 5215 5182 69 308 48 108 45
is_linear=0
shrinkage=0.05


Tree=87
num_leaves=26
num_cat=0
split_feature=13 20 14 6 6 21 19 3 3 26 15 11 18 15 5 8 5 19 21 11 25 1 0 25 20
split_gain=7.47469e-08 4.83705e-08 5.15712e-08 4.07119e-08 3.94494e-08 3.88611e-08 3.96712e-08 3.86575e-08 8.9159e-08 1.97858e-07 1.21074e-07 6.38179e-08 5.73889e-08 4.74706e-08 4.47812e-08 1.05827e-07 7.12445e-08 3.76249e-08 4.71726e-08 7.24216e-08 7.25946e-08 2.87481e-08 2.70379e-08 1.59164e-08 1.08616e-08
threshold=-0.9159756150367534 0.00035712500000000007 0.85226249403558707 0.00071508500000000018 0.00075618000000000007 932.50000000000011 0.00077613000000000009 22.250000000000004 23.850000000000005 0.00069681105718388044 0.2499757677084001 46.884375000000013 0.00073085499999999998 0.91245913578114801 15.15 175.08733390921239 12.750000000000002 0.00071493500000000009 987.00000000000011 53.034375000000004 0.00039801261844502116 867.85000000000002 713.50000000000011 0.00065323579648343363 0.00071493500000000009
decision_type=2 2 2 2 2 2 2 2 2 2 2 2 2 2 2 2 2 2 2 2 2 2 2 2 2
left_child=1 2 22 17 23 -6 -7 11 9 10 -9 12 13 -3 16 -16 -10 18 19 21 -21 -2 -1 -5 -25
right_child=3 7 -4 4 5 6 -8 8 14 -11 -12 -13 -14 -15 15 -17 -18 -19 -20 20 -22 -23 -24 24 -26
leaf_value=1.5023111188838813e-06 -9.9579284515801791e-08 1.0974564454721897e-06 -1.8280713721775433e-07 2.7380956868475313e-06 1.3510473753086671e-06 -2.3237176833390552e-06 6.1575483776075339e-07 1.2794432918601734e-06 2.6441335834121947e-07 -5.2016825047000267e-06 -2.6448090405513844e-06 3.4518792718006899e-06 -1.9868914992571263e-06 -8.4840620571425011e-07 3.1531533977613441e-07 -3.7510744107294162e-06 2.0128054410334592e-06 -1.6942754939464068e-06 -1.9029343125761704e-06 3.8786531240475597e-06 6.0156108815002168e-07 1.0596294313498019e-06 4.0710714594232359e-06 3.3515698153766237e-07 1.945117666082297e-06
leaf_weight=20 5599 205 22 23 32 24 22 57 222 24 30 21 20 37 80 20 79 36 35 20 109 54 21 22 20
leaf_count=20 5599 205 22 23 32 24 22 57 222 24 30 21 20 37 80 20 79 36 35 20 109 54 21 22 20
internal_value=-3.4262e-15 4.36498e-07 1.77011e-06 -6.24608e-08 7.71069e-07 1.29602e-08 -9.17883e-07 3.30815e-07 7.15991e-08 -1.18249e-06 -7.37472e-08 7.99785e-07 5.87213e-07 7.99949e-07 4.18741e-07 -4.97963e-07 7.23294e-07 -8.28255e-08 -7.28527e-08 -6.17747e-08 1.10964e-06 -8.8506e-08 2.81802e-06 1.6808e-06 1.1018e-06
internal_weight=6854 858 63 5996 143 78 46 795 512 111 87 283 262 242 401 100 301 5853 5817 5782 129 5653 41 65 42
internal_count=6854 858 63 5996 143 78 46 795 512 111 87 283 262 242 401 100 301 5853 5817 5782 129 5653 41 65 42
is_linear=0
shrinkage=0.05


Tree=88
num_leaves=23
num_cat=0
split_feature=13 20 15 5 6 2 1 2 5 14 5 4 3 6 6 0 17 17 8 19 4 3
split_gain=6.74591e-08 4.3763e-08 6.18228e-08 1.18435e-07 4.03954e-08 6.73149e-08 6.3156e-08 4.14112e-08 7.30516e-08 6.83007e-08 5.11291e-08 5.79348e-08 3.73411e-08 3.07447e-08 5.49908e-08 3.96117e-08 2.86918e-08 3.23308e-08 2.42842e-08 1.81983e-08 1.54958e-08 1.44237e-08
threshold=-0.9159756150367534 0.00038893500000000003 -0.52034141052533245 12.250000000000002 0.00041619000000000004 128.50000000000003 678.50000000000011 217.50000000000003 8.1500000000000004 0.97696484778429815 10.15 14.500000000000002 35.850000000000001 0.00071508500000000018 0.00069797500000000009 966.50000000000011 1.0253463389462343 0.9605417702420429 142.27803945020608 0.00075879500000000015 65.500000000000014 24.450000000000003
decision_type=2 2 2 2 2 2 2 2 2 2 2 2 2 2 2 2 2 2 2 2 2 2
left_child=1 2 -1 -4 5 -3 -7 8 18 -10 11 -9 13 14 16 20 17 -2 -6 -12 21 -15
right_child=12 4 3 -5 7 6 -8 10 9 -11 19 -13 -14 15 -16 -17 -18 -19 -20 -21 -22 -23
leaf_value=3.9516922441862338e-06 -1.0390881780659115e-07 3.8795897921772852e-06 2.6390138057053036e-06 -2.1266170976601146e-06 7.1528886843336706e-07 1.7453061311756852e-06 -1.6051084209969056e-06 1.5826808195966308e-06 -1.770780021518387e-07 -3.1028356304540508e-06 9.5178567437618052e-07 -1.6414479719778205e-06 1.9514444375090535e-06 2.3640849721671438e-06 -2.1195605037946456e-06 -8.5307363590914069e-07 -1.7979156744729608e-06 2.9876115072583915e-07 2.6057953177244668e-06 2.2307812238019272e-06 -8.4624922465081916e-08 9.7707700057416989e-07
leaf_weight=20 5231 20 32 22 49 39 22 22 398 21 112 38 23 29 33 32 24 551 26 37 20 53
leaf_count=20 5231 20 32 22 49 39 22 22 398 21 112 38 23 29 33 32 24 551 26 37 20 53
internal_value=-5.30803e-15 4.14673e-07 1.57698e-06 6.9746e-07 3.04965e-07 1.3623e-06 5.3696e-07 1.83138e-07 -6.64712e-08 -3.23715e-07 7.73124e-07 -4.59267e-07 -5.93378e-08 -6.70806e-08 -8.42653e-08 6.81736e-07 -7.26971e-08 -6.55361e-08 1.37066e-06 1.26939e-06 1.16325e-06 1.4676e-06
internal_weight=6854 858 74 54 784 81 61 703 494 419 209 60 5996 5973 5839 134 5806 5782 75 149 102 82
internal_count=6854 858 74 54 784 81 61 703 494 419 209 60 5996 5973 5839 134 5806 5782 75 149 102 82
is_linear=0
shrinkage=0.05


Tree=89
num_leaves=24
num_cat=0
split_feature=13 24 17 17 18 15 9 15 7 25 25 11 15 14 26 21 21 1 1 17 4 21 17
split_gain=6.08818e-08 4.48749e-08 5.26999e-08 6.73302e-08 4.93254e-08 5.14589e-08 4.7613e-08 5.56317e-08 1.24829e-07 7.55528e-08 3.96852e-08 3.33331e-08 5.20844e-08 1.10025e-07 6.28947e-08 5.02612e-08 3.72171e-08 4.233e-08 2.9593e-08 2.92146e-08 2.83871e-08 3.31863e-08 2.55665e-08
threshold=-0.9159756150367534 0.00053599516884989798 0.99557882484531046 0.97629675412161909 0.00067419500000000015 -0.8142754349318998 75.226761051572296 0.61913436964878354 34.587427134783148 0.00067178885933521029 0.00078054733479616695 53.034375000000004 -0.16799793862756093 0.90892735371523092 0.00038711936567417481 993.50000000000011 953.50000000000011 864.55000000000007 841.95000000000016 0.99065583073017305 1.5000000000000002 816.50000000000011 1.0253463389462343
decision_type=2 2 2 2 2 2 2 2 2 2 2 2 2 2 2 2 2 2 2 2 2 2 2
left_child=1 2 3 4 5 -1 7 8 9 -3 20 16 13 14 -13 -16 17 18 22 -19 -8 -22 -2
right_child=11 6 -4 -5 -6 -7 10 -9 -10 -11 -12 12 -14 -15 15 -17 -18 19 -20 -21 21 -23 -24
leaf_value=2.0215485224639454e-06 -7.2600853451908726e-08 6.4287348344394137e-07 -1.6397838645719855e-06 2.9381663340346781e-06 2.9213658900348692e-06 2.9298406653035803e-07 2.6000590133722817e-06 2.2632529248767243e-06 -3.8410879139973991e-06 -1.0427156010337059e-06 -7.0911823378857537e-07 3.07184675989447e-06 2.9410990578071508e-06 -2.7254136663638447e-06 6.2723562870638087e-07 -2.0148691010035694e-06 -2.089279242736468e-06 2.177589520978732e-06 -1.7703364409708927e-06 -2.179444618377602e-07 2.1807011216878889e-06 -5.7705098678676838e-07 -1.7080198899085039e-06
leaf_weight=50 5597 142 22 36 23 310 34 20 25 125 27 24 20 27 180 20 23 35 26 20 20 24 24
leaf_count=50 5597 142 22 36 23 310 34 20 25 125 27 24 20 27 180 20 23 35 26 20 20 24 24
internal_value=-1.65541e-15 3.93939e-07 7.45562e-07 8.70806e-07 6.76485e-07 5.33062e-07 2.20793e-08 -2.87864e-07 -4.62598e-07 -1.4626e-07 9.43053e-07 -5.63709e-08 4.8548e-07 2.89813e-07 6.53256e-07 3.63025e-07 -8.20201e-08 -7.39234e-08 -8.73682e-08 1.30649e-06 1.51496e-06 6.76473e-07 -7.95836e-08
internal_weight=6854 858 441 419 383 360 417 312 292 267 105 5996 271 251 224 200 5725 5702 5647 55 78 44 5621
internal_count=6854 858 441 419 383 360 417 312 292 267 105 5996 271 251 224 200 5725 5702 5647 55 78 44 5621
is_linear=0
shrinkage=0.05


Tree=90
num_leaves=19
num_cat=0
split_feature=13 15 23 15 15 5 23 15 15 19 5 14 22 6 19 19 14 17
split_gain=5.59667e-08 4.70847e-08 4.43813e-08 4.27202e-08 7.67024e-08 1.9204e-07 5.1894e-08 4.52521e-08 3.46557e-08 3.18505e-08 2.65979e-08 2.45921e-08 2.36935e-08 5.44777e-08 1.65194e-08 1.41635e-08 8.91482e-09 8.8917e-09
threshold=-0.60355339059327384 -0.99938741687870725 802.50000000000011 -0.97507822412530132 -0.9575230291762723 14.450000000000001 1003.5000000000001 -0.77788789561442695 -0.99273797715557011 0.00058432500000000023 7.0500000000000007 0.16799745313369893 775.50000000000011 0.00051742500000000007 0.00047020500000000007 0.00053709000000000016 -0.1350501201252472 0.92653252636794803
decision_type=2 2 2 2 2 2 2 2 2 2 2 2 2 2 2 2 2 2
left_child=1 -1 9 8 5 -5 7 -6 10 12 -3 16 13 14 -2 -15 -10 -12
right_child=2 3 -4 4 6 -7 -8 -9 11 -11 17 -13 -14 15 -16 -17 -18 -19
leaf_value=-1.8133744496091304e-06 -8.9536522055710961e-08 -9.2944117383318566e-07 -2.1132279875423085e-06 5.444261824373422e-07 8.3113818482123507e-07 -5.5663070770606286e-06 -1.9755858377178672e-06 1.5771768141323838e-07 1.6977439007145484e-06 1.543698210753064e-06 1.7677118832926637e-06 2.5399990969769232e-07 -1.3179448401227746e-06 2.5791398868369427e-06 -1.2121654637295169e-06 8.3328571568367469e-07 2.8947145616647114e-06 2.9462064446761362e-07
leaf_weight=28 4678 29 27 36 302 20 26 1434 35 30 21 21 39 21 33 26 28 20
leaf_count=28 4678 29 27 36 302 20 26 1434 35 30 21 21 39 21 33 26 28 20
internal_value=-2.9154e-15 2.22586e-07 -9.17124e-08 2.51494e-07 1.83762e-07 -1.63798e-06 2.4166e-07 2.74868e-07 1.05109e-06 -8.0405e-08 2.29437e-07 1.7358e-06 -9.0562e-08 -8.05015e-08 -9.74004e-08 1.61335e-06 2.22973e-06 1.04913e-06
internal_weight=6854 2000 4854 1972 1818 56 1762 1736 154 4827 70 84 4797 4758 4711 47 63 41
internal_count=6854 2000 4854 1972 1818 56 1762 1736 154 4827 70 84 4797 4758 4711 47 63 41
is_linear=0
shrinkage=0.05


Tree=91
num_leaves=20
num_cat=0
split_feature=25 14 14 3 15 14 17 14 20 14 14 16 3 26 17 20 23 16 23
split_gain=5.25502e-08 5.68197e-08 8.28622e-08 1.32814e-07 2.05489e-07 1.45094e-07 1.01003e-07 7.21366e-08 1.00356e-07 6.409e-08 4.85639e-08 4.83139e-08 4.23936e-08 2.46323e-08 1.49442e-08 1.00962e-08 8.19505e-09 4.42315e-09 2.66508e-09
threshold=9.0807517930669042e-05 -0.99940763397299126 -0.93879691571722779 24.650000000000002 0.063390085881955341 -0.99275805973510278 1.0188627020362733 -0.98523971305672675 0.00033463000000000009 -0.91289842852956904 0.99818282439137029 724.60000000000002 22.050000000000004 0.0002313365284891005 0.9575154343897978 0.00019242000000000003 310.50000000000006 312.71500000000009 631.50000000000011
decision_type=2 2 2 2 2 2 2 2 2 2 2 2 2 2 2 2 2 2 2
left_child=11 18 3 7 5 -5 9 8 -3 14 -11 13 -9 15 -4 16 17 -1 -2
right_child=1 2 6 4 -6 -7 -8 12 -10 10 -12 -13 -14 -15 -16 -17 -18 -19 -20
leaf_value=-1.0492327149124491e-07 1.6277546976084523e-06 -8.7371555634620427e-07 1.2855053978455545e-06 1.5891674316219743e-06 -5.1786063834567496e-06 -2.7238108779888886e-06 -3.3007421370712112e-06 1.9393056063931843e-07 2.5634970039913313e-06 1.980069749165037e-07 1.6385938979131729e-06 -2.2647205600361092e-06 -1.6113770532418432e-06 1.6479644909850323e-06 3.218393396764441e-06 -1.231733542681468e-06 8.5682858380922957e-07 -5.829617285228881e-07 2.4440081824650406e-06
leaf_weight=3880 20 35 20 39 35 39 20 71 54 2344 60 26 60 20 20 20 22 49 20
leaf_count=3880 20 35 20 39 35 39 20 71 54 2344 60 26 60 20 20 20 22 49 20
internal_value=-1.237e-15 1.64743e-07 1.37984e-07 -6.02304e-07 -1.9956e-06 -5.67322e-07 2.3803e-07 1.13342e-07 1.21178e-06 2.66989e-07 2.33962e-07 -1.16349e-07 -6.32928e-07 -1.02353e-07 2.25195e-06 -1.11169e-07 -1.05497e-07 -1.10885e-07 2.03588e-06
internal_weight=6854 2837 2797 333 113 78 2464 220 89 2444 2404 4017 131 3991 40 3971 3951 3929 40
internal_count=6854 2837 2797 333 113 78 2464 220 89 2444 2404 4017 131 3991 40 3971 3951 3929 40
is_linear=0
shrinkage=0.05


Tree=92
num_leaves=25
num_cat=0
split_feature=13 24 17 17 20 21 23 11 7 21 0 15 8 20 21 3 23 9 21 22 5 1 15 5
split_gain=5.0283e-08 4.09008e-08 4.67672e-08 6.15976e-08 4.49255e-08 4.2935e-08 5.2084e-08 4.48394e-08 6.88934e-08 4.27468e-08 7.12721e-08 5.46772e-08 5.05198e-08 4.93772e-08 4.06791e-08 3.09867e-08 2.74258e-08 3.57263e-08 5.53329e-08 5.09982e-08 6.24108e-08 5.03344e-08 3.97128e-08 3.06261e-08
threshold=-0.9159756150367534 0.00053599516884989798 0.99557882484531046 0.97629675412161909 0.00041650000000000004 632.50000000000011 759.50000000000011 46.081250000000004 31.120119917055167 697.50000000000011 841.50000000000011 -0.14250536273956091 112.41973461483481 0.00070747500000000005 747.50000000000011 35.850000000000001 1000.5000000000001 63.382570314188264 971.50000000000011 902.50000000000011 11.15 867.85000000000002 -0.68432604233786842 11.65
decision_type=2 2 2 2 2 2 2 2 2 2 2 2 2 2 2 2 2 2 2 2 2 2 2 2
left_child=1 2 3 4 -1 6 7 -3 -9 13 11 -11 -12 -7 -6 16 17 19 22 21 -21 -2 -19 -20
right_child=15 5 -4 -5 14 9 -8 8 -10 10 12 -13 -14 -15 -16 -17 -18 18 23 20 -22 -23 -24 -25
leaf_value=2.3607848541306504e-06 -7.5884507058237346e-08 1.562420839945844e-06 -1.5533689696150592e-06 2.7890801561625267e-06 5.8989463230995441e-07 2.5658656022041161e-06 -2.5984867724835043e-06 6.2876886116870221e-07 -3.2745678208812028e-06 -1.4497133520308126e-07 -1.5386299135743372e-06 -3.5958921774760135e-06 7.2024025736135371e-07 -8.4190320492893989e-08 -1.7326031218090068e-06 1.7804922129510921e-06 -1.9067270798700521e-06 6.1922222676283711e-07 4.1590519504097761e-07 7.1648323880609784e-08 -3.6533918184680012e-06 1.2925838335153165e-06 2.5784017388356297e-06 -2.1419931504789763e-06
leaf_weight=34 5674 25 22 36 329 39 31 26 20 24 29 22 169 32 20 23 20 81 25 23 22 68 38 22
leaf_count=34 5674 25 22 36 329 39 31 26 20 24 29 22 169 32 20 23 20 81 25 23 22 68 38 22
internal_value=-2.97442e-15 3.5801e-07 6.93702e-07 8.11687e-07 6.25822e-07 2.99791e-09 -8.88588e-07 -1.42012e-07 -1.06833e-06 2.91702e-07 -2.24943e-08 -1.79541e-06 3.89396e-07 1.37147e-06 4.568e-07 -5.12296e-08 -5.8283e-08 -5.20728e-08 6.71145e-07 -7.28183e-08 -1.74948e-06 -5.96783e-08 1.24484e-06 -7.81409e-07
internal_weight=6854 858 441 419 383 417 102 71 46 315 244 46 198 71 349 5996 5973 5953 166 5787 45 5742 119 47
internal_count=6854 858 441 419 383 417 102 71 46 315 244 46 198 71 349 5996 5973 5953 166 5787 45 5742 119 47
is_linear=0
shrinkage=0.05


Tree=93
num_leaves=21
num_cat=0
split_feature=11 15 14 5 14 2 0 0 5 18 4 20 14 2 13 21 9 14 1 21
split_gain=4.74296e-08 6.66185e-08 1.01114e-07 1.71469e-07 1.09359e-07 8.02036e-08 6.63691e-08 8.15728e-08 9.47979e-08 1.38639e-07 6.92047e-08 6.6312e-08 6.43677e-08 5.01129e-08 3.69275e-08 3.6134e-08 3.08943e-08 5.93838e-08 4.31768e-08 2.6425e-08
threshold=50.203125000000007 0.20812153622207724 0.90892735371523092 15.750000000000002 0.97112537654464559 126.50000000000001 868.00000000000011 766.50000000000011 15.750000000000002 0.00064500000000000007 5.5000000000000009 0.00082175000000000011 0.75014288946266361 194.50000000000003 -0.98296291314453399 833.50000000000011 51.511886243804959 0.39827038710620805 456.40000000000003 775.50000000000011
decision_type=2 2 2 2 2 2 2 2 2 2 2 2 2 2 2 2 2 2 2 2
left_child=6 2 5 4 -4 -2 7 14 9 12 -11 13 -9 -7 16 19 17 -1 -18 -16
right_child=1 -3 3 -5 -6 11 -8 8 -10 10 -12 -13 -14 -15 15 -17 18 -19 -20 -21
leaf_value=-2.1460929259222085e-06 2.7274453068399697e-06 3.0308069851699937e-06 -2.2181408212418319e-06 -5.2783802749174709e-06 2.3677713285289536e-06 1.6898788158184024e-07 2.4283373553165195e-06 -2.3579533768725015e-06 1.2203890717648179e-06 1.76983926204836e-06 -1.3995580899495881e-06 -1.7532845575780293e-06 -6.0199111749170705e-06 1.1935381878227591e-06 -3.8097115829753912e-08 1.5815187513995251e-06 -3.7160630867560939e-07 1.1373493322253126e-06 2.4111374680333228e-06 -8.0697155744091063e-07
leaf_weight=21 38 23 26 21 26 380 27 30 34 24 61 35 20 174 5660 34 20 40 46 114
leaf_count=21 38 23 26 21 26 380 27 30 34 24 61 35 20 174 5660 34 20 40 46 114
internal_value=6.61935e-16 3.83018e-07 2.96019e-07 -1.46515e-06 7.48153e-08 5.01067e-07 -4.51675e-08 -5.61086e-08 -1.13929e-06 -1.73358e-06 -5.04669e-07 3.5743e-07 -3.82274e-06 4.90778e-07 -2.52648e-08 -4.37074e-08 8.18159e-07 6.98396e-09 1.56788e-06 -5.32775e-08
internal_weight=6854 723 700 73 52 627 6131 6104 169 135 85 589 50 554 5935 5808 127 61 66 5774
internal_count=6854 723 700 73 52 627 6131 6104 169 135 85 589 50 554 5935 5808 127 61 66 5774
is_linear=0
shrinkage=0.05


Tree=94
num_leaves=19
num_cat=0
split_feature=2 23 18 14 14 15 1 17 11 26 20 15 23 18 14 23 17 14
split_gain=4.44639e-08 6.17954e-08 5.024e-08 4.15552e-08 1.12037e-07 6.21259e-08 8.73867e-08 4.43231e-08 3.72153e-08 1.04651e-07 1.10935e-07 6.16407e-08 7.47556e-08 2.48097e-08 3.24548e-08 1.05624e-08 1.05298e-08 9.90671e-09
threshold=241.50000000000003 1003.5000000000001 0.00081829500000000013 0.69056404122701587 0.82899317702918729 -0.11692317777808843 390.40000000000003 0.7959756852296368 50.203125000000007 0.00069681105718388044 0.00068984000000000016 0.20812153622207724 522.50000000000011 0.00053325500000000017 -0.91978325482952472 738.50000000000011 0.67335323716304285 0.070897839638973045
decision_type=2 2 2 2 2 2 2 2 2 2 2 2 2 2 2 2 2 2
left_child=1 2 8 13 7 -6 15 -5 9 10 -1 12 -10 -2 -15 -7 -16 -18
right_child=3 -3 -4 4 5 6 -8 -9 11 -11 -12 -13 -14 14 16 -17 17 -19
leaf_value=-7.8892396223870619e-08 2.2993852509500813e-06 -2.6734344062488576e-06 1.9890483658415297e-06 -3.7658739136697315e-06 2.5221205842424548e-06 2.2655329735243869e-06 -2.1889476618598891e-06 -5.1362900194362732e-07 2.9180726523918569e-06 -3.2327433941121019e-06 1.8194611918978317e-06 2.8792666119383997e-06 1.2501823390937538e-07 -6.7625460928866234e-07 3.1764483266272237e-07 6.4054145695990885e-07 1.0148887077360522e-06 2.1404297960296338e-06
leaf_weight=5760 35 22 31 22 36 20 28 20 25 26 78 23 574 29 25 20 46 34
leaf_count=5760 35 22 31 22 36 20 28 20 25 26 78 23 574 29 25 20 46 34
internal_value=4.4436e-16 -2.79512e-08 -1.90207e-08 5.80232e-07 -3.76336e-08 8.4257e-07 -4.66036e-08 -2.21719e-06 -2.86183e-08 -6.76251e-08 -5.3529e-08 3.39124e-07 2.4159e-07 1.11401e-06 8.04397e-07 1.45304e-06 1.21334e-06 1.49324e-06
internal_weight=6854 6539 6517 315 146 104 68 42 6486 5864 5838 622 599 169 134 40 105 80
internal_count=6854 6539 6517 315 146 104 68 42 6486 5864 5838 622 599 169 134 40 105 80
is_linear=0
shrinkage=0.05


Tree=95
num_leaves=18
num_cat=0
split_feature=7 0 7 1 15 15 2 5 25 4 11 21 18 5 4 23 11
split_gain=4.20065e-08 5.42172e-08 4.57883e-08 4.3178e-08 9.22916e-08 1.68405e-07 9.05837e-08 4.13145e-08 3.08301e-08 7.21865e-08 4.37914e-08 4.43623e-08 2.28494e-08 2.17137e-08 1.84917e-08 9.52818e-09 8.48667e-09
threshold=14.833017467908734 966.50000000000011 15.278995907960985 860.1500000000002 -0.42958798411962301 -0.23537842981696178 119.50000000000001 11.350000000000003 0.00074495676006362062 2.5000000000000004 57.640625000000007 963.50000000000011 0.00065462000000000018 16.850000000000005 10.500000000000002 956.50000000000011 51.065625000000004
decision_type=2 2 2 2 2 2 2 2 2 2 2 2 2 2 2 2 2
left_child=1 12 -2 8 -5 -6 -7 -3 10 -10 11 -4 -1 -12 15 -14 -16
right_child=2 7 3 4 5 6 -8 -9 9 -11 13 -13 14 -15 16 -17 -18
leaf_value=2.6231920757642989e-06 -2.0757128797615429e-06 9.6898193565461307e-07 -3.2508501813138507e-08 3.1692859920440244e-06 -2.907023517362926e-06 2.7478231279049186e-07 3.219081341155418e-06 -1.6078043703211215e-06 -3.2125912667879675e-06 8.015169548852577e-07 5.8546264691964704e-07 -2.0635900166004826e-06 1.0187428780942095e-06 2.3393475858028978e-06 8.8062541749422971e-07 2.3122276862371412e-06 -5.7596889632804962e-07
leaf_weight=27 27 28 6277 32 34 103 35 35 24 21 60 27 35 25 20 24 20
leaf_count=27 27 28 6277 32 34 103 35 35 24 21 60 27 35 25 20 24 20
internal_value=-4.34067e-15 7.35064e-07 -2.08443e-08 -1.24861e-08 7.0367e-07 2.44951e-07 1.02152e-06 -4.62566e-07 -3.5193e-08 -1.33934e-06 -2.60074e-08 -4.12076e-08 1.33388e-06 1.10131e-06 9.82248e-07 1.54491e-06 1.52328e-07
internal_weight=6854 189 6665 6638 204 172 138 63 6434 45 6389 6304 126 85 99 59 40
internal_count=6854 189 6665 6638 204 172 138 63 6434 45 6389 6304 126 85 99 59 40
is_linear=0
shrinkage=0.05


Tree=96
num_leaves=20
num_cat=0
split_feature=13 27 5 5 6 19 8 8 14 14 27 3 23 19 0 6 25 26 5
split_gain=3.97256e-08 3.4009e-08 4.16718e-08 7.2652e-08 5.63415e-08 1.0282e-07 4.27739e-08 3.85405e-08 3.58762e-08 4.02877e-08 2.96799e-08 2.63526e-08 2.46067e-08 3.18074e-08 4.2546e-08 3.86897e-08 1.16856e-08 1.07359e-08 7.87674e-09
threshold=-0.9159756150367534 90.500000000000014 8.1500000000000004 9.1500000000000004 0.00082207500000000013 0.00081510000000000013 115.94198330450551 132.08700597038282 0.82899317702918729 0.61915405168109316 13.16666666666667 34.45000000000001 1000.5000000000001 0.00077613000000000009 987.00000000000011 0.00071508500000000018 0.00061271849382225462 0.00045876185211527859 12.250000000000002
decision_type=2 2 2 2 2 2 2 2 2 2 2 2 2 2 2 2 2 2 2
left_child=1 2 6 7 5 -5 10 -4 9 18 -1 12 13 14 15 -2 17 -8 -3
right_child=11 8 3 4 -6 -7 16 -9 -10 -11 -12 -13 -14 -15 -16 -17 -18 -19 -20
leaf_value=1.0621438238186701e-06 -6.3713564274011351e-08 8.7720730363116677e-07 -4.4938976879209464e-07 2.1881864333493845e-07 2.6705749462507813e-06 -3.4299039975849156e-06 2.1416572189991713e-06 -3.4786302627426703e-06 2.7847221793728333e-06 -7.8447785805716817e-07 -1.5991896486866608e-06 1.303187663223879e-06 -1.8045435638214259e-06 1.5243341039972158e-06 -2.3585272106174673e-06 1.0300058747594538e-06 2.5521756879243187e-06 5.8744717739500631e-07 2.2339529997996419e-06
leaf_weight=22 5806 20 21 558 22 20 20 21 26 30 20 36 20 32 20 82 30 25 23
leaf_count=22 5806 20 21 558 22 20 20 21 26 30 20 36 20 32 20 82 30 25 23
internal_value=-2.61921e-15 3.18215e-07 2.04526e-07 4.6366e-08 1.87092e-07 9.25653e-08 1.07238e-06 -1.96401e-06 1.18983e-06 6.21791e-07 -2.05158e-07 -4.55351e-08 -5.36817e-08 -4.77866e-08 -5.63018e-08 -4.84817e-08 1.78779e-06 1.27821e-06 1.60291e-06
internal_weight=6854 858 759 642 600 578 117 42 99 73 42 5996 5960 5940 5908 5888 75 45 43
internal_count=6854 858 759 642 600 578 117 42 99 73 42 5996 5960 5940 5908 5888 75 45 43
is_linear=0
shrinkage=0.05


Tree=97
num_leaves=17
num_cat=0
split_feature=7 0 7 1 26 11 18 5 26 20 26 8 18 4 11 24
split_gain=3.65918e-08 4.81252e-08 4.0951e-08 3.99248e-08 1.03429e-07 1.02802e-07 7.92814e-08 3.72012e-08 3.60452e-08 6.64739e-08 6.44951e-08 2.66866e-08 2.16148e-08 1.643e-08 7.21702e-09 3.97195e-09
threshold=14.833017467908734 966.50000000000011 15.278995907960985 867.85000000000002 0.00063365167530476691 56.037500000000009 0.00069661000000000018 11.350000000000003 0.00076955878311510157 0.00077376500000000015 0.00072945381651665596 112.41973461483481 0.00065462000000000018 10.500000000000002 51.065625000000004 0.00072945381651665596
decision_type=2 2 2 2 2 2 2 2 2 2 2 2 2 2 2 2
left_child=1 12 -2 8 5 6 -5 -3 9 10 -4 -11 -1 15 -15 -14
right_child=2 7 3 4 -6 -7 -8 -9 -10 11 -12 -13 13 14 -16 -17
leaf_value=2.5042202204767146e-06 -1.9627509640553469e-06 9.1613162323613198e-07 -2.9841667542650996e-08 1.8408496768957109e-07 3.4005423193169315e-06 -2.6102904759757926e-06 3.3751319908977472e-06 -1.529020222993235e-06 -1.8901907511602848e-06 1.0129189739416235e-07 -2.393179954847726e-06 2.3203692868329591e-06 9.9197090835163929e-07 7.9755194065000974e-07 -5.4567406664318702e-07 1.8154277741933011e-06
leaf_weight=27 27 28 6337 103 30 27 24 35 26 20 29 42 27 20 20 32
leaf_count=27 27 28 6337 103 30 27 24 35 26 20 29 42 27 20 20 32
internal_value=-3.343e-15 6.86055e-07 -1.94545e-08 -1.15502e-08 7.14687e-07 1.91468e-07 7.87117e-07 -4.42286e-07 -3.22548e-08 -2.47398e-08 -4.06077e-08 1.60454e-06 1.25023e-06 9.08227e-07 1.25939e-07 1.43859e-06
internal_weight=6854 189 6665 6638 184 154 127 63 6454 6428 6366 62 126 99 40 59
internal_count=6854 189 6665 6638 184 154 127 63 6454 6428 6366 62 126 99 40 59
is_linear=0
shrinkage=0.05


Tree=98
num_leaves=21
num_cat=0
split_feature=2 23 16 18 2 0 5 15 22 17 1 24 14 14 15 2 23 17 19 23
split_gain=3.53466e-08 5.3862e-08 4.6968e-08 8.03394e-08 6.79946e-08 5.90603e-08 9.04021e-08 4.85232e-08 4.1652e-08 5.52499e-08 5.32657e-08 3.81644e-08 3.78543e-08 1.15488e-07 5.60459e-08 8.07666e-08 2.6189e-08 1.36414e-08 1.3394e-08 1.15354e-08
threshold=241.50000000000003 1003.5000000000001 962.25000000000011 0.00048396000000000002 237.50000000000003 971.50000000000011 13.350000000000003 -0.55656394595157355 909.50000000000011 0.96289240085794903 867.85000000000002 0.00029528605861835883 0.69056404122701587 0.82899317702918729 -0.11692317777808843 275.50000000000006 720.50000000000011 0.70154653175691395 0.00056400500000000013 905.50000000000011
decision_type=2 2 2 2 2 2 2 2 2 2 2 2 2 2 2 2 2 2 2 2
left_child=1 2 4 -4 8 7 -7 -5 10 -10 -1 17 16 -14 -15 -16 -13 -2 -18 -20
right_child=11 -3 3 5 -6 6 -8 -9 9 -11 -12 12 13 14 15 -17 18 -19 19 -21
leaf_value=-4.0184369432998451e-08 8.1310657833455486e-07 -2.4947580639372354e-06 3.5549189223357561e-06 5.2114114182346174e-07 -2.9532034778867458e-06 3.7836977846630117e-07 -3.6758567853212297e-06 2.9374537167541351e-06 -3.1907503076430054e-06 -2.3137470871797238e-07 1.019278868884725e-06 -4.1100615714061526e-07 -2.9104466517365477e-06 2.227080974748219e-06 -2.0792256739168219e-06 1.8313270590189623e-06 2.3674512237903402e-06 2.3719143683820222e-06 4.5120800588811822e-07 1.6299416314983059e-06
leaf_weight=6072 25 22 22 123 20 44 20 25 24 46 121 33 33 32 31 23 20 32 51 35
leaf_count=6072 25 22 22 123 20 44 20 25 24 46 121 33 33 32 31 23 20 32 51 35
internal_value=6.24428e-16 -2.49213e-08 -1.65837e-08 6.78957e-07 -4.2488e-08 3.80509e-07 -8.88576e-07 9.29302e-07 -3.3193e-08 -1.24602e-06 -1.94844e-08 5.17336e-07 2.5865e-07 -3.95913e-07 5.68966e-07 -4.1362e-07 8.19032e-07 1.68823e-06 1.20197e-06 9.30925e-07
internal_weight=6854 6539 6517 234 6283 212 64 148 6263 70 6193 315 258 119 86 54 139 57 106 86
internal_count=6854 6539 6517 234 6283 212 64 148 6263 70 6193 315 258 119 86 54 139 57 106 86
is_linear=0
shrinkage=0.05


Tree=99
num_leaves=12
num_cat=0
split_feature=3 2 23 18 18 25 2 20 4 17 2
split_gain=3.45547e-08 3.01978e-08 4.83113e-08 3.85223e-08 3.61661e-08 4.0836e-08 3.43142e-08 3.23244e-08 4.34672e-08 2.9378e-08 2.4725e-08
threshold=35.850000000000001 241.50000000000003 1003.5000000000001 0.00081829500000000013 0.00027926000000000009 0.00025977098479645834 237.50000000000003 0.00059527000000000007 47.500000000000007 1.0253463389462343 266.50000000000006
decision_type=2 2 2 2 2 2 2 2 2 2 2
left_child=1 2 3 6 -3 -6 9 10 -9 -1 -7
right_child=-2 4 -4 -5 5 7 -8 8 -10 -11 -12
leaf_value=-1.7018195869349006e-08 1.5900269940014852e-06 2.2971046341808687e-06 -2.3700200916788494e-06 1.7645611703424416e-06 -1.4646028959979394e-06 3.5001509111013952e-07 -1.8100477901767859e-06 9.0835828956414846e-07 -7.3478876497518537e-07 -1.701142799849829e-06 1.9636348922159532e-06
leaf_weight=6404 34 25 22 30 29 43 27 80 81 26 53
leaf_count=6404 34 25 22 30 29 43 27 80 81 26 53
internal_value=-2.23386e-15 -7.92682e-09 -3.09247e-08 -2.29919e-08 4.73403e-07 3.13988e-07 -3.12971e-08 5.14685e-07 8.16818e-08 -2.3828e-08 1.24087e-06
internal_weight=6854 6820 6509 6487 311 286 6457 257 161 6430 96
internal_count=6854 6820 6509 6487 311 286 6457 257 161 6430 96
is_linear=0
shrinkage=0.05


Tree=100
num_leaves=18
num_cat=0
split_feature=25 14 14 14 14 14 14 0 14 14 14 13 20 9 5 23 23
split_gain=3.25918e-08 5.17828e-08 7.16355e-08 1.10268e-07 1.32203e-07 1.8873e-07 5.86031e-08 4.47146e-08 4.4074e-08 7.16422e-08 6.93351e-08 1.54316e-08 1.05379e-08 1.24698e-08 8.18482e-09 4.16139e-09 2.02689e-09
threshold=9.0807517930669042e-05 -0.99940763397299126 -0.93879691571722779 -0.94975917145599731 -0.95754239937548935 -0.96689237009891416 -0.91289842852956904 670.50000000000011 0.99818282439137029 0.99907018497641664 0.9916835347852474 -0.60355339059327384 0.00021292500000000001 18.401568256436782 12.15 268.50000000000006 631.50000000000011
decision_type=2 2 2 2 2 2 2 2 2 2 2 2 2 2 2 2 2
left_child=7 16 3 4 5 -3 14 11 10 -10 -8 -1 13 15 -4 -13 -2
right_child=1 2 6 -5 -6 -7 8 -9 9 -11 -12 12 -14 -15 -16 -17 -18
leaf_value=1.1845057260965557e-06 1.560097445576503e-06 -8.8850825523316099e-08 2.8106640547775901e-06 -3.6471490467967535e-06 3.4201779733677998e-06 -3.8336951821549561e-06 1.7861046767568857e-07 -2.392788606119298e-06 3.946254480524658e-06 2.9608999906203304e-07 -1.4300236634188998e-06 -8.3179176330016328e-08 -1.1543147103981503e-06 1.1643642883996109e-06 1.3802079843117099e-06 -7.3032942714235113e-07 2.2719419098393704e-06
leaf_weight=24 20 245 20 27 22 39 2294 21 20 41 69 3904 23 20 20 25 20
leaf_count=24 20 245 20 27 22 39 2294 21 20 41 69 3904 23 20 20 25 20
internal_value=-2.35878e-16 1.2974e-07 1.04194e-07 -5.84119e-07 -3.13852e-07 -6.03108e-07 1.97217e-07 -9.16286e-08 1.65893e-07 1.49287e-06 1.31638e-07 -7.95354e-08 -8.71731e-08 -8.09578e-08 2.09544e-06 -8.7297e-08 1.91602e-06
internal_weight=6854 2837 2797 333 306 284 2464 4017 2424 61 2363 3996 3972 3949 40 3929 40
internal_count=6854 2837 2797 333 306 284 2464 4017 2424 61 2363 3996 3972 3949 40 3929 40
is_linear=0
shrinkage=0.05


Tree=101
num_leaves=19
num_cat=0
split_feature=11 0 0 17 5 6 2 14 14 14 0 26 14 1 26 7 14 17
split_gain=3.10297e-08 5.10694e-08 8.12988e-08 9.53222e-08 1.13305e-07 1.00023e-07 9.23362e-08 4.76747e-08 7.38434e-08 9.58103e-08 2.22163e-07 9.53439e-08 1.26084e-07 9.32362e-08 4.40562e-08 5.30209e-08 4.75306e-08 2.55525e-08
threshold=50.203125000000007 868.00000000000011 766.50000000000011 0.99035209052000994 11.65 0.00072669500000000008 144.50000000000003 0.98213580174693105 0.96904697354198299 0.90892735371523092 925.50000000000011 0.00067178885933521029 1.0000000180025095e-35 882.70000000000016 0.00069681105718388044 37.024836368983529 0.89404822654372251 0.96593365067163883
decision_type=2 2 2 2 2 2 2 2 2 2 2 2 2 2 2 2 2 2
left_child=1 2 14 4 5 -4 -6 8 9 11 -11 13 -13 -2 15 16 -1 -17
right_child=7 -3 3 -5 6 -7 -8 -9 -10 10 -12 12 -14 -15 -16 17 -18 -19
leaf_value=2.8112916284741121e-07 7.4703034281203647e-07 2.133218790563492e-06 -3.5066399353945104e-06 -4.2799207005286701e-06 3.4315455152301144e-06 6.5791917877721159e-07 -4.2069308051395645e-07 -1.9820813597768642e-06 2.8520443798885843e-06 1.3430894598612846e-06 -5.8623541644919899e-06 4.0268191507307122e-07 -1.9624664236499272e-06 3.8062984721684052e-06 -1.7352840837100155e-06 -6.3610194540832735e-08 1.8919433029815572e-06 3.4664954567575821e-07
leaf_weight=155 321 27 46 21 21 21 60 22 29 23 20 203 78 27 37 5269 65 409
leaf_count=155 321 27 46 21 21 21 60 22 29 23 20 203 78 27 37 5269 65 409
internal_value=3.325e-17 -3.65334e-08 -4.61309e-08 -1.12749e-06 -6.80191e-07 -2.20133e-06 5.78035e-07 3.09801e-07 3.81729e-07 2.75123e-07 -2.00828e-06 4.31222e-07 -2.53836e-07 9.84387e-07 -1.53389e-08 -4.54919e-09 7.57052e-07 -3.40582e-08
internal_weight=6854 6131 6104 169 148 67 81 723 701 672 43 629 281 348 5935 5898 220 5678
internal_count=6854 6131 6104 169 148 67 81 723 701 672 43 629 281 348 5935 5898 220 5678
is_linear=0
shrinkage=0.05


Tree=102
num_leaves=29
num_cat=0
split_feature=13 24 18 22 26 23 17 14 4 15 20 20 22 4 19 6 2 23 6 21 22 20 20 2 22 5 23 19
split_gain=2.98954e-08 3.78171e-08 3.89574e-08 6.71625e-08 5.6401e-08 4.56893e-08 3.84647e-08 5.97104e-08 1.01227e-07 4.18844e-08 6.22108e-08 4.56886e-08 3.75989e-08 4.44055e-08 4.38554e-08 8.21374e-08 3.58195e-08 2.05352e-08 2.61918e-08 3.19909e-08 5.34078e-08 2.82673e-08 3.87017e-08 3.56616e-08 2.77692e-08 2.11727e-08 1.76687e-08 1.68201e-08
threshold=-0.9159756150367534 0.00053599516884989798 0.00063540500000000024 707.50000000000011 0.00067178885933521029 720.50000000000011 0.99557882484531046 0.95242846126021108 45.500000000000007 -0.8142754349318998 0.00071752000000000014 0.00072288000000000007 751.50000000000011 36.500000000000007 0.00080633000000000018 0.00081700000000000013 130.50000000000003 1000.5000000000001 0.00071508500000000018 987.00000000000011 942.50000000000011 0.00071752000000000014 0.00069333500000000011 229.50000000000003 944.50000000000011 11.850000000000003 829.50000000000011 0.00071752000000000014
decision_type=2 2 2 2 2 2 2 2 2 2 2 2 2 2 2 2 2 2 2 2 2 2 2 2 2 2 2 2
left_child=1 6 3 -3 5 -5 7 9 -9 11 -11 -1 13 -4 16 -16 -14 18 19 21 -21 22 -2 -23 26 -26 -20 -28
right_child=17 2 12 4 -6 -7 -8 8 -10 10 -12 -13 14 -15 15 -17 -18 -19 24 20 -22 23 -24 -25 25 -27 27 -29
leaf_value=-9.2541516778510417e-08 -3.9267335021400077e-08 -3.104502705425078e-06 2.5130962812039906e-06 -5.6867149340181664e-07 -2.2492638475776642e-06 2.3371722969992945e-06 -1.4390344961544667e-06 4.1397189600120911e-06 -9.0736252043545686e-08 4.9732072590568415e-07 -1.7693568833344805e-06 2.9538495802228229e-06 1.9284130664918223e-06 -4.5604494061990416e-07 -3.6565018986452332e-06 2.87650004448744e-07 3.1152068856954431e-08 -1.6389831125707133e-06 2.4803124210848183e-06 -3.2860004546364509e-06 3.6803053717449073e-07 2.4154443184880411e-06 -1.619709045814652e-06 -3.9288383163693652e-07 6.5824822335660269e-07 -1.5661549218748408e-06 -3.8674065898530466e-07 1.315340699527061e-06
leaf_weight=20 5720 26 34 31 23 24 22 31 26 276 34 32 29 20 22 33 175 20 20 20 20 26 39 20 23 20 21 47
leaf_count=20 5720 26 34 31 23 24 22 31 26 276 34 32 29 20 22 33 175 20 20 20 20 26 39 20 23 20 21 47
internal_value=1.02702e-15 2.7605e-07 -6.53176e-08 -9.03719e-07 -1.70125e-07 6.99333e-07 5.98839e-07 7.0584e-07 2.21004e-06 4.68991e-07 2.48717e-07 1.78216e-06 2.13257e-07 1.41341e-06 -3.69691e-08 -1.29001e-06 3.00861e-07 -3.95014e-08 -3.41484e-08 -4.98192e-08 -1.45898e-06 -4.01092e-08 -4.99701e-08 1.19443e-06 6.65056e-07 -3.76358e-07 1.17393e-06 7.89698e-07
internal_weight=6854 858 417 104 78 55 441 419 57 362 310 52 313 54 259 55 204 5996 5976 5845 40 5805 5759 46 131 43 88 68
internal_count=6854 858 417 104 78 55 441 419 57 362 310 52 313 54 259 55 204 5996 5976 5845 40 5805 5759 46 131 43 88 68
is_linear=0
shrinkage=0.05


Tree=103
num_leaves=21
num_cat=0
split_feature=7 21 27 20 7 25 1 26 23 3 14 16 21 14 2 16 18 25 7 24
split_gain=3.18913e-08 4.52006e-08 4.48222e-08 8.70122e-08 3.73999e-08 3.73071e-08 3.17299e-08 8.98717e-08 1.47632e-07 1.10759e-07 7.80065e-08 5.22859e-08 3.59367e-08 1.09626e-07 5.91633e-08 5.52399e-08 4.19255e-08 2.85077e-08 1.49696e-08 1.11875e-08
threshold=14.833017467908734 883.50000000000011 1.0000000180025095e-35 0.00078539500000000004 15.278995907960985 0.00057336054889525138 867.85000000000002 0.00057100557774298298 631.50000000000011 27.150000000000002 0.90892735371523092 804.0200000000001 919.50000000000011 0.76140650896573503 194.50000000000003 964.80000000000007 0.00076586999999999998 0.00063365167530476691 7.0614407050264143 0.00070050730495986092
decision_type=2 2 2 2 2 2 2 2 2 2 2 2 2 2 2 2 2 2 2 2
left_child=1 5 -3 -4 -2 -1 12 8 11 -9 -10 -8 15 14 -14 16 -6 -17 -7 -20
right_child=4 2 3 -5 6 18 7 9 10 -11 -12 -13 13 -15 -16 17 -18 -19 19 -21
leaf_value=3.1036750186785867e-06 -1.8752899424928023e-06 1.357712869776151e-06 5.4176435278841881e-07 -3.3744913356832003e-06 -1.7060768148918548e-08 1.7939425224365271e-06 4.2599507297482988e-07 4.5317874488708707e-06 -1.923068286657781e-07 -2.090360019544526e-07 -3.4173452403744403e-06 3.537679162103881e-06 -8.0770583884069038e-07 -4.2596591833898858e-06 2.1525491634054648e-06 2.7721220894818547e-06 -1.6829216843019057e-06 5.9812208220184974e-07 -4.8927079996760965e-07 1.0539091623703219e-06
leaf_weight=24 27 32 37 23 6226 26 27 28 50 22 30 27 86 20 21 25 38 38 23 24
leaf_count=24 27 32 37 23 6226 26 27 28 50 22 30 27 86 20 21 25 38 38 23 24
internal_value=-7.35229e-16 6.40477e-07 -1.53491e-07 -9.59467e-07 -1.81621e-08 1.39352e-06 -1.06082e-08 6.36819e-07 -3.81828e-08 2.44583e-06 -1.4017e-06 1.98184e-06 -2.9066e-08 -8.6183e-07 -2.26721e-07 -1.23502e-08 -2.71666e-08 1.46082e-06 8.31275e-07 2.98736e-07
internal_weight=6854 189 92 60 6665 97 6638 184 134 50 80 54 6454 127 107 6327 6264 63 73 47
internal_count=6854 189 92 60 6665 97 6638 184 134 50 80 54 6454 127 107 6327 6264 63 73 47
is_linear=0
shrinkage=0.05


Tree=104
num_leaves=12
num_cat=0
split_feature=3 22 16 25 14 14 24 20 11 23 24
split_gain=2.94585e-08 2.75998e-08 2.96145e-08 8.583e-08 1.34413e-07 9.88786e-08 9.05969e-08 4.06819e-08 3.61223e-08 3.49937e-08 4.09091e-08
threshold=35.850000000000001 1007.5000000000001 964.80000000000007 0.0005997891692007053 0.90892735371523092 0.94138322595482449 0.00060019685526485384 0.00075602000000000015 60.675000000000004 935.50000000000011 0.0007081188164824282
decision_type=2 2 2 2 2 2 2 2 2 2 2
left_child=1 2 8 5 7 6 -4 -5 9 10 -1
right_child=-2 -3 3 4 -6 -7 -8 -9 -10 -11 -12
leaf_value=-2.0699511497484602e-08 1.4681005666261627e-06 -1.6999100049967336e-06 2.936626794263038e-06 1.5081836452488709e-06 -3.8487909001733427e-06 4.5603213893722716e-06 -1.0369268167664814e-06 -1.6241239335470339e-07 -1.9193527330116922e-06 -1.6910115560207368e-06 1.1538727339939215e-06
leaf_weight=6399 34 24 26 55 21 24 32 108 25 31 75
leaf_count=6399 34 24 26 55 21 24 32 108 25 31 75
internal_value=-1.67456e-15 -7.31898e-09 -1.34161e-09 5.15802e-07 -8.37774e-08 1.8612e-06 7.44321e-07 4.01286e-07 -2.24075e-08 -1.51172e-08 -7.09233e-09
internal_weight=6854 6820 6796 266 184 82 58 163 6530 6505 6474
internal_count=6854 6820 6796 266 184 82 58 163 6530 6505 6474
is_linear=0
shrinkage=0.05


Tree=105
num_leaves=17
num_cat=0
split_feature=17 25 16 15 15 23 15 15 15 23 15 15 26 15 2 23
split_gain=2.75062e-08 2.99567e-08 4.22044e-08 3.89548e-08 1.78953e-07 1.46953e-07 9.09475e-08 1.26722e-07 9.06372e-08 7.45608e-08 5.93063e-08 4.33564e-08 2.1971e-08 1.42086e-08 7.56047e-09 1.01249e-08
threshold=1.0253463389462343 9.0807517930669042e-05 724.60000000000002 0.91936090643431534 0.95499258812111987 472.50000000000006 0.63255009372278048 0.59175731018202693 0.68430231102288386 340.50000000000006 0.87394374251212481 0.063390085881955341 0.0002313365284891005 0.97693379145244141 119.50000000000001 310.50000000000006
decision_type=2 2 2 2 2 2 2 2 2 2 2 2 2 2 2 2
left_child=1 2 12 6 5 -5 7 11 -8 -6 -10 -3 14 -11 15 -1
right_child=-2 3 -4 4 9 -7 8 -9 10 13 -12 -13 -14 -15 -16 -17
leaf_value=-7.7827156557430301e-08 -1.6232063094671155e-06 2.1267695753040583e-07 -2.0896977153265303e-06 -2.9134261012586651e-07 -1.2949594115241327e-06 -6.2131900139403033e-06 3.404291562642609e-06 -3.5365187841307492e-06 2.1659289988207321e-07 2.6652888484098487e-06 2.1746101903737129e-06 -3.4081091599132435e-07 1.5843992832742518e-06 1.007374454126924e-06 -1.0231949447968095e-06 1.0229928745822801e-06
leaf_weight=3916 26 1997 26 20 32 22 36 24 160 24 51 430 20 28 21 21
leaf_count=3916 26 1997 26 20 32 22 36 24 160 24 51 430 20 28 21 21
internal_value=-6.85001e-16 6.18093e-09 -8.17731e-08 1.30886e-07 -7.28431e-07 -3.39326e-06 1.71018e-07 7.8862e-08 1.08548e-06 6.03985e-07 6.89858e-07 1.14614e-07 -6.86494e-08 1.77257e-06 -7.70024e-08 -7.19554e-08
internal_weight=6854 6828 4004 2824 126 42 2698 2451 247 84 211 2427 3978 52 3958 3937
internal_count=6854 6828 4004 2824 126 42 2698 2451 247 84 211 2427 3978 52 3958 3937
is_linear=0
shrinkage=0.05


Tree=106
num_leaves=12
num_cat=0
split_feature=3 22 2 1 3 25 26 19 25 3 17
split_gain=2.61824e-08 2.5241e-08 3.29502e-08 3.60167e-08 6.39466e-08 3.99087e-08 3.28e-08 3.22249e-08 5.79977e-08 4.76607e-08 2.54436e-08
threshold=35.850000000000001 1007.5000000000001 285.50000000000006 459.90000000000003 20.850000000000005 0.00054090262624432062 0.00079444517052480344 0.00077376500000000015 0.00072429492301114397 21.350000000000005 0.57538016753252508
decision_type=2 2 2 2 2 2 2 2 2 2 2
left_child=1 2 6 4 10 -6 7 8 -1 -9 -4
right_child=-2 -3 3 -5 5 -7 -8 9 -10 -11 -12
leaf_value=-1.4810562876172828e-08 1.3840617189022369e-06 -1.6255483160421137e-06 4.4180634859003478e-07 2.774389151909418e-06 5.3006975804237304e-07 -2.4181901491973889e-06 -1.860471867113726e-06 2.8964056585187966e-06 -1.9013257448333628e-06 3.561967749495428e-07 2.8344641232251889e-06
leaf_weight=6446 34 24 20 20 24 22 24 21 41 153 25
leaf_count=6446 34 24 20 20 24 22 24 21 41 153 25
internal_value=-5.74225e-17 -6.90001e-09 -1.18378e-09 8.53216e-07 4.3098e-07 -8.79968e-07 -1.53705e-08 -8.72251e-09 -2.6734e-08 6.62774e-07 1.77106e-06
internal_weight=6854 6820 6796 111 91 46 6685 6661 6487 174 45
internal_count=6854 6820 6796 111 91 46 6685 6661 6487 174 45
is_linear=0
shrinkage=0.05


Tree=107
num_leaves=21
num_cat=0
split_feature=7 21 27 20 7 19 11 24 27 4 17 20 14 2 14 26 27 13 7 22
split_gain=2.6112e-08 3.78779e-08 4.06575e-08 7.64802e-08 3.31036e-08 3.29961e-08 2.91284e-08 6.85944e-08 9.39705e-08 9.51464e-08 8.16815e-08 4.89136e-08 4.17166e-08 6.67791e-08 8.72935e-08 5.95797e-08 3.12232e-08 3.11671e-08 1.08774e-08 9.40696e-09
threshold=14.833017467908734 883.50000000000011 1.0000000180025095e-35 0.00078539500000000004 15.278995907960985 0.00064308000000000008 50.203125000000007 0.00053599516884989798 41.166666666666679 77.500000000000014 0.99713837927718252 0.00072288000000000007 0.98213580174693105 140.50000000000003 -0.96463499255812291 0.00066501223656836189 58.833333333333336 -0.98296291314453399 7.0614407050264143 932.50000000000011
decision_type=2 2 2 2 2 2 2 2 2 2 2 2 2 2 2 2 2 2 2 2
left_child=1 5 -3 -4 -2 -1 7 11 10 -10 -9 17 13 15 -15 -8 -13 -6 -7 -20
right_child=4 2 3 -5 6 18 12 8 9 -11 -12 16 -14 14 -16 -17 -18 -19 19 -21
leaf_value=3.0232313785442485e-06 -1.7636401699510993e-06 1.2920160727958319e-06 4.9255646273023387e-07 -3.1790427744019094e-06 9.4967049030774103e-07 1.638505206926766e-06 8.8993627289106788e-07 8.2679162811909549e-08 -3.9872011409682417e-06 -7.792026196311474e-07 -2.6033692357430027e-06 2.4224643408722524e-06 -1.7911281060181947e-06 -3.0335631154663308e-06 2.8081685034518091e-07 3.6010286985401762e-06 -2.9651918490950874e-08 -2.6405398479065008e-08 1.0055676739284537e-06 -3.5491242347992135e-07
leaf_weight=21 27 32 37 23 83 25 107 245 38 59 32 34 22 21 368 25 21 5583 27 24
leaf_count=21 27 32 37 23 83 25 107 245 38 59 32 34 22 21 368 25 21 5583 27 24
internal_value=-1.81387e-16 5.79545e-07 -1.4727e-07 -9.1489e-07 -1.64342e-08 1.2689e-06 -9.32747e-09 -4.05899e-08 -6.96626e-07 -2.03594e-06 -2.27622e-07 2.29722e-09 3.41584e-07 4.3164e-07 1.01891e-07 1.4034e-06 1.4862e-06 -1.21071e-08 7.84146e-07 3.65342e-07
internal_weight=6854 189 92 60 6665 97 6638 6095 374 97 277 5721 543 521 389 132 55 5666 76 51
internal_count=6854 189 92 60 6665 97 6638 6095 374 97 277 5721 543 521 389 132 55 5666 76 51
is_linear=0
shrinkage=0.05


Tree=108
num_leaves=14
num_cat=0
split_feature=17 13 14 14 3 15 14 14 15 1 1 22 16
split_gain=2.46745e-08 2.58415e-08 4.22617e-08 4.88278e-08 1.4864e-07 1.75299e-07 5.39879e-08 4.99798e-08 4.40853e-08 8.08635e-09 1.48474e-08 2.99221e-08 1.3763e-08
threshold=1.0253463389462343 -0.3794095225512602 -0.99940763397299126 -0.93879691571722779 24.650000000000002 0.063390085881955341 -0.96689237009891416 -0.91289842852956904 0.91936090643431534 800.25000000000011 739.30000000000007 619.50000000000011 606.84500000000014
decision_type=2 2 2 2 2 2 2 2 2 2 2 2 2
left_child=1 2 -1 4 6 -6 -4 -5 -9 10 11 12 -3
right_child=-2 9 3 7 5 -7 -8 8 -10 -11 -12 -13 -14
leaf_value=1.8325687291407019e-06 -1.537382510063113e-06 -7.6616277866364994e-08 7.5909554401275123e-07 2.0388358917797533e-06 -5.9812264337996968e-07 -4.9641478587064367e-06 -1.0359328365139893e-06 2.2060246758540435e-07 -6.8486832667247204e-07 -1.0724576077336679e-06 9.4639478507790245e-07 -1.8337852090895741e-06 5.5186694770158841e-07
leaf_weight=36 26 4101 158 36 71 34 57 2022 144 20 36 24 89
leaf_count=36 26 4101 158 36 71 34 57 2022 144 20 36 24 89
internal_value=-3.09155e-15 5.85412e-09 1.31528e-07 1.07247e-07 -4.69871e-07 -2.01188e-06 2.83204e-07 1.91115e-07 1.60405e-07 -6.94325e-08 -6.47124e-08 -7.33503e-08 -6.32666e-08
internal_weight=6854 6828 2558 2522 320 105 215 2202 2166 4270 4250 4214 4190
internal_count=6854 6828 2558 2522 320 105 215 2202 2166 4270 4250 4214 4190
is_linear=0
shrinkage=0.05


Tree=109
num_leaves=21
num_cat=0
split_feature=22 11 25 15 24 24 20 14 24 15 15 1 3 20 23 2 14 23 9 24
split_gain=2.30616e-08 3.0039e-08 4.78507e-08 7.90455e-08 6.00363e-08 5.19281e-08 4.7663e-08 9.82613e-08 4.59452e-08 9.11145e-08 1.3247e-07 1.2771e-07 8.34872e-08 5.42166e-08 4.6721e-08 4.06987e-08 3.99122e-08 3.76363e-08 3.89138e-08 1.21589e-08
threshold=1007.5000000000001 50.203125000000007 0.00037730890283555152 -0.3744658827978154 0.00060019685526485384 0.00028244860198079603 0.00080633000000000018 1.0000000180025095e-35 0.00053599516884989798 0.63255009372278048 0.011826144619637555 817.95000000000016 20.850000000000005 0.00072288000000000007 829.50000000000011 194.50000000000003 0.67167992559793654 862.50000000000011 59.650641197339034 0.0004505447729426226
decision_type=2 2 2 2 2 2 2 2 2 2 2 2 2 2 2 2 2 2 2 2
left_child=1 8 3 4 -3 -4 15 -8 13 10 12 -12 -10 17 19 -7 -11 18 -1 -15
right_child=-2 2 5 -5 -6 6 7 -9 9 16 11 -13 -14 14 -16 -17 -18 -19 -20 -21
leaf_value=-5.3330843769005241e-09 -1.5472025002812492e-06 2.2527712629157167e-06 -2.2636210880071825e-06 4.0424620940691304e-06 -1.4007179669677143e-06 1.5119808513213022e-07 1.2929229196008883e-06 -2.9393593852233835e-06 1.8168119239118558e-06 2.3890305939313762e-07 -1.2254944359504159e-06 -5.2063208905675025e-06 -6.5379027889709681e-07 3.3594489678989703e-06 -4.7205489863699771e-07 1.1251898761711658e-06 2.9882884105476978e-06 2.1553549845521049e-06 -1.4350605537079751e-06 1.6159659733716581e-06
leaf_weight=5604 24 22 21 22 23 412 24 32 41 33 66 29 206 20 20 145 22 20 48 20
leaf_count=5604 24 22 21 22 23 412 24 32 41 33 66 29 206 20 20 145 22 20 48 20
internal_value=-2.10236e-16 5.43673e-09 3.15491e-07 1.58625e-06 3.85432e-07 1.812e-07 2.64954e-07 -1.12552e-06 -3.00255e-08 -5.50205e-07 -8.53969e-07 -2.44069e-06 -2.4369e-07 6.00223e-09 1.50112e-06 4.04751e-07 1.33866e-06 -9.81354e-09 -1.74751e-08 2.48771e-06
internal_weight=6854 6830 701 67 45 634 613 56 6129 397 342 95 247 5732 60 557 55 5672 5652 40
internal_count=6854 6830 701 67 45 634 613 56 6129 397 342 95 247 5732 60 557 55 5672 5652 40
is_linear=0
shrinkage=0.05


Tree=110
num_leaves=8
num_cat=0
split_feature=3 17 22 26 7 23 17
split_gain=2.23537e-08 2.20475e-08 2.07907e-08 2.39823e-08 2.98026e-08 4.36294e-08 2.11739e-08
threshold=35.850000000000001 1.0253463389462343 1007.5000000000001 0.00079444517052480344 13.506469434940906 971.50000000000011 0.96593365067163883
decision_type=2 2 2 2 2 2 2
left_child=1 2 3 4 5 -1 -6
right_child=-2 -3 -4 -5 6 -7 -8
leaf_value=2.8691628026794949e-07 1.2788674755417079e-06 -1.4596017271409998e-06 -1.4698424005625082e-06 -1.5413648588946673e-06 -3.3996303683457435e-08 2.721132961032898e-06 2.5386455603901591e-07
leaf_weight=79 34 26 24 25 5926 24 716
leaf_count=79 34 26 24 25 5926 24 716
internal_value=2.02489e-15 -6.37558e-09 -8.14224e-10 4.39356e-09 1.01228e-08 8.54112e-07 -2.96523e-09
internal_weight=6854 6820 6794 6770 6745 103 6642
internal_count=6854 6820 6794 6770 6745 103 6642
is_linear=0
shrinkage=0.05


Tree=111
num_leaves=18
num_cat=0
split_feature=7 21 27 20 19 7 1 15 26 15 21 14 26 16 18 15 15
split_gain=2.09464e-08 3.30698e-08 3.63984e-08 6.50371e-08 2.8716e-08 2.82479e-08 2.41958e-08 1.09677e-07 1.36338e-07 2.93072e-07 3.70105e-08 9.35127e-08 4.66989e-08 4.35139e-08 3.75459e-08 2.79078e-08 1.44859e-08
threshold=14.833017467908734 883.50000000000011 1.0000000180025095e-35 0.00078539500000000004 0.00064308000000000008 15.278995907960985 867.85000000000002 -0.42958798411962301 0.00063365167530476691 -0.23537842981696178 919.50000000000011 0.76140650896573503 0.00053420288475926803 964.80000000000007 0.00076586999999999998 -0.62587551141915865 -0.90161545992537195
decision_type=2 2 2 2 2 2 2 2 2 2 2 2 2 2 2 2 2
left_child=1 4 -3 -4 -1 -2 10 -8 9 -9 13 12 -12 14 -7 -15 -6
right_child=5 2 3 -5 16 6 7 8 -10 -11 11 -13 -14 15 -16 -17 -18
leaf_value=2.7997825276045097e-06 -1.6287054930014871e-06 1.2017586875856524e-06 4.1153460040584688e-07 -2.9742677076396635e-06 1.3833251675630612e-06 -1.0895494963840951e-08 3.2691737267727619e-06 -6.0524078272854768e-06 3.3850157069537089e-06 4.0801089767759648e-07 1.4717432894225827e-06 -4.007583024758788e-06 -9.0467293272082266e-07 -2.42867361066601e-07 -1.5873476226452593e-06 2.0178888708277408e-06 2.2523625535246247e-09
leaf_weight=21 27 32 37 23 39 6226 31 21 25 107 28 20 79 20 38 43 37
leaf_count=21 27 32 37 23 39 6226 31 21 25 107 28 20 79 20 38 43 37
internal_value=-1.84053e-15 5.19065e-07 -1.60055e-07 -8.86356e-07 1.16318e-06 -1.47192e-08 -8.15431e-09 5.57209e-07 7.72545e-09 -6.51902e-07 -2.42725e-08 -8.69386e-07 -2.82807e-07 -7.30879e-09 -2.04589e-08 1.30019e-06 7.10961e-07
internal_weight=6854 189 92 60 97 6665 6638 184 153 128 6454 127 107 6327 6264 63 76
internal_count=6854 189 92 60 97 6665 6638 184 153 128 6454 127 107 6327 6264 63 76
is_linear=0
shrinkage=0.05


Tree=112
num_leaves=20
num_cat=0
split_feature=2 23 24 14 14 14 16 2 2 2 3 0 17 26 20 27 27 16 16
split_gain=2.12727e-08 3.94454e-08 3.02952e-08 3.15359e-08 9.50347e-08 4.94192e-08 2.68668e-08 6.23189e-08 8.93416e-08 5.81143e-08 4.48236e-08 3.19044e-08 3.4212e-08 2.53356e-08 4.04375e-08 2.20187e-08 1.35459e-08 1.17619e-08 1.00165e-08
threshold=241.50000000000003 1003.5000000000001 0.00029528605861835883 0.69056404122701587 0.82899317702918729 0.9893236546938301 962.25000000000011 121.50000000000001 139.50000000000003 237.50000000000003 24.850000000000005 928.50000000000011 0.96593365067163883 0.00060815680964385413 0.00061103000000000015 92.166666666666671 77.166666666666671 943.0200000000001 831.71000000000015
decision_type=2 2 2 2 2 2 2 2 2 2 2 2 2 2 2 2 2 2 2
left_child=1 6 16 13 -5 15 9 -8 -9 11 -10 12 -1 14 18 -6 -2 -15 -4
right_child=2 -3 3 4 5 -7 7 8 10 -11 -12 -13 -14 17 -16 -17 -18 -19 -20
leaf_value=-5.4644569272814961e-08 2.4929417475050288e-06 -2.1329434627081024e-06 1.5452541086470656e-06 -2.7076076824442051e-06 3.1110925550764837e-07 -1.4777620933159597e-06 2.8217542491732345e-06 -2.8668952349367569e-06 1.8199172864377453e-06 -2.7227315106870267e-06 9.218837556511938e-08 -1.4675782180898081e-06 3.2685705704401646e-07 1.9786399647230338e-06 -1.8794930630150474e-06 2.199561770888475e-06 8.7785562986278604e-07 6.4639545731400486e-07 1.4802492779412645e-07
leaf_weight=5568 20 22 23 33 33 24 26 21 52 20 135 38 657 37 20 29 37 30 29
leaf_count=5568 20 22 23 33 33 24 26 21 52 20 135 38 657 37 20 29 37 30 29
internal_value=1.55839e-16 -1.93334e-08 4.01337e-07 1.7086e-07 -4.26584e-07 4.48693e-07 -1.21983e-08 5.13854e-07 2.25367e-07 -3.17903e-08 5.72626e-07 -2.31972e-08 -1.43801e-08 6.8234e-07 3.11626e-08 1.19442e-06 1.44455e-06 1.38211e-06 7.6603e-07
internal_weight=6854 6539 315 258 119 86 6517 234 208 6283 187 6263 6225 139 72 62 57 67 52
internal_count=6854 6539 315 258 119 86 6517 234 208 6283 187 6263 6225 139 72 62 57 67 52
is_linear=0
shrinkage=0.05


Tree=113
num_leaves=21
num_cat=0
split_feature=2 23 23 24 19 0 19 14 1 1 19 14 14 14 27 16 15 0 0 22
split_gain=1.96598e-08 3.56665e-08 2.95365e-08 5.52405e-08 4.67424e-08 3.89629e-08 3.80889e-08 3.18471e-08 2.75929e-08 2.55387e-08 2.19849e-08 1.29189e-07 1.48184e-07 8.82724e-08 9.58978e-08 7.55682e-08 4.15346e-08 3.67506e-08 3.36106e-08 8.28216e-08
threshold=252.50000000000003 1003.5000000000001 812.50000000000011 0.0004751528146987161 0.00060166000000000006 471.50000000000006 0.00070075000000000009 0.16799745313369893 411.25000000000006 367.30000000000001 0.00071982000000000014 0.55656748448714433 0.3342611484689354 0.90892735371523092 7.8333333333333348 919.35000000000014 -0.99273797715557011 987.00000000000011 939.50000000000011 909.50000000000011
decision_type=2 2 2 2 2 2 2 2 2 2 2 2 2 2 2 2 2 2 2 2
left_child=1 10 3 5 -5 -2 8 -8 -4 -7 17 12 16 14 -13 -15 -12 18 19 -1
right_child=2 -3 6 4 -6 9 7 -9 -10 -11 11 13 -14 15 -16 -17 -18 -19 -20 -21
leaf_value=-1.5992061591351511e-08 -7.2615589084718182e-07 -2.0262963206815504e-06 5.5122987716805215e-07 -3.2625495873617187e-06 -1.205243524170469e-07 2.4421552831383101e-06 1.0223138907669046e-06 -1.4155438737448313e-06 2.8563869604755277e-06 2.9426414596400723e-07 -1.4415154781646481e-06 5.6110785190748693e-06 -4.2019211646633764e-06 2.1225424684904023e-06 1.4997217181804151e-06 -1.5847766412156892e-06 4.2066074744400214e-07 -2.1195501847701271e-06 1.4781332931699974e-06 -1.9649547121761399e-06
leaf_weight=6119 31 22 21 20 29 31 37 21 34 25 36 23 22 28 37 27 178 21 37 55
leaf_count=6119 31 22 21 20 29 31 37 21 34 25 36 23 22 28 37 27 178 21 37 55
internal_value=1.15538e-15 -1.64419e-08 4.36139e-07 -6.02472e-08 -1.40298e-06 6.96007e-07 1.03356e-06 1.39641e-07 1.97624e-06 1.48328e-06 -9.72505e-09 3.75292e-07 -2.94319e-07 1.74945e-06 3.07574e-06 3.02586e-07 1.07397e-07 -3.14101e-08 -2.43499e-08 -3.33541e-08
internal_weight=6854 6605 249 136 49 87 113 58 55 56 6583 351 236 115 60 55 214 6232 6211 6174
internal_count=6854 6605 249 136 49 87 113 58 55 56 6583 351 236 115 60 55 214 6232 6211 6174
is_linear=0
shrinkage=0.05


Tree=114
num_leaves=19
num_cat=0
split_feature=17 13 24 3 3 17 24 27 25 25 16 17 26 1 1 1 22 16
split_gain=2.04587e-08 2.03031e-08 3.36786e-08 6.00138e-08 1.33913e-07 1.51983e-07 1.01607e-07 6.34995e-08 5.56704e-08 4.70924e-08 1.60673e-07 7.04854e-08 4.64842e-08 4.28006e-08 7.7748e-09 1.30273e-08 2.68749e-08 1.22264e-08
threshold=1.0253463389462343 -0.3794095225512602 0.00053819545319581529 23.850000000000005 22.550000000000004 0.98182638769519159 0.00055997842927419381 30.166666666666668 0.00069466358981070959 0.00063049318500310234 928.56000000000006 0.96593365067163883 0.00053984078095512249 717.9000000000002 800.25000000000011 739.30000000000007 619.50000000000011 606.84500000000014
decision_type=2 2 2 2 2 2 2 2 2 2 2 2 2 2 2 2 2 2
left_child=1 2 8 4 7 -6 -5 -4 9 11 -11 -1 -8 -10 15 16 17 -3
right_child=-2 14 3 6 5 -7 12 -9 13 10 -12 -13 -14 -15 -16 -17 -18 -19
leaf_value=1.2915666559519999e-07 -1.3999012983626578e-06 -6.7891103973264784e-08 7.6292909107727228e-07 -2.4311243534056204e-06 -9.7369253931869851e-07 -5.5866828706012504e-06 -4.288206922695546e-07 -1.0099011860901278e-06 4.4164697931631491e-07 3.5701834360872333e-07 -4.7357121188508162e-06 1.1199099055567367e-06 5.7343419214685426e-07 3.4919721458762702e-06 -1.0449151372426969e-06 8.9033390964961736e-07 -1.7332542945484403e-06 5.2447066795192752e-07
leaf_weight=1311 26 4101 112 36 57 26 158 92 23 59 21 208 432 23 20 36 24 89
leaf_count=1311 26 4101 112 36 57 26 158 92 23 59 21 208 432 23 20 36 24 89
internal_value=2.10778e-15 5.33062e-09 1.16726e-07 -1.26799e-07 -7.25495e-07 -2.41873e-06 1.47683e-07 -3.65826e-08 2.51886e-07 2.02551e-07 -9.79823e-07 2.64823e-07 3.05034e-07 1.96681e-06 -6.14023e-08 -5.6774e-08 -6.48651e-08 -5.53087e-08
internal_weight=6854 6828 2558 913 287 83 626 204 1645 1599 80 1519 590 46 4270 4250 4214 4190
internal_count=6854 6828 2558 913 287 83 626 204 1645 1599 80 1519 590 46 4270 4250 4214 4190
is_linear=0
shrinkage=0.05


Tree=115
num_leaves=13
num_cat=0
split_feature=3 17 14 19 14 3 2 17 14 7 14 12
split_gain=1.92737e-08 1.83003e-08 1.73475e-08 3.01516e-08 2.21307e-08 1.26309e-07 2.52421e-07 5.33186e-08 3.67827e-08 8.68247e-08 5.82308e-08 1.3071e-10
threshold=35.850000000000001 1.0253463389462343 -0.99940763397299126 0.00015806500000000001 -0.95754239937548935 24.850000000000005 144.50000000000003 0.93422856074854277 -0.94975917145599731 59.859752587570377 -0.93879691571722779 0.60355339059327384
decision_type=2 2 2 2 2 2 2 2 2 2 2 2
left_child=1 2 3 11 5 7 -7 -4 9 -6 -10 -1
right_child=-2 -3 4 -5 8 6 -8 -9 10 -11 -12 -13
leaf_value=-1.0224324195665498e-07 1.1874999179226239e-06 -1.3299062411183862e-06 -1.2777227940287279e-07 1.7853239191444538e-06 3.9441466770995246e-06 1.0460079153062908e-07 -5.0624432519842424e-06 1.7820142695713098e-06 -1.5168079806651423e-06 6.763433650401287e-08 2.3620442447136478e-08 5.1197348907210294e-08
leaf_weight=35 34 26 581 37 20 60 39 39 62 52 5846 23
leaf_count=35 34 26 581 37 20 60 39 39 62 52 5846 23
internal_value=-1.26262e-16 -5.92009e-09 -8.53317e-10 6.70063e-07 -1.03677e-08 -2.72457e-07 -1.9309e-06 -7.64054e-09 2.11443e-08 1.14444e-06 7.45481e-09 -4.13961e-08
internal_weight=6854 6820 6794 95 6699 719 99 620 5980 72 5908 58
internal_count=6854 6820 6794 95 6699 719 99 620 5980 72 5908 58
is_linear=0
shrinkage=0.05


Tree=116
num_leaves=16
num_cat=0
split_feature=2 22 23 11 11 26 27 20 2 18 27 21 18 11 25
split_gain=1.80141e-08 3.12751e-08 3.10888e-08 2.83174e-08 3.45651e-08 3.81315e-08 3.07029e-08 2.96055e-08 2.21974e-08 2.08231e-08 1.99372e-08 1.81807e-08 7.8976e-08 2.75334e-08 1.14502e-08
threshold=241.50000000000003 960.50000000000011 1003.5000000000001 47.80937500000001 43.109375000000007 0.00060815680964385413 55.166666666666679 0.00049423000000000012 237.50000000000003 0.00082834000000000011 12.16666666666667 974.50000000000011 0.00055833000000000011 50.203125000000007 0.00062058274066632303
decision_type=2 2 2 2 2 2 2 2 2 2 2 2 2 2 2
left_child=2 3 8 4 6 -6 -2 -8 9 11 -5 13 -13 -1 -12
right_child=1 -3 -4 10 5 -7 7 -9 -10 -11 14 12 -14 -15 -16
leaf_value=-3.3404246739659853e-08 2.022536518926509e-06 -1.2257343555128437e-06 -1.8942054380617763e-06 2.7376147796609946e-07 -2.2785748219575908e-06 4.5631972107265451e-07 1.3603404606886794e-06 -2.0336114538770174e-07 -1.3916926734274403e-06 1.6055723290264723e-06 2.9692004522985374e-06 1.7537165395727546e-06 -1.9111564996615478e-06 3.357151206014652e-07 1.2975548560775897e-06
leaf_weight=5845 31 28 22 23 25 26 44 97 29 20 20 21 49 553 21
leaf_count=5845 31 28 22 23 25 26 44 97 29 20 20 21 49 553 21
internal_value=-8.35058e-16 3.69321e-07 -1.77911e-08 5.24936e-07 2.58868e-07 -8.84315e-07 5.97835e-07 2.84602e-07 -1.14567e-08 -5.28738e-09 1.45202e-06 -1.02684e-08 -8.11695e-07 -1.50006e-09 2.11299e-06
internal_weight=6854 315 6539 287 223 51 172 141 6517 6488 64 6468 70 6398 41
internal_count=6854 315 6539 287 223 51 172 141 6517 6488 64 6468 70 6398 41
is_linear=0
shrinkage=0.05


Tree=117
num_leaves=21
num_cat=0
split_feature=7 18 21 14 25 3 11 19 26 14 3 7 23 7 9 2 6 3 7 6
split_gain=1.76386e-08 2.97844e-08 2.65658e-08 3.59285e-08 2.49413e-08 1.10022e-07 7.80019e-08 2.85959e-08 5.75354e-08 6.83086e-08 4.74265e-08 4.64e-08 3.4279e-08 6.16908e-08 4.69102e-08 2.53032e-08 2.28097e-08 2.26039e-08 1.00092e-08 1.02269e-08
threshold=14.833017467908734 0.00065175000000000009 883.50000000000011 1.0000000180025095e-35 0.00072429492301114397 24.650000000000002 60.675000000000004 0.00071982000000000014 0.00055178303684198587 0.90892735371523092 22.350000000000005 29.430107615151126 953.50000000000011 18.298548677515551 67.294547757043986 221.50000000000003 0.00045036500000000004 28.050000000000004 7.0614407050264143 0.00080648500000000012
decision_type=2 2 2 2 2 2 2 2 2 2 2 2 2 2 2 2 2 2 2 2
left_child=1 16 18 -4 7 -6 17 12 11 10 -10 15 13 -2 -15 -9 -1 -7 -3 -20
right_child=4 2 3 -5 5 6 -8 8 9 -11 -12 -13 -14 14 -16 -17 -18 -19 19 -21
leaf_value=4.9375903245163498e-07 -2.3684767169486677e-06 1.5890869226845658e-06 5.9204931923367053e-07 -1.6576963211100015e-06 -3.3981538386985358e-06 2.3524523160089165e-06 -2.1360634455902528e-06 2.1142592391821712e-06 2.7308704784445583e-06 -2.4137062496265574e-06 6.5869289006701985e-08 3.8197665776351642e-06 2.0465244245304602e-06 -2.5280626283354669e-08 2.063313776387885e-06 -2.8380950425344057e-07 2.8817325892305236e-06 2.6752943474898182e-07 -1.667717269171476e-07 1.2745255253321375e-06
leaf_weight=20 28 26 35 36 29 26 24 22 20 24 101 20 20 6276 27 22 20 26 32 20
leaf_count=20 28 26 35 36 29 26 24 22 20 24 101 20 20 6276 27 22 20 26 32 20
internal_value=-1.00699e-15 4.7632e-07 1.51106e-07 -5.48667e-07 -1.35071e-08 -7.78023e-07 2.21763e-07 -1.27014e-09 5.74194e-07 2.30432e-08 5.06365e-07 1.82289e-06 -2.02076e-08 -2.67365e-08 -1.63338e-08 9.15225e-07 1.68775e-06 1.30999e-06 7.88078e-07 3.87573e-07
internal_weight=6854 189 149 71 6665 105 76 6560 209 145 121 64 6351 6331 6303 44 40 52 78 52
internal_count=6854 189 149 71 6665 105 76 6560 209 145 121 64 6351 6331 6303 44 40 52 78 52
is_linear=0
shrinkage=0.05


Tree=118
num_leaves=14
num_cat=0
split_feature=3 17 14 6 14 3 2 0 14 13 14 23 7
split_gain=1.71176e-08 1.64775e-08 1.56886e-08 2.72034e-08 1.97755e-08 1.15052e-07 2.28183e-07 5.16303e-08 3.32073e-08 7.81592e-08 5.20357e-08 1.44203e-09 1.84345e-11
threshold=35.850000000000001 1.0253463389462343 -0.99940763397299126 0.00015203500000000004 -0.95754239937548935 24.850000000000005 144.50000000000003 636.50000000000011 -0.94975917145599731 -0.60355339059327384 -0.93879691571722779 631.50000000000011 115.94611599176925
decision_type=2 2 2 2 2 2 2 2 2 2 2 2 2
left_child=1 2 3 12 5 7 -7 -4 9 -6 -10 -5 -1
right_child=-2 -3 4 11 8 6 -8 -9 10 -11 -12 -13 -14
leaf_value=-1.2112439630332769e-07 1.1191097197539498e-06 -1.2618963786245821e-06 -1.2465345288426023e-07 1.3291853545638333e-06 3.6545339006417114e-06 9.492261834035769e-08 -4.8177862586621466e-06 1.7326127837691276e-06 -1.4339391867048979e-06 3.0172642437701503e-08 2.2243030410682719e-08 1.9296082905384537e-06 -6.1541994214434571e-08
leaf_weight=21 34 26 580 20 21 60 39 40 62 51 5846 20 34
leaf_count=21 34 26 580 20 21 60 39 40 62 51 5846 20 34
internal_value=2.88477e-16 -5.57914e-09 -7.71331e-10 6.37261e-07 -9.81941e-09 -2.5757e-07 -1.84039e-06 -4.82982e-09 1.99687e-08 1.08728e-06 6.9615e-09 1.6294e-06 -8.42916e-08
internal_weight=6854 6820 6794 95 6699 719 99 620 5980 72 5908 40 55
internal_count=6854 6820 6794 95 6699 719 99 620 5980 72 5908 40 55
is_linear=0
shrinkage=0.05


Tree=119
num_leaves=20
num_cat=0
split_feature=2 23 23 21 25 27 3 11 15 27 19 23 25 21 1 3 25 20 27
split_gain=1.60826e-08 2.78112e-08 2.62552e-08 7.41048e-08 4.11407e-08 4.17546e-08 2.68759e-08 2.98754e-08 2.00478e-08 5.73708e-08 2.92023e-08 6.21816e-08 4.70673e-08 2.83892e-08 3.32287e-08 1.80323e-08 1.47482e-08 1.45252e-08 1.38473e-08
threshold=252.50000000000003 1003.5000000000001 812.50000000000011 747.50000000000011 0.0006591994033307056 25.166666666666668 19.650000000000002 38.709375000000001 -0.99983123799342477 16.166666666666668 0.00071982000000000014 686.50000000000011 0.00072429492301114397 987.00000000000011 900.6500000000002 20.750000000000004 0.00067721665555572094 0.0006296950000000001 92.166666666666671
decision_type=2 2 2 2 2 2 2 2 2 2 2 2 2 2 2 2 2 2 2
left_child=1 8 3 6 15 -6 17 -8 9 -1 13 16 -13 14 -10 -4 -12 -2 -17
right_child=2 -3 4 -5 5 -7 7 -9 10 -11 11 12 -14 -15 -16 18 -18 -19 -20
leaf_value=-3.0435551801133445e-06 2.0520463026839156e-06 -1.7896479014532156e-06 6.3137313190964059e-07 -2.8843823398005955e-06 1.1472174746813834e-06 -1.9178754504878274e-06 -1.4078430555031218e-06 7.0286826060414332e-07 -2.7937823418221772e-08 6.1804526877574024e-07 1.2314583648276312e-06 7.9360319399686826e-07 -4.5356423657248755e-07 -1.389280369623018e-06 1.4002519700314713e-06 1.5254491701810481e-06 3.0879572714975044e-06 2.8780860020560797e-07 3.306836297269911e-06
leaf_weight=20 28 22 24 20 25 20 30 38 6115 23 20 157 146 38 41 24 23 20 20
leaf_count=20 28 22 24 20 25 20 30 38 6115 23 20 157 146 38 41 24 23 20 20
internal_value=-1.35633e-15 -1.4871e-08 3.9447e-07 -7.35329e-08 9.57729e-07 -2.15046e-07 4.11096e-07 -2.28328e-07 -8.93979e-09 -1.08502e-06 -1.86462e-09 4.45166e-07 1.92658e-07 -2.6836e-08 -1.84258e-08 1.73383e-06 2.22447e-06 1.31695e-06 2.33517e-06
internal_weight=6854 6605 249 136 113 45 116 68 6583 43 6540 346 303 6194 6156 68 43 48 44
internal_count=6854 6605 249 136 113 45 116 68 6583 43 6540 346 303 6194 6156 68 43 48 44
is_linear=0
shrinkage=0.05


Tree=120
num_leaves=21
num_cat=0
split_feature=7 0 5 7 17 15 15 15 20 17 20 1 16 6 25 6 16 5 2 18
split_gain=1.57064e-08 2.86862e-08 3.12651e-08 2.33884e-08 1.88947e-08 7.74911e-08 2.23898e-07 1.34951e-07 3.45115e-08 2.04298e-08 8.54365e-08 1.14307e-07 1.95797e-08 3.44647e-08 2.40233e-08 1.52639e-08 1.89316e-08 9.3618e-09 8.50144e-09 3.94404e-09
threshold=14.833017467908734 966.50000000000011 11.350000000000003 15.278995907960985 0.96593365067163883 0.63255009372278048 0.52032336593087203 0.24164313636530552 0.00048573000000000008 0.95970013231733531 0.00023207000000000002 793.45000000000016 964.80000000000007 0.00079298500000000007 0.00061554845190937434 0.00070094500000000013 1016.975 10.450000000000001 182.50000000000003 0.00077832000000000021
decision_type=2 2 2 2 2 2 2 2 2 2 2 2 2 2 2 2 2 2 2 2
left_child=1 15 -3 -2 9 6 7 -6 17 12 -11 -12 13 -5 -14 -1 18 -7 -17 -20
right_child=3 2 -4 4 5 8 -8 -9 -10 10 11 -13 14 -15 -16 16 -18 -19 19 -21
leaf_value=1.8088991482451974e-06 -1.4813579348236404e-06 8.2366029395026488e-07 -1.4179363331225301e-06 -2.6798872806815822e-08 7.4514434463244689e-08 4.9524324481353692e-07 -4.9078322102890191e-06 3.8235800904686816e-06 3.3752897169589151e-06 1.5884251857406292e-06 -3.5989237466714667e-07 -4.9028909359094541e-06 1.8145652074252894e-06 -1.7852917336215668e-06 2.2512856250816387e-08 1.8170382212528715e-06 -6.5236971806825756e-07 1.7506558542116318e-06 7.4592389864847075e-08 9.9391329919334182e-07
leaf_weight=33 27 28 35 5710 602 33 22 25 22 27 45 20 32 28 45 21 24 27 20 28
leaf_count=33 27 28 35 5710 602 33 22 25 22 27 45 20 32 28 45 21 24 27 20 28
internal_value=4.73563e-16 4.49475e-07 -4.21671e-07 -1.27458e-08 -6.77223e-09 2.33026e-07 5.00383e-08 2.23999e-07 1.68131e-06 -3.64476e-08 -7.75712e-07 -1.75774e-06 -2.47516e-08 -3.53799e-08 7.67262e-07 8.85048e-07 5.5723e-07 1.06018e-06 9.7796e-07 6.10863e-07
internal_weight=6854 189 63 6665 6638 731 649 627 82 5907 92 65 5815 5738 77 126 93 60 69 48
internal_count=6854 189 63 6665 6638 731 649 627 82 5907 92 65 5815 5738 77 126 93 60 69 48
is_linear=0
shrinkage=0.05


Tree=121
num_leaves=25
num_cat=0
split_feature=14 21 14 11 4 15 0 1 14 14 7 14 13 19 11 14 13 15 15 7 12 27 8 8
split_gain=1.45889e-08 4.79e-08 2.40758e-08 1.00213e-07 1.47078e-07 1.59661e-07 5.66933e-08 5.30879e-08 4.94274e-08 3.01369e-08 7.14812e-08 4.60874e-08 8.88447e-08 2.05965e-08 9.57663e-08 4.56333e-08 1.75382e-08 1.14724e-08 4.06381e-09 4.3358e-09 1.2911e-09 3.69188e-10 2.80048e-11 3.13382e-11
threshold=-0.99763297024448894 451.50000000000006 -0.95754239937548935 46.296875000000007 1.0000000180025095e-35 -0.14250536273956091 636.50000000000011 568.50000000000011 -0.98523971305672675 -0.94975917145599731 59.859752587570377 -0.93879691571722779 -0.5 0.00010323000000000001 38.709375000000001 -0.91289842852956904 -0.78656609248549325 -0.022575793296316496 0.029024409397335523 79.114887192306341 0.60355339059327384 2.5000000000000004 267.3648935667257 77.976899686097354
decision_type=2 2 2 2 2 2 2 2 2 2 2 2 2 2 2 2 2 2 2 2 2 2 2 2
left_child=1 18 3 6 -5 -6 7 16 -9 10 -4 12 -11 14 -13 -15 -2 -3 19 -1 -12 -14 23 -21
right_child=2 17 9 4 5 -7 -8 8 -10 11 20 13 21 15 -16 -17 -18 -19 -20 22 -22 -23 -24 -25
leaf_value=7.5470281224454538e-07 1.1328368251876479e-06 7.4197009723775421e-07 3.575309791585824e-06 1.2689761867725545e-06 -8.3162569808337139e-07 -6.6613625854781437e-06 2.2923695989144715e-06 -2.4621747390559298e-07 -3.5272886055860335e-06 -3.9948899723997658e-06 -1.4709772556436232e-07 -3.9720187827402804e-08 -1.4936915306407173e-07 1.7630013376544541e-06 -3.5098421039947426e-06 1.0092630557614401e-07 -1.1531282696806048e-07 2.2511451270608685e-06 -5.2978367956971592e-07 -5.4127581104414561e-08 3.6066468878527219e-07 1.5079666094866947e-07 -3.22167314455631e-08 -1.3624965266076506e-07
leaf_weight=20 30 20 20 22 24 23 24 24 22 21 31 3374 20 42 20 2468 455 34 35 26 21 21 36 21
leaf_count=20 30 20 20 22 24 23 24 24 22 21 31 3374 20 42 20 2468 455 34 35 26 21 21 36 21
internal_value=-5.30283e-16 4.29696e-07 -1.23839e-08 -3.08057e-07 -2.10511e-06 -3.68448e-06 -8.46395e-08 -1.92075e-07 -1.81543e-06 1.81726e-08 1.035e-06 5.90112e-09 -1.35022e-06 2.01422e-08 -6.01688e-08 1.28738e-07 -3.81077e-08 1.69219e-06 -6.43242e-08 9.38417e-08 5.79602e-08 4.37431e-09 -6.5402e-08 -9.08204e-08
internal_weight=6854 192 6662 624 69 47 555 531 46 6038 72 5966 62 5904 3394 2510 485 54 138 103 52 41 83 47
internal_count=6854 192 6662 624 69 47 555 531 46 6038 72 5966 62 5904 3394 2510 485 54 138 103 52 41 83 47
is_linear=0
shrinkage=0.05


Tree=122
num_leaves=19
num_cat=0
split_feature=17 17 15 15 15 14 20 17 20 26 24 23 14 15 19 5 5 5
split_gain=1.47064e-08 1.51609e-08 7.03529e-08 8.3245e-08 9.74576e-08 6.22874e-08 3.05036e-08 2.99389e-08 6.03582e-08 3.67779e-08 8.4327e-08 1.22447e-07 8.21276e-08 1.43848e-07 1.11976e-07 6.9472e-08 2.48881e-08 8.38608e-09
threshold=1.0253463389462343 0.96593365067163883 0.63255009372278048 0.29137697329261131 0.24164313636530552 0.90892735371523092 0.00048573000000000008 0.96145730629670978 0.00033958500000000005 0.00046164350660397559 0.00054374036253356753 766.50000000000011 0.9893236546938301 0.080547328232315238 0.00033227000000000007 15.250000000000002 12.050000000000002 10.450000000000001
decision_type=2 2 2 2 2 2 2 2 2 2 2 2 2 2 2 2 2 2
left_child=1 7 3 4 5 -3 17 9 -9 10 11 -1 14 -14 -11 -12 -10 -4
right_child=-2 2 6 -5 -6 -7 -8 8 16 12 15 -13 13 -15 -16 -17 -18 -19
leaf_value=-4.8314083779764246e-08 -1.1868936233292096e-06 2.6523166079578162e-07 4.5380328713455983e-07 -3.0490157834200158e-06 3.4209331209405556e-06 -9.9288327485661898e-07 3.20147893365753e-06 1.0483696018048288e-06 -7.4067084653961502e-07 2.4288280013616528e-06 -7.7704608019738939e-07 3.007632237010209e-06 1.1067500532628097e-06 -4.2612701900697386e-06 2.3791703942858542e-07 -3.7768194686024169e-06 -3.0677863807997916e-06 1.6591185789770357e-06
leaf_weight=4895 26 546 31 21 22 120 22 23 20 63 120 33 24 26 785 23 27 27
leaf_count=4895 26 546 31 21 22 120 22 23 20 63 120 33 24 26 785 23 27 27
internal_value=1.63535e-15 4.51951e-09 2.10644e-07 5.20475e-08 1.46702e-07 3.85443e-08 1.61621e-06 -2.24108e-08 -1.05044e-06 -1.03548e-08 -6.25829e-08 -2.78502e-08 2.84577e-07 -1.68462e-06 4.00685e-07 -1.25953e-06 -2.07752e-06 1.0149e-06
internal_weight=6854 6828 789 709 688 666 80 6039 70 5969 5071 4928 898 50 848 143 47 58
internal_count=6854 6828 789 709 688 666 80 6039 70 5969 5071 4928 898 50 848 143 47 58
is_linear=0
shrinkage=0.05


Tree=123
num_leaves=12
num_cat=0
split_feature=22 2 0 25 6 19 2 7 23 22 18
split_gain=1.46522e-08 1.94922e-08 3.03191e-08 3.20929e-08 2.10824e-08 5.41595e-08 2.93793e-08 2.52022e-08 1.89834e-08 1.16302e-08 8.96389e-09
threshold=1007.5000000000001 285.50000000000006 477.50000000000006 0.00064855887501202066 0.00081700000000000013 0.00081510000000000013 277.50000000000006 9.9393818883796801 756.50000000000011 845.50000000000011 0.00068508000000000013
decision_type=2 2 2 2 2 2 2 2 2 2 2
left_child=1 4 -3 8 5 6 7 -1 -4 -6 -10
right_child=-2 2 3 -5 9 -7 -8 -9 10 -11 -12
leaf_value=1.2831498148551347e-06 -1.2332567185543062e-06 -1.0539786569095457e-06 3.9178924928571429e-07 -5.608127001165564e-07 1.9421379408868236e-06 -2.6123995178295447e-06 -1.9200473366254301e-06 -8.2079069007174533e-09 2.8458029618150252e-06 4.0513226124971884e-07 1.4485330108403684e-06
leaf_weight=38 24 21 22 23 20 20 20 6588 24 32 22
leaf_count=38 24 21 22 23 20 20 20 6588 24 32 22
internal_value=1.75875e-15 4.33355e-09 6.58519e-07 1.05371e-06 -6.57278e-09 -1.43959e-08 -6.57763e-09 -8.01992e-10 1.5998e-06 9.96288e-07 2.17754e-06
internal_weight=6854 6830 112 91 6718 6666 6646 6626 68 52 46
internal_count=6854 6830 112 91 6718 6666 6646 6626 68 52 46
is_linear=0
shrinkage=0.05


Tree=124
num_leaves=18
num_cat=0
split_feature=3 24 14 14 14 11 3 6 14 26 14 19 19 11 15 26 1
split_gain=1.517e-08 1.55387e-08 5.99864e-08 1.02383e-07 8.6629e-08 6.468e-08 1.7168e-07 8.86463e-08 6.32997e-08 1.68905e-07 1.16317e-07 5.56889e-08 5.0185e-08 4.20052e-08 9.38871e-08 4.14223e-08 2.21293e-08
threshold=35.850000000000001 0.00054374036253356753 0.91596454896554913 0.86113431103781346 0.94138322595482449 48.346875000000004 27.750000000000004 0.00063531500000000012 0.77244481603295057 0.00057526240997463963 0.55656748448714433 0.00075602000000000015 0.00073228500000000016 43.837500000000006 0.27487873330147788 0.0005571612112495873 783.85000000000002
decision_type=2 2 2 2 2 2 2 2 2 2 2 2 2 2 2 2 2
left_child=1 11 3 8 -4 7 -7 -6 10 -10 -3 12 13 16 -15 -13 -1
right_child=-2 2 4 -5 5 6 -8 -9 9 -11 -12 15 -14 14 -16 -17 -18
leaf_value=-2.3436443183428228e-09 1.0535213053732578e-06 -2.7353005901440426e-07 -3.8229205092648046e-06 2.9979390589047669e-06 4.473008573313564e-07 2.4964758500800603e-06 -2.663596114660794e-06 -4.0187287635831132e-06 -4.6343835405283385e-06 1.2478030207010149e-06 1.5833290062197863e-06 2.8477500927692744e-06 -2.3750328553133344e-06 2.9793829470354571e-07 3.2240330805658838e-06 2.8066940747824751e-07 -7.3872855735474413e-07
leaf_weight=5367 34 605 25 27 20 40 27 25 26 23 98 30 22 318 30 33 104
leaf_count=5367 34 605 25 27 20 40 27 25 26 23 98 30 22 318 30 33 104
internal_value=-1.59639e-15 -5.25216e-09 -1.96859e-07 -2.71753e-08 -1.1617e-06 -5.67681e-07 4.17044e-07 -2.03383e-06 -1.3579e-07 -1.87336e-06 -1.46792e-08 2.44755e-08 8.5274e-09 1.7539e-08 5.50188e-07 1.50309e-06 -1.63418e-08
internal_weight=6854 6820 916 779 137 112 67 45 752 49 703 5904 5841 5819 348 63 5471
internal_count=6854 6820 916 779 137 112 67 45 752 49 703 5904 5841 5819 348 63 5471
is_linear=0
shrinkage=0.05


Tree=125
num_leaves=19
num_cat=0
split_feature=14 0 17 19 17 14 25 27 22 14 13 14 4 14 19 5 27 27
split_gain=1.34307e-08 4.41514e-08 2.53422e-08 4.86802e-08 2.43596e-08 2.39388e-08 9.85535e-08 1.12646e-07 6.75227e-08 2.58468e-08 6.14557e-08 4.10565e-08 9.55822e-09 4.2009e-09 9.06348e-09 6.00385e-09 7.59626e-10 4.92338e-12
threshold=-0.99763297024448894 619.50000000000011 1.0133872625401985 0.00024059500000000002 1.00834648306331 -0.95754239937548935 0.00033571830758056875 0.83333333333333337 510.50000000000006 -0.94975917145599731 -0.60355339059327384 -0.93879691571722779 1.0000000180025095e-35 -0.99940763397299126 3.3880000000000001e-05 11.750000000000002 10.16666666666667 8.1666666666666696
decision_type=2 2 2 2 2 2 2 2 2 2 2 2 2 2 2 2 2 2
left_child=1 13 4 -4 5 6 8 -8 -2 10 -7 -11 -3 14 17 -15 -17 -1
right_child=2 12 3 -5 -6 9 7 -9 -10 11 -12 -13 -14 15 -16 16 -18 -19
leaf_value=-4.4462717921435671e-08 -1.1603030605820792e-07 1.1259960093535813e-06 3.8128233852504586e-07 -2.9483689293859546e-06 1.5538741596401452e-06 3.238987800441031e-06 1.3713447956391705e-06 -2.2462407045978507e-06 2.5025871947876181e-06 -1.2704641011762966e-06 2.5159042751528987e-08 2.3014784884332128e-08 2.6362734661233845e-06 -8.0142446336139982e-07 1.1871737694946205e-06 3.3135326629820028e-07 -8.0422578108141354e-08 -7.5560828065590614e-08
leaf_weight=35 463 22 23 21 25 21 27 106 26 62 51 5837 20 30 20 21 24 20
leaf_count=35 463 22 23 21 25 21 27 106 26 62 51 5837 20 30 20 21 24 20
internal_value=-2.1195e-16 4.12286e-07 -1.18822e-08 -1.20787e-06 -3.9306e-09 -9.83764e-09 -3.05032e-07 -1.51184e-06 2.32009e-08 2.09128e-08 9.62526e-07 9.41999e-09 1.84518e-06 1.10774e-08 2.75681e-07 -2.53526e-07 1.11739e-07 -5.57711e-08
internal_weight=6854 192 6662 44 6618 6593 622 133 489 5971 72 5899 42 150 75 75 45 55
internal_count=6854 192 6662 44 6618 6593 622 133 489 5971 72 5899 42 150 75 75 45 55
is_linear=0
shrinkage=0.05


Tree=126
num_leaves=16
num_cat=0
split_feature=3 26 14 14 18 25 25 22 22 3 24 5 14 4 5
split_gain=1.46742e-08 4.1472e-08 3.16065e-08 1.53087e-07 4.42842e-08 2.62039e-08 2.67355e-08 2.21532e-08 4.1553e-08 2.06542e-08 2.82375e-08 3.14343e-08 2.69808e-08 2.90292e-08 1.28959e-08
threshold=28.750000000000004 0.0007782154805874847 -0.7217484125045438 -0.74512825849743647 0.00057234000000000007 0.00076955878311510157 0.00074495676006362062 974.50000000000011 948.50000000000011 35.050000000000004 0.00075189565443834589 11.65 0.97112537654464559 27.500000000000004 11.350000000000003
decision_type=2 2 2 2 2 2 2 2 2 2 2 2 2 2 2
left_child=1 5 3 4 -2 6 7 8 -1 10 12 -12 13 -4 -3
right_child=2 14 9 -5 -6 -7 -8 -9 -10 -11 11 -13 -14 -15 -16
leaf_value=-1.2221988561949594e-08 -6.0867077405474095e-07 -7.2666651703912069e-07 5.4272102897591637e-07 -3.8054965732324216e-06 1.9443721667552641e-06 1.3549209097618586e-06 -1.5869778386095953e-06 -1.4393682081222156e-06 2.0303091441746802e-06 1.5737276358917233e-06 4.2334677049359969e-07 -2.2870146744935483e-06 2.0730080511664432e-06 -1.3985855373123612e-06 -2.5222099384336618e-06
leaf_weight=6245 33 20 232 26 35 35 27 27 25 39 23 20 26 21 20
leaf_count=6245 33 20 232 26 35 35 27 27 25 39 23 20 26 21 20
internal_value=1.01323e-16 -1.95086e-08 2.74363e-07 -5.42298e-07 7.05395e-07 -9.41307e-09 -1.69639e-08 -1.02321e-08 -4.07793e-09 4.87012e-07 3.55391e-07 -8.37286e-07 5.39209e-07 3.81585e-07 -1.62444e-06
internal_weight=6854 6399 455 94 68 6359 6324 6297 6270 361 322 43 279 253 40
internal_count=6854 6399 455 94 68 6359 6324 6297 6270 361 322 43 279 253 40
is_linear=0
shrinkage=0.05


Tree=127
num_leaves=31
num_cat=0
split_feature=15 15 14 26 27 12 3 23 15 11 23 16 25 19 14 11 21 23 21 14 2 14 27 14 2 17 23 2 3 16
split_gain=1.42246e-08 3.95823e-08 8.05621e-08 1.57676e-07 5.59407e-08 3.60949e-08 3.28974e-08 2.91389e-08 2.9061e-08 6.15961e-08 5.31468e-08 3.14889e-08 3.12435e-08 2.68909e-08 7.03459e-08 4.95567e-08 4.29345e-08 8.87466e-08 4.45158e-08 2.54672e-08 1.73586e-08 1.59931e-08 1.37501e-08 1.25544e-08 1.41041e-08 9.15377e-09 8.93223e-09 8.46828e-09 3.9254e-09 7.46328e-10
threshold=-0.97111920233974802 -0.9292178835113839 -0.25309334970420783 0.0004365606590787027 17.166666666666668 -0.78656609248549292 21.550000000000004 1003.5000000000001 -0.99628250747696534 54.321875000000013 127.50000000000001 831.71000000000015 0.00043600683430423926 0.00077613000000000009 0.55656748448714433 47.80937500000001 919.50000000000011 670.50000000000011 879.50000000000011 -0.49157856216375384 144.50000000000003 0.13398903995667991 1.0000000180025095e-35 0.16799745313369893 150.50000000000003 0.96703963858831787 374.50000000000006 81.500000000000014 32.050000000000004 39.550000000000004
decision_type=2 2 2 2 2 2 2 2 2 2 2 2 2 2 2 2 2 2 2 2 2 2 2 2 2 2 2 2 2 2
left_child=8 2 20 5 -5 6 -4 13 9 11 29 12 26 16 19 -16 18 -18 -3 -15 -2 22 -12 -23 -25 -24 -1 -7 -22 -10
right_child=1 7 3 4 -6 27 -8 -9 10 -11 21 -13 -14 14 15 -17 17 -19 -20 -21 28 23 25 24 -26 -27 -28 -29 -30 -31
leaf_value=-1.2500144150437226e-07 -5.3564711802575206e-08 2.9155388596919372e-09 -2.6550462507657362e-07 -5.1931113297052017e-06 -1.9131977943778529e-06 -1.5328372570549548e-07 -3.1333152202250857e-06 -1.7297918968021503e-06 -4.9681272854146814e-08 -2.8094102455205368e-06 -9.8454368400636778e-08 1.5600086965542718e-06 -2.0781708838057966e-06 3.2528724237376342e-07 -7.8444076200906681e-08 2.7640731994561859e-06 2.1368500321321857e-06 -1.386495524163441e-06 1.0891198274946371e-06 -1.7894055323116238e-06 1.4005145282860741e-06 2.5640417106842508e-06 7.3514074930014218e-07 1.8878249083594972e-06 1.4934661464849342e-07 1.8050809549768696e-06 9.7646621465433521e-07 9.7014823893459826e-07 5.5843110965270168e-07 -3.2209769368160657e-07
leaf_weight=149 112 5409 20 26 26 104 20 24 189 21 38 29 20 35 23 46 21 120 96 24 31 24 77 28 20 27 21 20 25 29
leaf_count=149 112 5409 20 26 26 104 20 24 189 21 38 29 20 35 23 46 21 120 96 24 31 24 77 28 20 27 21 20 25 29
internal_value=4.01663e-16 -2.37486e-08 -5.15368e-07 -1.15407e-06 -3.55315e-06 -3.93384e-07 -1.69941e-06 8.81123e-09 2.18473e-07 -2.22668e-07 4.63551e-07 2.53763e-08 -2.08857e-07 1.60378e-08 7.32676e-07 1.81657e-06 -2.0899e-10 -8.61742e-07 2.18575e-08 -5.34927e-07 3.05818e-07 1.02329e-06 7.15505e-07 1.63032e-06 1.16346e-06 1.01291e-06 1.10622e-08 2.7915e-08 1.02458e-06 -8.59202e-08
internal_weight=6854 6182 384 216 52 164 40 5798 672 240 432 219 190 5774 128 69 5646 141 5505 59 168 214 142 72 48 104 170 124 56 218
internal_count=6854 6182 384 216 52 164 40 5798 672 240 432 219 190 5774 128 69 5646 141 5505 59 168 214 142 72 48 104 170 124 56 218
is_linear=0
shrinkage=0.05


Tree=128
num_leaves=29
num_cat=0
split_feature=15 15 23 23 1 15 20 5 11 26 24 2 11 25 24 1 13 15 3 25 23 26 11 7 11 5 7 12
split_gain=1.37276e-08 5.73888e-08 2.4298e-07 5.96106e-08 3.7464e-08 2.92445e-08 5.74967e-08 1.72637e-08 4.32192e-08 3.31449e-08 1.68168e-08 5.57875e-08 6.69249e-08 4.90582e-08 4.67672e-08 4.16466e-08 3.86989e-08 1.235e-08 8.4158e-09 8.29352e-09 6.64733e-09 2.98478e-09 1.8927e-09 3.87683e-10 1.42543e-10 3.19558e-11 4.38383e-13 1.45736e-13
threshold=0.91936090643431534 0.95499258812111987 454.00000000000006 340.50000000000006 459.90000000000003 0.87394374251212481 4.0830000000000007e-05 22.150000000000002 28.640625000000004 0.00053420288475926803 0.00054374036253356753 113.50000000000001 46.081250000000004 0.00069466358981070959 0.00055739811709060345 711.45000000000016 -0.98296291314453399 0.97693379145244141 15.450000000000001 6.2352587591582069e-05 437.50000000000006 3.012778969957082e-05 14.715625000000001 112.04538358791864 16.115625000000005 13.950000000000001 114.28499302676214 0.78656609248549325
decision_type=2 2 2 2 2 2 2 2 2 2 2 2 2 2 2 2 2 2 2 2 2 2 2 2 2 2 2 2
left_child=5 2 18 4 21 7 24 10 19 -10 13 12 -12 16 -13 -15 -1 -5 22 23 -8 25 27 -9 26 -3 -7 -2
right_child=1 3 -4 17 -6 6 20 8 9 -11 11 14 -14 15 -16 -17 -18 -19 -20 -21 -22 -23 -24 -25 -26 -27 -28 -29
leaf_value=1.0545928885780291e-06 -6.0233480926632566e-08 -5.617013878467248e-08 -5.7904647806224053e-06 2.5136227151278946e-06 -2.2770936224958405e-06 -6.8420707748373392e-08 1.5273564274918629e-06 2.2448588168799691e-07 2.8391881406369743e-06 5.2171233859452416e-07 1.4872620852202092e-07 -1.5067933150061309e-06 -3.8060255915099891e-06 1.418864461773713e-07 -2.5594353245059884e-08 3.0874567225206796e-06 -8.8282790095376631e-09 9.6793718300196869e-07 -8.7953353424818923e-07 -1.1507584889614011e-06 2.661349939595918e-06 5.8542691220964123e-07 4.9419747682577509e-07 -5.9710140476454407e-08 8.8758658591814308e-08 -1.2413046995618515e-07 -5.9710140476454407e-08 -5.5598098356313135e-08
leaf_weight=87 39 128 23 24 20 20 28 20 27 36 20 57 23 24 819 24 5139 28 32 20 24 20 20 30 20 20 52 30
leaf_count=87 39 128 23 24 20 20 28 20 27 36 20 57 23 24 819 24 5139 28 32 20 24 20 20 30 20 20 52 30
internal_value=1.95272e-15 -2.90457e-07 -1.07958e-06 1.83014e-07 -2.31413e-07 1.72389e-08 7.21807e-07 1.20063e-09 5.64834e-07 1.51492e-06 -1.09039e-08 -2.08284e-07 -1.96661e-06 2.34898e-08 -1.21974e-07 1.61467e-06 8.87506e-09 1.68133e-06 -1.84117e-07 -2.90239e-07 2.05074e-06 1.21199e-08 6.59202e-08 5.39683e-08 -2.93279e-08 -6.5354e-08 -6.21297e-08 -5.82181e-08
internal_weight=6854 384 144 240 188 6470 144 6326 133 63 6193 919 43 5274 876 48 5226 52 121 70 52 168 89 50 92 148 72 69
internal_count=6854 384 144 240 188 6470 144 6326 133 63 6193 919 43 5274 876 48 5226 52 121 70 52 168 89 50 92 148 72 69
is_linear=0
shrinkage=0.05


Tree=129
num_leaves=21
num_cat=0
split_feature=3 26 17 14 14 3 7 17 26 8 1 8 18 17 21 17 8 21 15 2
split_gain=1.32841e-08 3.68455e-08 3.24705e-08 2.97163e-08 1.26267e-07 5.11209e-08 2.28103e-08 2.85959e-08 9.10203e-08 1.54934e-07 5.68217e-08 4.08422e-08 3.026e-08 2.94883e-08 2.04499e-08 1.87212e-08 1.63047e-08 2.59309e-08 1.25306e-08 1.45555e-08
threshold=28.750000000000004 0.0007782154805874847 1.0004624396259378 -0.7217484125045438 -0.74512825849743647 31.050000000000004 13.506469434940906 0.99713837927718252 0.00033753816640886436 132.08700597038282 894.20000000000016 195.034122521169 0.00043997000000000003 0.96703963858831787 966.50000000000011 0.94189788821741838 173.7821946026215 862.50000000000011 -0.72694848937061807 162.50000000000003
decision_type=2 2 2 2 2 2 2 2 2 2 2 2 2 2 2 2 2 2 2 2
left_child=1 6 3 4 5 -2 16 10 12 -10 13 -12 -9 -8 18 -3 -1 -18 19 -5
right_child=2 15 -4 14 -6 -7 7 8 9 -11 11 -13 -14 -15 -16 -17 17 -19 -20 -21
leaf_value=-2.1245654174297515e-07 -8.630799073094942e-07 -4.4962329070585838e-07 2.1349231618924853e-06 -2.1441363021779126e-08 -3.660903402760596e-06 1.9858638084667379e-06 -3.925301609836763e-08 -1.2769257586063121e-07 9.1483247999235573e-07 -3.4757290691027293e-06 3.6176383299372599e-07 3.3811297969675384e-06 1.7931166306303007e-06 4.4480774216625805e-07 -8.5011902522256299e-07 -2.6130244668820525e-06 3.1571113368045191e-08 2.3888213624851624e-06 1.3347219808752133e-06 7.0910722741738636e-07
leaf_weight=23 32 20 22 125 25 31 5701 97 32 54 24 21 26 333 31 20 20 28 39 150
leaf_count=23 32 20 22 125 25 31 5701 97 32 54 24 21 26 333 31 20 20 28 39 150
internal_value=6.99191e-16 -1.85615e-08 2.61045e-07 1.65836e-07 -6.54311e-07 5.38781e-07 -9.04582e-09 -1.91085e-08 -5.94162e-07 -1.84203e-06 6.62213e-10 1.7708e-06 2.78332e-07 -1.2539e-08 3.75033e-07 -1.53132e-06 8.8214e-07 1.40663e-06 4.95987e-07 3.7704e-07
internal_weight=6854 6399 455 433 88 63 6359 6288 209 86 6079 45 123 6034 345 40 71 48 314 275
internal_count=6854 6399 455 433 88 63 6359 6288 209 86 6079 45 123 6034 345 40 71 48 314 275
is_linear=0
shrinkage=0.05


Tree=130
num_leaves=15
num_cat=0
split_feature=22 26 11 19 24 14 20 2 23 24 27 19 14 24
split_gain=1.35011e-08 1.86437e-08 2.63753e-08 5.64766e-08 9.27949e-08 7.66068e-08 8.54297e-08 7.74992e-08 4.51188e-08 7.62533e-08 1.16233e-07 4.05115e-08 4.02038e-08 3.26758e-08
threshold=1007.5000000000001 0.00079444517052480344 53.034375000000004 0.00043211000000000004 0.0005911899695674387 0.90892735371523092 0.00062312500000000009 133.50000000000003 911.50000000000011 0.00072006010827437852 66.166666666666671 0.00076474500000000016 0.81428061195174062 0.00054374036253356753
decision_type=2 2 2 2 2 2 2 2 2 2 2 2 2 2
left_child=1 2 8 4 -4 7 -7 -5 11 10 -10 13 -13 -1
right_child=-2 -3 3 5 -6 6 -8 -9 9 -11 -12 12 -14 -15
leaf_value=1.7480825341904905e-08 -1.1838260566795119e-06 -1.3587569746960072e-06 4.5987333453467726e-06 3.1763481440331513e-06 1.7166731685518183e-07 -4.1904659963165615e-06 8.8126785970286756e-08 2.3707160517579255e-07 -3.4255222706431392e-06 1.5938105570967309e-06 8.2661083752100243e-07 2.9612021421598913e-07 2.9952096052842208e-06 -4.3483649368478128e-07
leaf_weight=5764 24 25 20 24 29 20 28 342 45 20 25 37 22 429
leaf_count=5764 24 25 20 24 29 20 28 342 45 20 25 37 22 429
internal_value=6.56407e-16 4.15986e-09 9.1669e-09 3.73482e-07 1.97863e-06 1.835e-07 -1.69462e-06 4.29811e-07 -1.743e-08 -1.12897e-06 -1.9069e-06 -1.42903e-09 1.30256e-06 -1.3852e-08
internal_weight=6854 6830 6805 463 49 414 48 366 6342 90 70 6252 59 6193
internal_count=6854 6830 6805 463 49 414 48 366 6342 90 70 6252 59 6193
is_linear=0
shrinkage=0.05


Tree=131
num_leaves=29
num_cat=0
split_feature=15 15 14 6 1 23 15 11 23 23 15 2 21 15 26 6 20 26 14 18 14 6 23 20 21 11 16 7
split_gain=1.29526e-08 3.59513e-08 7.37642e-08 1.00625e-07 3.93994e-08 2.54291e-08 2.5249e-08 5.53803e-08 4.70691e-08 2.95175e-08 2.32565e-08 4.91375e-08 2.57981e-08 1.23245e-07 4.24975e-08 2.12335e-08 1.62626e-08 1.90711e-08 1.49795e-08 1.32446e-08 1.11505e-08 1.42057e-08 1.09081e-08 9.44375e-09 1.20818e-08 1.96365e-09 6.77117e-10 6.23971e-11
threshold=-0.97111920233974802 -0.9292178835113839 0.3342611484689354 0.00018581500000000001 770.30000000000007 1003.5000000000001 -0.99628250747696534 54.321875000000013 127.50000000000001 798.50000000000011 -0.90892157495189674 118.50000000000001 919.50000000000011 -0.83375966452616657 0.00046164350660397559 0.00056985000000000011 0.0007098400000000001 0.00044374303062393565 0.13398903995667991 0.00059756000000000013 0.16799745313369893 0.00047384500000000003 425.50000000000006 0.00070444500000000005 591.50000000000011 29.271875000000005 39.550000000000004 93.331494539954591
decision_type=2 2 2 2 2 2 2 2 2 2 2 2 2 2 2 2 2 2 2 2 2 2 2 2 2 2 2 2
left_child=6 2 4 -4 16 10 7 9 26 15 11 25 14 -14 -12 22 17 -2 23 -13 -20 -22 -1 24 -10 -3 27 -8
right_child=1 5 3 -5 -6 -7 8 -9 18 -11 12 19 13 -15 -16 -17 -18 -19 20 -21 21 -23 -24 -25 -26 -27 -28 -29
leaf_value=-1.3658017850972217e-07 -7.2437485605442808e-09 4.2933991861887549e-08 -2.188232271621998e-07 -4.8133986297216326e-06 -1.9275648498713113e-06 -1.6157931971368573e-06 3.7844947904375204e-08 -2.6554709117070682e-06 1.0261235379023977e-06 1.6871039505872433e-06 -4.4746457063096079e-08 2.843910469891853e-06 -3.5149909490428403e-06 5.3663431185668746e-08 3.3094682927798056e-07 -1.7145275472785215e-06 1.1652172570393306e-06 -1.240039331504603e-06 2.4311223910444827e-06 1.2309596096266823e-06 1.9362128373359156e-06 2.1439046705658572e-07 1.1041644054898825e-06 1.5479121889256931e-06 6.9192201372350121e-09 -5.1974019261713526e-07 -3.0514489022325194e-07 -5.5550276556459724e-08
leaf_weight=155 244 69 26 22 31 24 20 21 54 24 4574 20 30 125 901 20 25 36 24 35 25 23 20 25 63 20 29 169
leaf_count=155 244 69 26 22 31 24 20 21 54 24 4574 20 30 125 901 20 25 36 24 35 25 23 20 25 63 20 29 169
internal_value=-3.51232e-16 -2.26619e-08 -4.9119e-07 -2.32467e-06 -2.29265e-07 8.36864e-09 2.08476e-07 -2.02715e-07 4.36915e-07 3.24808e-08 1.51196e-08 6.42566e-07 -9.28775e-10 -6.37044e-07 1.708e-08 -1.71165e-07 -5.66507e-08 -1.65746e-07 9.6368e-07 1.81749e-06 1.55116e-06 1.11117e-06 5.2192e-09 6.65806e-07 4.77321e-07 -8.35096e-08 -8.01849e-08 -4.56672e-08
internal_weight=6854 6182 384 48 336 5798 672 240 432 219 5774 144 5630 155 5475 195 305 280 214 55 72 48 175 142 117 89 218 189
internal_count=6854 6182 384 48 336 5798 672 240 432 219 5774 144 5630 155 5475 195 305 280 214 55 72 48 175 142 117 89 218 189
is_linear=0
shrinkage=0.05


Tree=132
num_leaves=24
num_cat=0
split_feature=7 5 6 25 23 2 11 26 5 24 2 14 17 24 19 14 15 0 22 15 14 0 2
split_gain=1.25654e-08 2.5831e-08 3.24184e-08 2.25652e-08 5.50503e-08 7.89313e-08 3.44421e-08 2.06139e-08 1.02992e-07 1.01788e-07 9.41242e-08 4.99352e-08 4.82004e-08 4.6483e-08 1.49822e-07 9.88965e-08 4.15773e-08 3.72353e-08 5.55634e-08 4.49138e-08 1.63826e-08 5.11058e-08 1.75992e-08
threshold=14.833017467908734 17.050000000000004 0.00066491500000000008 0.00072429492301114397 773.50000000000011 158.50000000000003 55.209375000000001 0.00061271849382225462 12.65 0.00054763655243399384 138.50000000000003 1.0000000180025095e-35 0.92910410928154863 0.00054374036253356753 0.00034037000000000005 0.98802474685579866 0.063390085881955341 477.50000000000006 636.50000000000011 0.91936090643431534 0.55656748448714433 971.50000000000011 182.50000000000003
decision_type=2 2 2 2 2 2 2 2 2 2 2 2 2 2 2 2 2 2 2 2 2 2 2
left_child=1 2 -1 7 -5 -6 -7 13 9 11 -10 -9 -11 17 -15 -16 -12 18 -2 -19 21 22 -4
right_child=3 -3 20 4 5 6 -8 8 10 12 16 -13 -14 14 15 -17 -18 19 -20 -21 -22 -23 -24
leaf_value=1.9581166517517497e-06 -2.0055078790350444e-08 -1.2971477826795309e-06 1.700088863003657e-06 1.6216157996495895e-06 -3.7230249906391088e-06 -1.7639301161125333e-06 6.5185524695563245e-07 -1.8770326887947292e-07 4.412051418967167e-06 1.9779263589881387e-06 1.169765000824931e-06 -2.6479377708648665e-06 -1.4928462219307969e-07 -3.7489254967829655e-06 -4.3219206978701875e-07 2.9360994423531459e-06 -7.5030208660921615e-07 4.7591330529783706e-07 -2.4833028775269076e-06 -9.7640209573988811e-07 1.5316363877510803e-06 -1.9841099519908312e-06 1.3219213053436386e-07
leaf_weight=35 4945 20 25 20 24 25 36 33 20 38 145 55 89 33 415 23 35 648 23 58 21 25 63
leaf_count=35 4945 20 25 20 24 25 36 33 20 38 145 55 89 33 415 23 35 648 23 58 21 25 63
internal_value=-1.12847e-15 4.02027e-07 6.03113e-07 -1.14003e-08 -7.38588e-07 -1.29393e-06 -3.38221e-07 2.39127e-10 3.41302e-07 -4.184e-07 1.15798e-06 -1.72535e-06 4.87204e-07 -2.27944e-08 -5.00093e-07 -2.55318e-07 7.96419e-07 1.68263e-08 -3.1459e-08 3.56601e-07 2.49194e-07 1.08635e-08 5.77617e-07
internal_weight=6854 189 169 6665 105 85 61 6560 415 215 200 88 127 6145 471 438 180 5674 4968 706 134 113 88
internal_count=6854 189 169 6665 105 85 61 6560 415 215 200 88 127 6145 471 438 180 5674 4968 706 134 113 88
is_linear=0
shrinkage=0.05


Tree=133
num_leaves=21
num_cat=0
split_feature=17 4 0 16 24 25 7 26 23 0 3 1 14 13 5 22 1 8 3 20
split_gain=1.1895e-08 1.22378e-08 4.62363e-08 3.29946e-08 5.73535e-08 4.70975e-08 7.05617e-08 4.93707e-08 4.67234e-08 6.46426e-08 3.13945e-08 4.09499e-08 8.51918e-08 2.83261e-08 2.2638e-08 2.01479e-08 1.69257e-08 1.67295e-08 7.63157e-09 5.89982e-09
threshold=1.0253463389462343 1.0000000180025095e-35 997.50000000000011 651.18000000000018 0.00054134622679120426 0.00067495304033764853 19.329387770696005 0.00062660670358882277 868.00000000000011 807.50000000000011 30.250000000000004 593.25000000000011 0.39036257410962044 -0.9159756150367534 16.850000000000005 582.50000000000011 788.00000000000011 268.93644864340678 35.050000000000004 0.00046547500000000008
decision_type=2 2 2 2 2 2 2 2 2 2 2 2 2 2 2 2 2 2 2 2
left_child=1 3 10 15 8 7 -7 -6 9 -5 11 13 -13 -3 18 16 19 -17 -12 -1
right_child=-2 2 -4 4 5 6 -8 -9 -10 -11 14 12 -14 -15 -16 17 -18 -19 -20 -21
leaf_value=-4.0136257001376675e-08 -1.0674312580232045e-06 5.7107687444760958e-07 -2.4301842449858672e-06 1.2553329548024652e-06 1.1205151023595851e-07 3.9686867657488247e-07 -1.9606100652390944e-06 1.7902958144855319e-06 -6.475954722061163e-07 4.4785284967474587e-06 1.7611463149370096e-07 -9.2521701899575727e-07 6.268577800423507e-08 -8.8607067909493834e-09 1.7897161299121729e-06 -2.0973137489071241e-06 1.2543161953241603e-06 -7.6723185031823955e-08 1.2002863002180676e-06 6.3088657815810355e-07
leaf_weight=896 26 222 20 70 139 77 54 64 21 20 105 375 522 4084 35 21 27 20 22 34
leaf_count=896 26 222 20 70 139 77 54 64 21 20 105 375 522 4084 35 21 27 20 22 34
internal_value=-2.02124e-15 4.06462e-09 -3.05864e-08 1.33376e-07 4.91426e-07 1.64192e-07 -5.74916e-07 6.41153e-07 1.47608e-06 1.9716e-06 -2.1641e-08 -4.29834e-08 -3.50317e-07 2.10385e-08 6.63817e-07 -2.6276e-08 2.02242e-08 -1.11166e-06 3.5353e-07 -1.56042e-08
internal_weight=6854 6828 5385 1443 445 334 131 203 111 90 5365 5203 897 4306 162 998 957 41 127 930
internal_count=6854 6828 5385 1443 445 334 131 203 111 90 5365 5203 897 4306 162 998 957 41 127 930
is_linear=0
shrinkage=0.05


Tree=134
num_leaves=31
num_cat=0
split_feature=15 15 14 24 22 5 15 26 5 15 3 2 20 14 14 14 18 26 14 22 25 16 3 21 27 7 19 3 26 12
split_gain=1.19581e-08 3.24895e-08 6.81164e-08 1.29144e-07 8.84826e-08 3.08246e-08 9.89973e-08 4.72325e-08 2.94161e-08 2.30268e-08 6.30609e-08 5.83899e-08 9.31093e-08 5.51428e-08 1.53703e-07 6.99043e-08 4.13396e-08 2.66406e-08 1.7941e-08 3.16903e-08 1.56245e-08 1.3279e-08 8.07232e-09 2.00078e-08 7.59445e-09 1.05518e-08 6.96658e-09 6.44536e-09 1.16066e-08 6.8996e-09
threshold=-0.97111920233974802 -0.9292178835113839 0.25206111083856975 0.00021105205852884758 798.50000000000011 12.750000000000002 -0.99983123799342477 0.00025149481297264146 16.750000000000004 -0.72102888505294738 33.350000000000001 116.50000000000001 0.00043247000000000007 0.55656748448714433 0.51297097409535064 0.62587949062545845 0.0008074750000000001 0.00061271849382225462 0.13398903995667991 204.50000000000003 0.00023284315801039179 412.73500000000007 26.350000000000005 720.50000000000011 80.166666666666671 90.578040115936247 0.00060679000000000017 26.450000000000003 0.00059386013001965973 -0.25881904510252113
decision_type=2 2 2 2 2 2 2 2 2 2 2 2 2 2 2 2 2 2 2 2 2 2 2 2 2 2 2 2 2 2
left_child=5 2 8 24 -5 6 -1 -7 21 11 16 12 20 14 -13 -15 17 -11 22 -20 -3 -2 23 -8 25 -4 -24 28 -9 -29
right_child=1 9 3 4 -6 7 18 27 -10 10 -12 13 -14 15 -16 -17 -18 -19 19 -21 -22 -23 26 -25 -26 -27 -28 29 -30 -31
leaf_value=-3.3919355598213556e-06 -3.6575070907929335e-09 -1.4655154550784091e-08 -1.3635366158837316e-06 -4.4819049592002235e-06 -6.2329075044923847e-07 6.605121916888638e-08 -5.0724501047615946e-08 1.2464032992056673e-06 -1.7064995259374882e-06 -4.7542502523232882e-08 -2.8415915312507424e-06 6.9778725101338909e-07 -3.3425334328014633e-06 3.422841131258505e-06 -3.635543130671563e-06 5.1036118217477151e-07 -2.0558210185299687e-06 4.5214431581321538e-07 -6.886144997313786e-08 1.8245145395504109e-06 1.1351459895356509e-06 8.525860268073751e-07 -1.0482991423500745e-06 1.4927477927219868e-06 7.019990713767281e-07 -4.7806068792510819e-08 -5.5274040278163743e-08 4.7853545378405797e-07 2.8624097467400136e-06 1.6713881677787868e-06
leaf_weight=21 125 630 20 39 24 132 241 25 20 4389 20 293 21 38 22 45 25 284 51 39 31 71 33 23 21 64 38 22 20 27
leaf_count=21 125 630 20 39 24 132 241 25 20 4389 20 293 21 38 22 45 25 284 51 39 31 71 33 23 21 64 38 22 20 27
internal_value=8.6243e-16 -2.17745e-08 -4.67175e-07 -1.22227e-06 -3.01196e-06 2.00313e-07 -4.07449e-08 6.76028e-07 1.20122e-07 7.72423e-09 -3.99496e-08 2.15988e-07 -6.48628e-08 6.97246e-07 3.95142e-07 1.84379e-06 -2.80227e-08 -1.71742e-08 1.24843e-07 7.51601e-07 3.9269e-08 3.06512e-07 -4.35394e-08 8.37447e-08 -1.4846e-07 -3.61075e-07 -5.16821e-07 1.53259e-06 1.96463e-06 1.13582e-06
internal_weight=6854 6182 384 168 63 672 446 226 216 5798 4718 1080 682 398 315 83 4698 4673 425 90 661 196 335 264 105 84 71 94 45 49
internal_count=6854 6182 384 168 63 672 446 226 216 5798 4718 1080 682 398 315 83 4698 4673 425 90 661 196 335 264 105 84 71 94 45 49
is_linear=0
shrinkage=0.05


Tree=135
num_leaves=20
num_cat=0
split_feature=14 19 14 3 2 11 0 3 24 9 14 7 14 0 14 23 5 12 27
split_gain=1.17057e-08 1.90372e-08 1.32477e-08 9.72757e-08 1.91023e-07 6.11057e-08 4.42642e-08 5.09665e-08 3.79471e-08 2.79013e-08 2.32777e-08 5.46204e-08 3.60296e-08 6.98639e-08 1.82235e-08 4.29769e-08 1.68797e-08 1.0536e-09 1.26375e-10
threshold=-0.99940763397299126 0.00015806500000000001 -0.95754239937548935 24.850000000000005 144.50000000000003 49.98125000000001 636.50000000000011 23.550000000000004 0.00053819545319581529 40.220019763291901 -0.94975917145599731 59.859752587570377 -0.93879691571722779 227.50000000000003 -0.91289842852956904 454.00000000000006 13.050000000000002 0.60355339059327384 2.5000000000000004
decision_type=2 2 2 2 2 2 2 2 2 2 2 2 2 2 2 2 2 2 2
left_child=1 18 3 6 5 -5 7 9 -8 -2 11 -4 13 -12 15 -14 -16 -13 -1
right_child=2 -3 10 4 -6 -7 8 -9 -10 -11 12 17 14 -15 16 -17 -18 -19 -20
leaf_value=9.2840383558723263e-08 -7.4232336515268817e-08 1.4373615933038764e-06 3.1306256319396654e-06 -1.2742261956840855e-06 -4.3906609125070439e-06 1.9258120879875114e-06 3.1716564299699716e-06 -2.0949271778765896e-06 9.1594147306750543e-08 1.3474552904856841e-06 1.4042902876099106e-07 -1.2927343959745485e-07 5.453322765829195e-09 -3.3054099039494157e-06 -4.8505240036936963e-08 2.3094758348477248e-06 1.3803896554572124e-07 3.2941645063796651e-07 -6.1748816940566124e-08
leaf_weight=20 513 37 20 35 39 26 20 30 20 37 38 31 67 24 4083 29 1725 21 39
leaf_count=20 513 37 20 35 39 26 20 30 20 37 38 31 67 24 4083 29 1725 21 39
internal_value=-4.16863e-16 5.48239e-07 -7.78795e-09 -2.10515e-07 -1.65763e-06 8.97245e-08 2.28901e-08 -8.80572e-08 1.63163e-06 2.14085e-08 1.63862e-08 9.10039e-07 5.60123e-09 -1.19344e-06 1.81928e-08 7.0146e-07 6.89916e-09 5.59667e-08 -9.3457e-09
internal_weight=6854 96 6758 720 100 61 620 580 40 550 6038 72 5966 62 5904 96 5808 52 59
internal_count=6854 96 6758 720 100 61 620 580 40 550 6038 72 5966 62 5904 96 5808 52 59
is_linear=0
shrinkage=0.05


Tree=136
num_leaves=15
num_cat=0
split_feature=22 26 11 19 24 0 17 22 16 5 4 20 3 9
split_gain=1.15829e-08 1.65834e-08 2.0303e-08 5.00782e-08 7.864e-08 4.13269e-08 8.17287e-08 3.95672e-08 5.19735e-08 8.39058e-08 4.55337e-08 4.61354e-08 3.84009e-08 3.53427e-08
threshold=1007.5000000000001 0.00079444517052480344 53.034375000000004 0.00043211000000000004 0.0005911899695674387 971.50000000000011 0.98655637481223546 872.50000000000011 949.15000000000009 14.15 5.5000000000000009 0.00053592000000000017 25.250000000000004 60.704153694964042
decision_type=2 2 2 2 2 2 2 2 2 2 2 2 2 2
left_child=1 2 7 4 -4 12 -7 8 13 -10 -9 -12 -5 -1
right_child=-2 -3 3 5 -6 6 -8 10 9 -11 11 -13 -14 -15
leaf_value=6.1427279038854536e-09 -1.0965083542184098e-06 -1.2815541899726669e-06 4.2517093064020628e-06 2.0818317003776712e-06 1.7625669219624201e-07 -3.4815031788391275e-06 5.5989793869731994e-07 -2.6923863683033949e-06 2.2211411466405876e-07 4.1013307657067343e-06 1.5441567850006245e-06 -1.0836780353569055e-06 1.8503035858615531e-07 -7.6339891101198704e-07
leaf_weight=6011 24 25 20 29 29 22 29 28 46 20 23 61 334 153
leaf_count=6011 24 25 20 29 29 22 29 28 46 20 23 61 334 153
internal_value=7.84235e-17 3.85303e-09 8.57532e-09 3.28214e-07 1.83971e-06 1.49317e-07 -1.18345e-06 -1.476e-08 1.9852e-09 1.39763e-06 -9.4621e-07 -3.64152e-07 3.36565e-07 -1.29585e-08
internal_weight=6854 6830 6805 463 49 414 51 6342 6230 66 112 84 363 6164
internal_count=6854 6830 6805 463 49 414 51 6342 6230 66 112 84 363 6164
is_linear=0
shrinkage=0.05


Tree=137
num_leaves=23
num_cat=0
split_feature=14 21 17 6 14 11 1 0 1 24 14 6 14 6 25 27 18 22 9 14 5 12
split_gain=1.13352e-08 3.51544e-08 2.02932e-08 4.13999e-08 1.96672e-08 8.84813e-08 9.58626e-08 4.42415e-08 4.4384e-08 3.05875e-08 2.06698e-08 5.06841e-08 3.2806e-08 7.16792e-08 1.95795e-08 9.8207e-09 4.18486e-09 1.8577e-09 3.54735e-10 1.44441e-11 2.16099e-12 2.05769e-13
threshold=-0.99763297024448894 451.50000000000006 1.0133872625401985 0.00021762000000000002 -0.95754239937548935 46.296875000000007 767.50000000000011 636.50000000000011 568.50000000000011 0.00060242761538265618 -0.94975917145599731 0.00016605000000000002 -0.93879691571722779 0.00030492000000000008 0.00027736151098101651 0.50000000000000011 0.00015806500000000001 30.500000000000004 -11.695355212062511 -0.99940763397299126 11.750000000000002 0.60355339059327384
decision_type=2 2 2 2 2 2 2 2 2 2 2 2 2 2 2 2 2 2 2 2 2 2
left_child=1 16 4 -4 5 7 -7 8 -2 -8 11 18 13 -12 -14 -3 17 19 -6 21 -21 -1
right_child=2 15 3 -5 10 6 9 -9 -10 -11 12 -13 14 -15 -16 -17 -18 -19 -20 20 -22 -23
leaf_value=-3.5005555076850217e-08 -1.6731767566773097e-08 5.8116138120567488e-07 3.8435767128644135e-07 -2.6862370066824261e-06 -5.990975635583596e-08 -4.2173456888251947e-06 -1.7854737916422892e-06 2.0372048237978411e-06 -1.6418343266344022e-06 9.7982495390169803e-07 1.3046118681359077e-07 3.005132309681358e-06 -3.4453814052087946e-08 -3.4227493539550445e-06 1.6433910835721544e-07 1.9774771955132351e-06 -6.943725939631155e-07 5.1095835956971308e-07 2.0852199398291307e-07 1.2450724281879131e-08 -8.6598935561605015e-09 -4.1645839843340585e-08
leaf_weight=28 485 20 23 21 32 28 20 24 46 20 40 20 4083 22 1778 34 21 20 20 22 27 20
leaf_count=28 485 20 23 21 32 28 20 24 46 20 40 20 4083 22 1778 34 21 20 20 22 27 20
internal_value=-1.22086e-15 3.78759e-07 -1.09159e-08 -1.08115e-06 -3.8004e-09 -2.7118e-07 -1.97351e-06 -6.26061e-08 -1.57513e-07 -4.02824e-07 2.39856e-08 8.66055e-07 1.37494e-08 -1.13036e-06 2.58522e-08 1.46032e-06 -4.44611e-08 7.21897e-08 4.33332e-08 -1.82781e-08 8.18343e-10 -3.77723e-08
internal_weight=6854 192 6662 44 6618 623 68 555 531 40 5995 72 5923 62 5861 54 138 117 52 97 49 48
internal_count=6854 192 6662 44 6618 623 68 555 531 40 5995 72 5923 62 5861 54 138 117 52 97 49 48
is_linear=0
shrinkage=0.05


Tree=138
num_leaves=27
num_cat=0
split_feature=15 14 23 23 3 15 17 15 0 20 26 17 5 26 22 2 6 26 14 14 22 5 23 5 4 11
split_gain=1.09952e-08 5.17926e-08 2.16063e-07 5.46462e-08 3.32535e-08 2.69722e-08 8.86231e-08 6.92772e-08 9.52288e-08 2.37083e-08 2.20448e-08 1.47671e-08 3.0182e-08 3.54522e-08 1.93807e-08 1.87835e-08 1.19236e-08 1.99518e-08 1.12908e-08 8.86951e-09 8.1416e-09 5.98537e-09 3.2184e-09 1.08021e-09 1.60907e-10 3.93559e-11
threshold=0.91936090643431534 0.30164402523644185 454.00000000000006 340.50000000000006 20.750000000000004 0.63255009372278048 0.91235872504674465 0.60553543375389329 133.50000000000003 0.00053299000000000011 0.00053731291720059344 1.0031820279793846 7.4500000000000011 0.0002313365284891005 1003.5000000000001 285.50000000000006 0.00055833000000000011 0.00042801999650515972 0.23537774960157334 0.46039464932087154 196.50000000000003 11.850000000000003 65.500000000000014 18.850000000000005 9.5000000000000018 18.706250000000001
decision_type=2 2 2 2 2 2 2 2 2 2 2 2 2 2 2 2 2 2 2 2 2 2 2 2 2 2
left_child=5 3 20 4 22 7 10 11 -9 19 16 14 -13 -14 15 -1 17 -7 -5 -8 23 -21 25 24 -3 -2
right_child=1 2 -4 18 -6 6 9 8 -10 -11 -12 12 13 -15 -16 -17 -18 -19 -20 21 -22 -23 -24 -25 -26 -27
leaf_value=-1.9223372780530537e-08 -4.4716734481373917e-08 5.7889809906577113e-08 -5.4518995773872557e-06 9.4230294427027111e-07 -2.0335863640949274e-06 -3.925103707810246e-08 2.0267940180929143e-06 -2.8755293409890982e-08 -4.5460746092373938e-06 2.655807793416898e-06 1.6336303263285247e-06 -1.0479331348278719e-06 -2.5690935918130607e-07 2.1266690195121693e-06 -1.3255489753711509e-06 6.6551230469160852e-07 -1.2157455407191264e-06 1.4678353192310999e-06 2.4202157211069183e-06 4.7129190449574478e-07 -1.0352395776180856e-06 1.4441862467720059e-06 5.7065419275155926e-07 3.3712748497485094e-07 -1.0440289651850573e-07 -1.2038677994041793e-07
leaf_weight=5535 122 21 23 28 22 486 20 28 20 34 21 20 26 39 28 102 20 23 24 43 22 25 24 22 56 20
leaf_count=5535 122 21 23 28 22 486 20 28 20 34 21 20 26 39 28 102 20 23 24 43 22 25 24 22 56 20
internal_value=-1.2308e-16 -2.59947e-07 -1.0096e-06 1.89847e-07 -2.06949e-07 1.54281e-08 3.15296e-07 -1.93272e-08 -1.91097e-06 1.53446e-06 4.48646e-08 -3.53612e-09 6.50609e-07 1.17324e-06 -1.33512e-08 -6.83326e-09 -1.82055e-08 2.88491e-08 1.62442e-06 1.10121e-06 -1.65201e-07 8.28974e-07 3.51357e-08 2.81407e-08 -6.01412e-08 -5.53745e-08
internal_weight=6854 384 144 240 188 6470 672 5798 48 122 550 5750 85 65 5665 5637 529 509 52 88 121 68 166 99 77 142
internal_count=6854 384 144 240 188 6470 672 5798 48 122 550 5750 85 65 5665 5637 529 509 52 88 121 68 166 99 77 142
is_linear=0
shrinkage=0.05


Tree=139
num_leaves=31
num_cat=0
split_feature=15 15 5 17 5 15 26 11 25 14 15 26 26 5 18 26 24 14 0 26 24 26 14 15 14 6 7 8 15 14
split_gain=1.09003e-08 3.00196e-08 8.4841e-08 1.29863e-07 2.71286e-08 8.89338e-08 4.25083e-08 1.59327e-08 5.44935e-08 1.13029e-07 1.88575e-07 1.27242e-07 5.16239e-08 4.55886e-08 5.67296e-08 3.23242e-08 2.84729e-08 1.57652e-08 2.77196e-08 1.08814e-08 5.91947e-09 8.66615e-09 5.51483e-09 5.30556e-09 3.67697e-09 2.64461e-09 3.77691e-10 2.8634e-10 1.14198e-10 5.32747e-11
threshold=-0.97111920233974802 -0.9575230291762723 14.450000000000001 0.95365572309673519 12.750000000000002 -0.99983123799342477 0.00025149481297264146 53.034375000000004 0.00037730890283555152 0.90892735371523092 -0.23537842981696178 0.00038711936567417481 0.00069681105718388044 12.750000000000002 0.00064333500000000009 0.0006865855857647597 0.00054374036253356753 0.13398903995667991 222.50000000000003 0.00040160075427799375 0.00044324168736631673 0.00062660670358882277 -0.21966676340184951 -0.99628250747696534 0.25206111083856975 5.9025000000000005e-05 104.83377298048003 74.132123850784481 -0.99938741687870725 0.15101559051660998
decision_type=2 2 2 2 2 2 2 2 2 2 2 2 2 2 2 2 2 2 2 2 2 2 2 2 2 2 2 2 2 2
left_child=4 2 19 -4 5 -1 25 12 -9 11 -11 -10 15 14 -14 16 -3 22 27 24 -8 -22 -7 -24 26 28 -2 -19 -6 -30
right_child=1 7 3 -5 6 17 20 8 9 10 -12 -13 13 -15 -16 -17 -18 18 -20 -21 21 -23 23 -25 -26 -27 -28 -29 29 -31
leaf_value=-3.2111923996494408e-06 2.5808245303388894e-07 1.6052144499347475e-08 -2.6219716261266511e-07 -5.3887676369326772e-06 4.3919907049147981e-08 -7.829765828620586e-07 2.109308267108645e-06 2.1055486674987678e-06 3.5323268288002216e-06 -5.6925815724320097e-06 3.3363003975704061e-07 1.4198719398230196e-07 -4.2035915265885361e-06 2.8413662513620304e-07 -7.3858716405084128e-07 1.7516148887991153e-06 -4.2185993309562516e-07 -1.7755984022084127e-07 1.7360598438867066e-06 1.0100811314933473e-06 5.9090224120213426e-07 1.7174121826189405e-06 -1.8689802101626367e-07 2.254733560063799e-07 -6.5936854593928725e-07 5.5930152346273982e-07 -4.5520200160353856e-08 5.992762472336229e-08 -4.8486886731512118e-08 -1.4252264278979966e-07
leaf_weight=21 21 5154 30 21 29 23 25 38 31 21 34 258 21 28 27 26 400 22 38 27 31 38 156 156 25 22 20 30 61 20
leaf_count=21 21 5154 30 21 29 23 25 38 31 21 34 258 21 28 27 26 400 22 38 27 31 38 156 156 25 22 20 30 61 20
internal_value=7.27123e-16 -2.07892e-08 -7.34255e-07 -2.37314e-06 1.91248e-07 -3.48968e-08 6.37533e-07 -3.77373e-09 3.08756e-07 1.10273e-07 -1.96729e-06 5.05657e-07 -2.48817e-08 -1.31923e-06 -2.25453e-06 -7.25255e-09 -1.54864e-08 1.2205e-07 7.09575e-07 1.64487e-07 1.45013e-06 1.2113e-06 -3.57932e-08 1.92877e-08 -1.81438e-07 5.88648e-08 1.09984e-07 -4.05478e-08 -4.12225e-08 -7.17056e-08
internal_weight=6854 6182 144 51 672 446 226 6038 382 344 55 289 5656 76 48 5580 5554 425 90 93 94 69 335 312 66 132 41 52 110 81
internal_count=6854 6182 144 51 672 446 226 6038 382 344 55 289 5656 76 48 5580 5554 425 90 93 94 69 335 312 66 132 41 52 110 81
is_linear=0
shrinkage=0.05


Tree=140
num_leaves=11
num_cat=0
split_feature=21 22 2 3 1 2 20 15 0 11
split_gain=1.22674e-08 1.15171e-08 1.34207e-08 2.38541e-08 3.36818e-08 1.9432e-08 1.37938e-08 6.28668e-08 4.27092e-08 1.08194e-08
threshold=1007.5000000000001 1007.5000000000001 285.50000000000006 20.850000000000005 411.25000000000006 277.50000000000006 0.00061910500000000011 -0.99938741687870725 766.50000000000011 37.02812500000001
decision_type=2 2 2 2 2 2 2 2 2 2
left_child=1 2 5 9 -5 6 8 -8 -1 -4
right_child=-2 -3 3 4 -6 -7 7 -9 -10 -11
leaf_value=4.5298471239388393e-09 -1.1284405256143752e-06 -1.1941271429805056e-06 7.6337705196245277e-07 -1.0960040416168542e-06 1.2929707626199161e-06 -1.4217725928726093e-06 -2.5725963200784466e-06 2.656766202582217e-07 -6.7792961867657156e-07 2.2550072151261702e-06
leaf_weight=5619 24 20 31 36 25 24 20 796 239 20
leaf_count=5619 24 20 31 36 25 24 20 796 239 20
internal_value=-8.42276e-16 3.96524e-09 7.48386e-09 5.50294e-07 -1.16916e-07 -1.59269e-09 3.51434e-09 1.96111e-07 -2.33138e-08 1.34833e-06
internal_weight=6854 6830 6810 112 61 6698 6674 816 5858 51
internal_count=6854 6830 6810 112 61 6698 6674 816 5858 51
is_linear=0
shrinkage=0.05


Tree=141
num_leaves=17
num_cat=0
split_feature=21 15 3 18 14 3 14 0 17 26 14 25 14 11 3 21
split_gain=1.10713e-08 1.12061e-08 5.85167e-08 4.99538e-08 4.84601e-08 9.98563e-08 9.5854e-08 1.04724e-07 2.8524e-08 5.14852e-08 2.83495e-08 6.45232e-08 4.14187e-08 2.67434e-08 2.1243e-08 4.63539e-09
threshold=1007.5000000000001 -0.72102888505294738 33.350000000000001 0.00079810500000000013 0.55656748448714433 21.650000000000002 0.52766072109828632 176.50000000000003 0.96593365067163883 0.00063365167530476691 0.48314048284850658 0.00013848318683183441 0.25206111083856975 52.725000000000009 19.050000000000004 331.50000000000006
decision_type=2 2 2 2 2 2 2 2 2 2 2 2 2 2 2 2
left_child=1 4 3 8 6 14 10 -8 13 -10 12 -12 -1 -3 15 -6
right_child=-2 2 -4 -5 5 -7 7 -9 9 -11 11 -13 -14 -15 -16 -17
leaf_value=1.4701028065177205e-07 -1.0720185305975368e-06 -7.0639251831054437e-08 -2.7380157007428353e-06 -2.0281794700020974e-06 5.4961920140390542e-09 3.3262718778298062e-06 -6.473041646396874e-08 -4.9636330618341163e-06 1.4887919202591863e-07 1.7069845827356567e-06 -8.2814085421096428e-08 3.0334090000066611e-06 -4.7115435213814858e-07 8.8200869966688819e-07 1.4248743139576523e-06 7.7102479923743654e-07
leaf_weight=1436 24 4155 20 31 141 33 24 20 366 62 46 26 334 75 38 23
leaf_count=1436 24 4155 20 31 141 33 24 20 366 62 46 26 334 75 38 23
internal_value=1.17424e-16 3.76698e-09 -3.92156e-08 -2.77045e-08 9.91961e-08 7.76258e-07 1.48326e-08 -2.2915e-06 -1.43909e-08 3.74586e-07 6.99242e-08 1.04249e-06 3.03623e-08 -5.37483e-08 3.59672e-07 1.12857e-07
internal_weight=6854 6830 4709 4689 2121 235 1886 44 4658 428 1842 72 1770 4230 202 164
internal_count=6854 6830 4709 4689 2121 235 1886 44 4658 428 1842 72 1770 4230 202 164
is_linear=0
shrinkage=0.05


Tree=142
num_leaves=23
num_cat=0
split_feature=24 14 14 14 14 26 14 14 15 11 3 25 25 25 18 1 15 1 2 16 26 0
split_gain=1.07909e-08 5.13501e-08 8.71927e-08 7.05237e-08 5.51126e-08 1.2401e-07 8.38185e-08 2.14559e-07 9.11538e-08 5.43351e-08 1.4313e-07 4.6103e-08 3.90257e-08 3.56127e-08 1.54442e-07 5.65587e-08 5.14148e-08 3.34711e-08 2.84207e-08 2.66852e-08 7.35855e-08 2.84811e-08
threshold=0.00054374036253356753 0.91596454896554913 0.86113431103781346 0.94138322595482449 0.77244481603295057 0.00057526240997463963 0.55656748448714433 0.49065764355977465 -0.77788789561442695 48.346875000000004 27.750000000000004 0.00056351040490734228 0.00069466358981070959 0.00063049318500310234 0.00049046000000000018 894.20000000000016 -0.30982845708428081 711.45000000000016 184.50000000000003 928.56000000000006 0.00068954845129393083 802.50000000000011
decision_type=2 2 2 2 2 2 2 2 2 2 2 2 2 2 2 2 2 2 2 2 2 2
left_child=12 2 4 -3 6 -6 7 -2 -8 18 11 -11 13 15 -15 19 -16 -14 -5 21 -21 -1
right_child=1 3 -4 9 5 -7 8 -9 -10 10 -12 -13 17 14 16 -17 -18 -19 -20 20 -22 -23
leaf_value=1.3269117559432767e-08 -2.925598929406734e-08 -3.4530475331848723e-06 2.7883113072372608e-06 -5.1642610049471157e-07 -4.090998551147935e-06 9.4918866481115731e-07 3.5580116957589782e-06 -5.0544360371289222e-06 3.0621428345167456e-07 3.9827511193379912e-06 -2.4262431688165868e-06 5.877920136754256e-07 1.2469821276302657e-07 -3.5406277727036336e-06 -8.0949970614104447e-07 2.4504949392915403e-06 2.4633311767274791e-06 2.7653700035064808e-06 -3.0351380951347081e-06 2.0106993396635232e-06 -1.4489412852082172e-06 -1.7128183685599653e-06
leaf_weight=5653 616 25 27 21 26 23 32 22 66 20 27 20 24 35 24 24 24 24 24 51 22 24
leaf_count=5653 616 25 27 21 26 23 32 22 66 20 27 20 24 35 24 24 24 24 24 51 22 24
internal_value=1.65526e-16 -1.56496e-07 -5.42239e-09 -1.05191e-06 -1.01513e-07 -1.7252e-06 6.58592e-09 -2.02538e-07 1.36803e-06 -5.15946e-07 3.86601e-07 2.28527e-06 2.51507e-08 1.35143e-08 -1.01482e-06 2.82964e-08 8.26916e-07 1.44503e-06 -1.85974e-06 1.81864e-08 9.68068e-07 5.97194e-09
internal_weight=6854 949 812 137 785 49 736 638 98 112 67 40 5905 5857 83 5774 48 48 45 5750 73 5677
internal_count=6854 949 812 137 785 49 736 638 98 112 67 40 5905 5857 83 5774 48 48 45 5750 73 5677
is_linear=0
shrinkage=0.05


Tree=143
num_leaves=23
num_cat=0
split_feature=14 21 17 13 14 3 27 19 17 17 14 7 14 6 25 27 18 22 8 14 5 27
split_gain=9.90346e-09 3.07117e-08 1.74505e-08 3.85207e-08 1.74837e-08 1.72285e-07 1.40927e-07 1.01289e-07 4.59066e-08 6.43854e-08 1.86722e-08 4.6211e-08 2.92404e-08 6.4285e-08 1.64802e-08 8.59195e-09 3.83298e-09 1.63118e-09 7.3976e-10 1.2877e-11 2.03016e-12 1.57524e-13
threshold=-0.99763297024448894 451.50000000000006 1.0133872625401985 -0.3794095225512602 -0.95754239937548935 24.850000000000005 0.50000000000000011 0.00048967500000000007 0.93422856074854277 0.91235872504674465 -0.94975917145599731 59.859752587570377 -0.93879691571722779 0.00030492000000000008 0.00027736151098101651 0.50000000000000011 0.00015806500000000001 30.500000000000004 236.17242991056216 -0.99940763397299126 11.750000000000002 5.166666666666667
decision_type=2 2 2 2 2 2 2 2 2 2 2 2 2 2 2 2 2 2 2 2 2 2
left_child=1 16 4 -4 5 8 -7 -8 9 -2 11 -6 13 -12 -14 -3 17 19 -13 21 -21 -1
right_child=2 15 3 -5 10 6 7 -9 -10 -11 12 18 14 -15 -16 -17 -18 -19 -20 20 -22 -23
leaf_value=-3.647226677117033e-08 4.1949576197926797e-08 5.426216876003309e-07 -2.4820710440177541e-06 4.7676286850549911e-07 2.8654459026711266e-06 8.9516429511604658e-07 -1.3827688744783018e-06 -6.0416025657364771e-06 1.7368107573683784e-06 -2.5111006572422833e-06 1.2673869520085646e-07 2.1882968273648323e-07 -3.1037090019130349e-08 -3.2382171143167812e-06 1.5134472429315841e-07 1.8486675316734471e-06 -6.6353064496416624e-07 4.8124531389248663e-07 -1.586254651329e-07 1.4628763654979017e-08 -5.8328380676871188e-09 -3.0662349104204623e-08
leaf_weight=20 492 20 22 22 20 20 20 28 37 26 40 27 4083 22 1778 34 21 20 25 22 27 28
leaf_count=20 492 20 22 22 20 20 20 28 37 26 40 27 4083 22 1778 34 21 20 25 22 27 28
internal_value=1.77364e-15 3.54033e-07 -1.02033e-08 -1.00265e-06 -3.60493e-09 -2.55705e-07 -2.63113e-06 -4.10042e-06 3.5338e-08 -8.61958e-08 2.25933e-08 8.2294e-07 1.28643e-08 -1.06728e-06 2.42905e-08 1.36495e-06 -4.15426e-08 7.00963e-08 3.73609e-08 -1.46768e-08 3.354e-09 -3.30831e-08
internal_weight=6854 192 6662 44 6618 623 68 48 555 518 5995 72 5923 62 5861 54 138 117 52 97 49 48
internal_count=6854 192 6662 44 6618 623 68 48 555 518 5995 72 5923 62 5861 54 138 117 52 97 49 48
is_linear=0
shrinkage=0.05


Tree=144
num_leaves=30
num_cat=0
split_feature=15 14 23 23 25 15 17 15 0 20 26 6 25 17 5 26 1 3 1 6 7 7 14 17 14 5 25 11 11
split_gain=9.88439e-09 4.65275e-08 1.95429e-07 4.84302e-08 3.32272e-08 2.48457e-08 8.00391e-08 5.90695e-08 8.14037e-08 2.04155e-08 1.98874e-08 2.36655e-08 1.47463e-08 1.33069e-08 2.62465e-08 3.12309e-08 1.34903e-08 3.59148e-08 1.75968e-08 1.16536e-08 1.07375e-08 1.05104e-08 1.04544e-08 6.81164e-09 4.91918e-09 2.52515e-09 2.28114e-09 2.87821e-10 1.7653e-11
threshold=0.91936090643431534 0.30164402523644185 454.00000000000006 340.50000000000006 0.00012321113000213072 0.63255009372278048 0.91235872504674465 0.60553543375389329 133.50000000000003 0.00034717500000000008 0.00046494800223604004 0.00060788500000000017 0.00043083862498527475 1.0031820279793846 7.4500000000000011 0.0002313365284891005 915.50000000000011 28.050000000000004 867.85000000000002 0.00049615500000000019 46.284984815051622 62.286836437347731 0.23537774960157334 0.64309876914598363 0.49065764355977465 18.850000000000005 1.8725235927594661e-06 14.509375000000002 19.303125000000005
decision_type=2 2 2 2 2 2 2 2 2 2 2 2 2 2 2 2 2 2 2 2 2 2 2 2 2 2 2 2 2
left_child=5 3 23 4 26 7 10 13 -9 24 19 -12 -11 16 -15 -16 18 -18 -1 21 -14 -7 -5 25 -8 27 28 -3 -2
right_child=1 2 -4 22 -6 6 9 8 -10 12 11 -13 20 14 15 -17 17 -19 -20 -21 -22 -23 -24 -25 -26 -27 -28 -29 -30
leaf_value=-1.8235189073326545e-08 -3.8900328791502403e-08 -4.0488143525863055e-08 -5.1818605950005732e-06 8.7400530130058285e-07 -2.1202332902703347e-06 1.1227045895978448e-06 1.241436877953381e-06 -2.5225050340590574e-08 -4.2017859044563016e-06 3.1370907353530954e-06 1.9986976915923287e-06 -2.1048931648176056e-07 2.3446577051799979e-06 -9.6712216304695173e-07 -2.3812470370916555e-07 1.9990510891031406e-06 5.6977722522333358e-07 -2.4266698494557209e-06 6.8656770543561335e-07 -1.2312001030068131e-06 7.0625324497086697e-07 -4.8106000441081046e-08 2.2961253032841951e-06 -8.5390574302979668e-07 3.3547023635633356e-07 4.8971221815463657e-07 5.3684977018519931e-07 -2.6491796099037403e-07 1.1611111574438838e-08
leaf_weight=5535 128 50 23 28 20 20 31 28 20 22 27 22 20 20 26 39 20 20 90 20 20 461 24 27 29 24 20 20 20
leaf_count=5535 128 50 23 28 20 20 31 28 20 22 27 22 20 20 26 39 20 20 90 20 20 461 24 27 29 24 20 20 20
internal_value=-1.17512e-15 -2.46467e-07 -9.56999e-07 1.79852e-07 -1.93695e-07 1.4628e-08 3.02433e-07 -1.87291e-08 -1.76546e-06 1.46104e-06 4.54314e-08 1.00682e-06 2.09733e-06 -4.14769e-09 6.16815e-07 1.10418e-06 -1.34649e-08 -9.28446e-07 -6.95834e-09 -4.85964e-08 1.52546e-06 5.76353e-10 1.53037e-06 -1.53927e-07 8.03553e-07 4.71311e-08 3.56546e-08 -1.04611e-07 -3.20745e-08
internal_weight=6854 384 144 240 188 6470 672 5798 48 122 550 49 62 5750 85 65 5665 40 5625 501 40 481 52 121 60 94 168 70 148
internal_count=6854 384 144 240 188 6470 672 5798 48 122 550 49 62 5750 85 65 5665 40 5625 501 40 481 52 121 60 94 168 70 148
is_linear=0
shrinkage=0.05


Tree=145
num_leaves=25
num_cat=0
split_feature=24 15 15 21 2 20 15 5 15 3 3 25 25 16 16 22 25 0 16 23 1 3 2 15
split_gain=1.0509e-08 4.02147e-08 8.1278e-08 7.32648e-08 7.81467e-08 4.53082e-08 6.73672e-08 9.94877e-08 4.64381e-08 1.19439e-07 1.15328e-07 3.5446e-08 3.15532e-08 1.28205e-07 5.45652e-08 4.99016e-08 6.52817e-08 5.34421e-08 4.17053e-08 3.43751e-08 3.0783e-08 3.03171e-08 2.18217e-08 1.53966e-08
threshold=0.00054374036253356753 0.63255009372278048 0.063390085881955341 784.50000000000011 158.50000000000003 0.00044676500000000006 -0.70900320270980455 13.850000000000003 -0.82899557272681157 33.45000000000001 22.950000000000003 0.00069466358981070959 0.00063049318500310234 928.56000000000006 805.54500000000019 808.50000000000011 0.00053523255773279112 802.50000000000011 957.75000000000011 586.50000000000011 711.45000000000016 23.850000000000005 179.50000000000003 0.74441084628863963
decision_type=2 2 2 2 2 2 2 2 2 2 2 2 2 2 2 2 2 2 2 2 2 2 2 2
left_child=11 2 5 4 -4 6 22 -8 10 -10 -7 12 15 14 -14 17 18 19 -17 -1 -13 -5 -2 -3
right_child=1 23 3 21 -6 8 7 -9 9 -11 -12 20 13 -15 -16 16 -18 -19 -20 -21 -22 -23 -24 -25
leaf_value=-1.4745495016758811e-08 7.7029274174427492e-07 2.1763417724128965e-06 -4.8158187018998434e-06 -1.2653334622536068e-06 -1.1556852911910808e-06 -3.3867037148281401e-06 -6.6712001379026586e-07 -4.4403193733160157e-06 7.7147341591723214e-07 -2.9584957355441674e-06 -1.1292522668544365e-08 1.118078377733885e-07 -1.2010702007638898e-06 -4.3307416750134767e-06 1.771744917215105e-06 1.1398596221567915e-06 -4.2395455198750238e-07 -2.1309331573163567e-06 4.1108038344429498e-06 4.4591538656818393e-07 2.6442240918337729e-06 1.4547444209256355e-06 -1.0317280621544947e-06 4.1590220036966831e-07
leaf_weight=5224 56 23 25 21 35 28 58 25 321 23 263 24 33 21 29 27 34 29 21 439 24 20 24 27
leaf_count=5224 56 23 25 21 35 28 58 25 321 23 263 24 33 21 29 27 34 29 21 439 24 20 24 27
internal_value=-7.27662e-16 -1.54439e-07 -2.31199e-07 -1.56754e-06 -2.68074e-06 -6.20628e-08 -8.05681e-07 -1.80363e-06 1.28819e-07 5.22086e-07 -3.36074e-07 2.48201e-08 1.37302e-08 -9.5422e-07 1.8944e-07 2.76443e-08 1.2523e-06 1.00016e-08 2.43965e-06 2.09653e-08 1.37802e-06 6.15338e-08 2.29687e-07 1.2257e-06
internal_weight=6854 949 899 101 60 798 163 83 635 344 291 5905 5857 83 62 5774 82 5692 48 5663 48 41 80 50
internal_count=6854 949 899 101 60 798 163 83 635 344 291 5905 5857 83 62 5774 82 5692 48 5663 48 41 80 50
is_linear=0
shrinkage=0.05


Tree=146
num_leaves=16
num_cat=0
split_feature=21 22 7 25 27 14 20 4 4 22 11 14 5 16 19
split_gain=9.88174e-09 1.15198e-08 1.17865e-08 2.2869e-08 4.56908e-08 5.23547e-08 3.37862e-08 4.03339e-08 2.72085e-08 2.32689e-08 2.22609e-08 4.79215e-08 2.98829e-08 1.76095e-08 1.4999e-08
threshold=1007.5000000000001 1007.5000000000001 14.833017467908734 0.00068070483343839075 44.166666666666679 -0.7217484125045438 0.00071493500000000009 18.500000000000004 88.500000000000014 897.50000000000011 56.037500000000009 -0.066607572871769438 13.950000000000001 1016.975 0.0008001350000000001
decision_type=2 2 2 2 2 2 2 2 2 2 2 2 2 2 2
left_child=1 2 10 6 5 -5 9 -8 -6 -4 12 14 13 -1 -12
right_child=-2 -3 3 4 8 -7 7 -9 -10 -11 11 -13 -14 -15 -16
leaf_value=1.2386020646459884e-06 -1.0127901295694151e-06 -1.1946739550694476e-06 3.1070459652562312e-09 -2.603546145377657e-06 2.2034048315204431e-06 -4.3945719866384422e-07 1.2343663854429039e-06 -2.6491105210703205e-07 -2.5613250786789097e-07 -1.0393507052078824e-06 1.0440710446155842e-06 -2.2434587587364756e-06 2.4265816027764232e-06 -3.955832686883428e-07 -5.8615116218095956e-07
leaf_weight=32 24 20 6153 34 22 157 119 72 23 54 43 21 25 34 21
leaf_count=32 24 20 6153 34 22 157 119 72 23 54 43 21 25 34 21
internal_value=1.27068e-15 3.55885e-09 7.07789e-09 -3.63623e-09 -4.86998e-07 -8.24688e-07 1.41933e-08 6.69194e-07 9.46308e-07 -5.96219e-09 4.10927e-07 -1.70903e-07 9.54395e-07 3.96749e-07 5.09154e-07
internal_weight=6854 6830 6810 6634 236 191 6398 191 45 6207 176 85 91 66 64
internal_count=6854 6830 6810 6634 236 191 6398 191 45 6207 176 85 91 66 64
is_linear=0
shrinkage=0.05


Tree=147
num_leaves=30
num_cat=0
split_feature=15 15 24 3 15 11 23 23 18 19 18 15 11 23 16 25 3 8 23 20 2 7 15 26 8 16 7 7 4
split_gain=9.77781e-09 2.73655e-08 3.99503e-08 1.04964e-07 6.04862e-08 3.22291e-08 2.14324e-08 2.5104e-08 3.20715e-08 2.97532e-08 2.82578e-08 1.79633e-08 4.53779e-08 3.57421e-08 2.35387e-08 2.70544e-08 1.0855e-08 1.25197e-08 7.69869e-09 6.9084e-09 5.81919e-09 8.1514e-09 5.44758e-09 6.51063e-09 4.03977e-09 5.87767e-10 2.34603e-10 5.86275e-11 4.22606e-12
threshold=-0.97111920233974802 -0.9292178835113839 0.00021105205852884758 24.050000000000004 -0.96234030595689413 43.328125000000007 1003.5000000000001 969.50000000000011 0.0008074750000000001 0.00077376500000000015 0.00079419500000000014 -0.99628250747696534 54.321875000000013 127.50000000000001 831.71000000000015 0.00043600683430423926 27.950000000000003 246.56053204693791 374.50000000000006 0.00059955000000000002 88.500000000000014 79.788106346940836 -0.99273797715557011 0.00057996457832986184 247.9105499285366 39.550000000000004 91.067542386294349 93.331494539954591 1.0000000180025095e-35
decision_type=2 2 2 2 2 2 2 2 2 2 2 2 2 2 2 2 2 2 2 2 2 2 2 2 2 2 2 2 2
left_child=11 2 20 5 -5 -4 7 8 10 -9 -3 12 14 25 15 18 22 -18 -1 -6 21 -2 24 -24 -15 27 -23 -13 -29
right_child=1 6 3 4 19 -7 -8 9 -10 -11 -12 13 -14 16 -16 -17 17 -19 -20 -21 -22 26 23 -25 -26 -27 -28 28 -30
leaf_value=-7.6986253377633562e-08 -1.0741682308434974e-06 5.126555874762124e-09 -4.0509119799025941e-06 -2.0515687527083378e-06 8.0936132462738897e-08 -1.6078917715950178e-06 -1.4836889704383795e-06 -9.9263087620437596e-08 -1.6834021545365986e-06 2.5623345035932118e-06 1.5974402417993718e-06 3.6319702799714194e-08 -2.3859305071839901e-06 9.9480480354362635e-08 1.374040930739221e-06 -1.8948002741581148e-06 9.3440095453491176e-07 -5.3831360749730566e-07 9.4560038113351262e-07 1.144345585182177e-06 6.7898991526012999e-07 1.3295849575212239e-07 1.0520419532964356e-06 2.0287393713910467e-06 1.0576712796896779e-06 -2.8638310297914174e-07 -3.4223460445078501e-08 -3.2629406661044415e-08 -5.7107248681438174e-08
leaf_weight=149 20 5676 27 27 24 27 24 21 28 21 28 20 21 22 29 20 31 27 21 42 26 24 91 21 22 29 167 20 149
leaf_count=149 20 5676 27 27 24 27 24 21 28 21 28 20 21 22 29 20 31 27 21 42 26 24 91 21 22 29 167 20 149
internal_value=5.55782e-16 -1.96897e-08 -4.28461e-07 -1.07602e-06 -5.79288e-08 -2.8294e-06 7.38313e-09 1.35809e-08 4.65656e-09 1.23154e-06 1.2943e-08 1.81133e-07 -1.65695e-07 3.73816e-07 4.72047e-08 -1.55312e-07 8.32844e-07 2.48827e-07 4.93333e-08 7.57651e-07 -2.68099e-08 -1.1378e-07 1.04998e-06 1.23517e-06 5.78576e-07 -7.67903e-08 -1.32163e-08 -4.46306e-08 -5.42105e-08
internal_weight=6854 6182 384 147 93 54 5798 5774 5732 42 5704 672 240 432 219 190 214 58 170 66 237 211 156 112 44 218 191 189 169
internal_count=6854 6182 384 147 93 54 5798 5774 5732 42 5704 672 240 432 219 190 214 58 170 66 237 211 156 112 44 218 191 189 169
is_linear=0
shrinkage=0.05


Tree=148
num_leaves=23
num_cat=0
split_feature=24 14 14 14 23 7 11 3 11 18 15 2 19 2 19 11 15 15 1 4 24 4
split_gain=9.69538e-09 4.41135e-08 7.83164e-08 6.14085e-08 4.89147e-08 7.83766e-08 7.46798e-08 4.81407e-08 1.08642e-07 9.65399e-08 6.93126e-08 4.80011e-08 3.23534e-08 4.15721e-08 3.82316e-08 2.43134e-08 6.41504e-08 5.52588e-08 2.07929e-08 4.83065e-08 3.59503e-08 1.26033e-08
threshold=0.00054374036253356753 0.91596454896554913 0.86113431103781346 0.94138322595482449 735.50000000000011 37.877411806503879 48.346875000000004 23.850000000000005 46.081250000000004 0.00071861500000000003 0.16587474750015932 132.50000000000003 0.00075602000000000015 222.50000000000003 0.00073228500000000016 43.837500000000006 0.27487873330147788 -0.67801649466304881 783.85000000000002 20.500000000000004 0.00052467245234296951 5.5000000000000009
decision_type=2 2 2 2 2 2 2 2 2 2 2 2 2 2 2 2 2 2 2 2 2 2
left_child=12 2 7 -3 5 -5 -6 8 21 -10 11 -9 14 -14 15 18 17 -17 20 -20 -1 -2
right_child=1 3 -4 4 6 -7 -8 10 9 -11 -12 -13 13 -15 -16 16 -18 -19 19 -21 -22 -23
leaf_value=-8.637454468169956e-10 1.2136255946440102e-06 -3.2188613313337554e-06 2.6394002218323835e-06 -3.0857090598946153e-06 -1.8516933630507993e-06 6.695339465068173e-07 1.9783506760567048e-06 1.5889022379191185e-06 -3.9716777386323931e-06 -7.2429974352417058e-07 -2.6995149472072845e-06 7.1807305552836233e-08 2.6336859828343559e-06 5.3337553991523981e-08 -2.0688276988907588e-06 9.4531982673617179e-07 2.6349025728222843e-06 -3.7962351799641124e-07 -1.0036035532749925e-07 -2.6221333373541716e-06 2.0719612231394943e-06 -2.9012037809176644e-09
leaf_weight=5346 33 25 27 33 20 24 35 58 37 60 21 516 27 37 22 143 30 175 79 25 21 60
leaf_count=5346 33 25 27 33 20 24 35 58 37 60 21 516 27 37 22 143 30 175 79 25 21 60
internal_value=-1.26711e-15 -1.4834e-07 -8.31477e-09 -9.78268e-07 -4.78136e-07 -1.50455e-06 5.85607e-07 -9.93827e-08 -7.92287e-07 -1.96299e-06 1.21881e-07 2.25103e-07 2.38398e-08 1.14192e-06 1.1589e-08 1.94545e-08 4.24695e-07 2.16184e-07 -6.3221e-09 -7.06556e-07 7.24681e-09 4.2877e-07
internal_weight=6854 949 812 137 112 57 55 785 190 97 595 574 5905 64 5841 5819 348 318 5471 104 5367 93
internal_count=6854 949 812 137 112 57 55 785 190 97 595 574 5905 64 5841 5819 348 318 5471 104 5367 93
is_linear=0
shrinkage=0.05


Tree=149
num_leaves=17
num_cat=0
split_feature=21 17 15 15 15 14 5 26 19 11 23 24 25 6 17 14
split_gain=9.46049e-09 9.28183e-09 4.67128e-08 1.2187e-07 9.51436e-08 3.42138e-08 2.33535e-08 2.31074e-08 3.4793e-08 2.51492e-08 3.1636e-08 3.13458e-08 3.45982e-08 2.39444e-08 2.35693e-08 7.45318e-09
threshold=1007.5000000000001 0.96593365067163883 0.63255009372278048 0.52032336593087203 0.24164313636530552 0.90892735371523092 11.850000000000003 0.00076955878311510157 0.00078017500000000003 53.034375000000004 935.50000000000011 0.00074109323310950486 0.00046494800223604004 0.00078043500000000011 0.93764507892293425 0.49065764355977465
decision_type=2 2 2 2 2 2 2 2 2 2 2 2 2 2 2 2
left_child=1 7 3 4 5 -3 15 9 -9 10 14 12 -11 -12 -1 -4
right_child=-2 2 6 -5 -6 -7 -8 8 -10 11 13 -13 -14 -15 -16 -17
leaf_value=4.3771941796302208e-09 -9.9096793727918944e-07 2.0465826507423245e-07 1.1568056481792157e-06 -3.6293979013118426e-06 3.179013991712054e-06 -7.3114183853245594e-07 2.2721175712701681e-06 -2.6220540787237824e-06 2.9190166756620783e-07 2.7684964720720018e-06 -2.653523838489491e-06 -8.0900746056834636e-07 5.554450237185612e-07 -2.0687212895609264e-07 -4.5447298808054352e-07 -1.0504622826539907e-07
leaf_weight=5454 24 545 25 22 25 119 35 21 20 20 20 36 151 20 295 22
leaf_count=5454 24 545 25 22 25 119 35 21 20 20 20 36 151 20 295 22
internal_value=5.38382e-16 3.48217e-09 1.64306e-07 3.39824e-08 1.50955e-07 3.69471e-08 1.29431e-06 -1.76431e-08 -1.20061e-06 -9.5541e-09 -2.89176e-08 5.3197e-07 8.14281e-07 -1.4302e-06 -1.91679e-08 5.66152e-07
internal_weight=6854 6830 793 711 689 664 82 6037 41 5996 5789 207 171 40 5749 47
internal_count=6854 6830 793 711 689 664 82 6037 41 5996 5789 207 171 40 5749 47
is_linear=0
shrinkage=0.05


Tree=150
num_leaves=26
num_cat=0
split_feature=15 21 15 23 15 20 2 5 16 15 2 15 5 15 26 15 1 15 22 21 26 21 18 27 5
split_gain=8.84124e-09 4.20055e-08 1.71864e-07 3.93006e-08 2.11125e-08 4.13192e-08 1.28019e-08 1.03815e-08 3.09996e-08 2.46382e-08 1.93666e-08 9.49657e-09 2.398e-08 7.55697e-08 3.70678e-08 1.97607e-08 3.20347e-08 1.96065e-08 9.37302e-09 5.69101e-09 3.6324e-09 9.83123e-11 6.50805e-11 4.50864e-13 1.2396e-13
threshold=0.91936090643431534 403.50000000000006 0.95499258812111987 569.50000000000011 0.87394374251212481 6.3385000000000017e-05 127.50000000000001 22.150000000000002 787.20000000000016 0.57780407610161799 126.50000000000001 -0.97111920233974802 12.750000000000002 -0.99983123799342477 0.00025149481297264146 -0.9292178835113839 428.05000000000001 -0.90892157495189674 213.50000000000003 610.50000000000011 8.477822866653866e-05 15.500000000000002 6.2400000000000012e-06 21.166666666666668 5.9500000000000011
decision_type=2 2 2 2 2 2 2 2 2 2 2 2 2 2 2 2 2 2 2 2 2 2 2 2 2
left_child=4 6 -3 -4 7 21 18 11 9 10 -9 12 13 -1 -14 16 -13 -17 20 -7 22 23 -2 24 -6
right_child=1 2 3 -5 5 19 -8 8 -10 -11 -12 15 14 -15 -16 17 -18 -19 -20 -21 -22 -23 -24 -25 -26
leaf_value=-2.9722583035219853e-06 -4.6294909425861762e-08 -4.4021962107113463e-06 -6.6758113172031229e-07 2.2134888388336549e-06 -4.1357471266460027e-08 1.3143007565001124e-06 1.1633731683895863e-06 1.5254480189241804e-07 1.7661036999718569e-06 1.4347833255017222e-06 -1.5092402905894334e-06 -5.5064405139929657e-09 4.7509413184687939e-08 1.0034989013806742e-07 1.3466969072793448e-06 5.7020817552100316e-07 -9.4096909467074409e-07 -2.1572489090682159e-08 -1.1066932691505827e-06 2.3874980949282571e-06 6.4687302321025145e-07 8.3492856290945387e-08 4.7857450908850306e-08 -4.7424292836734346e-08 -3.637432683945008e-08
leaf_weight=21 223 28 29 20 26 30 23 50 33 23 27 230 132 425 94 144 152 4995 20 21 21 20 20 23 24
leaf_count=21 223 28 29 20 26 30 23 50 33 23 27 230 132 425 94 144 152 4995 20 21 21 20 20 23 24
internal_value=5.6172e-17 -2.33099e-07 -1.27729e-06 5.08366e-07 1.38346e-08 6.12481e-07 2.87995e-08 2.0753e-10 4.37287e-07 -1.22231e-09 -4.30159e-07 -9.17913e-09 1.68292e-07 -4.43245e-08 5.87879e-07 -3.07804e-08 -3.77732e-07 -4.99019e-09 -6.3085e-08 1.75621e-06 1.59762e-08 -1.47224e-08 -3.85457e-08 -4.16306e-08 -3.89656e-08
internal_weight=6854 384 77 49 6470 144 307 6326 133 100 77 6193 672 446 226 5521 382 5139 284 51 264 93 243 73 50
internal_count=6854 384 77 49 6470 144 307 6326 133 100 77 6193 672 446 226 5521 382 5139 284 51 264 93 243 73 50
is_linear=0
shrinkage=0.05


Tree=151
num_leaves=20
num_cat=0
split_feature=24 5 15 15 18 15 20 17 17 25 25 18 1 15 13 26 1 3 15
split_gain=9.43813e-09 3.76923e-08 3.60924e-08 6.57041e-08 7.48376e-08 5.47035e-08 5.00601e-08 5.18596e-08 4.92252e-08 3.13558e-08 2.8671e-08 1.27615e-07 4.61106e-08 4.38075e-08 2.62696e-08 2.71841e-08 2.56343e-08 2.3838e-08 1.46216e-08
threshold=0.00054374036253356753 4.2500000000000009 0.63255009372278048 0.063390085881955341 0.00065999500000000013 0.20812153622207724 0.00048573000000000008 0.9605417702420429 0.95463299781813271 0.00069466358981070959 0.00063049318500310234 0.00049046000000000018 894.20000000000016 -0.30982845708428081 -0.98296291314453399 0.00071118698141538954 711.45000000000016 23.550000000000004 0.74441084628863963
decision_type=2 2 2 2 2 2 2 2 2 2 2 2 2 2 2 2 2 2 2
left_child=9 -2 3 6 -5 -6 8 -8 -3 10 12 -12 14 -13 17 -16 -11 -1 -4
right_child=1 2 18 4 5 -7 7 -9 -10 16 11 13 -14 -15 15 -17 -18 -19 -20
leaf_value=1.2393787850574976e-06 1.6950359609937652e-06 -1.7599384977048467e-06 2.032549376884202e-06 -3.306541531679209e-06 -2.6091419454132849e-06 5.5603861023142648e-07 4.8595874857542342e-07 -4.5201759992261123e-07 -4.77074825494657e-08 1.4077580203775142e-07 -3.2055715707558971e-06 -7.4595345248932676e-07 2.213413548209549e-06 2.2750679834260267e-06 1.0090900955450685e-08 -1.7123699565316834e-06 2.4517242148173564e-06 -6.2685261044944957e-07 3.1698706400810036e-07
leaf_weight=77 27 82 23 36 20 43 351 254 86 24 35 24 24 24 5628 23 24 22 27
leaf_count=77 27 82 23 36 20 43 351 254 86 24 35 24 24 24 5628 23 24 22 27
internal_value=-9.45818e-16 -1.46358e-07 -2.00282e-07 -2.75192e-07 -1.48797e-06 -4.48781e-07 -1.19869e-07 9.21637e-08 -8.83439e-07 2.35214e-08 1.3091e-08 -9.09593e-07 2.63544e-08 7.64557e-07 1.72258e-08 3.08035e-09 1.29625e-06 8.24661e-07 1.10615e-06
internal_weight=6854 949 922 872 99 63 773 605 168 5905 5857 83 5774 48 5750 5651 48 99 50
internal_count=6854 949 922 872 99 63 773 605 168 5905 5857 83 5774 48 5750 5651 48 99 50
is_linear=0
shrinkage=0.05


Tree=152
num_leaves=12
num_cat=0
split_feature=22 26 23 14 8 25 2 11 0 25 11
split_gain=8.73632e-09 1.28629e-08 1.47015e-08 2.86767e-08 2.52644e-08 2.1024e-08 4.7567e-08 2.08522e-08 2.39529e-08 2.10512e-08 1.69753e-08
threshold=1007.5000000000001 0.00079444517052480344 969.50000000000011 0.85226249403558707 241.23905159122384 0.00072429492301114397 155.50000000000003 58.843750000000007 928.50000000000011 0.00064855887501202066 50.428125000000001
decision_type=2 2 2 2 2 2 2 2 2 2 2
left_child=1 2 5 4 -4 7 -7 8 -1 -9 -8
right_child=-2 -3 3 -5 -6 6 10 9 -10 -11 -12
leaf_value=1.2433850978140799e-08 -9.5228491261423196e-07 -1.1287251704743538e-06 2.1451899593049508e-06 -8.3956957000323611e-07 -2.9353074379204453e-08 -2.63722100477537e-06 -1.4980171395961862e-06 1.8660462823542429e-06 -9.3091519170898479e-07 1.6359223432909464e-07 1.1240168835987182e-07
leaf_weight=6449 24 25 34 22 22 24 20 30 68 46 90
leaf_count=6449 24 25 34 22 22 24 20 30 68 46 90
internal_value=2.17799e-16 3.34624e-09 7.50521e-09 6.90002e-07 1.29091e-06 -4.08383e-10 -6.20429e-07 1.21933e-08 2.59071e-09 8.35614e-07 -1.80402e-07
internal_weight=6854 6830 6805 78 56 6727 134 6593 6517 76 110
internal_count=6854 6830 6805 78 56 6727 134 6593 6517 76 110
is_linear=0
shrinkage=0.05


Tree=153
num_leaves=21
num_cat=0
split_feature=7 18 22 25 23 2 11 27 17 26 9 17 26 22 20 16 4 22 0 23
split_gain=8.54221e-09 2.04436e-08 2.28761e-08 1.72335e-08 3.83286e-08 5.52561e-08 2.34379e-08 1.63798e-08 1.4375e-08 2.88865e-08 2.40593e-08 4.76828e-08 2.34206e-08 4.20066e-08 3.63951e-08 2.26795e-08 3.75862e-08 3.60509e-08 1.16639e-08 1.38635e-08
threshold=14.833017467908734 0.00076586999999999998 963.50000000000011 0.00072429492301114397 798.50000000000011 158.50000000000003 55.209375000000001 2.1666666666666674 0.96703963858831787 0.00072006010827437852 72.858984939691766 0.88662941544054918 0.00034800319734417084 494.50000000000006 0.00034198000000000008 962.25000000000011 66.500000000000014 902.50000000000011 966.50000000000011 956.50000000000011
decision_type=2 2 2 2 2 2 2 2 2 2 2 2 2 2 2 2 2 2 2 2
left_child=1 2 7 8 -5 -6 -7 -1 10 12 15 -12 14 -14 -10 17 -17 -2 19 -3
right_child=3 18 -4 4 5 6 -8 -9 9 -11 11 -13 13 -15 -16 16 -18 -19 -20 -21
leaf_value=2.6344345860707112e-06 -1.4443482523501714e-08 -4.3286744763853292e-07 -2.6364987612786146e-07 1.1100892744290529e-06 -3.2386965946661018e-06 -1.5824175387310989e-06 4.722664162467741e-07 8.5842203294010407e-07 1.9035001709595723e-07 1.9223165196535775e-06 4.3669077622136384e-07 -2.7151211223023592e-06 1.3784042781139762e-06 -3.5004581521820522e-07 1.5056098539279253e-06 2.1248352202787241e-06 -6.5534751797713403e-07 -1.5801895757876253e-06 -8.51189552859806e-07 1.0070388495986294e-06
leaf_weight=20 5745 35 28 24 23 23 35 37 259 24 24 24 40 290 66 31 20 37 37 32
leaf_count=20 5745 35 28 24 23 23 35 37 259 24 24 24 40 290 66 31 20 37 37 32
internal_value=-1.03448e-16 3.31476e-07 9.06684e-07 -9.3997e-09 -6.44897e-07 -1.16489e-06 -3.42522e-07 1.48158e-06 7.72131e-10 2.186e-07 -2.43775e-08 -1.13922e-06 1.56174e-07 -1.40537e-07 4.57449e-07 -1.52035e-08 1.03457e-06 -2.4463e-08 -1.38645e-07 2.54849e-07
internal_weight=6854 189 85 6665 105 81 58 57 6560 679 5881 48 655 330 325 5833 51 5782 104 67
internal_count=6854 189 85 6665 105 81 58 57 6560 679 5881 48 655 330 325 5833 51 5782 104 67
is_linear=0
shrinkage=0.05


Tree=154
num_leaves=22
num_cat=0
split_feature=14 1 3 7 14 3 17 23 3 26 17 25 14 6 14 13 14 14 9 11 7
split_gain=8.5512e-09 3.31732e-08 3.9342e-08 3.19111e-08 2.15462e-08 1.67537e-07 6.93671e-08 4.30849e-08 7.94755e-08 2.73352e-08 1.67349e-08 3.87073e-08 1.63432e-08 4.14752e-08 2.50824e-08 5.58563e-08 1.5605e-08 1.43779e-08 4.46224e-09 4.03658e-10 2.07728e-10
threshold=-0.99275805973510278 770.30000000000007 25.550000000000004 63.15925862747148 -0.95754239937548935 24.350000000000005 0.96365304830986409 769.50000000000011 23.250000000000004 0.00047646225586766671 1.0133872625401985 0.00023284315801039179 -0.94975917145599731 0.00016605000000000002 -0.93879691571722779 -0.5 -0.91289842852956904 -0.99866806308218525 13.14150049475214 23.706250000000001 101.78314279498169
decision_type=2 2 2 2 2 2 2 2 2 2 2 2 2 2 2 2 2 2 2 2 2
left_child=1 2 3 -1 5 7 -7 8 9 -2 12 -12 13 20 15 -14 -16 -3 19 -5 -6
right_child=4 17 -4 18 10 6 -8 -9 -10 -11 11 -13 14 -15 16 -17 -18 -19 -20 -21 -22
leaf_value=1.8734601048385635e-06 -1.1125669334915974e-07 4.1700131816924116e-07 -1.6118434508882729e-06 -5.915063027205956e-09 1.5094151933681133e-07 -4.9952579420278195e-06 -1.0446139458508698e-06 1.7617231510631692e-06 -3.0947384735988886e-06 1.6668243446197859e-06 4.2897282662085243e-07 -2.5786404739847062e-06 -3.0864717202694881e-06 2.7037875781843469e-06 6.5371802972317529e-07 8.4558131475648963e-08 1.0953460456811802e-08 2.1596189593106704e-06 6.2386001028850542e-07 -2.3776820959093519e-07 -5.447232993560647e-08
leaf_weight=27 359 20 32 177 20 25 20 31 22 23 23 20 21 20 96 41 5765 29 30 21 32
leaf_count=27 359 20 32 177 20 25 20 31 22 23 23 20 21 20 96 41 5765 29 30 21 32
internal_value=2.51514e-16 2.45979e-07 4.06973e-08 2.48075e-07 -1.26801e-08 -3.35102e-07 -3.23942e-06 -3.46552e-08 -1.72496e-07 -4.19946e-09 1.29512e-08 -9.69917e-07 2.0001e-08 7.6877e-07 1.0899e-08 -9.895e-07 2.14816e-08 1.44835e-06 5.55952e-08 -3.05055e-08 2.4533e-08
internal_weight=6854 336 287 255 6518 480 45 435 404 382 6038 43 5995 72 5923 62 5861 49 228 198 52
internal_count=6854 336 287 255 6518 480 45 435 404 382 6038 43 5995 72 5923 62 5861 49 228 198 52
is_linear=0
shrinkage=0.05


Tree=155
num_leaves=20
num_cat=0
split_feature=14 6 24 5 26 19 14 25 14 3 25 25 18 1 14 13 1 23 8
split_gain=8.08243e-09 1.30445e-08 8.7918e-09 3.47398e-08 3.6678e-08 8.74282e-08 8.6752e-08 6.28225e-08 5.278e-08 4.08068e-08 3.01961e-08 2.95549e-08 1.06745e-07 4.08208e-08 3.06347e-08 2.4043e-08 2.37642e-08 4.29542e-10 1.90518e-11
threshold=-0.99940763397299126 0.00015203500000000004 0.00054374036253356753 4.2500000000000009 0.00062058274066632303 0.00034037000000000005 0.98802474685579866 0.00068070483343839075 0.55656748448714433 23.450000000000003 0.00069466358981070959 0.00063049318500310234 0.00049046000000000018 894.20000000000016 0.74443451080969758 -0.98296291314453399 711.45000000000016 631.50000000000011 267.3648935667257
decision_type=2 2 2 2 2 2 2 2 2 2 2 2 2 2 2 2 2 2 2
left_child=1 18 10 -4 5 -5 -7 9 -9 -6 11 13 -13 15 -14 -2 -12 -3 -1
right_child=2 17 3 4 7 6 -8 8 -10 -11 16 12 14 -15 -16 -17 -18 -19 -20
leaf_value=-6.2287815438821789e-08 7.8313304092804145e-07 9.8133119820431612e-07 1.6185070059556757e-06 -2.8547847051640932e-06 -8.0134626652276594e-07 -4.4735501938223176e-07 2.7669432132494297e-06 -6.6801244457063809e-07 1.8645013542679764e-06 1.2269478950438236e-06 1.5273945782231144e-07 -3.0232527985520262e-06 -4.9078776800552776e-07 2.0772052342484432e-06 2.1120937481100557e-06 -2.9545523834187926e-09 2.3777948200631727e-06 1.3090284568306744e-06 -3.3558139378442321e-09
leaf_weight=32 99 20 27 36 30 458 22 195 23 143 24 35 26 24 20 5572 24 20 24
leaf_count=32 99 20 27 36 30 458 22 195 23 143 24 35 26 24 20 5572 24 20 24
internal_value=-1.42784e-16 4.55557e-07 -6.47136e-09 -1.4888e-07 -2.01493e-07 -4.78272e-07 -3.00033e-07 1.6377e-07 -4.00821e-07 8.75221e-07 1.63669e-08 5.98821e-09 -9.42376e-07 1.94768e-08 6.409e-07 1.07684e-08 1.26527e-06 1.14518e-06 -3.70312e-08
internal_weight=6854 96 6758 934 907 516 480 391 218 173 5824 5776 81 5695 46 5671 48 40 56
internal_count=6854 96 6758 934 907 516 480 391 218 173 5824 5776 81 5695 46 5671 48 40 56
is_linear=0
shrinkage=0.05


Tree=156
num_leaves=26
num_cat=0
split_feature=15 21 14 3 15 20 2 5 15 27 11 2 15 14 7 11 6 22 21 20 15 21 18 27 5
split_gain=8.4729e-09 3.89277e-08 1.54234e-07 2.46286e-08 1.83359e-08 3.61511e-08 1.09603e-08 9.44557e-09 5.27729e-08 3.99326e-08 7.48637e-08 3.78949e-08 8.51176e-08 2.70261e-08 1.3863e-08 1.66349e-08 1.36623e-08 8.53926e-09 5.15647e-09 3.16397e-09 2.73842e-09 8.56958e-11 5.7439e-11 4.06904e-13 1.11874e-13
threshold=0.91936090643431534 403.50000000000006 0.30164402523644185 20.950000000000003 0.87394374251212481 6.3385000000000017e-05 127.50000000000001 13.850000000000003 -0.99983123799342477 99.500000000000014 36.815625000000004 172.50000000000003 0.063390085881955341 0.98049069993378934 14.833017467908734 61.415625000000013 0.00067115000000000002 213.50000000000003 610.50000000000011 0.00013404000000000001 0.41397665785662119 15.500000000000002 6.2400000000000012e-06 21.166666666666668 5.9500000000000011
decision_type=2 2 2 2 2 2 2 2 2 2 2 2 2 2 2 2 2 2 2 2 2 2 2 2 2
left_child=4 6 3 -3 7 21 17 8 -1 11 20 13 -13 -9 16 -16 -10 19 -7 22 -11 23 -2 24 -6
right_child=1 2 -4 -5 5 18 -8 9 14 10 -12 12 -14 -15 15 -17 -18 -19 -20 -21 -22 -23 -24 -25 -26
leaf_value=-2.3250416661539931e-06 -4.3791758578524907e-08 1.7525631618365791e-06 -4.193687029539563e-06 -5.1259684060564068e-07 -4.0093605837053197e-08 1.2206078738093615e-06 1.0737317433781952e-06 9.1026563392939578e-08 1.4836541460546736e-06 -3.7008982591556644e-07 -3.6485457872004191e-06 1.0891156566580067e-06 -6.3547612533837843e-07 -8.2190800282882559e-07 -2.9368132659036573e-08 -1.3226301889517346e-06 2.2616157866966405e-07 -1.0572010199894067e-06 2.2421610895305222e-06 6.0318686467196267e-07 4.0147326869729394e-07 7.6466267824315544e-08 4.466056935825691e-08 -4.5857086166981156e-08 -3.5359620653707681e-08
leaf_weight=25 223 21 28 28 26 30 23 1029 27 23 20 258 99 88 4601 25 108 20 21 21 23 20 20 23 24
leaf_count=25 223 21 28 28 26 30 23 1029 27 23 20 258 99 88 4601 25 108 20 21 21 23 20 20 23 24
internal_value=2.28459e-16 -2.28192e-07 -1.2334e-06 4.58186e-07 1.35434e-08 5.71439e-07 2.39296e-08 8.4391e-10 -3.38133e-08 1.08551e-07 -1.09468e-06 1.62427e-07 6.10868e-07 1.91033e-08 -2.17821e-08 -3.63572e-08 4.7766e-07 -6.10896e-08 1.64125e-06 1.43734e-08 1.56917e-08 -1.52307e-08 -3.65117e-08 -4.03531e-08 -3.78213e-08
internal_weight=6854 384 77 49 6470 144 307 6326 4786 1540 66 1474 357 1117 4761 4626 135 284 51 264 46 93 243 73 50
internal_count=6854 384 77 49 6470 144 307 6326 4786 1540 66 1474 357 1117 4761 4626 135 284 51 264 46 93 243 73 50
is_linear=0
shrinkage=0.05


Tree=157
num_leaves=31
num_cat=0
split_feature=15 15 24 5 15 26 14 0 8 2 1 23 2 23 8 25 20 4 18 15 6 14 24 19 20 14 18 6 8 15
split_gain=8.05731e-09 2.31541e-08 7.21821e-08 2.03559e-08 6.13772e-08 3.25915e-08 1.27498e-08 2.25071e-08 1.03505e-08 2.5692e-08 4.95966e-08 4.52075e-08 4.08905e-08 4.38679e-08 3.56846e-08 1.71806e-08 5.97639e-08 5.45714e-08 7.39619e-08 4.80697e-08 3.61593e-08 8.0988e-09 6.02059e-09 7.08372e-09 5.61346e-09 5.11297e-09 5.25737e-09 2.02201e-09 2.47476e-10 1.35512e-10
threshold=-0.97111920233974802 -0.9575230291762723 0.0004403749072212629 12.750000000000002 -0.99983123799342477 0.00025149481297264146 0.13398903995667991 222.50000000000003 177.62144833771274 150.50000000000003 793.45000000000016 489.50000000000006 141.50000000000003 761.50000000000011 110.01436993132576 0.00040614278541926496 0.00070192000000000008 1.5000000000000002 0.00066843000000000013 -0.49812626372919411 0.00058751500000000015 0.25206111083856975 0.00044324168736631673 0.00072288000000000007 0.00023610500000000002 -0.21966676340184951 0.00072463000000000009 5.9025000000000005e-05 74.132123850784481 -0.99938741687870725
decision_type=2 2 2 2 2 2 2 2 2 2 2 2 2 2 2 2 2 2 2 2 2 2 2 2 2 2 2 2 2 2
left_child=3 2 21 4 -1 27 25 28 9 12 11 -11 13 -3 -14 16 20 19 -19 -17 -10 24 -7 -24 -2 -6 -27 29 -8 -5
right_child=1 8 -4 5 6 22 7 -9 15 10 -12 -13 14 -15 -16 17 -18 18 -20 -21 -22 -23 23 -25 -26 26 -28 -29 -30 -31
leaf_value=-2.6701709993219646e-06 2.3199476940774042e-08 1.4078954037560138e-09 -2.6199909057465577e-06 4.954951342714876e-08 -7.6247434630817156e-07 1.9273211487416123e-06 -1.7602486340448112e-07 1.5522268150030228e-06 -1.0184396294862582e-08 1.4699064211771868e-06 2.0972016509054251e-06 5.2239648184003426e-08 2.3325681771287543e-08 1.894453759720613e-06 -2.6040817025269855e-06 1.0814128412069598e-06 2.0713807249622359e-06 -1.4967881693887964e-06 -5.3581211705432788e-08 -4.0771526185677337e-07 -1.3069567915057303e-06 -6.2385170085635072e-07 5.366294734206652e-07 1.5508142048543741e-06 1.0062904374308346e-06 -7.4254662866918849e-08 5.0995601643282706e-07 4.8190042837797422e-07 4.4758465544229391e-08 -7.6404821722117386e-08
leaf_weight=21 53 2390 35 29 23 25 22 38 2378 65 39 417 24 31 28 105 34 159 201 112 55 36 36 33 20 267 45 22 30 81
leaf_count=21 53 2390 35 29 23 25 22 38 2378 65 39 417 24 31 28 105 34 159 201 112 55 36 36 33 20 267 45 22 30 81
internal_value=8.26936e-16 -1.78736e-08 -6.44465e-07 1.64427e-07 -3.14656e-08 5.51011e-07 9.89175e-08 6.27276e-07 -2.93009e-09 6.30786e-08 3.82186e-07 2.43419e-07 -4.14943e-09 2.56476e-08 -1.39143e-06 -6.78545e-08 -1.0407e-08 -3.13475e-07 -6.90998e-07 3.12831e-07 -3.9499e-08 -1.01218e-08 1.26254e-06 1.02167e-06 2.92539e-07 -4.30295e-08 1.00065e-08 4.43178e-08 -4.86499e-08 -4.31987e-08
internal_weight=6854 6182 144 672 446 226 425 90 6038 2994 521 482 2473 2421 52 3044 2467 577 360 217 2433 109 94 69 73 335 312 132 52 110
internal_count=6854 6182 144 672 446 226 425 90 6038 2994 521 482 2473 2421 52 3044 2467 577 360 217 2433 109 94 69 73 335 312 132 52 110
is_linear=0
shrinkage=0.05


Tree=158
num_leaves=10
num_cat=0
split_feature=21 22 26 23 14 14 25 3 0
split_gain=8.15979e-09 9.01628e-09 1.17943e-08 1.70476e-08 2.76492e-08 2.51155e-08 1.93065e-08 3.07883e-08 1.95649e-08
threshold=1007.5000000000001 1007.5000000000001 0.00079444517052480344 969.50000000000011 0.85226249403558707 0.42179998225932674 0.00072429492301114397 24.450000000000003 827.50000000000011
decision_type=2 2 2 2 2 2 2 2 2
left_child=1 2 3 6 5 -5 8 -8 -1
right_child=-2 -3 -4 4 -6 -7 7 -9 -10
leaf_value=-6.162252032650034e-09 -9.2032701104471926e-07 -1.05682962271203e-06 -1.0776739145512693e-06 5.3116400841080387e-07 -7.3008309300348637e-07 2.7766339803747543e-06 -2.1009395532524246e-06 -2.1146255571098478e-07 3.8171487339762844e-07
leaf_weight=6233 24 20 25 33 22 20 27 107 343
leaf_count=6233 24 20 25 33 22 20 27 107 343
internal_value=-2.16973e-16 3.23395e-09 6.3472e-09 1.03414e-08 7.5999e-07 1.37851e-06 1.9623e-09 -5.92178e-07 1.40692e-08
internal_weight=6854 6830 6810 6785 75 53 6710 134 6576
internal_count=6854 6830 6810 6785 75 53 6710 134 6576
is_linear=0
shrinkage=0.05


Tree=159
num_leaves=19
num_cat=0
split_feature=24 5 15 2 20 11 22 20 19 2 19 11 15 15 1 4 24 15
split_gain=8.26741e-09 3.10165e-08 3.32758e-08 1.01742e-07 6.73254e-08 4.56919e-08 6.27102e-08 3.53383e-08 2.69185e-08 3.49043e-08 3.22821e-08 2.13987e-08 5.12323e-08 4.80123e-08 1.90905e-08 4.24893e-08 3.20954e-08 1.33526e-08
threshold=0.00054374036253356753 4.2500000000000009 0.63255009372278048 116.50000000000001 0.00053299000000000011 47.80937500000001 775.50000000000011 0.00039568000000000003 0.00075602000000000015 222.50000000000003 0.00073228500000000016 43.837500000000006 0.27487873330147788 -0.67801649466304881 783.85000000000002 20.500000000000004 0.00052467245234296951 0.74441084628863963
decision_type=2 2 2 2 2 2 2 2 2 2 2 2 2 2 2 2 2 2
left_child=8 -2 3 4 -3 6 -5 -7 10 -10 11 14 13 -13 16 -16 -1 -4
right_child=1 2 17 5 -6 7 -8 -9 9 -11 -12 12 -14 -15 15 -17 -18 -19
leaf_value=-7.7662012262772975e-10 1.5334044655269788e-06 -6.3358786890247485e-07 1.9538118798980419e-06 -2.5136907944871666e-07 -4.4592856237040511e-06 -1.0193982215950575e-06 -2.3690440383113447e-06 1.84638360552065e-07 2.4087753068350277e-06 4.4399044364163763e-08 -1.900863383690938e-06 8.9155213440694848e-07 2.3734147691811817e-06 -3.4346446374554164e-07 -1.0854566391595033e-07 -2.4736101950111336e-06 1.957765321744124e-06 3.1438213244217438e-07
leaf_weight=5346 27 23 23 122 23 68 49 587 27 37 22 143 30 175 79 25 21 27
leaf_count=5346 27 23 23 122 23 68 49 587 27 37 22 143 30 175 79 25 21 27
internal_value=-1.03007e-15 -1.36981e-07 -1.85897e-07 -2.57824e-07 -2.54644e-06 -1.30371e-07 -8.58188e-07 5.96391e-08 2.20143e-08 1.04187e-06 1.08398e-08 1.80674e-08 3.98242e-07 2.11905e-07 -6.11481e-09 -6.77071e-07 6.88676e-09 1.06852e-06
internal_weight=6854 949 922 872 46 826 171 655 5905 64 5841 5819 348 318 5471 104 5367 50
internal_count=6854 949 922 872 46 826 171 655 5905 64 5841 5819 348 318 5471 104 5367 50
is_linear=0
shrinkage=0.05


Tree=160
num_leaves=28
num_cat=0
split_feature=14 1 3 7 14 3 5 5 13 25 17 26 3 18 6 17 25 8 18 16 1 9 14 5 7 9 11
split_gain=7.81167e-09 2.97463e-08 3.38961e-08 2.84331e-08 1.85809e-08 1.49106e-07 6.70275e-08 3.59977e-08 4.26126e-08 6.24769e-08 1.62325e-08 4.47685e-08 1.40111e-07 2.91318e-08 2.80092e-08 1.93943e-08 3.20939e-08 2.90974e-08 1.82143e-08 6.45213e-08 4.44977e-08 1.77265e-08 1.38189e-08 1.33339e-08 9.3757e-09 3.77634e-09 3.64497e-10
threshold=-0.99275805973510278 770.30000000000007 25.550000000000004 63.15925862747148 -0.95754239937548935 24.350000000000005 12.550000000000002 14.450000000000001 -0.78656609248549325 0.00047107569782620182 0.99812272828980653 0.00033753816640886436 24.050000000000004 0.00072742 0.00037023000000000009 0.98655637481223546 0.00028533201201385124 103.67025838639712 0.00076586999999999998 943.0200000000001 894.20000000000016 23.255013566793306 -0.99866806308218525 12.350000000000003 69.942123583014691 13.14150049475214 23.706250000000001
decision_type=2 2 2 2 2 2 2 2 2 2 2 2 2 2 2 2 2 2 2 2 2 2 2 2 2 2 2
left_child=1 2 3 -1 5 7 -7 8 9 -2 15 14 -13 -14 24 18 21 -18 20 -20 -6 -17 -3 -10 -12 26 -5
right_child=4 22 -4 25 10 6 -8 -9 23 -11 11 12 13 -15 -16 16 17 -19 19 -21 -22 -23 -24 -25 -26 -27 -28
leaf_value=1.7674570876301409e-06 3.1602755292134622e-06 3.6257634064895685e-07 -1.4931941542783989e-06 -4.3255628352237524e-09 1.6814284714249183e-08 -1.3254634250188247e-06 -5.2089131236243705e-06 -1.8700722814060102e-06 -3.7612163203356373e-08 -1.6325601646463664e-07 -9.7062571503177736e-07 -3.9091215093378649e-06 -5.5157489689670246e-07 1.6767995236932622e-06 1.7722801494528541e-06 1.1249781340901536e-07 -6.4482825599463051e-07 1.1898756697048542e-06 -3.0770992463571715e-06 -1.5492442871273861e-07 2.0152443433119061e-06 -1.6892841942706127e-06 2.0709819910413489e-06 -1.2583802408983047e-06 2.0443205108514721e-07 5.7428387530459687e-07 -2.2464515492048337e-07
leaf_weight=27 26 20 32 177 5370 25 20 25 329 31 24 32 55 20 25 43 26 128 21 188 28 20 29 24 58 30 21
leaf_count=27 26 20 32 177 5370 25 20 25 329 31 24 32 55 20 25 43 26 128 21 188 28 20 29 24 58 30 21
internal_value=-5.39049e-16 2.35103e-07 4.07124e-08 2.33203e-07 -1.21194e-08 -3.11533e-07 -3.05144e-06 -2.80945e-08 8.42212e-08 1.35274e-06 1.16829e-08 -4.15998e-07 -1.13918e-06 4.26583e-08 3.07187e-07 2.73978e-08 4.91199e-07 8.8012e-07 9.44795e-09 -4.4854e-07 2.71804e-08 -4.59496e-07 1.37367e-06 -1.20611e-07 -1.39487e-07 5.15147e-08 -2.76928e-08
internal_weight=6854 336 287 255 6518 480 45 435 410 57 6038 214 107 75 107 5824 217 154 5607 209 5398 63 49 353 82 228 198
internal_count=6854 336 287 255 6518 480 45 435 410 57 6038 214 107 75 107 5824 217 154 5607 209 5398 63 49 353 82 228 198
is_linear=0
shrinkage=0.05


Tree=161
num_leaves=11
num_cat=0
split_feature=2 18 1 2 6 19 1 27 1 19
split_gain=7.68807e-09 2.43546e-08 4.26062e-08 1.7096e-08 1.32591e-08 2.09984e-08 1.50484e-08 4.53985e-08 1.83993e-08 1.20007e-08
threshold=285.50000000000006 0.00076348500000000005 264.15000000000003 277.50000000000006 0.00082207500000000013 0.00081510000000000013 915.50000000000011 1.0000000180025095e-35 900.6500000000002 0.00054298000000000009
decision_type=2 2 2 2 2 2 2 2 2 2
left_child=3 2 -2 4 5 6 8 -8 -1 -4
right_child=1 -3 9 -5 -6 -7 7 -9 -10 -11
leaf_value=-2.0891750948347419e-09 -8.5912770108310417e-07 -8.230570650387866e-07 2.4934423911624684e-06 -1.3390486041468346e-06 9.4171499755690542e-07 -1.453783758734062e-06 6.5296789919309308e-07 -2.5971863481442729e-06 1.131370365530731e-06 1.0260537481829752e-06
leaf_weight=6573 26 30 22 24 37 25 22 21 36 38
leaf_count=6573 26 30 22 24 37 25 22 21 36 38
internal_value=4.4221e-16 4.03593e-07 8.31494e-07 -6.94817e-09 -2.18641e-09 -7.41696e-09 -1.98112e-09 -9.34317e-07 4.08491e-09 1.5641e-06
internal_weight=6854 116 86 6738 6714 6677 6652 43 6609 60
internal_count=6854 116 86 6738 6714 6677 6652 43 6609 60
is_linear=0
shrinkage=0.05


Tree=162
num_leaves=28
num_cat=0
split_feature=21 5 4 5 2 16 20 21 21 3 5 22 24 5 6 3 15 12 0 2 2 3 3 7 2 3 15
split_gain=7.60493e-09 4.77726e-08 5.61147e-08 6.40349e-08 3.89063e-08 2.21564e-08 2.72367e-08 2.20871e-08 3.35319e-08 5.78644e-08 8.69473e-08 7.68204e-08 2.99054e-08 3.54917e-08 8.98075e-08 4.40641e-08 3.49387e-08 2.09889e-08 1.99962e-08 1.72994e-08 6.37943e-08 3.6947e-08 3.31871e-08 2.7913e-08 1.45002e-08 1.35761e-08 1.9879e-08
threshold=914.50000000000011 6.5500000000000007 1.5000000000000002 14.65 159.50000000000003 1016.975 0.00059527000000000007 833.50000000000011 775.50000000000011 23.850000000000005 14.950000000000001 626.50000000000011 0.00075506969401958033 11.65 0.00051742500000000007 25.350000000000005 -0.031174269516803289 -0.5 784.50000000000011 150.50000000000003 147.50000000000003 15.550000000000002 20.050000000000004 34.587427134783148 155.50000000000003 24.850000000000005 -0.26867065956352881
decision_type=2 2 2 2 2 2 2 2 2 2 2 2 2 2 2 2 2 2 2 2 2 2 2 2 2 2 2
left_child=7 -2 5 4 -4 6 -3 8 19 10 11 -10 13 14 -9 17 -16 -15 -17 20 23 -21 -23 -1 -8 -11 -27
right_child=1 2 3 -5 -6 -7 24 12 9 25 -12 -13 -14 15 16 18 -18 -19 -20 21 -22 22 -24 -25 -26 26 -28
leaf_value=1.1429127412681669e-06 1.9295842190311545e-06 -1.3552113134807088e-06 -3.307324218447726e-06 4.5596041134638864e-07 -9.8185148061702437e-07 1.5948757505690953e-06 1.2630148203556772e-06 -2.9560909048259854e-06 -2.8675084016478129e-07 1.1762886891159249e-06 1.2936903378398971e-06 -3.6084959369947249e-06 -1.1970293376180053e-06 3.3833693263519447e-06 1.0681784705719326e-06 -7.0784311295331772e-07 -1.2545232766569826e-06 1.2288898835777218e-06 1.0369453693473205e-06 -1.4317541084355155e-06 -2.5415379668629614e-06 7.2038270242553141e-07 6.7266311721000657e-08 -2.1463096768870106e-08 -6.9421379475238947e-08 3.5360090695233512e-07 -1.0473595021309733e-06
leaf_weight=52 23 32 37 34 35 23 29 21 28 23 21 46 25 26 85 24 20 20 52 33 25 283 622 5057 69 69 40
leaf_count=52 23 32 37 34 35 23 29 21 28 23 21 46 25 26 85 24 20 20 52 33 25 283 622 5057 69 69 40
internal_value=-6.48053e-16 -2.54255e-07 -4.48187e-07 -1.33239e-06 -2.17689e-06 1.64397e-07 -8.86877e-08 1.09099e-08 -8.17263e-09 -6.04818e-07 -1.54581e-06 -2.35162e-06 4.51207e-07 6.17359e-07 2.87841e-08 1.22523e-06 6.25759e-07 2.44664e-06 4.8596e-07 1.41328e-08 -2.19412e-08 2.11578e-07 2.715e-07 -9.61194e-09 3.24871e-07 7.24146e-08 -1.60513e-07
internal_weight=6854 282 259 106 72 153 130 6572 6299 227 95 74 273 248 126 122 105 46 76 6072 5134 938 905 5109 98 132 109
internal_count=6854 282 259 106 72 153 130 6572 6299 227 95 74 273 248 126 122 105 46 76 6072 5134 938 905 5109 98 132 109
is_linear=0
shrinkage=0.05


Tree=163
num_leaves=27
num_cat=0
split_feature=26 3 2 14 17 24 11 16 24 21 14 15 6 18 5 20 24 0 24 3 17 2 16 15 3 8
split_gain=8.3216e-09 7.7197e-08 8.57217e-08 7.60893e-08 4.9787e-08 3.43911e-08 2.81879e-08 2.1045e-08 2.0847e-08 2.82674e-08 6.95357e-08 2.28842e-07 8.13319e-08 4.45214e-08 3.39751e-08 3.35368e-08 3.70047e-08 2.74227e-08 2.5446e-08 2.29472e-08 2.71692e-08 1.36483e-08 1.29101e-08 1.89667e-08 1.09778e-08 7.59696e-09
threshold=0.00069681105718388044 23.850000000000005 138.50000000000003 1.0000000180025095e-35 0.92189084955981004 0.00066742474807920395 43.109375000000007 943.0200000000001 0.0007081188164824282 742.50000000000011 0.90892735371523092 -0.33426211444629356 0.00056118500000000018 0.00022957500000000001 5.7500000000000009 0.00072288000000000007 0.0004751528146987161 827.50000000000011 0.0007782154805874847 25.650000000000002 0.9566610878353502 150.50000000000003 919.35000000000014 -0.90161545992537195 27.850000000000005 113.63519635357552
decision_type=2 2 2 2 2 2 2 2 2 2 2 2 2 2 2 2 2 2 2 2 2 2 2 2 2 2
left_child=8 4 -3 5 6 24 -2 -7 9 15 13 -12 -13 -11 -15 17 -17 21 19 20 -10 -1 -21 -24 -4 -18
right_child=1 2 3 -5 -6 7 -8 -9 18 10 11 12 -14 14 -16 16 25 -19 -20 22 -22 -23 23 -25 -26 -27
leaf_value=-1.9060711678956532e-08 -2.1547915434894093e-06 3.2920140725423156e-06 1.9329978621735118e-06 -2.2600103446685743e-06 -3.8051905773629968e-06 -1.7527482884815984e-06 4.6802894779657004e-07 6.5255844771099768e-08 7.3193129719584255e-07 2.2624971626328264e-06 -5.883267528153501e-06 6.6717682168710956e-07 -2.2534680861222241e-06 1.4699025478629819e-06 -2.7593039670381854e-07 2.5967756178383405e-06 -3.1459904990837318e-07 1.6685912123648449e-06 -5.4572124359559005e-07 1.3522225708347455e-06 3.2043957935457006e-06 2.2091011649800141e-07 7.3656725258312392e-07 -1.2512450268786779e-06 6.5229514208650392e-07 8.7232035152088166e-07
leaf_weight=5066 20 20 27 35 21 20 21 78 25 20 23 67 37 30 392 26 26 25 38 24 20 671 30 20 44 28
leaf_count=5066 20 20 27 35 21 20 21 78 25 20 23 67 37 30 392 26 26 25 38 24 20 671 30 20 44 28
internal_value=7.81439e-16 -2.64019e-07 1.68156e-07 -1.38105e-07 -1.82542e-06 3.01343e-07 -8.11396e-07 -3.05765e-07 1.14966e-08 -2.44343e-09 -3.38858e-07 -1.37002e-06 -3.71899e-07 -4.2574e-08 -1.51819e-07 3.03227e-08 1.04702e-06 1.62069e-08 5.80728e-07 9.40434e-07 1.8308e-06 9.0063e-09 3.98993e-07 -5.85577e-08 1.13932e-06 3.00841e-07
internal_weight=6854 286 224 204 62 169 41 98 6568 6411 569 127 104 442 422 5842 80 5762 157 119 45 5737 74 50 71 54
internal_count=6854 286 224 204 62 169 41 98 6568 6411 569 127 104 442 422 5842 80 5762 157 119 45 5737 74 50 71 54
is_linear=0
shrinkage=0.05


Tree=164
num_leaves=24
num_cat=0
split_feature=26 3 2 14 17 3 27 27 19 23 19 3 22 5 22 20 26 2 5 14 5 6 2
split_gain=7.51024e-09 6.96703e-08 7.73638e-08 6.86706e-08 4.49327e-08 3.20723e-08 5.62108e-08 2.44001e-08 2.39485e-08 4.405e-08 3.36787e-08 2.45809e-08 2.44832e-08 3.98175e-08 3.04623e-08 2.53243e-08 5.15485e-08 2.38999e-08 4.59706e-08 5.44479e-08 2.54454e-08 1.41464e-08 1.37274e-08
threshold=0.00069681105718388044 23.850000000000005 138.50000000000003 1.0000000180025095e-35 0.92189084955981004 33.45000000000001 1.1666666666666667 63.500000000000007 0.00071982000000000014 702.50000000000011 0.00071293000000000018 25.350000000000005 919.50000000000011 15.350000000000003 948.50000000000011 0.00070075000000000009 0.0005594980253621377 220.50000000000003 16.550000000000004 0.72695311118111527 11.750000000000002 0.00071298500000000007 288.50000000000006
decision_type=2 2 2 2 2 2 2 2 2 2 2 2 2 2 2 2 2 2 2 2 2 2 2
left_child=8 4 -3 5 7 21 -7 -2 10 11 12 -10 15 14 -14 22 -17 18 19 -11 -19 -4 -1
right_child=1 2 3 -5 -6 6 -8 -9 9 17 -12 -13 13 -15 -16 16 -18 20 -20 -21 -22 -23 -24
leaf_value=-1.002490523114089e-08 4.195373050953051e-07 3.1274133050374077e-06 1.4997708494715162e-06 -2.1470098324373663e-06 -3.6149310290056748e-06 -2.8323836248489444e-06 7.5671605207124531e-07 -2.0207071656841435e-06 2.4728427218645734e-06 2.5463813493818271e-07 -1.7082282958089591e-06 3.3107599587570544e-07 -1.2502133422742646e-06 -2.8045088572525859e-06 1.0538979337910019e-06 -1.493916932390892e-06 1.2461002819100999e-06 -1.6508269268911136e-06 -1.4807738857005304e-06 2.7848517629536218e-06 2.6279665743650662e-07 3.4339962816513706e-07 8.2187171437908548e-07
leaf_weight=6042 21 20 38 35 21 20 24 20 37 73 29 21 32 20 26 21 94 32 23 30 38 87 50
leaf_count=6042 21 20 38 35 21 20 24 20 37 73 29 21 32 20 26 21 94 32 23 30 38 87 50
internal_value=1.35382e-15 -2.50818e-07 1.59748e-07 -1.312e-07 -1.73415e-06 2.86276e-07 -8.74693e-07 -7.70826e-07 1.09217e-08 4.86945e-07 -8.22775e-09 1.69738e-06 -3.83672e-10 -8.80714e-07 -2.17336e-07 1.0679e-08 7.45749e-07 1.28756e-07 5.40288e-07 9.91594e-07 -6.12003e-07 6.94936e-07 -3.19713e-09
internal_weight=6854 286 224 204 62 169 44 41 6568 254 6314 58 6285 78 58 6207 115 196 126 103 70 125 6092
internal_count=6854 286 224 204 62 169 44 41 6568 254 6314 58 6285 78 58 6207 115 196 126 103 70 125 6092
is_linear=0
shrinkage=0.05


Tree=165
num_leaves=28
num_cat=0
split_feature=14 24 17 27 3 21 17 5 17 1 3 14 20 6 1 27 11 24 8 1 6 4 27 27 6 5 4
split_gain=7.43115e-09 2.52084e-08 1.17179e-08 4.39576e-08 4.40197e-08 9.06249e-08 2.60364e-08 4.09795e-08 2.57074e-08 1.73186e-08 5.17988e-08 7.47062e-08 8.19079e-08 2.85237e-08 2.21726e-08 9.30768e-08 8.17916e-08 2.02664e-08 3.16789e-08 2.47173e-08 1.22429e-08 7.80659e-09 3.06579e-09 5.40278e-09 4.50474e-09 4.2815e-10 3.22593e-11
threshold=-0.99763297024448894 0.00049778084961015249 0.99812272828980653 8.5000000000000018 24.650000000000002 732.50000000000011 0.99966540723221564 12.250000000000002 1.0057309573050304 860.1500000000002 28.050000000000004 0.55656748448714433 0.00060819500000000007 0.00057809000000000018 830.30000000000007 0.50000000000000011 46.884375000000013 0.00075189565443834589 236.17242991056216 804.60000000000014 0.00034865500000000007 1.0000000180025095e-35 6.5000000000000009 10.16666666666667 0.00015541000000000003 10.550000000000002 1.5000000000000002
decision_type=2 2 2 2 2 2 2 2 2 2 2 2 2 2 2 2 2 2 2 2 2 2 2 2 2 2 2
left_child=1 22 9 4 5 8 -6 -8 -4 14 11 13 -13 -11 17 -16 -17 19 -19 -2 -5 -3 24 -24 26 -25 -1
right_child=2 21 3 20 6 -7 7 -9 -10 10 -12 12 -14 -15 15 16 -18 18 -20 -21 -22 -23 23 25 -26 -27 -28
leaf_value=-5.7829938710980327e-08 -1.6365131109788309e-09 6.8359613443308695e-07 5.3186115371007561e-07 2.3891277068883187e-07 -1.1613892873185706e-06 -4.5398371003102508e-06 -4.6215711831467028e-07 2.2547163513556131e-06 -1.616197149966562e-06 2.6514399143061676e-07 -1.3751105202132867e-06 2.1812309425509898e-07 3.0946441818286986e-06 -2.1567872371974773e-06 1.2316362541253979e-06 1.9965779861544994e-07 -3.4806338135240368e-06 -2.2706651825501469e-06 -6.7725186723958563e-08 8.0294412019540143e-07 1.8030947547810105e-06 2.031360702468212e-06 -9.2747486540645246e-07 2.0709567759727828e-07 8.4977629788746923e-07 -7.6986924806164867e-08 2.1840064038750976e-08
leaf_weight=27 5996 21 26 29 32 20 35 23 30 31 31 49 50 20 37 26 36 25 47 97 22 22 20 21 21 36 24
leaf_count=27 5996 21 26 29 32 20 35 23 30 31 31 49 50 20 37 26 36 25 47 97 22 22 20 21 21 36 24
internal_value=-7.72572e-16 3.06674e-07 -8.83841e-09 -3.70227e-07 -7.64673e-07 -1.65071e-06 -1.64609e-08 6.15224e-07 -6.18884e-07 3.32936e-09 4.855e-07 8.70026e-07 1.67091e-06 -6.84633e-07 -1.06031e-08 -7.52941e-07 -1.93729e-06 1.31765e-09 -8.32635e-07 1.11723e-08 9.13658e-07 1.37315e-06 -1.10042e-09 -2.20416e-07 2.33445e-07 2.76751e-08 -2.03382e-08
internal_weight=6854 192 6662 217 166 76 90 58 56 6445 181 150 99 51 6264 99 62 6165 72 6093 51 43 149 77 72 57 51
internal_count=6854 192 6662 217 166 76 90 58 56 6445 181 150 99 51 6264 99 62 6165 72 6093 51 43 149 77 72 57 51
is_linear=0
shrinkage=0.05


Tree=166
num_leaves=27
num_cat=0
split_feature=15 21 14 23 15 20 2 24 1 15 15 14 14 24 22 2 0 14 7 22 14 20 18 13 9 11
split_gain=7.53017e-09 3.51194e-08 1.38027e-07 3.46095e-08 1.60464e-08 3.14739e-08 9.72371e-09 8.26056e-09 2.98633e-08 3.91765e-08 1.12396e-07 2.68411e-08 7.10902e-08 5.56863e-08 4.59555e-08 3.65024e-08 2.28798e-08 1.7046e-07 2.7966e-08 7.73388e-09 5.08736e-09 2.85262e-09 5.22082e-11 3.71775e-11 9.10762e-13 1.96457e-13
threshold=0.91936090643431534 403.50000000000006 0.30164402523644185 569.50000000000011 0.87394374251212481 4.0830000000000007e-05 127.50000000000001 0.00054374036253356753 796.1500000000002 -0.42958798411962301 -0.23537842981696178 0.91596454896554913 0.86113431103781346 0.0005761175441264195 872.50000000000011 113.50000000000001 802.50000000000011 0.73865729060996166 27.810141218264459 213.50000000000003 0.44505654568748165 0.00013404000000000001 6.2400000000000012e-06 1.0000000180025095e-35 -31.274608504850729 14.303125000000003
decision_type=2 2 2 2 2 2 2 2 2 2 2 2 2 2 2 2 2 2 2 2 2 2 2 2 2 2
left_child=4 6 3 -3 7 23 19 8 16 -10 -11 12 15 -13 -15 -9 18 -18 -1 21 -7 22 -2 -6 25 -25
right_child=1 2 -4 -5 5 20 -8 11 9 10 -12 13 -14 14 -16 -17 17 -19 -20 -21 -22 -23 -24 24 -26 -27
leaf_value=1.0712945834807068e-06 -3.9171905458636102e-08 -6.7318214585862607e-07 -3.9703380878108872e-06 2.0304750140098807e-06 3.9238097446769875e-08 1.9937906674587996e-06 1.0131565936124231e-06 -1.6680180333455359e-06 2.3313325234160706e-06 -1.7511377922251404e-06 1.4050306550477284e-06 -2.6864761594917281e-06 2.4966156561108453e-06 4.7352662669987296e-07 -1.7351410217867983e-06 -3.7667148485019188e-08 1.1349408528322119e-06 -4.3464657289365753e-06 2.9558101182963782e-09 -1.0037052362577015e-06 1.0039484000117228e-06 5.7517708758799324e-07 4.5156709518323623e-08 -3.1487904550431271e-08 -4.6888357729812925e-08 -3.7652722421436621e-08
leaf_weight=62 223 29 28 20 20 27 23 36 30 43 82 30 27 72 35 741 37 23 5108 20 25 21 20 28 20 24
leaf_count=62 223 29 28 20 20 27 23 36 30 43 82 30 27 72 35 741 37 23 5108 20 25 21 20 28 20 24
internal_value=1.78651e-15 -2.15123e-07 -1.1699e-06 4.30351e-07 1.27677e-08 5.34672e-07 2.43486e-08 8.87531e-10 2.47718e-08 7.08733e-07 3.19309e-07 -1.35794e-07 -2.55614e-08 -7.82703e-07 -2.48935e-07 -1.13205e-07 4.50146e-09 -9.66265e-07 1.57676e-08 -5.57309e-08 1.5179e-06 1.60853e-08 -3.22313e-08 -2.10688e-08 -3.78207e-08 -3.43332e-08
internal_weight=6854 384 77 49 6470 144 307 6326 5385 155 125 941 804 137 107 777 5230 60 5170 284 52 264 243 92 72 52
internal_count=6854 384 77 49 6470 144 307 6326 5385 155 125 941 804 137 107 777 5230 60 5170 284 52 264 243 92 72 52
is_linear=0
shrinkage=0.05


Tree=167
num_leaves=15
num_cat=0
split_feature=3 3 15 25 15 17 15 0 21 14 21 23 27 27
split_gain=6.92464e-09 1.41183e-08 6.91321e-09 3.43151e-08 1.47746e-08 4.98458e-08 3.63506e-08 5.04063e-08 1.61717e-08 1.43602e-08 6.9815e-08 2.70016e-08 1.39733e-08 1.04728e-08
threshold=35.850000000000001 34.20000000000001 0.91936090643431534 0.00043083862498527475 0.63255009372278048 0.91235872504674465 0.60553543375389329 133.50000000000003 629.50000000000011 0.30164402523644185 441.50000000000006 340.50000000000006 1.0000000180025095e-35 0.83333333333333337
decision_type=2 2 2 2 2 2 2 2 2 2 2 2 2 2
left_child=1 2 4 9 6 8 13 -8 -6 11 -11 -4 -7 -1
right_child=-2 -3 3 -5 5 12 7 -9 -10 10 -12 -13 -14 -15
leaf_value=1.4412758800711436e-07 7.1178581346361745e-07 -9.9110217617079697e-07 -7.7916966384273601e-08 -1.9230641029295198e-06 -3.7642221055561214e-08 5.8807491463142016e-07 -1.2755000255992856e-08 -3.2992952083077401e-06 1.0730445612645262e-06 -5.4399649603678171e-09 -3.2082367954444634e-06 1.3854050050136829e-06 1.6595832583732317e-06 -3.228296664089856e-08
leaf_weight=1027 34 36 185 27 515 58 28 20 35 114 20 38 64 4653
leaf_count=1027 34 36 185 27 515 58 28 20 35 114 20 38 64 4653
internal_value=3.42371e-16 -3.54849e-09 1.69206e-09 -2.04367e-07 1.40556e-08 2.35852e-07 -1.19652e-08 -1.38215e-06 3.30378e-08 -7.43813e-08 -4.83469e-07 1.71438e-07 1.15018e-06 -3.86199e-10
internal_weight=6854 6820 6784 384 6400 672 5728 48 550 357 134 223 122 5680
internal_count=6854 6820 6784 384 6400 672 5728 48 550 357 134 223 122 5680
is_linear=0
shrinkage=0.05


Tree=168
num_leaves=28
num_cat=0
split_feature=14 17 15 15 14 6 5 17 5 15 26 15 14 14 26 11 17 11 14 22 27 14 22 22 9 11 27
split_gain=6.85177e-09 1.07321e-08 7.21407e-09 2.12293e-08 4.9291e-08 6.87192e-08 4.24511e-08 1.39175e-07 1.76993e-08 5.16277e-08 2.74591e-08 1.75994e-08 6.16581e-08 1.24723e-07 8.36379e-08 3.06358e-08 1.99167e-08 1.48505e-08 1.13411e-08 1.96803e-08 6.27423e-09 4.62555e-09 4.58061e-09 2.18794e-09 2.82877e-10 7.72187e-11 2.7608e-12
threshold=-0.99940763397299126 0.88040297827612168 -0.97111920233974802 -0.9292178835113839 0.3342611484689354 0.00018581500000000001 14.450000000000001 0.95365572309673519 12.750000000000002 -0.99983123799342477 0.00025149481297264146 -0.77788789561442695 0.55656748448714433 0.52766072109828632 0.00020368366699458421 61.415625000000013 0.96593365067163883 43.328125000000007 0.13398903995667991 204.50000000000003 14.16666666666667 -0.21966676340184951 897.50000000000011 123.50000000000001 -3.1589870117565972 17.703125000000004 6.5000000000000009
decision_type=2 2 2 2 2 2 2 2 2 2 2 2 2 2 2 2 2 2 2 2 2 2 2 2 2 2 2
left_child=1 24 8 4 6 -6 17 -8 9 -2 23 12 13 -5 -14 16 -13 -4 21 -20 22 -11 -12 25 26 -10 -1
right_child=2 -3 3 11 5 -7 7 -9 10 18 20 15 14 -15 -16 -17 -18 -19 19 -21 -22 -23 -24 -25 -26 -27 -28
leaf_value=-2.7297320531508141e-08 -2.4532300932107667e-06 1.1849542965313547e-06 -8.8309799562824833e-08 2.1344019003348029e-07 -1.4149439982927922e-07 -3.9384167631727577e-06 6.9981273934329586e-08 -4.6698250452252632e-06 -1.2144171163387141e-07 -7.3174546371220741e-07 6.384808228447467e-07 -5.8860654895121657e-08 1.6514486584499946e-07 -2.4247413492754316e-06 2.8507055313472237e-06 -1.7471258368791845e-06 2.8904228124733676e-07 7.6607867616270857e-07 -6.1825785359266829e-08 1.4302462564075588e-06 1.8417290590377888e-06 2.993061438580287e-09 1.5126509249538148e-06 5.0007617822054522e-07 2.1081289219182512e-07 -2.283617170705825e-08 -2.522065174885442e-09
leaf_weight=23 21 31 186 672 26 22 59 21 26 23 47 4382 71 48 49 26 454 70 51 39 25 312 22 22 20 84 22
leaf_count=23 21 31 186 672 26 22 59 21 26 23 47 4382 71 48 49 26 454 70 51 39 25 312 22 22 20 84 22
internal_value=9.4565e-16 4.19443e-07 -5.95835e-09 -2.31244e-08 -3.82973e-07 -1.88175e-06 -1.68862e-07 -1.17422e-06 1.49507e-07 -3.31562e-08 5.09983e-07 1.10954e-09 2.12445e-07 3.75614e-08 1.26175e-06 -3.54026e-08 -2.61998e-08 1.45312e-07 8.64239e-08 5.84739e-07 1.16309e-06 -4.74517e-08 9.17202e-07 4.48936e-08 5.43528e-08 -4.61429e-08 -1.5185e-08
internal_weight=6854 96 6758 6086 384 48 336 80 672 446 226 5702 840 720 120 4862 4836 256 425 90 94 335 69 132 65 110 45
internal_count=6854 96 6758 6086 384 48 336 80 672 446 226 5702 840 720 120 4862 4836 256 425 90 94 335 69 132 65 110 45
is_linear=0
shrinkage=0.05


Tree=169
num_leaves=11
num_cat=0
split_feature=22 2 0 25 2 23 6 19 7 19
split_gain=7.09741e-09 9.59048e-09 2.06699e-08 2.41591e-08 1.44701e-08 1.39831e-08 1.21492e-08 1.50871e-08 1.34966e-08 6.24878e-09
threshold=1007.5000000000001 285.50000000000006 477.50000000000006 0.00064855887501202066 277.50000000000006 761.50000000000011 0.00082207500000000013 0.00081510000000000013 9.9393818883796801 0.00054516000000000015
decision_type=2 2 2 2 2 2 2 2 2 2
left_child=1 4 -3 5 6 -4 7 8 -1 -7
right_child=-2 2 3 -5 -6 9 -8 -9 -10 -11
leaf_value=9.1483857403318322e-07 -8.5832655685180734e-07 -9.520864796827699e-07 2.9117458808514132e-07 -6.1262363443426653e-07 -1.2301615910814691e-06 2.4442581207040349e-06 9.0328146613402994e-07 -1.2836326228036501e-06 -6.3844515637618612e-09 1.2475908230058509e-06
leaf_weight=40 24 21 24 23 24 20 37 23 6594 24
leaf_count=40 24 21 24 23 24 20 37 23 6594 24
internal_value=-1.40985e-15 3.01608e-09 4.61887e-07 7.88189e-07 -4.63405e-09 1.26199e-06 -2.40165e-10 -5.26199e-09 -8.29896e-10 1.79153e-06
internal_weight=6854 6830 112 91 6718 68 6694 6657 6634 44
internal_count=6854 6830 112 91 6718 68 6694 6657 6634 44
is_linear=0
shrinkage=0.05


Tree=170
num_leaves=18
num_cat=0
split_feature=24 14 15 14 14 6 14 14 25 25 13 4 2 1 17 22 4
split_gain=7.17299e-09 2.46572e-08 7.36051e-08 2.95441e-08 3.61338e-08 7.34102e-08 6.38542e-08 3.35004e-08 2.14454e-08 2.47804e-08 2.67507e-08 2.08856e-08 2.53722e-08 1.7203e-08 1.64862e-08 3.05638e-08 2.97451e-08
threshold=0.00054374036253356753 0.98049069993378934 1.0000000180025095e-35 0.96904697354198299 0.91596454896554913 0.00071508500000000018 0.86113431103781346 0.82414472752956958 0.00069466358981070959 0.0006591994033307056 -0.98296291314453399 12.500000000000002 224.50000000000003 693.55000000000007 0.96593365067163883 868.00000000000011 78.500000000000014
decision_type=2 2 2 2 2 2 2 2 2 2 2 2 2 2 2 2 2
left_child=8 3 -3 4 6 -6 7 -2 9 10 11 -1 -13 -10 15 -12 -16
right_child=1 2 -4 -5 5 -7 -8 -9 13 -11 14 12 -14 -15 16 -17 -18
leaf_value=1.7598019132639968e-06 -4.9721335357572891e-08 1.6568997544278606e-07 -3.5817194731180279e-06 1.7469597785500149e-06 -2.8555242586276799e-06 7.787951991152417e-07 2.3678257009494164e-06 -2.0287679386786876e-06 8.6193332880730336e-08 -1.3340436694039347e-06 -9.658286813855975e-09 -5.4510554349462835e-07 1.3278330195968616e-06 1.9809744662779853e-06 1.9922613342461303e-07 -1.6961980337429043e-06 1.9189215490937556e-06
leaf_weight=37 763 38 20 22 33 24 27 22 23 34 5293 40 33 25 366 27 27
leaf_count=37 763 38 20 22 33 24 27 22 23 34 5293 40 33 25 366 27 27
internal_value=-1.06976e-16 -1.27592e-07 -1.12652e-06 -6.25669e-08 -1.08378e-07 -1.32528e-06 -2.29544e-08 -1.05185e-07 2.05055e-08 1.18795e-08 1.97383e-08 7.92063e-07 3.01565e-07 1.07306e-06 4.86767e-09 -1.82178e-08 3.17373e-07
internal_weight=6854 949 58 891 869 57 812 785 5905 5857 5823 110 73 48 5713 5320 393
internal_count=6854 949 58 891 869 57 812 785 5905 5857 5823 110 73 48 5713 5320 393
is_linear=0
shrinkage=0.05


Tree=171
num_leaves=14
num_cat=0
split_feature=17 19 27 20 18 19 26 0 19 1 26 25 25
split_gain=6.65048e-09 6.55338e-09 4.39786e-08 2.96248e-08 5.01495e-08 1.64028e-08 3.95321e-08 2.57768e-08 2.05149e-08 1.73926e-08 4.99084e-08 1.74386e-08 1.54104e-08
threshold=1.0253463389462343 0.00080633000000000018 1.5000000000000002 0.00080633000000000018 0.00078439500000000012 0.00077613000000000009 0.00053984078095512249 987.00000000000011 0.00078539500000000004 867.85000000000002 0.0006591994033307056 0.00074495676006362062 0.00074495676006362062
decision_type=2 2 2 2 2 2 2 2 2 2 2 2 2
left_child=1 5 -3 4 -4 7 -7 9 -8 11 -11 -1 -10
right_child=-2 2 3 -5 -6 6 8 -9 12 10 -12 -13 -14
leaf_value=-1.9299359890752156e-09 -7.9814993315407127e-07 -2.3639777003319812e-06 -2.298324871151722e-06 1.8246487877604521e-06 9.5953534321745757e-07 2.3586521328979875e-06 1.1388326177641517e-06 -1.3549874106339692e-06 -1.5620401268279238e-06 1.7141131307227594e-07 2.79704002131049e-06 -1.3522341930638504e-06 1.3780008899288985e-07
leaf_weight=6410 26 22 21 20 27 25 32 35 20 131 21 24 40
leaf_count=6410 26 22 21 20 27 25 32 35 20 131 21 24 40
internal_value=1.367e-16 3.03924e-09 -4.20799e-07 2.07877e-07 -4.65779e-07 8.70048e-09 5.95557e-07 -1.66989e-09 1.16455e-07 5.52205e-09 5.34163e-07 -6.96682e-09 -4.28813e-07
internal_weight=6854 6828 90 68 48 6738 117 6621 92 6586 152 6434 60
internal_count=6854 6828 90 68 48 6738 117 6621 92 6586 152 6434 60
is_linear=0
shrinkage=0.05


Tree=172
num_leaves=16
num_cat=0
split_feature=3 3 17 26 3 17 6 17 15 16 1 26 25 20 22
split_gain=6.15087e-09 1.19589e-08 7.23929e-09 3.58997e-08 1.16845e-07 2.43227e-08 2.34448e-08 1.62799e-08 5.38106e-08 3.63942e-08 2.76869e-08 1.49688e-08 3.191e-08 3.06821e-08 8.86967e-09
threshold=35.850000000000001 34.20000000000001 0.99812272828980653 0.00033753816640886436 24.050000000000004 1.0004624396259378 0.00033227000000000007 0.96593365067163883 0.24164313636530552 733.90000000000009 915.50000000000011 0.00074495676006362062 0.00063365167530476691 0.00077613000000000009 172.50000000000003
decision_type=2 2 2 2 2 2 2 2 2 2 2 2 2 2 2
left_child=1 2 7 6 -5 -6 14 11 10 -10 -9 13 -13 -1 -4
right_child=-2 -3 3 4 5 -7 -8 8 9 -11 -12 12 -14 -15 -16
leaf_value=-1.5411507836715194e-08 6.7084005822233158e-07 -9.1224041448691031e-07 3.0040820652536364e-07 -3.4696170033043929e-06 -7.8486479316729353e-07 1.0287668801897542e-06 1.4085193125928137e-06 1.5022757326743038e-07 7.6101614106820595e-07 3.0261833489930725e-06 -1.5594050792060445e-06 -2.09111480221172e-06 3.4643561236282717e-08 1.1305242302592364e-06 -7.551219733373086e-07
leaf_weight=5864 34 36 48 32 36 38 35 449 61 25 25 27 51 59 34
leaf_count=5864 34 36 48 32 36 38 35 449 61 25 25 27 51 59 34
internal_value=-2.05033e-15 -3.34437e-09 1.47879e-09 -2.78682e-07 -9.45186e-07 1.4646e-07 3.25159e-07 1.10011e-08 2.68828e-07 1.41949e-06 6.00571e-08 -1.30587e-08 -7.01196e-07 -3.99665e-09 -1.37251e-07
internal_weight=6854 6820 6784 223 106 74 117 6561 560 86 474 6001 78 5923 82
internal_count=6854 6820 6784 223 106 74 117 6561 560 86 474 6001 78 5923 82
is_linear=0
shrinkage=0.05


Tree=173
num_leaves=16
num_cat=0
split_feature=24 5 24 5 2 15 20 22 8 21 0 7 0 0 0
split_gain=6.80728e-09 2.23406e-08 2.50083e-08 4.28715e-08 3.20337e-08 7.61438e-08 3.21671e-08 4.95862e-08 2.39528e-08 2.03545e-08 2.32412e-08 4.50018e-08 2.51456e-08 4.15729e-08 3.35154e-08
threshold=0.00054374036253356753 4.2500000000000009 0.00055739811709060345 13.250000000000002 116.50000000000001 0.63255009372278048 0.00040382500000000007 775.50000000000011 106.07445573381064 969.50000000000011 883.50000000000011 17.37362987710247 827.50000000000011 802.50000000000011 713.50000000000011
decision_type=2 2 2 2 2 2 2 2 2 2 2 2 2 2 2
left_child=9 -2 3 -3 5 -4 7 -6 -8 10 12 -12 13 14 -1
right_child=1 2 4 -5 6 -7 8 -9 -10 -11 11 -13 -14 -15 -16
leaf_value=6.202108904503708e-09 1.293348918807169e-06 -6.9419905314230399e-08 -2.5667451405425731e-06 -2.7354378380550774e-06 3.3324386499907401e-07 8.874364403299996e-07 -9.6229602917219394e-07 -1.8754374487436373e-06 1.9557665342739355e-07 1.4436432356887965e-06 4.9868686098555128e-07 -2.6644344989503937e-06 1.3989501233233818e-06 -2.2058156814420641e-06 8.9134221978116723e-07
leaf_weight=5672 27 38 39 25 48 27 48 54 643 25 22 23 33 21 109
leaf_count=5672 27 38 39 25 48 27 48 54 643 25 22 23 33 21 109
internal_value=-1.35928e-15 -1.24297e-07 -1.65812e-07 -1.12736e-06 -9.52906e-08 -1.15367e-06 -7.20345e-09 -8.36058e-07 1.15146e-07 1.9976e-08 1.3923e-08 -1.11802e-06 2.26526e-08 1.48246e-08 2.28913e-08
internal_weight=6854 949 922 63 859 66 793 102 691 5905 5880 45 5835 5802 5781
internal_count=6854 949 922 63 859 66 793 102 691 5905 5880 45 5835 5802 5781
is_linear=0
shrinkage=0.05


Tree=174
num_leaves=24
num_cat=0
split_feature=24 5 18 19 18 26 5 5 25 25 19 1 25 18 15 16 25 0 13 7 0 3 8
split_gain=6.15106e-09 2.40568e-08 2.63713e-08 4.47777e-08 2.63814e-08 4.37924e-08 2.89219e-08 3.81513e-08 2.36314e-08 2.32462e-08 6.49683e-08 3.06488e-08 2.04595e-08 9.41887e-08 2.86804e-08 2.34451e-08 6.42585e-08 3.94653e-08 1.72978e-08 2.71957e-08 2.23444e-08 1.64479e-08 1.03905e-08
threshold=0.00053819545319581529 4.3500000000000005 0.00063540500000000024 0.00073564000000000019 0.00065175000000000009 0.00053984078095512249 18.850000000000005 17.550000000000004 0.00069466358981070959 0.0005660400028181 0.00047020500000000007 793.45000000000016 0.00063049318500310234 0.00049046000000000018 -0.30982845708428081 928.56000000000006 0.00055558474194411977 909.50000000000011 -0.98296291314453399 29.430107615151126 619.50000000000011 24.650000000000002 199.22693375577848
decision_type=2 2 2 2 2 2 2 2 2 2 2 2 2 2 2 2 2 2 2 2 2 2 2
left_child=8 -2 3 9 5 -4 7 -6 12 10 -3 -11 15 -14 -15 18 17 -17 20 -20 -1 -10 -8
right_child=1 2 4 -5 6 -7 22 -9 21 11 -12 -13 13 14 -16 16 -18 -19 19 -21 -22 -23 -24
leaf_value=-1.0943155546639998e-07 1.3021998084100077e-06 3.5227725355159986e-09 -4.6702338107118935e-07 -2.7865053260194889e-06 -1.0898518933455393e-07 2.1778274239469445e-06 4.1074235406829928e-07 -1.9658279558731514e-06 2.0265533637682342e-07 -7.6220404270525957e-07 -2.3324618606001095e-06 1.621806403915928e-06 -2.7290539795948072e-06 -5.6131448528421148e-07 1.9638734492534993e-06 8.0390883980607258e-07 -1.4709246288062292e-06 3.5024810600248204e-06 -1.2253250512609762e-06 8.8259242892356553e-09 1.594201414543652e-06 2.0935908077776931e-06 1.9853996332130918e-06
leaf_weight=38 29 92 29 22 600 34 22 29 23 26 44 28 35 22 23 42 22 20 45 5547 39 23 20
leaf_count=38 29 92 29 22 600 34 22 29 23 26 44 28 35 22 23 42 22 20 45 5547 39 23 20
internal_value=4.79068e-16 -1.16311e-07 -1.59796e-07 -6.5101e-07 -1.79201e-08 9.60356e-07 -1.0977e-07 -1.94595e-07 1.92896e-08 -4.03742e-07 -7.52237e-07 4.7395e-07 1.03874e-08 -7.83709e-07 7.29337e-07 2.143e-08 8.50636e-07 1.67442e-06 9.14328e-09 -1.10555e-09 7.53447e-07 1.14812e-06 1.16058e-06
internal_weight=6854 975 946 212 734 63 671 629 5879 190 136 54 5833 80 45 5753 84 62 5669 5592 77 46 42
internal_count=6854 975 946 212 734 63 671 629 5879 190 136 54 5833 80 45 5753 84 62 5669 5592 77 46 42
is_linear=0
shrinkage=0.05


Tree=175
num_leaves=29
num_cat=0
split_feature=14 15 11 5 14 14 5 4 2 1 25 14 13 14 6 14 23 17 21 6 8 4 7 27 8 11 4 7
split_gain=6.42438e-09 2.74598e-08 4.23839e-08 3.30913e-08 2.12485e-08 1.62862e-08 1.29921e-07 3.11818e-08 6.80819e-08 2.96524e-08 2.81154e-08 1.43548e-08 3.50639e-08 2.10588e-08 4.82683e-08 1.31184e-08 3.43331e-08 1.37756e-08 1.1398e-08 1.04882e-08 9.92012e-09 2.56244e-09 6.96268e-09 4.15064e-09 9.48456e-10 3.85186e-10 1.39024e-10 7.41136e-11
threshold=-0.99275805973510278 0.063390085881955341 42.415625000000006 13.350000000000003 -0.99866806308218525 -0.95754239937548935 14.550000000000002 15.500000000000002 138.50000000000003 252.60000000000005 0.00054090262624432062 -0.94975917145599731 -0.60355339059327384 -0.93879691571722779 0.00030492000000000008 -0.91289842852956904 454.00000000000006 0.99713837927718252 279.50000000000006 7.2795000000000024e-05 182.90542926450641 6.5000000000000009 78.212746432966284 9.1666666666666696 237.93747086092969 19.412500000000005 3.5000000000000004 93.331494539954591
decision_type=2 2 2 2 2 2 2 2 2 2 2 2 2 2 2 2 2 2 2 2 2 2 2 2 2 2 2 2
left_child=1 2 21 20 -4 6 7 8 19 18 -11 12 -7 14 26 16 -15 -17 -9 -2 -3 22 -1 -23 -14 -25 -13 -24
right_child=5 3 4 -5 -6 11 -8 9 -10 10 -12 13 24 15 -16 17 -18 -19 -20 -21 -22 23 27 25 -26 -27 -28 -29
leaf_value=8.4959190159548654e-07 3.5738546140098383e-08 7.8790992914620172e-07 7.0931948101815581e-07 -2.3807419448829137e-06 2.4951487760869983e-06 2.4325959852181507e-06 -3.369200139502482e-06 4.3670279184221287e-11 -3.3974755865529006e-06 1.3848340401144319e-06 -7.2504939168993593e-07 2.7553634254218194e-08 -2.1486661535163876e-07 -2.9921468484332504e-08 -2.7950178047252518e-06 1.8434056162675536e-08 2.029406313936463e-06 -3.7807541835957037e-07 -1.225634677854124e-06 -1.0622308542157703e-06 -6.0257787535496933e-07 -7.3134519386117292e-07 -1.0228540829680036e-07 -4.0507443088699799e-09 2.164606287854335e-07 2.5557906496942451e-07 2.1398339640654744e-07 7.5099620187079289e-09
leaf_weight=33 87 23 36 20 31 21 32 196 20 75 20 20 25 67 22 5580 29 228 21 29 29 21 22 50 26 20 20 51
leaf_count=33 87 23 36 20 31 21 32 196 20 75 20 20 25 67 22 5580 29 228 21 29 29 21 22 50 26 20 20 51
internal_value=-2.26002e-16 2.13207e-07 4.49262e-07 -6.52329e-07 1.5356e-06 -1.09907e-08 -2.91307e-07 -7.14579e-08 -7.03272e-07 2.03948e-07 9.40648e-07 1.12935e-08 7.13067e-07 2.82421e-09 -9.13865e-07 1.24507e-08 5.92167e-07 2.8686e-09 -1.1857e-07 -2.38754e-07 1.24456e-08 7.97972e-08 2.4688e-07 -1.14826e-07 5.02571e-09 7.01292e-08 1.20769e-07 -2.55791e-08
internal_weight=6854 336 264 72 67 6518 480 448 136 312 95 6038 72 5966 62 5904 96 5808 217 116 52 197 106 91 51 70 40 73
internal_count=6854 336 264 72 67 6518 480 448 136 312 95 6038 72 5966 62 5904 96 5808 217 116 52 197 106 91 51 70 40 73
is_linear=0
shrinkage=0.05


Tree=176
num_leaves=17
num_cat=0
split_feature=20 7 18 0 5 0 4 26 16 25 26 14 22 6 17 17
split_gain=6.03175e-09 1.05927e-08 1.841e-08 1.33124e-08 4.61294e-08 5.38672e-08 5.53187e-08 3.43001e-08 1.88274e-08 2.93529e-08 2.03134e-08 1.95162e-08 1.44181e-08 1.10703e-08 2.07934e-08 8.56248e-09
threshold=0.00083363500000000011 14.833017467908734 0.00065175000000000009 919.50000000000011 8.1500000000000004 939.50000000000011 3.5000000000000004 0.00063707238152824143 964.80000000000007 0.00063365167530476691 0.00074109323310950486 1.0000000180025095e-35 909.50000000000011 0.00072308000000000008 0.98995068185107316 0.97114221912551357
decision_type=2 2 2 2 2 2 2 2 2 2 2 2 2 2 2 2
left_child=1 2 -1 8 -5 7 -7 -6 10 -10 12 -12 -3 -4 15 -15
right_child=-2 3 13 4 5 6 -8 -9 9 -11 11 -13 -14 14 -16 -17
leaf_value=1.4144687007241633e-06 -7.7522547371700056e-07 8.0566583025908993e-09 -9.2729039915000266e-07 1.6899928641578301e-06 -3.8313884161311764e-06 9.4698166170322408e-07 -2.1608818867337377e-06 -9.3814313605175176e-07 2.1934238575340713e-06 -2.4367009676073368e-08 -2.3197536578513998e-08 -2.1292591678833231e-06 -8.9008351526192406e-07 2.585789053532116e-07 1.7859331713054872e-06 -9.0743279770322269e-07
leaf_weight=35 25 6381 21 20 20 45 21 21 25 37 22 22 45 74 20 20
leaf_count=35 25 6381 21 20 20 45 21 21 25 37 22 22 45 74 20 20
internal_value=2.99294e-16 2.83799e-09 3.92577e-07 -7.11181e-09 -5.1412e-07 -9.26104e-07 -4.1884e-08 -2.34948e-06 2.74583e-09 8.69904e-07 -5.56387e-09 -1.07623e-06 1.76716e-09 1.27643e-07 3.21972e-07 1.04913e-08
internal_weight=6854 6829 170 6659 127 107 66 41 6532 62 6470 44 6426 135 114 94
internal_count=6854 6829 170 6659 127 107 66 41 6532 62 6470 44 6426 135 114 94
is_linear=0
shrinkage=0.05


Tree=177
num_leaves=23
num_cat=0
split_feature=15 21 15 23 15 1 2 5 15 27 3 26 19 18 4 0 23 22 26 15 11 18
split_gain=6.03975e-09 2.93158e-08 1.16085e-07 3.11982e-08 1.27977e-08 2.59047e-08 8.66633e-09 8.14656e-09 3.47185e-08 3.12086e-08 5.89787e-08 3.52438e-08 4.43429e-08 3.78732e-08 1.74412e-08 8.5793e-08 2.44145e-08 7.2527e-09 2.70519e-09 2.0593e-09 4.25022e-10 4.86115e-11
threshold=0.91936090643431534 403.50000000000006 0.95499258812111987 569.50000000000011 0.89784768270548698 535.20000000000016 127.50000000000001 13.850000000000003 -0.99983123799342477 99.500000000000014 21.450000000000003 0.00027338857803256756 0.00045036500000000004 0.00060999000000000014 78.500000000000014 640.50000000000011 716.50000000000011 213.50000000000003 8.477822866653866e-05 0.41397665785662119 15.006250000000001 6.2400000000000012e-06
decision_type=2 2 2 2 2 2 2 2 2 2 2 2 2 2 2 2 2 2 2 2 2 2
left_child=4 6 -3 -4 7 20 17 8 -1 11 19 13 -13 -9 16 -16 -10 18 21 -11 -6 -2
right_child=1 2 3 -5 5 -7 -8 9 14 10 -12 12 -14 -15 15 -17 -18 -19 -20 -21 -22 -23
leaf_value=-1.8862815948068603e-06 -3.3671726706924027e-08 -3.6332006126420835e-06 -6.4517603748064523e-07 1.92178141446675e-06 -3.1507010402815321e-08 2.2035760696326179e-06 9.5962981870046771e-07 1.2337292523020064e-09 -1.4000544988691135e-08 -3.0851279995619304e-07 -3.2263091839013217e-06 1.3192887848602282e-06 2.3525449746293196e-07 -2.1000568164130197e-06 2.1239061370478578e-08 1.6721812563059496e-06 -3.7548521419409907e-07 -9.6747974509980839e-07 5.6453059079060389e-07 3.6057195267818793e-07 2.598242766842824e-07 4.7700294913965992e-08
leaf_weight=25 223 28 29 20 31 20 23 848 3380 23 20 117 487 22 824 87 542 20 21 23 21 20
leaf_count=25 223 28 29 20 31 20 23 848 3380 23 20 117 487 22 824 87 542 20 21 23 21 20
internal_value=1.36002e-15 -1.92661e-07 -1.06499e-06 4.02562e-07 1.14346e-08 6.74321e-07 2.61311e-08 3.9748e-09 -2.77915e-08 1.04183e-07 -9.59528e-07 1.51812e-07 4.45241e-07 -5.19024e-08 -1.8178e-08 1.78903e-07 -6.39558e-08 -4.94692e-08 2.00771e-08 2.60296e-08 8.6146e-08 -2.69744e-08
internal_weight=6854 384 77 49 6470 72 307 6398 4858 1540 66 1474 604 870 4833 911 3922 284 264 46 52 243
internal_count=6854 384 77 49 6470 72 307 6398 4858 1540 66 1474 604 870 4833 911 3922 284 264 46 52 243
is_linear=0
shrinkage=0.05


Tree=178
num_leaves=19
num_cat=0
split_feature=14 17 25 14 14 26 22 14 20 27 17 14 16 25 19 27 18 5
split_gain=5.91747e-09 9.05993e-09 6.61479e-09 5.78212e-08 5.56271e-08 4.52447e-08 4.55498e-08 8.03313e-08 4.3495e-08 6.83734e-08 5.33853e-08 4.04561e-08 3.96157e-08 3.69932e-08 3.0064e-08 3.13551e-08 1.55147e-08 2.30435e-10
threshold=-0.99940763397299126 0.88040297827612168 0.00042801999650515972 0.99818282439137029 0.9916835347852474 0.00060228045005232696 879.50000000000011 0.73865729060996166 0.00059331500000000007 43.500000000000007 0.95281825974034995 0.98522604642031408 874.85000000000002 0.00043376311649960753 0.00047384500000000003 57.166666666666679 0.00062883500000000001 8.9500000000000011
decision_type=2 2 2 2 2 2 2 2 2 2 2 2 2 2 2 2 2 2
left_child=1 17 5 4 11 8 7 12 14 10 -10 13 -7 -4 16 -16 -2 -1
right_child=2 -3 3 -5 -6 6 -8 -9 9 -11 -12 -13 -14 -15 15 -17 -18 -19
leaf_value=1.5603909034211938e-07 5.1221589563108402e-09 1.093149614550179e-06 -2.122262235784349e-06 2.4411327434460294e-06 -2.3897354434733712e-06 3.241659414558266e-06 2.8627826972856735e-06 -1.3376278002397158e-06 1.3648678073595562e-06 -3.0447733617696335e-06 -1.9453557905806173e-06 1.9368489953800842e-06 2.2858640420508893e-07 -9.9493589324513829e-08 1.5632531594011361e-07 1.7150629829005153e-06 -9.8353277081741904e-07 -3.2806405455078545e-08
leaf_weight=30 4990 31 23 22 27 24 26 35 29 30 21 24 20 1310 85 52 40 35
leaf_count=30 4990 31 23 22 27 24 26 35 29 30 21 24 20 1310 85 52 40 35
internal_value=9.98119e-16 3.89798e-07 -5.53723e-09 -1.0205e-07 -1.42476e-07 1.98172e-08 1.04749e-06 4.50058e-07 -7.48107e-10 -1.15768e-06 -2.54261e-08 -9.77629e-08 1.87208e-06 -1.34395e-07 1.71645e-08 7.47963e-07 -2.73991e-09 5.43531e-08
internal_weight=6854 96 6758 1406 1384 5352 105 79 5247 80 50 1357 44 1333 5167 137 5030 65
internal_count=6854 96 6758 1406 1384 5352 105 79 5247 80 50 1357 44 1333 5167 137 5030 65
is_linear=0
shrinkage=0.05


Tree=179
num_leaves=31
num_cat=0
split_feature=15 15 14 19 22 21 5 15 26 5 15 21 3 23 23 3 14 22 18 4 3 26 3 21 19 27 3 8 11 22
split_gain=6.58093e-09 1.93249e-08 4.46547e-08 8.21535e-08 6.01727e-08 6.63078e-08 1.59421e-08 4.13485e-08 2.50977e-08 1.57572e-08 1.55544e-08 3.11052e-08 1.48566e-08 1.34892e-08 1.97161e-08 1.05087e-08 9.72781e-09 1.71338e-08 9.63499e-09 9.35071e-09 8.51418e-09 8.19886e-09 6.09026e-09 1.31039e-08 8.46216e-09 4.39839e-09 3.49473e-09 3.34925e-09 2.9575e-09 2.00379e-09
threshold=-0.97111920233974802 -0.9292178835113839 0.25206111083856975 0.00021051000000000002 798.50000000000011 510.50000000000006 12.750000000000002 -0.99983123799342477 0.00025149481297264146 16.750000000000004 -0.90892157495189674 548.50000000000011 34.20000000000001 1003.5000000000001 956.50000000000011 33.650000000000013 0.13398903995667991 204.50000000000003 0.00023655500000000003 97.500000000000014 26.050000000000004 0.0005594980253621377 26.350000000000005 720.50000000000011 0.00060679000000000017 42.166666666666679 18.250000000000004 245.19650404616115 54.321875000000013 123.50000000000001
decision_type=2 2 2 2 2 2 2 2 2 2 2 2 2 2 2 2 2 2 2 2 2 2 2 2 2 2 2 2 2 2
left_child=6 2 9 26 5 -5 7 -1 29 18 11 19 13 14 -12 -13 22 -18 -2 25 21 -10 23 -9 -24 -3 -4 -22 -20 -8
right_child=1 10 3 4 -6 -7 8 16 20 -11 12 15 -14 -15 -16 -17 17 -19 28 -21 27 -23 24 -25 -26 -27 -28 -29 -30 -31
leaf_value=-2.1905524866789554e-06 -2.0753735825695406e-08 3.2635075029676032e-08 6.2904366238396466e-08 -1.5001436975938174e-06 -3.4840113301015667e-07 -5.4735016506345438e-06 -4.1047117716110715e-08 -3.9995416818170024e-08 9.7851179454912875e-07 -1.2210339260576576e-06 -4.7409543139528325e-09 2.465697769236743e-06 -1.1161939558708886e-06 -1.1833984070600915e-06 9.5529534397192725e-07 8.6425406074397417e-07 -5.9513755290345667e-08 1.3326834186445105e-06 1.036063851427928e-06 9.204550326084397e-07 1.0448040235399371e-06 2.3772780468789283e-06 -1.0385770875390419e-06 1.2091117716171658e-06 5.5860505199234468e-08 -7.8860920187095049e-07 -6.7424394015525032e-07 2.3685801711854252e-07 4.0294939258099198e-07 4.8168023867715834e-07
leaf_weight=21 122 56 82 21 24 21 110 241 22 20 5546 21 30 24 54 20 51 39 35 24 29 20 33 23 38 23 20 23 39 22
leaf_count=21 122 56 82 21 24 21 110 241 22 20 5546 21 30 24 54 20 51 39 35 24 29 20 33 23 38 23 20 23 39 22
internal_value=5.4596e-16 -1.61533e-08 -3.59662e-07 -9.71041e-07 -2.34558e-06 -3.48682e-06 1.48601e-07 -2.47574e-08 4.90715e-07 1.15855e-07 6.59718e-09 5.19758e-07 -6.47237e-09 -5.528e-10 4.51654e-09 1.68451e-06 8.22583e-08 5.43772e-07 2.52272e-07 5.61211e-08 1.11511e-06 1.64459e-06 -4.17304e-08 6.88283e-08 -4.52822e-07 -2.06461e-07 -8.16345e-08 6.87443e-07 7.02395e-07 4.60741e-08
internal_weight=6854 6182 384 168 66 42 672 446 226 216 5798 144 5654 5624 5600 41 425 90 196 103 94 42 335 264 71 79 102 52 74 132
internal_count=6854 6182 384 168 66 42 672 446 226 216 5798 144 5654 5624 5600 41 425 90 196 103 94 42 335 264 71 79 102 52 74 132
is_linear=0
shrinkage=0.05


Tree=180
num_leaves=31
num_cat=0
split_feature=15 15 14 24 16 15 3 14 14 17 26 5 17 19 26 5 15 26 5 14 0 18 17 3 26 18 3 21 19 11
split_gain=5.93929e-09 1.74407e-08 4.03009e-08 8.15348e-08 6.36077e-08 1.44546e-08 5.70697e-08 5.38505e-08 1.0844e-07 1.37534e-07 7.25123e-08 4.08617e-08 2.10317e-08 3.14681e-08 1.83759e-08 1.43877e-08 3.7317e-08 2.26507e-08 1.42208e-08 8.77935e-09 1.54633e-08 8.69558e-09 8.41878e-09 7.68404e-09 7.39947e-09 6.35436e-09 5.49646e-09 1.18263e-08 7.6371e-09 4.13115e-09
threshold=-0.97111920233974802 -0.9292178835113839 0.25206111083856975 0.00021105205852884758 940.67000000000007 -0.77788789561442695 33.45000000000001 0.55656748448714433 0.52766072109828632 0.95970013231733531 0.00020368366699458421 13.050000000000002 0.96593365067163883 0.00068675500000000016 0.00074495676006362062 12.750000000000002 -0.99983123799342477 0.00025149481297264146 16.750000000000004 0.13398903995667991 150.50000000000003 0.00023655500000000003 0.77900717361271965 26.050000000000004 0.0005594980253621377 0.0006908900000000001 26.350000000000005 720.50000000000011 0.00060679000000000017 48.065625000000004
decision_type=2 2 2 2 2 2 2 2 2 2 2 2 2 2 2 2 2 2 2 2 2 2 2 2 2 2 2 2 2 2
left_child=15 2 18 22 -5 7 12 8 11 -10 -9 -3 14 -14 -7 16 -1 -17 21 26 -21 -2 -4 24 -19 -12 27 -18 -28 -22
right_child=1 5 3 4 -6 6 -8 10 9 -11 25 -13 13 -15 -16 17 19 23 -20 20 29 -23 -24 -25 -26 -27 28 -29 -30 -31
leaf_value=-2.0810248635089446e-06 -1.9716047997134724e-08 -1.3828372568996313e-09 1.8758023756954083e-07 -3.7655456367247101e-06 -5.6825511133443543e-07 -3.9033019919847465e-08 -2.4091235445666826e-06 1.5762111816066339e-07 6.6400157753118298e-10 -5.4281102450204351e-06 2.1003090896556389e-06 9.5866534272610299e-07 1.1590444856617219e-07 1.1939356677992127e-06 -1.2415229190931854e-06 4.377040296267018e-08 -3.7995642643607281e-08 9.2958619058497964e-07 -1.1599822128083305e-06 -9.64775893989393e-08 1.7131090671574341e-06 6.6727565069100283e-07 -8.4968286801020336e-07 6.5307113235217707e-07 2.258414174320933e-06 3.2393209920655866e-06 -9.8664824508198241e-07 1.1486561850628991e-06 5.306747299839213e-08 7.2133875267441224e-07
leaf_weight=21 122 532 79 35 28 4431 25 71 28 20 25 140 388 82 32 132 241 22 20 48 21 74 26 52 20 24 33 23 38 21
leaf_count=21 122 532 79 35 28 4431 25 71 28 20 25 140 388 82 32 132 241 22 20 48 21 74 26 52 20 24 33 23 38 21
internal_value=-3.9327e-16 -1.53457e-08 -3.41679e-07 -9.22489e-07 -2.34453e-06 6.26732e-09 -2.6228e-08 1.98067e-07 3.46304e-08 -2.26133e-06 1.17869e-06 1.98627e-07 -1.41517e-08 3.03986e-07 -4.7655e-08 1.41171e-07 -2.35196e-08 4.6618e-07 1.10062e-07 7.81454e-08 5.16583e-07 2.39658e-07 -6.92659e-08 1.05935e-06 1.56236e-06 2.65819e-06 -3.96438e-08 6.53869e-08 -4.30181e-07 1.21722e-06
internal_weight=6854 6182 384 168 63 5798 4958 840 720 48 120 672 4933 470 4463 672 446 226 216 425 90 196 105 94 42 49 335 264 71 42
internal_count=6854 6182 384 168 63 5798 4958 840 720 48 120 672 4933 470 4463 672 446 226 216 425 90 196 105 94 42 49 335 264 71 42
is_linear=0
shrinkage=0.05


Tree=181
num_leaves=15
num_cat=0
split_feature=19 27 11 7 23 0 22 18 0 0 24 0 2 5
split_gain=6.09273e-09 3.63702e-08 2.50446e-08 1.4816e-08 2.10237e-08 2.08052e-08 4.13656e-08 1.33441e-08 1.24586e-08 1.57647e-08 2.41949e-08 1.54596e-08 9.81404e-09 6.9175e-09
threshold=0.00080633000000000018 1.5000000000000002 47.80937500000001 13.506469434940906 987.00000000000011 974.50000000000011 997.50000000000011 0.0008117650000000001 960.50000000000011 919.50000000000011 0.00060827545589921055 827.50000000000011 236.50000000000003 11.350000000000003
decision_type=2 2 2 2 2 2 2 2 2 2 2 2 2 2
left_child=3 -2 -3 4 12 8 -7 -4 9 11 -11 -5 13 -1
right_child=1 2 7 5 -6 6 -8 -9 -10 10 -12 -13 -14 -15
leaf_value=-4.4605781113205016e-08 -2.1757961891663319e-06 -1.3235128037081268e-06 -5.1243760642213004e-08 -7.7777593042735869e-09 2.0736764748008342e-06 -2.7479046255507456e-06 4.6790037913524432e-07 1.616096738199513e-06 1.1654253996865643e-06 -2.0189138046096862e-06 -1.573503764173978e-07 3.687922649988551e-07 -7.0080058065968844e-07 1.1497931791592675e-06
leaf_weight=22 22 20 24 6239 20 20 20 24 23 24 64 285 20 27
leaf_count=22 22 20 24 6239 20 20 20 24 23 24 64 285 20 27
internal_value=7.07562e-16 -4.08681e-07 1.63033e-07 5.4378e-09 6.46299e-07 -3.10701e-09 -1.14e-06 7.82426e-07 3.74692e-09 -2.94011e-10 -6.65049e-07 8.67265e-09 2.32566e-07 6.13532e-07
internal_weight=6854 90 68 6764 89 6675 40 48 6635 6612 88 6524 69 49
internal_count=6854 90 68 6764 89 6675 40 48 6635 6612 88 6524 69 49
is_linear=0
shrinkage=0.05


Tree=182
num_leaves=15
num_cat=0
split_feature=24 14 15 14 14 6 14 3 21 0 9 0 0 0
split_gain=6.14945e-09 2.00397e-08 6.33878e-08 2.47216e-08 2.95316e-08 6.23882e-08 5.58945e-08 2.8679e-08 1.71097e-08 2.10637e-08 3.98767e-08 2.10245e-08 3.67937e-08 2.88977e-08
threshold=0.00054374036253356753 0.98049069993378934 1.0000000180025095e-35 0.96904697354198299 0.91596454896554913 0.00071508500000000018 0.86113431103781346 23.850000000000005 969.50000000000011 883.50000000000011 72.858984939691766 827.50000000000011 802.50000000000011 713.50000000000011
decision_type=2 2 2 2 2 2 2 2 2 2 2 2 2 2
left_child=8 3 -3 4 6 -6 7 -2 9 11 -11 12 13 -1
right_child=1 2 -4 -5 5 -7 -8 -9 -10 10 -12 -13 -14 -15
leaf_value=6.6813821986140802e-09 -6.3594104646151548e-07 1.8048625334861421e-07 -3.2971157679639873e-06 1.5957479823989411e-06 -2.6122454259662351e-06 7.3815017553139732e-07 2.2126153746066173e-06 6.9647518296350227e-08 1.3242563536550734e-06 -2.4564587652283384e-06 5.2700339503124792e-07 1.280221327919428e-06 -2.074511831735782e-06 8.2858683889828681e-07
leaf_weight=5672 190 38 20 22 33 24 27 595 25 24 21 33 21 109
leaf_count=5672 190 38 20 22 33 24 27 595 25 24 21 33 21 109
internal_value=4.53243e-16 -1.18139e-07 -1.01869e-06 -5.95173e-08 -1.01423e-07 -1.20155e-06 -2.41969e-08 -1.01132e-07 1.89862e-08 1.34366e-08 -1.06418e-06 2.17473e-08 1.45895e-08 2.21783e-08
internal_weight=6854 949 58 891 869 57 812 785 5905 5880 45 5835 5802 5781
internal_count=6854 949 58 891 869 57 812 785 5905 5880 45 5835 5802 5781
is_linear=0
shrinkage=0.05


Tree=183
num_leaves=13
num_cat=0
split_feature=22 2 0 18 2 23 2 24 17 22 21 23
split_gain=5.84754e-09 7.66197e-09 1.69454e-08 2.47101e-08 1.32132e-08 1.0894e-08 9.00588e-09 6.5067e-09 5.58933e-08 1.65967e-08 3.57752e-08 1.37787e-08
threshold=1007.5000000000001 285.50000000000006 477.50000000000006 0.00076348500000000005 277.50000000000006 761.50000000000011 312.50000000000006 0.0007782154805874847 0.98182638769519159 953.50000000000011 987.00000000000011 916.50000000000011
decision_type=2 2 2 2 2 2 2 2 2 2 2 2
left_child=1 4 -3 5 7 -4 -7 9 -9 10 -1 -11
right_child=-2 2 3 -5 -6 6 -8 8 -10 11 -12 -13
leaf_value=3.1814779824486769e-09 -7.7909282083510342e-07 -8.6737380364692871e-07 3.8337989149983542e-07 -5.9440712334435381e-07 -1.1751937127731558e-06 9.6533236956020122e-07 2.4478512925508681e-06 -2.0267157833586678e-06 1.0794485551254444e-06 1.6611702554095807e-06 -1.8552124541971492e-06 2.7221358642125046e-07
leaf_weight=6527 24 21 24 26 24 20 21 30 28 26 26 57
leaf_count=6527 24 21 24 26 24 20 21 30 28 26 26 57
internal_value=1.93115e-17 2.73766e-09 4.12886e-07 7.0833e-07 -4.10018e-09 1.22943e-06 1.72467e-06 9.85465e-11 -5.27188e-07 4.70714e-09 -4.19198e-09 7.07308e-07
internal_weight=6854 6830 112 91 6718 65 41 6694 58 6636 6553 83
internal_count=6854 6830 112 91 6718 65 41 6694 58 6636 6553 83
is_linear=0
shrinkage=0.05


Tree=184
num_leaves=22
num_cat=0
split_feature=5 16 14 17 14 26 14 14 3 14 2 14 2 7 27 25 15 7 14 7 3
split_gain=5.59127e-09 2.64591e-08 1.25377e-08 1.03383e-08 7.57165e-09 4.77695e-08 1.05124e-07 2.88932e-08 1.24504e-07 3.17327e-08 8.74379e-08 2.42217e-08 2.398e-08 3.28155e-08 5.90165e-09 7.65072e-10 3.09571e-11 1.82207e-11 1.12456e-11 8.9322e-12 2.70021e-12
threshold=2.6500000000000008 258.61000000000007 0.1849296026015865 1.0253463389462343 0.9916835347852474 0.00045876185211527859 0.99700008544936913 0.98667101781630195 16.450000000000003 0.98049069993378934 118.50000000000001 0.95242846126021108 219.50000000000003 59.859752587570377 77.500000000000014 1.5748991218574453e-05 -0.38243420677835349 96.491983568746321 0.13398903995667991 103.50451765700019 16.350000000000005
decision_type=2 2 2 2 2 2 2 2 2 2 2 2 2 2 2 2 2 2 2 2 2
left_child=1 15 -3 4 7 12 -7 9 14 11 -11 -2 13 -6 -9 16 19 -18 -19 -1 -21
right_child=3 2 -4 -5 5 6 -8 8 -10 10 -12 -13 -14 -15 -16 -17 17 18 -20 20 -22
leaf_value=-8.0513326105617695e-08 -1.4399080896532103e-08 2.9114866151758183e-07 1.9073214790902664e-06 -1.0680259810382981e-06 1.4273223200689245e-06 -3.9148666132859942e-06 9.4856827331568644e-07 2.0832076340038908e-07 4.157628030622039e-06 -1.2496288194489275e-07 -3.8510499280164366e-06 4.5631456173691254e-07 -1.629087840085287e-06 -1.0967121195177736e-07 -7.8182753297908306e-07 2.4698877315790141e-07 3.1259577338849096e-08 -3.0901565524888067e-09 -3.1714669637356162e-08 -3.0498460468209036e-08 -5.4017313211790242e-08
leaf_weight=21 5723 20 30 23 41 25 20 34 22 74 20 287 21 227 27 29 20 59 82 26 23
leaf_count=21 5723 20 30 23 41 25 20 34 22 74 20 287 21 227 27 29 20 59 82 26 23
internal_value=-2.91682e-16 2.07488e-07 1.26085e-06 -9.82907e-09 -6.09674e-09 -2.37983e-07 -1.75334e-06 6.42144e-09 9.33029e-07 -6.17823e-09 -9.17747e-07 8.07926e-09 -2.02766e-09 1.25466e-07 -2.29942e-07 4.91848e-09 -2.54713e-08 -1.34021e-08 -1.9737e-08 -5.32305e-08 -4.15379e-08
internal_weight=6854 310 50 6544 6521 334 45 6187 83 6104 94 6010 289 268 61 260 231 161 141 70 49
internal_count=6854 310 50 6544 6521 334 45 6187 83 6104 94 6010 289 268 61 260 231 161 141 70 49
is_linear=0
shrinkage=0.05


Tree=185
num_leaves=13
num_cat=0
split_feature=14 14 21 14 20 14 26 14 19 14 27 27
split_gain=5.36607e-09 2.29444e-08 1.99357e-08 1.02893e-08 4.65447e-08 1.66573e-08 9.32079e-08 2.54263e-08 8.83206e-08 2.81873e-08 2.06406e-08 3.53798e-09
threshold=0.99983759474438971 0.99966190462023474 133.50000000000003 0.99818282439137029 0.00020991000000000003 0.9916835347852474 0.00047104223526006948 0.98667101781630195 0.00049938500000000008 0.98049069993378934 57.166666666666679 45.500000000000007
decision_type=2 2 2 2 2 2 2 2 2 2 2 2
left_child=1 3 -2 5 11 7 10 9 -9 -1 -7 -5
right_child=2 -3 -4 4 -6 6 -8 8 -10 -11 -12 -13
leaf_value=8.7702845034722509e-09 -3.3438693439588214e-07 -1.546964418312295e-06 1.7324788565531435e-06 1.821249969172283e-07 2.3710712644060549e-06 4.6210669588257554e-07 -2.927990607526354e-06 1.3122440715089094e-08 3.6816885074672646e-06 -8.5449482289945422e-07 -7.1496851736043748e-07 -5.2723922862596424e-07
leaf_weight=6302 28 24 20 39 25 101 32 75 21 96 59 32
leaf_count=6302 28 24 20 39 25 101 32 75 21 96 59 32
internal_value=5.94454e-16 -3.71536e-09 5.26807e-07 1.74586e-09 5.15708e-07 -5.6338e-09 -4.64615e-07 7.93632e-09 8.15621e-07 -4.18274e-09 2.80602e-08 -1.37588e-07
internal_weight=6854 6806 48 6782 96 6686 192 6494 96 6398 160 71
internal_count=6854 6806 48 6782 96 6686 192 6494 96 6398 160 71
is_linear=0
shrinkage=0.05


Tree=186
num_leaves=23
num_cat=0
split_feature=25 14 14 26 3 20 5 6 6 14 27 14 25 5 19 27 5 19 24 18 19 21
split_gain=5.70378e-09 4.59848e-08 4.25812e-08 4.14331e-08 6.51638e-08 4.85929e-08 7.98351e-08 4.37354e-08 3.38333e-08 3.24406e-08 1.36668e-07 4.17219e-08 3.12702e-08 2.74936e-08 2.45152e-08 2.82178e-08 2.43165e-08 2.31731e-08 1.96663e-08 1.3037e-08 3.25444e-08 2.43804e-08
threshold=0.00042801999650515972 0.99818282439137029 0.9916835347852474 0.00058508799699519417 17.950000000000003 0.00059103500000000017 9.9500000000000011 0.0005954100000000001 0.00065943000000000002 0.96904697354198299 32.166666666666679 0.98049069993378934 0.00043376311649960753 10.15 0.00047384500000000003 80.166666666666671 4.6500000000000012 0.00032666500000000007 0.00025789668521380792 0.00062883500000000001 0.0003588550000000001 827.50000000000011
decision_type=2 2 2 2 2 2 2 2 2 2 2 2 2 2 2 2 2 2 2 2 2 2
left_child=3 2 9 5 -5 14 -7 -8 13 12 11 -11 -2 -6 19 18 -14 -15 -16 21 -21 -1
right_child=1 -3 -4 4 8 6 7 -9 -10 10 -12 -13 16 17 15 -17 -18 -19 -20 20 -22 -23
leaf_value=8.0004081273224906e-10 -1.9716094820533612e-06 2.1794611195699335e-06 -2.0907691392764079e-06 -1.6445380268237387e-06 6.2336095197679252e-07 7.8137037300101447e-07 -1.0172040068331021e-06 -4.2072714801509966e-06 1.8950393385955868e-07 9.2296671766689547e-07 3.5438823276005375e-06 -2.1146251697246043e-06 1.0573751771337197e-06 3.9555997172714262e-06 1.2179228016230406e-06 1.9554458246041189e-06 -1.5209303508037843e-07 1.6583142133813889e-06 -2.310542370128472e-07 -2.3224647947017729e-06 5.2991989946349344e-07 1.325029549142138e-06
leaf_weight=5025 23 22 27 20 20 28 21 22 33 20 30 26 43 23 36 33 1239 21 67 20 20 35
leaf_count=5025 23 22 27 20 20 28 21 22 33 20 30 26 43 23 36 33 1239 21 67 20 20 35
internal_value=9.23418e-16 -8.88323e-08 -1.24274e-07 2.342e-08 9.54132e-07 2.90122e-09 -1.29638e-06 -2.64933e-06 1.48994e-06 -8.58274e-08 9.18362e-07 -7.93933e-07 -1.44309e-07 2.16048e-06 2.05194e-08 6.83046e-07 -1.11526e-07 2.85917e-06 2.75384e-07 2.85203e-09 -8.96272e-07 9.95973e-09
internal_weight=6854 1430 1408 5424 117 5307 71 43 97 1381 76 46 1305 64 5236 136 1282 44 103 5100 40 5060
internal_count=6854 1430 1408 5424 117 5307 71 43 97 1381 76 46 1305 64 5236 136 1282 44 103 5100 40 5060
is_linear=0
shrinkage=0.05


Tree=187
num_leaves=22
num_cat=0
split_feature=5 26 23 23 6 20 17 18 17 20 15 15 15 18 4 0 1 4 0 2 18
split_gain=5.37747e-09 3.79937e-08 4.03598e-08 7.32806e-08 3.72644e-08 3.65517e-08 3.84425e-08 3.60988e-08 3.20905e-08 3.19627e-08 3.17721e-08 3.10724e-08 2.39238e-08 3.25726e-08 3.44825e-08 2.1303e-08 2.37462e-08 1.59664e-08 9.09217e-08 3.18517e-08 1.52344e-08
threshold=12.65 0.00060815680964385413 895.50000000000011 939.50000000000011 0.00068453500000000011 0.00071982000000000014 0.96593365067163883 0.0003588550000000001 0.95970013231733531 0.00061619500000000005 -0.53495380374625956 -0.99983123799342477 -0.97507822412530132 0.00077832000000000021 4.5000000000000009 1003.5000000000001 911.1500000000002 78.500000000000014 640.50000000000011 218.50000000000003 0.00056674000000000015
decision_type=2 2 2 2 2 2 2 2 2 2 2 2 2 2 2 2 2 2 2 2 2
left_child=11 2 5 -4 7 6 8 -3 -2 -8 -9 -1 -6 14 -14 16 17 19 -19 -13 -12
right_child=1 4 3 -5 12 -7 9 10 -10 -11 20 15 13 -15 -16 -17 -18 18 -20 -21 -22
leaf_value=-1.9497239507126368e-06 2.005403086803143e-09 -3.1424612435178768e-07 -3.7263609374349468e-06 5.5384240880584913e-07 1.2375384958861989e-06 -1.8081716040830577e-06 5.0792998808428071e-07 6.7131643637714284e-07 -1.735426370588458e-06 2.5959892441495049e-06 3.6131667256779024e-06 -4.2137256850252954e-08 1.0481602724136488e-06 -1.8658606592225625e-06 -7.9367914362175422e-07 1.5301297635646322e-06 -1.6320358786683557e-06 1.8971847888956813e-08 1.8575126080589781e-06 -8.9497852239227411e-07 1.8689760281631607e-06
leaf_weight=21 1695 27 20 20 37 27 144 38 27 21 21 3515 54 24 48 22 23 853 73 113 31
leaf_count=21 1695 27 20 20 37 27 144 38 27 21 21 3515 54 24 48 22 23 853 73 113 31
internal_value=-1.69614e-16 6.36893e-08 -1.43657e-08 -1.58626e-06 6.08402e-07 1.84847e-08 4.46213e-08 1.28923e-06 -2.52366e-08 7.73683e-07 1.77028e-06 -3.07969e-08 1.19708e-07 -2.08544e-07 1.81412e-07 -2.20347e-08 -2.94954e-08 -2.14018e-08 1.63911e-07 -6.87004e-08 2.57336e-06
internal_weight=6854 2234 1954 40 280 1914 1887 117 1722 165 90 4620 163 126 102 4599 4577 4554 926 3628 52
internal_count=6854 2234 1954 40 280 1914 1887 117 1722 165 90 4620 163 126 102 4599 4577 4554 926 3628 52
is_linear=0
shrinkage=0.05


Tree=188
num_leaves=20
num_cat=0
split_feature=25 14 14 26 3 22 26 23 18 14 27 14 25 25 14 6 11 7 9
split_gain=5.52766e-09 4.07468e-08 3.79416e-08 3.58986e-08 5.82002e-08 3.59134e-08 6.08755e-08 4.77609e-08 3.13827e-08 2.98592e-08 1.22375e-07 3.74387e-08 2.86747e-08 2.7925e-08 2.39963e-08 1.35066e-08 3.33747e-08 1.63702e-08 1.21896e-08
threshold=0.00042801999650515972 0.99818282439137029 0.9916835347852474 0.00058508799699519417 17.950000000000003 781.50000000000011 0.00039081062986754002 766.50000000000011 0.00069661000000000018 0.96904697354198299 32.166666666666679 0.98049069993378934 0.00026528419177739162 0.00043376311649960753 0.88621069759564464 0.00060489000000000007 42.93437500000001 44.691395884719633 60.704153694964042
decision_type=2 2 2 2 2 2 2 2 2 2 2 2 2 2 2 2 2 2 2
left_child=3 2 9 5 -5 7 -7 15 12 13 11 -11 -6 -2 -15 17 -17 -1 -14
right_child=1 -3 -4 4 8 6 -8 -9 -10 10 -12 -13 18 14 -16 16 -18 -19 -20
leaf_value=1.0213606151410204e-06 -1.867423354625593e-06 2.0477516505417786e-06 -1.977082769355076e-06 -1.566517786670829e-06 3.02473836732986e-06 6.0886581378073206e-07 -2.6050973002945877e-06 1.9140436034886632e-06 -2.1742216779824483e-07 8.8499104492711919e-07 3.3633215177057234e-06 -1.9924582803609019e-06 1.931400810235573e-06 -4.4368619742303881e-08 -8.264924689676634e-07 2.873000226074886e-07 -2.3300103337186603e-06 5.917193069997067e-09 2.2585817822056758e-07
leaf_weight=40 23 22 27 20 32 26 34 33 23 20 30 26 20 1175 107 29 21 5124 22
leaf_count=40 23 22 27 20 32 26 34 33 23 20 30 26 20 1175 107 29 21 5124 22
internal_value=-1.69082e-16 -8.74501e-08 -1.20813e-07 2.30556e-08 8.8938e-07 3.95633e-09 -1.21238e-06 1.78653e-08 1.39575e-06 -8.45206e-08 8.78889e-07 -7.41393e-07 1.89714e-06 -1.40627e-07 -1.09647e-07 5.86414e-09 -8.1197e-07 1.37828e-08 1.03802e-06
internal_weight=6854 1430 1408 5424 117 5307 60 5247 97 1381 76 46 74 1305 1282 5214 50 5164 42
internal_count=6854 1430 1408 5424 117 5307 60 5247 97 1381 76 46 74 1305 1282 5214 50 5164 42
is_linear=0
shrinkage=0.05


Tree=189
num_leaves=31
num_cat=0
split_feature=15 15 6 14 15 11 23 23 25 11 23 18 6 15 21 17 2 0 23 17 14 21 1 23 18 14 16 7 7 4
split_gain=5.48238e-09 1.57923e-08 5.4749e-08 2.00819e-08 9.33992e-09 3.11538e-08 1.97853e-08 1.68828e-08 2.12484e-08 8.45509e-09 4.13826e-08 2.5356e-08 3.23862e-08 2.70296e-08 1.86918e-08 8.15734e-08 4.18147e-08 2.92862e-08 2.15156e-08 8.20418e-09 9.17886e-09 1.33065e-08 7.79051e-09 7.23991e-09 4.28246e-09 4.10186e-09 4.82891e-10 3.02305e-10 5.54517e-11 2.14074e-11
threshold=-0.97111920233974802 -0.9575230291762723 0.00058263500000000008 0.25206111083856975 -0.99628250747696534 53.781250000000007 127.50000000000001 798.50000000000011 0.00044278007939447785 53.781250000000007 581.50000000000011 0.00077832000000000021 0.00034458500000000006 -0.6905596507703472 738.50000000000011 0.99812272828980653 183.50000000000003 827.50000000000011 911.50000000000011 0.97827567711515584 -0.1350501201252472 766.50000000000011 485.05000000000001 416.50000000000006 0.00061284500000000021 0.16799745313369893 39.550000000000004 93.904973214891228 93.331494539954591 1.0000000180025095e-35
decision_type=2 2 2 2 2 2 2 2 2 2 2 2 2 2 2 2 2 2 2 2 2 2 2 2 2 2 2 2 2 2
left_child=4 2 3 22 5 7 26 8 23 14 -11 12 -12 -13 17 16 -16 18 -3 20 21 -8 27 -1 -21 -22 28 -2 -6 -30
right_child=1 9 -4 -5 6 -7 19 -9 -10 10 11 13 -14 -15 15 -17 -18 -19 -20 24 25 -23 -24 -25 -26 -27 -28 -29 29 -31
leaf_value=-3.9386344571755071e-09 2.1813938936077193e-07 6.7085763767928041e-09 -2.6592871768116314e-06 -1.0336694165409044e-06 4.718965705308165e-08 -1.8642465380727789e-06 4.852478137597526e-07 1.3840163926591811e-06 -1.504432012829373e-06 2.44542335224196e-06 -1.5931661221202376e-06 -1.2495822049233359e-07 5.034422838715251e-07 -2.2878748040966458e-06 2.3758233000343463e-07 -2.939312505288529e-06 -7.8431959921914468e-07 1.4723174414023241e-06 -1.5602384391658316e-06 1.589001684619364e-06 9.2102631063838956e-07 -1.1010372003283919e-06 1.1625414153761746e-06 1.0080231010078935e-06 6.4444914334517629e-07 2.305547061117371e-07 -2.5066296859162569e-07 -2.0955937211161094e-08 7.7177138990691669e-09 -4.7374095068307548e-08
leaf_weight=152 20 5185 25 38 20 23 39 22 23 20 20 52 233 20 262 28 162 34 22 28 76 20 22 20 21 30 29 39 20 149
leaf_count=152 20 5185 25 38 20 23 39 22 23 20 20 52 233 20 262 28 162 34 22 28 76 20 22 20 21 30 29 39 20 149
internal_value=-2.36288e-17 -1.47436e-08 -5.32224e-07 -8.53615e-08 1.35632e-07 -1.14456e-07 2.7457e-07 7.10056e-08 -7.7129e-08 -2.40221e-09 2.37947e-07 1.02103e-07 3.37702e-07 -7.25768e-07 -1.69676e-08 -3.25473e-07 -1.52861e-07 9.63891e-09 8.80973e-11 6.16094e-07 4.47385e-07 -5.24759e-08 3.59524e-07 1.13731e-07 1.18419e-06 7.2561e-07 -6.06872e-08 6.00933e-08 -3.15375e-08 -4.08544e-08
internal_weight=6854 6182 144 119 672 240 432 217 195 6038 345 325 253 72 5693 452 424 5241 5207 214 165 59 81 172 49 106 218 59 189 169
internal_count=6854 6182 144 119 672 240 432 217 195 6038 345 325 253 72 5693 452 424 5241 5207 214 165 59 81 172 49 106 218 59 189 169
is_linear=0
shrinkage=0.05


Tree=190
num_leaves=21
num_cat=0
split_feature=14 19 14 3 24 27 6 17 17 3 14 6 14 6 14 23 17 7 27 27
split_gain=5.29736e-09 8.08966e-09 6.65234e-09 5.73795e-08 9.32955e-08 7.95289e-08 1.05517e-07 3.33351e-08 4.59151e-08 2.65267e-08 1.21407e-08 3.01747e-08 1.79413e-08 4.12575e-08 1.1419e-08 3.01056e-08 1.21276e-08 1.28894e-10 1.18465e-10 4.89818e-11
threshold=-0.99940763397299126 0.00015806500000000001 -0.95754239937548935 24.850000000000005 0.00062660670358882277 0.50000000000000011 0.00051444000000000012 0.93422856074854277 0.91235872504674465 23.550000000000004 -0.94975917145599731 0.00016605000000000002 -0.93879691571722779 0.00030492000000000008 -0.91289842852956904 454.00000000000006 0.99713837927718252 101.78314279498169 2.8333333333333335 8.8333333333333339
decision_type=2 2 2 2 2 2 2 2 2 2 2 2 2 2 2 2 2 2 2 2
left_child=1 19 3 7 5 -5 -7 8 9 -2 11 17 13 18 15 -14 -16 -4 -12 -1
right_child=2 -3 10 4 -6 6 -8 -9 -10 -11 12 -13 14 -15 16 -17 -18 -19 -20 -21
leaf_value=3.7958313725265475e-08 1.0618601151517776e-07 9.4840378251584651e-07 1.2205115822894186e-07 6.1775523874985093e-07 1.5340396489789228e-06 -1.0766872368468549e-06 -5.3958592712451022e-06 1.4454444879401052e-06 -2.0038576222163854e-06 -1.7056732372923634e-06 2.8482132847784668e-08 2.3077674211435806e-06 -2.8679303951905052e-08 -2.5811975536850119e-06 1.8652792119400466e-08 1.8997028448587838e-06 -3.5338390069321644e-07 -3.9756360958875804e-08 2.0057562608144508e-07 -5.8283982831142115e-08
leaf_weight=39 531 37 20 20 23 31 26 39 29 21 20 20 67 22 5580 29 228 32 20 20
leaf_count=39 531 37 20 20 23 31 26 39 29 21 20 20 67 22 5580 29 228 32 20 20
internal_value=1.15853e-16 3.68809e-07 -5.23907e-09 -1.48897e-07 -1.26032e-06 -2.09499e-06 -3.04684e-06 3.03647e-08 -6.46235e-08 3.72566e-08 1.18913e-08 6.5728e-07 4.10254e-09 -8.42019e-07 1.2988e-08 5.53853e-07 4.04805e-09 2.24773e-08 1.14529e-07 5.33381e-09
internal_weight=6854 96 6758 720 100 77 57 620 581 552 6038 72 5966 62 5904 96 5808 52 40 59
internal_count=6854 96 6758 720 100 77 57 620 581 552 6038 72 5966 62 5904 96 5808 52 40 59
is_linear=0
shrinkage=0.05


Tree=191
num_leaves=20
num_cat=0
split_feature=5 26 19 18 25 15 11 21 3 18 14 15 14 7 0 1 19 17 1
split_gain=5.41767e-09 3.46316e-08 4.36308e-08 5.52918e-08 4.40307e-08 3.06325e-08 2.81281e-08 2.91072e-08 5.47622e-08 4.02419e-08 3.99576e-08 2.73733e-08 2.58733e-08 1.97662e-08 1.82317e-08 2.12142e-08 1.66583e-08 1.50236e-08 2.20441e-08
threshold=12.65 0.00060815680964385413 0.00034838500000000005 0.0003588550000000001 0.00069681105718388044 -0.97507822412530132 56.037500000000009 833.50000000000011 25.350000000000005 0.00062883500000000001 -0.89832046920331654 -0.99983123799342477 0.85226249403558707 16.561996859668579 1003.5000000000001 911.1500000000002 0.0005485100000000001 1.0133872625401985 867.85000000000002
decision_type=2 2 2 2 2 2 2 2 2 2 2 2 2 2 2 2 2 2 2
left_child=11 6 -3 -4 13 -6 7 9 12 16 -11 -1 -9 -5 15 17 -2 18 -13
right_child=1 2 3 4 5 -7 -8 8 -10 10 -12 14 -14 -15 -16 -17 -18 -19 -20
leaf_value=-1.8319999017399997e-06 -1.8348484317250584e-08 2.8343773033157051e-06 -1.9873562970153876e-06 -3.0666961744632968e-07 1.3838613804750822e-06 -8.7102174112758009e-07 -1.5561833553702257e-06 2.5047942151500955e-06 -8.3647459803160018e-07 -2.5956606443152715e-06 -4.3028966902034196e-07 -2.7563490811338195e-08 4.685326600268197e-07 1.3414997805311407e-06 1.4132357622739535e-06 -1.544285560058874e-06 5.1618824921493087e-07 -9.9908134923400481e-07 8.5438066932397305e-07
leaf_weight=21 1539 20 22 21 20 61 29 39 32 27 101 4443 26 136 22 23 161 39 72
leaf_count=21 1539 20 22 21 20 61 29 39 32 27 101 4443 26 136 22 23 161 39 72
internal_value=-1.93017e-17 6.39269e-08 5.8398e-07 4.10873e-07 6.32558e-07 -3.1426e-07 -1.05946e-08 1.26896e-08 8.56718e-07 -3.20974e-08 -8.87048e-07 -3.09118e-08 1.69029e-06 1.12104e-06 -2.26877e-08 -2.95897e-08 3.22753e-08 -2.19397e-08 -1.34993e-08
internal_weight=6854 2234 280 260 238 81 1954 1925 97 1828 128 4620 65 157 4599 4577 1700 4554 4515
internal_count=6854 2234 280 260 238 81 1954 1925 97 1828 128 4620 65 157 4599 4577 1700 4554 4515
is_linear=0
shrinkage=0.05


Tree=192
num_leaves=23
num_cat=0
split_feature=5 5 26 25 23 23 2 20 17 0 2 26 20 14 25 18 23 21 5 25 5 15
split_gain=5.55735e-09 5.79273e-09 3.18266e-08 4.16936e-08 3.53444e-08 6.27855e-08 3.3871e-08 3.12202e-08 3.40056e-08 3.09524e-08 2.82132e-08 2.47583e-08 5.57558e-08 4.26929e-08 6.03036e-08 2.72291e-08 3.41479e-08 2.69739e-08 4.45996e-08 3.03249e-08 1.54983e-08 1.00473e-08
threshold=28.450000000000003 12.65 0.00060815680964385413 0.0006865855857647597 895.50000000000011 939.50000000000011 152.50000000000003 0.00071982000000000014 0.96593365067163883 888.50000000000011 162.50000000000003 0.00054661041210009602 0.00057926500000000014 0.98372640911059162 0.00046873551491774626 0.00073085499999999998 756.50000000000011 775.50000000000011 5.9500000000000011 0.00057336054889525138 8.6500000000000004 -0.97507822412530132
decision_type=2 2 2 2 2 2 2 2 2 2 2 2 2 2 2 2 2 2 2 2 2 2
left_child=1 11 4 6 7 -6 -4 8 -3 -8 -5 15 -13 14 -14 17 -17 19 -19 -1 -18 -12
right_child=-2 2 3 10 5 -7 9 -9 -10 -11 21 12 13 -15 -16 16 20 18 -20 -21 -22 -23
leaf_value=2.1379426084392475e-09 -8.121346519644812e-07 -1.3190784877503906e-08 2.9181188213759209e-06 -1.7850963104137919e-06 -3.4540660863058294e-06 5.0779968006509081e-07 1.0882068496934714e-06 -1.6593765360960755e-06 7.3850064396627645e-07 -8.3285401819921406e-07 1.1763638278239342e-06 -2.7100228161695367e-06 1.064306760487371e-06 -2.3938991220843904e-06 -4.0855664135261552e-07 2.1264796221403765e-06 -9.217710963970273e-07 1.4660357666426451e-06 -9.5107764065281865e-07 1.1081778790780629e-06 9.1550165090363107e-07 -1.3230217306996069e-07
leaf_weight=3799 21 1707 21 23 20 20 130 27 165 25 20 24 85 22 381 34 22 22 144 63 24 55
leaf_count=3799 21 1707 21 23 20 20 130 27 165 25 20 24 85 22 381 34 22 22 144 63 24 55
internal_value=-4.43618e-16 2.49595e-09 6.90135e-08 5.73429e-07 -2.26537e-09 -1.47313e-06 1.03367e-06 2.87166e-08 5.30641e-08 7.78358e-07 -2.53128e-07 -2.93663e-08 -3.57227e-07 -2.41516e-07 -1.39901e-07 1.14967e-08 9.24917e-07 -6.64477e-09 -6.30737e-07 2.01805e-08 3.6806e-08 2.16675e-07
internal_weight=6854 6833 2213 274 1939 40 176 1899 1872 155 98 4620 512 488 466 4108 80 4028 166 3862 46 75
internal_count=6854 6833 2213 274 1939 40 176 1899 1872 155 98 4620 512 488 466 4108 80 4028 166 3862 46 75
is_linear=0
shrinkage=0.05


Tree=193
num_leaves=27
num_cat=0
split_feature=15 25 15 20 15 23 23 24 5 27 3 26 6 26 15 4 11 23 5 15 23 3 11 13 11 3
split_gain=5.22863e-09 2.96861e-08 1.21201e-08 2.38539e-08 1.16022e-08 5.82086e-08 2.29837e-08 9.6762e-09 6.81686e-09 2.45395e-08 5.0106e-08 2.75564e-08 4.24525e-08 4.0765e-08 1.90237e-08 1.57765e-08 5.59665e-08 1.92523e-08 5.12362e-09 4.40617e-09 3.47338e-09 2.19942e-09 1.69337e-09 3.80744e-11 1.99588e-12 5.05626e-14
threshold=0.91936090643431534 0.00043083862498527475 0.87394374251212481 6.3385000000000017e-05 0.95499258812111987 326.50000000000006 340.50000000000006 0.00011452261573689318 13.850000000000003 99.500000000000014 21.450000000000003 0.00027338857803256756 0.00051444000000000012 0.00035587194134006477 -0.99983123799342477 78.500000000000014 41.581250000000004 716.50000000000011 20.150000000000002 0.89784768270548698 65.500000000000014 15.050000000000002 15.403125000000001 1.0000000180025095e-35 14.715625000000001 13.65
decision_type=2 2 2 2 2 2 2 2 2 2 2 2 2 2 2 2 2 2 2 2 2 2 2 2 2 2
left_child=2 4 8 23 5 18 7 20 14 11 21 12 -10 -13 -1 17 -17 -16 22 -5 -6 -11 -2 -4 25 -25
right_child=1 -3 3 19 6 -7 -8 -9 9 10 -12 13 -14 -15 15 16 -18 -19 -20 -21 -22 -23 -24 24 -26 -27
leaf_value=-1.4047838449187113e-06 -2.1280558247078934e-08 -1.7778348314499858e-06 4.6903090495085228e-08 8.4029206111798293e-07 -2.916747043273876e-08 -2.8434240773224576e-06 1.2826068409460253e-06 -1.1060934630791052e-06 1.9922744608332925e-08 -2.5988747574956506e-07 -2.9407478837129021e-06 1.5662846568068634e-06 -1.894248497743926e-06 2.4963907733850612e-07 -2.0920890392666135e-08 2.9920831381741189e-08 1.3004807484677944e-06 -3.424048292402801e-07 7.4919118219440862e-07 1.7713962043436134e-06 6.5916350043456382e-07 4.3421410450286031e-07 -5.4057149391439906e-07 -2.0660661313004747e-08 -3.9186675799614492e-08 -2.4173451436126924e-08
leaf_weight=25 73 27 21 24 144 21 38 20 840 25 20 66 30 538 3308 814 97 542 20 27 21 21 20 21 31 20
leaf_count=25 73 27 21 24 144 21 38 20 840 25 20 66 30 538 3308 814 97 542 20 27 21 21 20 21 31 20
internal_value=1.3114e-16 -1.79258e-07 1.06391e-08 4.64219e-07 -5.83571e-08 -4.26067e-07 1.62599e-07 -6.7457e-08 3.14177e-10 9.18147e-08 -8.51419e-07 1.34049e-07 -4.60832e-08 3.93511e-07 -2.91281e-08 -2.19045e-08 1.65205e-07 -6.61791e-08 2.31762e-08 1.33323e-06 5.84383e-08 5.6985e-08 -1.32956e-07 -1.23351e-08 -2.96129e-08 -2.23742e-08
internal_weight=6854 384 6470 144 357 134 223 185 6326 1540 66 1474 870 604 4786 4761 911 3850 113 51 165 46 93 93 72 41
internal_count=6854 384 6470 144 357 134 223 185 6326 1540 66 1474 870 604 4786 4761 911 3850 113 51 165 46 93 93 72 41
is_linear=0
shrinkage=0.05


Tree=194
num_leaves=22
num_cat=0
split_feature=24 24 26 19 18 2 2 27 26 17 24 23 27 23 18 18 6 0 6 0 26
split_gain=5.6598e-09 4.88651e-08 2.74332e-08 3.49991e-08 2.90455e-08 1.90652e-08 1.86717e-08 3.67355e-08 1.52204e-08 1.19261e-08 1.14305e-08 1.9139e-08 2.51093e-08 2.10241e-08 1.62836e-08 3.77563e-08 2.88012e-08 1.95761e-08 1.85244e-08 5.64636e-09 4.4886e-09
threshold=0.00069681105718388044 0.00069292071768410212 0.00068070483343839075 0.00054044500000000018 0.00075753000000000007 154.50000000000003 175.50000000000003 1.0000000180025095e-35 0.00042285504610870477 0.92301044407885657 0.00066742474807920395 732.50000000000011 6.166666666666667 829.50000000000011 0.00067164500000000012 0.00066552500000000004 0.00057809000000000018 784.50000000000011 0.00070488000000000007 914.50000000000011 0.00075189565443834589
decision_type=2 2 2 2 2 2 2 2 2 2 2 2 2 2 2 2 2 2 2 2 2
left_child=1 10 3 -2 -4 8 7 -6 -5 -7 14 -12 13 -13 15 18 -16 -18 -1 -11 -8
right_child=2 -3 4 5 6 9 20 -9 -10 19 11 12 -14 -15 16 -17 17 -19 -20 -21 -22
leaf_value=1.018334869340961e-08 -9.5576960598793517e-07 -2.1728048899114164e-06 1.2662670015246972e-06 8.701095175922547e-07 -5.6592035367362698e-08 1.5466753170172027e-06 5.6509931136176982e-07 -2.6648232714139625e-06 2.6508189298724008e-06 5.4677874825554485e-07 6.5393797016737994e-07 -1.1798474798549056e-06 -2.1454412258545171e-06 8.6034441338874207e-07 -9.9742386131159359e-07 -1.910496012031287e-06 1.6896140696630261e-07 1.0805400094748632e-06 -6.6929988699343423e-07 -3.9041015270413487e-07 -4.8152952928148814e-07
leaf_weight=6039 29 26 22 24 27 22 21 27 24 45 26 28 27 23 33 26 131 107 102 25 20
leaf_count=6039 29 26 22 24 27 22 21 27 24 45 26 28 27 23 33 26 131 107 102 25 20
internal_value=2.38437e-16 -9.48124e-09 2.17737e-07 6.25187e-07 -3.70802e-07 9.52671e-07 -7.49913e-07 -1.36071e-06 1.76046e-06 5.31214e-07 -8.83497e-10 -5.20888e-07 -9.12496e-07 -2.59761e-07 7.5167e-09 -9.15263e-09 3.86851e-07 5.78789e-07 -1.10265e-09 2.12068e-07 5.45487e-08
internal_weight=6854 6568 286 169 117 140 95 54 48 92 6542 104 78 51 6438 6167 271 238 6141 70 41
internal_count=6854 6568 286 169 117 140 95 54 48 92 6542 104 78 51 6438 6167 271 238 6141 70 41
is_linear=0
shrinkage=0.05


Tree=195
num_leaves=31
num_cat=0
split_feature=15 15 6 14 14 14 1 1 19 11 1 14 19 14 22 9 14 19 14 17 5 15 0 1 2 14 14 6 21 8
split_gain=5.40521e-09 3.62029e-08 9.19702e-08 5.34806e-08 3.61913e-08 8.43762e-08 1.22553e-07 5.99385e-08 2.28612e-08 4.18654e-08 7.09711e-08 4.68338e-08 3.62408e-08 3.20557e-08 3.13683e-08 2.74279e-08 2.03757e-08 5.05782e-08 2.31132e-08 5.50807e-08 1.51836e-08 1.26622e-08 2.34388e-08 2.03843e-08 1.23433e-08 5.8863e-09 4.46027e-09 1.27045e-08 6.52977e-09 3.90525e-09
threshold=-0.72102888505294738 -0.6523320455745395 0.00041274000000000004 0.69056404122701587 0.55656748448714433 0.52766072109828632 510.90000000000003 631.6500000000002 0.00071982000000000014 43.328125000000007 765.45000000000016 0.77244481603295057 0.00071293000000000018 0.90892735371523092 932.50000000000011 67.294547757043986 0.48314048284850658 0.00015541000000000003 0.25206111083856975 0.98182638769519159 12.750000000000002 -0.67801649466304881 162.50000000000003 298.45000000000005 224.50000000000003 0.61237135649459018 0.62587949062545845 2.2285000000000004e-05 176.50000000000003 264.23396117118233
decision_type=2 2 2 2 2 2 2 2 2 2 2 2 2 2 2 2 2 2 2 2 2 2 2 2 2 2 2 2 2 2
left_child=4 2 21 -4 5 16 -7 24 12 -10 11 -11 14 -12 15 -3 18 29 20 -20 -1 22 -2 -23 26 -9 27 -6 -28 -18
right_child=1 8 3 -5 7 6 -8 25 9 10 13 -13 -14 -15 -16 -17 17 -19 19 -21 -22 23 -24 -25 -26 -27 28 -29 -30 -31
leaf_value=-1.4223015095758526e-08 -4.971057041745409e-08 -3.6184987590683888e-09 -7.2714646243233851e-07 -3.39773050535242e-06 -6.3485914552074975e-08 5.8383412238072202e-08 -5.0661938371376897e-06 2.4891132996425076e-06 2.181636688708915e-06 1.5593766799308166e-07 2.0888505115124191e-06 -3.0378905807734473e-06 -1.9156822181685128e-06 6.6506018470136047e-10 -1.4179653729885245e-06 1.5951016284479584e-06 3.5597439152339079e-07 2.6337949241049223e-06 -1.4551928605539659e-07 -2.2682576500568866e-06 3.3055308129521074e-07 -4.8608910105940599e-09 1.6991028687129984e-06 -1.8935785496498881e-06 1.3812411594926745e-06 1.4394875217311149e-06 6.4571565010765247e-08 1.3581909611688885e-06 -9.4769973357989287e-07 -5.6629200422264609e-07
leaf_weight=962 95 4210 37 38 55 28 20 34 33 24 40 22 25 34 39 27 22 26 302 34 478 50 24 20 20 22 66 22 21 24
leaf_count=962 95 4210 37 38 55 28 20 34 33 24 40 22 25 34 39 27 22 26 302 34 478 50 24 20 20 22 66 22 21 24
internal_value=-9.84099e-16 -2.98762e-08 -5.98776e-07 -2.08024e-06 6.59907e-08 -7.23407e-09 -2.07686e-06 6.44466e-07 3.8439e-09 6.04442e-07 1.70713e-07 -1.37155e-06 -1.75212e-08 1.12941e-06 -6.42348e-09 6.56924e-09 4.65224e-08 8.71099e-07 1.30936e-08 -3.6032e-07 1.00223e-07 -1.08923e-08 3.02991e-07 -5.44495e-07 2.08551e-07 2.07676e-06 6.55397e-08 3.42707e-07 -1.7977e-07 -1.25208e-07
internal_weight=6854 4718 264 75 2136 1896 48 240 4454 153 120 46 4301 74 4276 4237 1848 72 1776 336 1440 189 119 70 184 56 164 77 87 46
internal_count=6854 4718 264 75 2136 1896 48 240 4454 153 120 46 4301 74 4276 4237 1848 72 1776 336 1440 189 119 70 184 56 164 77 87 46
is_linear=0
shrinkage=0.05


Tree=196
num_leaves=13
num_cat=0
split_feature=23 25 25 4 0 5 0 0 14 21 19 24
split_gain=5.1951e-09 1.81191e-08 2.44602e-08 2.12347e-08 9.56616e-09 3.41231e-08 1.09325e-08 1.65451e-08 3.70698e-08 1.73183e-08 1.12606e-08 1.00966e-08
threshold=969.50000000000011 0.00050815714420566474 0.00069681105718388044 1.0000000180025095e-35 971.50000000000011 11.450000000000001 953.50000000000011 919.50000000000011 0.71503381463111937 969.50000000000011 0.00073564000000000019 0.0007081188164824282
decision_type=2 2 2 2 2 2 2 2 2 2 2 2
left_child=4 -2 -3 -4 6 -6 7 9 10 11 -9 -1
right_child=1 2 3 -5 5 -7 -8 8 -10 -11 -12 -13
leaf_value=-6.9523109153637837e-09 1.7040667944456801e-06 -1.3520426863499819e-06 1.8398352603114855e-06 -1.8236953247410653e-07 3.5341564910140736e-07 -2.2404499347993851e-06 8.3474636534074079e-07 7.0855786549961118e-07 -2.2274034336078331e-06 1.4382031265215899e-06 -5.9242968227306683e-07 5.5137264077500199e-07
leaf_weight=6466 20 23 21 34 32 21 39 29 27 21 39 82
leaf_count=6466 20 23 21 34 32 21 39 29 27 21 39 82
internal_value=-2.248e-16 3.61432e-07 1.71666e-08 5.89745e-07 -5.2428e-09 -6.74342e-07 4.77123e-11 -4.83723e-09 -6.59963e-07 4.63711e-09 -3.75968e-08 3.9541e-11
internal_weight=6854 98 78 55 6756 53 6703 6664 95 6569 68 6548
internal_count=6854 98 78 55 6756 53 6703 6664 95 6569 68 6548
is_linear=0
shrinkage=0.05


Tree=197
num_leaves=18
num_cat=0
split_feature=5 5 24 14 1 14 1 3 9 14 3 5 23 14 6 14 5
split_gain=5.18539e-09 5.18794e-09 2.47718e-08 2.13297e-08 1.50447e-08 6.4805e-09 1.93564e-08 3.71061e-08 1.97389e-08 1.38924e-08 1.06962e-07 4.88049e-08 3.00546e-08 1.02382e-08 2.69117e-08 1.58178e-08 8.01375e-09
threshold=28.450000000000003 22.650000000000002 0.0004711290317216831 0.36648264796514479 274.05000000000001 -0.99275805973510278 701.60000000000014 25.450000000000003 27.103596214482291 -0.95754239937548935 24.350000000000005 12.550000000000002 769.50000000000011 -0.94975917145599731 0.00016605000000000002 -0.93879691571722779 11.750000000000002
decision_type=2 2 2 2 2 2 2 2 2 2 2 2 2 2 2 2 2
left_child=1 5 3 -3 -5 6 7 8 -1 10 12 -12 -7 14 -11 -15 -8
right_child=-2 2 -4 4 -6 9 16 -9 -10 13 11 -13 -14 15 -16 -17 -18
leaf_value=6.2462197001044452e-08 -7.8448515252949575e-07 -1.2145133579311874e-06 1.9344055590408973e-06 -6.7345007947458216e-08 1.6193632389871482e-06 -1.479750889517831e-07 3.2853283318427906e-07 -2.0444598629865142e-06 1.7004055854386026e-06 -6.0137301604710032e-09 -1.1207367110728228e-06 -4.4345103876253231e-06 1.4674947641240931e-06 -7.9485707663978605e-07 2.1580494234285654e-06 8.0453490709144543e-09 1.4739682863032735e-06
leaf_weight=229 21 26 20 39 20 404 26 20 20 51 25 20 31 62 20 5783 37
leaf_count=229 21 26 20 39 20 404 26 20 20 51 25 20 31 62 20 5783 37
internal_value=3.41026e-16 2.41097e-09 3.51158e-07 -2.1371e-08 5.0442e-07 -3.03172e-09 2.12354e-07 2.75939e-08 1.94024e-07 -1.42118e-08 -2.72913e-07 -2.59353e-06 -3.28497e-08 6.77813e-09 6.03582e-07 -4.71323e-10 1.00125e-06
internal_weight=6854 6833 105 85 59 6728 332 269 249 6396 480 45 435 5916 71 5845 63
internal_count=6854 6833 105 85 59 6728 332 269 249 6396 480 45 435 5916 71 5845 63
is_linear=0
shrinkage=0.05


Tree=198
num_leaves=22
num_cat=0
split_feature=5 0 14 17 14 4 21 0 26 14 3 14 18 14 27 7 8 14 15 7 14
split_gain=4.92472e-09 2.3118e-08 1.56e-08 8.00232e-09 6.03407e-09 3.95904e-08 8.05618e-08 3.77882e-08 2.71028e-08 2.01723e-08 9.25517e-08 2.28908e-08 5.77041e-08 1.95534e-08 5.27554e-09 1.05462e-09 5.60802e-10 1.76553e-11 1.12737e-11 5.47882e-12 3.77915e-13
threshold=2.6500000000000008 232.50000000000003 0.42179998225932674 1.0253463389462343 0.9916835347852474 18.500000000000004 751.50000000000011 357.50000000000006 0.00048464190990169892 0.98667101781630195 16.450000000000003 0.98049069993378934 0.00041619000000000004 0.95242846126021108 77.500000000000014 85.870984778021224 101.96126059785753 -0.92639590246648662 0.70897861563100306 100.38981559153846 -0.98214942551678475
decision_type=2 2 2 2 2 2 2 2 2 2 2 2 2 2 2 2 2 2 2 2 2
left_child=1 15 -3 4 9 7 8 16 -7 11 14 13 -13 -2 -11 -1 -6 20 19 -19 -17
right_child=3 2 -4 -5 5 6 -8 -9 -10 10 -12 12 -14 -15 -16 17 -18 18 -20 -21 -22
leaf_value=2.5931010091321349e-07 -1.3380690248491666e-08 2.2504501878017894e-07 2.1158117292567152e-06 -9.4022416120602106e-07 1.6593742218927987e-07 -2.2159186469192838e-08 -3.4002095097982669e-06 2.3858606418798446e-06 -1.5666283622184701e-06 1.9114040103364889e-07 3.5596786925783484e-06 2.7377023514178968e-08 -2.6814819364062715e-06 4.0954642336491334e-07 -7.4501280043595792e-07 -3.5174303310470402e-09 -1.6923435284995256e-07 -6.0302033801917782e-08 4.0542791879261135e-09 -3.2052226518030277e-08 4.1778566647373609e-09
leaf_weight=39 5723 20 24 23 26 204 22 25 33 34 22 66 28 287 27 39 24 20 20 121 27
leaf_count=39 5723 20 24 23 26 204 22 25 33 34 22 66 28 287 27 39 24 20 20 121 27
internal_value=-7.14179e-16 1.94728e-07 1.25637e-06 -9.22461e-09 -5.94091e-09 -2.12948e-07 -5.05883e-07 7.98657e-07 -2.37212e-07 5.23418e-09 7.79474e-07 -5.29366e-09 -7.79517e-07 6.81566e-09 -2.23222e-07 1.91182e-08 5.05497e-09 -2.21482e-08 -3.10762e-08 -3.60593e-08 -3.69358e-10
internal_weight=6854 310 44 6544 6521 334 259 75 237 6187 83 6104 94 6010 61 266 50 227 161 141 66
internal_count=6854 310 44 6544 6521 334 259 75 237 6187 83 6104 94 6010 61 266 50 227 161 141 66
is_linear=0
shrinkage=0.05


Tree=199
num_leaves=12
num_cat=0
split_feature=3 3 3 3 26 24 14 1 24 18 17
split_gain=4.77298e-09 8.64998e-09 5.11411e-09 1.47001e-08 1.26441e-08 1.73537e-08 3.448e-08 2.71343e-08 1.21001e-08 1.85832e-08 9.39421e-09
threshold=35.850000000000001 34.20000000000001 28.750000000000004 29.050000000000004 0.0007782154805874847 0.00072006010827437852 0.84313847884979054 911.1500000000002 0.00076328470760311112 0.00060249500000000009 0.94189788821741838
decision_type=2 2 2 2 2 2 2 2 2 2 2
left_child=1 2 4 -4 5 7 -7 -1 9 -5 -6
right_child=-2 -3 3 8 10 6 -8 -9 -10 -11 -12
leaf_value=-8.6767731845209768e-09 5.9094296527545716e-07 -7.7594169817353367e-07 1.1256615165946741e-06 -1.8316956941006484e-07 -1.2942533658133471e-07 6.7217008294150007e-08 2.0654183551490252e-06 -1.8089978918093646e-06 -1.0058821639328623e-06 5.783692080996161e-07 -1.6619237167958546e-06
leaf_weight=6231 34 36 37 179 20 77 30 21 24 145 20
leaf_count=6231 34 36 37 179 20 77 30 21 24 145 20
internal_value=-5.98248e-16 -2.94605e-09 1.15593e-09 1.78142e-07 -9.49252e-09 -3.91817e-09 6.2746e-07 -1.47239e-08 7.73995e-08 1.57643e-07 -8.95675e-07
internal_weight=6854 6820 6784 385 6399 6359 107 6252 348 324 40
internal_count=6854 6820 6784 385 6399 6359 107 6252 348 324 40
is_linear=0
shrinkage=0.05


Tree=200
num_leaves=21
num_cat=0
split_feature=23 19 7 27 22 26 1 22 24 2 24 14 23 24 24 4 0 22 27 26
split_gain=4.84209e-09 1.44321e-08 2.04525e-08 1.6832e-08 8.65e-09 2.74835e-08 3.54939e-08 2.14785e-08 1.7665e-08 3.54794e-08 3.26333e-08 2.95785e-08 6.4251e-08 2.8757e-08 2.69479e-08 2.32391e-08 1.5757e-08 1.54259e-08 1.52846e-08 9.13088e-09
threshold=969.50000000000011 0.00055752999999999998 13.506469434940906 12.833333333333334 909.50000000000011 0.00035587194134006477 894.20000000000016 914.50000000000011 0.0007081188164824282 154.50000000000003 0.00066742474807920395 0.26866988313759588 732.50000000000011 0.00062660670358882277 0.00062058274066632303 18.500000000000004 914.50000000000011 932.50000000000011 0.50000000000000011 0.00066255616537437242
decision_type=2 2 2 2 2 2 2 2 2 2 2 2 2 2 2 2 2 2 2 2
left_child=4 -2 -3 -4 8 -6 7 -7 10 -10 13 18 -13 14 -1 -15 19 -9 -12 -11
right_child=1 2 3 -5 5 6 -8 17 9 16 11 12 -14 15 -16 -17 -18 -19 -20 -21
leaf_value=2.7267243459122877e-09 1.5472035897801108e-06 8.7236888219877078e-07 2.7821160074381625e-07 -1.7731274959942311e-06 9.2690133403481786e-07 -1.8055701761454658e-06 -2.1904849599455439e-06 7.6481251032485654e-07 2.1042048656264947e-06 1.2211602937668432e-06 -9.7854385217033268e-07 1.4487630870328099e-07 -3.5959872235480361e-06 3.4671472036198184e-07 -1.7503345377049714e-06 1.8765047882726215e-06 -1.0246376326034333e-06 -3.7580980516697111e-07 3.7000224409062055e-07 -2.1217456785294079e-07
leaf_weight=6145 20 38 20 20 38 20 28 41 30 25 38 22 24 92 22 34 23 107 47 20
leaf_count=6145 20 38 20 20 38 20 28 41 30 25 38 22 24 92 22 34 23 107 47 20
internal_value=4.01133e-16 3.48936e-07 4.16885e-08 -7.47458e-07 -5.06154e-09 -3.03748e-07 -5.42343e-07 -2.67653e-07 5.65491e-09 6.71888e-07 -4.50867e-09 -7.8558e-07 -1.80688e-06 1.17507e-08 -3.5271e-09 7.59515e-07 3.99831e-08 -5.98266e-08 -2.32877e-07 5.84123e-07
internal_weight=6854 98 78 40 6756 234 196 168 6522 98 6424 131 46 6293 6167 126 68 148 85 45
internal_count=6854 98 78 40 6756 234 196 168 6522 98 6424 131 46 6293 6167 126 68 148 85 45
is_linear=0
shrinkage=0.05


Tree=201
num_leaves=20
num_cat=0
split_feature=5 5 22 14 23 22 16 26 25 23 23 14 21 5 2 26 19 3 2
split_gain=4.72381e-09 4.81928e-09 3.1377e-08 7.28224e-08 3.54506e-08 3.09713e-08 3.46785e-08 1.98784e-08 1.93115e-08 1.41928e-08 2.78641e-08 7.1594e-08 1.18153e-08 4.04694e-08 5.70095e-08 1.79442e-08 3.32713e-08 2.35322e-08 1.33875e-08
threshold=28.450000000000003 16.750000000000004 894.50000000000011 0.80417553764032002 809.50000000000011 747.50000000000011 787.20000000000016 0.00067178885933521029 0.00063365167530476691 969.50000000000011 1003.5000000000001 0.55656748448714433 742.50000000000011 5.9500000000000011 114.50000000000001 0.00069681105718388044 0.0006591250000000001 28.450000000000003 141.50000000000003
decision_type=2 2 2 2 2 2 2 2 2 2 2 2 2 2 2 2 2 2 2
left_child=1 9 4 -4 5 6 -3 -6 -7 12 11 -11 15 18 -15 16 -1 -17 -14
right_child=-2 2 3 -5 7 8 -8 -9 -10 10 -12 -13 13 14 -16 17 -18 -19 -20
leaf_value=-9.8592446012543443e-09 -7.4875574657288069e-07 1.3406081497890911e-07 7.1277159531746304e-07 -3.2315303940322341e-06 2.7449420099401325e-06 2.5006920899223977e-06 -1.2240334042729171e-06 5.8960170095004916e-07 3.5640085635740049e-07 -2.8994683744133819e-07 -5.9702101027644037e-07 3.3475546350321871e-06 1.946566825949958e-06 -2.1070046575202707e-06 -2.0350845345136708e-07 -1.3647639728436122e-06 6.3715765204209598e-07 3.3604393809300197e-07 4.2202800929974019e-07
leaf_weight=4950 21 600 25 22 20 21 51 23 21 31 30 24 24 42 620 53 207 33 36
leaf_count=4950 21 600 25 22 20 21 51 23 21 31 30 24 24 42 620 53 207 33 36
internal_value=5.93041e-16 2.30117e-09 1.19023e-07 -1.1335e-06 1.99007e-07 1.12568e-07 2.76663e-08 1.59209e-06 1.42855e-06 -1.28052e-08 6.28733e-07 1.29733e-06 -2.19469e-08 -2.11577e-07 -3.24274e-07 4.16657e-09 1.61118e-08 -7.12128e-07 1.03184e-06
internal_weight=6854 6833 783 47 736 693 651 43 42 6050 85 55 5965 722 662 5243 5157 86 60
internal_count=6854 6833 783 47 736 693 651 43 42 6050 85 55 5965 722 662 5243 5157 86 60
is_linear=0
shrinkage=0.05


Tree=202
num_leaves=26
num_cat=0
split_feature=15 14 11 23 3 15 15 0 22 27 2 23 17 5 3 1 27 1 14 23 7 9 23 9 11
split_gain=4.65508e-09 4.51655e-08 8.19336e-08 2.95944e-08 2.45851e-08 9.26031e-09 2.77472e-08 3.90751e-08 2.68172e-08 2.41602e-08 2.35277e-08 1.2504e-08 9.98895e-09 1.57998e-08 1.50135e-08 8.55145e-09 4.51759e-08 2.17617e-08 8.44445e-09 6.66655e-09 2.70722e-08 5.27821e-09 2.88113e-09 1.02887e-09 5.0864e-11
threshold=0.93842613001991437 0.30164402523644185 24.681250000000002 340.50000000000006 20.750000000000004 0.63255009372278048 0.60553543375389329 133.50000000000003 526.50000000000011 89.166666666666671 149.50000000000003 628.50000000000011 1.0004624396259378 7.4500000000000011 24.550000000000004 523.75000000000011 88.833333333333357 512.95000000000016 0.23537774960157334 416.50000000000006 62.286836437347731 24.233584393448769 65.500000000000014 -19.425851328015884 18.706250000000001
decision_type=2 2 2 2 2 2 2 2 2 2 2 2 2 2 2 2 2 2 2 2 2 2 2 2 2
left_child=5 3 23 4 22 6 12 -8 19 10 11 -10 15 -14 -15 17 -17 -1 -5 20 -7 -22 24 -3 -2
right_child=1 2 -4 18 -6 8 7 -9 9 -11 -12 -13 13 14 -16 16 -18 -19 -20 -21 21 -23 -24 -25 -26
leaf_value=1.5794387616996156e-08 -1.6557870363698157e-08 -2.4308306753864015e-08 -3.9155356792737928e-06 6.066258669485641e-07 -1.7218049853440222e-06 1.8800519569595054e-06 -3.785220416472969e-09 -2.8974412657589712e-06 1.3268377327809354e-06 -4.9906112045456606e-07 2.6511934179108635e-06 1.215197081650424e-07 -6.8182853955146467e-07 -5.4917766800011529e-08 1.3917554453771719e-06 -1.6818507851932269e-07 1.1313412541572428e-06 1.2025696898595366e-06 1.8847487074443354e-06 -6.5801695076185178e-07 3.7439424048965689e-08 -7.8986987688267624e-07 5.6364522427188035e-07 -4.8428916453957528e-07 -1.0258287348463569e-07
leaf_weight=4044 122 31 21 28 22 20 28 20 48 28 21 39 22 29 47 1499 70 39 24 33 535 20 24 20 20
leaf_count=4044 122 31 21 28 22 20 28 20 48 28 21 39 22 29 47 1499 70 39 24 33 535 20 24 20 20
internal_value=-9.65295e-16 -1.88686e-07 -1.28702e-06 1.40815e-07 -1.51191e-07 8.99878e-09 -1.23108e-08 -1.20948e-06 1.75065e-07 8.09771e-07 1.1491e-06 7.86523e-07 -2.31707e-09 4.9816e-07 8.39735e-07 -1.09948e-08 -1.10207e-07 2.71302e-08 1.19653e-06 3.30907e-08 7.27543e-08 7.62648e-09 5.69625e-08 -2.04693e-07 -2.86741e-08
internal_weight=6854 312 72 240 188 6542 5798 48 744 136 108 87 5750 98 76 5652 1569 4083 52 608 575 555 166 51 142
internal_count=6854 312 72 240 188 6542 5798 48 744 136 108 87 5750 98 76 5652 1569 4083 52 608 575 555 166 51 142
is_linear=0
shrinkage=0.05


Tree=203
num_leaves=23
num_cat=0
split_feature=14 17 14 3 24 27 6 0 1 14 6 14 6 13 17 26 3 6 1 3 24 14
split_gain=4.60982e-09 7.08132e-09 5.65845e-09 4.46325e-08 6.86447e-08 6.31622e-08 7.57149e-08 3.17717e-08 3.21272e-08 2.51572e-08 2.33174e-08 1.77323e-08 2.42913e-08 1.4982e-08 9.02586e-09 3.56013e-08 7.24528e-08 1.90826e-08 1.55562e-08 3.03343e-08 1.23695e-08 1.923e-10
threshold=-0.99940763397299126 0.88040297827612168 -0.93273441465163176 24.650000000000002 0.00063049318500310234 0.50000000000000011 0.00051444000000000012 636.50000000000011 568.50000000000011 -0.98523971305672675 0.00063816500000000011 -0.91978325482952472 8.7105000000000014e-05 -0.78656609248549325 0.99812272828980653 0.00033753816640886436 24.050000000000004 0.00037023000000000009 867.85000000000002 28.050000000000004 0.0007782154805874847 -0.99985146406598202
decision_type=2 2 2 2 2 2 2 2 2 2 2 2 2 2 2 2 2 2 2 2 2 2
left_child=1 21 3 7 5 -5 -7 8 13 -10 -9 12 -4 -2 18 17 -17 -16 20 -20 -13 -1
right_child=2 -3 11 4 -6 6 -8 10 9 -11 -12 14 -14 -15 15 16 -18 -19 19 -21 -22 -23
leaf_value=1.2960033879536201e-07 1.008418739867945e-06 9.658671895030855e-07 -6.4781826180338749e-08 5.9520493056197674e-07 1.2532674089824367e-06 -6.8175988288301695e-07 -3.8391949047513807e-06 2.3300821052316679e-06 -2.5805434233916459e-09 -2.3613129516119307e-06 3.9579070971740294e-08 9.0203305912953536e-09 2.1926660214045447e-06 -2.7202688923465814e-08 -3.5785360489116192e-08 -2.9506846736637729e-06 -9.1297479679989623e-08 1.5764758667084306e-06 8.4531796517463663e-07 -9.2244480432176109e-07 -8.9622917303662596e-07 -4.258485438688167e-08
leaf_weight=34 37 31 26 25 27 37 39 25 20 26 20 5431 22 622 78 32 72 24 127 30 38 31
leaf_count=34 37 31 26 25 27 37 39 25 20 26 20 5431 22 622 78 32 72 24 127 30 38 31
internal_value=2.12888e-16 3.44043e-07 -4.88727e-09 -1.23287e-07 -9.86214e-07 -1.58489e-06 -2.30202e-06 2.39857e-08 -5.82331e-08 -1.33578e-06 1.31208e-06 1.27922e-08 9.69882e-07 3.0943e-08 4.91488e-09 -3.20151e-07 -9.71109e-07 3.4357e-07 1.68174e-08 5.07529e-07 2.73043e-09 4.74812e-08
internal_weight=6854 96 6758 878 128 101 76 750 705 46 45 5880 48 659 5832 206 104 102 5626 157 5469 65
internal_count=6854 96 6758 878 128 101 76 750 705 46 45 5880 48 659 5832 206 104 102 5626 157 5469 65
is_linear=0
shrinkage=0.05


Tree=204
num_leaves=25
num_cat=0
split_feature=7 5 18 25 3 11 17 5 2 18 20 26 24 7 1 27 8 1 21 20 5 25 16 5
split_gain=4.54467e-09 1.51597e-08 1.67518e-08 1.00614e-08 3.19168e-08 3.52895e-08 1.0298e-08 2.1412e-08 3.02988e-08 4.91914e-08 4.85372e-08 2.96659e-08 5.22312e-08 2.94866e-08 1.8202e-08 4.75205e-08 6.03527e-08 1.36688e-08 1.33768e-08 1.25596e-08 9.52292e-09 1.32508e-08 1.2786e-08 7.92696e-09
threshold=14.833017467908734 16.950000000000003 0.00065175000000000009 0.00072429492301114397 24.450000000000003 60.675000000000004 0.96703963858831787 12.250000000000002 140.50000000000003 0.00067164500000000012 0.00060819500000000007 0.0003219145783012048 0.00034673391857045608 56.111199874827221 783.85000000000002 0.50000000000000011 145.0079638038637 770.30000000000007 742.50000000000011 0.00060265000000000004 8.1500000000000004 0.0007782154805874847 1016.975 10.15
decision_type=2 2 2 2 2 2 2 2 2 2 2 2 2 2 2 2 2 2 2 2 2 2 2 2
left_child=1 2 -1 6 -5 23 14 11 10 -10 -9 13 -13 -8 17 19 -17 18 -2 -16 -4 22 -22 -6
right_child=3 -3 20 4 5 -7 7 8 9 -11 -12 12 -14 -15 15 16 -18 -19 -20 -21 21 -23 -24 -25
leaf_value=1.409947805947895e-06 8.3406159549908398e-09 -1.0247925047224272e-06 1.0341239917579514e-06 -1.9380414418687257e-06 -1.2844809914115884e-09 -1.5574223961441665e-06 1.3896621481990224e-06 4.6581619057572969e-07 -1.5149846560105389e-06 1.3915325605277455e-06 2.5008166086368684e-06 1.179934580805696e-06 -7.7128983329604902e-07 6.3847752612533958e-08 1.3791201221756505e-06 -3.4918185144761081e-06 -5.4588348296973916e-07 9.5431517110768795e-07 -3.3587610842279917e-07 -1.9994340107132304e-07 6.1451364496449625e-07 -1.0333376748733896e-06 -8.1010084180715714e-07 1.2489076542721024e-06
leaf_weight=33 5339 21 25 28 21 24 56 128 37 24 38 42 187 167 34 20 133 37 298 20 63 26 21 32
leaf_count=33 5339 21 25 28 21 24 56 128 37 24 38 42 187 167 34 20 133 37 298 20 63 26 21 32
internal_value=5.28609e-16 2.41779e-07 4.001e-07 -6.85614e-09 -4.92431e-07 3.32459e-08 9.16011e-10 1.85284e-07 5.81488e-07 -3.71437e-07 9.3166e-07 -1.36953e-08 -4.13423e-07 3.96788e-07 -2.03704e-08 -4.80907e-07 -9.30973e-07 -3.56906e-09 -9.8564e-09 7.94282e-07 1.53249e-07 -4.69503e-08 2.5836e-07 7.53549e-07
internal_weight=6854 189 168 6665 105 77 6560 679 227 61 166 452 229 223 5881 207 153 5674 5637 54 135 110 84 53
internal_count=6854 189 168 6665 105 77 6560 679 227 61 166 452 229 223 5881 207 153 5674 5637 54 135 110 84 53
is_linear=0
shrinkage=0.05


Tree=205
num_leaves=31
num_cat=0
split_feature=15 3 14 14 3 3 15 19 3 15 0 26 3 23 6 15 26 14 19 14 27 14 5 26 4 21 23 6 8 11
split_gain=4.74935e-09 3.55336e-08 3.14519e-08 7.1468e-08 9.1609e-08 5.5744e-08 2.18121e-08 4.12843e-08 7.86464e-08 8.64207e-08 7.73257e-08 2.43436e-08 5.64962e-08 5.34306e-08 1.06185e-07 3.83253e-08 3.05264e-08 1.80531e-08 4.52512e-08 2.00877e-08 5.07414e-08 1.51909e-08 1.30441e-08 7.99373e-09 5.69652e-09 5.27163e-09 5.1314e-09 4.2043e-09 3.39172e-09 1.26987e-10
threshold=-0.72102888505294738 33.350000000000001 0.55656748448714433 0.52766072109828632 18.650000000000002 19.050000000000004 -0.58481178939031186 0.00019313000000000004 23.550000000000004 -0.67801649466304881 542.50000000000011 0.00046164350660397559 16.650000000000002 798.50000000000011 0.00071508500000000018 -0.49812626372919411 0.00044778728179642631 0.48314048284850658 0.00015541000000000003 0.25206111083856975 77.500000000000014 0.62587949062545845 12.750000000000002 0.00041085213219771666 96.500000000000014 176.50000000000003 22.500000000000004 3.0320000000000004e-05 264.23396117118233 27.628125000000004
decision_type=2 2 2 2 2 2 2 2 2 2 2 2 2 2 2 2 2 2 2 2 2 2 2 2 2 2 2 2 2 2
left_child=2 6 3 17 -5 24 7 27 10 -10 -9 13 -13 16 -15 -14 -8 19 28 22 -21 23 -1 -7 25 26 -4 29 -19 -2
right_child=1 -3 5 4 -6 21 11 8 9 -11 -12 12 15 14 -16 -17 -18 18 -20 20 -22 -23 -24 -25 -26 -27 -28 -29 -30 -31
leaf_value=-1.3246248100613304e-08 -4.081262651976851e-08 -2.1310674497954099e-06 -4.4748260336291424e-08 -6.5053312628801262e-08 -4.4956854549127457e-06 1.580821209866092e-06 3.4912863001355111e-09 -9.1144427605794421e-07 2.2292457255649163e-06 -8.970573075895941e-07 -4.618258149472846e-06 -1.6286291143943448e-06 1.656382045998685e-06 -3.9467489968956214e-06 7.607329952525502e-07 2.8505717171454677e-07 -1.4600186162678282e-06 3.2527691318633019e-07 2.4865167838369256e-06 -6.4887018191210031e-07 8.7216989945287046e-07 6.799879544476066e-07 3.0631727427740945e-07 2.8206821822935197e-06 8.7310240431293091e-07 -7.2132141780362935e-07 8.1499959465180015e-07 5.8651238541716018e-07 -5.3421546907609734e-07 7.5615603529071836e-08
leaf_weight=962 236 20 100 28 20 26 3473 34 28 105 24 36 56 25 23 565 36 22 26 267 69 24 478 26 20 23 21 31 24 26
leaf_count=962 236 20 100 28 20 26 3473 34 28 105 24 36 56 25 23 565 36 22 26 267 69 24 478 26 20 23 21 31 24 26
internal_value=-1.85625e-16 -2.80051e-08 6.18576e-08 -6.40437e-09 -1.91115e-06 6.01128e-07 -1.90521e-08 -3.36949e-07 -9.08898e-07 -2.38888e-07 -2.4453e-06 1.74601e-08 2.97084e-07 -3.41882e-08 -1.69108e-06 4.08719e-07 -1.15233e-08 4.30695e-08 8.19227e-07 1.16037e-08 -3.36514e-07 1.72051e-06 9.28311e-08 2.20075e-06 8.23892e-08 -2.74321e-08 1.04464e-07 3.58912e-08 -1.23154e-07 -2.92587e-08
internal_weight=6854 4718 2136 1896 48 240 4698 484 191 133 58 4214 657 3557 48 621 3509 1848 72 1776 336 76 1440 52 164 144 121 293 46 262
internal_count=6854 4718 2136 1896 48 240 4698 484 191 133 58 4214 657 3557 48 621 3509 1848 72 1776 336 76 1440 52 164 144 121 293 46 262
is_linear=0
shrinkage=0.05


Tree=206
num_leaves=11
num_cat=0
split_feature=3 3 3 11 1 25 3 7 17 21
split_gain=4.62695e-09 7.34356e-09 5.09585e-09 2.05664e-08 1.3299e-08 3.19544e-08 1.28378e-08 1.10211e-08 9.96653e-09 2.5209e-08
threshold=35.850000000000001 34.20000000000001 28.750000000000004 57.112500000000004 900.6500000000002 0.0005997891692007053 29.050000000000004 5.2101509911614707 0.99485845813070006 966.50000000000011
decision_type=2 2 2 2 2 2 2 2 2 2
left_child=1 2 3 4 7 -6 -4 -1 9 -8
right_child=-2 -3 6 -5 5 -7 8 -9 -10 -11
leaf_value=1.1074261759734907e-06 5.8183291646601535e-07 -7.1513495103974701e-07 1.0630187856546596e-06 -1.2184656368471485e-06 1.9024965605114692e-06 -5.6393230612646519e-07 1.112620686375959e-07 -1.3634698544179282e-08 8.4766395712234191e-07 -1.6829338078206914e-06
leaf_weight=22 34 36 37 35 29 24 289 6289 38 21
leaf_count=22 34 36 37 35 29 24 289 6289 38 21
internal_value=-2.07246e-16 -2.90063e-09 8.78912e-10 -9.75051e-09 -3.10296e-09 7.85623e-07 1.77548e-07 -9.72671e-09 8.34033e-08 -1.02802e-08
internal_weight=6854 6820 6784 6399 6364 53 385 6311 348 310
internal_count=6854 6820 6784 6399 6364 53 385 6311 348 310
is_linear=0
shrinkage=0.05


Tree=207
num_leaves=17
num_cat=0
split_feature=25 14 14 14 27 14 20 15 14 19 6 4 27 5 16 0
split_gain=4.49558e-09 3.47506e-08 3.18103e-08 2.66252e-08 9.4765e-08 2.93863e-08 2.59358e-08 2.43152e-08 3.00792e-08 1.81341e-08 1.84786e-08 3.50391e-08 6.127e-08 5.26294e-08 2.63377e-08 1.9048e-08
threshold=0.00042801999650515972 0.99818282439137029 0.9916835347852474 0.96904697354198299 32.166666666666679 0.98049069993378934 0.00077376500000000015 -0.99938741687870725 0.20180702842483325 0.00062852500000000011 0.00058751500000000015 61.500000000000007 32.833333333333336 13.950000000000001 957.75000000000011 804.50000000000011
decision_type=2 2 2 2 2 2 2 2 2 2 2 2 2 2 2 2
left_child=6 2 3 7 5 -5 9 -2 -9 10 14 12 -12 -13 15 -1
right_child=1 -3 -4 4 -6 -7 -8 8 -10 -11 11 13 -14 -15 -16 -17
leaf_value=1.9410586726814174e-08 -1.586965160831661e-06 1.8929812532839856e-06 -1.8093570364509629e-06 8.4836768834861684e-07 3.0195765521057185e-06 -1.7009238919084827e-06 1.5120646045535727e-06 1.1427571499701837e-07 -3.755704889944937e-07 1.1638555707470326e-06 -4.0600654094966805e-07 2.1618766629239379e-06 -3.6376866518139651e-06 -1.3002025904521967e-06 1.8304433831417554e-06 -1.3120805063606526e-06
leaf_weight=5195 28 22 27 20 30 26 29 725 552 34 55 23 20 21 20 27
leaf_count=5195 28 22 27 20 30 26 29 725 552 34 55 23 20 21 20 27
internal_value=9.78521e-16 -7.88647e-08 -1.09675e-07 -7.64442e-08 8.33298e-07 -5.92536e-07 2.07921e-08 -1.29425e-07 -9.74667e-08 1.2776e-08 5.47575e-09 -6.10632e-07 -1.26779e-06 5.09521e-07 1.94622e-08 1.25262e-08
internal_weight=6854 1430 1408 1381 76 46 5424 1305 1277 5395 5361 119 75 44 5242 5222
internal_count=6854 1430 1408 1381 76 46 5424 1305 1277 5395 5361 119 75 44 5242 5222
is_linear=0
shrinkage=0.05


Tree=208
num_leaves=27
num_cat=0
split_feature=15 17 15 26 26 15 20 15 9 17 11 1 20 15 26 1 11 11 16 15 19 6 21 15 7 11
split_gain=4.33749e-09 2.46118e-08 2.15821e-08 9.55349e-08 2.94045e-08 1.02193e-08 2.09453e-08 6.33323e-09 6.64437e-09 5.95681e-09 5.20573e-09 5.16841e-09 3.10135e-08 4.79359e-08 5.35221e-08 1.45093e-08 3.8044e-08 8.48626e-08 2.32662e-08 1.26485e-08 8.30235e-09 1.96601e-08 1.08302e-08 4.48512e-09 1.40073e-09 6.14591e-11
threshold=0.91936090643431534 0.92400594800264335 0.95499258812111987 0.00028943951351232967 0.00024147411626992989 0.89784768270548698 0.00016895500000000004 0.93842613001991437 -6.3263754367453719 0.71652453325675958 14.303125000000003 867.85000000000002 0.00078830000000000013 -0.49065906150552346 0.00061554845190937434 827.95000000000016 46.884375000000013 49.98125000000001 711.30500000000018 -0.79904327102181261 0.00081510000000000013 0.00082834000000000011 841.50000000000011 0.98045953152007548 85.870984778021224 14.603125
decision_type=2 2 2 2 2 2 2 2 2 2 2 2 2 2 2 2 2 2 2 2 2 2 2 2 2 2
left_child=5 2 3 7 9 11 25 8 -2 24 -9 15 13 19 -15 20 18 -18 -17 -13 22 -22 -1 -6 -4 -7
right_child=1 -3 4 -5 23 6 -8 10 -10 -11 -12 12 -14 14 -16 16 17 -19 -20 -21 21 -23 -24 -25 -26 -27
leaf_value=-3.9161853966663559e-09 -4.8876149734085e-08 -1.8275225779838084e-06 4.3152845492500096e-07 -3.7592759167637273e-06 1.8406781716452237e-06 -2.8725228834650024e-08 1.8467941671311249e-06 -2.6893013413647235e-08 1.064649924334812e-06 -8.747093770011815e-07 -1.0381072964804617e-06 1.1251624882680473e-06 -1.4291859865049142e-06 -4.129588873908958e-07 2.3397004728140239e-06 -3.4708746738942868e-07 -3.9295617096968273e-06 -3.3245023031428234e-07 1.904013426858662e-06 2.882104074721781e-06 -1.4779860019439968e-06 5.3082647786779836e-07 2.8465332845570817e-07 8.6358415766577912e-07 -1.5214251311471237e-08 8.5207130524622705e-08
leaf_weight=5649 37 21 20 20 23 29 23 35 21 20 20 21 24 111 21 24 20 91 22 20 29 21 345 24 143 20
leaf_count=5649 37 21 20 20 23 29 23 35 21 20 20 21 24 111 21 24 20 91 22 20 29 21 345 24 143 20
internal_value=-1.92316e-16 -1.63269e-07 -6.69899e-08 -5.73983e-07 2.26184e-07 9.69015e-09 6.02047e-07 -1.02139e-08 3.54297e-07 -6.03238e-08 -3.94607e-07 3.02406e-09 2.55154e-07 4.88819e-07 2.49642e-08 -4.98587e-09 -4.79529e-07 -9.80578e-07 7.29526e-07 1.98221e-06 7.34094e-09 -6.34285e-07 1.26932e-08 1.34174e-06 3.96008e-08 1.77778e-08
internal_weight=6854 384 363 133 230 6470 72 113 58 183 55 6398 197 173 132 6201 157 111 46 41 6044 50 5994 47 163 49
internal_count=6854 384 363 133 230 6470 72 113 58 183 55 6398 197 173 132 6201 157 111 46 41 6044 50 5994 47 163 49
is_linear=0
shrinkage=0.05


Tree=209
num_leaves=30
num_cat=0
split_feature=5 0 14 15 15 5 24 11 26 22 26 18 21 5 26 2 3 3 21 26 24 22 5 3 25 15 5 16 14
split_gain=4.40654e-09 2.0547e-08 1.4186e-08 5.23396e-09 1.21697e-08 4.83717e-08 5.84441e-08 9.0839e-09 3.52293e-08 2.50554e-08 1.68921e-08 3.31665e-08 1.54832e-08 8.55983e-09 2.44494e-08 1.84337e-08 1.03483e-08 7.80631e-09 2.43832e-08 7.76725e-09 6.28087e-09 3.57824e-09 4.11005e-09 2.75975e-09 1.01546e-09 9.33578e-11 7.08161e-11 1.7293e-10 1.69712e-11
threshold=2.6500000000000008 232.50000000000003 0.42179998225932674 -0.97111920233974802 -0.9575230291762723 14.450000000000001 0.0004403749072212629 53.781250000000007 0.00035587194134006477 963.50000000000011 0.00069681105718388044 0.00064333500000000009 742.50000000000011 12.850000000000003 0.00070347241682268923 173.50000000000003 26.050000000000004 26.350000000000005 632.50000000000011 0.00040160075427799375 0.0007081188164824282 123.50000000000001 14.750000000000002 22.350000000000005 4.1764771479825439e-05 -0.99938741687870725 0.8500000000000002 13.565000000000001 -0.92639590246648662
decision_type=2 2 2 2 2 2 2 2 2 2 2 2 2 2 2 2 2 2 2 2 2 2 2 2 2 2 2 2 2
left_child=1 24 -3 13 5 19 -7 10 -9 -10 12 -12 -6 14 17 21 -17 18 -2 23 -19 25 -23 -5 26 -15 -1 28 -28
right_child=3 2 -4 4 7 6 -8 8 9 -11 11 -13 -14 15 -16 16 -18 20 -20 -21 -22 22 -24 -25 -26 -27 27 -29 -30
leaf_value=-9.4029494003022008e-08 1.8691944662468354e-08 2.0159397294605698e-07 2.0046337401898504e-06 1.7534953476919887e-07 7.4575955943236648e-09 -3.5482876796777419e-07 -3.8216356043108136e-06 1.7401480395814622e-06 2.6615253684127648e-07 -9.4630604586004036e-07 -1.9955427248419255e-06 9.1395753180280584e-08 -3.0989829285668832e-07 5.1709919105256826e-09 -1.7117973297331445e-06 1.8341417705448328e-06 5.5391331332693409e-07 -7.3384318139165354e-07 1.3052585520952e-06 9.1826205343076491e-07 2.7451829254232507e-07 8.5361424832323485e-07 -7.9043794003263482e-08 -4.8968234180025454e-07 2.9264526081836573e-07 -9.9373272597785912e-08 1.2705078636664059e-09 1.3329624521940532e-07 -3.1178510321003021e-08
leaf_weight=26 299 20 24 39 4906 31 20 35 259 51 32 47 417 29 20 27 38 47 42 27 23 27 21 26 30 81 58 20 132
leaf_count=26 299 20 24 39 4906 31 20 35 259 51 32 47 417 29 20 27 38 47 42 27 23 27 21 26 30 81 58 20 132
internal_value=8.10249e-17 1.84199e-07 1.18507e-06 -8.72581e-09 -2.36261e-08 -4.79248e-07 -1.71436e-06 -1.22891e-08 2.36455e-07 6.66835e-08 -2.81752e-08 -7.53946e-07 -1.74038e-08 1.25468e-07 -4.64711e-09 3.76946e-07 1.0857e-06 7.84259e-08 1.77155e-07 2.05434e-07 -4.02524e-07 8.53695e-08 4.45576e-07 -9.06632e-08 1.86415e-08 -7.18116e-08 -1.61895e-08 -6.55214e-09 -2.1273e-08
internal_weight=6854 310 44 6544 5890 143 51 5747 345 310 5402 79 5323 654 431 223 65 411 341 92 70 158 48 65 266 110 236 210 190
internal_count=6854 310 44 6544 5890 143 51 5747 345 310 5402 79 5323 654 431 223 65 411 341 92 70 158 48 65 266 110 236 210 190
is_linear=0
shrinkage=0.05


Tree=210
num_leaves=20
num_cat=0
split_feature=7 5 18 25 25 23 18 24 17 3 7 1 6 16 22 3 5 25 16
split_gain=4.30304e-09 1.32458e-08 1.48899e-08 8.99147e-09 3.20533e-08 3.18683e-08 3.09839e-08 1.9033e-08 1.55687e-08 1.35083e-08 1.44765e-08 2.40751e-08 2.31659e-08 3.62137e-08 1.62133e-08 1.17401e-08 8.24912e-09 1.09105e-08 1.3256e-08
threshold=14.833017467908734 16.950000000000003 0.00065175000000000009 0.00068070483343839075 0.00068954845129393083 798.50000000000011 0.00069422500000000014 0.00051369494475005508 0.96826222264477679 34.45000000000001 18.298548677515551 701.60000000000014 0.00073238000000000003 928.56000000000006 932.50000000000011 26.750000000000004 8.1500000000000004 0.00078054733479616695 1016.975
decision_type=2 2 2 2 2 2 2 2 2 2 2 2 2 2 2 2 2 2 2
left_child=1 2 -1 9 -5 7 -7 -6 -8 10 11 -2 14 -14 -12 -9 -4 18 -18
right_child=3 -3 16 4 5 6 8 15 -10 -11 12 -13 13 -15 -16 -17 17 -19 -20
leaf_value=1.3353280120430679e-06 3.1319921687939383e-07 -9.4865885969175864e-07 9.703727231880067e-07 -1.638233381952073e-06 2.0292074292559515e-06 -1.9193839040099194e-06 2.9349447208466315e-07 -6.3344508670784967e-07 -9.8094007244396522e-07 1.1005935767693932e-06 6.7088194182703096e-10 -1.7655434650502383e-06 2.2002412184260073e-08 2.090687891776564e-06 -1.2752001930493863e-06 9.4284318947757133e-07 5.4408964010289154e-07 -1.0921394834895182e-06 -8.6789870114113341e-07
leaf_weight=33 26 21 25 38 22 30 76 21 35 28 6217 30 56 34 25 27 68 20 22
leaf_count=33 26 21 25 38 22 30 76 21 35 28 6217 30 56 34 25 27 68 20 22
internal_value=4.01007e-16 2.35264e-07 3.83254e-07 -6.67139e-09 -3.01465e-07 -6.07197e-08 -4.9368e-07 8.11385e-07 -1.08354e-07 4.76931e-09 -3.39281e-11 -8.00413e-07 7.0446e-09 8.03506e-07 -4.43914e-09 2.53217e-07 1.50525e-07 -3.58042e-08 1.98937e-07
internal_weight=6854 189 168 6665 249 211 141 70 111 6416 6388 56 6332 90 6242 48 135 110 90
internal_count=6854 189 168 6665 249 211 141 70 111 6416 6388 56 6332 90 6242 48 135 110 90
is_linear=0
shrinkage=0.05


Tree=211
num_leaves=13
num_cat=0
split_feature=23 25 25 4 0 5 0 0 14 21 19 0
split_gain=4.37728e-09 1.25474e-08 2.07969e-08 1.77757e-08 6.82904e-09 2.56713e-08 9.48062e-09 1.27376e-08 3.00335e-08 1.5123e-08 9.77746e-09 9.01373e-09
threshold=969.50000000000011 0.00050815714420566474 0.00069681105718388044 1.0000000180025095e-35 971.50000000000011 11.450000000000001 953.50000000000011 919.50000000000011 0.71503381463111937 969.50000000000011 0.00073564000000000019 911.50000000000011
decision_type=2 2 2 2 2 2 2 2 2 2 2 2
left_child=4 -2 -3 -4 6 -6 7 9 10 11 -9 -1
right_child=1 2 3 -5 5 -7 -8 8 -10 -11 -12 -13
leaf_value=-4.3576909895743727e-09 1.4490555099655467e-06 -1.2172408031636166e-06 1.7169979880041604e-06 -1.3318962949008839e-07 3.2129554270454721e-07 -1.9285232264380846e-06 7.7695815901116038e-07 6.7576281198539773e-07 -1.9905734459539588e-06 1.3430501001364195e-06 -5.3652594260711346e-07 9.8721010960181731e-07
leaf_weight=6525 20 23 21 34 32 21 39 29 27 21 39 23
leaf_count=6525 20 23 21 34 32 21 39 29 27 21 39 23
internal_value=-3.57947e-16 3.31766e-07 4.52817e-08 5.73246e-07 -4.81248e-09 -5.70142e-07 -3.42467e-10 -4.89149e-09 -5.79714e-07 3.42152e-09 -1.95204e-08 -8.74786e-10
internal_weight=6854 98 78 55 6756 53 6703 6664 95 6569 68 6548
internal_count=6854 98 78 55 6756 53 6703 6664 95 6569 68 6548
is_linear=0
shrinkage=0.05


Tree=212
num_leaves=23
num_cat=0
split_feature=1 5 4 14 5 14 17 1 1 5 17 27 19 15 23 17 21 19 21 20 21 5
split_gain=4.18728e-09 3.38487e-08 2.85324e-08 1.81958e-08 7.19425e-09 2.60862e-08 2.96983e-08 2.04285e-08 1.8551e-08 1.66513e-08 1.26993e-08 3.91674e-08 3.81349e-08 2.69139e-08 1.98732e-08 1.31292e-08 1.87717e-08 1.24268e-08 1.09186e-08 4.71809e-08 1.96017e-08 9.87951e-09
threshold=900.6500000000002 16.250000000000004 3.5000000000000004 0.96234642434711437 16.750000000000004 0.98802474685579866 0.97629675412161909 836.85000000000014 804.60000000000014 18.150000000000002 0.99812272828980653 1.0000000180025095e-35 0.00040543500000000005 -0.82413948779581736 735.50000000000011 0.99179799185624007 821.00000000000011 0.00034037000000000005 914.50000000000011 0.00033057000000000003 902.50000000000011 9.3500000000000032
decision_type=2 2 2 2 2 2 2 2 2 2 2 2 2 2 2 2 2 2 2 2 2 2
left_child=4 2 3 -2 10 6 7 9 -8 -6 15 12 -12 -13 -14 18 17 -17 20 -20 -1 -15
right_child=1 -3 -4 -5 5 -7 8 -9 -10 -11 11 13 14 21 -16 16 -18 -19 19 -21 -22 -23
leaf_value=-1.4533227358314013e-08 2.7957194950545276e-06 -1.3340977809341645e-06 -5.500061650395981e-07 6.884338971314633e-07 3.5761213119801088e-07 1.3985682100015906e-06 2.8256031585321014e-07 -1.5542008332843018e-06 2.0868789273923281e-06 -1.6038749511609139e-07 -8.7703466199266537e-08 -9.993375692484927e-07 -3.4797875335357277e-06 1.2200334142318884e-06 -1.250820708662559e-06 -7.6801840214102415e-07 1.6350075329369406e-06 6.6733409602492391e-07 -2.5744400378936339e-06 -9.4960750033123983e-08 1.2670134306821033e-06 3.2027132779906726e-08
leaf_weight=5512 20 22 21 21 245 39 29 21 28 423 34 33 20 42 20 25 29 38 22 150 30 30
leaf_count=5512 20 22 21 21 245 39 29 21 28 423 34 33 20 42 20 25 29 38 22 150 30 30
internal_value=-8.81779e-16 3.50848e-07 9.48732e-07 1.71638e-06 -4.35321e-09 1.37967e-07 7.20639e-08 -1.86751e-08 1.16889e-06 2.95974e-08 -2.30201e-08 -4.37821e-07 -1.31884e-06 1.83086e-07 -2.3653e-06 -1.02317e-08 5.8232e-07 9.77498e-08 -1.97722e-08 -4.12103e-07 -7.59595e-09 7.25031e-07
internal_weight=6854 84 62 41 6770 785 746 689 57 668 5985 179 74 105 40 5806 92 63 5714 172 5542 72
internal_count=6854 84 62 41 6770 785 746 689 57 668 5985 179 74 105 40 5806 92 63 5714 172 5542 72
is_linear=0
shrinkage=0.05


Tree=213
num_leaves=24
num_cat=0
split_feature=25 26 3 20 5 15 5 15 6 15 0 21 19 4 24 26 23 5 25 2 2 26 23
split_gain=4.13965e-09 2.65216e-08 4.22873e-08 3.26266e-08 6.63598e-08 2.62992e-08 2.38311e-08 2.66838e-08 2.25155e-08 2.20919e-08 2.54469e-08 2.6388e-08 2.40457e-08 2.35287e-08 2.90417e-08 2.20798e-08 2.44819e-08 2.43967e-08 1.5863e-08 1.28187e-08 1.22161e-08 1.20331e-08 1.58108e-08
threshold=0.00042801999650515972 0.00058508799699519417 17.950000000000003 0.00059331500000000007 9.9500000000000011 -0.60555643346685839 4.3500000000000005 -0.83849291496497236 0.0005954100000000001 -0.99938741687870725 451.50000000000006 271.00000000000006 0.00049266000000000012 79.500000000000014 0.00025480255569297828 0.00045477677173186981 658.50000000000011 11.450000000000001 0.00022505882013391831 152.50000000000003 185.50000000000003 0.0004365606590787027 702.50000000000011
decision_type=2 2 2 2 2 2 2 2 2 2 2 2 2 2 2 2 2 2 2 2 2 2 2
left_child=1 3 -3 15 -5 20 7 -2 -6 -8 13 -12 -13 14 -11 21 19 -18 -7 -17 -4 22 -1
right_child=6 2 5 4 8 18 9 -9 -10 10 11 12 -14 -15 -16 16 17 -19 -20 -21 -22 -23 -24
leaf_value=6.0681629771174943e-10 -2.7001847770623586e-07 -1.3288200102579142e-06 -6.5034830413424057e-07 7.9970958089299017e-07 -1.1573851716661921e-06 2.9870770255175085e-06 -1.5030638673506151e-06 2.1476316696862343e-06 -3.5014982304779731e-06 -1.7616709767155824e-07 1.6891102916360978e-06 -1.1102947605551732e-06 -1.1955084384952571e-08 6.7267081347053041e-08 -2.6005188316465442e-06 8.2123185848104189e-07 -1.3824708422102308e-06 8.7199991989044582e-07 1.2488250360677609e-06 2.3407550357838457e-06 1.0762968881430252e-06 -9.4876038905099309e-07 9.2192511227431951e-07
leaf_weight=5051 21 20 20 28 20 21 28 25 21 21 22 52 1195 36 30 35 21 28 35 23 21 33 47
leaf_count=5051 21 20 20 28 20 21 28 25 21 21 22 52 1195 36 30 35 21 28 35 23 21 33 47
internal_value=1.50421e-16 1.99521e-08 7.64584e-07 3.53565e-09 -1.07663e-06 1.19621e-06 -7.56784e-08 1.04392e-06 -2.35803e-06 -1.12891e-07 -8.41849e-08 -2.74714e-08 -5.77559e-08 -9.11419e-07 -1.60226e-06 1.77646e-08 7.28641e-07 -9.42018e-08 1.90067e-06 1.4238e-06 2.34031e-07 2.94025e-09 9.10073e-09
internal_weight=6854 5424 117 5307 69 97 1430 46 41 1384 1356 1269 1247 87 51 5238 107 49 56 58 41 5131 5098
internal_count=6854 5424 117 5307 69 97 1430 46 41 1384 1356 1269 1247 87 51 5238 107 49 56 58 41 5131 5098
is_linear=0
shrinkage=0.05


Tree=214
num_leaves=31
num_cat=0
split_feature=15 15 6 14 21 15 14 14 1 1 26 22 26 6 1 0 12 11 24 1 6 14 19 5 14 26 27 22 23 20
split_gain=4.11347e-09 3.02402e-08 6.24506e-08 5.86357e-08 5.27503e-08 4.88902e-08 2.75876e-08 6.20242e-08 9.27444e-08 4.57723e-08 2.04882e-08 5.1427e-08 6.26202e-08 5.35741e-08 3.91958e-08 3.91852e-08 3.47441e-08 3.50555e-08 2.90685e-08 7.55841e-08 3.26079e-08 1.59131e-08 4.06123e-08 1.7853e-08 2.34001e-08 1.95502e-08 1.17949e-08 1.48342e-08 1.01525e-08 5.65565e-09
threshold=-0.72102888505294738 -0.62587551141915865 0.00041274000000000004 -0.74512825849743647 886.50000000000011 -0.6905596507703472 0.55656748448714433 0.52766072109828632 510.90000000000003 631.6500000000002 0.0005594980253621377 872.50000000000011 0.00032610947719204016 0.00072669500000000008 765.45000000000016 761.50000000000011 0.25881904510252091 48.065625000000004 0.00036093868195760762 583.30000000000007 0.00068453500000000011 0.48314048284850658 0.00015541000000000003 9.4500000000000011 0.3744682635859638 0.00052619049892160981 88.833333333333357 380.00000000000006 542.50000000000011 0.00066749500000000015
decision_type=2 2 2 2 2 2 2 2 2 2 2 2 2 2 2 2 2 2 2 2 2 2 2 2 2 2 2 2 2 2
left_child=6 2 26 -4 5 -5 7 21 -9 28 11 13 -13 15 18 -3 17 -16 19 -12 -20 23 -23 25 -25 -1 27 -2 -8 -11
right_child=1 10 3 4 -6 -7 9 8 -10 29 14 12 -14 -15 16 -17 -18 -19 20 -21 -22 22 -24 24 -26 -27 -28 -29 -30 -31
leaf_value=-7.0529146825688189e-08 -1.2265809015856176e-08 7.0817632338586241e-09 8.0224358136795432e-07 -1.4260666428246904e-06 -3.3444800513799627e-07 -4.4119751252984662e-06 3.4417468248139844e-08 7.6696750081087637e-08 -4.3813071590648185e-06 1.4100750651296576e-06 3.8779171130830614e-07 2.042589484416466e-07 -3.1418524029363499e-06 2.0035616588839651e-06 -1.0977560825030315e-06 -9.6770335121557036e-07 2.9138089666957966e-06 1.0421363083897482e-06 8.3026000452047727e-07 -3.5076010462375964e-06 -4.9142463792252653e-07 -1.2434059669229276e-07 2.3479502781006327e-06 9.4580237050219951e-08 1.2606153242700203e-06 -7.9763306107199448e-07 1.1217349521075447e-06 -1.3491836749262407e-06 1.1183350993633213e-06 2.4389304350982211e-06
leaf_weight=642 212 3764 22 26 28 29 159 28 20 34 33 27 29 33 23 106 20 114 105 20 84 46 26 981 45 108 20 23 25 22
leaf_count=642 212 3764 22 26 28 29 159 28 20 34 33 27 29 33 23 106 20 114 105 20 84 46 26 981 45 108 20 23 25 22
internal_value=1.74017e-16 -2.6063e-08 -4.66492e-07 -1.49276e-06 -2.10108e-06 -3.00045e-06 5.75679e-08 -6.36328e-09 -1.7808e-06 5.62624e-07 1.03194e-08 -2.40975e-08 -1.52855e-06 -2.51173e-09 3.51815e-07 -1.96178e-08 9.67079e-07 6.82884e-07 -4.73441e-08 -1.08217e-06 2.42845e-07 3.97261e-08 7.68431e-07 1.0184e-08 1.45722e-07 -1.75232e-07 -4.39093e-08 -1.43113e-07 1.81689e-07 1.81427e-06
internal_weight=6854 4718 360 105 83 55 2136 1896 48 240 4358 3959 56 3903 399 3870 157 137 242 53 189 1848 72 1776 1026 750 255 235 184 56
internal_count=6854 4718 360 105 83 55 2136 1896 48 240 4358 3959 56 3903 399 3870 157 137 242 53 189 1848 72 1776 1026 750 255 235 184 56
is_linear=0
shrinkage=0.05


Tree=215
num_leaves=30
num_cat=0
split_feature=15 15 1 5 5 17 17 23 23 18 18 5 20 15 5 26 16 11 19 27 18 1 11 25 9 11 5 11 11
split_gain=4.04463e-09 1.25276e-08 2.19599e-08 3.02588e-08 4.38724e-08 6.43329e-08 2.77336e-08 1.33496e-08 1.89416e-08 1.44701e-08 1.27309e-08 7.70991e-09 2.22771e-08 2.58914e-08 3.15782e-08 1.69829e-08 8.51415e-09 9.86583e-09 9.65113e-09 8.45709e-09 4.70938e-09 3.61255e-09 3.43218e-09 3.20399e-09 1.63567e-09 1.6017e-10 1.33017e-10 8.77023e-11 8.22768e-11
threshold=-0.97111920233974802 -0.9292178835113839 316.7000000000001 7.0500000000000007 14.450000000000001 0.95365572309673519 0.87838476988189229 1003.5000000000001 974.50000000000011 0.0008074750000000001 0.00079419500000000014 12.850000000000003 0.00063404500000000007 -0.99273797715557011 8.2500000000000018 0.00038459406401821866 439.89500000000004 45.503125000000004 0.00060372500000000016 13.16666666666667 0.0002738000000000001 129.15000000000001 25.696875000000002 0.00068954845129393083 20.795174854487922 26.403125000000003 13.65 16.906250000000004 17.906250000000004
decision_type=2 2 2 2 2 2 2 2 2 2 2 2 2 2 2 2 2 2 2 2 2 2 2 2 2 2 2 2 2
left_child=11 2 21 -4 6 -6 -5 8 9 10 -3 12 16 14 -14 24 20 -18 -19 23 22 25 -1 -17 26 27 -13 -2 -28
right_child=1 7 3 4 5 -7 -8 -9 -10 -11 -12 15 13 -15 -16 19 17 18 -20 -21 -22 -23 -24 -25 -26 -27 28 -29 -30
leaf_value=-3.2450946573570447e-09 4.6450644066299978e-08 4.9034537879233368e-09 -2.2722383799550496e-06 -1.2708460506668677e-06 2.0541919276695353e-07 -3.7569401591835707e-06 5.4892358639472705e-07 -1.1711313653961497e-06 1.2851807853088571e-06 -1.0398825327401386e-06 1.0736807967402587e-06 6.0801644827907218e-08 -3.5527740727467553e-07 6.5063179903290809e-07 -2.9979368764543324e-06 3.6983845519992036e-07 1.3131202293455621e-06 -5.4146112074704433e-07 7.7892910582939347e-07 1.8267967601559575e-06 -6.8744129913382461e-07 6.6777454295871314e-07 4.8309812105206991e-07 1.1244732369484403e-06 3.8570166837486722e-07 -1.4374915394910206e-07 -1.6301283303412427e-07 -2.7027875759699783e-08 -5.2707162947078605e-08
leaf_weight=232 74 5684 26 28 20 21 83 24 29 33 28 21 26 20 20 39 30 25 31 20 22 22 43 22 26 20 22 90 73
leaf_count=232 74 5684 26 28 20 21 83 24 29 33 28 21 26 20 20 39 30 25 31 20 22 22 43 22 26 20 22 90 73
internal_value=1.73963e-16 -1.26636e-08 -2.89239e-07 -6.96003e-07 -4.26384e-07 -1.82408e-06 8.98826e-08 5.65389e-09 1.05453e-08 4.11108e-09 1.01426e-08 1.16498e-07 -2.85698e-09 -8.51262e-07 -1.50426e-06 3.56813e-07 1.43343e-07 5.8144e-07 1.89469e-07 9.34544e-07 1.6487e-08 6.22374e-08 7.28013e-08 6.42002e-07 2.72618e-08 -1.01638e-08 -5.30782e-08 6.12707e-09 -7.82516e-08
internal_weight=6854 6182 384 178 152 41 111 5798 5774 5745 5712 672 449 66 46 223 383 86 56 81 297 206 275 61 142 184 116 164 95
internal_count=6854 6182 384 178 152 41 111 5798 5774 5745 5712 672 449 66 46 223 383 86 56 81 297 206 275 61 142 184 116 164 95
is_linear=0
shrinkage=0.05


Tree=216
num_leaves=27
num_cat=0
split_feature=17 24 3 14 19 15 15 2 1 20 14 2 3 14 27 17 20 20 23 19 23 23 25 3 14 20
split_gain=4.07267e-09 2.61392e-08 4.5914e-08 1.26982e-07 3.09031e-08 2.31639e-08 4.74694e-08 4.37551e-08 3.32875e-08 2.51766e-08 2.51511e-08 1.99394e-08 1.96456e-08 1.54933e-08 1.21502e-08 1.02609e-08 2.83439e-08 9.092e-09 1.77056e-08 1.65257e-08 1.67266e-08 1.67512e-08 1.41475e-08 8.28543e-09 7.5845e-09 3.32799e-09
threshold=0.96593365067163883 0.00059487428502773591 23.850000000000005 0.58481550752069722 0.00052126500000000014 -0.23537842981696178 -0.27694043983797384 101.50000000000001 790.35000000000002 0.00071752000000000014 0.90892735371523092 116.50000000000001 25.450000000000003 0.77788564761185042 3.8333333333333335 0.96145730629670978 0.00042130000000000005 0.00077613000000000009 809.50000000000011 0.00082175000000000011 956.50000000000011 935.50000000000011 0.00062660670358882277 26.650000000000002 0.48314048284850658 0.00024357
decision_type=2 2 2 2 2 2 2 2 2 2 2 2 2 2 2 2 2 2 2 2 2 2 2 2 2 2
left_child=15 5 3 -3 -4 6 9 13 -9 10 -2 -10 -6 25 -14 17 -17 19 -19 20 21 -1 -20 -24 -22 -7
right_child=1 2 4 -5 12 7 -8 8 11 -11 -12 -13 14 -15 -16 16 -18 18 22 -21 24 -23 23 -25 -26 -27
leaf_value=-1.2228203918936329e-08 2.432235796545871e-07 -4.7577584780356126e-06 -1.2860501482390573e-06 1.4251812395298494e-07 1.6290666773481161e-06 1.8467684533403152e-07 -2.113162923192051e-06 5.4245148021436764e-08 1.5172880512331609e-06 1.6433586191349856e-06 -1.3855770490067699e-06 3.3825320984209635e-06 -6.250329692048635e-08 -8.7269084605434708e-07 1.1486130129393738e-06 4.8039684616973945e-07 -1.539281539844763e-06 1.7068379698705691e-06 -8.1167635000513532e-07 -1.3252017261322635e-06 3.3221582687777605e-07 -1.3642805223081151e-06 1.1091235046833959e-06 3.3762489495517102e-09 1.692722375992162e-06 9.6816782601031863e-07
leaf_weight=5763 268 20 37 39 24 33 23 25 38 29 26 23 151 32 24 32 38 22 28 24 21 23 32 36 20 23
leaf_count=5763 268 20 37 39 24 33 23 25 38 29 26 23 151 32 24 32 38 22 28 24 21 23 32 36 20 23
internal_value=1.38874e-15 1.04916e-07 -2.71032e-07 -1.51859e-06 4.08579e-08 3.18194e-07 8.15421e-08 7.88778e-07 1.59083e-06 2.37821e-07 9.918e-08 2.22058e-06 2.87569e-07 4.95555e-09 1.03593e-07 -1.4159e-08 -6.16e-07 -7.1011e-09 4.27432e-07 -1.58645e-08 -1.04717e-08 -1.76028e-08 1.34235e-07 5.23728e-07 9.95878e-07 5.06468e-07
internal_weight=6854 815 295 59 236 520 346 174 86 323 294 61 199 88 175 6039 70 5969 118 5851 5827 5786 96 68 41 56
internal_count=6854 815 295 59 236 520 346 174 86 323 294 61 199 88 175 6039 70 5969 118 5851 5827 5786 96 68 41 56
is_linear=0
shrinkage=0.05


Tree=217
num_leaves=31
num_cat=0
split_feature=15 3 14 14 17 3 15 19 3 15 0 26 3 3 6 19 7 14 19 14 27 14 19 26 1 12 20 7 12 17
split_gain=3.83857e-09 3.03491e-08 2.45333e-08 5.39984e-08 8.24983e-08 4.3969e-08 1.78099e-08 3.40951e-08 6.56322e-08 7.58898e-08 6.91172e-08 2.10903e-08 4.82646e-08 3.79186e-08 3.73311e-08 5.90263e-08 2.69415e-08 1.42445e-08 3.64896e-08 1.58491e-08 4.10118e-08 1.26446e-08 1.09348e-08 7.39945e-09 5.17191e-09 4.00817e-09 4.55005e-09 4.11155e-09 2.87777e-09 3.34721e-10
threshold=-0.72102888505294738 33.350000000000001 0.55656748448714433 0.52766072109828632 0.93637167903261098 19.050000000000004 -0.58481178939031186 0.00019313000000000004 23.450000000000003 -0.67801649466304881 553.50000000000011 0.00046164350660397559 16.650000000000002 22.750000000000004 0.00050647500000000005 0.00032419000000000008 47.495714803024534 0.48314048284850658 0.00015541000000000003 0.25206111083856975 77.500000000000014 0.62587949062545845 0.00081510000000000013 0.00041085213219771666 414.65000000000003 -0.78656609248549292 0.00034717500000000008 92.341572484865353 -0.25881904510252113 0.64989008968453021
decision_type=2 2 2 2 2 2 2 2 2 2 2 2 2 2 2 2 2 2 2 2 2 2 2 2 2 2 2 2 2 2
left_child=2 6 3 17 -5 25 7 24 10 -10 -9 14 -13 -14 16 -16 -8 19 28 22 -21 23 -1 -7 29 -4 27 -27 -19 -2
right_child=1 -3 5 4 -6 21 11 8 9 -11 -12 12 13 -15 15 -17 -18 18 -20 20 -22 -23 -24 -25 -26 26 -28 -29 -30 -31
leaf_value=1.0227980994328911e-07 -3.8582767715749032e-08 -1.9687720856609305e-06 6.540370004159968e-07 2.4642251773480201e-07 -3.9137850478709881e-06 1.3677478125264141e-06 1.1662158638046095e-06 -9.1524287688413451e-07 2.0957443845353347e-06 -8.3098206482431268e-07 -4.5246808375460592e-06 -1.5035425740784883e-06 8.1636493133195378e-07 3.0084005155241239e-08 -3.0792918509674067e-06 -3.7696738677405234e-07 -3.3498406488335921e-09 -5.4997325777538296e-07 2.2249717548862033e-06 -5.796574949180302e-07 7.8780081109827105e-07 5.7672226271658182e-07 -8.7855128832604273e-07 2.5606313456067324e-06 8.1078521482425006e-07 7.3751774749553083e-07 -7.3144135654956703e-07 -4.8465866765894525e-08 2.4398418628379657e-07 1.6481425052203039e-07
leaf_weight=1411 251 20 25 26 22 26 50 36 28 106 21 36 276 345 22 248 3237 21 26 267 69 24 29 26 20 20 20 99 25 22
leaf_count=1411 251 20 25 26 22 26 50 36 28 106 21 36 276 345 22 248 3237 21 26 267 69 24 29 26 20 20 20 99 25 22
internal_value=9.79892e-17 -2.5177e-08 5.5611e-08 -4.67739e-09 -1.66034e-06 5.3189e-07 -1.69029e-08 -3.04159e-07 -8.23928e-07 -2.19427e-07 -2.24504e-06 1.609e-08 2.76359e-07 3.79542e-07 -3.19834e-08 -5.97157e-07 1.44409e-08 3.83268e-08 7.2777e-07 1.03764e-08 -2.9884e-07 1.52604e-06 8.2527e-08 1.96419e-06 3.46667e-08 7.1185e-08 -3.36446e-08 8.36322e-08 -1.18475e-07 -2.21918e-08
internal_weight=6854 4718 2136 1896 48 240 4698 484 191 134 57 4214 657 621 3557 270 3287 1848 72 1776 336 76 1440 52 293 164 139 119 46 273
internal_count=6854 4718 2136 1896 48 240 4698 484 191 134 57 4214 657 621 3557 270 3287 1848 72 1776 336 76 1440 52 293 164 139 119 46 273
is_linear=0
shrinkage=0.05


Tree=218
num_leaves=21
num_cat=0
split_feature=14 19 14 3 2 17 17 0 17 3 14 6 14 6 14 23 17 4 11 12
split_gain=3.86344e-09 6.14726e-09 5.62397e-09 4.17509e-08 8.20577e-08 2.64204e-08 4.14011e-08 2.55597e-08 3.5124e-08 2.46688e-08 9.2818e-09 2.39704e-08 1.27332e-08 3.30655e-08 8.39637e-09 2.33807e-08 8.04586e-09 1.01008e-10 7.91181e-11 2.02983e-11
threshold=-0.99940763397299126 0.00015806500000000001 -0.95754239937548935 24.850000000000005 147.50000000000003 0.93422856074854277 0.91235872504674465 784.50000000000011 0.96826222264477679 23.550000000000004 -0.94975917145599731 0.00016605000000000002 -0.93879691571722779 0.00030492000000000008 -0.91289842852956904 454.00000000000006 1.0188627020362733 3.5000000000000004 17.506250000000005 0.60355339059327384
decision_type=2 2 2 2 2 2 2 2 2 2 2 2 2 2 2 2 2 2 2 2
left_child=1 19 3 5 7 6 9 8 -5 -2 11 18 13 17 15 -14 -16 -12 -4 -1
right_child=2 -3 10 4 -6 -7 -8 -9 -10 -11 12 -13 14 -15 16 -17 -18 -19 -20 -21
leaf_value=-2.5326522627248477e-08 9.499960784899189e-08 8.202055941001777e-07 -4.9552099891638213e-08 -1.8928809090034015e-06 -3.1254597753572991e-06 1.2761433115662303e-06 -1.9096588555933932e-06 1.4176559011502831e-06 8.7166815546879658e-07 -1.6522581275813493e-06 6.8533718717844759e-08 2.0466337960556304e-06 -3.7622291118630042e-08 -2.2653156783938111e-06 8.7345129851999145e-09 1.6617862535173935e-06 -7.7421988852289702e-07 2.2744272143881974e-07 7.3888441477265589e-08 3.4806130661704431e-08
leaf_weight=36 531 37 27 27 33 39 29 20 20 21 20 20 67 22 5775 29 33 20 25 23
leaf_count=36 531 37 27 27 33 39 29 20 20 21 20 20 67 22 5775 29 33 20 25 23
internal_value=-1.8134e-16 3.14962e-07 -4.47416e-09 -1.36562e-07 -1.08461e-06 1.63498e-08 -6.82147e-08 -7.94224e-08 -7.16477e-07 2.85278e-08 1.12766e-08 5.75583e-07 4.46635e-09 -7.08345e-07 1.19518e-08 4.75741e-07 4.28591e-09 1.47988e-07 9.79431e-09 -1.88498e-09
internal_weight=6854 96 6758 720 100 620 581 67 47 552 6038 72 5966 62 5904 96 5808 40 52 59
internal_count=6854 96 6758 720 100 620 581 67 47 552 6038 72 5966 62 5904 96 5808 40 52 59
is_linear=0
shrinkage=0.05


Tree=219
num_leaves=23
num_cat=0
split_feature=5 0 14 17 14 20 15 27 25 1 14 3 14 2 14 27 25 4 15 15 15 14
split_gain=3.92877e-09 1.77008e-08 1.24494e-08 5.67599e-09 5.31711e-09 3.2298e-08 5.74831e-08 3.55954e-08 2.29743e-08 1.78595e-08 1.66022e-08 7.60168e-08 1.8101e-08 5.98834e-08 1.52079e-08 4.42374e-09 1.00294e-09 1.03114e-11 3.26876e-11 2.00928e-11 2.02193e-11 6.06559e-12
threshold=2.6500000000000008 232.50000000000003 0.42179998225932674 1.0253463389462343 0.9916835347852474 0.00033463000000000009 0.080547328232315238 45.833333333333336 0.00015682682387925493 305.25000000000006 0.98667101781630195 16.450000000000003 0.98049069993378934 118.50000000000001 0.95242846126021108 77.500000000000014 1.5748991218574453e-05 45.500000000000007 -0.31800055644052067 -0.89404254237865755 -0.38243420677835349 0.50557357885840837
decision_type=2 2 2 2 2 2 2 2 2 2 2 2 2 2 2 2 2 2 2 2 2 2
left_child=1 16 -3 4 10 8 7 -7 9 -6 12 15 14 -14 -2 -12 17 19 -19 -1 -21 -20
right_child=3 2 -4 -5 5 6 -8 -9 -10 -11 11 -13 13 -15 -16 -17 -18 18 21 20 -22 -23
leaf_value=3.0729518130101498e-08 -1.1577565371665904e-08 1.8157812107233442e-07 1.8706565534228522e-06 -7.9232243988174213e-07 2.1669961483418305e-08 1.1768230301072437e-06 -3.2500433193986695e-06 -1.3085033602317922e-06 1.1945195145320517e-06 -1.5475908234119372e-06 1.7812506527548067e-07 3.2270551049474641e-06 -3.6925409094354457e-08 -3.1205129010913882e-06 3.6140492308339115e-07 -6.7912692819155147e-07 2.6968726647932531e-07 -8.4573216256666509e-08 -2.0322085273106144e-09 -6.0114864972795412e-08 -4.9696110184532473e-09 -2.7607672206381049e-08
leaf_weight=27 5723 20 24 23 194 25 22 34 39 20 34 22 74 20 287 27 35 21 44 22 68 49
leaf_count=27 5723 20 24 23 194 25 22 34 39 20 34 22 74 20 287 27 35 21 44 22 68 49
internal_value=-7.66168e-16 1.73927e-07 1.10289e-06 -8.23921e-09 -5.4737e-09 -1.99794e-07 -1.06876e-06 -2.55399e-07 7.84127e-08 -1.2499e-07 5.0165e-09 7.0741e-07 -4.53439e-09 -6.93008e-07 6.23374e-09 -2.01314e-07 2.02634e-08 -1.75281e-08 -2.82301e-08 -7.10054e-09 -1.84496e-08 -1.55075e-08
internal_weight=6854 310 44 6544 6521 334 81 59 253 214 6187 83 6104 94 6010 61 266 231 114 117 90 93
internal_count=6854 310 44 6544 6521 334 81 59 253 214 6187 83 6104 94 6010 61 266 231 114 117 90 93
is_linear=0
shrinkage=0.05


Tree=220
num_leaves=24
num_cat=0
split_feature=7 18 22 11 25 26 2 22 14 7 21 2 19 7 26 14 0 26 19 27 27 23 27
split_gain=3.87511e-09 9.61707e-09 1.38432e-08 1.30472e-08 8.00206e-09 2.87802e-08 4.19761e-08 3.69671e-08 3.66726e-08 2.97122e-08 2.35539e-08 1.86944e-08 1.575e-08 1.44535e-08 1.32064e-08 4.40603e-08 3.09106e-08 7.01128e-09 6.90286e-09 2.88555e-08 1.41473e-08 5.91075e-09 5.13305e-09
threshold=14.833017467908734 0.00076586999999999998 969.50000000000011 56.846875000000004 0.00068070483343839075 0.00067721665555572094 195.50000000000003 919.50000000000011 0.85226249403558707 20.475707940561389 716.50000000000011 137.50000000000003 0.00078017500000000003 16.561996859668579 0.00063365167530476691 0.9893236546938301 914.50000000000011 0.00072429492301114397 0.00080633000000000018 3.8333333333333335 1.8333333333333337 858.50000000000011 11.833333333333334
decision_type=2 2 2 2 2 2 2 2 2 2 2 2 2 2 2 2 2 2 2 2 2 2 2
left_child=1 2 3 17 12 8 7 9 11 -7 -10 -6 13 -2 16 -16 -15 -1 20 -20 -3 -13 -8
right_child=4 18 -4 -5 5 6 22 -9 10 -11 -12 21 -14 14 15 -17 -18 -19 19 -21 -22 -23 -24
leaf_value=2.2098247023061292e-06 -1.3103030444280454e-06 9.9137199961499009e-07 -3.9949503616298898e-07 8.8012554789158801e-09 2.1247627020670736e-06 -1.2783358082070544e-06 -2.2719492277130847e-07 -8.0366590538005777e-08 2.3119506423086025e-07 -3.8796337416139672e-06 -2.1396304263858339e-06 5.6191974003329808e-08 1.1877256625325573e-06 -1.2976322267395278e-09 5.7338440778450653e-07 -1.8782485744850421e-06 -1.3624062024150808e-06 8.8588313406745567e-07 -1.968645138958891e-06 6.5546980413893676e-07 -5.1919741434033072e-07 9.9936653310368674e-07 8.1809542718549173e-07
leaf_weight=20 21 31 24 21 20 23 24 24 20 21 22 46 28 6086 219 20 42 20 20 22 31 26 23
leaf_count=20 21 31 24 21 20 23 24 24 20 21 22 46 28 6086 219 20 42 20 20 22 31 26 23
internal_value=-2.286e-16 2.23259e-07 6.17778e-07 1.01802e-06 -6.33098e-09 -2.84432e-07 -8.6469e-07 -1.65887e-06 2.1355e-07 -2.51986e-06 -1.01067e-06 7.72431e-07 4.46193e-09 -7.24577e-10 3.59475e-09 3.68227e-07 -1.06264e-08 1.54785e-06 -9.91842e-08 -5.94109e-07 2.36087e-07 3.96783e-07 2.8433e-07
internal_weight=6854 189 85 61 6665 249 115 68 134 44 42 92 6416 6388 6367 239 6128 40 104 42 62 72 47
internal_count=6854 189 85 61 6665 249 115 68 134 44 42 92 6416 6388 6367 239 6128 40 104 42 62 72 47
is_linear=0
shrinkage=0.05


Tree=221
num_leaves=26
num_cat=0
split_feature=17 24 11 20 19 14 1 26 23 0 11 7 14 26 20 19 1 24 27 2 1 19 8 27 4
split_gain=3.88636e-09 2.34546e-08 3.35211e-08 5.01274e-08 2.65738e-08 2.475e-08 2.12599e-08 2.10343e-08 3.20006e-08 2.52237e-08 2.14157e-08 2.0467e-08 1.89164e-08 1.00301e-08 1.84953e-08 1.80086e-08 1.42217e-08 3.70236e-08 4.525e-08 3.25744e-08 1.84009e-08 1.75914e-08 1.75097e-08 1.25858e-08 3.84494e-09
threshold=0.96593365067163883 0.00059487428502773591 48.571875000000013 0.00052666500000000005 0.00048691000000000007 0.55656748448714433 856.25000000000011 0.00069466358981070959 788.50000000000011 685.50000000000011 45.737500000000004 33.813483556953393 0.96465729447553372 0.00076955878311510157 0.00077613000000000009 0.00078017500000000003 783.85000000000002 0.00061271849382225462 0.50000000000000011 149.50000000000003 770.30000000000007 0.00082175000000000011 217.51076902763677 32.166666666666679 1.5000000000000002
decision_type=2 2 2 2 2 2 2 2 2 2 2 2 2 2 2 2 2 2 2 2 2 2 2 2 2
left_child=13 7 3 -3 -4 6 -6 8 9 10 -2 -11 -7 14 16 -15 20 18 -18 -19 21 -1 -22 24 -16
right_child=1 2 4 -5 5 12 -8 -9 -10 11 -12 -13 -14 15 23 -17 17 19 -20 -21 22 -23 -24 -25 -26
leaf_value=-6.401650769387663e-09 3.1227341837816007e-07 8.5203070522187449e-08 -1.3831307864364818e-06 -3.373440142695472e-06 5.4161541094934263e-08 1.776675202498674e-06 -1.6870409555735935e-06 1.6130175971550763e-06 -1.355099716041271e-06 3.0753166877155693e-07 -7.7073529582175644e-07 1.9182781184910499e-06 -4.5858969836369101e-08 -1.8158542275159563e-06 7.7312373652255991e-07 2.8055800879833723e-07 7.540685771800782e-07 1.6232416233124777e-06 -1.3866340093531765e-06 -4.8177168110896673e-07 2.1102241743164997e-06 -1.4919081047537475e-06 4.3049256587004321e-08 1.6937745847656061e-06 -2.348234275042628e-08
leaf_weight=5638 329 22 32 20 142 35 20 29 30 38 53 41 24 21 28 20 32 34 108 40 20 20 21 24 33
leaf_count=5638 329 22 32 20 142 35 20 29 30 38 53 41 24 21 28 20 32 34 108 40 20 20 21 24 33
internal_value=2.97141e-16 1.02488e-07 -2.53632e-07 -1.56177e-06 -3.64705e-08 1.58521e-07 -1.60802e-07 3.04518e-07 2.27233e-07 3.30205e-07 1.62013e-07 1.14349e-06 1.03531e-06 -1.38314e-08 -8.50383e-09 -7.93214e-07 -1.90308e-08 -4.19191e-07 -8.97331e-07 4.85397e-07 -4.00459e-09 -1.16526e-08 1.05143e-06 7.23802e-07 3.42173e-07
internal_weight=6854 815 295 42 253 221 162 520 491 461 382 79 59 6039 5998 41 5913 214 140 74 5699 5658 41 85 61
internal_count=6854 815 295 42 253 221 162 520 491 461 382 79 59 6039 5998 41 5913 214 140 74 5699 5658 41 85 61
is_linear=0
shrinkage=0.05


Tree=222
num_leaves=19
num_cat=0
split_feature=23 6 18 18 6 4 7 18 15 24 2 24 0 6 19 19 25 6
split_gain=3.99508e-09 1.04718e-08 1.75329e-08 1.29186e-08 5.96579e-09 1.84332e-08 2.44918e-08 2.43871e-08 1.40183e-08 8.63722e-09 1.64601e-08 1.33965e-08 1.25058e-08 2.97217e-08 2.79122e-08 1.54085e-08 1.55073e-08 1.12974e-08
threshold=969.50000000000011 0.00051742500000000007 0.00077189500000000009 0.00081829500000000013 0.00078558000000000002 1.5000000000000002 15.278995907960985 0.00076586999999999998 -0.7444366621422277 0.00072006010827437852 156.50000000000003 0.00073457243935596422 928.50000000000011 0.00047020500000000007 0.00067957500000000008 0.00079291500000000005 0.00074495676006362062 0.00070991500000000009
decision_type=2 2 2 2 2 2 2 2 2 2 2 2 2 2 2 2 2 2
left_child=4 -2 -3 -4 9 6 -6 -7 -9 12 -11 -12 15 -14 -15 16 -1 -13
right_child=1 2 3 -5 5 7 -8 8 -10 10 11 17 13 14 -16 -17 -18 -19
leaf_value=1.7821382450481189e-09 -7.0375504947151056e-07 1.8136996123714544e-06 -6.1597850554821419e-07 8.8971440084557294e-07 -1.6229910642096003e-07 1.2790038179697025e-06 -2.4532016021794335e-06 1.4003098622576241e-07 -1.5689103156546482e-06 1.3366097008266871e-06 1.0606481907871057e-06 -1.3447847749148424e-06 6.7987795443968942e-07 -2.8494600792328131e-06 -2.6859423162374119e-07 1.3225339152065565e-06 -1.271559362336916e-06 1.612142353458308e-07
leaf_weight=6406 20 21 29 28 28 29 20 30 20 35 22 20 25 20 22 22 24 33
leaf_count=6406 20 21 29 28 28 29 20 30 20 35 22 20 25 20 22 22 24 33
internal_value=-1.22326e-15 3.16951e-07 5.78671e-07 1.2366e-07 -4.59758e-09 -3.44052e-07 -1.11684e-06 1.25492e-07 -5.43546e-07 1.90577e-09 4.41272e-07 2.34485e-08 -5.508e-09 -6.85094e-07 -1.49758e-06 1.54909e-09 -2.97061e-09 -4.07087e-07
internal_weight=6854 98 78 57 6756 127 48 79 50 6629 110 75 6519 67 42 6452 6430 53
internal_count=6854 98 78 57 6756 127 48 79 50 6629 110 75 6519 67 42 6452 6430 53
is_linear=0
shrinkage=0.05


Tree=223
num_leaves=21
num_cat=0
split_feature=25 14 14 14 14 4 15 26 3 20 27 17 1 6 27 26 2 27 26 11
split_gain=3.90296e-09 2.79964e-08 2.52496e-08 2.39885e-08 1.01018e-07 7.44597e-08 4.74684e-08 2.38014e-08 3.30519e-08 2.458e-08 5.30416e-08 3.88604e-08 2.2966e-08 2.28439e-08 2.05166e-08 2.02419e-08 1.94821e-08 3.39349e-08 1.05671e-08 1.3075e-08
threshold=0.00042801999650515972 0.99818282439137029 0.9916835347852474 0.92922379131507438 0.90892735371523092 79.500000000000014 -0.23537842981696178 0.00058508799699519417 17.950000000000003 0.00059331500000000007 43.500000000000007 0.93519489025424385 900.6500000000002 0.00065943000000000002 19.833333333333339 0.00045477677173186981 212.50000000000003 39.500000000000007 0.0004365606590787027 46.081250000000004
decision_type=2 2 2 2 2 2 2 2 2 2 2 2 2 2 2 2 2 2 2 2
left_child=7 2 3 4 12 6 -5 9 -9 15 11 -11 -2 14 -10 18 17 -17 19 -1
right_child=1 -3 -4 5 -6 -7 -8 8 13 10 -12 -13 -14 -15 -16 16 -18 -19 -20 -21
leaf_value=-2.6133718263392085e-09 -1.0866778964943937e-07 1.6963953245604816e-06 -1.6154347644327641e-06 -1.8536007718028958e-06 -3.2250608298384651e-06 2.8555061151434661e-06 5.563715379794519e-07 -1.1259577331657055e-06 5.7508585323572656e-07 1.3784634736566661e-06 -2.8942371233389841e-06 -1.5391169112955961e-06 1.3400780545680392e-06 3.781367278558416e-08 2.3978664315611816e-06 3.5831975773848082e-07 -6.685026362230842e-07 2.4984217967964168e-06 -8.8986656141004821e-07 6.2639795513537899e-07
leaf_weight=5014 1188 22 27 27 26 28 84 20 26 25 23 21 28 33 38 59 21 27 33 84
leaf_count=5014 1188 22 27 27 26 28 84 20 26 25 23 21 28 33 38 59 21 27 33 84
internal_value=4.58312e-16 -7.34829e-08 -1.01137e-07 -7.15312e-08 -1.41245e-07 5.51382e-07 -2.98379e-08 1.93733e-08 7.24785e-07 3.82151e-09 -9.33729e-07 4.65246e-08 -7.53085e-08 1.10638e-06 1.65736e-06 1.61718e-08 6.9682e-07 1.03021e-06 1.97786e-09 7.75088e-09
internal_weight=6854 1430 1408 1381 1242 139 111 5424 117 5307 69 46 1216 97 64 5238 107 86 5131 5098
internal_count=6854 1430 1408 1381 1242 139 111 5424 117 5307 69 46 1216 97 64 5238 107 86 5131 5098
is_linear=0
shrinkage=0.05


Tree=224
num_leaves=28
num_cat=0
split_feature=5 26 19 22 14 20 23 23 19 6 19 6 26 20 8 19 14 14 19 19 3 14 0 20 26 1 1
split_gain=3.74404e-09 2.45251e-08 2.58065e-08 2.48371e-08 2.95177e-08 2.43469e-08 2.51341e-08 4.17844e-08 3.28997e-08 2.21323e-08 1.84728e-08 2.0595e-08 1.49385e-08 4.20532e-08 2.81876e-08 4.17777e-08 3.09007e-08 2.14553e-08 1.64072e-08 2.15049e-08 1.68964e-08 2.9275e-08 1.18317e-08 1.02188e-08 1.86698e-08 3.0653e-08 1.96829e-08
threshold=12.65 0.00060815680964385413 0.00034838500000000005 888.50000000000011 0.16799745313369893 0.00071982000000000014 895.50000000000011 939.50000000000011 0.00071982000000000014 0.00070488000000000007 0.00062852500000000011 0.00067993000000000014 0.00054661041210009602 0.00057926500000000014 95.908509531356188 0.00062852500000000011 0.98372640911059162 0.95242846126021108 0.00068675500000000016 0.00071493500000000009 20.850000000000005 0.59868201182722736 879.50000000000011 0.00066749500000000015 0.00049366878401483803 800.25000000000011 871.30000000000007
decision_type=2 2 2 2 2 2 2 2 2 2 2 2 2 2 2 2 2 2 2 2 2 2 2 2 2 2 2
left_child=12 5 -3 10 22 6 8 -8 9 -2 -4 -12 18 -14 15 -15 17 -16 23 -20 -21 -22 -5 24 26 -26 -1
right_child=1 2 3 4 -6 -7 7 -9 -10 -11 11 -13 13 14 16 -17 -18 -19 19 20 21 -23 -24 -25 25 -27 -28
leaf_value=-3.0507705880513585e-08 3.4489233686331835e-08 2.2215050184115627e-06 -6.0093104773765548e-07 -6.7728664676213251e-07 -1.7947819648469478e-06 -1.500605385781792e-06 -2.8449707167510497e-06 3.8707250041625237e-07 1.6271736242856605e-06 -1.2174613300114996e-06 1.7368424022031239e-06 4.9542415792659869e-07 -2.3237018941320759e-06 1.9284091195004295e-07 -6.8604742937098558e-08 -2.925012257616221e-06 -1.8887284485654992e-06 1.2780121153355141e-06 2.1137260148407225e-06 1.3563665409795553e-06 7.7195036283228548e-07 -1.6793394468636724e-06 8.160913607311057e-07 -1.1366296079984295e-06 1.171670832110372e-06 -1.0377135265571268e-06 1.2146612682784054e-06
leaf_weight=3869 1819 20 24 21 25 27 20 20 32 36 49 105 24 21 391 22 22 32 20 24 29 21 36 20 73 20 32
leaf_count=3869 1819 20 24 21 25 27 20 20 32 36 49 105 24 21 391 22 22 32 20 24 29 21 36 20 73 20 32
internal_value=-6.01313e-17 5.31432e-08 4.90783e-07 3.57651e-07 -3.62357e-07 -9.56881e-09 1.13227e-08 -1.22895e-06 3.76136e-08 1.01926e-08 6.8934e-07 8.90421e-07 -2.56974e-08 -2.8037e-07 -1.79878e-07 -1.40234e-06 -6.1753e-08 3.3267e-08 6.04374e-09 6.59019e-07 2.65854e-07 -2.57591e-07 2.65899e-07 -9.24764e-09 -3.60227e-09 6.96534e-07 -2.02936e-08
internal_weight=6854 2234 280 260 82 1954 1927 40 1887 1855 178 154 4620 512 488 43 445 423 4108 94 74 50 57 4014 3994 93 3901
internal_count=6854 2234 280 260 82 1954 1927 40 1887 1855 178 154 4620 512 488 43 445 423 4108 94 74 50 57 4014 3994 93 3901
is_linear=0
shrinkage=0.05


Tree=225
num_leaves=13
num_cat=0
split_feature=5 5 25 14 14 14 26 2 18 6 3 7
split_gain=3.9009e-09 5.01791e-09 4.24729e-09 2.57514e-08 2.20544e-08 2.12912e-08 2.11848e-08 3.01357e-08 2.34831e-08 2.32903e-08 6.03053e-08 2.51821e-08
threshold=28.450000000000003 24.650000000000002 0.00042801999650515972 0.99818282439137029 0.9916835347852474 0.92922379131507438 0.00058508799699519417 152.50000000000003 0.00067419500000000015 0.00058751500000000015 23.550000000000004 46.88609567411482
decision_type=2 2 2 2 2 2 2 2 2 2 2 2
left_child=1 2 6 4 5 -4 9 -8 -9 11 -11 -1
right_child=-2 -3 3 -5 -6 -7 7 8 -10 10 -12 -13
leaf_value=7.97192723239857e-07 -6.804191113609532e-07 5.6762210231926683e-07 -1.4342505774987922e-07 1.6191007701267652e-06 -1.5200907186483534e-06 5.0947689744577036e-07 2.0871189807903962e-06 7.6695086602187302e-07 -1.0662177619451541e-06 1.0382147178568311e-07 -2.5011147541094532e-06 3.6917964057980329e-09
leaf_weight=102 21 39 1228 22 27 139 29 58 25 68 33 5063
leaf_count=102 21 39 1228 22 27 139 29 58 25 68 33 5063
internal_value=-1.73379e-16 2.09115e-09 -1.1552e-09 -7.81998e-08 -1.04986e-07 -7.70363e-08 1.91302e-08 6.99591e-07 2.14792e-07 4.65786e-09 -7.47296e-07 1.93621e-08
internal_weight=6854 6833 6794 1416 1394 1367 5378 112 83 5266 101 5165
internal_count=6854 6833 6794 1416 1394 1367 5378 112 83 5266 101 5165
is_linear=0
shrinkage=0.05


Tree=226
num_leaves=20
num_cat=0
split_feature=24 24 25 26 24 3 5 27 25 20 11 24 19 26 24 22 24 9 1
split_gain=3.79691e-09 3.67605e-08 1.34982e-08 2.12281e-08 2.25261e-08 1.93549e-08 1.84392e-08 1.94599e-08 1.52163e-08 9.77724e-09 7.62306e-09 1.24854e-08 1.44678e-08 1.96759e-08 1.14152e-08 2.4443e-08 1.8993e-08 1.12039e-08 7.35476e-09
threshold=0.00069681105718388044 0.00069292071768410212 0.00052357139638622117 0.00068070483343839075 0.00073457243935596422 25.150000000000002 11.950000000000001 1.0000000180025095e-35 0.0003791911620605254 0.00052183000000000015 58.843750000000007 0.00066742474807920395 0.00071493500000000009 0.00046494800223604004 0.00062660670358882277 914.50000000000011 0.00062058274066632303 71.993716747036729 823.50000000000011
decision_type=2 2 2 2 2 2 2 2 2 2 2 2 2 2 2 2 2 2 2
left_child=1 10 8 5 -5 -4 7 -6 -2 -7 11 14 13 -13 16 -16 -1 -12 -11
right_child=2 -3 3 4 6 9 -8 -9 -10 18 17 12 -14 -15 15 -17 -18 -19 -20
leaf_value=-1.3070385750240019e-09 2.8071185624867213e-07 -1.8841101572993817e-06 1.699439638669949e-06 8.0736531995893455e-07 9.7922398186834805e-07 -6.1738189913285171e-07 -1.7136407401656991e-06 -1.1237984873508305e-06 -1.6009358226992411e-06 3.3115851942560381e-07 1.3034684430808572e-06 1.0833847733508828e-06 -1.5322198631143432e-06 -7.9106139905672451e-07 7.2372005810156833e-07 -1.0880857777289582e-06 -1.3822170426180948e-06 -2.1658539798801773e-07 1.4481559126267031e-06
leaf_weight=6234 22 26 38 37 22 20 28 22 21 56 27 21 28 42 121 22 25 22 20
leaf_count=6234 22 26 38 37 22 20 28 22 21 56 27 21 28 42 121 22 25 22 20
internal_value=-7.30999e-16 -7.76568e-09 1.78339e-07 3.22835e-07 -1.95322e-07 7.44321e-07 -7.10591e-07 -7.22873e-08 -6.38232e-07 3.66254e-07 -3.08491e-10 -4.99722e-09 -5.86546e-07 -1.66246e-07 3.26909e-09 4.44981e-07 -6.82274e-09 6.20995e-07 6.25105e-07
internal_weight=6854 6568 286 243 109 134 72 44 43 96 6542 6493 91 63 6402 143 6259 49 76
internal_count=6854 6568 286 243 109 134 72 44 43 96 6542 6493 91 63 6402 143 6259 49 76
is_linear=0
shrinkage=0.05


Tree=227
num_leaves=18
num_cat=0
split_feature=7 5 26 25 25 23 25 25 19 22 7 19 7 23 26 5 22
split_gain=4.02894e-09 1.12154e-08 1.17577e-08 9.93623e-09 1.07875e-08 1.10504e-08 6.89526e-09 2.79441e-08 2.68269e-08 2.55104e-08 1.50087e-08 1.386e-08 1.22489e-08 1.17185e-08 1.07886e-08 3.48068e-08 2.01048e-08
threshold=14.833017467908734 16.950000000000003 0.00048109768438390485 0.00049270571643550258 0.00067495304033764853 956.50000000000011 0.00068070483343839075 0.00068954845129393083 0.00073564000000000019 821.00000000000011 19.329387770696005 0.00078017500000000003 16.561996859668579 781.50000000000011 0.00067495304033764853 12.750000000000002 897.50000000000011
decision_type=2 2 2 2 2 2 2 2 2 2 2 2 2 2 2 2 2
left_child=1 2 -1 -4 -5 -6 11 -8 13 -10 -11 12 -2 -9 16 -16 -14
right_child=6 -3 3 4 5 -7 7 8 9 10 -12 -13 14 -15 15 -17 -18
leaf_value=1.2609540840458069e-06 -1.2068771444059426e-06 -8.6176477225308196e-07 1.1430201208316828e-06 -1.0126485718005412e-06 -3.2482493475314149e-07 7.5941280549480992e-07 -1.5127538716049122e-06 1.5960424536450742e-06 -2.0452364159950778e-06 2.789832123243722e-07 -8.0840260586549402e-07 1.1135618545868705e-06 2.4209789053781002e-09 1.4853791530758491e-07 -2.9006695702581913e-07 1.3281177547894197e-06 -8.7490288993911123e-07
leaf_weight=30 21 21 22 22 47 47 38 29 20 84 51 28 6167 27 73 61 66
leaf_count=30 21 21 22 22 47 47 38 29 20 84 51 28 6167 27 73 61 66
internal_value=-5.952e-16 2.27647e-07 3.63824e-07 1.68796e-07 -1.5971e-08 2.17294e-07 -6.45542e-09 -2.64609e-07 -3.98242e-08 -3.78701e-07 -1.31807e-07 3.56331e-09 -1.30206e-09 8.98138e-07 2.67424e-09 4.46569e-07 -6.86883e-09
internal_weight=6854 189 168 138 116 94 6665 249 211 155 135 6416 6388 56 6367 134 6233
internal_count=6854 189 168 138 116 94 6665 249 211 155 135 6416 6388 56 6367 134 6233
is_linear=0
shrinkage=0.05


Tree=228
num_leaves=26
num_cat=0
split_feature=15 15 14 6 23 23 6 15 2 21 3 21 14 26 22 6 26 2 20 4 22 7 0 23 15
split_gain=3.79345e-09 1.04427e-08 3.21663e-08 4.54081e-08 1.1869e-08 1.63928e-08 1.09183e-08 9.52032e-09 2.46397e-08 1.34067e-08 5.73369e-09 3.13754e-08 1.81778e-08 7.54677e-09 7.97634e-09 7.19832e-09 7.66429e-09 5.72814e-09 1.18047e-08 7.6485e-09 3.8786e-09 9.3263e-09 2.86329e-09 4.85874e-09 1.99755e-09
threshold=-0.97111920233974802 -0.9292178835113839 0.3342611484689354 0.00018581500000000001 1003.5000000000001 974.50000000000011 0.00070749000000000018 -0.90892157495189674 118.50000000000001 919.50000000000011 26.350000000000005 619.50000000000011 1.0000000180025095e-35 0.0005293927921243217 521.50000000000011 0.00079657000000000003 0.0002621227046623969 159.50000000000003 0.00043247000000000007 13.500000000000002 530.50000000000011 54.877495371495058 811.00000000000011 898.50000000000011 -0.99983123799342477
decision_type=2 2 2 2 2 2 2 2 2 2 2 2 2 2 2 2 2 2 2 2 2 2 2 2 2
left_child=10 2 6 -4 5 7 17 8 -3 -9 11 20 13 14 -12 16 -13 18 -2 -19 21 -1 -15 -24 -23
right_child=1 4 3 -5 -6 -7 -8 9 -10 -11 12 15 -14 22 -16 -17 -18 19 -20 -21 -22 24 23 -25 -26
leaf_value=1.1238627757848009e-06 1.6657429493362856e-08 -1.0086166169231596e-07 -6.0904151574994531e-08 -3.1473539159130519e-06 -1.1051506443019814e-06 1.1948531021610916e-06 -1.0021016139205585e-06 5.3113950851004371e-09 1.2608921216411237e-06 -4.8679720419171719e-07 2.2316964123092474e-07 6.6222487096941523e-07 -1.3645753435517131e-06 9.2146441040037135e-07 -1.0822175030708338e-06 3.3188641791206296e-07 1.8704734329081215e-06 8.5148144535196479e-07 -1.057715716624757e-06 -3.1446681625559661e-07 -5.009153631441166e-07 4.0319193670352289e-07 -3.4646184195437293e-07 6.7608783080703899e-07 -1.4604067411867016e-08
leaf_weight=20 216 89 26 22 24 29 30 5461 53 142 25 21 26 21 22 21 35 39 29 22 32 31 21 26 371
leaf_count=20 216 89 26 22 24 29 30 5461 53 142 25 21 26 21 22 21 35 39 29 22 32 31 21 26 371
internal_value=6.15962e-16 -1.22641e-08 -2.64778e-07 -1.47553e-06 4.45982e-09 9.07199e-09 -9.18134e-08 3.08632e-09 4.07399e-07 -7.16039e-09 1.12822e-07 1.88082e-07 -1.70604e-07 9.93373e-08 -3.87863e-07 1.12134e-06 1.41738e-06 -2.56943e-09 -1.10513e-07 4.30976e-07 2.97991e-08 7.00429e-08 4.36078e-07 2.19204e-07 1.7614e-08
internal_weight=6854 6182 384 48 5798 5774 336 5745 142 5603 672 531 141 115 47 77 56 306 245 61 454 422 68 47 402
internal_count=6854 6182 384 48 5798 5774 336 5745 142 5603 672 531 141 115 47 77 56 306 245 61 454 422 68 47 402
is_linear=0
shrinkage=0.05


Tree=229
num_leaves=19
num_cat=0
split_feature=7 5 26 22 3 24 1 25 25 19 22 9 19 7 18 26 3 9
split_gain=3.79786e-09 1.02878e-08 1.04797e-08 1.0058e-08 1.22136e-08 9.72385e-09 6.43873e-09 6.04551e-09 2.53402e-08 2.39299e-08 2.26585e-08 1.36322e-08 1.25229e-08 1.11468e-08 1.05235e-08 1.01444e-08 3.25522e-08 2.19103e-08
threshold=14.833017467908734 16.950000000000003 0.00048109768438390485 928.50000000000011 31.850000000000005 0.00073457243935596422 743.30000000000007 0.00068070483343839075 0.00068954845129393083 0.00073564000000000019 821.00000000000011 70.973413902093441 0.00078017500000000003 16.561996859668579 0.00060249500000000009 0.00063365167530476691 23.950000000000003 59.084861779990241
decision_type=2 2 2 2 2 2 2 2 2 2 2 2 2 2 2 2 2 2
left_child=1 2 -1 6 5 -5 -4 12 -9 14 -11 -12 13 -2 -10 17 -17 -15
right_child=7 -3 3 4 -6 -7 -8 8 9 10 11 -13 -14 15 -16 16 -18 -19
leaf_value=1.1984183129243321e-06 -1.1515730956749136e-06 -8.2236520733030849e-07 2.2535709414720866e-07 -8.8279581607064737e-08 7.85777632354249e-07 -1.4169414292891383e-06 1.3373026933016304e-06 -1.4365602039770479e-06 -6.7650682922248969e-08 -1.9246155073915361e-06 -7.1807667012535603e-07 3.0171758072439638e-07 1.0582139911515957e-06 5.691337623045914e-09 1.3628182173874848e-06 -4.4944161465704299e-07 7.633270644154328e-07 -5.7330432035569632e-07
leaf_weight=30 21 21 30 40 24 21 23 38 20 20 56 79 28 5960 36 87 152 168
leaf_count=30 21 21 30 40 24 21 23 38 20 20 56 79 28 5960 36 87 152 168
internal_value=1.15655e-16 2.21023e-07 3.51446e-07 1.67322e-07 -1.69745e-07 -5.45688e-07 7.079e-07 -6.26756e-09 -2.47991e-07 -3.39359e-08 -3.53993e-07 -1.21308e-07 3.11354e-09 -1.51119e-09 8.51936e-07 2.28201e-09 3.21859e-07 -1.01819e-08
internal_weight=6854 189 168 138 85 61 53 6665 249 211 155 135 6416 6388 56 6367 239 6128
internal_count=6854 189 168 138 85 61 53 6665 249 211 155 135 6416 6388 56 6367 239 6128
is_linear=0
shrinkage=0.05


Tree=230
num_leaves=16
num_cat=0
split_feature=15 15 0 15 15 6 22 22 15 15 7 3 8 4 3
split_gain=3.77426e-09 1.77158e-08 2.38099e-08 9.22392e-09 3.81757e-08 7.77747e-08 2.42651e-08 8.0378e-09 7.39013e-09 2.24498e-08 2.13261e-08 7.41581e-10 1.26665e-10 6.88425e-11 1.34369e-11
threshold=0.98045953152007548 0.97311896095856321 71.500000000000014 0.95499258812111987 0.93842613001991437 0.00015203500000000004 285.50000000000006 227.50000000000003 0.63255009372278048 0.60553543375389329 62.286836437347731 19.950000000000003 132.08700597038282 53.500000000000007 17.450000000000003
decision_type=2 2 2 2 2 2 2 2 2 2 2 2 2 2 2
left_child=1 3 -3 4 8 13 11 12 9 -1 -10 14 -2 -6 -5
right_child=7 2 -4 6 5 -7 -8 -9 10 -11 -12 -13 -14 -15 -16
leaf_value=-2.0830995398595137e-09 6.6229330886180556e-08 -2.0416053546158863e-08 -2.2792029822937821e-06 -5.4770948665350266e-09 -7.3023298313903886e-08 -3.5482725331309235e-06 1.9912795653995308e-06 9.7379499324703043e-07 6.1667669480217611e-07 -1.0879104992866928e-06 6.5474698596510197e-10 3.2910684080178502e-07 -7.3382851073836608e-08 4.7558644205025762e-08 -5.5579815007372028e-08
leaf_weight=5750 32 28 20 32 29 23 21 31 188 48 556 20 33 20 23
leaf_count=5750 32 28 20 32 29 23 21 31 188 48 556 20 33 20 23
internal_value=8.25062e-16 -4.42222e-09 -9.61577e-07 2.42479e-09 -4.6379e-09 -1.14968e-06 4.89015e-07 3.11306e-07 7.96419e-09 -1.10724e-08 1.56316e-07 6.83805e-08 -4.6507e-09 -2.38062e-08 -2.64291e-08
internal_weight=6854 6758 48 6710 6614 72 96 96 6542 5798 744 75 65 49 55
internal_count=6854 6758 48 6710 6614 72 96 96 6542 5798 744 75 65 49 55
is_linear=0
shrinkage=0.05


Tree=231
num_leaves=13
num_cat=0
split_feature=5 5 25 5 15 1 17 3 15 24 3 2
split_gain=3.62409e-09 4.42968e-09 3.7879e-09 2.0273e-08 2.08373e-08 2.01594e-08 1.79746e-08 4.1438e-08 1.92135e-08 1.67319e-08 2.76662e-08 2.20574e-08
threshold=28.450000000000003 24.650000000000002 0.00042801999650515972 4.3500000000000005 -0.83849291496497236 894.20000000000016 0.99812272828980653 24.550000000000004 -0.99938741687870725 0.00065323579648343363 24.850000000000005 172.50000000000003
decision_type=2 2 2 2 2 2 2 2 2 2 2 2
left_child=1 2 5 4 -4 9 8 -8 -5 11 -11 -1
right_child=-2 -3 3 6 -6 -7 7 -9 -10 10 -12 -13
leaf_value=-3.6387852433379723e-09 -6.5583352525642291e-07 5.3336565723582635e-07 -2.024270039718041e-07 -1.3514726751294251e-06 1.9340092810580244e-06 1.4952382081861764e-06 -2.0032806529002301e-06 4.2116023800749997e-08 -2.696496455603028e-08 1.6276298566708647e-07 -2.2772800364345175e-06 4.5781833770759323e-07
leaf_weight=5035 21 39 21 28 25 23 40 65 1237 26 21 273
leaf_count=5035 21 39 21 28 25 23 40 65 1237 26 21 273
internal_value=-1.37011e-16 2.01559e-09 -1.03455e-09 -7.37933e-08 9.5868e-07 1.81225e-08 -1.0846e-07 -7.37083e-07 -5.62821e-08 1.17782e-08 -9.27469e-07 2.00948e-08
internal_weight=6854 6833 6794 1416 46 5378 1370 105 1265 5355 47 5308
internal_count=6854 6833 6794 1416 46 5378 1370 105 1265 5355 47 5308
is_linear=0
shrinkage=0.05


Tree=232
num_leaves=31
num_cat=0
split_feature=15 15 25 3 27 15 15 3 2 20 5 15 17 17 25 19 20 20 5 26 5 26 3 21 3 26 3 26 19 2
split_gain=3.70841e-09 9.69831e-09 1.64606e-08 3.14886e-08 4.65134e-08 1.20706e-08 8.4173e-09 3.8612e-08 2.99104e-08 5.36012e-08 2.7701e-08 2.37428e-08 1.47678e-08 3.41024e-08 2.43858e-08 9.64091e-09 7.9329e-09 7.79956e-09 6.34464e-09 1.70414e-08 2.96522e-08 1.55222e-08 5.1676e-09 1.15567e-08 9.31469e-09 5.24552e-09 3.61407e-09 8.03894e-09 2.83497e-09 2.59803e-09
threshold=-0.97111920233974802 -0.93543596745397617 0.00018010482762265874 24.050000000000004 25.833333333333339 -0.96234030595689413 -0.77788789561442695 33.45000000000001 119.50000000000001 0.00043247000000000007 14.65 -0.79904327102181261 0.95365572309673519 0.95066743866435932 0.00068954845129393083 0.00067957500000000008 0.00061619500000000005 0.00025548500000000001 12.850000000000003 0.00063365167530476691 8.9500000000000011 0.00018381205412919748 27.850000000000005 623.50000000000011 25.450000000000003 0.0004259995808352822 26.050000000000004 0.00044374303062393565 5.9025000000000005e-05 203.50000000000003
decision_type=2 2 2 2 2 2 2 2 2 2 2 2 2 2 2 2 2 2 2 2 2 2 2 2 2 2 2 2 2 2
left_child=18 2 28 4 -4 -5 8 12 9 17 11 -10 13 -8 -14 -12 -7 -3 19 22 -21 -20 23 25 -25 -1 27 -23 -2 -28
right_child=1 6 3 5 -6 16 7 -9 10 -11 15 -13 14 -15 -16 -17 -18 -19 21 20 -22 26 -24 24 -26 -27 29 -29 -30 -31
leaf_value=8.0299605685269369e-08 -4.3142396273909892e-08 -2.4359340317113984e-08 -3.4164894166430962e-06 -9.744987245351789e-07 -3.1932703703003228e-07 -3.3440058042162559e-07 -3.3671023513771323e-08 -1.9825359513561123e-06 1.6623038279426736e-07 -2.5529981400040924e-06 2.3002115702078863e-06 1.5772841229189748e-06 1.1957848589132975e-07 -1.9236495735282706e-06 1.2263815065435583e-06 8.4003171643587391e-07 8.073652675633092e-07 8.0499307083906997e-07 -5.0002957210869584e-08 3.9265089423100687e-07 -2.1749633327277956e-06 3.2495921345798708e-07 -6.0547443752057013e-07 1.4045338639334661e-06 2.0388465543419443e-07 -7.3766856357473276e-07 8.5110576971094181e-07 1.6279862330552063e-06 5.8488030191483636e-07 1.4426721396996703e-07
leaf_weight=294 177 515 22 29 27 29 4331 25 242 21 26 34 523 24 55 20 32 30 122 22 23 20 24 30 35 21 26 29 20 26
leaf_count=294 177 515 22 29 27 29 4331 25 242 21 26 34 523 24 55 20 32 30 122 22 23 20 24 30 35 21 26 29 20 26
internal_value=-9.66733e-16 -1.21258e-08 -2.7335e-07 -6.89978e-07 -1.70989e-06 -1.34693e-07 2.88807e-09 -2.2503e-08 1.44655e-07 -7.42195e-08 5.29384e-07 3.40056e-07 -1.25697e-08 -4.40865e-08 2.24897e-07 1.66535e-06 2.64559e-07 2.12931e-08 1.1155e-07 3.27795e-09 -9.19685e-07 3.29552e-07 1.06083e-07 1.51024e-07 7.5803e-07 2.57684e-08 7.88025e-07 1.09614e-06 2.06163e-08 4.97686e-07
internal_weight=6854 6182 336 139 49 90 5846 4958 888 566 322 276 4933 4355 578 46 61 545 672 449 45 223 404 380 65 315 101 49 197 52
internal_count=6854 6182 336 139 49 90 5846 4958 888 566 322 276 4933 4355 578 46 61 545 672 449 45 223 404 380 65 315 101 49 197 52
is_linear=0
shrinkage=0.05


Tree=233
num_leaves=24
num_cat=0
split_feature=5 13 3 17 17 24 3 26 15 15 1 15 26 3 11 1 3 25 4 15 15 15 14
split_gain=3.59005e-09 1.57458e-08 6.462e-09 4.75276e-09 4.52446e-09 1.85811e-08 4.13892e-08 1.04313e-07 2.23691e-08 3.84316e-08 3.30989e-08 1.81283e-08 7.84668e-09 1.9415e-08 1.32573e-08 1.89994e-08 1.44643e-08 1.16641e-09 8.7888e-12 2.86165e-11 2.03714e-11 1.88925e-11 5.5233e-12
threshold=2.6500000000000008 -0.5 20.750000000000004 1.0253463389462343 0.96593365067163883 0.00059487428502773591 23.950000000000003 0.00056827234361075962 -0.23537842981696178 -0.27694043983797384 790.35000000000002 0.14888728888808328 0.00076955878311510157 26.750000000000004 53.034375000000004 783.85000000000002 26.550000000000004 1.5748991218574453e-05 45.500000000000007 -0.31800055644052067 -0.89404254237865755 -0.38243420677835349 0.50557357885840837
decision_type=2 2 2 2 2 2 2 2 2 2 2 2 2 2 2 2 2 2 2 2 2 2 2
left_child=1 2 -1 4 12 8 7 -7 9 -6 -10 -8 14 -14 15 -2 -16 18 20 -20 -3 -22 -21
right_child=3 17 -4 -5 5 6 11 -9 10 -11 -12 -13 13 -15 16 -17 -18 -19 19 22 21 -23 -24
leaf_value=1.727586435436024e-06 -1.3713910516109416e-08 3.4119974743505201e-08 4.5656308486741184e-07 -7.2536367606121732e-07 2.0919176056624461e-07 1.1561814219636547e-07 -4.9821655003461685e-08 -4.3257581069156007e-06 7.5835022701584226e-08 -1.9118178996628243e-06 1.5099020312393954e-06 1.4587706426251079e-06 4.0505145932456798e-07 -1.7716864727206139e-06 1.117761802277073e-06 -5.4613820183255687e-07 1.4127056062033304e-07 2.8202576578596794e-07 -7.6196469730608186e-08 1.2841348873138259e-09 -5.5673956531811865e-08 -2.3686832312568429e-09 -2.3121299081225869e-08
leaf_weight=20 5326 27 20 23 299 39 210 20 82 23 79 22 20 21 50 173 157 39 21 44 22 68 49
leaf_count=20 5326 27 20 23 299 39 210 20 82 23 79 22 20 21 50 173 157 39 21 44 22 68 49
internal_value=-1.3739e-16 1.66261e-07 1.09207e-06 -7.87603e-09 -5.34541e-09 1.08142e-07 -2.07476e-07 -1.38993e-06 2.98297e-07 5.76911e-08 7.79508e-07 9.32345e-08 -2.06297e-08 -7.09863e-07 -1.56773e-08 -3.04641e-08 3.77138e-07 2.91029e-08 -1.35984e-08 -2.34787e-08 -3.97144e-09 -1.53989e-08 -1.15746e-08
internal_weight=6854 310 40 6544 6521 774 291 59 483 322 161 232 5747 41 5706 5499 207 270 231 114 117 90 93
internal_count=6854 310 40 6544 6521 774 291 59 483 322 161 232 5747 41 5706 5499 207 270 231 114 117 90 93
is_linear=0
shrinkage=0.05


Tree=234
num_leaves=28
num_cat=0
split_feature=14 4 19 9 14 5 3 23 18 5 3 14 14 6 14 6 14 23 5 9 18 11 4 8 11 5 3
split_gain=3.53524e-09 1.40342e-08 3.00373e-08 1.42077e-08 1.18823e-08 8.60499e-08 2.78151e-08 2.43245e-08 3.76547e-08 1.06875e-08 1.1631e-08 8.67013e-09 8.01211e-09 2.06441e-08 1.04736e-08 2.77258e-08 7.16409e-09 2.0152e-08 7.6991e-09 9.64699e-10 4.64354e-10 3.41539e-10 8.99863e-11 8.569e-11 2.93805e-11 7.65733e-12 9.28099e-13
threshold=-0.99275805973510278 4.5000000000000009 0.00034838500000000005 21.870439351971765 -0.95754239937548935 14.550000000000002 25.350000000000005 769.50000000000011 0.0005435450000000002 12.050000000000002 25.850000000000005 -0.99763297024448894 -0.94975917145599731 0.00016110500000000001 -0.93879691571722779 0.00030492000000000008 -0.91289842852956904 454.00000000000006 13.050000000000002 -0.47862009198170369 3.0320000000000004e-05 20.034375000000004 3.5000000000000004 159.65579484254661 20.703125000000004 15.15 17.350000000000005
decision_type=2 2 2 2 2 2 2 2 2 2 2 2 2 2 2 2 2 2 2 2 2 2 2 2 2 2 2
left_child=1 3 19 20 5 6 7 8 -2 10 -5 -11 13 23 15 22 17 -16 -18 24 21 26 -14 -6 25 -3 -1
right_child=4 2 -4 9 12 -7 -8 -9 -10 11 -12 -13 14 -15 16 -17 18 -19 -20 -21 -22 -23 -24 -25 -26 -27 -28
leaf_value=-1.1274154917576394e-08 3.9741782569061949e-08 8.7600744140085378e-09 -2.0118178764505499e-06 1.1070877025076699e-06 -7.6853418088755157e-08 -2.7524773649645342e-06 -1.724622604134159e-06 1.4492870211110391e-06 -2.1359714272269533e-06 7.1763162471446177e-07 -5.7770405351762065e-07 1.952662226914173e-06 6.7227842919237444e-08 1.8545727322188688e-06 -3.6852702578471513e-08 -2.067648055356389e-06 -3.315637146828624e-08 1.5408604750079797e-06 9.282868112808521e-08 3.8425541930564578e-07 -2.0983939766746777e-07 2.1632423725562783e-07 2.172164391822662e-07 5.299380961050533e-08 6.5558732199546979e-08 -2.5171831537037455e-08 -2.5179329216349462e-08
leaf_weight=28 375 60 20 20 24 32 24 28 21 30 21 27 20 21 67 22 4083 29 1725 21 21 23 20 27 21 23 21
leaf_count=28 375 60 20 20 24 32 24 28 21 30 21 27 20 21 67 22 4083 29 1725 21 21 23 20 27 21 23 21
internal_value=6.00426e-16 1.58159e-07 -2.12715e-07 4.39713e-07 -8.15305e-09 -2.47588e-07 -6.86677e-08 2.50656e-08 -7.56369e-08 8.59804e-07 2.44146e-07 1.30265e-06 1.08812e-08 5.35172e-07 4.55388e-09 -6.41925e-07 1.13428e-08 4.39748e-07 4.26171e-09 7.5142e-08 -2.96357e-09 5.73752e-08 1.42222e-07 -8.11077e-09 1.27249e-08 -6.42743e-10 -1.72335e-08
internal_weight=6854 336 145 191 6518 480 448 424 396 98 41 57 6038 72 5966 62 5904 96 5808 125 93 72 40 51 104 83 49
internal_count=6854 336 145 191 6518 480 448 424 396 98 41 57 6038 72 5966 62 5904 96 5808 125 93 72 40 51 104 83 49
is_linear=0
shrinkage=0.05


Tree=235
num_leaves=21
num_cat=0
split_feature=7 5 8 3 26 27 3 3 25 24 11 11 3 15 14 15 13 26 26 20
split_gain=3.58426e-09 9.79257e-09 9.429e-09 8.63027e-09 1.3895e-08 8.06668e-09 5.88411e-09 2.11449e-08 8.65091e-08 1.88728e-08 5.93555e-08 2.33031e-08 1.62659e-08 2.06335e-08 8.40756e-08 2.66648e-08 1.49209e-08 1.25398e-08 5.06231e-08 2.27346e-08
threshold=14.833017467908734 16.950000000000003 163.83783595468927 23.050000000000004 0.00055178303684198587 0.83333333333333337 22.750000000000004 23.050000000000004 0.00040788276083072132 0.00066742474807920395 46.884375000000013 48.571875000000013 23.150000000000002 0.063390085881955341 0.23537774960157334 -0.12545862287572049 -0.3794095225512602 0.00047646225586766671 0.00048464190990169892 0.00060819500000000007
decision_type=2 2 2 2 2 2 2 2 2 2 2 2 2 2 2 2 2 2 2 2
left_child=1 2 -1 -4 -5 -6 9 8 16 10 17 -11 -9 15 -15 -14 -8 19 -19 -2
right_child=6 -3 3 4 5 -7 7 12 -10 11 -12 -13 13 14 -16 -17 -18 18 -20 -21
leaf_value=1.1795562638131482e-06 7.3957251624177906e-09 -8.0324655029818088e-07 -6.6752672410075322e-07 1.4874877437746778e-06 6.630550099027853e-07 -2.8834678634634007e-07 1.3787910143037154e-06 1.0062420994216836e-06 -3.124779524098033e-06 -1.8452026140462532e-06 2.2891064704395082e-06 9.4510566306382781e-08 -6.5909977475610266e-08 -1.7600053875862951e-06 4.4897342934847457e-07 7.5977519596140805e-07 -3.3319283545552028e-07 2.5834974602058422e-06 1.4712177246878195e-07 -1.4479164073472258e-06
leaf_weight=28 4413 21 25 22 37 56 20 36 28 30 29 32 1422 81 92 105 35 23 292 27
leaf_count=28 4413 21 25 22 37 56 20 36 28 30 29 32 1422 81 92 105 35 23 292 27
internal_value=1.04313e-16 2.14717e-07 3.41963e-07 1.74444e-07 3.57481e-07 9.01679e-08 -6.08876e-09 -8.27694e-08 -8.62407e-07 2.26942e-08 3.39272e-08 -8.4406e-07 -4.54941e-08 -6.77662e-08 -5.85288e-07 -9.13398e-09 2.89347e-07 2.01732e-08 3.25016e-07 -1.45415e-09
internal_weight=6854 189 168 140 115 93 6665 1819 83 4846 4784 62 1736 1700 173 1527 55 4755 315 4440
internal_count=6854 189 168 140 115 93 6665 1819 83 4846 4784 62 1736 1700 173 1527 55 4755 315 4440
is_linear=0
shrinkage=0.05


Tree=236
num_leaves=16
num_cat=0
split_feature=15 15 0 15 15 6 26 22 15 15 1 3 12 4 3
split_gain=3.44637e-09 1.53586e-08 2.07142e-08 8.17073e-09 3.44169e-08 7.01279e-08 2.1257e-08 7.21779e-09 6.52846e-09 1.95958e-08 1.90786e-08 7.72215e-10 1.17182e-10 6.03664e-11 1.42967e-11
threshold=0.98045953152007548 0.97311896095856321 71.500000000000014 0.95499258812111987 0.93842613001991437 0.00015203500000000004 0.00026819532660266114 227.50000000000003 0.63255009372278048 0.60553543375389329 259.2000000000001 19.850000000000005 0.60355339059327384 53.500000000000007 17.450000000000003
decision_type=2 2 2 2 2 2 2 2 2 2 2 2 2 2 2
left_child=1 3 -3 4 8 13 11 12 9 -1 -10 14 -2 -6 -5
right_child=7 2 -4 6 5 -7 -8 -9 10 -11 -12 -13 -14 -15 -16
leaf_value=-2.0260984005803373e-09 -6.0331135325991204e-08 -1.7580793110800423e-08 -2.1244163528422175e-06 -1.9545769669448986e-09 -6.8702217897817597e-08 -3.3693376547924583e-06 1.9104827379123893e-06 9.2526316142348444e-07 -5.7752700287109591e-08 -1.0164885890858363e-06 4.6015188080212558e-07 3.2814265011893444e-07 7.5243056407714451e-08 4.4212832222001459e-08 -5.4314401073699263e-08
leaf_weight=5750 37 28 20 32 29 23 20 31 450 48 294 22 28 20 22
leaf_count=5750 37 28 20 32 29 23 20 31 450 48 294 22 28 20 22
internal_value=-2.7733e-16 -4.22576e-09 -8.95429e-07 2.14946e-09 -4.4978e-09 -1.09171e-06 4.60118e-07 2.97476e-07 7.46781e-09 -1.04245e-08 1.46903e-07 7.84431e-08 -1.92995e-09 -2.26144e-08 -2.32864e-08
internal_weight=6854 6758 48 6710 6614 72 96 96 6542 5798 744 76 65 49 54
internal_count=6854 6758 48 6710 6614 72 96 96 6542 5798 744 76 65 49 54
is_linear=0
shrinkage=0.05


Tree=237
num_leaves=20
num_cat=0
split_feature=24 24 18 17 19 17 17 1 14 15 21 27 25 27 21 25 20 19 25
split_gain=3.44184e-09 3.07534e-08 1.59272e-08 2.19687e-08 3.23017e-08 3.24173e-08 2.09613e-08 2.27727e-08 1.99304e-08 1.39961e-08 1.16891e-08 3.16473e-08 6.25807e-08 4.99189e-08 2.3989e-08 1.18566e-08 9.86142e-09 1.60189e-08 1.57333e-08
threshold=0.00069681105718388044 0.00069292071768410212 0.00075753000000000007 0.98655637481223546 0.0006978650000000001 0.97449361410974056 0.98182638769519159 788.00000000000011 0.55656748448714433 -0.82413948779581736 914.50000000000011 1.0000000180025095e-35 0.0005518737206568927 25.500000000000004 902.50000000000011 0.00055558474194411977 0.00077613000000000009 0.0008001350000000001 0.00053523255773279112
decision_type=2 2 2 2 2 2 2 2 2 2 2 2 2 2 2 2 2 2 2
left_child=1 10 6 4 -4 8 7 -2 -6 -5 14 15 13 -13 16 -12 17 -1 -18
right_child=2 -3 3 9 5 -7 -8 -9 -10 -11 11 12 -14 -15 -16 -17 18 -19 -20
leaf_value=6.2510142872392057e-10 5.3737297026724602e-07 -1.7235958156246714e-06 -1.6662416584267703e-06 -1.3101791675277735e-07 6.8640823666889532e-08 -1.6962914765434275e-06 -3.8904739589895599e-07 2.6755456471505569e-06 1.8355616589360581e-06 1.5639055994864159e-06 -2.078082343359711e-07 -1.2931501546274507e-06 -2.6494021608414186e-06 1.8895598176723899e-06 1.7377456913436617e-06 1.4932409252802852e-06 1.6068751745497896e-06 -1.197981538325621e-06 1.5333426042876586e-07
leaf_weight=6261 33 26 36 21 79 22 26 20 20 29 20 28 35 22 20 21 24 28 83
leaf_count=6261 33 26 36 21 79 22 26 20 20 29 20 28 35 22 20 21 24 28 83
internal_value=-1.40893e-16 -7.39367e-09 1.69796e-07 -6.07119e-08 -3.51397e-07 3.97971e-08 7.73785e-07 1.34423e-06 4.25595e-07 8.52038e-07 -5.72933e-10 -4.77501e-07 -1.02785e-06 1.07242e-07 8.79316e-09 6.63461e-07 3.38681e-09 -4.71136e-09 4.79362e-07
internal_weight=6854 6568 286 207 157 121 79 53 99 50 6542 126 85 50 6416 41 6396 6289 107
internal_count=6854 6568 286 207 157 121 79 53 99 50 6542 126 85 50 6416 41 6396 6289 107
is_linear=0
shrinkage=0.05


Tree=238
num_leaves=18
num_cat=0
split_feature=23 6 24 22 6 4 5 15 15 6 6 2 23 11 6 6 11
split_gain=3.49739e-09 1.0113e-08 9.76109e-09 1.22221e-08 5.50891e-09 1.22228e-08 4.9503e-08 1.61976e-08 1.59994e-08 7.28253e-09 2.98755e-08 2.8601e-08 1.06146e-08 2.25802e-08 1.03391e-08 1.27133e-08 3.13045e-09
threshold=969.50000000000011 0.00051742500000000007 0.00069466358981070959 948.50000000000011 0.00077672500000000014 1.5000000000000002 11.550000000000002 -0.52765736634565841 -0.77788789561442695 0.00072669500000000008 0.00072017000000000012 147.50000000000003 702.50000000000011 48.571875000000013 0.00071298500000000007 0.00070749000000000018 51.618750000000006
decision_type=2 2 2 2 2 2 2 2 2 2 2 2 2 2 2 2 2
left_child=4 -2 -3 -4 9 6 -6 8 16 10 14 -11 -13 -14 15 -1 -7
right_child=1 2 3 -5 5 7 -8 -9 -10 11 -12 12 13 -15 -16 -17 -18
leaf_value=-1.4242344192050045e-11 -7.0651467467541815e-07 1.3447680655459112e-06 -7.7310923028930811e-07 7.8915343934685584e-07 4.3430356618677652e-07 7.4416524938669685e-07 -2.3157801267359446e-06 1.1929132412547006e-06 -1.2662732223765893e-06 1.8479401884537066e-06 -1.7314672482768858e-06 9.7288072319551478e-07 -1.0966057665657945e-06 2.9876149295918453e-07 8.2265541287166627e-07 -1.1079233259509307e-06 -1.1115546632699199e-07
leaf_weight=6314 20 26 21 31 36 20 30 24 27 26 25 27 41 99 38 26 23
leaf_count=6314 20 26 21 31 36 20 30 24 27 26 25 27 41 99 38 26 23
internal_value=1.85184e-16 2.96552e-07 5.53749e-07 1.5824e-07 -4.30168e-09 -2.94195e-07 -8.15734e-07 7.19922e-08 -3.12324e-07 2.7303e-09 -6.39102e-09 3.05341e-07 6.51756e-08 -1.09882e-07 3.70802e-10 -4.55772e-09 2.86668e-07
internal_weight=6854 98 78 52 6756 160 66 94 70 6596 6403 193 167 140 6378 6340 43
internal_count=6854 98 78 52 6756 160 66 94 70 6596 6403 193 167 140 6378 6340 43
is_linear=0
shrinkage=0.05


Tree=239
num_leaves=31
num_cat=0
split_feature=15 3 14 14 1 3 15 19 3 15 0 15 17 22 0 20 19 5 14 17 14 19 27 1 0 14 1 12 20 8
split_gain=3.45997e-09 2.36515e-08 1.89628e-08 4.34096e-08 6.75063e-08 3.27259e-08 1.55731e-08 3.06226e-08 5.66643e-08 6.61251e-08 5.82154e-08 1.52225e-08 5.9246e-08 3.82615e-08 2.75604e-08 1.77273e-08 1.70079e-08 1.16661e-08 2.26536e-08 2.89303e-08 1.50596e-08 1.34963e-08 2.71462e-08 1.75443e-08 1.12996e-08 9.94513e-09 4.57638e-09 3.53271e-09 3.8089e-09 2.90373e-09
threshold=-0.72102888505294738 33.350000000000001 0.55656748448714433 0.52766072109828632 510.90000000000003 19.050000000000004 -0.58481178939031186 0.00019313000000000004 23.450000000000003 -0.67801649466304881 542.50000000000011 -0.49812626372919411 0.90996339007065774 606.50000000000011 928.50000000000011 0.00046547500000000008 0.00060166000000000006 9.4500000000000011 0.3342611484689354 0.89840998866175725 0.25206111083856975 0.00042095500000000004 40.500000000000007 687.80000000000007 902.50000000000011 0.62587949062545845 414.65000000000003 -0.78656609248549292 0.00034717500000000008 262.73107021714583
decision_type=2 2 2 2 2 2 2 2 2 2 2 2 2 2 2 2 2 2 2 2 2 2 2 2 2 2 2 2 2 2
left_child=2 6 3 17 -5 27 7 26 10 -10 -9 12 13 -8 24 -14 -16 21 20 -20 -19 23 -23 -1 -13 29 -2 -4 -29 -7
right_child=1 -3 5 4 -6 25 11 8 9 -11 -12 14 15 -15 16 -17 -18 18 19 -21 -22 22 -24 -25 -26 -27 -28 28 -30 -31
leaf_value=6.5755310876739711e-08 -1.7587858322519921e-08 -1.7396841633399165e-06 6.2125724446104872e-07 1.0005216008071979e-07 -3.703319898704649e-06 2.0253013036058442e-06 1.7223581158486864e-07 -7.8401091736382387e-07 1.9449822356624023e-06 -7.8697234311755217e-07 -4.0410502916559029e-06 -5.4007789345163913e-09 4.7750086987039333e-07 -2.0734194695900704e-06 -3.5844042069281081e-07 2.1657474272629428e-06 -2.3326864323358622e-06 1.5225096473298478e-07 8.7166759710511103e-08 2.1578758598879644e-06 -5.0733851585382801e-07 -2.6707716837296145e-07 -2.2110095738980819e-06 -1.3135127550375123e-06 9.1012907265554959e-07 4.8729924320885703e-07 7.6596524550609507e-07 8.2950771134126611e-08 -6.627911864498515e-07 1.2638200186778532e-06
leaf_weight=586 273 20 25 28 20 31 196 34 28 106 23 3848 23 21 24 48 20 878 37 31 96 176 20 24 34 24 20 119 20 21
leaf_count=586 273 20 25 28 20 31 196 34 28 106 23 3848 23 21 24 48 20 878 37 31 96 176 20 24 34 24 20 119 20 21
internal_value=4.08631e-17 -2.39032e-08 5.27974e-08 -2.06347e-10 -1.48469e-06 4.71527e-07 -1.65989e-08 -2.85211e-07 -7.77802e-07 -2.16116e-07 -2.09825e-06 1.42527e-08 3.65121e-07 -4.50857e-08 -1.1486e-08 1.61885e-06 -1.25582e-06 3.83516e-08 1.4884e-07 1.03117e-06 8.72401e-08 -1.04488e-07 -4.65438e-07 1.1489e-08 2.61777e-09 1.32921e-06 3.5897e-08 7.40655e-08 -2.43502e-08 1.71778e-06
internal_weight=6854 4718 2136 1896 48 240 4698 484 191 134 57 4214 288 217 3926 71 44 1848 1042 68 974 806 196 610 3882 76 293 164 139 52
internal_count=6854 4718 2136 1896 48 240 4698 484 191 134 57 4214 288 217 3926 71 44 1848 1042 68 974 806 196 610 3882 76 293 164 139 52
is_linear=0
shrinkage=0.05


Tree=240
num_leaves=15
num_cat=0
split_feature=23 19 25 21 14 23 7 22 24 5 9 24 14 6
split_gain=3.36958e-09 1.46961e-08 2.3841e-08 1.26022e-08 1.78589e-08 1.0256e-08 6.82458e-09 9.28153e-09 1.97234e-08 1.80198e-08 1.68171e-08 1.66873e-08 1.30897e-08 4.04317e-09
threshold=956.50000000000011 0.00052997500000000013 0.00066501223656836189 854.50000000000011 0.1051661082335764 948.50000000000011 7.0614407050264143 897.50000000000011 0.00072429492301114397 8.1500000000000004 60.704153694964042 0.00066742474807920395 -0.066607572871769438 0.00078043500000000011
decision_type=2 2 2 2 2 2 2 2 2 2 2 2 2 2
left_child=5 -2 -3 -4 13 6 -1 8 11 -9 -11 -8 -10 -5
right_child=1 2 3 4 -6 -7 7 9 12 10 -12 -13 -14 -15
leaf_value=8.400210480393375e-07 1.3692038720591881e-06 -1.4696841788008896e-06 -5.8755279900424287e-07 5.8088070829853689e-07 1.7817378991367151e-06 -1.1355583910699352e-06 1.1596681277510879e-08 7.6436778329025401e-07 1.8377771084487905e-07 -1.6737839949335603e-06 -3.209548528455391e-07 -5.203192476082883e-07 1.971100074559304e-06 -4.2450104899671713e-07
leaf_weight=24 24 22 25 20 25 20 6269 32 20 27 154 151 21 20
leaf_count=24 24 22 25 20 25 20 6269 32 20 27 154 151 21 20
internal_value=-4.08073e-16 2.46398e-07 5.79615e-09 3.66469e-07 7.33401e-07 -4.9881e-09 -1.61226e-09 -4.63881e-09 6.06718e-09 -3.29387e-07 -5.22758e-07 -9.14114e-10 1.09924e-06 7.81898e-08
internal_weight=6854 136 112 90 65 6718 6698 6674 6461 213 181 6420 41 40
internal_count=6854 136 112 90 65 6718 6698 6674 6461 213 181 6420 41 40
is_linear=0
shrinkage=0.05


Tree=241
num_leaves=19
num_cat=0
split_feature=2 14 14 25 14 14 5 14 26 14 2 5 11 20 26 20 6 23
split_gain=3.41254e-09 2.46739e-08 5.22933e-08 4.68841e-08 5.60074e-08 3.80679e-08 3.24678e-08 3.17046e-08 2.60399e-08 2.48618e-08 2.46432e-08 4.9886e-08 2.29441e-08 1.85299e-08 1.35044e-08 2.01269e-08 2.73639e-08 2.0353e-08
threshold=150.50000000000003 0.9916835347852474 0.92922379131507438 0.00012659443872888211 0.99552231814189451 0.91248814248966237 6.9500000000000011 0.89404822654372251 0.00059386013001965973 0.61915405168109316 146.50000000000003 12.950000000000001 39.628125000000004 0.00048573000000000008 0.0007081188164824282 0.00075879500000000015 0.00072669500000000008 802.50000000000011
decision_type=2 2 2 2 2 2 2 2 2 2 2 2 2 2 2 2 2 2
left_child=10 2 5 -3 -5 7 -4 9 13 -2 14 -12 -6 -8 15 16 17 -1
right_child=1 3 6 4 12 -7 8 -9 -10 -11 11 -13 -14 -15 -16 -17 -18 -19
leaf_value=-4.9795900159947802e-09 1.5687277920397922e-07 -2.6790125072851802e-06 -3.7848406827833971e-07 -1.9494694520290069e-06 2.1036153883790616e-06 -2.078815949365283e-06 1.0921806970936419e-06 1.9070559297371961e-06 1.233846725767762e-07 -3.907791411161655e-07 6.8083828899454179e-09 -3.0646040038107004e-06 -2.1196860245709103e-07 2.899426203225016e-06 1.0691605406863941e-06 -1.5219463158835176e-06 1.499319947508108e-06 -9.7185644568236809e-07
leaf_weight=5237 914 23 25 25 23 21 23 23 20 268 39 20 20 37 29 22 30 55
leaf_count=5237 914 23 25 25 23 21 23 23 20 268 39 20 20 37 29 22 30 55
internal_value=2.3619e-16 6.89552e-08 1.23414e-07 -7.27585e-07 -6.75434e-08 3.16966e-08 1.19433e-06 6.84773e-08 1.68583e-06 3.27013e-08 -1.80512e-08 -1.03435e-06 1.0266e-06 2.20665e-06 -6.89145e-09 -1.27308e-08 -6.49204e-09 -1.50284e-08
internal_weight=6854 1422 1331 91 68 1226 105 1205 80 1182 5432 59 43 60 5373 5344 5322 5292
internal_count=6854 1422 1331 91 68 1226 105 1205 80 1182 5432 59 43 60 5373 5344 5322 5292
is_linear=0
shrinkage=0.05


Tree=242
num_leaves=23
num_cat=0
split_feature=14 2 14 3 2 0 3 17 21 6 9 14 7 14 6 5 20 17 12 17 27 5
split_gain=3.32072e-09 5.36271e-09 4.50485e-09 3.39516e-08 6.64358e-08 2.34377e-08 3.19561e-08 2.05783e-08 1.96807e-08 1.738e-08 1.73639e-08 7.14802e-09 2.07734e-08 9.17037e-09 2.43983e-08 6.67102e-09 1.89929e-08 1.12001e-08 6.96506e-10 4.41923e-10 8.0609e-11 9.87989e-12
threshold=-0.99940763397299126 120.50000000000001 -0.95754239937548935 24.850000000000005 147.50000000000003 636.50000000000011 23.550000000000004 0.96826222264477679 773.50000000000011 0.00063816500000000011 40.220019763291901 -0.94975917145599731 59.859752587570377 -0.93879691571722779 0.00030492000000000008 13.050000000000002 0.00022915000000000004 1.0133872625401985 0.60355339059327384 0.62141582422696573 2.8333333333333335 9.7500000000000018
decision_type=2 2 2 2 2 2 2 2 2 2 2 2 2 2 2 2 2 2 2 2 2 2
left_child=1 19 3 5 7 6 10 8 -5 -7 -2 12 -4 14 20 17 -17 -15 -14 21 -13 -1
right_child=2 -3 11 4 -6 9 -8 -9 -10 -11 -12 13 18 15 -16 16 -18 -19 -20 -21 -22 -23
leaf_value=-2.5541868743337019e-08 -5.3976570706139799e-08 9.2177900647527631e-07 1.8746066166386301e-06 -1.9018333233589148e-06 -2.813626319879625e-06 2.2283793498445449e-06 -1.6543158032315358e-06 9.9373021974450378e-07 3.1631276556254309e-07 1.4391179632866625e-07 1.0675638058322923e-06 6.3661196350039978e-08 -1.7216025059172486e-07 -1.6556319705758855e-08 -1.9383851429986201e-06 -5.9194901977877071e-08 2.7093577894422071e-07 -9.023283835871451e-07 2.0078377090049755e-07 2.6944884638169244e-07 2.0561983376410357e-07 1.9533083754907924e-08
leaf_weight=31 513 25 20 20 33 20 30 27 20 20 37 20 31 4113 22 951 804 36 21 20 20 20
leaf_count=31 513 25 20 20 33 20 30 27 20 20 37 20 31 4113 22 951 804 36 21 20 20 20
internal_value=2.72206e-16 2.92003e-07 -4.14802e-09 -1.22365e-07 -9.77294e-07 1.55262e-08 -6.52062e-08 -7.28313e-08 -7.9276e-07 1.18615e-06 2.14725e-08 9.94879e-09 5.05161e-07 3.97238e-09 -6.00949e-07 1.03249e-08 9.20445e-08 -2.4242e-08 -2.15482e-08 7.02513e-08 1.34641e-07 -7.86542e-09
internal_weight=6854 96 6758 720 100 620 580 67 40 40 550 6038 72 5966 62 5904 1755 4149 52 71 40 51
internal_count=6854 96 6758 720 100 620 580 67 40 40 550 6038 72 5966 62 5904 1755 4149 52 71 40 51
is_linear=0
shrinkage=0.05


Tree=243
num_leaves=18
num_cat=0
split_feature=5 5 24 22 24 14 1 3 7 14 5 3 14 13 14 5 5
split_gain=3.34537e-09 4.02569e-09 1.56591e-08 1.41228e-08 1.42908e-08 4.33895e-09 1.19432e-08 2.64842e-08 1.47858e-08 9.43192e-09 7.47635e-08 2.16155e-08 6.2205e-09 1.78869e-08 8.15934e-09 6.205e-09 8.81936e-10
threshold=28.450000000000003 22.650000000000002 0.0004711290317216831 570.50000000000011 5.838858541786502e-05 -0.99275805973510278 701.60000000000014 25.450000000000003 63.15925862747148 -0.95754239937548935 14.550000000000002 25.350000000000005 -0.94975917145599731 -0.60355339059327384 -0.93879691571722779 11.750000000000002 24.450000000000003
decision_type=2 2 2 2 2 2 2 2 2 2 2 2 2 2 2 2 2
left_child=1 5 3 4 16 6 7 8 -1 10 11 -7 13 -11 -14 -8 -3
right_child=-2 2 -4 -5 -6 9 15 -9 -10 12 -12 -13 14 -15 -16 -17 -18
leaf_value=1.4384101172297615e-06 -6.3010954818309985e-07 6.1400306931731893e-08 1.5679361558795792e-06 -1.1489249908436251e-06 1.4069481546192203e-06 2.4236625402227194e-08 2.0111083369574072e-07 -1.7222859560206419e-06 5.19260366794396e-08 1.737776806862712e-06 -2.5600142347315114e-06 -1.5181838316872624e-06 -5.7090177572336549e-07 -2.6498626513963874e-08 5.7550698188291437e-09 1.2090255866441286e-06 -3.916035125041076e-07
leaf_weight=21 21 22 20 20 22 424 26 20 228 20 32 24 62 51 5783 37 21
leaf_count=21 21 22 20 20 22 424 26 20 228 20 32 24 62 51 5783 37 21
internal_value=-2.65861e-17 1.93653e-09 3.09145e-07 1.29587e-08 3.70461e-07 -2.85789e-09 1.73382e-07 2.82529e-08 1.68858e-07 -1.20061e-08 -2.25168e-07 -5.8393e-08 5.28901e-09 4.7048e-07 -3.61735e-10 7.93061e-07 -1.59834e-07
internal_weight=6854 6833 105 85 65 6728 332 269 249 6396 480 448 5916 71 5845 63 43
internal_count=6854 6833 105 85 65 6728 332 269 249 6396 480 448 5916 71 5845 63 43
is_linear=0
shrinkage=0.05


Tree=244
num_leaves=23
num_cat=0
split_feature=15 0 14 4 20 15 20 15 20 14 15 0 17 11 27 17 1 3 2 2 27 7
split_gain=3.18674e-09 2.02805e-08 6.83348e-08 3.31324e-08 8.36732e-09 7.99111e-09 1.6262e-08 3.61348e-09 1.80484e-08 2.64218e-08 1.73506e-08 3.02974e-08 8.10493e-09 9.35691e-09 6.72135e-09 5.55749e-09 6.4618e-09 2.68276e-09 1.22857e-09 9.01319e-10 9.76311e-11 5.13101e-11
threshold=0.91936090643431534 374.50000000000006 0.31799963745711152 37.500000000000007 0.00031721000000000006 0.89784768270548698 0.00016895500000000004 0.63255009372278048 0.00053299000000000011 0.7090011537757156 0.60553543375389329 133.50000000000003 1.0004624396259378 55.209375000000001 88.166666666666671 0.93321880212088348 641.45000000000016 21.450000000000003 81.500000000000014 37.500000000000007 1.1666666666666667 121.39945792976773
decision_type=2 2 2 2 2 2 2 2 2 2 2 2 2 2 2 2 2 2 2 2 2 2
left_child=5 4 3 -3 18 7 21 10 15 -10 12 -12 14 -14 -1 16 -9 -17 19 20 -2 -7
right_child=1 2 -4 -5 -6 6 -8 8 9 -11 11 -13 13 -15 -16 17 -18 -19 -20 -21 -22 -23
leaf_value=-2.9805655889500223e-08 5.4504384077529805e-08 1.1322181727280168e-06 -2.956636888904121e-06 -1.2941973142943654e-06 1.0148168221186488e-06 7.3980556065061431e-08 1.6289135462853743e-06 2.1819029263358625e-08 7.2486770513454477e-08 2.1410208126746093e-06 1.0531350501504937e-07 -2.4426838524505002e-06 1.9389613032967351e-07 1.3845737642879744e-06 1.374784057338227e-07 1.9083168104493275e-07 -6.0876469458687815e-07 8.1418936882674381e-07 -3.9769041052295514e-07 3.0782083004293992e-07 -3.3944562049857957e-08 -2.888644924904906e-08
leaf_weight=4969 37 34 26 24 21 22 23 418 38 26 28 20 77 21 683 45 45 28 20 23 199 27
leaf_count=4969 37 34 26 24 21 22 23 418 38 26 28 20 77 21 683 45 45 28 20 23 199 27
internal_value=-1.0004e-17 -1.39945e-07 -8.26641e-07 1.28184e-07 5.23297e-08 8.30587e-09 5.3212e-07 2.41111e-09 1.1922e-07 9.12829e-07 -9.67668e-09 -9.56352e-07 -1.774e-09 4.49041e-07 -9.59069e-09 2.44602e-08 -3.94688e-08 4.29928e-07 -2.01155e-08 9.04082e-09 -2.00776e-08 1.72987e-08
internal_weight=6854 384 84 58 300 6470 72 6398 600 64 5798 48 5750 98 5652 536 463 73 279 259 236 49
internal_count=6854 384 84 58 300 6470 72 6398 600 64 5798 48 5750 98 5652 536 463 73 279 259 236 49
is_linear=0
shrinkage=0.05


Tree=245
num_leaves=31
num_cat=0
split_feature=5 2 27 6 5 26 25 3 3 26 23 26 26 0 4 0 11 27 11 24 11 23 17 0 18 7 3 2 17 20
split_gain=3.28554e-09 1.33947e-08 1.09314e-08 7.73984e-09 4.19218e-09 2.20096e-08 2.11438e-08 2.85377e-08 2.98362e-08 2.08044e-08 2.12226e-08 1.66042e-08 2.50262e-08 1.59902e-08 1.19289e-08 5.08782e-08 2.42067e-08 4.95441e-08 4.41046e-08 3.14858e-08 2.04976e-08 2.70232e-08 1.73213e-08 1.63505e-08 1.35685e-08 2.8568e-08 1.89297e-08 1.20829e-08 9.01785e-10 4.30035e-09
threshold=3.3500000000000001 85.500000000000014 18.166666666666668 0.00044357500000000003 12.65 0.00060815680964385413 0.0006865855857647597 17.950000000000003 23.350000000000005 0.00059671911253290368 895.50000000000011 0.00067721665555572094 0.00070347241682268923 791.50000000000011 78.500000000000014 640.50000000000011 38.009375000000013 27.833333333333339 47.45000000000001 0.00037941928545761364 35.221875000000004 500.50000000000006 0.86114370875663171 836.50000000000011 0.00054565500000000014 57.597462683824602 19.850000000000005 236.50000000000003 0.83591494874474703 1.7715000000000002e-05
decision_type=2 2 2 2 2 2 2 2 2 2 2 2 2 2 2 2 2 2 2 2 2 2 2 2 2 2 2 2 2 2
left_child=1 28 3 -3 14 9 7 -7 -9 10 13 -8 -13 -6 16 24 20 19 -19 -18 21 -2 -22 27 25 -16 -26 -17 29 -1
right_child=4 2 -4 -5 5 6 11 8 -10 -11 -12 12 -14 -15 15 23 17 18 -20 -21 22 -23 -24 -25 26 -27 -28 -29 -30 -31
leaf_value=-1.3666122489143808e-08 -1.4972654143929059e-08 -4.8023704246296416e-07 1.402755857029928e-06 8.9413207660982162e-07 -3.6793669585072463e-09 -9.0937275087102618e-07 1.0778050523185811e-06 2.137522537744845e-06 5.9733238530370285e-07 -1.4186555203055973e-06 -1.1493030913884585e-06 -1.950372423953879e-06 7.8634589470186461e-08 6.756773267035577e-07 1.0472796640883911e-06 2.5463377812292463e-06 -9.2880078521473301e-07 -1.8820645636745161e-06 -4.4240817365931127e-08 -8.4231054492488887e-09 1.6983564870542977e-06 -1.8166584119344841e-06 2.7680124793031763e-07 2.145240701100279e-07 4.18992992024414e-07 -3.4166333004195361e-08 -1.3187442884069848e-06 1.0117414386395071e-06 -2.2620396633341344e-07 6.2049101231799611e-07
leaf_weight=342 2328 21 34 20 1798 22 22 43 117 26 39 21 55 91 68 29 109 85 53 630 30 21 75 21 25 599 42 23 36 29
leaf_count=342 2328 21 34 20 1798 22 22 43 117 26 39 21 55 91 68 29 109 85 53 630 30 21 75 21 25 599 42 23 36 29
internal_value=-1.89025e-16 1.25868e-07 7.39885e-07 1.90187e-07 -9.5211e-09 4.56747e-08 4.60264e-07 7.79094e-07 1.01126e-06 -1.37343e-08 5.21178e-09 -1.31849e-07 -4.82012e-07 2.90477e-08 -3.93199e-08 1.33155e-07 -8.11052e-08 -3.06575e-07 -1.17623e-06 -1.44176e-07 -5.27864e-10 -3.10797e-08 6.8296e-07 1.39204e-06 7.95225e-09 7.6086e-08 -6.70335e-07 1.86757e-06 1.27201e-08 3.59041e-08
internal_weight=6854 482 75 41 6372 2234 280 182 160 1954 1928 98 76 1889 4138 807 3331 877 138 739 2454 2349 105 73 734 667 67 52 407 371
internal_count=6854 482 75 41 6372 2234 280 182 160 1954 1928 98 76 1889 4138 807 3331 877 138 739 2454 2349 105 73 734 667 67 52 407 371
is_linear=0
shrinkage=0.05


Tree=246
num_leaves=31
num_cat=0
split_feature=3 14 14 15 27 14 14 20 15 14 24 14 15 5 14 14 19 15 20 27 0 1 20 0 6 27 7 23 8 5
split_gain=3.10282e-09 1.94632e-08 7.16936e-08 8.46827e-08 6.66074e-08 5.51125e-08 4.88868e-08 4.46396e-08 3.67949e-08 6.68181e-08 3.96721e-08 3.4726e-08 4.2007e-08 2.73087e-08 2.63329e-08 4.31756e-08 1.91346e-08 3.31816e-08 4.41864e-08 3.79825e-08 2.94807e-08 3.30983e-08 2.7963e-08 2.95974e-08 1.28095e-08 3.97619e-08 2.2458e-08 3.95237e-08 2.30834e-08 1.13434e-08
threshold=22.250000000000004 0.73865729060996166 0.95242846126021108 -0.41399101439218416 1.1666666666666667 0.69676570133721638 0.78325454425165997 0.00052666500000000005 0.16587474750015932 0.23537774960157334 0.00041416216629109915 0.96234642434711437 -0.23537842981696178 11.850000000000003 0.55656748448714433 0.25206111083856975 0.00064691000000000011 -0.50557503990954278 0.00059955000000000002 18.833333333333339 766.50000000000011 819.6500000000002 0.0005496600000000001 574.50000000000011 0.00064078500000000016 66.833333333333357 48.124701618148528 658.50000000000011 249.95431280577853 14.550000000000002
decision_type=2 2 2 2 2 2 2 2 2 2 2 2 2 2 2 2 2 2 2 2 2 2 2 2 2 2 2 2 2 2
left_child=16 5 3 4 -3 8 -6 -5 14 10 -10 -4 -13 -14 15 -2 20 18 -18 -19 24 -22 -21 -24 26 -26 28 -28 -1 -11
right_child=1 2 11 7 6 -7 -8 -9 9 29 -12 12 13 -15 -16 -17 17 19 -20 22 21 -23 23 -25 25 -27 27 -29 -30 -31
leaf_value=3.607227394546903e-07 8.6879110201012256e-08 1.9584673550939032e-06 1.9974155767007079e-06 -1.558025916264818e-06 -3.0369397573319173e-06 2.2172756499944895e-06 -3.4686042725770441e-07 -4.8586593516120052e-06 -3.8758188959713663e-07 8.0773965166702771e-07 -3.0185884635389624e-06 -1.7702749192557319e-06 8.236635780104064e-07 -5.683809007704456e-07 1.6219670367963075e-06 -9.4321453449550763e-07 -1.7759193365662897e-06 2.5049127558910792e-06 7.3097545225664364e-07 1.8421715296802897e-06 -2.1868497388055632e-06 3.3247034164932389e-07 1.6169670735941759e-06 -5.1769534563149015e-07 -2.1777665276658809e-06 7.0288106280219409e-07 1.1243790207569984e-08 -2.2167769043335283e-06 2.0921519793856452e-06 -6.2731007368538054e-07
leaf_weight=154 1524 22 24 21 24 28 57 20 23 40 38 29 95 56 26 109 32 30 39 29 32 22 22 62 25 23 4185 20 22 21
leaf_count=154 1524 22 24 21 24 28 57 20 23 40 38 29 95 56 26 109 32 30 39 29 32 22 22 62 25 23 4185 20 22 21
internal_value=6.59893e-16 -4.96434e-08 -3.92081e-07 -1.24627e-06 -4.81275e-07 1.62319e-08 -1.14392e-06 -3.16809e-06 -1.83718e-08 -8.56432e-07 -2.02657e-06 2.10876e-07 -2.73292e-08 3.07409e-07 4.32577e-08 1.81221e-08 2.27977e-08 4.84697e-07 -3.98893e-07 9.23402e-07 7.48523e-10 -1.16046e-06 5.03532e-07 4.13829e-08 1.49064e-08 -7.97456e-07 2.3807e-08 6.46783e-10 5.77151e-07 3.13706e-07
internal_weight=6854 2157 348 144 103 1809 81 41 1781 122 61 204 180 151 1659 1633 4697 214 71 143 4483 54 113 84 4429 48 4381 4205 176 61
internal_count=6854 2157 348 144 103 1809 81 41 1781 122 61 204 180 151 1659 1633 4697 214 71 143 4483 54 113 84 4429 48 4381 4205 176 61
is_linear=0
shrinkage=0.05


Tree=247
num_leaves=21
num_cat=0
split_feature=25 14 14 26 2 20 5 15 1 15 25 17 19 19 2 14 18 6 6 21
split_gain=3.29224e-09 2.09287e-08 1.83011e-08 1.68629e-08 2.45397e-08 1.74337e-08 5.20065e-08 1.71128e-08 3.14524e-08 1.68406e-08 1.68115e-08 1.61365e-08 1.58975e-08 1.57871e-08 2.28833e-08 2.06941e-08 1.89589e-08 1.39613e-08 1.23338e-08 1.98181e-08
threshold=0.00042801999650515972 0.99818282439137029 0.9916835347852474 0.00058508799699519417 152.50000000000003 0.00059331500000000007 9.9500000000000011 0.063390085881955341 748.80000000000007 -0.99938741687870725 0.00043376311649960753 0.99907878727191923 0.00032666500000000007 0.00046000000000000007 150.50000000000003 0.87397152483179585 0.00059756000000000013 0.0005954100000000001 0.00058751500000000015 827.50000000000011
decision_type=2 2 2 2 2 2 2 2 2 2 2 2 2 2 2 2 2 2 2 2
left_child=3 2 9 5 -5 13 -7 8 12 -2 -11 -12 -6 18 15 -15 -16 -8 19 -1
right_child=1 -3 -4 4 7 6 17 -9 -10 10 11 -13 -14 14 16 -17 -18 -19 -20 -21
leaf_value=-3.5828362630177239e-09 -1.2799225330135351e-06 1.4627619419888499e-06 -1.3806044518315942e-06 1.872953654630441e-06 2.352557946365282e-06 8.7618596710724114e-07 -9.7382689403957554e-07 -9.1099227211088886e-07 -9.4485764986443212e-07 -1.3526171675456075e-06 2.8150181220412656e-08 -6.8391069670028901e-07 4.0480735378878309e-07 3.6600486997637282e-07 1.6834655866659887e-06 -1.4349920236482337e-06 2.3295603635388701e-07 -2.8196907935905203e-06 -1.0116510437304289e-06 1.1279226193950401e-06
leaf_weight=4998 28 22 27 29 22 28 20 25 21 24 1244 85 20 58 50 22 41 21 30 39
leaf_count=4998 28 22 27 29 22 28 20 25 21 24 1244 85 20 58 50 22 41 21 30 39
internal_value=1.27292e-15 -6.74894e-08 -9.13995e-08 1.77931e-08 6.11549e-07 4.70295e-09 -7.84882e-07 1.95859e-07 6.35086e-07 -6.61942e-08 -4.10764e-08 -1.73917e-08 1.42506e-06 1.51041e-08 4.8762e-07 -1.29269e-07 1.02994e-06 -1.91927e-06 -8.42227e-10 5.17808e-09
internal_weight=6854 1430 1408 5424 117 5307 69 88 63 1381 1353 1329 42 5238 171 80 91 41 5067 5037
internal_count=6854 1430 1408 5424 117 5307 69 88 63 1381 1353 1329 42 5238 171 80 91 41 5067 5037
is_linear=0
shrinkage=0.05


Tree=248
num_leaves=15
num_cat=0
split_feature=23 25 25 16 23 6 15 7 22 26 20 24 24 2
split_gain=3.06685e-09 1.31519e-08 2.14717e-08 1.09002e-08 9.34787e-09 6.4382e-09 9.05773e-09 6.08829e-09 8.66114e-09 1.42574e-08 1.29651e-08 1.21893e-08 1.85566e-08 1.72472e-08
threshold=956.50000000000011 0.00046164350660397559 0.00066501223656836189 1016.975 948.50000000000011 0.00079298500000000007 -0.89787881968372518 7.0614407050264143 909.50000000000011 0.00072945381651665596 0.00078237000000000011 0.0007081188164824282 0.00066742474807920395 154.50000000000003
decision_type=2 2 2 2 2 2 2 2 2 2 2 2 2 2
left_child=4 -2 -3 5 7 6 -4 -1 11 10 -10 12 -9 -13
right_child=1 2 3 -5 -6 -7 -8 8 9 -11 -12 13 -14 -15
leaf_value=7.9340070252934911e-07 1.2711315439446482e-06 -1.4379173822340991e-06 1.1308085152536695e-06 1.2767947336926782e-06 -1.084112773241941e-06 -6.0024946667825725e-07 -3.5597252761476745e-07 9.1717933626546578e-09 -3.0664147510425742e-07 8.1169551658208743e-07 -1.4961138530468686e-06 1.6147862652867878e-06 -5.9895480358229678e-07 1.078865429686414e-07
leaf_weight=24 25 21 21 23 20 26 20 6282 126 23 28 28 128 59
leaf_count=24 25 21 21 23 20 26 20 6282 126 23 28 28 128 59
internal_value=2.36165e-16 2.35069e-07 1.72123e-09 3.37637e-07 -4.75876e-09 1.52394e-08 4.05549e-07 -1.53584e-09 -4.39447e-09 -3.49486e-07 -5.22909e-07 5.00697e-09 -2.97176e-09 5.92866e-07
internal_weight=6854 136 111 90 6718 67 41 6698 6674 177 154 6497 6410 87
internal_count=6854 136 111 90 6718 67 41 6698 6674 177 154 6497 6410 87
is_linear=0
shrinkage=0.05


Tree=249
num_leaves=16
num_cat=0
split_feature=15 15 0 18 15 15 6 22 15 17 15 14 3 4 11
split_gain=2.98337e-09 1.27305e-08 1.72061e-08 6.90741e-09 6.89853e-09 2.96693e-08 6.03337e-08 1.83723e-08 4.93869e-09 1.55197e-08 1.43014e-08 8.08706e-10 4.86611e-10 4.6198e-11 1.30916e-11
threshold=0.98045953152007548 0.97311896095856321 71.500000000000014 0.00028252000000000003 0.95499258812111987 0.93842613001991437 0.00015203500000000004 285.50000000000006 0.63255009372278048 0.6952003095212973 0.60553543375389329 0.16799745313369893 19.950000000000003 51.500000000000007 17.906250000000004
decision_type=2 2 2 2 2 2 2 2 2 2 2 2 2 2 2
left_child=1 4 -3 11 5 8 13 12 10 -10 -1 -2 14 -7 -6
right_child=3 2 -4 -5 7 6 -8 -9 9 -11 -12 -13 -14 -15 -16
leaf_value=-1.5129925962782495e-09 -1.3107297073057033e-07 -1.5243985889463424e-08 -1.935404979080957e-06 1.0113769238391987e-06 -1.6918008530605482e-09 -6.5870338489876835e-08 -3.1262781674187233e-06 1.7298640426047097e-06 -5.5397305823820351e-08 4.1227087822884277e-07 -8.6816226942213839e-07 2.0419863750374491e-07 2.6786970479975026e-07 3.1737870978456456e-08 -5.240235234627022e-08
leaf_weight=5750 37 28 20 24 35 27 23 21 452 292 48 35 20 22 20
leaf_count=5750 37 28 20 24 35 27 23 21 452 292 48 35 20 22 20
internal_value=4.61613e-17 -3.93168e-09 -8.15311e-07 2.76774e-07 1.87252e-09 -4.23536e-09 -1.01368e-06 4.2268e-07 6.87435e-09 1.2815e-07 -8.68774e-09 3.19063e-08 5.66685e-08 -2.20462e-08 -2.0132e-08
internal_weight=6854 6758 48 96 6710 6614 72 96 6542 744 5798 72 75 49 55
internal_count=6854 6758 48 96 6710 6614 72 96 6542 744 5798 72 75 49 55
is_linear=0
shrinkage=0.05


Tree=250
num_leaves=31
num_cat=0
split_feature=15 15 6 3 17 14 14 17 3 19 19 11 20 15 22 16 14 19 5 2 14 27 22 14 26 4 4 16 5 9
split_gain=2.97416e-09 2.06592e-08 4.49132e-08 5.55845e-08 3.66911e-08 1.63818e-08 3.79511e-08 5.89189e-08 2.76953e-08 1.61147e-08 3.14936e-08 3.10819e-08 4.18296e-08 2.05559e-08 1.7769e-08 2.10143e-08 1.07559e-08 2.97777e-08 1.30269e-08 1.6661e-08 1.20935e-08 9.38238e-09 1.06006e-08 7.83914e-09 5.28892e-09 5.19636e-09 3.37776e-09 1.97189e-09 1.90925e-09 1.63223e-09
threshold=-0.72102888505294738 -0.62587551141915865 0.00041274000000000004 24.350000000000005 0.95066743866435932 0.55656748448714433 0.52766072109828632 0.93637167903261098 19.050000000000004 0.00071982000000000014 0.00071293000000000018 43.328125000000007 0.00060819500000000007 -0.49812626372919411 932.50000000000011 928.56000000000006 0.48314048284850658 0.00015541000000000003 9.1500000000000004 169.50000000000003 0.3342611484689354 88.833333333333357 380.00000000000006 0.62587949062545845 0.00041085213219771666 96.500000000000014 8.5000000000000018 214.45000000000002 10.15 -2.6693031256437885
decision_type=2 2 2 2 2 2 2 2 2 2 2 2 2 2 2 2 2 2 2 2 2 2 2 2 2 2 2 2 2 2
left_child=5 2 21 -4 -5 6 16 -8 25 10 14 -11 -13 -14 15 -3 18 26 19 -1 -20 22 28 24 -10 27 -18 29 -2 -7
right_child=1 9 3 4 -6 8 7 -9 23 11 -12 12 13 -15 -16 -17 17 -19 20 -21 -22 -23 -24 -25 -26 -27 -28 -29 -30 -31
leaf_value=-6.2951536737239747e-08 1.9502909995744153e-07 -3.1772067268776936e-09 -2.8491872809708084e-06 7.4426228426251763e-07 -1.561960561957676e-06 -4.8991451739865968e-08 2.2306560826844081e-07 -3.2926996704480352e-06 1.0678823496863724e-06 1.9023135775952939e-06 -1.7792358239603345e-06 -1.4621538374134011e-06 1.7900518001028856e-06 1.3425190484170191e-07 -1.0615830316778439e-06 9.2429257547208973e-07 -5.9711019905047841e-07 1.9873488576230068e-06 8.3165923263274334e-08 -7.9466511614851555e-07 8.5789551257648183e-07 1.0117963040556788e-06 -1.1358462252839831e-06 4.7968387602755535e-07 2.0763963676792778e-06 8.2770741613558143e-07 2.630583163387712e-07 -4.6809622424668556e-07 -1.1786197971061671e-07 3.9760795151376164e-07
leaf_weight=618 76 4088 36 34 35 96 26 22 26 32 25 30 29 53 39 62 21 26 1016 89 53 20 23 24 26 20 25 22 136 26
leaf_count=618 76 4088 36 34 35 96 26 22 26 32 25 30 29 53 39 62 21 26 1016 89 53 20 23 24 26 20 25 22 136 26
internal_value=-1.32262e-16 -2.21616e-08 -3.86194e-07 -1.25652e-06 -4.25561e-07 4.89507e-08 -3.14176e-10 -1.38833e-06 4.38143e-07 7.9099e-09 -9.86353e-09 5.2803e-07 1.35377e-07 7.1984e-07 6.96104e-10 1.0679e-08 3.57381e-08 6.34836e-07 1.14503e-08 -1.55063e-07 1.21576e-07 -2.78257e-08 -1.16304e-07 1.22715e-06 1.57214e-06 7.2504e-08 -1.29627e-07 -3.23853e-08 -5.69348e-09 4.61855e-08
internal_weight=6854 4718 360 105 69 2136 1896 48 240 4358 4214 144 112 82 4189 4150 1848 72 1776 707 1069 255 235 76 52 164 46 144 212 122
internal_count=6854 4718 360 105 69 2136 1896 48 240 4358 4214 144 112 82 4189 4150 1848 72 1776 707 1069 255 235 76 52 164 46 144 212 122
is_linear=0
shrinkage=0.05


Tree=251
num_leaves=21
num_cat=0
split_feature=5 0 14 14 18 14 0 14 26 27 14 3 14 18 2 25 5 16 4 27
split_gain=2.93131e-09 1.30324e-08 9.27496e-09 3.9962e-09 2.79062e-08 2.04415e-08 2.47129e-08 1.10455e-08 5.07824e-08 1.39645e-08 1.19892e-08 5.55033e-08 1.48647e-08 6.18161e-09 2.06718e-09 6.26502e-10 6.54876e-11 1.57496e-10 9.71868e-12 6.08351e-12
threshold=2.6500000000000008 232.50000000000003 0.42179998225932674 0.99907018497641664 0.00043997000000000003 0.99818282439137029 227.50000000000003 0.9916835347852474 0.00047104223526006948 69.833333333333357 0.98667101781630195 16.450000000000003 0.98522604642031408 0.00016605000000000002 2.5000000000000004 4.1764771479825439e-05 0.8500000000000002 13.565000000000001 31.500000000000004 74.833333333333357
decision_type=2 2 2 2 2 2 2 2 2 2 2 2 2 2 2 2 2 2 2 2
left_child=1 15 -3 5 13 7 -7 10 9 -9 12 -12 -2 14 19 16 -1 18 -18 -5
right_child=3 2 -4 4 -6 6 -8 8 -10 -11 11 -13 -14 -15 -16 -17 17 -19 -20 -21
leaf_value=-8.383050241670495e-08 -1.6286940723330069e-09 1.5211518942237492e-07 1.6100288287172288e-06 2.1915526209107643e-08 -1.9970477603692417e-06 3.1933095718976567e-08 2.3697420038359952e-06 3.0349514697807573e-07 -2.2737675908501844e-06 -7.7978298163134122e-07 -1.7801557591655348e-07 2.7514755112695806e-06 -1.2484252239393831e-06 8.3812546790795751e-07 -5.8616996934546261e-07 2.336039453136133e-07 -5.814245477571982e-11 1.3375335013610101e-07 -2.3091958543953811e-08 -1.1065193518657293e-08
leaf_weight=26 6101 20 24 29 20 26 20 102 30 42 61 22 24 20 20 30 77 20 113 27
leaf_count=26 6101 20 24 29 20 26 20 102 30 42 61 22 24 20 20 30 77 20 113 27
internal_value=4.40218e-17 1.50235e-07 9.47341e-07 -7.11686e-09 -2.97975e-07 -1.86802e-09 1.04837e-06 -9.43791e-09 -4.02341e-07 -1.2461e-08 1.57452e-09 5.98476e-07 -6.5141e-09 5.5999e-08 -1.49824e-07 1.83824e-08 -8.97625e-09 2.91422e-10 -1.37572e-08 6.01411e-09
internal_weight=6854 310 44 6544 116 6428 46 6382 174 144 6208 83 6125 96 76 266 236 210 190 56
internal_count=6854 310 44 6544 116 6428 46 6382 174 144 6208 83 6125 96 76 266 236 210 190 56
is_linear=0
shrinkage=0.05


Tree=252
num_leaves=27
num_cat=0
split_feature=14 15 0 23 14 14 1 26 19 13 6 15 14 7 14 13 14 6 1 15 7 20 27 15 12 13
split_gain=2.92006e-09 1.25653e-08 2.28395e-08 1.92994e-08 1.01638e-08 8.41714e-09 3.22741e-08 6.17566e-08 3.86841e-08 1.37131e-08 1.07654e-08 2.30947e-08 5.68582e-09 1.69118e-08 7.07106e-09 2.36504e-08 1.25905e-08 1.71397e-08 3.61734e-09 2.84841e-09 5.71811e-09 2.55898e-09 1.5037e-09 6.47929e-10 6.13152e-10 4.12187e-10
threshold=-0.99275805973510278 0.063390085881955341 619.50000000000011 437.50000000000006 -0.99866806308218525 -0.95754239937548935 568.50000000000011 0.00058769251086926075 0.00054298000000000009 -0.78656609248549325 0.00023655500000000003 0.11478523713130606 -0.94975917145599731 59.859752587570377 -0.93273441465163176 -0.60355339059327384 -0.91978325482952472 8.7105000000000014e-05 867.85000000000002 0.029024409397335523 65.874554419486131 0.00015324000000000002 8.1666666666666696 -0.32613736746952143 -1.0000000180025095e-35 -0.12940952255126037
decision_type=2 2 2 2 2 2 2 2 2 2 2 2 2 2 2 2 2 2 2 2 2 2 2 2 2 2
left_child=1 2 19 22 -4 6 9 8 -8 -2 21 -12 13 -7 15 -14 17 -16 -18 20 -1 -11 -3 -17 -15 -22
right_child=5 3 4 -5 -6 12 7 -9 -10 10 11 -13 14 24 16 23 18 -19 -20 -21 25 -23 -24 -25 -26 -27
leaf_value=8.2783582967111288e-07 9.6442712197475689e-07 3.3950914107726429e-07 5.6216643080857001e-07 -1.7174613752840307e-06 1.8891035686600071e-06 1.6858984545020662e-06 -1.1079170214791454e-06 4.8167801854728362e-07 -3.8946939501727232e-06 -3.5021997769038871e-08 -1.9316569339776912e-06 3.3432664959708419e-07 -1.7064088712441634e-06 -2.2545495878696771e-07 -5.277327276714389e-08 -4.4682345520306952e-08 -4.3849438704550941e-09 1.8434720004734119e-06 2.0697282138149559e-07 -3.2808425814050243e-07 2.0961798945506872e-07 5.3655489857701033e-07 -2.044275762595286e-07 2.8689386795122122e-07 1.2206828305938445e-07 -1.7854169787057118e-08
leaf_weight=26 33 27 31 21 27 20 33 38 20 290 23 22 26 22 26 34 5622 22 210 39 24 21 24 26 30 117
leaf_count=26 33 27 31 21 27 20 33 38 20 290 23 22 26 22 26 34 5622 22 210 39 24 21 24 26 30 117
internal_value=-5.60094e-16 1.43741e-07 3.03422e-07 -4.41753e-07 1.17988e-06 -7.4098e-09 -2.08931e-07 -1.05661e-06 -2.15953e-06 -1.06312e-08 -1.01016e-07 -8.23843e-07 8.61044e-09 4.50278e-07 3.28023e-09 -4.46821e-07 9.86334e-09 8.16339e-07 3.22568e-09 5.66521e-08 1.46501e-07 3.57323e-09 8.35389e-08 9.90007e-08 -2.49608e-08 2.08645e-08
internal_weight=6854 336 264 72 58 6518 480 91 53 389 356 45 6038 72 5966 86 5880 48 5832 206 167 311 51 60 52 141
internal_count=6854 336 264 72 58 6518 480 91 53 389 356 45 6038 72 5966 86 5880 48 5832 206 167 311 51 60 52 141
is_linear=0
shrinkage=0.05


Tree=253
num_leaves=23
num_cat=0
split_feature=25 5 25 1 4 11 17 25 21 23 0 26 3 18 22 20 23 20 20 8 7 3
split_gain=2.9222e-09 1.61706e-08 1.75434e-08 7.79503e-08 5.40659e-08 5.06173e-08 2.13126e-08 1.81849e-08 2.2854e-08 3.29966e-08 2.74161e-08 1.44982e-08 2.27396e-08 1.58768e-08 1.54674e-08 4.77135e-08 2.83244e-08 1.33802e-08 4.95133e-08 1.29784e-08 1.1601e-08 1.21133e-08
threshold=0.00042801999650515972 4.3500000000000005 0.00049482349192463485 777.4000000000002 1.0000000180025095e-35 46.634375000000013 0.6952003095212973 0.00050016939967352601 477.50000000000006 702.50000000000011 626.50000000000011 0.00058508799699519417 17.950000000000003 0.00051742500000000007 781.50000000000011 0.00056144500000000015 766.50000000000011 0.0006296950000000001 0.00059103500000000017 107.86585394573426 30.515588167599869 25.150000000000002
decision_type=2 2 2 2 2 2 2 2 2 2 2 2 2 2 2 2 2 2 2 2 2 2
left_child=11 19 3 5 -5 6 -3 -4 10 -10 -9 14 -13 -14 16 -16 17 18 -1 -2 21 -15
right_child=1 2 7 4 -6 -7 -8 8 9 -11 -12 12 13 20 15 -17 -18 -19 -20 -21 -22 -23
leaf_value=9.8092926589855391e-09 -9.8896406939275038e-08 -1.4316761892782132e-06 1.2981364113565739e-06 -4.9941342670223323e-07 -3.383818489055557e-06 1.7582520310302892e-06 -3.4530993806283146e-08 -2.5715679365173682e-07 6.220668986424128e-07 -9.8865468156550491e-08 -1.8336549436693369e-06 -9.6779249815881505e-07 1.8633708205486294e-06 -9.2503245355146643e-07 4.3938193879084258e-07 -2.405998522520419e-06 1.4739905108137576e-06 1.182372187713554e-06 -2.2207277714301198e-06 1.5952757926549149e-06 1.3503576904364916e-06 7.4109029858012339e-07
leaf_weight=5165 20 35 26 32 33 35 124 146 204 715 34 20 29 20 34 26 33 24 25 26 24 24
leaf_count=5165 20 35 26 32 33 35 124 146 204 715 34 20 29 20 34 26 33 24 25 26 24 24
internal_value=-1.35306e-15 -6.35835e-08 -9.42368e-08 -4.65247e-07 -1.9638e-06 3.6847e-08 -3.42079e-07 -8.82202e-09 -3.97419e-08 6.11674e-08 -5.5494e-07 1.67634e-08 5.67316e-07 8.83834e-07 4.62567e-09 -7.93616e-07 1.37537e-08 4.51165e-09 -9.35106e-10 8.58679e-07 4.6609e-07 -1.62382e-08
internal_weight=6854 1430 1384 259 65 194 159 1125 1099 919 180 5424 117 97 5307 60 5247 5214 5190 46 68 44
internal_count=6854 1430 1384 259 65 194 159 1125 1099 919 180 5424 117 97 5307 60 5247 5214 5190 46 68 44
is_linear=0
shrinkage=0.05


Tree=254
num_leaves=23
num_cat=0
split_feature=17 18 2 3 1 0 2 22 14 14 15 14 21 17 1 3 3 21 14 14 14 18
split_gain=2.9894e-09 1.5222e-08 1.96559e-08 4.64854e-08 2.69285e-08 1.95525e-08 1.88701e-08 1.76873e-08 1.52511e-08 3.1705e-08 1.33126e-08 9.75935e-09 6.43283e-09 1.15796e-08 2.30723e-08 7.22104e-09 9.83152e-09 1.77486e-08 1.56859e-08 8.52387e-09 1.26914e-08 5.69413e-09
threshold=0.96593365067163883 0.00041619000000000004 114.50000000000001 24.650000000000002 832.1500000000002 595.50000000000011 101.50000000000001 418.50000000000006 -0.91289842852956904 -0.7217484125045438 -0.83375966452616657 -0.98523971305672675 969.50000000000011 0.96145730629670978 764.00000000000011 30.550000000000004 22.750000000000004 868.00000000000011 -0.95500086777008153 -0.74512825849743647 -0.63338240235634002 0.00017018500000000002
decision_type=2 2 2 2 2 2 2 2 2 2 2 2 2 2 2 2 2 2 2 2 2 2
left_child=12 2 5 -4 -5 7 -3 21 11 -10 -11 -8 13 15 -15 16 17 -1 -18 -17 -21 -2
right_child=1 6 3 4 -6 -7 8 -9 9 10 -12 -13 -14 14 -16 19 18 -19 -20 20 -22 -23
leaf_value=8.2502780555320561e-09 3.5320863780112461e-07 -1.3890755691538569e-06 2.7302166964625907e-06 -6.4483310942315647e-07 1.6199479624728632e-06 -1.2562329422270643e-06 1.4943401123008909e-07 1.6937630874735988e-06 -1.69866888207327e-06 -3.1470675710662279e-07 2.6304969781760875e-07 1.5476462882209792e-06 7.7264866543093654e-07 1.9287184865593844e-07 -1.6967619628379302e-06 1.028975516285701e-06 -6.0852380856709877e-07 1.228412205591667e-06 -7.4229052570101017e-08 -8.9602569561068419e-07 3.9083041078182953e-07 -2.2573055017817622e-07
leaf_weight=4555 108 26 27 35 21 23 26 20 29 176 230 24 26 35 30 34 158 30 1052 24 95 70
leaf_count=4555 108 26 27 35 21 23 26 20 29 176 230 24 26 35 30 34 158 30 1052 24 95 70
internal_value=-1.40516e-15 8.98863e-08 3.70042e-07 1.02609e-06 2.0446e-07 1.23653e-07 -7.67819e-08 2.83943e-07 -6.43208e-09 -1.0149e-07 1.25937e-08 8.20576e-07 -1.21307e-08 -1.55241e-08 -6.79267e-07 -8.27066e-09 -1.72223e-08 1.62339e-08 -1.43996e-07 3.30781e-07 1.31296e-07 1.25536e-07
internal_weight=6854 815 304 83 56 221 511 198 485 435 406 50 6039 6013 65 5948 5795 4585 1210 153 119 178
internal_count=6854 815 304 83 56 221 511 198 485 435 406 50 6039 6013 65 5948 5795 4585 1210 153 119 178
is_linear=0
shrinkage=0.05


Tree=255
num_leaves=28
num_cat=0
split_feature=14 2 15 4 20 24 14 5 3 24 15 27 7 20 3 5 1 1 17 14 23 15 17 22 2 5 11
split_gain=2.97711e-09 2.45038e-08 2.23056e-08 4.53965e-08 1.88486e-08 2.7666e-08 1.28938e-08 4.05625e-08 3.8168e-08 1.16388e-08 2.08829e-08 1.98038e-08 1.07379e-08 8.83544e-09 8.4934e-09 5.84784e-09 1.86871e-08 3.20955e-08 3.08049e-08 2.66155e-08 1.79065e-08 1.02958e-08 9.36751e-09 9.28779e-09 7.73368e-09 1.77314e-09 6.46477e-10
threshold=-0.98523971305672675 197.50000000000003 -0.12545862287572049 21.500000000000004 0.00068216000000000012 0.00033305545728413044 -0.95754239937548935 12.450000000000001 21.650000000000002 0.00016025499276120706 0.19969739736768838 8.8333333333333339 75.36377938218115 0.00061910500000000011 24.350000000000005 13.850000000000003 687.80000000000007 659.75000000000011 0.8835157000468471 0.98213580174693105 677.50000000000011 -0.99983123799342477 1.0133872625401985 629.50000000000011 316.00000000000006 8.2500000000000018 20.703125000000004
decision_type=2 2 2 2 2 2 2 2 2 2 2 2 2 2 2 2 2 2 2 2 2 2 2 2 2 2 2
left_child=1 2 3 -1 5 14 7 9 -9 12 11 -11 -2 -7 -4 21 17 20 -18 -20 -17 -8 24 -19 -23 -5 -14
right_child=6 -3 4 25 -6 13 15 8 -10 10 -12 -13 26 -15 -16 16 18 23 19 -21 -22 22 -24 -25 -26 -27 -28
leaf_value=-2.5414103904293959e-06 1.0826105327623736e-06 1.7902609886819155e-06 1.2165210831955814e-07 -1.2365643658363013e-07 -1.3116157685999497e-06 7.7452164312865955e-07 -1.0333101163269022e-06 -2.1425305749289692e-07 -2.9504535642825677e-06 -9.0941459209558245e-08 6.6496552820054117e-07 -2.0710406395047748e-06 1.2343323258782193e-08 1.9698491234459486e-06 -9.4476178183811051e-07 -2.2245217472735591e-08 2.2827586430399346e-06 -5.2716895879711958e-07 4.5027011544263683e-07 -1.1956428895053427e-06 5.5175480877067412e-07 -1.4788649285111609e-08 -8.1904906481769216e-07 -1.9860903686700722e-06 7.7774218022069919e-07 5.4213915890777296e-07 -2.8210139792827522e-07
leaf_weight=24 25 21 281 20 20 52 25 25 26 23 22 28 166 22 20 1053 21 20 272 27 156 4373 36 24 31 20 21
leaf_count=24 25 21 281 20 20 52 25 25 26 23 22 28 166 22 20 1053 21 20 272 27 156 4373 36 24 31 20 21
internal_value=-2.70238e-16 1.20083e-07 4.36695e-08 -8.22253e-07 1.83971e-07 2.63736e-07 -9.04295e-09 -3.10505e-07 -1.60918e-06 -7.81103e-08 -6.22624e-07 -1.17805e-06 1.09387e-07 1.12989e-06 5.0794e-08 7.73265e-09 9.06351e-08 3.54349e-09 4.31653e-07 3.01643e-07 5.18193e-08 -2.14735e-08 -1.57762e-08 -1.32294e-06 -9.20998e-09 2.09241e-07 -2.07227e-08
internal_weight=6854 480 459 64 395 375 6374 336 51 285 73 51 212 74 301 6038 1573 1253 320 299 1209 4465 4440 44 4404 40 187
internal_count=6854 480 459 64 395 375 6374 336 51 285 73 51 212 74 301 6038 1573 1253 320 299 1209 4465 4440 44 4404 40 187
is_linear=0
shrinkage=0.05


Tree=256
num_leaves=31
num_cat=0
split_feature=15 15 14 5 17 1 21 23 8 27 26 14 14 1 6 19 17 23 8 17 5 11 21 5 1 3 0 24 23 5
split_gain=3.07484e-09 7.91611e-09 2.7813e-08 1.92018e-08 6.50439e-08 7.97599e-09 7.58613e-09 3.24831e-08 3.50255e-08 3.21861e-08 1.571e-08 3.72479e-08 6.23158e-08 6.09782e-08 3.21353e-08 3.09274e-08 3.02393e-08 6.15401e-09 5.36719e-09 5.33417e-09 1.57218e-08 9.31332e-09 1.38547e-08 9.40124e-09 9.21874e-09 7.90406e-09 7.8207e-09 4.90279e-09 4.64551e-09 2.49237e-09
threshold=-0.97111920233974802 -0.93543596745397617 0.3342611484689354 14.450000000000001 0.95365572309673519 602.05000000000007 914.50000000000011 641.50000000000011 259.31983885188964 53.500000000000007 0.00046164350660397559 0.98372640911059162 0.92922379131507438 593.25000000000011 0.00050647500000000005 0.00054044500000000018 0.9575154343897978 370.50000000000006 85.861806001523163 0.97894043460040947 8.6500000000000004 54.321875000000013 619.50000000000011 12.750000000000002 593.25000000000011 26.350000000000005 811.00000000000011 2.9203969228071721e-05 788.50000000000011 10.65
decision_type=2 2 2 2 2 2 2 2 2 2 2 2 2 2 2 2 2 2 2 2 2 2 2 2 2 2 2 2 2 2
left_child=19 2 3 5 18 17 10 -8 9 -9 14 12 -12 -13 15 -3 -16 -2 -5 21 -21 22 24 -23 27 26 -24 -1 -7 -22
right_child=1 6 -4 4 -6 28 7 8 -10 -11 11 13 -14 -15 16 -17 -18 -19 -20 20 29 23 25 -25 -26 -27 -28 -29 -30 -31
leaf_value=-4.7506537347161626e-08 4.8525029622959929e-08 -8.2522801882307721e-10 -1.8872433538300965e-06 -4.353123398670033e-07 -3.1790522533421087e-06 1.0913405196367455e-06 1.5520876667367356e-06 7.1391551498003367e-08 -2.1846993191771885e-06 -2.0877467659374817e-06 1.5716410119686987e-07 4.2384102164286462e-07 1.656603812256507e-06 -2.6095842470870899e-06 -8.0751742653786306e-07 1.6373855961821142e-06 3.8118315566342584e-07 -8.4583244301938982e-07 5.3640189634052149e-07 -3.7037885546499551e-07 1.5089785642885545e-06 -1.2101123502361589e-06 1.6060602160905547e-06 1.5417126818469432e-07 -9.9184131634253645e-07 2.3205998189723689e-08 3.8058053978997832e-07 3.2208759011922443e-07 2.0079519611471144e-07 7.6012412222326029e-07
leaf_weight=318 153 4398 24 27 21 27 21 126 27 20 785 37 76 30 227 29 70 22 30 31 20 28 30 23 22 27 23 125 32 25
leaf_count=318 153 4398 24 27 21 27 21 126 27 20 785 37 76 30 227 29 70 22 30 31 20 28 30 23 22 27 23 125 32 25
internal_value=8.79399e-17 -1.10415e-08 -2.47047e-07 -1.20878e-07 -8.00275e-07 1.05588e-07 2.5229e-09 -3.04911e-07 -5.30326e-07 -2.24381e-07 1.30753e-08 2.01153e-07 2.89519e-07 -9.34409e-07 -2.38715e-08 9.90622e-09 -5.27352e-07 -6.39085e-08 7.61162e-08 1.01576e-07 4.96065e-07 5.12716e-08 1.11734e-07 -5.94847e-07 7.16852e-09 7.19522e-07 1.07425e-06 5.67807e-08 6.08333e-07 1.09295e-06
internal_weight=6854 6182 336 312 78 234 5846 194 173 146 5652 928 861 67 4724 4427 297 175 57 672 76 596 545 51 465 80 53 443 59 45
internal_count=6854 6182 336 312 78 234 5846 194 173 146 5652 928 861 67 4724 4427 297 175 57 672 76 596 545 51 465 80 53 443 59 45
is_linear=0
shrinkage=0.05


Tree=257
num_leaves=18
num_cat=0
split_feature=25 14 0 21 19 5 0 15 14 1 19 18 22 23 21 5 22
split_gain=3.19743e-09 1.78015e-08 1.59006e-08 4.04929e-08 2.12179e-08 3.35887e-08 3.46828e-08 1.85288e-08 1.7428e-08 1.32475e-08 1.29562e-08 1.88887e-08 2.54617e-08 2.51825e-08 2.22088e-08 1.65279e-08 1.04404e-08
threshold=0.00042801999650515972 0.99818282439137029 477.50000000000006 310.50000000000006 0.00059914000000000007 10.950000000000001 432.50000000000006 -0.99938741687870725 0.9916835347852474 894.20000000000016 0.00062852500000000011 0.00066552500000000004 804.50000000000011 805.50000000000011 808.50000000000011 11.350000000000003 432.50000000000006
decision_type=2 2 2 2 2 2 2 2 2 2 2 2 2 2 2 2 2
left_child=9 2 4 -4 5 16 -7 -5 -9 10 11 12 13 -1 -13 -14 -2
right_child=1 -3 3 7 -6 6 -8 8 -10 -11 -12 14 15 -15 -16 -17 -18
leaf_value=1.4714530742001595e-08 -8.2436341131142399e-07 1.3447926615193432e-06 1.6439181475951566e-06 -1.4013510691549633e-06 4.453015678665098e-07 -7.8802135280899595e-07 -3.3358520116231399e-06 -2.5866046067138038e-08 -1.4155000787033477e-06 1.2149665589889913e-06 9.4486367958312714e-07 1.4124899641555043e-07 2.5737282726367995e-07 -1.64337686560825e-06 -1.6070759927107506e-06 2.2901003769248977e-06 6.9515433505255964e-07
leaf_weight=5228 20 22 35 26 36 34 22 1186 23 23 37 34 20 23 39 20 26
leaf_count=5228 20 22 35 26 36 34 22 1186 23 23 37 34 20 23 39 20 26
internal_value=-5.52927e-16 -6.65105e-08 -8.85621e-08 -3.31745e-08 -5.98289e-07 -9.66615e-07 -1.78895e-06 -8.07034e-08 -5.23024e-08 1.7535e-08 1.24358e-08 6.00408e-09 1.7025e-08 7.45189e-09 -7.92788e-07 1.27374e-06 3.44944e-08
internal_weight=6854 1430 1408 1270 138 102 56 1235 1209 5424 5401 5364 5291 5251 73 40 46
internal_count=6854 1430 1408 1270 138 102 56 1235 1209 5424 5401 5364 5291 5251 73 40 46
is_linear=0
shrinkage=0.05


Tree=258
num_leaves=22
num_cat=0
split_feature=24 24 18 5 6 26 23 6 6 21 27 25 27 21 25 3 21 5 21 5 2
split_gain=2.98948e-09 2.52371e-08 1.23997e-08 1.78532e-08 1.50657e-08 1.7567e-08 1.47918e-08 1.28669e-08 9.90096e-09 9.30833e-09 2.65394e-08 4.84488e-08 3.71405e-08 1.87614e-08 1.06613e-08 9.14971e-09 8.4462e-09 3.22622e-08 1.80577e-08 7.62187e-09 3.13601e-09
threshold=0.00069681105718388044 0.00069292071768410212 0.00076855000000000011 15.15 0.00070991500000000009 0.00075506969401958033 923.50000000000011 0.00075893500000000019 0.00069368500000000009 914.50000000000011 1.0000000180025095e-35 0.0005518737206568927 24.833333333333339 902.50000000000011 0.00055558474194411977 25.750000000000004 833.50000000000011 8.5500000000000025 802.50000000000011 9.4500000000000011 172.50000000000003
decision_type=2 2 2 2 2 2 2 2 2 2 2 2 2 2 2 2 2 2 2 2 2
left_child=1 9 3 8 -4 6 7 -6 19 13 14 12 -12 16 -11 -8 18 -18 -1 -2 -10
right_child=2 -3 4 -5 5 -7 15 -9 20 10 11 -13 -14 -15 -16 -17 17 -19 -20 -21 -22
leaf_value=4.498500197684397e-09 4.7728414102721213e-07 -1.5615729300686955e-06 -1.3559525649768711e-06 1.8893833276663263e-06 6.7901354490775545e-07 -9.5520049743561568e-07 1.6087272374534224e-06 -8.4336816111577465e-07 1.2492313468707531e-06 -2.0765737872352476e-07 -1.1892902972687335e-06 -2.3570543249970151e-06 1.5449265289214015e-06 1.5366529933658057e-06 1.4053703190646567e-06 3.9510466301177943e-07 -1.3928177271406061e-06 6.8112417828306821e-07 -6.9378079883984147e-07 -8.3226572905914507e-07 3.8513133382539742e-07
leaf_weight=6153 20 26 21 21 23 33 25 35 21 20 27 35 23 20 21 41 22 127 94 25 21
leaf_count=6153 20 26 21 21 23 33 25 35 21 20 27 35 23 20 21 41 22 127 94 25 21
internal_value=6.34543e-16 -6.89068e-09 1.58245e-07 5.80905e-07 -9.82007e-08 7.00336e-08 3.42878e-07 -2.39665e-07 2.65065e-07 -7.11874e-10 -4.26308e-07 -9.30287e-07 6.84494e-08 7.64615e-09 6.18528e-07 8.5481e-07 2.86502e-09 3.74905e-07 -6.00866e-09 -2.50244e-07 8.17181e-07
internal_weight=6854 6568 286 108 178 157 124 58 87 6542 126 85 50 6416 41 66 6396 149 6247 45 42
internal_count=6854 6568 286 108 178 157 124 58 87 6542 126 85 50 6416 41 66 6396 149 6247 45 42
is_linear=0
shrinkage=0.05


Tree=259
num_leaves=30
num_cat=0
split_feature=15 15 14 6 5 17 23 23 1 24 15 3 2 22 5 26 5 2 3 19 25 3 23 27 6 14 2 5 11
split_gain=3.02815e-09 5.81785e-09 2.63975e-08 3.75246e-08 1.92767e-08 5.81091e-08 1.11826e-08 1.27875e-08 8.3878e-09 7.76616e-09 6.90533e-09 2.93979e-08 2.17397e-08 5.80719e-09 5.21021e-09 1.61053e-08 2.91398e-08 1.37105e-08 7.58366e-09 4.94164e-09 1.09642e-08 4.57747e-09 1.28654e-08 2.56803e-09 2.42159e-09 2.45982e-09 1.50553e-09 1.53921e-10 5.9346e-11
threshold=-0.97507822412530132 -0.9292178835113839 0.3342611484689354 0.00018581500000000001 14.450000000000001 0.95365572309673519 1003.5000000000001 974.50000000000011 602.05000000000007 0.00050849999974189521 -0.77788789561442695 33.850000000000001 116.50000000000001 370.50000000000006 12.750000000000002 0.00062058274066632303 8.2500000000000018 173.50000000000003 26.050000000000004 0.00060679000000000017 0.00065323579648343363 26.350000000000005 433.50000000000006 19.500000000000004 0.00020436000000000003 1.0000000180025095e-35 218.50000000000003 13.65 17.906250000000004
decision_type=2 2 2 2 2 2 2 2 2 2 2 2 2 2 2 2 2 2 2 2 2 2 2 2 2 2 2 2 2
left_child=14 2 4 -4 8 23 7 10 13 -10 12 -12 -3 -2 15 19 -17 24 -19 21 -21 22 -1 -6 27 -26 -20 -16 -29
right_child=1 6 3 -5 5 -7 -8 -9 9 -11 11 -13 -14 -15 17 16 -18 18 26 20 -22 -23 -24 -25 25 -27 -28 28 -30
leaf_value=-1.0256502414581638e-08 7.4695132129974477e-08 -5.2711495972915493e-08 -7.0461584737831109e-09 -2.8128078580183767e-06 -2.2877060694030883e-07 -2.9986477589513279e-06 -1.0743795083811848e-06 1.0544473917465878e-06 1.2065106838576868e-06 1.9266959116590423e-07 -1.2706129103665688e-08 -1.9335720799062986e-06 4.8704600617684193e-07 -6.7307182765337839e-07 5.1981764102038148e-08 3.263330894883025e-07 -2.3106760968971687e-06 1.5443559227100601e-06 7.6659266369460964e-07 1.4200440968384752e-06 -2.1574001948465596e-07 -6.2511167063424486e-07 1.1548710172239506e-06 4.3566419799608761e-07 7.6968730013504691e-07 -5.1119979529868862e-09 1.5309198403201663e-07 -1.7259275854154444e-07 -7.9057752512658293e-08
leaf_weight=267 193 533 26 22 33 21 24 29 30 51 4905 20 287 30 20 22 20 27 20 21 20 24 26 26 20 21 20 22 74
leaf_count=267 193 533 26 22 33 21 24 29 30 51 4905 20 287 30 20 22 20 27 20 21 20 24 26 26 20 21 20 22 74
internal_value=8.68417e-16 -1.0518e-08 -1.87531e-07 -1.29302e-06 -4.93445e-08 -7.39922e-07 2.67089e-09 7.14772e-09 1.32386e-07 5.68166e-07 1.86109e-09 -2.05066e-08 1.36204e-07 -2.59013e-08 1.05012e-07 -3.10647e-09 -9.29386e-07 2.9808e-07 8.96885e-07 1.05563e-07 6.22101e-07 3.87555e-08 9.31337e-08 6.40312e-08 4.25396e-08 3.72839e-07 4.59842e-07 -7.42041e-08 -1.00493e-07
internal_weight=6854 6230 432 48 384 80 5798 5774 304 81 5745 4925 820 223 624 400 42 224 67 358 41 317 293 59 157 41 40 116 96
internal_count=6854 6230 432 48 384 80 5798 5774 304 81 5745 4925 820 223 624 400 42 224 67 358 41 317 293 59 157 41 40 116 96
is_linear=0
shrinkage=0.05


Tree=260
num_leaves=24
num_cat=0
split_feature=25 14 0 21 8 12 14 20 26 23 0 19 20 27 1 26 23 26 25 15 6 6 6
split_gain=3.00905e-09 1.60352e-08 1.43526e-08 3.64374e-08 1.97042e-08 2.82259e-08 2.56453e-08 1.92972e-08 1.28386e-08 2.08664e-08 1.8857e-08 1.26465e-08 1.24503e-08 3.87177e-08 3.34008e-08 1.36473e-08 1.91167e-08 1.23709e-08 1.39755e-08 1.16072e-08 9.71894e-09 2.03493e-08 9.10878e-09
threshold=0.00042801999650515972 0.99818282439137029 477.50000000000006 310.50000000000006 95.20504766586744 0.37940952255126054 0.26866988313759588 0.0006296950000000001 0.00058508799699519417 802.50000000000011 905.50000000000011 0.00034838500000000005 0.00059331500000000007 43.500000000000007 793.45000000000016 0.00045477677173186981 658.50000000000011 0.00034094453623794303 0.00049270571643550258 -0.28519997588938989 0.00070749000000000018 0.00060489000000000007 0.00048396000000000002
decision_type=2 2 2 2 2 2 2 2 2 2 2 2 2 2 2 2 2 2 2 2 2 2 2
left_child=8 2 7 -4 6 -6 -5 17 12 -10 11 -11 15 14 -14 20 22 -2 -19 -18 21 -1 -17
right_child=1 -3 3 4 5 -7 -8 -9 9 10 -12 -13 13 -15 -16 16 19 18 -20 -21 -22 -23 -24
leaf_value=5.126942086870263e-09 -1.8263300394968003e-06 1.2749370227993495e-06 1.5580661772876932e-06 -2.1954100359004154e-07 -5.7769277200125958e-08 1.7116553476842249e-06 -2.0473259764587836e-06 8.6643358315541269e-07 1.4978652356340286e-06 2.7959910947425548e-07 1.241405204085074e-06 -1.2390284819747858e-06 1.3575065762639637e-06 -2.3366696624456701e-06 -1.3603432853415143e-06 5.1613752092365488e-07 6.0014956102349974e-07 -6.3269537813170527e-08 -1.3111661747348694e-06 -9.3926460920101817e-07 1.1027839434518683e-06 -1.485469702367442e-06 1.7723157837266509e-06
leaf_weight=5088 24 22 35 61 1123 23 28 20 38 29 24 26 26 23 20 27 25 57 37 24 20 23 31
leaf_count=5088 24 22 35 61 1123 23 28 20 38 29 24 26 26 23 20 27 25 57 37 24 20 23 31
internal_value=5.53778e-16 -6.45215e-08 -8.54506e-08 -3.28281e-08 -7.79141e-08 -2.22573e-08 -7.94574e-07 -5.6973e-07 1.70107e-08 5.35096e-07 7.19919e-08 -4.38298e-07 5.58876e-09 -6.61668e-07 1.75833e-07 1.43785e-08 5.73261e-07 -8.13148e-07 -5.54463e-07 -1.53849e-07 2.72379e-09 -1.58089e-09 1.18754e-06
internal_weight=6854 1430 1408 1270 1235 1146 89 138 5424 117 79 55 5307 69 46 5238 107 118 94 49 5131 5111 58
internal_count=6854 1430 1408 1270 1235 1146 89 138 5424 117 79 55 5307 69 46 5238 107 118 94 49 5131 5111 58
is_linear=0
shrinkage=0.05


Tree=261
num_leaves=12
num_cat=0
split_feature=5 5 25 5 14 14 25 5 1 19 18
split_gain=2.9992e-09 3.71896e-09 3.15092e-09 1.50974e-08 2.20856e-08 1.30245e-08 3.00174e-08 1.88051e-08 1.18734e-08 1.07073e-08 2.10159e-08
threshold=28.450000000000003 24.650000000000002 0.00042801999650515972 4.3500000000000005 0.42179998225932674 0.20180702842483325 0.00049482349192463485 20.850000000000005 894.20000000000016 0.00062852500000000011 0.00066349500000000017
decision_type=2 2 2 2 2 2 2 2 2 2 2
left_child=1 2 8 4 -4 7 -7 -5 9 10 -1
right_child=-2 -3 3 5 -6 6 -8 -9 -10 -11 -12
leaf_value=1.7953808778064528e-08 -5.966180649032876e-07 4.8869529179613055e-07 -2.2527756253036083e-07 9.1607349305929642e-08 1.9679652025801759e-06 -8.6992357201874165e-07 -6.9449266513331295e-08 -1.4267101727498466e-06 1.1501212768557115e-06 9.0950532253511049e-07 -8.2498354301681811e-07
leaf_weight=5247 21 39 24 706 22 154 489 21 23 33 75
leaf_count=5247 21 39 24 706 22 154 489 21 23 33 75
internal_value=-3.67226e-16 1.8336e-09 -9.61163e-10 -6.7321e-08 8.23665e-07 -9.72373e-08 -2.61165e-07 4.77495e-08 1.6511e-08 1.16421e-08 6.07476e-09
internal_weight=6854 6833 6794 1416 46 1370 643 727 5378 5355 5322
internal_count=6854 6833 6794 1416 46 1370 643 727 5378 5355 5322
is_linear=0
shrinkage=0.05


Tree=262
num_leaves=25
num_cat=0
split_feature=2 2 22 2 25 25 19 7 3 3 4 27 26 25 1 14 23 2 23 4 21 4 27 5
split_gain=3.04971e-09 2.07084e-08 2.47574e-08 1.94889e-08 4.34884e-08 2.54147e-08 3.85853e-08 2.25645e-08 1.75318e-08 2.64413e-08 3.66844e-08 3.76224e-08 3.00442e-08 4.37467e-08 1.70691e-08 1.21881e-08 1.14596e-08 8.43382e-09 2.67549e-08 3.36458e-08 2.54909e-08 1.94849e-08 3.33242e-08 2.55542e-08
threshold=150.50000000000003 153.50000000000003 574.50000000000011 140.50000000000003 0.00064168694323259395 0.00048632402931175783 0.00045465500000000004 38.762502234623838 15.550000000000002 19.750000000000004 24.500000000000004 98.500000000000014 0.00020368366699458421 0.00039268245644811877 836.85000000000014 -0.3190086476827993 923.50000000000011 123.50000000000001 631.50000000000011 2.5000000000000004 821.00000000000011 23.500000000000004 18.833333333333339 9.3500000000000032
decision_type=2 2 2 2 2 2 2 2 2 2 2 2 2 2 2 2 2 2 2 2 2 2 2 2
left_child=3 2 -2 16 5 6 15 -7 -3 10 -10 -12 13 -11 -14 -5 17 18 20 -20 -1 22 -19 -23
right_child=1 8 -4 4 -6 7 -8 -9 9 12 11 -13 14 -15 -16 -17 -18 21 19 -21 -22 23 -24 -25
leaf_value=-1.0915471451625305e-08 -2.8279151613539647e-07 -1.1115510736117634e-06 1.8825937569421183e-06 1.0428344660611055e-06 -2.7378163514413249e-06 1.8341689335112162e-06 -1.9729062641216399e-06 -4.3274652463359028e-07 1.9589129240901805e-06 5.8559911555194585e-08 -7.006300107416201e-08 1.4655810190891086e-06 -2.2653110712244958e-08 -2.6372315645588703e-06 1.3856121957609638e-06 -4.2671363972833081e-07 9.7413389653411298e-07 2.9271392112018435e-07 -2.206201713477185e-07 -1.952073584550071e-06 1.6227229368226404e-06 8.3195526494336893e-07 2.296502145534997e-06 -8.4113736896732603e-07
leaf_weight=4732 22 33 33 21 20 23 37 21 37 34 183 51 980 27 22 43 30 212 100 39 24 33 23 74
leaf_count=4732 22 33 33 21 20 23 37 21 37 34 183 51 980 27 22 43 30 212 100 39 24 33 23 74
internal_value=-5.46304e-16 6.51864e-08 1.01644e-06 -1.70646e-08 -5.5215e-07 -2.50679e-07 -6.87591e-07 7.52232e-07 2.69136e-08 5.50765e-08 4.95952e-07 2.64629e-07 -5.73197e-08 -1.13466e-06 8.26689e-09 5.54818e-08 -3.01931e-10 -5.88396e-09 -2.26557e-08 -7.06424e-07 -2.67171e-09 2.34167e-07 4.88829e-07 -3.25137e-07
internal_weight=6854 1422 55 5432 165 145 101 44 1367 1334 271 234 1063 61 1002 64 5267 5237 4895 139 4756 342 235 107
internal_count=6854 1422 55 5432 165 145 101 44 1367 1334 271 234 1063 61 1002 64 5267 5237 4895 139 4756 342 235 107
is_linear=0
shrinkage=0.05


Tree=263
num_leaves=25
num_cat=0
split_feature=1 26 1 18 26 15 23 14 23 19 1 22 19 2 3 1 21 19 23 19 23 18 19 6
split_gain=2.84155e-09 3.38818e-08 2.93796e-08 3.95999e-08 2.47267e-08 3.18941e-08 2.66693e-08 2.6495e-08 2.99152e-08 1.52569e-08 6.93755e-09 1.72037e-08 3.40583e-08 2.20285e-08 9.04211e-09 6.39814e-09 4.2757e-08 1.33517e-08 1.54291e-08 7.72744e-09 2.03116e-08 8.6348e-09 2.70855e-08 2.39506e-08
threshold=827.95000000000016 0.00010837170347196316 836.85000000000014 0.00061534000000000014 0.00054251396024208192 -0.82899557272681157 735.50000000000011 0.77788564761185042 756.50000000000011 0.00063523000000000008 804.60000000000014 833.50000000000011 0.00060166000000000006 122.50000000000001 31.750000000000004 783.85000000000002 654.50000000000011 0.00071293000000000018 805.50000000000011 0.00081510000000000013 914.50000000000011 0.00069422500000000014 0.0003588550000000001 0.00072017000000000012
decision_type=2 2 2 2 2 2 2 2 2 2 2 2 2 2 2 2 2 2 2 2 2 2 2 2
left_child=10 -2 3 -3 7 -6 -7 9 -9 -4 15 12 13 -12 -13 19 -17 18 -18 21 -21 23 -23 -1
right_child=1 2 4 -5 5 6 -8 8 -10 -11 11 14 -14 -15 -16 16 17 -19 -20 20 -22 22 -24 -25
leaf_value=1.0122391225520037e-08 1.8727979548316399e-06 1.8309199770990983e-07 -2.8039158429119427e-07 -2.6169152728223417e-06 -9.310804489726458e-07 -6.2857898952147067e-07 1.3453753776953766e-06 -4.8249312256261461e-07 -2.5981364662660176e-06 1.0605281435628373e-06 -7.5600264461818074e-07 -9.0973802976771862e-07 2.3540720744676945e-06 1.2388272757561936e-06 4.4301881091866698e-07 -1.9007069010795574e-06 4.1196895177322674e-07 9.3019551533834121e-07 -1.2243082555869479e-06 3.8013246523860293e-07 -1.821479001193893e-06 -1.5115162068468635e-06 3.904780870930862e-07 -8.8916596117390632e-07
leaf_weight=5776 20 23 79 28 31 22 77 55 24 29 31 30 25 25 21 33 34 37 25 22 20 20 292 75
leaf_count=5776 20 23 79 28 31 22 77 55 24 29 31 30 25 25 21 33 34 37 25 22 20 20 292 75
internal_value=3.21307e-17 -1.31425e-07 -2.4035e-07 -1.35417e-06 -6.11557e-08 4.68474e-07 9.06719e-07 -4.29348e-07 -1.12522e-06 7.96702e-08 7.88631e-09 3.66649e-07 8.19585e-07 1.34546e-07 -3.52721e-07 4.09732e-10 -3.48115e-07 1.85588e-07 -2.81369e-07 7.65545e-09 -6.68254e-07 1.22617e-08 2.68555e-07 -1.40498e-09
internal_weight=6854 388 368 51 317 130 99 187 79 108 6466 132 81 56 51 6334 129 96 59 6205 42 6163 312 5851
internal_count=6854 388 368 51 317 130 99 187 79 108 6466 132 81 56 51 6334 129 96 59 6205 42 6163 312 5851
is_linear=0
shrinkage=0.05


Tree=264
num_leaves=23
num_cat=0
split_feature=2 2 2 25 20 3 3 19 25 18 21 14 17 17 15 20 0 11 2 2 4 25
split_gain=2.85803e-09 1.86752e-08 1.77245e-08 3.93992e-08 3.61049e-08 2.00704e-08 2.59634e-08 1.5945e-08 1.617e-08 4.16201e-08 4.53239e-08 2.4545e-08 1.87855e-08 1.65878e-08 1.45928e-08 1.20591e-08 2.16561e-08 1.10232e-08 1.04091e-08 2.38121e-08 1.73016e-08 9.28761e-09
threshold=150.50000000000003 153.50000000000003 140.50000000000003 0.00064168694323259395 0.00066323500000000019 25.550000000000004 22.850000000000005 0.00010323000000000001 0.00050815714420566474 0.00043211000000000004 802.50000000000011 0.92922379131507438 0.96957575321767064 0.68891254589608042 -0.93543596745397617 0.00078237000000000011 939.50000000000011 56.037500000000009 122.50000000000001 118.50000000000001 23.500000000000004 0.00047725081633004759
decision_type=2 2 2 2 2 2 2 2 2 2 2 2 2 2 2 2 2 2 2 2 2 2
left_child=2 21 15 4 5 6 -4 -3 12 10 -10 -11 13 -9 -7 16 18 -18 19 -1 -20 -2
right_child=1 7 3 -5 -6 14 -8 8 9 11 -12 -13 -14 -15 -16 -17 17 -19 20 -21 -22 -23
leaf_value=-9.2994796839671852e-09 4.1560995853728857e-07 -1.1762471482749486e-06 -5.2137920223971132e-07 -2.6071793317328231e-06 1.6257029667020687e-06 -8.867161364634058e-07 -2.6469706131138084e-06 -1.3592943645899923e-07 -4.901750437132554e-07 -6.9238859182951421e-08 -3.2386268185291562e-06 9.4431523261949808e-07 -1.2505920824423812e-06 4.8041923774395179e-07 8.3496037603936204e-07 -1.0001333267458298e-06 1.949900885327744e-06 3.0972045863109086e-07 4.9658771801758192e-07 -9.2542433609565939e-07 -2.5783526216334215e-07 1.7328484853329013e-06
leaf_weight=4772 32 27 51 20 22 20 20 151 60 629 20 66 20 394 32 30 21 20 241 72 111 23
leaf_count=4772 32 27 51 20 22 20 20 151 60 629 20 66 20 394 32 30 21 20 241 72 111 23
internal_value=-1.60993e-16 6.31047e-08 -1.65197e-08 -5.26809e-07 -2.39861e-07 -5.73539e-07 -1.12014e-06 2.67592e-08 5.09989e-08 -9.73025e-08 -1.17729e-06 2.70123e-08 2.54421e-07 3.09651e-07 1.72777e-07 -5.33779e-10 5.1924e-09 1.14981e-06 -3.83944e-09 -2.29165e-08 2.58687e-07 9.66455e-07
internal_weight=6854 1422 5432 165 145 123 71 1367 1340 775 80 695 565 545 52 5267 5237 41 5196 4844 352 55
internal_count=6854 1422 5432 165 145 123 71 1367 1340 775 80 695 565 545 52 5267 5237 41 5196 4844 352 55
is_linear=0
shrinkage=0.05


Tree=265
num_leaves=24
num_cat=0
split_feature=5 1 1 5 14 5 1 0 1 3 2 2 14 14 5 3 23 14 23 15 2 3 23
split_gain=2.81721e-09 2.00825e-08 3.46807e-08 3.03268e-08 1.70275e-08 1.7026e-08 3.2641e-08 2.7624e-08 1.21398e-08 1.5859e-08 8.32931e-09 2.30967e-08 6.84395e-08 5.63414e-08 1.75152e-08 1.41472e-08 2.22137e-08 2.45023e-08 1.87459e-08 1.82476e-08 1.30064e-08 3.9109e-08 1.23017e-08
threshold=16.750000000000004 852.00000000000011 813.25000000000011 19.650000000000002 0.98802474685579866 18.150000000000002 370.65000000000003 553.50000000000011 905.15000000000009 27.950000000000003 241.50000000000003 218.50000000000003 0.70290292807158616 0.93845596220871974 11.65 19.850000000000005 720.50000000000011 0.64579916509010216 710.50000000000011 -0.33426211444629356 197.50000000000003 22.650000000000002 798.50000000000011
decision_type=2 2 2 2 2 2 2 2 2 2 2 2 2 2 2 2 2 2 2 2 2 2 2
left_child=8 2 4 -3 5 6 -2 -7 10 -10 11 20 14 -14 -13 18 17 -17 -12 -18 22 -22 -1
right_child=1 3 -4 -5 -6 7 -8 -9 9 -11 15 12 13 -15 -16 16 19 -19 -20 -21 21 -23 -24
leaf_value=-9.3907216293347082e-09 -6.5182909066570658e-08 -2.2655252223557911e-06 1.7340557006360598e-06 3.3113022139915579e-07 1.1070589534025848e-06 4.3573224701234517e-08 1.1304510534097094e-06 -9.1365091388417064e-07 1.3950315897492306e-06 -3.5256335281918019e-07 1.9042589521497441e-06 -6.5528828775048471e-07 -4.0898298762344483e-06 -5.1144286627194644e-07 6.410371176507238e-07 6.716834613586441e-08 4.1859200082059191e-08 -2.2242279999318271e-06 1.9037820056137908e-07 1.3867513677231123e-06 1.3872151863658645e-06 -2.0845428032600922e-07 -3.3879378894852153e-07
leaf_weight=5132 166 22 33 23 38 338 87 97 34 21 27 48 22 22 57 28 107 20 39 33 64 96 300
leaf_count=5132 166 22 33 23 38 338 87 97 34 21 27 48 22 22 57 28 107 20 39 33 64 96 300
internal_value=-6.57682e-16 8.79341e-08 1.48781e-07 -9.38346e-07 7.67228e-08 1.98147e-08 3.45964e-07 -1.69877e-07 -1.16858e-08 7.27768e-07 -1.84698e-08 -3.08664e-08 -6.45253e-07 -2.30064e-06 4.84312e-08 2.61723e-07 4.0627e-08 -8.8758e-07 8.91511e-07 3.58869e-07 -1.44959e-08 4.29814e-07 -2.75831e-08
internal_weight=6854 804 759 45 726 688 253 435 6050 55 5995 5741 149 44 105 254 188 48 66 140 5592 160 5432
internal_count=6854 804 759 45 726 688 253 435 6050 55 5995 5741 149 44 105 254 188 48 66 140 5592 160 5432
is_linear=0
shrinkage=0.05


Tree=266
num_leaves=13
num_cat=0
split_feature=7 5 18 7 6 0 19 6 19 18 18 15
split_gain=3.19151e-09 7.9341e-09 8.00602e-09 4.76215e-09 5.54608e-09 1.26767e-08 1.266e-08 5.51786e-09 5.52946e-09 4.39496e-09 1.06524e-08 6.36363e-09
threshold=14.833017467908734 16.950000000000003 0.00065175000000000009 15.278995907960985 0.00079657000000000003 862.50000000000011 0.00079651000000000016 0.00077672500000000014 0.00077376500000000015 0.00073085499999999998 0.00076348500000000005 -0.90161545992537195
decision_type=2 2 2 2 2 2 2 2 2 2 2 2
left_child=1 2 -1 -2 6 -6 7 8 -5 -4 -11 -12
right_child=3 -3 9 4 5 -7 -8 -9 -10 10 11 -13
leaf_value=1.0152739622698751e-06 -6.6843180261626177e-07 -7.136777813208201e-07 -5.3759690077370692e-07 -2.8412483441668205e-09 -1.3481313165660445e-06 2.9454895356010362e-07 1.2265119419821314e-06 -6.0387265044799906e-07 6.5603310170914144e-07 1.3142659736331552e-06 3.5721786981450049e-07 -4.911315180931655e-07
leaf_weight=33 27 21 20 6500 24 23 21 38 32 20 60 35
leaf_count=33 27 21 20 6500 24 23 21 38 32 20 60 35
internal_value=1.25559e-15 2.02612e-07 3.17148e-07 -5.74548e-09 -3.05001e-09 -5.44267e-07 8.09367e-10 -3.1084e-09 3.8655e-10 1.46495e-07 2.65468e-07 4.46681e-08
internal_weight=6854 189 168 6665 6638 47 6591 6570 6532 135 115 95
internal_count=6854 189 168 6665 6638 47 6591 6570 6532 135 115 95
is_linear=0
shrinkage=0.05


Tree=267
num_leaves=22
num_cat=0
split_feature=7 16 25 19 7 14 25 3 11 17 4 27 14 1 24 24 25 1 21 23 21
split_gain=2.88033e-09 6.60121e-09 1.02428e-08 1.17427e-08 9.47017e-09 8.95218e-09 4.88428e-09 1.52757e-08 2.0339e-08 6.3416e-09 1.25544e-08 2.98698e-08 1.43872e-08 1.16515e-08 2.61798e-08 3.79445e-08 2.27162e-08 1.05283e-08 7.96419e-09 3.74291e-09 2.94546e-09
threshold=14.833017467908734 981.60000000000014 0.00067721665555572094 0.00080633000000000018 13.506469434940906 -0.083760455055074887 0.00072429492301114397 24.450000000000003 60.675000000000004 0.96593365067163883 93.500000000000014 66.833333333333357 -0.91289842852956904 783.85000000000002 0.00061271849382225462 0.00056661329326016983 0.00064855887501202066 770.30000000000007 742.50000000000011 862.50000000000011 879.50000000000011
decision_type=2 2 2 2 2 2 2 2 2 2 2 2 2 2 2 2 2 2 2 2 2
left_child=1 -1 4 5 20 -4 9 -8 19 13 11 12 -11 17 15 -15 -16 18 -2 -9 -3
right_child=6 2 3 -5 -6 -7 7 8 -10 10 -12 -13 -14 14 16 -17 -18 -19 -20 -21 -22
leaf_value=8.470053209919115e-07 4.9607413448073629e-09 4.4650415446767512e-07 3.5955628488539204e-07 -2.8078702044718411e-07 -1.2740814726312652e-06 1.6653808830012297e-06 -1.3438766497334395e-06 1.6969607217833171e-07 -1.1877020015778802e-06 7.8225980872295269e-07 1.1614887625910343e-06 -1.7569452314178525e-06 6.9322681194742112e-08 -3.8526256364628103e-07 1.1483443041338512e-06 -2.5362093510921115e-06 -8.738951118218774e-07 8.4869847951394043e-07 -2.6064507376273873e-07 1.0114080924665814e-06 -4.1161317653859442e-07
leaf_weight=32 5334 20 35 39 22 21 28 28 24 81 29 21 560 114 41 25 21 36 298 25 20
leaf_count=32 5334 20 35 39 22 21 28 28 24 81 29 21 560 114 41 25 21 36 298 25 20
internal_value=1.72877e-16 1.92481e-07 5.90752e-08 3.85334e-07 -4.40838e-07 8.49241e-07 -5.45821e-09 -3.43778e-07 1.98941e-08 -4.30288e-11 1.43229e-07 9.86222e-08 1.59413e-07 -1.69115e-08 -3.91019e-07 -7.72123e-07 4.63392e-07 -3.64476e-09 -9.09298e-09 5.6673e-07 1.74455e-08
internal_weight=6854 189 157 95 62 56 6665 105 77 6560 691 662 641 5869 201 139 62 5668 5632 53 40
internal_count=6854 189 157 95 62 56 6665 105 77 6560 691 662 641 5869 201 139 62 5668 5632 53 40
is_linear=0
shrinkage=0.05


Tree=268
num_leaves=11
num_cat=0
split_feature=23 20 23 23 18 17 9 18 18 16
split_gain=2.94138e-09 9.80201e-09 1.11785e-08 7.91777e-09 7.63894e-09 1.77265e-08 4.86342e-09 7.32885e-09 8.76208e-09 5.67221e-09
threshold=956.50000000000011 0.00053924000000000018 1003.5000000000001 948.50000000000011 0.0008074750000000001 0.97177922917708293 83.112798390738405 0.0008074750000000001 0.00079419500000000014 1016.975
decision_type=2 2 2 2 2 2 2 2 2 2
left_child=3 -2 4 6 5 -3 7 8 9 -1
right_child=1 2 -4 -5 -6 -7 -8 -9 -10 -11
leaf_value=-1.4107938033436194e-09 1.0830931522057788e-06 -7.8894711183399042e-07 -9.8797787069832518e-07 -9.9802607792298666e-07 1.0551132104212783e-06 8.7857224305783652e-07 7.2412734998974697e-07 -7.1567478498519365e-07 8.5223161401396893e-07 -7.7148143529844532e-07
leaf_weight=6585 27 34 22 20 23 30 23 36 30 24
leaf_count=6585 27 34 22 20 23 30 23 36 30 24
internal_value=4.80499e-16 2.3021e-07 1.89455e-08 -4.6604e-09 2.7357e-07 -7.29741e-09 -1.69424e-09 -4.1952e-09 -3.37202e-10 -4.20724e-09
internal_weight=6854 136 109 6718 87 64 6698 6675 6639 6609
internal_count=6854 136 109 6718 87 64 6698 6675 6639 6609
is_linear=0
shrinkage=0.05


Tree=269
num_leaves=21
num_cat=0
split_feature=2 14 21 14 14 14 5 14 21 14 2 8 11 4 20 9 23 2 14 21
split_gain=2.68971e-09 1.87028e-08 4.88725e-08 3.73348e-08 3.00484e-08 2.99267e-08 2.68308e-08 2.36653e-08 2.04506e-08 2.03401e-08 1.60326e-08 4.00518e-08 1.1846e-08 2.39455e-08 1.07578e-08 2.11725e-08 2.80692e-08 2.1198e-08 2.56222e-08 1.3188e-08
threshold=150.50000000000003 0.9916835347852474 788.50000000000011 0.92922379131507438 0.91248814248966237 0.9962888416657264 6.9500000000000011 0.89404822654372251 629.50000000000011 0.61915405168109316 146.50000000000003 175.08733390921239 45.503125000000004 65.500000000000014 0.00078237000000000011 59.084861779990241 805.50000000000011 120.50000000000001 0.63920241694561786 833.50000000000011
decision_type=2 2 2 2 2 2 2 2 2 2 2 2 2 2 2 2 2 2 2 2
left_child=10 3 5 4 7 -3 -5 9 -7 -2 14 -12 13 -8 15 16 19 -17 -19 -1
right_child=1 2 -4 6 -6 8 12 -9 -10 -11 11 -13 -14 -15 -16 17 -18 18 -20 -21
leaf_value=-1.4097097314068499e-08 1.4521674563038804e-07 -1.2173414605361662e-06 -2.8154867618468416e-06 -4.1626571248798427e-07 -1.8439425383846921e-06 1.9505771794299454e-06 -2.1400477588816682e-07 1.6522760886247221e-06 -2.8345737860036027e-07 -3.5013656471960532e-07 -2.6549291192168312e-06 9.7142426424257939e-08 2.4482115938246295e-06 1.8797858887056566e-06 -9.5120337770519364e-07 1.8810045550457417e-06 -1.4462073818656469e-06 1.143188576553521e-06 -1.059384020461197e-06 6.8176104989198798e-07
leaf_weight=5157 914 30 20 25 21 21 22 23 20 268 20 39 22 36 30 29 34 31 23 69
leaf_count=5157 914 30 20 25 21 21 22 23 20 268 20 39 22 36 30 29 34 31 23 69
internal_value=4.72252e-16 6.12182e-08 -6.32275e-07 1.08632e-07 3.11346e-08 -1.72855e-08 1.01351e-06 6.38123e-08 8.60804e-07 3.29031e-08 -1.60258e-08 -8.35763e-07 1.46031e-06 1.08559e-06 -7.02442e-09 -1.72303e-09 -1.42259e-08 7.90628e-07 2.05056e-07 -4.90953e-09
internal_weight=6854 1422 91 1331 1226 71 105 1205 41 1182 5432 59 80 58 5373 5343 5260 83 54 5226
internal_count=6854 1422 91 1331 1226 71 105 1205 41 1182 5432 59 80 58 5373 5343 5260 83 54 5226
is_linear=0
shrinkage=0.05


Tree=270
num_leaves=14
num_cat=0
split_feature=3 14 14 22 7 11 6 16 14 2 22 15 15
split_gain=2.79165e-09 1.77991e-08 3.14717e-08 1.50697e-08 1.46619e-08 1.64123e-08 1.70585e-08 1.83958e-08 1.25511e-08 4.10346e-08 1.17481e-08 1.02034e-08 1.31202e-08
threshold=20.050000000000004 0.99761913169647187 0.98802474685579866 720.50000000000011 29.430107615151126 41.096875000000004 0.00066491500000000008 804.0200000000001 0.98049069993378934 99.500000000000014 788.50000000000011 0.97311896095856321 0.95499258812111987
decision_type=2 2 2 2 2 2 2 2 2 2 2 2 2
left_child=3 2 8 4 -1 6 7 -6 11 -10 -5 12 -2
right_child=1 -3 -4 10 5 -7 -8 -9 9 -11 -12 -13 -14
leaf_value=-1.1463779683422386e-06 -3.0346985487504948e-08 -1.5229406142225344e-06 1.8160505644993425e-06 1.3667115013049624e-06 1.4465246893239776e-08 1.2512625155986152e-06 -1.1354000100993745e-06 1.3243462313362721e-06 5.950499184355825e-07 -2.3604057447627108e-06 6.9099125925497374e-08 -9.6071419477539175e-07 9.173343755719543e-07
leaf_weight=27 2828 20 23 37 3687 27 32 27 24 23 33 29 37
leaf_count=27 2828 20 23 37 3687 27 32 27 24 23 33 29 37
internal_value=-7.8801e-16 -3.63399e-08 -2.63089e-08 2.80203e-08 1.46289e-08 2.29372e-08 1.40838e-08 2.39878e-08 -4.0717e-08 -8.51237e-07 7.5498e-07 -2.75538e-08 -1.81082e-08
internal_weight=6854 2984 2964 3870 3800 3773 3746 3714 2941 47 70 2894 2865
internal_count=6854 2984 2964 3870 3800 3773 3746 3714 2941 47 70 2894 2865
is_linear=0
shrinkage=0.05


Tree=271
num_leaves=25
num_cat=0
split_feature=5 1 1 5 14 5 1 22 1 20 1 3 3 15 25 20 18 14 21 15 14 20 19 20
split_gain=2.77909e-09 1.6904e-08 3.12648e-08 2.74172e-08 1.50441e-08 1.51157e-08 2.94406e-08 2.3297e-08 9.99595e-09 2.05077e-08 8.03894e-09 3.16005e-08 4.55257e-08 4.2965e-08 2.59149e-08 1.31265e-08 1.00668e-08 5.73741e-09 3.88819e-08 2.62316e-08 1.59913e-08 8.50006e-09 3.25523e-08 1.57328e-08
threshold=16.750000000000004 852.00000000000011 813.25000000000011 19.650000000000002 0.98802474685579866 18.150000000000002 370.65000000000003 542.50000000000011 905.15000000000009 0.00072842000000000013 825.6500000000002 21.350000000000005 23.950000000000003 0.63255009372278048 0.0005180374786556461 0.00055278000000000022 0.00056985000000000011 0.9916835347852474 648.50000000000011 1.0000000180025095e-35 0.99274428880883148 0.00046547500000000008 0.00026500500000000007 0.00041650000000000004
decision_type=2 2 2 2 2 2 2 2 2 2 2 2 2 2 2 2 2 2 2 2 2 2 2 2
left_child=8 2 4 -3 5 6 -2 -7 10 -10 17 15 13 -13 -14 16 -12 21 20 -20 -19 23 -23 -1
right_child=1 3 -4 -5 -6 7 -8 -9 9 -11 11 12 14 -15 -16 -17 -18 18 19 -21 -22 22 -24 -25
leaf_value=-4.3930232346192573e-09 -6.1909349934103008e-08 -2.1161399424520575e-06 1.6483404248323167e-06 3.5281235469760168e-07 1.0432169699320662e-06 3.4634713672996055e-08 1.073598259113097e-06 -8.5441033655434753e-07 1.4779187480939983e-06 -4.794425234175161e-07 9.9210806567384682e-07 -2.7233131580336098e-06 -1.0010909096973383e-06 -9.9305472754342469e-08 3.727229765662616e-07 1.6878800486417526e-06 -5.5782730250732786e-07 -1.2928065024488754e-06 -4.3712096633250691e-07 -2.9390813779173189e-06 1.1088971393028052e-07 1.4514801786289254e-06 7.643498835234263e-08 -5.0360949183552871e-07
leaf_weight=4190 166 22 33 23 38 341 87 94 32 23 20 39 52 26 101 22 22 22 22 20 261 45 989 164
leaf_count=4190 166 22 33 23 38 341 87 94 32 23 20 39 52 26 101 22 22 22 22 20 261 45 989 164
internal_value=-1.52765e-16 8.73371e-08 1.43161e-07 -8.54231e-07 7.47441e-08 2.12529e-08 3.28562e-07 -1.57481e-07 -1.16065e-08 6.59386e-07 -1.77623e-08 -2.78367e-07 -5.65151e-07 -1.67371e-06 -9.41942e-08 6.98489e-07 1.80237e-07 -4.8986e-09 -2.08916e-07 -1.62853e-06 1.76845e-09 7.40759e-09 1.36277e-07 -2.31968e-08
internal_weight=6854 804 759 45 726 688 253 435 6050 55 5995 282 218 65 153 64 42 5713 325 42 283 5388 1034 4354
internal_count=6854 804 759 45 726 688 253 435 6050 55 5995 282 218 65 153 64 42 5713 325 42 283 5388 1034 4354
is_linear=0
shrinkage=0.05


Tree=272
num_leaves=26
num_cat=0
split_feature=25 25 20 6 4 26 14 20 19 5 18 19 6 4 0 8 14 21 14 14 14 26 18 4 14
split_gain=2.62924e-09 2.64295e-08 2.19606e-08 2.16623e-08 1.92075e-08 1.4064e-08 4.1653e-08 3.75347e-08 3.63577e-08 2.97e-08 1.75548e-08 2.06579e-08 1.73501e-08 2.64089e-08 2.16567e-08 1.62165e-08 1.29206e-08 3.33136e-08 2.90465e-08 1.96941e-08 2.64575e-08 2.15518e-08 1.27425e-08 1.0176e-08 9.11375e-09
threshold=0.0005518737206568927 0.00057336054889525138 0.00066749500000000015 0.00058263500000000008 22.500000000000004 0.00057784673987971492 -0.98214942551678475 0.00066474500000000011 0.00062852500000000011 7.9500000000000011 0.00047384500000000003 0.00044682000000000006 0.00059955000000000002 91.500000000000014 827.50000000000011 125.93768302946116 0.9550229469509578 751.50000000000011 0.90892735371523092 0.81428061195174062 0.77788564761185042 0.00050936519694084624 0.00056118500000000018 45.500000000000007 0.89787622492179153
decision_type=2 2 2 2 2 2 2 2 2 2 2 2 2 2 2 2 2 2 2 2 2 2 2 2 2
left_child=5 2 3 -2 -5 7 -7 8 12 -8 11 -11 14 -14 -1 -10 18 23 19 20 -3 -21 -12 -18 -17
right_child=1 16 -4 4 -6 6 9 -9 15 10 22 -13 13 -15 -16 24 17 -19 -20 21 -22 -23 -24 -25 -26
leaf_value=-2.1912243023383084e-09 -1.7082598842534934e-06 1.286428581634409e-08 -2.3183094947398784e-06 7.6900144815934058e-07 -1.0807615002823182e-06 2.3635203699967634e-06 -1.6676357901701523e-06 -1.6359847703435141e-06 7.3346165644731321e-08 2.1330802653096725e-06 -9.4654399765713695e-07 2.219808445445434e-07 -1.1639932813484114e-06 5.981516771195553e-07 1.5353015427259064e-06 1.0450452984619355e-06 2.2829026570066318e-06 -5.7741589733433845e-07 -1.4972766082061726e-06 -9.4899018098327698e-09 -1.7510414326435157e-06 2.2583360805583654e-06 2.8214391156427308e-07 7.7875821044353481e-07 2.4455068493504466e-06
leaf_weight=5473 25 631 20 36 23 24 20 35 24 26 26 31 73 30 23 26 22 33 33 22 22 20 112 23 21
leaf_count=5473 25 631 20 36 23 24 20 35 24 26 26 31 73 30 23 26 22 33 33 22 22 20 112 23 21
internal_value=6.0324e-17 -7.91465e-08 -8.2929e-07 -4.74761e-07 4.79074e-08 1.2117e-08 3.8788e-07 -3.62488e-09 6.45142e-09 1.67343e-07 3.55546e-07 1.09371e-06 -7.80632e-09 -6.50747e-07 4.24297e-09 1.1308e-06 1.76462e-08 6.29238e-07 -4.78815e-08 2.09387e-08 -4.65629e-08 1.07043e-06 5.0652e-08 1.51412e-06 1.67078e-06
internal_weight=6854 910 104 84 59 5944 239 5705 5670 215 195 57 5599 103 5496 71 806 78 728 695 653 42 138 45 47
internal_count=6854 910 104 84 59 5944 239 5705 5670 215 195 57 5599 103 5496 71 806 78 728 695 653 42 138 45 47
is_linear=0
shrinkage=0.05


Tree=273
num_leaves=23
num_cat=0
split_feature=15 15 3 3 26 4 2 14 21 26 14 14 14 1 14 3 5 14 26 4 21 27
split_gain=2.73861e-09 2.27563e-08 1.73119e-08 8.21116e-09 2.64498e-08 4.15612e-08 2.37387e-08 6.00621e-08 1.91533e-08 1.36525e-08 7.61077e-09 1.23082e-08 3.32898e-08 5.86949e-08 3.43298e-08 2.15155e-08 1.00269e-08 6.157e-09 5.02376e-09 4.51155e-09 4.29434e-09 1.71942e-09
threshold=-0.70900320270980455 -0.70289845916694649 33.350000000000001 22.750000000000004 0.00046164350660397559 16.500000000000004 178.50000000000003 0.73865729060996166 761.50000000000011 0.00055178303684198587 0.69056404122701587 0.55656748448714433 0.51297097409535064 636.10000000000014 0.49812943072827093 19.050000000000004 9.4500000000000011 0.62587949062545845 0.00041085213219771666 96.500000000000014 172.50000000000003 65.500000000000014
decision_type=2 2 2 2 2 2 2 2 2 2 2 2 2 2 2 2 2 2 2 2 2 2
left_child=10 -2 3 4 8 -6 9 -8 -3 -5 11 12 14 21 16 19 -1 18 -17 20 -13 -14
right_child=1 2 -4 6 5 -7 7 -9 -10 -11 -12 15 13 -15 -16 17 -18 -19 -20 -21 -22 -23
leaf_value=-1.0524284053870998e-07 -1.5572789597406711e-06 6.9893579420845407e-10 -1.4815621318575722e-06 -1.255084456307774e-07 1.4154505302193294e-06 1.2321594841916787e-07 -1.2975610392934892e-07 -2.1427784369214869e-06 -9.3186187584137774e-07 3.7507531611754016e-07 -8.3926444514048628e-07 9.8785454232383661e-08 1.4544143264553595e-07 -3.1930934648533531e-06 1.9336696797841077e-06 9.0336044367999284e-07 1.3167528907019051e-07 4.2663854105858452e-07 1.8862680655309725e-06 7.7505205425154595e-07 -6.2208262420426762e-07 -4.5306692101121378e-07
leaf_weight=781 24 3277 20 591 84 240 152 49 56 177 24 119 30 22 24 26 1043 24 26 20 25 20
leaf_count=781 24 3277 20 591 84 240 152 49 56 177 24 119 30 22 24 26 1043 24 26 20 25 20
internal_value=4.63811e-16 -2.16138e-08 -1.36809e-08 -7.33472e-09 2.69554e-08 4.5824e-07 -1.36745e-07 -6.20493e-07 -1.49697e-08 -1.01395e-08 4.62163e-08 5.6055e-08 1.38566e-08 -1.04092e-06 5.49517e-08 3.93642e-07 3.02317e-08 1.08907e-06 1.39481e-06 7.13686e-08 -2.63653e-08 -9.39619e-08
internal_weight=6854 4670 4646 4626 3657 324 969 201 3333 768 2184 2160 1920 72 1848 240 1824 76 52 164 144 50
internal_count=6854 4670 4646 4626 3657 324 969 201 3333 768 2184 2160 1920 72 1848 240 1824 76 52 164 144 50
is_linear=0
shrinkage=0.05


Tree=274
num_leaves=19
num_cat=0
split_feature=23 19 25 23 18 18 22 25 25 6 24 24 3 0 15 15 14 1
split_gain=2.86672e-09 9.71902e-09 1.58852e-08 6.82646e-09 6.15948e-09 1.34701e-08 4.24792e-09 1.49593e-08 2.67277e-08 2.33917e-08 1.24466e-08 1.11988e-08 1.94832e-08 1.88845e-08 1.05283e-08 1.05362e-08 9.43407e-09 8.67812e-09
threshold=956.50000000000011 0.00052997500000000013 0.00066501223656836189 948.50000000000011 0.00078439500000000012 0.0008117650000000001 897.50000000000011 0.00066501223656836189 0.00062058274066632303 0.00044357500000000003 0.00072429492301114397 0.00066742474807920395 23.950000000000003 827.50000000000011 -0.83375966452616657 -0.41399101439218416 -0.066607572871769438 800.25000000000011
decision_type=2 2 2 2 2 2 2 2 2 2 2 2 2 2 2 2 2 2
left_child=3 -2 -3 6 -4 -6 10 8 9 -8 11 13 -13 -1 17 -16 -12 -9
right_child=1 2 4 -5 5 -7 7 14 -10 -11 16 12 -14 -15 15 -17 -18 -19
leaf_value=-1.9734563470120958e-09 1.1403628437989256e-06 -1.1727825494745048e-06 8.098849214377424e-07 -9.2697131776731127e-07 -8.9680023336313756e-07 7.1745473828599415e-07 1.2034220812243544e-06 6.9886886404464551e-08 -2.0973098113472589e-06 -7.9111648667131545e-07 7.7673761325058877e-08 -1.310873290482174e-06 -6.2675960105846374e-08 6.2125466403387937e-07 8.7841759455965405e-07 -4.381009502941154e-07 1.5781111603597641e-06 -1.1908267345412633e-06
leaf_weight=6149 24 22 38 20 24 28 21 39 25 49 20 44 108 124 55 21 22 21
leaf_count=6149 24 22 38 20 24 28 21 39 25 49 20 44 108 124 55 21 22 21
internal_value=-1.03565e-15 2.27269e-07 3.16066e-08 -4.60087e-09 3.26013e-07 -2.7586e-08 -1.8467e-09 -2.1253e-07 -6.93954e-07 -1.92755e-07 5.67888e-09 7.05629e-11 -4.23996e-07 1.03461e-08 1.23758e-07 5.14643e-07 8.63617e-07 -3.71363e-07
internal_weight=6854 136 112 6718 90 52 6698 231 95 70 6467 6425 152 6273 136 76 42 60
internal_count=6854 136 112 6718 90 52 6698 231 95 70 6467 6425 152 6273 136 76 42 60
is_linear=0
shrinkage=0.05


Tree=275
num_leaves=15
num_cat=0
split_feature=23 20 23 14 23 17 14 9 22 9 24 24 24 14
split_gain=2.58721e-09 9.22223e-09 9.87885e-09 8.24916e-09 6.16088e-09 5.56913e-09 4.81481e-09 4.10889e-09 7.60904e-09 1.21065e-08 1.28587e-08 1.17226e-08 1.02845e-08 9.37191e-09
threshold=956.50000000000011 0.00053924000000000018 1003.5000000000001 0.55656748448714433 948.50000000000011 0.97231056454609333 -0.26969676895496814 83.112798390738405 897.50000000000011 60.704153694964042 0.00075189565443834589 0.00072429492301114397 0.00066742474807920395 -0.066607572871769438
decision_type=2 2 2 2 2 2 2 2 2 2 2 2 2 2
left_child=4 -2 3 5 7 6 -3 8 11 -10 -11 12 -1 -13
right_child=1 2 -4 -5 -6 -7 -8 -9 9 10 -12 13 -14 -15
leaf_value=1.0077649958873156e-08 1.0431810032421843e-06 1.4978011193989006e-07 -9.3559742198449798e-07 1.0872254547807229e-06 -8.8062274357980644e-07 5.5251959588531464e-07 -9.4735408918467111e-07 6.6539211739718276e-07 -1.2290992043517691e-06 6.909460505598559e-08 -9.6418685462396066e-07 7.3790085366454159e-08 -4.0750302617213846e-07 1.5861369006283815e-06
leaf_weight=6270 27 20 22 22 20 25 20 23 30 145 38 20 151 21
leaf_count=6270 27 20 22 22 20 25 20 23 30 145 38 20 151 21
internal_value=5.87592e-16 2.15906e-07 1.09847e-08 2.5035e-07 -4.37083e-09 -3.28998e-08 -3.98787e-07 -1.75437e-09 -4.05315e-09 -2.98091e-07 -1.45467e-07 5.6389e-09 2.57578e-10 8.48407e-07
internal_weight=6854 136 109 87 6718 65 40 6698 6675 213 183 6462 6421 41
internal_count=6854 136 109 87 6718 65 40 6698 6675 213 183 6462 6421 41
is_linear=0
shrinkage=0.05


Tree=276
num_leaves=27
num_cat=0
split_feature=17 24 22 2 15 11 18 4 1 15 14 25 14 1 24 17 26 26 3 20 27 26 0 9 9 3
split_gain=2.60691e-09 1.7021e-08 3.37976e-08 1.47994e-08 2.64229e-08 2.45244e-08 2.43874e-08 2.83209e-08 1.94026e-08 1.34308e-08 1.0573e-08 1.06619e-08 1.4134e-08 6.21798e-09 2.2106e-08 5.12206e-08 2.00446e-08 5.92975e-09 1.4562e-08 1.07349e-08 9.91067e-09 7.27416e-09 8.57702e-09 4.69574e-09 6.15886e-09 3.59106e-09
threshold=0.96593365067163883 0.00059487428502773591 720.50000000000011 101.50000000000001 -0.23537842981696178 39.321875000000013 0.00021762000000000002 26.500000000000004 790.35000000000002 0.60553543375389329 -0.88267927862199647 0.00051355669029214308 0.55656748448714433 819.6500000000002 0.00061271849382225462 0.95281825974034995 0.00046494800223604004 0.00076955878311510157 26.750000000000004 0.00077613000000000009 32.166666666666679 0.00072945381651665596 905.50000000000011 25.3193344912039 22.600450247204428 24.350000000000005
decision_type=2 2 2 2 2 2 2 2 2 2 2 2 2 2 2 2 2 2 2 2 2 2 2 2 2 2
left_child=13 3 -3 5 6 23 -5 -8 -6 -10 -4 -12 -13 17 15 16 -15 19 -19 21 25 22 -1 24 -2 -21
right_child=1 2 10 4 8 -7 7 -9 9 -11 11 12 -14 14 -16 -17 -18 18 -20 20 -22 -23 -24 -25 -26 -27
leaf_value=-9.6970953544772711e-09 1.5336052768142384e-07 -1.6549233570294242e-06 1.084435450025012e-06 1.6974397264372481e-06 4.6203668262023714e-08 -1.5403757395233697e-06 2.2311323243052865e-07 -1.6401376678518519e-06 2.3612701039944703e-06 8.6756403342641771e-07 -9.4670156615296901e-07 -2.6302001301762144e-07 6.2454392946165171e-07 -9.5833113550390728e-07 6.3601445278113478e-07 -3.0260010845495347e-06 8.1487348893460873e-07 3.6230435512152332e-07 -1.5228507287528851e-06 -2.9971819339196031e-07 1.4486111880436827e-06 -7.3709692013825563e-07 6.0669958423213639e-07 7.5185053691921687e-07 -7.4928831281795285e-07 5.1499757429801799e-07
leaf_weight=5703 134 36 20 24 25 25 180 23 34 27 33 140 66 34 38 20 30 20 21 21 23 34 57 26 22 38
leaf_count=5703 134 36 20 24 25 25 180 23 34 27 33 140 66 34 38 20 30 20 21 21 23 34 57 26 22 38
internal_value=1.90572e-18 8.39391e-08 -2.19432e-07 2.56044e-07 4.72966e-07 -7.1958e-08 1.90202e-07 1.2006e-08 1.21933e-06 1.70012e-06 -1.99048e-08 -1.12318e-07 2.13451e-08 -1.13281e-08 -3.6466e-07 -8.17346e-07 -1.27141e-07 -4.0429e-09 -6.03263e-07 1.38177e-10 5.68218e-07 -7.90161e-09 -3.59734e-09 1.29748e-07 2.60639e-08 2.25014e-07
internal_weight=6854 815 295 520 313 207 227 203 86 61 259 239 206 6039 122 84 64 5917 41 5876 82 5794 5760 182 156 59
internal_count=6854 815 295 520 313 207 227 203 86 61 259 239 206 6039 122 84 64 5917 41 5876 82 5794 5760 182 156 59
is_linear=0
shrinkage=0.05


Tree=277
num_leaves=17
num_cat=0
split_feature=15 15 3 19 11 17 19 0 15 3 27 17 25 0 11 27
split_gain=2.60814e-09 2.05741e-08 1.58726e-08 1.26473e-08 2.49758e-08 2.85957e-08 2.47748e-08 1.25868e-08 7.2445e-09 6.99249e-09 6.75606e-09 7.19602e-09 4.37105e-09 6.77752e-09 5.28354e-09 2.31718e-09
threshold=-0.70900320270980455 -0.70289845916694649 33.350000000000001 0.00071982000000000014 43.328125000000007 0.87279613824438262 0.00071293000000000018 919.50000000000011 -0.71502926860092908 34.850000000000001 98.500000000000014 0.66224187626364184 0.0007782154805874847 953.50000000000011 43.328125000000007 2.8333333333333335
decision_type=2 2 2 2 2 2 2 2 2 2 2 2 2 2 2 2
left_child=8 -2 3 6 -5 -6 7 -3 9 10 12 -12 14 -14 -1 -11
right_child=1 2 -4 4 5 -7 -8 -9 -10 15 11 -13 13 -15 -16 -17
leaf_value=-2.8893137847380654e-08 -1.4812694582625833e-06 -5.3930565012162431e-09 -1.4190883496212337e-06 1.6326936463930424e-06 -1.5319405070551344e-06 4.5561774871260901e-07 -1.5926116839182213e-06 -8.1947052924154688e-07 9.0901331504985225e-07 1.022214358670226e-06 1.5068056627928615e-07 1.3223991898314581e-06 9.4071136225653865e-08 -1.1644508020935974e-06 1.5744359935150696e-07 2.9652103537810863e-07
leaf_weight=1506 24 4395 20 34 22 102 25 48 24 22 38 20 23 20 509 22
leaf_count=1506 24 4395 20 34 22 102 25 48 24 22 38 20 23 20 509 22
internal_value=-2.21141e-16 -2.10927e-08 -1.35498e-08 -7.47308e-09 4.32164e-07 1.02986e-07 -2.30198e-08 -1.4188e-08 4.5102e-08 3.55029e-08 2.25303e-08 5.54721e-07 7.53175e-09 -4.91288e-07 1.81765e-08 6.59368e-07
internal_weight=6854 4670 4646 4626 158 124 4468 4443 2184 2160 2116 58 2058 43 2015 44
internal_count=6854 4670 4646 4626 158 124 4468 4443 2184 2160 2116 58 2058 43 2015 44
is_linear=0
shrinkage=0.05


Tree=278
num_leaves=31
num_cat=0
split_feature=5 9 15 25 22 25 1 3 25 5 24 25 20 20 24 15 4 27 22 8 3 22 20 22 27 15 11 19 7 27
split_gain=2.60653e-09 1.42564e-08 3.00813e-09 5.17877e-09 4.39322e-08 2.42602e-08 2.71384e-08 1.88256e-08 1.57389e-08 2.01691e-08 1.28065e-08 2.52156e-08 2.33974e-08 1.24538e-08 4.3992e-09 1.13254e-08 2.25581e-08 2.10667e-08 7.52576e-09 7.31573e-09 4.47446e-09 4.27745e-09 2.54764e-09 2.52433e-09 5.62267e-09 2.38593e-09 1.10516e-09 2.56264e-09 2.41663e-10 2.77372e-11
threshold=2.9500000000000006 35.805800086635493 -0.97507822412530132 0.0005518737206568927 570.50000000000011 0.00057159757834055987 672.25000000000011 20.650000000000002 0.0005213296286234781 14.950000000000001 0.00068954845129393083 0.0003791911620605254 0.00077613000000000009 0.00062312500000000009 2.9203969228071721e-05 -0.99628250747696534 5.5000000000000009 1.0000000180025095e-35 530.50000000000011 163.83783595468927 27.250000000000004 761.50000000000011 4.996000000000001e-05 176.50000000000003 21.833333333333339 -0.99983123799342477 20.309375000000006 8.2800000000000003e-06 92.341572484865353 31.500000000000004
decision_type=2 2 2 2 2 2 2 2 2 2 2 2 2 2 2 2 2 2 2 2 2 2 2 2 2 2 2 2 2 2
left_child=1 23 14 8 -5 6 -6 -7 10 13 12 -12 -4 -10 22 16 17 -16 -18 21 -21 -17 25 26 -25 -2 27 29 -27 -1
right_child=2 -3 3 4 5 7 -8 -9 9 -11 11 -13 -14 -15 15 19 18 -19 -20 20 -22 -23 -24 24 -26 28 -28 -29 -30 -31
leaf_value=1.7740652282988293e-08 4.9929669119410458e-07 1.3944931960655335e-06 -1.3884384885803515e-08 -2.2449684327815098e-06 5.1055821202117801e-07 8.1419760834848352e-07 -1.6586992737312242e-06 -6.8968521525346639e-08 5.7031595516159465e-07 -6.1719475878716268e-07 2.8108530595654488e-07 -2.1153043292088116e-06 1.4620156963263543e-06 1.8892475535494667e-06 7.2336930998062601e-07 1.1050918706482313e-06 1.466031706157715e-07 -1.1670831202792443e-06 1.4727771025491167e-06 4.3408794816226733e-07 -2.3494309826870648e-07 2.9811326442974465e-07 -5.8459818802703017e-07 -1.3529102034226527e-07 1.0230585118620184e-06 1.2287617920492266e-07 -2.5732542859992059e-07 5.8219304555962036e-07 -5.8327209925702953e-08 -1.7768159223415735e-08
leaf_weight=82 22 21 4934 24 21 67 46 607 63 27 23 21 27 25 20 52 23 56 20 77 37 24 20 22 20 20 36 20 230 167
leaf_count=82 22 21 4934 24 21 67 46 607 63 27 23 21 27 25 20 52 23 56 20 77 37 24 20 22 20 20 36 20 230 167
internal_value=8.10656e-16 1.29448e-07 -7.34454e-09 -1.82262e-08 -1.39569e-07 -7.1378e-08 -9.78783e-07 1.8824e-08 -9.58446e-11 5.78233e-07 -1.33841e-08 -8.62646e-07 -5.85187e-09 9.45012e-07 9.92086e-08 2.3071e-07 -1.5178e-07 -6.69596e-07 7.63428e-07 4.7027e-07 2.16946e-07 8.50257e-07 -3.99492e-08 5.28887e-08 4.16304e-07 9.85019e-11 2.84458e-09 3.76629e-08 -4.38309e-08 -6.07449e-09
internal_weight=6854 368 6486 5885 765 741 67 674 5120 115 5005 44 4961 88 601 309 119 76 43 190 114 76 292 347 42 272 305 269 250 249
internal_count=6854 368 6486 5885 765 741 67 674 5120 115 5005 44 4961 88 601 309 119 76 43 190 114 76 292 347 42 272 305 269 250 249
is_linear=0
shrinkage=0.05


Tree=279
num_leaves=27
num_cat=0
split_feature=17 4 27 7 26 26 15 6 23 24 17 8 26 6 19 7 3 6 17 13 19 26 3 17 23 16
split_gain=2.6651e-09 1.52695e-08 1.91083e-08 1.876e-08 1.43447e-08 4.7797e-08 2.1486e-08 1.53967e-08 2.95451e-08 1.2015e-08 1.18819e-08 2.15883e-08 7.23296e-09 3.94717e-08 3.00779e-08 2.42411e-08 2.88084e-08 2.40082e-08 4.32091e-08 4.07552e-08 1.78836e-08 1.98369e-08 1.44326e-08 1.43536e-08 1.06936e-08 5.78802e-09
threshold=0.95463299781813271 78.500000000000014 64.500000000000014 37.024836368983529 0.00053420288475926803 0.00054956704983878202 -0.62587551141915865 0.00071782500000000017 798.50000000000011 0.00075916684973125717 0.95169747652280057 182.90542926450641 0.00045477677173186981 0.00050647500000000005 0.00054298000000000009 26.004523041790474 23.850000000000005 0.00044357500000000003 0.80593694945413941 -0.9159756150367534 0.00033227000000000007 0.00049622577333047549 21.650000000000002 0.71400038044512104 649.50000000000011 829.10000000000002
decision_type=2 2 2 2 2 2 2 2 2 2 2 2 2 2 2 2 2 2 2 2 2 2 2 2 2 2
left_child=10 2 4 -3 7 -6 -7 8 -2 -9 12 -12 13 14 24 22 -17 18 23 -20 25 -22 -15 -14 -1 -19
right_child=1 3 -4 -5 5 6 -8 9 -10 -11 11 -13 17 15 -16 16 -18 20 19 -21 21 -23 -24 -25 -26 -27
leaf_value=-1.2740597220762965e-08 2.1453917310676475e-07 -3.6357693034005933e-07 -1.5015734842904748e-06 1.5370968879791247e-06 -2.5693370815327302e-06 -3.461469358749824e-07 5.1976841036942903e-07 1.9805631966716777e-06 -1.6983965376516336e-06 2.6818712381526663e-07 3.6046329910277568e-07 -1.8856658985184724e-06 -3.2952030637871261e-07 -4.8137648576584981e-07 1.6979674451424498e-06 -5.7993795402833111e-07 -2.0801573300843755e-06 1.7244594118892565e-06 5.1112527899022103e-08 -2.4772447298383252e-06 7.8757083767534855e-07 5.1995167424687437e-08 1.4181387095391074e-06 1.4216054078133311e-06 1.0453831436052496e-06 6.0167382633318827e-07
leaf_weight=4681 520 20 20 37 20 209 109 21 21 20 20 23 22 20 26 160 40 24 28 37 109 576 20 25 24 22
leaf_count=4681 520 20 20 37 20 209 109 21 21 20 20 23 22 20 26 160 40 24 28 37 109 576 20 25 24 22
internal_value=1.28526e-15 7.55692e-08 2.73845e-08 8.70194e-07 6.06227e-08 -1.98452e-07 -4.93395e-08 2.11082e-07 1.40285e-07 1.14526e-06 -1.28637e-08 -8.40955e-07 -6.73915e-09 -2.9705e-08 2.02866e-09 -6.55255e-07 -8.79982e-07 1.28686e-07 -5.53002e-07 -1.38811e-06 2.3313e-07 1.69043e-07 4.68381e-07 6.0193e-07 -7.34315e-09 1.18748e-06
internal_weight=6854 997 940 57 920 338 318 582 541 41 5857 43 5814 4971 4731 240 200 843 112 65 731 685 40 47 4705 46
internal_count=6854 997 940 57 920 338 318 582 541 41 5857 43 5814 4971 4731 240 200 843 112 65 731 685 40 47 4705 46
is_linear=0
shrinkage=0.05


Tree=280
num_leaves=21
num_cat=0
split_feature=23 19 25 16 6 4 18 18 23 3 14 7 24 5 22 19 3 5 18 23
split_gain=2.7582e-09 8.57016e-09 1.32506e-08 8.01328e-09 5.93537e-09 1.31615e-08 1.81054e-08 7.28575e-09 1.37121e-08 2.46839e-08 2.22233e-08 1.11964e-08 1.03426e-08 2.78152e-08 1.11251e-08 7.06816e-09 7.47308e-09 5.99512e-09 5.91316e-09 4.83107e-09
threshold=956.50000000000011 0.00052997500000000013 0.00066501223656836189 1016.975 0.00078558000000000002 1.5000000000000002 0.00076586999999999998 0.00073085499999999998 756.50000000000011 21.850000000000005 0.55656748448714433 31.120119917055167 0.00067178885933521029 10.350000000000003 827.50000000000011 0.00078017500000000003 33.650000000000013 11.950000000000001 0.00078439500000000012 895.50000000000011
decision_type=2 2 2 2 2 2 2 2 2 2 2 2 2 2 2 2 2 2 2 2
left_child=4 -2 -3 18 7 19 -7 12 11 -10 -11 -9 15 -14 -15 16 -1 -8 -4 -6
right_child=1 2 3 -5 5 6 17 8 9 10 -12 -13 13 14 -16 -17 -18 -19 -20 -21
leaf_value=-7.7530963545774935e-09 1.0803556672082474e-06 -1.0607995395549675e-06 5.0843853793566902e-07 1.1133218476822511e-06 -5.4298002176267342e-07 1.0024412658979066e-06 -1.2484379348620679e-06 2.6666488253113133e-07 -1.321816782688774e-06 9.4215943393343314e-08 1.8988956674093062e-06 1.9196770976815882e-06 -1.6200936245090879e-06 -5.1976101758555168e-07 8.6602699183353201e-07 7.1895555527302196e-07 7.7048807028287205e-07 -5.2338143322313868e-08 -4.3111331924492066e-07 -1.6419646733822903e-06
leaf_weight=6245 24 22 33 23 20 29 20 20 26 116 20 21 36 30 28 34 31 22 34 20
leaf_count=6245 24 22 33 23 20 29 20 20 26 116 20 21 36 30 28 34 31 22 34 20
internal_value=3.9595e-16 2.22926e-07 3.91914e-08 3.08078e-07 -4.51295e-09 -3.67102e-07 4.15577e-08 1.57868e-09 2.96484e-07 8.97514e-08 3.5961e-07 1.11333e-06 -7.76951e-09 -5.28377e-07 1.4924e-07 -1.40202e-11 -3.90901e-09 -6.21909e-07 3.1651e-08 -1.09247e-06
internal_weight=6854 136 112 90 6718 111 71 6607 203 162 136 41 6404 94 58 6310 6276 42 67 40
internal_count=6854 136 112 90 6718 111 71 6607 203 162 136 41 6404 94 58 6310 6276 42 67 40
is_linear=0
shrinkage=0.05


Tree=281
num_leaves=28
num_cat=0
split_feature=21 15 15 23 17 14 1 21 14 8 22 14 14 26 14 14 20 17 1 18 21 15 25 11 4 17 21
split_gain=2.71674e-09 1.59291e-08 3.11261e-08 2.15665e-08 2.32979e-08 2.98388e-08 1.64811e-08 1.12382e-08 2.77202e-08 2.70221e-08 1.18068e-08 7.65846e-09 2.38854e-08 1.1707e-07 3.15574e-08 1.762e-08 5.32194e-08 2.54976e-08 1.25722e-08 2.78247e-08 1.10153e-08 8.52305e-09 1.19086e-08 1.03901e-08 7.34525e-09 5.61332e-09 2.88448e-09
threshold=833.50000000000011 0.20812153622207724 -0.065537083312030994 641.50000000000011 0.92189084955981004 0.43733377705052551 695.35000000000014 802.50000000000011 0.25206111083856975 208.0148055152325 824.50000000000011 0.39036257410962044 0.31799963745711152 0.00029475561069123847 0.3504237462291826 0.50557357885840837 0.00034717500000000008 0.96145730629670978 808.85000000000002 0.00061534000000000014 781.50000000000011 -0.83849291496497236 0.00058527691978135744 16.715625000000003 3.5000000000000004 0.68656871680296128 370.50000000000006
decision_type=2 2 2 2 2 2 2 2 2 2 2 2 2 2 2 2 2 2 2 2 2 2 2 2 2 2 2
left_child=7 2 3 24 6 -6 -5 11 10 -10 -9 12 18 26 -15 16 25 -18 20 -20 -1 23 -23 -17 -2 -13 -14
right_child=1 -3 -4 4 5 -7 -8 8 9 -11 -12 15 13 14 -16 21 17 -19 19 -21 -22 22 -24 -25 -26 -27 -28
leaf_value=6.3937443927694245e-09 5.8324491939379258e-07 1.394334076233799e-06 -1.6368406814028557e-06 3.1429487042563175e-07 1.6966630413727476e-07 -7.9285750851048366e-07 1.7525806589852828e-06 1.0263304569309248e-06 1.1568569580807282e-07 -2.016679431084739e-06 -4.9063442069698639e-07 -5.488337363797157e-08 1.1683034143482121e-07 -4.3000551145377399e-06 -1.5589503185592114e-06 7.6051779003483678e-08 2.5966320372895607e-06 4.3604723277791316e-07 1.1156563331837787e-07 -2.0148205976511238e-06 -9.7291630548421273e-07 1.3239223377163415e-09 4.9228705187523212e-07 -1.5163300612641708e-06 1.9221212698994352e-06 4.2396337999673747e-07 -5.2509577145087868e-07
leaf_weight=2913 21 23 26 69 249 119 28 29 24 39 23 179 140 21 21 21 36 22 40 25 29 2474 130 20 20 93 20
leaf_count=2913 21 23 26 69 249 119 28 29 24 39 23 179 140 21 21 21 36 22 40 25 29 2474 130 20 20 93 20
internal_value=-1.72002e-16 1.0605e-07 5.03537e-08 1.37048e-07 4.01193e-08 -1.41585e-07 7.2947e-07 -9.344e-09 -4.99087e-07 -1.20435e-06 3.55365e-07 -2.36549e-10 -5.38119e-08 -5.80123e-07 -2.9295e-06 5.75528e-08 4.02049e-07 1.7771e-06 -1.84561e-08 -7.06275e-07 -3.25955e-09 1.45721e-08 2.58344e-08 -7.0072e-07 1.23636e-06 1.0884e-07 3.65896e-08
internal_weight=6854 555 532 506 465 368 97 6299 115 63 52 6184 3209 202 42 2975 330 58 3007 65 2942 2645 2604 41 41 272 160
internal_count=6854 555 532 506 465 368 97 6299 115 63 52 6184 3209 202 42 2975 330 58 3007 65 2942 2645 2604 41 41 272 160
is_linear=0
shrinkage=0.05


Tree=282
num_leaves=24
num_cat=0
split_feature=5 1 1 5 14 5 17 0 1 26 17 27 26 15 5 21 14 2 2 14 6 25 2
split_gain=2.54567e-09 1.3798e-08 2.79169e-08 2.23836e-08 1.29022e-08 1.3703e-08 2.69721e-08 2.31886e-08 8.3743e-09 1.11964e-08 7.34765e-09 2.66928e-08 2.37419e-08 3.50185e-08 1.58945e-08 1.96419e-08 6.23585e-09 5.77189e-09 2.07899e-08 5.80953e-08 1.14704e-08 1.05846e-08 9.09758e-09
threshold=16.750000000000004 852.00000000000011 813.25000000000011 19.650000000000002 0.98802474685579866 18.150000000000002 0.93864960208552273 553.50000000000011 905.15000000000009 0.00046164350660397559 0.99812272828980653 1.0000000180025095e-35 0.00024844827239407292 -0.6905596507703472 9.3500000000000032 521.50000000000011 0.46800856592688472 241.50000000000003 218.50000000000003 0.30164402523644185 0.00029753000000000006 0.00026242147329634568 199.50000000000003
decision_type=2 2 2 2 2 2 2 2 2 2 2 2 2 2 2 2 2 2 2 2 2 2 2
left_child=8 2 4 -3 5 6 -2 -7 10 -10 17 12 -12 -14 16 -16 -13 18 22 -20 -19 -22 -1
right_child=1 3 -4 -5 -6 7 -8 -9 9 -11 11 14 13 -15 15 -17 -18 20 19 -21 21 -23 -24
leaf_value=-1.2223335189097039e-08 1.3031362022294011e-07 -1.9072891373897701e-06 1.5563332713134404e-06 3.2353845639314072e-07 9.6625727687631677e-07 4.5224993197836454e-08 1.7758885970157019e-06 -8.3179210706023323e-07 1.5467779292066553e-06 6.3775523163453078e-08 2.9734716631339879e-07 1.3597291683709046e-07 -2.1355493800001569e-07 -2.7955299399439158e-06 4.1010208133229757e-07 -1.6921398275826507e-06 1.1646222299746383e-06 1.3453131354701498e-06 2.8013084728564281e-07 -1.7074403612410248e-06 -8.4682114902534528e-07 2.4206886468647325e-07 3.9334449793090515e-07
leaf_weight=5269 225 22 33 23 38 338 28 97 20 35 23 26 24 29 25 20 34 21 83 66 25 208 142
leaf_count=5269 225 22 33 23 38 338 28 97 20 35 23 26 24 29 25 20 34 21 83 66 25 208 142
internal_value=-4.85608e-16 8.35889e-08 1.34024e-07 -7.67088e-07 6.93739e-08 1.98367e-08 3.12433e-07 -1.5034e-07 -1.11083e-08 6.03049e-07 -1.67428e-08 -3.30467e-07 -1.04417e-06 -1.62633e-06 1.86116e-07 -5.24228e-07 7.18874e-07 -6.97603e-09 -1.76241e-08 -6.0027e-07 2.26108e-07 1.25235e-07 -1.58008e-09
internal_weight=6854 804 759 45 726 688 253 435 6050 55 5995 181 76 53 105 45 60 5814 5560 149 254 233 5411
internal_count=6854 804 759 45 726 688 253 435 6050 55 5995 181 76 53 105 45 60 5814 5560 149 254 233 5411
is_linear=0
shrinkage=0.05


Tree=283
num_leaves=21
num_cat=0
split_feature=23 27 15 17 17 6 23 3 8 19 9 27 3 19 23 22 20 5 23 25
split_gain=2.64673e-09 8.89968e-09 1.3856e-08 7.31202e-09 6.78005e-09 5.47364e-09 1.0705e-08 1.15157e-08 5.15516e-09 4.4824e-09 2.35498e-08 2.20896e-08 2.4369e-08 1.27205e-08 2.65355e-08 1.14291e-08 1.45248e-08 1.27773e-08 9.01896e-09 7.17861e-09
threshold=956.50000000000011 51.166666666666679 -0.59867820553660911 0.97177922917708293 0.95281825974034995 0.00078558000000000002 911.50000000000011 26.050000000000004 130.06296485160598 0.00071982000000000014 60.162677487287219 41.500000000000007 24.050000000000004 0.0007098400000000001 785.50000000000011 909.50000000000011 0.00065106500000000004 12.850000000000003 836.50000000000011 0.00068429148736670175
decision_type=2 2 2 2 2 2 2 2 2 2 2 2 2 2 2 2 2 2 2 2
left_child=5 2 3 4 -2 9 7 8 -7 13 19 12 -12 15 -15 16 -1 -17 -13 -11
right_child=1 -3 -4 -5 -6 6 -8 -9 -10 10 11 18 -14 14 -16 17 -18 -19 -20 -21
leaf_value=-9.2976421408454193e-09 3.7408098340360346e-07 1.0310543304799298e-06 -1.1369343680945306e-06 8.9538576375502998e-07 -7.6233385822801904e-07 1.0740083845511046e-06 -1.0613528239784071e-06 -7.5055506052253366e-07 -9.5289282319793972e-09 1.7975277532968905e-06 -1.3775153777172678e-06 2.9174273595592005e-07 5.1406814460895619e-08 -2.1565013206608929e-06 1.608859424114447e-07 -1.1470479113350232e-07 3.484759025567138e-07 -1.3208223656553909e-06 1.7249236372035305e-06 5.591367151866226e-07
leaf_weight=5905 35 27 21 32 21 21 36 31 23 25 39 23 127 21 30 62 298 34 21 22
leaf_count=5905 35 27 21 32 21 21 36 31 23 25 39 23 127 21 30 62 298 34 21 22
internal_value=-4.41676e-16 2.18375e-07 1.70692e-08 2.92456e-07 -5.20746e-08 -4.42081e-09 -3.52621e-07 -1.24293e-08 5.07614e-07 1.42907e-09 2.06141e-07 -2.02903e-08 -2.84304e-07 -6.85612e-09 -7.93332e-07 -4.88397e-10 7.89025e-09 -5.41871e-07 9.75761e-07 1.21786e-06
internal_weight=6854 136 109 88 56 6718 111 75 44 6607 257 210 166 6350 51 6299 6203 96 44 47
internal_count=6854 136 109 88 56 6718 111 75 44 6607 257 210 166 6350 51 6299 6203 96 44 47
is_linear=0
shrinkage=0.05


Tree=284
num_leaves=20
num_cat=0
split_feature=17 27 27 27 20 8 23 17 8 25 26 3 25 23 23 22 3 15 19
split_gain=2.62283e-09 1.15861e-08 1.82069e-08 1.02797e-08 1.23863e-08 3.53564e-08 1.3202e-08 1.01205e-08 1.91108e-08 7.37347e-09 2.43082e-08 2.72541e-08 2.14589e-08 2.11861e-08 2.0026e-08 2.36841e-08 1.91073e-08 4.56125e-08 1.46892e-08
threshold=0.95463299781813271 88.833333333333357 71.500000000000014 56.500000000000007 0.00056985000000000011 95.908509531356188 822.50000000000011 0.95169747652280057 182.90542926450641 0.0005518737206568927 0.00047646225586766671 16.150000000000002 0.00056351040490734228 805.50000000000011 829.50000000000011 769.50000000000011 19.850000000000005 -0.35846086284744721 0.00070444500000000005
decision_type=2 2 2 2 2 2 2 2 2 2 2 2 2 2 2 2 2 2 2
left_child=7 2 3 4 6 -6 -2 9 -9 10 14 -12 -11 -13 15 -1 18 -18 -14
right_child=1 -3 -4 -5 5 -7 -8 8 -10 12 11 13 16 -15 -16 -17 17 -19 -20
leaf_value=-1.7544221712019624e-08 2.8755373694966529e-07 1.2369657161755077e-06 -1.2554167161974526e-06 1.1073349359236318e-06 -1.9007621841848488e-06 -2.5330087764659354e-08 -6.3583430262713688e-07 3.5336758152482162e-07 -1.7599504424906219e-06 -1.4432298257371913e-06 -1.3947835645922169e-06 7.3945410126313726e-07 -1.4226058813922767e-07 -1.3485909873548066e-07 1.5598398692873163e-06 -1.53062521842064e-06 7.9116374390996866e-08 -1.1383686106778032e-06 1.517323488163432e-06
leaf_weight=4896 494 21 26 24 27 363 42 20 23 32 20 256 24 95 20 26 313 102 30
leaf_count=4896 494 21 26 24 27 363 42 20 23 32 20 256 24 95 20 26 313 102 30
internal_value=-1.01723e-16 7.49675e-08 4.99655e-08 8.56917e-08 5.92129e-08 -1.55168e-07 2.15199e-07 -1.27612e-08 -7.77012e-07 -7.10889e-09 1.0182e-08 4.0052e-07 -1.90475e-07 5.02817e-07 -1.9121e-08 -2.55369e-08 -1.04999e-07 -2.20121e-07 7.79731e-07
internal_weight=6854 997 976 950 926 390 536 5857 43 5814 5313 371 501 351 4942 4922 469 415 54
internal_count=6854 997 976 950 926 390 536 5857 43 5814 5313 371 501 351 4942 4922 469 415 54
is_linear=0
shrinkage=0.05


Tree=285
num_leaves=21
num_cat=0
split_feature=24 24 18 17 6 3 15 5 16 4 6 18 7 18 17 14 14 11 18 25
split_gain=2.72107e-09 1.95711e-08 1.01449e-08 1.67029e-08 1.57941e-08 1.09681e-08 9.25277e-09 7.58914e-09 7.91687e-09 6.7187e-09 5.14034e-09 2.14062e-08 4.00883e-08 1.13869e-08 1.82999e-08 8.84986e-09 1.74399e-08 1.10674e-08 8.48191e-09 8.35386e-09
threshold=0.00069681105718388044 0.00069292071768410212 0.00075582000000000004 0.98182638769519159 0.00070195500000000009 28.950000000000003 -0.53495380374625956 11.350000000000003 993.6500000000002 1.0000000180025095e-35 0.00070488000000000007 0.00063540500000000024 29.430107615151126 0.00071433500000000008 0.89081870134868524 0.89787622492179153 0.69056404122701587 43.328125000000007 0.00070609000000000015 0.00055722847962715754
decision_type=2 2 2 2 2 2 2 2 2 2 2 2 2 2 2 2 2 2 2 2
left_child=1 10 3 5 -4 -2 7 9 -9 -6 13 12 -12 18 -15 16 -13 -17 19 -1
right_child=2 -3 4 -5 6 -7 -8 8 -10 -11 11 15 -14 14 -16 17 -18 -19 -20 -21
leaf_value=1.9327575727597801e-08 2.0696780622875805e-06 -1.3756576340011425e-06 -9.9316775638109389e-07 -3.7982182402629409e-07 8.5037289178697192e-07 5.3333717230631146e-07 9.6932985551726837e-07 6.8428580879151214e-08 -1.0005767621648908e-06 -8.5711195721359686e-08 -2.8821477860674351e-06 5.6200283065106467e-08 -1.0918454464562304e-08 -6.5155547633223345e-08 1.6026352130501406e-06 1.3884206014302476e-06 -1.2104163888028725e-06 -9.1829328750593832e-08 -1.026639378096661e-06 -2.2697032363638968e-07
leaf_weight=5800 21 26 35 25 36 26 30 43 29 41 20 154 31 38 29 23 33 28 20 366
leaf_count=5800 21 26 35 25 36 26 30 43 29 41 20 154 31 38 29 23 33 28 20 366
internal_value=7.30309e-16 -6.57406e-09 1.50974e-07 6.64368e-07 -2.1757e-08 1.21979e-06 1.68184e-07 6.87898e-09 -3.62143e-07 3.51939e-07 -1.13289e-09 -2.07294e-07 -1.13689e-06 8.39541e-09 6.56724e-07 -8.09431e-09 -1.6732e-07 5.75734e-07 1.37343e-09 4.70788e-09
internal_weight=6854 6568 286 72 214 47 179 149 72 77 6542 289 51 6253 67 238 187 51 6186 6166
internal_count=6854 6568 286 72 214 47 179 149 72 77 6542 289 51 6253 67 238 187 51 6186 6166
is_linear=0
shrinkage=0.05


Tree=286
num_leaves=20
num_cat=0
split_feature=7 5 18 25 25 26 14 2 1 7 3 7 26 5 22 3 3 5 25
split_gain=2.6378e-09 6.33203e-09 7.00473e-09 5.13937e-09 2.08252e-08 1.31955e-08 2.7831e-08 2.62235e-08 2.33067e-08 1.0881e-08 8.36661e-09 7.59697e-09 9.12621e-09 2.16587e-08 1.36628e-08 4.83439e-09 3.63116e-09 5.02583e-09 9.12391e-09
threshold=14.833017467908734 16.650000000000002 0.00065175000000000009 0.00068070483343839075 0.00068954845129393083 0.00067721665555572094 0.85226249403558707 195.50000000000003 777.4000000000002 28.506869923634955 34.45000000000001 16.561996859668579 0.00067495304033764853 12.750000000000002 897.50000000000011 28.750000000000004 31.850000000000005 8.1500000000000004 0.00076328470760311112
decision_type=2 2 2 2 2 2 2 2 2 2 2 2 2 2 2 2 2 2 2
left_child=1 2 -1 10 -5 6 9 8 -7 -6 11 -2 14 -14 -13 -9 17 -4 -19
right_child=3 -3 16 4 5 7 -8 15 -10 -11 -12 12 13 -15 -16 -17 -18 18 -20
leaf_value=9.6086951337781569e-07 -7.6882014887758032e-07 -5.570467820916747e-07 6.3082276027988842e-07 -1.305589751154912e-06 4.8198552567514848e-07 -2.4993970870923481e-06 -9.1887341278790349e-07 1.0649462459306441e-06 -4.1745607821284715e-07 1.794322501651054e-06 8.6584072330911764e-07 2.2484428926063063e-09 -1.7395997373468063e-07 1.1065439602335858e-06 -7.3783304943317623e-07 -2.1250053023891268e-08 6.3052893789839309e-07 1.5959818501766099e-07 -1.0087896612276383e-06
leaf_weight=32 32 25 24 38 56 20 31 21 41 22 28 6160 72 61 63 20 29 55 24
leaf_count=32 32 25 24 38 56 20 31 21 41 22 28 6160 72 61 63 20 29 55 24
internal_value=1.42322e-16 1.84199e-07 2.97194e-07 -5.22336e-09 -2.28096e-07 -3.40453e-08 3.48451e-07 -4.42792e-07 -1.10006e-06 8.52132e-07 3.42617e-09 -3.53985e-10 3.51494e-09 4.13339e-07 -5.24395e-09 5.35094e-07 1.36303e-07 -2.84763e-09 -1.95355e-07
internal_weight=6854 189 164 6665 249 211 109 102 61 78 6416 6388 6356 133 6223 41 132 103 79
internal_count=6854 189 164 6665 249 211 109 102 61 78 6416 6388 6356 133 6223 41 132 103 79
is_linear=0
shrinkage=0.05


Tree=287
num_leaves=23
num_cat=0
split_feature=21 15 15 17 21 26 2 14 21 3 2 24 18 22 11 25 6 6 18 7 8 11
split_gain=2.64867e-09 1.41967e-08 2.71455e-08 1.84917e-08 1.87153e-08 1.72979e-08 1.7444e-08 1.60729e-08 9.58342e-09 2.74257e-08 1.65975e-08 7.60004e-09 2.20478e-08 3.81655e-08 1.70478e-08 1.32054e-08 2.09693e-08 1.07759e-08 2.27138e-08 1.05919e-08 6.40322e-09 3.79175e-09
threshold=833.50000000000011 0.20812153622207724 -0.065537083312030994 0.92189084955981004 868.00000000000011 0.00039081062986754002 231.50000000000003 0.25206111083856975 802.50000000000011 23.850000000000005 140.50000000000003 0.0005810352762575864 0.00063540500000000024 724.50000000000011 53.781250000000007 0.00040614278541926496 0.00067115000000000002 0.00072017000000000012 0.00067164500000000012 37.024836368983529 247.9105499285366 55.209375000000001
decision_type=2 2 2 2 2 2 2 2 2 2 2 2 2 2 2 2 2 2 2 2 2 2
left_child=8 2 3 5 21 -2 -7 -6 11 10 -10 14 13 -13 17 -14 -17 19 -19 -1 -11 -5
right_child=1 -3 -4 4 7 6 -8 -9 9 20 -12 12 15 -15 -16 16 -18 18 -20 -21 -22 -23
leaf_value=3.5840672799722902e-07 2.05735088570691e-06 1.3209250724962065e-06 -1.523486779958078e-06 1.4072492386612398e-06 1.4544756431660667e-07 1.1516558366153618e-06 -3.2499525204343627e-07 -5.3022377710446974e-07 -3.2398736683110963e-07 -1.7939658883352967e-07 -2.101548432557169e-06 -2.7080611239991576e-06 9.0398994814222541e-07 -1.9886497266123763e-08 1.1109798841906533e-06 -1.6825707093847174e-06 3.7039153836730631e-09 -1.4000579064868334e-06 2.4479878172928165e-07 -8.3050191004192607e-10 8.5034234565192983e-07 4.6591242714555391e-07
leaf_weight=213 20 23 26 23 213 40 40 150 24 36 29 23 32 31 35 21 151 41 43 5594 26 20
leaf_count=213 20 23 26 23 213 40 40 150 24 36 29 23 32 31 35 21 151 41 43 5594 26 20
internal_value=2.57532e-16 1.04713e-07 5.21326e-08 1.33093e-07 -1.69169e-08 7.42134e-07 4.1333e-07 -1.33755e-07 -9.2262e-09 -4.61478e-07 -1.29662e-06 -8.15949e-10 -2.66469e-07 -1.16485e-06 1.07498e-08 -2.86618e-08 -2.02178e-07 4.213e-09 -5.58048e-07 1.23463e-08 2.52429e-07 9.69418e-07
internal_weight=6854 555 532 506 406 100 80 363 6299 115 53 6184 258 54 5926 204 172 5891 84 5807 62 43
internal_count=6854 555 532 506 406 100 80 363 6299 115 53 6184 258 54 5926 204 172 5891 84 5807 62 43
is_linear=0
shrinkage=0.05


Tree=288
num_leaves=19
num_cat=0
split_feature=17 24 21 6 26 3 6 2 6 14 15 21 21 17 5 23 23 27
split_gain=2.75149e-09 1.18745e-08 2.50789e-08 1.70243e-08 1.53962e-08 1.62909e-08 2.36149e-08 1.7148e-08 1.38744e-08 1.36613e-08 2.2014e-08 5.75849e-09 8.4931e-09 7.28087e-09 1.9581e-08 7.58662e-09 8.37128e-09 7.33767e-09
threshold=0.96593365067163883 0.00059487428502773591 658.50000000000011 0.00064320000000000013 0.00069466358981070959 26.150000000000002 0.00045036500000000004 114.50000000000001 0.0005435450000000002 0.97314989601849466 -0.39036009226888674 969.50000000000011 948.50000000000011 0.96145730629670978 11.550000000000002 966.50000000000011 911.50000000000011 51.166666666666679
decision_type=2 2 2 2 2 2 2 2 2 2 2 2 2 2 2 2 2 2
left_child=11 3 -3 4 5 7 -7 -2 -4 10 -10 12 13 15 -15 16 -1 -17
right_child=1 2 8 -5 -6 6 -8 -9 9 -11 -12 -13 -14 14 -16 17 -18 -19
leaf_value=-3.1539703333581378e-09 4.8359993537771774e-08 -1.8324035907079678e-06 -1.2148958806234157e-06 1.278982034591536e-06 1.5102690446155976e-06 4.1092893054736935e-08 -1.47412873698411e-06 8.3566064680307498e-07 -7.9825057754503674e-08 -1.1854533226340893e-06 1.1053997003500626e-06 7.3086923114610381e-07 -1.0186174677073723e-06 3.9751828951309642e-07 -1.3833318310692753e-06 1.1978335857249124e-07 -4.6685292427596465e-07 1.34817938832299e-06
leaf_weight=5780 241 21 23 36 20 90 36 97 181 20 50 26 21 29 33 31 99 20
leaf_count=5780 241 21 23 36 20 90 36 97 181 20 50 26 21 29 33 31 99 20
internal_value=9.13731e-17 8.62353e-08 -1.67154e-07 2.29985e-07 1.51961e-07 9.34129e-08 -3.91828e-07 2.74301e-07 -3.95256e-08 6.81776e-08 1.76717e-07 -1.1638e-08 -1.48486e-08 -1.13307e-08 -5.50354e-07 -5.69503e-09 -1.09625e-08 6.01507e-07
internal_weight=6854 815 295 520 484 464 126 338 274 251 231 6039 6013 5992 62 5930 5879 51
internal_count=6854 815 295 520 484 464 126 338 274 251 231 6039 6013 5992 62 5930 5879 51
is_linear=0
shrinkage=0.05


Tree=289
num_leaves=24
num_cat=0
split_feature=17 4 3 27 26 26 15 6 23 24 17 8 25 26 14 14 7 26 6 19 20 24 26
split_gain=2.59699e-09 1.2423e-08 1.76547e-08 1.75159e-08 1.11388e-08 4.12557e-08 1.76848e-08 1.48624e-08 2.35408e-08 1.01064e-08 8.77187e-09 1.69813e-08 6.51868e-09 2.18308e-08 3.59846e-08 2.14106e-08 2.11629e-08 1.70856e-08 4.74041e-08 2.6136e-08 1.65733e-08 2.89963e-08 2.47109e-08
threshold=0.95463299781813271 78.500000000000014 22.950000000000003 64.500000000000014 0.00053420288475926803 0.00054956704983878202 -0.62587551141915865 0.00071782500000000017 798.50000000000011 0.00075916684973125717 0.95169747652280057 182.90542926450641 0.0005518737206568927 0.00047646225586766671 0.9893236546938301 -0.98523971305672675 43.714607969439832 0.00039322977622850659 0.00060489000000000007 0.00057216000000000005 0.00044023000000000006 0.00055055480078231055 0.000514022890898477
decision_type=2 2 2 2 2 2 2 2 2 2 2 2 2 2 2 2 2 2 2 2 2 2 2
left_child=10 3 -3 4 7 -6 -7 8 -2 -9 12 -12 13 17 15 -15 20 19 -19 -1 21 -14 -22
right_child=1 2 -4 -5 5 6 -8 9 -10 -11 11 -13 16 14 -16 -17 -18 18 -20 -21 22 -23 -24
leaf_value=-1.1095119829241529e-08 1.9226646293860702e-07 -1.3622296314173986e-07 1.6261412963558541e-06 -1.4327287571802572e-06 -2.3680219152311113e-06 -2.9607951604239663e-07 4.8951203297325902e-07 1.8794602808503398e-06 -1.5152622508264272e-06 3.0896980227623774e-07 3.4133054856333448e-07 -1.6507662685991978e-06 3.7455729398061525e-07 1.8339544104837214e-06 -1.1715692848798319e-06 4.1285424007809238e-07 -1.6285927983972215e-06 -1.690310142372607e-07 -2.3719799392958005e-06 1.1381578208897736e-06 8.2580079760664884e-07 -2.2032298505318219e-06 -1.8309394858720099e-07
leaf_weight=4673 520 27 30 20 20 209 109 21 21 20 20 23 20 29 34 308 24 191 28 50 73 24 360
leaf_count=4673 520 27 30 20 20 209 109 21 21 20 20 23 20 29 34 308 24 191 28 50 73 24 360
internal_value=2.39371e-16 7.45973e-08 7.91337e-07 3.11354e-08 6.29586e-08 -1.65338e-07 -2.68044e-08 1.95543e-07 1.25985e-07 1.11337e-06 -1.26982e-08 -7.2421e-07 -7.43593e-09 8.82184e-09 3.78734e-07 5.35145e-07 -1.79846e-07 -1.89478e-08 -4.50687e-07 1.07144e-09 -1.06953e-07 -1.03151e-06 -1.30031e-08
internal_weight=6854 997 57 940 920 338 318 582 541 41 5857 43 5814 5313 371 337 501 4942 219 4723 477 44 433
internal_count=6854 997 57 940 920 338 318 582 541 41 5857 43 5814 5313 371 337 501 4942 219 4723 477 44 433
is_linear=0
shrinkage=0.05


Tree=290
num_leaves=20
num_cat=0
split_feature=24 24 18 17 6 15 15 5 27 5 21 4 25 27 21 15 21 5 21
split_gain=2.71865e-09 1.71174e-08 8.79332e-09 1.47562e-08 1.42021e-08 1.01038e-08 8.11759e-09 6.52198e-09 7.7233e-09 7.71716e-09 6.07718e-09 2.06457e-08 3.62818e-08 2.80149e-08 1.44686e-08 1.16214e-08 6.5421e-09 2.50158e-08 1.072e-08
threshold=0.00069681105718388044 0.00069292071768410212 0.00075582000000000004 0.98182638769519159 0.00070195500000000009 -0.8901731938066898 -0.53495380374625956 11.350000000000003 1.1666666666666667 15.450000000000001 914.50000000000011 1.0000000180025095e-35 0.0005518737206568927 24.833333333333339 902.50000000000011 -0.42179730054635828 833.50000000000011 8.5500000000000025 802.50000000000011
decision_type=2 2 2 2 2 2 2 2 2 2 2 2 2 2 2 2 2 2 2
left_child=1 10 3 5 -4 -2 7 8 -6 -9 14 15 13 -13 16 -12 18 -18 -1
right_child=2 -3 4 -5 6 -7 -8 9 -10 -11 11 12 -14 -15 -16 -17 17 -19 -20
leaf_value=1.3582090413413247e-09 4.920804598257816e-07 -1.2869568339423355e-06 -9.3105890065154596e-07 -3.5257305313507465e-07 9.1722388505690062e-07 1.9666490165228708e-06 9.2060111796854475e-07 -7.2394035950335625e-07 -9.4666437646460302e-08 3.4530373759017259e-07 9.2138481477377365e-07 -1.3821286995607806e-06 -2.4043703582230175e-06 1.2034803665466661e-06 1.3480037839030958e-06 -5.2543869060173171e-07 -1.2280915412206511e-06 5.9814712275023856e-07 -5.3665951284945045e-07
leaf_weight=6153 26 26 35 25 33 21 30 45 44 27 35 20 26 22 20 23 22 127 94
leaf_count=6153 26 26 35 25 33 21 30 45 44 27 35 20 26 22 20 23 22 127 94
internal_value=-7.62794e-16 -6.57115e-09 1.50907e-07 6.2888e-07 -9.90691e-09 1.15093e-06 1.70207e-07 1.91205e-08 3.39001e-07 -3.22974e-07 -1.48249e-09 -3.45367e-07 -9.36465e-07 -2.7762e-08 5.27086e-09 3.47644e-07 1.07219e-09 3.28501e-07 -6.73746e-09
internal_weight=6854 6568 286 72 214 47 179 149 77 72 6542 126 68 42 6416 58 6396 149 6247
internal_count=6854 6568 286 72 214 47 179 149 77 72 6542 126 68 42 6416 58 6396 149 6247
is_linear=0
shrinkage=0.05


Tree=291
num_leaves=31
num_cat=0
split_feature=15 15 6 27 5 27 20 14 14 14 1 14 9 6 20 25 5 17 17 15 27 0 8 25 22 16 6 27 5 27
split_gain=2.6964e-09 1.68339e-08 4.04618e-08 4.53915e-08 4.65166e-08 9.8213e-09 8.10781e-09 6.63816e-09 1.09359e-08 2.60074e-08 4.48375e-08 2.8444e-08 1.73133e-08 1.06561e-08 1.55227e-08 9.77895e-09 9.66222e-09 6.12043e-09 1.97524e-08 1.61778e-08 2.74782e-08 2.34366e-08 1.98156e-08 9.92447e-09 1.8785e-08 1.05632e-08 9.24653e-09 1.53598e-09 1.76286e-10 1.50339e-10
threshold=-0.70900320270980455 -0.6523320455745395 0.00041619000000000004 34.500000000000007 10.950000000000001 84.166666666666671 0.00020605000000000002 0.69056404122701587 0.55656748448714433 0.51297097409535064 636.10000000000014 0.49812943072827093 9.6769477085079938 0.00049281500000000007 0.00066323500000000019 0.00023284315801039179 9.4500000000000011 0.95365572309673519 0.95066743866435932 -0.49812626372919411 3.5000000000000004 928.50000000000011 256.47425710635497 0.00068070483343839075 883.50000000000011 936.04000000000008 0.00056118500000000018 65.500000000000014 5.8500000000000005 0.50000000000000011
decision_type=2 2 2 2 2 2 2 2 2 2 2 2 2 2 2 2 2 2 2 2 2 2 2 2 2 2 2 2 2 2
left_child=7 2 5 4 -4 6 29 8 9 11 27 16 28 15 -15 -14 -1 18 23 20 -19 22 -21 25 -25 -3 -23 -11 -10 -2
right_child=1 17 3 -5 -6 -7 -8 -9 12 10 -12 -13 13 14 -16 -17 -18 19 -20 21 -22 26 -24 24 -26 -27 -28 -29 -30 -31
leaf_value=-1.0389534059723354e-07 1.0297460089946434e-07 -1.5227244199332912e-08 -8.2334353777469007e-07 3.8892694590231266e-07 -4.2334957322509585e-06 1.0064213086025121e-06 -9.5593711964486132e-07 -7.8110935491891584e-07 9.0880827421167187e-08 1.3690793006541451e-07 -2.7980634823424307e-06 1.7616917211545532e-06 6.4825888841824057e-07 -1.4666250954304356e-07 1.3283065532003019e-06 2.1758756681513411e-06 1.2867436860040558e-07 2.1069912413117384e-06 -1.4830464658149614e-06 3.2166823415164976e-07 -1.4879053651384312e-07 -3.7176327130813057e-07 -6.195777804881194e-07 -1.5760979621859407e-06 3.523960506744634e-07 6.2281554071639477e-07 -1.8274406863838521e-06 -4.2877297332211131e-07 -6.5174183578527196e-08 -2.5968739076869281e-08
leaf_weight=781 32 3784 20 20 20 20 27 24 22 30 22 24 20 44 30 22 1043 27 23 366 27 24 66 28 23 66 20 20 102 77
leaf_count=781 32 3784 20 20 20 20 27 24 22 30 22 24 20 44 30 22 1043 27 23 366 27 24 66 28 23 66 20 20 102 77
internal_value=-8.63167e-16 -2.14466e-08 -4.52521e-07 -1.55597e-06 -2.52842e-06 -2.81172e-08 -1.80255e-07 4.58588e-08 5.50473e-08 1.52709e-08 -9.17022e-07 5.1594e-08 3.73259e-07 8.12332e-07 4.51298e-07 1.44844e-06 2.90927e-08 -5.41321e-10 -2.2082e-08 1.58941e-07 9.791e-07 6.58977e-08 1.77867e-07 -1.34683e-08 -7.06385e-07 -4.28937e-09 -1.03343e-06 -8.93644e-08 -3.7487e-08 1.18862e-08
internal_weight=6854 4670 216 60 40 156 136 2184 2160 1920 72 1848 240 116 74 42 1824 4454 3924 530 54 476 432 3901 51 3850 44 50 124 109
internal_count=6854 4670 216 60 40 156 136 2184 2160 1920 72 1848 240 116 74 42 1824 4454 3924 530 54 476 432 3901 51 3850 44 50 124 109
is_linear=0
shrinkage=0.05


Tree=292
num_leaves=21
num_cat=0
split_feature=24 24 18 17 6 17 26 11 24 17 26 23 22 5 1 27 2 1 21 1
split_gain=2.53723e-09 1.53139e-08 7.57852e-09 1.38676e-08 1.55954e-08 1.33511e-08 1.26585e-08 8.14546e-09 6.645e-09 5.69074e-09 1.54335e-08 1.27321e-08 2.17831e-08 1.90683e-08 9.61408e-09 2.09406e-08 3.11252e-08 9.68697e-09 9.93461e-09 8.25084e-09
threshold=0.00069681105718388044 0.00068954845129393083 0.00075582000000000004 0.99759166573628077 0.00070195500000000009 0.98182638769519159 0.00075506969401958033 55.537500000000009 0.00078054733479616695 0.96593365067163883 0.00072945381651665596 748.50000000000011 732.50000000000011 12.850000000000003 783.85000000000002 0.50000000000000011 127.50000000000001 770.30000000000007 742.50000000000011 852.00000000000011
decision_type=2 2 2 2 2 2 2 2 2 2 2 2 2 2 2 2 2 2 2 2
left_child=1 9 5 4 -4 7 8 -2 -6 14 11 13 -13 -11 17 19 -17 18 -1 -16
right_child=2 -3 3 -5 6 -7 -8 -9 -10 10 -12 12 -14 -15 15 16 -18 -19 -20 -21
leaf_value=6.0638668482636572e-09 1.8508850794773934e-06 -9.9419088530502886e-07 -1.1869167644225816e-06 1.1855493526850711e-06 4.8419053668702359e-07 -3.4404187834979897e-07 -8.5440660915346889e-07 5.1957293766815002e-07 -3.2060104751557057e-07 5.572054255769666e-09 1.3582142648829178e-06 -1.8386967177602423e-06 -5.924141467068311e-08 6.8386962143136015e-07 1.0525022715988787e-06 -1.3927048443859612e-06 1.3077153414909141e-07 8.7698627519862097e-07 -2.9486712668325108e-07 -2.6758618844269226e-07
leaf_weight=5376 20 39 30 22 96 25 31 27 35 363 25 21 95 145 29 73 62 31 289 20
leaf_count=5376 20 39 30 22 96 25 31 27 35 363 25 21 95 145 29 73 62 31 289 20
internal_value=1.25594e-16 -6.34811e-09 1.45784e-07 -3.50826e-09 -1.39754e-07 5.89516e-07 5.41645e-08 1.08609e-06 2.6917e-07 -4.47375e-10 1.40059e-07 9.12551e-08 -3.81384e-07 1.99181e-07 -1.59557e-08 -3.71678e-07 -6.93034e-07 -4.46466e-09 -9.28813e-09 5.13691e-07
internal_weight=6854 6568 286 214 192 72 162 47 131 6529 649 624 116 508 5880 184 135 5696 5665 49
internal_count=6854 6568 286 214 192 72 162 47 131 6529 649 624 116 508 5880 184 135 5696 5665 49
is_linear=0
shrinkage=0.05


Tree=293
num_leaves=15
num_cat=0
split_feature=15 15 0 18 15 15 6 22 15 7 15 14 8 5
split_gain=2.56679e-09 1.02006e-08 1.39016e-08 6.10588e-09 5.34274e-09 2.37248e-08 4.79741e-08 1.51372e-08 4.46295e-09 1.43794e-08 1.05564e-08 7.87978e-10 3.48138e-10 4.24167e-11
threshold=0.98045953152007548 0.97311896095856321 71.500000000000014 0.00028252000000000003 0.95499258812111987 0.93842613001991437 0.00015203500000000004 285.50000000000006 0.63255009372278048 62.286836437347731 0.60553543375389329 0.16799745313369893 211.00611356990149 10.850000000000003
decision_type=2 2 2 2 2 2 2 2 2 2 2 2 2 2
left_child=1 4 -3 11 5 8 13 12 10 -10 -1 -2 -6 -7
right_child=3 2 -4 -5 7 6 -8 -9 9 -11 -12 -13 -14 -15
leaf_value=-2.5212931484217359e-09 -1.3437536343881249e-07 -1.0796558217293243e-08 -1.736748457688009e-06 9.473921392573934e-07 1.4314831767810926e-07 2.5229624271242797e-08 -2.7903231353854571e-06 1.5584037425599362e-06 4.9941189145748861e-07 -6.4241912421608746e-09 -7.471031692555623e-07 1.9657155698484171e-07 -7.2473549638117799e-08 -6.7829866516433417e-08
leaf_weight=5750 37 28 20 24 39 24 23 21 188 556 48 35 36 25
leaf_count=5750 37 28 20 24 39 24 23 21 188 556 48 35 36 25
internal_value=-6.66462e-17 -3.64687e-09 -7.29943e-07 2.56724e-07 1.5487e-09 -3.8265e-09 -9.06495e-07 3.71877e-07 6.1081e-09 1.21395e-07 -8.68548e-09 2.65016e-08 3.96498e-08 -2.22497e-08
internal_weight=6854 6758 48 96 6710 6614 72 96 6542 744 5798 72 75 49
internal_count=6854 6758 48 96 6710 6614 72 96 6542 744 5798 72 75 49
is_linear=0
shrinkage=0.05


Tree=294
num_leaves=13
num_cat=0
split_feature=5 5 3 14 14 7 8 23 5 14 9 26
split_gain=2.54617e-09 3.88676e-09 2.89958e-09 1.20996e-08 2.36924e-08 1.00979e-08 1.32908e-08 1.75594e-08 1.58828e-08 9.61558e-09 3.83076e-09 8.49095e-10
threshold=28.450000000000003 24.650000000000002 20.050000000000004 0.99761913169647187 0.98802474685579866 73.863124914161844 258.34228219437153 420.50000000000006 6.2500000000000009 0.73865729060996166 14.889396289071593 5.1697601086767813e-05
decision_type=2 2 2 2 2 2 2 2 2 2 2 2
left_child=1 2 5 4 9 6 8 -8 -1 -4 11 -7
right_child=-2 -3 3 -5 -6 10 7 -9 -10 -11 -12 -13
leaf_value=6.8410733849464965e-07 -5.4971496534032373e-07 4.9941374486596225e-07 -1.0796229006540913e-09 -1.2638146526455785e-06 1.5686648349282738e-06 -1.0810096022430438e-08 2.2927018476007347e-07 1.9567922815137233e-06 1.9055591490032463e-08 -2.406633506815988e-07 -5.8291290754603892e-07 1.2540319085486517e-07
leaf_weight=108 21 39 2430 20 23 2965 38 24 532 506 29 119
leaf_count=108 21 39 2430 20 23 2965 38 24 532 506 29 119
internal_value=7.70798e-17 1.68945e-09 -1.16767e-09 -3.81323e-08 -2.98479e-08 2.76967e-08 1.98998e-07 8.97988e-07 1.31283e-07 -4.23703e-08 -1.09327e-08 -5.55414e-09
internal_weight=6854 6833 6794 2979 2959 3815 702 62 640 2936 3113 3084
internal_count=6854 6833 6794 2979 2959 3815 702 62 640 2936 3113 3084
is_linear=0
shrinkage=0.05


Tree=295
num_leaves=28
num_cat=0
split_feature=21 15 14 26 17 21 9 22 20 21 3 6 14 14 26 14 14 20 17 1 18 1 15 3 25 17 21
split_gain=2.57561e-09 1.16398e-08 2.36117e-08 1.57263e-08 2.12593e-08 1.12736e-08 1.1866e-08 2.01615e-08 1.2236e-08 8.03164e-09 1.35738e-08 7.87497e-09 5.40734e-09 2.03326e-08 1.02591e-07 2.66007e-08 1.36138e-08 3.85541e-08 4.71894e-08 1.18495e-08 2.35564e-08 9.95232e-09 6.30392e-09 1.04343e-08 9.03353e-09 3.17496e-09 2.33602e-09
threshold=833.50000000000011 0.20812153622207724 0.90892735371523092 0.00055178303684198587 0.9644616069287496 858.50000000000011 50.055519368149369 775.50000000000011 0.00069333500000000011 824.50000000000011 23.850000000000005 0.00059955000000000002 0.39036257410962044 0.31799963745711152 0.00029475561069123847 0.3504237462291826 0.50557357885840837 0.00030416000000000004 0.97629675412161909 808.85000000000002 0.00061534000000000014 788.00000000000011 -0.83849291496497236 16.750000000000004 0.00058527691978135744 0.72221371019589653 370.50000000000006
decision_type=2 2 2 2 2 2 2 2 2 2 2 2 2 2 2 2 2 2 2 2 2 2 2 2 2 2 2
left_child=9 2 5 4 -4 11 7 -7 -8 12 -11 -2 13 19 26 -16 17 25 -19 21 -21 -1 23 -18 -24 -14 -15
right_child=1 -3 3 -5 -6 6 8 -9 -10 10 -12 -13 16 14 15 -17 22 18 -20 20 -22 -23 24 -25 -26 -27 -28
leaf_value=-1.0861451410072594e-08 1.6342108427211534e-06 1.2045140220814813e-06 -1.7117747837311562e-07 2.8294047681881171e-07 -2.1401545922117293e-06 2.0596586567636324e-07 5.3604850169077358e-07 -1.6649318920277285e-06 -6.6300155362031462e-08 -1.636415158827731e-06 2.0571754049569794e-07 3.8812539528976234e-07 -5.4220520408270581e-08 1.143404439212554e-07 -3.9928034162190197e-06 -1.4761572315148356e-06 1.4984144678981632e-07 2.2535065759094715e-06 -4.1605459409765899e-07 1.2173054813047203e-07 -1.7498975938286972e-06 9.5348571752159243e-07 -6.1907213889264839e-09 -1.4281343564448435e-06 4.0377392748312644e-07 3.3174593956649312e-07 -4.6334237730150107e-07
leaf_weight=2943 21 23 26 26 29 36 161 24 177 20 20 32 184 140 21 21 22 49 25 40 29 27 2501 20 142 75 20
leaf_count=2943 21 23 26 26 29 36 161 24 177 20 20 32 184 140 21 21 22 49 25 40 29 27 2501 20 142 75 20
internal_value=4.6232e-16 1.03259e-07 5.56483e-08 -7.30354e-07 -1.20937e-06 1.96815e-07 1.05591e-07 -5.42393e-07 2.20617e-07 -9.09806e-09 -7.15349e-07 8.81857e-07 -4.58456e-09 -4.94311e-08 -5.35185e-07 -2.73448e-06 4.35757e-08 3.4512e-07 1.35163e-06 -1.71435e-08 -6.64896e-07 -2.09466e-09 6.17755e-09 -6.01576e-07 1.58354e-08 5.75458e-08 4.21301e-08
internal_weight=6854 555 532 81 55 451 398 60 338 6299 40 53 6259 3241 202 42 3018 333 74 3039 69 2970 2685 42 2643 259 160
internal_count=6854 555 532 81 55 451 398 60 338 6299 40 53 6259 3241 202 42 3018 333 74 3039 69 2970 2685 42 2643 259 160
is_linear=0
shrinkage=0.05


Tree=296
num_leaves=23
num_cat=0
split_feature=14 14 26 3 15 24 14 25 24 25 21 3 2 2 17 2 25 2 19 13 21 7
split_gain=2.53198e-09 2.43865e-08 3.87646e-08 1.68029e-08 1.48576e-08 8.33953e-08 1.28295e-08 1.85673e-08 6.92392e-09 2.56893e-08 1.37141e-08 6.15698e-09 5.60333e-09 1.94556e-08 2.26644e-08 1.87406e-08 1.31824e-08 1.06307e-08 5.44751e-09 2.70543e-09 1.87159e-09 1.80687e-10
threshold=-0.7217484125045438 -0.74512825849743647 0.00020728104991490342 31.850000000000005 0.2499757677084001 0.00027779707686669761 -0.6850858595978212 0.00018010482762265874 0.00044778728179642631 0.00047725081633004759 606.50000000000011 33.650000000000013 220.50000000000003 197.50000000000003 0.91378412153910782 224.50000000000003 0.0005997891692007053 194.50000000000003 0.00077376500000000015 -0.78656609248549325 137.50000000000003 109.62182897068858
decision_type=2 2 2 2 2 2 2 2 2 2 2 2 2 2 2 2 2 2 2 2 2 2
left_child=1 3 -3 4 8 20 7 21 9 -1 -10 12 13 17 -15 -14 -17 -8 19 -13 -6 -2
right_child=6 2 -4 -5 5 -7 11 -9 10 -11 -12 18 15 14 -16 16 -18 -19 -20 -21 -22 -23
leaf_value=1.0074070587420278e-08 1.2969438550669566e-07 3.4970999366176359e-08 -2.8471638902516362e-06 1.4186585181619194e-06 -3.9991438146442432e-08 -3.3526874708720494e-06 1.3722220660242647e-09 1.6568890116716298e-06 1.0647011717559336e-06 -1.0300944220417144e-06 7.7257544633123911e-08 1.13061812597785e-06 -1.3641627714928145e-06 9.0546704037734347e-07 -3.8829820357659147e-07 1.4161572572390924e-07 -5.2473812437247929e-07 -1.0324669538022136e-06 -2.1395768086533581e-07 4.1968211412779515e-07 5.009744574820052e-07 -7.5794478465488052e-08
leaf_weight=1027 20 28 20 20 67 22 4620 29 42 63 216 23 31 121 47 224 111 25 22 32 21 23
leaf_count=1027 20 28 20 20 67 22 4620 29 42 63 216 23 31 121 47 224 111 25 22 32 21 23
internal_value=-1.36525e-16 -5.67849e-08 -1.16592e-06 -2.07644e-08 -4.05095e-08 -5.99255e-07 1.62639e-08 6.79172e-07 5.08546e-09 -5.00458e-08 2.38004e-07 7.18292e-09 5.84366e-10 1.49261e-08 5.43521e-07 -1.88014e-07 -7.91761e-08 -4.19204e-09 4.51e-07 7.16983e-07 8.91027e-08 1.97817e-08
internal_weight=6854 1526 48 1478 1458 110 5328 72 1348 1090 258 5256 5179 4813 168 366 335 4645 77 55 88 43
internal_count=6854 1526 48 1478 1458 110 5328 72 1348 1090 258 5256 5179 4813 168 366 335 4645 77 55 88 43
is_linear=0
shrinkage=0.05


Tree=297
num_leaves=22
num_cat=0
split_feature=14 2 14 14 26 24 1 5 27 14 25 5 19 24 25 2 27 2 2 17 5
split_gain=2.40654e-09 4.33042e-09 3.62897e-09 2.12148e-08 3.49851e-08 1.49232e-08 2.03602e-08 1.54175e-08 1.19769e-08 1.16551e-08 1.52165e-08 5.152e-09 1.23379e-08 3.01871e-08 2.89564e-08 1.07788e-08 2.86316e-08 2.75294e-08 4.95584e-09 2.63474e-10 9.18764e-12
threshold=-0.99940763397299126 120.50000000000001 -0.7217484125045438 -0.74512825849743647 0.00020728104991490342 0.00063049318500310234 819.6500000000002 20.350000000000005 1.1666666666666667 -0.69751432184420981 0.0001532075884313231 12.65 0.0003588550000000001 0.00044324168736631673 0.00042619124051206797 214.50000000000003 99.833333333333357 199.50000000000003 187.50000000000003 0.62141582422696573 9.1500000000000004
decision_type=2 2 2 2 2 2 2 2 2 2 2 2 2 2 2 2 2 2 2 2 2
left_child=1 19 3 5 -5 6 7 -2 -7 10 -4 15 13 -13 -14 17 -17 -11 -10 20 -1
right_child=2 -3 9 4 -6 8 -8 -9 18 11 -12 12 14 -15 -16 16 -18 -19 -20 -21 -22
leaf_value=-3.351443176313751e-08 -3.1549451426854798e-08 8.1450601879851089e-07 5.9396053639257276e-09 3.3222452826870655e-08 -2.7048057108913782e-06 -3.5784735056646854e-08 -1.6615802221053854e-06 -1.3975396592784474e-06 1.7501804731658749e-06 -2.1461197582625031e-08 1.8004958368085985e-06 2.2740875875096527e-08 7.9662373401499104e-07 -1.4929124905821108e-06 4.7577367575442868e-08 -7.203543320470503e-07 6.2699385410887087e-07 1.1378506781712671e-06 6.6392034828563086e-07 2.0312017056767218e-07 9.0032424347073098e-09
leaf_weight=24 1263 25 27 28 20 36 20 21 21 3361 21 973 177 34 476 154 53 52 21 20 27
leaf_count=24 1263 25 27 28 20 36 20 21 21 3361 21 973 177 34 476 154 53 52 21 20 27
internal_value=-5.03544e-16 2.48581e-07 -3.53119e-09 -7.42552e-08 -1.10762e-06 -3.8364e-08 -7.85482e-08 -5.38904e-08 6.33434e-07 1.54507e-08 7.91058e-07 8.39968e-09 8.13356e-08 -2.84331e-08 2.50611e-07 -2.50461e-08 -3.75381e-07 -3.79808e-09 1.20705e-06 4.93119e-08 -1.10051e-08
internal_weight=6854 96 6758 1430 48 1382 1304 1284 78 5328 48 5280 1660 1007 653 3620 207 3413 42 71 51
internal_count=6854 96 6758 1430 48 1382 1304 1284 78 5328 48 5280 1660 1007 653 3620 207 3413 42 71 51
is_linear=0
shrinkage=0.05


Tree=298
num_leaves=16
num_cat=0
split_feature=23 27 15 18 5 16 3 19 23 18 20 14 24 23 20
split_gain=2.62186e-09 7.09994e-09 1.14345e-08 5.48381e-09 5.20103e-09 4.90907e-09 1.3678e-08 4.74408e-09 9.41624e-09 6.82561e-09 8.44952e-09 2.5269e-08 8.14865e-09 2.3414e-08 7.27145e-09
threshold=956.50000000000011 51.166666666666679 -0.59867820553660911 0.00077189500000000009 11.350000000000003 1016.975 24.850000000000005 0.00080633000000000018 905.50000000000011 0.00073085499999999998 0.00028252000000000003 0.98049069993378934 0.00067178885933521029 876.50000000000011 0.00077613000000000009
decision_type=2 2 2 2 2 2 2 2 2 2 2 2 2 2 2
left_child=5 2 3 -2 -5 7 -7 9 -9 12 -11 -12 14 -14 -1
right_child=1 -3 -4 4 -6 6 -8 8 -10 10 11 -13 13 -15 -16
leaf_value=-5.3892031610831917e-09 8.0985546180301071e-07 9.4321714085607603e-07 -1.0107843254878564e-06 4.7120605479416308e-07 -4.92513852786861e-07 -1.2264940636441679e-06 4.6157908543808025e-07 1.8335827317886554e-07 -1.3156604217101631e-06 1.2243500068940367e-06 3.4779861446742362e-07 -1.5188188638148858e-06 -8.8021182504598676e-07 9.4055505552086815e-07 5.3878074681282697e-07
leaf_weight=6231 32 27 21 28 28 28 21 22 20 21 194 20 76 23 62
leaf_count=6231 32 27 21 28 28 28 21 22 20 21 194 20 76 23 62
internal_value=2.98219e-16 2.17347e-07 3.75439e-08 2.87713e-07 -1.06539e-08 -4.39999e-09 -5.03034e-07 -7.36313e-10 -5.3046e-07 2.62092e-09 2.67268e-07 1.73348e-07 -7.10874e-09 -4.57205e-07 -2.79229e-11
internal_weight=6854 136 109 88 56 6718 49 6669 42 6627 235 214 6392 99 6293
internal_count=6854 136 109 88 56 6718 49 6669 42 6627 235 214 6392 99 6293
is_linear=0
shrinkage=0.05


Tree=299
num_leaves=12
num_cat=0
split_feature=5 5 3 14 14 2 4 22 2 18 14
split_gain=2.49911e-09 3.34909e-09 2.55898e-09 1.07415e-08 2.15369e-08 1.0361e-08 3.23853e-08 1.67155e-08 8.72201e-09 9.71921e-09 8.27189e-09
threshold=28.450000000000003 24.650000000000002 20.050000000000004 0.99761913169647187 0.98802474685579866 172.50000000000003 18.500000000000004 451.50000000000006 161.50000000000003 0.00049986500000000016 0.73865729060996166
decision_type=2 2 2 2 2 2 2 2 2 2 2
left_child=1 2 5 4 10 8 -7 -8 9 -1 -4
right_child=-2 -3 3 -5 -6 6 7 -9 -10 -11 -12
leaf_value=3.1585045334063408e-09 -5.4461087593099795e-07 4.6369118186143737e-07 -1.5406136104202827e-09 -1.1905532736022907e-06 1.4961658183912494e-06 2.173139286105135e-06 1.1770927575499254e-06 -3.0669626248659422e-08 -7.3876141623958786e-07 7.0524578268305054e-07 -2.2375491852363881e-07
leaf_weight=3488 21 39 2430 20 23 22 34 182 39 50 506
leaf_count=3488 21 39 2430 20 23 22 34 182 39 50 506
internal_value=-1.48821e-18 1.67376e-09 -9.78382e-10 -3.57042e-08 -2.78986e-08 2.61378e-08 3.45581e-07 1.59441e-07 4.88327e-09 1.30806e-08 -3.98378e-08
internal_weight=6854 6833 6794 2979 2959 3815 238 216 3577 3538 2936
internal_count=6854 6833 6794 2979 2959 3815 238 216 3577 3538 2936
is_linear=0
shrinkage=0.05


end of trees

feature_importances:
dia_anio_sin=852
dia_anio_cos=603
temp_ambiente=368
generacion_teorica_mw=314
ghi_lag_168h=311
generacion_horaria_estimada_mw_lag_168h=309
viento_velocidad=299
angulo_cenital_solar=299
generacion_horaria_estimada_mw_lag_24h=296
indice_cielo_despejado=266
dhi=262
generacion_teorica_mw_lag_24h=248
ghi_lag_1h=212
dni=209
generacion_teorica_mw_lag_168h=209
ghi=190
generacion_horaria_estimada_mw_lag_1h=189
generacion_teorica_mw_lag_1h=186
ghi_lag_24h=182
nubosidad_media_movil=182
temp_panel=175
elevacion_solar=172
nubosidad=133
azimut_solar=126
ghi_cielo_despejado=90
hora_cos=73
hora_sin=28

parameters:
[boosting: gbdt]
[objective: regression]
[metric: l2]
[tree_learner: serial]
[device_type: cpu]
[data_sample_strategy: bagging]
[data: ]
[valid: ]
[num_iterations: 300]
[learning_rate: 0.05]
[num_leaves: 31]
[num_threads: 12]
[seed: 42]
[deterministic: 0]
[force_col_wise: 0]
[force_row_wise: 0]
[histogram_pool_size: -1]
[max_depth: 6]
[min_data_in_leaf: 20]
[min_sum_hessian_in_leaf: 0.001]
[bagging_fraction: 0.8]
[pos_bagging_fraction: 1]
[neg_bagging_fraction: 1]
[bagging_freq: 0]
[bagging_seed: 400]
[bagging_by_query: 0]
[feature_fraction: 0.8]
[feature_fraction_bynode: 1]
[feature_fraction_seed: 30056]
[extra_trees: 0]
[extra_seed: 12879]
[early_stopping_round: 0]
[early_stopping_min_delta: 0]
[first_metric_only: 0]
[max_delta_step: 0]
[lambda_l1: 0]
[lambda_l2: 0]
[linear_lambda: 0]
[min_gain_to_split: 0]
[drop_rate: 0.1]
[max_drop: 50]
[skip_drop: 0.5]
[xgboost_dart_mode: 0]
[uniform_drop: 0]
[drop_seed: 17869]
[top_rate: 0.2]
[other_rate: 0.1]
[min_data_per_group: 100]
[max_cat_threshold: 32]
[cat_l2: 10]
[cat_smooth: 10]
[max_cat_to_onehot: 4]
[top_k: 20]
[monotone_constraints: ]
[monotone_constraints_method: basic]
[monotone_penalty: 0]
[feature_contri: ]
[forcedsplits_filename: ]
[refit_decay_rate: 0.9]
[cegb_tradeoff: 1]
[cegb_penalty_split: 0]
[cegb_penalty_feature_lazy: ]
[cegb_penalty_feature_coupled: ]
[path_smooth: 0]
[interaction_constraints: ]
[verbosity: -1]
[saved_feature_importance_type: 0]
[use_quantized_grad: 0]
[num_grad_quant_bins: 4]
[quant_train_renew_leaf: 0]
[stochastic_rounding: 1]
[linear_tree: 0]
[max_bin: 255]
[max_bin_by_feature: ]
[min_data_in_bin: 3]
[bin_construct_sample_cnt: 200000]
[data_random_seed: 175]
[is_enable_sparse: 1]
[enable_bundle: 1]
[use_missing: 1]
[zero_as_missing: 0]
[feature_pre_filter: 1]
[pre_partition: 0]
[two_round: 0]
[header: 0]
[label_column: ]
[weight_column: ]
[group_column: ]
[ignore_column: ]
[categorical_feature: ]
[forcedbins_filename: ]
[precise_float_parser: 0]
[parser_config_file: ]
[objective_seed: 16083]
[num_class: 1]
[is_unbalance: 0]
[scale_pos_weight: 1]
[sigmoid: 1]
[boost_from_average: 1]
[reg_sqrt: 0]
[alpha: 0.9]
[fair_c: 1]
[poisson_max_delta_step: 0.7]
[tweedie_variance_power: 1.5]
[lambdarank_truncation_level: 30]
[lambdarank_norm: 1]
[label_gain: ]
[lambdarank_position_bias_regularization: 0]
[eval_at: ]
[multi_error_top_k: 1]
[auc_mu_weights: ]
[num_machines: 1]
[local_listen_port: 12400]
[time_out: 120]
[machine_list_filename: ]
[machines: ]
[gpu_platform_id: -1]
[gpu_device_id: -1]
[gpu_device_id_list: ]
[gpu_use_dp: 0]
[num_gpu: 1]

end of parameters

pandas_categorical:[]
